:020000040800F2
:10000000C072072489030008452D0008412D00080F
:10001000B51E0090310600083532000800000000CF
:100020000000000000000000000000001D00009023
:100030003506000800000000790000902931000812
:10004000A3030008A3030008A3030008A3030008F8
:10005000A3030008A3030008A3030008A3030008E8
:10006000A3030008A3030008A3030008A3030008D8
:10007000A3030008A3030008A3030008A3030008C8
:10008000A3030008A3030008A3030008A3030008B8
:10009000A3030008A3030008A3030008A3030008A8
:1000A000A3030008A3030008A3030008A303000898
:1000B000A3030008A3030008A3030008A303000888
:1000C000A3030008A3030008A3030008A303000878
:1000D000A3030008E5310008A3030008A3030008F8
:1000E000A3030008A303000800000000A303000806
:1000F000A3030008A3030008A3030008A303000848
:10010000A3030008A3030008A3030008A303000837
:10011000A3030008A3030008551F0090A3030008D1
:10012000A3030008A3030008A3030008A303000817
:10013000A3030008A3030008A3030008A303000807
:1001400000000000000000000000000000000000AF
:10015000A3030008A3030008A3030008A3030008E7
:10016000A3030008A3030008A3030008A3030008D7
:10017000A3030008A3030008A3030008A3030008C7
:10018000A3030008A3030008A3030008A3030008B7
:10019000A3030008A3030008A3030008A3030008A7
:1001A000A3030008A3030008A3030008A303000897
:1001B000A3030008A3030008A3030008A303000887
:1001C000A3030008A3030008A3030008A303000877
:1001D000A3030008A3030008A3030008A303000867
:1001E000A3030008A3030008A3030008A303000857
:1001F000A3030008A3030008A3030008A303000847
:10020000A3030008A3030008A3030008A303000836
:10021000A3030008A3030008A3030008A303000826
:10022000A3030008A3030008A303000800000000C4
:10023000A3030008A303000800000000A3030008B4
:10024000A3030008A3030008A3030008A3030008F6
:10025000A3030008A3030008A3030008A3030008E6
:10026000A3030008A3030008A3030008A3030008D6
:10027000A3030008A3030008A30300080000000074
:10028000A3030008A3030008A30300080000000064
:1002900000000000A303000800F002F800F064F87A
:1002A0000AA090E8000C82448344AAF10107DA45D1
:1002B00001D100F059F8AFF2090EBAE80F0013F0BF
:1002C000010F18BFFB1A43F001031847DC4300007D
:1002D000FC4300000A444FF0000C10F8013B13F0FF
:1002E000070408BF10F8014B1D1108BF10F8015B8F
:1002F000641E05D010F8016B641E01F8016BF9D182
:1003000013F0080F1EBF10F8014BAD1C0C1B09D1D8
:100310006D1E58BF01F801CBFAD505E014F8016B4A
:1003200001F8016B6D1EF9D59142D6D370470000DC
:100330000023002400250026103A28BF78C1FBD8EE
:10034000520728BF30C148BF0B6070471FB504F08B
:100350009DF900F0B5F804000020002104F080F9B8
:10036000E0601FBD10B510BD00F0B2F81146FFF7F8
:10037000EDFF02F0D9FF00F0D0F803B4FFF7F2FF71
:1003800003BC02F075FF0000094880470948004798
:10039000FEE7FEE7FEE7FEE7FEE7FEE7FEE7FEE735
:1003A000FEE7FEE704480549054A064B7047000092
:1003B0003D31000899020008C0680724C072072474
:1003C000C06A0724C06A0724704753EA020C00F091
:1003D00069802DE9F04B4FF00006002B1FBFB3FAE8
:1003E00083F503FA05F424FA05F65E4012BF1643BE
:1003F000B2FA82F502FA05F4C5F120051EBF22FA11
:1004000005FC44EA0C04203556EA044C4FEA144437
:1004100018BF641C4FF000084FF00009904271EBC8
:10042000030C39D3002919BFB1FA81F701FA07F695
:10043000B0FA80F700FA07F6C7F120071EBF20FACE
:1004400007FC46EA0C062037B6FBF4FCA7EB0507D1
:10045000103F07F01F0BCBF120060CFA0BFB2CFA18
:1004600006F644BFB3460026202FA4BF5E464FF0D9
:10047000000B5BEA060C08BF4FF0010B19EB0B09F0
:10048000ABFB027C48EB0608C01B06FB02CC0BFB57
:1004900003CC71EB0C01C1E70B46024641464846CE
:1004A000BDE8F08B13B54FF000004FF00001AFF343
:1004B0000080BDE81C407047704770477047704728
:1004C000004870477C680724004870475C68072430
:1004D0007546FFF7F9FFAE4605006946534620F022
:1004E0000700854618B020B5FFF75CFFBDE8204047
:1004F0004FF000064FF000074FF000084FF0000BE0
:1005000021F00701AC46ACE8C009ACE8C009ACE892
:10051000C009ACE8C0098D46704710B50446AFF37A
:1005200000802046BDE81040FFF727BF46F6D56C97
:10053000C9F2030C604741F6F12CC9F2000C604788
:1005400041F6DF2CC9F2000C604741F6755CC9F238
:10055000000C604749F23D4CC9F2010C604740F283
:10056000091CC9F2030C604748F6E50CC9F2010CFE
:10057000604746F2010CC9F2010C604740F2B93CF9
:10058000C9F2030C60474FF6D11CC9F2020C604758
:1005900046F62B0CC9F2030C604746F6730CC9F201
:1005A000030C604746F6C10CC9F2030C604746F6DF
:1005B000611CC9F2030C604746F6E51CC9F2030C46
:1005C000604740F2415CC9F2000C604740F2E10C28
:1005D000C9F2000C604746F66D0CC9F2030C604787
:1005E00041F2F51CC9F2030C604746F6530CC9F200
:1005F000030C604741F6FD4CC9F2000C604746F61B
:10060000A70CC9F2030C604747F2192CC9F2030C7E
:10061000604746F66D5CC9F2030C604740F6997C72
:10062000C9F2030C604740F2A15CC9F2000C6047BC
:1006300000BFFEE77047000070B504460CB901200A
:1006400070BD94F83500022803D080206065012039
:10065000F6E7DC492068884249D0DA491831206839
:10066000884244D0D7493031206888423FD0D549AC
:100670004831206888423AD0D249603120688842A7
:1006800035D0D04978312068884230D0CD4990317A
:10069000206888422BD0CB49A8312068884226D0D8
:1006A000C9492068884222D0C74918312068884249
:1006B0001DD0C54930312068884218D0C249483120
:1006C0002068884213D0C0496031206888420ED02B
:1006D000BD4978312068884209D0BB4990312068F3
:1006E000884204D0B849A8312068884201D101204D
:1006F00000E00020F0B3042084F83500B149206800
:1007000088424BD0AF4918312068884246D0AD4965
:1007100030312068884241D0AA4948312068884257
:100720003CD0A84960312068884237D0A54978314B
:100730002068884232D0A3499031206888422DD069
:10074000A049A8312068884228D09F492068884263
:1007500024D09D491831206888421FD09A493031F1
:10076000206888421AD0984948312068884215D0BC
:10077000954900E020E06031206888420ED092491F
:1007800078312068884209D08F49903120688842AA
:1007900004D08D49A8312068884206D120680068BD
:1007A00020F001002168086009E12068006820F05D
:1007B00001002168086002E12068006820F00E0056
:1007C000216808607F492068884249D07D491831F6
:1007D0002068884244D07B493031206888423FD02D
:1007E00078494831206888423AD07649603120689B
:1007F000884235D0734978312068884230D07149B9
:100800009031206888422BD06E49A83120688842F8
:1008100026D06D492068884222D06B491831206863
:1008200088421DD0684930312068884218D0664916
:1008300048312068884213D063496031206888427B
:100840000ED0614978312068884209D05E499031E4
:100850002068884204D05C49A8312068884206D1CB
:100860002068006820F001002168086005E0206829
:10087000006820F001002168086052492068884221
:1008800070D050491831206888426BD04D493031C2
:100890002068884266D04B4948312068884261D040
:1008A00048496031206888425CD0464978312068E8
:1008B000884257D0434990312068884252D04149FC
:1008C000A831206888424DD03F492068884249D0ED
:1008D0003D4918312068884244D03B493031206876
:1008E00088423FD038494831206888423AD036495A
:1008F00060312068884235D0334978312068884299
:1009000030D031499031206888422BD02E49A8310F
:100910002068884226D02D492068884222D02B4961
:100920001431206888421DD0284928312068884227
:1009300018D026493C312068884213D023495031D1
:10094000206888420ED0214964312068884209D04D
:100950001E4978312068884204D01C498C312068B7
:10096000884201D1012000E00020D8B1206E00684B
:1009700020F48070216E0860A56D94F85C0000F092
:100980001F01012088406860D4E919104860E06EBA
:1009900040B1E06E006820F48070E16E0860D4E938
:1009A0001C10486000BF002084F8340000BF012004
:1009B00084F83500206D10B12046216D8847002055
:1009C0003EE60000100002401004024008540258A5
:1009D0000348006840F001000149086070470000CA
:1009E00020040058F8B502460023734DDEE00127CD
:1009F0009F400E6806EA0704002C71D04E68022E54
:100A000002D04E68122E13D1DF0802F1200656F8EC
:100A100027005E07F70E0F26BE40B0435F07FF0EAC
:100A20000E69BE403043DF0802F1200646F8270079
:100A300010685F000326BE40B0430E7906F003063F
:100A40005F00BE40304310604E68012E08D04E68F3
:100A5000022E05D04E68112E02D04E68122E13D1F0
:100A600090685F000326BE40B0435F00CE68BE4082
:100A700030439060506801269E40B0430E79C6F323
:100A800000169E4030435060D0685F000326BE4091
:100A9000B0435F008E68BE403043D0604E6806F0C1
:100AA0008056B6F1805F1BD100BF444E366846F0D9
:100AB0000206424F3E603E46366806F00206009649
:100AC00000BF00BF3E4E9F0856F827009E07370F15
:100AD0000F26BE40B0433B4EB24202D100262EE06C
:100AE00063E0394EB24201D1012628E0374EB242CE
:100AF00001D1022623E0364EB24201D103261EE088
:100B0000344EB24201D1042619E0334EB24201D133
:100B1000052614E0314EB24201D106260FE0304ED8
:100B2000B24201D107260AE02E4EB24201D1082678
:100B300005E02D4EB24201D1092600E00A269F07AA
:100B40003F0FBE4030431E4E9F0846F827002868DE
:100B5000A0434E6806F48036B6F5803F00D12043AE
:100B600028606868A0434E6806F40036B6F5003F7A
:100B700000D1204368604FF0B0463068A0434E6813
:100B800006F48016B6F5801F00D120434FF0B04622
:100B900030607068A0434E6806F40016B6F5001F7A
:100BA00000D120434FF0B04670605B1C0E68DE4001
:100BB000002E7FF41CAFF8BD80000058F4440258AA
:100BC00008040058000002580004025800080258A7
:100BD000000C025800100258001402580018025865
:100BE000001C0258002002580024025802461369D3
:100BF0000B400BB1012000E00020704742690A4021
:100C00008A4202D10A04826100E0816170470AB120
:100C1000816101E00B0483617047000001480068B6
:100C2000000C70470010005C01480068704700002D
:100C3000200000240348006803490978084401495A
:100C400008607047200000242800002410B503200D
:100C500000F00AF901F0CCFA10490968C1F3032148
:100C60000F4A515C01F01F01C8400E4908600B4853
:100C7000006800F00F001146085C00F01F010948F1
:100C80000068C840084908600F2000F00FF808B15C
:100C9000012010BD00F09AF80020FAE7184402582D
:100CA00096460008000000240400002470B50446A5
:100CB0001148007808B9012070BD0F4800784FF442
:100CC0007A71B1FBF0F00D490968B1FBF0F52846E7
:100CD00001F078FF08B10120EEE7102C07D20022C6
:100CE0002146501E00F083F80548046001E0012011
:100CF000E2E70020E0E700002800002400000024D4
:100D0000240000244178154A11600178F9B1121DC0
:100D100041681160017B0907C27A41EA0261827A67
:100D200041EAC241427B41EA8241827B41EA42413F
:100D3000C27B41EA0241427A41EA0221027A41EA57
:100D4000420102781143054A0832116005E0002192
:100D5000024A121D1160121D1160704798ED00E0EB
:100D600000BF00BF00BFBFF35F8F00BF00BF00BF69
:100D70000548006820F480300349086000200249DB
:100D8000703108607047000024ED00E040F0010180
:100D90000D4A11600C497039096841F480310A4AE2
:100DA000703A116000BF00BF00BFBFF34F8F00BF9C
:100DB00000BF00BF00BF00BF00BFBFF36F8F00BF09
:100DC00000BF00BF7047000094ED00E0704701468F
:100DD0000846002809DB00F01F0301229A4043095E
:100DE0009B0003F1E023C3F8002100BF70472DE909
:100DF000F05F80460D46164602F01EFA0746394659
:100E00002A46334601F00700C0F1070ABAF1040F81
:100E100002D94FF0040A01E0C0F1070AD14600F1FF
:100E2000040ABAF1070F02D24FF0000A01E0A0F164
:100E3000030AD4464FF0010A0AFA09FAAAF1010A94
:100E40000AEA020A0AFA0CFA4FF0010B0BFA0CFB41
:100E5000ABF1010B0BEA030B4AEA0B0421464046B7
:100E600002F0F2F9BDE8F09F00BF00F00702064B68
:100E700019684FF6FF031940044B0B4343EA022164
:100E8000014B196000BF70470CED00E00000FA054F
:100E90000348006840F08070014908607047000016
:100EA0000C48025810B501F0A3F907490968C1F3CD
:100EB0000321064A515C01F01F01C8400449086043
:100EC0000846006810BD0000184402589646000805
:100ED0000000002410B501F04FF905490968C1F37D
:100EE0000211044A515C01F01F01C84010BD00000E
:100EF000204402589646000870B50146844D2D687E
:100F000005F00303824D2D68C5F30530804D2D1D7E
:100F10002D68C5F300147E4D14352D68C5F3CC053E
:100F200015FB04F501EE105AB8EE411AF0EE410A35
:100F300000286FD023B1012B4ED0022B6BD16BE078
:100F4000734D283D2D68C5F340153DB3704D283DC8
:100F50002D68C5F3C1066F4D25FA06F201EE102A81
:100F6000F8EE411A01EE100AB8EE411A81EE812A1C
:100F70009FED691AC0EE811A654D10352D68C5F3D5
:100F8000080501EE105AB8EE411A31EE811AF7EE5B
:100F9000001A31EE211A22EE010A1CE001EE100ABD
:100FA000B8EE411ADFED5D1A81EE812A9FED5A1AE3
:100FB000C0EE811A564D10352D68C5F3080501EEB7
:100FC000105AB8EE411A31EE811AF7EE001A31EEDE
:100FD000211A22EE010A5BE001EE100AB8EE411A76
:100FE000DFED4F1A81EE812A9FED4B1AC0EE811A78
:100FF000474D10352D68C5F3080501EE105AB8EEBF
:10100000411A31EE811AF7EE001A31EE211A22EE62
:10101000010A3DE077E01DE001EE100AB8EE411A4A
:101020009FED402AC2EE011A9FED3B1A80EE812A05
:10103000374D10352D68C5F3080501EE105AB8EE8E
:10104000411A32EE011AB7EE002A31EE021A21EEF1
:10105000810A1DE001EE100AB8EE411ADFED301AE8
:1010600081EE812A9FED2C1AC0EE811A284D103591
:101070002D68C5F3080501EE105AB8EE411A31EE9D
:10108000811AF7EE001A31EE211A22EE010A00BF92
:1010900000BF1F4D10352D68C5F3462501EE105ACF
:1010A000B8EE411AF7EE001A31EE211AC0EE011A1D
:1010B000BCEEE11A81ED001A154D10352D68C5F30F
:1010C000064501EE105AB8EE411AF7EE001A31EE5D
:1010D000211AC0EE011ABCEEE11A81ED011A0C4D85
:1010E00010352D68C5F3066501EE105AB8EE411AA9
:1010F000F7EE001A31EE211AC0EE011ABCEEE11A29
:1011000081ED021A03E000250D604D608D6070BD19
:10111000284402580090D003000000460024744C7C
:101120000024744A0024F44A70B50146844D2D68A9
:1011300005F00303824D2D68C5F30550804D2D1D2C
:101140002D68C5F300247E4D1C352D68C5F3CC05F4
:1011500015FB04F501EE105AB8EE411AF0EE410A03
:1011600000286FD023B1012B4ED0022B6BD16BE046
:10117000734D283D2D68C5F340153DB3704D283D96
:101180002D68C5F3C1066F4D25FA06F201EE102A4F
:10119000F8EE411A01EE100AB8EE411A81EE812AEA
:1011A0009FED691AC0EE811A654D18352D68C5F39B
:1011B000080501EE105AB8EE411A31EE811AF7EE29
:1011C000001A31EE211A22EE010A1CE001EE100A8B
:1011D000B8EE411ADFED5D1A81EE812A9FED5A1AB1
:1011E000C0EE811A564D18352D68C5F3080501EE7D
:1011F000105AB8EE411A31EE811AF7EE001A31EEAC
:10120000211A22EE010A5BE001EE100AB8EE411A43
:10121000DFED4F1A81EE812A9FED4B1AC0EE811A45
:10122000474D18352D68C5F3080501EE105AB8EE84
:10123000411A31EE811AF7EE001A31EE211A22EE30
:10124000010A3DE077E01DE001EE100AB8EE411A18
:101250009FED402AC2EE011A9FED3B1A80EE812AD3
:10126000374D18352D68C5F3080501EE105AB8EE54
:10127000411A32EE011AB7EE002A31EE021A21EEBF
:10128000810A1DE001EE100AB8EE411ADFED301AB6
:1012900081EE812A9FED2C1AC0EE811A284D183557
:1012A0002D68C5F3080501EE105AB8EE411A31EE6B
:1012B000811AF7EE001A31EE211A22EE010A00BF60
:1012C00000BF1F4D18352D68C5F3462501EE105A95
:1012D000B8EE411AF7EE001A31EE211AC0EE011AEB
:1012E000BCEEE11A81ED001A154D18352D68C5F3D5
:1012F000064501EE105AB8EE411AF7EE001A31EE2B
:10130000211AC0EE011ABCEEE11A81ED011A0C4D52
:1013100018352D68C5F3066501EE105AB8EE411A6E
:10132000F7EE001A31EE211AC0EE011ABCEEE11AF6
:1013300081ED021A03E000250D604D608D6070BDE7
:10134000284402580090D003000000460024744C4A
:101350000024744A0024F44A2DE9F0410446002593
:10136000A846206800F00060B0F1006F30D1606ED8
:1013700048B1B0F5801F0DD0B0F5001F10D0B0F50A
:10138000401F15D113E0F948006840F40030F749D8
:1013900008600FE00221201D01F0D6FC054609E09F
:1013A000022104F1240001F081FD054602E001E084
:1013B000012500BF00BF55B9EC482430006820F477
:1013C0004010616E0843E9492431086000E0A846F6
:1013D000208800F48070B0F5807F2DD1606D0528E5
:1013E0001AD2DFE800F0030A10171800DF4800687F
:1013F00040F40030DD49086010E00021201D01F0BC
:10140000A3FC05460AE0002104F1240001F04EFD92
:10141000054603E002E001E0012500BF00BF55B929
:10142000D2482430006820F00700616D0843CF499E
:101430002431086000E0A846208800F40070B0F570
:10144000007F33D1A06D802817D003DC40B1402845
:101450001CD10CE0C02817D0B0F5807F16D114E065
:10146000C248006840F40030C049086010E0002124
:10147000201D01F069FC05460AE0002104F124006A
:1014800001F014FD054603E002E001E0012500BF84
:1014900000BF55B9B5482430006820F4E070A16D54
:1014A0000843B2492431086000E0A846208800F4CF
:1014B0008060B0F5806F38D1D4F8A400B0F5800F0B
:1014C00019D004DC50B1B0F5001F1DD10DE0B0F50E
:1014D000C00F17D0B0F5000F16D114E0A348006874
:1014E00040F40030A149086010E00021201D01F007
:1014F0002BFC05460AE0002104F1240001F0D6FC93
:10150000054603E002E001E0012500BF00BF5DB930
:1015100096482C30006820F46000D4F8A4100843EA
:1015200092492C31086000E0A846208800F4006051
:10153000B0F5006F38D1D4F8A800B0F1007F19D011
:1015400004DC50B1B0F1807F1DD10DE0B0F1407FDF
:1015500017D0B0F1806F16D114E08448006840F4D1
:1015600000308249086010E00021201D01F0ECFBF2
:1015700005460AE0002104F1240001F097FC05462D
:1015800003E002E001E0012500BF00BF5DB977483C
:101590002C30006820F0E060D4F8A81008437349AC
:1015A0002C31086000E0A846206800F00070B0F11F
:1015B000007F27D1A06CA0B1102804D0202809D02A
:1015C00030280FD10CE06948006840F400306749CA
:1015D000086009E00221201D01F0B6FB054603E08A
:1015E00002E001E0012500BF00BF55B95F4820308F
:1015F000006820F03000A16C08435C49203108608D
:1016000000E0A846208800F48050B0F5805F36D115
:10161000E06DB0F5005F19D004DC50B1B0F5805F2B
:101620001DD10DE0B0F5405F17D0B0F5804F16D159
:1016300014E04E48006840F400304C49086010E067
:101640000021201D01F080FB05460AE0002104F185
:10165000240001F02BFC054603E002E001E0012537
:1016600000BF00BF55B941482430006820F4E04075
:10167000E16D08433D492431086000E0A846208818
:1016800000F40050B0F5005F34D1206EB0F5403F5B
:101690001DD007DC68B1B0F5803F0BD0B0F5003F3E
:1016A00018D10DE0B0F5802F12D0B0F5A02F11D1D8
:1016B0000FE011E00121201D01F046FB05460BE083
:1016C000012104F1240001F0F1FB054604E003E0F0
:1016D00002E001E0012500BF00BF55B923482430D6
:1016E000006820F4E020216E08432049243108607E
:1016F00000E0A846208800F48040B0F5804F38D143
:10170000D4F8AC00B0F1405F1DD007DC68B1B0F197
:10171000805F0BD0B0F1005F18D10DE0B0F1804FC9
:1017200012D0B0F1A04F11D10FE011E00121201D26
:1017300001F00AFB05460BE0012104F1240001F051
:10174000B5FB054604E003E002E001E0012500BF2F
:1017500000BF6DB905482C30006820F0E040D4F897
:10176000AC10084301492C31086002E02C440258B7
:10177000A846208800F40040B0F5004F26D1E06E66
:1017800098B1B0F1805F03D0B0F1005F0ED106E0F8
:10179000F948006840F40030F749086008E001218A
:1017A000201D01F0D1FA054602E001E0012500BF4D
:1017B00000BF55B9F0482430006820F04050E16E79
:1017C0000843ED492431086000E0A846206800F095
:1017D0008070B0F1807F27D1606CA0B1012804D067
:1017E000022809D003280FD10CE0E348006840F438
:1017F0000030E149086009E00221201D01F0A4FA4F
:10180000054603E002E001E0012500BF00BF55B935
:10181000D9482030006820F00300616C0843D649A5
:101820002031086000E0A846206800F48000B0F590
:10183000800F7DD1D148006840F48070CF490860A6
:10184000FFF7F2F9064606E0FFF7EEF9801B642881
:1018500001D9032505E0C948006800F4807000281C
:10186000F2D000BF85BBC4484430006800F440702B
:10187000B4F8B01001F44071884213D0BE4844302F
:10188000006820F44077BC484430006840F4803061
:10189000B949443108600846006820F48030086087
:1018A00008460760D4F8B000B0F5807F15D1FFF787
:1018B000BBF9064609E0FFF7B7F9801B41F2883112
:1018C000884202D9032507E038E0AB48443000687D
:1018D000C0F340000028EED000BF55BB00BFB4F8F5
:1018E000B00000F44070B0F5407F0ED1A2481C3823
:1018F000006820F47C51A24AD4F8B000104041EABC
:1019000010109D491C39086007E09B481C3800688E
:1019100020F47C5098491C3908609748443000688E
:10192000B4F8B010C1F30B0108439349443101E00E
:1019300005E001E0086002E0A84600E0A846207843
:1019400000F0010068B3A06F182819D005DC48B179
:10195000082808D0102816D10BE0202811D02828FC
:1019600011D10FE011E00121201D01F0EDF9054634
:101970000BE0012104F1240001F098FA054604E08F
:1019800003E002E001E0012500BF00BF55B97A483D
:101990002830006820F03800A16F084376492831CC
:1019A000086000E0A846207800F00200022828D154
:1019B000606F062815D2DFE800F003040A11121345
:1019C00011E00121201D01F0BFF905460BE00121C6
:1019D00004F1240001F06AFA054604E003E002E0A5
:1019E00001E0012500BF00BF55B9634828300068F9
:1019F00020F00700616F08435F492831086000E06C
:101A0000A846207800F0040004282AD1D4F89000D9
:101A1000062815D2DFE800F003040A11121311E0C2
:101A20000121201D01F090F905460BE0012104F190
:101A3000240001F03BFA054604E003E002E001E087
:101A4000012500BF00BF5DB94B482C30006820F075
:101A50000700D4F89010084347492C31086000E093
:101A6000A846207800F02000202836D1D4F88C0039
:101A7000B0F1405F1DD007DC68B1B0F1805F0BD0E2
:101A8000B0F1005F18D10DE0B0F1804F12D0B0F18D
:101A9000A04F11D10FE011E00021201D01F054F9F9
:101AA00005460BE0022104F1240001F0FFF9054690
:101AB00004E003E002E001E0012500BF00BF5DB9E2
:101AC0002D482830006820F0E040D4F88C100843FE
:101AD00029492831086000E0A846207800F040003D
:101AE000402836D1D4F89800B0F5406F1DD007DCFF
:101AF00068B1B0F5806F0BD0B0F5006F18D10DE074
:101B0000B0F5805F12D0B0F5A05F11D10FE011E009
:101B10000021201D01F018F905460BE0022104F117
:101B2000240001F0C3F9054604E003E002E001E00F
:101B3000012500BF00BF5DB90F482C30006820F4BC
:101B4000E050D4F8981008430B492C31086000E0AD
:101B5000A846207800F0800080283AD1D4F89C0074
:101B6000B0F5C04F23D00DDC98B1B0F5005F11D0B7
:101B7000B0F5804F1ED113E02C44025800480258A3
:101B8000FFFCFF0FB0F5004F12D0B0F5204F11D180
:101B90000FE011E00021201D01F0D6F805460BE012
:101BA000022104F1240001F081F9054604E003E07C
:101BB00002E001E0012500BF00BF4DB9AD4800685B
:101BC00020F46040D4F89C100843AA49086000E063
:101BD000A846207800F00800082817D1D4F8800023
:101BE000B0F5805F07D1022104F1240001F05EF915
:101BF00008B14FF001089F48001F006820F44050D2
:101C0000D4F8801008439B49091F0860207800F031
:101C10001000102815D1D4F89400B0F5807F07D1BA
:101C2000022104F1240001F041F908B14FF001084C
:101C30009048006820F44070D4F8941008438D490F
:101C40000860206800F40020B0F5002F26D1D4F8F9
:101C5000A00030B1B0F5803F09D0B0F5003F0ED103
:101C60000CE00021201D01F06FF8054609E002217B
:101C700004F1240001F01AF9054602E001E0012513
:101C800000BF00BF4DB97B48006820F44030D4F855
:101C9000A01008437749086000E0A846206800F4D7
:101CA0008020B0F5802F2DD1D4F88400B0F5801FAE
:101CB00006D0B0F5001F0CD0B0F5401F11D10FE0D9
:101CC0006C482C38006840F400306A492C390860B0
:101CD00009E0012104F1240001F0E8F8054602E0E2
:101CE00001E0012500BF00BF5DB96248001F006828
:101CF00020F44010D4F8841008435E49091F08609E
:101D000000E0A846206800F48030B0F5803F24D180
:101D1000E06C18B1B0F5803F0FD108E055482C3881
:101D2000006840F4003053492C39086007E0022174
:101D3000201D01F009F8054601E0012500BF00BFA4
:101D400055B94C480C38006820F48030E16C0843E9
:101D500048490C39086000E0A846206800F00050AF
:101D6000B0F1005F07D1022104F1240001F09EF8D8
:101D700008B14FF00108206800F40030B0F5003FD2
:101D800027D1E06FA0B1B0F5807F06D0B0F5007F1D
:101D90000CD0B0F5407F0CD109E036482C380068F3
:101DA00040F4003033492C39086004E003E002E0DD
:101DB00001E0012500BF00BF55B92E48001F006893
:101DC00020F44070E16F08432A49091F086000E0D1
:101DD000A846206800F48010B0F5801F09D125487E
:101DE0000838006820F00040216F08432149083975
:101DF0000860206800F40010B0F5001F09D11D48EC
:101E00000838006820F08070A16E0843194908392D
:101E10000860206800F08040B0F1804F11D100BF11
:101E200014484838006820F40040124948390860D6
:101E300008460068D4F8B81008430E4948390860CD
:101E400000BF206800F00040B0F1004F09D1094800
:101E50000C38006820F04050216D084305490C39CA
:101E60000860B8F1000F02D10020BDE8F081012028
:101E7000FBE70000584402582DE9F04104460D46A6
:101E800014B90120BDE8F081B648006800F00F00E9
:101E9000A8420ED2B348006820F00F002843B14991
:101EA00008600846006800F00F00A84201D0012039
:101EB000E8E7207800F0040004280ED1AA49206940
:101EC000096801F07001884207D9A748006820F02E
:101ED000700021690843A4490860207800F00800D8
:101EE000082811D1A049091D6069096801F0700135
:101EF000884209D99C48001D006820F07000616983
:101F000008439949091D0860207800F01000102846
:101F100011D19549091DA069096801F4E061884261
:101F200009D99148001D006820F4E060A1690843C8
:101F30008D49091D0860207800F02000202811D16B
:101F400089490831E069096801F07001884209D9BE
:101F500085480830006820F07000E1690843824934
:101F600008310860207800F0020002280ED17E4976
:101F7000E068096801F00F01884207D97A480068D3
:101F800020F00F00E168084377490860207800F0EE
:101F90000100002850D07448006820F47060A168E7
:101FA0000843714908606068022807D16E481838F4
:101FB0000068C0F34040F8B9012063E76068032877
:101FC00007D1694818380068C0F34060A0B9012003
:101FD00058E76068012807D1634818380068C0F3E3
:101FE000002048B901204DE75F4818380068C0F369
:101FF000800008B9012045E75B480838006820F0F8
:10200000070061680843584908390860FEF70CFE6C
:10201000064608E0FEF708FE801B41F28831884240
:1020200001D903202EE750480838006800F0380036
:102030006168B0EBC10FEDD1207800F002000228FA
:102040000ED14949E068096801F00F01884207D2C2
:102050004548006820F00F00E168084342490860E5
:102060004048006800F00F00A8420ED93D480068C3
:1020700020F00F0028433B4908600846006800F044
:102080000F00A84201D00120FCE6207800F00400F7
:1020900004280ED134492069096801F07001884292
:1020A00007D23148006820F07000216908432E49AA
:1020B0000860207800F00800082811D12A49091D7D
:1020C0006069096801F07001884209D22648001D44
:1020D000006820F07000616908432349091D086009
:1020E000207800F01000102811D11F49091DA069A7
:1020F000096801F4E061884209D21B48001D0068AC
:1021000020F4E060A16908431749091D08602078A0
:1021100000F02000202811D113490831E069096836
:1021200001F07001884209D20F480830006820F0A1
:102130007000E16908430C490831086000F058F864
:1021400009490968C1F30321084A515C01F01F01E4
:10215000C8400749086007480068FEF7A7FD074622
:1021600038468FE600200052184402589646000870
:10217000000000242400002410B5FEF793FE074958
:10218000096801F00F01064A515C01F01F01C840C7
:10219000044908600846006810BD00001844025851
:1021A000964600080400002410B5FFF7E5FF054936
:1021B0000968C1F30211044A515C01F01F01C840D3
:1021C00010BD00001C4402589646000810B5FFF7E9
:1021D000D3FF05490968C1F30221044A515C01F0AB
:1021E0001F01C84010BD00001C440258964600085C
:1021F000F0B5824E366806F0380636B1082E15D096
:10220000102E15D0182E7DD114E07C4E103E36686D
:10221000C6F3401646B1794E103E3668C6F3C10784
:10222000774E26FA07F000E07548E5E07548E3E0F0
:102230007548E1E0714E1836366806F003046F4EBB
:1022400018363668C6F305116C4E1C36366806F033
:1022500001056A4E24363668C6F3CC0616FB05F631
:1022600001EE106AB8EE410A002971D024B1012CA8
:1022700050D0022C6DD16DE0604E103E3668C6F332
:1022800040163EB35D4E103E3668C6F3C1075C4E45
:1022900026FA07F301EE103AF8EE411A01EE101A91
:1022A000B8EE411A81EE812A9FED581AC0EE011A4C
:1022B000524E20363668C6F3080601EE106AB8EEB4
:1022C000411A31EE811AF7EE001A31EE211A62EE50
:1022D000010A1EE001EE101AB8EE411ADFED4C1AA9
:1022E00081EE812A9FED491AC0EE011A434E203635
:1022F0003668C6F3080601EE106AB8EE411A31EEF0
:10230000811A00E076E0F7EE001A31EE211A62EE53
:10231000010A5BE001EE101AB8EE411A9FED3D2A6A
:10232000C2EE011A9FED391A80EE012A334E203693
:102330003668C6F3080601EE106AB8EE411A32EEAE
:10234000011AB7EE002A31EE021A61EE810A3DE071
:102350004EE01DE001EE101AB8EE411ADFED2E1A24
:1023600081EE812A9FED291AC0EE011A234E2036F4
:102370003668C6F3080601EE106AB8EE411A31EE6F
:10238000811AF7EE001A31EE211A62EE010A1DE001
:1023900001EE101AB8EE411A9FED1E2AC2EE011A84
:1023A0009FED1A1A80EE012A144E20363668C6F3C5
:1023B000080601EE106AB8EE411A32EE011AB7EEC5
:1023C000002A31EE021A61EE810A00BF00BF0B4EF7
:1023D00020363668C6F34626721C01EE102AB8EE87
:1023E000411AC0EE811ABCEEE11A11EE100A00E0AB
:1023F000002001E0034800BF00BFF0BD10440258B8
:102400000090D00300093D0000127A000000004651
:102410000024744C0024744A0024F44A2DE9F04747
:10242000044614B90120BDE8F087207800F00100CF
:10243000002872D0F948006800F03808F7481830D2
:10244000D0F80090B8F1100F06D0B8F1180F0FD1E6
:1024500009F0030002280BD1F04810380068C0F3DF
:10246000404000286ED0606800286BD10120DAE778
:1024700000BF6068B0F5803F08D1E84810380068B8
:1024800040F48030E549103908602EE0606868B992
:10249000E2481038006820F48030E04910390860C4
:1024A0000846006820F4802008601EE06068B0F5EF
:1024B000A02F0DD1D9481038006840F48020D749AA
:1024C000103908600846006840F4803008600CE06D
:1024D000D2481038006820F48030D04910390860A4
:1024E0000846006820F48020086000BF6068A8B13A
:1024F000FEF79AFB054608E0FEF796FB401B41F20B
:102500008831884201D903208DE7C448103800681B
:10251000C0F340400028EFD014E014E0FEF784FB45
:10252000054608E0FEF780FB401B41F288318842F7
:1025300001D9032077E7B94810380068C0F340405C
:102540000028EFD100BF207800F0020002286BD1F4
:10255000B248006800F03808B0481830D0F8009051
:10256000B8F1000F05D0B8F1180F2BD109F0030016
:1025700040BBAA4810380068C0F3800018B1E0687A
:1025800008B901204FE700BFFEF748FB41F2030105
:1025900088420BD8A1480C38006820F47C302169AF
:1025A00040EA01309D490C3908600AE09B480C382C
:1025B000006820F0FE40217C40EA016097490C3918
:1025C000086058E0E06870B394481038006820F064
:1025D0001900E1680843914910390860FEF724FBAF
:1025E000054606E0FEF720FB401B022801D9032028
:1025F00019E78A4810380068C0F380000028F1D03D
:1026000000BFFEF70BFB41F2030188420DD883485F
:102610000C38006820F47C30216940EA01307F49A1
:102620000C3908600CE00CE026E07C480C380068AF
:1026300020F0FE40217C40EA016078490C390860B6
:1026400019E076481038006820F00100734910390D
:102650000860FEF7E9FA054606E0FEF7E5FA401BDA
:10266000022801D90320DEE66C4810380068C0F368
:1026700080000028F1D100BF207800F01000102861
:102680006ED16648006800F0380864481830D0F809
:102690000090B8F1080F06D0B8F1180F2FD109F04B
:1026A000030001282BD15D4810380068C0F30020DA
:1026B00020B1E069802801D00120B4E600BFFEF718
:1026C000ADFA41F2030188420CD854480C38006836
:1026D00020F0F84094F8201040EA81604F490C390E
:1026E00008600BE04D48001F006820F07C5094F813
:1026F000201040EA01604949091F086058E0E0697C
:1027000068B346481038006840F0800043491039EB
:102710000860FEF789FA054606E0FEF785FA401BD9
:10272000022801D903207EE63C4810380068C0F337
:1027300000200028F1D000BFFEF770FA41F203013B
:1027400088420ED835480C38006820F0F84094F8DC
:10275000201040EA816031490C3908600DE00DE03D
:1027600027E02E48001F006820F07C5094F82010CD
:1027700040EA01602949091F086019E0274810381C
:10278000006820F08000254910390860FEF74CFAF7
:10279000054606E0FEF748FA401B022801D903204F
:1027A00041E61E4810380068C0F300200028F1D12F
:1027B00000BF207800F00800082837D16069D0B148
:1027C00016486430006840F0010014496431086024
:1027D000FEF72AFA054606E0FEF726FA401B022815
:1027E00001D903201FE60D4864300068C0F34000A3
:1027F0000028F1D01AE009486430006820F0010098
:10280000064964310860FEF70FFA054608E0FEF756
:102810000BFA401B022803D9032004E61044025897
:10282000DC480068C0F340000028F0D1207800F0B8
:102830002000202836D1A069D0B1D648743800686D
:1028400040F48050D34974390860FEF7EDF905462D
:1028500006E0FEF7E9F9401B022801D90320E2E572
:10286000CC4874380068C0F340300028F1D019E03B
:10287000C8487438006820F48050C649743908602C
:10288000FEF7D2F9054606E0FEF7CEF9401B022816
:1028900001D90320C7E5BF4874380068C0F3403051
:1028A0000028F1D1207800F0040004287DD1BA4836
:1028B000006840F48070B8490860FEF7B5F9054635
:1028C00006E0FEF7B1F9401B642801D90320AAE510
:1028D000B148006800F480700028F2D000BFA06802
:1028E000012808D1AB48001F006840F00100A94949
:1028F000091F08602DE0A06868B9A648001F00689D
:1029000020F00100A349091F08600846006820F074
:10291000040008601DE0A06805280DD19D48001F37
:10292000006840F004009B49091F086008460068E1
:1029300040F0010008600CE09648001F006820F09D
:1029400001009449091F08600846006820F004004F
:10295000086000BFA068A0B1FEF766F9054608E070
:10296000FEF762F9401B41F28831884201D9032009
:1029700059E58848001F0068C0F340000028EFD0E8
:1029800013E0FEF751F9054608E0FEF74DF9401B4C
:1029900041F28831884201D9032044E57D48001F77
:1029A0000068C0F340000028EFD1606A00287DD0A5
:1029B00078486438006800F03800182877D0606ADA
:1029C000022875D173487438006820F0807071490E
:1029D00074390860FEF728F9054606E0FEF724F989
:1029E000401B022801D903201DE56A48743800689D
:1029F000C0F340600028F1D100BFD4E90A1041EAD9
:102A0000001064494C39096840F2F332914308439D
:102A100060494C390860208E401EC0F30800616B8D
:102A2000491E4FF47E4202EA41210843218F491E8C
:102A3000D20102EA014108433C21095D491E12020C
:102A400002EA0161084353494439086000BF081F86
:102A5000006820F00100091F08604E4840380068F7
:102A60004FF6F8718843A16C40EAC10049494039EA
:102A7000086048484838006820F00C00216C084382
:102A80004449483908600846006820F00200616C3B
:102A900008434049483908600846006840F48030DF
:102AA00008600846006840F4003002E06FE041E052
:102AB00025E008600846006840F480200860084669
:102AC000006840F00100086032487438006840F047
:102AD0008070304974390860FEF7A6F8054606E0B4
:102AE000FEF7A2F8401B022801D903209BE42948E5
:102AF00074380068C0F340600028F1D047E02548F2
:102B00007438006820F08070224974390860FEF73C
:102B10008BF8054606E0FEF787F8401B022801D92E
:102B2000032080E41B4874380068C0F3406000282C
:102B3000F1D12CE017484C3807681648443806682D
:102B4000606A012821D007F00301A06A81421CD1EC
:102B5000C7F30511E06A884217D1C6F30801206B5C
:102B6000401E814211D1606B401EC6F3462188424F
:102B70000BD1A06B401EC6F30641884205D1E06B25
:102B8000401EC6F30661884201D001204BE40020BC
:102B900049E400007444025800480258042808D14F
:102BA0004FF0E021096941F004014FF0E02211618A
:102BB00007E04FF0E021096921F004014FF0E02225
:102BC0001161704770B504462546681EB0F1807FDC
:102BD00001D301200FE0681E4FF0E02148610F2172
:102BE0004FF0FF3000F030FB00204FF0E021886113
:102BF00007200861002070BD10B586B004462B493F
:102C00002068884250D100BF00BF2948006840F0CA
:102C10001000274908600846006800F01000009086
:102C200000BF00BF00BF00BF00BF214810380068D0
:102C300040F001001E49103908600846006800F0A5
:102C40000100009000BF00BF00BF00BF00BF0846EA
:102C5000006840F0010008600846006800F00100CC
:102C6000009000BF00BF00BF4FF400700190022031
:102C7000029001200390022004900720059001A9F2
:102C80000C48FDF7AFFE4FF48060019007200590DF
:102C900001A90848FDF7A6FE2520FEF798F80322B3
:102CA00011462520FEF7A3F806B010BD0010014024
:102CB000F0440258000002581D4A0168914236D182
:102CC0001C49098801F4004189BB1A49098801F4AB
:102CD000804171B1184909780A2903D00021154AA9
:102CE000118024E01349098841F40041114A118000
:102CF0001DE0114909780D2906D10E49098841F4D2
:102D000080410C4A118012E00B490978094A128867
:102D1000C2F30D02094B995406490988491C054A1A
:102D2000118011460988C72901DD002111807047F3
:102D3000001001401C0000241E0000244C0300244D
:102D400000BFFEE7704700002DE9F04104460E4643
:102D500000275548006800F00300032802D1012035
:102D6000BDE8F08150482838006820F080604E4966
:102D700028390860FDF758FF054606E0FDF754FFC7
:102D8000401B022801D90320EAE747482838006899
:102D9000C0F3C0600028F1D100BF4348006820F4B0
:102DA0007C30216840EA01303F490860A088401E1D
:102DB000C0F30800A168491E4FF47E4202EA412197
:102DC0000843A189491ED20102EA01410843217C3E
:102DD000491E120202EA01610843334910310860BA
:102DE00000BF3148001D006820F0C0006169084341
:102DF0002D49091D08600846006820F02000A169DF
:102E000008432949091D08600846006820F01000A1
:102E100008602548143000684FF6F8718843E1696E
:102E200040EAC1002049143108601F48001D0068B5
:102E300040F010001C49091D08602EB908460068C2
:102E400040F40020086012E0012E08D11648001D51
:102E5000006840F480101449091D086007E012481A
:102E6000001D006840F400100F49091D08600E485D
:102E70002838006840F080600B4928390860FDF769
:102E8000D3FE054606E0FDF7CFFE401B022801D920
:102E9000032065E7044828380068C0F3C0600028B4
:102EA000F1D038465CE70000284402582DE9F04193
:102EB00004460E4600275548006800F0030003282A
:102EC00002D10120BDE8F08150482838006820F088
:102ED00080504E4928390860FDF7A6FE054606E0F9
:102EE000FDF7A2FE401B022801D90320EAE747486C
:102EF00028380068C0F340700028F1D100BF434873
:102F0000006820F07C70218840EA01503F49086049
:102F1000A088401EC0F30800A168491E4FF47E42FD
:102F200002EA41210843A189491ED20102EA014176
:102F30000843217C491E120202EA01610843334919
:102F40001831086000BF3148001D006820F440605F
:102F5000616908432D49091D08600846006820F48E
:102F60000070A16908432949091D086008460068E6
:102F700020F48070086025481C3000684FF6F87116
:102F80008843E16940EAC10020491C3108601F48BC
:102F9000001D006840F480701C49091D08602EB9AE
:102FA0000846006840F48000086012E0012E08D155
:102FB0001648001D006840F400001449091D08600F
:102FC00007E01248001D006840F080700F49091D9D
:102FD00008600E482838006840F080500B492839B6
:102FE0000860FDF721FE054606E0FDF71DFE401BCB
:102FF000022801D9032065E7044828380068C0F397
:1030000040700028F1D038465CE7000028440258A0
:1030100010B50023234C236000BF00BF00BFBFF3E7
:103020004F8F00BF00BF00BF231F1868C0F34E3191
:1030300000BFC0F3C90200BF43F6E07303EA4113C7
:103040004FF0404404EA82742343174C236000BFCE
:1030500000BF131EA2F10102EED10B1EA1F101016E
:10306000E7D100BF00BF00BFBFF34F8F00BF00BF5D
:1030700000BF0C4B703B1B6843F48033094C703C21
:10308000236000BF00BF00BFBFF34F8F00BF00BF72
:1030900000BF00BF00BF00BFBFF36F8F00BF00BF06
:1030A00000BF10BD84ED00E060EF00E000BF00BF96
:1030B00000BFBFF34F8F00BF00BF00BF00BF00BF06
:1030C00000BFBFF36F8F00BF00BF00BF00201449D7
:1030D000086000BF00BF00BFBFF34F8F00BF00BF3D
:1030E00000BF00BF00BF00BFBFF36F8F00BF00BFB6
:1030F00000BF0C48006840F400300A49086000BF77
:1031000000BF00BFBFF34F8F00BF00BF00BF00BFB5
:1031100000BF00BFBFF36F8F00BF00BF00BF70478D
:1031200050EF00E014ED00E010B5FDF783FD00F076
:103130008FFF012801D0FDF7F9F910BD2448006880
:1031400040F47000224908602248006840F0010005
:103150002049086000201F49103108601D480068A0
:103160001D4908401B49086000201A4918310860B1
:10317000091D0860091D0860164928310860091DED
:103180000860091D0860091D0860091D0860091D07
:103190000860091D0860091D08600E48006820F4D9
:1031A00080200C49086000200A49603108600B4803
:1031B00000686FF30F00B0F1005F02D201200849F0
:1031C00008604FF0006002498039086070470000D5
:1031D00088ED00E0004402587FEDF6EA0010005C44
:1031E0000881005170B500240F4D1048FDF7A3F978
:1031F00000BF03E0641CAC4200D904E00B48FDF7BB
:103200009FF92028F6D100BF002403E0641CAC42E3
:1032100000D906E0012206490448FDF796F9002886
:10322000F4D100BF70BD0000FFFF010014040024B2
:103230001E00002400BFFEE702480068C0F3022021
:10324000704700000CED00E010B5002804DB0A0711
:10325000130E054A135406E00A07140E034A00F041
:103260000F031B1FD45410BD00E400E018ED00E074
:1032700000BF704770B504460420FFF78FFC0A4872
:10328000046025464FF47A7045434FF0E020006912
:1032900040F002004FF0E0210861084645610069F6
:1032A00040F00100086170BD1400002430B50446F0
:1032B000002504E04FF47A7000F004F86D1CA5427C
:1032C000F8D330BD70B5034600224FF0E026756993
:1032D0000D4E366803FB06F44FF0E026B16910E0AE
:1032E0004FF0E026B06988420BD0884202D20E1A15
:1032F000324402E02E1A0E4432440146A24200D368
:1033000000E0EDE700BF70BD1400002400BF054AD7
:10331000D26902F04002002AF9D0C2B2014B9A628F
:10332000704700000010014010B500F00BFAFDF7E7
:103330008DFC042302221146F02000F0FDFA4FF428
:10334000F070FFF797FF4FF4E13000F0A9FBFDF7B5
:1033500001F9FDF704F9FDF707F9FDF70AF9002077
:10336000FDF70CF9FDF70FF9002010BD2DE9F04134
:1033700005460E462948076800202949096881F852
:10338000590027480068001DFDF702F950B924488C
:10339000006890F82C100120884022490968814378
:1033A00020480160681CD8B9D6B11F4948681C493B
:1033B000096888601A4982680968CA6018490968FA
:1033C000091D8268516016490968091D8160164A05
:1033D000134909684A6111460968491C11601AE0DD
:1033E0007C190F4800684460BC4207D20C48016851
:1033F000091D0E480068FDF7D0F80CE00848016888
:10340000091D0B480068FDF7C8F80A4800688442A7
:1034100001D208480460BDE8F0810000CC0000241F
:10342000B8000024D0000024D0DD0424C000002413
:10343000BC000024E800002410B50446FDF7B2F8F3
:1034400031480068401C304908603048006840B985
:103450002E4804600846006801280DD100F026F9C6
:103460000AE02B48006838B928480068C06AE16A59
:10347000884201D82548046026480068401C254938
:10348000086008460068606494F82C1001208840A9
:1034900021490968084320490860E16A01EB81017C
:1034A0001E4A02EB81014868A0608268E260211D2B
:1034B000826851608160E16A01EB8101174A02EB89
:1034C00081026261E16A01EB8101144A52F8211024
:1034D000491CE26A02EB8202104B43F82210FDF70E
:1034E00066F80B48006868B108480068C06AE16A7D
:1034F000884207D24FF0805009490860BFF34F8FD0
:10350000BFF36F8F10BD0000C8000024B800002476
:10351000D4000024E4000024D000002400DB0424B4
:1035200004ED00E010B516E0FDF73CF80C48C0686B
:10353000C468201DFDF72CF80A480068401E0949A0
:10354000086009480068401E07490860FDF72FF829
:10355000204600F00BF8044800680028E4D110BDB4
:10356000BCDD0424C8000024C400002410B50446B7
:10357000206BFDF721F82046FDF71EF810BD000076
:1035800000BFFFF7CFFF064800680128F9D94FF0C8
:10359000805004490860BFF34F8FBFF36F8FF0E78F
:1035A00000DB042404ED00E02DE9F05F82460F46C5
:1035B00090469B460A9E0C9C4FEA8801A522206BF0
:1035C000FCF7FFFFA8F10100216B01EB800929F056
:1035D000070909F0070008B9012000E0002028B918
:1035E0004FF4587224A12DA0FCF7F0FF87B10025FD
:1035F00007E0795D04F134004155785D00B902E0DF
:103600006D1C102DF5D300BF00214320015502E0B1
:10361000002084F83400202E01D2012000E0002098
:1036200028B940F2973214A11CA0FCF7CFFF202E3E
:1036300000D31F26E662E66400202065201DFCF70B
:10364000CAFF04F11800FCF7C6FF2461C6F1200090
:10365000A06164620020606584F8580084F8590015
:103660005A4651464846FCF7BBFF20600B9808B10C
:103670000B980460BDE8F09F2E2E5C2E2E5C4D69E9
:1036800064646C6577617265735C467265655254FB
:103690004F535C7461736B732E6300004572726FDD
:1036A000723A2025732C2025640D0A0010B50024E1
:1036B00007E004EB84010F4A02EB8100FCF795FF61
:1036C000641C202CF5D30C48FCF78FFF0B48FCF74B
:1036D0008CFF0B48FCF789FF0A48FCF786FF0A4875
:1036E000FCF783FF0448094908600448084908605A
:1036F00010BD000000DB042480DD042494DD0424DC
:10370000A8DD0424BCDD0424D0DD0424BC00002496
:10371000C000002409480068006808B9012000E0E2
:10372000002020B14FF0FF300549086005E0034854
:103730000068C0680068024908607047BC00002447
:10374000E800002410B5FFF7B1FCFFF761FC034867
:10375000006840F004000149086010BD9CEF00E0E3
:1037600030B587B00546002400BF6A48006840F0C5
:103770000200684908600846006800F002000190F5
:1037800000BF00BF00BF0846006840F008000860A6
:103790000846006800F00800019000BF00BF00BFAD
:1037A0000846006840F0100008600846006800F015
:1037B0001000019000BF00BF00BF56480C380068E1
:1037C00040F4804053490C3908600846006800F412
:1037D0008040019000BF00BF402002900220039073
:1037E00003200590012004900A20069002A94A486F
:1037F000FDF7F8F8042002900920069002A9464837
:10380000FDF7F0F84FF4605002900920069002A9ED
:103810004248FDF7E7F8042002900920069002A92B
:103820003F48FDF7DFF83B486438006840F48040CB
:103830003849643908600846006820F48040086010
:1038400000BF3848806800F020000028F9D13648D1
:1038500034490860354848600846006840F0010077
:10386000086000BF2F48806800F020000028F9D1D0
:103870004FF483702B49486100BF2A48806800F0EC
:1038800002000028F9D02748C06840F0020025490E
:10389000C86000BF2348806800F020000028F9D1EC
:1038A0002049C861EB2444F4807444F44064A81CAB
:1038B00044EA003444F4404400BF44F4801444F02B
:1038C000407444F04064084644611948006820F49C
:1038D00080301749086016487030006820F00100F9
:1038E0001349703108600020091D08604FF0104036
:1038F000091D08600F48091D086005200C4970313A
:1039000008600B48006840F480300949086007B03F
:1039100030BD0000E044025800040258000C025878
:10392000001002580050005210030001010218005C
:1039300024ED00E02D0003032DE9F041CCB08046DA
:103940000D4616461F4600245148006820F004002A
:103950004F49086000BF002001904E48006820F0E9
:1039600001004C4908600846006800F00100019021
:1039700047480C30006840F4404045490C3108602D
:103980000846006800F44040019000BF00BF00BF3F
:103990003F480C30006800F40050B0F5005FF7D1EC
:1039A000212031904FF480303290002034903890B4
:1039B0000120379002203A90022131A88162CDF88F
:1039C000F480C56246638763002141640821016475
:1039D00000218164FEF722FD04461CB101204CB099
:1039E000BDE8F0813F2044900320459000204690A0
:1039F000082047904020499000014A90402048907C
:103A00004B90042144A8FEF737FA04460CB101207C
:103A1000E5E721480290082003904FF4DC710491FF
:103A200002210591069107910021089109910A91BF
:103A3000022013902020149000201F9020904FF41B
:103A40004010239002A8FDF787FC04460CB101202A
:103A5000C5E70020FFF784FEFDF71AFA0F4800685B
:103A600040F080000D49086000BF0C48F430006849
:103A700040F002000949F43108600846006800F08F
:103A80000200019000BF00BFFCF7A2FF0020A6E7E4
:103A90000C4802582C040058030004030044025848
:103AA00010B5044609480A490860084644600021E8
:103AB0008160C160016181610C214161FCF79AFD67
:103AC000012204490248FCF740FD10BD00100140EE
:103AD000140400241E00002470B504460025ACB177
:103AE0000F48006808B9012000E0002028B940F222
:103AF00049520CA114A0FCF769FD00F0AFF90021B8
:103B00002046FFF733FC00F0DBFC05463DB94FF0E3
:103B1000805011490860BFF34F8FBFF36F8F70BDA6
:103B2000F40000242E2E5C2E2E5C4D6964646C65BE
:103B300077617265735C4672656552544F535C746D
:103B400061736B732E6300004572726F723A2025A9
:103B5000732C2025640D0A0004ED00E070B50546C5
:103B6000FCF720FD15B92F48006800E02846044600
:103B7000201DFCF70DFD78B9E06A00EB80002A49B2
:103B800051F8200040B994F82C10012088402749B2
:103B90000968814325480160A06A18B104F1180042
:103BA000FCF7F6FC22480068401C214908601D48CB
:103BB0000068844209D1211D1E48FCF720FD1E48E3
:103BC0000068401C1C49086006E01C480068401E54
:103BD0001A490860FFF79EFDFCF7E9FC11480068F0
:103BE000844202D02046FFF7C1FC15480068C0B1EE
:103BF0000C480068844214D11248006808B90120BA
:103C000000E0002028B940F2DC420FA117A0FCF729
:103C1000DDFC4FF0805019490860BFF34F8FBFF3B0
:103C20006F8F70BDB800002400DB0424D000002496
:103C3000E4000024BCDD0424C4000024C8000024E7
:103C4000D4000024F40000242E2E5C2E2E5C4D693E
:103C500064646C6577617265735C46726565525425
:103C60004F535C7461736B732E6300004572726F07
:103C7000723A2025732C2025640D0A0004ED00E023
:103C80000349096801600349096841607047000001
:103C9000E0000024CC0000240120014908607047A6
:103CA000DC00002470B504460D462CB940F61C42D9
:103CB00007A110A0FCF78AFC1248016818312046C1
:103CC000FCF76BFC01212846FFF750FB70BD00009C
:103CD0002E2E5C2E2E5C4D6964646C657761726576
:103CE000735C4672656552544F535C7461736B73B9
:103CF0002E6300004572726F723A2025732C2025C6
:103D0000640D0A00B800002470B504460E4615463E
:103D10002CB940F6524211A119A0FCF757FC60687B
:103D20001B490968C8611A49826809680A6218490A
:103D30000968183182685160154909681831816035
:103D4000134909688C622168491C21600DB14FF04C
:103D5000FF3629463046FFF709FB70BD2E2E5C2E3C
:103D60002E5C4D6964646C6577617265735C467244
:103D7000656552544F535C7461736B732E6300001E
:103D80004572726F723A2025732C2025640D0A004B
:103D9000B80000241CB51C4800210B468022CDE948
:103DA00000101AA11B4800F023F90446012C02D18F
:103DB000FCF72AFC0446012C17D100BF502072B634
:103DC00080F31188BFF34F8FBFF36F8F62B600BFD0
:103DD0004FF0FF30104908600120104908600020B2
:103DE0000F490860FCF715FC0BE0601C08B10120CE
:103DF00000E0002028B94FF404620AA112A0FCF7E9
:103E0000E5FB154800681CBDEC00002449444C4506
:103E10000000000081350008E8000024D4000024E0
:103E2000CC0000242E2E5C2E2E5C4D6964646C65E3
:103E300077617265735C4672656552544F535C746A
:103E400061736B732E6300004572726F723A2025A6
:103E5000732C2025640D0A00F0000024024800683D
:103E6000401C014908607047F400002410B51B484D
:103E7000006818B101201A4908602DE00020184997
:103E8000086018480068B0FA80F0C0F11F0404EB25
:103E90008400154951F8200008B1012000E00020FD
:103EA00028B940F6024211A119A0FCF78FFB04EBE0
:103EB00084010D4A02EB810041684968416000F1CC
:103EC000080142688A4202D14168496841604168FC
:103ED000C968134A116000BF10BD0000F40000243F
:103EE000DC000024D000002400DB04242E2E5C2EF5
:103EF0002E5C4D6964646C6577617265735C4672B3
:103F0000656552544F535C7461736B732E6300008C
:103F10004572726F723A2025732C2025640D0A00B9
:103F2000B800002470B506460C462EB940F6FD4296
:103F30001FA128A0FCF74AFB2CB940F6FE421CA1A9
:103F400024A0FCF743FBFCF72DFB264802687068B1
:103F5000131A2548006890F8590030B10020224912
:103F6000096881F8590001251EE02068401C08B945
:103F7000002519E01D4930680968884206D070683C
:103F8000904203D80125002020600DE0206898426F
:103F900007D92068C01A20603046FFF771FE00255F
:103FA00002E0002020600125FCF701FB284670BDDF
:103FB0002E2E5C2E2E5C4D6964646C657761726593
:103FC000735C4672656552544F535C7461736B73D6
:103FD0002E6300004572726F723A2025732C2025E3
:103FE000640D0A00CC000024B8000024E000002486
:103FF0002DE9FF4F85B0804689461746DDE912ABB3
:10400000B800FCF70BFB064656B15C20FCF706FB3C
:1040100004460CB1266304E03046FCF7CDFA00E01C
:1040200000247CB10020CDE900ABCDE902403A4646
:1040300049464046089BFFF7B7FA2046FFF7FCF9D0
:10404000012501E04FF0FF35284609B0BDE8F08FAB
:104050000549096809B9012005E00449096809B959
:10406000022000E000207047D4000024F400002467
:104070000149086870470000CC0000242DE9F04198
:104080004FF000085F48006800287DD15E48006856
:10409000451C5D480560002D1DD15C480068006826
:1040A00008B9012000E0002028B940F6C72258A135
:1040B00060A0FCF78BFA55480768624800685349CE
:1040C00008606048076060480068401C5E490860FE
:1040D000FFF720FB00BF5D480068854277D300BF33
:1040E0004A480068006808B9012000E0002020B1BB
:1040F0004FF0FF305549086068E044480068C068E8
:10410000C4686668B54202D2504806605EE06069E5
:10411000D4E902128A60D4E902214A60211D426872
:104120008A4201D1E1684160002262610168491E52
:104130000160A06A98B1A06AD4E907128A60D4E944
:1041400007214A6004F1180142688A4201D1216ABC
:1041500041600022A2620168491E016000BF94F81C
:104160002C10012088403A49096808433849086002
:10417000E16A01EB8101374A02EB81014868A060E6
:104180008268E260211D00E033E082685160816056
:10419000E16A01EB81012F4A02EB81026261E16A6F
:1041A00001EB81012B4A52F82110491CE26A02EB13
:1041B0008202284B43F822102749E06A0968C96A3D
:1041C00088428DD34FF001088AE700E000BF224803
:1041D0000068C06A00EB80001E4951F820000128E9
:1041E00001D94FF001081D48006808B14FF00108DF
:1041F00004E01B480068401C194908604046BDE8BF
:10420000F0810000F4000024CC000024BC00002455
:104210002E2E5C2E2E5C4D6964646C657761726530
:10422000735C4672656552544F535C7461736B7373
:104230002E6300004572726F723A2025732C202580
:10424000640D0A00C0000024E0000024E8000024FF
:10425000D000002400DB0424B8000024DC0000248B
:10426000D800002470B505462C460026002D5ED0EF
:1042700030480068844201D1012000E0002028B9C4
:1042800041F24F022CA135A0FCF7A0F9206D28B90E
:1042900041F2500228A131A0FCF798F9206D401E90
:1042A0002065E16CE06A884241D0206D00283ED153
:1042B000201DFCF76DF940B994F82C1001208840BE
:1042C0002A490968814329480160E06CE062E06A9C
:1042D000C0F12000A06194F82C10012088402349EF
:1042E0000968084321490860E16A01EB8101204A1D
:1042F00002EB81014868A0608268E260211D82684B
:1043000051608160E16A01EB8101194A02EB81028F
:104310006261E16A01EB8101154A52F82110491CE2
:10432000E26A02EB8202124B43F822100126304669
:1043300070BD0000B80000242E2E5C2E2E5C4D694E
:1043400064646C6577617265735C4672656552542E
:104350004F535C7461736B732E6300004572726F10
:10436000723A2025732C2025640D0A00D000002409
:1043700000DB042470B50646F068C4682CB940F62A
:1043800082423CA144A0FCF721F9A06AD4E90712BB
:104390008A60D4E907214A6004F1180142688A4220
:1043A00001D1216A41600022A2620168491E0160B8
:1043B0003D48006800283DD16069D4E902128A6056
:1043C000D4E902214A60211D42688A4201D1E16894
:1043D0004160002262610168491E016094F82C105E
:1043E0000120884031490968084330490860E16A82
:1043F00001EB81012E4A02EB81014868A0608268CE
:10440000E260211D826851608160E16A01EB8101F7
:10441000274A02EB81026261E16A01EB8101244AD1
:1044200052F82110491CE26A02EB8202204B43F849
:10443000221010E01F494868E0618268226204F19E
:1044400018018268516081601A4AA26211460968A7
:10445000491C116000BF1849E06A0968C96A8842AE
:1044600004D9012501201549086000E000252846EF
:1044700070BD00002E2E5C2E2E5C4D6964646C6550
:1044800077617265735C4672656552544F535C7414
:1044900061736B732E6300004572726F723A202550
:1044A000732C2025640D0A00F4000024D0000024A1
:1044B00000DB0424A8DD0424B8000024DC00002470
:1044C00070B5002400265048006828B940F6B302B1
:1044D0004EA157A0FCF77AF8FCF764F84A48006848
:1044E000401E494908600846006800287ED15448AB
:1044F000006800287AD05BE05248C068C468A06AAF
:10450000D4E907128A60D4E907214A6004F118014E
:1045100042688A4201D1216A41600022A262016898
:10452000491E01606069D4E902128A60D4E902215F
:104530004A60211D42688A4201D1E168416000223F
:1045400062610168491E016094F82C1001208840C6
:104550003D49096808433C490860E16A01EB810173
:104560003A4A02EB81014868A0608268E260211D3E
:10457000826851608160E16A01EB8101334A02EB9C
:1045800081026261E16A01EB8101304A52F8211037
:10459000491CE26A02EB82022C4B43F822102C49A0
:1045A000E06A0968C96A884202D301202949086083
:1045B0002448006808B9012000E0002000289BD0B2
:1045C0000CB1FFF7A7F82448056865B100BFFFF7F5
:1045D00055FD10B101201F4908606D1E002DF6D158
:1045E00000201D4908601B48006800E008E038B161
:1045F0000126300719490860BFF34F8FBFF36F8F53
:10460000FBF7D5FF304670BDF40000242E2E5C2E43
:104610002E5C4D6964646C6577617265735C46728B
:10462000656552544F535C7461736B732E63000065
:104630004572726F723A2025732C2025640D0A0092
:10464000C8000024A8DD0424D000002400DB0424DA
:10465000B8000024DC000024D800002404ED00E0B1
:1046600010B500290AD00878002807D005487844FA
:10467000FBF7D9FF002801D0002010BD0248784484
:1046800010BD00005A000000520000004FF04070C2
:10469000E1EE100A7047000000000102030401026D
:1046A0000304060708090000E4460008000000248F
:1046B0004C030000D4020008E44700084C03002427
:1046C000746F0700300300081C0000004300000066
:1046D000F8FFFFFF0C0000000E0000000F000000BC
:1046E0002E000000113C90D00304011B3210330156
:1046F0000122F833FFFF2205000D3CB95C0390F95D
:104700006003900D5703901EB9030390E904134012
:104710000532243230323842201540B504241CE0E2
:1047200003307812382CF00120800140023B1F1A20
:10473000AA01011402202D021E011E645204905C85
:10474000041A68041A54041A58041A60041A50040B
:104750001AC4041ACC041A74041A7C041AB8041A71
:104760006C041ABC041AB0041A90041AA8041A9C07
:10477000041A84041E40550490D8086112FF1F9843
:10478000BC039098BD041ABE041ABF0429109904F2
:10479000411A48201A48201A48201AEC0439109966
:1047A0000401AC0617D4C3B2A16F1812F1F802903D
:1047B000CDF5029071F6029049F7029091101ABD62
:1047C0000C1AF9041A21101EF4560490FC04180A5D
:1047D00004570490645504900C081A14041AF01439
:0447E00001240000B0
:0200000490006A
:10000000662937F06D81642900F0B480782900F00A
:10001000ED80732900F0D585002070472D4B1968BD
:100020000868B0E8F04F80F30988BFF36F8F4FF096
:10003000000080F311887047000000000848006845
:10004000006880F308884FF0000080F3148862B6DF
:1000500061B6BFF34F8FBFF36F8F00DF00BF00BFEC
:1000600008ED00E0DFF80C00016841F47001016068
:10007000704700BF88ED00E0EFF30980BFF36F8F9A
:10008000144B1A681EF0100F08BF20ED108A20E9EB
:10009000F04F106009B44FF0500072B680F3118831
:1000A000BFF34F8FBFF36F8F62B601F041FA4FF08D
:1000B000000080F3118809BC19680868B0E8F04FA7
:1000C0001EF0100F08BFB0EC108A80F30988BFF350
:1000D0006F8F7047B8000024EFF305807047000071
:1000E0000FB4044910B503AA029800F06FFD10BCCC
:1000F0005DF814FB180000240FB41CB5074B06AACA
:100100007B4469460090059800F031FD0020694667
:1001100000F040FD1CBC5DF814FB0000910A0000DB
:1001200070B50C460546012A05D02878800600D512
:10013000EA69002302E0012305E05B1C934202D23E
:10014000E05C0028F9D1A869E618C01AA861286AFD
:10015000184428622846AFF3008004E0D5E9012165
:1001600014F8010B9047B442F8D32846AFF300804F
:1001700070BD00002DE9F041064600241068752985
:10018000314616A510D0AFF30080002802DA4042B5
:1001900013A507E031688A0701D512A502E04907D7
:1001A00004D511A5012401E0AFF3008000210A224B
:1001B00006F1240709E0B0FBF2FCB0FBF2F302FB0E
:1001C0001C00303078541846491C0028F3D12346CF
:1001D0002A463046BDE8F04100F05BBA000000005E
:1001E0002D0000002B0000002000000070B5044628
:1001F0000D4621461068AFF300802188090502D51D
:100200000F4A7A4402E00E4A7A440E32002104F189
:10021000240305E000F00F060009965D5E54491CBA
:100220000028F7D120780023000704D5702D02D0D4
:1002300009B1022311322046BDE8704000F029BA0E
:10024000FE4E04002DE9F05F894604464FF0000A97
:10025000DFF874B1FB44C0F820A02046E16888476D
:10026000002874D0252806D0D4E901219047206ABF
:10027000401C2062F1E700265F462046E16888477F
:100280002028054607DB312D05D2781910F8200CFF
:1002900008B10643F1E7B00701D526F00406C4F81B
:1002A0001CA00027C4F818A02A2D09D0284603F066
:1002B00070FC38B304EB8708303DC8F8185019E0DB
:1002C00059F8041B204604EB87029161E1688847D6
:1002D000012F054618D1E069002820DA26F0200613
:1002E0001DE0D8F8180000EB800005EB4000303826
:1002F000C8F818002046E1688847054603F049FC25
:100300000028EED1012F0AD02E2D08D12046E16819
:1003100088477F1C0546022F46F02006C4DBA069F3
:10032000002803DA404246F00106A061F00701D040
:1003300026F010066C2D0BD0682D09D04C2D39D02D
:100340006A2D35D0742D35D07A2D33D016E038E0B3
:10035000E1682F4620468847B842054609D16C2FF0
:1003600026D04FF48060E168064320468847054662
:1003700004E06C2F1AD04FF4807006430DB3A5F142
:100380004100192802D8203546F400664A4629461D
:10039000204626604E46FFF733FE80B101280BD081
:1003A000F61D26F0070000F1080956E74020E4E7B3
:1003B0008020D8E70020D6E706F104094DE728465B
:1003C00052E7206ABDE8F09FD44E040040EA0103E2
:1003D000024630B59B0710D14FF0013400E008C24F
:1003E00008C91D1B9D4315EAC41FF8D013F0FF0177
:1003F00002F8011B0DD01B0AF8E711F8013B002B96
:1004000002F8013B05D011F8013B002B02F8013B3B
:10041000F3D130BD10B5431C02E010F8011B71B1DF
:100420008107FAD14FF0013202C88C1A8C4314EACA
:10043000C211F9D0C01A0A0603D0C01E10BDC01ADE
:1004400010BD0A0401D0801E10BD0902FCD0401E60
:1004500010BD032A40F2308010F0030C00F015802C
:1004600011F8013BBCF1020F624498BF11F801CBB7
:1004700000F8013B38BF11F8013BA2F1040298BF1C
:1004800000F801CB38BF00F8013B11F0030300F086
:100490002580083AC0F0088051F8043B083A51F82A
:1004A00004CBA0E80810F5E7121D5CBF51F8043B2F
:1004B00040F8043BAFF30080D20724BF11F8013BA2
:1004C00011F801CB48BF11F8012B24BF00F8013B04
:1004D00000F801CB48BF00F8012B704710B5203A57
:1004E000C0F00B80B1E81850203AA0E81850B1E8ED
:1004F0001850A0E81850BFF4F5AF5FEA027C24BFA3
:10050000B1E81850A0E8185044BF18C918C0BDE899
:1005100010405FEA827C24BF51F8043B40F8043B62
:1005200008BF7047D20728BF31F8023B48BF11F817
:10053000012B28BF20F8023B48BF00F8012B704771
:1005400002F0FF0343EA032242EA024200F052BBF8
:100550004FF0000200B5134694469646203922BF5C
:10056000A0E80C50A0E80C50B1F12001BFF4F7AFA7
:10057000090728BFA0E80C5048BF0CC05DF804EB89
:10058000890028BF40F8042B08BF704748BF20F8F7
:10059000022B11F0804F18BF00F8012B70470000AC
:1005A0004FF0013C50F8042B51F8043B9A4215D10E
:1005B000A2EB0C03934313EACC130BD150F8042B9A
:1005C00051F8043B9A4209D1A2EB0C03934313EA7E
:1005D000CC13E7D04FF00000704700BFD01A01BA2B
:1005E000B1FA81F101F0180122FA01F0CB40C1F11A
:1005F0002001DBB2C0B2C01A2CFA01F3D11A914328
:1006000011EAC311E6D1704730B5B0F10A024FEAE2
:10061000900E71F100034EEA817EB0EB0E0061EBAB
:1006200091014FEA101E4EEA017E10EB0E0041EBE5
:1006300011114FEA102E4EEA016E10EB0E0041EB45
:1006400011214FEA104E4EEA014E10EB0E0041EB25
:100650001141401841F100014FEAD00040EA4170D9
:100660004FEAD10110EB80054FEA810444EA90740F
:1006700044EB01046D1944EB0404521BA3414FF0F9
:10068000000348BF0A3200D530BD401C41F10001D3
:1006900030BD2DE9F0470D4699469246044600F1DB
:1006A00024080168880604D5E06921F01001216062
:1006B00000E00120A84201DD471B00E00027A169FE
:1006C0007A1902EB0900081AA0612078C00602D44A
:1006D0002046AFF30080002608E0D4E901211AF893
:1006E00006009047206A401C761C20624E45F4DBD1
:1006F0002078C0060AD52046AFF3008006E0D4E992
:10070000012130209047206A401C2062381EA7F14A
:100710000107F4DC07E0D4E9012118F8050090474F
:10072000206A401C2062281EA5F10105F3DC20464A
:10073000AFF300802078000602D50220BDE8F087E4
:100740000120FBE770472DE9FF4F0C461E464FF096
:10075000FF378BB0D2E90001DDF860800A908A464D
:10076000C1F30A5505B93D46002108464FF0000087
:10077000BAF1000F00F4400005DA00EB80004FF4FE
:10078000400101EA50004FEA9059B9F1010F00DD34
:10079000B9460A9850EA4A000ED044F61050A5F225
:1007A000FF3545432F14B8F1000F1ED07542291EA6
:1007B0001EDDC9F100021CE0B8F1010F4FF000008E
:1007C00001D0302103E0F24305E02154401CB04247
:1007D000FBDB30460022002121540B99C1F8088030
:1007E000C1E900200FB0BDE8F08FBD1B6D1CDEE736
:1007F0004A4600DA694206A800F05CFA06AB93E8C4
:10080000070003AB83E8070050460A9900F0C8FAD6
:100810008DE80700A0F500501F3800900398002DC8
:100820000ADD42F21F014A460844002303A903904F
:10083000684600F031FD09E0A0F500504A461F3837
:10084000002303A90390684600F03BFD8DE80700F4
:100850000004000C03D04FF0FF30410800E01046C8
:10086000B8F1000F03D00022009215461EE0751E5D
:1008700005D4FFF7C9FE303262556D1EF9D5B34677
:100880000122084302D000227F1C04E02078302897
:1008900001D100227F1E002A099784D01DE0112D6E
:1008A00007DAFFF7B1FE303262556D1C50EA0102E3
:1008B000F5D1084302D00098C8B10EE00021681EAF
:1008C00005E0235C625C63542254401E491C814253
:1008D000F7DBAB46A81B401E0990002004F80B0074
:1008E0000B98099AC0F80880C0E9002B7AE7112616
:1008F0004FF0000857E72DE9F04F88460446D21D17
:1009000022F0070191B0D1E90001CDE90A0103F01D
:100910000AF902460B98C00F01D02D2007E020688D
:10092000810701D52B2002E0202101EAC000032A23
:10093000099001D0072A05DB03464146204600F016
:1009400079F90BE12078800601D5E06900E0062006
:10095000B8F1650F814606D0B8F1660F18D0B8F12E
:10096000670F70D131E00020B9F1110F009001DB69
:10097000112301E009F101030AAA01A90CA8FFF75C
:10098000E2FEDDE90C70002609F10105834647E02F
:1009900001204B4600904FF000470AAA01A90CA87D
:1009A000FFF7D1FEDDE90DB00C995D46002610B9C8
:1009B00009F101000D18B9EB050003D4C0F1FF36B1
:1009C00009F10105A5EB09002BE0B9F1010F01DAEE
:1009D0004FF001090020B9F1110F0090484601DDE8
:1009E000112300E003460AAA01A90CA8FFF7ABFEF9
:1009F000DDE90C704D4600268346207800070AD4B6
:100A0000AB4500DA5D4601A8012D04DD411911F85E
:100A1000011C302907D04F4502DA17F1040F04DA20
:100A2000012082460FE06D1EEEE7002F02DCED1B79
:100A30003E4403E0781CA84200DD7D1CB81B00F199
:100A4000010A4FF000472078000703D4AA4501DBD4
:100A50004FF0FF3A0021B7F1004F0DF143088DF838
:100A6000431024D002202B23002F01DA7F422D23B4
:100A70000A21021EA0F1010000DC5FB197FBF1FC2E
:100A800097FBF1F201FB1C7C17460CF1300C08F8C7
:100A900001CDEEE7A8F1010003702188090501D519
:100AA000452100E06521A0F1010800F8011C09982A
:100AB0000FA9A1EB0807FF1D00B10120411901EBAF
:100AC000EA70A1693844081A401EA0612078C00667
:100AD00002D42046AFF30080099828B1D4E901215F
:100AE0009047206A401C20622078C00622D520460C
:100AF000AFF300801EE0002E04DBB34502DD01A849
:100B0000805D00E03020D4E901219047206A401C3C
:100B10002062761CAAF101005FEA000A0AD100F007
:100B20000CFDC0680168405CD4E901219047206A4F
:100B3000401C2062281EA5F10105DCDC07E0D4E999
:100B4000012118F8010B9047206A401C2062381ED2
:100B5000A7F10107F3DC2046AFF30080032011B0BA
:100B600041E6000001694A1C02610878704700B53F
:100B70008FB0CDE901310021059105497944CDE9D6
:100B8000031011466846FFF75DFB0FB000BD000083
:100B9000E5FFFFFF0A6802F8010B0A60704710B515
:100BA000436913B1AFF3008001E0FFF7B9FA012008
:100BB00010BD127800F124010A7000224A7001224F
:100BC000EDE711684FF0FF32E9E70000074B70B521
:100BD0000D467B44FFF7CBFF0446284600F0DCF8C7
:100BE00010B14FF0FF3070BD204670BD3727007840
:100BF0004FF000020429C0F0128010F0030C3FF403
:100C0000A9ACCCF1040CBCF1020F18BF00F8012B09
:100C1000A8BF20F8022BA1EB0C01FFF79BBC5FEAF9
:100C2000C17C24BF00F8012B00F8012B48BF00F85D
:100C3000012B70472DE9F0411F4604460326016849
:100C4000072A01F4006004DB08B116A505E016A52B
:100C500003E008B115A500E015A521F01000206003
:100C6000A069C01EA0610FB1401EA0612046AFF375
:100C700000804FB1D4E9012138469047206A401CDA
:100C80002062C01C206206E0206AFAE7D4E9012154
:100C900015F8010B9047761EF8D22046AFF300807E
:100CA000BDE8F0814E414E006E616E00494E460037
:100CB000696E66002DE9F047814616468AB03548D0
:100CC00078440DC88DE80D0032487844801C03AC90
:100CD0000DC884E80D0041F69B300844372190FB95
:100CE000F1F290FBF1F5A5F1800501FB12041B3C2C
:100CF00002D56442012000E00020DFF898A0804681
:100D00000027FA44AAF1BE0A0EE0E0070AD03246F4
:100D1000684607EB470101230AEB810100F0D1FA95
:100D20008DE8070064107F1C002CEED1194F7F4422
:100D3000AE3F19E0E80715D007EB04100DF1180AD3
:100D400090E80E008AE80E00C068F04201D19819C0
:100D500008903246012306A903A800F0B2FA03ABBB
:100D600083E807006D10641C002DE3D14FF00103F0
:100D700032466946B8F1000F03A802D000F08CFAA1
:100D800001E000F09EFAC9E90001C9F808200AB0A4
:100D9000BDE8F087F8440400007B00F08000704755
:100DA0005FEA400C08BF91F0000F4FEA8C234FEA36
:100DB000C12243EA51514FEA1C5018BF00F5F040E0
:100DC0004FEA300018BF41F000415FEA6C5C00F070
:100DD0002980BCF1FF3F08BF40F080407047130CF2
:100DE00006BF12044FF0100C4FF0000C130E04BF9E
:100DF00012020CF1080C130F04BF12010CF1040CC9
:100E0000930F04BF92000CF1020CD30F04BF5200E9
:100E10000CF1010C11464FF00002A0F11F00A0EBF5
:100E20000C00704711F0004F08BF704731F00041CF
:100E30003FF4D5AF0B0C06BF09044FF0100C4FF078
:100E4000000C0B0E04BF09020CF1080C0B0F04BFC1
:100E500009010CF1040C8B0F04BF89000CF1020C8A
:100E6000CB0F04BF49000CF1010CCCF12003A0EB27
:100E70000C0022FA03F302FA0CF241EA030100F13A
:100E80000100704720F07F4C80EA030023F07F4789
:100E9000ACEB070303F57C5300F0004003F1FF03C4
:100EA0002DE980494FEA154B09B44FEA144325EA6E
:100EB0000B4E24EA03480FF2042606EB13274908D9
:100EC0003E785FEA320203FB0667C7F5000707FBBF
:100ED00006F64FEA54374FEAD64606F1020607FBFC
:100EE000066CCCF1005C4FEA1C472CEA074C07FB70
:100EF00006F40CFB06F504EB15464FEA961634BFD4
:100F000000204FF000404FEAD13706FB07FC4FEAC4
:100F10001C4C0CFB0BF7D21B03FB0CF761EB07011E
:100F20000CFB0EF7B0EB074072EB17420CFB08F717
:100F300034BFA2EB0742B2EB074261EB17414FEA25
:100F40000C444FEA910706FB07FC4FEA1C4C0CFBD4
:100F50000BF7B0EBC74072EB573203FB0CF734BF13
:100F6000A2EBC742B2EBC74261EB57310CFB0EF765
:100F7000B0EBC70072EB57720CFB08F734BFA2EB63
:100F8000C702B2EBC70261EB5771039F4FEA816161
:100F900041EA921104EBCC044FEAD1374FEA826266
:100FA00006FB07FC42EA90124FEA80604FEA1C4CB5
:100FB0000CFB0BF7D21B03FB0CF761EB07010CFBDF
:100FC0000EF7B0EB074072EB17420CFB08F734BF8B
:100FD000A2EB0742B2EB074261EB17414FEA8C5597
:100FE0004FEA910704EB9C2406FB07FC4FEA1C4CDC
:100FF0000CFB0BF7B0EBC74072EB573203FB0CF75F
:1010000034BFA2EBC742B2EBC74261EB57310CFBD6
:101010000EF7B0EBC70072EB57720CFB08F734BF4A
:10102000A2EBC702B2EBC70261EB577115EB4C257F
:101030004FEA816141EA92114FEA82624FEAD13769
:1010400042EA901206FB07FC44F100044FEA80607C
:101050004FEA1C4C0CFB0BF7D21B03FB0CF761EBAC
:1010600007010CFB0EF7B0EB074072EB17420CFBCD
:1010700008F734BFA2EB0742B2EB074261EB17411E
:1010800015EB1C154FEA813141EA92414FEA823259
:1010900042EA90424FEA80304FEA0C7644F1000475
:1010A00048EA03434EEA0B484FF0000EB2EB080C3F
:1010B00071EB030724BF624639464EEB0E0E4FF02C
:1010C000000B0018524149414BEB0B0BB2EB080CE3
:1010D00071EB03077BF1000B24BF624639464EEBF0
:1010E0000E0E4FF0000B0018524149414BEB0B0B19
:1010F000B2EB080C71EB03077BF1000B24BF6246D7
:1011000039464EEB0E0E51EA020718BF46F00106B3
:1011100016EB0E7655F1000254F1000103D5BDE83F
:101120008901BDE80088BDE88901BDE80048B6191D
:10113000524141EB0101A3F10103704780807F7EA2
:101140007D7C7B7A7978777676757473727171703D
:101150006F6E6E6D6C6C6B6A6A69686867666665EF
:101160006464636362616160605F5F5E5E5D5D5C7D
:101170005C5B5B5A5A5959585857575656555555EE
:101180005454535352525251515050504F4F4F4E4E
:101190004E4D4D4D4C4C4C4B4B4B4A4A4A4949499C
:1011A00048484847474747464646454545444444DE
:1011B000444343434342424242414141002B9C4607
:1011C00030D477002BD01CB54FEA370703B44FF06B
:1011D00010004FF01001BAF1000F06D0BCF1000F63
:1011E000DCBF40F0080040F008014FF000000FBCE9
:1011F000BDE810400BF1010BBBF1010F08BF5FEA26
:10120000170722BF12F1010211F101014FF0004155
:1012100043F1000300F0004043EA00007047F9D3B7
:101220005708D0E746EA064613F1400F4FEA164644
:101230001FDD13F1200FDFBF16430A4600212033C4
:101240005B42BED0C3F1200746EA064602FA07F722
:101250004FEA164646EA0706C3F1200722FA03F2D0
:1012600001FA07F721FA03F14FF0000342EA0702FF
:10127000A7E746EA020646EA06464FEA164646EA67
:101280000106BCBF46EA0646360C4FF000034FF09D
:1012900000024FF0000194E72DE9804C9A469346F6
:1012A00070B491E8380007C831EA400C48BF34EA0E
:1012B000430C03D5FFF7E6FDFFF780FFF0BCBDE868
:1012C000008C2DE9804C9A46934670B491E8380022
:1012D00007C810F0804F08BF13F0804F03D100F013
:1012E00005F8FFF76BFFF0BCBDE8008C20F07F47EE
:1012F00080EA030023F07F4C07EB0C03A3F57C533B
:1013000000F00040A3F1FE0392F0000F00F0B38064
:1013100095F0000F00F077802DE901494FEA114068
:101320004FEA144621EA004800FB06FC24EA06477F
:1013300008FB06F607FB08F800FB07F718EB064862
:101340004CEB164C4FEA124B18EB07484FEA154688
:101350004CEB174022EA0B4E0BFB06FC25EA064736
:101360000EFB06F607FB0EFE0BFB07F71EEB064E09
:101370004CEB164C4FF000061EEB074E4CEB174B98
:1013800018EB0B0840F1000018EB0E0B58EB0008AF
:1013900040F100008F1A4FF000013CBFC943661BAB
:1013A00014BFB5EB040C00213CBFC943F61B4FEA48
:1013B00017444EEA8E0E27EA04454FEA1C4704FB09
:1013C00007622CEA074C05FB07F70CFB05F604FB4C
:1013D0000CFC16EB074642EB174216EB0C4642EBB1
:1013E0001C421BEB060658EB0202414146EA9E06F0
:1013F00001D5BDE80189B619524141EB0101A3F1C4
:101400000103BDE801894FEA14454FEA114724EA78
:10141000054621EA074C05FB07F406FB07F70CFB22
:1014200006F105FB0CFC11EB074144EB17444FEAB6
:10143000124711EB0C4144EB1C4422EA074C05FB1C
:1014400007F206FB07F70CFB06F605FB0CFC16EB98
:10145000074642EB174216EB0C4642EB1C456A1856
:1014600054F1000148BF7047B619524141EB0101E8
:10147000A3F10103704795F0000F37D04FEA1142F6
:101480004FEA144721EA024624EA074C02FB07F11F
:1014900006FB07F70CFB06F402FB0CFC14EB0744FD
:1014A00041EB17414FEA154714EB0C4441EB1C414B
:1014B00025EA074C02FB07F506FB07F70CFB06F6CF
:1014C00002FB0CFC16EB074645EB174516EB0C46EA
:1014D00045EB1C42121951F1000148BF7047B61983
:1014E000524141EB0101A3F1010370474FEA14455A
:1014F0004FEA114724EA054621EA074C05FB07F1AC
:1015000006FB07F70CFB06F24FF0000605FB0CFC90
:1015100012EB074241EB174112EB0C4251EB1C411D
:1015200048BF7047921841EB0101A3F101037047D6
:1015300043F66D6CC0F6000C604740F2C14CC0F63B
:10154000000C604740F6E51CC0F6000C604740F612
:10155000FD3CC0F6000C604740F2396CC0F6000C50
:10156000604742F6F93CC0F6000C604740F60F4C6D
:10157000C0F6000C604743F2AD2CC0F6000C60478B
:1015800040F6294CC0F6000C604742F6B94CC0F654
:10159000000C604740F6D56CC0F6000C604740F682
:1015A000F96CC0F6000C604741F2291CC0F6000C33
:1015B000604740F2CB3CC0F6000C604742F2A91CE9
:1015C000C0F6000C604742F2CD1CC0F6000C60472C
:1015D00043F2C52CC0F6000C604740F6ED3CC0F667
:1015E000000C604743F6D92CC0F6000C604744F26B
:1015F000710CC0F6000C604743F6F17CC0F6000C9D
:10160000604743F6955CC0F6000C604740F6615CAD
:10161000C0F6000C604740F6055CC0F6000C604761
:1016200040F68D5CC0F6000C604744F2652CC0F6B5
:10163000000C604744F2753CC0F6000C604743F66E
:101640005D6CC0F6000C604744F2C14CC0F6000C63
:10165000604743F6994CC0F6000C604743F65D3C8A
:10166000C0F6000C604743F6095CC0F6000C60470A
:1016700044F27D0CC0F6000C604744F2510CC0F6F9
:10168000000C604743F6814CC0F6000C604743F6FF
:10169000257CC0F6000C604743F6A54CC0F6000C54
:1016A0006047000070B50446B3F5804F13D1D1E90F
:1016B000000540EA05108D6840EA05208D69284341
:1016C0008D8940EA054054F82250064E35402843A3
:1016D00044F8220003E06FF0704044F8220000203C
:1016E00070BD00000000F0CF30B50246086852F827
:1016F000200020F001000C6842F8240088680828C7
:1017000001D1402300E00023486818438C6820433F
:10171000CC6820430C6920434C6920438C692043EA
:10172000CC6920430C6A20434C6A20438C6A2043D6
:10173000CC6A20430C6B20434C6B20438C6B2043C2
:101740000C6852F824400D4D2C4020430C6842F8A0
:101750002400086BB0F5801F07D1086828B1106815
:1017600020F480100C6B20431060086818B11068DA
:101770004C6B20431060002030BD00008004C0FF8F
:1017800030B50346D1E9000540EA05108D6840EA0E
:1017900005208D8940EA0545088A401E45EA005526
:1017A000087D801E45EA00608D692843551C53F86A
:1017B000255005F040452843551C43F8250018687E
:1017C00000F48010B0F5801F0BD1586820F470042D
:1017D000088A401E44EA0054586820F470002043F0
:1017E0005860002030BD000070B504460E46154616
:1017F0000CB9012070BD94F8450028B9002084F888
:101800004400204600F028F804F108012068FFF7A2
:101810006BFF3146A2682068FFF7B2FF2946E36AF2
:10182000D4E90102FFF73EFFA168206850F82100CB
:1018300040F00100A268216841F8220005480068D4
:1018400040F0004003490860012084F84500002072
:10185000D0E700000040005210B586B0044600BF3B
:101860002048006840F480501E490860084600681F
:1018700000F48050009000BF00BF00BF19480C303A
:10188000006840F0080017490C31086008460068FD
:1018900000F00800009000BF00BF00BF08460068CD
:1018A00040F0100008600846006800F0100000904A
:1018B00000BF00BF4CF20370019002200290012093
:1018C0000390032004900C20059001A90648FFF71F
:1018D00039FE4FF68070019001A90448FFF732FEEF
:1018E00006B010BDD4440258000C02580010025833
:1018F000704770477047704710B50446206800690C
:10190000C0F34000D8B12068C068C0F34000B0B157
:101910006FF002002168086101202077206880694B
:1019200000F0030018B12046FFF7E5FF05E0204670
:1019300000F0BEF8204600F0BCF8002020772068B8
:101940000069C0F38000D8B12068C068C0F380008F
:10195000B0B16FF004002168086102202077206890
:10196000806900F4407018B12046FFF7C4FF05E01D
:10197000204600F09DF8204600F09BF800202077DC
:1019800020680069C0F3C000D8B12068C068C0F307
:10199000C000B0B16FF00800216808610420207712
:1019A0002068C06900F0030018B12046FFF7A3FFCC
:1019B00005E0204600F07CF8204600F07AF8002090
:1019C000207720680069C0F30010D8B12068C06893
:1019D000C0F30010B0B16FF010002168086108205A
:1019E00020772068C06900F4407018B12046FFF7E6
:1019F00082FF05E0204600F05BF8204600F059F831
:101A0000002020772068006900F0010058B12068AC
:101A1000C06800F0010030B16FF00100216808617A
:101A2000204600F047F820680069C0F3C01058B1A4
:101A30002068C068C0F3C01030B16FF0800021682A
:101A400008612046FFF755FF20680069C0F30020B9
:101A500058B12068C068C0F3C01030B16FF4807016
:101A6000216808612046FFF743FF20680069C0F342
:101A7000801058B12068C068C0F3801030B16FF09A
:101A8000400021680861204600F024F820680069C1
:101A9000C0F3401058B12068C068C0F3401030B1A6
:101AA0006FF02000216808612046FFF723FF10BD7A
:101AB0007047704710B504460448844205D100BF02
:101AC00040210348FFF743FD00BF10BDFC04002484
:101AD00000100258704770477047704770470146C2
:101AE000D1F88030D1F8842043EA0200704700002A
:101AF0002DE9F04704462068C5692068066820681B
:101B0000876840F60F0005EA0008B8F1000F0FD112
:101B100005F0200060B106F0200010B907F08050F9
:101B200030B1E06E10B12046E16E8847BDE8F08725
:101B3000B8F1000F7ED06E48384018B96D4830407B
:101B40000028F7D005F0010058B106F4807040B1CC
:101B5000012021680862D4F8880040F00100C4F830
:101B6000880005F0020058B107F0010040B10220E2
:101B700021680862D4F8880040F00400C4F88800A6
:101B800005F0040058B107F0010040B104202168BD
:101B90000862D4F8880040F00200C4F8880005F01C
:101BA000080070B106F0200010B95148384040B12B
:101BB000082021680862D4F8880040F00800C4F8C2
:101BC000880005F4006060B106F0806048B14FF411
:101BD000006021680862D4F8880040F02000C4F852
:101BE0008800D4F88800002844D005F0200050B1C7
:101BF00006F0200010B907F0805020B1E06E10B15F
:101C00002046E16E8847D4F888902068806800F00C
:101C10004000402802D009F0280028B3204600F0F8
:101C200063FA2068806800F04000402818D12068DE
:101C3000806800E01FE020F0400021688860A06F0D
:101C400050B12D48A16F0865A06FFFF785FC88B1E2
:101C5000A06F016D88470DE02046FFF73FFF09E0C8
:101C60002046FFF73BFF05E02046FFF737FF002047
:101C7000C4F888005AE705F4801050B107F48000DA
:101C800038B14FF48010216808622046FFF725FF25
:101C90004CE705F0800058B106F0800010B907F459
:101CA000000028B1206F10B12046216F88473DE722
:101CB00005F0400030B106F0400018B1204600F0B9
:101CC00027FA33E705F4000030B106F0804018B180
:101CD0002046FFF701FF29E705F0807030B106F0DC
:101CE000004018B12046FFF7F6FE1FE700BF1DE7D2
:101CF0000100001020010004D120009010B504461E
:101D00000CB9012010BDA06900B100E000BFD4F8FB
:101D1000800028B9002084F87C002046FFF721FCD1
:101D20002420C4F880002068006820F001002168A9
:101D30000860204600F020FB012800D1E2E7A06AFD
:101D400010B1204600F00EF92068406820F4904061
:101D5000216848602068806820F02A002168886037
:101D60002068006840F0010021680860204600F00B
:101D700075F9C7E710B50346D3F88400202874D15D
:101D800001B10AB9012010BD00BF93F87C00012801
:101D900001D10220F7E7012083F87C0000BF99659C
:101DA000A3F85C20A3F85E200020D86600BF9868E6
:101DB000B0F5805F0AD1186920B940F2FF10A3F88E
:101DC000600020E0FF20A3F860001CE0986848B99C
:101DD000186918B9FF20A3F8600014E07F20A3F869
:101DE000600010E09868B0F1805F09D1186918B9F7
:101DF0007F20A3F8600006E03F20A3F8600002E027
:101E00000020A3F8600000BF0020C3F88800222053
:101E1000C3F884001868806840F001001C68A06066
:101E2000586EB0F1005F21D1B3F8680090421DDC1C
:101E30009868B0F5805F04D1186910B91848D86661
:101E400001E01848D86600BF002083F87C0000BF7E
:101E50001868006840F480701C682060186880680A
:101E600040F080501C68A06016E017E09868B0F55C
:101E7000805F04D1186910B90B48D86601E00B489F
:101E8000D86600BF002083F87C0000BF1868006897
:101E900040F490701C682060002074E7022072E714
:101EA000A5210090C5220090332100905922009076
:101EB0007047000000BF002240211848FFF756FB82
:101EC00000BF17A0FEF70CF94FF47A70FFF753FB31
:101ED00019A0FEF705F94FF47A70FFF74CFB00BF2D
:101EE00000BF00BF00BF00BFBFF34F8F00BF00BFE8
:101EF00000BF1648006800F4E06015490843001D63
:101F00001249086000BF00BF00BFBFF34F8F00BF82
:101F100000BF00BF00BF00BFFDE700000010025877
:101F20004D656D20416363657373204572726F72F6
:101F300021210D0A00000000536F66742052657362
:101F40006574696E672E2E2E0D0A00000CED00E000
:101F50000000FA0510B50248FFF7CEFC10BD0000E6
:101F6000FC04002490F8281001F0010139B1016847
:101F7000496821F40031C26A11430268516090F847
:101F8000281001F00201022907D10168496821F4F3
:101F90008031026B11430268516090F8281001F003
:101FA0000401042907D10168496821F48021426BAA
:101FB00011430268516090F8281001F008010829C7
:101FC00007D10168496821F40041826B114302681E
:101FD000516090F8281001F01001102907D1016814
:101FE000896821F48051C26B11430268916090F8B6
:101FF000281001F02001202907D10168896821F407
:102000000051026C11430268916090F8281001F0B1
:102010004001402913D10168496821F48011426CC4
:10202000114302685160416CB1F5801F07D101680E
:10203000496821F4C001826C11430268516090F834
:10204000281001F08001802907D10168496821F436
:102050000021C26C114302685160704738B50446D4
:102060000020C4F88800FFF78BFA05462068006856
:1020700000F0080008280CD16FF07E402B460022AB
:102080004FF400110090204601F0EEFC08B103204F
:1020900038BD2068006800F0040004280CD16FF0FF
:1020A0007E402B4600224FF480010090204601F034
:1020B000DBFC08B10320EBE72020C4F88000C4F863
:1020C000840000BF002084F87C0000BF00BFDFE771
:1020D00070B50546AC6B0020A4F85E00A4F856006D
:1020E0002046FFF7FBFC70BD0168096821F4907180
:1020F0000268116001688968044A114002689160B1
:102100002021C0F884100021C1667047FEFFFFEF58
:1021100010B504462068006820F04000216808607F
:102120002020C4F88000002020672046FFF7C0FE72
:1021300010BD2DE9F0410446B4F86070D4F8840075
:10214000222826D12068406A86B2A56D06EA0700DB
:102150002880A06D801CA065B4F85E00401EA4F825
:102160005E00B4F85E00D0B92068006820F490707A
:10217000216808602068806820F00100216888607C
:102180002020C4F884000020E0662046FFF7FDF917
:1021900005E02068806940F0080021688861BDE89A
:1021A000F08100002DE9F0470446B4F86090D4F8BF
:1021B0008400222843D1B4F8685028E02068406A9F
:1021C0001FFA80F8A76D08EA09003880A06D801C0E
:1021D000A065B4F85E00401EA4F85E00B4F85E008E
:1021E00098B92068006820F4807021680860206831
:1021F000806817490840216888602020C4F884005E
:102200000020E0662046FFF7C0F9681E85B2002D69
:10221000D4D1B4F85E60C6B1B4F86800B04214DD41
:102220002068806820F08050216888600948E06656
:102230002068006840F020002168086005E0206800
:10224000806940F0080021688861BDE8F0870000DF
:10225000FEFFFFEF3321009070B50446B4F86060D4
:10226000D4F88400222826D12068406A85B2F0B2D2
:102270002840A16D0870A06D401CA065B4F85E00F8
:10228000401EA4F85E00B4F85E00D0B92068006873
:1022900020F49070216808602068806820F00100B8
:1022A000216888602020C4F884000020E066204671
:1022B000FFF76BF905E02068806940F008002168AD
:1022C000886170BD2DE9F0410446B4F86080D4F80F
:1022D0008400222843D1B4F8685028E02068406A7E
:1022E00087B208F0FF003840A16D0870A06D401C57
:1022F000A065B4F85E00401EA4F85E00B4F85E006D
:1023000098B92068006820F480702168086020680F
:10231000806817490840216888602020C4F884003C
:102320000020E0662046FFF730F9681E85B2002DD8
:10233000D4D1B4F85E60C6B1B4F86800B04214DD20
:102340002068806820F08050216888600948E06635
:102350002068006840F020002168086005E02068DF
:10236000806940F0080021688861BDE8F0810000C4
:10237000FEFFFFEF592200902DE9F04F89B004468F
:102380004FF00009002007908346F94920688842F1
:1023900000D100E000BF2169A068084361690843DB
:1023A000E16940EA010A606E40EA0A0A20680068B2
:1023B000F049084040EA0A00216808602068406847
:1023C00020F44050E168084321684860D4F818A020
:1023D000E7492068884202D0206A40EA0A0A206859
:1023E0008068E549084040EA0A0021688860206862
:1023F000C06A20F00F00616A08432168C86200BF0C
:10240000DE492068884220D1DD48006800F03800AD
:10241000182811D005DC48B1082809D0102811D19E
:1024200008E020280AD028280CD109E001250BE07B
:10243000042509E0082507E0102505E0202503E034
:10244000402501E0802500BFF8E0CE4920688842A1
:1024500019D1CB48006800F00700062810D2DFE849
:1024600000F0030507090B0D00250BE0042509E02A
:10247000082507E0102505E0202503E0402501E0C0
:10248000802500BFDAE0C0492068884219D1BC48E5
:10249000006800F00700062810D2DFE800F003050E
:1024A00007090B0D00250BE0042509E0082507E0CE
:1024B000102505E0202503E0402501E0802500BF30
:1024C000BCE0B2492068884219D1AD48006800F0EC
:1024D0000700062810D2DFE800F0030507090B0DFE
:1024E00000250BE0042509E0082507E0102505E09C
:1024F000202503E0402501E0802500BF9EE0A4499F
:102500002068884219D19E48006800F0070006281C
:1025100010D2DFE800F0030507090B0D00250BE0E2
:10252000042509E0082507E0102505E0202503E043
:10253000402501E0802500BF80E096492068884260
:1025400020D18F48006800F03800182811D005DC31
:1025500048B1082809D0102811D108E020280AD055
:1025600028280CD109E001250BE0042509E0082505
:1025700007E0102505E0202503E0402501E0802547
:1025800000BF5BE084492068884219D17C4800681C
:1025900000F00700062810D2DFE800F00305070965
:1025A0000B0D00250BE0042509E0082507E01025A8
:1025B00005E0202503E0402501E0802500BF3DE047
:1025C00076492068884219D16D48006800F00700FC
:1025D000062810D2DFE800F0030507090B0D0025DF
:1025E0000BE0042509E0082507E0102505E020257B
:1025F00003E0402501E0802500BF1FE05C49206822
:1026000088421AD15E48001D006800F007000628C5
:1026100010D2DFE800F0030507090B0D02250BE0DF
:10262000042509E0082507E0102505E0202503E042
:10263000402501E0802500BF00E0802500BF4C4917
:102640002068884271D1102D70D006DC022D09D08F
:10265000042D49D0082D6AD1A6E0202D68D0402D48
:10266000F9D1B3E1FEF796FF616A09B9012138E0BB
:10267000616A012901D1022133E0616A022901D195
:1026800004212EE0616A032901D1062129E0616A53
:10269000042901D1082124E0616A052901D10A2118
:1026A0001FE0616A062901D10C211AE0616A07293D
:1026B00001D1102115E0616A082901D1202110E023
:1026C000616A092901D140210BE0616A0A2901D11F
:1026D000802106E0616A0B2902D14FF4807100E08D
:1026E0000121B0FBF1FBB6E104A8FEF758FF059805
:1026F000616A09B9012154E0616A012901D102210D
:102700004FE0616A022901D104214AE0616A03298C
:1027100001D1062145E0616A042901D1082140E088
:10272000616A052905D10A213BE0FDE380E08FE1E4
:102730000BE1616A062901D10C2132E0616A0729A7
:1027400001D110212DE0616A082901D1202128E062
:10275000616A092901D1402123E0616A0A2901D176
:1027600080211EE0616A0B291AD14FF4807118E0B4
:10277000000C0058F369FFCFFFF4FF110010014077
:10278000544402580044004000480040004C0040BF
:10279000005000400014014000780040007C0040E0
:1027A0000121B0FBF1FB56E101A8FEF7FDFE029806
:1027B000616A09B9012138E0616A012901D1022168
:1027C00033E0616A022901D104212EE0616A032904
:1027D00001D1062129E0616A042901D1082124E000
:1027E000616A052901D10A211FE0616A062901D128
:1027F0000C211AE0616A072901D1102115E0616AF4
:10280000082901D1202110E0616A092901D1402164
:102810000BE0616A0A2901D1802106E0616A0B2977
:1028200002D14FF4807100E00121B0FBF1FB12E115
:10283000FA480068C0F3401088B3F8480068C0F355
:10284000C101F748C840616A09B9012139E0616AEC
:10285000012901D1022134E0616A022901D1042158
:102860002FE0616A032901D106212AE0616A042967
:1028700001D1082125E0616A052901D10A2120E062
:10288000616A062901D10C211BE0616A072901D187
:10289000102116E0616A082902D1202111E013E01D
:1028A000616A092901D140210BE0616A0A2901D13D
:1028B000802106E0616A0B2902D14FF4807100E0AB
:1028C0000121B0FBF1FB3FE0606A08B9012038E06C
:1028D000606A012801D1022033E0606A022801D138
:1028E00004202EE0606A032801D1062029E0606AF6
:1028F000042801D1082024E0606A052801D10A20BB
:102900001FE0606A062801D10C201AE0606A0728DF
:1029100001D1102015E0606A082801D1202010E0C4
:10292000606A092801D140200BE0606A0A2801D1C1
:10293000802006E0606A0B2802D14FF4807000E02E
:102940000120B749B1FBF0FB85E0606A08B90120BE
:1029500038E0606A012801D1022033E0606A022871
:1029600001D104202EE0606A032801D1062029E06D
:10297000606A042801D1082024E0606A052801D19A
:102980000A201FE0606A062801D10C201AE0606A64
:10299000072801D1102015E0606A082801D1202005
:1029A00010E0606A092801D140200BE0606A0A2823
:1029B00001D1802006E0606A0B2802D14FF48070BC
:1029C00000E001209749B1FBF0FB44E0606A08B9E0
:1029D000012038E0606A012801D1022033E0606AFA
:1029E000022801D104202EE0606A032801D10620CC
:1029F00029E0606A042801D1082024E0606A0528E3
:102A000001D10A201FE0606A062801D10C201AE0DB
:102A1000606A072801D1102015E0606A082801D1FA
:102A2000202010E0606A092801D140200BE0606A94
:102A30000A2801D1802006E0606A0B2802D14FF4F9
:102A4000807000E001204FF40041B1FBF0FB02E098
:102A50000120079000BF00BFBBF1000F00F0F2871C
:102A6000606800EB4000584503D860680003584593
:102A700003D20120079000F0E5BF102D75D006DCD1
:102A8000022D09D0042D67D0082D6FD1CCE0202D68
:102A90006DD0402DF9D14DE2FEF77CFD8046606A95
:102AA00008B9012238E0606A012801D1022233E02E
:102AB000606A022801D104222EE0606A032801D155
:102AC000062229E0606A042801D1082224E0606A15
:102AD000052801D10A221FE0606A062801D10C22D4
:102AE0001AE0606A072801D1102215E0606A082800
:102AF00001D1202210E0606A092801D140220BE0B8
:102B0000606A0A2801D1802206E0606A0B2802D19F
:102B10004FF4807200E0012294460023404619469B
:102B2000FEF747FD4FF4807300228C46A0FB031E86
:102B30000CFB03E300FB0233606840088C461CEB8F
:102B4000000643EB0201D4F804C06246002330467D
:102B5000FEF72FFD81464EE204A8FEF720FDDDF8CA
:102B600014E0606A20B901223BE0BFE040E282E16C
:102B7000606A012801D1022233E0606A022801D193
:102B800004222EE0606A032801D1062229E0606A4F
:102B9000042801D1082224E0606A052801D10A2214
:102BA0001FE0606A062801D10C221AE0606A07283B
:102BB00001D1102215E0606A082801D1202210E01E
:102BC000606A092801D140220BE0606A0A2801D11D
:102BD000802206E0606A0B2802D14FF4807200E088
:102BE00001229446002370461946FEF7E2FC4FF49A
:102BF000807C0022A0FB0C3E01FB0CE100FB0211DB
:102C0000606840081E185141D4F804C06246002391
:102C10003046FEF7CEFC8146EDE10000004402584C
:102C20000090D00300093D0001A8FEF7BDFCDDF8CF
:102C300008C0606A08B9012238E0606A012801D141
:102C4000022233E0606A022801D104222EE0606A89
:102C5000032801D1062229E0606A042801D1082254
:102C600024E0606A052801D10A221FE0606A062874
:102C700001D10C221AE0606A072801D1102215E068
:102C8000606A082801D1202210E0606A092801D179
:102C900040220BE0606A0A2801D1802206E0606AC7
:102CA0000B2802D14FF4807200E0012296460023E7
:102CB00060461946FEF77DFC4FF4807300228C4677
:102CC000A0FB031E0CFB03E300FB0233606840081B
:102CD0008C461CEB000643EB0201D4F804C06246AC
:102CE00000233046FEF765FC814684E1F848006821
:102CF000C0F3401090B3F6480068C0F3C101F54836
:102D000020FA01FE606A08B9012239E0606A0128F0
:102D100001D1022234E0606A022801D104222FE0AE
:102D2000606A032801D106222AE0606A042801D1E2
:102D3000082225E0606A052801D10A2220E0606AA5
:102D4000062801D10C221BE0606A072801D110225D
:102D500016E0606A082802D1202211E030E0606AA3
:102D6000092801D140220BE0606A0A2801D18022A3
:102D700006E0606A0B2802D14FF4807200E0012265
:102D80009446002370461946FEF713FC4FF48073F7
:102D900000228C46A0FB031E0CFB03E300FB023366
:102DA000606840088C461CEB000643EB0201D4F837
:102DB00004C0624600233046FEF7FBFB814659E023
:102DC000606A08B9012238E0606A012801D1022254
:102DD00033E0606A022801D104222EE0606A0328F1
:102DE00001D1062229E0606A042801D1082224E0EA
:102DF000606A052801D10A221FE0606A062801D115
:102E00000C221AE0606A072801D1102215E0606ADE
:102E1000082801D1202210E0606A092801D140224F
:102E20000BE0606A0A2801D1802206E0606A0B2864
:102E300002D14FF4807200E0012294460023A5489D
:102E40001946FEF7B6FB4FF4807300228C46A0FBB8
:102E5000031E0CFB03E300FB0233606840080E18FE
:102E600043EB0201D4F804C0624600233046FEF76B
:102E7000A0FB8146BFE0606A08B9012238E0606AC1
:102E8000012801D1022233E0606A022801D1042224
:102E90002EE0606A032801D1062229E0606A042836
:102EA00001D1082224E0606A052801D10A221FE02E
:102EB000606A062801D10C221AE0606A072801D155
:102EC000102215E0606A082801D1202210E0606A13
:102ED000092801D140220BE0606A0A2801D1802232
:102EE00006E0606A0B2802D14FF4807200E00122F4
:102EF0009446002378481946FEF75BFB4FF4807335
:102F000000228C46A0FB031E0CFB03E300FB0233F4
:102F1000606840088C461CEB000643EB0201D4F8C5
:102F200004C06246002300E073E03046FEF741FB38
:102F3000814660E0606A08B9012238E0606A0128D1
:102F400001D1022233E0606A022801D104222EE07E
:102F5000606A032801D1062229E0606A042801D1B1
:102F6000082224E0606A052801D10A221FE0606A75
:102F7000062801D10C221AE0606A072801D110222C
:102F800015E0606A082801D1202210E0606A092853
:102F900001D140220BE0606A0A2801D1802206E0BC
:102FA000606A0B2802D14FF4807200E0012294463F
:102FB00000234FF400401946FEF7FBFA4FF48073EC
:102FC00000228C46A0FB031E0CFB03E300FB023334
:102FD000606840088C461CEB000643EB0201D4F805
:102FE00004C0624600233046FEF7E3FA814602E061
:102FF0000120079000BF00BFB9F5407F06D3B9F5A7
:10300000801F03D22068C0F80C9034E5012007909F
:1030100031E5E069B0F5004F71D1082D70D005DCC5
:103020005DB1012D5AD0042D6BD1A7E0102D69D0D0
:10303000202D68D0402DF7D11EE2FEF7BFFA804662
:10304000606A08B9012038E0606A012801D10220D5
:1030500033E0606A022801D104202EE0606A032870
:1030600001D1062029E0606A042801D1082024E06B
:10307000606A052801D10A201FE0606A062801D194
:103080000C201AE0606A072801D1102015E0606A60
:10309000082801D1202010E0606A092801D14020D1
:1030A0000BE0606A0A2801D1802006E0606A0B28E4
:1030B00002D14FF4807000E00120B8FBF0F0400036
:1030C000616800EB5100B0FBF1F01FFA80F920E2DB
:1030D000004402580090D00300093D00FEF773FA47
:1030E0008046606A08B901203DE0606A012801D18C
:1030F000022038E0606A022806D1042033E020E292
:1031000088E003E2D2E06EE1606A032801D1062084
:1031100029E0606A042801D1082024E0606A0528BB
:1031200001D10A201FE0606A062801D10C201AE0B4
:10313000606A072801D1102015E0606A082801D1D3
:10314000202010E0606A092801D140200BE0606A6D
:103150000A2801D1802006E0606A0B2802D14FF4D2
:10316000807000E00120B8FBF0F04000616800EBE7
:103170005100B0FBF1F01FFA80F9CAE104A8FEF794
:103180000EFA0598616A09B9012138E0616A0129DE
:1031900001D1022133E0616A022901D104212EE02C
:1031A000616A032901D1062129E0616A042901D15C
:1031B000082124E0616A052901D10A211FE0616A22
:1031C000062901D10C211AE0616A072901D11021D9
:1031D00015E0616A082901D1202110E0616A0929FE
:1031E00001D140210BE0616A0A2901D1802106E06A
:1031F000616A0B2902D14FF4807100E00121B0FB1C
:10320000F1F04000616800EB5100B0FBF1F01FFAF3
:1032100080F97EE101A8FEF7C7F90298616A09B951
:10322000012138E0616A012901D1022133E0616A9C
:10323000022901D104212EE0616A032901D106216E
:1032400029E0616A042901D1082124E0616A052985
:1032500001D10A211FE0616A062901D10C211AE07F
:10326000616A072901D1102115E0616A082901D19D
:10327000202110E0616A092901D140210BE0616A37
:103280000A2901D1802106E0616A0B2902D14FF49D
:10329000807100E00121B0FBF1F04000616800EBBB
:1032A0005100B0FBF1F01FFA80F932E1F9480068F3
:1032B000C0F3401088B3F7480068C0F3C101F64876
:1032C000C840616A09B9012139E0616A012901D167
:1032D000022134E0616A022901D104212FE0616AF0
:1032E000032901D106212AE0616A042901D10821BC
:1032F00025E0616A052901D10A2120E0616A0629D9
:1033000001D10C211BE0616A072901D1102116E0CF
:10331000616A082902D1202111E01BE0616A0929B4
:1033200001D140210BE0616A0A2901D1802106E028
:10333000616A0B2902D14FF4807100E00121B0FBDA
:10334000F1F04000616800EB5100B0FBF1F01FFAB2
:1033500080F947E0606A08B9012038E0606A012816
:1033600001D1022033E0606A022801D104202EE05E
:10337000606A032801D1062029E0606A042801D18F
:10338000082024E0606A052801D10A201FE0606A55
:10339000062801D10C201AE0606A072801D110200C
:1033A00015E0606A082801D1202010E0606A092831
:1033B00001D140200BE0606A0A2801D1802006E09C
:1033C000606A0B2802D14FF4807000E00120B249FE
:1033D000B1FBF0F04000616800EB5100B0FBF1F090
:1033E0001FFA80F995E0606A08B9012038E0606A48
:1033F000012801D1022033E0606A022801D10420B3
:103400002EE0606A032801D1062029E0606A0428C2
:1034100001D1082024E0606A052801D10A201FE0BC
:10342000606A062801D10C201AE0606A072801D1E1
:10343000102015E0606A082801D1202010E0606AA1
:10344000092801D140200BE0606A0A2801D18020C0
:1034500006E0606A0B2802D14FF4807000E0012082
:103460008E49B1FBF0F04000616800EB5100B0FB09
:10347000F1F01FFA80F94CE0606A08B9012038E0E9
:10348000606A012801D1022033E0606A022801D17C
:1034900004202EE0606A032801D1062029E0606A3A
:1034A000042801D1082024E0606A052801D10A20FF
:1034B0001FE0606A062801D10C201AE0606A072824
:1034C00001D1102015E0606A082801D1202010E009
:1034D000606A092801D140200BE0606A0A2801D106
:1034E000802006E0606A0B2802D14FF4807000E073
:1034F00001204FF40041B1FBF0F04000616800EBA7
:103500005100B0FBF1F01FFA80F902E001200790B2
:1035100000BF00BFB9F1100F10D3B9F5803F0DD235
:103520004FF6F07009EA00000890C9F342010898CC
:103530000843089008982168C86083E2012007903A
:1035400080E2082D72D005DC5DB1012D53D0042D31
:103550006DD1A5E0102D6BD0202D6AD0402D66D105
:1035600017E2FEF72BF88046606A08B9012038E0C0
:10357000606A012801D1022033E0606A022801D18B
:1035800004202EE0606A032801D1062029E0606A49
:10359000042801D1082024E0606A052801D10A200E
:1035A0001FE0606A062801D10C201AE0606A072833
:1035B00001D1102015E0606A082801D1202010E018
:1035C000606A092801D140200BE0606A0A2801D115
:1035D000802006E0606A0B2802D14FF4807000E082
:1035E0000120B8FBF0F0616800EB5100B0FBF1F096
:1035F0001FFA80F919E2FDF7E6FF8046606A08B914
:1036000001203CE0606A012801D1022037E0606AB5
:10361000022801D1042032E0606A032801D106208B
:103620002DE0606A042805D1082028E083E0F9E154
:10363000CCE066E1606A052801D10A201FE0606ADB
:10364000062801D10C201AE0606A072801D1102059
:1036500015E0606A082801D1202010E0606A09287E
:1036600001D140200BE0606A0A2801D1802006E0E9
:10367000606A0B2802D14FF4807000E00120B8FB93
:10368000F0F0616800EB5100B0FBF1F01FFA80F937
:10369000CBE10000004402580090D00300093D0037
:1036A00004A8FDF77CFF0598616A09B9012138E09B
:1036B000616A012901D1022133E0616A022901D145
:1036C00004212EE0616A032901D1062129E0616A03
:1036D000042901D1082124E0616A052901D10A21C8
:1036E0001FE0616A062901D10C211AE0616A0729ED
:1036F00001D1102115E0616A082901D1202110E0D3
:10370000616A092901D140210BE0616A0A2901D1CE
:10371000802106E0616A0B2902D14FF4807100E03C
:103720000121B0FBF1F0616800EB5100B0FBF1F05A
:103730001FFA80F979E101A8FDF736FF0298616A66
:1037400009B9012138E0616A012901D1022133E080
:10375000616A022901D104212EE0616A032901D1A5
:10376000062129E0616A042901D1082124E0616A67
:10377000052901D10A211FE0616A062901D10C2126
:103780001AE0616A072901D1102115E0616A082950
:1037900001D1202110E0616A092901D140210BE00B
:1037A000616A0A2901D1802106E0616A0B2902D1F0
:1037B0004FF4807100E00121B0FBF1F0616800EB93
:1037C0005100B0FBF1F01FFA80F92EE1A348006828
:1037D000C0F3401088B3A1480068C0F3C101A048FD
:1037E000C840616A09B9012139E0616A012901D142
:1037F000022134E0616A022901D104212FE0616ACB
:10380000032901D106212AE0616A042901D1082196
:1038100025E0616A052901D10A2120E0616A0629B3
:1038200001D10C211BE0616A072901D1102116E0AA
:10383000616A082902D1202111E01AE0616A092990
:1038400001D140210BE0616A0A2901D1802106E003
:10385000616A0B2902D14FF4807100E00121B0FBB5
:10386000F1F0616800EB5100B0FBF1F01FFA80F954
:1038700046E0606A08B9012038E0606A012801D199
:10388000022033E0606A022801D104202EE0606A41
:10389000032801D1062029E0606A042801D108200C
:1038A00024E0606A052801D10A201FE0606A06282A
:1038B00001D10C201AE0606A072801D1102015E020
:1038C000606A082801D1202010E0606A092801D12F
:1038D00040200BE0606A0A2801D1802006E0606A7F
:1038E0000B2802D14FF4807000E001205C49B1FB4D
:1038F000F0F0616800EB5100B0FBF1F01FFA80F9C5
:1039000093E0606A08B9012038E0606A012801D1BB
:10391000022033E0606A022801D104202EE0606AB0
:10392000032801D1062029E0606A042801D108207B
:1039300024E0606A052801D10A201FE0606A062899
:1039400001D10C201AE0606A072801D1102015E08F
:10395000606A082801D1202010E0606A092801D19E
:1039600040200BE0606A0A2801D1802006E0606AEE
:103970000B2802D14FF4807000E001203949B1FBDF
:10398000F0F0616800EB5100B0FBF1F01FFA80F934
:103990004BE0606A08B9012038E0606A012801D173
:1039A000022033E0606A022801D104202EE0606A20
:1039B000032801D1062029E0606A042801D10820EB
:1039C00024E0606A052801D10A201FE0606A062809
:1039D00001D10C201AE0606A072801D1102015E0FF
:1039E000606A082801D1202010E0606A092801D10E
:1039F00040200BE0606A0A2801D1802006E0606A5E
:103A00000B2802D14FF4807000E001204FF40041F8
:103A1000B1FBF0F0616800EB5100B0FBF1F01FFA70
:103A200080F902E00120079000BF00BFB9F1100F3C
:103A300006D3B9F5803F03D22068C0F80C9001E0AE
:103A4000012007900120A4F86A00A4F86800002073
:103A5000E0662067079809B0BDE8F08F004402587F
:103A60000090D00300093D002DE9F04104460D46C9
:103A700017469846069E4AE0701C002847D0FDF77E
:103A80007FFDA0EB0800B04200D8C6B920680068EE
:103A900020F4D070216808602068806820F0010060
:103AA000216888602020C4F88000C4F8840000BF2A
:103AB000002084F87C0000BF0320BDE8F08120686E
:103AC000006800F0040010B32068C069C0F3C02093
:103AD000E8B14FF40060216808622068006820F4B3
:103AE000D070216808602068806820F0010021689B
:103AF00088602020C4F88000C4F88400C4F88800DE
:103B000000BF002084F87C0000BF0320D5E72068B8
:103B1000C0692840A84201D1012000E00020B8423D
:103B2000AAD00020C9E703B401984100009850EAE8
:103B3000C12018BF04204A0D18BF40F0010040F218
:103B4000FF72B2EB515F08BF40F00200012808BFCE
:103B5000052002B0704770B50446002508E02168D2
:103B6000481C20600878303805EB850100EB4105E2
:103B70002168087800F004F80028F0D1284670BDCC
:103B80000146302903DB392901DC01207047002080
:103B9000FCE730380A2801D2012070470020704726
:103BA00010B54021074801F0E3FA0022042106483D
:103BB0002BF0CAF80549086002F000FE0020044915
:103BC000087010BD90D6052489680090B4020024C6
:103BD000B002002430B50346B1F90040B2F90050FC
:103BE000AC4202DDB1F9004001E0B2F900401C80B6
:103BF000B1F90240B2F90250AC4202DDB1F9024023
:103C000001E0B2F902405C80B1F90440B2F904501D
:103C1000AC4202DAB1F9044001E0B2F904409C8000
:103C2000B1F90640B2F90650AC4202DAB1F90640E9
:103C300001E0B2F90640DC800120B3F90040B3F99D
:103C40000450AC4205DCB3F90240B3F90650AC4273
:103C500000DD002030BDF8B504460D4616460027AD
:103C6000B4F90000B5F90010884212DBB4F9020083
:103C7000B5F9021088420CDBB4F90400B5F9041060
:103C8000884206DCB4F90600B5F90610884200DC6B
:103C900001270FB90020F8BD0EB90120FBE72088ED
:103CA000ADF800006088ADF802003246694628464B
:103CB00000F0A7F808B90020EDE7A088ADF80000F3
:103CC0006088ADF8020032466946284600F099F84F
:103CD00008B90020DFE72088ADF80000E088ADF8E3
:103CE000020032466946284600F08BF808B90020E9
:103CF000D1E7A088ADF80000E088ADF802003246B8
:103D00006946284600F07DF808B90020C3E7012085
:103D1000C1E70246B2F90000B1F90430984213DC61
:103D2000B2F90400B1F9003098420DDBB2F902009B
:103D3000B1F90630984207DCB2F90600B1F9023059
:103D4000984201DB012070470020FCE7F8B50446EB
:103D50000D461646B4F90400B5F90010884211DB8F
:103D6000B4F90600B5F9021088420BDBB4F9000083
:103D7000B5F90410884205DCB4F90200B5F9061063
:103D8000884201DD0120F8BD0EB90020FBE7208844
:103D9000ADF800006088ADF802003246694628465A
:103DA00000F02FF808B10020EDE7A088ADF8000082
:103DB0006088ADF8020032466946284600F021F8D6
:103DC00008B10020DFE72088ADF80000E088ADF8FA
:103DD000020032466946284600F013F808B1002078
:103DE000D1E7A088ADF80000E088ADF802003246C7
:103DF0006946284600F005F808B10020C3E7012015
:103E0000C1E72DE9FC5F05460E4614464FF0000A57
:103E1000B6F90000B5F90010884213DBB6F90000CE
:103E2000B5F9041088420DDCB6F90200B5F90210AC
:103E3000884207DBB6F90200B5F90610884201DCBA
:103E40004FF0010ABAF1000F02D10020BDE8FC9F3B
:103E5000002C01DC0120F9E7284616F0AEFD834670
:103E600000EBDB704710284616F01FFD834600EB81
:103E7000DB704FEA6008474501DA384600E040460B
:103E800081464C4500DD4C462888ADF80000288866
:103E9000204400B2ADF804006888ADF802006888DC
:103EA000204400B2ADF80600002231466846FFF714
:103EB000A8FF80B1BDF80400204400B2ADF80400B2
:103EC000BDF80600204400B2ADF806003146684651
:103ED00027F004FBBAE7E888001B00B2ADF8020047
:103EE000E888ADF80600002231466846FFF789FFF2
:103EF00080B1BDF80400204400B2ADF80400BDF864
:103F00000200001B00B2ADF802003146684627F0FF
:103F1000E5FA9BE7A888001B00B2ADF80000A8886E
:103F2000ADF80400002231466846FFF76AFF80B111
:103F3000BDF80000001B00B2ADF80000BDF80200A3
:103F4000001B00B2ADF802003146684627F0C6FA01
:103F50007CE76888ADF802006888204400B2ADF8BC
:103F60000600002231466846FFF74BFF80B1BDF8DE
:103F70000000001B00B2ADF80000BDF806002044B0
:103F800000B2ADF806003146684627F0A7FA5DE7B3
:103F900001205BE710B5B1F90030B2F90040A3424F
:103FA00002DAB1F9003001E0B2F900300380B1F972
:103FB0000230B2F90240A34202DAB1F9023001E064
:103FC000B2F902304380B1F90430B2F90440A3429F
:103FD00002DDB1F9043001E0B2F904308380B1F9B7
:103FE0000630B2F90640A34202DDB1F9063001E025
:103FF000B2F90630C38010BD2DE9FF4104462AF016
:1040000044FE05460020039034B14749E06808604B
:1040100020462AF0B1FF03E019F062FB4249086034
:1040200041490968086927F0B7F93F4800684069C5
:1040300020B13D490968486927F0AEF93A49096855
:10404000C86927F0A9F938490968086A27F0A4F96E
:1040500035480068006940B9002033490968A1F873
:10406000500100BF00BFBDE8FF8127F037FD27F0FA
:104070007DFC2D480068B0F8500100284BD02A483C
:1040800000680068007CC0F34000E8B12648006882
:1040900019F0A4FB401E06B22348006819F038FB53
:1040A000401E07B23B460022114601A8009616F0BA
:1040B000C9FC01A81C4909680968896B48601A484D
:1040C000006805F007FE00BF4FF4807116480068D5
:1040D000303021F0E0FB20211348006800F5987093
:1040E00021F0D9FB002010490968A1F850012846A9
:1040F0002AF0BEFD03900C4800680068406A50B189
:104100000949096808680849096809684B6A074944
:104110000A680399984721F0F5F800F03FF800F09D
:1041200007F800BF9FE700006C010024680100242D
:1041300010B5002416E0C4EBC4000C4951F820006F
:1041400030B1C4EBC401094A52F8210021F08CF9C6
:10415000C4EBC401054A02EB81001C2121F09BFB4A
:10416000601CC4B2042CE6DB10BD00006CD7052433
:104170000146094A10680BE042688A4202D0026890
:104180008A4204D1027E22F00102521C027640696A
:104190000028F1D170470000400100247047000062
:1041A00010B50421014800F0E3FF10BD84D60524BA
:1041B00010B51C21014800F0DBFF10BD9CD6052482
:1041C0002DE9FF4F8BB004469A46199DBAF1000FB6
:1041D00011D11898B0F5807F0DD10020208060802B
:1041E0000C98401E00B2A0800D98401E00B2E080E6
:1041F0000FB0BDE8F08FB5F9000040421899484370
:104200000121C1EB202000B22080B5F9020040421C
:10421000189948430121C1EB202000B26080B5F914
:1042200000100C98401A18994843022101EB2020F5
:1042300000B2A080B5F902100D98401A18994843B1
:10424000022101EB202000B2E080BAF1000F14D16E
:1042500020882988084400B2208060886988084442
:1042600000B26080A0882988084400B2A080E0885D
:104270006988084400B2E080BAE70A209AFBF0F0AF
:104280000A900A98401C09900A9800EB8000AAEB5B
:10429000400B0A9800B22AF0F5FF0890099800B286
:1042A0002AF0F0FF07900A985A3000B22AF0EAFF8D
:1042B000069009985A3000B22AF0E4FF0590CBF13D
:1042C0000A0108984143079800FB0B100A2190FB54
:1042D000F1F6CBF10A0106984143059800FB0B105B
:1042E0000A2190FBF1F776117F11B4F90080B4F93F
:1042F000029007FB08F006FB1900298801EBA020BB
:1043000000B2ADF8100006FB08F007FB0900698851
:1043100001EBA02000B2ADF81200B4F90480B4F9AA
:10432000029007FB08F006FB1900298801EBA0208A
:1043300000B2ADF80C0006FB08F007FB0900698825
:1043400001EBA02000B2ADF80E00B4F90080B4F982
:10435000069007FB08F006FB1900298801EBA02056
:1043600000B2ADF8080006FB08F007FB09006988F9
:1043700001EBA02000B2ADF80A00B4F90480B4F952
:10438000069007FB08F006FB1900298801EBA02026
:1043900000B2ADF8040006FB08F007FB09006988CD
:1043A00001EBA02000B2ADF80600BDF90800BDF990
:1043B0001010884202DABDF9080001E0BDF91000D2
:1043C000BDF90410BDF90C20914202DABDF90410C8
:1043D00001E0BDF90C1088420BDABDF90800BDF907
:1043E0001010884202DABDF908000DE0BDF9100096
:1043F0000AE0BDF90400BDF90C10884202DABDF9EB
:10440000040001E0BDF90C002080BDF90800BDF9F1
:104410001010884202DDBDF9080001E0BDF910006E
:10442000BDF90410BDF90C20914202DDBDF9041064
:1044300001E0BDF90C1088420BDDBDF90800BDF9A3
:104440001010884202DDBDF908000DE0BDF9100032
:104450000AE0BDF90400BDF90C10884202DDBDF987
:10446000040001E0BDF90C00A080BDF90A00BDF90F
:104470001210884202DABDF90A0001E0BDF912000B
:10448000BDF90610BDF90E20914202DABDF9061001
:1044900001E0BDF90E1088420BDABDF90A00BDF942
:1044A0001210884202DABDF90A000DE0BDF91200CF
:1044B0000AE0BDF90600BDF90E10884202DABDF926
:1044C000060001E0BDF90E006080BDF90A00BDF9EB
:1044D0001210884202DDBDF90A0001E0BDF91200A8
:1044E000BDF90610BDF90E20914202DDBDF906109E
:1044F00001E0BDF90E1088420BDDBDF90A00BDF9DF
:104500001210884202DDBDF90A000DE0BDF912006B
:104510000AE0BDF90600BDF90E10884202DDBDF9C2
:10452000060001E0BDF90E00E08000BF60E62DE965
:10453000F74F86B0044620680590B4F90810079834
:10454000A0EB0108B4F90A100898A0EB0109E08972
:10455000B0F5807F13D1206B00FB08F0E16A01FB0E
:104560001901606A00EBA10BE06A00FB08F0216B07
:1045700001FB0901A06A00EBA10004902FE0A089D3
:1045800080B9A06B00FB08F04FEA6018A06B00FB3D
:1045900009F04FEA6019606A00EB080BA06A484412
:1045A00004901CE0A06B00FB08F04FEA6018A06BC1
:1045B00000FB09F04FEA6019206B00FB08F0E16A8C
:1045C00001FB1901606A00EBA12BE06A00FB08F017
:1045D000216B01FB0901A06A00EBA12004904FEAC6
:1045E0002B2604980712B4F90400B04203DC002023
:1045F00009B0BDE8F08F002E01DA0020F8E7B4F929
:104600000600B84201DC0020F2E7002F01DA0020AA
:10461000EEE73420005DC0F3800050B33420005D2D
:10462000C0F3400078B90225B4F904007843684328
:1046300006FB050A059800EB0A012A4604F114005E
:1046400021F0D7F82CE00325B4F90400784368433F
:1046500006FB050A6A1E059800EB0A0104F1140026
:1046600021F0C7F80AEB0500401E0599095CA17509
:1046700016E04FF0000A0025208A03463AB231B214
:10468000019004F118001DF09BFD0290BDF8080098
:10469000A0823AB231B204F118001DF0F1FCA0750D
:1046A0003420005D00F00100B0B14FF47F400021E4
:1046B00000F47C4241EA5211C0F3C402114301915B
:1046C000BDF8042011460291A08ABDF80810884266
:1046D00001D100208CE700BFE07C08B9012087E70A
:1046E0000FFA8BF1A187049801B2E18731B2402023
:1046F000015339B242200153C4F844A084F8485011
:10470000204600F003F80390039871E72DE9F04F7D
:104710008DB00446D4F8009094F83C000C9094F8C6
:104720003E000B900C9870280BDA4FF0FF35B4F96F
:1047300040002844002800DA00250C988030C7B2D9
:1047400013E00C9890280EDD0125B4F940002844B0
:10475000B4F90410884200DB00250C98C0F1FF007A
:104760008030C7B201E00025FF270B9870280CDAD3
:104770004FF0FF36B4F942003044002800DA00263A
:104780000B98803000F0FF0815E00B9890280FDDA3
:104790000126B4F942003044B4F90610884200DB27
:1047A00000260B98C0F1FF00803000F0FF0802E007
:1047B00000264FF0FF08A08A0A90A07D06900020F6
:1047C0000590049003903420005DC0F38000002821
:1047D0005BD094F84800626C00FB052000EB0901F7
:1047E000022209A821F005F8A28894F8480012FBDB
:1047F00000F2606C02FB060000EB0901022208A82F
:1048000020F0F7FFA28894F8480012FB00F2606CD9
:1048100002FB060294F8480000FB052000EB0901AA
:10482000022207A820F0E5FF3420005DC0F340001D
:1048300000287ED094F84800616C00FB0511084404
:10484000401E19F800000590A18894F8480011FB5B
:1048500000F1606C01FB060194F848000844401E1A
:1048600019F800000490A18894F8480011FB00F1A9
:10487000606C01FB060194F8480000FB0511084438
:10488000401E19F80000039053E0208A0090B4F90C
:1048900042204020005B284401B204F11800009B34
:1048A0001DF08EFC0990208A00904220005B30446D
:1048B00002B2B4F9401004F11800009B1DF080FC16
:1048C0000890208A00904220005B304402B24020D1
:1048D000005B284401B204F11800009B1DF070FC3D
:1048E00007903420005DC0F3400010B3B4F94220BB
:1048F0004020005B284401B204F118001DF0C0FB09
:1049000005904220005B304402B2B4F9401004F13B
:1049100018001DF0B5FB04904220005B304402B249
:104920004020005B284401B204F118001DF0A8FBF0
:104930000390BA46BB463420005DC0F34000E0B3AC
:1049400006987843C7F1FF0C059B03FB0C00C0F3EE
:10495000072104987843C7F1FF0C039B03FB0C006D
:10496000C0F3072201FB08F0C8F1FF0302FB0300BC
:10497000030AA375022905DC022A03DC00200DB01E
:10498000BDE8F08F022901DC4FF00008022A01DCAB
:104990004FF0FF080698022801DC4FF0000A059846
:1049A000022801DC4FF0FF0A0498022801DC4FF0D6
:1049B000000B0398022803DC00E002E04FF0FF0B3D
:1049C00003E0BA46BB46FF21A175BAF1000F02D140
:1049D000099802900BE0BAF1FF0F02D10A980290F9
:1049E00005E05246DDE9091018F0E8F80290BBF145
:1049F000000F02D1079801900BE0BBF1FF0F02D12D
:104A00000898019005E05A46DDE9071018F0D6F83D
:104A10000190B8F1000F03D1BDF80400A0820FE0AF
:104A2000B8F1FF0F03D1BDF80800A08208E04246AC
:104A3000DDE9011018F0C2F80090BDF80000A08276
:104A400001209CE72DE9F05F0446B4F9080001025B
:104A50006162B4F90A000102A162B4F90C000A21F2
:104A600090FBF1F56F1CB4F90C0005EB8501A0EB90
:104A70004106684200B22AF005FC8046784200B246
:104A80002AF000FC8146C5F15A0000B22AF0FAFB78
:104A90008246C7F15A0000B22AF0F4FB8346C6F101
:104AA0000A0000FB08F009FB06000A2190FBF1F167
:104AB000E162C6F10A0000FB0AF00BFB06000A21C6
:104AC00090FBF1F12163E06A4111E162206B411139
:104AD0002163A07C1DF083FC3421095D60F300019B
:104AE00034200155A07C1DF05DFC3421095D60F38C
:104AF000410134200155A07C042805D0A07C052864
:104B000002D0A07C062807D13420005D20F00400EC
:104B1000001D3421085505E03420005D20F004011B
:104B20003420015521682162A06920F0E000A061D5
:104B3000A17CA06961F30400A061A188A06961F370
:104B40009420A061E188A06961F35F50A061E089D1
:104B500000EBD071491001F5001191FBF0F2A26356
:104B6000FF21A175208AA082BDE8F09F2DE9F743BF
:104B7000054616460024134C2AF087F88046334633
:104B800029462046019A1EF0D9F807465FB900BFB2
:104B900000BF2C21204620F07EFE4FF00040A06296
:104BA0000020BDE8FE830020A062E06918B94046FD
:104BB0002AF05EF8E061E06908B90120E061204672
:104BC000EFE70000C0D6052410B51421114800F00D
:104BD000CFFA1EF065F8044600BF1CB900BF00BF45
:104BE00000BFFEE700BF14B900BF00BF10BD0A49F7
:104BF00020461EF03DF9094920461EF03BF90849C0
:104C000020461EF039F9074920461EF02FF900BF53
:104C1000ECE70000A8D60524BD240290912902905B
:104C2000AD2B02908524029070B504460D461021EC
:104C3000284620F030FE20680078012804D1208A20
:104C40002880608A68800CE020680078022802D101
:104C5000E068686005E020680078042801D10A2037
:104C600068602068406820B1206829464268904703
:104C700001E000BF00BF70BD2DE9FE430446A66AF7
:104C8000EEB9A18A208A084401B2A182E18A608A31
:104C9000084401B2E18220460CF039FD06460EB907
:104CA000BDE8FE83204610F01BFC0022092130469F
:104CB0001CF0EAF96078C0F3400000B1F0E7208A08
:104CC00010B9608A002870D000200290019094F8FA
:104CD0003C0000F00F00032812D1304622F094FE71
:104CE0000746304622F018FE804603200090B4F9B3
:104CF00010103B46424630460CF000F8029012E09D
:104D0000304622F003FF0746304622F077FD80460A
:104D10000C200090B4F9121043463A4630460BF08E
:104D2000EDFF019000BF304622F0C8FD054605F0BA
:104D3000010028B9BDF90800002801DD002002901B
:104D400005F0020028B9BDF90800002801DA0020AA
:104D5000029005F0040028B9BDF90400002801DD27
:104D60000020019005F0080028B9BDF904000028D2
:104D700001DA0020019001AA02A920462DF040F896
:104D80000023BDF90420BDF90810304625F09CFD34
:104D9000A08ABDF80810084401B2A182E08ABDF8DB
:104DA0000410084401B2E18200BF00BF78E72DE99A
:104DB000F84F0446D4F828B0BBF1000F01D1BDE88C
:104DC000F88F94F83C0000F00F0000B9F7E71EF0F0
:104DD00037FB06463068477E4021584624F09EFA4D
:104DE00010B9002161832183584622F07BFE804662
:104DF000584622F081FE054694F83C0000F00F0072
:104E00000C2843D1002121831DBBB4F91A00C7F13E
:104E100064014843642190FBF1F001B2618358467C
:104E200022F0ECFC8146584622F070FE82460C20AF
:104E30000090B4F91A104B46524658460BF05EFFEC
:104E40006083B4F91A2000231946584625F03CFD2A
:104E500069E020462DF02BF80090002161836A461E
:104E600020462CF0CDFFBDF9003041F6FF725142D3
:104E700058460CF0F5FD8146BDF80000484402B2EA
:104E800001230021584625F01FFD4CE094F83C001A
:104E900000F00F00032846D100216183B8F1000F14
:104EA00023D1B4F91800C7F164014843642190FB91
:104EB000F1F001B22183584622F02EFD814658467A
:104EC00022F0A2FD824603200090B4F91810534648
:104ED0004A4658460BF012FF2083B4F918100023FD
:104EE0001A46584625F0F0FC1DE020462CF0C4FF81
:104EF0000090002121830022694620462CF080FF8B
:104F0000BDF9003041F6FF72514258460CF00EFDDB
:104F10008146BDF80000484401B2012300225846F2
:104F200025F0D2FC00BF208B002860D1608B0028C8
:104F30005DD11DBB584622F0E9FD8146584622F05E
:104F40005DFC8246B9F1000F02DCBAF1000F14DDFE
:104F5000B9F1000F06DA01234A460021584625F030
:104F6000B3FC0AE0BAF1000F07DA0123CAF100002E
:104F700002B20021584625F0A7FC00BFB8F1000F8F
:104F800023D1584622F0C8FC8146584622F03CFD09
:104F90008246B9F1000F02DCBAF1000F14DDB9F15D
:104FA000000F06DA012300224946584625F08CFC02
:104FB0000AE0BAF1000F07DA01230022CAF100006B
:104FC00001B2584625F080FC00BF32460A215846FF
:104FD0001CF05AF86078C0F3400000B1EFE694F896
:104FE0003C0020F00F0184F83C100021A16200BFBA
:104FF000E5E62DE9FF4104460F4614B918F070FBB1
:1050000004460CB9BDE8FF811FB90020A4F8500187
:10501000F8E70020ADF80800ADF80A00204618F0C7
:1050200077FB401E00B2ADF80C00204618F0D6FB0E
:10503000401E00B2ADF80E0002AA39466846FEF7DF
:10504000C9FD064606B9DDE72068007CC0F34000D4
:1050500060B102982063039860630120A4F85001B6
:10506000606810B1606829F093FFCBE72068806921
:1050700018B1206869468269904700250BE004F169
:10508000300000EBC50100226846FEF7E4FD00B1E8
:10509000B8E7681C85B2B4F85001A842EFDCB4F858
:1050A0005001202809DAB4F8502104F1300101EB55
:1050B000C200694615F069FB0BE00020A4F850011E
:1050C000B4F8502104F1300101EBC20002A915F03F
:1050D0005CFBB4F85001401CA4F85001606810B1AA
:1050E000606829F055FF00BF8CE770B5054628467B
:1050F00000F013F8044600260CE02146284600F094
:1051000024F806462146284600F086F8204620F07E
:10511000ABF93446002CF0D170BD014609B900202E
:1051200070474868FCE770B5064600243046FFF734
:10513000F4FF054605E0641C2946304600F005F8FA
:105140000546002DF7D1204670BD02460B4610687B
:10515000001D03441868704702460B46106803445C
:1051600018687047014609B9002070478868FCE755
:10517000002242608260CA1C22F003010160704775
:1051800070B50446216801F1080020F09FF805463B
:10519000A5B10022294620462BF09AF9294620463F
:1051A00062682BF087F9606820B12A462046616862
:1051B0002BF08EF96560A06800B9A560284670BD27
:1051C00070B50446216801F1080020F07FF805461B
:1051D000A5B10022294620462BF06CF9294620462D
:1051E000A2682BF075F9A06820B12A462046A16874
:1051F0002BF060F9A560606800B96560284670BD55
:10520000014609B901207047486818B9886808B98B
:105210000120F8E70020F6E72DE9F04104460D46AD
:105220000CB9BDE8F0812046FFF777FFA8420FD107
:1052300029462046FFF789FF6060606810B90020AA
:10524000A0602FE00022204661682BF041F929E0A0
:105250002046FFF787FFA8420FD129462046FFF7D7
:105260007BFFA060A06810B9002060601AE00022F7
:105270002046A1682BF01EF914E029462046FFF7CE
:105280006BFF064629462046FFF75FFF07463A4672
:10529000314620462BF00EF93246394620462BF097
:1052A00017F900BF00BFBCE710B50446206880684E
:1052B00018B120682146826890472068006828B1AC
:1052C0002068006820602046FFF7EEFF10BD014611
:1052D000886818B18868B0F9160070470020FCE7AC
:1052E0002DE9F04F93B005468B4691469A461C9E99
:1052F000688C20F00400001D6884A5F82090328995
:105300005946284623F086FD1290A5F820A0328940
:105310005946284623F07EFD1190688C20F0040049
:105320006884DDE9111088420CD1DDE91110884252
:1053300008D1BDF84800BDF84410884202D113B02E
:10534000BDE8F08FA5F8209032895946284623F011
:1053500061FD1290A5F820A0594628460EF097FA54
:1053600010903189109A1068129A28F04AF9308901
:10537000602833D147F6FF711298884202D0119805
:1053800088422BD1284623F06CFF0F9000EBD070A1
:105390004710284623F065FF0F9000EBD0704FEACE
:1053A000600847F6FF711298884208D1781C08F10E
:1053B0000101884200DA01E008F10100129047F68D
:1053C000FF711198884208D1781C08F101018842C8
:1053D00000DA01E008F10100119000BF2448FFF756
:1053E000CFFE044600BF1CB900BF00BF00BFFEE7F0
:1053F00000BF04B9A3E71298E06011982061ACB334
:1054000025603089A080C4F808B0684614F084FB99
:105410002146684614F033FC1649684614F0FFFB39
:105420001548029000BF1549684614F006FCFF229B
:105430000021684614F013FC3188684614F005FC1E
:105440007188684614F0E6FBF068069000BF684675
:10545000002190F83E2061F3000280F83E2000BF5A
:1054600030690590684614F021FC00BF00BF66E774
:10547000B4D605248562039031650390616403907E
:1054800010B514210148FFF773FE10BDB4D60524F2
:105490002DE9FE4F04460F4690464FF000090025C7
:1054A0006BE1E06800EBC5004068C0F3406000B10C
:1054B00062E1E16801EBC501496821F07F4025F018
:1054C00068FF064626EA070008B9012000E0002030
:1054D000029026EA080008B9012000E000200190AF
:1054E000DDE90101814272D0E06850F835A04FF04B
:1054F000000B6A4641F61001504627F01BFD10B123
:105500004FF0010BA9E06A4641F61101504627F021
:1055100011FD10B14FF0010B9FE06A4641F61201F8
:10552000504627F007FD10B14FF0010B95E06A4699
:1055300041F61301504627F0FDFC10B14FF0010B6E
:105540008BE06A4641F61501504627F0F3FC10B196
:105550004FF0010B81E06A4641F61401504627F0F6
:10556000E9FC10B14FF0010B77E06A4641F26901A6
:10557000504627F0DFFC10B14FF0010B6DE06A469A
:1055800043F20C01504627F0D5FC10B14FF0010B4F
:1055900063E06A4643F20D01504627F0CBFC10B1A0
:1055A0004FF0010B59E06A4641F20101504627F0E5
:1055B000C1FC10B14FF0010B4FE06A4641F204010B
:1055C000504627F0B7FC18B14FF0010B45E0D2E090
:1055D0006A4641F20201504627F0ACFC10B14FF090
:1055E000010B3AE06A4641F20301504627F0A2FC63
:1055F00010B14FF0010B30E06A4641F20501504610
:1056000027F098FC10B14FF0010B26E06A4641F2FA
:105610000601504627F08EFC10B14FF0010B1CE044
:105620006A4641F23201504627F084FC10B14FF037
:10563000010B12E06A4643F60F01504627F07AFC50
:1056400010B14FF0010B08E06A4643F60E015046D8
:1056500027F070FC08B14FF0010BBBF1000F02D036
:105660000320BDE8FE8F6A4640F60A01504627F047
:1056700061FC10B14FF002097CE06A4640F60B0174
:10568000504627F057FC10B14FF0020972E06A460D
:1056900043F60F01504627F04DFC10B14FF00209C0
:1056A00068E06A4643F60E01504627F043FC10B10D
:1056B0004FF002095EE06A4640F63C01504627F092
:1056C00039FC10B14FF0020954E06A4640F63D0142
:1056D000504627F02FFC10B14FF002094AE06A460D
:1056E00040F63A01504627F025FC10B14FF0020970
:1056F00040E06A464FF40461504627F01BFC10B1AD
:105700004FF0020936E06A4640F64501504627F060
:1057100011FC10B14FF002092CE06A4640F641013D
:10572000504627F007FC10B14FF0020922E06A460C
:1057300040F64201504627F0FDFB10B14FF0020940
:1057400018E06A4640F64301504627F0F3FB10B1DB
:105750004FF002090EE06A4640F64901504627F034
:10576000E9FB10B14FF0020904E0B9F1000F01D1DB
:105770004FF0010900BF00BF6D1C608CC0F3C50075
:10578000A8423FF68EAE48466BE70000014800682D
:10579000704700006C01002470470146C1F30412F9
:1057A000072A00DD0722D0B27047000010B518218B
:1057B0000348FFF7DDFC012029F002FB10BD0000CB
:1057C00060D605242DE9F04105460F4616460DB971
:1057D000BDE8F0812846FAF71DFE80463946284686
:1057E0000A4A126890470746E8193146074A126884
:1057F000904706463C4603E0A019285C2855641CE7
:10580000A8EB0600A042F7D200BFE1E700030024A6
:105810002DE9F04106460C4617461D4629463046FE
:10582000084A126890472060206830B129688819BA
:105830000021044A1268904700E000203860BDE86B
:10584000F0810000F80200242DE9F04F87B00446F3
:105850000F4692469846DDE910560DB1002028808B
:105860001CB9002007B0BDE8F08F207808B90020EF
:10587000F8E70FB90020F5E74FF0000906F0020045
:1058800010B906F0040098B1002000E0401C215C33
:105890000A2905D0215C0D2902D0215C0029F5D10F
:1058A000215C01B1401C15B14FF0FF312980D9E7CF
:1058B00006F0020008B141F6FF780020069005903E
:1058C00038E000200490059808B9012000E000208D
:1058D00006A904AACDE90062CDE902100599601875
:1058E00043465246394629F005FD83460498A8EB05
:1058F00000000FFA80F8049848440FFA80F9BBF1D1
:10590000000F00D11CE005985844059020780A2823
:1059100002D020780D2800D112E00598205C0A28DA
:1059200003D00598205C0D2803D10598401C0590F4
:1059300006E000BF0598205C10B1B8F1000FC0DC94
:1059400000BF059870B905A92046094A126890471A
:10595000834635B10022594638461BF04CFE0FFAFB
:1059600080F900BF0DB1A5F8009005987AE7000016
:10597000F80200242DE9F04706468846174606B18E
:105980000FB9BDE8F0873046FAF744FD8146384646
:10599000FAF740FD044604B9F3E704EB090A41466F
:1059A00030460B4A126890478046554603E0281B54
:1059B000305C70556D1E08EB0400A842F7D906EB69
:1059C0000800224639461FF020FF00BFD9E700003B
:1059D00000030024024600200FA31B788B4211D144
:1059E00013781BB90123137001200BE01378012BEE
:1059F00002D10023137005E01378022B02D100239B
:105A0000137001201378012B04D1202901D1022326
:105A100013700120704700002300000073B582B0AE
:105A2000064603980190324600210846019B29F062
:105A30007DFF0546002001900024681C1FF046FCF5
:105A4000044600BF1CB900BF00BF00BFFEE700BF97
:105A500014B9002004B070BD002060553246691CA6
:105A60002046039B29F062FF2046F3E72DE9F0472B
:105A700081460E4614461F46DDF820A035461BE041
:105A8000600800FB075529464846D047B0F100089A
:105A900009DD04F0010080F00100C0EB5404E819B6
:105AA0000546064608E0B8F1000F02DA64083546FC
:105AB00002E02846BDE8F087002CE1D10020F9E79C
:105AC0002DE9FF4F85B08346DDE9158ADDE91349ED
:105AD000DDE91775129E05F00200F8B94FB105F027
:105AE000010030B1B9F1000F02D105F00C0000B196
:105AF0007F1E03E030222046641C3254544501D2FC
:105B0000202CF7D303E030222046641C325405F0E9
:105B1000010018B1BC4201D2202CF4D305F01000D2
:105B2000B0B305F4806050B94CB1544501D0BC42CB
:105B300005D1641E1CB1B8F1100F00D1641EB8F17C
:105B4000100F09D105F0200030B9202C04D27822A2
:105B50002046641C325415E0B8F1100F09D105F04D
:105B6000200030B1202C04D258222046641C32542C
:105B700008E0B8F1020F05D1202C03D262222046A2
:105B8000641C3254202C03D230222046641C325430
:105B9000202C16D2B9F1000F04D02D222046641C0F
:105BA00032540EE005F0040020B12B222046641C84
:105BB000325406E005F0080018B120222046641C8B
:105BC0003254CDE90275CDE90064584606A90EC9E4
:105BD00000F0A2F809B0BDE8F08F2DE9FF4F8FB0BB
:105BE0008046DDE91FABDDE91D96219D1C9C002749
:105BF0000CB925F0100505F4806000B1E4B100BFD8
:105C0000B4FBF6F106FB1141C8B20A2802DA00F132
:105C1000300107E005F0200109B1412100E06121D8
:105C200001440A39CBB239467F1C07AA5354B4FB4E
:105C3000F6F40CB1202FE3D307A8CDE904AB8DE82F
:105C4000810203960695404610A90EC9FFF738FF5A
:105C500013B0BDE8F08F2DE9FF4F8FB0DDE9217B58
:105C6000DDF89080209EDDE91C454FF00009002101
:105C700084EA01006940084301D128F0100808F4C3
:105C8000806028B1002184EA0100694008432DD0DA
:105C900000BF32463B4620462946FBF78AFC02F00D
:105CA000FF0ABAF10A0F02DA0AF1300007E008F041
:105CB000200008B1412000E0612050440A38C2B2FF
:105CC000484609F1010907A90A5432463B462046D5
:105CD0002946FBF76EFC04460D46002184EA0100CC
:105CE0006940084302D0B9F1200FD2D32398CDE9FF
:105CF000036BCDE9050807A91E98CDE900190290AC
:105D00000FA80FC8FFF7DCFE13B0BDE8F08F9A4272
:105D100000D28854704770472DE9FF5F054614464E
:105D2000DDE90EA6DDE91087A34607F0020078B989
:105D300007F0010060B9B14607E02246641C20204C
:105D4000039B0199A84709F10109C145F5D300BF9B
:105D500008E02246641C711E0E461AF80100039BDF
:105D60000199A847002EF4D107F0020050B105E0D8
:105D70002246641C2020039B0199A847A4EB0B003A
:105D80004045F5D3204604B0BDE8F09F2DE9FF4F14
:105D90008BB0074600250C9800B9FA4FEAE20E983E
:105DA000007825280AD02A466D1C0E990878DDE96E
:105DB0000C13B8470E98401C0E90DBE20E98401C66
:105DC0000E90002400BF0E9800782B2819D004DC18
:105DD00020281ED023282CD123E02D2809D03028BC
:105DE00027D144F001040E98401C0E9001200A9027
:105DF00022E044F002040E98401C0E9001200A900C
:105E00001AE044F004040E98401C0E9001200A9001
:105E100012E044F008040E98401C0E9001200A90F5
:105E20000AE044F010040E98401C0E9001200A90E5
:105E300002E000200A9000BF00BF0A980028C2D1EB
:105E400080460E990878FDF79BFE20B10EA8FDF75D
:105E500082FE804612E00E9800782A280ED118990A
:105E600001C91891002804DA44F00204C0F10008C6
:105E700000E080460E99491C0E9100BF4FF00009CA
:105E80000E9800782E281FD144F480640E98401C90
:105E90000E900E990878FDF773FE20B10EA8FDF75D
:105EA0005AFE814610E00E9800782A280CD11899E5
:105EB00001C91891002801DD014600E00021894652
:105EC0000E99491C0E9100BF0E9800786C280AD0DC
:105ED00004DC682816D06A2835D128E0742820D040
:105EE0007A2830D129E044F480740E98401C0E903A
:105EF0000E9800786C2804D144F400740E98401C6D
:105F00000E9021E044F080040E98401C0E900E98F4
:105F10000078682804D144F040040E98401C0E908C
:105F200012E044F480740E98401C0E900CE044F48F
:105F300000740E98401C0E9006E044F480740E9895
:105F4000401C0E9000E000BF00BF0E98007869284A
:105F50001DD00EDC622821D006DC25287ED05028FA
:105F60001AD058287BD115E0632879D06428F9D15C
:105F70000CE0732875D004DC6F280ED07028F1D1A6
:105F800009E0752804D07828ECD102E000BF00BFFA
:105F900000BF00BF00BF00BF00BF00BF0E98007869
:105FA000782803D00E980078582801D1102623E0D5
:105FB0000E980078702803D00E98007850280CD1E5
:105FC000102644F0100444F480740E98407856284B
:105FD00012D10E98401C0E900EE00E9800786F289B
:105FE00001D1082608E00E980078622801D1022627
:105FF00002E00A2624F010040E980078582803D0F6
:106000000E980078502801D144F020040E980078B2
:10601000692805D00E980078642801D024F00C047B
:1060200004F4806008B124F001040E980078692817
:1060300003D00E98007864287CD104F40070B8B3C3
:106040001898C01D20F007001890D0E900AB189AEE
:10605000083218920020CDE9069803E073E17CE154
:10606000F2E01CE1CDE904600894BAEB00017BEB9F
:10607000000001DA012000E0002000210290084623
:10608000B1EB0A0170EB0B0002DA5046594605E00D
:1060900000200146B0EB0A0061EB0B01CDE90001E5
:1060A0002A463846DDE90C13FFF7D5FD0546C7E063
:1060B000FFE704F48070D0B1189850F804AB189042
:1060C0004FEADA70CDE9039802960594BAF1000F11
:1060D00001DD514601E0CAF10001CDE900102A4678
:1060E0003846DDE90C13FFF778FD0546A8E004F01B
:1060F000400028B1189810F8041B1890C8B20DE0A1
:1061000004F0800028B1189830F8041B189008B2E9
:1061100004E0189800681899091D189182464FEA02
:10612000DA70CDE9039802960594BAF1000F02DD0A
:10613000514602E00BE0CAF10001CDE900102A4609
:106140003846DDE90C13FFF748FD054678E00E9868
:106150000078562818D1189850F804AB1890DAF83F
:1061600004000068099009980090DAF800300D9852
:10617000421B0C9841193846FFF708FE05440020E1
:1061800009905DE0175D009004F40070D0B118989C
:10619000C01D20F00700CDE9069808941890002053
:1061A000CDE904600290189903C9189A0832189230
:1061B000CDE900012A463846DDE90C13FFF74BFD17
:1061C00005463DE004F4807098B10022CDE90398C3
:1061D00002960594189800681899091DCDE90002E7
:1061E00018912A463846DDE90C13FFF7F6FC054600
:1061F00026E004F0400028B1189810F8041B18900D
:10620000C8B20DE004F0800028B1189830F8041BE3
:10621000189088B204E0189800681899091D189120
:1062200082460020CDE900A0CDE9039802960594AE
:106230002A463846DDE90C13FFF7CFFC054600BFC0
:106240000E98401C0E9093E0012604F0020050B915
:1062500005E02A466D1C2020DDE90C13B8473046C6
:10626000761C4045F5D3189911F8043BD8B22A465C
:106270006D1C1891DDE90C13B84704F0020050B111
:1062800005E02A466D1C2020DDE90C13B847304696
:10629000761C4045F5D30E98401C0E9068E0189887
:1062A00050F804AB18905046B9F1000F01D04946A0
:1062B00001E04FF0FF310A46014600E0491C0B782F
:1062C0001BB1131EA2F10102F8D10E1A04F4806072
:1062D00028B14E4501D2304600E04846064604F05B
:1062E000020050B905E02A466D1C2020DDE90C13A0
:1062F000B8473046761C4045F5D306E01AF8010B46
:106300002A466D1CDDE90C13B8479AF8000040B12D
:1063100004F480600028F1D0B9F10000A9F101096E
:10632000ECD104F0020050B105E02A466D1C20209B
:10633000DDE90C13B8473046761C4045F5D30E987E
:10634000401C0E9014E02A466D1C2520DDE90C133C
:10635000B8470E98401C0E900AE02A466D1C0E9914
:106360000878DDE90C13B8470E98401C0E9000BF6A
:1063700000BF00BF0E98007800287FF410AD0D9884
:10638000854201D2284601E00D98401E02460020B9
:10639000DDE90C13B84728460FB0BDE8F08F2DE9B2
:1063A000F04104460E46002774B13146204600F005
:1063B0002DF80546B5F5003F05D20C2D01D928462C
:1063C00000E00C20074600BF3846BDE8F0810246D9
:1063D00000BF481E084018B100BF00BF00BFFEE765
:1063E00000BF481E1040101A704710B502464B1EE1
:1063F00013444C1E23EA040000BF4B1E0B401BB18C
:1064000000BF00BF00BFFEE700BF10BD024600BFD7
:10641000481E084018B100BF00BF00BFFEE700BF24
:10642000481E10444B1E9843704700002DE9F04170
:1064300080460E46444601206086002500270DE078
:1064400056F8270025A1FAF7ABF810B1681C85B201
:1064500002E0608E401C6086781C87B256F82700E8
:1064600020B156F8270000780028E9D1208EA842F4
:1064700001D1BDE8F081A06A20B1A06A1EF0F4FF4E
:106480000020A062E06A20B1E06A1EF0EDFF00206B
:10649000E062E8001EF01AFFA06200BFA06A18B90F
:1064A00000BF00BF00BFFEE700BF68001EF00EFF88
:1064B000E06200BFE06A18B900BF00BF00BFFEE79E
:1064C00000BFA06A08B1E06A00B900256900E06A6F
:1064D0001FF0E1F9258600BFCBE700000A000000AD
:1064E0002DE9F84F81460E46924699F8090000F0D2
:1064F0000700022801D1304600E050468346564549
:1065000001DD304600E050460746032000EB47001F
:1065100020F0030000F11005394800683949096886
:10652000A0EB0108002405EB080037490968884200
:1065300006D233480468606820F0004060603AE0AA
:1065400031480068854221D813E04FF0FF300090B9
:10655000002269462D480FF013FD002269462C48A1
:106560000FF00EFD2648006826490968A0EB0108D7
:1065700000BF08EB0500244909688842E5D8204897
:106580000468606820F00040606014E028461EF057
:106590009DFE044600BF1CB900BF00BF00BFFEE760
:1065A00000BF14B90020BDE8F88F606820F00040FB
:1065B00000F10040606032465946484601F032FF23
:1065C0002060606800F04040401C6060606820F01F
:1065D00080406060A781A4F80EB06068C00F20B151
:1065E000204600F11001A16008E005480068103065
:1065F000A060034800682844014908602046D2E7AB
:1066000074010024C802002470010024F1160190D6
:1066100049610190F0B585B006460D46344600202C
:1066200004900390029094F83C0000F0030020B125
:10663000012838D0022866D000BF94F83C0000F052
:1066400003005A49097888421BD02620005D00EBE0
:10665000001000EB4000142190FBF1F05449087049
:106660002720005D00EB001000EB4000142190FBA0
:10667000F1F05049087094F83C0000F003004B49D9
:10668000087002A803A9CDE9001005EB45014FF6FB
:10669000FF7202EA410004AB46490A78444909788E
:1066A0000AF0FCFC5FE094F83C0000F003003F4976
:1066B000097888421AD0A08C00EB400040024FF4C9
:1066C000B471B0FBF1F03C4908802720005D00EB7D
:1066D000001000EB4000142190FBF1F035490870E8
:1066E00094F83C0000F003003049087002A803A9A8
:1066F000CDE90010E9B204AB2E4802782E4800889C
:106700000AF0CCFC2FE094F83C0000F0030027498D
:10671000097888421AD0A08C00EB400040024FF468
:10672000B471B0FBF1F0244908802620005D00EB35
:10673000001000EB4000142190FBF1F01C490870A0
:1067400094F83C0000F003001849087002A803A95F
:10675000EAB204ABCDE9001015480178164800886C
:106760000AF09CFC00BF00BF9DF810009DF80C10C3
:106770009DF80820D708BDF8003067F304038F08A0
:106780000093BDF8003067F34A13C7080093BDF8C3
:10679000003067F3CF230093BDF800703B460193B0
:1067A000BDF80410084605B0F0BD0000DE0100246D
:1067B000DC010024DD010024DA01002410B50120F1
:1067C000074908700748FEF7A8FC20B9064800688A
:1067D00028F0D2FB03E00448006828F0D9FB10BD84
:1067E000B002002490D60524B402002410B504465B
:1067F00094F83E00C0F3400050B9A08F002807DD98
:10680000A08F4FF6FF71884202D0A08F401EA08754
:10681000A08FA8B9606B20B194F83E00C0F340008F
:1068200070B121461748FEF7F7FCFFF7C7FFE06895
:1068300010B12046E168884720461EF015FE1FE093
:10684000A06B4042E062606BD0B194F83E10C1F39F
:10685000400111B9216B4942E16294F83E104908A8
:10686000C94394F83E2061F3410284F83E20E06978
:10687000616AE1616062A06A616BA162606300BFEE
:1068800010BD000090D605242DE9F0418046424815
:10689000006828F0EDF906464048007880F00100D5
:1068A0003E4908703E48FEF738FC04466BE0002085
:1068B0003C49087094F83E00C0F3800037490978DD
:1068C000884253D0354801782C34A07C61F3820093
:1068D000A07420688719A07C2C3CC0F3C00010BBBA
:1068E000E06A00281FDC002F1DDB94F83E0000F05A
:1068F000010060B9206950B12046216988470546EA
:10690000E0692844E061606A2844606200BFA068D2
:1069100010B12046A168884794F83E0020F0080096
:10692000083084F83E00E06A3044E062E06A002803
:106930001BDBD4E90A10884201DDA06AE062204630
:10694000A16988470546206AA84206D0256260688A
:1069500018B12946D4E900029047D4E90A108842C8
:1069600002DB2046FFF742FF00BF00BF0D48007862
:1069700020B10B48FEF7D1FB044604E0214608484D
:10698000FEF7E3FB0446002C91D128F07EF9024982
:106990000860BDE8F0810000AC020024B1020024D0
:1069A00090D60524B0020024F7B582B004460E4606
:1069B00014B9049805B0F0BD00BF632231462046EB
:1069C00022F028FA0190019D00BFBDB12868A8B14E
:1069D00000BF64223146204622F01CFA0190019843
:1069E000C0B207464FB13A462B68284604999847EB
:1069F0000190BDF80400ADF8100000BF0498D9E77D
:106A000070B504460D46606818B129466068FFF706
:106A1000F7FF206818B1294620462268904770BDCC
:106A200070B505460C46A1B2284613F0DBFD70BDDB
:106A300070B505460C46A1B2284613F024FE70BD81
:106A400010B50DF065FC10BD70B505460C46164638
:106A500006E028466A1C95B200F008F804F8010B1D
:106A6000301EA6F101018EB2F3D170BD70B504469F
:106A700000260DF013FD2112A02202EB4101C8B245
:106A80000DF0D4FC0DF052FD2546E11704EB116129
:106A90000912A4EB0121C8B20DF0C8FC0DF046FDAF
:106AA0000DF0FCFCA1200DF0C1FC0DF03FFD00201D
:106AB0000DF08CFC06460DF019FD304670BD70B52A
:106AC00005460C46164606E02178284600F009F8EF
:106AD000681C85B2641C301EA6F101018EB2F3D190
:106AE00070BD70B504460E460DF0D8FC2112A022F0
:106AF00002EB4101C8B20DF099FC0DF017FD2546DF
:106B0000E11704EB11610912A4EB0121C8B20DF0E9
:106B10008DFC0DF00BFD30460DF088FC0DF006FDF0
:106B20000DF0E4FC0A20FAF726FD70BD70B50446AE
:106B30000D4600BF204600F03BF818B100BF00BF73
:106B400000BFFEE700BF284600F050F9001D616855
:106B500008446060204600F03AF8204670BD70B5E9
:106B600005460C46284600F041F904F11001884220
:106B700001D3012070BD0020FCE70146A1F108000F
:106B800070477CB505460C46204600F02FF90646B6
:106B90006A4601A929F0EAF921462846DDE90032D2
:106BA0000EF070FD7CBD0146087900F001007047D1
:106BB00010B50446204600F019F908B9012010BDAF
:106BC0000020FCE70146087900F00200704770B52C
:106BD0000446204600F097F805462C60284670BD14
:106BE0007CB506460C4600200190009000256CB153
:106BF0006A4601A9204629F0D6F901980B2805DA42
:106C00006A4601A930462BF039FA054685B100BF26
:106C1000284600F0EBF8A04203D200BF00BF00BF3F
:106C2000FEE700BF29463046DDE900322AF08EFE3D
:106C300028467CBD70B504462046FFF7C8FF0546D0
:106C4000284600F0BEF8204600F0B6F870BD70B5DA
:106C50000446204600F057F80546284600F0B6F8EE
:106C6000204600F0BEF870BD70B506460D462846B9
:106C700000F049F8044600BF1CB900BF00BF00BFC8
:106C8000FEE700BF2046FFF78EFF90B100BF284609
:106C9000FFF78EFF18B100BF00BF00BFFEE700BFC7
:106CA0002146304600F076F821462846FFF73EFFA1
:106CB0000546284670BD70B506460D462846FFF7C6
:106CC00081FFF0B1284600F057F8044600BF1CB918
:106CD00000BF00BF00BFFEE700BF00BF2046FFF7B8
:106CE00062FF18B900BF00BF00BFFEE700BF21462A
:106CF000304600F04FF829462046FFF717FF0546BB
:106D000000BF284670BD2DE9F0410446204600F042
:106D10006DF8061F204600F0B8F80746314629F006
:106D20008BFC054600BF2046FFF742FF18B100BFAD
:106D300000BF00BFFEE700BF2846BDE8F0812DE997
:106D4000F04106460C461546002794B100BF1DB918
:106D500000BF00BF00BFFEE700BF2A462146304605
:106D600000F097F82046FFF772FF204600F08DF8FC
:106D700007463846BDE8F08110B5044600BF2046FE
:106D8000FFF720FF18B900BF00BF00BFFEE700BF3C
:106D9000206810BD7CB505460C46204600F026F85C
:106DA00006466A4601A929F0E1F821462846DDE9B0
:106DB00000322AF0CBFD7CBD416841F00101416009
:106DC0007047416841F0020141607047416821F01D
:106DD000020141607047426802F003030B434360C5
:106DE0007047416821F001014160704701464868E1
:106DF00020F0030070472DE9F04706460C46304668
:106E000000F043F88046211F29F016FC0746304663
:106E1000FFF7ECFF211D451A00BF384600F035F89A
:106E20008146384600F031F880460421FFF7DDFA4C
:106E3000814503D000BF00BF00BFFEE700BF00BF19
:106E40003046FFF7D3FF2919091D884203D000BF40
:106E500000BF00BFFEE700BF29463846FFF7BBFF73
:106E600000BF3846FFF7C2FF0C2803D200BF00BFA7
:106E700000BFFEE700BF21463046FFF7ACFF3846B3
:106E8000FFF7D8FE3846BDE8F087014601F108005B
:106E900070472DE9F04106460C46154600BF2046D6
:106EA000FFF781FE18B900BF00BF00BFFEE700BFBB
:106EB00029462046FFF753FE78B129462046FFF7C2
:106EC0009AFF07462046FFF782FE3846FFF779FF14
:106ED00039463046FFF755FE00BFBDE8F0812DE989
:106EE000F04106460C46154600BF2046FFF75BFE04
:106EF00018B100BF00BF00BFFEE700BF2946204613
:106F0000FFF72DFE88B129462046FFF774FF07469C
:106F10003846FFF75BFF39463046FFF7A5FE0746C8
:106F200039463046FFF72DFE00BFBDE8F0812DE960
:106F3000F843064634461CF083FA804640461CF06F
:106F4000C4FA78BB304619F0B2FD38B3304619F0B8
:106F50002AFC208FE18E884212D0E08E2087E08EBE
:106F600000906A461C2130461AF08EF80746012F21
:106F700002D03846BDE8F883304622F06CFD00BFF1
:106F800040461CF0B2FA0546042D06D1304620F0EA
:106F9000C3FB074600211BF046F809E0304619F014
:106FA000E9FD05E0FFE7208FE086304622F053FD43
:106FB0000120DFE72DE9F041044620461AF05EF893
:106FC0000546284620F002FC0646284614F0B8FB89
:106FD000074601223946304627F002F8BDE8F08125
:106FE0000146C1F3C01070470146C1F380107047DD
:106FF0000146C1F3C01070470146C1F3002070473D
:107000000146C1F3C00070470146C1F3401070470C
:107010000146C1F3402070470146C1F3003070477C
:107020000146C1F3001070472DE9F04F89B00446C6
:107030000D460021204620F064FA30B91C21284674
:107040001EF029FC09B0BDE8F08F2946204600F06B
:107050000BFB2946204600F07DF80021204621F058
:1070600090FC08900021204621F004FE07900021AA
:10707000204621F046FA012800D100E00020814698
:107080000021204622F0B9F807460021204621F0D1
:1070900026FB064642F2D170874205D1608CC0F3D0
:1070A000802008B9012000E000208246204620F020
:1070B000C8FA069000BF4FF00008244802884146F5
:1070C000204621F0A7FE03900398C0B200BF83467C
:1070D000AA6829692868CDE90209CDE900125A4653
:1070E0005146089B06980CF05FFC288342F2D17051
:1070F000864205D1608CC0F3402008B9012000E031
:1071000000200590204620F07DFA049000BF4FF04B
:1071100000080F4802884146204621F07BFE03907C
:107120000398C0B200BF83460023EA6869686869B3
:10713000CDE90213CDE900025A46079BDDE90401BF
:107140000CF032FC688300BF7CE700007A02002468
:107150007E0200242DE9F34F87B00C4607980BF010
:1071600041FC8046079820F06CFA0690404601F0FA
:10717000D4F92061216948001EF0E2F820602169FD
:1071800048001EF0DDF8A060002548E05848029055
:1071900038F9150041F69A7188423FD100200190DC
:1071A00029E00199079820F0ACF900905149009826
:1071B00022F0BFF800B11BE000980BF031FC8246D2
:1071C000BAF1010F00D013E000980BF019FC8346D0
:1071D000AB4500D00CE0009822F043F802998842B9
:1071E00001DA029802E0009822F03BF8029000BF1A
:1071F0000198401C0190079820F0A1F9019988425C
:10720000CFD80298002804DB0298A16821F8150065
:1072100003E00021A06820F8151000BF6D1C206954
:10722000A842B3D80026B14600251BE038F9150066
:1072300041F69B71884202DB411A0E4411E041F68F
:107240009A71884206D1A16831F8151049440FFAA5
:1072500081F906E0A16821F8150009EB00010FFA99
:1072600081F96D1C2069A842E0D80021079821F01F
:1072700088FB05902169491EDDE9050200FB11200C
:1072800000B206900698A0EB090007B2002F00DAC2
:1072900000274FF0FF30049000200390002513E0FA
:1072A00038F9150041F69B7188420CDB421A11B285
:1072B00007FB01F2B2FBF6F212B2A36823F8152025
:1072C0000495039100BF6D1C2069A842E8D804987A
:1072D00000280ADB0398301A7843B0FBF6F0381A1E
:1072E00001B2A268049822F8101009B0BDE8F08F2E
:1072F00001E0FFFF010006002DE9FC5F05460022CA
:107300001146284623F06CFC0021284621F053F951
:1073100081460021284621F0D4FC484407B20021D0
:10732000284621F085FA48440FFA80FA284621F0D1
:1073300041F8384450440FFA80FB3B4E284620F079
:10734000FEF801904FF000085CE0A868006850F873
:1073500028403649204621F0ECFF00B150E020469D
:1073600022F0F6FB002839D10021204621F054F804
:107370000090009830B1012807D0022804D00328DB
:1073800015D100E000BF00BF00BFB4F91A10B5F975
:107390001600081A401CB04201DA304605E0B4F984
:1073A0001A10B5F91600081A401C06B214E00021A4
:1073B000204621F049FF70B904F1140013F03DFAA2
:1073C0003844B04201DA304604E004F1140013F00E
:1073D00034FA384406B200BF00BF10E0B4F91A1006
:1073E000B5F91600081A401CB04201DA304605E033
:1073F000B4F91A10B5F91600081A401C06B200BFFD
:1074000008F10108019880459FD30748864209D0BA
:1074100006EB0A0006B25E4502DD3046BDE8FC9F81
:107420005846FBE75846F9E701E0FFFF010004007A
:107430002DE9FC5F054600221146284623F0B4FBE7
:107440000021284621F0B7F882460021284621F085
:1074500075FB50440FFA80F80021284621F0C5FA48
:1074600050440FFA80F9284620F0B4FF48444044C5
:1074700000B20190724C284620F061F8834600214A
:10748000284621F00AF8012866D100265BE0A868AA
:10749000006850F826706B49384621F04AFF00B169
:1074A00050E0384622F054FB002839D100213846FC
:1074B00020F0B2FF0090009830B1032805D00628D4
:1074C00004D0082815D102E000BF00BF00BFB5F905
:1074D0001800B7F91410401A401CA04201DA2046E7
:1074E00005E0B5F91800B7F91410401A401C04B2B1
:1074F00014E00021384621F09AFE70B907F114001B
:1075000013F00EFA4044A04201DA204604E007F1ED
:10751000140013F005FA404404B200BF00BF10E0AD
:10752000B5F91800B7F91410401A401CA04201DA4E
:10753000204605E0B5F91800B7F91410401A401CB0
:1075400004B200BF761C5E45A1D33D48844269D099
:1075500004EB090004B265E000265BE0A86800685F
:1075600050F826703749384621F0E3FE00B150E06C
:10757000384622F0EDFA80BB0021384620F04CFF5F
:107580000090009830B1012805D0042804D00728C5
:1075900015D102E000BF00BF00BFB7F91800B5F970
:1075A0001410401A401CA04201DA204605E0B7F949
:1075B0001800B5F91410401A401C04B215E000215F
:1075C000384621F041FE78B907F1140013F0A8F90C
:1075D0004844A04202DA204605E008E007F1140022
:1075E00013F09EF9484404B200BF00BF10E0B7F9A1
:1075F0001800B5F91410401A401CA04201DA2046C8
:1076000005E0B7F91800B5F91410401A401C04B28F
:1076100000BF761C5E45A1D30948844202D004EB2A
:10762000080004B20648844202D10198BDE8FC9FDC
:107630000198844201DD2046F8E70198F6E7000052
:1076400001E0FFFF0100040010B5044620681DF0B2
:10765000F3FE60681DF0F0FEA0681DF0EDFEE0682E
:107660001DF0EAFE10BD00002DE9F34F87B00C4677
:1076700007980BF0A7FF8046404600F04EFF606180
:10768000616948001DF05CFE6060616948001DF0A2
:1076900057FEE060002548E05948029038F915008F
:1076A00041F69A7188423FD10020019029E001996A
:1076B00007981FF026FF00905249009821F039FEEC
:1076C00000B11BE000980CF045F88246BAF1010FBA
:1076D00000D013E000980CF02DF88346AB4500D0A5
:1076E0000CE0009820F022F80299884201DA029812
:1076F00002E0009820F01AF8029000BF0198401CA8
:10770000019007981FF01BFF01998842CFD802987B
:10771000002804DB0298E16821F8150003E000204E
:10772000E16821F8150000BF6D1C6069A842B3D85C
:107730000026B14600251BE038F9150041F69B7183
:10774000884202DB411A0E4411E041F69A718842E8
:1077500006D1E16831F8151049440FFA81F906E0C5
:10776000E16821F8150009EB00010FFA81F96D1CA1
:107770006069A842E0D80021079821F07BFA0690C2
:1077800007981FF03FFF01466269521E069800FBF2
:10779000121000B205900598A0EB090007B2002F67
:1077A00000DA00274FF0FF300490002003900025FE
:1077B00011E038F9150041F69B7188420ADB421A44
:1077C00011B207FB01F2B2FBF6F212B2E36823F842
:1077D000152000BF6D1C6069A842EAD804980028F3
:1077E0000ADB0398301A7843B0FBF6F0381A01B27E
:1077F000E268049822F8101009B0BDE8F08F00008C
:1078000001E0FFFF010006007CB504460D46164668
:1078100028882189084400B2ADF800006888618991
:10782000084400B2ADF80200A8882189084400B2DB
:10783000ADF80400E8886189084400B2ADF806009C
:10784000324669462046636998477CBDF8B50546CF
:107850000E462C46206B10B1206B007818B9606B77
:1078600008B90120F8BD606B58B1284626F0ADFF7D
:107870000746104909688847616B884201D3002098
:10788000F0E7206B98B1002000900AE069460A4AB0
:10789000206B126890470746B74201D10120E1E70B
:1078A00000BF206B0099405C0028EFD1DAE701208F
:1078B000D8E7000008030024F802002470B505464C
:1078C000284619F0DBFB04461B480068844213D1AC
:1078D00001211948006821F036FD30B117480088B1
:1078E000133000B2154908801DE014480088133891
:1078F00000B21249088016E011480068844212D193
:1079000001210F48006821F01EFD30B10B480088AE
:107910001D3000B20949088005E0084800881D387C
:1079200000B2064908800548B0F9002005A10A48C0
:1079300000681DF0F7F970BD3C0300242C030024FF
:107940004003002441676772656761746520203ACF
:107950002020242564000000380300242DE9FF4F77
:107960008FB00F46209DF87800F0010008B1FA486A
:1079700000E0FA480E90F87800F0010008B1F848ED
:1079800000E0F8480D90F87800F0010008B9F448DC
:1079900000E0F4480C9001200B90B5E000220B921F
:1079A00000206A88B5F804C0A2EB0C0211B20026D0
:1079B0001AE006EB860CEA6802EB8C02127C02F0FD
:1079C000010242B906EB860CEA6802EB8C0292894E
:1079D000024410B207E006EB860CEA6802EB8C0268
:1079E00012898A1A11B2761C2A69B242E1D800269D
:1079F00085E006EB860CEA6802EB8C02127C02F052
:107A00000102002A7AD191FBF0F80FFA88F306EB15
:107A10008609D5F80C8008EB8908B8F80C8008FBBB
:107A200003F80FFA88F206EB8609D5F80C8008EB0C
:107A30008908B8F9049006EB860AD5F80C8008EBA3
:107A40008A08B8F90680904501DD904607E006EB0C
:107A5000860AD5F80C8008EB8A08B8F90680C1457B
:107A600008DD06EB8609D5F80C8008EB8908B8F923
:107A7000048013E006EB8609D5F80C8008EB890832
:107A8000B8F90680904501DD904607E006EB8609CF
:107A9000D5F80C8008EB8908B8F90680C4469445EF
:107AA0000BD04FF0010806EB860AD5F80C9009EBD5
:107AB0008A09C9F81080CDF82C8006EB8609D5F824
:107AC0000C8008EB8908A8F808C006EB8609D5F8F1
:107AD0000C8008EB8908B8F80C80A0EB08080FFAB6
:107AE00088F006EB8609D5F80C8008EB8908B8F811
:107AF0000880A1EB08080FFA88F100BF761C2A69FC
:107B0000B2423FF676AF00BF0B9800287FF446AF35
:107B100000210F9820F0E8FC012800D100E00020AF
:107B20000A9000200990089008A809A9CDE9001042
:107B300029890BB2B5F9022038781E9928F07FFD0B
:107B4000F87800F0010048B10A9838B10F981FF09A
:107B500078FDBDF82410084400B2099011990F98DF
:107B60001FF0CFFC04468AE17F49204621F0E1FB6B
:107B700040B1F878C0F3800111AA0F980BF05DFBBB
:107B800004467CE10021204620F072FD0790079812
:107B9000002858D000200390002610E006EB860154
:107BA000E86850F82100A04208D106EB8600E96899
:107BB00001EB8000B0F90800039003E0761C28690F
:107BC000B042EBD800BFF87800F0010030B1608C13
:107BD00020F4806000F58060608405E0608C20F413
:107BE000007000F50070608404F114000D9988475E
:107BF0000399884226D0204621F02DFF00BFA08A9D
:107C0000ADF80400E08AADF80600208BADF808005E
:107C1000608BADF80A0000BF04F114000E9A0399BE
:107C2000904701AA2921204619F02EFA20461FF07C
:107C3000CDFD22462221009019F026FA204621F09F
:107C40000AFF00BF07E0608C20F480606084608CD5
:107C500020F400706084002006907878012812D00B
:107C6000022819D104F114000C998847B5F90010C5
:107C7000491C21F00101081A039000EBD07040105C
:107C800000B2069009E004F114000C998847298895
:107C9000081A00B2069000E000BF00BFF87800F0BC
:107CA000010050B10A9840B104F114000D998847C1
:107CB000BDF82410081A00B209900020039043F286
:107CC0000C022046039921F0A5F8029002980FFAC1
:107CD00080F800BF0020039043F20D022046039974
:107CE00021F098F8029002980FFA80F900BF204620
:107CF00021F0B7FA059020461FF018FD049008F413
:107D0000C040B0F5005F01D1012000E0002030B19B
:107D100028F4C040B0F5FA6F01DC012000E000203B
:107D200090B128F4C040B0F57A7F04DD28F4C0405B
:107D3000C0F57A7001E028F4C040059948436421F9
:107D400090FBF1F00FFA80F809F4C040B0F5005F45
:107D50000CD101200BE000005FAA019053AA019012
:107D6000ADA901909DA8019001000600002030B14E
:107D700029F4C040B0F5FA6F01DC012000E00020DA
:107D800090B129F4C040B0F57A7F04DD29F4C040F9
:107D9000C0F57A7001E029F4C04004994843642199
:107DA00090FBF1F00FFA80F9A18A1C98401A404428
:107DB0000FFA80FAE18A1D98401A48440FFA80FBB6
:107DC000F87800F0010010B1BDF9240000E0069839
:107DD00050440FFA80FAF87800F0010008B10698D4
:107DE00001E0BDF9240058440FFA80FBBAF1000FFE
:107DF00002D1BBF1000F1BD0204621F02CFEA08A3F
:107E0000504400B2A082208B504401B22183E08A0A
:107E1000584401B2E182608B584401B2618320462C
:107E200021F019FE01235A465146204621F0F0FE6A
:107E3000F87800F0010008B10A9870B904F1140054
:107E40000D9988471F990844BDF820100844BDF8D3
:107E50002410084400B2099008E0BDF820101F98D3
:107E60000844BDF82410081A00B20990F878C0F34D
:107E7000800111AA0F980BF0E0F9044600BF24B16D
:107E8000DDE9111081427FF46FAE13B0BDE8F08FD1
:107E90002DE9F04F8DB005468946B9F1000F02D1AA
:107EA0000DB0BDE8F08FA5F81890286810B12868CB
:107EB0001DF0DAFA09EB4901062202EB41001DF040
:107EC00005FA286000BF286818B900BF00BF00BFCE
:107ED000FEE700BF286868600221286801FB0900EE
:107EE000801CE8600421286801FB0900001DA860CF
:107EF000B9F1010F0CD1B420696808700020E9685D
:107F000008800120E96848800020A9680880C7E748
:107F100009F10101C8001DF013FA074609F101003B
:107F200007EB80084FF0000A4FEA890002B20BA964
:107F30000CA800F067F90024BDF93000801007900C
:107F400000200390CCE0002616E00BA90CA800F05E
:107F500061F90CA800F04BF900B90FE0BDF9300051
:107F6000801007A941F82600BDF8300000F003009A
:107F700003A941F82600761C042EE6DB00BF042E80
:107F800000D0B3E00A990798884219D1079800B247
:107F900027F814000FFA8AF028F81400DDE903012D
:107FA00008440599084406990844696808556868B2
:107FB000005D0007000E69680855601C04B28DE082
:107FC000DDE9070188422CD0079800B227F8140099
:107FD0000FFA8AF028F81400039869680855686851
:107FE000005D0007000E69680855601C04B2079820
:107FF000401E00B227F814000FFA8AF028F8140087
:108000000498001D059908440699084469680855B4
:108010006868005D0007000E69680855601C04B2BE
:108020005CE00999079888422CD0079800B227F89D
:1080300014000FFA8AF028F81400DDE9030108445F
:10804000696808556868005D0007000E6968085592
:10805000601C04B20798401E00B227F814000FFA03
:108060008AF028F8140005980830069908446968D1
:1080700008556868005D0007000E69680855601CB7
:1080800004B22BE0079800B227F814000FFA8AF028
:1080900028F81400DDE903010844059908446968DB
:1080A00008556868005D0007000E69680855601C87
:1080B00004B20798401E00B227F814000FFA8AF0A5
:1080C00028F8140006980C30696808556868005D47
:1080D0000007000E69680855601C04B20AF1010A25
:1080E0000CA800F084F800287FF42DAF00BF40F208
:1080F000D32109FB01F00290029880120190601ECA
:1081000037F910100198814205D1601E38F910101E
:108110000198814226D0DDE90121A1EB8220B0F552
:10812000007F04DC00FB00F14800001407E0C0F50C
:10813000806000FB00F148000014C0F10F000199BD
:1081400009B227F81410019909B228F814106A68C6
:1081500010556968095D0907090E6A681155611CA7
:108160000CB200BFA61E0EE038F8160027F8140067
:1081700037F8160028F814006868805D69680855AB
:10818000761E601C04B2002EEEDA4FF0000B0026C3
:108190000020E968088023E0E96821F81B6037F8CF
:1081A0001600A96821F81B0010E0A86830F81B0031
:1081B00037F91610884203DAA86830F81B0001E08E
:1081C00037F91600A96821F81B00761C38F916004B
:1081D000584501D1A642E8DB0BF101000FFA80FB04
:1081E000A642D9DB38461DF027F900BF58E6014604
:1081F000B1F90200B1F90020904201DC0120704782
:108200000020FCE7028000234380C2F101031BB27F
:108210000B807047B1F90020002A07DC0B884288E8
:108220005200D21C1A4412B20A800CE04288038821
:10823000D21A5200521D0B881A4412B20A800288C8
:10824000521E12B202804288521C12B24280704703
:1082500037B582B01546022D04DCBDF80C10084677
:1082600005B030BDBDF80C00C00ABDF8081000EB29
:10827000D1241F2C01D2204600E01F20BDF8081099
:1082800060F3CF210291BDF80C00C0F34510BDF89A
:108290000810C1F3451144183F2C01D2204600E0DC
:1082A0003F20BDF8081060F34A110291BDF80C00A0
:1082B00000F01F00BDF8081001F01F0144181F2C2A
:1082C00001D2204600E01F20BDF8081060F3040131
:1082D0000291FF2D03D1BDF808100846C0E72A46D9
:1082E000DDE9020114F08CFC0190BDF80410084691
:1082F000B6E717B581B01446022C04DCBDF80810AF
:10830000084604B010BDBDF80400C00ABDF808104E
:10831000C90A10FB01F04109BDF8040061F3CF2048
:108320000190BDF8040000F01F00BDF8081001F036
:108330001F0110FB01F04109BDF8040061F30400C6
:108340000190BDF80400C0F34510BDF80810C1F35A
:10835000451110FB01F08109BDF8040061F34A10DA
:108360000190FF2C03D1BDF804100846C9E722464E
:10837000DDE9010114F044FC0090BDF8001008464E
:10838000BFE737B582B01546022D04DCBDF80C10EE
:10839000084605B030BDBDF80C00C00ABDF8081095
:1083A000A0EBD124002C01DD204600E00020BDF828
:1083B000081060F3CF210291BDF80C00C0F3451006
:1083C000BDF80810C1F34511441A002C01DD204608
:1083D00000E00020BDF8081060F34A110291BDF8DA
:1083E0000C0000F01F00BDF8081001F01F01441A36
:1083F000002C01DD204600E00020BDF8081060F3ED
:1084000004010291FF2D03D1BDF808100846C0E712
:108410002A46DDE9020114F0F3FB0190BDF80410D7
:108420000846B6E708B5034600930098484080EA3E
:10843000620008BD2DE9F84F8046404618F01EFE48
:108440008246404618F0B9FD064650461FF0BEF978
:1084500081462B2E09D1484625F0B5FD0446002261
:108460002146484625F0BCFD3AE00A2E38D169463F
:1084700050461FF02DFA50461FF0E3F80446002145
:10848000484620F024F801280AD1204604EBD07198
:10849000BDF90020C2EB610191FBF4F10DB209E0DE
:1084A000204604EBD071BDF9002002EB610191FB85
:1084B000F4F10DB2002D00DA00250027484625F022
:1084C00082FDA84200D0012701222946484625F016
:1084D00087FD27B100221C21484618F0D5FD00BFBA
:1084E000BDE8F88F10B58060C060002303610021F3
:1084F00010E0002400F1140343F82140002206E0BC
:1085000000F1400303EBC11343F82200521C202A60
:10851000F6DB491C0B29ECDB10BD0146002000E016
:10852000401C31F9102041F6FF739A42F8D1704790
:1085300010B500BF002208211048F9F717F800BF56
:1085400000F01EF800BF012211460C48F9F70EF8A2
:1085500000BF00F015F800BF002201210748F9F71D
:1085600005F800BF00F00CF800BF01220821034805
:10857000F8F7FCFF00BF00F003F810BD000402583C
:1085800010B50220F9F724F810BD000000B587B03F
:1085900000BF00BF1948006840F00200174908609A
:1085A0000846006800F00200019000BF00BF00BF55
:1085B00000BF00BF0846006840F00200086008469F
:1085C000006800F00200019000BF00BF00BF012062
:1085D000029011200390012004900320059002A92D
:1085E0000748F8F7AFFF0820029002A90448F8F7FF
:1085F000A9FF00F0B1F807B000BD0000E044025848
:108600000004025810B500BF012208210C48F8F7F9
:10861000ADFF00BFFFF7B4FF00BF012211460848BD
:10862000F8F7A4FF00BFFFF7ABFF00BF0022012156
:108630000348F8F79BFF00BFFFF7A2FF10BD000043
:108640000004025870B50546002400261CE06006B0
:10865000040E00BF012211461048F8F787FF00BF43
:10866000FFF78EFF08210D48F8F7B7FF08B1601C2F
:10867000C4B200BF002201210848F8F777FF00BF0D
:10868000FFF77EFF701CC6B2082EE0DB15B9FFF7BE
:10869000B9FF01E0FFF74CFF204670BD000402580F
:1086A00070B50446002524E000BFE00928B101228E
:1086B00008211548F8F75AFF04E000220821124863
:1086C000F8F754FF00BFFFF75BFF00BF0122114620
:1086D0000D48F8F74BFF00BFFFF752FF00BF002225
:1086E00001210948F8F742FF00BF6006040E681C2C
:1086F000C5B2082DD8DB00BF012208210248F8F7D7
:1087000035FF00BF70BD00000004025810B500BF67
:10871000012208210F48F8F729FF00BF00BF0122FE
:1087200011460C48F8F722FF00BFFFF729FF00BFF2
:10873000002208210748F8F719FF00BFFFF720FFC4
:1087400000BF002201210348F8F710FF00BFFFF728
:1087500017FF10BD0004025810B500BF0022082109
:108760000C48F8F703FF00BFFFF70AFF00BF012224
:1087700011460848F8F7FAFE00BFFFF701FF00BFF7
:10878000012208210348F8F7F1FE00BFFFF7F8FEC9
:1087900010BD00000004025870B50024002500BF81
:1087A000012208211548F8F7E1FE00BFFFF7E8FEB7
:1087B00000BF012211461148F8F7D8FE00BFFFF7AD
:1087C000DFFE09E0601CC4B2FA2C03DDFFF7C4FF32
:1087D000012507E0FFF7D4FE08210848F8F7FDFE61
:1087E0000028EFD100BF00BF002201210348F8F7A5
:1087F000BDFE00BFFFF7C4FE284670BD000402584E
:108800007CB506460D4634465020005D00F0010060
:10881000A84233D00DB1012000E000205021095DB5
:1088200060F300015020015504F14401684611F045
:10883000F4FFBDF80000616A898A084400B2ADF80F
:108840000000BDF80210606AC08A084400B2ADF8AA
:108850000200BDF80400616A898A084400B2ADF8DC
:108860000400BDF80610606AC08A084400B2ADF882
:1088700006006946304621F028F900BF7CBD37B5B7
:1088800082B0054614462146039814F021F8019061
:10889000BDF80410084605B030BD2DE9FF4F8DB07E
:1088A00005460E461446F07A022803DC012011B07A
:1088B000BDE8F08F3089326901460C901098FCF7C2
:1088C00055F907460FB90020F1E7397D01F01F0087
:1088D00019F085FD10B14FF006080AE0397D01F06E
:1088E0001F0019F05FFD10B14FF0050801E04FF0D7
:1088F0000408386A38B100BF00BF214628463A6AEA
:1089000029F0BDFDDEE0B869002859D021460BA84A
:1089100011F044FF308818B97088B0F5807F32D0EC
:10892000204612F00BF8834600BFE0886188401AA9
:10893000401C00B20890301D7188CDE900103088CD
:1089400003B259460BA8089AFBF73AFCBDF82C0075
:108950002188084400B2ADF82C00BDF82E006188D3
:10896000084400B2ADF82E00BDF83000218808445C
:1089700000B2ADF83000BDF832006188084400B2A2
:10898000ADF8320000BF0BAA09A8A968FBF722F9CD
:108990008146B9F1000F04D1384601F0EEFB012009
:1089A00085E7D5F808A009A8A860CDF80080224680
:1089B00031462846BB6915F0CDF9C5F808A081E01D
:1089C00022460BA8A968FBF705F90A900A9820B976
:1089D000384601F0D2FB012069E70BA811F0AEFF89
:1089E00009900BA811F0AAFF00EB400003901CF0C7
:1089F000A7FC8146D5F808A00BA907A811F0CEFE68
:108A0000012107A812F025F8BDF92C00B4F90010D7
:108A1000401A0690BDF92E00B4F90210A0EB010B2C
:108A2000BDF92E00059042E007AA514602A8FBF7C7
:108A3000D1F80A900A9800B936E0CDF8009009986C
:108A400003B20FFA8BF2069801B238461AF0F4F925
:108A50000490049801280ED038461AF00DF900BF92
:108A600000BF48461CF0E8FC384601F086FBC5F81C
:108A700008A000201BE702A8A8604B4607AA3146C1
:108A80002846CDF8008015F065F9BDF81E00401CA1
:108A900000B2ADF81E00BDF82200401C00B2ADF8D7
:108AA00022000BF1010B00BF0598401C0590BDF999
:108AB000321005988142B7DAC5F808A048461CF084
:108AC000BBFC00BF384601F058FB0120EFE600BFB9
:108AD00000BF7047F8B506460C4615460095B4F938
:108AE0000630B4F90420B4F90210B4F900000DF016
:108AF000A8FC304614F0EEFDF8BD10B50FF0F2FE04
:108B000001200DF0B1FB10BDF8B505462C461AF05A
:108B100097FC0646206B26F0ABF83168898B8842BB
:108B20002CD2606A009094F83C0000F0030020B161
:108B3000012806D002280CD107E00020ADF8000083
:108B400007E064208DF8020003E064208DF8030044
:108B500000BF00BF30461AF037FE2846009914F0D7
:108B600050FC50B100221C21284618F08DFA07460F
:108B7000012F01D03846F8BD00BF00BF26F085F8B0
:108B800020630120F7E700002DE9F04F9BB0074676
:108B900089461646BA4617A814F059FE4FF4A0218C
:108BA00038461FF051FC9DF8691060F382018DF882
:108BB0006910304611F0F3FE054600EBD5704FEA20
:108BC00060083088404400B2ADF8580070884044D6
:108BD00000B2ADF85A00002138461FF0E8FD1590AC
:108BE000494603A81EF042FA17A80B904FF4003034
:108BF000109033480490002005900AF13000FCF7F3
:108C0000B1FA044657E02079032800D04DE0208BCC
:108C1000ADF85C00208A00B2ADF85E006079FD28F6
:108C200001DD159803E060791599484300128DF82D
:108C300068002568B5F92000E98B08440090B5F973
:108C40002030D5E90512A0681CF02CFB8346B5F94D
:108C50002000E98B08440090B5F92030D5E90512D1
:108C6000E0681CF01FFB0290608B404400B2ADF83E
:108C70004800149416A80C9003AA1A21384618F03C
:108C800003FA029880B21FFA8BF1CDE90010BDF80B
:108C9000480083B216AA17A9484614F0BAFD03AAE1
:108CA0001B21384618F0F0F900BF21460AF13000C8
:108CB000FCF752FA0446002CA5D11BB0BDE8F08F9A
:108CC0007CC1039070B504460D460022294620461B
:108CD00007F082FE01222946204607F07DFE02228F
:108CE0002946204607F096FC04222946204607F034
:108CF00091FC70BD2DE9F74F9EB00C46E07802283C
:108D000002DC21B0BDE8F08F1CA8209911F058FDBD
:108D1000B4F9200001282EDD94F82200FD282ADB7A
:108D2000208840B3BDF8700014F8231F4908C1F330
:108D30008001084400B2ADF87000BDF872002178DF
:108D40004908C1F34001084400B2ADF87200BDF813
:108D5000740021784908C1F3C001401A00B2ADF88F
:108D60007400BDF8760014F82319C1F34001401ACD
:108D700000B2ADF876001E981CA982681AA8FAF70E
:108D800029FF00B9BDE7E07B00F0070616B9A0880F
:108D9000199001E0E0881990BDF864106089814263
:108DA00000D100261CA815F03BFF18901C2111A82B
:108DB000F7F7CEFBA0788DF85D00BDF86400ADF844
:108DC0004C00189860B9208850B94EB91CA8119071
:108DD000E0788DF85C0011A91E9816F0D1FD90E79F
:108DE000E078FD2801DBFF2000E0E07810901CA86F
:108DF00011F0CEFD0F901CA811F042FD0E90DDE9A0
:108E00000E01814201DA0F9800E00E980D90B4F93E
:108E100000100D98B1EB600F02DAB4F9000001E028
:108E20000D98401007461AA811F0B2FD81464FF088
:108E3000FF300C9000200B90002F01DC189870B1CF
:108E400048461CF07DFA0B9000233AB21CA905A8F5
:108E500016F05EFA002105A815F0DCFB0C90BDF8B9
:108E60006800ADF80C00BDF86C00ADF810000B9870
:108E7000149003A811901690FF208DF85C00A01D9F
:108E8000DDE90E2118F07EFE8046B8F1000F0CD00F
:108E9000022E0AD1BDF96810D8F8080000EB410095
:108EA000BDF97010A0EB410012901898A0B3BDF965
:108EB0006A502CE028B2ADF80E0028B2ADF81200CE
:108EC0004A4610990B981CF0ACFCBDF968100FFADB
:108ED00089F32AB20B9815F053FE8DF854009DF8D3
:108EE0005400012802D102208DF85400012E09D12E
:108EF000BDF97210691AD8F8080000EB410000882B
:108F0000ADF84C0011A91E9816F03AFD6D1CBDF984
:108F10006E00A842CEDACCE0FFE700255CE0BDF8A9
:108F2000720028440FFA80FABDF87600401B0FFA51
:108F300080FBBDF96A00504504DDBDF96E0058455F
:108F400000DA48E04A4610990B981CF06AFCBDF91B
:108F50000C100FFA89F352460B9815F011FE8DF89C
:108F600054009DF85400012802D102208DF85400CD
:108F7000BDF96A00504514DCADF80EA0ADF812A0A2
:108F8000012E0AD1BDF97210AAEB0101D8F8080030
:108F900000EB41000088ADF84C0011A91E9816F0B6
:108FA000EFFCBDF96E00584514DBADF80EB0ADF81E
:108FB00012B0012E0AD1BDF97210ABEB0101D8F845
:108FC000080000EB41000088ADF84C0011A91E9884
:108FD00016F0D6FC00BF6D1CBD42A0DBBDF87000D2
:108FE000ADF80400BDF87400ADF80800BDF87200DB
:108FF000384400B2ADF80600BDF87600C01B00B2E0
:10900000ADF80A0001A815F00BFE00900098B0B969
:10901000AEB9BDF87200384400B2ADF80E00BDF82C
:109020007600C01B00B2ADF8120010988DF85C00FD
:109030000020149011A91E9816F0A2FC38E0109898
:109040008DF85C0001208DF85400BDF97600A0EB8E
:10905000070ABDF97200C51927E0009870B14A46A9
:1090600010990B981CF0DDFBBDF968100FFA89F31D
:109070002AB20B9815F084FD8DF8540028B2ADF893
:109080000E0028B2ADF81200012E09D1BDF9721000
:10909000691AD8F8080000EB41000088ADF84C00D0
:1090A00011A91E9816F06CFC6D1C5545D5DD00BF4E
:1090B00000BF0B9810B10B981CF0BEF90C98401C27
:1090C00028B10C9816F00CFA05A815F085FDB8F13A
:1090D000000F02D0404618F04CFD00BF11E62DE90C
:1090E000F0478EB007460C461546206910B90EB001
:1090F000BDE8F087A07E022800DCF8E720691AF0BE
:109100003FF90646022E55D1002041F6FF71CDE908
:109110000001029003460DA8D4E9041226F0A0F93C
:10912000284611F035FC814600EBD970298801EB07
:109130006000BDF9348008EBD871A0EB610000B28B
:10914000ADF82C00BDF82C00BDF834100844401ECA
:1091500000B2ADF83000284611F092FB814600EBDA
:10916000D970698801EB6000BDF9368008EBD871D1
:10917000A0EB610000B2ADF82E00BDF82E00BDF8E6
:1091800036100844401E00B2ADF8320003A815F0B6
:10919000C9F960690390208BADF81800A07E8DF8A6
:1091A0002600002000900BAA03A93846236914F07A
:1091B00005FEAEE00DA9206919F08AFD8046B8F1E0
:1091C000010F02D000BF00BF91E707A814F0D9FD3E
:1091D000A0788DF82800208BADF82400E07E8DF873
:1091E0002600A07E8DF82700207FE8BB284611F0DE
:1091F000CFFB824600EBDA70298801EB60000D9905
:10920000C1F38A2909EBD971A0EB610000B2ADF876
:109210001400284611F034FB824600EBDA706988AE
:1092200001EB60000D994FEA515909EBD971A0EBA0
:10923000610000B2ADF81600BDF814000D99C1F33D
:109240008A210844401E00B2ADF81800BDF816008F
:109250000D9900EB5150401E00B2ADF81A0005AA5E
:1092600007A93846236900E002E014F03BFD4FE017
:109270006888ADF81600BDF816000D9900EB515046
:10928000401E00B2ADF81A003BE02888ADF814008B
:10929000BDF814000D99C1F38A210844401E00B2A4
:1092A000ADF8180017E005AA07A93846236914F09D
:1092B00019FDBDF814000D99C1F38A21084400B2CC
:1092C000ADF81400BDF818000D99C1F38A210844C7
:1092D00000B2ADF81800BDF91400B5F904108842C9
:1092E000E1DDBDF816000D9900EB515000B2ADF86C
:1092F0001600BDF81A000D9900EB515000B2ADF800
:109300001A00BDF91600B5F906108842BDDD00BF90
:1093100000BF00BFEBE62DE9F04F87B083460C4657
:10932000164694F82200022802DC07B0BDE8F08F50
:10933000208C00B9F9E794F82300C0F3440000B989
:10934000F3E794F8230000F0010000B1EDE73046A8
:1093500011F01EFB8146304611F092FA0746B4F92F
:109360000050B94501DA484600E038468246B5EB80
:109370006A0F01DD4FEA6A05314605A811F020FAAF
:10938000BDF9141094F82300400800F0040010B157
:10939000B4F9200003E0B4F9200028444042084416
:1093A00000B2ADF81400BDF9181094F8230040087D
:1093B00000F0080010B1B4F9200003E0B4F9200077
:1093C00028444042081A00B2ADF81800BDF9161042
:1093D00094F82300400800F0020010B1B4F9200016
:1093E00003E0B4F9200028444042084400B2ADF83C
:1093F0001600BDF91A1094F82300C0F3400010B114
:10940000B4F9200003E0B4F9200028444042081ACF
:1094100000B2ADF81A00208C281A0FFA80F8B8F1C3
:10942000000F01DA4FF00008A07894F82210CDE97F
:109430000210E08BADF804002BB205AA3146584665
:10944000CDF8008000F002F800BF6EE72DE9FF4F75
:10945000A3B00D4616461F463298FF2801DBFF20B9
:1094600000E032983290284615F0DAFB22902298DC
:1094700068B967B9309850B9329800903246294699
:10948000319B239800F0A9FA27B0BDE8F08F23980C
:109490002946826820A8FAF79DFB00B9F4E720A8C6
:1094A00011F076FA81461C2119A81CF0F4F94846FF
:1094B0001BF046FF1C904FF0FF301890002F0ADD84
:1094C00000233A46294612A815F022FF002112A8CF
:1094D00015F0A0F81890012331460CA8309A15F029
:1094E00017FF00210CA815F095F80B9009A819900A
:1094F0001E90BDF8C400ADF86C0032988DF87C0069
:1095000033988DF87D00B5F900003844B6F90010A5
:10951000884203DDB5F90000384401E0B6F90000E7
:1095200000B2ADF81C00B5F90400C01BB6F9041078
:10953000884203DAB5F90400C01B01E0B6F9040063
:1095400000B2ADF82000B5F902003844B6F90210B7
:10955000884203DDB5F90200384401E0B6F90200A3
:1095600000B2ADF81E00B5F90600C01BB6F9061032
:10957000884203DAB5F90600C01B01E0B6F906001F
:1095800000B2ADF8220007A811F002FA0690B5F972
:109590000200B6F90210884201DC012000E0002040
:1095A0008246B5F90600B6F90610884201DB0120B3
:1095B00000E000208346229800284CD0BDF88000AF
:1095C000ADF82400BDF88400ADF82800BDF9824054
:1095D00029E0BAF1000F04D1BDF91E00A04200DD60
:1095E00020E0BBF1000F04D1BDF92200A04200DA57
:1095F0001DE020B2ADF8260020B2ADF82A004946A1
:109600001C981CF07FF9BDF980100FFA89F322B283
:109610001C9815F0B5FA8DF8740019A9239816F066
:10962000AFF900BF641CBDF98600A042D1DA00BFCB
:109630000CA815F0D1FA0B9815F052FF1898401CA1
:1096400028B112A815F0C8FA189815F049FF1C980F
:109650001BF0F2FE18E7B5F90000B6F900108842D9
:1096600001DC012000E000200590B5F90400B6F906
:109670000410884201DB012000E00020049001205A
:109680000390059860B1049850B1BAF1000F07D06B
:10969000BBF1000F04D00698322801DA00200390B5
:1096A00001208DF87400BAF1000F15D0039898B11D
:1096B000BDF81C00ADF82400BDF82000ADF828006E
:1096C0006888ADF826007088401E00B2ADF82A0008
:1096D00019A9239816F054F9BBF1000F15D003987F
:1096E00098B1BDF81C00ADF82400BDF82000ADF81D
:1096F0002800F088401C00B2ADF82600E888ADF8DC
:109700002A0019A9239816F03BF9059898B12888E2
:10971000ADF824003088401E00B2ADF82800BDF836
:109720001E00ADF82600BDF82200ADF82A0019A9E8
:10973000239816F025F9049898B1B088401C00B21F
:10974000ADF82400A888ADF82800BDF81E00ADF8DB
:109750002600BDF82200ADF82A0019A9239816F0BA
:109760000FF90398F0BBBDF88000ADF82400BDF8F8
:109770008400ADF82800B5F90200B6F90210401ACD
:10978000B84201DA384604E0B5F90200B6F9021031
:10979000401A00B20290002442E06888204400B2DF
:1097A0000190E888001B00B20090BDF9821001987A
:1097B000814205DDBDF986100098814200DA2EE075
:1097C00049461C981CF09EF8BDF924100FFA89F345
:1097D000019A1C9815F0D4F98DF87400BDF9821027
:1097E000019800E020E0814209DC0198ADF82600F4
:1097F0000198ADF82A0019A9239816F0C1F8BDF90F
:1098000086100098814209DB0098ADF82600009888
:10981000ADF82A0019A9239816F0B2F800BF641C0D
:1098200002988442B9DBC7E0BDF88000ADF824009F
:10983000BDF98410BDF91C00401E814202DABDF959
:10984000840002E0BDF91C00401E00B2ADF8280003
:1098500009A811F09DF88046B8F1000F48DD059881
:1098600010B9BAF1000F1ED0BDF9824017E020B246
:10987000ADF8260020B2ADF82A0041461C981CF035
:1098800041F8BDF92410434622B21C9815F078F92E
:109890008DF8740019A9239816F072F8641CBDF9AC
:1098A0001E00A042E3DC059810B9BBF1000F1FD0E9
:1098B000BDF92200441C17E020B2ADF8260020B20A
:1098C000ADF82A0041461C981CF01CF8BDF9241084
:1098D000434622B21C9815F053F98DF8740019A96B
:1098E000239816F04DF8641CBDF98600A042E3DA17
:1098F000BDF98010BDF92000401C814202DDBDF998
:10990000800002E0BDF92000401C00B2ADF8240048
:10991000BDF88400ADF8280009A811F039F8804698
:10992000B8F1000F48DD049810B9BAF1000F1ED04D
:10993000BDF9824017E020B2ADF8260020B2ADF8A4
:109940002A0041461C981BF0DDFFBDF92410434658
:1099500022B21C9815F014F98DF8740019A92398F7
:1099600016F00EF8641CBDF91E00A042E3DC04985A
:1099700010B9BBF1000F1FD0BDF92200441C17E045
:1099800020B2ADF8260020B2ADF82A0041461C985E
:109990001BF0B8FFBDF92410434622B21C9815F005
:1099A000EFF88DF8740019A9239815F0E9FF641CED
:1099B000BDF98600A042E3DA0CA815F00DF90B986A
:1099C00015F08EFD12A815F007F9189815F088FD0E
:1099D0001C981BF031FD00BF56E52DE9FF4F89B003
:1099E00080460C461546DDF858901C2168461BF051
:1099F00052FF07A80090BDF83000ADF808008DF8C0
:109A00001890B4F90200B5F90210884201DC012077
:109A100000E000200646B4F90600B5F906108842B9
:109A200001DB012000E000200746B4F90000B5F991
:109A30000010884201DC012000E000208246B4F9D9
:109A40000400B5F90410884201DB012000E0002089
:109A500083462088ADF81C00A088ADF820006088FF
:109A6000ADF81E006888401E00B2ADF822001EB19D
:109A70006946404615F084FFE888401C00B2ADF806
:109A80001E00E088ADF822001FB16946404615F07F
:109A900077FF2088ADF81C002888401E00B2ADF882
:109AA000200016B1B5F9020001E0B4F90200ADF8EA
:109AB0001E0017B1B5F9060001E0B4F90600ADF8D3
:109AC0002200BAF1000F03D06946404615F058FF56
:109AD000A888401C00B2ADF81C00A088ADF820009A
:109AE000BBF1000F03D06946404615F049FF0DB0A9
:109AF000BDE8F08F2DE9FF4F93B007469046994699
:109B00004FF6FF70804502D117B0BDE8F08F3E469A
:109B1000746A208C1290208C484506D0A4F82090BE
:109B2000608C20F00400001D60844FF480212046EA
:109B30001FF03DFA11904FF4802120461FF0A7FA44
:109B40000546119817F072FD8246384609F07BFAF7
:109B50008346BBF81600ADF83E00BDF93E000AEBA7
:109B6000050108FB010000B2ADF83E00284605EBF8
:109B7000D071BDF83E20A2EB610109B2ADF83E10F4
:109B8000BDF83E0050442844401E00B2ADF84200EB
:109B9000706A808AADF83C00706A008BADF84000B6
:109BA00001A815F0CBFC01AA4FF4802120461FF03C
:109BB000A3FD0FAA01A9149815F0A4FC1298208403
:109BC000608C20F00400608400BF9DE72DE9F04F19
:109BD00091B007460D46904699464FF6FF70804576
:109BE00002D111B0BDE8F08F1097109F7C6A208CD5
:109BF0000F90208C484506D0A4F82090608C20F06F
:109C00000400001D608407A814F08CFC07AA4FF420
:109C1000802120461FF095FC4FF4802120461FF044
:109C200036FAADF82E00384609F00DFA064606B9A8
:109C3000D7E7079817F0FAFC8246F08AADF81600CD
:109C4000BDF91600BDF92E10514408FB010000B209
:109C5000ADF81600BDF92E0000EBD071BDF816204E
:109C6000A2EB610109B2ADF81610BDF81600504420
:109C7000BDF82E100844401E00B2ADF81A00A08AAC
:109C8000ADF81400208BADF8180005AA03A8A96848
:109C9000F9F7A0FF8346BBF1000F13D0A86802902C
:109CA00003A8A86030461AF0FFFA01900020009047
:109CB00006F1140207A92846019B14F07FF80298C8
:109CC000A86000BF0F982084608C20F0040060849E
:109CD00000BF86E72DE9F04105463548006813F0DE
:109CE00013FD04462868866BF06A10B13046F16AAD
:109CF0008847206890B1606880B10CE02C4800680B
:109D00000068806A38B12A4A12681068284A1268C6
:109D10001268916A884720690028EFD101202061EC
:109D2000234800680068C068806900F0010050B1F5
:109D30001F4800680068C0688069C0F3400010B127
:109D40000120606101E000206061606908B10120CC
:109D500000E0002007462868406998B12868007C28
:109D6000C0F3011048B12868007CC0F3800020B126
:109D7000D6E9001000F01EF804E0D6E900212868BA
:109D8000FDF742FD206880B1606870B12868007CF2
:109D900000F0010000B147B12168A068884202D1FB
:109DA0006068A06001E02068A060BDE8F08100006C
:109DB0006C0100242DE9F34F83B004468848006805
:109DC0000568874800680068007CC0F3400040B127
:109DD000287CC0F3800020B100BF00BF05B0BDE803
:109DE000F08F287CC0F3011002280AD121462846B2
:109DF000049A00F004F921462846049AFDF704FD70
:109E0000EBE0287CC0F30110012804D0287CC0F3CB
:109E100001100328F4D1002002907148006813F06B
:109E200073FC8246204610F082FD0646204610F064
:109E30000BFD83464FF4A050B0FBF6F000B258453E
:109E400005DA4FF4A050B0FBF6F000B200E058463F
:109E50000190B4F90280287CC0F3011001280BD1D5
:109E600068882188401A401E00B2E080E088801B8C
:109E7000401C00B2608006E020886080608830442A
:109E8000401E00B2E08000279EE0ABEB0701019886
:109E9000814201DD019801E0ABEB07000FFA80F988
:109EA0000120CAF8100047BBB34526DBB146297C28
:109EB000C1F30111032901D1012100E0002108466D
:109EC0003146049A00F00FF9287CC0F301100128F4
:109ED00007D1A4F8008008EB0600401E00B2A08065
:109EE0003FE02888401EA0EB080000B2A080A088B8
:109EF000801B401C00B2208033E0029820B94FF450
:109F000020501BF01DFA029002980090297CC1F3AA
:109F10000111032901D1012100E0002108464A4630
:109F20003146049B00F0B2F8287CC0F301100128F0
:109F30000AD108EB070000B2208008EB0700484474
:109F4000401E00B2A0800CE02888401EA0EB080054
:109F5000C01B00B2A080A088A0EB0900401C00B28A
:109F6000208007EB090058450DDBDAF8180000F0F7
:109F7000010040B1DAF81800C0F3400018B1012028
:109F8000CAF8140002E00020CAF81400029808B9C8
:109F9000049800E00298024621462846FDF734FC6A
:109FA00004E0A86A10B12846A96A8847DAF81000C8
:109FB0000028F6D106FB09F1049800EB410004905B
:109FC00007EB090007B200BF5F45FFF65EAF0298DE
:109FD00010B102981BF030FA00BF00BFFEE600008F
:109FE0006C01002418B5048800940C88048014883F
:109FF0000C801C881480BDF800401C8018BD2DE921
:10A00000FC5F05460C461646204610F090FC824642
:10A01000204610F019FC83461AFB0BF001900198C2
:10A02000471E4FF0000811E006EB47000088009043
:10A0300006EB470006EB48010988018006EB480063
:10A04000BDF8001001807F1E08F101084745EBD8DC
:10A05000B4F9069068886188401A401E00B2E0801A
:10A060006888A0EB0900401E00B26080B4F904903B
:10A0700028882188401A401E00B2A0802888A0EBC2
:10A080000900401E00B22080BDE8FC9F2DE9F0478A
:10A0900004461D46089F01FB02F0A0F1010C481E7A
:10A0A00000FB02F800231AE008EB03000CB1ACEB54
:10A0B000000000260FE0A946AD1C07EB400AB9F8E6
:10A0C0000090AAF800900CB1104400E0801A06F14C
:10A0D00001090FFA89F68E42EDDB581C03B2934258
:10A0E000E2DBBDE8F0872DE9F04782460C461546D5
:10A0F00000263BE0002731E0601E801B0FFA80F84D
:10A10000601EC01B0FFA80F9BAF1000F12D007FBD6
:10A11000048C05EB4C0308FB049C05EB4C0209FB8B
:10A12000046C05EB4C0106FB047C05EB4C00FFF7CF
:10A1300059FF11E009FB046C05EB4C0308FB049C80
:10A1400005EB4C0207FB048C05EB4C0106FB047C81
:10A1500005EB4C00FFF746FF781C07B2601C00EBD4
:10A16000D071B7EB610FC7DB701C06B204EBD47182
:10A17000B6EB610FBEDBBDE8F08710B504462046A4
:10A1800018F07AFD10BD00002DE9F14F9EB01E9829
:10A1900016F074FF05462C461E9816F016FF1D900B
:10A1A000606A1AF081F807465020005D00F0010057
:10A1B00010B91FB0BDE8F08F0FA815F0BFF90FAAB6
:10A1C0004FF4E02128461FF097FA04F144010DA84E
:10A1D00010F023FBBDF83400616A898A084400B29C
:10A1E000ADF83400BDF83610606AC08A084400B289
:10A1F000ADF83600BDF83800616A898A084400B2BB
:10A20000ADF83800BDF83A10606AC08A084400B260
:10A21000ADF83A000DAA0FA91D9815F073F94FF487
:10A22000E02128461EF008FA06464FF4E0212846B1
:10A230001EF06AFC30440FFA80F84FF4E021284603
:10A240001EF0DBFD30440FFA80F900200B900C90DB
:10A25000E16CC8191F49096888478246E06CC1193A
:10A2600052460BA81BF089F9BDF83400404400B2F7
:10A27000ADF83400BDF83600484400B2ADF8360001
:10A280004FF0000BD4F824A040F2574259465046F4
:10A290001EF0C0FD019001980A9002A814F042F946
:10A2A00002AA4FF4E02128461FF04BF99DF83F0029
:10A2B000022805DCBDF81400BDF82810884207D03C
:10A2C00000200BAB0DAA02A900901D9813F076FD9B
:10A2D00000BF6EE7EC0200242DE9F04FBDB005464B
:10A2E0000E4600BF00BFAB460BF13000FAF788FF07
:10A2F00010B13DB0BDE8F08F05F114023BA8B16884
:10A30000F9F768FC00B9F4E7B0683A903BA8B06090
:10A3100035A814F053F935AA4FF4E02128461FF070
:10A3200077F927A815F00AF99DF8DC008DF89F0051
:10A3300047F6FF70ADF89C004FF4E02128461EF070
:10A3400042FF074600EBD7704FEA60094FF4E02167
:10A3500028461EF038FF074600EBD7704FEA600A28
:10A36000314604A81CF082FE24A80A9016A8089082
:10A370004FF4E020119069480590052006900BF1FC
:10A380003000FAF7EFFE0446C0E00A2235A924A8FF
:10A390001BF0F3F8382227A916A81BF0EEF8E08886
:10A3A000ADF89000E088ADF85C0039A80D9038A8B1
:10A3B0000E90607B00F0010020B1B4F90070B4F998
:10A3C000028010E0A08847F6FF71884200D197E034
:10A3D000A28801AB2846A16811F00AFEBDF90470FD
:10A3E000BDF9068000BFA88A384407B2E88A404415
:10A3F0000FFA80F8B9F1000F19D0BAF1000F16D09A
:10A40000A7EB090000B2ADF8080007EB090000B2A5
:10A41000ADF80C00A8EB0A0000B2ADF80A0008EB9A
:10A420000A0000B2ADF80E0002A8079001E000207B
:10A430000790207B00F0030070B3207B00F0010048
:10A4400010B1B5F9140000E03846ADF8E400ADF8FD
:10A45000E680207B00F0020010B1B5F9180000E0A2
:10A460003846ADF8E000BDF8E600ADF8E20004AA19
:10A470001A21284616F008FE38AB39AA24A930461E
:10A4800014F085F802AA16A9304615F03BF804AA84
:10A490001B21284616F0F8FD207B00F00C0070B35D
:10A4A000ADF8E470207B00F0040010B1B5F916009F
:10A4B00000E04046ADF8E600BDF8E400ADF8E0008D
:10A4C000207B00F0080010B1B5F91A0000E040460A
:10A4D000ADF8E20004AA1A21284616F0D5FD38ABE3
:10A4E00039AA24A9304614F052F802AA16A9304617
:10A4F00015F008F804AA1B21284616F0C5FD00BF78
:10A5000021460BF13000FAF727FE0446002C7FF4B9
:10A510003CAF3A98B06000BFEBE6000044BC03904B
:10A520002DE9F14F9AB01A9816F0A8FD04461A9832
:10A5300016F04BFD199020461EF093FE074620466C
:10A540001DF0F4F8834607EBD771A28A02EB610194
:10A5500009B218910BEBDB714A10E18A114409B280
:10A56000179107EBD7714E1014A814F027F814AA0E
:10A57000002120461FF04CF84FF41D7016FB00F030
:10A58000552190FBF1F0642190FBF1F000B2ADF8A1
:10A590005200BDF85200801C00B2ADF852000020FD
:10A5A0001390002120461DF05EFF0546002347F66C
:10A5B000FF7204F114010DA814F0AAFE00210DA8E9
:10A5C00014F028F80C9000BFA08AADF82800E08AAB
:10A5D000ADF82A00208BADF82C00608BADF82E0072
:10A5E00000BFBDF82800284400B2ADF82800BDF82F
:10A5F0002C00401B00B2ADF82C00BDF82A00284406
:10A6000000B2ADF82A00BDF82E00401B00B2ADF834
:10A610002E00012347F6FF720AA904A814F078FE61
:10A62000002104A813F0F6FF0390BDF952804FF00B
:10A63000000A4FE051462046FBF7ECFF0090BDF8C2
:10A640000000ADF850001398C0F30F290FFA89F0FD
:10A6500024F018FE06EB08014843189901EBE0309E
:10A6600000B2ADF804000FFA89F024F0FBFD06EB10
:10A6700008014843179901EBE03000B2ADF806003D
:10A680000FFA89F024F0FEFD711BA1EB080148438D
:10A69000189901EBE03000B2ADF808000FFA89F02C
:10A6A00024F0E0FD711BA1EB08014843179901EB71
:10A6B000E03001B2ADF80A1002AB01AA14A9199852
:10A6C00013F065FF0AF103001FFA80FA139800F5F2
:10A6D00087601390BAF5807FACDD0DA814F07CFA8A
:10A6E00004A814F079FA0C9814F0FAFE039814F008
:10A6F000F7FE1BB0BDE8F08F2DE9F04FA5B0044682
:10A700000F46254604F1140123A8BA68F9F762FA46
:10A710002290229810B925B0BDE8F08FB86821903A
:10A7200023A8B860002120461DF05FFF1E90002185
:10A7300020461EF074F901461E98084400B21D9090
:10A74000002120461EF0D7FA01461E98084400B2A8
:10A750001C9020461CF075FF7E35E98848430012A6
:10A7600000B21B9020461CF04DFF2989484300127F
:10A7700000B21A9017A813F021FF17AA0021204653
:10A780001EF046FF394605A81CF070FC0020129010
:10A790008C4806900020079017A80B904FF0FF30D0
:10A7A000139000200E900F9005AA1A21204616F053
:10A7B0006BFC002001903122204601991EF02AFBFB
:10A7C0000090009800F0FF0B00BF002120461DF014
:10A7D0000CFF0490002001903322204601991EF0C6
:10A7E00019FB0090009800F0FF0800BF20461DF004
:10A7F00093F8039020461DF089F9029035F87E0900
:10A80000002865D0E18A1C9801440298081A00B219
:10A810000190A08AADF88000208BADF87C004FF04D
:10A820000009B5F87E000FFA80FABBF1020F1ADDBD
:10A830000498002817DD08F0020040B100212046EE
:10A840001EF059FA18B909F101000FFA80F908F061
:10A85000010040B1002120461EF004F818B9AAF109
:10A8600001000FFA80FA4E462FE01A987043B5F8AF
:10A870007E10491E90FBF1F000B2ADF88200BDF8E9
:10A8800082100198084400B2ADF88200BDF8820041
:10A89000ADF87E004B4806900120079020A80E904E
:10A8A0001FA80F90139605AA1A21204616F0ECFB5C
:10A8B0001FAB20AA17A9384613F069FE05AA1B2171
:10A8C000204616F0E1FB701C06B25645CDDB00BFFA
:10A8D000B5F88000002865D0A18A1D98014403982E
:10A8E000081A00B20190E08AADF88200608BADF8E2
:10A8F0007E004FF00009B5F880000FFA80FABBF136
:10A90000020F1ADD0498002817DD08F0040040B19A
:10A91000002120461EF083F818B909F101000FFA52
:10A9200080F908F0080040B1002120461EF020F90F
:10A9300018B9AAF101000FFA80FA4E462FE01B98D1
:10A940007043B5F88010491E90FBF1F000B2ADF8ED
:10A950008000BDF880100198084400B2ADF8800076
:10A96000BDF88000ADF87C001648069002200790E4
:10A9700020A80E901FA80F90139605AA1A21204612
:10A9800016F082FB1FAB20AA17A9384613F0FFFD73
:10A9900005AA1B21204616F077FB701C06B256450F
:10A9A000CDDB00BF4FF0FF30139000200E900F90D2
:10A9B00005AA1B21204616F067FB2198B86000BF4E
:10A9C000A9E6000044BC03902DE9F14F9AB01A9813
:10A9D00016F0F3FA07461A9816F050FB05462C4677
:10A9E000122F7DD11A9816F046FB064630780228C1
:10A9F00002D11BB0BDE8F08F94F8380000F00300DE
:10AA0000032805D094F8380000F00300022802D192
:10AA100001203070EDE794F83800C0F3840004287A
:10AA200008D094F83800C0F38400012802D0012037
:10AA30003070DEE74FF0000A4622514628461EF0ED
:10AA4000E9F919901998C0B2FF2802D0012030709E
:10AA5000CFE7002128461EF05BFB8146208E814413
:10AA6000B9F1000F02D001203070C2E70021284662
:10AA70001EF08FFB8046E08E00FB08F04FEA202896
:10AA80001A9816F0F8FA8346B8F5807F09D10022AB
:10AA900005F114015846F9F7DEF8E8BB01203070E3
:10AAA000A7E728461CF042FE824628461EF0D9FB46
:10AAB000179004F132001FFA88F100235246CDE9C5
:10AAC000001018A81799F9F77BFBBDF86000A98A58
:10AAD000084400B2ADF86000BDF86210E88A00E0FA
:10AAE0001DE0084400B2ADF86200BDF86400A98A18
:10AAF000084400B2ADF86400BDF86610E88A084466
:10AB000000B2ADF86600002218A95846F9F7A3F87C
:10AB100018B9012030706CE700E000BF19E2152F72
:10AB200001D0182FFAD1002128461EF032FB8046B2
:10AB3000E08E00FB08F04FEA2028002128461EF096
:10AB4000E7FA8246208E824428461EF08AFB19903E
:10AB500028461CF0EBFD1890002641F232023146E7
:10AB600028461EF057F90E900E9800B2814600BF9D
:10AB700041F61202314628461EF04CF90E900E980E
:10AB800048440FFA80FB00BF41F6130231462846C5
:10AB90001EF040F90E900E98484400B2179000BF86
:10ABA00041F61002314628461EF034F90E900E98F8
:10ABB000484400B2169000BF41F6110231462846C3
:10ABC0001EF028F90E900E98484400B21590608E41
:10ABD000584400B2ADF85000A18E1698084400B257
:10ABE000ADF8520094F8390000F00300012804D1B8
:10ABF00012A928461CF044FD27E014A91FFA88F08A
:10AC00000FFA8AF3CDE9000112A8DDE91821F9F75E
:10AC1000D7FABDF84800A98A084400B2ADF8480048
:10AC2000BDF84A10E88A084400B2ADF84A00BDF801
:10AC30004C00A98A084400B2ADF84C00BDF84E1093
:10AC4000E88A084400B2ADF84E0005F1140110A8DE
:10AC50000FF0D1FD12A905F114000FF0CCFDBE4894
:10AC60001A991CF029FC0F900F98012800D0C0E61B
:10AC700010A905F114000FF0BEFD152F7ED1E08D57
:10AC800008B1A08D00B9B4E6B8F1000F00D1B0E66C
:10AC90001A9816F09AF9064605F114010DA80FF05E
:10ACA000AAFD284618F05AFA0C9094F8390000F0E2
:10ACB000030001283CD1B4F92C10BDF93020891AC9
:10ACC000481C00EBD071BDF83420A2EB610109B241
:10ACD000ADF83410B4F92C10BDF93020891A481C95
:10ACE00000EBD071BDF83820A2EB610109B2ADF8DC
:10ACF0003810B4F92E10BDF93220891A481C00EB27
:10AD0000D071BDF83620A2EB610109B2ADF8361062
:10AD1000B4F92E10BDF93220891A481C00EBD0710D
:10AD2000BDF83A20A2EB610109B2ADF83A1013E088
:10AD300012A80FF057FEBDF834100844401E00B2B0
:10AD4000ADF8380012A80FF0C5FDBDF83610084464
:10AD5000401E00B2ADF83A00BDF83400584400B2CD
:10AD6000ADF83400BDF836101698084400B2ADF8BE
:10AD70003600BDF838101798081A00E0E8E000B275
:10AD8000ADF83800BDF83A101598081A00B2ADF8C1
:10AD90003A0094F8380000F00300012805D094F838
:10ADA000380000F0030000287AD106A812F0E9FF6D
:10ADB00006AA002128461EF065FB1FFA88F0ADF8B0
:10ADC0001A001FFA8AF0ADF81800608EADF81C006A
:10ADD000A18EADF81E1094F83800C0098DF82C0033
:10ADE000BDF84800584400B2ADF81000BDF84A1054
:10ADF0001698084400B2ADF81200BDF84C10179830
:10AE0000081A00B2ADF81400BDF84E101598081AD3
:10AE100000B2ADF81600B068039004AA04A8B168A7
:10AE2000F8F7D8FE00B9E4E504A8B060BDF8361024
:10AE3000608D084400B2ADF80600BDF90600BDF90A
:10AE40003610884206DDBDF80600E18D401A00B2DA
:10AE5000ADF80600BDF80600E18D0844401E00B2C2
:10AE6000ADF80A0049E0BDF83400218D084400B275
:10AE7000ADF80400BDF90400BDF93410884206DDC8
:10AE8000BDF80400A18D401A00B2ADF80400BDF871
:10AE90000400A18D0844401E00B2ADF8080016E081
:10AEA00034E001AA06A93046636A12F01BFFBDF820
:10AEB0000400BDF83010084400B2ADF80400BDF83D
:10AEC0000800BDF83010084400B2ADF80800BDF924
:10AED0000400BDF938108842E3DBBDF80600BDF878
:10AEE0003210084400B2ADF80600BDF80A00BDF803
:10AEF0003210084400B2ADF80A00BDF90600BDF9F1
:10AF00003A108842AFDB0398B06020E094F8380034
:10AF100000F00300022811D104A813F003FB04AAD7
:10AF2000002128461EF00DFB0020009005F11402C0
:10AF300004A93046636A12F041FF08E000BF00BF79
:10AF4000002305F114021946304612F0CBFE00BF73
:10AF500000BF00BF4DE50000085004902DE9F14FFF
:10AF6000DCB05C9816F08AF805462C465C9816F022
:10AF70002CF85B9059A928461CF082FB0020CDE9F3
:10AF8000105040F60A02DDE910011DF043FF0F905A
:10AF90000F9800B258900020CDE9105040F60B02F7
:10AFA000DDE910011DF036FF0F900F9800B25790A9
:10AFB000BDF864115898081A00B2ADF86401BDF8E4
:10AFC00068115898084400B2ADF86801BDF86611E0
:10AFD0005798081A00B2ADF86601BDF86A11579883
:10AFE000084400B2ADF86A0159A80FF0EDFC8346A1
:10AFF00059A80FF061FC5690D4E90A10A0EB0109A2
:10B000005698834501DB012000E0002080460020A7
:10B01000559094F85C0000F0030001280BD1A06A61
:10B02000002808DAE06A002805DDA16A206B884262
:10B0300001D101205590002128461DF017FD5490A4
:10B04000002128461DF0BBFD5390002128461DF02D
:10B0500079FE5290002128461DF02BFC519059A9F1
:10B0600004F134000FF0B5FBA18E5498084400B2EF
:10B07000A086218F5398081A01B22187E18E529839
:10B08000084401B2E186618F5198081A01B26187C4
:10B09000B8F1000F13D004F134000FF00DFC0428B8
:10B0A0000DDA569800EBD0714A10E98A1144891ED6
:10B0B0000AB2E286E08E001D01B2618715E0B8F1A8
:10B0C000000F12D104F134000FF07EFC04280CDADA
:10B0D00058460BEBD071AA8A02EB6101891E09B2B6
:10B0E000A186A08E001D01B2218704F134000FF06B
:10B0F0006BFC509004F134000FF0DEFB4F90B8F180
:10B10000000F01D0509800E04F988246B8F1000F30
:10B1100005D004F13406371DFE484C9004E004F1DC
:10B120003606371DFC484C90A06D401CF8B1A36A50
:10B13000216DC91A01FB0AF191FBF9F108B2A36A6A
:10B14000616DC91A01FB0AF191FBF9F10AB2131AF8
:10B15000D4F858C003FB0CF1CB1701EB13631B129F
:10B160001BB24D934D99014409B24D9108E0A16A7B
:10B17000206B401A00FB0AF090FBF9F000B24D90F2
:10B18000A06C401CE0B1A36A216CC91A01FB0AF152
:10B1900091FBF9F108B2A36A616CC91A01FB0AF1CB
:10B1A00091FBF9F10AB2131AD4F848C003FB0CF171
:10B1B000CB1701EB136300EB23231BB24E9308E084
:10B1C000D4E90901401A00FB0AF090FBF9F000B243
:10B1D0004E900020119041F26A42284611991DF0CC
:10B1E00019FE10901098C0B24B90B8F1000F0ED01D
:10B1F0004B9801280BD130463E4607464E994942AE
:10B2000009B24E914D99494209B24D9100BFB8F132
:10B21000000F0AD031884E98084400B23880318837
:10B220004D98084400B230800AE039884E98081AD8
:10B23000401C00B2308039884D98081A00B238801E
:10B24000559878B3A26A524202FB0AF292FBF9F2D5
:10B2500011B2B8F1000F0CD032880A4410B2B7F91D
:10B260000020824201DD30801BE03A883280388045
:10B2700017E03A88521A521C10B2B6F900208242E6
:10B2800001DD388002E032883A803080B7F9002052
:10B29000B6F900309A4204DAB6F900003A883280F2
:10B2A000388000BF559800BB04F134004C998847A2
:10B2B00001281ADC68465B991BF0D8FE4FF4003079
:10B2C0000D90964801900020029004F13400039004
:10B2D0006A461A21284615F0D7FE6A461B212846E1
:10B2E00015F0D2FE5DB0BDE8F08F04F1340149A83D
:10B2F0000FF06FFA3BA814F021F93BAA4FF400318C
:10B3000028461EF0F9F929A85B991BF0AFFE4FF40F
:10B310000030369081482A9000202B903BA82D9039
:10B3200004F134002C9029AA1A21284615F0ACFE0D
:10B33000002011906022284611991DF06BFD10909D
:10B34000109800B228905698834501DA584600E0DC
:10B3500056982790DDE92701B1EB600F02DD2798B1
:10B3600040102890BDF9EC0026904F9950988842E3
:10B3700001DA509800E04F982790DDE92601B0EB04
:10B38000610F02DD279840102690B8F1000F08D019
:10B3900004F134000FF018FB01462698B1EB400F82
:10B3A0000BDCB8F1000F28D104F134000FF084FA5F
:10B3B00001462698B1EB400F1FDD9DF8EF0011907C
:10B3C0009DF8060110909DF80E010F9000208DF859
:10B3D000EF008DF806018DF80E0104F134023BA94F
:10B3E0005B9814F08FF811988DF8EF0010988DF895
:10B3F00006010F988DF80E0100BFA98A54980844E1
:10B4000000B2ADF87800298B5398081A00B2ADF855
:10B410007C00E98A5298084400B2ADF87A00698B42
:10B420005198081A00B2ADF87E0000231EA920A88A
:10B43000289A13F06DFF002120A813F0EBF81D905F
:10B440009DF822011C909DF80E011B9000208DF8A4
:10B450000E018DF8220159A919A80FF0BAF9BDF80B
:10B4600064105498084400B2ADF86400BDF866104A
:10B470005298084400B2ADF86600BDF868105398C1
:10B48000081A00B2ADF86800BDF86A105198081AA1
:10B4900000B2ADF86A00B8F1000F15D019A80FF08E
:10B4A0000BFA042810DA569800EBD0714A10E98A9A
:10B4B0001144891E09B2ADF86610BDF86600001D82
:10B4C00000B2ADF86A0017E0B8F1000F14D119A866
:10B4D0000FF07AFA04280FDA58460BEBD071AA8ADB
:10B4E00002EB6101891E09B2ADF86410BDF8640079
:10B4F000001D00B2ADF86800BDF9EC20002304F196
:10B50000340113A813F004FF002113A813F082F8EC
:10B51000129005E0C9A90190B9A80190604F04906C
:10B5200019AA3BA95B9813F0EDFF1B988DF80E014B
:10B530001C988DF8220100208DF8EF008DF806018F
:10B540008DF8220104F134023BA95B9813F0DAFF75
:10B5500013A813F041FB20A813F03EFB129813F040
:10B56000BFFF1D9813F0BCFF29AA1B21284615F028
:10B570008BFD00BFB6E6F0B591B00546284615F044
:10B580007DFD0446284615F020FD0746264603A803
:10B5900013F0D4FF03AA4FF4403120461EF0ACF85C
:10B5A00047F6FF70ADF80C002C20805D00F0010024
:10B5B00038B1204611F013FF0090BDF80000ADF83F
:10B5C0001000214601A807F057FC01AA03A938463C
:10B5D00013F098FF11B0F0BD2DE9F04FB3B08146E4
:10B5E000484615F04BFD80464446484615F0EDFCB4
:10B5F0003290002140461CF091FF054640461DF068
:10B6000030FE824640461CF091F88346DA4501DB65
:10B61000012000E0002006460EB1584600E05046EA
:10B620003190002794F85C0000F00300012806D157
:10B63000A06A002803DAE06A002800DD0127002E56
:10B640003CD097B93EB1012D02D1B4F9340009E0E4
:10B65000B4F9380006E0012D02D1B4F9360001E05A
:10B66000B4F93A00ADF8BC0037E0606A002812DB9C
:10B670003EB1012D02D1B4F9340009E0B4F938002B
:10B6800006E0012D02D1B4F9360001E0B4F93A0028
:10B69000ADF8BC0021E03EB1012D02D0B4F9340078
:10B6A00009E0B4F9380006E0012D02D0B4F9360003
:10B6B00001E0B4F93A00ADF8BC000EE01FB9E08E2D
:10B6C000ADF8BE0009E0606A002803DBE08EADF84B
:10B6D000BE0002E0608FADF8BE0021A813F02EFF7F
:10B6E00021AA4FF4403140461EF006F833462FA9F8
:10B6F0004046319A24F0FEFF2FA904F168000FF0B4
:10B7000083F80FA832991BF0B1FC4FF440301C9025
:10B710003C481090002011901D9004F16800129098
:10B7200021A81390404621F012F9022810D00FAA48
:10B730001A21404615F0A8FC04F1680221A93298AC
:10B7400013F0E0FE0FAA1B21404615F09DFC55E0CA
:10B75000382221A901A819F010FF0FAA1A2140468A
:10B7600015F092FC04F1680221A9329813F0CAFE88
:10B770000FAA1B21404615F087FC96B13EB1012D62
:10B7800002D0B4F9340009E0B4F9380006E0012D24
:10B7900002D0B4F9360001E0B4F93A00ADF8BC00CB
:10B7A00002E0608FADF8BE0033462FA94046319AC3
:10B7B00024F0A0FF2FA904F160000FF025F8382233
:10B7C00001A921A819F0D9FE0120119004F160000F
:10B7D000129021A8139001201D900FAA1A21404613
:10B7E00015F052FC04F1600221A9329813F08AFE90
:10B7F0000FAA1B21404615F047FC00BF33B0BDE83F
:10B80000F08F0000945004902DE9F04790B0074667
:10B81000384615F033FC054628461BF0D7FF064690
:10B8200008A812F07FFE08AA002130461DF089FE0C
:10B83000384615F0CAFB0446D4F8088006F1140215
:10B8400006A8A168F8F7C6F910B910B0BDE8F087EE
:10B8500006A8A06004A9304607F08CFFA88AADF8BE
:10B860000800E88AADF80A00288BADF80C00BDF896
:10B870001200ADF80E0002AA02A8A168F8F7AAF912
:10B8800098B1D4F8089002A8A060284618F00CFDE2
:10B8900082460020534605F1140208A90090204674
:10B8A00012F08CFAC4F8089000BFA88AADF808001E
:10B8B000BDF81600ADF80A00288BADF80C00688BB7
:10B8C000ADF80E0002AA02A8A168F8F783F998B1B2
:10B8D000D4F8089002A8A060284618F0E5FC82463B
:10B8E0000020534605F1140208A90090204612F0EA
:10B8F00065FAC4F8089000BFC4F8088000BFA4E748
:10B900002DE9FF4FA1B0064614462498807B00F035
:10B910000F052298807E1F90032D00D10425012D54
:10B9200006D0022D0BD0042D10D0082D1DD114E00F
:10B93000DFF86C834FF0800A02201E901AE0DFF8D7
:10B9400064834FF0C00A04201E9013E0DFF8588390
:10B950004FF0F00A10201E900CE0DFF850834FF0FB
:10B96000FF0A4FF480701E9004E000BF00BF25B0B6
:10B97000BDE8F08F00BF1F98FD2823DACC4801787E
:10B980001F98814203D1CB480068A84213D0002001
:10B990000DE018F80010FF2901D11F9904E018F8F4
:10B9A00000101F9A51430912C34A1154401C1E999A
:10B9B0008842EED300BFDFF80083BD491F980870AE
:10B9C000BC4805602498B0F806B0249800891B9004
:10B9D0000BFB05F01A90B4F90000B168B1F9001042
:10B9E000884201DB002005E0B068B0F90000B4F93E
:10B9F0000010401A1990B4F900005844B168B1F928
:10BA00000410884201DC584606E0B068B0F9040032
:10BA1000B4F90010401A401C1890B4F90200B16843
:10BA2000B1F90210884201DB002005E0B068B0F9EE
:10BA30000200B4F90210401A1790B4F902101B98D2
:10BA40000844B168B1F90610884201DC1B9806E091
:10BA5000B068B0F90600B4F90210401A401C169004
:10BA60001A9917984843199901FB050015902E99CA
:10BA7000159801EBD0002E90159800F007071C21B7
:10BA80000DA819F008FF22988089ADF83C00229893
:10BA9000807E8DF84C002298807FC0F3C2008DF824
:10BAA0004D00F9F773FE019011F032FE0C901B98D7
:10BAB0000BFB00F10C98814201DD0C9802E01B9910
:10BAC0000BFB01F00B900B9819F03AFC8146CDF876
:10BAD000409000200A9021881998084400B2ADF8DF
:10BAE0002000218818980844401E00B2ADF82400B8
:10BAF00061881798084400B2ADF82200BDF8220012
:10BB0000ADF8260000BFBDF82400BDF82010401A93
:10BB1000401C00B2079000BFBDF82000ADF8140033
:10BB2000BDF82200ADF81600BDF82400ADF81800ED
:10BB3000BDF82600ADF81A0000BFBDF81610169823
:10BB4000084400B2ADF81A0005A813F069F8049093
:10BB500008A80D901290C5F10800039019980BEBFE
:10BB600000011898081A6843029017981C9078E012
:10BB70000A9801902AFA07F0209019981D9028E061
:10BB80002E980078209908400399C91BC84014904A
:10BB9000149830B1149818F800100A9809F8001099
:10BBA00003E000210A9809F800100398874204D2A4
:10BBB0002F442098E840209005E00027CDF880A091
:10BBC0002E98401C2E900A98401C0A901D98401CEC
:10BBD0001D9018991D988842D2DB0498A0B1BDF938
:10BBE0002620BDF92010019B09EB0300079B12F0F2
:10BBF000C7FF8DF844009DF8440028B9019909EB6E
:10BC00000100079919F047FEDDE91801411A0A9869
:10BC100001440B98814206D2BDF82600401C00B2B8
:10BC2000ADF8260012E002208DF844000DA9304640
:10BC300013F0A6FEBDF82600401C00B2ADF82200AD
:10BC4000BDF82200ADF8260000200A9002980744B3
:10BC50002E9800EBD7002E9007F007071C98401C89
:10BC60001C9016991C98884282DBBDF92200BDF910
:10BC7000261088420ED0BDF82600401E00B2ADF856
:10BC8000260002208DF844000DA9304613F078FEFE
:10BC900000200A90484619F0CFFB00BF67E600007D
:10BCA000A8BA0390AABA0390B6BA0390C6BA039092
:10BCB0007C0100248001002414D505242DE9FF4FC8
:10BCC0008FB00C4615461E46B4F90200401E0E9079
:10BCD0000E9840100D900E9800F001010D98084448
:10BCE0000C90B5F90000B6F90010884202DAB5F9F7
:10BCF000000001E0B6F90000ADF82800B5F9000039
:10BD0000B6F90010884202DDB5F9000001E0B6F98D
:10BD10000000401E00B2ADF82C0069880C98081A8B
:10BD200000B2ADF82A0069880D98084400B2ADF859
:10BD30002E000F980AA982680AA8F7F74BFF8246DF
:10BD4000BAF1000F02D113B0BDE8F08FE08818B14E
:10BD5000A08808B1012000E000208346012009905E
:10BD60000AA812F05DFF10B10020099004E0BBF1B9
:10BD7000000F01D0002009901C2102A819F08BFDB2
:10BD80000AA802902088ADF81000207A8DF82000D3
:10BD9000099820B102A90F9813F0F2FD78E00AA8E3
:10BDA0000EF0EFFD0746BDF92E000190BDF82A0008
:10BDB000ADF82E0000200090BBF1000F0BD0B4F9BD
:10BDC0000600B4F904100844BDF9281091FBF0F204
:10BDD00000FB12100090384619F0B2FA8046CDF8F8
:10BDE00014800AA80790BDF92A904AE039464046D7
:10BDF00019F088FDBDF928103BB20FFA89F24046D0
:10BE000012F0BEFE8DF81800BBF1000F27D09DF890
:10BE1000180020B3009800211BE0B4F904208242EE
:10BE200007DBA3881B1A1AB28B1819B2831818B231
:10BE30000BE0B4F90620B4F904301A44824201DC64
:10BE4000002002E0002208F801204A1C11B2421C26
:10BE500010B2B942E1DB02228DF8182000BF02A91E
:10BE60000F9813F08DFDBDF82A00401C00B2ADF80C
:10BE70002A00BDF82E00401C00B2ADF82E0009F1DA
:10BE8000010901988145B1DD404619F0D5FA00BF9E
:10BE900000BF58E72DE9FF4FC7B08B4691469A4641
:10BEA000B9F90200BAF90210884210DAB9F80200B2
:10BEB000ADF81A01BAF80200ADF81601B9F80000A1
:10BEC000ADF81801BAF80000ADF814010FE0BAF8A7
:10BED0000200ADF81A01B9F80200ADF81601BAF87F
:10BEE0000000ADF81801B9F80000ADF81401BDF973
:10BEF0001401BDF91811441ABDF91601BDF91A1142
:10BF0000451A002C01DD204600E06042002D01DDD5
:10BF1000294600E06942884201DD012000E000205E
:10BF20004490BBF9026000204390449870B1002D0A
:10BF300001DD284600E068424101002C01DD204679
:10BF400000E0604291FBF0F043900DE0002C01DD39
:10BF5000204600E060424101002D01DD284600E05E
:10BF6000684291FBF0F04390E0494398085C7043CD
:10BF70003F30C611771006F0010000EB0708BDF94D
:10BF80001801BDF91411884202DABDF9180101E067
:10BF9000BDF91401801B00B2ADF80401BDF9180110
:10BFA000BDF91411884202DDBDF9180101E0BDF9A7
:10BFB0001401304400B2ADF80801BDF91A01BDF911
:10BFC0001611884202DABDF91A0101E0BDF9160125
:10BFD000801B00B2ADF80601BDF91A01BDF91611BA
:10BFE000884202DDBDF91A0101E0BDF916013044B5
:10BFF00000B2ADF80A01479841A9826841A8F7F755
:10C00000E9FD4090409810B94BB0BDE8F08F4498DE
:10C01000F0B3002C24DD0021BDF81601C01B00B2D6
:10C02000CDE90001BDF91431BDF81A01C01B02B2FF
:10C03000BDF9181135A812F0EDFE0121BDF8160169
:10C04000404400B2CDE90001BDF91431BDF81A0138
:10C05000404402B2BDF918112AA812F0DBFE4AE0F2
:10C060000021BDF81601404400B2CDE90001BDF940
:10C070001431BDF81A01404402B2BDF9181135A8B7
:10C0800012F0C8FE0121BDF81601C01B00B200E08D
:10C090000DE0CDE90001BDF91431BDF81A01C01B56
:10C0A00002B2BDF918112AA812F0B4FE23E0002153
:10C0B000BDF91601CDE90001BDF81401404403B2F9
:10C0C000BDF91A21BDF81801404401B235A812F09B
:10C0D000A1FE0121BDF91601CDE90001BDF8140151
:10C0E000C01B03B2BDF91A21BDF81801C01B01B273
:10C0F0002AA812F08FFE002135A812F08BFA1390B7
:10C1000000212AA812F086FA12904FF0FF30119009
:10C1100010909BF80900C0F3001068BB0321BDF824
:10C120001A01204400B2CDE90001BDF81801401BFE
:10C1300003B2BDF91A21BDF918111FA812F06AFE49
:10C140000221BDF81601204400B2CDE90001BDF87E
:10C150001401401B03B2BDF91621BDF9141114A836
:10C1600012F058FE00211FA812F054FA119000217D
:10C1700014A812F04FFA109041A80EF002FC0F9094
:10C18000F9F704FB019011F0C3FA0D9041A80EF0ED
:10C19000AFFB01460D98814203D241A80EF0A8FBE7
:10C1A00000E00D980C900C9819F0CAF80B90BDF9AE
:10C1B0000A010A90BDF80601ADF80A0100200990B5
:10C1C000DDE90B0119F09EFB1C2102A819F063FBAD
:10C1D00041A80290BBF80000ADF810009BF80800E1
:10C1E0008DF820000B98059041A80790BDF9060135
:10C1F0000E9040E0BDF90411099B0B9AD0180F9ADC
:10C2000013B20E9A12B212F0BBFC8DF818009DF812
:10C21000180028B9099A0B9988180F9919F03BFB57
:10C220000F990998084409900F99099801440C98AE
:10C23000814206D2BDF80A01401C00B2ADF80A01E5
:10C2400016E002208DF8180002A9479813F098FB19
:10C25000BDF80A01401C00B2ADF80601BDF80601A8
:10C26000ADF80A0100200990DDE90B0119F04AFB45
:10C270000E98401C0E900A990E988842BADDBDF9BE
:10C280000601BDF90A1188420CD0BDF80A01401E12
:10C2900000B2ADF80A0102208DF8180002A94798F3
:10C2A00013F06EFB0B9819F0C7F835A812F094FC48
:10C2B0002AA812F091FC1198401C10B11FA812F08E
:10C2C0008BFC1098401C10B114A812F085FC139838
:10C2D00013F006F9129813F003F9119813F000F90E
:10C2E000109813F0FDF800BF8EE60000C6BB039067
:10C2F0002DE9FF4F91B00C4615461E46B4F90200D9
:10C30000401E1090109840100F90109800F00101FE
:10C310000F9808440E9029880E98081A00B2ADF8BC
:10C32000300029880F98084400B2ADF83400B5F900
:10C330000200B6F90210884202DAB5F9020001E003
:10C34000B6F90200ADF83200B5F90200B6F90210F4
:10C35000884202DDB5F9020001E0B6F90200401E94
:10C3600000B2ADF8360011980CA982680CA8F7F756
:10C3700031FC8146B9F1000F02D115B0BDE8F08F54
:10C38000E08818B1A08808B1012000E000208246B2
:10C3900001200B900CA812F043FC10B100200B9070
:10C3A00004E0BAF1000F01D000200B901C2104A87A
:10C3B00019F071FA0CA804902088ADF81800207AC2
:10C3C0008DF828000B9820B104A9119813F0D8FA21
:10C3D00066E00CA80EF0D5FA8346BDF9360003904E
:10C3E000BDF83200ADF83600584618F0A9FF0290AB
:10C3F000029807900CA8099000200190BAF1000F54
:10C400000BD0B4F90600B4F904100844BDF9321099
:10C4100091FBF0F200FB12100190019FBDF93280F8
:10C4200037E05946029819F06DFABDF930100FFA4D
:10C430008BF30FFA88F2029812F0A2FB8DF820001D
:10C44000BAF1000F13D09DF8200070B1B4F90400C8
:10C45000B84202DA00208DF82000B4F90600B4F9E1
:10C4600004100844B84200DC0027781C07B204A975
:10C47000119813F085FABDF83200401C00B2ADF8F7
:10C480003200BDF83600401C00B2ADF8360008F1AD
:10C49000010803988045C4DD029818F0CDFF00BF65
:10C4A00000BF6AE72DE9FC5F8046404614F0E6FDD8
:10C4B0000746B946D9F824603446404614F085FD55
:10C4C0000546606A00F114026846A968F7F782FB26
:10C4D0008246BAF1000F41D0D5F808B0C5F808D0AF
:10C4E00094F83C00C0F3401048B3608FE18E88425E
:10C4F0000CD1628F212329463046FDF7FBFA628F6B
:10C50000212329463046FDF761FB24E0628F20237A
:10C5100029463046FDF7EEFA628F20232946304641
:10C52000FDF754FBE28E012329463046FDF7E2FA7F
:10C53000E28E012329463046FDF748FB0BE0628F6F
:10C54000202329463046FDF7D5FA628F202329465D
:10C550003046FDF73BFBC5F808B000BFBDE8FC9FC7
:10C560002DE9F14FD0B0509814F088FD04462546CF
:10C57000288E10B951B0BDE8F08F509814F025FD09
:10C580004F90608C20F00400001D60844DA920466F
:10C590001BF076F80026B246B4F8208000202084F4
:10C5A000608C20F00400001D608427A812F0C6FFF4
:10C5B0001FA811F0B7FF27AA4FF4A02120461DF0B5
:10C5C0009BF81FAA4FF4A02120461CF0BAFF608CF4
:10C5D00020F004006084A4F82080002120461CF094
:10C5E000BEFB1E90002120461CF070F91D9000211A
:10C5F00020461CF048FA1C90002120461CF0ECFA62
:10C600001B9009A84F991AF031FD4FF4A020169005
:10C61000D7480A9000200B903DA80D9035A80E90A9
:10C6200000BF9BE103E00AF101001FFA80FA696A8A
:10C6300051F82A00CFA1F3F7B3FF0028F3D0E96A3D
:10C6400031F81600FAF7DCFC00B181E10027E96A55
:10C6500031F81600FAF7C4FC08B147F00107E96A9F
:10C6600031F81600FAF7D0FC10B147F0800716E059
:10C67000A88EB04213D108F0200008B147F020077F
:10C6800008F0020008B147F0020708F0040008B102
:10C6900047F0040708F0080008B147F00807A86A47
:10C6A00000EBC6014BA80EF09DF8BDF82C01BDF8BB
:10C6B0003411084400B2ADF82C01BDF82E01BDF8CC
:10C6C0003611084400B2ADF82E01BDF83001BDF8B6
:10C6D0003411084400B2ADF83001BDF83201BDF8A4
:10C6E0003611084400B2ADF8320157B9382227A9F3
:10C6F0003DA818F042FF20221FA935A818F03DFFE1
:10C700001DE02784608C20F00400001D60843DA89B
:10C7100012F014FF35A811F005FF3DAA4FF4A02137
:10C7200020461CF0E9FF35AA4FF4A02120461CF05A
:10C7300008FFA4F82080608C20F004006084E96A7F
:10C7400031F81600FAF768FC8346BBF1000F06D0FB
:10C750009DF8F10040F001008DF8F10005E09DF832
:10C76000F10020F001008DF8F1004BA80C90179615
:10C7700009AA1A21204614F087FC9DF817014008E9
:10C7800000F01000F0B39DF8170120F03E001E30BD
:10C790008DF81701BDF92C11B4F914201C98104420
:10C7A00081420AD19DF81701400820F004009DF84D
:10C7B000171160F345018DF81711BDF93011B4F967
:10C7C00018201B98101A81420AD19DF817014008C1
:10C7D00020F008009DF8171160F345018DF817113E
:10C7E000BDF92E11B4F916201E98104481420CD1C7
:10C7F0009DF81701400820F002009DF8171160F322
:10C80000450100E014E08DF81711BDF93211B4F9BB
:10C810001A201D98101A81420AD19DF8170140086C
:10C8200020F001009DF8171160F345018DF81711F4
:10C830004BA80EF048F8814607F0200060B1E86A86
:10C8400030F8160000F4007030B1BDF82E01A0EBF6
:10C85000090000B2ADF82E014BAA3DA94F9812F085
:10C8600051FE35980890BDF9E8000790BDF9E60043
:10C870000690686A50F82A0005904DA80EF0ABF8B3
:10C8800003909DF8F11002460698CDE90121009031
:10C8900004A8DDE90732059922F0E2FD4BA80EF06D
:10C8A0009AF8BDF91010401A039000EBD070BDF853
:10C8B0002C1101EB600000B2ADF82C014BA80EF07A
:10C8C00002F8BDF91210401A039000EBD070BDF8C9
:10C8D0002E1101EB600000B2ADF82E01BDF82C0165
:10C8E000BDF81010084400B2ADF83001BDF82E01BB
:10C8F000BDF81210084400B2ADF8320107F0200074
:10C90000C0B1E86A30F8160000F4007090B14846F3
:10C9100009EBD071BDF82E21A2EB610109B2ADF88F
:10C920002E1109EBD071BDF83221A2EB610109B2E1
:10C93000ADF83211002000904BAA35A9059B4F9805
:10C9400011F03CFA09AA1B21204614F09DFB00BF00
:10C95000701C86B20AF101001FFA80FA288EB042DC
:10C960003FF760AE608C20F00400608400BF01E6F9
:10C97000984F04900A0000002DE9F14FA2B02298D0
:10C9800014F07CFB04462546229814F01EFB2190EF
:10C99000002120461BF036FE81462646002741F640
:10C9A0001202394630461CF035FA0A900A9848447B
:10C9B00000B2209000BF41F61302394630461CF009
:10C9C00029FA0A900A98484400B21F900021204694
:10C9D0001CF0DFF9484400B21E9016A811F0A2FD29
:10C9E00016AA4FF4003120461CF0ABFDA86A10B126
:10C9F000D5F828800AE0802018F0A2FC06468022A4
:10CA00003146204614F014F8B04600BF4FF0000A3B
:10CA100095F83C0000F00F00012800D18246002666
:10CA200041F26A42314620461CF0F4F90A900A9815
:10CA3000C0B2012800D18246E86A00287ED0E86AA8
:10CA400016F09EFC0A900A98022814D19DF87500F1
:10CA500041F6FF72BDF96A10CDE900120290BDF9EE
:10CA60006C30169A07A8E96A22F0FAFCBDF91C603E
:10CA7000BDF91E7011E007A9E86A16F029F983468E
:10CA8000BBF1010F05D10798C0F38A260798470D1F
:10CA900002E04FF0FF36374600BFBAF1000F0DD06D
:10CAA000A18A2098084400B2ADF82000BDF820000B
:10CAB0003044401E00B2ADF824000DE0218B1F98D9
:10CAC000081A801B00B2ADF82000BDF820003044E9
:10CAD000401E00B2ADF824000A98022815D1E18A60
:10CAE0001E98084400B2ADF82200BDF82200384478
:10CAF000401E00B2ADF826000020009008AA16A93A
:10CB0000EB6A219811F05AF940E020461AF00EFE27
:10CB1000A0EB070B0BEBDB704110E08A084400B27E
:10CB2000ADF82200BDF822003844401E00B2ADF836
:10CB3000260002A811F025F902AA00E027E04FF430
:10CB4000003120461CF09EFC304606EBD0714910A7
:10CB500009B2ADF80C10384607EBD07149100AB293
:10CB6000ADF80E204FF4003B43F60F025946204625
:10CB70001CF050F90190019880B2ADF8080008AAA5
:10CB800002A9EB6A219811F0ADF800BF00BF0EA812
:10CB900011F0C8FC0EAA002120461CF0D2FC9DF822
:10CBA000550041F6FF72BDF94A10CDE9001202901E
:10CBB000BDF94C3041460DA80E9A22F051FCE18A95
:10CBC0001E98084400B2ADF82E00BDF82E00BDF846
:10CBD0003610084400B2ADF83200E86AB0B9204619
:10CBE0001CF03FFBBDF93410461A06EBD670A18A43
:10CBF00001EB600000B2ADF82C00BDF82C00BDF8D0
:10CC00003410084400B2ADF8300022E0BAF1000F51
:10CC100011D0218B1F98081ABDF83410401A00B2A9
:10CC2000ADF82C00BDF82C00BDF83410084400B25B
:10CC3000ADF830000DE0A18A2098084400B2ADF8AC
:10CC40002C00BDF82C00BDF83410084400B2ADF83B
:10CC50003000002043460BAA0EA90090219811F045
:10CC6000ADF8A86A10B9404618F0E6FB23B0BDE85D
:10CC7000F08F2DE9F14F90B0109814F0FFF90546B0
:10CC80002C46109814F0A1F906460EA928461AF071
:10CC900083FC002794F84800C0F3001008B147F067
:10CCA000010794F84800C0F3401008B147F00207AC
:10CCB000002128461CF0AEFA42F2D171884205D11B
:10CCC000688CC0F3802008B947F0040706A811F06B
:10CCD00029FCB4F84400ADF82E004620005BADF806
:10CCE00030008DF8357006AA002128461CF029FC7A
:10CCF0000DA8411E626A03780BB90123037000BFBF
:10CD0000284617F0DDFA0790284617F0D3FA089066
:10CD10004FF6FF71079888421ED0089888421BD0B2
:10CD20004FF4802B44F25742594628461CF072F8C3
:10CD3000029002980390BDF80C00ADF8260000BFE9
:10CD40002022594628461CF065F80290029803906C
:10CD5000BDF80C00ADF8280094F8480000F007007A
:10CD6000022805D094F8480000F0070003281FD1DE
:10CD70009DF83400022803D09DF83400032817D111
:10CD800041F6FF71BDF92A008DE88300BDF92C3012
:10CD9000069A03A8616A22F063FB0EA80DF029FE33
:10CDA000BDF90C10884202DA01208DF8340000BF72
:10CDB00004F1300894F8480000F00700032805D07B
:10CDC0000EA80DF08EFDB0F5806F01DA4FF000086F
:10CDD0000EA904A8B268F6F7FDFE8146B9F1000F6E
:10CDE00002D111B0BDE8F08F94F8480000F00700C0
:10CDF00070B928461AF08AFE8346CBF1000002B2D1
:10CE000000210EA80DF00DFE688BADF83E0000BFAE
:10CE100094F8480000F00700022805D094F8480074
:10CE200000F0070003280ED1D6F808B004A8B060BF
:10CE3000CDF800800EAA06A93046636A10F0BEFF46
:10CE4000C6F808B007E0CDF800800EAA06A9304663
:10CE5000636A10F0B3FFD6F808A004A8B06094F895
:10CE6000480000F0070003284FD141F6FF71BDF9DB
:10CE70002A008DE88300BDF92C30069A03A8616A68
:10CE800022F0EEFA0EA80DF0B4FDBDF90C108842A8
:10CE90001BDA20221146069814F0ADFB00EB40008F
:10CEA000B4F84410BDF80C201144084400B2ADF8A9
:10CEB0002E004620005BADF83000CDF800800EAAB1
:10CEC00006A93046636A10F079FF0EA80DF009FD3F
:10CED000BDF90E10884217DAB4F84400ADF82E0000
:10CEE000069814F0A7FB4621095BBDF80E201144FB
:10CEF000084400B2ADF83000CDF800800EAA06A9B3
:10CF00003046636A10F05AFF00BFC6F808A000BFA1
:10CF100067E72DE9F14F9AB01A9814F04EF8804661
:10CF20001A9814F0ABF80446B8F1150F16D11A98F8
:10CF300014F04BF8054618A9204606F01BFC0AA879
:10CF400012F0FCFA0AAA4FF4802120461CF0D4FB10
:10CF500018AA0AA9284612F0D5FAC5E0B8F1180FA8
:10CF6000FBD11A9814F031F8054612A811F0DAFA3C
:10CF700012AA4FF4802120461CF0E3FA10A92046A3
:10CF800006F0F8FB10AA0EA8A968F6F723FE0D908C
:10CF90000D9800287DD0204606F061F88146204695
:10CFA0001CF05FF98346484617F07EF90221039092
:10CFB000BDF95A00CDE901B10090BDF95C300CA873
:10CFC000129A039922F04CFA20461AF0AFFB06465B
:10CFD000304606EBD0714A10B4F916100A44B9F97C
:10CFE0001610891A0B9148461AF0A0FB0B99890379
:10CFF00091FBF0F00B90002120461BF0F0FF0A900F
:10D000001299B1F908200A99B1F90810501A00EBE9
:10D01000D071491009B20991BDF832100998081A67
:10D0200000B2ADF83200304606EBD0714A10B4F9C8
:10D0300016105718BDF932000B99484307EBA0377B
:10D0400009983F1A002120461BF0E9FA82464FF06A
:10D05000000B41F61202594620461BF0DBFE0390FE
:10D06000039800B2089000BF41F6130259462046CB
:10D070001BF0D0FE0390039800B20790A18A089895
:10D080000844504400B2ADF8140038B2ADF81600B0
:10D0900000E028E0218B0798081AA0EB0A0000B2F4
:10D0A000ADF81800BDF81600BDF83210084400B203
:10D0B000ADF81A009DF8650040F002008DF865009B
:10D0C000A86804900EA8A860484617F0EDF88346BB
:10D0D00000205B4605AA12A90090284610F06EFEBB
:10D0E0000498A86000BF00BF1BB0BDE8F08F2DE919
:10D0F000F14FA8B0289813F0C1FF044625462898A0
:10D1000013F063FF2790002120461BF0E3FC2690DC
:10D11000002120461BF087FD2590002120461BF0B2
:10D1200052FE2490002120461BF0F7FB239000BF05
:10D13000A08AADF88400E08AADF88600208BADF8B7
:10D140008800608BADF88A0000BFBDF88410269877
:10D15000084400B2ADF88400BDF888102598081A7C
:10D1600000B2ADF88800BDF886102498084400B2DB
:10D17000ADF88600BDF88A102398081A00B2ADF801
:10D180008A0013A812F0DAF913AA4FF400312046EE
:10D190001CF0B2FA21AA13A9279812F0B3F90026BD
:10D1A00020461AF0C3FA074600BF208BA18A401A16
:10D1B000401CC01B0FFA80F8686A401C40B1696AC5
:10D1C00001FB08F0C11700EB116109120EB20CE06F
:10D1D00020461BF00FF900F0010BBBF1000F01D04E
:10D1E000404600E00020064600BF4FF0000B41F231
:10D1F0006A42594620461BF00DFE00900098C0B2CE
:10D20000012802D1A8EB060006B2A08A304400B281
:10D21000ADF84400BDF84400384400B2ADF8480011
:10D22000E08AADF84600608BADF84A004FF440311B
:10D2300020461BF04FFC81464FF4403120461BF046
:10D24000F2FC82464FF4403120461BF0BCFD1090AA
:10D250004FF4403120461BF060FB0F90BDF84400B6
:10D26000A0EB090000B2ADF84400BDF848005044FE
:10D2700000B2ADF84800BDF846101098081A00B288
:10D28000ADF84600BDF84A100F98084400B2ADF85A
:10D290004A0001A812F052F901AA4FF44031204689
:10D2A0001CF02AFA11AA01A9279812F02BF929B02B
:10D2B000BDE8F08F2DE9F14FE0B0609813F0DEFE8D
:10D2C00004462546609813F080FE814604F114015F
:10D2D0005EA8D9F80820F6F77DFC10B961B0BDE86A
:10D2E000F08FD9F808005D905EA8C9F808004FF0EB
:10D2F000000841F23202414620461BF08BFD0C90A3
:10D300000C9800B25690002120461BF069FD559004
:10D31000002120461BF00EFB5490002120461BF0FC
:10D32000E6FB5390002120461BF08AFC52904FF4FC
:10D33000A02120461BF0DBFB51904FF4A02120469A
:10D340001BF07EFC50904FF4A02120461BF048FDBE
:10D350004F904FF4A02120461BF0ECFA4E90208C09
:10D360004D9000202084608C20F00400001D60841B
:10D370003FA812F0E3F83FAA4FF4A02120461CF08A
:10D38000BBF929A811F0CEF829AA4FF4A021204614
:10D390001CF0D7F84D982084608C20F00400608445
:10D3A000002720461AF0C6FB0146E28A5598104431
:10D3B000401E411A5698084400B2ADF86E0120464E
:10D3C0001AF0AEFB2090002120461BF0B4F8012893
:10D3D00000D100E000201F9049460DA819F046FE3C
:10D3E0004FF4A0201A90FE480E9000200F9031A814
:10D3F000119021A812904FF0000B33E2E86A30F947
:10D400001B000C90BDF86E01401C00B2ADF86A0123
:10D41000BDF86A110C980844401E00B2ADF86E01C8
:10D42000BDF96A01BDF97E11884200DD1EE21F9838
:10D4300058B1218B5298081A401E2099411A5698CB
:10D44000081A00B2ADF868010AE0A18A53980844AE
:10D45000401E2099411A5698084400B2ADF86C015C
:10D460000026F7E100200B90A86A50F8270020B1B1
:10D47000A86A50F8270000780B901F9880B1BDF87B
:10D480006801401E00B2ADF86C01286B30F8160040
:10D49000BDF86C11081A401C00B2ADF868010FE02D
:10D4A000BDF86C01401C00B2ADF86801286B30F883
:10D4B0001600BDF868110844401E00B2ADF86C01BA
:10D4C0004FF0000800BF34E007EB0801A86A50F8ED
:10D4D000210048B307EB0802A96A51F8220008B1FD
:10D4E00001780B910B9901F00101D9B11F9961B13C
:10D4F00006EB0801491C2A6B32F81110BDF86821AF
:10D50000511A09B2ADF868110DE006EB0801491C8B
:10D510002A6B32F81110BDF86C21114409B2ADF834
:10D520006C1100E00BE000E009E008F101001FFAD7
:10D5300080F808EB0601A88C401E8142C4DB00BFC6
:10D54000BDF96E01BDF97A11884207DA08F10100D0
:10D55000384487B206EB080086B279E100BFBDF817
:10D560006801ADF82400BDF86A01ADF82600BDF8E9
:10D570006C01ADF82800BDF86E01ADF82A0000BFBF
:10D580009DF81F01400800F0040090B1BDF924107F
:10D59000B4F914205398104481420ADDBDF91C01EE
:10D5A00000EBD071BDF82420A2EB610109B2ADF807
:10D5B00024109DF81F01400800F0020090B1BDF951
:10D5C0002610B4F916205598104481420ADDBDF9A1
:10D5D0001C0100EBD071BDF82620A2EB610109B25D
:10D5E000ADF826109DF81F01400800F00800B8B102
:10D5F000BDF92810B4F918205298101A401E814223
:10D600000EDABDF91C0100EBD07182B202F001020A
:10D6100002EB6101BDF82820114409B2ADF82810D1
:10D620009DF81F01C0F34000B8B1BDF92A10B4F94C
:10D630001A205498101A401E81420EDABDF91C01BE
:10D6400000EBD07182B202F0010202EB6101BDF881
:10D650002A20114409B2ADF82A104FF0000AE88ED2
:10D66000584523D1A88EB04220D194F8200000F074
:10D67000400030B994F8200000F0200008B14AF0D2
:10D68000200A94F8200000F0020008B14AF0020AD3
:10D6900094F8200000F0040008B14AF0040A94F85D
:10D6A000200000F0080008B14AF0080ABAF1000FA3
:10D6B0000AD138223FA931A817F05FFF202229A9FB
:10D6C00021A817F05AFF1EE0A4F820A0608C20F0DB
:10D6D0000400001D608431A811F030FF21A810F073
:10D6E00021FF31AA4FF4A02120461CF005F821AA01
:10D6F0004FF4A02120461BF024FF4D982084608C1D
:10D7000020F00400608409A81090A88C0BFB006036
:10D710001B900DAA1A21204613F0B6FC09AA31A9C4
:10D72000484611F0EFFEA86A50F8270000287DD087
:10D73000BDF868115198084400B2ADF86001BDF819
:10D740006C115098081A00B2ADF86401BDF86A1166
:10D750004F98084400B2ADF86201BDF86E114E98C2
:10D76000081A00B2ADF866010B98C0F340000890AB
:10D77000089810B10220579001E00020579000BF98
:10D78000BDF86401BDF86011401A401C00B204905D
:10D79000BDF9962004995798CDE900210290A86A16
:10D7A00050F82700411CBDF998305CA8299A21F057
:10D7B00057FE089818BB0C9901EBD172BDF86A317D
:10D7C00003EB6202BDF9720100EBD073A2EB6302BE
:10D7D00012B2ADF862210C9901EBD17202E00000A7
:10D7E000CC500490BDF86A3103EB6202BDF97201BE
:10D7F00000EBD07302EB630212B2ADF866215AAAB5
:10D800005EA906A8F6F7E6F90590059890B106A876
:10D81000C9F8080000200090A86A50F82700431CAF
:10D8200058AA21A9484610F0C9FA00E003E05EA812
:10D83000C9F8080000BF0DAA1B21204613F024FCE4
:10D8400008F10100384487B206EB080086B200BF39
:10D85000701C86B2A88CB0423FF704AE0BF10100F9
:10D860001FFA80FBE88C58453FF7C8AD00BF5D98B4
:10D87000C9F8080000BF31E52DE9F04FA3B0074615
:10D8800089461646229730460DF089F8054600EB8A
:10D89000D5704FEA60083088404400B2ADF884008B
:10D8A0007088404400B2ADF886001EA810F086FED5
:10D8B0001EAA4FF4A02138461BF0AAFE18A810F0AB
:10D8C00060FA18AA4FF4A02138461BF0DBFD0021B6
:10D8D00038461AF06CFF1790494605A819F0C6FBA8
:10D8E0007048069021A80E9022983030F7F73AFC45
:10D8F0000446D1E025681694207901285CD1B5F959
:10D900002000E98B08440090B5F92030D5E90512D4
:10D91000E06817F0C7FC8246A88B00EB0801608A1C
:10D9200008440FFA80FB0FFA8AF021F0ABFC10FBE1
:10D930000BF047F6FF7190FBF1F0BDF8861008443C
:10D9400000B2ADF812000FFA8AF021F093FC10FB40
:10D950000BF047F6FF7190FBF1F0BDF8841008441E
:10D9600000B2ADF81000A08AADF87800208A00B2AD
:10D97000ADF87A006079FD2801DD179803E0607941
:10D980001799484300128DF88000012013901EA8BB
:10D990000B9004A80F9005AA1A21384613F074FBC7
:10D9A00004AB21AA1EA9484610F0F1FD05AA1B21CF
:10D9B000384613F069FB68E02079002865D12069BA
:10D9C00000B963E0B5F92000E98B08440090B5F98F
:10D9D0002030D5E90512E06817F064FC824604A9FE
:10D9E000206915F075F9BDF88410A08A081A00B2F4
:10D9F000ADF80800BDF88610E08A081A00B2ADF84C
:10DA00000A00BDF808000499C1F38A210844401EA9
:10DA100000B2ADF80C00BDF80A00049900EB5150BB
:10DA2000401E00B2ADF80E006079FD2801DD1798A8
:10DA300003E060791799484300128DF86B00A08AC3
:10DA4000ADF86400E18A18A8C1800AEB8A004FEAA9
:10DA5000400ABAF5616F01DDAAF5616A1FFA8AF022
:10DA6000ADF8600018A80C9005AA1A21384613F0EA
:10DA70000BFB02AA18A94846236910F033F905AA3E
:10DA80001B21384613F000FB00BF00BF214622983F
:10DA90003030F7F761FB0446002C7FF42BAF23B046
:10DAA000BDE8F08F7CC103902DE9F74F8AB00C469A
:10DAB000904694F82A00022802DC0DB0BDE8F08FF1
:10DAC000E08C00B9F9E794F82A90B9F1FD0F01DD77
:10DAD0004FF0FF09414608A80CF072FE208D401E51
:10DAE00005B2BDF82000401B00B2ADF82000BDF823
:10DAF0002200401B00B2ADF82200BDF824002844EB
:10DB000000B2ADF82400BDF82600284400B2ADF8FC
:10DB1000260008A906A80CF053FEBDF81800E18CF9
:10DB2000401A00B2ADF81800BDF81C00E18C0844A2
:10DB300000B2ADF81C00BDF81A00E18C401A00B22A
:10DB4000ADF81A00BDF81E00E18C084400B2ADF833
:10DB50001E0008A80CF01CFF824608A80CF090FEDE
:10DB60000746B4F90060BA4501DA504600E038468D
:10DB70008346B6EB6B0F01DD4FEA6B06E08C304459
:10DB800000B20590A07894F82A10CDE90210A08C7C
:10DB9000ADF8040030B2009008AA06A9059B0A98C7
:10DBA000FBF754FC00BF88E7F8B50546284613F09C
:10DBB00065FA0646284613F05EFA0446606BB0F537
:10DBC000A02F54D1A06B072806D200202169C8706D
:10DBD000216981F8220014E0208F81B22022304692
:10DBE0000DF0B4FD68B100202169C870216981F889
:10DBF000220012201DF04EFC0090BDF8001060695C
:10DC00008181208F81B24FF4004230460DF09EFD9D
:10DC100098B166202169C870304621F009F800905B
:10DC2000BDF800102069818030460DF089FDA16BA0
:10DC3000884202D1B2202169C870208F81B24FF48E
:10DC4000804230460DF082FD88B1FF20216981F8C5
:10DC50002200304620F0ECFF0090BDF80010206953
:10DC6000C1832069008C401C00B221690884F8BD82
:10DC70002DE9F04F8BB08146484613F0FFF9054679
:10DC80002C46484613F0A1F98346606A16F00CFB57
:10DC900082469AF8000000283ED1A06A00283BD0B6
:10DCA000A06A0078C0B303A810F03CFC03AA4FF4AC
:10DCB000002128461BF045FC94F85C00C0F3C0002E
:10DCC00028B19DF8290040F002008DF829000021BC
:10DCD00028461AF019FF0746002128461BF08DF848
:10DCE0008046002128461AF0A7FC064605F11401DB
:10DCF00001A80CF092FD08EB060002B2B81901B2BF
:10DD000001A80CF08EFE0020009001AA03A958463D
:10DD1000A36A10F053F800BF0BB0BDE8F08F7CB5DC
:10DD20000446A06985686089002856D1A08900282A
:10DD300053D1E088218988424FDAE18808B221F086
:10DD4000A1FAB4F90410B4F90E20891A48432168E5
:10DD5000498801EBE03000B2ADF80200E1885A31A9
:10DD600008B221F08FFAA18810FB01F02168098820
:10DD700001EBE03000B2ADF80400218908B221F0D7
:10DD800081FAA18810FB01F02168498801EBE0309D
:10DD900000B2ADF8060021895A3108B221F072FABA
:10DDA000B4F90410B4F90E20891A4843216809888F
:10DDB00001EBE03000B2ADF800002A466946684643
:10DDC000F5F708FF06463EB1A169C1F808D06A46DA
:10DDD0002169A06911F096FBC2E0608910B1A089A9
:10DDE00000287BD16089D0BB20680088ADF8000096
:10DDF00020684088A188084400B2ADF80600E18898
:10DE000008B221F03FFAB4F90410B4F90E20891ACF
:10DE100048432168498801EBE03000B2ADF80200C8
:10DE2000E1885A3108B221F02DFAA18810FB01F0E7
:10DE30002168098801EBE03000B2ADF804002A4601
:10DE400069466846F5F7C6FE06463EB1A169C1F8C7
:10DE500008D06A462169A06911F054FB00BFA0896F
:10DE600000287DD120680088A188084400B2ADF860
:10DE7000040020684088ADF80200218908B221F032
:10DE800001FAA18810FB01F02168498801EBE0301C
:10DE900000B2ADF8060021895A3108B221F0F2F93A
:10DEA000B4F90410B4F90E20891A4843216809888E
:10DEB00001EBE03000B2ADF800002A466946684642
:10DEC000F5F788FE06463EB1A169C1F808D06A465A
:10DED0002169A06911F016FB42E0FFE76089A18982
:10DEE000884205D1608918B12089E188884211DB18
:10DEF0006089022802D1A08901280BD060890328FB
:10DF000002D1A089022805D06089032828D1A089E0
:10DF1000012825D120680088ADF8000020684088DD
:10DF2000ADF8020020680088A188084400B2ADF86E
:10DF3000040020684088A188084400B2ADF80600BB
:10DF40002A4669466846F5F745FE06463EB1A16990
:10DF5000C1F808D06A462169A06911F0D3FA00BF60
:10DF6000A06985607CBD7CB50446A0698568608930
:10DF7000012856D1A089012853D1E08821898842FF
:10DF80004FDAE18808B221F07DF9A18810FB01F099
:10DF90002168498801EBE03000B2ADF80600E18865
:10DFA0005A3108B221F06EF9B4F90410B4F90E2018
:10DFB000891A48432168098801EBE03000B2ADF8C6
:10DFC0000400218908B221F05DF9B4F90410B4F914
:10DFD0000E20891A48432168498801EBE03000B2DD
:10DFE000ADF8020021895A3108B221F04BF9A1881D
:10DFF00010FB01F02168098801EBE03000B2ADF8B8
:10E0000000002A4669466846F5F7E4FD06463EB13B
:10E01000A169C1F808D06A462169A06911F072FAB5
:10E02000C7E06089012802D0A08901287ED16089DB
:10E0300001283AD120680088A188401A00B2ADF8C2
:10E04000000020684088ADF80200E18808B221F0A5
:10E0500019F9A18810FB01F02168498801EBE03033
:10E0600000B2ADF80600E1885A3108B221F00AF991
:10E07000B4F90410B4F90E20891A484321680988BC
:10E0800001EBE03000B2ADF804002A46694668466C
:10E09000F5F7A0FD06463EB1A169C1F808D06A4671
:10E0A0002169A06911F02EFA00BFA0890128B7D11B
:10E0B00020680088401E00B2ADF804002068408847
:10E0C000A188084400B2ADF80600218908B221F009
:10E0D000D9F8B4F90410B4F90E20891A484321681C
:10E0E000498801EBE03000B2ADF8020021895A31D5
:10E0F00008B221F0C7F8A18810FB01F02168098857
:10E1000001EBE03000B2ADF800002A4669466846EF
:10E11000F5F760FD06463EB1A169C1F808D06A4630
:10E120002169A06911F0EEF943E0FFE76089A18958
:10E13000884206D16089012803D02089E18888427D
:10E140000FDB608910B9A08902280AD0608910B954
:10E15000A089032805D0608903282AD1A089022834
:10E1600027D120680088A188401A00B2ADF80000CD
:10E1700020684088ADF8020020680088401E00B288
:10E18000ADF8040020684088A188084400B2ADF8CA
:10E1900006002A4669466846F5F71CFD06463EB16C
:10E1A000A169C1F808D06A462169A06911F0AAF9ED
:10E1B00000BFA06985607CBD7CB50446A069856808
:10E1C0006089022856D1A089022853D1E08821898C
:10E1D00088424FDAE1885A3108B221F053F8A18819
:10E1E00010FB01F02168098801EBE03000B2ADF8C6
:10E1F0000000E18808B221F045F8B4F90410B4F940
:10E200000E20891A48432168498801EBE03000B2AA
:10E21000ADF80600218908B221F034F8A18810FB7E
:10E2200001F02168498801EBE03000B2ADF802004E
:10E2300021895A3108B221F025F8B4F90410B4F953
:10E240000E20891A48432168098801EBE03000B2AA
:10E25000ADF804002A4669466846F5F7BBFC064659
:10E260003EB1A169C1F808D06A462169A06911F0E0
:10E2700049F9CCE06089022802D0A08902287DD12A
:10E28000608902283CD120680088401E00B2ADF8A9
:10E29000040020684088A188401A00B2ADF802004E
:10E2A000E1885A3108B220F0EDFFA18810FB01F09F
:10E2B0002168098801EBE03000B2ADF80000E18888
:10E2C00008B220F0DFFFB4F90410B4F90E20891A67
:10E2D00048432168498801EBE03000B2ADF8060000
:10E2E0002A4669466846F5F775FC06463EB1A169BF
:10E2F000C1F808D06A462169A06911F003F900BF8E
:10E30000A0890228B5D120680088A188401A00B2EF
:10E31000ADF8000020684088401E00B2ADF806004D
:10E3200021895A3108B220F0ADFFB4F90410B4F9D4
:10E330000E20891A48432168098801EBE03000B2B9
:10E34000ADF80400218908B220F09CFFA18810FBE1
:10E3500001F02168498801EBE03000B2ADF802001D
:10E360002A4669466846F5F735FC06464EB1A1696E
:10E37000C1F808D06A462169A06900E002E011F006
:10E38000C1F844E06089A189884206D160890228E9
:10E3900003D02089E18888420FDB608910B9A08909
:10E3A00003280AD06089012802D1A089032804D05B
:10E3B000608901282BD1A08948BB20680088A188EA
:10E3C000401A00B2ADF8000020684088A188401AC9
:10E3D00000B2ADF8020020680088401E00B2ADF81F
:10E3E000040020684088401E00B2ADF806002A46AE
:10E3F00069466846F5F7EEFB06463EB1A169C1F8ED
:10E4000008D06A462169A06911F07CF800BFA069B4
:10E4100085607CBD7CB50446A06985686089032859
:10E4200056D1A089032853D1E088218988424FDA48
:10E43000E1885A3108B220F025FFB4F90410B4F98C
:10E440000E20891A48432168098801EBE03000B2A8
:10E45000ADF80000E18808B220F014FFA18810FB9D
:10E4600001F02168498801EBE03000B2ADF802000C
:10E4700021895A3108B220F005FFA18810FB01F074
:10E480002168098801EBE03000B2ADF80400218971
:10E4900008B220F0F7FEB4F90410B4F90E20891A7E
:10E4A00048432168498801EBE03000B2ADF806002E
:10E4B0002A4669466846F5F78DFB06463EB1A169D6
:10E4C000C1F808D06A462169A06911F01BF8C7E0BD
:10E4D0006089032802D0A08903287ED1608903289F
:10E4E0003CD120680088A188084400B2ADF804003F
:10E4F00020684088401E00B2ADF80600E1885A311D
:10E5000008B220F0BFFEB4F90410B4F90E20891A45
:10E5100048432168098801EBE03000B2ADF8000003
:10E52000E18808B220F0AEFEA18810FB01F021685E
:10E53000498801EBE03000B2ADF802002A46694696
:10E540006846F5F747FB06463EB1A169C1F808D019
:10E550006A462169A06910F0D5FF00BFA089032891
:10E560007ED120680088ADF8000020684088A1882E
:10E57000401A00B2ADF8020021895A3108B220F0E9
:10E5800081FEA18810FB01F02168098801EBE030D1
:10E5900000B2ADF80400218908B220F073FEB4F98E
:10E5A0000410B4F90E20891A48432168498801EB08
:10E5B000E03000B2ADF806002A4669466846F5F735
:10E5C00009FB06463EB1A169C1F808D06A46216937
:10E5D000A06910F097FF43E0FFE76089A1898842B6
:10E5E00006D16089032803D02089E18888420FDBA7
:10E5F0006089022801D1A08950B16089012801D128
:10E60000A08928B1608902282AD1A089012827D1B0
:10E6100020680088ADF8000020684088A188401A72
:10E6200000B2ADF8020020680088A188084400B25A
:10E63000ADF8040020684088401E00B2ADF8060026
:10E640002A4669466846F5F7C5FA06463EB1A1690D
:10E65000C1F808D06A462169A06910F053FF00BFD5
:10E66000A06985607CBD000070B5A4B006460D466B
:10E6700020AA22A9304619F067FA22A80CF038F92E
:10E6800028B920A80CF034F908B924B070BD12A93B
:10E69000304623F043FC0446012C00D0F5E7294620
:10E6A000684618F0E3FC1B4801900220029012A873
:10E6B00004904FF480300D9022A80CF019F980B12D
:10E6C00022A803906A461A21304612F0DDFC22AAE5
:10E6D00012A9284610F016FF6A461B21304612F098
:10E6E000D3FC20A80CF004F990B120A803906A464E
:10E6F0001A21304612F0C8FC20A8039020AA12A9C3
:10E70000284610F0FFFE6A461B21304612F0BCFC82
:10E7100000BFBAE784BA03902DE9F04FB1B00546C7
:10E720000F4605F114012FA8BA68F5F753FA10B98E
:10E7300031B0BDE8F08FB8682E902FA8B8602C4695
:10E74000002128461AF06BF92B90002128461AF078
:10E75000D2FA2A90284618F074FFB4F8841048437F
:10E7600000120FFA80FA284618F04CFFB4F8861011
:10E77000484300120FFA80FB04F12400F6F7D3FCA3
:10E780002890002128461AF0E2F882346188484334
:10E79000001227902188491E279801FB10A021888C
:10E7A00090FBF1F000B2269028992698B0FBF1F08A
:10E7B00000B225904FF4A02128461AF0C8F86188CD
:10E7C000823C484300122490284619F0A5F80146DF
:10E7D0002B98401A00B22390284619F097F9014669
:10E7E0002A98401A00B2229014A810F0A7FE14AA8A
:10E7F0004FF4A02128461AF07FFF14A8C07B20F018
:10E80000070114A8C173FF208DF85300688BBDF871
:10E810005010084400B2ADF8B600394602A818F00E
:10E8200025FC4FF4A0200F905D4803900420049035
:10E830004FF00008AAE02798504400FB08F0B4F815
:10E84000821090FBF1F0A98A01442398084400B299
:10E850000190CDF8408004F12400F6F783FC0646D1
:10E860008CE0307B00F0010000B181E094F888007A
:10E87000C0F3C00008B9708900E0002000B2009029
:10E880000198ADF8B000BDF8B01025980144249867
:10E89000081A401E00B2ADF8B4002599019808444A
:10E8A00000B20190BDF9B400BDF9BC10884200DA95
:10E8B0005EE0BDF9B000BDF9C010884200DD60E047
:10E8C0003089ADF8540000984044B4F8821090FBB1
:10E8D000F1F201FB12000FFA80F9706830F919109B
:10E8E000307BC0F3001204F16C0030F91200081AFA
:10E8F00000FB0BF02990307BC0F3001104F1700095
:10E9000030F91110307BC0F3001204F16C0030F9C3
:10E910001200091A299890FBF1F029902998ABEB85
:10E920000001E88A01442298084400B2ADF8B20020
:10E93000706830F9190047F6FF71884217D02CA88B
:10E94000059014A806901396706830F9190012907B
:10E9500002AA1A21284612F097FB2CAA14A93846BD
:10E9600010F0D0FD02AA1B21284612F08DFB00BF3B
:10E97000314604F12400F6F7EFFB0646002E7FF443
:10E9800070AF00BF08F101001FFA80F8B4F88200F0
:10E9900040453FF750AF2E98B86000BFC8E6000072
:10E9A00044BC03902DE9F34FB9B083463A980BF17C
:10E9B0001401826837A8F5F70DF910B93BB0BDE82E
:10E9C000F08F3A988068369037A93A9881605D4612
:10E9D000B5F88200022800DAF0E70021584619F065
:10E9E00004FE3390002158461AF019F80146339876
:10E9F000084400B23290002158461AF07CF90146D2
:10EA00003398084400B23190584618F01AFEB5F811
:10EA100084104843001200B23090584618F0F2FDBE
:10EA2000B5F886104843001200B22F90584618F0EF
:10EA300073FF0146BBF8142032981044401A00B20C
:10EA40002E90584619F062F80146BBF8162031980E
:10EA50001044401A00B22D903A980BF114018268CC
:10EA60002BA8F5F7B7F82A902A9800B9A6E727A8A7
:10EA70000FF0A4FD27AA4FF4A02158461AF0C8FDB4
:10EA800019A810F05BFD19AA4FF4003158461AF08E
:10EA900033FE4FF4003158461AF095FB064600EB62
:10EAA000D67047104FF40031584619F0FEFD064667
:10EAB00000EBD6704FEA600ABDF99E00574501DAB7
:10EAC000394600E0514600EBD072B1EB620F06DD33
:10EAD0009DF8A50020F0100010308DF8A500BDF8BD
:10EAE0009E00012806D19DF8A50020F010001030EE
:10EAF0008DF8A500B5F882103098814201DB012025
:10EB000000E00020189005F12400F6F72BFB0446E6
:10EB1000D4E1207B00F0010000B1C9E12089ADF80B
:10EB20009C002089ADF8680095F88800C0F3C0000B
:10EB300008B9608900E0002006B217962E98ADF85B
:10EB4000D4002E98ADF8D000179E179EB04660688E
:10EB500030F91810207BC0F3001205F16C0030F979
:10EB60001200081A2F9948431690207BC0F3001119
:10EB700005F1700030F91110207BC0F3001205F18F
:10EB80006C0030F91200091A169890FBF1F01690FB
:10EB900016992F98411A2D98084400B2ADF8D2006A
:10EBA00004A83A9918F062FAC84805900320069024
:10EBB0004FF4A020119027A80A9019A80890159446
:10EBC000BDF9D2000390BDF9D20002904FF00009C8
:10EBD00023E1BDF8D000ADF8D400BDF8D200ADF807
:10EBE000D600BDF9D4103698B0F904003844401C62
:10EBF000814200DD16E1309800FB09F0B5F8821083
:10EC0000491E90FBF1F12E98084400B2ADF8D000F7
:10EC100017984844B5F8821090FBF1F201FB1200FE
:10EC200006B2606830F91610207BC0F3001205F1BF
:10EC30006C0030F91200081A2F9948431690207B77
:10EC4000C0F3001105F1700030F91110207BC0F302
:10EC5000001205F16C0030F91200091A169890FBA9
:10EC6000F1F0169016992F98411A2D98084400B289
:10EC7000ADF8D200BDF9D0103698B0F90000C01B35
:10EC8000401E814201DAB046C3E0B9F1000F58D00E
:10EC90001898E8B3606830F9180047F6FF718842A9
:10ECA000F5D0606830F916008842F0D0BDF9D21076
:10ECB0000298814201DA029801E0BDF9D200029087
:10ECC000BDF9D2100398814201DD039801E0BDF93E
:10ECD000D2000390BDF9D400BDF9D010884230D0E5
:10ECE000BDF9D2000190BDF8D000401E00B2ADF8D1
:10ECF000D000BDF8D000ADF8D4000398ADF8D60030
:10ED00000298ADF8D200BDF9D600BDF9D21000E0EE
:10ED100018E0884205D1BDF8D200401C00B2ADF821
:10ED2000D20034AB35AA27A93A980FF030FCBDF8D1
:10ED3000D000401C00B2ADF8D000019803900198BB
:10ED4000029064E0BDF8D400C01B00B2ADF8000032
:10ED5000BDF8D400384400B2ADF80400BDF8D600C8
:10ED6000A0EB0A0000B2ADF80200BDF8D600504496
:10ED700000B2ADF80600A9F101001290606830F908
:10ED8000180047F6FF71884201D035A800E0002046
:10ED90000D90606830F9160047F6FF71884201D087
:10EDA00034A800E000200E90CDF81CD0606830F947
:10EDB0001800149004AA1A21584612F065F96068E8
:10EDC00030F9180047F6FF7188420AD0606830F9C0
:10EDD0001600884205D034AB35AA27A93A980FF01F
:10EDE000D6FB77B1BAF1000F0BD0606830F918008C
:10EDF00047F6FF71884204D06A4619A93A9810F084
:10EE000081FB04AA1B21584612F03EF900BFB04610
:10EE100000BF09F101001FFA80F9B5F882004845EA
:10EE20003FF7D7AE00BF1898E8BBB5F88200484559
:10EE30003DD1606830F9160047F6FF71884236D040
:10EE4000BDF8D000C01B00B2ADF80000BDF8D00086
:10EE5000384400B2ADF80400BDF8D200A0EB0A00BF
:10EE600000B2ADF80200BDF8D200504400B2ADF8D7
:10EE70000600A9F10100129000200D900E90CDF82F
:10EE80001CD0606830F91600149004AA1A21584664
:10EE900012F0FAF86A4619A93A9810F033FB04AA5E
:10EEA0001B21584600E002E012F0EEF800BF00BF60
:10EEB000214605F12400F6F74FF90446002C7FF4B3
:10EEC00028AE3A993698886000BF77E544BC039035
:10EED0002DE9F34FB3B08146349809F114018268EB
:10EEE00031A8F4F777FE10B935B0BDE8F08F34984B
:10EEF0008068309031A9349881604D4600214846A1
:10EF000019F073FB2D900021484619F088FD2C90D4
:10EF10000021484619F0EFFE2B90484618F091FB6F
:10EF2000B5F884104843001200B22A90484618F001
:10EF300069FBB5F886104843001200B22990484694
:10EF400018F0EAFC0146B9F814202C9802442D98D8
:10EF50001044401A00B22890484618F0D7FD0146E8
:10EF6000B9F816202B9802442D981044401A00B28C
:10EF7000279024A80FF022FB24AA4FF4A021484692
:10EF80001AF046FB16A810F0D9FA16AA4FF4003171
:10EF900048461AF0B1FB4FF4003148461AF013F915
:10EFA000064600EBD67047104FF40031484619F082
:10EFB0007CFB064600EBD6704FEA6008BDF9920074
:10EFC000474501DA394600E0414600EBD072B1EB2B
:10EFD000620F06DD9DF8990020F0100010308DF8CA
:10EFE0009900BDF89200012806D19DF8990020F003
:10EFF000100010308DF8990005F12400F6F7B2F8F2
:10F00000044698E1207B00F0010000B18DE12089E9
:10F01000ADF890002089ADF85C0095F88800C0F349
:10F02000C00008B9608900E0002006B21596289853
:10F03000ADF8BC002898ADF8B800159E159EB346F3
:10F04000606830F816000A2847D02A980090236894
:10F0500033F91600237BC3F3C00C05F1780333F9B1
:10F060001C20237BC3F3C00C05F1740333F91C107F
:10F07000002316F017F900B2ADF8B800BDF8B810CB
:10F080002898084400B2ADF8B80029980090636849
:10F0900033F91600237BC3F3001C05F1700333F929
:10F0A0001C20237BC3F3001C05F16C0333F91C10F7
:10F0B000002316F0F7F800B2ADF8BA00BDF8BA10A8
:10F0C0002998401A00B2ADF8BA00BDF8BA102798D6
:10F0D000084400B2ADF8BA0005E04EF20100ADF808
:10F0E000B800ADF8BA0003A8349917F0BFFF4FF489
:10F0F000A0201090944804900320059024A8099023
:10F1000016A8079014944FF0000AC8E0BDF8B800A4
:10F11000ADF8BC00BDF8BA00ADF8BE00159850447B
:10F12000B5F8821090FBF1F201FB120006B26068A4
:10F1300030F9160047F6FF71884247D029980090B1
:10F14000636833F91600237BC3F3001C05F17003D9
:10F1500033F91C20237BC3F3001C05F16C0333F946
:10F160001C10002316F09EF800B2ADF8BA00BDF8EE
:10F17000BA102998401A00B2ADF8BA00BDF8BA101A
:10F180002798084400B2ADF8BA002A980090236886
:10F1900033F91600237BC3F3C00C05F1780333F970
:10F1A0001C20237BC3F3C00C05F1740333F91C103E
:10F1B000002316F077F800B2ADF8B800BDF8B8102B
:10F1C0002898084400B2ADF8B80001E0B34662E008
:10F1D000BAF1000F5DD0BDF8BC00C01B00B2ADF8A5
:10F1E0000400BDF8BC00384400B2ADF80800BDF81A
:10F1F000BE00A0EB080000B2ADF80600BDF8BE00EE
:10F20000404400B2ADF80A00AAF101001190606814
:10F2100030F91B0047F6FF71884201D02FA800E0AB
:10F2200000200C90606830F9160047F6FF718842A4
:10F2300001D02EA800E000200D9001A80690606883
:10F2400030F91B00139003AA1A21484611F01CFF45
:10F25000606830F91B0047F6FF71884213D0606880
:10F2600030F9160088420ED02EAB2FAA24A934986C
:10F270000FF08DF93FB1B8F1000F04D001AA16A923
:10F28000349810F03FF903AA1B21484611F0FCFE08
:10F2900000BFB34600BF0AF101001FFA80FAB5F8BB
:10F2A000820050453FF732AFB5F8820050453BD160
:10F2B000606830F9160047F6FF71884234D0BDF817
:10F2C000B800C01B00B2ADF80400BDF8B800384467
:10F2D00000B2ADF80800BDF8BA00A0EB080000B21B
:10F2E000ADF80600BDF8BA00404400B2ADF80A001F
:10F2F000AAF10100119000200C900D9001A8069039
:10F30000606830F91600139003AA1A21484611F0DC
:10F31000BBFE01AA16A9349810F0F4F803AA1B2129
:10F32000484611F0B1FE00BF00BF214605F12400A0
:10F33000F5F712FF0446002C7FF464AE3499309840
:10F34000886000BFD0E5000044BC03902DE9F74F72
:10F35000A2B00F46F88D10B925B0BDE8F08F97F830
:10F360003600022800DCF7E7F88D012808D1B7F94C
:10F370003400002804DC388E10B9788E00B9EBE731
:10F3800024980088398E0844B98E401A00B2ADF82E
:10F39000800024988088398E0844B98E084400B2D1
:10F3A000ADF8840024984088798E0844B98E401ABC
:10F3B00000B2ADF882002498C088798E0844B98ED6
:10F3C000084400B2ADF88600B7F92E0000EBD0710A
:10F3D000BDF88020A2EB6101491E09B2ADF878109A
:10F3E000B7F92E0000EBD071BDF8842002EB61016B
:10F3F000491C09B2ADF87C10B7F92E0000EBD071B2
:10F40000BDF88220A2EB6101491E09B2ADF87A1065
:10F41000B7F92E0000EBD071BDF8862002EB610138
:10F42000491C09B2ADF87E1097F836001D901D9862
:10F43000FD2801DDFF201D9022981EA982681BA8CF
:10F44000F4F7C8FB00B987E719A824990BF0B8F9BD
:10F450004FF0FF32114619A80BF0D2FAB7F900802D
:10F4600019A80BF095FA834619A80BF009FA834501
:10F4700003DA19A80BF08CFA02E019A80BF000FAD5
:10F4800018901898B8EB600F02DD18984FEA6008E2
:10F49000B7F90000179020A80BF07AFA834620A84D
:10F4A0000BF0EEF9834503DA20A80BF071FA02E0C5
:10F4B00020A80BF0E5F91890DDE91701B0EB610F1A
:10F4C00002DD189840101790B7F92E1017980C18F5
:10F4D00004FB04F1480015F033FF8246B7F92E20F3
:10F4E000179803B2514620A822F0E6FE1EA80FF09E
:10F4F00097FB16904FF00109169820B9F878FF286D
:10F5000001DBB87808B14FF000094FF0FF300F90E1
:10F51000B9F1000F0BD101230FFA88F219A910A835
:10F520000FF0F6FE002110A80FF074F80F901EA83F
:10F530000BF02EFA834615F003FF0E901C2102A853
:10F5400016F0A9F90CA8029007900E980590B88DB6
:10F55000ADF8100097F836008DF82000B8788DF8D7
:10F5600021001EA80BF014FA834600EBDB70BDF8F7
:10F57000781001EB600000B201901EA80BF080F93A
:10F58000834600EBDB70BDF87A1001EB600000B23F
:10F590000090BDF87C00ADF83400BDF87C00001B85
:10F5A000401C00B2ADF83000BDF87A00ADF8320072
:10F5B000BDF87A002044401E00B2ADF83600BDF917
:10F5C00030100198814202DDBDF9300000E0019861
:10F5D000ADF83000BDF936100098814202DABDF96D
:10F5E000360000E00098ADF8360022980CA9826839
:10F5F0000AA8F4F7EFFA002866D00FFA88F219A9E2
:10F600000AA8F4F728FB00285ED10AA80BF0C0F97D
:10F6100083465646BDF92A00BDF97A10401A00FB10
:10F620000466BDF92810BDF97C00001B401C081AB7
:10F630000644B9F1000F09D00FFA88F219A90AA8F7
:10F64000F4F784FB10B10120099001E0CDF824907B
:10F65000BBF1000F37DD0E980590BDF82800ADF81E
:10F660003000BDF82C00ADF8340002208DF81800F1
:10F67000BDF92A5023E0ADF83250ADF83650099864
:10F68000A8B9224631460E9815F077FFBDF928102B
:10F690005B462A460E980FF073FA8DF818009DF815
:10F6A0001800012804D102208DF8180000E005960A
:10F6B00002A9229810F064F92644681C05B2BDF92D
:10F6C0002E00A842D7DA00BFBDF87C00ADF83400A8
:10F6D000BDF87C00001B401C00B2ADF83000BDF846
:10F6E0007E00001B401C00B2ADF83200BDF87E0069
:10F6F000ADF83600BDF930100198814202DDBDF948
:10F70000300000E00198ADF83000BDF932100098EB
:10F71000401C814202DDBDF9320001E00098401C2E
:10F7200000B2ADF8320022980CA982680AA8F4F75A
:10F7300051FA002866D00FFA88F219A90AA8F4F73E
:10F740008AFAA8BB0AA80BF023F983465646BDF9EE
:10F750003600BDF92E10401A00FB0466BDF92810D2
:10F76000BDF97C00001B401C081A0644B9F1000FCB
:10F7700009D00FFA88F219A90AA8F4F7E7FA10B12C
:10F780000120099001E0CDF82490BBF1000F38DD95
:10F790000E980590BDF82800ADF83000BDF82C009B
:10F7A000ADF8340002208DF81800BDF92E5024E089
:10F7B00028E0ADF83250ADF836500998A8B9224685
:10F7C00031460E9815F0D9FEBDF928105B462A4641
:10F7D0000E980FF0D5F98DF818009DF81800012843
:10F7E00004D102208DF8180000E0059602A92298A5
:10F7F00010F0C6F82644681E05B2BDF92A00A842DA
:10F80000D7DD00BFBDF87800204400B2ADF830006D
:10F81000BDF87C00001B00B2ADF83400BDF87A00E2
:10F82000ADF83200BDF87A002044401E00B2ADF8B9
:10F830003600BDF936100098814202DABDF9360073
:10F8400000E00098ADF8360022980CA982680AA85A
:10F85000F4F7C0F9002870D00FFA88F219A90AA8A5
:10F86000F4F7F9F9002868D10AA80BF091F883465B
:10F870005646BDF92A00BDF93210401A00FB046655
:10F88000B9F1000F09D00FFA88F219A90AA8F4F704
:10F890005DFA10B10120099001E0CDF82490BBF190
:10F8A000000F49DD099810B90E98059001E000207D
:10F8B0000590BDF82800ADF83000BDF82C00ADF87B
:10F8C0003400BDF92A5033E0ADF83250ADF836506F
:10F8D0000998C8B931785A460E9815F0A2FFBDF9BB
:10F8E00028105B462A460E980FF04AF98DF818004A
:10F8F0009DF81800012802D102208DF8180002A9F5
:10F90000229810F03DF810E01D98FF2801D13078C2
:10F9100005E0307897F8361010FB01F000128DF8F2
:10F92000200002A9229810F02BF82644681C05B28A
:10F93000BDF92E00A842C7DA00BF97F836008DF84F
:10F940002000BDF87800204400B2ADF83000BDF8CA
:10F950007C00001B00B2ADF83400BDF87E00001B37
:10F96000401C00B2ADF83200BDF87E00ADF83600A4
:10F97000BDF932100098401C814202DDBDF9320011
:10F9800001E00098401C00B2ADF8320022980CA9AA
:10F9900082680AA8F4F71EF900287DD00FFA88F2D1
:10F9A00019A90AA8F4F757F900287AD10AA80AF089
:10F9B000EFFF83465646BDF93600BDF92E10401ABA
:10F9C00000FB0466BBF1000F6ADDB9F1000F09D03E
:10F9D0000FFA88F219A90AA8F4F7B8F910B10120B2
:10F9E000099001E0CDF82490099810B90E9805907F
:10F9F00001E000200590BDF82800ADF83000BDF80A
:10FA00002C00ADF83400BDF92E5042E0ADF8325074
:10FA1000ADF83650B9F1000F09D00FFA88F219A9E4
:10FA20000AA8F4F793F910B10120099001E0CDF88C
:10FA300024900998C8B931785A460E9815F0F1FE0D
:10FA4000BDF928105B462A460E980FF099F88DF8FC
:10FA500018009DF81800012802D102208DF8180026
:10FA600002A922980FF08CFF10E01D98FF2801D109
:10FA7000307805E0307897F8361010FB01F000126E
:10FA80008DF8200002A922980FF07AFF2644681E04
:10FA900005B2BDF92A0001E003E001E0A842B5DDAE
:10FAA00000BF97F836008DF82000BDF87C00001BE1
:10FAB000401C00B2ADF83000BDF87C00ADF8340059
:10FAC000BDF87A00204400B2ADF83200BDF87E00E7
:10FAD000001B00B2ADF83600BDF932100098401C92
:10FAE000814202DABDF9320001E00098401C00B208
:10FAF000ADF83200BDF936100098814202DDBDF943
:10FB0000360000E00098ADF83600BDF930100198DD
:10FB1000814202DDBDF9300000E00198ADF830000F
:10FB200022980CA982680AA8F4F754F8E0B30FFAF7
:10FB300088F219A90AA8F4F78EF8A8BB0AA80AF057
:10FB400027FF83465646601E00FB0466BDF9281059
:10FB5000BDF97C00001B401C081A0644B9F1000FD7
:10FB600009D00FFA88F219A90AA8F4F7EFF810B132
:10FB70000120099001E0CDF82490099808B13046A1
:10FB800000E00E980590BBF1000F33DDBDF82800B2
:10FB9000ADF83000BDF82C00ADF8340002208DF82F
:10FBA0001800BDF92A5021E025E0ADF83250ADF83B
:10FBB00036500998A0B95A4631460E9815F0DDFC2A
:10FBC000BDF928105B462A460E980EF0D9FF8DF835
:10FBD00018009DF81800012802D102208DF81800A5
:10FBE00002A922980FF0CCFE681C05B2BDF92E00C8
:10FBF000A842DADA00BF5646002515E03046331930
:10FC0000591E002208E0037891F800C080F800C077
:10FC10000B70401C491E521C04EBD47CB2EB6C0FE1
:10FC2000F1DB2644681C05B2A542E7DBBDF878008D
:10FC3000ADF83000BDF878002044401E00B2ADF8A9
:10FC40003400BDF87A00204400B2ADF83200BDF8AF
:10FC50007E00001B00B2ADF83600BDF932100098EE
:10FC6000401C814202DABDF9320001E00098401CDC
:10FC700000B2ADF83200BDF936100098814202DDC5
:10FC8000BDF9360000E00098ADF83600BDF934103B
:10FC90000198401E814202DABDF9340001E001986A
:10FCA000401E00B2ADF8340022980CA982680AA860
:10FCB000F3F790FFD0B30FFA88F219A90AA8F3F767
:10FCC000CAFF98BB0AA80AF063FE83465646601E28
:10FCD00000FB0466BDF92800BDF93010401A064447
:10FCE000B9F1000F09D00FFA88F219A90AA8F4F7A0
:10FCF0002DF810B10120099001E0CDF82490099869
:10FD000008B1304600E00E980590BBF1000F33DDDE
:10FD1000BDF82800ADF83000BDF82C00ADF8340077
:10FD200002208DF81800BDF92A5021E025E0ADF839
:10FD30003250ADF836500998A0B95A4631460E985F
:10FD400015F01BFCBDF928105B462A460E980EF0F4
:10FD500017FF8DF818009DF81800012802D1022025
:10FD60008DF8180002A922980FF00AFE681C05B24F
:10FD7000BDF92E00A842DADA00BFBDF87800ADF870
:10FD80003000BDF878002044401E00B2ADF83400C9
:10FD9000BDF87A00ADF83200BDF87A002044401E6C
:10FDA00000B2ADF83600BDF934100198401E814212
:10FDB00002DABDF9340001E00198401E00B2ADF84E
:10FDC0003400BDF936100098814202DABDF93600E0
:10FDD00000E00098ADF8360022980CA982680AA8C5
:10FDE000F3F7F8FED0B30FFA88F219A90AA8F3F7CF
:10FDF00032FF98BB0AA80AF0CBFD83465646BDF9F0
:10FE00002A00BDF93210401A00FB0466BDF9280033
:10FE1000BDF93010401A0644B9F1000F09D00FFAAD
:10FE200088F219A90AA8F3F791FF10B101200990EF
:10FE300001E0CDF824900E980590BBF1000F36DD5F
:10FE4000BDF82800ADF83000BDF82C00ADF8340046
:10FE500002208DF81800BDF92A5024E028E0ADF802
:10FE60003250ADF836500998A8B9224631460E985E
:10FE700015F083FBBDF928105B462A460E980EF05C
:10FE80007FFE8DF818009DF81800012804D102208B
:10FE90008DF8180000E0059602A922980FF070FD79
:10FEA0002644681C05B2BDF92E00A842D7DA00BF6F
:10FEB000BDF87800ADF83000BDF878002044401E51
:10FEC00000B2ADF83400BDF87E00001B401C00B24B
:10FED000ADF83200BDF87E00ADF83600BDF9321045
:10FEE0000098401C814202DDBDF9320001E000981B
:10FEF000401C00B2ADF83200BDF934100198401E2C
:10FF0000814202DABDF9340001E00198401E00B2DE
:10FF1000ADF8340022980CA982680AA8F3F75AFEBB
:10FF2000D0B30FFA88F219A90AA8F3F794FE98BB88
:10FF30000AA80AF02DFD83465646BDF93600BDF9E4
:10FF40002E10401A00FB0466BDF92800BDF93010E0
:10FF5000401A0644B9F1000F09D00FFA88F219A926
:10FF60000AA8F3F7F3FE10B10120099001E0CDF8E3
:10FF700024900E980590BBF1000F36DDBDF82800E7
:10FF8000ADF83000BDF82C00ADF8340002208DF83B
:10FF90001800BDF92E5024E028E0ADF83250ADF83D
:10FFA00036500998A8B9224631460E9815F0E5FA60
:10FFB000BDF928105B462A460E980EF0E1FD8DF83B
:10FFC00018009DF81800012804D102208DF81800AF
:10FFD00000E0059602A922980FF0D2FC2644681E84
:10FFE00005B2BDF92A00A842D7DD00BFBDF87800F0
:10FFF000204400B2ADF83000BDF87C00001B00B218
:02000004900169
:10000000ADF83400BDF87A00204400B2ADF83200FB
:10001000BDF87E00001B00B2ADF836000E980590CA
:1000200022980CA982680AA8F3F7D4FDA0B30FFAAE
:1000300088F219A90AA8F3F70EFE68BB0AA80AF00D
:10004000A7FC8346BBF1000F25DDBDF82800ADF805
:100050003000BDF82C00ADF83400BDF92A5016E090
:10006000ADF83250ADF8365059460E9815F04AFCAE
:10007000BDF928105B462A460E980EF081FD8DF8DA
:10008000180002A922980FF07BFC681C05B2BDF98C
:100090002E00A842E4DA00BFB9F1000F05D110A884
:1000A0000EF09AFD0F980FF01BFA504615F0C4F9A8
:1000B0000E9815F0C1F900BFFFF74EB92DE9F74FC3
:1000C000DEB05E985D9060980AF069FC804600EBB7
:1000D000D8704FEA600A60980AF0D9FB074600EB37
:1000E000D7704010824507DA60980AF058FC06463F
:1000F00006EBD670401006E060980AF0C8FB054693
:1001000005EBD570401000B25B90609801885B9859
:10011000084400B2ADF87001609841885B980844CB
:1001200000B2ADF8720158A80EF048FA58AA4FF480
:10013000C0215E9819F06CFA9DF8690120F010005A
:1001400010308DF8690150A80EF0ECF950AA4FF468
:10015000C0215E9819F0F5F92CA85F9916F086FF7A
:10016000FE482D904FF4C020399003202E9058A8BF
:1001700032905D982430F4F7F5FF044643E23D9455
:10018000A18B5B98084406B2A088301A00B22B906D
:10019000A089301A0FFA80FABDF870112B98081A4E
:1001A00000B2ADF8A400BDF872112B98081A00B285
:1001B000ADF8A600BDF870112B98084400B2ADF858
:1001C000A800BDF872112B98084400B2ADF8AA003F
:1001D000012347F6FF7229A94AA80FF099F8BDF844
:1001E0007001A0EB0A0000B2ADF89C00BDF87201EE
:1001F000A0EB0A0000B2ADF89E00BDF870015044BB
:10020000401E00B2ADF8A000BDF872015044401E7F
:1002100000B2ADF8A200012347F6FF7227A944A857
:100220000FF076F8BDF87001801B00B2ADF89400B5
:10023000BDF87201801B00B2ADF89600BDF87001E8
:100240003044401E00B2ADF89800BDF87201304451
:10025000401E00B2ADF89A00002347F6FF7225A9B0
:100260003EA80FF055F800213EA80EF0D3F92490D7
:100270004FF0FF302390608910B16089401E01E08B
:100280004FF6FF7022904FF00009A6E12298401C23
:1002900022900020219061892298814203D1002080
:1002A000229001202190A06900906088421E0021C8
:1002B0004846636914F0F6FF07463C97219810B151
:1002C0002089209001E02068209020981F9021989C
:1002D00008B1E08900E0E0880FFA80F8CDF8788076
:1002E000DDF878805D983030F4F73CFF05465FE03C
:1002F0002879022800D055E0A868B84251DCE868A7
:10030000B8424EDB288A40440FFA80F8698AA88AEE
:10031000814202D1688A209043E0A87D00F001006C
:1003200050B1FF20009000233846D5E9021214F0A6
:10033000B9FFC0B2139009E0FF20009000233846B7
:10034000D4E9051214F0AEFFC0B21390A98A11913E
:10035000698A1291139800F1040C4FEAEC00BDF881
:1003600048C04CEA0C4CDFF8F8E10CEA0E01BDF88D
:1003700044C04CEA0C4C0CEA0E02A2EB010C0CFB44
:1003800000FC01EB5C1C0CEA0E0343EA134C1FFA61
:100390008CFCCDF840C0BDF840E0F446CDF880C0FC
:1003A00000BF00BF29465D983030F4F7D5FE054602
:1003B000002D9DD1E08B00FB09F001026088401EFA
:1003C00091FBF0F01D901D9800121C901C98401C91
:1003D0001B901D9800F0FF0B228C1C99114408B251
:1003E0001EF050FF1A90228C1B99114408B21EF087
:1003F00049FF1990CBF580711A9811FB00F11998FB
:1004000010FB0B1000121890228C1C99114408B29A
:100410001EF030FF1790228C1B99114408B21EF079
:1004200029FF1690CBF58071179811FB00F11698F3
:1004300010FB0B1000121590BDF88000ADF86001A4
:10044000ADF86281BDF8702106EB080115984843AC
:100450007F3002EBE03000B2ADF85000BDF8722101
:1004600006EB0801189848437F3002EBE03000B2F9
:10047000ADF8520014A835905CA83590CDF8E890FE
:1004800050A83190219800287CD024980FF028F8AB
:10049000B4F91000AAEB00001390BDF87021139975
:1004A000159848437F3002EBE03000B2ADF84800C9
:1004B000BDF872211399189848437F3002EBE03061
:1004C00000B2ADF84A00202250A90AA815F055F84C
:1004D0000AA831903B4623A2102106A81CF060FA1E
:1004E00006A837902CAA1A215E9810F0CDFD0021A5
:1004F00041F6FF72BDF95201CDE901210090BDF92D
:10050000543105A8509A37991EF0AAFFBDF914007E
:1005100000EBD071BDF84820A2EB610109B2ADF843
:100520000C10BDF9160000EBD071BDF84A20A2EB0B
:10053000610109B2ADF80E10BDF80C00BDF8141041
:10054000084400B2ADF81000BDF80E00BDF816105A
:10055000084400B2ADF81200002006E07CC1039010
:100560001FF8E007256400000CE0009003AA379B09
:1005700031995F980DF022FC00213EA80EF04AF858
:10058000249007E00020319037902CAA1A215E9821
:1005900010F07AFD219909B144A900E04AA9084662
:1005A00000210EF037F823905CAB14AA58A95F988D
:1005B0000DF0EDFF23980EF093FF2CAA16215E9804
:1005C00010F062FDBDF87C00ADF860011E98ADF83A
:1005D000620109F1010000F0FF09608848453FF71A
:1005E00055AE4AA80EF0F8FA44A80EF0F5FA3EA867
:1005F0000EF0F2FA24980EF073FF21465D98243035
:10060000F4F7AAFD0446002C7FF4B9AD61B0BDE853
:10061000F08F00002DE9F04FB1B005468B469046B3
:100620002E464146284603F019F904462089C0F3B6
:100630000E00012802DC31B0BDE8F08F2089C0F344
:10064000C03020B9208810B9608800B9F3E70021D4
:10065000284618F0E4F982460021284617F0C5FF25
:10066000504400B22E90284616F0EBFFB6F88410E6
:100670004843001200B22D9025A80DF053FF25AA83
:100680004FF4C021284618F05CFF284617F044F9C3
:100690000146AA8A2E981044401A00B22490B8F15C
:1006A000020F0ED12089C0F3C03028B14FF4C02111
:1006B000284618F0D7F800E000202390B5F91A90EA
:1006C0000DE02089C0F3C03028B14FF4C021284686
:1006D00018F011FB00E000202390B5F91690B8F156
:1006E000020F16D1DBF80800B0F90600484500DA21
:1006F000A1E7239848442599B1F908100844B4F9B2
:1007000000100844DBF80810B1F90210884200DA42
:1007100091E720A80DF052FF20AA4FF4C0212846EF
:1007200018F076FF0020ADF88600ADF88400594639
:100730000EA816F09BFCA6480F90062010900220F1
:100740001C904FF4C0201B9025A8139020A8149053
:10075000B8F1020F01D0012000E000200D9096F8C2
:10076000880000F00700022822D10021284618F056
:10077000EEF8B6F8841048434FEA202A2D985044EA
:10078000B6F8821090FBF1F000B20B900B99A1EB40
:100790000A0000EBD0714A102499114409B2249147
:1007A0000B98A0EB0A012D98401A00B22D9000BFC3
:1007B000ADF8C2902089C0F30E00401E6168C1F3FD
:1007C0000E4148430C900027FBE000200B9060682E
:1007D000C0F30E40B7FBF0F100FB117008B9012027
:1007E0000B90BDF982102D98401A78430C99B0FBFC
:1007F000F1F12498084400B2ADF8C000ADF8BC0097
:100800000D9868B1BDF9C2100B9810B1B4F9000091
:1008100001E0B4F90200081A00B2ADF8BE000CE025
:10082000BDF9C2100B9810B1B4F9000001E0B4F9A1
:100830000200084400B2ADF8BE0030A817902FA8FF
:10084000189096F8880000F00700032810D106F1F0
:1008500078000D9930F91100009006F1740030F91C
:100860001130002138460C9A14F01CFD824604E039
:100870006068C0F30E40B7FBF0FACDF878A00B9893
:10088000002871D02089C0F3C03000286CD05346B6
:1008900050A2102107A81CF083F825A8139007A8E0
:1008A000199010201A900EAA1A21284610F0ECFB7D
:1008B000002141F6FF72BDF9A600CDE901210090AB
:1008C000BDF9A83006A8259A19991EF0C9FDBDF9F1
:1008D000180000EBD071BDF8BC20A2EB610109B299
:1008E000ADF81010BDF9180000EBD071BDF8BC20B8
:1008F00002EB610109B2ADF814100D9878B1BDF8A2
:10090000BE102398081A00B2ADF81600BDF8160004
:10091000BDF81A10401A00B2ADF812000EE0BDF892
:10092000BE102398084400B2ADF81200BDF81200C2
:10093000BDF81A10084400B2ADF81600BDF9140055
:10094000B5F9141088420DDBBDF91010B5F9180087
:10095000814207DC0020009004AA25A95846199B73
:100960000DF02CFA09E0FFE70020139019901A907F
:100970000EAA1A21284610F087FBBDF9821001EB60
:10098000D172BDF9C03003EB6202B5F914309A425E
:1009900011DBBDF9820000EBD072BDF9BC30A3EBD6
:1009A0006203B5F91820934205DC2FAB30AA20A9C9
:1009B00058460DF0ECFD0EAA1B21284610F064FBF2
:1009C0007F1C0C9887427FF600AF00BF33E6000023
:1009D00044BC0390256400002DE9F74FB2B00546F2
:1009E000164631953146284602F038FF04462089E4
:1009F000C0F30E00012802DC35B0BDE8F08F20897D
:100A0000C0F3C03020B9208810B9608800B9F3E77E
:100A10000EB1012000E0002083460021284617F097
:100A2000E4FD2E900021284618F065F92D90284607
:100A300016F0E8FD3199B1F886104843001200B273
:100A40002C90284617F062F80146EA8A2D98024455
:100A50002E981044401A00B22B904EB94FF4C0218A
:100A6000284617F0DCFF0746B5F914002A9008E085
:100A70004FF4C021284618F07BF80746B5F9180056
:100A80002A90B4F900002990B4F902002890012EB0
:100A900007D12998404200B229902898404200B2DC
:100AA000289025A80DF08AFD25AA4FF4C0212846DC
:100AB00018F0AEFD1DA80DF035FD1DAA4FF4C021A4
:100AC000284618F03EFD0BA8339916F0CFFA894856
:100AD0000C9006200D9019960004189025A81190EE
:100AE0001DA810902089C0F30E00401E6168C1F35C
:100AF0000E4100FB01F94FF00008F6E0BDF9961039
:100B00002C98401A00FB08F0B0FBF9F12B98084430
:100B100000B2ADF8C200ADF8BE002A98ADF8C00032
:100B200036B9BDF8C000401E00B2ADF8C00005E007
:100B3000BDF8C000401C00B2ADF8C00000200A9013
:100B40006068C0F30E40B8FBF0F100FB118008B9FB
:100B500001200A900A9838B1BDF8C0102998081AE7
:100B600000B2ADF8BC0006E0BDF8C0102898081A25
:100B700000B2ADF8BC0030A814902FA815903198A1
:100B8000703030F91B00009031996C3131F91B3015
:100B9000A9EB08004A46002114F084FB8246CDF8F8
:100BA0006CA00A98002872D02089C0F3C0300028B9
:100BB0006DD0534650A2102106A81BF0F1FE1DA8CF
:100BC000109006A81690102017900BAA1A212846FC
:100BD00010F05AFA002141F6FF72BDF98600CDE906
:100BE00001210090BDF9883005A81D9A16991EF0C4
:100BF00037FCBDF9160000EBD071BDF8BE20A2EBAA
:100C0000610109B2ADF80E10BDF9160000EBD0710C
:100C1000BDF8BE2002EB610109B2ADF81210BBF1C4
:100C2000000F0FD1BDF8BC00BDF81410401AC01B56
:100C300000B2ADF80C00BDF8BC00C01B00B2ADF8AE
:100C400010000EE0BDF8BC00384400B2ADF80C0056
:100C5000BDF8BC00BDF814100844384400B2ADF82B
:100C60001000BDF91210B5F9160081420DDBBDF977
:100C70000E10B5F91A00814207DC0020009003AA8B
:100C80001DA9169B33980DF099F809E0FFE70020A5
:100C90001090169017900BAA1A21284610F0F4F91C
:100CA000BDF9961001EBD172BDF9C23003EB6203BE
:100CB000B5F91620934211DBBDF9960000EBD07216
:100CC000BDF9BE30A3EB6203B5F91A20934205DCEF
:100CD0002FAB30AA25A933980DF059FC0BAA1B2184
:100CE000284610F0D1F908F10108C8457FF606AF93
:100CF00000BF81E644BC0390256400002DE9FE4F4F
:100D000006460C46174698462021304618F006FB4A
:100D100000287DD00C98032803D1304616F0E2FE5F
:100D200002E0304616F0E8FE814612F09DFB0546D3
:100D30004FF0000A002002900C98032843D10021B4
:100D4000304617F045FE83460021304617F0E9FE95
:100D50000190B9F1010F23D0B9F1020F28D0B9F1F8
:100D6000030F2ED106F1140009F0D3FDA0EB0B0107
:100D70000198081A009000EBD0700BEB6000B18A6C
:100D800008440FFA80FA05F1140009F0C2FD009042
:100D900000EBD070A98A01EB600000B2029010E075
:100DA000B08A58440FFA80FAB5F91400029008E0AE
:100DB000318B0198081A0FFA80FAB5F918000290E1
:100DC00000BF00BF45E00021304617F06DFF8346AD
:100DD0000021304617F01FFD0190B9F1010F25D019
:100DE000B9F1020F2AD0B9F1030F30D106F1140086
:100DF00009F01CFDA0EB0B010198081A009000EB14
:100E0000D0700BEB6001F08A08440FFA80FA00E022
:100E100054E005F1140009F009FD009000EBD070DA
:100E20004110E88A084400B2029010E0F08A584469
:100E30000FFA80FAB5F91600029008E0718B01985C
:100E4000081A0FFA80FAB5F91A00029000BF00BF25
:100E500000BFB8F1000F17DAB9F1000F05D0029802
:100E6000504502DD2046BDE8FE8F002C01DAA01EB1
:100E700004B2002C01DDA01C04B22146E01704EBF3
:100E80009070801000B2EEE7002F16DAB9F1000F73
:100E900004D00298504501DA2046E4E7002C01DA3C
:100EA000A01E04B2002C01DDA01C04B22246E017F3
:100EB00004EB9070801000B2D5E709E008EB040065
:100EC000002802DAC8F1000004B2381B00D53C4605
:100ED0002046C8E710B50446207EC0F3800008B164
:100EE000002010BD207A232802D0242803D100E05E
:100EF00000BF0120F5E700BF00BF4FF480416068EC
:100F000018F00CFA08B90020EBE7207A11381C28F9
:100F100023D2DFE800F00E0F10111213141516176C
:100F20001822221922221A1D1B1C222222221E1FD5
:100F3000222000BF00BF00BF00BF00BF00BF00BF36
:100F400000BF00BF00BF00BF00BF00BF00BF00BFA9
:100F500000BF00BF00BF0020C3E70120C1E72DE9AB
:100F6000F041044612F06CFA07469FB13868806879
:100F700018B1217A386882689047207EC0F340001B
:100F800010B10120BDE8F081207E00F0010008B121
:100F90000020F7E701260EB9002003E00021606879
:100FA00016F0A6FB05464FF0000827E02868F0B1D0
:100FB000287A00F08000802819D1287A802805D06E
:100FC000287A20F08000217A884210D16868E06099
:100FD000204629688847207EC0F3400008B10120E0
:100FE000D0E7207E00F0010008B10020CAE708F138
:100FF00001084146606816F07BFB05460DB1012EE5
:10100000D4D02146002016F057FA06460EB900202B
:1010100003E00021606816F06BFB05464FF0000806
:1010200023E02868D0B1287A00F08000B0B9287A8F
:1010300018B1287A217A884210D16868E060204689
:1010400029688847207EC0F3400008B1012099E755
:10105000207E00F0010008B1002093E708F10108AC
:101060004146606816F044FB05460DB1012ED8D00C
:10107000012E11D16068406870B12046FFF72AFF49
:1010800050B16068406860602046FFF768FF064620
:10109000012E01D0002075E7304673E72DE9F043BB
:1010A0008046DDE9074521B92A7022701A70BDE833
:1010B000F0834FEA282000F00209B9F1000F04D0B4
:1010C00000BF99462B464D4600BF00F00409B9F118
:1010D000000F04D000BFA1462C464D4600BF00F0D3
:1010E0000609B9F1000F09D100F00109B9F1000FAB
:1010F0000ED100BF994623464C4609E000F0010995
:10110000B9F1000F04D000BF994623464C4600BFFA
:1011100022706FEA010909F0FF0602FB06F74FEAA9
:10112000272985F8009008F0FF0C00F00109B9F1BB
:10113000000F0DD1BCF1000F02D14FEA012905E0EB
:10114000CCF1000909F0FF0909FB01F94F4601E064
:1011500001FB0CF73E126FEA060909F0FF0602FBDD
:1011600006F74FEA272983F8009000BF9FE70000A9
:101170002DE9FF4F87B005468B469146DDE914A661
:10118000584609F0F0FB0690584609F06BFB0590B5
:101190001798012804D0022804D0032806D103E0C0
:1011A000494F08E0494F06E0494F04E000BF00BF47
:1011B0000BB0BDE8F08F00BF8EBB28880490288854
:1011C0005246014602900A98B84703904FF0000833
:1011D00021E0002418E0BDF8100035F81410884212
:1011E0000CD005EB44000088049005EB4400008817
:1011F0005246014602900A98B847039005EB440016
:10120000BDF80C100180641C06988442E3DB05EBFA
:10121000490508F1010805988045DADB51E0FFE750
:1012200000200290288804903078FD2801DB504689
:1012300003E0307800FB0AF0000A0190019A04995B
:101240000A98B84703904FF0000836E000242BE0DE
:10125000305D00B927E0315D0298814205D1BDF8CB
:10126000100035F81410884217D0305DFD2801DBDE
:10127000504603E0305D00FB0AF0000A019005EBE8
:101280004400008800900146019A0A98B8470390EC
:10129000305D029035F81400049005EB4400BDF871
:1012A0000C10018000BF641C06988442D0DB05EB63
:1012B00049051698064408F1010805988045C5DBE4
:1012C00000BF00BF74E7000051820090838300904C
:1012D000F38200902DE9FF4F89B004469246DDE984
:1012E0001685F4F753FA08900A9809F03CFB8146FA
:1012F0000A9809F0B7FA8346002D78D1B8F1FD0FAE
:101300000CDB002707E04A4620460C990BF0F0FA68
:1013100004EB4A047F1C5F45F5DB7DE100BF002044
:10132000014602464FEAD20CBDF804306CF30403C8
:101330004FEA910C0193BDF804306CF34A134FEA65
:10134000D00C0193BDF804306CF3CF230193BDF8AA
:1013500004C063460293BDF8081008460790424651
:1013600007990C980BF04CFC06900C9904A802917C
:10137000BDF80810C90A01FB08F10180BDF808108A
:10138000C1F3451101FB08F14180BDF8081001F0DF
:101390001F0101FB08F1818000BFC8F1FF0003902D
:1013A000002720E0002619E0BDF81C0034F81610D4
:1013B00088420DD004EB46000088079004EB4600FD
:1013C00000880290014604A8039A0BF0A1FC069045
:1013D00004EB4600BDF818100180761C4E45E3DB97
:1013E00004EB4A047F1C5F45DCDB15E1FFE7BDF839
:1013F000300000EB00400790B8F1FD0F6FDBA9F162
:10140000040006900027B4E0002614E02878FF28A6
:1014100003D1BDF8300020800AE02A7820880146F8
:1014200004900C980BF0ECFB0590BDF814002080A4
:101430006D1CA41C761C4E4503DA05F00300002841
:10144000E4D172E0286805900598401CA8B904F022
:10145000030048B1BDF830102180A01C079901603D
:10146000BDF83010E18005E020460799016007993A
:10147000416000BF08342D1D56E00598002851D06A
:101480002878FF2803D1BDF8300020800AE02A78B0
:101490002088014603900C980BF0B2FB0490BDF835
:1014A000100020806D1CA41C2878FF2803D1BDF8F3
:1014B000300020800AE02A782088014603900C98AA
:1014C0000BF09EFB0490BDF8100020806D1CA41C46
:1014D0002878FF2804D1BDF8300020800BE04CE0D4
:1014E0002A782088014603900C980BF089FB049021
:1014F000BDF8100020806D1CA41C2878FF2803D1A3
:10150000BDF8300020800AE02A7820880146039048
:101510000C980BF075FB0490BDF8100020806D1C3A
:10152000A41C01E02D1D0834361D0698864289DD75
:1015300014E02878FF2803D1BDF8300020800AE0AD
:101540002A782088014604900C980BF059FB0590EE
:10155000BDF8140020806D1CA41C761C4E45E8DBF1
:10156000AAEB090004EB40041898A0EB090005441D
:101570007F1C5F45FFF648AF4DE0002004902088B7
:1015800006902088059000200390002740E0002668
:1015900035E0287888B329780498814209D02878E2
:1015A000FF2801D1404603E0287800FB08F0000A3C
:1015B000039029780498814205D1BDF8180034F8C9
:1015C0001610884214D00398FF2802D10C98059079
:1015D00009E004EB4600008802900146039A0C984B
:1015E0000BF00EFB05902878049034F81600069056
:1015F00004EB4600BDF8141001806D1C761C4E45AE
:10160000C7DB04EB4A041898A0EB090005447F1CD3
:101610005F45BCDB00BF00BF0DB0BDE8F08F2DE91A
:10162000FF4F85B081460C46DDE912A7F4F7AEF80E
:10163000804607BBB4F9026018E0B4F9005010E02E
:10164000CDF808A0BDF82000ADF8040030B200903D
:10165000D8F800002BB2D0F81CC04946079AE047E2
:101660006D1CB4F90400A842EADA761CB4F906004D
:10167000B042E2DA2EE0204609F075F983462046B2
:1016800009F0F0F80490002620E0002519E0785DCC
:10169000B0B1785D00FB0AF0000A0290BDF82000AE
:1016A000ADF804006088304400B2009021882944DD
:1016B0000BB2D8F80000D0F81CC04946079AE047A2
:1016C0006D1C5D45E3DB14980744761C0498864244
:1016D000DBDB00BF09B0BDE8F08F10B502460B465A
:1016E00010681C68A04201D1012010BD0020FCE759
:1016F00010B502460B46506820F040401C68A042DE
:1017000003D2506820F040401860002010BD2DE941
:10171000F04F89B0044600200890079011F090FE29
:10172000069006980068057ED4F820800027B94608
:10173000B4F91400002802DDB4F9140002E0B4F991
:1017400014004042B4F91610002902DDB4F9161055
:1017500002E0B4F916104942884201DD012701E098
:101760004FF00109CAE01021404617F0D7FDB0B98B
:101770004FF48071404617F0D1FD08B907B1C1E0C0
:101780004FF40071404617F0C9FD18B9B9F1000FC8
:1017900000D0B7E0404616F019F88046AEE0CA46E1
:1017A000CDF814900497BB46404616F087F80646DD
:1017B00006F0010008B90020049006F0020008B904
:1017C0004FF0000B06F0040008B94FF0000A06F0D5
:1017D000080008B900200590404616F097F90390DC
:1017E000404616F00BF80290404616F095F801902E
:1017F000404616F009F900900398002802DC029890
:10180000002811DDBAF1000F03D0B4F91600A84288
:1018100006DA059840B1B4F916006942884203DC43
:10182000CDF820800C2007900198002802DC009859
:10183000002811DD049818B1B4F91400A84207DAA1
:10184000BBF1000F08D0B4F914006942884203DCF0
:10185000CDF82080032007900398002801DC4FF08A
:10186000000A0298002801DC002005900198002859
:1018700001DC002004900098002801DC4FF0000BF0
:10188000049818B1B4F91400A84215DABBF1000F9E
:1018900004D0B4F91400694288420DDDBAF1000F9A
:1018A00003D0B4F91600A84206DA059878B1B4F965
:1018B0001600694288420ADC0FB1032000E00C20C8
:1018C00094F83C1060F3030184F83C101AE04FF4E4
:1018D0008071404617F022FD08B907B112E04FF4BD
:1018E0000071404617F01AFD18B9B9F1000F00D089
:1018F00008E0404615F06AFF804600BFB8F1000FCF
:101900007FF431AF00BF089858B194F83C100798A5
:1019100060F3030184F83C100898A0620021A182C2
:10192000E182089809B0BDE8F08F00002DE9FF4F73
:1019300083B00446204616F0D5F80290029818B9F4
:10194000002007B0BDE8F08F41F6FF75002120466A
:1019500017F03EF807460021204617F0E2F88246CD
:10196000204615F0ECFD83464FF000086AE0A068C1
:10197000006850F828603949304617F0DAFC00B1A9
:101980005EE04FF48051304617F0C8FC002856D076
:101990004FF00009002001900298012804D002288D
:1019A00009D003282CD10EE0B6F91490A08A38444F
:1019B00000B2019025E0B6F91890208BA0EB0A0048
:1019C00000B201901DE006F1140008F0A2FF0090A3
:1019D00000EBD070B18A01EB60000FFA80F904F1DE
:1019E000140008F096FFC01BA0EB0A00009000EB6B
:1019F000D070A18A394401EB600000B2019000E090
:101A00001EE000BF069848440FFA80F9049881450B
:101A100014DB0598814511DC0199A9EB010108B29D
:101A2000002801DD014600E04142002D01DD2A468B
:101A300000E06A42914200DA054600BF00BF00BFE5
:101A400008F10108D84592D341F6FF70854201D1D3
:101A5000002000E0684200B273E7000001000400CB
:101A60002DE9FF4F83B00446204616F045F802905A
:101A7000029818B9002007B0BDE8F08F41F6FF7555
:101A80000021204617F010F907460021204616F0E5
:101A9000C2FE8246204615F052FD83464FF00008F4
:101AA0006AE0A068006850F828603949304617F0AD
:101AB00040FC00B15EE04FF48051304617F02EFC40
:101AC000002856D04FF0000900200190029801280C
:101AD00004D0022809D003282CD10EE0B6F91690C4
:101AE000E08A384400B2019025E0B6F91A90608B84
:101AF000A0EB0A0000B201901DE006F1140008F00E
:101B000095FE009000EBD0704110F08A08440FFA67
:101B100080F904F1140008F089FEC01BA0EB0A0054
:101B2000009000EBD0704110E08A3844084400B2C5
:101B3000019000E01EE000BF069848440FFA80F9CB
:101B40000498814514DB0598814511DC0199A9EBC6
:101B5000010108B2002801DD014600E04142002DEC
:101B600001DD2A4600E06A42914200DA054600BFE4
:101B700000BF00BF08F10108D84592D341F6FF70BD
:101B8000854201D1002000E0684200B273E7000006
:101B9000010004002DE9FF4F87B00E469046DDE9B5
:101BA00014940021079817F01BFB0690002107985A
:101BB00016F088FD0590F078C0F34000A8B1F078E9
:101BC00000F0010020B142F2D1710698884208D09D
:101BD000F07800F0010040B942F2D17105988842D6
:101BE00003D1F07820F00200F070F07800F00100EE
:101BF00008B1964800E096480490F07800F00100A3
:101C000008B9924800E09248824600206080A08097
:101C100020612080A060E060CDF80C8003990798D7
:101C200015F06FFC0546E0E00398404506D04FF400
:101C30000001284617F072FB00B1D9E0854928461B
:101C400017F077FB00287CD10021284616F010FD04
:101C500002900298002875D02069401C2061A0885D
:101C6000484400B2A080207D00F0010000286AD026
:101C7000216901EB8101880013F062FB074600BF78
:101C80001FB900BF00BF00BFFEE700BF1FB9039828
:101C90000BB0BDE8F08FE06858B12069401E00EB42
:101CA000800082003846E16813F067FCE06813F0BA
:101CB000C3FB2069401E00EB800047F82050F078FD
:101CC00000F0010058B14FF0000B41F202025946FA
:101CD000284617F09FF80190019800B20BE04FF0F2
:101CE000000B41F205025946284617F093F801907F
:101CF000019800B200BF2169491E01EB810107EB89
:101D000081018880F07800F0010058B14FF0000B9D
:101D100041F203025946284617F07CF801900198D9
:101D200000B20BE04FF0000B41F206025946284684
:101D300017F070F80190019800B200BF2169491EA8
:101D400002E03EE017E02CE001EB810107EB8101AE
:101D5000C88002982169491E01EB810107EB8101CE
:101D6000C86000212069401E00EB800007EB800066
:101D70000161E76015E02846049988470746F07836
:101D8000C0F3400030B1B4F90400C1190A9881428F
:101D900000DD2DE0A08807EB0901084400B2A08017
:101DA00000BF2846D047B4F90010884202DD28461B
:101DB000D04701E0B4F900002080A068401CA0607A
:101DC00000BFF078C0F3800010B14FF0FF3000E0AA
:101DD00001200399084403900398002800DA07E0E3
:101DE0000399079815F08DFB0546002D7FF41CAF75
:101DF00000BFB4F90400002804DDA088A0EB0900AE
:101E000000B2A080206908B10A9801E0B4F904008A
:101E10006080CDB10398404516D10798806800686E
:101E2000039950F82150F078C0F3800103AA079875
:101E300001F003FA45B12846D0472080284604998E
:101E4000884760800120A060039821E76392029098
:101E50002D770290010006002DE9F04F97B004465F
:101E600000BF00BF4FF0000BDE48028859462046F5
:101E700016F0D0FF0A900A98C6B200BFF0439DF852
:101E80005B1060F300018DF85B10B0089DF85B10EB
:101E900060F341018DF85B10F0089DF85B1060F372
:101EA00082018DF85B1000BFCF480288594620465A
:101EB00016F0B0FF0A900A98C0B28DF8580000BF23
:101EC000CA4802885946204616F0A4FF0A900A988C
:101ED000C0B28DF8590000BFC54802885946204657
:101EE00016F098FF0A900A98C0B28DF85A000021A7
:101EF000204616F0F9FA012800D100E000201590E4
:101F00009DF85B0000F0010020B90021204616F08A
:101F10002BFD03E00021204616F09FFE14909DF853
:101F20005B0000F0010020B10021204616F01CFDEE
:101F300003E00021204616F090FE13909DF85B0010
:101F400000F0010018B1204615F07BFB02E02046AE
:101F500015F058FB12904FF0000B41F23202594637
:101F6000204616F057FF0A900A9800B2119000BF61
:101F700041F610025946204616F04CFF0A900A9886
:101F8000E18A0144119801EB000B204615F0D2FDC7
:101F9000ABEB000000B210904FF0000B41F61202C4
:101FA0005946204616F036FF0A900A98A18A014445
:101FB000119801EB000B204615F0B2FDABEB0000D1
:101FC00000B20F909DF85A709DF85B0000F0010080
:101FD00008B110A800E00FA805460021204617F020
:101FE000FFF80E900021204616F06CFB0D909DF836
:101FF0005B0000F0010040B142F2D1710D988842BF
:1020000003D1608CC0F3402068B19DF85B0000F004
:10201000010048B942F2D1710E98884204D1608C17
:10202000C0F3802000B90027159850B19DF85B00DF
:1020300000F0010028B90FB9012702E0012F00D1FB
:1020400000274FF0000800200C900B90002F49D083
:102050009DF85B00C0F3800018B1A0684068401E86
:1020600000E00020814617E000200A9005A913989F
:10207000CDE900014A4616A92046129BFFF78AFDCA
:102080008246BDF814101498084440440FFA80F8B2
:102090000B98401C0B90D146A0684068484502DD73
:1020A000B9F1000FE0DA0B9820B11498A8EB00000A
:1020B0000FFA80F89DF85B0000F0010018B120468F
:1020C00015F0A0FA02E0204615F0BBFA83460CA8F2
:1020D000CDE900500B9803B24246594638461EF0EF
:1020E000AEFA00BF9DF85B00C0F3800018B1A06895
:1020F0004068401E00E000208146159840B19DF8E0
:102100005B0000F0010018B92888404400B2288024
:102110004DE001200A9005A91398CDE900014A4637
:1021200016A92046129BFFF735FD8246159850B13F
:102130009DF85B0000F0010028B92888BDF8141054
:10214000401A00B2288005AABDF94030DDE912101E
:10215000CDE90131CDE90302BDF93C0053464A46C1
:1021600016A900902046F5F7F9FBD146089813F020
:1021700063F900200890159868B19DF85B0000F0A5
:10218000010040B92988BDF8302014981044081A7D
:1021900000B228800AE02988BDF81400BDF830207C
:1021A000024414981044084400B2288000BFA0687C
:1021B0004068484502DDB9F1000FAADA42F2D17158
:1021C0000E98884202D00D98884202D1204618F01D
:1021D0001CF800222B2120460EF056FF17B0BDE858
:1021E000F08F0000680200246A0200246C020024C0
:1021F0006E0200242DE9FC5F044689469246207E4B
:1022000000F0010008B1BDE8FC9FE56800264FF032
:10221000010B0120019000BF85B9207EC0F3C000F2
:1022200000B956B9019800B9EDE72046C847054600
:102230004FF0000B0020019000E0E4E716B92E46B5
:1022400006B9E0E7BBF1000F06D029462046D0478B
:102250000546B54200D1D6E74FF0010B05B9DBE7E3
:10226000286816F0C7F800F0800000B1D4E72F68A6
:1022700009E00121384617F051F800B105E0384671
:1022800015F0A4FA0746002FF3D100BF2FB10121AA
:10229000384617F043F800B1BEE700BF00BFE06862
:1022A000A84200D1AFE7E06890B1204600F0FBFC07
:1022B0000090E16808680F21009A0EF0E5FE0746DD
:1022C000012F00D09FE7E168086817F0C4FB00BF4A
:1022D000E560204600F0E7FC0746E1683A460868FA
:1022E0000E210EF0D1FE8046B8F1010F00D08AE732
:1022F000E168086817F0AFFB206910B1204621693A
:10230000884700BF7FE700002DE9F04104462046E2
:1023100000F012FB054611480068001B461B0F48E1
:102320000068401B0D490860B6B127466119324666
:10233000204613F022F906E0A068401BA06020466A
:1023400000F0FAFA0444054800688442F4D1B81950
:10235000294613F0A0FA00BFBDE8F0817401002403
:1023600000B587B000BF00BF4448006840F00400DB
:10237000424908600846006800F00400009000BF71
:1023800000BF00BF00BF00BF0846006840F0020069
:1023900008600846006800F00200009000BF00BF1F
:1023A00000BF20200290012003900490032005909C
:1023B00002A93348EFF7C6F80220029000200390EC
:1023C000012004900320059002A92E48EFF7BAF8E7
:1023D000F6F7DCF800BF002220212948EFF7C6F805
:1023E00000BF1420EFF7C7F800BF012220212448C6
:1023F000EFF7BCF800BF3220EFF7BDF800208DF8F2
:102400000400012201A900F041F9012201A9A42040
:1024100000F03CF916208DF80400012201A980206B
:1024200000F034F90C208DF80400012201A9882065
:1024300000F02CF9022201A9A12000F02BF89DF850
:102440000400302803D19DF80500032807D09DF82B
:102450000500012803D09DF8050002280BD19DF846
:1024600005009DF8042000EB022107A0EDF738FEDF
:10247000002007B000BD0120FBE70000E044025847
:1024800000080258000402584354502049443A2599
:10249000780D0A002DE9F04106460F461546F6F77D
:1024A00035F97020F6F7FCF8F6F776F9F0B2F6F7A2
:1024B000F7F8F6F771F9F6F729F97120F6F7F0F861
:1024C000F6F76AF900240BE0691EA14201D0012150
:1024D00000E000210846F6F7B5F83855601CC4B294
:1024E000AC42F1DBF6F738F9BDE8F0812DE9FC41AB
:1024F0000746002001900024002660480078401C18
:102500005E490870084600780A2190FBF1F201FB51
:10251000120018B1594800780A2866DA012201A988
:102520000220FFF7B7FF9DF8040000F00F0000281D
:102530007ED09DF8040000F00F00062878DA9DF8A0
:10254000040000F00F014FF6FF70884085B2E843A9
:1025500080B240F440404A49888600245AE0484806
:10256000808E0121A1400840F0B3464931F81400A3
:1025700004226946FFF78EFF414890F8440000F0BE
:102580000100C0B19DF801009DF8001001F00F019D
:1025900000EB01203A49203121F814009DF8030096
:1025A0009DF8021001F00F0100EB012134480C30BE
:1025B00020F814101EE09DF801009DF8001001F0B5
:1025C0000F0100EB012030490988081A81B22C481C
:1025D0000C3020F814109DF803009DF8021001F053
:1025E0000F0100EB012001E012E021E0244920313D
:1025F00021F814009DF8000000F0F000802807D0BA
:1026000000211F48203020F81410143820F814102E
:10261000601CC4B2052CA2DB01261948808920B9B0
:102620001748008C08B90020019000201349087059
:102630009DF8040000F01F00A8B91148808E00F436
:10264000004030B10E48808E20F400400C4988864E
:1026500009E04FF6FF700A49888108840846808E99
:1026600000F46040888605480078F02802DD0A20E2
:10267000024908703046BDE8FC81000034000024A7
:102680003800002424BA0390EC0400242DE9F04122
:1026900005460E4617464FF00008F6F737F870204B
:1026A000F5F7FEFFF6F778F8E8B2F5F7F9FFF6F779
:1026B00073F800240BE0305DF5F7F2FFF6F76CF8E5
:1026C0008046B8F1000F00D003E0601CC4B2BC42E9
:1026D000F1DB00BFF6F740F84046BDE8F08110B5E9
:1026E0000246114691F83C3003F0030323B1012B5D
:1026F00004D0022B0DD000BF888C15E026235B5C34
:102700004FF4B47413FB04F3642493FBF4F398B212
:102710000AE027235B5C4FF4B47413FB04F36424D6
:1027200093FBF4F398B200BF00BF10BD2DE9F34F47
:1027300087B083465F4605A9584614F0A1FF584666
:1027400016F08FFD0290584614F0F0FF0190002122
:10275000584616F098F900900021584616F03CFAB9
:1027600080460021584616F0FAFA81460021584664
:1027700016F0ACF882460021584616F088FA054655
:102780000021584616F00AF90646284605EBD07196
:102790004910491C05F0010211440DB2304606EB08
:1027A000D0714910491C06F0010211440EB20D2DE2
:1027B00001DA284600E00D2005460D2E01DA3046EC
:1027C00000E00D200646B8F10D0F01DA404600E0AA
:1027D0000D208046B9F10D0F01DA484600E00D20CA
:1027E0008146BAF10D0F01DA504600E00D20824615
:1027F00000248BE0B86A00EBC40103A807F0F2FFE5
:10280000BDF90C10009881420FDCBDF9141000983E
:102810000D2801DA009800E00D20081ABDF80C1010
:10282000084400B2ADF80C0008E0BDF80C00BDF89B
:102830001410891B084400B2ADF80C00BDF90E005D
:1028400048450FDCBDF91600B9F10D0F01DA494614
:1028500000E00D21401ABDF80E10084400B2ADF89A
:102860000E0008E0BDF80E00BDF81610491B084424
:1028700000B2ADF80E00BDF910100298A0EB0800F0
:10288000801E81420FDBBDF91400B8F10D0F01DA93
:10289000414600E00D210844BDF81010084400B284
:1028A000ADF8100008E0BDF81000BDF81410314478
:1028B000084400B2ADF81000BDF912100198A0EB69
:1028C0000A00801E81420FDBBDF91600BAF10D0F20
:1028D00001DA514600E00D210844BDF81210084409
:1028E00000B2ADF8120008E0BDF81200BDF81610F5
:1028F0002944084400B2ADF81200002203A8089948
:10290000F1F77FFA00B105E0601C84B2388EA04276
:102910003FF770AF00BF388EA04201D14FF6FF7471
:10292000204609B0BDE8F08F014601F007020AB168
:10293000104670470120FCE70146B1F90C20032343
:1029400003EB420222F0030202F1100070472DE96E
:10295000FC5F05460E4617460021284616F079F81A
:1029600080460021284616F01DF98246002128469F
:1029700016F0DBF981460021284615F08DFF019005
:10298000284616F06EFCA0EB0800A0EB0A0B2846C8
:1029900014F0CCFEA0EB09010198081A834507DA70
:1029A000284616F05EFCA0EB0800A0EB0A0006E04B
:1029B000284614F0BBFEA0EB09010198081A00900C
:1029C00000EBD070401004B2A88A2044404400B20A
:1029D0003080E88A2044484400B2708007B13C80CF
:1029E000BDE8FC9F38B50446002504480288294606
:1029F000204616F00FFA0090009838BD78020024A7
:102A000038B504460025054802882946204616F0B8
:102A100001FA00900098C0B238BD00008002002486
:102A200038B504460025054802882946204616F098
:102A3000F1F900900098C0B238BD00008202002475
:102A4000F0B504460B46032B01D2012000E0002024
:102A50000546611B981E0C2707FB0500C0EB4010C4
:102A6000B0FBF7F01044084400EB91006427B1FB81
:102A7000F7F7C01B4FF4C877B1FBF7F738440727C7
:102A8000B0FBF7FC07FB1C06F0B2F0BD2DE9FC47DC
:102A900081460E4616B90020BDE8FC87D9F81040E3
:102AA000606930B160690068B04202D16069406815
:102AB000F2E70025B1E005EB8501A06850F82100A0
:102AC000371A05EB8501A06800EB81008088B842C9
:102AD00000D2A0E04FF0000805EB8501A06800EBF4
:102AE0008100807C022808D105EB8501A06800EBFD
:102AF0008100C08800EB070884E005EB8501A06831
:102B000000EB8100807C78B905EB8502A16801EBC0
:102B10008201C86805EB8502A16801EB8201C988C2
:102B2000C25D01EB02086DE005EB8501A06800EBDA
:102B30008100807C03282AD1B8B201903E480090E1
:102B400005EB8503A06800EB8300028A05EB850393
:102B5000A06800EB83000223816801A8F2F786FFDA
:102B60008246BAF1000F11D005EB8502A16801EB96
:102B700082018968AAEB0101481005EB8502A16872
:102B800001EB8201C98801EB000800BF3AE005EBC8
:102B90008501A06800EB8100807C012832D1B8B2A9
:102BA00001902548009005EB8503A06800EB8300A9
:102BB000028A05EB8503A06800EB8300022381688D
:102BC00001A8F2F753FF8246BAF1000F19D005EBC6
:102BD0008503A26802EB83029268AAEB02025010FE
:102BE00005EB8503A26802EB8302D16805EB850340
:102BF000A26802EB8302D28831F8103002EB03089E
:102C000000BF00BF606920B1606906606069C0F8FC
:102C10000480404640E7681C85B2608AC0F3080023
:102C2000A8423FF748AF606920B1606906600020A4
:102C30006169486000202FE7316603902DE9F84F65
:102C400080460D46C146404600F0FDF9064616B9DD
:102C50000020BDE8F88FF08A281A05B2002130461E
:102C600016F0A5F9009000980EF0E0FC82460021D5
:102C7000304616F00CFA0446204604EBD07105EB02
:102C800061010DB20AEB04000FFA80FB95FBFBF02B
:102C900087B2B9F83400B84203DCB9F83400401EFA
:102CA00087B23846D5E72DE9F041054600260027D2
:102CB000002010F0CBFB044616E0204610F015FC77
:102CC0008046206DA8420AD1B8F1020F02D12046F9
:102CD000BDE8F081B8F1040F00D126462746204612
:102CE00010F0B4FB044600BF002CE6D10EB1304614
:102CF000EEE70FB13846EBE7002010F0A7FBE7E75F
:102D00002DE9F04107460C463D46384614F099FC43
:102D1000B5F884104843001206B20021384615F079
:102D20007EFE8046A4EB080004B2002C02DA0020EC
:102D3000BDE8F081B44203DDB5F88200401EF7E73C
:102D400095F8880000F0070001280BD1314606EB0A
:102D5000D1704210B5F88200401E04FB002090FBA9
:102D6000F6F0E5E795F8880000F00700022805D1A5
:102D7000B5F88200604390FBF6F0D9E70020D7E772
:102D80000246114600E0096821B18869C0F30F10BE
:102D90000028F8D009B9002070478869C0F30F10E7
:102DA000FAE700002DE9FC5F80460D461646D8F88C
:102DB00010704FF0000A788AC0F34030002840D1EC
:102DC000FC68A068800FD8B9D4F8009005EB062005
:102DD00080B2019026480090A06820F04042022373
:102DE000494601A8F2F742FE8346BBF1000F06D028
:102DF000ABEB09014810616811F900A000BF1FE0AA
:102E00000121A068B1EB907F1AD1D4F8009005EBB6
:102E10000640019017480090A06820F0404204232B
:102E2000494601A8F2F722FE8346BBF1000F06D007
:102E3000ABEB09018810616811F900A000BF00BF69
:102E400012E0F8684368595D83689A5D00290ADDDD
:102E5000002A08DD531E4C1E90F80DC004FB0C33F5
:102E6000046814F903A000BF5046BDE8FC9F0000B1
:102E7000E15F0190C15F01902DE9FE4F07460C46CE
:102E8000254600260021204615F0EDFA834600EB8A
:102E9000DB70C0F34F064FF44031204615F0CCFDF7
:102EA00080464FF44031204615F06FFE81464FF4C6
:102EB0004031204615F02CFF82464FF44031204629
:102EC00015F0DDFC0290A08A298D0844801BA0EB40
:102ED000080000B2ADF80000E18A688D0844801B4C
:102EE000A0EB090000B2ADF80200A08A298D0844C9
:102EF0003044504400B2ADF80400E18A688D0844C3
:102F000081190298084400B2ADF8060000983860B4
:102F100001987860BDE8FE8F2DE9F04F87B08146BB
:102F20000F469246984600BF00BF4C464FF4003112
:102F3000484615F0A5FA834658460BEBD0714D1064
:102F4000AAEB05000FFA80FAA68C94F83400C0F3BF
:102F5000410018B9208D304486B223E094F8340043
:102F6000C0F34100022803D1E08C304486B219E05E
:102F700094F83400C0F34100012813D1B4F9302093
:102F8000B4F93230D11801EBD1725010B4F92E10CF
:102F9000814203DAE18C31448EB202E0218D31446A
:102FA0008EB200BF06F15A0000B21CF06BF900FBB4
:102FB0000AF0C01300B2069030B21CF063F900FBB7
:102FC0000AF0C01300B205904FF44031484615F0A6
:102FD00040FD04904FF44031484615F0E3FD039066
:102FE0004FF44031484615F0A0FE02904FF44031B6
:102FF000484615F051FC0190398806980144049820
:10300000081A401B00B2A8F800003988069801444D
:1030100003980844284400B2A8F804007988059869
:1030200001440298081A401B00B2A8F802007988EF
:103030000598014401980844284400B2A8F8060005
:1030400007B0BDE8F08F70B504462546686A08B938
:10305000002070BD0021686A14F053FAF9E710B53A
:1030600004460021204614F04CFA10BD70B5044609
:103070000E46002513E0E06800EBC5004068C0F391
:10308000006058B1E06800EBC500406820F07F4068
:10309000B04203D1E06850F8350070BD6D1C608C03
:1030A000C0F3C500A842E6D8608CC008401C618C03
:1030B00060F3C8016184628CC2F3C502D100E0688C
:1030C00012F026FAE06000BFE06818B900BF00BF48
:1030D00000BFFEE700BF608CC0F3C500451E1AE0CC
:1030E000681EE16801EBC0004068C0F3006038B9B9
:1030F000681EE16801EBC0004068C0F3406000B1A9
:103100000BE0E06800EBC5010246681E02EBC0025E
:1031100005CA05C16D1E002DE2D100BFE16801EBBB
:10312000C500082112F0B7FB082012F0CFF8E168C3
:1031300041F83500E16851F8350019F07BFFE0688F
:1031400000EBC500406820F0807000F18070E168FD
:1031500001EBC5014860E06800EBC500406866F31C
:103160001700E16801EBC5014860E06850F83500E0
:1031700093E700002DE9FC4107468846164638686B
:10318000C068C068B0FBF8F4B44200DD34461948AA
:1031900000680068806958B30020ADF80000ADF801
:1031A0000400ADF8020025B200BF681E00B2ADF801
:1031B00006001049096808680E49096809688A69A3
:1031C00069469047684607F03FFBA04200DC03E0F9
:1031D000681E05B2002DE8DC00BF002D04DC00BF36
:1031E00000BF0020BDE8FC81BDF90600441C00BF03
:1031F0002046F7E76C01002470B505460C46641EB6
:10320000002C01DA6D1E0C340C2C01DB6D1C0C3C07
:10321000012C04D1284602F0ADFC1C300BE0072045
:1032200094FBF0F100FB114606EBD6704010A6EBC4
:103230004000C0F11F00C0B270BD10B5034669B1B7
:103240001068401E10601068002805DB9868006850
:10325000146850F8240010BD0020FCE71068401CE2
:10326000106010689C686468A04205DA986800687D
:10327000146850F82400EEE70020ECE730B504466F
:10328000481CE56835F8100035F81150401B00B2B5
:103290001080A06830F8110000B21880E06830F8A3
:1032A00011006568284430BD2DE9F84F06460C46EC
:1032B0001546B04610F0C4F8814610F016F9824663
:1032C000BAF1010F0DD0BAF1030F0AD015B14FF6C4
:1032D000FF70288014B14FF6FF7020800020BDE8F9
:1032E000F88F10F0ADF88146694610F0C3F8002D54
:1032F0003ED0304614F014FCBDF8001008440FFA1C
:1033000080F90021304615F016F901280AD1002174
:10331000304615F095FC318B081AA0EB09000FFA26
:1033200080F90CE0B08AA9EB00000FFA80F90021C7
:10333000304615F0DCFBA9EB00000FFA80F9002005
:103340002880002728800CE02988D8F8300030F841
:103350001100384407B2B94500DA07E02888401C5C
:1033600028802888B8F824108842EDDB00BF00BF11
:103370006CB3304614F0DEFBBDF8021008440FFABF
:1033800080F9F08AA9EB00000FFA80F9002130469D
:1033900015F026FDA9EB00000FFA80F9002020802F
:1033A000002720800CE02188D8F82C0030F811008C
:1033B000384407B2B94500DA07E02088401C208075
:1033C0002088B8F826108842EDDB00BF00BF01203E
:1033D00085E72DE9F04F87B00446884691461E46A2
:1033E0004846F2F7DAF901218140C8B206904FF061
:1033F000FF3A208C05900598C04380B2049094F861
:103400002200C0F380000290002530E0E06800EB6D
:10341000C5077868C0F3406000B92DE0029800B19C
:1034200024E0E16801EBC501496821F07F4017F015
:10343000ACFF8346C34500D018E038688079069910
:10344000084000B912E003AA4946386819F072FD35
:1034500008B1012000E000200190019828B10398F4
:103460003060012007B0BDE8F08F00BF6D1C608C9C
:10347000C0F3C500A842C9D800BF41E0E06800EB36
:10348000C50BE16801EBC501496821F07F4017F0E9
:103490007CFF0090E16801EBC501496821F07F40A5
:1034A00017F077FF07460098404500D027E0DBF88B
:1034B000000080790699084000B920E0049838405F
:1034C00000B11CE0574500DC19E003AA4946DBF8CF
:1034D000000019F02FFD08B1012000E0002001904C
:1034E000019858B10598874203D1039830600120B4
:1034F000B8E7BA4502DABA460398306000BF6D1CDF
:10350000608CC0F3C500A842B8D8BAF1000F03DB45
:10351000039830600120A5E70020A3E72DE9FC5FB8
:1035200083468A4690461D46082001907F200090E1
:10353000404608EBD0714C1008F0010080F0010902
:10354000CBF15A0108B21BF09DFEAAEB04014843DF
:10355000C61158461BF096FEAAEB04014843C7115A
:10356000002E0ADDA6F17F000612301B484400B28F
:103570002880301900B2A8800AE006F17F00061208
:10358000301B00B228803019A0EB090000B2A880DF
:10359000002F0ADDA7F17F000712381B484400B254
:1035A0006880381900B2E8800AE007F17F0007124E
:1035B000381B00B268803819A0EB090000B2E8801F
:1035C000BDE8FC9F38B5044600250448028829461A
:1035D000204615F01FFC0090009838BD7C020024A6
:1035E0002DE9FF4F89B083469246DDE919785C46A4
:1035F000A08C0A99484380B2069000BFBAF8080030
:103600003844404400B20590069D4FF0000986E022
:10361000A06A50F8250000287BD0206B30F91900F3
:103620000790002600BF1EE0A919A06A50F82100EB
:10363000B0B10021AB19A26A52F8230000B10178A1
:1036400001F0010252B109EB0602521C236B33F860
:103650001230079A1A4412B2079200E009E000E023
:1036600007E0701C86B206EB0901A08C401E814267
:10367000DADB00BF00200490A06A50F8250020B1DA
:10368000A06A50F8250000780490049800F0020029
:1036900090B100BFBAF90800384400EB0801059862
:1036A000814205DD00BFBAF908003844404400E01B
:1036B000059800B205902BE0DDE917010144079859
:1036C000401A00B207900022079916988DE807006B
:1036D000A06A50F82500411C524608A80C9B1BF01C
:1036E000BFFEBDF92200384400EB08010598814275
:1036F00005DDBDF922003844404401E009E00598A9
:1037000000B20590A81985B209EB06001FFA80F9EE
:1037100000BF681C85B209F101001FFA80F9A18C75
:1037200006980844A8423FF773AF05980DB0BDE86E
:10373000F08F000038B50446002505480288294668
:10374000204615F067FB00900098C0B238BD00001D
:103750008602002438B5044600250548028829461B
:10376000204615F057FB00900098C0B238BD00000D
:10377000880200242DE9FF5F06460C4600213046F2
:1037800015F02DFC03904FF48021304615F027FCF6
:10379000029003980DF052FF074602980DF04EFF7D
:1037A00080460021304615F08CFC814608EB07006E
:1037B00000EBD07109EB61010DB2304613F0B6FF9A
:1037C000834600EBDB704110F08A0844AA4605EB03
:1037D000DA71A0EB610000B260806088284400B21A
:1037E000E0806946304613F04BFFBDF800002080B2
:1037F000BDF80400A080BDE8FF9F2DE9FF47054606
:103800002846FFF72CFC06461EB9002004B0BDE890
:10381000F0874FF48021284615F0E1FB80464FF4F5
:10382000802741F25A423946284615F0F3FA0290B1
:10383000029804B200BF304610F036FD81460020E9
:1038400041F6FF71CDE90001234642464946029008
:1038500003A81BF005FEBDF90C00D7E702460B4696
:10386000114633B1012B0AD0022B05D0042B0CD109
:1038700008E001F13C00704701F14800FBE701F16D
:103880005400F8E701F16000F5E70020F3E770B5B8
:1038900004460E46002510E0E06800EBC5004068D5
:1038A000C0F3406040B1E06800EBC500406820F024
:1038B0007F40B04200D105E06D1C608CC0F3C500B4
:1038C000A842E9D800BF608CC0F3C500A84203D06D
:1038D000E06800EBC50070BD608CC008401C618CC6
:1038E00060F3C8016184628CC2F3C502D100E06854
:1038F00011F00EFEE060608CC0F3C500451E09E0CB
:10390000E06800EBC5010246681E02EBC00205CA72
:1039100005C16D1E002DF3D10821E06811F0BBFF39
:10392000082011F0D3FCE1680860E168086819F02C
:1039300081FBE068406820F0007000F10070E168F1
:103940004860E068406866F31700E1684860E06836
:10395000C1E7000037B584B005461446114890F819
:10396000200000F0010070B10221122017F03CFD90
:1039700022460390059909F087F90290BDF80810D6
:10398000084607B030BD0221122017F057FD22462D
:103990000190059909F078F90090BDF800100846EB
:1039A000EFE7000014D605242DE9F04F06468846BF
:1039B0001746DDE9095CDDE90B490022B8F1000F8B
:1039C00003D09246A4F800A069E0052F03D0062F8B
:1039D00001D0042F03D10023012D00D101270021A4
:1039E00006E03CF811A09A4492440FFA8AF2491C6E
:1039F000A942F6D3A2EB030A0FFA8AF2072F4DD29F
:103A0000DFE807F00409144C3E2C1B004FF0000ABD
:103A1000A4F800A042E0A6EB020A0AEBDA7B4FEA28
:103A20006B0B0FFA8BFBA4F800B037E0A6EB020A91
:103A30000FFA8AFAA4F800A030E04FF0000AA4F8C8
:103A400000A0A6EB020A0FFA8AFBA5F1010A0FFA01
:103A50008AFA9BFBFAFA0FFA8AF31FE0A6EB020A36
:103A60000FFA8AFA0FFA85FB9AFBFBFA0FFA8AF330
:103A70009A4603EBDA7B4FEA6B0BA4F800B00DE03B
:103A8000A6EB020A0FFA8AFB05F1010A0FFA8AFA7D
:103A90009BFBFAFA0FFA8AF3238000BF00BF0021D4
:103AA0000CE034F811A03CF811B0DA449A440FFA53
:103AB0008AFA01F1010B24F81BA0491CA5F1010AA7
:103AC0008A45EED834F81AB03CF81AA0DA44B4F8B3
:103AD00000B0AAEB0B0A0FFA8AF0B9F1000F10D070
:103AE00000210CE034F811A0A6EB0A0A3CF811B052
:103AF000AAEB0B0A0FFA8AFA24F811A0491CA94272
:103B0000F0D3BDE8F08F2DE9F04F8DB0044600BF33
:103B100000BF2046FEF766FF81462046FFF752FDB4
:103B20000746B9F1000F00D017B90DB0BDE8F08F0E
:103B300006A92046F3F778FA0C2103A811F0ABFE92
:103B40004FF0000B41F232025946204615F062F95F
:103B50000090009805B200BF00BF41F6120259461E
:103B6000204615F057F90090009828440FFA80FA83
:103B700000BF41F610025946204615F04BF900905F
:103B80000098284400B20290204613F0C9FFA18A91
:103B90005144081A00B2ADF81400204613F0CAFFD1
:103BA0000146E28A02981044401A01B2ADF816109C
:103BB000002609E0A068006850F826B003AA06A90C
:103BC000584601F0EDFF761CA0684068B042F1D87D
:103BD00006A8F3F739FD0021204615F00EFB0190F1
:103BE0000021204614F07BFD804642F2D1710198FD
:103BF000884202D00846804502D1204616F005FBD7
:103C000000222B2120460DF03FFA00BF8DE7000077
:103C100000B589B000BF00BF4248006840F0040012
:103C2000404908600846006800F00400019000BFA9
:103C300000BF00BF00BF00BF0846006840F00200A0
:103C400008600846006800F00200019000BF00BF55
:103C500000BF2020049001200590069003200790CB
:103C600004A93148EDF76EFC022004900020059075
:103C7000012006900320079004A92C48EDF762FC70
:103C8000F4F784FC00BF002220212748EDF76EFCEA
:103C900000BF0A20EDF76FFC00BF0122202122485F
:103CA000EDF764FC00BF0A20EDF765FC02200490EC
:103CB0000020059006900320079004A91B48EDF70B
:103CC00041FC6420EDF757FC042202A948F24010A1
:103CD00000F03AF800208DF80C0002A914A0ECF7CF
:103CE000FFF916A102A8ECF75BFC10B90A201549F0
:103CF000087002208DF80800012202A948F2400055
:103D000000F008FA0A20EDF736FC00208DF80800D4
:103D1000012202A948F2400000F0FCF9002009B09D
:103D200000BD0000E0440258000802580004025898
:103D30004354502049443A25730D0A003932373133
:103D400000000000350000242DE9F04105460F4633
:103D50001646F4F7DBFC2820F4F7A2FCF4F71CFD70
:103D60002812F4F79DFCF4F717FDE8B2F4F798FC7D
:103D7000F4F712FDF4F7CAFC2920F4F791FCF4F7EC
:103D80000BFD00240BE0711EA14201D0012100E0D7
:103D900000210846F4F756FC3855601CC4B2B44202
:103DA000F1DBF4F7D9FCBDE8F081000071B583B018
:103DB000002001900026D2480078401CD0490870AD
:103DC000084600780A2190FBF1F201FB120018B1BD
:103DD000CB4800780A287DDA012203A948F24E1068
:103DE000FFF7B2FF9DF80C0000F0800078B19DF85D
:103DF0000C0000F00F00C3490978884207DC00205E
:103E00000190012201A948F24E1000F083F99DF8BB
:103E10000C0000F00F0000285CD09DF80C0000F0B2
:103E20000F00B8490978884254DC9DF80C0000F076
:103E30000F014FF6FF70884084B2B348858EE0438F
:103E400080B240F44040B049888608468289AD4837
:103E50000078401E0C3121F81020AB48028CA94894
:103E60000078401E143121F8102000200190E3E07A
:103E7000A548808E9DF8042001219140084000282B
:103E800032D0A2499DF8042031F81200042202A980
:103E9000FFF75AFF9E48808845F2105188423FD173
:103EA000994890F8440000F00100F0B19DF8080036
:103EB0009DF8091000EB012081B2934820309DF855
:103EC000042020F812109DF80A009DF80B1000EB5A
:103ED000012000E0EEE0C0F5487081B28A480C3065
:103EE0009DF8042020F81210A1E09DF808009DF82C
:103EF000091000EB012081B283480C309DF80420AA
:103F000020F812109DF80A009DF80B1000EB01201C
:103F100081B27D4820309DF8042020F8121086E000
:103F20007B48808844F2423188423DD1764890F8FF
:103F3000440000F00100D0B19DF808009DF8091080
:103F400000EB012081B270480C309DF8042020F86D
:103F500012109DF80A009DF80B1000EB012081B2B1
:103F6000694820309DF8042020F812105FE09DF889
:103F700008009DF8091000EB012081B26248203052
:103F80009DF8042020F812109DF80A009DF80B10EF
:103F900000EB0120C0F5887081B25B480C309DF8C1
:103FA000042020F8121042E05948808841F218019C
:103FB00088423CD1544890F8440000F00100D0B150
:103FC0009DF80A009DF80B1000EB012081B24E48CD
:103FD00020309DF8042020F812109DF808009DF86C
:103FE000091000EB012081B247480C309DF80420F5
:103FF00020F812101BE09DF80A009DF80B1000EB52
:104000000120C0F5487081B23F480C309DF8042073
:1040100020F812109DF808009DF8091000EB01200F
:1040200081B2394820309DF8042020F812109DF804
:104030000400401CC0B201909DF804003149097889
:104040008842FFF615AF01262F488089304909883C
:10405000884205DC2C48008C2D494988884226DDA1
:104060009DF80C0000F00F0001280ADD2648C089E9
:10407000254988810846408C088400202049087022
:1040800018E020480078401E1F490C3131F810001C
:104090000C3988811B480078401E203131F810000F
:1040A00020390884802003900846858602E000209D
:1040B000134908709DF80C0000F08F00802815D17E
:1040C0001148808E00F4004030B10F48808E20F4FB
:1040D00000400D49888609E04FF6FF700A49888143
:1040E00008840846808E00F4604088860448007882
:1040F000F02802DD0A2002490870304604B070BD85
:104100003600002435000024380000242EBA039025
:10411000EC0400242DE9F04104460E4617464FF00A
:104120000008F4F7F3FA2820F4F7BAFAF4F734FBAE
:104130002012F4F7B5FAF4F72FFBE0B2F4F7B0FA77
:10414000F4F72AFB00250BE0705DF4F7A9FAF4F709
:1041500023FB8046B8F1000F00D003E0681CC5B215
:10416000BD42F1DB00BFF4F7F7FA4046BDE8F0814D
:104170002DE9F04106463746788E002802DC002003
:10418000BDE8F0817D6A002409E0F96A31F8140085
:10419000F2F73EFF08B10120F2E7601C84B255F847
:1041A000240050B155F8240005A1ECF7F9F920B12D
:1041B00055F8240000780028E7D10020E0E700004F
:1041C0000A00000001460020302905DB392903DC04
:1041D000A1F13002D0B21CE0612902DBA1F1200282
:1041E000D1B2A1F14102062A10D2DFE802F00305A4
:1041F00007090B0D0A200BE00B2009E00C2007E05B
:104200000D2005E00E2003E00F2001E0002000BF9C
:1042100000BF70472DE9F04105462C464FF4404160
:10422000606A06F0ADFE94F92E10A08D0122FEF713
:1042300007FC0746206B18B300261EE0206B30F801
:104240002600A18D884216D1206B00EB860090F9E4
:10425000021094F92E0081420DD1226B02EB8602EE
:1042600092F90320521E3A44D21D91B24FF40042FB
:10427000606A07F07FFA701C86B2A08EB042DDDC67
:10428000A08D218D884210D194F92E1094F92A0026
:1042900081420AD194F92B20521E3A44D21D91B288
:1042A0004FF48042606A07F065FABDE8F0810000D3
:1042B00010B500BF00224FF400611148EDF756F928
:1042C00000BF00F01FF800BF012291020C48EDF77B
:1042D0004DF900BF00F016F800BF00224FF48061D6
:1042E0000748EDF743F900BF00F00CF800BF0122CA
:1042F000D1020348EDF73AF900BF00F003F810BD12
:104300000004025810B50220EDF762F910BD00005C
:1043100000B587B000BF00BF1A48006840F0020037
:10432000184908600846006800F00200019000BFCC
:1043300000BF00BF00BF00BF0846006840F0020099
:1043400008600846006800F00200019000BF00BF4E
:1043500000BF4FF480600290112003900120049070
:104360000320059002A90848EDF7ECF84FF400602F
:10437000029002A90448EDF7E5F800F0B7F807B09D
:1043800000BD0000E04402580004025810B500BF10
:104390000122D1020C48EDF7E9F800BFFFF7B2FFA8
:1043A00000BF012291020848EDF7E0F800BFFFF7D7
:1043B000A9FF00BF00224FF480610348EDF7D6F853
:1043C00000BFFFF79FFF10BD0004025870B50546FF
:1043D000002400261EE06006040E00BF01229102A8
:1043E0001148EDF7C3F800BFFFF78CFF4FF40061F1
:1043F0000D48EDF7F2F808B1601CC4B200BF00220E
:104400004FF480610848EDF7B1F800BFFFF77AFF7D
:10441000701CC6B2082EDEDB15B9FFF7B7FF01E04E
:10442000FFF746FF204670BD0004025870B50446F1
:10443000002526E000BFE00928B10122D10216487C
:10444000EDF794F805E000224FF400611248EDF713
:104450008DF800BFFFF756FF00BF012291020E4802
:10446000EDF784F800BFFFF74DFF00BF00224FF4C7
:1044700080610948EDF77AF800BF6006040E681CF9
:10448000C5B2082DD6DB00BF0122D1020248EDF7EC
:104490006DF800BF70BD00000004025810B500BFE9
:1044A0000122D1021048EDF761F800BF00BF0122E0
:1044B00091020D48EDF75AF800BFFFF723FF00BF48
:1044C00000224FF400610848EDF750F800BFFFF7F5
:1044D00019FF00BF00224FF480610348EDF746F852
:1044E00000BFFFF70FFF10BD0004025810B500BF5A
:1044F00000224FF400610C48EDF738F800BFFFF7D9
:1045000001FF00BF012291020748EDF72FF800BF1D
:10451000FFF7F8FE00BF0122D1020348EDF726F8AD
:1045200000BFFFF7EFFE10BD0004025870B5002475
:10453000002500BF0122D1021548EDF717F800BF92
:10454000FFF7E0FE00BF012291021148EDF70EF8DF
:1045500000BFFFF7D7FE07E0601CC4B2FA2C03DDF2
:10456000FFF7C4FF012506E04FF400610848EDF7AE
:1045700034F80028F0D100BF00BF00224FF4806162
:104580000348ECF7F3FF00BFFFF7BCFE284670BD01
:10459000000402582DE9F04104460D46606D18B93B
:1045A00000BF00BFBDE8F081606DA96830F92160EF
:1045B000606DA96800EB8100B0F90270A87B1A4910
:1045C0000978884206D0A87B012801D100BF01E00C
:1045D00000BF00BFA87B01280AD1B4F90C00B0428B
:1045E00003D1B4F90E00B84202D0201D00F094FEB1
:1045F000201D00F00FFF00B1D4E726816781A87B62
:10460000012803D1201D00F027FD02E0201D00F04D
:1046100083FE201D00F0FEFE00B1C3E72189A181C9
:104620006189E18100BFBDE75401002470B50446F3
:1046300004214048006814F071FE20B13D49E06A51
:104640000968884200D170BD3A48006813F064F8E8
:104650000546E06A18B1E06A13F05EF800E0002059
:104660000646B54224D14DB1324800680DF0CAFB70
:10467000204600F0CFFE002857D0E4E7E06A50B1B2
:104680002D49E06A0A680F210CF0FEFC204600F07C
:10469000C1FE00B1D7E728480E210268254800680E
:1046A0000CF0F2FC204600F0B5FE00283DD0CAE731
:1046B00066B9E06A50B12049E06A0A680F210CF03F
:1046C000E3FC204600F0A6FEC8B1BCE7E06AB0B14A
:1046D00056B91949E06A0A680F210CF0D5FC20464A
:1046E00000F098FE58B1AEE71349E06A0A6810215D
:1046F0000CF0CAFC204600F08DFE00B1A3E745B1E6
:104700000C4800680DF07EFB204600F083FE60B18F
:1047100099E709480E210268064800680CF0B4FCCD
:10472000204600F077FE00B18DE702480168E162A3
:1047300000BF88E7500100244C0100242DE9F04718
:1047400004460D46A87B012805D16079C0F3C0005E
:1047500008B1BDE8F0876079C0F3C00058B1607956
:1047600020F00801617100216164607920F001018D
:10477000617100212172277AA97B21726968E16049
:10478000D4F85080B8F1000F00D1E2E740460DF0B8
:10479000AFFBED4908600846006800B9D9E7A87B7F
:1047A00008B10020A88140460DF0A2FBE649086050
:1047B0000846006800B9CCE7A87B012853D1002F38
:1047C00051D100BF00BF1AF060FA606468680A281F
:1047D00020D1DD48006815F091F928B91021DA4898
:1047E000006814F09BFD08B1012000E0002006469F
:1047F00040460DF075FB00B95EB9D448012102684E
:10480000D14800680CF040FC201D00F003FE00B110
:104810009FE74AE16868142804D1A889401E00B2C5
:10482000A88142E16868132804D1A889401C00B21D
:10483000A8813AE168681B2810D11B2140460DF081
:10484000E3FBC24820210268BF4800680CF01CFC52
:10485000201D00F0DFFD0028DBD07AE740466968C4
:104860000DF0D2FB21E1A87B012870D1012FFCD1F2
:10487000607900F00100B8BB606C1AF0F9F92168AA
:10488000898B884244D9607920F00100401C607116
:104890001AF0FBF9A06468680A2833D1AA480068B6
:1048A00015F02CF928B91021A748006814F036FD3E
:1048B00008B1012000E000200646B6B140460DF0E8
:1048C00022FB01281DD900BF00BF40460DF008FBA8
:1048D00080F00109494640460DF0A5FB20219A4889
:1048E000006812F020F90CE012E0984805210268F7
:1048F000954800680CF0C8FB201D00F08BFD00B14E
:1049000027E700BF607920F00100401C6071CCE017
:10491000607900F0010000288BD0A06C1AF0A8F993
:104920002168C98B884284D91AF0AFF9A0646868FD
:104930000A280DD1854806210268834800680CF0DA
:10494000A3FB201D00F066FD00288BD001E719E0D5
:104950006868142804D1A889401E00B2A881A4E088
:104960006868132804D1A889401C00B2A8819CE083
:10497000404669680DF048FB201D00F04BFD002803
:10498000C5D0E6E6A87B002870D1012F6ED100BF0C
:1049900000BF68680A286BD16B48006815F0AEF854
:1049A00028B910216848006814F0B8FC08B101204B
:1049B00000E0002006463EBB6448082102686248C9
:1049C00000680CF061FB201D00F024FD00B1C0E682
:1049D000607900F0010030B95C48042102685A484F
:1049E00000680CF051FB201D00F014FD00B1B0E692
:1049F000564807210268544800680CF045FB201D0A
:104A000000F008FD88B3A4E640460DF069FA70B3E3
:104A1000607900F0010020B140460DF074FA0128E1
:104A20002CD84A4808210268474800680CF02CFB43
:104A3000201D00F0EFFC00B18BE644480421026821
:104A4000414800680CF020FB201D00F0E3FC00B1A1
:104A50007FE63E48072102683B4800680CF014FBE3
:104A6000201D00F0D7FC20B173E617E01DE00BE03D
:104A700015E00A2140460DF0C7FA0FE02021324828
:104A8000006812F050F809E0607900F0010028B9E0
:104A900000BF00BF012140460DF0C5FA00BF002154
:104AA0006164607920F0010161710020264908608D
:104AB000A88928B340460DF013FA10B300BF00BF19
:104AC000B5F90C0000280CDA002604E01421404659
:104AD0000DF09AFA761CB5F90C004042B042F5DCB4
:104AE0000EE0B5F90C0000280ADD002604E01321D1
:104AF00040460DF089FA761CB5F90C00B042F6DCA0
:104B000020E000BF00BFB5F90C0000280BDA00263A
:104B100003E040460DF0D2F9761CB5F90C00404296
:104B2000B042F6DC0DE0B5F90C00002809DD0026E6
:104B300003E040460DF05AF9761CB5F90C00B0427E
:104B4000F7DC00BF00BF04E6500100244C01002444
:104B500070B50446A06A00B170BD94F83D0000F045
:104B6000010000B1F8E7256A03E0284612F02EFEA6
:104B7000054635B14FF40041284614F0CFFB00281C
:104B8000F3D105B9E8E7B4F91000002802DDB4F963
:104B9000100002E0B4F91000404248490968096871
:104BA000897E884212DAB4F91200002802DDB4F9D5
:104BB000120002E0B4F91200404240490968096855
:104BC000897E884202DA002121876187218F208A2D
:104BD000084401B22187618F608A084401B261876D
:104BE000B4F93800002802DDB4F9380002E0B4F965
:104BF00038004042314909680968C97E88420FDCA3
:104C0000B4F93A00002802DDB4F93A0002E0B4F940
:104C10003A004042294909680968C97E88424ADD4C
:104C2000012184F83D10B4F93800002802DDB4F900
:104C3000380002E0B4F938004042B4F93A100029D3
:104C400002DDB4F93A1002E0B4F93A104942884260
:104C500013DDB4F93800002807DD94F83C0020F09B
:104C6000F000203084F83C001AE094F83C0020F07A
:104C7000F000103084F83C0012E0B4F93A0000284B
:104C800007DD94F83C0020F0F000803084F83C0010
:104C900006E094F83C0020F0F000403084F83C003E
:104CA00006480C21026828460CF0EEF9204600F078
:104CB000B1FB00B150E700BF4EE700004C010024FB
:104CC0002DE9F04104460D46A87B012805D1607905
:104CD000C0F3C00008B1BDE8F0816079C0F3C00046
:104CE00058B1607920F00801617100216164607938
:104CF00020F00101617100212172276D07B9EAE7F7
:104D000038460DF0F5F8914908600846006800B98A
:104D1000E1E7D4F80C806968E160267AA97B21720A
:104D2000A87B012853D1002E51D100BF00BF19F03C
:104D3000ACFF606468680A2810D10A2138460DF07B
:104D400063F9834801210268804800680CF09CF9EF
:104D5000201D00F05FFB002838D0BCE768681B28E6
:104D600010D11B2138460DF04FF9794820210268F7
:104D7000764800680CF088F9201D00F04BFB0028F5
:104D8000EAD0A8E7686809280CD1002138460DF060
:104D90004AF938460DF02AF8201D00F03BFB0028A8
:104DA000DAD098E768680B280CD1002138460DF05E
:104DB0003AF938460DF082F8201D00F02BFB002850
:104DC000CAD088E7384669680DF01EF9B8E0A87BBC
:104DD00001287BD1012E79D168680A280BD15C4863
:104DE00002210268594800680CF04EF9201D00F0BD
:104DF00011FB00B16FE7607900F00100F0B9606C61
:104E000019F036FF2168898B884217D9607920F024
:104E10000100401C607168680A28D7D119F035FF7D
:104E2000A0644B4805210268484800680CF02CF942
:104E3000201D00F0EFFA0028C8D04CE7607900F0A0
:104E4000010000287CD0A06C19F012FF2168C98BEA
:104E5000884275D919F019FFA06468680A280CD136
:104E60003B4806210268394800680CF00DF9201D06
:104E700000F0D0FA002863D02DE7686809280CD12B
:104E8000002138460DF0CFF838460CF0AFFF201D5A
:104E900000F0C0FA002853D01DE768680B280CD139
:104EA000002138460DF0BFF838460DF007F8201DF8
:104EB00000F0B0FA88B30EE708E0384669680DF0F4
:104EC000A3F8201D00F0A6FA38B304E7A87B20BBA6
:104ED000012E35D100BF00BFC5F8048068680A28DC
:104EE00028D11B4808210268184800680CF0CCF84B
:104EF000201D00F08FFA00B1EDE6607900F00100AE
:104F000060B9134804210268104800680CF0BCF82E
:104F1000201D00F07FFA08B1DDE611E00C48072102
:104F200002680A4800680CF0AFF8201D00F072FA21
:104F300000B1D0E600216164607920F00101617167
:104F400000200249086000BFC5E6000050010024AF
:104F50004C01002470B505460C4628680669218876
:104F60002982618869823068007CC0F301100228C0
:104F700005D03068007CC0F3011003280DD13068E3
:104F800000882188401A401E00B220803068408886
:104F90006188401A401E00B260803068007CC0F317
:104FA0000110012805D03068007CC0F301100328EF
:104FB0000AD1B4F902002188618031684988091A50
:104FC000491E09B2218000BFB4F90000002801DAAF
:104FD00000BF00BF2968086908F09AFBB4F9001007
:104FE000884201DC00BF00BFB4F90200002801DAEA
:104FF00000BF00BF2968086908F0F0FBB4F902108F
:10500000884201DC00BF00BFE86C90B1B5F90C002C
:10501000B4F90010884205D1B5F90E00B4F90210B8
:10502000884206D0B4F90220B4F90010E86C15F0FB
:1050300020FF21882981618869812879012803D18D
:10504000281D00F009F802E0281D00F065F9298903
:10505000A9816989E98170BD2DE9F041044600BF4D
:1050600000BFAB49206A08606078C0F3C00008B197
:10507000BDE8F081A7480068006805690026A448DB
:10508000006810BB284608F05EFB0746211D0EF0A5
:1050900060FB9F4908600846006840B9284608F050
:1050A0005FFB0746211D0EF054FB994908609848A4
:1050B000006840B9284608F06FFB0746211D0EF036
:1050C00048FB9349086001262AE0A06A40BB4FF4E0
:1050D00000518F48006814F021F908BB284608F0F9
:1050E00032FB0746211D0EF034FB89490860084653
:1050F000006840B9284608F033FB0746211D0EF032
:1051000028FB834908608248006840B9284608F0B7
:1051100043FB0746211D0EF01CFB7D49086001265C
:1051200066B1606A50B10021218361832046EFF7A8
:105130003EFE204600F06EF900B199E77449206AFE
:105140000968884254D0A1882181E1886181206A60
:1051500060B1276A6F480321026838460BF094FF5C
:10516000204600F057F900B182E700BF68480168A7
:105170002162016861620068002839D019F085FD5C
:105180002064607820F0010060700021A182E1823B
:1051900094F83C0020F00F0184F83C1094F83C0097
:1051A00020F0F00184F83C10002184F83D102187A4
:1051B0006187218261825748012102685448006852
:1051C0000BF062FF204600F025F900B150E751488E
:1051D00000684079C0F3C00000B149E74D4800685D
:1051E000001DFFF723FA204600F014F900B13FE755
:1051F000A1882089081A01B22182E1886089081AF1
:1052000001B26182B4F9180040F35C002083B4F964
:105210001A0040F35C016183218BB4F91000800017
:1052200001EBE00001B22183618BB4F91200800030
:1052300001EBE00001B26183A169E16134480068DB
:10524000002863D0334802210268314800680BF01F
:105250001BFF204600F0DEF800B109E72D4800688A
:105260004079C0F3C00000B102E72046EFF704FD2B
:10527000204600F0CFF800B1FAE62046FFF768FCC0
:10528000204600F0C7F800B1F2E6A06A00BB6078E3
:1052900000F00100E0B9206C19F0EAFC1D49096832
:1052A0000968898B884213D91A4805210268184871
:1052B00000680BF0E9FE204600F0ACF800B1D7E63C
:1052C000607820F00100401C607019F0DEFC606422
:1052D000A06AD8B9607800F00100B8B1606C19F02C
:1052E000C7FC0C4909680968C98B88420ED909486E
:1052F00006210268064800680BF0C6FE204600F052
:1053000089F800B1B4E619F0C0FC606400BFAFE6F4
:10531000500100244C01002470B504466078C0F3AD
:10532000C00048B1002121626162002020646064F5
:10533000607820F0080060702049206A0860A56A43
:105340000846006878B300BF00BF1D480821026806
:105350001A4800680BF098FE204600F05BF800B198
:1053600070BDDDB9607800F0010058B9144804211F
:105370000268124800680BF087FE204600F04AF8E9
:1053800000B1EDE70E48072102680C4800680BF0F9
:105390007BFE204600F03EF800B1E1E700212162EB
:1053A0000020206460643DB12046EFF700FD2046F8
:1053B00000F030F800B1D3E700BFD1E7500100247E
:1053C0004C0100244179C1F3400100291ED0002284
:1053D00042628262C262417921F00102427100227E
:1053E000426482640283428390F8401021F00F02ED
:1053F00080F8402000228283C2838287C28741795D
:1054000021F0020242710021014A11607047000040
:105410005001002401464878C0F3400010B100203C
:10542000024A10604878C0F34000704750010024E1
:105430002DE9FE4F0646344694F82A0000F001009C
:1054400000284AD0A08C072190FBF1F085B2E08CB7
:1054500090FBF5F105FB1100E084E08C032101FBDA
:105460000500E084E08C90FBF5F105FB1100208540
:10547000208D032101FB050020850021304613F01B
:10548000AEFD02900021304613F01BFE81460298CB
:105490000CF0D4F80746304612F0B4F88046304697
:1054A000FDF7DDFD0190E08C07EB090148430FFAA1
:1054B00080FA414608EBD1725210384607EBD073A0
:1054C000A2EB63020FFA82FBABEB0A0000B2009082
:1054D000DDE9001015F040FF00BFBDE8FE8F0000C1
:1054E000F8B50446A56A8021284613F017FF50B985
:1054F00041F6FF70034642421146009004F130002D
:1055000005F0A0FAA7E0284612F0F6FA012804D028
:10551000022816D0032843D125E0E88A401C01B2B6
:10552000002341F6FF722846FCF79AFA6086E88A63
:10553000401E02B2002352492846FCF791FAE08649
:1055400035E0B5F91A10002341F6FF722846FCF742
:1055500087FA6086B5F91A20002349492846FCF7E6
:105560007FFAE08623E005F1140005F05FF90746B5
:1055700000EBD7704110E88A084406B2002341F6D8
:10558000FF72701C01B22846FCF76AFA6086701E32
:1055900002B200233A492846FCF762FAE08606E0A8
:1055A0004EF20101618641F6FF71E18600BF00BF46
:1055B000284612F097FA012804D0022814D00328B4
:1055C00041D123E0B5F91410002341F6FF722846BB
:1055D000FCF7ACF92086B5F91420002328492846A9
:1055E000FCF7A4F9A08635E0B5F91810002341F6C0
:1055F000FF722846FCF79AF92086B5F91820002397
:105600001F492846FCF792F9A08623E005F1140013
:1056100005F07FF9074600EBD770A98A01EB60001F
:1056200006B2002341F6FF72701C01B22846FCF757
:105630007DF92086701E02B2002311492846FCF72E
:1056400075F9A08606E04EF20101218641F6FF7150
:10565000A18600BF00BF208E10B94EF20101218645
:10566000A08E10B941F6FF71A186608E10B94EF27E
:1056700001016186E08E10B941F6FF71E186F8BD47
:1056800001E0FFFF2DE9F04704460D4616461F4690
:1056900004F1400000EBC61050F8278000BFB8F1BD
:1056A000000F03D100BF00BF00BFFEE700BF00BF77
:1056B0001DB900BF00BF00BFFEE700BFC5F80880EE
:1056C000EC60C8F80C5000BF2846F1F7DEFB8246BC
:1056D0002846F1F7DAFB81460421F0F786FE824581
:1056E00003D000BF00BF00BFFEE700BF04F14000D1
:1056F00000EBC61040F827500121B1402069084353
:10570000206104F1140050F826000121B94008433B
:1057100004F1140141F82600BDE8F08770B5054694
:105720000C4600200F49086022461D2128460BF038
:10573000ABFC0C48006890B10A480068007808B9D2
:10574000002070BD214607480068EAF729FF30B104
:1057500004480168284618F043FD0020F1E70120C5
:10576000EFE70000280300242DE9F04F89B006463A
:105770000C4615461F4600BF00BF304614F004FA21
:1057800010B909B0BDE8F08FB046AC4200D1F8E7DF
:10579000B4F5B47F02DDA4F5B47084B2B5F5B47F7E
:1057A00002DDA5F5B47085B2B8F82400204484B2B7
:1057B000B8F82400284485B2B4F5B47F02DDA4F51E
:1057C000B47084B2B5F5B47F02DDA5F5B47085B2CE
:1057D00008AA07A93046FDF7BAF83946304612F054
:1057E0004FFE8146B246BB4651225946504613F001
:1057F00011FB0390039808B1012000E000200690FF
:1058000004A9069808B1012000E00020CDE9005964
:10581000CDE90201BDF820309AB2BDF91E10BDF9E4
:105820001C00234608F03FF804A9304614F04DF957
:1058300000BFA6E71FB5044602AA03A92046FDF74C
:1058400086F86B46BDF9082003A92046FDF764FBE6
:105850006946204614F039F91FBD2DE9FF478146FE
:105860000C464FF6FF70844201D1BDE8FF874E46DB
:10587000308EA04200DCF8E7B06A00EBC40102A859
:1058800004F0B0FF6946484611F0FAFE0021484690
:1058900013F0FDF907460021484613F07FF88046D3
:1058A000484611F0F9FE824607F020FF05460A211E
:1058B00095FBF1F0B84201DA384602E00A2095FB88
:1058C000F0F007B20A2095FBF0F0404501DA4046BF
:1058D00002E00A2095FBF0F00FFA80F8BDF808000E
:1058E000BDF80010C91B084400B2ADF80800BDF8AF
:1058F0000A00BDF80210A1EB0801084400B2ADF89F
:105900000A00BDF80C00BDF800103944084400B28C
:10591000ADF80C00BDF80E00BDF80210414408447B
:1059200000B2ADF80E00B08EA0420ED1F06A30F891
:10593000140000F4007040B102A804F0C4FFBDF8E8
:105940000A10081A00B2ADF80A0002A9484614F07D
:10595000BCF800BF89E71CB5044621466846FDF740
:105960008BFA6946204614F0B0F81CBD2DE9F04FC3
:1059700087B005460E462C46B4F88200B04202DCE1
:1059800007B0BDE8F08F284611F05BFEB4F8841034
:105990004843001207B2284611F0BEFF824694F831
:1059A0008800C0F3C00018B9284614F054F8E7E79F
:1059B00094F8880000F0070001287CD100212846D7
:1059C00012F013FE06900021284613F028F80590E7
:1059D000A98A0598014406980844A0EB0A000FFA2A
:1059E00080FB4FF4A020029040F64902284602991D
:1059F00013F010FA0190019800B280464FF4003184
:105A0000284613F0E0FB814600BFA88AADF80C00E1
:105A1000E88AADF80E00288BADF81000688BADF861
:105A2000120000BFBDF80E0008EB0901401A00B2D9
:105A3000ADF80E00BDF8120008EB0901084400B2F1
:105A4000ADF81200B4F88200401EB0421FDD07FB23
:105A500006F0B4F88210491E90FBF1F05844A0EB18
:105A60000800A0EB090000B2ADF80C00701C7843F0
:105A7000B4F88210491E90FBF1F058444044484469
:105A800000B2ADF8100003A9284614F01EF8002E4D
:105A900021DD701E7843B4F88210491E90FBF1F0AE
:105AA0005844A0EB0800A0EB090000B2ADF80C00D0
:105AB00007FB06F000E00FE0B4F88210491E90FBEF
:105AC000F1F058444044484400B2ADF8100003A936
:105AD000284613F0FAFF4BE094F8880000F0070026
:105AE000022838D10021284612F031FFB4F8841082
:105AF00048434FEA202807EB0800B4F8821090FBD7
:105B0000F1F00FFA80F909FB06F00FFA80FB002193
:105B1000284612F084FFA98A084458440FFA80FBF3
:105B200005A9284611F0ACFDABEB0A0000B2ADF8B8
:105B30001400BDF81400484400B2ADF81800BDF8D8
:105B40001400A0EB080000B2ADF8140005A9284627
:105B500013F0BBFF0CE094F8880000F00700032866
:105B600003D1284613F077FF02E0284613F073FFB5
:105B700000BF05E7014601F0030070B96420B1FBE6
:105B8000F0F200FB121030B94FF4C870B1FBF0F224
:105B900000FB121008B9012070470020FCE700004C
:105BA0002DE9F74F94B004460D46F249204613F014
:105BB000C0FB10B117B0BDE8F08F2046FCF730FFF6
:105BC00013902046FDF7C6FD1290129808B1139865
:105BD00000B9EFE72046FCF713FF06462046FDF725
:105BE000A9FD074600BF00200390E3480288204635
:105BF000039913F00FF902900298C0B2119000BF00
:105C000000200390DD4802882046039913F002F932
:105C100002900298C0B21090286830F916100F91C7
:105C2000296813983044401E31F81010AA68139860
:105C30003044401E32F81000084400B20E90DDE9F6
:105C40000E01401A00B20D90686830F917100C91DF
:105C5000696812983844401E31F81010EA681298AA
:105C60003844401E32F81000084400B20B90DDE9C1
:105C70000B01401A00B20A900021204612F041FCAC
:105C8000012809D1119810B90220119004E011984F
:105C9000022801D10020119000BF208BA18A401A58
:105CA000401C00B2099000BF608BE18A401A401C82
:105CB00000B20890119830B1012818D0022827D0DE
:105CC000032808D000BF286830F916A0608C20F4A3
:105CD000806060842CE0286830F916A00D98099047
:105CE000608C20F4806000F58060608420E029688A
:105CF00031F81630099A0D99881A00EBD07103EB30
:105D000061010FFA81FA608C20F4806060840FE0FA
:105D1000204613F0A6FA296831F816200D9911448F
:105D2000081A0FFA80FA608C20F48060608400BF4B
:105D300000BF109830B1012818D0022827D00328BE
:105D400008D000BF686830F917B0608C20F400708C
:105D500060842CE0686830F917B00A980890608C6D
:105D600020F4007000F50070608420E0696831F86C
:105D70001730089A0A99881A00EBD07103EB610179
:105D80000FFA81FB608C20F4007060840FE02046E5
:105D900011F0CCFC696831F817200A991144081AEF
:105DA0000FFA80FB608C20F40070608400BF00BF9D
:105DB000204613F056FA0999884205D1204611F081
:105DC000B5FC089988422BD000BFA08AADF8080026
:105DD000E08AADF80A00208BADF80C00608BADF8BE
:105DE0000E0000BF204613F036FE04F1140009999E
:105DF00004F035FE04F11400089904F02AFE204650
:105E000013F029FE02AA292120460BF03DF9204675
:105E100011F0DCFC2246222101900BF035F900BF85
:105E20000020039043F20C022046039912F0F2FF87
:105E3000029002980FFA80F800BF0020039043F20E
:105E40000D022046039912F0E5FF029002980FFA26
:105E500080F900BF204613F004FA0790204611F0A5
:105E600065FC069008F4C040B0F5005F01D1012048
:105E700000E0002030B128F4C040B0F5FA6F01DC3A
:105E8000012000E0002090B128F4C040B0F57A7FF6
:105E900004DD28F4C040C0F57A7001E028F4C04069
:105EA00007994843642190FBF1F00FFA80F809F458
:105EB000C040B0F5005F01D1012000E0002030B10A
:105EC00029F4C040B0F5FA6F01DC012000E00020A9
:105ED00090B129F4C040B0F57A7F04DD29F4C040C8
:105EE000C0F57A7001E029F4C04006994843642166
:105EF00090FBF1F00FFA80F90AEB08000FFA80FA34
:105F00000BEB09000FFA80FB169800895044A18A18
:105F1000401A00B205901698408900EB0B01E08A08
:105F2000081A00B20490059808B90498F8B1204600
:105F300013F091FDA18A0598084400B2A082218B3C
:105F40000598084401B22183E18A0498084401B20B
:105F5000E182618B0498084401B26183204613F00A
:105F60007AFD01232046DDE9042113F051FE00BF34
:105F700020E6000001000600840200248A020024BA
:105F80002DE9F04106460F46154600201AF070FA3A
:105F900004460DE039462046B047012804D105B13A
:105FA0002C600120BDE8F08120461AF061FA044619
:105FB00024B1606820F040400028EBD10020F1E7D8
:105FC00030B5024614460B4620881D88A84203D0EF
:105FD00020881D88401B30BD60885D88401BFAE723
:105FE00030B5024614460B4620781D78A84203D0EF
:105FF00020781D78401B30BD60785D78401BFAE743
:1060000000B587B000BF00BF2548006840F0010020
:10601000234908600846006800F00100019000BFB5
:1060200000BF00BF00BF00BF0846006840F001008D
:1060300008600846006800F00100019000BF00BF42
:1060400000BF00BF00BF0846006840F001000860C4
:106050000846006800F00100019000BF00BF00BFCB
:10606000022002900020039001200490032005905C
:1060700002A90C48EBF766FA4FF4004002900120A9
:10608000049002A90748EBF75DFA01200290022074
:10609000049002A90348EBF755FA07B000BD0000D1
:1060A000E04402580000025870B50446002514B1BF
:1060B0000120234908702248007858B30221214862
:1060C000EBF78BFA58B14FF400411E48EBF785FA15
:1060D00028B101211B48EBF780FA01281AD10A20C8
:1060E000EBF749FA00201649087002211548EBF732
:1060F00074FA00B901254FF400411248EBF76DFA2C
:1061000000B9022501210F48EBF767FA012815D1E4
:10611000032513E002210B48EBF75FFA01280DD1AC
:10612000C1030848EBF759FA012807D101210548B6
:10613000EBF753FA10B9012001490870284670BDE9
:10614000290000240000025870B505460C4626467A
:10615000686820F040403168884204D12846FCF746
:10616000D3F8012070BD0020FCE72DE9F041054681
:1061700028460AF022FF044628460AF07FFF074619
:10618000384611F023FB06462A2C01D0292C09D1D0
:10619000002138460EF06EFD30461BF041F83046C7
:1061A0001CF096F9BDE8F0812DE9F0410446204647
:1061B00011F0C5F90746002607E0A068006850F80E
:1061C00026502846FFF7F0FF761CBE42F5D394F820
:1061D000220000F0010008B9BDE8F081608C20F0D9
:1061E00001006084204614F010F8204613F09CFE55
:1061F000D7B10021204612F08CFA05469DB10B481C
:10620000006885420FD8681E0949096801EBC00083
:10621000D0F80480681E0649096851F830204146CC
:106220002046904700BF00BF00BFD5E760010024B3
:10623000B802002470B50446002609480588408845
:1062400045430021084602F089FE03F0E5F800BF4F
:1062500002E004480480761CAE42FAD370BD000010
:10626000EC0400240000106010B504464948847115
:10627000002C45D1F020474908804FF4A070488099
:106280000846808845F21051884210D14FF43050B2
:10629000404908814FF4285048814FF42C508881A0
:1062A0004FF4F07008804FF4487048801AE0394885
:1062B000808841F6631188420DD12C203549088130
:1062C0002B2048812A2088814FF4F07008804FF4F9
:1062D0004870488006E02C202E4908812A204881F9
:1062E0002B2088812B48808845F2103188424CD180
:1062F0004FF4A070274908804FF4F070488044E0C4
:106300004FF4A07023490880F02048800846808818
:1063100045F21051884210D14FF430501D49088188
:106320004FF4285048814FF42C5088814FF4487026
:1063300008804FF4F07048801AE01648808841F6D3
:10634000631188420DD12C20124908812A204881EE
:106350002B2088814FF4487008804FF4F0704880FB
:1063600006E02C200B4908812A2048812B208881B7
:106370000848808845F21031884206D14FF4F07009
:10638000044908804FF4A0704880002002F0CEFC41
:1063900010BD0000EC0400242DE9F04706460F462E
:1063A00090469A46002445460320A0EB480944E065
:1063B0007A1B91B2321990B2524600F0C1F83A1BE2
:1063C00091B2721990B2524600F0BAF83A1991B2ED
:1063D000721990B2524600F0B3F87A1991B232199C
:1063E00090B2524600F0ACF87A1991B2321B90B2DA
:1063F000524600F0A5F83A1991B2721B90B252467B
:1064000000F09EF87A1B91B2321B90B2524600F017
:1064100097F83A1B91B2721B90B2524600F090F876
:10642000641CB9F1000F03DAA000801D814404E070
:10643000601B80000A3081446D1EAC42B8DDBDE8AF
:10644000F0872DE9F84F04460D4617469846DDF8CB
:1064500028B0381B401C1FFA80F9A8EB0500401C2F
:106460001FFA80FAA9B2A0B253464A4602F006FECD
:1064700009FB0AF0009002F0CFFF002604E03BF891
:10648000160002F0B1FF761C00988642F7D3BDE8F3
:10649000F88F2DE9FF4F84B081468A460020029094
:1064A00083460698A0EB09050798A0EB0A06CDF8ED
:1064B0000490CDF800A0002D01DD012705E00DB905
:1064C000002702E04FF0FF376D42002E02DD4FF053
:1064D000010806E016B94FF0000802E04FF0FF385F
:1064E0007642B54201DD2C4600E0344600200390A0
:1064F0001EE0009A91B2019A90B2119A00F020F831
:10650000029828440290B3440298A04205DD029804
:10651000001B0290019838440190A34504DDABEBC9
:10652000040B0098404400900398401C80B20390F4
:10653000611C03988842DCDD08B0BDE8F08F0000E4
:1065400070B505460E4614463146284602F006FD53
:1065500002F062FF01490C8070BD00000000106075
:1065600010B5CF2002F04CFF002002F03DFFC1200B
:1065700002F03AFF302002F037FFED2002F040FF3A
:10658000642002F031FF032002F02EFF122002F0FF
:106590002BFF812002F028FFE82002F031FF852048
:1065A00002F022FF102002F01FFF7A2002F01CFFF1
:1065B000CB2002F025FF392002F016FF2C2002F03C
:1065C00013FF002002F010FF342002F00DFF022024
:1065D00002F00AFFF72002F013FF202002F004FF70
:1065E000EA2002F00DFF002002F0FEFE002002F083
:1065F000FBFEC02002F004FF1B2002F0F5FEC120CC
:1066000002F0FEFE012002F0EFFEC52002F0F8FECF
:10661000302002F0E9FE302002F0E6FEC72002F052
:10662000EFFEB72002F0E0FE362002F0E9FE48203F
:1066300002F0DAFE3A2002F0E3FE552002F0D4FE2A
:10664000B12002F0DDFE002002F0CEFE1A2002F0A2
:10665000CBFEB62002F0D4FE0A2002F0C5FEA22036
:1066600002F0C2FEF22002F0CBFE002002F0BCFEDF
:10667000262002F0C5FE012002F0B6FEE02002F066
:10668000BFFE0F2002F0B0FE2A2002F0ADFE28204F
:1066900002F0AAFE082002F0A7FE0E2002F0A4FEDF
:1066A000082002F0A1FE542002F09EFEA92002F074
:1066B0009BFE432002F098FE0A2002F095FE0F2078
:1066C00002F092FE002002F08FFE002002F08CFE0D
:1066D000002002F089FE002002F086FEE12002F098
:1066E0008FFE002002F080FE152002F07DFE1720B4
:1066F00002F07AFE072002F077FE112002F074FE0D
:10670000062002F071FE2B2002F06EFE562002F0F1
:106710006BFE3C2002F068FE052002F065FE1020B2
:1067200002F062FE0F2002F05FFE3F2002F05CFEEE
:106730003F2002F059FE0F2002F056FE2B2002F0FF
:106740005FFE002002F050FE002002F04DFE01200E
:1067500002F04AFE3F2002F047FE2A2002F050FEDF
:10676000002002F041FE002002F03EFE002002F078
:106770003BFEEF2002F038FE112002F041FE7820AF
:10678000EAF7F9FE292002F03BFE10BD10B5ED201E
:1067900002F036FE012002F027FEFE2002F024FE69
:1067A000EE2002F02DFEDE2002F01EFE212002F07F
:1067B0001BFEF12002F024FE012002F015FEDF2076
:1067C00002F01EFE102002F00FFEC42002F018FEA0
:1067D0008F2002F009FEC62002F012FE002002F017
:1067E00003FEE22002F000FEE22002F0FDFDE220C6
:1067F00002F0FAFDBF2002F003FEAA2002F0F4FD31
:10680000B02002F0FDFD0D2002F0EEFD002002F0B0
:10681000EBFD0D2002F0E8FD002002F0E5FD112067
:1068200002F0E2FD002002F0DFFD192002F0DCFDA5
:10683000002002F0D9FD212002F0D6FD002002F058
:10684000D3FD2D2002F0D0FD002002F0CDFD3D2033
:1068500002F0CAFD002002F0C7FD5D2002F0C4FD79
:10686000002002F0C1FD5D2002F0BEFD002002F01C
:10687000BBFDB12002F0C4FD802002F0B5FD002078
:1068800002F0B2FD8B2002F0AFFD002002F0ACFD63
:10689000962002F0A9FD002002F0A6FDB22002F031
:1068A000AFFD002002F0A0FD002002F09DFD0220BF
:1068B00002F09AFD002002F097FD032002F094FD03
:1068C000002002F091FDB32002F09AFD002002F0BA
:1068D0008BFD002002F088FD002002F085FD0020E5
:1068E00002F082FD002002F07FFD002002F07CFD1E
:1068F000002002F079FD002002F076FD002002F079
:1069000073FD002002F070FD002002F06DFD0020FC
:1069100002F06AFD002002F067FD002002F064FD35
:10692000002002F061FD002002F05EFD002002F078
:106930005BFD002002F058FD002002F055FD002014
:1069400002F052FD002002F04FFD002002F04CFD4D
:10695000002002F049FD002002F046FDB42002F0C4
:106960004FFD8B2002F040FD002002F03DFD9620FF
:1069700002F03AFD002002F037FDA12002F034FDC4
:10698000002002F031FDB52002F03AFD022002F0B5
:106990002BFD002002F028FD032002F025FD002041
:1069A00002F022FD042002F01FFD002002F01CFD79
:1069B000B62002F025FD002002F016FD002002F0B6
:1069C00013FDB72002F01CFD002002F00DFD002099
:1069D00002F00AFD3F2002F007FD002002F004FD56
:1069E0005E2002F001FD002002F0FEFC642002F0B7
:1069F000FBFC002002F0F8FC8C2002F0F5FC0020EB
:106A000002F0F2FCAC2002F0EFFC002002F0ECFC03
:106A1000DC2002F0E9FC002002F0E6FC702002F02D
:106A2000E3FC002002F0E0FC902002F0DDFC0020FE
:106A300002F0DAFCEB2002F0D7FC002002F0D4FCDC
:106A4000DC2002F0D1FC002002F0CEFCB82002F0E5
:106A5000D7FC002002F0C8FC002002F0C5FC00209A
:106A600002F0C2FC002002F0BFFC002002F0BCFCDF
:106A7000002002F0B9FC002002F0B6FC002002F079
:106A8000B3FCBA2002F0BCFC242002F0ADFC0020D4
:106A900002F0AAFC002002F0A7FC002002F0A4FCF7
:106AA000C12002F0ADFC202002F09EFC002002F08C
:106AB0009BFC542002F098FC002002F095FCFF2083
:106AC00002F092FC002002F08FFCC22002F098FC41
:106AD0000A2002F089FC002002F086FC042002F06B
:106AE00083FC002002F080FCC32002F089FC3C20E3
:106AF00002F07AFC002002F077FC3A2002F074FCED
:106B0000002002F071FC392002F06EFC002002F03F
:106B10006BFC372002F068FC002002F065FC3C2092
:106B200002F062FC002002F05FFC362002F05CFC08
:106B3000002002F059FC322002F056FC002002F046
:106B400053FC2F2002F050FC002002F04DFC2C20C2
:106B500002F04AFC002002F047FC292002F044FC2D
:106B6000002002F041FC262002F03EFC002002F052
:106B70003BFC242002F038FC002002F035FC2420ED
:106B800002F032FC002002F02FFC232002F02CFC4B
:106B9000002002F029FC3C2002F026FC002002F03C
:106BA00023FC362002F020FC002002F01DFC3220E5
:106BB00002F01AFC002002F017FC2F2002F014FC57
:106BC000002002F011FC2C2002F00EFC002002F04C
:106BD0000BFC292002F008FC002002F005FC262016
:106BE00002F002FC002002F0FFFB242002F0FCFB7C
:106BF000002002F0F9FB242002F0F6FB002002F056
:106C0000F3FB232002F0F0FB002002F0EDFBC42098
:106C100002F0F6FB622002F0E7FB002002F0E4FB4A
:106C2000052002F0E1FB002002F0DEFB842002F0F0
:106C3000DBFB002002F0D8FBF02002F0D5FB0020A7
:106C400002F0D2FB182002F0CFFB002002F0CCFBB8
:106C5000A42002F0C9FB002002F0C6FB182002F0BD
:106C6000C3FB002002F0C0FB502002F0BDFB00205F
:106C700002F0BAFB0C2002F0B7FB002002F0B4FBDC
:106C8000172002F0B1FB002002F0AEFB952002F0CD
:106C9000ABFB002002F0A8FBF32002F0A5FB0020D4
:106CA00002F0A2FBE62002F09FFB002002F09CFB1A
:106CB000C52002F0A5FB322002F096FB002002F076
:106CC00093FB442002F090FB002002F08DFB652036
:106CD00002F08AFB002002F087FB762002F084FBA2
:106CE000002002F081FB882002F07EFB002002F0F1
:106CF0007BFBC62002F084FB202002F075FB002005
:106D000002F072FB172002F06FFB002002F06CFB18
:106D1000012002F069FB002002F066FBC72002F0B0
:106D20006FFB002002F060FB002002F05DFB002002
:106D300002F05AFB002002F057FBC82002F060FB73
:106D4000002002F051FB002002F04EFB002002F078
:106D50004BFB002002F048FBC92002F051FB002051
:106D600002F042FB002002F03FFB002002F03CFB5F
:106D7000002002F039FB002002F036FB002002F078
:106D800033FB002002F030FB002002F02DFB00203E
:106D900002F02AFB002002F027FB002002F024FB77
:106DA000002002F021FB002002F01EFB002002F078
:106DB0001BFB002002F018FB002002F015FBE02076
:106DC00002F01EFB162002F00FFB002002F00CFB6D
:106DD0001C2002F009FB002002F006FB212002F03B
:106DE00003FB002002F000FB362002F0FDFA002039
:106DF00002F0FAFA462002F0F7FA002002F0F4FA64
:106E0000522002F0F1FA002002F0EEFA642002F0C3
:106E1000EBFA002002F0E8FA7A2002F0E5FA00200E
:106E200002F0E2FA8B2002F0DFFA002002F0DCFA36
:106E3000992002F0D9FA002002F0D6FAA82002F038
:106E4000D3FA002002F0D0FAB92002F0CDFA0020E7
:106E500002F0CAFAC42002F0C7FA002002F0C4FA15
:106E6000CA2002F0C1FA002002F0BEFAD22002F0DD
:106E7000BBFA002002F0B8FAD92002F0B5FA0020DF
:106E800002F0B2FAE02002F0AFFA002002F0ACFA11
:106E9000F32002F0A9FA002002F0A6FAE12002F0A5
:106EA000AFFA162002F0A0FA002002F09DFA1C2092
:106EB00002F09AFA002002F097FA222002F094FAE7
:106EC000002002F091FA362002F08EFA002002F043
:106ED0008BFA452002F088FA002002F085FA522051
:106EE00002F082FA002002F07FFA642002F07CFABD
:106EF000002002F079FA7A2002F076FA002002F0FF
:106F000073FA8B2002F070FA002002F06DFA9920DB
:106F100002F06AFA002002F067FAA82002F064FA90
:106F2000002002F061FAB92002F05EFA002002F0BF
:106F30005BFAC42002F058FA002002F055FACA2089
:106F400002F052FA002002F04FFAD22002F04CFA7E
:106F5000002002F049FAD82002F046FA002002F0A0
:106F600043FAE02002F040FA002002F03DFAF3205C
:106F700002F03AFA002002F037FAE22002F040FA7A
:106F8000052002F031FA002002F02EFA0B2002F068
:106F90002BFA002002F028FA1B2002F025FA00202C
:106FA00002F022FA342002F01FFA002002F01CFA4C
:106FB000442002F019FA002002F016FA4F2002F0E5
:106FC00013FA002002F010FA612002F00DFA0020FE
:106FD00002F00AFA792002F007FA002002F004FA1F
:106FE000882002F001FA002002F0FEF9972002F05A
:106FF000FBF9002002F0F8F9A62002F0F5F90020D4
:1070000002F0F2F9B72002F0EFF9002002F0ECF9FB
:10701000C22002F0E9F9002002F0E6F9C72002F0F0
:10702000E3F9002002F0E0F9D12002F0DDF90020C0
:1070300002F0DAF9D62002F0D7F9002002F0D4F9F4
:10704000DD2002F0D1F9002002F0CEF9F32002F0A9
:10705000CBF9002002F0C8F9E32002F0D1F90520B5
:1070600002F0C2F9002002F0BFF90A2002F0BCF9D8
:10707000002002F0B9F91C2002F0B6F9002002F05D
:10708000B3F9332002F0B0F9002002F0ADF944204A
:1070900002F0AAF9002002F0A7F9502002F0A4F9AA
:1070A000002002F0A1F9622002F09EF9002002F017
:1070B0009BF9782002F098F9002002F095F98820D9
:1070C00002F092F9002002F08FF9972002F08CF97B
:1070D000002002F089F9A62002F086F9002002F0D3
:1070E00083F9B72002F080F9002002F07DF9C22078
:1070F00002F07AF9002002F077F9C72002F074F963
:10710000002002F071F9D12002F06EF9002002F0A7
:107110006BF9D52002F068F9002002F065F9DD2056
:1071200002F062F9002002F05FF9F32002F05CF94E
:10713000002002F059F9E42002F062F9012002F087
:1071400053F9002002F050F9012002F04DF900201F
:1071500002F04AF9022002F047F9002002F044F957
:107160002A2002F041F9002002F03EF93C2002F012
:107170003BF9002002F038F94B2002F035F90020ED
:1071800002F032F95D2002F02FF9002002F02CF914
:10719000742002F029F9002002F026F9842002F080
:1071A00023F9002002F020F9932002F01DF90020BD
:1071B00002F01AF9A22002F017F9002002F014F9E7
:1071C000B32002F011F9002002F00EF9BE2002F007
:1071D0000BF9002002F008F9C42002F005F90020A4
:1071E00002F002F9CD2002F0FFF8002002F0FCF8D6
:1071F000D32002F0F9F8002002F0F6F8DD2002F0CA
:10720000F3F8002002F0F0F8F32002F0EDF800208F
:1072100002F0EAF8E52002F0F3F8002002F0E4F8CA
:10722000002002F0E1F8002002F0DEF8002002F079
:10723000DBF8022002F0D8F8002002F0D5F829206F
:1072400002F0D2F8002002F0CFF83C2002F0CCF897
:10725000002002F0C9F84B2002F0C6F8002002F02E
:10726000C3F85D2002F0C0F8002002F0BDF87420E1
:1072700002F0BAF8002002F0B7F8842002F0B4F867
:10728000002002F0B1F8932002F0AEF8002002F0E6
:10729000ABF8A22002F0A8F8002002F0A5F8B32075
:1072A00002F0A2F8002002F09FF8BE2002F09CF845
:1072B000002002F099F8C42002F096F8002002F0B5
:1072C00093F8CD2002F090F8002002F08DF8D32042
:1072D00002F08AF8002002F087F8DC2002F084F83F
:1072E000002002F081F8F32002F07EF8002002F086
:1072F0007BF8E62002F084F8112002F075F80020F7
:1073000002F072F8342002F06FF8002002F06CF8FE
:10731000562002F069F8002002F066F8762002F0AC
:1073200063F8002002F060F8772002F05DF800209A
:1073300002F05AF8662002F057F8002002F054F8E4
:10734000882002F051F8002002F04EF8992002F057
:107350004BF8002002F048F8BB2002F045F800206E
:1073600002F042F8992002F03FF8002002F03CF8C9
:10737000662002F039F8002002F036F8552002F0BD
:1073800033F8002002F030F8552002F02DF80020EC
:1073900002F02AF8452002F027F8002002F024F835
:1073A000432002F021F8002002F01EF8442002F0F1
:1073B0001BF8002002F018F8E72002F021F8322034
:1073C00002F012F8002002F00FF8552002F00CF83D
:1073D000002002F009F8762002F006F8002002F002
:1073E00003F8662002F000F8002001F0FDFF67209E
:1073F00001F0FAFF002001F0F7FF672001F0F4FF31
:10740000002001F0F1FF872001F0EEFF002001F0E5
:10741000EBFF992001F0E8FF002001F0E5FFBB2021
:1074200001F0E2FF002001F0DFFF992001F0DCFF16
:10743000002001F0D9FF772001F0D6FF002001F0F5
:10744000D3FF442001F0D0FF002001F0CDFF5620F3
:1074500001F0CAFF002001F0C7FF232001F0C4FFA4
:10746000002001F0C1FF332001F0BEFF002001F039
:10747000BBFF452001F0B8FF002001F0B5FFE82078
:1074800001F0BEFF002001F0AFFF002001F0ACFFD3
:10749000992001F0A9FF002001F0A6FF872001F04C
:1074A000A3FF002001F0A0FF882001F09DFF002035
:1074B00001F09AFF772001F097FF002001F094FF80
:1074C000662001F091FF002001F08EFF882001F07E
:1074D0008BFF002001F088FFAA2001F085FF00202B
:1074E00001F082FFBB2001F07FFF002001F07CFF54
:1074F000992001F079FF002001F076FF662001F06D
:1075000073FF002001F070FF552001F06DFF002097
:1075100001F06AFF552001F067FF002001F064FFD1
:10752000442001F061FF002001F05EFF442001F0E3
:107530005BFF002001F058FF552001F055FF0020AF
:1075400001F052FFE92001F05BFFAA2001F04CFF9F
:10755000002001F049FF002001F046FF002001F06B
:1075600043FF002001F04CFFAA2001F03DFFCF2097
:1075700001F046FF002001F037FF002001F034FF4A
:10758000002001F031FF002001F02EFF002001F06B
:107590002BFF002001F028FF002001F025FF002034
:1075A00001F022FF002001F01FFF002001F01CFF6E
:1075B000002001F019FF002001F016FF002001F06B
:1075C00013FF002001F010FF002001F00DFF00204C
:1075D00001F00AFF002001F007FFF02001F010FF8A
:1075E000002001F001FF502001F0FEFE002001F01C
:1075F000FBFE002001F0F8FE002001F0F5FEF32074
:1076000001F0FEFE002001F0EFFEF92001F0F8FE8F
:10761000062001F0E9FE102001F0E6FE292001F02D
:10762000E3FE002001F0E0FE3A2001F0E9FE5520E3
:1076300001F0DAFE112001F0E3FE6420E9F79BFF80
:10764000292001F0DDFE352001F0DAFE002001F0F6
:10765000CBFE512001F0D4FEFF2001F0C5FE5320E7
:1076600001F0CEFE2C2001F0BFFE552001F0C8FE37
:10767000822001F0B9FE2C2001F0C2FE10BD10B531
:1076800055214FF4704001F0D1FEAA214FF20100C4
:1076900001F0CCFE52214FF2020001F0C7FE08219A
:1076A0004FF2030001F0C2FE01214FF2040001F08D
:1076B000BDFE0D214FF4304001F0B8FE0D214BF21C
:1076C000010001F0B3FE0D214BF2020001F0AEFE0D
:1076D00034214FF4364001F0A9FE34214BF2016011
:1076E00001F0A4FE34214BF2026001F09FFE0D2157
:1076F0004FF4314001F09AFE0D214BF2011001F0E0
:1077000095FE0D214BF2021001F090FE34214FF452
:10771000374001F08BFE34214BF2017001F086FE00
:1077200034214BF2027001F081FE00214FF432400F
:1077300001F07CFE00214BF2012001F077FE0021D8
:107740004BF2022001F072FE24214FF4384001F088
:107750006DFE24214BF6010001F068FE24214BF65A
:10776000020001F063FE01214FF43F4001F05EFE94
:107770000F214FF4334001F059FE0F214BF201303D
:1077800001F054FE0F214BF2023001F04FFE342184
:107790004FF4394001F04AFE34214BF6011001F05C
:1077A00045FE34214BF6021001F040FE08214FF453
:1077B000354001F03BFE08214BF2015001F036FE4E
:1077C00008214BF2025001F031FE03214FF44240F8
:1077D00001F02CFE24214FF43A4001F027FE242131
:1077E0004BF6012001F022FE24214BF6022001F08D
:1077F0001DFE00214FF43C4001F018FE78214BF6AD
:10780000014001F013FE00214BF6024001F00EFE94
:1078100000214FF43D4001F009FE78214BF6015064
:1078200001F004FE00214BF6025001F0FFFD0021A3
:107830004FF43E4001F0FAFD64214BF6016001F087
:10784000F5FD00214FF4514001F0F0FD33214DF2E0
:10785000011001F0EBFD00214DF2021001F0E6FDF8
:1078600034214DF2031001F0E1FD00214DF204102E
:1078700001F0DCFD3A214DF2051001F0D7FD0021A9
:107880004DF2061001F0D2FD4A214DF2071001F031
:10789000CDFD00214DF2081001F0C8FD5C214DF234
:1078A000091001F0C3FD00214DF20A1001F0BEFDE8
:1078B00081214DF20B1001F0B9FD00214DF20C10A9
:1078C00001F0B4FDA6214DF20D1001F0AFFD002135
:1078D0004DF20E1001F0AAFDE5214DF20F1001F05E
:1078E000A5FD01214DF2101001F0A0FD13214DF274
:1078F000111001F09BFD01214DF2121001F096FDD7
:1079000054214DF2131001F091FD01214DF214109C
:1079100001F08CFD82214DF2151001F087FD01214F
:107920004DF2161001F082FDCA214DF2171001F040
:107930007DFD02214DF2181001F078FD00214DF27D
:10794000191001F073FD02214DF21A1001F06EFDC5
:1079500001214DF21B1001F069FD02214DF21C10B6
:1079600001F064FD34214DF21D1001F05FFD022194
:107970004DF21E1001F05AFD67214DF21F1001F06B
:1079800055FD02214DF2201001F050FD84214DF2F1
:10799000211001F04BFD02214DF2221001F046FDB5
:1079A000A4214DF2231001F041FD02214DF22410DB
:1079B00001F03CFDB7214DF2251001F037FD022109
:1079C0004DF2261001F032FDCF214DF2271001F0CB
:1079D0002DFD02214DF2281001F028FDDE214DF28F
:1079E000291001F023FD02214DF22A1001F01EFDA5
:1079F000F2214DF22B1001F019FD02214DF22C1055
:107A000001F014FDFE214DF22D1001F00FFD0321B8
:107A10004DF22E1001F00AFD10214DF22F1001F051
:107A200005FD03214DF2301001F000FD33214DF230
:107A3000311001F0FBFC03214DF2321001F0F6FC95
:107A40006D214DF2331001F0F1FC00214FF4524052
:107A500001F0ECFC33214DF2012001F0E7FC0021A4
:107A60004DF2022001F0E2FC34214DF2032001F03E
:107A7000DDFC00214DF2042001F0D8FC3A214DF24A
:107A8000052001F0D3FC00214DF2062001F0CEFCD0
:107A90004A214DF2072001F0C9FC00214DF20820D7
:107AA00001F0C4FC5C214DF2092001F0BFFC002173
:107AB0004DF20A2001F0BAFC81214DF20B2001F0B9
:107AC000B5FC00214DF20C2001F0B0FCA6214DF2D6
:107AD0000D2001F0ABFC00214DF20E2001F0A6FCC0
:107AE000E5214DF20F2001F0A1FC01214DF2102003
:107AF00001F09CFC13214DF2112001F097FC0121B3
:107B00004DF2122001F092FC54214DF2132001F0AD
:107B10008DFC01214DF2142001F088FC82214DF2F0
:107B2000152001F083FC01214DF2162001F07EFCAE
:107B3000CA214DF2172001F079FC02214DF21820E4
:107B400001F074FC00214DF2192001F06FFC0221BC
:107B50004DF21A2001F06AFC01214DF21B2001F0C8
:107B600065FC02214DF21C2001F060FC34214DF235
:107B70001D2001F05BFC02214DF21E2001F056FC9D
:107B800067214DF21F2001F051FC02214DF220200F
:107B900001F04CFC84214DF2212001F047FC022130
:107BA0004DF2222001F042FCA4214DF2232001F0ED
:107BB0003DFC02214DF2242001F038FCB7214DF2AA
:107BC000252001F033FC02214DF2262001F02EFC8D
:107BD000CF214DF2272001F029FC02214DF228206F
:107BE00001F024FCDE214DF2292001F01FFC0221CE
:107BF0004DF22A2001F01AFCF2214DF22B2001F067
:107C000015FC02214DF22C2001F010FCFE214DF25A
:107C10002D2001F00BFC03214DF22E2001F006FC7B
:107C200010214DF22F2001F001FC03214DF23020F4
:107C300001F0FCFB33214DF2312001F0F7FB032171
:107C40004DF2322001F0F2FB6D214DF2332001F0B4
:107C5000EDFB00214FF4534001F0E8FB33214DF2DE
:107C6000013001F0E3FB00214DF2023001F0DEFBB8
:107C700034214DF2033001F0D9FB00214DF20430E4
:107C800001F0D4FB3A214DF2053001F0CFFB002189
:107C90004DF2063001F0CAFB4A214DF2073001F0E7
:107CA000C5FB00214DF2083001F0C0FB5C214DF214
:107CB000093001F0BBFB00214DF20A3001F0B6FBA8
:107CC00081214DF20B3001F0B1FB00214DF20C305F
:107CD00001F0ACFBA6214DF20D3001F0A7FB002115
:107CE0004DF20E3001F0A2FBE5214DF20F3001F014
:107CF0009DFB01214DF2103001F098FB13214DF254
:107D0000113001F093FB01214DF2123001F08EFB96
:107D100054214DF2133001F089FB01214DF2143052
:107D200001F084FB82214DF2153001F07FFB01212F
:107D30004DF2163001F07AFBCA214DF2173001F0F6
:107D400075FB02214DF2183001F070FB00214DF25D
:107D5000193001F06BFB02214DF21A3001F066FB85
:107D600001214DF21B3001F061FB02214DF21C306C
:107D700001F05CFB34214DF21D3001F057FB022174
:107D80004DF21E3001F052FB67214DF21F3001F021
:107D90004DFB02214DF2203001F048FB84214DF2D1
:107DA000213001F043FB02214DF2223001F03EFB75
:107DB000A4214DF2233001F039FB02214DF2243091
:107DC00001F034FBB7214DF2253001F02FFB0221E9
:107DD0004DF2263001F02AFBCF214DF2273001F081
:107DE00025FB02214DF2283001F020FBDE214DF26F
:107DF000293001F01BFB02214DF22A3001F016FB65
:107E0000F2214DF22B3001F011FB02214DF22C300A
:107E100001F00CFBFE214DF22D3001F007FB032198
:107E20004DF22E3001F002FB10214DF22F3001F007
:107E3000FDFA03214DF2303001F0F8FA33214DF212
:107E4000313001F0F3FA03214DF2323001F0EEFA55
:107E50006D214DF2333001F0E9FA00214FF4544026
:107E600001F0E4FA33214DF2014001F0DFFA002184
:107E70004DF2024001F0DAFA34214DF2034001F0F4
:107E8000D5FA00214DF2044001F0D0FA3A214DF22A
:107E9000054001F0CBFA00214DF2064001F0C6FA90
:107EA0004A214DF2074001F0C1FA00214DF208408D
:107EB00001F0BCFA5C214DF2094001F0B7FA002153
:107EC0004DF20A4001F0B2FA81214DF20B4001F06F
:107ED000ADFA00214DF20C4001F0A8FAA6214DF2B6
:107EE0000D4001F0A3FA00214DF20E4001F09EFA80
:107EF000E5214DF20F4001F099FA01214DF21040B9
:107F000001F094FA13214DF2114001F08FFA012192
:107F10004DF2124001F08AFA54214DF2134001F063
:107F200085FA01214DF2144001F080FA82214DF2D0
:107F3000154001F07BFA01214DF2164001F076FA6E
:107F4000CA214DF2174001F071FA02214DF218409A
:107F500001F06CFA00214DF2194001F067FA02219C
:107F60004DF21A4001F062FA01214DF21B4001F07E
:107F70005DFA02214DF21C4001F058FA34214DF215
:107F80001D4001F053FA02214DF21E4001F04EFA5D
:107F900067214DF21F4001F049FA02214DF22040C5
:107FA00001F044FA84214DF2214001F03FFA022110
:107FB0004DF2224001F03AFAA4214DF2234001F0A3
:107FC00035FA02214DF2244001F030FAB7214DF28A
:107FD000254001F02BFA02214DF2264001F026FA4D
:107FE000CF214DF2274001F021FA02214DF2284025
:107FF00001F01CFADE214DF2294001F017FA0221AE
:108000004DF22A4001F012FAF2214DF22B4001F01C
:108010000DFA02214DF22C4001F008FAFE214DF23A
:108020002D4001F003FA03214DF22E4001F0FEF93C
:1080300010214DF22F4001F0F9F903214DF23040AB
:1080400001F0F4F933214DF2314001F0EFF9032151
:108050004DF2324001F0EAF96D214DF2334001F06A
:10806000E5F900214FF4554001F0E0F933214DF2DC
:10807000015001F0DBF900214DF2025001F0D6F978
:1080800034214DF2035001F0D1F900214DF204509A
:1080900001F0CCF93A214DF2055001F0C7F9002169
:1080A0004DF2065001F0C2F94A214DF2075001F09D
:1080B000BDF900214DF2085001F0B8F95C214DF2F4
:1080C000095001F0B3F900214DF20A5001F0AEF968
:1080D00081214DF20B5001F0A9F900214DF20C5015
:1080E00001F0A4F9A6214DF20D5001F09FF90021F5
:1080F0004DF20E5001F09AF9E5214DF20F5001F0CA
:1081000095F901214DF2105001F090F913214DF233
:10811000115001F08BF901214DF2125001F086F956
:1081200054214DF2135001F081F901214DF2145008
:1081300001F07CF982214DF2155001F077F901210F
:108140004DF2165001F072F9CA214DF2175001F0AC
:108150006DF902214DF2185001F068F900214DF23D
:10816000195001F063F902214DF21A5001F05EF945
:1081700001214DF21B5001F059F902214DF21C5022
:1081800001F054F934214DF21D5001F04FF9022154
:108190004DF21E5001F04AF967214DF21F5001F0D7
:1081A00045F902214DF2205001F040F984214DF2B1
:1081B000215001F03BF902214DF2225001F036F935
:1081C000A4214DF2235001F031F902214DF2245047
:1081D00001F02CF9B7214DF2255001F027F90221C9
:1081E0004DF2265001F022F9CF214DF2275001F037
:1081F0001DF902214DF2285001F018F9DE214DF24F
:10820000295001F013F902214DF22A5001F00EF924
:10821000F2214DF22B5001F009F902214DF22C50C0
:1082200001F004F9FE214DF22D5001F0FFF8032179
:108230004DF22E5001F0FAF810214DF22F5001F0BE
:10824000F5F803214DF2305001F0F0F833214DF2F2
:10825000315001F0EBF803214DF2325001F0E6F815
:108260006D214DF2335001F0E1F800214FF45640FA
:1082700001F0DCF833214DF2016001F0D7F8002164
:108280004DF2026001F0D2F834214DF2036001F0AA
:10829000CDF800214DF2046001F0C8F83A214DF20A
:1082A000056001F0C3F800214DF2066001F0BEF850
:1082B0004A214DF2076001F0B9F800214DF2086043
:1082C00001F0B4F85C214DF2096001F0AFF8002133
:1082D0004DF20A6001F0AAF881214DF20B6001F025
:1082E000A5F800214DF20C6001F0A0F8A6214DF296
:1082F0000D6001F09BF800214DF20E6001F096F840
:10830000E5214DF20F6001F091F801214DF210606E
:1083100001F08CF813214DF2116001F087F8012172
:108320004DF2126001F082F854214DF2136001F019
:108330007DF801214DF2146001F078F882214DF2B0
:10834000156001F073F801214DF2166001F06EF82E
:10835000CA214DF2176001F069F802214DF2186050
:1083600001F064F800214DF2196001F05FF802217C
:108370004DF21A6001F05AF801214DF21B6001F034
:1083800055F802214DF21C6001F050F834214DF2F5
:108390001D6001F04BF802214DF21E6001F046F81D
:1083A00067214DF21F6001F041F802214DF220607B
:1083B00001F03CF884214DF2216001F037F80221F0
:1083C0004DF2226001F032F8A4214DF2236001F059
:1083D0002DF802214DF2246001F028F8B7214DF26A
:1083E000256001F023F802214DF2266001F01EF80D
:1083F000CF214DF2276001F019F802214DF22860DB
:1084000001F014F8DE214DF2296001F00FF802218D
:108410004DF22A6001F00AF8F2214DF22B6001F0D2
:1084200005F802214DF22C6001F000F8FE214DF21A
:108430002D6000F0FBFF03214DF22E6000F0F6FFEF
:1084400010214DF22F6000F0F1FF03214DF230605A
:1084500000F0ECFF33214DF2316000F0E7FF032123
:108460004DF2326000F0E2FF6D214DF2336000F01A
:10847000DDFF55214FF4704000F0D8FFAA214FF2E4
:10848000010000F0D3FF52214FF2020000F0CEFFB6
:1084900008214FF2030000F0C9FF00214FF2040051
:1084A00000F0C4FFCC214FF4314000F0BFFF0021A9
:1084B0004BF2011000F0BAFF05214FF4364000F0F6
:1084C000B5FF70214FF4374000F0B0FF70214BF240
:1084D000017000F0ABFF01214FF4384000F0A6FF1F
:1084E00003214BF6010000F0A1FF03214BF602002F
:1084F00000F09CFF03214BF6030000F097FF0221E0
:108500004FF43C4000F092FF00214BF6014000F098
:108510008DFF00214BF6024000F088FFD0214FF480
:10852000494000F083FF02214CF6011000F07EFF6D
:1085300050214CF6021000F079FF50214CF6031048
:1085400000F074FF50214CF6041000F06FFF002182
:108550004FF4545000F06AFF55214FF4685000F07A
:1085600065FF4FF4885000F04BFF7820E9F730F8B2
:108570004FF4245000F044FF10BD10B5E22000F08D
:108580003FFF1D2000F030FF022000F02DFF0420EF
:1085900000F02AFF6420E9F71BF8E02000F030FF2C
:1085A000012000F021FF0A20E8F7E5FFE02000F0BD
:1085B00027FF032000F018FF0C20E8F7DCFF012064
:1085C00000F01EFF0A20E8F7D6FFE62000F018FFB3
:1085D0002F2000F009FFFF2000F006FFFF2000F031
:1085E00003FFB02000F00CFF202000F0FDFE002073
:1085F00000F0FAFE032000F0F7FE40F21F3000F01A
:10860000F3FE012000F0F0FE40F2DF1000F0ECFE7F
:10861000002000F0E9FEB42000F0F2FE042000F09B
:10862000E3FE40F21F4000F0DFFE002000F0DCFE21
:108630002E2000F0D9FE002000F0D6FE002000F031
:10864000D3FE002000F0D0FE002000F0CDFEB620CA
:1086500000F0D6FE022000F0C7FE4FF4037000F0D9
:10866000C3FE002000F0C0FE172000F0BDFE152064
:1086700000F0BAFE002000F0B7FE002000F0B4FECB
:10868000F02000F0BDFE032000F0AEFE292000F037
:10869000B7FED02000F0B4FE002000F0A5FEBE2002
:1086A00000F0AEFE052000F09FFEFE2000F09CFED4
:1086B000012000F099FE002000F096FE002000F05E
:1086C00093FE002000F090FEB82000F099FE0320F9
:1086D00000F08AFE012000F087FEBA2000F090FE34
:1086E000012000F081FE10BD10B5112000F088FEC1
:1086F0007820E8F740FF362000F082FE002000F0EE
:1087000073FE3A2000F07CFE052000F06DFEB220E2
:1087100000F076FE0C2000F067FE0C2000F064FEF6
:10872000002000F061FE332000F05EFE332000F0F8
:108730005BFEB72000F064FE352000F055FEBB2044
:1087400000F05EFE322000F04FFEC02000F058FE28
:108750000C2000F049FEC22000F052FE012000F083
:1087600043FEC32000F04CFE102000F03DFEC4206C
:1087700000F046FE202000F037FEC62000F040FE4C
:108780000F2000F031FED02000F03AFEA42000F0CF
:108790002BFEA12000F028FEE02000F031FED020CA
:1087A00000F022FE002000F01FFE022000F01CFE60
:1087B000072000F019FE0A2000F016FE282000F025
:1087C00013FE322000F010FE442000F00DFE422087
:1087D00000F00AFE062000F007FE0E2000F004FE66
:1087E000122000F001FE142000F0FEFD172000F022
:1087F000FBFDE12000F004FED02000F0F5FD00209C
:1088000000F0F2FD022000F0EFFD072000F0ECFD8B
:108810000A2000F0E9FD282000F0E6FD312000F0FC
:10882000E3FD542000F0E0FD472000F0DDFD0E20C8
:1088300000F0DAFD1C2000F0D7FD172000F0D4FD79
:108840001B2000F0D1FD1E2000F0CEFD2A2000F0FC
:10885000D7FD002000F0C8FD002000F0C5FD00207D
:1088600000F0C2FDEF2000F0BFFD2B2000F0C8FD9E
:10887000002000F0B9FD002000F0B6FD012000F05E
:10888000B3FD3F2000F0B0FD292000F0B9FD10BD80
:108890002DE9F04F05460E4617469846DDF824A010
:1088A0004FF0000B781B401C1FFA80FB344613E08E
:1088B0002146284600F052FB00F0AEFD4FF00009C3
:1088C00006E00749A1F800A009F101001FFA80F9AC
:1088D000D945F6DB601C84B24445E9DDBDE8F08F84
:1088E0000000106000B595B000BF00BFFE480068F2
:1088F00040F00800FC4908600846006800F00800E5
:10890000019000BF00BF00BF00BF00BF0846006865
:1089100040F0080008600846006800F00800019078
:1089200000BF00BF00BF00BF00BF0846006840F0A6
:10893000080008600846006800F00800019000BFC9
:1089400000BF00BF00BF00BF0846006840F0100035
:1089500008600846006800F01000019000BF00BFEA
:1089600000BF00BF00BF0846006840F0020008607A
:108970000846006800F00200019000BF00BF00BF81
:10898000802010900220119001201290032013905B
:108990000C20149010A9D548E8F7D4FD20201090A1
:1089A00010A9D248E8F7CEFD1020109010A9CF48AA
:1089B000E8F7C8FD0820109010A9CD48E8F7C2FDDF
:1089C000202010900120119010A9CA48E8F7BAFDA4
:1089D000C948CA490860CA48486000208860002128
:1089E000C648C16001611021416100218161C161FE
:1089F00001624FF480514162002181624FF4804155
:108A0000C1620021016341634FF48011816315202D
:108A1000099000200A9078200B9000200F901520DC
:108A2000029000200390152004900020089002AAD4
:108A300009A9B248E8F7D8FE3220E8F79CFDD32018
:108A400000F0DEFC00F068F9AE49888000F064F9BF
:108A5000AC49888000F060F9AA498880084680887F
:108A60004FF6FF7101EA0020A649888000F054F912
:108A7000A44989880843A34988800846808849F228
:108A8000413188427DD0042000F0BAFC00F044F966
:108A90009C49888000F040F99A49888000F03CF9B0
:108AA00098498880084680884FF6FF7101EA0020C7
:108AB0009449888000F030F99249898808439149A7
:108AC00088800846808848F25251884203D147F294
:108AD00089708C4988808B48808847F289718842E8
:108AE000D0D0D42000F08CFC00F016F985498880A5
:108AF00000F012F98349888000F00EF981498880DE
:108B0000084680884FF6FF7101EA00207D49888081
:108B100000F002F97B49898808437A498880084631
:108B2000808845F2103188425FD055214FF4704063
:108B300000F07CFCAA214FF2010000F077FC5221EA
:108B40004FF2020000F072FC08214FF2030000F027
:108B50006DFC01214FF2040000F068FC4FF4454029
:108B600000F04EFC00F0D8F86649888008468088FE
:108B70004FF6FF7101EA0020624988804CF20150F3
:108B800000E032E000F03CFC00F0C6F85D49898866
:108B900008435C4988800846808845F21051884225
:108BA00023D0A12000F02CFC00F0B6F855498880B5
:108BB00000F0B2F853498880084680884FF6FF716C
:108BC00001EA00204F49888000F0A6F84D498988C5
:108BD00008434C4988800846808845F26171884284
:108BE00003D141F66310474988804648818846A0F2
:108BF000E7F776FA4348808847F28971884202D1C4
:108C0000FFF772FD25E03F48808849F241318842F4
:108C100002D1FDF7A5FC1CE03A48808845F21031EE
:108C2000884202D1FDF7B2FD13E03648808845F254
:108C30001051884202D1FEF722FD0AE031488088B7
:108C400041F66311884204D1FFF797FC642000F0DD
:108C5000A3FB2C48808847F28971884209D10520FE
:108C6000029004902549CB6A8A68486802A9E8F70F
:108C700019FD2448808849F24131884205D02148B5
:108C8000808841F66311884209D103200290049044
:108C90001A49CB6A8A68486802A9E8F703FD1948AF
:108CA000808845F21031884205D01648808845F208
:108CB0001051884209D10220029004900F49CB6ADA
:108CC0008A68486802A9E8F7EDFC0020FDF7CCFAB5
:108CD00000BF012220210748E8F748FC00BF4FF6FB
:108CE000FF70FDF7A7FA15E0E0440258000C0258A7
:108CF000001002580004025800400052A004002452
:108D000004410052EC0400244C43442049443A25D9
:108D1000780D0A0015B000BD08B503480088009022
:108D2000BDF8000008BD000000001060F0B5054669
:108D30000024002788488079012805D1864880884A
:108D400041F66311884208D183488079F0B982489E
:108D5000808841F66311884218D1082D15D2DFE8CA
:108D600005F00406080A0C0E101206250DE0072572
:108D70000BE0042509E0052507E0012505E00025B5
:108D800003E0032501E0022500BF00BF082D1CD22F
:108D9000DFE805F00406090C0F12151800BF14E0F7
:108DA00044F0800411E044F040040EE044F0C004BC
:108DB0000BE044F0200408E044F0600405E044F0D7
:108DC000A00402E044F0E00400BF00BF3627624880
:108DD000808845F21051884200D13F025E48808869
:108DE00049F24131884205D05B48808847F2897159
:108DF000884201D144F008042146384600F016FBB1
:108E00005548808841F6631188421DD004F0200047
:108E100068B15148008850494988884214DA4E4860
:108E2000068840884C490880084646800CE04A483D
:108E3000008849494988884206DD474806884088B5
:108E400045490880084646804348808845F21051CD
:108E5000884252D14049488900F0D2FA002000F0FF
:108E6000C3FA3D494989491C88B200F0C9FA00207B
:108E700000F0BAFA38494989891C88B200F0C0FA72
:108E800035490988491EC1F30F2000F0ADFA324977
:108E90004989C91C88B200F0B3FA2F490978491EE4
:108EA000C8B200F0A1FA2C49888900F0A9FA002084
:108EB00000F09AFA28498989491C88B200F0A0FA82
:108EC000002000F091FA24498989891C88B200F0B9
:108ED00097FA21494988491EC1F30F2000F084FA0E
:108EE0001D498989C91C88B200F08AFA1A49897813
:108EF000491EC8B200F078FA2DE01749488900F001
:108F00007FFA002000F070FA002000F06DFA12499C
:108F10000988491EC1F30F2000F066FA0E4909784E
:108F2000491EC8B200F060FA0B49888900F068FA5F
:108F3000002000F059FA002000F056FA064949884E
:108F4000491EC1F30F2000F04FFA03498978491EEA
:108F5000C8B200F049FAF0BDEC04002410B5024696
:108F60000C464548808841F66311884247D1424803
:108F70008079A8B940480088401E801A82B23E49D4
:108F8000488900F03DFA002000F02EFA002000F0A1
:108F90002BFA101200F028FAD0B200F025FA16E0F1
:108FA0003549488900F02CFA101200F01DFAD0B2B1
:108FB00000F01AFA30490988491EC1F30F2000F069
:108FC00013FA2D490978491EC8B200F00DFA2A4952
:108FD000888900F015FA201200F006FAE0B200F0DD
:108FE00003FA25494988491EC1F30F2000F0FCF916
:108FF00021498978491EC8B200F0F6F93AE01E48C6
:10900000808845F21051884220D11B49488900F0E0
:10901000F7F9101200F0E8F917494989491C88B29C
:1090200000F0EEF9D0B200F0DFF91349888900F0C2
:10903000E7F9201200F0D8F90F498989491C88B254
:1090400000F0DEF9E0B200F0CFF913E00A494889F8
:1090500000F0D6F9101200F0C7F9D0B200F0C4F950
:109060000549888900F0CCF9201200F0BDF9E0B282
:1090700000F0BAF910BD0000EC0400242DE9F04125
:1090800004460D461E46A018401E87B2A819401E71
:109090001FFA80F85448808841F66311884231D124
:1090A0005148807901282DD04F480088801A001B34
:1090B00084B2A819401E86B24B49488900F0A0F935
:1090C000201200F091F9E0B200F08EF9A118491ECB
:1090D000C1F30F2000F088F9A118491EC8B200F0B2
:1090E00083F94149888900F08BF9281200F07CF956
:1090F000E8B200F079F9301200F076F9F0B200F041
:1091000073F96EE03848808845F21051884246D1A4
:109110003549488900F074F9201200F065F93249A8
:109120004989491C88B200F06BF9E0B200F05CF9A3
:109130002D494989891C88B200F062F9381200F083
:1091400053F929494989C91C88B200F059F9F8B284
:1091500000F04AF92449888900F052F9281200F0F9
:1091600043F921498989491C88B200F049F9E8B2DC
:1091700000F03AF91C498989891C88B200F040F94D
:109180004FEA282000F030F917498989C91C88B2B4
:1091900000F036F908F0FF0000F026F921E012494E
:1091A000488900F02DF9201200F01EF9E0B200F01D
:1091B0001BF9381200F018F9F8B200F015F90A4955
:1091C000888900F01DF9281200F00EF9E8B200F0CD
:1091D0000BF94FEA282000F007F908F0FF0000F033
:1091E00003F9BDE8F0810000EC0400242DE9FC4FF8
:1091F00080460E4615461C46B3460020019000905E
:109200002046E31704EB5373DB1021464FEAE47C5E
:1092100004EB5C7C4FEAEC0CA4EBCC0CBCF1000F33
:1092200002D04FF0010C01E04FF0000C63442246E5
:1092300004EBD27C4FEA6C0C03FB0CF3DBB2019322
:10924000A5F12000C5B20C2C06D0102C0BD0182C88
:109250000ED0202C18D112E005EB45002D4901EB72
:109260008000009012E02C4800EB051000900DE00B
:1092700005EBC500294901EB8000009006E0284875
:1092800000EBC510009001E0BDE8FC8F00BF002797
:109290003AE0009810F807904FF0000A2EE009F02D
:1092A000800028B1314640460C9AFDF749F907E0A5
:1092B0000B9828B91B48314602684046FDF740F933
:1092C0004FEA49604FEA1069701C86B21648408820
:1092D000B04200DCD8E7A6EB0B00A0420AD15E4604
:1092E00008F101001FFA80F80F480088404500DCB3
:1092F000CAE706E00AF1010000F0FF0ABAF1080F20
:10930000CDDB00BF781CC7B201988742C1DB00BF2C
:10931000BAE70000E472039058770390487D039009
:10932000A48A039030000024EC0400242DE9FC4FB3
:1093300004460D4690469946DDE90C7A0B9E04F0F2
:10934000FF0B08EB04001FFA80F809EB05001FFA79
:1093500080F917E0444502DB5C46A81985B24D450B
:1093600000DB15E00020CDE9000A3A7833462946B3
:109370002046FFF73BFF304606EBD07104EB61015E
:109380008CB27F1C38787E2802DC38782028E1DA1D
:1093900000BFBDE8FC8F000000B50246BE2000F013
:1093A0002FF8052000F020F800EE102AB8EE400B50
:1093B0009FED0B1B20EE010BBCEEC00B10EE101A44
:1093C00088B200F011F8012000F00EF8FF2000F044
:1093D0000BF8002000F008F8002000F005F800BDB0
:1093E000666666666666044001B5BDF800000090DA
:1093F000BDF800000149088008BD000000001060B1
:1094000001B5BDF800000090BDF8000001490880DA
:1094100008BD0000FEFF0F60024800890249088075
:1094200070470000EC040024FEFF0F60024A108029
:10943000921C118070470000FEFF0F6000B587B0DE
:1094400000BF00BF2C48006840F002002A490860B5
:109450000846006800F00200019000BF00BF00BF96
:1094600000BF00BF0846006840F0100008600846D2
:10947000006800F01000019000BF00BF00BF00BFF7
:1094800000BF0846006840F0100008600846006809
:1094900000F01000019000BF00BF00BF102002903C
:1094A000012003900490059002A91448E8F74AF8B7
:1094B0004020029002A91248E8F744F820200290C8
:1094C00002A90F48E8F73EF800BF012210210B481F
:1094D000E8F74CF800BF00BF012240210848E8F738
:1094E00045F800BF00BF012220210548E8F73EF8FB
:1094F00000BF07B000BD0000E0440258000402585D
:109500000010025809E000BF10210448E8F71FF8D6
:1095100000BF4FF47A70E8F765F8F4E700040258EA
:109520002DE9F04F85B007468B4691461E460E9DAD
:10953000E86900FB0BF080120490E86900280DDD5B
:109540000498484516DD95F82800C0F3400018B18E
:10955000012005B0BDE8F08F0020FAE704984845E7
:1095600008DA95F82800C0F3400008B10120F0E7C0
:109570000020EEE70BEB0601E869484380120490F7
:10958000E86900280BDD0498484514DA95F82800AE
:10959000C0F3400008B10020DBE70120D9E70498C0
:1095A000484508DD95F82800C0F3400008B10020C8
:1095B000CFE70120CDE7E869002806DD4FEA092062
:1095C000A96948438012039006E009F101000002F6
:1095D000A9694843801203900398001202900398EF
:1095E000C0B20190019810B94FF0FF0807E0019850
:1095F000C0F1FF00696A4843FF21A1EB20280298CF
:10960000A0EB0B040198D8B1002C18DBB44216DA99
:109610000198C0F1FF00C8F1FF014843FF21A1EB11
:10962000602000F0FF0A95F82800C0F3400008B160
:10963000CAF1FF0A385D514616F0CDFC3855641C5E
:109640001BE0002C12DBB44210DAA88CA8EB6000FF
:1096500000F0FF0A95F82800C0F3400008B1CAF1F5
:10966000FF0A385D514616F0B6FC3855686AA8EB1B
:109670000008641CB44200DB02E0686A4045E0DB9D
:1096800000BFB4421DDA002C1BDBA86900FB08F008
:1096900080120090009800FB08F0C0F3472AE869A8
:1096A000002801DACAF1FF0A95F82800C0F340004B
:1096B00008B1CAF1FF0A385D514616F08CFC3855E6
:1096C00000BF95F82800C0F3400068B10298A0EBF5
:1096D0000B04B44201DD00203BE7002C0FDB2146E8
:1096E00038460CF0D8F80AE0641C002C01DA00209F
:1096F0002FE7B44203DC311B38190CF0CCF8022000
:1097000027E72DE9FF4F87B007468A461E46149D7E
:10971000A8690999484380120690A869002802DDCB
:109720000698401C0690069850450ADA95F82800DD
:10973000C0F3400018B101200BB0BDE8F08F00204D
:10974000FAE7A86909994843801206900AEB0601D6
:109750000698814208DA95F82800C0F3400008B165
:109760000020E9E70120E7E709980002A9694843DA
:109770008012059005984FEA202B0598C0B20490FE
:109780000998401C0002A96948438012039003987D
:10979000001202900398C0B20190ABEB0A04029849
:1097A000834509D0A869002806DA049820B9FF206B
:1097B0000490DDF808B0641E0298834534D1002C73
:1097C00012DBB44210DA019904980844C0F3470848
:1097D00095F82800C0F3400008B1C8F1FF08385DD3
:1097E000414616F0F8FB3855641C95F82800C0F384
:1097F000400060B1ABEB0A04B44201DB00209BE700
:10980000002C03DB214638460CF045F8C9E0B44291
:1098100000DD34460CB900208EE7002CF6DD311B4C
:1098200038190CF038F8BCE0A86900285ADAE86961
:109830004042049948434FEAA029002C12DBB4426D
:1098400010DA049809FB00F0C0F3472895F82800C7
:10985000C0F3400008B1C8F1FF08385D414616F07A
:10986000BAFB3855641EC9F1FF00A9694942484353
:1098700080120090002C16DBB44214DAC9F1FF000C
:1098800000994843FF21A1EB602000F0FF0895F804
:109890002800C0F3400008B1C8F1FF08385D414618
:1098A00016F099FB3855A41C95F82800C0F3400029
:1098B00068B1ABEB0A00441EB44201DD344610E04F
:1098C000002C0EDD214638460BF0E5FF09E0B442DE
:1098D00001DD012030E7002C03DB311B38190BF0D0
:1098E000DAFF5DE00498C0F1FF00E96948434FEA00
:1098F000A029002C17DBB44215DA0498C0F1FF0050
:1099000000FB09F0FF21A1EB602000F0FF0895F8B3
:109910002800C0F3400008B1C8F1FF08385D414697
:1099200016F059FB3855641CC9F1FF00A96948437A
:1099300080120090002C13DBB44211DAC9F1FF0051
:1099400000994843C0F3472895F82800C0F3400029
:1099500008B1C8F1FF08385D414616F03CFB3855A8
:10996000641C95F82800C0F3400060B1ABEB0A041A
:10997000B44201DD0020DFE6002C10DB2146384632
:109980000BF089FF0BE0B44200DD34460CB9002037
:10999000D2E6002C03DD311B38190BF07CFF00BF31
:1099A00000BF0220C8E62DE9F843044627467D6A39
:1099B000A84609F045FD0646C6B1304609F095FDBA
:1099C000012804D0304609F090FD03280ED16946E5
:1099D000304609F04FFDBDF902102846F9F72EF97F
:1099E000A8F83A00204610F036F800BFBDE8F8832A
:1099F0002DE9FC470546A846D8F824703C4609F0F6
:109A00001FFD8146484609F070FD04280ED1E08E06
:109A1000208738460DF080FE8246504608F060FAF6
:109A200018B10021504608F0FEFA00BF484609F080
:109A30005CFD012804D0484609F057FD03280CD1ED
:109A40006946484609F016FDBDF902103846F9F797
:109A5000F5F8E086E08E208700BF384606F0A3FECA
:109A6000A06A10B938460FF0F6FFE08E019001AA07
:109A70001C21384607F008FB0646012E02D030466E
:109A8000BDE8FC870120FBE72DE9F04105460E46C5
:109A90004FF000081148EBF740FB044618E0214660
:109AA0000E48EBF752FB07462068A84200D075B974
:109AB0006068B04200D056B921460848EBF7ACFBCD
:109AC00020460BF0D1FCECF779FE4FF001083C4644
:109AD000002CE4D14046BDE8F081000090D605247A
:109AE00070B506460D460B48EBF717FB04460DE034
:109AF0002068B04205D16068A84200D00DB9204668
:109B000070BD21460348EBF720FB0446002CEFD143
:109B10000020F5E790D6052410B5044640212046E4
:109B20000BF0B9FE4FF4FA70A0620020E0616420EF
:109B300060620120A0870548A06194F83E0020F0F3
:109B40000100401C84F83E0010BD0000D79B01902E
:109B5000F8B504464FF48060009000231946D4E91C
:109B60000A200BF09FFB06464FF480604FF46E73A3
:109B7000322200210090304601F096F90746E16953
:109B8000606A401A00FB07F5AD12E06905442846FB
:109B9000F8BDF8B504464FF48060009000231946E4
:109BA000D4E90A200BF07EFB06464FF4806040F2B9
:109BB000B6334FF4617200210090304601F074F921
:109BC0000746E169606A401A00FB07F5AD12E069DB
:109BD00005442846F8BDF8B504464FF4806000906F
:109BE00000231946D4E90A200BF05CFB0646E16924
:109BF000606A401A00FB06F5AD12E069054428468C
:109C0000F8BD0146D1E90A20904201DB486A70475D
:109C1000C869FCE74A42C2627047416070474160D0
:109C20007047416070474160704741607047816193
:109C300070478161704741637047C1607047C16080
:109C40007047818770478162704781627047816287
:109C5000704781627047C161016242627047C161B1
:109C6000016242627047C161016242627047C16134
:109C7000016242627047C1610162426270470160E5
:109C80007047016070470160704730B503468D1A18
:109C9000002D01DD8D1A00E0551A2C464FF47A751F
:109CA0006543B5FBF3F000B9401C30BD70B5054607
:109CB000686818B1D5E90001FFF7E6FE2148EBF727
:109CC0009FFA18B114F0E1FF1F4908601D48EBF737
:109CD00057FA044600BF1CB900BF00BF00BFFEE733
:109CE00000BF0CB9002070BD4022294620460BF071
:109CF00044FC2868A84200D124601448017814F874
:109D00003E0F61F38200207014F83E0900F001005C
:109D1000A0B1206950B12046216988470646E06914
:109D20003044E061606A3044606200BF606828B11E
:109D3000206818B1D4E90002E1699047ECF73EFDD4
:109D40002046D0E790D60524AC020024B1020024BE
:109D500070B506460C4625460020A88487206885F5
:109D60002D20A8858720E88440002885A88E20F033
:109D70000600A8864FF40040E885A88E20F0080071
:109D80000830A8860020288664206886A88E20F0E7
:109D90000100A8864FF43470E88614F076FFA863BB
:109DA000288D00B2A887022120460CF05FF94FF4FD
:109DB000407120460CF076FE0D21204610F04EFF3B
:109DC00070BD00002DE9F04FABB08346584607F058
:109DD00055F982465446584607F0F7F82A9028AAC3
:109DE00029A95046F8F7B3FD16A82A990DF03EF9B7
:109DF000BDF9A000002831DD12A803F028FD12AA49
:109E0000002150460FF0DCFA0020239063481790A1
:109E10000020189029A81F90BDF9A000ADF894006B
:109E200012A81E9016AA1A21504607F02DF9A08DEF
:109E3000A18C084480B2618DA28C114489B2CDE915
:109E40000010BDF8940083B229AA12A92A9803F041
:109E5000E0FC16AA1B21504607F016F94FF400311A
:109E600050460EF0F6FD06464FF4003150460EF017
:109E700099FE07464FF4003150460EF056FF8046DB
:109E80004FF4003150460EF007FD0546BE4201DD9D
:109E9000304600E03846A84501DD414600E029464D
:109EA000884205DDBE4201DD304606E0384604E06A
:109EB000A84501DD404600E02846BDF8A010081A7C
:109EC0000FFA80F9B9F1000F3BDD12A803F0BFFCD7
:109ED00012AA4FF4003150460FF072FA4FF40030DE
:109EE00023902E4817900120189029A81F90ADF8B4
:109EF000949012A81E9016AA1A21504607F0C4F892
:109F0000BDF94A00BDF99410884203DDBDF8940004
:109F1000ADF84A00208DA18C084480B2E18CA28C5F
:109F2000114489B2CDE90010BDF8940083B229AA8A
:109F300012A92A9803F06DFC16AA1B21504607F0BF
:109F4000A3F810ABBDF9A02029A95046F8F7E4FF0B
:109F500002A805F0F3FA02AA4FF4403150460FF080
:109F6000CBFB4FF4403023900C4817900220189000
:109F700010A8199002A81A9016AA1A21504607F0A4
:109F800083F810AA02A92A9805F0BCFA16AA1B2188
:109F9000504607F079F82BB0BDE8F08F444F04909D
:109FA0002DE9F34F8DB0FB480E990DF085FA0C901A
:109FB0000C98012802D00FB0BDE8F08F0E9806F083
:109FC000FCFF06460E9807F059F80B900E9807F024
:109FD00055F80446022E7DD109F032FA0A900A980B
:109FE00000B9E8E70A9809F080FA09900998012871
:109FF00000D0E0E708A90A9809F03CFA06AA07A9E8
:10A000000B98F8F7A4FCBDF82000BDF81C10401A0E
:10A0100000B2ADF82000BDF82200BDF81E10401AB5
:10A0200000B2ADF8220094F8340000F001000028DE
:10A030004BD14FF400310B980EF022FA0190BDF88D
:10A0400018100198081A00B206904FF480310B984E
:10A050000FF064F930B1BDF818100198081A00B279
:10A06000069015E0BDF91810CA1701EB9272931013
:10A07000019A934206DDBDF91800C21700EB9272F7
:10A08000921000E0019ABDF818309A1A12B20692A6
:10A09000BDF91800012801DA01200690BDF8200062
:10A0A00010FB00F0BDF8221011FB0100BDF81810E4
:10A0B00011FB01F1884207DDA08E20F00100401C59
:10A0C000A08614F0E2FDA06300BF94F8340000F015
:10A0D000010000E0BBE000B96DE7BDF8200018B951
:10A0E000BDF8220000B966E7A08D0FFA80FAA08DB6
:10A0F000618D884204DAA08D00F5B4700FFA80FA01
:10A10000BDF92010BDF9220000F0AFFC05B2A08C13
:10A11000281A05B2608D281A05B2002D02DA05F55D
:10A12000B47005B2608DAAEB00000FFA80FBA08F1F
:10A13000618D401A00B205900598281A07B2002FC9
:10A1400001DD384600E07842B0F58C7F08DD94F8F8
:10A150003400C0F3C00008B1002510E05D460EE0F9
:10A160000BEBDB71B5EB610F05DAA08E20F0080078
:10A170000830A08603E0A08E20F00800A086059895
:10A18000281A07B2A06B14F073FD0490E18E0498B6
:10A1900041434FF47A70B1FBF0F00FFA80F94F456C
:10A1A00001DD4F4606E0C9F10000874202DAC9F13D
:10A1B000000007B20598384405B2B4F93200B4F98A
:10A1C0003010401A618DAAEB0101C90091FBF0F03B
:10A1D00003900398001D001103900398284405B2D2
:10A1E000608D284405B2B4F92E000290B4F9320013
:10A1F0000090B4F93030618D524628460BF052F889
:10A200000FFA80F80B9800F04BF9404513D014F08A
:10A210003CFDA06341460B9800F07BFA0298804514
:10A2200009D000221C210B9806F02EFF0C900C98F0
:10A23000012800D0BFE6B4F93000404503D0B4F99E
:10A240003200404502D114F020FDA06326E1082E23
:10A2500001D0032E19D1A08E20F00100A0860B980A
:10A260000DF05AFA8046404607F03AFE074609F0DC
:10A27000E7F8814609F039F90546042D04D11FB1EC
:10A280000021404607F0CFFE08E10D2E31D10E9897
:10A2900006F0F1FE0578B4F92E70132D01D0112DC2
:10A2A0000AD10B9800F0FCF8401C0FFA80F84146E8
:10A2B0000B9800F02EFA0DE0142D01D0122D09D1CB
:10A2C0000B9800F0EDF8401E0FFA80F841460B980D
:10A2D00000F01FFAB4F92E00B84209D000221C2168
:10A2E0000B9806F0D1FE0C900C98012800D062E685
:10A2F000D4E0112E50D10E9806F0BDFE074609AAF3
:10A300000AA90B98F8F723FB00250B98806818B171
:10A310000B988068B0F9145000210B980EF0B0F83B
:10A32000804608EB0500BDF82410081A00B2099019
:10A33000BDF82A00BDF82410084400B20090BDF812
:10A340002800084403B2BDF82A00401A02B2BDF842
:10A350002800401A01B207A800F074FB47F6FF720C
:10A3600007A83968E9F74DFD10B10020387122E6E1
:10A3700008EB450002B208EB450001B207A800F067
:10A380003FFB47F6FF7207A83968E9F73AFD3871D5
:10A3900084E00000444F0490132E7AD100210B98E2
:10A3A0000EF057FB0A9000210B980EF0FBFB099072
:10A3B00000210B980EF0B9FC089000210B980EF0CC
:10A3C0006BFA0790DDE90910884201DD0A9A00E086
:10A3D000099ADDE90710884201DD089800E0079836
:10A3E000824207DDDDE90910884201DD0A9808E0B4
:10A3F000099806E0DDE90710884201DD089800E0D1
:10A40000079806904FF440310B980EF022FB8046DF
:10A410004FF440310B980EF0C5FB81464FF44031AC
:10A420000B980EF082FC82464FF440310B980EF0F0
:10A4300033FA0746C84501DD404600E04846BA45C4
:10A4400001DD514600E03946884205DDC84501DDA1
:10A45000404606E0484604E0BA4501DD504600E0CB
:10A460003846801C0FFA80FB0E9806F004FE054665
:10A47000B5F900100698ABEB0000814203DDB5F999
:10A48000000003E005E00698ABEB000000B2288076
:10A4900004E0152E02D10E98FFF794FC00BF8AE568
:10A4A000014600BF00BFB1F92E00704770B50546E8
:10A4B0000E4614462146284600F094F831462846B8
:10A4C00000F0E1F870BD70B505460E461446214611
:10A4D000284600F005F83146284600F042F870BDE5
:10A4E0002DE9F04180460F4600BF00BF4646B7F554
:10A4F000B47F02DDA7F5B47087B2B08D718D401ABC
:10A5000004B2708D381A05B2002C02DA04F5B4706A
:10A5100004B2002D02DA05F5B47005B2281B00283C
:10A5200001DD281B00E0601BB42803DD40460FF06E
:10A5300092FA10E0A54206DAB28D00233946404671
:10A54000FBF712F907E0AC4205DAB18D00233A4679
:10A550004046FBF709F9B78540461CF081FBBDE892
:10A56000F0812DE9F04180460F4600BF00BF46460E
:10A57000B7F5B47F02DDA7F5B47087B2B08D718DE9
:10A58000401A04B2B08DC01B05B2002C02DA04F5EB
:10A59000B47004B2002D02DA05F5B47005B2281BC0
:10A5A000002801DD281B00E0601BB42803DD4046C5
:10A5B0000FF051FA10E0A54206DA718D00233A46F9
:10A5C0004046FBF7D1F807E0AC4205DA728D002374
:10A5D00039464046FBF7C8F8778540461CF040FBFB
:10A5E000BDE8F0812DE9F04180460F4600BF00BF75
:10A5F0004646B7F5B47F02DDA7F5B47087B2308D5B
:10A60000F18C401A04B2F08C381A05B2002C02DA30
:10A6100004F5B47004B2002D02DA05F5B47005B289
:10A62000281B002801DD281B00E0601BB42803DD87
:10A6300040460FF010FA12E0A54207DA328D4FF4CF
:10A64000003339464046FBF78FF808E0AC4206DAA3
:10A65000318D4FF400333A464046FBF785F84046CB
:10A66000FBF7E8F837854046FBF7E4F8BDE8F081F2
:10A6700070B504460D4600BF00BF2646B58420468F
:10A680000FF0E9F970BD2DE9F04180460F4600BF9B
:10A6900000BF4646B7F5B47F02DDA7F5B47087B2B8
:10A6A000308DF18C401A04B2308DC01B05B2002CE5
:10A6B00002DA04F5B47004B2002D02DA05F5B470C4
:10A6C00005B2281B002801DD281B00E0601BB42810
:10A6D00003DD40460FF0BFF912E0A54207DAF18C26
:10A6E0004FF400333A464046FBF73EF808E0AC42F0
:10A6F00006DAF28C4FF4003339464046FBF734F863
:10A700004046FBF797F8F7844046FBF793F8BDE81F
:10A71000F0812DE9F04107460D4600BF00BF3C46E1
:10A72000B4F92E00A84201D1BDE8F081B4F932009D
:10A73000A84202DAB4F9320000E028460646B4F92D
:10A740003000B04202DDB4F9300000E03046064689
:10A75000B4F92E00B04200D1E6E7E68538461CF099
:10A760007FFA00BFE0E70A8802804A8842808A8830
:10A770008280CA88C28070470A8802804A884280E4
:10A780008A888280CA88C28070470A8802804A8884
:10A7900042808A888280CA88C28070470A88028084
:10A7A0004A8842808A888280CA88C28070470A8824
:10A7B00002804A8842808A888280CA88C280704724
:10A7C0000A8802804A8842808A888280CA88C28039
:10A7D00070470A8802804A8842808A888280CA88B4
:10A7E000C28070470A8802804A8842808A888280B4
:10A7F000CA88C28070470A8802804A8842808A8854
:10A800008280CA88C28070470A8802804A88428053
:10A810008A888280CA88C28070470A8802804A88F3
:10A8200042808A888280CA88C28070470146C88870
:10A830004A88801A401C00B270470146C8884A887E
:10A84000801A401C00B270470146C8884A88801AA6
:10A85000401C00B270470146C8884A88801A401CD4
:10A8600000B270470146C8884A88801A401C00B26E
:10A8700070470146C8884A88801A401C00B2704759
:10A880000146C8884A88801A401C00B270470146B9
:10A89000C8884A88801A401C00B270470146C888A0
:10A8A0004A88801A401C00B270470146C8884A880E
:10A8B000801A401C00B270470146C8884A88801A36
:10A8C000401C00B270470146C8884A88801A401C64
:10A8D00000B270470146C8884A88801A401C00B2FE
:10A8E00070470146C8884A88801A401C00B27047E9
:10A8F00010B50146B1F90420B1F90030D21A521C4A
:10A90000B1F90630B1F902401B1B5B1C02FB03F0DE
:10A9100010BD014688880A88801A401C00B2704722
:10A92000014688880A88801A401C00B27047014698
:10A9300088880A88801A401C00B2704701468888BF
:10A940000A88801A401C00B27047014688880A882D
:10A95000801A401C00B27047014688880A88801A15
:10A96000401C00B27047014688880A88801A401C43
:10A9700000B27047014688880A88801A401C00B2DD
:10A980007047014688880A88801A401C00B27047C8
:10A99000014688880A88801A401C00B27047014628
:10A9A00088880A88801A401C00B27047014688884F
:10A9B0000A88801A401C00B27047014688880A88BD
:10A9C000801A401C00B27047014688880A88801AA5
:10A9D000401C00B27047014688880A88801A401CD3
:10A9E00000B27047014688880A88801A401C00B26D
:10A9F0007047014688880A88801A401C00B2704758
:10AA000003885B1A1BB2038083880B441BB28380CC
:10AA100043889B1A1BB24380C38813441BB2C38074
:10AA2000704703880B441BB2038083880B441BB21E
:10AA30008380438813441BB24380C38813441BB2F2
:10AA4000C380704710B5029C018042808380C4801F
:10AA500010BD42880A44521E12B2C280704702885A
:10AA60000A44521E12B282807047F0B506460D4667
:10AA70000024002E02DA601CC4B276423746002D54
:10AA800002DAA01CC4B26D42AC46674509D9CCEBD2
:10AA90000C1000EB4000B0FBF7F304F11000C4B25F
:10AAA00005E0C7EB071000EB4000B0FBFCF3002211
:10AAB000D9B2162910DD2C2901DC501CC2B229297B
:10AAC00001DC501CC2B2252901DC501CC2B2202975
:10AAD00012DC501CC2B20FE0022901DB501CC2B2D2
:10AAE000062901DB501CC2B20A2901DB501CC2B28C
:10AAF0000F2901DB501CC2B2134404F0100008B14E
:10AB0000C3F15A0304F0020038B104F0010008B1A7
:10AB1000B43307E0C3F1B40304E004F0010008B16A
:10AB2000C3F5B47398B2F0BD70B504460D46264621
:10AB3000F56030680EF08FFF70BD2DE9F0410646DC
:10AB4000346827683D464FF0FF30E06005F13C0077
:10AB5000844202D1A068686205E005F14C0084429D
:10AB600001D1A068286320680EF075FFBDE8F08170
:10AB700070B506460C4625460020A8626420E862AF
:10AB8000002028636862A88600212987E9866987F2
:10AB900085F85C0005F13C01204600F0C8F805F19D
:10ABA0004C01204600F0C3F8082120460BF07AFF44
:10ABB000102120460BF076FF00221146204600F0BF
:10ABC000F3F870BD70B506460C462546002105F128
:10ABD0003C00FEF759FF002105F14C00FEF754FF41
:10ABE00070BD00002DE9F34F83B03C4804990CF090
:10ABF00063FC02900298012802D005B0BDE8F08FF6
:10AC0000049806F0DAF90546049806F037FA064685
:10AC1000132D50D14FF4003130460BF0CAFD019096
:10AC2000049806F028FA0446B4F90010019881420D
:10AC300002DDB4F9000000E00198208000213046D8
:10AC40000DF014FF8046002130460DF0B8FF81461C
:10AC5000002130460EF076F88246002130460DF095
:10AC600028FE0746C84501DA404600E04846BA4596
:10AC700001DA514600E03946884205DAC84501DA72
:10AC8000404606E0484604E0BA4501DA504600E096
:10AC900038468346BBF1000F0CDAB4F90000CBF163
:10ACA0000001884202DDB4F9000001E0CBF10000B0
:10ACB00000B220800FE0012D01D0082D06D13446CE
:10ACC00004F1340130460EF000FF04E0152D02D1EE
:10ACD0000498F0F743F900BF8FE70000604F04903D
:10ACE000014600BF00BF0A4692F85C0000F0030076
:10ACF0007047024600BF00BF114691F85C0000F0AB
:10AD00000300022801D0886A7047886D401C08B192
:10AD1000486DF9E7086BF7E7024600BF00BF114630
:10AD2000886C401C08B1486C7047486AFCE70860B2
:10AD300000224A608A60521ECA607047F8B5064613
:10AD40000D46174600BF00BF344694F85C0000F083
:10AD50000300022800D0F8BDD4E90A10A84201DDA2
:10AD6000284600E0E06A814201DDA06A05E0E06A71
:10AD7000A84201DD284600E0E06A0546606AA84274
:10AD800001DA606A00E028460546206BA84200D13F
:10AD9000E1E704F14C0304F1300229463046009704
:10ADA00000F036F800BFD6E7F8B506460D46174660
:10ADB00000BF00BF3446606AA84200D1F8BDD4E9A4
:10ADC0000A10A84201DD284600E0E06A814201DD68
:10ADD000A06A05E0E06AA84201DD284600E0E06ADA
:10ADE0000546206BA84201DD206B00E028460546A1
:10ADF000606AA84200D1E1E704F13C0304F12402B7
:10AE000029463046009700F003F800BFD6E700005F
:10AE10002DE9F04792B007460D4616461C46DDF870
:10AE20006890B9F1000F04D1356038460EF013FE7A
:10AE300033E0E068401C18B930686060A56002E04B
:10AE4000A0686060A560356000212046FEF71CFE0A
:10AE500002A8FEF761FE00BF029400BF10480390F5
:10AE600000BF00204FF4807109900A900B9100BF41
:10AE70000C48059000BF4FF0000A65225146384645
:10AE80000DF0C8FF0190DDF8048000BFCDF83080E0
:10AE900000BF02A8FEF70AFF00BF12B0BDE8F087AE
:10AEA00029AB01903BAB01902DE9F04F04460D46D4
:10AEB000C4F5806101FB01F0860A06FB01F04FEA50
:10AEC000902C04FB04F0870A07FB04F04FEA90285B
:10AED0000CFB05F04FEA902906EB46006043504317
:10AEE0004FEA105A01EB4100784358434FEA105B98
:10AEF000099808FB00F04FEA902E09EB0A0058442D
:10AF00007044BDE8F08F70B505460C461021204610
:10AF10000BF0C8FD4FF4806120460BF0A7F870BD20
:10AF200070B5044600BF00BF214604480BF00BFD7E
:10AF3000054628460BF07CFD284670BD7C4F0490EA
:10AF40002DE9F04107460C46164600BF00BF3D46BE
:10AF5000288EA04201DCBDE8F081E86A30F81400D8
:10AF6000B043E96A21F8140021463846FAF775FC27
:10AF700006F4007010B138460FF0EAFA00BFEAE7B5
:10AF80002DE9F04105460E4600BF00BF2F460024C4
:10AF900006E0324621462846FFF7D2FF601C84B205
:10AFA000388EA042F5DCBDE8F081000070B50646A1
:10AFB0000C4625460020288668864FF6FF70A88636
:10AFC0000020A862E862686285F8360002492046DF
:10AFD00000F022FC70BD00000C03002470B5044694
:10AFE00000BF00BF214604480BF0ADFC05462846D3
:10AFF0000BF01EFD284670BD984F049070B50646B4
:10B000000C462546A86A0AF02FFAE86A0AF02CFADC
:10B010000020A862E86270BD2DE9F34F83B0FB48C1
:10B0200004990CF049FA0746012F02D005B0BDE89B
:10B03000F08F049805F0C1FF0546049806F01EF84D
:10B0400080464446132D18D1049806F014F806469D
:10B050004046F9F78DF868B1608E002806DD40465D
:10B060000CF0D0FA618E90FBF1F000E0002000B20D
:10B07000308001E00020308000BF2A2D04D14046FE
:10B08000616A00F0C9FB29E3292D04D14046616AB9
:10B0900000F0C2FB22E3012D60D1049805F0EBFF24
:10B0A0008246A18E4046FAF7D8FB08F0C9F9064659
:10B0B00008F01BFA8146B9F1010F02D0B9F1030F74
:10B0C0001ED102A9504608F0D5F902A94046F7F76B
:10B0D0002DFB06464FF6FF70864210D0E16A31F82C
:10B0E0001600EBF791FF50B9E16A31F81600EBF763
:10B0F00087FF20B9A686A18E4046FAF7AEFB00BFB7
:10B10000A08E4FF6FF71884227D0A28EE16A31F8F7
:10B110001200EBF771FF00BBA28EE16A31F812005A
:10B12000EBF776FFC8B9A28EE16A31F81200EBF7AF
:10B130006BFF90B9A28EE16A31F81200EBF760FF65
:10B1400058B9A08E019001AA1C21404605F09CFF31
:10B150000746012F00D069E700BFBFE2022D59D199
:10B16000049805F088FF82464FF6FF7608F068F9EC
:10B170008346584608F0B9F98146B9F1040F02D068
:10B18000B9F1020F00D151E702A9584608F072F94F
:10B1900002A94046F7F7CAFA0646A08EB04238D058
:10B1A000A08E4FF6FF71884203D0A18E4046FAF779
:10B1B00054FBA686504608F09BFA4FF6FF70864275
:10B1C00027D0E16A31F81600EBF71EFF08BBE16AF1
:10B1D00031F81600EBF714FFD8B931464046FAF7BC
:10B1E0003CFBE16A31F81600EBF706FF88B9A28E46
:10B1F000E16A31F81200EBF70BFF50B9019601AA92
:10B200001C21404605F040FF0746012F00D00DE706
:10B2100000BF63E2082D69D1A08E4FF6FF7188420E
:10B220005FD0A28EE16A31F81200EBF7DDFE80B349
:10B23000A28EE16A31F81200EBF7E6FE48BBA28E5F
:10B24000E16A31F81200EBF7CBFE78B194F83600E2
:10B2500000F0010050B9A18EE06A30F8110020F032
:10B260008000A28EE16A21F8120009E0A18EE06A56
:10B2700030F8110040F08000A28EE16A21F812003F
:10B2800094F8360000F0010018B1A18E404614F089
:10B29000BDFBA28EE16A31F81200EBF7ADFE30B9CA
:10B2A000A28EE16A31F81200EBF7B2FEC8B1A28EAD
:10B2B000E16A31F81200EBF7A7FE90B9A28EE16ABD
:10B2C00031F81200EBF79CFE58B9A08E019001AA4C
:10B2D0001C21404605F0D8FE0746012F00D0A5E608
:10B2E00000BFA18E4046FAF7B8FAF7E1062D28D143
:10B2F000A08E4FF6FF7188428BD0A28EE16A31F8A2
:10B300001200EBF78DFE0028EFD1A28EE16A31F832
:10B310001200EBF779FE0028E7D1A28EE16A31F83E
:10B320001200EBF76DFE0028DFD1A08E019001AA7C
:10B330001C21404605F0A8FE0746012F00D075E607
:10B34000CCE1032D07D1A18E4046FAF786FA4FF6DD
:10B35000FF70A086C2E10E2D5ED1049805F08BFE31
:10B360008246504608F0C1F88346BAF1000F07D173
:10B37000002008F06BF88246504608F0B6F8834685
:10B3800040460CF0C9F9064606F0AAFD8146A08E9B
:10B390004FF6FF7188423ED1BBF1020F05D0BBF1E1
:10B3A000040F35D1B9F1000F32D0002694F83600E1
:10B3B00000F00100B8B100E0761CE16A31F8160037
:10B3C000EBF71EFE0028F7D1E16A31F81600EBF723
:10B3D0001BFE0028F0D1E16A31F81600EBF708FEF9
:10B3E0000028E9D00FE000E0761CE16A31F8160091
:10B3F000EBF706FE0028F7D1E16A31F81600EBF70B
:10B4000003FE0028F0D1A68605E00000984F0490C6
:10B410004FF6FF70A08661E10F2D01D0102D0CD1E9
:10B42000A08E4FF6FF71884203D0A18E4046FAF7F6
:10B4300014FA4FF6FF70A08650E10D2D79D1A18E40
:10B440004046FAF70AFA049805F015FE90F80090C5
:10B45000B9F1130F2BD1A08E4FF6FF71884202D1A4
:10B460000020A08602E0A08E401CA086A08E218E27
:10B47000884201DB0020A08608E0A08E401CA08648
:10B48000A08E218E884201DB0020A086A28EE16A78
:10B4900031F81200EBF7B4FD0028EED1A28EE16A7C
:10B4A00031F81200EBF7B0FD0028E6D10CE1B9F15C
:10B4B000140F2ED1A08E4FF6FF71884201D10020CB
:10B4C000A086A08E18B9208E401EA08605E0A08E12
:10B4D000002802DDA08E401EA08609E0A08E002874
:10B4E00003DDA08E401EA08602E0208E401EA086B6
:10B4F000A28EE16A31F81200EBF782FD0028EDD14F
:10B50000A28EE16A31F81200EBF77EFD0028E5D14A
:10B51000DAE0B9F1120F6AD1002140460DF03EFA8F
:10B520008346A08E4FF6FF7188421DD10020A08671
:10B5300009E0CEE0A08E401CA086A08E218E88421D
:10B5400001DB0020A086A28EE16A31F81200EBF741
:10B5500057FD0028EED1A28EE16A31F81200EBF718
:10B5600053FD0028E6D141E0A28EA16A01EBC200A2
:10B57000FFF731FAA28EA16A31F8321001EB6000B8
:10B580000FFA80FAA68E28E0A06A00EBC600B0F998
:10B590000200A28EA16A01EBC201B1F90210884239
:10B5A00019DDA06A30F93600504514DCA06A00EBC2
:10B5B000C600B0F90400584450450CDBE16A31F88C
:10B5C0001600EBF721FD30B9E16A31F81600EBF710
:10B5D00017FD00B904E0701C86B2208EB042D3DCA7
:10B5E00000BF208EB04200DDA68600BF6CE0B9F13E
:10B5F000110F69D1002140460DF0D0F98346A08E8D
:10B600004FF6FF7188421CD10020A08608E0A08E72
:10B61000401CA086A08E218E884201DB0020A086DF
:10B62000A28EE16A31F81200EBF7EAFC0028EED1B5
:10B63000A28EE16A31F81200EBF7E6FC0028E6D1B1
:10B6400041E0A28EA16A01EBC200FFF7C4F9A28E0D
:10B65000A16A31F8321001EB60000FFA80FAA08E77
:10B6600006B229E0A06A00EBC600B0F90200A28E83
:10B67000A16A01EBC201B1F9021088421ADAA06A8C
:10B6800030F93600A0EB0B00504513DCA06A00EB4C
:10B69000C600B0F9040050450CDBE16A31F8160031
:10B6A000EBF7B2FC30B9E16A31F81600EBF7A8FC11
:10B6B00000B903E0701E06B2002ED3DA00BF002EE0
:10B6C00000DBA68600BF00BFA18E4046FAF7C5F892
:10B6D00004E0152D02D10498F0F742FF00BFA5E465
:10B6E0002DE9F04180460E4600BF00BF4FF6FF70C7
:10B6F000864202D10020BDE8F0814446208EB0424F
:10B7000001DA0020F7E7002500270CE0781C87B25B
:10B71000681C85B2616A51F8250008A1E4F740FF72
:10B7200008B9681C85B2B742F0D1208EB84201D169
:10B730000020E0E7606A50F82500DCE70A0000001E
:10B74000014600BF00BF0A46908E704710B5034601
:10B7500000BF00BF1C46208E884201DC002010BDC7
:10B76000E06A30F811001040904201D10120F6E764
:10B770000020F4E72DE9F04107460D46164600BFCC
:10B7800000BF3C46208EA84201DCBDE8F08194F861
:10B79000360000F0010030B106F0800018B18021C1
:10B7A0003846FFF7EDFBE06A30F815003043E16AF8
:10B7B00021F8150029463846FAF74FF806F40070CC
:10B7C00010B138460EF0C4FE00BFDEE72DE9F041AF
:10B7D00005460E4600BF00BF2F46002406E0324655
:10B7E00021462846FFF7C6FF601C84B2388EA0426F
:10B7F000F5DCBDE8F08170B504460E4600BF00BF21
:10B800002546298E4A003146E86A09F0B6FE2046F0
:10B81000696A00F001F870BD2DE9F34F91B08046E0
:10B8200000BF00BF129810B913B0BDE8F08F4446B6
:10B8300040461299EAF7FAFD129E6662002541F22F
:10B840006A42294620460DF0E5FA08900898C0B2F1
:10B850001090002140460DF016F90F90002140464F
:10B860000DF07DFA0E90002140460DF010FA0D907B
:10B87000002140460DF092F8834640460BF0E1FE71
:10B880000C9040460BF0BEFE0B90628E521E0D993E
:10B890000B9801FB120000B20A900020099081462B
:10B8A000129E0027A1E00020089000250CE009EB83
:10B8B0000502E16A31F81200F7F736F808990844F2
:10B8C00080B20890681C85B256F8250050B156F831
:10B8D00025004CA1E4F764FE20B156F8250000785D
:10B8E0000028E4D11DB9681C06EB80067CE00A98AC
:10B8F0007843618EB0FBF1F10E9801440D9807FB7F
:10B90000001000B20790791C0A984843618EB0FB82
:10B91000F1F10E9801440D9807FB0010401E00B293
:10B920000690691E0C980BFB110000B2059005985B
:10B93000002801DA002005900020049082464DE0A6
:10B94000E16A31F81900F6F7EFFF0390DDE9041022
:10B9500048430899B0FBF1F00AFB0B0000B20290DB
:10B96000DDE903100844059948430899B0FBF1F05C
:10B970000AFB0B00401E00B20190109801280ED166
:10B980000298019902910190029A0C99891A09B2C0
:10B9900002910C990198091A09B2019100BF0F99FF
:10B9A0000298084400B202900F990198084400B22E
:10B9B000019006980090A16A01EBC900DDE9013110
:10B9C000079AFFF73FF8DDE90310084404900AF1F5
:10B9D000010A09F101090998401C0990AA45AFD351
:10B9E000681C06EB800600BF7F1C608EB8423FF6E5
:10B9F0005AAF40460EF0ACFD40460EF02CF800BFAA
:10BA000012E700000A00000070B504460D4600BFB2
:10BA100000BF264686F836500021204613F0F6FF78
:10BA200070BD70B506460C4600BF00BF3546288E77
:10BA3000A04204DC4FF6FF70844200D070BDA98E96
:10BA40003046F9F70AFFAC8621463046F9F705FF84
:10BA500000BFF3E72DE9F04781460D462C4640F242
:10BA6000E470208501212A2001552B20015540F248
:10BA7000E470A0852E2001552F2001550020206361
:10BA8000A086A82104F58C7009F005FF0027002688
:10BA900026E06EB1701CC11700EB5171C910A0EB0C
:10BAA000C10129B931A104F1380040F8261015E090
:10BAB000082E07DA2E4850F8261004F1380040F816
:10BAC00026100BE0782104F58C7000F8271000EBAD
:10BAD0008701E03840F82610781CC7B2701CC6B247
:10BAE000382ED6DB23A1C4F814112846FFF776FAC6
:10BAF000606204F13801606AFFF78EFE4FF48871CE
:10BB0000606AFFF763FE00231A221B49606A0AF08D
:10BB100065FA6420002804DAC0F57A7141F4005116
:10BB200001E040F400510FFA81F84146606A0FF0DD
:10BB3000E1FB012128460FF0BDF80121606A0FF0FA
:10BB4000CBF894F92E20A18D284600F01FF894F927
:10BB50002B3094F92A20218D284600F0D9F84FF493
:10BB60008041606A0AF082FABDE8F0870A000000AE
:10BB70008401002400000000A9DB0090014600BF02
:10BB800000BF0A4602F12C00704700002DE9F74F74
:10BB900082B0064600BF00BF34460398A0850498D3
:10BBA00041B22E20015501212F200155A08DADF865
:10BBB00004002E20005D8DF806002F20005D8DF81A
:10BBC00007002021606AFFF7DBF9002506E020224C
:10BBD0002946606AFFF7CEFD681CC5B2072DF6DB6B
:10BBE0009DF90610BDF80400F7F706FB81469DF9A4
:10BBF0000610BDF804000122F6F722FF07463D4675
:10BC00004FF001080EE004F58C7101EB850043460E
:10BC10003EA2042110F0C4FE681CC5B208F1010068
:10BC200000F0FF0809EB0700A842ECDC9DF90620B4
:10BC3000511EBDF80400F7F7DFFA82460025AAEB93
:10BC40000700401C00F0FF0813E004F58C7101EBC5
:10BC5000850043462DA2042110F0A2FE2022E91DFA
:10BC6000606AFFF787FD681CC5B208F1010000F0AB
:10BC7000FF08BD42E9DB07EB0900C5B24FF0010840
:10BC800013E004F58C7101EB850043461FA20421EB
:10BC900010F086FE2022E91D606AFFF76BFD681C2C
:10BCA000C5B208F1010000F0FF082A2DE9DB30469B
:10BCB000F8F7B0FA606AFFF743FD4FF6FF7188426C
:10BCC00003D0F91D606AFFF7ACFE30460DF0C3FEED
:10BCD00030460BF034FC8346002511E029463046FF
:10BCE0000BF00FFC0090616A0098814200D105E0E2
:10BCF00032461C21009805F0C7F900BF681CC5B288
:10BD00005D45EBD305B0BDE8F08F00002564000071
:10BD10002DE9F04104460E461746984600BF00BF85
:10BD200025462E8579B22C462A2041554FFA88F1B6
:10BD30002B2041552046F8F76DFABDE8F08170B52B
:10BD400006460C462546102105F12400E9F710FAB5
:10BD5000102105F13000E9F70BFA0020A5F86C007E
:10BD6000A5F8740000216E204153762041536420D1
:10BD7000A5F87000A5F878006421722041537A205C
:10BD8000415303207C3568800520A8800A20E88084
:10BD900047F6FF702880287B20F00700401C28739E
:10BDA000287B20F0080028734FF480702881688178
:10BDB0007C3D70BD2DE9F04180460E46344613E0CF
:10BDC00004F12400E9F7A9F90546287BC0F38000B7
:10BDD00010B9686809F048FB294604F12400E9F726
:10BDE0001BFA284609F040FBA06A0028E8D104F1BC
:10BDF0002400E9F77AF90CE004F13000E9F78DF955
:10BE00000746394604F13000E9F706FA384609F0EA
:10BE10002BFB606B0028EFD104F13000E9F765F9E6
:10BE2000BDE8F0812DE9F84F884641466F480BF098
:10BE300043FB8146B9F1010F01D0BDE8F88F4046C0
:10BE400005F0BBF80546404605F018F906463446AD
:10BE5000012D2FD107F0F4FA83466946584607F0C2
:10BE600009FBBDF80000B18A401A00B2ADF800002D
:10BE700030460BF051FDBDF8001008440FFA80FA6F
:10BE800051463046F6F73CFF0746B4F87C00B8420E
:10BE90000FD0B9B23046F9F769FDB4F87C103046DE
:10BEA000F9F764FDA4F87C7000221C21304605F0EF
:10BEB000EBF898E0082D09D1B4F87C103046F9F77A
:10BEC00055FD47F6FF70A4F87C008CE0292D03D1C6
:10BED00030460EF06CFB86E0132D33D1B4F94020D0
:10BEE000B4F94C00824202DDB4F9400001E0B4F93B
:10BEF0004C00B4F95830B4F96420934202DDB4F92F
:10BF0000582001E0B4F9642090420BDDB4F94020E0
:10BF1000B4F94C00824202DDB4F940000DE0B4F9FE
:10BF20004C000AE0B4F95820B4F96400824202DD02
:10BF3000B4F9580001E0B4F964000146404605F048
:10BF4000D9F850E02C2D16D1404605F094F807465C
:10BF500030460BF076FBB4F884104843001200B270
:10BF6000388030460BF04EFBB4F886104843001280
:10BF700000B2788037E0152D35D1404605F025F820
:10BF8000074639463046EEF7B7FB39463046ECF700
:10BF900099FE04F12400E9F733F9F8B994F8880020
:10BFA00000F00700012804D139463046F2F7FAFCC8
:10BFB00014E094F8880000F00700022804D1394604
:10BFC0003046F2F7A9FB09E094F8880000F007007A
:10BFD000032803D139463046F2F77AFF3946304616
:10BFE000EEF77AF900BF00BF27E7000044BC0390DA
:10BFF0002DE9F04F87B081460E4617461D4600BF1B
:10C00000B9F1000F03D100BF00BF00BFFEE700BFC2
:10C0100000BF1EB900BF00BF00BFFEE700BF00BFEA
:10C0200000BF4C46B4F88200B84207DC00BF00BF36
:10C0300000202880688007B0BDE8F08F48460BF0EC
:10C0400000FB34F8841F484300120FFA80F848467A
:10C050000BF0D8FA6188484300120FFA80FA207971
:10C06000843C00F00700012809D108FB07F0B4F870
:10C070008210491E90FBF1F000B2288079E094F81C
:10C08000880000F00700032818D1CDF8008033683D
:10C0900033F91700337BC3F3C00C04F1780333F991
:10C0A0001C20337BC3F3C00C04F1740333F91C1060
:10C0B000002309F0F7F800B228805AE094F88800CD
:10C0C00000F00700022854D104F12400E9F72BF80E
:10C0D00005904FF4A02148460CF039FC8234618869
:10C0E000484300120490002148460CF030FC61885F
:10C0F0004843001203902188491E039801FB1081D8
:10C10000208891FBF0F000B2029005990298B0FBF4
:10C11000F1F000B2019008FB07F034F8821990FBAF
:10C12000F1F000B228800020009004F12400E9F72B
:10C1300019F800900EE00098B04200D10DE0298877
:10C140000198084400B2288004F124000099E9F71E
:10C1500003F8009000980028EDD100BF049A0199DF
:10C16000881A00EBD0712A8802EB610109B229809C
:10C1700000BF002148460CF038FA834600214846AB
:10C180000CF04DFC58442988084400B228804846E9
:10C190000BF0C2FB2988081A00B228800020069004
:10C1A000706830F91710307BC0F3001204F16C0096
:10C1B00030F91200081A00FB0AF00690307BC0F339
:10C1C000001104F1700030F91110307BC0F300123F
:10C1D00004F16C0030F91200091A069890FBF1F096
:10C1E00006900698AAEB000000B26880002148463D
:10C1F0000CF081FD58446988084400B268804846C4
:10C200000BF084FC6988081A00B2688000BF12E74E
:10C2100070B506460C46254608A068620120A86253
:10C220000221204609F022FF0821204609F01EFFC6
:10C230004FF48061204609F019FF70BD43686563C3
:10C240006B20626F7800000070B5044600BF00BF2D
:10C25000214604480AF077FB054628460AF0E8FB29
:10C26000284670BDB44F049070B506460C4625466E
:10C2700095F8280000F0010020B9686A09F0F4F888
:10C280000020686270BD00002DE9F14FBEB03E98FD
:10C2900004F0F4FE044625463E9804F096FE3D90D8
:10C2A000002120460CF077FE074600BFB7F90800D2
:10C2B0000646A2464FF0000B41F232025946504664
:10C2C0000CF0A8FD0290029800B2804600212046A2
:10C2D0000CF052FD40440FFA80F9002120460CF08A
:10C2E000DFFB404400B23C90002120460CF063FB91
:10C2F0003B904FF4003120460CF0D2FB3A904FF4C3
:10C30000003120460CF075FC39904FF40031204686
:10C310000CF032FD38904FF4003120460CF0E3FA77
:10C3200037904FF4003B40F60A02594650460CF055
:10C3300071FD0290029800B2369000BF40F60B02E9
:10C34000594650460CF066FD0290029800B23590B6
:10C3500027A803F0F3F827AA594620460DF0CCF998
:10C36000A18A3C98084400B2ADF89400BDF894004E
:10C3700081193A98014439980844401E00B2ADF83A
:10C380009800E08A484400B2ADF89600BDF89600E7
:10C3900081193898014437980844401E00B2ADF81E
:10C3A0009A0000BFBDF89400ADF88C00BDF896006F
:10C3B000ADF88E00BDF89800ADF89000BDF89A0079
:10C3C000ADF8920000BFBDF88C103698081A00B284
:10C3D000ADF88C00BDF890103698084400B2ADF866
:10C3E0009000BDF88E103598081A00B2ADF88E0096
:10C3F000BDF892103598084400B2ADF8920011A82B
:10C400003D990AF033FE27A8159037481290002076
:10C41000139023A8149058461E9011AA1A21204662
:10C4200004F032FE23AA27A93D9803F06BF811AA65
:10C430001B21204604F028FE002120460CF01AFEA5
:10C440001090002120460CF0EEFD0F90002141F6E7
:10C45000FF721098CDE901210090696A3A460EA852
:10C460000F9B12F0FDFF06A802F05CF806AA00215F
:10C4700020460DF066F800BFBDF89A10BDF8962072
:10C48000891A491C09B2881B00EBD071491009B206
:10C490000591BDF898103B98084400B2ADF80C0027
:10C4A000BDF80C00BDF83810084400B2ADF810001B
:10C4B000E08A00EB09010598084400B2ADF80E00CF
:10C4C000BDF80E00BDF83A10084400B2ADF81200F5
:10C4D0000020009003AA06A96B6A3D9801F06EFC4B
:10C4E0003FB0BDE8F08F0000B44F04902DE9F04F4D
:10C4F0008DB00F4639464C480AF0DEFF0C900C9880
:10C50000012802D00DB0BDE8F08F384604F055FD8B
:10C510000446384604F0B2FD05462C2C67D1384657
:10C5200004F0A9FD0646AA46002128460CF033FD7A
:10C53000804600BFB8F908008146002128460CF06B
:10C5400099FD8346002128460CF06DFD0B900020DC
:10C5500041F6FF71CDE900B10290DAF824104246AD
:10C560000AA80B9B12F07CFF002128460CF023FA4E
:10C5700009904FF4003128460CF092FA08904FF4DD
:10C58000003128460CF035FB07904FF40031284667
:10C590000CF0F2FB06904FF4003128460CF0A3F9A2
:10C5A0000590089809EB00010798084400B2ADF81F
:10C5B0001000069809EB00010598084400B2ADF898
:10C5C0001200BDF81000BDF8281001440998084475
:10C5D00000B23080BDF91200BDF92A10884202DD98
:10C5E000BDF9120001E0BDF92A0070801AE0132C99
:10C5F00013D1384604F03FFD06464FF4003128467B
:10C600000AF0D7F88046B6F90000404502DDB6F9D9
:10C61000000000E04046308004E0152C02D138468E
:10C62000FFF732FE00BF6DE7B44F04902DE9F041F3
:10C6300005460E462C463046E3F7ECFE074694F8D6
:10C64000280000F0010028B9791C606A08F060FF3A
:10C65000606203E0781C08F039FE60623146606A6F
:10C66000E3F7B4FE0020A06228460DF0A0FF2846A4
:10C670000DF0F1F9BDE8F08130B5044601F4C04099
:10C68000B0F5005F01D1012000E0002030B121F4BD
:10C69000C040B0F5FA6F01DC012000E0002080B15D
:10C6A00021F4C040B0F57A7F04DD21F4C040C0F52C
:10C6B0007A7001E021F4C0405843642590FBF5F006
:10C6C00001B202F4C040B0F5005F01D1012000E0EA
:10C6D000002030B122F4C040B0F5FA6F01DC012037
:10C6E00000E0002080B122F4C040B0F57A7F04DD84
:10C6F00022F4C040C0F57A7001E022F4C0405843F3
:10C70000642590FBF5F002B2944201DA204600E085
:10C710001046884201DA084630BD944201DA2046CC
:10C72000FAE71046F8E730B5044601F4C040B0F52A
:10C73000005F01D1012000E0002030B121F4C040B1
:10C74000B0F5FA6F01DC012000E0002080B121F497
:10C75000C040B0F57A7F04DD21F4C040C0F57A70A6
:10C7600001E021F4C0405843642590FBF5F001B28C
:10C7700002F4C040B0F5005F01D1012000E00020CC
:10C7800030B122F4C040B0F5FA6F01DC012000E0C6
:10C79000002080B122F4C040B0F57A7F04DD22F49D
:10C7A000C040C0F57A7001E022F4C04058436425CF
:10C7B00090FBF5F002B2944201DA204600E0104608
:10C7C000884201DA084630BD944201DA2046FAE791
:10C7D0001046F8E708B500221146104600F05DF952
:10C7E0000090BDF80010084608BD08B500221146AB
:10C7F000104600F06AF90090BDF80010084608BD28
:10C800001CB5002001460246D408BDF8003064F390
:10C8100004038C080093BDF8003064F34A13C40885
:10C820000093BDF8003064F3CF230093BDF80040BF
:10C8300023460193BDF8041008461CBD08B500222C
:10C840001146104600F089F90090BDF80010084626
:10C8500008BD01B583B003980190BDF80400C00A7B
:10C86000C0EBC00202EB0020C01DC0F347108DF8E2
:10C870000200BDF80400C0F3451000EB400202EBDB
:10C880000020C01CC0F387108DF80100BDF8040023
:10C8900000F01F00C0EBC00202EB0020C01DC0F37F
:10C8A00047108DF80000FF208DF8030000980290DB
:10C8B0009DF808009DF80A20032313FB02009DF851
:10C8C0000920042313FB0201C1F3C70004B000BD1B
:10C8D00013B582B00C46FFF7B1FF224601900299D2
:10C8E00000F0F4F90090BDF80010084604B010BD47
:10C8F00037B503461C4604F0030525B1BDF80450C6
:10C900001D809B1C521EBDF8045005EB05411846C6
:10C9100010E00160001D0160001D0160001D01604C
:10C92000001D0160001D0160001D0160001D01600F
:10C93000001D103A102AECD8034604E0BDF804505C
:10C940001D809B1C521E002AF8D13EBD016070471D
:10C9500008B5014601F47800000A01F47C4240EA7F
:10C960005210C1F3C40210430090BDF800201046DD
:10C9700008BD2DE9F04F85B0824689461446CAEBC2
:10C980000A204FF4B471B0FBF1F01FFA80FAC9EB42
:10C990000920642190FBF1F000F0FF09C4EB0420B2
:10C9A00090FBF1F0C4B2B9F1000F0BD12246214641
:10C9B000204600F0D2F80090BDF80010084605B0FF
:10C9C000BDE8F08F2B209AFBF0F0C0B204902B2131
:10C9D000049810FB01F0AAEB000000EB40004006B9
:10C9E000000E0390C9F1FF0060434FEA202803982E
:10C9F00009FB00F0FF21A1EB202060430012029010
:10CA00000398C0F1FF0000FB09F0A1EB2020604378
:10CA10004FEA202B0498052818D2DFE800F003071E
:10CA20000B0F130025465E46474613E0029D26463F
:10CA300047460FE0454626465F460BE04546029EC8
:10CA4000274607E05D464646274603E0254646461C
:10CA5000029F00BF00BF3A463146284600F07DF8ED
:10CA60000190BDF804100846A9E718B50346D4089C
:10CA7000BDF8000064F304008C080090BDF80000CD
:10CA800064F34A10DC080090BDF8000064F3CF2086
:10CA90000090BDF80040204618BD18B50346D408E4
:10CAA000BDF8000064F304008C080090BDF800009D
:10CAB00064F34A10DC080090BDF8000064F3CF2056
:10CAC0000090BDF80040204618BD18B50346D408B4
:10CAD000BDF8000064F304008C080090BDF800006D
:10CAE00064F34A10DC080090BDF8000064F3CF2026
:10CAF0000090BDF80040204618BD18B50346D40884
:10CB0000BDF8000064F304008C080090BDF800003C
:10CB100064F34A10DC080090BDF8000064F3CF20F5
:10CB20000090BDF80040204618BD18B50346D40853
:10CB3000BDF8000064F304008C080090BDF800000C
:10CB400064F34A10DC080090BDF8000064F3CF20C5
:10CB50000090BDF80040204618BD18B50346D40823
:10CB6000BDF8000064F304008C080090BDF80000DC
:10CB700064F34A10DC080090BDF8000064F3CF2095
:10CB80000090BDF80040204618BD18B50346D408F3
:10CB9000BDF8000064F304008C080090BDF80000AC
:10CBA00064F34A10DC080090BDF8000064F3CF2065
:10CBB0000090BDF80040204618BD000037B581B098
:10CBC000101DC210BDF8080040EA00400B4D00EAFD
:10CBD0000501BDF8040040EA004000EA0503581AC8
:10CBE000504301EB501000EA050444EA144080B2BF
:10CBF0000090BDF80050284604B030BD1FF8E00793
:10CC000037B581B0101DC210BDF8080040EA0040E1
:10CC10000B4D00EA0501BDF8040040EA004000EABF
:10CC20000503581A504301EB501000EA050444EA8A
:10CC3000144080B20090BDF80050284604B030BDCA
:10CC40001FF8E00737B581B0101DC210BDF808000D
:10CC500040EA00400B4D00EA0501BDF8040040EA3F
:10CC6000004000EA0503581A504301EB501000EA57
:10CC7000050444EA144080B20090BDF800502846F4
:10CC800004B030BD1FF8E00737B581B0101DC210E9
:10CC9000BDF8080040EA00400B4D00EA0501BDF870
:10CCA000040040EA004000EA0503581A504301EB33
:10CCB000501000EA050444EA144080B20090BDF828
:10CCC0000050284604B030BD1FF8E00737B581B0EA
:10CCD000101DC210BDF8080040EA00400B4D00EAEC
:10CCE0000501BDF8040040EA004000EA0503581AB7
:10CCF000504301EB501000EA050444EA144080B2AE
:10CD00000090BDF80050284604B030BD1FF8E00781
:10CD100007B581B003461888BDF80810C90A01FBA1
:10CD20000200803000EBC01101EBC030C00DBDF837
:10CD3000001060F3CF2100915888BDF80810C1F3AE
:10CD4000451101FB0200803000EBC01101EBC03047
:10CD5000C00DBDF8001060F34A1100919888BDF82D
:10CD6000081001F01F0101FB0200803000EBC01130
:10CD700001EBC030C00DBDF8001060F3040100915C
:10CD800000BF00BFBDF80010084604B000BD07B5E5
:10CD900081B003461888BDF80810C90A01FB0200DB
:10CDA000803000EBC01101EBC030C00DBDF80010A9
:10CDB00060F3CF2100915888BDF80810C1F34511E8
:10CDC00001FB0200803000EBC01101EBC030C00D50
:10CDD000BDF8001060F34A1100919888BDF8081062
:10CDE00001F01F0101FB0200803000EBC01101EBDC
:10CDF000C030C00DBDF8001060F30401009100BF09
:10CE000000BFBDF80010084604B000BD01B581B0F8
:10CE1000BDF80400C00AC0EBC00101EB0020C01D3A
:10CE2000C0F347108DF80200BDF80400C0F34510B0
:10CE300000EB400101EB0020C01CC0F387108DF80F
:10CE40000100BDF8040000F01F00C0EBC00101EBC1
:10CE50000020C01DC0F347108DF80000FF208DF8A2
:10CE6000030000980CBD08B5FF2211461046FFF7DD
:10CE70002CFE0090BDF80010084608BD1CB5FF2030
:10CE800001460246D408BDF8003064F304038C0860
:10CE90000093BDF8003064F34A13C4080093BDF852
:10CEA000003064F3CF230093BDF800402346019384
:10CEB000BDF8041008461CBD70B506460C46254654
:10CEC0000020A88464212620415527204155303573
:10CED000287B20F003002873287B20F004002873AF
:10CEE000002028606860303D084800782C214855B3
:10CEF0004FF48031204609F0B9F84FF440712046D4
:10CF000009F0D0FD204614F0CDFA70BDD801002400
:10CF10002DE9F34F89B0F9480A990AF0CDFA804615
:10CF2000B8F1010F02D00BB0BDE8F08F0A9804F001
:10CF300044F805460A9804F0A1F806463446132D35
:10CF400042D14FF4403130460BF076FD81464FF42C
:10CF5000403130460BF019FE82464FF440313046E6
:10CF60000BF0D6FE83464FF4403130460BF087FC81
:10CF70000890D14501DD494600E0514608988345B7
:10CF800001DD584600E00898814205DDD14501DD0C
:10CF9000484607E0504605E00898834501DD5846BD
:10CFA00000E00898801C00B207900A9804F063F82B
:10CFB0000746B7F900100798814202DDB7F9000073
:10CFC00000E00798388008E2292D1BD10A9804F068
:10CFD00052F8074630460CF044F9B9883A88891A65
:10CFE000491C09B2884209D130460AF09FFBF988F2
:10CFF0007A88891A491C09B2884202D0304614F056
:10D0000051FAEAE12A2D03D1304614F04BFAE4E15B
:10D010000D2D71D10A9804F02EF80768132F01D056
:10D02000112F40D1606A089094F83C0000F0030092
:10D0300020B101280ED0022824D117E0A08C401C7A
:10D040004FF4B47190FBF1F201FB120080B2ADF825
:10D05000200017E02620005D401C642190FBF1F2C7
:10D0600001FB1200C0B28DF822000BE02720005D0A
:10D07000401C642190FBF1F201FB1200C0B28DF85C
:10D08000230000BF00BF3046089900F0BAF948B14C
:10D0900000221C21304603F0F7FF8046B8F1010F53
:10D0A00000D040E747E0142F01D0122F43D1606A2F
:10D0B000089094F83C0000F0030020B101280ED045
:10D0C000022827D119E0A08C002802DDA08C401E88
:10D0D00001E04FF4B47080B2ADF820001AE02620D1
:10D0E000005D002803DD2620005D401E00E0642076
:10D0F000C0B28DF822000DE01EE02720005D002860
:10D1000003DD2720005D401E00E06420C0B28DF8E2
:10D11000230000BF00BF3046089900F072F948B103
:10D1200000221C21304603F0AFFF8046B8F1010F0A
:10D1300000D0F8E600BF50E1012D11D111F0A5FD9E
:10D14000606306F07DF9074604F1380106F092F9B4
:10D150003046EBF7D9FC8046B8F1010FEBD0E2E6A0
:10D16000022D7CD106F06CF98246BAF1000F00D195
:10D17000D9E6504606F0B9F98346BBF1040F02D058
:10D18000BBF1020F18D130460CF06BF8019000EBA8
:10D19000D070B18A01EB600000B2ADF820003046DB
:10D1A0000AF0C4FA019000EBD0704110F08A0844F4
:10D1B00000B2ADF8220003E008A9504606F05AF983
:10D1C000DAF80000007E0790BDF92000B4F93810AD
:10D1D000401A002805DDBDF92000B4F93810401AC6
:10D1E00004E0B4F93800BDF92010401A07998842CC
:10D1F00014DCBDF92210B4F93A00081A002805DD44
:10D20000BDF92210B4F93A00081A04E0B4F93A0062
:10D21000BDF92210401A0799884208DD11F035FD4A
:10D220006063BDF820002087BDF822106187BDF83B
:10D230002000B18A401A00B2ADF82000BDF82210DB
:10D24000F08A081A00B2ADF8220030460CF009F856
:10D2500080B20690002005900021304600E098E062
:10D260000BF001F98146069800EBD07149100FB21E
:10D27000BDF82000C01B00B2ADF82000BDF82200B0
:10D28000C01B00B2ADF8220001200490A7EB0900FA
:10D2900007B2412F0ADD494609EBD172521010B294
:10D2A000391A0FB2412F00DA412700BFBDF8200024
:10D2B00010FB00F0BDF8221011FB010107FB07F085
:10D2C000814201DA00200490606B11F0D1FC0390E0
:10D2D0000498A8B9DAF80000818B039881420FD234
:10D2E00094F83C00C0F3800050B9304613F0A6F823
:10D2F00006F0A6F8019006F067FA14E660BC039009
:10D30000049800B90FE6BDF92210BDF92000FDF721
:10D31000ACFB4FF4B47190FBF1F201FB120000B2D0
:10D320000590606A029094F83C0000F0030020B180
:10D33000012807D002281BD10FE0059880B2ADF874
:10D34000080015E06421059848434FF4B47190FB40
:10D35000F1F0C0B28DF80A000AE064210598484354
:10D360004FF4B47190FBF1F0C0B28DF80B0000BF28
:10D3700000BF3046029900F044F848B100221C2159
:10D38000304603F081FE8046B8F1010F00D0CAE5B7
:10D3900023E0112D0CD10A9803F06DFE074647F6E5
:10D3A000FF7206F114003968E6F72BFD387114E0BE
:10D3B000152D06D10A98EDF7B3F80A98EEF7DBF8C9
:10D3C0000BE0122D09D10A9803F055FE0746387874
:10D3D000022801D00120387000BF00BFA3E538B596
:10D3E000044600BF00BF254627235A5D2C4626234E
:10D3F000595DA88CFFF7BDFA0090BDF800100846F3
:10D4000038BD73B50546BDF80400B0F5B47F0ADD3C
:10D41000BDF804004FF4B47190FBF1F201FB12006F
:10D4200080B2ADF804009DF80600642802DD642097
:10D430008DF806009DF80700642802DD64208DF851
:10D44000070000BF00BF2C46A08CBDF80410884226
:10D450000DD12620005D9DF80610884207D12720B7
:10D46000005D9DF80710884201D100207CBD019825
:10D470006062284614F016F828460CF0ECFA0120F9
:10D48000F4E707F009FF04E011F0CCFC0520E4F715
:10D49000A9F8F9E770B505460C460CB9002013E071
:10D4A000284600F023F960435030A02190FBF1F0B2
:10D4B000012808DD284600F019F960435030A0210A
:10D4C00090FBF1F000E0012000B270BD2DE9F041C9
:10D4D00004460F4615461E461C21204608F0DBF97F
:10D4E000276065602068A060E660BDE8F08100000C
:10D4F0001CB504464C21204608F0CDF94FF4A0702D
:10D500002080F02060804FF0FF30A080E08000207D
:10D5100020816081206920F00800083020612069A6
:10D5200020F0400020618221206961F3D010206149
:10D530004FF47F40002100F47C4241EA5211C0F3D5
:10D54000C40211430091BDF8002011460191BDF8BD
:10D550000400A0860248E0632064382060641CBD9B
:10D560007D000290FEB505465648E7F709FE0446E1
:10D5700044B900BF1CB900BF00BF00BFFEE700BF39
:10D580000020FEBDA86B98B9686C07F09FFE0646A8
:10D5900000BF1EB900BF00BF00BFFEE700BF0EB94D
:10D5A0000020EEE731462846EA6B9047AE6300BFA5
:10D5B0004FF4AC71204608F06EF9256042480768C8
:10D5C000046022460421414811F0BEFB606000BFA8
:10D5D000606818B900BF00BF00BFFEE700BF606809
:10D5E00020B9204607F040FF0020CAE7287CC0F39E
:10D5F000400068B12888698810FB01F0E968C968B3
:10D60000884205D9286920F00200286100BF00BFC8
:10D6100000BFFF2211461046FFF787FA0190BDF8C0
:10D62000041008460290BDF808006085FF2084F8C9
:10D63000290011F0F3FA88B900200DF02BFF0290B9
:10D6400005200DF027FF019021480023009020467F
:10D65000DDE9011211F082FAA06002E011F074FA23
:10D66000A060002009F0E4FA2061002009F0E0FA4F
:10D67000E061002009F0DCFA2062E0690DF0F8F8C2
:10D68000206A0DF0F5F80221E06909F00BFA022199
:10D69000206A09F007FA0021E0690DF022FC002160
:10D6A000206A0DF01EFC20690CF0D5F906480760D1
:10D6B000006808B904480460606811F060FC204606
:10D6C0005FE700006CD605249C020024F93F00901F
:10D6D000D4F703900021C2681161C268516170479C
:10D6E00001480068704700009C02002400B5014614
:10D6F00011B9FFF7F5FF014609B9822000BD08689E
:10D700000069C0F3C910F9E701460868C0687047AE
:10D7100000B5014611B9FFF7E3FF014609B9002042
:10D7200000BD0868007CC0F30110012802D0032866
:10D7300005D100E000BF0868B0F90200F0E7086812
:10D74000B0F90000ECE710B5044614B9FFF7C8FFC4
:10D7500004461CB900BF00BF002010BD206AFCE7D2
:10D7600010B5044614B9FFF7BBFF04461CB900BF4F
:10D7700000BF002010BDE069FCE7000010B50446C2
:10D780001CB90448E7F7C9FC10BD21460148E7F77A
:10D79000DCFCF9E76CD6052410B5044614B9FFF794
:10D7A0009FFF04461CB900BF00BF002010BD2069C8
:10D7B000FCE710B5044614B9FFF792FF04461CB904
:10D7C00000BF00BF002010BD6069FCE710B5044633
:10D7D00014B9FFF785FF0446A06810BD00B50146E7
:10D7E00011B9FFF77DFF014609B9002000BD0868A7
:10D7F000007CC0F30110012802D0032805D100E00D
:10D8000000BF0868B0F90000F0E70868B0F902004E
:10D81000ECE72DE9FC4705460C4690469946DDE9C4
:10D820000A67207B022801DCBDE8FC87608800B91C
:10D83000FAE7BE4200D1F7E7CDE900674B46424622
:10D8400021462846D5F810C0E04700BFECE73EB5BA
:10D8500004461021204608F01EF801206080FF20B9
:10D86000207300BF002001460246D508BDF80030F5
:10D8700065F304038D080093BDF8003065F34A1387
:10D88000C5080093BDF8003065F3CF230093BDF8C1
:10D8900000502B460193BDF8041008460290BDF8D5
:10D8A000080020803EBD2DE9FF4F83B081468A46A7
:10D8B0001F46DDF84080139C059806B207F5B4704A
:10D8C000804512D1A9EB060000B22080AAEB060029
:10D8D00000B2608009EB060000B2A0800AEB0600EF
:10D8E00000B2E08007B0BDE8F08FB7F5B47F02DD8D
:10D8F000A7F5B47087B2B8F5B47F03DDA8F5B470AE
:10D900001FFA80F811990598401A00B202901299F6
:10D9100029B1119800EBD0714910491C00E0002199
:10D920000DB25A2097FBF0F0C0B201905A2098FB3C
:10D93000F0F0C0B200900198042801D103200190BA
:10D940000098042801D103200090DDE900108842EE
:10D950007CD147457ADC019858BB38B211F092FC73
:10D96000029948430AEBE030401B00B2608007F1A7
:10D970005A0000B211F086FC704309EBE0302844F5
:10D9800000B2A0800FFA88F011F07CFC70430AEB23
:10D99000E030284400B2E08008F15A0000B211F0F3
:10D9A00071FC0299484309EBE030401B00B2208033
:10D9B00096E1019801282BD138B211F063FC704335
:10D9C0000AEBE030284400B2E08007F15A0000B2D0
:10D9D00011F058FC0299484309EBE030284400B2AA
:10D9E000A0800FFA88F011F04DFC029948430AEB31
:10D9F000E030401B00B2608008F15A0000B211F024
:10DA000041FC704309EBE030401B00B2208067E12D
:10DA1000019802282DD107F15A0000B211F032FC12
:10DA2000704309EBE030401B00B2208038B211F0A7
:10DA300029FC029948430AEBE030284400B2E08018
:10DA40000FFA88F011F01EFC704300E040E00AEB92
:10DA5000E030401B00B2608008F15A0000B211F0C3
:10DA600011FC0299484309EBE030284400B2A08041
:10DA700036E1019803289BD107F15A0000B211F05A
:10DA800001FC0299484309EBE030401B00B22080C2
:10DA900038B211F0F7FB70430AEBE030401B00B2E4
:10DAA000608008F15A0000B211F0ECFB704309EB02
:10DAB000E030284400B2A0800FFA88F011F0E2FBB9
:10DAC000029948430AEBE030284400B2E08007E1C5
:10DAD0000198B8BB0098012835D108F15A0000B26E
:10DAE00011F0D0FB704309EBE030401B00B2208006
:10DAF0000FFA88F011F0C6FB834638B211F0C2FB72
:10DB0000834504DA0FFA88F011F0BCFB02E038B26A
:10DB100011F0B8FB029948430AEBE030401B00B219
:10DB2000608007F15A0000B211F0ACFB704309EBC2
:10DB3000E030284400B2A0800AEB0600284400B27E
:10DB4000E080CDE0FFE7019801283AD10098022853
:10DB500037D1A9EB0600401B00B220800FFA88F0F5
:10DB600011F090FB70430AEBE030401B00B2608084
:10DB700007F15A0000B211F085FB834608F15A0004
:10DB800000B211F07FFB834505DD07F15A0000B2BA
:10DB900011F078FB04E008F15A0000B211F072FBBA
:10DBA0000299484309EBE030284400B2A08038B223
:10DBB00011F068FB70430AEBE030284400B2E080CB
:10DBC0008EE0019802283DD1009803283AD107F150
:10DBD0005A0000B211F056FB704309EBE030401BD5
:10DBE00000B22080AAEB0600401B00B2608008F162
:10DBF0005A0000B211F046FB704309EBE0302844B4
:10DC000000B2A0800FFA88F011F03CFB029900FBF3
:10DC100001FB38B211F036FB02994843834506DD1B
:10DC20000FFA88F011F02EFB0299484304E038B255
:10DC300011F028FB029948430AEBE030284400B277
:10DC4000E0804DE0019803283AD10098B8BB08F174
:10DC50005A0000B211F016FB834607F15A0000B2D9
:10DC600011F010FB834505DA08F15A0000B211F0FB
:10DC700009FB04E007F15A0000B211F003FB02991E
:10DC8000484309EBE030401B00B2208038B211F06D
:10DC9000F9FA70430AEBE030401B00B2608009EBF8
:10DCA0000600284400B2A0800FFA88F011F0EAFACA
:10DCB00070430AEBE030284400B2E08010E0FFE758
:10DCC000A9EB060000B22080AAEB060000B260803B
:10DCD00009EB060000B2A0800AEB060000B2E0806B
:10DCE00000BFFFE52DE9F04105460E461746984670
:10DCF000B8F1000F08D100BF00BF14A23946284672
:10DD000014F0BDFBBDE8F081F07A022800DCF9E7F1
:10DD1000A86940B143463A4631462846D5F818C06E
:10DD2000E047044606E043463A4631462846EAF7CD
:10DD3000B4FD04463CB900BF00BF04A239462846E2
:10DD400014F09DFBDEE700BFDCE700004E6F0A64C5
:10DD5000617461002DE9F84304460D4616461F46DE
:10DD6000DDF82080606908B9BDE8F883CDF800804F
:10DD70003B46324629462046D4F814C0E04700BF4F
:10DD8000F2E71CB504461821204607F084FD00BFC9
:10DD9000002211461046FEF768FE0090BDF8001004
:10DDA00008460190BDF804002081FF20E072401C6D
:10DDB0006080012020751CBD704700001FB5C0B0F9
:10DDC0004198807E022801DC44B010BD4198006873
:10DDD00010B900BF00BFF7E74098C06910B900BF95
:10DDE00000BFF1E7202238A84199E2F777FB41987C
:10DDF00000683790439810B14398007800B9E3E782
:10DE00004098806802460D9034A84299E5F7E2FEFA
:10DE10003390339800B9D7E74198007F329041980A
:10DE2000C07E319000BF9DF8C80008B90120329033
:10DE300000BF4198407F00F0020020B94298FCF7F3
:10DE400084FD36901AE04198407F41F6FF72419977
:10DE5000B1F91210CDE9001202904198B0F9140006
:10DE60000C90419800680B9002460DA80C9B4399BA
:10DE700011F0F6FABDF93400369000BF00BF3798B4
:10DE8000B0F9080030904198B0F912103098084469
:10DE90002F9000202E9042980088ADF8B400429850
:10DEA0004088ADF8B60000202C902B904198B0F936
:10DEB00016002C904198B0F918002B90BDF8B610C0
:10DEC0002B98084400B2ADF8B60000202A90401EFE
:10DED0002990469840B32B9830BB4298B0F9020085
:10DEE000002821DA469881684298B0F90200081AA1
:10DEF000002806DD469881684298B0F90200081AA9
:10DF000005E04298B0F9021046988068081A2F99E7
:10DF10004900C1F58061884203DD4FF0FF3146982A
:10DF20000160469800682990469860B129980028B9
:10DF300009DB29982A90BDF8B610469880880844D5
:10DF400000B2ADF8B6004198407F0021CDE9001045
:10DF50004198B0F914000D902A99439808440C9008
:10DF6000369803B2DDE90C023799E7F76DFC2A9980
:10DF70000844289040E028982A904198407F00214A
:10DF8000CDE900104198B0F914000D9043992A98FA
:10DF900008440C90369803B2DDE90C023799E7F794
:10DFA00053FC0146289808442890BDF8B6102F98D5
:10DFB000084400B2ADF8B6004698C0B1BDF9B6004D
:10DFC00010F5806F13DB4698006800280FDA469939
:10DFD0002A980860BDF9B6104298B0F90200091AF3
:10DFE000469841604298B0F90210469881602A999B
:10DFF0004398405C00B9E7E6BDF9B610309801449B
:10E0000040988068B0F902008142B4DB9DF8C800F6
:10E01000022823D14198407F00904198B0F9140024
:10E020000D902A992898401A0C90439808440B9018
:10E03000DDE90C13379A11F085FA2E904298FCF71F
:10E0400084FC2E99401A0D9000EBD070BDF8B410EE
:10E0500001EB600000B2ADF8B40022E09DF8C8000A
:10E0600003281ED14198407F00904198B0F91400D8
:10E070000D902A992898401A0C90439808440B90C8
:10E08000DDE90C13379A11F05DFA2E904298FCF7F7
:10E090005CFC2E99401ABDF8B410084400B2ADF8EB
:10E0A000B400419840682790419881682691DDE945
:10E0B0002610884206D927980D90269827900D980B
:10E0C000269000BF4198807F00F0010020B9419860
:10E0D000807F00F00200E8B123A800F06FFA4198B9
:10E0E0008089ADF88C003798807B18B1379890F90B
:10E0F0000E0000E00120ADF88E004198807E8DF882
:10E1000094004198807FC1089DF8950061F301005B
:10E110008DF89500002022902090FEF75BFB1E906A
:10E120000FA801F00BFA4198008AADF84000BDF944
:10E13000B4000E90EAE1BDF8B4102C98084400B287
:10E14000ADF8B4000020229021902A994398084409
:10E150000D90FCE000200C904FF6FF71279888424C
:10E160000CD02698884209D021992A980844014663
:10E170000990EA4A4398126890470C9021AB0AAA8A
:10E180000BA90D98E7F744FB4198407F00F0010090
:10E1900000287BD0E2A000780B99884212D1229807
:10E1A00020B92198209001202290D0E022980128C7
:10E1B00002D10020229005E02298022802D10020FE
:10E1C0002290C4E02298012867D10B98202863D1BF
:10E1D000DDE92001081A072859D108A802902099E2
:10E1E0000D9808440390062004900298019003982B
:10E1F00000900CE000980178019801700198401C93
:10E2000001900098401C00900498401E04900498CF
:10E210000028EFD100BF8DF826009DF82100049062
:10E22000F5F7D0FF04469DF820000490F5F7CAFFEB
:10E2300004EB001007909DF823000490F5F7C2FF4F
:10E2400004469DF822000490F5F7BCFF04EB001093
:10E2500006909DF825000490F5F7B4FF04469DF85C
:10E2600024000490F5F7AEFF04EB0010059005982C
:10E27000C0B204900698C0B203900798C0B2029052
:10E28000DDE90312FEF709FC1F9003E005E0419869
:10E2900080891F900220229059E0419880891E9029
:10E2A0002298022801D11F981E90DDE90A21379893
:10E2B00003F0A1F91D904FF6FF71279888422ED0E8
:10E2C000269888422BD027990C98884227D32699E4
:10E2D0000C98884223D2BDF8B400ADF82000BDF8F8
:10E2E000B600ADF82200BDF8B4101D980144419865
:10E2F000808A0844401E00B2ADF82400BDF8B61074
:10E300002F980844401E00B2ADF8260008AA0FA9B5
:10E31000409801F0F7F84198C0891E9000BFBDF801
:10E320007800ADF8EC002DAA38A90B9B409800F0BE
:10E330001FF91D98002809DDBDF8B4104198828AA4
:10E340001D981044084400B2ADF8B40000BF2A99EB
:10E350002898401A219988423FF6FCAE4198807F68
:10E3600000F0020058B30E9800B2ADF830004198AA
:10E370000068B0F90800099000EBD070BDF8B61045
:10E3800001EB6001BDF98E000A9000EBD07001EB4B
:10E39000600000B2ADF83200BDF8B400ADF82C005A
:10E3A000BDF83200ADF82E00BDF87800ADF88C0055
:10E3B0000BAB0CAA23A9409800F0E9F800BF4198E4
:10E3C000807F00F0010038B30E9800B2ADF8300045
:10E3D000BDF8B61041980068008901444198006872
:10E3E0004089091A379890F90D00081A00B2ADF863
:10E3F0003200BDF8B400ADF82C00BDF83200ADF825
:10E400002E00BDF87800ADF88C000BAB0CAA23A948
:10E41000409800F0BCF800BF28982A904198407FAF
:10E420000021CDE900104198B0F914000C904399F7
:10E430002A9808440B90369803B2DDE90B0237990D
:10E44000E7F702FA01462898084428904298008885
:10E45000ADF8B4009DF8C800022823D14198407F50
:10E4600000904198B0F914000C902A992898401A0D
:10E470000B90439808440A90DDE90B13379A11F08A
:10E4800061F82E904298FCF760FA2E99401A0C9091
:10E4900000EBD070BDF8B41001EB600000B2ADF835
:10E4A000B40022E09DF8C80003281ED14198407FA7
:10E4B00000904198B0F914000C902A992898401ABD
:10E4C0000B90439808440A90DDE90B13379A11F03A
:10E4D00039F82E904298FCF738FA2E99401ABDF878
:10E4E000B410084400B2ADF8B400BDF8B6102F98CF
:10E4F000084400B2ADF8B600BDF9B6104098806887
:10E50000B0F90600814200DD5EE400BF2A9943981D
:10E51000405C00287FF40FAE00BF55E404030024E4
:10E520002300000038B504462021204607F0B3F947
:10E53000FF20A076FEF74EF90090BDF80000A08104
:10E540000A4820604FF6FF706060A060FEF742F955
:10E550000090BDF80000E08105200CF09BFF0090CA
:10E56000BDF8000020820020E07638BDD4F703908B
:10E570002DE9F04104460D4616461F463B463246FD
:10E5800029462046D4F81CC0E047BDE8F0812DE9BB
:10E59000F04105460C4616461F46608808B9BDE89E
:10E5A000F081207A022800DCF9E73B46324621461A
:10E5B0002846D5F820C0E04700BFF0E73EB5044646
:10E5C0000A21204607F067F901206080FF202072B1
:10E5D00000BF002001460246D508BDF8003065F3B3
:10E5E00004038D080093BDF8003065F34A13C50895
:10E5F0000093BDF8003065F3CF230093BDF80050C1
:10E600002B460193BDF8041008460290BDF808009F
:10E6100020803EBD02460B46002106E00C4850F823
:10E62000310000B903E0481CC1B21029F6DB00BF7D
:10E63000102904DB00BF00BF4FF0FF3070470448D3
:10E6400040F8312000EBC10043600846F6E70000C7
:10E65000DCD705242DE9F04F87B081468A4616465F
:10E660001D46109CB4F90A00301A0690B4F908004F
:10E67000AAEB00000590B4F90C00B4287EDAB4F9D6
:10E680000E00B428FADAA089002877D0E0890028A3
:10E69000FBD0B4F90C10B4F90E0081426EDDB4F970
:10E6A0000A00B04203DD012007B0BDE8F08F606DC5
:10E6B0000699484380120490A16A0698401C414381
:10E6C0004FEAA128B4F90C00B0F5877F0ADDB4F950
:10E6D0000C00B0F5B47F05DAB8F1000F02DA4FF0A4
:10E6E00000081BE0B4F90C00002809DDB4F90C00A7
:10E6F0005A2805DCB8F1000F02DA4FF000080DE0EF
:10E70000B4F90C005A2809DDB4F90C00B0F5877F84
:10E7100004DAB8F1000F01DD4FF00008B4F90E0083
:10E72000B0F5877F0ADDB4F90E00B0F5B47F05DAE5
:10E73000B8F1000F02DA4FF000081BE0B4F90E0048
:10E74000002809DDB4F90E005A2805DCB8F1000FE5
:10E7500002DA4FF000080DE0B4F90E005A2809DD86
:10E76000B4F90E00B0F5877F04DAB8F1000F01DDCF
:10E770004FF000080498A0EB080000E042E04010D1
:10E7800003904FF0010B01200290039808EB000169
:10E7900005980F1AAF4200DD2F46002F10DD04F15F
:10E7A00010003BB2324651460090484600F076FADF
:10E7B0008346BBF1000F03D13946484607F06BF89A
:10E7C000AF4200DD2F46002F00DA002704F13C00A5
:10E7D000EA1B13B20AEB070211B2009009EB070023
:10E7E000324600F05BFA0290029820B9E91B09EB6F
:10E7F000070007F050F80298834501D1584653E7C7
:10E80000022051E7B4F90C00B4287DDDB4F90E0004
:10E81000B428FADDB4F90C10B4F90E008142F4DD2D
:10E82000B4F90A00B04201DA01203DE7606D0699B3
:10E83000484380120490A16A0698401C41434FEA65
:10E84000A128B4F90C00B0F5877F0ADDB4F90C00FB
:10E85000B0F5B47F05DAB8F1000F02DA4FF0000826
:10E860001BE0B4F90C00002809DDB4F90C005A28AB
:10E8700005DCB8F1000F02DA4FF000080DE0B4F942
:10E880000C005A2809DDB4F90C00B0F5877F04DAD2
:10E89000B8F1000F01DD4FF00008B4F90E00B0F53B
:10E8A000877F0ADDB4F90E00B0F5B47F05DAB8F160
:10E8B000000F02DA4FF000081BE0B4F90E00002848
:10E8C00009DDB4F90E005A2805DCB8F1000F02DAB0
:10E8D0004FF000080DE0B4F90E005A2809DDB4F934
:10E8E0000E00B0F5877F04DAB8F1000F01DD4FF0BC
:10E8F00000080498A0EB0800401003904FF0010BB3
:10E9000001200290039800E03BE008EB000105982D
:10E910000F1AAF4200DD2F46002F10DD04F13C003E
:10E920003BB2324651460090484600F0B7F9834664
:10E93000BBF1000F03D13946484606F0ACFFAF42A9
:10E9400000DD2F46002F00DA002704F11000EA1B3B
:10E9500013B20AEB070211B2009009EB070032462E
:10E9600000F09CF90290029820B9E91B09EB07001E
:10E9700006F091FF0298834501D1584694E60220A3
:10E9800092E60127B846B4F90C00B42806D1B4F9D0
:10E990000A00B04200DD27E0032725E0A08938B94E
:10E9A000B4F90A00B04201DD03271DE001271BE096
:10E9B000B4F90C00B42803DAB4F90A00B04207DC59
:10E9C000B4F90C00B42805DDB4F90A00B04201DC4A
:10E9D000032709E004F110002B463246514600900F
:10E9E000484600F05BF90746B4F90E00B42809D197
:10E9F000B4F90A00B04202DD4FF003082BE04FF0FB
:10EA0000010828E0E08948B9B4F90A00B04202DD03
:10EA10004FF001081FE04FF003081CE0B4F90E00AE
:10EA2000B42803DAB4F90A00B04207DCB4F90E00E6
:10EA3000B42806DDB4F90A00B04202DC4FF0030846
:10EA400009E004F13C002B4632465146009048460E
:10EA500000F024F9804617B1B8F1000F01D1002071
:10EA600022E6032F04D1B8F1030F01D100201BE6E9
:10EA7000012F04D1B8F1010F01D1012014E60220C9
:10EA800012E600002DE9F84F0646894692461C46DC
:10EA90000A9D002C01DA002404E0B4F5B47F01DB08
:10EAA00040F26714002D01DA002504E0B5F5B47FCB
:10EAB00001DB40F26715A54205DAC4F5B4702844BD
:10EAC000A6F8680007E0281B002801DD281B00E0ED
:10EAD000601BA6F86800B481F581A6F80890A6F836
:10EAE0000AA0264830600120307100BF002C02DBF4
:10EAF000B4F5B47F03DD00BF00BF00BFFEE700BF79
:10EB0000002C03DBB42C01DA002707E0B42C04DB73
:10EB1000B4F5B47F01DA012700E0012700BF002D22
:10EB200002DBB4F5B47F03DD00BF00BF00BFFEE72A
:10EB300000BF002D04DBB42D02DA4FF0010809E01C
:10EB4000B42D05DBB5F5B47F02DA4FF0000801E023
:10EB50004FF0010823465246494606F1100000973F
:10EB600000F032F92B465246494606F13C00CDF8FA
:10EB7000008000F029F9BDE8F88F000055E601900B
:10EB80002DE9F84F0746884691469A464FF0000B0C
:10EB9000104C15E0256801262068009053464A462F
:10EBA00041463846D5F800C0E047064616B9002071
:10EBB000BDE8F88F022E01D14FF0010B083400BFE1
:10EBC00020680028E6D1BBF1000F01D00220EFE75A
:10EBD0000120EDE7DCD7052470B5044626463079E0
:10EBE000022814D12546686980B168690069002847
:10EBF00007DA6969486806F037FC686906F034FC92
:10EC000004E068694069401E6969486107E030793D
:10EC1000052804D12546A86806F026FC00BF70BD73
:10EC20002DE9F04106463EB91B48006810B10120AD
:10EC3000BDE8F0810020FBE7002428E0164850F8EA
:10EC4000347007B921E0387902281BD1124850F8F6
:10EC50003450A87C00F0010048B1B5F9102005F14E
:10EC600008013046E5F772F858B90120E0E7B5F938
:10EC7000102005F108013046E4F7EDFF08B9012046
:10EC8000D6E701E00120D3E700BF601CC4B2102C1E
:10EC9000D4DB0020CCE70000DCD705242DE9F84FB9
:10ECA00082460D4690461E460A9CA08AA8EB0000AC
:10ECB0000FFA80F8608A281A05B2206A00286BD102
:10ECC00094F8280000F0010010B3207C00F003004D
:10ECD00020B1207C00F00300012802D10120BDE812
:10ECE000F88F207C00F00300022805D108F1010014
:10ECF000002801DA0120F2E7207C00F0030003285D
:10ED000004D1B8F1000F01DD0120E8E70020E6E7BB
:10ED1000207C00F00300022804D0207C00F00300D7
:10ED2000032801D10120DAE7207C00F0030001284C
:10ED300002D1002D00DDD2E7207C00F00300A0B955
:10ED4000A819002801DA0120C9E76F42002F01DA73
:10ED50000020C4E7002F06DBB74204DAF11B0AEB00
:10ED6000070006F098FD0220B9E7A819002801DA8B
:10ED70000020B4E76F42002F00DA0027B74201DB22
:10ED80000020ACE7002F05DBB74203DA39465046D6
:10ED900006F081FD0220A2E794F8280000F00100AF
:10EDA00040B133464246294650460094FAF7B8FB34
:10EDB000814607E033464246294650460094FAF71A
:10EDC000A0FC814648468AE72DE9FC4781460D466E
:10EDD00016461C46DDF828A0B42C02DDA4F1B400D0
:10EDE00004B204F15A0000B210F04CFA05EB6017BF
:10EDF000204610F047FA06EB60180FFA88F03BB295
:10EE000032462946CDE9000A484600F003F8BDE83D
:10EE1000FC8700002DE9F05F04460F461546984632
:10EE2000DDE90A6B2C21204606F035FDB54206D1FE
:10EE3000BBF1030F03D1681E05B2701E06B2B542C6
:10EE400006DD4046B846074630462E46054600BF1A
:10EE500027816581A4F80C80E68184F810B0678270
:10EE6000A582A8EB0700002802DDA8EB070001E05F
:10EE7000A7EB0800711B002901DD711B00E0A91B35
:10EE8000884201DD012000E0002094F8281060F3A2
:10EE9000000184F828100020E061A061474820604C
:10EEA00000202071A8EB0709A6EB050A94F82800BA
:10EEB00000F00100C0B1B9F1000F07D04FF480118C
:10EEC00091FBF9F000FB0AF18912E161BAF1000F40
:10EED00007D04FF4801191FBFAF000FB09F1891281
:10EEE000A161E169216218E0BAF1000F07D04FF487
:10EEF000801191FBFAF000FB09F18912A161B9F1CF
:10EF0000000F07D04FF4801191FBF9F000FB0AF1DC
:10EF10008912E161A169216200BF207C00F0030039
:10EF200030B994F8280020F0020084F8280039E075
:10EF3000207C00F00300012807D194F8280020F07D
:10EF40000200801C84F828002CE0207C00F00300E4
:10EF5000022811D1206A002807DD94F8280020F04B
:10EF60000200801C84F828001CE094F8280020F09F
:10EF7000020084F8280015E0207C00F0030003283C
:10EF800010D1206A002806DD94F8280020F0020045
:10EF900084F8280006E094F8280020F00200801C85
:10EFA00084F82800206A80106062206A002802DA53
:10EFB000606A40426062BDE8F09F00009DEC0190F5
:10EFC0002DE9F04F8DB080468B4691461D46169830
:10EFD000807C00F001000C901698B0F910000B90A6
:10EFE0001699083109A8FBF7E2FB0C9858B9BDF94E
:10EFF0002600484503DCBDF92A0048450DDA00200B
:10F000000DB0BDE8F08FBDF92600484503DCBDF921
:10F010002A00484501DA0120F2E7BDF924100B98D7
:10F020000844584507DC0BEB0501BDF928200B9877
:10F03000101A81420BDDBDF926100B980844484593
:10F0400059DCBDF92A100B98081A484553DB0C9877
:10F0500058BBBDF92400A0EB0B0001900198A84219
:10F0600001DD0020CCE70198002803DB4046019930
:10F0700006F011FCBDF92800A0EB0B0000F1010A1D
:10F08000BAF1000F01DC0020BAE7AA4505DAA5EBCA
:10F090000A0108EB0A0006F0FEFB019818B9AA4520
:10F0A00001D10120ACE70220AAE7BDF92400A0EBC2
:10F0B0000B0ABAF1000F01DA4FF0000AAA4517DC7B
:10F0C000BDF92800A0EB0B00A0EB0A00401C01904A
:10F0D00001985044A84202DDA5EB0A000190019876
:10F0E000002804DB08EB0A00019906F0D4FB00BFFE
:10F0F00000BF022084E7BDF92400A0EB0B000890BC
:10F1000009A8FBF729FC079009A8FBF7A4FB0690C8
:10F11000BDF82400ABEB00000FFA80FBBDF8260021
:10F12000A9EB00000FFA80F90B98814506DA0B98DD
:10F13000A0EB0900401E00B2039006E00B99069870
:10F14000401AA9EB000000B20390169904AB05AA7F
:10F1500048690399F4F792F80290DDE90710014439
:10F160000B98081ABDF81010084406B20B990898BD
:10F170000844BDF81010401A401E07B20C98002831
:10F1800063D1002425E0BDF91400001B401E029944
:10F1900011F800A0301900280BDB3019A84208DA5A
:10F1A000301918F80010504610F015FF311908F802
:10F1B0000100381B0BD4381BA84208DA381B18F89A
:10F1C0000010504610F007FF391B08F80100601CC2
:10F1D00004B2BDF914008442D5DB3019A84201DA2B
:10F1E000301900E02846002801DA002005E0301937
:10F1F000A84201DA301900E0284606B2A91B08EB44
:10F20000060006F048FBBDF91400381A401CA8425D
:10F2100004DABDF91400381A401C00E02846002822
:10F2200001DA00200BE0BDF91400381A401CA84296
:10F2300004DABDF91400381A401C00E0284607B271
:10F240003946404606F027FB5FE0002427E0BDF981
:10F250001400401E011B0298405CC0F1FF000090AA
:10F26000301900280BDB3019A84208DA301918F8D9
:10F270000010009810F0AFFE311908F80100381B9B
:10F280000BD4381BA84208DA381B18F80010009875
:10F2900010F0A1FE391B08F80100601C04B2BDF992
:10F2A00014008442D3DB781CA84200DA00E0284630
:10F2B000002801DA002004E0781CA84200DA00E00F
:10F2C00028460FFA80FAA6EB0A00A5EB0A0188424D
:10F2D00002DAA6EB0A0001E0A5EB0A00002801DA39
:10F2E00000200AE0A6EB0A00A5EB0A01884202DA38
:10F2F000A6EB0A0001E0A5EB0A0000B2019008EBC2
:10F300000A00019906F0C7FA00BF022078E6000063
:10F310002DE9F84F07468846154699464046FBF7C3
:10F320001BFB83464046FBF796FA00900098834506
:10F3300001DA584600E000988246B5EB6A0F02DD1C
:10F340004FEA6A0005B2002D00DA0025414607F1B8
:10F350000800FBF72CFA3D8287F81290514838607C
:10F36000022038711DB900207861BDE8F88F0024B3
:10F3700040E0C4EBC4004C4901EB8000B0F9180038
:10F38000A84236D1C4EBC40001EB80004069401CA8
:10F39000C4EBC401444A02EB81014861C4EBC400E0
:10F3A000114601EB80000169102D01DA012000E017
:10F3B00028110844B0F57A7F0CDAC4EBC4003A494E
:10F3C00001EB80000169102D01DA012000E0281115
:10F3D000084401E04FF47A70C4EBC401324A02EBF6
:10F3E00081010861C4EBC400114601EB8000786123
:10F3F000BBE7641C042CBCD3002600241BE0C4EB38
:10F40000C400294901EB8000406998B926B9C4EBD2
:10F41000C40001EB80060DE0C4EBC400224901EBFF
:10F42000800000693169884204DAC4EBC4001E49D7
:10F4300001EB8006641C042CE1D396B91C2005F076
:10F4400045FF064600BF1EB900BF00BF00BFFEE774
:10F4500000BF1C21304606F01EFA4FF0FF3030612D
:10F4600019E07069401C7061002030613169102D15
:10F4700001DA012000E028110844B0F57A7F07DAAC
:10F480003169102D01DA012000E02811084401E063
:10F490004FF47A7030617E6129467869E8F7F8FCAC
:10F4A00000BF62E7C1EF01906CD7052470B5054637
:10F4B000002600240DE0094800EBC4004068A84283
:10F4C00005D1064850F83460204600F009F8601C69
:10F4D000C4B2102CEFDB304670BD0000DCD7052431
:10F4E000014600204A1C4AB1054A52F83100002268
:10F4F000034B43F8312003EBC1035A60704700000F
:10F50000DCD7052470B505460E46144600BFE088DA
:10F510006188401A401C00B2012807DB00BFA088A8
:10F520002188401A401C00B2012800DA70BD224632
:10F5300031462846EB68984700BFF7E738B50446E0
:10F540003821204606F0A7F9FDF78DFC0090BDF8A4
:10F550000000A080FDF787FC0090BDF80000E0806F
:10F56000FDF743F90090A01DBDF800106181FF2157
:10F5700021730221A173FDF738F90090BDF8000056
:10F580000C346082FDF731F90090BDF80000208452
:10F590000848A060FF2004F8090CA073A077A075AC
:10F5A00084F82A00E07D20F03E001E30E0750C3C1F
:10F5B00038BD0000D4F703902DE9F04FC9B0814663
:10F5C0000D4614469846539F529E287B022802DC23
:10F5D00049B0BDE8F08F688800B9F9E7BE4200D1B4
:10F5E000F6E7B5F902A0C24501DD0FFA88FA3BA89B
:10F5F000FFF7A4FF687B00F003008DF8EE00A86819
:10F6000040B100208DF8EF00A8683F90287B8DF86E
:10F61000060105E0287B8DF8EF002888ADF8F000A2
:10F620002088A0EB080000B2ADF8E4006088A0EBF1
:10F63000080000B2ADF8E60020884044401E00B249
:10F64000ADF8E80060884044401E00B2ADF8EA0022
:10F6500000BFBDF8E400ADF8DC00BDF8E600ADF891
:10F66000DE00BDF8E800ADF8E000BDF8EA00ADF856
:10F67000E20000BFBDF8DC006988084400B2ADF8C4
:10F68000DC00BDF8DE006988084400B2ADF8DE0099
:10F69000BDF8E0006988401A00B2ADF8E000BDF89E
:10F6A000E2006988401A00B2ADF8E2004FF0FF3B7B
:10F6B00000BFBDF8E000BDF8DC10401A401C00B2ED
:10F6C000002815DD00BFBDF8E200BDF8DE10401ACD
:10F6D000401C00B200280BDD012347F6FF7237A95A
:10F6E00031A8FFF715FE002131A8FEF793FF8346EE
:10F6F000002347F6FF7239A92BA8FFF709FE002166
:10F700002BA8FEF787FF2A9006F5B470B84203D005
:10F7100007F5B470864218D147F6FF70ADF8EC00DB
:10F7200039AA3BA94846FFF7EDFE2A98FFF7D8FE15
:10F730000BF1010010B15846FFF7D2FE2BA8FFF7DE
:10F740004BFA31A8FFF748FA42E702E0A6F5B47099
:10F7500086B2B6F5B47FF9DA02E0A7F5B47087B2E5
:10F76000B7F5B47FF9DA38B20090B4F90220B4F9F1
:10F77000001033B20FA8FFF785F900210FA8FEF79C
:10F7800049FF0E90B74204DDB81BC0F5B4700D9070
:10F7900001E0F01B0D90D9F808000C900D983C2862
:10F7A0002EDDB8F10A0F2BDD05940FFA88F0ADF8C5
:10F7B0001800ADF81A60ADF81C705A2096FBF0F0F6
:10F7C00000F00300ADF81E005A2097FBF0F000F0A7
:10F7D0000300ADF82000ADF822A03BA8099039A89D
:10F7E0000A90CDF82C9005A8EEF799FA05A8EEF747
:10F7F000BAFB05A8EEF7E0FC05A8EEF70BFE04E067
:10F8000039AA3BA94846FFF77DFE0FA8FFF7E4F9A8
:10F810002BA8FFF7E1F931A8FFF7DEF90E98FFF703
:10F820005FFE2A98FFF75CFE0BF1010010B158460D
:10F83000FFF756FE687BC0F3800000287ED00AF0F8
:10F84000FF0204AB0FFA88F130B2F3F767FEBDF8A0
:10F8500010002188084400B2ADF81000BDF8140073
:10F860002188084400B2ADF81400BDF81200618888
:10F87000084400B2ADF81200BDF8160061880844D3
:10F8800000B2ADF8160004AA02A80C99E4F7A2F998
:10F89000D0B1002347F6FF7204A906A8FFF738FD90
:10F8A000002106A8FEF7B6FE019002A8C9F80800DC
:10F8B00039AA3BA94846FFF725FE0198FFF710FE3D
:10F8C00006A8FFF789F900BF0AF0FF0204AB0FFAA0
:10F8D00088F138B2F3F722FEBDF810002188084401
:10F8E00000B2ADF81000BDF814002188084400B241
:10F8F000ADF81400BDF812006188084400B2ADF8FC
:10F900001200BDF816006188084400B2ADF8160078
:10F9100004AA02A80C99E4F75DF9E0B1002347F6C8
:10F92000FF7204A906A8FFF7F3FC002106A8FEF762
:10F9300071FE019002A8C9F8080000E00FE039AAA2
:10F940003BA94846FFF7DEFD0198FFF7C9FD06A871
:10F95000FFF742F900BF0C98C9F8080000BF00BFCC
:10F9600036E670B504460D46164632462946204610
:10F97000E9F7C0F9324629462046E9F7B0FB70BDE9
:10F980007CB504460D46287E022800DC7CBDA268BA
:10F9900068462968E4F71EF900B9F7E7E06A10B194
:10F9A0002046E16A884729462046626B904700BF9F
:10F9B000ECE72DE9F04F89B007460C46E06800B946
:10F9C0000026E06820B1207C10B909B0BDE8F08FB6
:10F9D000207C012801D1002600E0E6687868FAF76B
:10F9E000C2FF8346BA6807A82168E4F7F3F800B9B4
:10F9F000EBE7E5F7CBFE814638680690D9F80000C2
:10FA0000C06988B9BDF91C007968B1F90010401AC5
:10FA1000BDF91E107A68B2F90220891A0BFB0101A8
:10FA2000069800EB41000690D4F804A0BAF1000F4C
:10FA300014D02068FAF797FF8046BDF91C002168B2
:10FA4000B1F90010411ABDF91E002268B2F9022076
:10FA5000821A08FB02100AEB400A01E04FF000088E
:10FA60009EB16069FAF77FFF05466069B0F9000052
:10FA7000BDF91C10411A6069B0F90200BDF91E20E1
:10FA8000821A05FB0210064400E0002578684088D1
:10FA9000404202B278680088404201B207A8FAF7F3
:10FAA000C0FFD9F80000C069D0B1606860B9207E9D
:10FAB000CDE901650090208903465A4607A90590C3
:10FAC0000698F1F7ACFD46E0207E53465A4607A95A
:10FAD000CDE90080CDE90265069810F0DCF93AE046
:10FAE0006068E8B9607E60B9207ECDE9016500906C
:10FAF000208903465A4607A905900698F1F7EAFBC4
:10FB000029E0607E217ECDE9016500910390208986
:10FB100003465A4607A905900698F1F729FB1AE013
:10FB2000607E58B9207E53465A4607A9CDE9008029
:10FB3000CDE90265069810F007F80CE0607E217EA2
:10FB400053465A46CDE90081CDE90265049007A9E4
:10FB500006980FF06FFF00BF37E72DE9FF4FB1B0F8
:10FB60000C461746DDF8F880319988680188ADF8B1
:10FB7000BC104188ADF8BE108188ADF8C010C188B6
:10FB8000ADF8C21000BF2FA8FFF74AF82E901C2135
:10FB900027A805F080FEE07A8DF8B400207B00F005
:10FBA0000F008DF8B5002E9890B9208880B9608834
:10FBB000B0F5807F0CD1B8F1040F09D1A07A38B923
:10FBC00027973498289027A93198FFF7D9FE51E25A
:10FBD000B8F1050F01D1032000E00220814638462C
:10FBE000FAF7C8FE26904FF47F40002100F47C42D3
:10FBF00041EA5211C0F3C40211431F91BDF87C20A9
:10FC00001146249100252FA8FAF733FE23902FA840
:10FC1000FAF7B0FE8346BDF8BC00ADF88400BDF82D
:10FC2000C000ADF88800BDF8BE00ADF88600BDF894
:10FC30008600ADF88A0021A82790208818B960882E
:10FC4000B0F5807F01D0012000E0002020902E98A8
:10FC500000287ED120980028FBD1B8F1050FF8D1FB
:10FC6000A07A0028F5D1E5F791FD1990FDF750FD38
:10FC70001F902FA8FAF73CFE1F99884201D91F98C0
:10FC800002E02FA8FAF734FE1E901E99480005F0F6
:10FC900057FB1D901E9805F053FB1C901C982A9052
:10FCA00021A82C9002208DF8AC001D982890349E3D
:10FCB000BDF9BE00B7F90210401A2699484300FB6F
:10FCC0000966BDF9BC00B7F90010401A00FB0966CF
:10FCD00000201A903BE0B24600201B9013E09AF8F7
:10FCE00002001C99485548B19AF800109AF8012072
:10FCF00001EB02218AB21D9921F815201B98401CA6
:10FD00001B90CA446D1C1B985845E8DB269800FBE5
:10FD1000096605EB0B011E98814206D8BDF88A00E2
:10FD2000401C00B2ADF88A000EE027A93198FFF719
:10FD300027FEBDF88A00401C00B2ADF88600BDF871
:10FD40008600ADF88A0000251A98401C1A90239965
:10FD500000E019E01A988842BDDBBDF98600BDF9C4
:10FD60008A10884209D0BDF88A00401E00B2ADF862
:10FD70008A0027A93198FFF703FE1C9805F05CFB69
:10FD80001D9805F059FB74E1E5F700FD0290FDF7C1
:10FD9000BFFC1F902FA8FAF7ABFD1F99884201D92D
:10FDA0001F9802E02FA8FAF7A3FD1E901E994800A5
:10FDB00005F0C6FA1D901E9805F0C2FA06462A966E
:10FDC00021A82C9002208DF8AC001D9828900020CE
:10FDD0001C904C2109A805F05EFD209828B32088CE
:10FDE00000B2ADF830006088ADF832003498099068
:10FDF000269800B2ADF828003846FAF73AFDADF87B
:10FE00002A008DF83680A088ADF82C00E088ADF887
:10FE10002E002089ADF83400207D00F001008DF81F
:10FE2000370009A8E4F70EFE15E034981C90BDF9E0
:10FE3000BE00B7F90210411A269841431C9801FBF5
:10FE400009001C90BDF9BC00B7F90010411A1C98BC
:10FE500001FB09001C90002007900890A07AC0F1D7
:10FE6000FF000690A07AC8B122890292A07A07A961
:10FE7000BDF80820D20A12FB00F20A80BDF8082063
:10FE8000C2F3451212FB00F24A80BDF8082002F0CE
:10FE90001F0212FB00F28A8000BF00BFB8F1040FFE
:10FEA00005D1208818B96088B0F5807F01D0022084
:10FEB00000E001208DF8AC002E9818B130461E9954
:10FEC00005F020FDBDF98600B7F90210401A039035
:10FED00000200490B1E0DDF870A00295BDF9840027
:10FEE000B7F90010401A0190002005904BE02098CF
:10FEF000B8B1DDE90303184402B2059B0198184428
:10FF000001B209A8E4F713FB0090009810B9002093
:10FF1000705533E009A8807D7055BDF838002590F4
:10FF20001EE0B8F1050F05D19AF80200705500B92E
:10FF300024E001E0FF2070559AF800009AF80110C3
:10FF400000EB012080B22590B8F1060F08D1BDF872
:10FF50009400BDF89010884202D1002070550DE049
:10FF6000A07A28B107A8069A2599FCF710FF2590DA
:10FF7000BDF894101D9820F8151000BF0598401C7E
:10FF800005906D1CCA4405985845B0DB2E98E8B121
:10FF9000BDF8BEC0049B63441AB2BDF98410029B35
:10FFA000F0185B46FEF7ECFD0090009840B902990E
:10FFB0007018594605F06FFC02208DF8AC0004E083
:10FFC0000098022801D18DF8AC0000BF26991C983A
:10FFD00001FB09001C9005EB0B011E98814206D223
:10FFE000BDF88A00401C00B2ADF88A0022E027A9C3
:10FFF0003198FFF7C5FCBDF88A00401C00B2ADF88F
:02000004900268
:100000008600BDF88600ADF88A000025B8F1040F1F
:1000100005D1208818B96088B0F5807F01D0022012
:1000200000E001208DF8AC002E9818B130461E99E2
:1000300005F068FC0498401C0490239904988842B9
:10004000FFF649AFBDF98600BDF98A10884209D094
:10005000BDF88A00401E00B2ADF88A0027A9319889
:10006000FFF78EFC304605F0E7F91D9805F0E4F93E
:1000700000BF00BF35B0BDE8F08F000070B5064688
:100080000C4625463821284605F005FC094828611C
:100090000948E8600948A8620948E86109486861B8
:1000A00009482862094868620948E86209486863A3
:1000B00070BD0000B9F501906907029063F90190E5
:1000C000D90002905BFB0190D1010290D503029010
:1000D000A5070290B3F901902DE9F04387B00546DA
:1000E0000E4690461C460023224603A9306801F0C4
:1000F000F0F98146B9F1000F0ED1202C09D34FF64B
:10010000FF00844205D042F20C00844201D000BFBF
:1001100000BF07B0BDE8F083BDF8140010B1BDF812
:10012000120000B9F5E7B8F80000BDF81610084451
:1001300000B2ADF808003068008931684989401A7A
:10014000B8F802100844BDF81410401ABDF8181091
:10015000401A00B2ADF80A00BDF90800BDF812104F
:100160000844A968B1F90010884217DBBDF90800FE
:10017000A968B1F90410884210DCBDF90A00BDF885
:1001800014100844A968B1F90210884206DBBDF9D1
:100190000A00A968B1F90610884200DDB9E72146D6
:1001A000039801F087F9074617B900BF00BFB0E711
:1001B0000398007B00F0030008B100BF06E003AB2A
:1001C00002AA314628460097EBF79AFB00BFA0E74A
:1001D0002DE9F04F93B080460E4614461D467088B8
:1001E00010B913B0BDE8F08F307A022800DCF8E7D0
:1001F000B4F90000B5F90010884206D1B4F9020044
:10020000B5F90210884200D1EBE7B4F90010B5F956
:100210000020914202DAB4F9001001E0B5F90010B3
:10022000B6F9020000EBD072A1EB620109B2ADF8A1
:100230004410B4F90010B5F90020914202DDB4F980
:10024000001001E0B5F90010B6F9020000EBD07221
:1002500001EB620109B2ADF84810B4F90210B5F92A
:100260000220914202DAB4F9021001E0B5F902105D
:10027000B6F9020000EBD072A1EB620109B2ADF851
:100280004610B4F90210B5F90220914202DDB4F92A
:10029000021001E0B5F90210B6F9020000EBD072CD
:1002A00001EB620109B2ADF84A1011A911A8D8F802
:1002B0000820E3F78FFC8246BAF1000F00D190E7E7
:1002C000D8F808B011A8C8F80800B4F90200B5F9C8
:1002D0000210884206D12B46224631464046EBF7B3
:1002E000EDFC12E0B4F90000B5F90010884206D127
:1002F0002B46224631464046EBF7FAFF05E02B46F7
:10030000224631464046EBF7C5FD707AC0F3C00087
:1003100020B9707AC0F38000002857D003A8FFF7F7
:100320000DF93088ADF8100047F6FF70ADF80C00FD
:10033000307A8DF80F00B6F902004710B07800F05F
:10034000010080F00109707AC0F38000E0B12088DC
:10035000C01B00B2ADF804006088C01B00B2ADF84D
:10036000060020883844A0EB090000B2ADF8080070
:1003700060883844A0EB090000B2ADF80A0001AA79
:1003800003A94046FFF7BEF8707AC0F3C000E0B1A1
:100390002888C01B00B2ADF804006888C01B00B2FA
:1003A000ADF8060028883844A0EB090000B2ADF88B
:1003B000080068883844A0EB090000B2ADF80A00D4
:1003C00001AA03A94046FFF79DF800BFC8F808B08E
:1003D00000BF06E72DE9FF4F93B090461E46032E5F
:1003E00002DA17B0BDE8F08FB8F1000F00D1F8E7DE
:1003F000B00004F0A5FF044604B9F2E70020129013
:10040000D8F80000206000251EE038F92510681C8F
:1004100038F9200081420AD108EB8500B0F90210BA
:10042000681C08EB8000B0F9020081420AD01298E3
:1004300004EB800008EB8501096801601298401CFC
:1004400080B21290681C85B2701EA842DDDCB8F93B
:10045000001038F92000814208D1B8F90210701E4E
:1004600008EB8000B0F9020081420BD0129804EB37
:100470008001701E08EB8000006808601298401C24
:1004800080B21290129E032E03DA204604F0D4FFAD
:10049000A7E7B44903C9CDE9100100253DE0BDF946
:1004A000400034F92510884202DABDF9400001E02D
:1004B00034F92500ADF84000BDF9420004EB850198
:1004C000B1F90210884202DABDF9420003E004EB00
:1004D0008500B0F90200ADF84200BDF9440034F9DE
:1004E0002510884202DDBDF9440001E034F9250001
:1004F000ADF84400BDF9460004EB8501B1F90210E6
:10050000884202DDBDF9460003E004EB8500B0F946
:100510000200ADF84600681C85B2B542BFDB1398F7
:1005200010A982680DA8E3F755FB0F900F9818B932
:10053000204604F081FF54E7139880680C900DA9C1
:1005400013988160B4F902000B9000200A900125F5
:100550000FE004EB8500B0F902100B98814206DA37
:1005600004EB8500B0F902000B9028B20A90681CD9
:1005700085B2B542EDDB2C2106FB01F004F0E0FE74
:10058000099009980890DDF828A0DDF828A0D34646
:1005900000200790DDF828A0AAF10107002F00DA5B
:1005A00037440A9800F10109701E484501DA4FF0FE
:1005B000000934F827100A9834F82000081A01B20C
:1005C000069134F829100A9834F82000081A01B26C
:1005D000059104EB870041880A9804EB800040886D
:1005E000081A00B2049004EB890041880A9804EBD1
:1005F00080004088081A00B2039000200290DDE9D4
:10060000040110FB01F20699039810FB01F08242ED
:1006100001DA0120029000BF029860B9AAF1010737
:10062000002F00DA37440BF10109701E48450EDA3D
:100630004FF000090BE00AF10107701EB84200DA22
:100640000027ABF10109B9F1000F00DAB14404EB66
:100650008700B0F9020004EB8A01B1F90210884268
:100660002CDB04EB8700B0F9020004EB8A01B1F93E
:10067000021088421ED034F9270034F92A1088422B
:1006800018D0012104EB8700B0F90200CDE9000188
:1006900034F9273004EB8A00B0F9022034F92A102B
:1006A0000898FEF7B7FBDDE90801FDF7B3FF0898EE
:1006B0002C3008900798401C0790BA460798B04223
:1006C00000D13AE004EB8900B0F9020004EB8B01A1
:1006D000B1F9021088422CDB04EB8900B0F902006A
:1006E00004EB8B01B1F9021088421ED034F92900C5
:1006F00034F92B10884218D0002104EB8900B0F99E
:100700000200CDE9000134F9293004EB8B00B0F987
:10071000022034F92B100898FEF77CFBDDE9080174
:10072000FDF778FF08982C3008900798401C079038
:10073000CB460798B042FFF46FAF00BF10AADDE9C7
:100740001301FEF7DFFE0998FEF7B0FE099804F0EA
:1007500073FE204604F070FE13990C98886000BF69
:100760003FE60000E8BB039070B504460D46164610
:10077000324629462046EEF7E9FD32462946204614
:10078000E8F7B8FA324629462046E8F7A8FC324690
:1007900029462046E8F7BFFD324629462046EDF7B8
:1007A00083F970BD704770B5044600BF00BF0121DA
:1007B000204606F0B8F925464FF6FF7068870121FC
:1007C000686A05F053FC00222021204600F05CFC02
:1007D00070BD00002DE9F04180460C462546002002
:1007E00045F8240FE86018A0A86000206860287E03
:1007F00020F0100010302876287E20F020002030D5
:10080000287600206882A8824FF6FF70E8820020D8
:100810002882287E20F00F00083028764FF480616F
:10082000204605F023FC09A1204600F04CFB2046A1
:1008300006F0D4FF074600F047F9286055F8246910
:100840007462BDE8F0810000EF81B8004F707469F8
:100850006F6E20310A4F7074696F6E20320A4F70CC
:1008600074696F6E2033000070B5044600BF00BF8E
:100870002146044806F067F80546284606F0D8F8F1
:10088000284670BDD04F049070B506460D462C46E4
:10089000606A20B1606A06F0DBF90020606294F8BB
:1008A0003C00C0F3001020B9206B04F0DDFD0020F7
:1008B000206370BD2DE9F84F89464946584806F037
:1008C000FBFD8046B8F1010F01D0BDE8F88F484626
:1008D00000F073FB0546484600F0D0FB07463C4657
:1008E0000E2D1BD1384606F017FF8346584601F0FF
:1008F000F7FA064602F0A4FD009002F0F6FD8246EB
:10090000BAF1040F09D11EB1384600F033F904E002
:10091000208FE0863846FFF746FF7FE00F2D01D09D
:10092000102D03D13846FFF73EFF77E0082D07D1A1
:100930003846E6F7FCFA8046B8F1010F6ED0C4E7FE
:100940002A2D03D1384609F032FE67E0292D03D164
:10095000384609F02CFE61E02C2D0DD1484600F000
:100960008AFB06460021384608F021FB82465046A5
:1009700000F05CFE708051E00D2D4AD1484600F039
:100980007AFB0678132E01D0122E13D1384600F0D0
:100990008EF818B9384600F0EDF839E0E08E401CCA
:1009A000A18E884234DAE08E401CE08638460FF093
:1009B00005FF2DE0142E01D0112E11D1384600F084
:1009C00076F818B9384600F0D5F821E0E08E002816
:1009D0001EDDE08E401EE08638460FF0EFFE17E089
:1009E0001B2E05D1208FE0863846FFF7DCFE0FE096
:1009F0000A2E0DD102F038FD8246BA4507D038469E
:100A0000E6F795FA8046B8F1010F00D05DE700BF28
:100A100004E0152D02D14846EBF7AEFF00BF54E7C6
:100A2000D04F0490014600BF00BF0A46D08E7047E9
:100A30002DE9F05F81460F46924600BF00BF4D464C
:100A40004FF0000B286B20B1286BDFF7E3FC8046EA
:100A500003E000203870BDE8F09F002406E0286B1A
:100A6000005D0A2801D10BF1010B641C444502D240
:100A7000288F5845F3D100260EE0BAF1000F06D0BA
:100A8000AAF10100B04202D800BF00BF0AE0286B03
:100A9000005DB855761C641C444503D2286B005D8C
:100AA0000A28EAD100BF0020B85500BFD3E770B5CF
:100AB000044600BF00BF25460121686A08F02EFCED
:100AC00080F0010070BD000070B5044600BF00BF9B
:100AD0002146044805F037FF0546284605F0A8FFE3
:100AE000284670BDEC4F04902DE9F05F83468846A0
:100AF000404600F062FA0446182C08D041461C48D3
:100B000006F0DAFC0546012D01D0BDE8F09F404615
:100B100000F0B4FA0646D6F824904F46082C09D1C6
:100B200002F08EFC824602F0D0FCF8B93046F8F7AD
:100B30005FFF1BE0012C03D13046F8F734FF15E0CE
:100B4000092C06D14FF6FF707887304608F083FFF6
:100B50000CE0182C0AD14046EBF7A4FC41460448AF
:100B600006F0AAFC0546012D00D0CEE700BFCCE779
:100B7000EC4F04902DE9F04F87B0054600BF00BF51
:100B80002C460121284605F0AEFA284606F026FE3E
:100B900083465946606A0AF0EBF84FF0FF31606A0D
:100BA00009F018F90121606A05F07CFF00221F217D
:100BB000284600F069FA2846F2F745FA0690216BBC
:100BC000069804F0FEF842F2D171606A0AF092FBD6
:100BD00006980AF0E1FB606A08F043FB834628466A
:100BE00008F03FFB834513DC94F83C0000F00F0055
:100BF000042805D094F83C0000F00F00082807D125
:100C0000284608F02EFB83465946606A0AF072FBBC
:100C1000069806F08BFD05900021606A07F0F2FC53
:100C200081460021606A08F0B4F8484401B204919A
:100C30000020D4F824B0029041F6110258460299DF
:100C400008F0E8F801900198484400B20390DDE90B
:100C500004100144039808440FFA80F8464694F8BB
:100C60003C0000F00F0794F83C0000F00F0008284B
:100C700024D1FCF735FD8346FCF7B0FDB5F91A1019
:100C8000314488423CDAFCF72BFD8346FCF7A6FD95
:100C9000B5F91A10411AB5F91600814204DA042791
:100CA000E88A401E06B22BE0FCF71AFD8346FCF7EB
:100CB00095FD698B401A401E06B221E094F83C0075
:100CC00000F00F0004281BD1B5F91600801B17D5C2
:100CD000FCF706FD8346FCF781FDB5F91A10411AB1
:100CE000B5F91600814209DD0827FCF7F9FC8346B7
:100CF000FCF774FD698B401A06B201E0B5F9166085
:100D0000464500DD46463146606A09F0F4FF284654
:100D10000FF054FD082F08D10020009000230D2271
:100D20002946606A05F062FA1FE0042F08D100200E
:100D3000009000230A222946606A05F057FA14E061
:100D4000012F08D100200090002310222946606A5C
:100D500005F04CFA09E0022F07D100200090002393
:100D600013222946606A05F041FA606A0AF014FB12
:100D700094F83C0000F00F00012805D094F83C00E6
:100D800000F00F0002281FD1606A08F096FA029066
:100D9000606A08F0B5FA8346FCF7A2FC0190FCF704
:100DA0001DFD58450FDCFCF79BFC0090FCF716FD81
:100DB000ABEB00010298401A401E00B20190606A3D
:100DC00001990AF0C9FA00BF0021226B069805F0CC
:100DD0008BFD82465046BAF1010F04D0022810D094
:100DE000032807D000BF00231A460121069805F00A
:100DF000EBF90DE000231A460321069805F0E4F90B
:100E000006E000231A460921069805F0DDF900BF27
:100E100000BF07B0BDE8F08F2DE9F04107460D4651
:100E200000BF00BF00BF1DB900BF00BF00BFFEE78D
:100E300000BF3C460020A086002606E0A85D0A28E8
:100E400002D1A08E401CA086761CA85D0028F5D19A
:100E5000A08E401CA0860020E08620872846DFF771
:100E6000D9FA00F10108206B48B194F83C00C0F3B6
:100E7000001020B9206B04F0F7FA002020634046F0
:100E800004F024FA206300BF206B18B900BF00BF34
:100E900000BFFEE700BF206B08B9BDE8F08129461E
:100EA000206BDFF793FA94F83C0020F0100084F8F0
:100EB0003C00384608F0CFFD606A10B1606A08F067
:100EC000CAFD00BFE9E72DE9F04107460D4600BF26
:100ED00000BF00BF1DB900BF00BF00BFFEE700BFDD
:100EE0003C460020A086002606E0A85D0A2802D124
:100EF000A08E401CA086761CA85D0028F5D1A08E8F
:100F0000401CA0860020E086208794F83C00C0F3B7
:100F1000001030B9206B20B1206B04F0A5FA00203E
:100F2000206394F83C0020F01000103084F83C005E
:100F30002563384608F08FFD606A10B1606A08F0DA
:100F40008AFDBDE8F08170B506460D4600BF00BFC2
:100F50003446E08EA84200D170BDA08EA84201DDCB
:100F6000284601E0A08E401EE086E08E20873046B5
:100F700008F071FD00BFEFE770B505460C464FF471
:100F80008061204605F08EFD0421204605F08AFD93
:100F90004FF40031204605F069F80121204605F0A4
:100FA00065F8204602F05EFE70BD30B504460B4683
:100FB000586A02460025556230BD0146087A20F085
:100FC0008000704701464868704700B50246107AB5
:100FD00015280ED0107A14280BD0107A162808D0B5
:100FE000107A182805D0107A172802D0107A1928FC
:100FF00003D1104600F03FF800BD00BF00BF002045
:10100000FAE700B50246107A01282CD0107A02289F
:1010100029D0107A032826D0107A042823D0107AF9
:10102000052820D0107A06281DD0107A07281AD05B
:10103000107A082817D0107A092814D0107A0A28B4
:1010400011D0107A0B280ED0107A0C280BD0107A01
:101050000D2808D0107A0E2805D0107A0F2802D05B
:10106000107A102803D1104600F005F800BD00BF2B
:1010700000BF0020FAE7014608697047014608688A
:1010800070470146C8687047F0B587B004460D4602
:10109000164614B9012007B0F0BD00BF00BF009490
:1010A00001948DF808500020039004969DF81800D4
:1010B00020F001008DF818009DF8180020F00400C1
:1010C0008DF818009DF8180020F002008DF8180027
:1010D0000748006805900649C1F800D06846EFF758
:1010E0003EFF07460249059808603846D3E70000EE
:1010F0004001002410B503460C46187A13280DD180
:101100001846FFF7B8FF0246B2F90000A04202DD20
:10111000B2F9000000E02046108001E000BF00BFEF
:1011200010BD0000F8B50BF02CF8044605F080FD6A
:1011300005460BF026F8074606F0F8FA00EB4000EB
:10114000052190FBF1F004B20BF01BF8074608F004
:1011500088F88000052190FBF1F006B22246314666
:10116000284609F0D8FE00231A460921284605F032
:101170002BF82846FBF768F85149086051A1504800
:101180000068FBF753FA0022544801684C48006895
:101190000AF07CF80AF0F5FF064606F0C7FA40426E
:1011A000052190FBF1F004B22346002207214448B8
:1011B000006805F009F800231C22494940480068EE
:1011C00004F00CFF2846FBF73FF84649086046A1AB
:1011D00044480068FBF72AFA002240480168414869
:1011E00000680AF053F80AF0CCFF074606F09EFAB2
:1011F0000446C01704EB1070061100230D2230487E
:10120000009601683748006804F0F0FF00231C22B4
:1012100033493448006804F0E1FE2846FBF714F82F
:101220003649086036A135480068FBF7FFF900220F
:101230002A480168314800680AF028F80AF0A1FF3E
:10124000074606F073FA0446C01704EB1070061147
:1012500000230D222348009601682848006804F006
:10126000C5FF80212548006804F03DFF2846FAF7B5
:10127000EBFF2849086028A126480068FBF7D6F94B
:101280000022164801682348006809F0FFFF0AF0B1
:1012900078FF074606F04AFA0446C01704EB1070C0
:1012A000061100230D2215480096016819480068B0
:1012B00004F09CFF80211748006804F014FFF8BD7B
:1012C0003C030024526F61737420636869636B652B
:1012D0006E2020202020243139000000300300241B
:1012E000BD78009040030024526F617374206475D0
:1012F000636B202020202024323900004403002486
:10130000526F617374206669736820202020202446
:101310003339000048030024526F617374206C61FC
:101320006D622020202020243639000070B50AF09C
:1013300028FF044607F095FFB0F5F07F03DC28484E
:101340002849086002E02848264908600AF019FF89
:10135000044602F087FC2549086025A1234800685F
:1013600003F088FC00221F4801682048006809F04B
:101370008DFF0AF006FF054606F0D8F9404240000E
:10138000052190FBF1F004B2234600220921174801
:10139000006804F019FF0AF0F4FE044602F062FC53
:1013A0001549086015A11448006803F063FC002289
:1013B0000C4801681048006809F068FF0AF0E1FE77
:1013C000054606F0B3F94000052190FBF1F004B2A8
:1013D0002346002209210848006804F0F5FE70BD8C
:1013E000D4F7039030030024F44C04903403002419
:1013F0004D454E55000000003803002441676772D8
:10140000656761746520203A2020243000000000C8
:1014100010B500F003F800F03BFC10BD10B5002142
:101420000D4803F0EDFC0D4908600BF0B5FE0C49CA
:1014300008800BF0B1FE40F480500A4908800BF0A0
:10144000ABFE40F48050084908800BF0A5FE40F444
:1014500080500649088010BD591E01906402002486
:10146000680200246A0200246C0200246E02002438
:101470002DE9F04106460F46092F00D12027346997
:1014800039463046F1F702FB054615B90020BDE8A4
:10149000F081606800EBC508608A800B30B9206875
:1014A000D8F80010C1F313010844F0E700BF00BFF3
:1014B0000020ECE770B504460D4600BF1CB900BF24
:1014C00000BF00BFFEE700BF294620466268904784
:1014D00070BD2DE9F04706460D469046994600BF7F
:1014E0001EB900BF00BF00BFFEE700BF00BF1DB9AF
:1014F00000BF00BF00BFFEE700BF002028603446E9
:1015000000270FE04B46424629462046D4F800C04B
:10151000E04707462FB1A87BC0F3001008B92C6044
:1015200002E06469002CEDD100BF3846BDE8F087C9
:101530002DE9FF4F83B00C4691464FF0000AB9F1F8
:10154000090F03D14FF020094FF0010A03980669F3
:1015500049460398F1F79AFA07461FB9002007B0E9
:10156000BDE8F08F4FF0000BF06868B10699039862
:10157000F1F78CFA0190019828B13946019A039845
:10158000F1F710FC834600BF706800EBC705308A96
:1015900000FB0BF00011029028684FEA1058BAF1D6
:1015A000000F01D04FEA48080298804408F1080073
:1015B0004FEA1018A4F80480687920812879E08027
:1015C00095F90600608195F90700A081708A400AAC
:1015D000A17B60F30301A173A07B20F01000A07336
:1015E000BAF1000F05D0E0884FF6FF7101EA400024
:1015F000E0800120B3E72DE9FF4105460E4617467E
:1016000000BF1DB900BF00BF00BFFEE700BF3B46E3
:10161000324669462846FFF75CFF044624B1BDF810
:10162000040004B0BDE8F0810020FAE70146B1F9FA
:10163000080070470146B1F9080070470146B1F94A
:10164000080070470146B1F90800704770B50446BC
:10165000606808B90B2070BD6068C06808B90920CF
:10166000F9E7D4E90010C2689047054660684088F1
:1016700058B1A06848B1A068C06818B1A168C8682E
:1016800003F0F2FEA06803F0EFFE0020206060602F
:10169000A0602846DFE7000070B505460948E3F77B
:1016A0003CFD04460AE020680078A84201D1206889
:1016B00070BD21460348E3F748FD0446002CF2D1F3
:1016C0000020F5E784D6052470B505462846DEF7E8
:1016D000A1FE04460EE0285D2E2802D1601C28449D
:1016E00070BD285D2F2802D0285D5C2801D103A0A1
:1016F000F6E7641E002CEED100A0F1E70000000028
:10170000401C01783A2900D1401C70472DE9F04770
:1017100005460F46914627B900BF00BF0B20BDE824
:10172000F08797F800804046FFF7B6FF04461CB9E3
:1017300000BF00BF0320F2E7606838B1204661684F
:10174000884718B900BF00BF0120E8E7A06818B9B2
:1017500000BF00BF0920E2E73846FFF7D1FF82460D
:101760004A4651462046A368984706460EB1701C6B
:1017700008B90C20D3E76C602E60608878B1102027
:1017800003F0A4FDA86000BFA86818B900BF00BF9F
:1017900000BFFEE700BF1021A86804F07CF800201D
:1017A000BDE72DE9FC4104460F4690461D460DB1AC
:1017B00000202860606810B90B20BDE8FC816068DB
:1017C000006908B90920F8E70020019060684088A6
:1017D00038B101AB42463946204600F011F80646C2
:1017E00009E001A80090D4E9001043463A46D0F839
:1017F00010C0E04706460DB1019828603046DCE78E
:101800002DE9F04F87B004460F4615469A46002052
:101810000690A068D0F808B0A06800680590A0689D
:1018200040680490A068D0F80C806068B0F802901E
:10183000059858454AD80498834547D20598ABEB9C
:10184000000080B203900398A9EB000086B2B54275
:1018500007D8039808EB00012A46384603F08DFEAE
:1018600033E0039808EB00013246384603F085FE6A
:101870004D450AD9AB1BBA19CDF800A0D4E9001028
:10188000D0F810C0E04706901FE00020029002A8A8
:101890000090D4E900104B464246D0F810C0E04713
:1018A0000690A0684068401CA1680860A0680068B5
:1018B00002990844A1684860A81B80B20190B81939
:1018C0004146019ADEF7C5FD00BF39E04D4509D913
:1018D000CDF800A0D4E900102B463A460669B0477F
:1018E00006902DE0B8F1000F10D1484603F0EEFC51
:1018F000A168C86000BFA068C06818B900BF00BF79
:1019000000BFFEE700BFA068D0F80C800020039065
:1019100003A80090D4E900104B4642460669B04740
:101920000690A068C0F800B0A06800680399084459
:10193000A16848602A4641463846DEF78AFD00BF66
:10194000069830B9CAF80050A06880682844A16899
:101950008860069807B0BDE8F08FF8B504460D46DC
:101960001746606808B90B20F8BD6068806908B93F
:101970000920F9E700266068408800284ED027B18A
:10198000012F1AD0022F48D132E0A0688560A068EC
:101990008068A1680968884205D3A0688068A1684A
:1019A0004968884208D9A3689A68D4E900100023DE
:1019B000D0F818C0E04706462FE0A06880682844A9
:1019C000A1688860A0688068A1680968884205D31A
:1019D000A0688068A1684968884208D9A3689A68A5
:1019E000D4E900100023D0F818C0E047064614E000
:1019F000D4E900103B462A46D0F818C0E047064616
:101A000056B9D4E900106A46C3699847064616B924
:101A10000098A168886000BF00BF07E0D4E900100B
:101A20003B462A46D0F818C0E047064630469BE7BA
:101A30002DE9F04F87B004460E461746A078704354
:101A40004FEA202A574507DC20880690BDF8181079
:101A5000084607B0BDE8F08F207A401E04EB8000F6
:101A6000807870434FEA202B5F4509DB207A401EC7
:101A700004EB800000880690BDF818100846E8E7DF
:101A80000020039001252AE004EB85008078704354
:101A900000120190019887421FDC681E04EB800051
:101AA00000880090FBF7B2F9059004EB85000088F0
:101AB0000090FBF7ABF90490681E04EB800080787F
:101AC00070434FEA202A04EB8500807870434FEA88
:101AD000202BABEB0A00039004E0681CC5B2207A0F
:101AE000A842D1DC00BFA7EB0A0007B2C7EB072171
:101AF000039891FBF0F000F0FF08C8F1FF099DF892
:101B0000100010FB08F09DF8141011FB090000EB09
:101B1000C01101EBC030800EBDF8081060F3040165
:101B200002919DF8110010FB08F09DF8151011FBB3
:101B3000090000EBC01101EBC030400EBDF80810E9
:101B400060F34A1102919DF8120010FB08F09DF815
:101B5000161011FB090000EBC01101EBC030800E24
:101B6000BDF8081060F3CF210291BDF808100846B7
:101B70006FE710B504466068C00F10B1204603F04F
:101B800073FC10BD2DE9FE4305460E461746687AE4
:101B900000F0070010B90020BDE8FE832848007857
:101BA00028B9002000F050F8012025490870687A13
:101BB00000F00700022801D1304600E03846804698
:101BC000324641462846E6F72DFC0290002001905F
:101BD00001AA02A91B48F4F7D3F901280AD10198F8
:101BE0004068401C0199496860F31D0101984160FB
:101BF0000198D1E73A4631462846E4F771FC019056
:101C0000019818B900BF00BF0198C5E7002410E093
:101C10000198B0F90E1022462846FFF709FF009000
:101C20000198806800EB4400BDF800100180601C42
:101C300004B20198B0F90E00A042E9DC0198ABE7CC
:101C400078010024DB16019010B504460D480068A9
:101C500003F00AFC204603F039FB0A4908600A49F0
:101C6000086000BF0748006818B900BF00BF00BF88
:101C7000FEE700BF21460348006803F00CFE03485E
:101C8000046010BDC8020024740100247001002407
:101C900010B50021204803F0B3F8204908600BF08C
:101CA0007BFA40F480501E4908800BF075FA40F42E
:101CB00080501C4908800BF06FFA40F480501A499C
:101CC00008800BF069FA40F48050184908800BF046
:101CD00063FA40F48050164908800BF05DFA40F436
:101CE0008050144908800BF057FA40F48050124994
:101CF00008800BF051FA40F48050104908800BF036
:101D00004BFA40F480500E4908800BF045FA40F43D
:101D100080500C49088010BD073B019074020024DC
:101D2000780200247C0200247A0200247E0200242F
:101D300088020024860200248202002480020024FB
:101D4000840200248A0200242DE9F04107460C4653
:101D50000FB9BDE8F08100BF00BF3846E3F7DDF9F9
:101D600006460AE03068A04202D100BF00BFF0E79B
:101D700031463846E3F7E9F90646002EF2D120460F
:101D800005F0CAFC8046B8F1000F0DD0A06880684D
:101D900050B1A0688068C0680068A04204D1404685
:101DA00000F0B7F800BF00BFA06810B9204604F0EB
:101DB00057FCA06887603846E3F702FA054600BF83
:101DC0001DB900BF00BF00BFFEE700BF05B9C0E7F7
:101DD0002C603846E3F7A1F9A84202D1384600F05A
:101DE00098F800BF00BF00BFB3E7000010B504467D
:101DF000024A03492046F0F7FDF910BD4B5100900F
:101E00001B5100902DE9F04106460EB9BDE8F08166
:101E1000304605F081FC044604B9F7E7207E00F067
:101E2000010000B1F2E70021204600F0FCF8204656
:101E3000E3F773F905463CE02868B04234D1E06826
:101E4000B0B1E0680068B04212D02046F0F72BFF36
:101E50008046E168424608680F21FFF715F90746FA
:101E6000012F00D0D2E7E168086807F0F4FD00BF59
:101E7000E560E068B8B1206910B120462169884763
:101E80002046F0F710FF8046E168424608680E21C0
:101E9000FFF7FAF80746012F00D0B7E7E1680868B6
:101EA00007F0D9FD00BF06E029462046E3F74DF9CB
:101EB0000546002DC0D100BF00BFA7E710B50446FE
:101EC000024A03492046F0F795F910BD5951009098
:101ED00065510090014800687047000048010024E7
:101EE000014609B900207047087EC0F34000FAE7B8
:101EF000014609B900207047C86808B90020FAE710
:101F0000C8680068F7E710B504462046E3F70BF908
:101F100010BD70B50446207EC0F3C005207E20F0C1
:101F2000080008302076207EC0F3800018B92046D3
:101F3000FFF75CFF06E0207EC0F3800010B1204672
:101F4000FFF7BCFF207E65F3C300207670BD2DE94E
:101F5000F0410546284605F0DFFB04460CB9BDE814
:101F6000F08100BF00BFE06808B3E0680068A842E5
:101F700021D1207E00F0010018B1207E20F0010068
:101F800020762046E3F7C9F8E168884210D1204660
:101F9000E3F7E8F8E16888420AD12046F0F783FECB
:101FA0000746E1683A4608680F21FFF76DF802E03E
:101FB0002046FFF7AEFFE06828B1E0680068A8425D
:101FC00001D10020E0602046E3F7A7F8064614E0C0
:101FD0003068A8420CD131462046E3F71DF930465F
:101FE00003F042FAA86810B10020A968886006E0F2
:101FF00031462046E3F7A9F80646002EE8D100BF97
:1020000000BF00BF00BFAAE773B505462846FFF72B
:102010006FFF04460CB901207CBD01AA0D212046AA
:10202000FFF732F8F8E72DE9F04704460D460CB902
:10203000BDE8F0872E46207EC0F340003546A8421A
:1020400000D1F5E7207E66F3410020762046FFF7B9
:102050004FFF074697B12046F0F725FE8146E1681D
:102060004A4608680E21FFF70FF88046B8F1010FC5
:1020700000D0DDE7384607F0EEFC00BF00BFD7E731
:102080002DE9FF4303469C68187800F01F000528DF
:102090000DD11868C0F38A20504300EB400001EBDB
:1020A00041068519A81C205C04B0BDE8F0831878AF
:1020B00000F01F000B281BD101F00705C91018689C
:1020C000C0F38A20C01DC01000FB0216A05DC5F140
:1020D00007084FF0010C0CFA08FC00EA0C00C5F1EF
:1020E000070C40FA0CF70FB10020DDE7FF20DBE71B
:1020F000187800F01F000C281CD12CA00068039059
:102100008807450F89101868C0F38A20C01C80100A
:1021100000FB0216A05DC5F106084FF0030C0CFA97
:1021200008FC00EA0C00C5F1060C40FA0CF703A805
:10213000C05DB9E7187800F01F000D2826D10FF216
:102140007009D9E901C8D9F80000D9F80C90CDE997
:1021500001C8CDF80C900090C807450F49101868C9
:10216000C0F38A20401C401000FB0216A05DC5F1A0
:1021700004084FF00F0C0CFA08FC00EA0C00C5F143
:10218000040C40FA0CF71DF807008DE7187800F0F2
:102190001F000E2806D11868C0F38A2000FB021524
:1021A000605D81E700BFFF207EE700000055AAFFC9
:1021B00000112233445566778899AABBCCDDEEFF27
:1021C0002DE9FF4383B004460D46174600BF0020AB
:1021D000014602464FEAD20CBDF800306CF304030E
:1021E0004FEA910C0093BDF800306CF34A134FEAAC
:1021F000D00C0093BDF800306CF3CF230093BDF8F2
:1022000000C063460193BDF8041008460290A6681A
:10221000207800F01F00042809D0207800F01F006B
:10222000062804D0207800F01F00052815D1217859
:1022300001F01F0000F090F84FEAE0082068C0F3BA
:102240008A20784300FB08F005FB080906EB09012A
:10225000022202A803F0CDFA78E0207800F01F00F7
:10226000072816D1083605F00700ED102268C2F3E2
:102270008A22D21DD21002FB0751725CC0F1070CFA
:10228000012303FA0CF31A40C0F107031A4102922A
:102290005CE0207800F01F00082816D11036AA074D
:1022A000500FAD102268C2F38A22D21C921002FB9A
:1022B0000751725CC0F1060C032303FA0CF31A40B9
:1022C000C0F106031A41029240E0207800F01F009E
:1022D000092816D14036EA07500F6D102268C2F364
:1022E0008A22521C521002FB0751725CC0F1040C8E
:1022F0000F2303FA0CF31A40C0F104031A410292AF
:1023000024E0207800F01F000A2809D106F5806635
:102310002168C1F38A2101FB0750315C029115E06D
:10232000207800F01F000B280ED0207800F01F004E
:102330000C2809D0207800F01F000D2804D0207848
:1023400000F01F000E2801D106980290BDF8081079
:10235000084607B0BDE8F083014600200F291DD2D2
:10236000DFE801F008091C1C0B0E0C1013161911E4
:1023700014171A0000BF002012E000BF10200FE069
:1023800018200DE000BF01200AE000BF022007E096
:1023900000BF042004E000BF082001E0002000BFCF
:1023A00000BF7047014600208A1E0D2A13D2DFE8C5
:1023B00002F00812120712090A0B0C0D0E0F100082
:1023C00000BF00BF00BF00BF00BF00BF00BF00BF15
:1023D00000BF012001E0002000BF00BF70470146A0
:1023E0000020032902D0062902D100BF012001E00C
:1023F000002000BF00BF704770B506460C4625465A
:10240000002045F8240F287D20F00300C01C28750B
:10241000287D20F07C002875204606F022FF2881C8
:10242000204605F083F968810020A8814FF4807070
:102430006882287D20F08000803028750020A880E8
:10244000243D002169856886A98685F83900022126
:10245000204604F027FB4FF48031204603F006FEAF
:1024600070BD000070B5044600BF00BF214604489F
:1024700004F069FA0546284604F0DAFA284670BDE9
:102480000850049070B506460D466C6AA4B1287CCD
:10249000012802D12046FFF7D9F8E06810B1E068C2
:1024A00002F0E2FF206910B1206902F0DDFF204652
:1024B00002F0DAFF0020686270BD00002DE9FF47DE
:1024C00081460D461446284600F05AFF0746E7B9F4
:1024D000287800F01F01042901DB0E2903DD00200C
:1024E00004B0BDE8F0872868820A206862F394206F
:1024F00020602868420D206862F35F5020602878D1
:10250000226860F30402226049E0012F30D128469E
:10251000FFF7DAF8804623A1DEF742F808B1002081
:10252000DEE70222294601A8FFF7F0F8064696B931
:102530006B460422214601A8FFF733F9064601A89D
:10254000FFF784F816B90098042803D000BF00BF35
:102550000020C5E700BF207800F01F00042804DB3E
:10256000207800F01F000E2801DD0020B8E716E0FB
:10257000022F10D10121206861F39420206020688F
:10258000C0F3140000F500102060206820F01F0048
:102590000B30206003E000BF00BF0020A0E7012057
:1025A0009EE7000062696E002DE9FF4F8DB0044682
:1025B0000D4691466BA000680C906BA000680B90D4
:1025C0006AA30FCB07AE0FC620890690002610E045
:1025D000BDF81800C1B206EB46021A988154BDF846
:1025E0001800020A06EB4600401C1A990A54701C97
:1025F00006B210988642EBDB00200590217D01F0A9
:102600001F00FFF7A9FE8246012101FA0AF0401ED1
:1026100080B2049000274FF0000800200390207D36
:1026200000F01F000B2806D00C2816D00D2827D04C
:102630000E2841D137E06069C0F38A20C01DC71061
:1026400007FB09F000EBE500804405F00700C0F14E
:10265000070003900CA805902EE06069C0F38A2063
:10266000C01C871007FB09F000EBA500804405F0B3
:1026700003000621A1EB400003900BA805901BE08E
:102680006069C0F38A20401C471007FB09F000EB8B
:102690006500804405F001000421A1EB8000039057
:1026A00007A8059008E06069C0F38A2707FB095076
:1026B00080440020039000BF00BF606A029038464B
:1026C00002F03EFE8346BBF1000F03D1002011B0A3
:1026D000BDE8F08F00200190207C20B960688168FF
:1026E000414401910DE0002208F104010298FFF736
:1026F00034F900233A4659460298FFF752F8CDF8CC
:1027000004B0002625E001990978039A1141049A42
:1027100001EA0200217D01F01F010E2901D10246CC
:1027200001E005990A5C06EB4601891C1A9B5A5484
:102730000399A1EB0A0149B203910399002906DA32
:10274000CAF1080149B203910199491C0191701C19
:1027500006B210988642D6DB584602F06DFE012084
:10276000B5E7000000FF00000055AAFF001122336A
:10277000445566778899AABBCCDDEEFF2DE9FF4F63
:1027800085B004460E469146217D01F01F00FFF7FB
:10279000E3FD04900121049801FA00F0401E80B28C
:1027A00003900027002002900025207D00F01F00EC
:1027B000072806D0082815D0092825D00A2840D196
:1027C00034E06069C0F38A20C01DC71007FB09F020
:1027D00000EBE6000544083506F00700C0F10700ED
:1027E00002902EE06069C0F38A20C01C871007FBAE
:1027F00009F000EBA6000544103506F003000621A1
:10280000A1EB400002901CE06069C0F38A20401CEC
:10281000471007FB09F000EB66000544403506F061
:1028200001000421A1EB800002900AE06069C0F37E
:102830008A2707FB0960054405F5806500200290A2
:1028400000BF00BFD4F824B0384602F079FD8246BC
:10285000BAF1000F03D1002009B0BDE8F08F0020CD
:102860000190207C20B960688168294401910CE0C6
:102870000022291D5846FFF770F800233A465146BA
:102880005846FEF78EFFCDF804A04FF0000837E061
:1028900001990978029A1141039A01EA0200DBF8D2
:1028A0000C1001EB400109880091BDF80010CAB27C
:1028B00008EB48031299CA54BDF800100B0A08EB44
:1028C0004801491C129A5354DBF810100B5C08EBBA
:1028D0004801891C129A5354049A0299891A49B2E0
:1028E00002910299002907DA0499C1F1080149B25D
:1028F00002910199491C019108F101000FFA80F839
:1029000008988045C4DB504602F096FD0120A3E7FD
:102910002DE9FC5F04460E4617469846606A019012
:10292000217D01F01F00FFF717FD82466069C0F3AB
:102930008A2007FB006000FB0AF04FEAE00B0BF176
:10294000040B002259460198FFF707F88146B9F1B8
:10295000000F04D000BF00BF0020BDE8FC9F4FEA7D
:10296000EA0000FB08F5002000906B462A460C990F
:102970000198FEF716FF8146B9F1000F02D10098C9
:10298000854203D000BF00BF0020E6E70120E4E756
:102990002DE9FE4F82460C46207C012843D1606819
:1029A000FEF792FE804680A1DDF7FAFD10B100200F
:1029B000BDE8FE8F022268466168FEF7A7FE064664
:1029C0001EB100BF00BF0020F2E7606AC0B914204A
:1029D00002F07CFC606200BF606A18B900BF00BFF3
:1029E00000BFFEE700BF606A30B900BF00BF6846A5
:1029F000FEF72CFE0020DBE71421606A02F04BFF9B
:102A0000676A38466A460C210346944607E09CF8FC
:102A1000008083F800805B1C0CF1010C491E00292A
:102A2000F5D100BF06E0207C20B96068806808B955
:102A30000020BDE7207D00F01F05042D03D0052DEB
:102A400001D0062D08D1207C20B960688068A06183
:102A50000120ADE70120ABE7072D05D0082D03D0FD
:102A6000092D01D00A2D70D12846FFF775FC834649
:102A7000012000FA0BF8606AA8B9142002F026FCC5
:102A8000606200BF606A18B900BF00BF00BFFEE708
:102A900000BF606A18B900BF00BF002088E714219A
:102AA000606A02F0F8FE666A4FEA480002F00EFC27
:102AB000F06000BFF06818B900BF00BF00BFFEE7BC
:102AC00000BF404602F002FC306100BF306918B917
:102AD00000BF00BF00BFFEE700BFF06808B130696B
:102AE00038B900BF00BF21465046FFF7CBFC00209D
:102AF0005EE7207C012823D1002204213046FEF726
:102B00002CFF002719E00023042202A93046FEF71B
:102B100048FE9DF808209DF809109DF80A00F9F775
:102B2000ECFF0190F06800EB4700BDF80410018055
:102B30009DF80B003169C8557F1C4745E3D31FE062
:102B40006068D0F80890002717E01BE019F82720EC
:102B500009EB8703597809EB87039878F9F7CDFFDC
:102B60000290F06800EB4700BDF80810018009EB07
:102B70008700C0783169C8557F1C4745E6D300BF40
:102B8000012015E70B2D05D00C2D03D00D2D01D004
:102B90000E2D01D101200BE721465046FFF772FCB4
:102BA00000BF00BF002003E762696E002DE9F84F07
:102BB00082460C4616461F46DDE90A854FF000099D
:102BC000207D00F01F00042809D0207D00F01F00A8
:102BD000052804D0207D00F01F0006280BD1207CA2
:102BE000012847D143463A46314620460095FFF733
:102BF0008FFE81463EE0207D00F01F000B280ED0A6
:102C0000207D00F01F000C2809D0207D00F01F005F
:102C10000D2804D0207D00F01F000E2808D1434667
:102C20003A46314620460095FFF7BEFC814621E03A
:102C3000207D00F01F0007280ED0207D00F01F002F
:102C4000082809D0207D00F01F00092804D0207D2D
:102C500000F01F000A2808D143463A463146204674
:102C60000095FFF78BFD814604E000BF00BF002008
:102C7000BDE8F88F4846FBE710B50446206870B100
:102C80002068C06818B120682146C2689047207C3F
:102C9000012804D1606802F0E7FB0020606010BDED
:102CA00010B50A48E2F76CFA044600BF1CB900BF31
:102CB00000BF00BFFEE700BF0CB9002010BD14210B
:102CC000204602F0E8FD2046F8E70000A8D60524DB
:102CD0002DE9F04105460E460421304602F0DBFDA9
:102CE00015B90020BDE8F081284600F049FB0746F1
:102CF0002FB92946886808B90020F3E700BF4FF0D4
:102D000000080D48E2F709FA044610E0206848B1CF
:102D1000324629462046236898478046B8F1010F7D
:102D200000D106E021460448E2F70FFA0446002CE1
:102D3000ECD100BF4046D5E7A8D605242DE9FF47D2
:102D400004460E4699462821204602F0A4FD1EB9ED
:102D5000002004B0BDE8F087304600F011FB0746C4
:102D60002FB93146886808B90020F2E700BFBDF8E6
:102D7000080020812774C4F80C90207C01281BD106
:102D80003046DDF747FB82460AF1010002F09EFA69
:102D9000606000BF606818B900BF00BF00BFFEE7F9
:102DA00000BF606818B900BF00BF0020D1E73146FE
:102DB0006068DDF70BFB00E066604FF000081D481F
:102DC000E2F7ABF905462AE0286808B1686800B95F
:102DD00020E004F11402314628462B6898478046CB
:102DE000B8F1010F00D015E02560214628466A6839
:102DF00090478046B8F1010F01D14046A9E7042170
:102E000004F1140002F047FD00202062A06160621E
:102E1000E06100BF29460748E2F797F90546002D13
:102E2000D2D1207C012802D1606802F01DFB40460F
:102E30008FE70000A8D605242DE9FC4704460D467F
:102E400016461F46DDF828804FF00009206880688C
:102E500048B1CDE90078206833462A462146D0F8AB
:102E600008C0E04781464846BDE8FC87C16070471E
:102E700001607047416070478160704770B50646D9
:102E80000D462C4694F8380000F00300012805D0C8
:102E900094F8380000F0030002280BD1606A02F0B9
:102EA000E3FA0020606294F8380020F00300C01CB0
:102EB00084F8380070BD00002DE9F34F85B0069806
:102EC000FEF77BF80646152E0CD0182E0AD0A24825
:102ED000069904F0F1FA0546012D02D007B0BDE8CD
:102EE000F08F00BF0698FEF7C9F8804644462A2EA8
:102EF0000ED194F8380000F00300022804D14046B7
:102F0000616A00F058F925E1404607F021FB21E114
:102F1000132E7AD10698FEF7AEF8054600214046FA
:102F200006F037F98146E08E00FB09F000120FFA37
:102F300080F90021404606F0EBF88246208E50448E
:102F40000FFA80FABAF1000F02D1B9F5807F5BD099
:102F5000404606F086F98346404604F0E7FB0290BF
:102F600004F132001FFA89F15346CDE900105946A9
:102F700003A8029AE1F724F9B5F90070B5F9000049
:102F8000BDF90C10791A884202DDB5F9000002E0A3
:102F9000BDF90C00381A00B22880B5F90000BDF95F
:102FA0000E10791A884202DDB5F9000002E0BDF981
:102FB0000E00381A00B22880B5F90000BDF91010D3
:102FC0003944A1EB0B01884202DDB5F9000004E0B1
:102FD000BDF910003844A0EB0B0000B22880B5F911
:102FE0000010BDF91200C2190298101A814203DDC7
:102FF000B5F9000005E008E0BDF91200C11902981A
:10300000081A00B2288000BFA4E0112E75D10698DE
:10301000FEF731F805460021404606F0BAF80746AB
:10302000E08E7843001207B20021404606F070F8A7
:103030008146208E48440FFA80F9404606F011F987
:10304000B4F92C10884259D1404604F06FFBB4F912
:103050002E10884252D1B7F5807F14D1B9F1000FFC
:1030600011D1B4F92CB00BEBDB704010B4F9321075
:10307000884208D1B4F92EA00AEBDA704110B4F9F5
:10308000340081423AD0404606F0EBF88246404692
:1030900004F04CFB834604F13200B9B24B465A4669
:1030A000CDE90010514603A8E1F78AF8BDF80C00FD
:1030B000B8F81410084400B2ADF80C00BDF80E10BA
:1030C000B8F81600084400B2ADF80E00BDF81000C4
:1030D000B8F81410084400B2ADF81000BDF8121092
:1030E000B8F81600084400B2ADF81200002203A898
:1030F0002968E0F786FE28710BE00BE003A9404643
:1031000004F027FA002203A82968E0F77AFE287164
:1031100000BF1FE02C2E14D10698FDF7ACFF05462A
:1031200094F8390000F00300012805D1404600F072
:1031300015F80490286003E0A08D2880E08D688059
:1031400008E0152E03D0182E01D0122E02D10698B9
:10315000E7F73AFC00BFC1E608500490F0B585B02F
:10316000044625460021204606F013F80646E88E60
:10317000704306120021204605F0CAFF0746288E3C
:10318000074405F13200B1B2CDE90010B5F92E20A7
:10319000B5F92C103BB202A8E1F712F802A8F7F734
:1031A00021FCADF8100002A8F7F794FBADF812006F
:1031B000049805B0F0BD2DE9F04F85B0054688466E
:1031C00000BF00BF284606F046FC404600F0D8F895
:1031D00006462C46032E1CD100BF00BF94F83800D1
:1031E00000F00300022805D094F8380000F0030036
:1031F000012802D1606A02F037F90020606294F879
:10320000380020F00300C01C84F8380005B0BDE889
:10321000F08F04A94046FFF75BFD8EB994F83800A3
:1032200000F00300012805D094F8380000F00300F6
:10323000022802D1606A02F017F9C4F8248034E051
:10324000012E01D0022E30D1606A40452DD04FF0C2
:10325000000994F8380000F00300012805D094F824
:10326000380000F00300022801D1D4F82490404631
:10327000DDF7D0F800F1010A504602F027F80746C2
:1032800000BF1FB900BF00BF00BFFEE700BF07B906
:10329000BCE741463846DDF799F86762B9F1000F9F
:1032A00002D0484602F0E0F800BF022E38D10027D5
:1032B00041F259423946284605F0ACFD0290029889
:1032C000814600BF41F25A423946284605F0A2FD28
:1032D0000290029800B2824600BF41F25B4239463A
:1032E000284605F097FD0290029800B28346002020
:1032F00041F6FF7153464A46CDE900B1029041467E
:1033000003A80CF0ADF8BDF80C10049861F39420FC
:103310000490BDF80E10049861F35F50049000BF54
:103320002C34207B66F3010020730498C0F38A20BC
:1033300020800498400D6080217B049860F3860112
:1033400021730499C1F38A2000EBD0714910E18008
:103350002C3C0499480D00EBD0714910A1862846F9
:1033600007F025F9208E18B9E08EB0F5807F02D0E5
:10337000284607F0EDF8284606F06DFB00BF45E74C
:103380000146032001B970470A461378202B04DB5D
:1033900013787F2B01DC012005E01378802B01DB03
:1033A000022000E00020032801D100BF00BF00BFC1
:1033B000E9E710B504462021204602F06CFA00200F
:1033C00020700A20207660764FF4C870A0836420B5
:1033D000E0833220E0760320A07610BD70B505466C
:1033E000286910B9FAF77CF92861286918B900BF73
:1033F00000BF002070BD1048E1F7C2FE044644B98A
:1034000000BF1CB900BF00BF00BFFEE700BF002027
:10341000F0E75821204602F03EFA2560607920F05E
:103420000200801C60712246042104480BF08CFCD1
:10343000216848612046DDE778D6052421350290D1
:1034400001480068704700004C01002410B5044694
:103450001CB90448E1F761FE10BD21460148E1F7BF
:1034600074FEF9E778D6052401480068704700002B
:103470005001002418B900220A804A80704702686F
:103480001278012A08D002681278032A04D04FF07B
:10349000FF320A804A8003E002890A8042894A801A
:1034A00000BFEBE7014609B90020704708680078C3
:1034B000012805D008680078032801D00020F4E72F
:1034C00091F8400000F00F00EFE7014609B9002035
:1034D000704708680078012805D00868007803283C
:1034E00001D00020F4E7C86AF2E7014609B90020DC
:1034F000704708680078FBE700220A804A8000B91C
:10350000704702681278012A03D002681278032AF1
:1035100003D1828A0A80C28A4A8000BFF0E7000095
:103520007FB504464149E0680860084600680068C5
:10353000006900B97FBD3D480068F1F743FF3B4893
:1035400000684079C0F3800000B1F3E700BF69462E
:1035500036480068E1F768FB9DF80F503348006873
:10356000F1F730FF0020324908609DF80E002F4926
:10357000096808712D4800680079012808D10BF00E
:1035800084FB2A49096809680969C1F8540110E0F7
:10359000264800680068007804280AD1BDF80C00AD
:1035A00038B10BF072FB2149096809680969C1F853
:1035B00054011E48006800680078012805D169465A
:1035C0001A480068F1F7C6FC22E018480068006855
:1035D0000078022805D1694614480068F1F770FBAD
:1035E00016E01248006800680078042805D1694692
:1035F0000E480068F1F7A2F80AE00C48006800687D
:103600000078032804D1694608480068F0F7C2FF33
:1036100006480068F1F7D6FE002D98D10020034936
:1036200008600349086000BF84E700004C010024E3
:103630005001002470B504460D4634B3607920F083
:103640000200801C607128480068A04202D100205E
:103650002649086020680078012803D02068007897
:10366000022840D115B1206BA84201D1002121636D
:1036700015B1606AA84201D10021616215B1A06A4A
:10368000A84230D10021A1622DE00020FFF7DEFE2C
:10369000064622E0707920F00200801C70713068CC
:1036A0000078012803D030680078022811D115B1C4
:1036B000306BA84201D10021316315B1706AA84274
:1036C00001D10021716215B1B06AA84201D1002177
:1036D000B1623046FFF7BAFE0646002EDAD100206E
:1036E0000249086000BF70BD4C0100245001002455
:1036F00010B50446607920F0010161710BF0C5FA44
:10370000A0640BF0C2FA606410BD70B502460C46AE
:103710000AB9002070BD032C04D00C2C05D1B2F9DD
:10372000221004E0B2F9201001E00020F2E700BF0F
:103730001068457E002308E0581803B2C5F1640004
:103740004843642690FBF6F001B20029F4D11846F4
:10375000E0E72DE9F047044688460026012120468F
:1037600005F0DCFD10B10020BDE8F08741462046A1
:1037700005F0F3FD07460022414604F11400E0F78E
:1037800040FB28B94FF40021204605F0C7FDB0B139
:10379000204603F0D4FE8146A9F101050CE0A068A3
:1037A000006850F825A041465046FFF7D2FF064674
:1037B0000EB13046D8E76D1E002DF0DA00BF0FB114
:1037C0002046D1E70020CFE700B97047417921F0CA
:1037D00008010831417100BFF7E70000F8B525483E
:1037E000007810B100BF00BFF8BD00BF00BF01F0FE
:1037F0004FFEE1F7DBFFE0F7D3FCE0F7D1F9E0F7AC
:10380000D7FCFAF7D9FAE1F73BFE4FF4AC711A484E
:10381000E1F7AEFC58211948E1F7AAFCE1F7BCFF3B
:10382000E1F7D2F916A52C462078C32804D1607898
:10383000812801D1A07808B100BF00BF11480090D5
:103840006E463078112801D1012000E000200746A3
:1038500027B100BF00BF00BF00BFFEE700BF00BF31
:10386000FDF7D6FD01200349087000BF00BF00BF6F
:10387000BAE70000580100246CD6052478D6052448
:10388000C38100004433221170B506460C46042162
:10389000204603F007F925460020A86385F83C0080
:1038A00085F83D0000231A460521204602F08CFCD5
:1038B00000231C220649204602F090FB00221146FC
:1038C000204607F044FC204600F07CF970BD000063
:1038D000D53802902DE9F04782465046FDF7CEFBE1
:1038E000074600BF00BF3C463846F7F729FF0646AB
:1038F0004FF6FF718E4201D1BDE8F0873846F7F7E9
:103900001FFF804641463846F7F7EAFE054605B9EF
:10391000F2E77FA12846DCF743FE68B9002084F86F
:103920003C007C4801683846F7F776FF7A48016822
:103930003846F7F760FFDFE778A12846DCF730FE6E
:1039400068B9012084F83C00724841683846F7F7AE
:1039500063FF714841683846F7F74DFFCCE770A127
:103960002846DCF71DFE68B9022084F83C0069484F
:1039700081683846F7F750FF674881683846F7F79F
:103980003AFFB9E767A12846DCF70AFE20B166A135
:103990002846DCF705FEB0B9002220213846FDF7A5
:1039A00073FB8046B8F1010F00D0A5E7A06B48B1CA
:1039B00000222021A06BFDF767FB8046B8F1010FC4
:1039C00000D099E798E759A12846DCF7E9FDB0B99E
:1039D00000221F213846FDF757FB8046B8F1010F42
:1039E00000D089E7A06B48B100221F21A06BFDF732
:1039F0004BFB8046B8F1010F00D07DE77CE700BFAC
:103A0000A06B00B978E74AA12846DCF7C9FD20B1D0
:103A100049A12846DCF7C4FD98B90A21A06B0AF039
:103A20002DFBA06B0AF0C8FE00286ED000221F21DB
:103A3000A06BFDF729FB8046B8F1010F00D05BE7D2
:103A400063E03EA12846DCF7ABFD18B9A06B0AF095
:103A500042FD5AE03AA12846DCF7A2FD18B9A06B56
:103A60000AF048FD51E037A12846DCF799FD18B966
:103A7000A06B0AF085FD48E033A12846DCF790FDF5
:103A800080BBA06B0AF08CFE1FFA80F8A06B0AF0D6
:103A90009CFE814699F800002D280FD10121A06BD2
:103AA0000AF0B0FEA06B0AF06BFD2B21A06B0AF0B0
:103AB000E5FA4146A06B0AF0A5FE21E099F8000066
:103AC0002B2810D10121A06B0AF09CFEA06B0AF0FC
:103AD00057FD2D21A06B0AF0D1FA4146A06B0AF0E8
:103AE00091FE0DE00DE00021A06B0AF08BFE2D2170
:103AF000A06B0AF0C3FA08F10101A06B0AF082FE84
:103B000003E02946A06B0AF06BFB00BFF4E600005F
:103B100061626300E001002404020024414243008A
:103B200031230000EF808D00EF849C00EF808C003B
:103B3000456E746572000000EFA2A200EF81930051
:103B4000EF819400EF959A002B2F2D002DE9F04185
:103B50000446264696F83D0000F0010040B196F874
:103B60003C00174A52F820102046F7F744FE24E0A4
:103B70002746398E480001F0A9FB0546388E4200E1
:103B800096F83C000E4B53F82010284601F0F5FC47
:103B9000002007E035F8101021F4007125F810100E
:103BA000411C88B2398E8142F4DC29462046F7F761
:103BB00022FE284601F058FC00BFBDE8F08100005D
:103BC0000402002470B50446254695F83C00054AD9
:103BD00052F820102046F7F71FFE2046FFF7B6FFE9
:103BE00070BD0000E001002470B506460C46254675
:103BF00000202C3545F8080C287F20F00800287795
:103C0000287F20F0100028774FF0FF302860287FB1
:103C100020F007002877002028832C3D0021462033
:103C20004153481E2863A9636963000CE863286454
:103C30000020A86295F8480020F0400085F8480070
:103C40000221204602F02EFF0021204600F0D0FF86
:103C500002A1204601F00EF870BD00005465787492
:103C60000000000070B5044600BF00BF21460448B4
:103C700002F069FE0546284602F0DAFE284670BDCD
:103C80002450049070B506460C462546204600F0A8
:103C90000BF895F84800C0F3C00010B9686A01F04D
:103CA000E3FB0020686270BD70B505462C4694F8B1
:103CB0004800C0F3801020B1A06A10B1A06A01F0E2
:103CC000D3FB94F8480020F0400084F8480000201E
:103CD000A06270BD2DE9F04F87B0894649464F4834
:103CE00003F0EAFB8246BAF1010F02D007B0BDE84B
:103CF000F08F4846FDF761F905464846FDF7BEF9E5
:103D000006462A2D06D1304600F006FF304600F068
:103D10002DFC81E0132D11D10021304605F053F91F
:103D200080464046FDF786FC04462746E01704EB34
:103D3000907081104846FDF7DDF96DE0292D06D120
:103D4000304600F0E9FE304600F010FC64E02C2D17
:103D50005DD137460021304605F035F90590002148
:103D6000304605F06DF904900021304605F09CF9CD
:103D700003904FF0000897F84800C0F3001008B116
:103D800048F0010897F84800C0F3401008B148F027
:103D90000208304603F055FC83460021304605F00A
:103DA00039FA42F2D171884206D1708CC0F380207A
:103DB00010B941F6FF7B03E0304603F042FC834636
:103DC0000398CDE901B80090796A06A8DDE90432CC
:103DD0000BF046FB4846FDF74EF90446B4F90000E7
:103DE000BDF91810884202DDB4F9000001E0BDF908
:103DF00018002080B4F90200BDF91A10884202DDD3
:103E0000B4F9020001E0BDF91A00608004E0152D4C
:103E100002D14846E8F72DFF00BF67E72450049021
:103E200001460A4692F84800C0F3801008B1906A33
:103E3000704702F12800FBE72DE9F04F93B00646EA
:103E40008B4600BF00BF00BFBBF1000F03D100BF16
:103E500000BF00BFFEE700BF37460020039041F6D9
:103E600012023046039904F0D5FF02900298BBF885
:103E70000010081A00B2ADF848000020039041F687
:103E800010023046039904F0C5FF02900298BBF877
:103E90000210081A00B2ADF84A0010A9304603F02B
:103EA0007BFB304600F000FA81460025002410A874
:103EB000F6F79FFD0F900021304605F084F80E9034
:103EC0000021304605F0F0F80D900021304605F055
:103ED000B7F80C900E98FDF7ADFB0B9000200A9000
:103EE00080463E4697F84800C0F3001008B148F0FD
:103EF000010897F84800C0F3401008B148F00208E4
:103F00000021304605F086F942F2D171884205D190
:103F1000708CC0F3802008B948F0040800213046B6
:103F20007A6A02F0E1FC079028E00020CDE9000861
:103F300009EB0500DDE90E130C9AE1F785FC04445A
:103F4000BDF94A20DDE90A01084482420EDC0394EF
:103F500003A94846504A12689047029002980A28DE
:103F600003D019F8040000B9641C0BE00D990B98FC
:103F700001440A98084400B20A90254619F8050041
:103F80000028D2D100BF09EB050008904FF0000ACD
:103F90000798022819D1611BCDF800800C9B0E9A5E
:103FA00008980BF0CFFA039010A8F6F722FD0190C5
:103FB00000EBD07041100398029000EBD070A1EBA1
:103FC000600050440FFA80FA14E00798032811D1DA
:103FD000611BCDF800800C9B0E9A08980BF0B2FA8A
:103FE000039010A8F6F705FD0399401A50440FFA04
:103FF00080FA00BF00200690059005980490D4B385
:1040000034E005AB02AA03A90898E1F701FC08F027
:10401000010038B1059A0898815C06A8E1F7DAFC3E
:1040200000B123E0DDE902210E98FDF7E4FA00B2C9
:104030000190BDF9481001985044814208DB059871
:104040002844A04204D00498284419F8000010B96C
:10405000049805900EE0019850440FFA80FA0C98ED
:1040600050440FFA80FA0598049000BF0598284440
:10407000A042C6D300BF094A059908981268904724
:10408000099029464846054A126890470146099812
:10409000084413B0BDE8F08FFC02002404030024A0
:1040A0002DE9F74F8EB0164600BF00BF00BF1EB906
:1040B00000BF00BF00BFFEE700BF0E980D900E9836
:1040C00000F0F2F80446224600210E9802F00CFCA3
:1040D0008346207800BB00207080BBF1010F06D022
:1040E000BBF1020F0BD0BBF1030F11D102E0002096
:1040F00030800DE00E9803F0A4FA308008E00E98AE
:1041000003F09FFA029000EBD0704010308000BFA7
:1041100000BF11B0BDE8F08F0BA90E9803F03CFA78
:104120004FF0000900270BA8F6F763FC0A90002166
:104130000E9804F048FF099000210E9804F0B4FF97
:10414000089000210E9804F07BFF07900998FDF776
:1041500071FA06900020059080460D9890F848006E
:10416000C0F3001008B148F001080D9890F848001D
:10417000C0F3401008B148F0020800210E9805F085
:1041800049F842F2D171884206D10E98408CC0F3B2
:10419000802008B948F004082046424A0F99126866
:1041A0009047054617E00020CDE9000804EB090020
:1041B000DDE90913079AE1F747FB0744BD4201D344
:1041C000E05D00B90AE008990698014405980844A2
:1041D00000B20590B946E05D0028E4D100BF8DB182
:1041E000681E205C0A2803D0681E205C0D2809D1B7
:1041F000605D38B90899069801440598084400B2F2
:104200000590A94604EB09000490A5EB0900039072
:10421000CDF80080079B099ADDE903100BF092F9B5
:1042200082460F98484503D0079850440FFA80FA09
:10423000BBF1020F1AD1A7EB0901CDF80080079B53
:10424000099A04980BF07EF902900BA8F6F7D1FBBF
:10425000009000EBD07041100298019000EBD070FC
:10426000A1EB600050440FFA80FA15E0BBF1030F98
:1042700012D1A7EB0901CDF80080079B099A049899
:104280000BF060F902900BA8F6F7B3FB0299401A05
:1042900050440FFA80FA00BFA6F800A0059870807D
:1042A00000BF36E700030024014600BF00BF0A46F6
:1042B000506A7047014600BF00BF0A46106C704745
:1042C000014600BF00BF0A46D06B70472DE9F0479A
:1042D00005460F46164600BF00BF00BF1EB900BF0F
:1042E00000BF00BFFEE700BF2C4694F84800C0F3B3
:1042F000C00008B1BDE8F087284605F0ACFB606A55
:10430000DCF788F880463046DCF784F8814609EB14
:10431000080A0AF10101606A01F0FAF8606200BF60
:10432000606A18B900BF00BF00BFFEE700BF606A47
:1043300000B9DFE74FF6FF70874204D10749606A92
:1043400009688847074632463946606AE1F712FB3A
:104350000021284600F08EFC00BFCBE708030024B4
:104360002DE9F04F93B08346894600BF00BF00BFE0
:10437000B9F1000F03D100BF00BF00BFFEE700BFCF
:1043800011A9584603F008F95846FFF78DFF064675
:10439000CDF840B00024002711A8F6F72AFB0F90B3
:1043A0000021584604F00FFE0E900021584604F0FC
:1043B0007BFE0D900021584604F042FE82460E9886
:1043C000FDF738F90C90DDF840B000215846DBF8D5
:1043D000242002F089FA0B9000200A900025DDF8D5
:1043E00040B09BF84800C0F3001008B145F001054B
:1043F000109890F84800C0F3401008B145F002054D
:104400000021584604F006FF42F2D171884206D1DD
:10441000BBF82200C0F3802008B945F0040519E07C
:104420000020CDE9000530195246DDE90E13E1F711
:104430000BFA0744B9F902200C990A980844824201
:1044400000DC0AE0DDE90C0101440A98084400B2EE
:104450000A903C46305D0028E2D100BF4FF00008D2
:10446000002009900B98022818D1391B30195346A7
:1044700000950E9A0BF066F8029011A8F6F7B9FABB
:10448000009000EBD07041100298019000EBD070CA
:10449000A1EB600040440FFA80F813E00B9803286A
:1044A00010D1391B3019534600950E9A0BF04AF87B
:1044B000029011A8F6F79DFA0299401A40440FFAAB
:1044C00080F800BF0020089007940798069000200D
:1044D000059004906FB327E007AB04AA05A9304606
:1044E000E1F796F905F0010030B10798315C08A8B2
:1044F000E1F770FA00B117E0CDF82480DDE904217E
:104500000E98FDF778F840440FFA80F8B9F90000EA
:10451000404502DA069807900AE008EB0A000FFA15
:1045200080F80798069000BF781E07998842D3D27A
:1045300000BFDDE904210E98FDF75DF85044401CF2
:104540000390B9F900100998A0EB0A0081420ADB38
:10455000B9F90020039909980844824203DC01203C
:1045600013B0BDE8F08F0020FAE700002DE9F04F0E
:1045700099B006463446606A10B919B0BDE8F08FAC
:104580004FF0FF30206317A9304603F005F817A855
:10459000F6F72FFA16900021304604F014FD15901E
:1045A0000021304604F080FD80460021304604F0B2
:1045B00047FD8146002794F84800C0F3001008B179
:1045C00047F0010794F84800C0F3401008B147F0E5
:1045D00002070021304604F01DFE42F2D1718842EC
:1045E00005D1708CC0F3802008B947F004071698F5
:1045F000CDE9008002974B46616A14A8159A0AF02B
:104600002FFF304605F0D3FF94F8480000F0070074
:1046100002287CD10021304603F00BFF80B21390BA
:10462000139850B9304603F037F80546F9F75EF8AD
:10463000032190FBF1F080B2139003A8F5F76CFA18
:10464000314603A8F5F71DFB4FF6FF7103A8F5F7F8
:10465000F8FA4FF496700F9000BF0F98119000BFBA
:104660000020029017A8F6F7C4F9BDF9501088424F
:1046700053DA17A8F6F7BDF9BDF95010A0EB010BFE
:104680005A46002103A8F5F7F2FAFE4903A8F5F708
:10469000CAFAFC4903A8F5F7C6FAFA493046F5F715
:1046A0001FFA05464FF0000A0020019035B1D5F8F9
:1046B0002CA095F83E00C0F3400001900D985045A5
:1046C00015DDCDF838A09DF84A0020F001008DF8E6
:1046D0004A00019858B19DF84A1021F00201891C46
:1046E0008DF84A100A980C990A910C9000BF0C9A08
:1046F0000A991398F5F7C9FA8346594603A8F5F7BE
:10470000A6FA03A80D99F5F796FA03A800E06FE062
:10471000F5F7CCFA0120029006E0DA493046F5F7C9
:10472000B3F90020A4F8440017A8F6F7DAF8BDF9A9
:104730005210884254DA0298002851D117A8F6F78F
:10474000D0F8BDF95210A0EB010B1598FCF772FFE1
:10475000ABEB000002460021009003A8F5F787FAB2
:10476000C94903A8F5F75FFAC7493046F5F7B8F924
:1047700005464FF0000A0020019035B1D5F82CA075
:1047800095F83E00C0F3400001900D98504515DDAE
:10479000CDF838A09DF84A0020F001008DF84A00BD
:1047A000019858B19DF84A1021F00201891C8DF83A
:1047B0004A100A980C990A910C9000BF0C9A0A9919
:1047C0001398F5F762FA8346594603A8F5F73FFABE
:1047D00003A80D99F5F72FFA03A8F5F767FA06E095
:1047E000A9493046F5F750F90021462001538AE1E6
:1047F00094F8480000F0070003287DD100213046DE
:1048000003F017FE85B24DB9304602F045FF8246EF
:10481000F8F76CFF032190FBF1F085B204A8F5F7DF
:104820007BF9314604A8F5F72CFA4FF6FF7104A87E
:10483000F5F707FA0020039017A8F6F7DAF8BDF9A4
:10484000501088423CDA202211461598FCF7D3FE1E
:1048500000EB4000BDF950104942081A0246002101
:10486000029004A8F5F703FA864904A8F5F7DBF9E6
:1048700028460D9A0B99F5F708FA0146029004A80C
:10488000F5F7E5F97F493046F5F72AF98246BAF19E
:10489000000F02D0DAF82C0000E0002083460E98CA
:1048A000584507DDCDF83CB09DF84E0020F00100E2
:1048B0008DF84E0004A8F5F7F9F90120039006E001
:1048C00070493046F5F7E0F80020A4F8440017A836
:1048D000F6F707F8BDF9521088423BDA0398C0BBDF
:1048E0001598FCF7A7FEBDF952104942081A024676
:1048F0000021029004A800E034E0F5F7B8F962491D
:1049000004A8F5F790F928460D9A0B99F5F7BDF92B
:104910000146029004A8F5F79AF95B493046F5F78D
:10492000DFF88246BAF1000F02D0DAF82C0000E07E
:10493000002083460E98584507DDCDF83CB09DF821
:104940004E0020F001008DF84E0004A8F5F7AEF9F6
:1049500007E0FFE74C493046F5F796F8002146207E
:104960000153D0E094F8480000F00700012875D109
:1049700017A8F5F7B6FFBDF95210884203DB4FF0D8
:10498000FF30E062BFE01598FCF754FEBDF952100D
:10499000884203DB4FF0FF30E062B4E03B49606ADD
:1049A00009688847032803D84FF0FF30E062AAE087
:1049B00017A8F6F71EF883462E2211461598FCF725
:1049C0001AFE484400EB4000ABEB000000B2ADF82B
:1049D0004C0017A8F5F785FFADF84E001598FCF7C9
:1049E00029FE4044BDF94E1091FBF0F200FB12107D
:1049F00012901598FCF71EFE1299884210DCBDF843
:104A00004E101298081A00B2ADF84E001598FCF737
:104A100011FEBDF84E10084400B2ADF84E000DE096
:104A2000BDF84E101298081A00B2ADF84E00BDF84D
:104A30004E00A0EB080000B2ADF84E0013A93046BE
:104A4000FFF7FAF91190606ADBF7E4FC1090606AF6
:104A50000F4A1199126890470F9008E052E00FA991
:104A60000C4A606A126890471198401E11900F9886
:104A7000C01C10998842F2D8DDF83CA000200E90AE
:104A8000002521E001210390172103900803002451
:104A900000030024FC020024616A0F9A88181C4954
:104AA000096888470E990844C0B20E900FA9194AA8
:104AB000606A126890470E98032803DCDDE90F1046
:104AC000814200D902E06D1C032DE5D900BF606A68
:104AD00000EB0A0130460E9A00F056F888B1002526
:104AE00005E02E200AEB0502616A88546D1C032D37
:104AF000F7D300210AF10300626A11541198C01C17
:104B0000E06200E000BF304604F0A5FF00BF34E5DE
:104B1000EC020024F80200242DE9F04780464446C8
:104B200094F8480000F00700012801D0BDE8F087A4
:104B3000E06A401C00B9F9E7E06AA0F103094946C0
:104B4000104A606A12689047064600254046FFF703
:104B500067F9074605E0785D7219616A8854681C38
:104B6000C5B27119606A405C0028F4D1785D721991
:104B7000616A88544046FFF797F84FF0FF30E062D3
:104B800000BFD3E7000300242DE9F04106460F469D
:104B9000154634463046FFF787F8042D1AD9681CAD
:104BA00000F094FBA062A06A20B900BF00BF002003
:104BB000BDE8F0812A463946A06A00F0DEFC0020FC
:104BC000A16A485594F8480020F04000403084F82D
:104BD00048000BE094F8480020F0400084F84800BA
:104BE0002A46394604F1280000F0C7FC0120DFE71F
:104BF00070B506460D4600BF00BF34461B4930461F
:104C0000F4F742FF1A493046F4F73EFF0020A4F8BB
:104C10004400002146200153022D03D0032D01D072
:104C2000042D07D194F8480020F02000203084F8AB
:104C3000480005E094F8480020F0200084F848007F
:104C400094F8480000F00700012805D1E06A401CF4
:104C500010B13046FFF760FF94F8480065F302009A
:104C600084F848003046FFF781FC70BD01210390B5
:104C7000172103902DE9F04106460D4600BF00BF05
:104C80003446304604F0E7FE05B9656A606AA8421A
:104C900019D194F84800C0F3C000A0B9606ADBF7EE
:104CA000B9FB471C3946606A00F032FC606200BF05
:104CB000606A18B900BF00BF00BFFEE700BF606AAE
:104CC00058BBBDE8F081606A48B194F84800C0F371
:104CD000C00020B9606A00F0C7FB0020606228466F
:104CE000DBF798FB471C384600F0F0FA606200BF23
:104CF000606A18B900BF00BF00BFFEE700BF606A6E
:104D000000B9DEE72946606ADBF760FB94F84800EB
:104D100020F0080084F8480000BF3046FFF726FC6A
:104D200000BFCEE70FB438B5054600BF00BF00BFD7
:104D3000059818B900BF00BF00BFFEE700BF2846B6
:104D400004F089FE2C46059828B92846FFF70EFC8A
:104D500038BC5DF814FB606A48B194F84800C0F3B1
:104D6000C00020B9606A00F07FFB0020606206A8E6
:104D7000009000990598E0F751FE606200200090D5
:104D800094F8480020F0080084F848002846FFF70F
:104D9000EDFB00BFDCE770B504460D4600BF00BF69
:104DA00026463564204604F056FE70BD70B50446B4
:104DB0000D4600BF00BF2646F563204604F04BFEBB
:104DC00070BD70B505460E4600BF00BF2C4694F876
:104DD0004800C0F3C00030B9606A20B1606A00F0DA
:104DE00043FB002060623EB194F8480020F00800C8
:104DF000083084F8480066622846FFF7B7FB70BDAC
:104E000070B504460D4614480068401C12490860FD
:104E100008460068C1001148006800F079FB0F499E
:104E2000086000BF0846006818B900BF00BF00BF97
:104E3000FEE700BF08480068401E0849096841F8BD
:104E4000304005480068401E0449096801EBC00075
:104E500045600148006870BD60010024B80200246C
:104E6000F8B506460C462546204609F0E1FE0090BE
:104E7000BDF80000A884FF2085F82600F8BD0000DA
:104E80002DE9F04FA3B0824688464046FCF795F8DE
:104E90000746152F0BD0162F09D04146814802F046
:104EA0000BFB0646012E02D023B0BDE8F08F404632
:104EB000FCF7E4F80446152F7ED1254615A8FAF72D
:104EC0003DFB15AA0021204604F016FCBDF85A004F
:104ED0000090F7F7BEFC8346F7F792FC029035F896
:104EE000240F5A4600900299F7F7ACFE0190BDF8E6
:104EF0000400ADF85A00BDF85E000090F7F7A9FC79
:104F00008346F7F77DFC029028885A460090029964
:104F1000F7F798FE019015A8BDF80410ADF85E10E3
:104F20002098F7F796FC8346F7F76AFC02902888EA
:104F30005A4600900299F7F785FE0190BDF80400EB
:104F4000ADF88000BDF872000090F7F782FC834650
:104F5000F7F756FC029028885A4600900299F7F716
:104F600071FE0190BDF80400ADF872001E98F7F7CD
:104F700070FC8346F7F744FC029028885A4600905C
:104F80000299F7F75FFE0190BDF80400ADF87800D4
:104F9000F7F736FC0290AA78BDF85A000090029903
:104FA000F7F750FE0190BDF80400ADF85A00F7F78E
:104FB00027FC0290AA7800E071E0BDF85E00009046
:104FC0000299F7F73FFE019015A8BDF80410ADF85F
:104FD0005E10F7F715FC0290AA78BDF872000090F9
:104FE0000299F7F72FFE0190BDF80400ADF87200AA
:104FF000F7F706FC0290AA7801462098F7F722FE00
:105000000190BDF80400ADF88000F7F7F9FB0290BD
:10501000AA7801461E98F7F715FE0190BDF8040026
:10502000ADF87800A8785038BDF8821010FB01F078
:10503000AF2190FBF1F000B2ADF88200A878243DDA
:105040005038BDF8881010FB01F0AF2190FBF1F053
:1050500000B2ADF888004046FBF7B7FF81464946ED
:1050600003A802F003F804F1140006900D48049020
:105070000020059015A807900020109003AA1A217F
:105080002046FCF701F804F1140215A94846FAF786
:1050900039FA03AA1B212046FBF7F6FF00BF00BF29
:1050A00002E7000010C0039070B506460C46254686
:1050B00000202885686285F82A000221204601F038
:1050C000F1FC70BD2DE9F34F89B072480A9902F0E6
:1050D000F3F908900898012802D00BB0BDE8F08FD2
:1050E0000A98FBF76AFF80460A98FBF7C7FF064657
:1050F000B8F1130F0ED10021304603F017FB044620
:105100000A98FBF7B8FF0546B5F90000A04200DA9F
:105110002C80BDE0B8F12C0F3ED134460A98FBF745
:10512000AAFF83464FF00009CA46208D002832DDD1
:1051300000251BE0606A30F92500484503DD606A00
:1051400030F9250000E048468146606A00EB8500A2
:10515000B0F90200504505DD606A00EB8500B0F94A
:10516000020000E050468246681C85B2208DA842AD
:10517000E0DC0021304603F0D9FA074609EB0700CE
:105180000FFA80F90AEB07000FFA80FAABF80090EB
:10519000ABF802A000BF7BE0B8F1150F78D1344620
:1051A0000A98FBF712FF8346208D08B1606A00B9A8
:1051B00093E706A9304602F063FA304602F0B0FCED
:1051C000BDF81810081A0FFA80F9304602F0B2FC48
:1051D000BDF81A10081A07B2304602F0A7FA824644
:1051E00001A8F9F7EBF901AA0021304604F010FA02
:1051F000002548E0606A30F82500484400B2ADF868
:105200001400681C616A31F82000484400B2ADF80F
:10521000100094F82A0000F0010088B9606A00EBE1
:1052200085004088384400B2ADF81600681C616AF9
:1052300001EB80004088384400B2ADF8120014E061
:10524000606A00EB85004088AAEB0000384400B299
:10525000ADF81600681C616A01EB80004088AAEB7B
:105260000000384400B2ADF8120004AB05AA01A951
:105270005846F9F78CF99DF80D0020F004008DF8E0
:105280000D00681C85B2208D401EA842B2DC00BF14
:1052900000BF22E74050049010B5FCF747F8FBF739
:1052A00041FF10BDF0B50446059D944201DB284640
:1052B000F0BD8C4201DC1846FAE7571AEE1A601A64
:1052C000704390FBF7F01844F2E7000030B587B068
:1052D000044614B9094807B030BD214608480068A3
:1052E00009F005FF05463DB900BF00BF684600F064
:1052F000DDF800BF00BF00BF2846ECE7D002002465
:10530000CC02002410B5002415E00C4850F83400FD
:1053100078B10A4951F8340000F0A6F80020074996
:1053200041F8340001EBC4018871044901EBC40168
:105330008880601CC4B2102CE7DB10BDECD60524BD
:105340002DE9F041054615B90020BDE8F0814FF088
:10535000FF3600212CE0374800EBC100807900F0D7
:10536000010018BB334800EBC1008088A8421DD360
:10537000304800EBC1008088A84208D101202D4AA6
:1053800002EBC10290712B4850F83100DDE7002E8E
:1053900001DA4EB20AE0274800EBC1008088254AB6
:1053A00002EBC6029288904200DA4EB2481CC1B2AB
:1053B0001029D0DB002E08DB01201E4901EBC601BD
:1053C00088711C4850F83600BFE7002428E01948CF
:1053D00000EBC400807900F00100F8B9154951F8DC
:1053E0003400294600F094F8074600BF1FB900BFFB
:1053F00000BF00BFFEE700BF0FB90020A5E70120F6
:105400000C4901EBC40188710A4901EBC4018D808C
:10541000084840F8347050F8340096E7601CC4B275
:10542000102CD4DB00BF00BF00BF00BF00BF00BF17
:10543000FEE70000ECD60524014600200CE0094AF6
:1054400052F830208A4205D10022064B03EBC003FC
:105450009A717047421CD0B21028F0DB00BF00BF29
:1054600000BFF6E7ECD6052410B504460648844292
:1054700000D110BD04B9FCE721460448006809F0DA
:1054800008FE00BFF5E70000D0020024CC02002493
:1054900010B54FF4C831034809F0E4FD0249086033
:1054A00010BD00005CD80524CC02002470B5044671
:1054B0001C220021204600F0B4F91348006809F0CE
:1054C00010FE05462246114909F098FE4FF4C830F7
:1054D00020606421A06848432168B0FBF1F0C0F16E
:1054E00064002076A06858B16421E0684843A16850
:1054F000B0FBF1F06076607EC0F16400607601E0A0
:105500000020607670BD0000CC020024555502904A
:1055100070B505460C4624B92846FFF7A5FF0B4891
:1055200070BD0A48854203D12046FFF7CFFEF7E75A
:10553000224629460648006809F0F1FD06461EB9D4
:1055400000BF00BF0020EBE73046E9E7D0020024AF
:10555000CC02002430B5044618461AB105696D1C0A
:10556000056109E045686D1C456085680D448560EE
:10557000C5688D4200D2C16030BD2DE9F0410F46B3
:10558000154601463A4601F0030602F0030CB44505
:105590007DD0C2E092F8008081F80080491C521C46
:1055A00092F8008081F80080491C521C92F800801B
:1055B00081F80080491C521C92F8008081F800801C
:1055C000491C521C92F8008081F80080491C521C32
:1055D00092F8008081F80080491C521C92F80080EB
:1055E00081F80080491C521C92F8008081F80080EC
:1055F000491C521C92F8008081F80080491C521C02
:1056000092F8008081F80080491C521C92F80080BA
:1056100081F80080491C521C92F8008081F80080BB
:10562000491C521C92F8008081F80080491C521CD1
:1056300092F8008081F80080491C521C92F800808A
:1056400081F80080491C521C92F8008081F800808B
:10565000491C521C92F8008081F80080491C521CA1
:1056600092F8008081F80080491C521C92F800805A
:1056700081F80080491C521C92F8008081F800805B
:10568000491C521C92F8008081F8008000E053E031
:10569000491C521C92F8008081F80080491C521C61
:1056A00092F8008081F80080491C521C92F800801A
:1056B00081F80080491C521C92F8008081F800801B
:1056C000491C521C92F8008081F80080491C521C31
:1056D00092F8008081F80080491C521C92F80080EA
:1056E00081F80080491C521C92F8008081F80080EB
:1056F000491C521C92F8008081F80080491C521C01
:1057000092F8008081F80080491C521C92F80080B9
:1057100081F80080491C521C203D202D3FF63AAFF5
:1057200006E092F8008081F80080491C521C6D1E32
:10573000002DF6D1BDE8F0816EB1C6F1040607E098
:1057400092F8008081F80080491C521C761E6D1E64
:105750000EB1002DF4D10B46144630E0D4F8008091
:10576000C3F800801B1D241DD4F80080C3F80080FE
:105770001B1D241DD4F80080C3F800801B1D241DB0
:10578000D4F80080C3F800801B1D241DD4F80080CD
:10579000C3F800801B1D241DD4F80080C3F80080CE
:1057A0001B1D241DD4F80080C3F800801B1D241D80
:1057B000D4F80080C3F800801B1D241D203D202D3F
:1057C000CCD806E0D4F80080C3F800801B1D241D4F
:1057D0002D1F042DF6D81946224606E092F80080C7
:1057E00081F80080491C521C6D1E002DF6D100BFAF
:1057F000A0E730B504460B4604E01D782570641C14
:105800005B1C521E002AF8D130BD30B504460B4651
:1058100004E01D782570641C5B1C521E002AF8D120
:1058200030BDF0B506460B46344604F003054DB1D5
:10583000C5F1040503E02370641C521E6D1E0DB1FA
:10584000002AF8D103EB032707EB034707EB0361BB
:10585000204610E00160001D0160001D0160001D78
:105860000160001D0160001D0160001D0160001D40
:105870000160001D203A202AECD802E00160001DE2
:10588000121F042AFAD8044602E02370641C521E38
:10589000002AFAD1F0BD30B50446224602F00303D7
:1058A00053B1C3F1040304E000251570521C491ED6
:1058B0005B1E0BB10029F7D1104611E000250560F1
:1058C000001D0560001D0560001D0560001D0560D0
:1058D000001D0560001D0560001D0560001D2039CC
:1058E0002029EBD803E000250560001D091F0429CD
:1058F000F9D8024603E000251570521C491E002904
:10590000F9D130BD30B50446224602F0030353B14D
:10591000C3F1040304E0FF251570521C491E5B1EF1
:105920000BB10029F7D1104612E04FF0FF350560AA
:10593000001D0560001D0560001D0560001D05605F
:10594000001D0560001D0560001D0560001D20395B
:105950002029EAD804E04FF0FF350560001D091F3B
:105960000429F8D8024603E0FF251570521C491E91
:105970000029F9D130BD024600BF00BF906C8842BB
:1059800001D101207047506B884205D192F8610027
:10599000012801DC0120F5E70020F3E72DE9F047BD
:1059A00080464046FBF709FB8146B9F1070F40D11D
:1059B0004046FBF763FB06464046FBF762FB0446A6
:1059C000606BB04204D0A06CB04201D0BDE8F0875B
:1059D00094F8600084F8610031462046FFF7CBFF61
:1059E00000B1F3E704F154073846DFF796FB82462F
:1059F00051463846DFF7A9FB0546CDB1514638463A
:105A0000DFF70AFC5046FFF72FFD14F8600F401E29
:105A1000207029463846DFF7FFFB2078401E04F847
:105A200060092046296800F06CF92846FFF71CFD44
:105A300000BF00BFCAE770B5044600BF00BF2546DF
:105A40002C4605F154063046DFF74FFB002085F861
:105A5000600070BD2DE9F05F83460C465048016838
:105A6000204605F061F90021204605F023F925467E
:105A70006035A87820F00600A870A87820F008000B
:105A8000A870002028706870A87820F00100A87025
:105A9000603D042105F15400DFF76AFB204601F068
:105AA000C7F868620121686A00F0E0FA0020E86344
:105AB0006864A864E864286421463A4800F043FF1B
:105AC0000646304600F0B4FF42F26401304605F06D
:105AD00012F90121304605F0FFF80121304605F0AA
:105AE000E9F84FF48041304600F0C0FA0221304618
:105AF00000F0D8FFAE6231462B4800F024FF074685
:105B0000384600F095FF42F2D17242F26401384605
:105B100005F001FA0021384605F0CCF802231A46B8
:105B20000021384605F0A6F80221384600F0BAFFF9
:105B30004FF48041384600F099FA2F63286BF5F74F
:105B4000EFF980462B4607221849404600F046FAF6
:105B50004FF48041404600F089FA0021404605F0AC
:105B6000A9F8C5F83480686BFCF77CFC824610A16C
:105B70005046FDF720FB286BFEF774F881460121A3
:105B8000484600F073FAC5F838900020E8622865AE
:105B90002B461C220749204600F020FABDE8F09F62
:105BA0006402002428C1039044C103909D590290CF
:105BB000EF819300155E029070B505460C460021FA
:105BC000204605F077F802231A460021204605F00A
:105BD00051F80221204600F065FF70BD2DE9F0412B
:105BE00007460C46264606F154052846DFF77DFA9F
:105BF000BDE8F081014600BF00BF0A46D06A704789
:105C0000014600BF00BF0A46106C704770B50646DB
:105C10000C46204601F0DAFD05462046696A05F08B
:105C2000A7F80121204605F045F802231A46002175
:105C3000204605F01FF84FF48041204600F016FA88
:105C400070BD70B506460C462546686A20B1686A84
:105C5000FFF70AFC0020686270BD70B5054600BF02
:105C600000BF2C46206B08B1E06A00B970BD94F803
:105C70006200C0F3410020B101280BD002281BD1E3
:105C800011E00021206B04F0A5F80121E06A05F085
:105C900023F811E00021206B04F09CF80021E06A59
:105CA00005F01AF808E00121206B04F093F80121B7
:105CB000E06A05F011F800BF00BF206B04F0A5FA00
:105CC000E06A04F0A2FA206B05F066FB206B01F09D
:105CD00099FC20B90121206B00F0C8F903E00121F3
:105CE000206B00F0DFFE00BFC0E770B505460C4634
:105CF0000121204604F0DEFF0221204600F0D2FE02
:105D000070BD2DE9F04106460D4600BF00BF344688
:105D1000E06A18B1616AE06A05F02AF88DB104F111
:105D200054073846DFF72CFA8046C8F8005094F83C
:105D30006000401C84F860002846A16A05F018F84D
:105D400002E03046FFF777FEE562206D50B1206C2F
:105D500020B10121206D00F0C6F903E00121206D82
:105D600000F0E1FE206C80B394F8620000F00100C6
:105D7000A8B194F86200C0F3C00040B10121A06C4A
:105D800000F090FE0221A06C00F070F907E0012104
:105D9000A06C00F06BF90221A06C00F083FE94F877
:105DA0006000022808DB0121606B00F07BFE02210D
:105DB000606B00F05BF923E00121606B00F056F9A5
:105DC0000221606B00F06EFE1AE0FFE794F86000BD
:105DD000022804DA94F86200C0F3C00040B1012147
:105DE000606B00F05FFE0221606B00F03FF907E09E
:105DF0000121606B00F03AF90221606B00F052FE65
:105E000000221C212046FBF73FF93046FFF725FF13
:105E1000BDE8F0812DE9F04180464046FBF731F9BD
:105E200007463C463846FFF7E5FE064686B1A06BBE
:105E300070B1706A40B1716AA06BFEF71BFF01215F
:105E4000A06B00F02FFE03E00121A06B00F00EF923
:105E50003846FFF7D5FE054685B1E06C70B1686A3B
:105E600040B1696AE06CFEF705FF0121E06C00F0CB
:105E700019FE03E00121E06C00F0F8F8BDE8F081C4
:105E800070B506460C462546242105F12400DFF7AF
:105E90006FF91C2105F13000DFF76AF970BD70B5AC
:105EA00006460C4600BF00BF254605F13000DFF76F
:105EB0001CF905F12400DFF718F970BD2DE9F04F4A
:105EC00097B00D462946444801F0F6FA1690169808
:105ED000012802D017B0BDE8F08F2846FBF76DF817
:105EE00006462846FBF7CAF80446152E71D1284607
:105EF000FBF76BF8159013A9204601F04DFB13AA90
:105F000020461599E2F740FE13AA20461599EAF7B4
:105F1000D5F813AA20461599E7F7AEFC13A8F4F7B5
:105F20003EFD824600EBDA704710BDF84C00384465
:105F300000B2ADF84800BDF84E00384400B2ADF8EC
:105F40004A0004A8F9F7FAFA04AA4FF400312046EF
:105F500003F0D2FB4FF4003A41F2010251462046D1
:105F600002F058FF0190019800B2834600EBDB700D
:105F70004FEA600800BF41F204025146204602F099
:105F800049FF0190019800B2834600EBDB704FEAB5
:105F90006009BDF84800A0EB080000B2ADF80800A9
:105FA000BDF84A00A0EB090000B2ADF80A00BDF848
:105FB0004800404400B2ADF80C00BDF84A00484427
:105FC00000B2ADF80E0002AA04A91598F9F79AFAE2
:105FD00000BF00BF7EE700007CC103902DE9F041C7
:105FE00004460D4616461F4600BF00BF204600F07F
:105FF00037FBA068807E401CA1688876A268927EEC
:1060000002EB42029100A268D068FFF781FAA16812
:10601000C86000BFA068C06818B900BF00BF00BF5B
:10602000FEE700BFA068C168807E401E00EB400014
:1060300041F82050A068C268807E401E00EB4000FE
:1060400002EB80000672A068C168807E401E00EBF3
:10605000400001EB80004760A068C168807E401E60
:1060600000EB400001EB8000BDE8F0812DE9FF412D
:1060700005460C4600BF00BF284603F069FD0646F2
:1060800004F0010010B1284603F0E5FCE869204364
:10609000E86104F0010010B1284603F0DCFC28465A
:1060A00003F056FDB04202D104F0C07040B1284662
:1060B00001F08CFB074603F091FD284603F08EFDAE
:1060C00004F0100068B16A4602A9284601F03CFDC0
:1060D00002A9284603F0F9FC6946284603F0F5FCBE
:1060E00000BFBDE8FF8170B504460E4600BF00BF8B
:1060F000208C40EA0605208CA84203D02946204681
:1061000004F018FF70BD2DE9F0410446884617469B
:1061100000234FF6FF723946204610F02DFA002575
:1061200011E0E06800EBC5004068C0F3406000B1DA
:1061300008E0E06800EBC5004068C0F3006000B113
:1061400000E005E06D1C608CC0F3C500A842E8D8F3
:1061500000BF608CC008401C618C60F3C801618482
:10616000628CC2F3C502D100E068FFF7D1F9E060AC
:10617000608CC0F3C500461E09E0E06800EBC60174
:106180000246701E02EBC00205CA05C1761EAE4271
:10619000F3D8E16801EBC5000821FFF77CFBE0685C
:1061A00040F83580E06800EBC500406867F31700F1
:1061B000E16801EBC50148604FF6FF7239462046A1
:1061C00004F00EFABDE8F0812DE9F04106460F46D5
:1061D00014461D4600223946304604F0ABFF2A46DD
:1061E0002146304604F045FEBDE8F0812DE9FF4F21
:1061F00087B00E4690469A4600BF00BF079805F04C
:10620000CBF81EB9079801F0E1FA064600BF00BFBF
:106210004FF0000900200690079801F0D7FA0746D2
:106220000021384602F0C7F905900021384602F0F7
:10623000DCFB01460598084400B204900021384672
:1062400002F03FFD01460598084400B2039000218A
:10625000304602F0B0F902900021304602F0C5FB52
:1062600001460298084404B20021304602F029FD9C
:1062700001460298084405B2B8F1000F0AD1002186
:10628000304602F00AF9012802D14FF0030801E07C
:106290004FF00108B8F1160F32D2DFE808F03132C2
:1062A000354A5866869FB40BD4DDFEFDFCFBFAF937
:1062B000F8F7F6F5304601F0C4F9009000EBD07025
:1062C0004FEA600B079802F0CCFF019000EBD07012
:1062D000ABEB600020440FFA80F9304601F092F9F0
:1062E000009000EBD0704FEA600B079801F01EFAA7
:1062F000019000EBD070ABEB6000284400B2069038
:1063000070E1A14606956DE1304601F09AF90090E2
:1063100000EBD0704FEA600B079802F0A2FF0190EB
:1063200000EBD070ABEB600020440FFA80F90695CB
:1063300058E1304601F085F98346079802F091FF55
:10634000ABEB000020440FFA80F906954AE1A14624
:10635000304601F057F98346079801F0E7F9ABEBB7
:106360000000284400B206903CE1304601F069F993
:10637000009000EBD0704FEA600B079802F071FFBD
:10638000019000EBD070ABEB600020440FFA80F975
:10639000304601F037F98346079801F0C7F9ABEBB7
:1063A0000000284400B206901CE1304601F049F993
:1063B0008346079802F055FFABEB000020440FFA2C
:1063C00080F9304601F01EF98346079801F0AEF9D6
:1063D000ABEB0000284400B2069003E1A146304632
:1063E00001F010F9009000EBD0704FEA600B0798B5
:1063F00001F09CF9019000EBD070ABEB60002844F9
:1064000000B20690EEE0304601F01BF98346079893
:1064100002F027FFABEB000020440FFA80F9304672
:1064200001F0F0F8009000EBD0704FEA600B079895
:1064300001F07CF9019000EBD070ABEB60002844D8
:1064400000B20690CEE04FF00009079801F06EF917
:10645000404200B20690C5E0304602F002FF0090D4
:1064600000EBD0704FEA600B079802F0FAFE019043
:1064700000EBD070ABEB60000FFA80F9079801F0E9
:1064800055F9404200B209E09CE084E07CE069E01C
:106490004FE045E034E01CE014E001E00690A1E0AC
:1064A000304602F0DEFE8346079802F0DAFEABEBE0
:1064B00000000FFA80F9079801F038F9404200B265
:1064C00006908FE04FF00009304601F02FF906905A
:1064D00088E0304602F0C5FE009000EBD0704FEA35
:1064E000600B079802F0BDFE019000EBD070ABEBA3
:1064F00060000FFA80F9304601F018F9069071E05B
:10650000304602F0AEFE8346079802F0AAFEABEBDF
:1065100000000FFA80F9304601F008F9069061E0BA
:10652000079802F09EFE40420FFA80F90020069084
:1065300058E0079802F095FE40420FFA80F9304685
:1065400001F0F4F8009000EBD0704FEA600B079870
:1065500001F0ECF8019000EBD070ABEB600000B202
:1065600006903FE0079802F07CFE40420FFA80F967
:10657000304601F0DBF88346079801F0D7F8ABEB23
:10658000000000B206902DE0304602F06AFE81461F
:106590000020069026E0304602F063FE8146304639
:1065A00001F0C4F8009000EBD0704FEA600B079840
:1065B00001F0BCF8019000EBD070ABEB600000B2D2
:1065C00006900FE0304602F04CFE8146304601F066
:1065D000ADF88346079801F0A9F8ABEB000000B2D4
:1065E000069000BF00BF0021384601F056FF012889
:1065F0000DD1384601F008FAB18A5144BA8A891A95
:1066000001440498081A48440FFA80F90CE038460F
:1066100001F082F9B18A5144BA8A891A0144049876
:10662000081A48440FFA80F9384601F06FFAF28AE6
:1066300014990A44F98A511A01440398091A0698D0
:10664000084400B2069000220121079804F072FD70
:106650004946DDE9062004F00CFC0BB0BDE8F08FE4
:1066600010B5044600BF00BFA06808BB1148006811
:10667000401C104908601C20FEF728FEA06000BFE7
:10668000A06818B900BF00BF00BFFEE700BFA06848
:1066900000B910BD1C21A068FFF7FDF80F20A1680C
:1066A0004876A068007E20F00300C01CA168087630
:1066B00000BFEEE75C0100242DE9FC4780460F4651
:1066C0000121404602F02AFE10B10020BDE8FC87FF
:1066D000404601F083F80446204600F0DDFF814685
:1066E0004846F7F759F8A04210D04846F7F761F846
:1066F000A0420BD04846F7F733F8A04206D04846F0
:10670000F7F721F8A04201D00020DFE74FF4002185
:10671000404602F003FE48BB4046DEF7D8FD064681
:1067200008F114016846F4F727F8BDF80000801B53
:1067300000B2ADF80000BDF80200801B00B2ADF859
:106740000200BDF80400304400B2ADF80400BDF80A
:106750000600304400B2ADF806006A4639463846B5
:10676000DDF738FA08B90020B0E700BF404601F075
:106770002DF8054619E00121284602F0CFFD08B1A9
:106780000020A3E74FF40021284602F0C7FD40B9DE
:1067900005F1140239463846DDF71CFA08B9002025
:1067A00094E7284601F012F80546002DE3D10120B8
:1067B0008CE72DE9FE4F05460E464FF000083146A6
:1067C000284602F0C3FB0446002C46D0314628463A
:1067D00002F0A2FB0090009802283DDD204604EB69
:1067E000D0714910491C0CB23146284602F0A1FB79
:1067F000204404B23146284602F074FB81463146FB
:10680000284602F07CFB8246B9F1000F01DD4846C4
:1068100001E0C9F10000BAF1000F01DD514601E0CD
:10682000CAF10001884207DDB9F1000F01DD4846D9
:1068300009E0C9F1000006E0BAF1000F01DD5046A1
:1068400001E0CAF10000204404B2A04501DD404649
:1068500000E02046804600BF00BF3146284601F0D8
:10686000CDFF0746C7B13146284601F0ADFF82464D
:10687000BAF1020F0FDD3146284601F0B2FF814622
:1068800009EB0700404501DA404601E009EB07004B
:106890000FFA80F800BF00BF00BF40F60A02314681
:1068A000284602F0B7FA009000980FFA80FB00BF6C
:1068B00000BF40F60B023146284602F0ABFA0090CA
:1068C000009800B202900298834501DD584600E02E
:1068D000029801900198002803DD019840440FFAC6
:1068E00080F84046BDE8FE8FFEB504460D461646CC
:1068F00000BF41F25D422946204602F08BFA00902B
:106900000098C0B2029000BF41F26A422946204678
:1069100002F080FA00900098C0B2019000BF9DF88C
:10692000080008B90120029000BF9DF80800FEBDD4
:1069300002460AB9002070471068884201D1012040
:10694000F9E70020F7E72DE9F04107460C46384605
:10695000ECF716FA80464046FEF7B8FC054615B936
:106960000020BDE8F08141462846FEF794FF2F60E5
:106970006C60002C30D1F6F7B3FE06461EB900BF9E
:1069800000BF0020EDE7F06840B90420FEF79EFC50
:10699000F060F0680560012070620DE0706A401CD4
:1069A0007062726A9100F068FEF7B2FDF060706A82
:1069B000401EF16841F820500020A8820021E982A1
:1069C000F6F7A6FE401E01B229830020F6F706FF67
:1069D000401E01B2698329E000BF00BFA06810B962
:1069E0002046FFF73DFEA068006858B90420FEF776
:1069F0006DFCA1680860A068006805600120A168BE
:106A0000486013E0A0684068401CA1684860A26824
:106A100052689100A2681068FEF77AFDA1680860CC
:106A2000A068D0E90010401E41F82050284698E7A1
:106A300070B50446204603F0D1F8002000F020FB9A
:106A4000204608F069F8204600F07DF8012000F0AB
:106A500017FB4FF6FF724FF47021204603F0C0FD84
:106A6000204603F0A4FDFBF735FA06463EB120466A
:106A700003F059F818B121463046FBF765F9204676
:106A800000F0A4FE054665B1224622212846FAF709
:106A9000FBFA224623212846FAF7F6FA204602F0AE
:106AA000DAFF70BD2DE9FF4105460C4600BF00BF6F
:106AB000284603F04DF8064604F0100068B16A4617
:106AC00002A9284601F040F802A9284602F0FDFF7D
:106AD0006946284602F0F9FF00BFE869A043E86173
:106AE00004F0010078B1284602F0B5FF284603F013
:106AF0002FF840B1284600F069FE074603F06EF813
:106B0000284603F06BF8284603F022F8B04202D181
:106B100004F0C07028B1284600F058FE074603F084
:106B20005DF8BDE8FF8170B504460E4600BF00BFAA
:106B3000208C20EA0605208CA84203D02946204656
:106B400004F0F8F970BD70B5044625682068006847
:106B500028B12068006820602046FFF7F4FF256018
:106B60002068406818B1206821464268904770BD8F
:106B70002DE9F84381460C4665686DB3284600F060
:106B8000CBFE0746284600F0C1FF8046002641F6AE
:106B900010023146284602F03DF900900098E98A3B
:106BA0000844A0EB080001B2E182E08A401E01B275
:106BB000618300BF41F612023146284602F02AF9ED
:106BC00000900098A98A0844C01B00B2A082A08A45
:106BD000401E01B2218300BF0220E061E06940F461
:106BE0008050E0611DB1E06940F40050E0611DB1EA
:106BF000E06940F44070E061E06940F00400E06169
:106C0000E06940F01000E061E06940F02000E061E0
:106C1000E06940F04000E061E06940F40060E0615C
:106C20001DB1E06940F40040E061BDE8F883000078
:106C300070B5044600BF00BF21460448FFF783FE3D
:106C400005462846FFF7F4FE284670BD84BA039037
:106C50002DE9F041064600BF00BF00BF00BF30462F
:106C600002F0F9FE304600F0B1FD044614B12046B2
:106C700003F0D2FF0025002754B9304600F00CFD88
:106C800005460DB9BDE8F0812869B04200D1012761
:106C9000304609F02AFC84B10021204603F0EAF8CE
:106CA000204603F0B9FF002222212046FAF7ECF932
:106CB000002224212046FAF7E7F91FB100BF00BFE8
:106CC0000020286100BF00BF00BFDBE770B50646AB
:106CD0000C462046DDF74CFA002000F0D1F900BF49
:106CE000184A0021204603F024FD00BF012000F0D7
:106CF000C7F900212046F2F7C7FE204600F00CFD40
:106D0000054615B12046FBF722F9A068C0B1A0687E
:106D1000006830B1A1680868FEF7A6FB0020A168F2
:106D20000860A068C06830B1A168C868FEF79CFB25
:106D30000020A168C860A068FEF796FB0020A06054
:106D400070BD0000FFFF0F002DE9F04FA3B0824699
:106D50005046FAF732F906465046FAF78FF90446DC
:106D6000122E6AD15046FAF786F90546287802288D
:106D700002D123B0BDE8F08F0021204601F069FC6C
:106D800010B102202870F4E70021204602F09EF89E
:106D900083460021204602F0E2F907460021204602
:106DA00002F0C3F9804604F1140121A8F3F7DBFCDB
:106DB000BDF88400C01B00B2ADF88400BDF88800A7
:106DC000384400B2ADF88800BDF88600A0EB08009A
:106DD00000B2ADF88600BDF88A00404400B2ADF8BC
:106DE0008A005A4621A96868DCF735FF10B90120EE
:106DF0002870BEE70021204601F0B6FBFD2802DA2C
:106E000001202870B5E74FF0000968224946204666
:106E100002F000F820902098C0B210B10120287034
:106E2000A7E70021204601F0A8FCFD2802DA012096
:106E300028709EE70020287014E1152E7ED1504660
:106E4000FAF7C3F8834615A8F8F778FB0021204627
:106E500001F0A2FB30B19DF8770020F00100401C4A
:106E60008DF8770015AA0021204602F045FC00218C
:106E7000204602F074F905460021204602F055F93B
:106E8000074604F1140113A8F3F76DFCBDF84C009C
:106E9000401B00B2ADF84C00BDF85000284400B2D1
:106EA000ADF85000BDF84E00C01B00B2ADF84E006A
:106EB000BDF85200384400B2ADF85200594601A85E
:106EC00000F0D4F8684802900020039015A80590BF
:106ED00013A8049000200E9001AA1A212046FAF768
:106EE000D3F80021204601F0B4FB20B1BDF85400D6
:106EF00008B1012000E000208146DDF86480B9F18E
:106F0000000F01D00020199013AA15A95846F8F7D0
:106F1000F9FAB9F1000F26D01820FEF711FA009007
:106F2000BDF95420002304F114010098F8F7F0F99A
:106F300004F590710098F7F76DFB00E019E0B8F1E7
:106F4000000F0FD000208DF857008DF876008DF8D7
:106F50007E008DF88A00CDF8648013AA15A95846E2
:106F6000F8F7D0FA00BF01AA1B212046FAF78CF8E7
:106F700078E0182E76D15046FAF727F88046414639
:106F80002046E7F771FB0021204601F062FB60B16B
:106F900004F59070F8F78AFA05462DB12846F7F700
:106FA0001BFE2846FEF748FA00BF0021204601F0EC
:106FB000F3FA002855D015A8F8F7C0FA00208DF88C
:106FC00057008DF86E008DF87E008DF88A0015AAA6
:106FD0000021204602F090FB0021204602F0BFF87D
:106FE00005460021204602F0A0F8074604F11401EE
:106FF00013A8F3F7B8FBBDF84C00401B00B2ADF886
:107000004C00BDF85000284400B2ADF85000BDF867
:107010004E00C01B00B2ADF84E00BDF8520038441F
:1070200000B2ADF85200414601A800F01FF80E482A
:1070300002900120039015A8059013A80490002049
:107040000E9001AA1A212046FAF71EF813AA15A9D4
:107050004046F8F757FA01AA1B212046FAF714F820
:1070600000BF00BF00BF84E684BA039070B5044639
:107070000D4648212046FEF70EFC256070BD00003D
:107080000149087070470000650100242DE9FF5F89
:1070900088464046F9F791FF04464046F9F792FFCB
:1070A0000546012C04D120212846FFF71CF801E2F7
:1070B000082C2BD120212846FFF735FD4046F9F753
:1070C000DAFF07463846FCF700FAF0B908212846EF
:1070D00002F024F9C8B1284601F08CF900F0010053
:1070E00020B901212846FEF7FEFF03E001212846D2
:1070F000FFF719FD00221C212846F9F7C5FF0646B7
:10710000012E01D0BDE8FF9F00BFD3E1032C04D1C5
:1071100020212846FFF707FDCCE12A2C10D1284674
:1071200000F00DFA0746002607E0A868006850F84E
:107130002690484602F052FD761CBE42F5D3B9E1D6
:107140000D2C7CD10821284602F0E8F808B340460F
:10715000F9F791FF0678132E01D0112E04D10121E9
:107160002846FEF7C0FF07E0142E01D0122E03D1EF
:1071700001212846FFF7D7FC0A2E09D000221C2146
:107180002846F9F781FF0746012F00D0BAE700BF74
:1071900090E14FF40161284602F0C0F8002886D043
:1071A000284602F0ABFC0028AFD10390284600F03F
:1071B000B3FB0746284600F027FC81464046F9F716
:1071C0005AFF0678122E14D1284600F0B3FC8346ED
:1071D000284600F0ABFA8246C0170AEB90700BEB22
:1071E000A00000B2029001462846039A03F0F8FC82
:1071F00085E0112E14D1284600F09CFC83462846D9
:1072000000F094FA8246C0170AEB9070ABEBA00036
:1072100000B2029001462846039A03F0E1FC6EE0BA
:10722000132E36D1284600F049FB00F0030020B1B0
:10723000002F19DCB9F1000F16DC284600E05FE0F2
:1072400000F078FC8346284600F070FA8246C017AA
:107250000AEB90700BEBA00000B2029001462846AA
:10726000039A03F0BDFC4AE0284600F059FC83462F
:10727000284601F0F6FF8246C0170AEB90700BEB30
:10728000A00000B2029001462846039A03F08CFC4D
:1072900035E0142E33D1284600F010FB00F0030037
:1072A00020B1002F17DCB9F1000F14DC284600F0E4
:1072B00041FC8346284600F039FA8246C0170AEBA3
:1072C0009070ABEBA00000B2029001462846039AF2
:1072D00003F086FC13E0284600F022FC8346284693
:1072E00001F0BFFF8246C0170AEB9070ABEBA00025
:1072F00000B2029001462846039A03F055FCD9E0FB
:107300000E2C3AD14FF48061284602F007F818B1EC
:107310000121284603F02BFC4FF0000A284600F01C
:10732000FBF98346FAF7DCFD82460226FCF788F873
:107330008146B9F1000F03D14046F9F762FE81465C
:107340004846FCF7D2F80746022F01D0042F01D19E
:1073500046F00406BAF1000F06D046F008063146A2
:107360002846FEF7C0FE07E031462846FEF7BBFE82
:1073700008212846FFF7D7FB9CE0092C04D14021C7
:107380002846FEF7B0FE95E00A2C16D1402128468B
:10739000FFF7C9FB284601F003F802280CD16A4622
:1073A00002A9284600F0D0FB02A9284602F08DFB76
:1073B0006946284602F089FB7CE00F2C04D10E219F
:1073C0002846FFF7B0FB75E0292C23D10021284681
:1073D00001F015F881460021284601F08DF982461A
:1073E000BAF1000F02D1B9F1000F02D0284602F025
:1073F000F5FB284600F0A3F80746002607E0A8683A
:10740000006850F826B0584602F0E8FB761CBE42F1
:10741000F5D34FE0222C2FD1002641F20102314654
:10742000284601F0F7FC0390039800B2074600BF1E
:1074300041F204023146284601F0ECFC0390039827
:1074400000B281460021284600F0D9FF8246002183
:10745000284601F051F98346BBF1000F08D1BAF17B
:10746000000F05D142F2D170874201D0814502D18F
:10747000284602F0B3FB1DE0132C12D14046F9F769
:10748000FAFD064600212846FFF793F90746B6F9AC
:107490000000B84202DDB6F9000000E03846308056
:1074A00008E0152C03D0182C01D0122C02D1404634
:1074B000FFF74AFC00BF25E62DE9F04106460D46E0
:1074C00016B96868046800E0346800E0246814B104
:1074D00020690028FAD014B90120BDE8F0812069A4
:1074E00008B90120F9E70020E86029462046226912
:1074F00090470127287E00F0010000B100273846A0
:10750000EBE7024600BF00BF906808B90020704753
:10751000002908DA906840680144002901DA002057
:10752000F5E70B4600E00B4690684068984201D8AA
:107530000020ECE79068006850F82100E7E701467A
:1075400000BF00BF886808B900207047886840689D
:10755000FBE770B505460C4605F114012046F3F72C
:107560000BF9A868B8B12088A968898A401A00B2C6
:107570002080A088A968898A084400B2A080608819
:10758000A968898A401A00B26080E088A968898A5F
:10759000084400B2E08070BD70B506460C4600BFDE
:1075A00000BF0021304601F006F80546214630466E
:1075B00000F066F8684202B2684201B22046F3F772
:1075C0001FFA0021304601F010FA2188084400B269
:1075D00020800021304601F0B1FAA188081A00B2DB
:1075E000A0800021304601F06CFB6188084400B2A5
:1075F00060800021304601F01BF9E188081A00B2D2
:10760000E08070BD2DE9F041074600BF00BF0021BA
:10761000384601F056FB04460021384601F008F9CF
:1076200005460021384600F0C6FF0646384600F001
:107630007DF8001B401B022101FB160000B2BDE8D3
:10764000F0812DE9F041074600BF00BF0021384618
:1076500001F0CBF904460021384601F06FFA0546E7
:107660000021384600F0A7FF0646384601F0F9FD34
:10767000001B401B022101FB160000B2BDE8F08197
:1076800070B505460C4600BF00BF05F11401204649
:10769000F3F772F870BD000070B5064600BF00BF7A
:1076A000706808B9354603E0304600F097F80546A3
:1076B0000E48DDF732FD044611E0002107E0E068E6
:1076C00050F82100A84201D1204670BD491C606AD3
:1076D0008842F4D821460548DDF737FD0446002CE2
:1076E000EBD100BF00BF0020EFE700006CD60524FF
:1076F000024600BF00BF906808B90020704790683C
:10770000807E884201D80020F8E79068C06801EBCD
:10771000410300EB8300F1E7014600BF00BF88682A
:1077200010B18868806870470020FCE710B50446F7
:1077300000BF00BF04F11400F3F77FF810BD70B56F
:10774000064600BF00BF304600F040F805460DB9C0
:10775000002070BD002400BF08E021462846FFF746
:10776000D0FEB04201D12046F3E7641C2846FFF763
:10777000E6FEA042F1D84FF0FF30EAE72DE9F041F4
:1077800004460F4690461E46002518E0E06800EBD0
:10779000C5004068C0F3006080B1E06800EBC50040
:1077A000406820F07F40B04208D1E16851F83500D0
:1077B0004246394605F0BEFBBDE8F0816D1C608C89
:1077C000C0F3C500A842E1D80020F5E7014609B999
:1077D0000020704700BF00BF4868FAE710B50446B4
:1077E00000BF00BF224600BF13461846FFF7EEFF5A
:1077F0000246002AF8D1184610BD00002DE9F84FC6
:10780000074600BF00BF2B4C3846FFF798FE804666
:10781000002514E0B868006850F825B0264958469D
:1078200001F087FD00B109E0BBF91A00A04201DABE
:10783000204601E0BBF91A00044600BF6D1C454517
:10784000E8D30021384601F049FA0090002138467B
:1078500000F0FBFF81460021384600F0B9FE0646E5
:107860001448844205D0788BA0EB0900801B201AB5
:1078700004B2384600F09EFD82463846FFF756FFB8
:107880000099401AA0EB0900022101FB1600AAEBA7
:1078900000000FFA80FA384600F04CF9AAEB00001D
:1078A0000FFA80FA544502DD2046BDE8F88F5046B5
:1078B000FBE7000001E0FFFF0100040001468868CB
:1078C00020B18868407E00F00F0070470F20FCE771
:1078D00070B506460D460E493046F2F701F90446EA
:1078E00014B1606A404202E0304600F019F900B27B
:1078F000288008493046F2F7F3F8044614B1606A6C
:10790000404202E0304600F015F900B2688070BDD8
:10791000E51E0390011F03902DE9FC5F044600BFA4
:1079200000BF0021204600F0C5FD012809D0A06855
:1079300010B90020BDE8FC9FA068008A404200B258
:10794000F8E70021204601F006F9019000212046C9
:1079500001F058F807460021204600F039FE804625
:107960004FF0000941F6FF752046FFF7E8FD82461B
:10797000002617E0A068006850F826000090204913
:10798000009801F0D6FC00B10BE00098B0F91400AB
:10799000A84201DD284602E00098B0F9140005462F
:1079A00000BF761C5645E5D341F6FF70854208D0EE
:1079B000A946A08A38444044A0EB09000FFA80F998
:1079C00001E0DFF84090204600F004FD83462046A9
:1079D00001F047FC0199401AC01B022101FB18006D
:1079E000ABEB00000FFA80FB204600F099F85844FA
:1079F0000FFA80FBD94501DD48469BE7584699E7D9
:107A00000100040001E0FFFF2DE9F84F044600BF2C
:107A100000BF0021204600F04DFD012808D1A068DC
:107A200010B90020BDE8F88FA068B0F91000F9E7A0
:107A30002A4D2046FFF783FD8046002614E0A0680B
:107A4000006850F826B02649584601F072FC00B193
:107A500009E0BBF91800A84201DA284601E0BBF9A9
:107A60001800054600BF761C4645E8D30021204695
:107A700001F071F881460021204600F0C3FF00901C
:107A80000021204600F0A4FD07461448854205D099
:107A9000208BA0EB0900C01B281A05B2204600F07D
:107AA00099FC8246204601F0DCFBA0EB090100981E
:107AB000081A022101FB1700AAEB00000FFA80FA56
:107AC000204600F02DF8AAEB00000FFA80FA554589
:107AD00001DD2846A6E75046A4E7000001E0FFFFCD
:107AE000010004000146886820B18868007EC0F368
:107AF000810070470020FCE70146886820B1886853
:107B0000007EC0F3011070470020FCE70146886842
:107B100008B9002070478868408A404200B2F9E7FF
:107B20000146886808B9002070478868008A40428A
:107B300000B2F9E70146886808B9002070478868F4
:107B4000408A404200B2F9E72DE9F04F95B0054672
:107B50000C4616464FF0FF300346002211460090B7
:107B60002046F2F76FFF4FF0FF3003460022114628
:107B700000903046F2F766FF1021284601F0CEFB58
:107B800010B915B0BDE8F08F284600F009FC80461A
:107B9000B8F1000F00D1F4E70020FBF757FC149078
:107BA000B8F1020F11D109E01498FBF78EFCA8423E
:107BB00000D106E01498FBF749FC149014980028B3
:107BC000F2D100BF149800B9DBE72846FFF79EFF0B
:107BD00013902846FFF712FE12902846FFF79CFEEE
:107BE00011902846FFF710FF10902846FFF766FE19
:107BF0000F9000200E900F9800F00C00A8B1B8F183
:107C0000010F10D0B8F1030F05D1139800280ADC3A
:107C10001298002807DCB8F1020F06D11498FBF780
:107C200041FC0C2801D101200E9000200D900F98EE
:107C300000F00300A8B1B8F1010F10D0B8F1030FA4
:107C400005D1119800280ADC1098002807DCB8F14B
:107C5000020F06D11498FBF725FC032801D101205F
:107C60000D900D9810B90E9800B98AE74FF4803145
:107C7000284600F01FFC012800D100E000200C90F5
:107C80004FF48031284601F029F883464FF48031C3
:107C9000284600F0DAFD0B904FF48031284600F0C2
:107CA000B1FE07464FF48031284600F054FF81466C
:107CB0004FF48030039041F201022846039901F00D
:107CC000A9F80290029800B20A902846FFF72EFD0C
:107CD0000990284601F0C5FA08900E9808B10A9854
:107CE00000E0002082460D9808B10A9800E00020CC
:107CF00007904FF48030039021222846039901F029
:107D000089F802900298C0B202280DDA4FF4803050
:107D1000039031222846039901F07CF802900298E2
:107D2000C0B2022800DA2CE713990998014412988E
:107D3000084400B205900E9800287DD005980028D0
:107D4000FBD0E88A7080688BF0800C9850B1A88ACC
:107D5000384400B2308031880A980844401E00B28E
:107D6000B0800AE0288BA0EB090000B2B080B18897
:107D70000A98081A401C00B230800998A0EB0B0149
:107D80000B98091A0798081A09994843059990FB16
:107D9000F1F000B203900020F5F7A8FC00EB8000A2
:107DA000502101EB4000A02190FBF1F001280BDDF8
:107DB0000020F5F79BFC00EB8000502101EB400018
:107DC000A02190FBF1F000E001200399884201DA44
:107DD000039819E00020F5F789FC00EB80005021A2
:107DE00001EB4000A02190FBF1F001280BDD002009
:107DF000F5F77CFC00EB8000502101EB4000A02156
:107E000090FBF1F000E0012000B203900998A0EB94
:107E10000B010B98091A0798091A0398081A00B25F
:107E2000069009990598401A00B20290029800281D
:107E30000EDCE88A584400E0BFE000B27080698B35
:107E40000B98091A0798081A401E00B2F080B3E098
:107E5000129906984843029990FBF1F000B2019004
:107E600001990698401A00B20190E98A01980844E5
:107E7000584400B27080718803980844401E00B2D4
:107E8000F080B6F90210B5F916005844814242DA82
:107E9000E88A584400B270800020F5F727FC00EB18
:107EA0008000502101EB4000A02190FBF1F001285F
:107EB0000BDD0020F5F71AFC00EB8000502101EBF0
:107EC0004000A02190FBF1F000E00120B6F9021083
:107ED0000844B6F9061088421DDD0020F5F706FCBF
:107EE00000EB8000502101EB4000A02190FBF1F05D
:107EF00001280BDD0020F5F7F9FB00EB8000502195
:107F000001EB4000A02190FBF1F000E0012071881E
:107F1000084400B2F080B6F90610B5F91A200798A7
:107F2000121A0B98101A814245DD698B0798091ABD
:107F30000B98081A00B2F0800020F5F7D7FB00EB91
:107F40008000502101EB4000A02190FBF1F00128BE
:107F50000BDD0020F5F7CAFB00EB8000502101EBA0
:107F60004000A02190FBF1F000E00120B6F90610DE
:107F7000081AB6F9021088421DDA0020F5F7B6FBA0
:107F800000EB8000502101EB4000A02190FBF1F0BC
:107F900001280BDD0020F5F7A9FB00EB8000502144
:107FA00001EB4000A02190FBF1F000E00120F188FE
:107FB000081A00B2708000BF00BF119908980144F0
:107FC0001098084400B204900D98002879D00498C5
:107FD0000028FBD0698B0B98081A00B2E080E1887A
:107FE0000A98081A401C00B26080A88A2080288B5A
:107FF000A0800898C01BA0EB0900A0EB0A0008991C
:108000004843049990FBF1F000B203900020F5F78B
:108010006DFB00EB8000502101EB4000A02190FBA4
:10802000F1F001280BDD0020F5F760FB00EB80008C
:10803000502101EB4000A02190FBF1F000E0012075
:108040000399884201DA039819E00020F5F74EFB06
:1080500000EB8000502101EB4000A02190FBF1F0EB
:1080600001280BDD0020F5F741FB00EB80005021DB
:1080700001EB4000A02190FBF1F000E0012000B2F4
:1080800003900898C01BA0EB0900A0EB0A0103981D
:10809000081A00B2069008990498401A00B202909B
:1080A000029800281BDC0C9860B1A88A3844504420
:1080B000401E00B22080288BA0EB090000B2A080F7
:1080C0006BE16BE1A88A384400B22080288BA0EBDA
:1080D0000900A0EB0A00401E00B2A0805DE11099EB
:1080E00006984843029990FBF1F000B20190019983
:1080F0000698401A00B201900C9800287ED0A98AF8
:10810000019808443844504400B2208021880398E4
:108110000844401E00B2A080B4F90000B5F9141064
:1081200039445144884243DAA88A3844504400B262
:1081300020800020F5F7DAFA00EB8000502101EBF7
:108140004000A02190FBF1F001280BDD0020F5F7A5
:10815000CDFA00EB8000502101EB4000A02190FB04
:10816000F1F000E00120B4F900100844B4F9041063
:1081700088421DDD0020F5F7B9FA00EB80005021A0
:1081800001EB4000A02190FBF1F001280BDD002065
:10819000F5F7ACFA00EB8000502101EB4000A02184
:1081A00090FBF1F000E001202188084400B2A0809B
:1081B000B4F90410B5F91800A0EB0900814244DDC0
:1081C000288BA0EB090000B2A0800020F5F78EFA02
:1081D00000EB8000502101EB4000A02190FBF1F06A
:1081E00001280CDD0020F5F781FA00EB800050211A
:1081F00001EB4000A02190FBF1F001E026E001201E
:10820000B4F90410081AB4F9001088421DDA0020ED
:10821000F5F76CFA00EB8000502101EB4000A02143
:1082200090FBF1F001280BDD0020F5F75FFA00EB81
:108230008000502101EB4000A02190FBF1F000E014
:108240000120A188081A00B22080A5E0A98A01981F
:108250000844384400B22080218803980844401E16
:1082600000B2A080B4F90000B5F914103944884276
:1082700042DAA88A384400B220800020F5F736FAA6
:1082800000EB8000502101EB4000A02190FBF1F0B9
:1082900001280BDD0020F5F729FA00EB80005021C2
:1082A00001EB4000A02190FBF1F000E00120B4F9C7
:1082B00000100844B4F9041088421DDD0020F5F7D1
:1082C00015FA00EB8000502101EB4000A02190FB4B
:1082D000F1F001280BDD0020F5F708FA00EB800033
:1082E000502101EB4000A02190FBF1F000E00120C3
:1082F0002188084400B2A080B4F90410B5F9180030
:10830000A0EB0A00A0EB0900814245DD288BA0EB21
:108310000A00A0EB090000B2A0800020F5F7E6F902
:1083200000EB8000502101EB4000A02190FBF1F018
:1083300001280BDD0020F5F7D9F900EB8000502172
:1083400001EB4000A02190FBF1F000E00120B4F926
:108350000410081AB4F9001088421DDA0020F5F75D
:10836000C5F900EB8000502101EB4000A02190FBFB
:10837000F1F001280BDD0020F5F7B8F900EB8000E3
:10838000502101EB4000A02190FBF1F000E0012022
:10839000A188081A00B2208000BF00BF00BF13E40C
:1083A0000146886820B18868007E00F003007047AD
:1083B0000320FCE738B504460548006800906A468B
:1083C0002C212046F8F760FEBDF9020038BD000000
:1083D000A4BA039038B504460548006800906A4680
:1083E0002C212046F8F750FEBDF9000038BD0000F2
:1083F000A0BA0390014600BF00BF088C704738B593
:1084000004460D4641F209022946204600F002FDCD
:1084100000900098C0B238BD38B504460D4641F210
:1084200009022946204600F0F5FC00900098C0B2F1
:1084300038BD38B504460D4666222946204600F070
:10844000E9FC0090009838BD38B504460D4651222D
:108450002946204600F0DEFC0090009808B101207B
:1084600038BD0020FCE738B504460D464FF40562E0
:108470002946204600F0CEFC0090009800B238BD9E
:1084800038B504460D464FF405622946204600F0F3
:10849000C1FC0090009800B238BD38B504460D46C6
:1084A00041F26A422946204600F0B4FC0090009850
:1084B000C0B238BD38B504460D4641F26A4229467D
:1084C000204600F0A7FC00900098C0B238BD38B537
:1084D00004460D4641F26A422946204600F09AFCC5
:1084E00000900098C0B238BD38B504460D4641F240
:1084F0006A422946204600F08DFC00900098C0B2E8
:1085000038BD38B504460D4641F26A422946204638
:1085100000F080FC00900098C0B238BD38B5044629
:108520000D4641F26A422946204600F073FC009055
:108530000098C0B238BD38B504460D4641F26A42D3
:108540002946204600F066FC00900098C0B238BD75
:1085500038B504460D4644F220022946204600F074
:1085600059FC0090009838BD38B504460D462122CC
:108570002946204600F04EFC00900098C0B238BD5D
:1085800038B504460D4668222946204600F042FCD4
:1085900000900098C0B238BD38B504460D4634226C
:1085A0002946204600F036FC0090009808B10120D2
:1085B00038BD0020FCE738B504460D4641F23202D2
:1085C0002946204600F026FC0090009800B238BDF5
:1085D00038B504460D4641F232022946204600F0E5
:1085E00019FC0090009800B238BD38B504460D461D
:1085F00041F232022946204600F00CFC009000981F
:1086000000B238BD38B504460D4641F23202294663
:10861000204600F0FFFB0090009800B238BD38B54E
:1086200004460D4641F232022946204600F0F2FB94
:108630000090009800B238BD38B504460D4641F2AE
:1086400032022946204600F0E5FB0090009800B277
:1086500038BD38B504460D4661222946204600F053
:10866000D9FB0090009808B1012038BD0020FCE73C
:1086700038B504460D46054802882946204600F0D4
:10868000C9FB00900098C0B238BD00007002002401
:1086900038B504460D4641F204022946204600F052
:1086A000B9FB0090009800B238BD38B504460D46BD
:1086B00041F204022946204600F0ACFB00900098ED
:1086C00000B238BD38B504460D4641F204022946D1
:1086D000204600F09FFB0090009800B238BD38B5EE
:1086E00004460D4641F204022946204600F092FB62
:1086F0000090009800B238BD38B504460D4641F2EE
:1087000069022946204600F085FB0090009880B25F
:1087100038BD38B504460D4641F269022946204667
:1087200000F078FB0090009880B238BD38B5044660
:108730000D4640F649022946204600F06BFB0090AA
:10874000009800B238BD38B504460D4641F2060225
:108750002946204600F05EFB0090009800B238BD2C
:1087600038B504460D4641F205022946204600F080
:1087700051FB0090009800B238BD38B504460D4654
:1087800040F262422946204600F044FB00900098E7
:10879000C0B238BD38B504460D4640F262422946A3
:1087A000204600F037FB00900098C0B238BD38B5C5
:1087B00004460D4640F262422946204600F02AFB5C
:1087C00000900098C0B238BD38B504460D4640F65A
:1087D0003C022946204600F01DFB00900098C0B2E4
:1087E00038BD38B504460D4640F63D0229462046C0
:1087F00000F010FB0090009800B238BD38B5044678
:108800000D4640F63A022946204600F003FB009050
:10881000009800B238BD38B504460D4641F6110245
:108820002946204600F0F6FA0090009800B238BDC4
:1088300038B504460D4641F611022946204600F09F
:10884000E9FA0090009800B238BD38B504460D46EC
:1088500041F611022946204600F0DCFA009000980B
:1088600000B238BD38B504460D4641F6110229461E
:10887000204600F0CFFA0090009800B238BD38B51D
:1088800004460D4641F611022946204600F0C2FA80
:108890000090009800B238BD38B504460D4641F648
:1088A00011022946204600F0B5FA0090009800B267
:1088B00038BD38B504460D4641F61102294620461A
:1088C00000F0A8FA0090009800B238BD38B5044610
:1088D0000D4641F611022946204600F09BFA009011
:1088E000009800B238BD38B504460D4641F6110275
:1088F0002946204600F08EFA0090009800B238BD5C
:1089000038B504460D4641F611022946204600F0CE
:1089100081FA0090009800B238BD38B504460D4683
:1089200041F611022946204600F074FA00900098A2
:1089300000B238BD38B504460D4641F6110229464D
:10894000204600F067FA0090009800B238BD38B5B4
:1089500004460D4641F615022946204600F05AFA13
:108960000090009800B238BD38B504460D4641F677
:1089700015022946204600F04DFA0090009800B2FA
:1089800038BD38B504460D4641F615022946204645
:1089900000F040FA0090009800B238BD38B50446A7
:1089A0000D4641F615022946204600F033FA0090A4
:1089B000009800B238BD38B504460D4641F61502A0
:1089C0002946204600F026FA0090009800B238BDF3
:1089D00038B504460D4641F612022946204600F0FD
:1089E00019FA0090009800B238BD38B504460D461B
:1089F00041F612022946204600F00CFA0090009839
:108A000000B238BD38B504460D4641F6120229467B
:108A1000204600F0FFF90090009800B238BD38B54C
:108A200004460D4641F612022946204600F0F2F9AE
:108A30000090009800B238BD38B504460D4641F6A6
:108A400012022946204600F0E5F90090009800B295
:108A500038BD38B504460D4641F612022946204677
:108A600000F0D8F90090009800B238BD38B504463F
:108A70000D4641F612022946204600F0CBF900903F
:108A8000009800B238BD38B504460D4641F61202D2
:108A90002946204600F0BEF90090009800B238BD8B
:108AA00038B504460D4641F612022946204600F02C
:108AB000B1F90090009800B238BD38B504460D46B3
:108AC00041F612022946204600F0A4F900900098D1
:108AD00000B238BD38B504460D4641F612022946AB
:108AE000204600F097F90090009800B238BD38B5E4
:108AF00004460D4641F612022946204600F08AF946
:108B00000090009800B238BD38B504460D4641F6D5
:108B100012022946204600F07DF90090009800B22C
:108B200038BD38B504460D4641F6130229462046A5
:108B300000F070F90090009800B238BD38B50446D6
:108B40000D4641F613022946204600F063F90090D5
:108B5000009800B238BD38B504460D4641F6130200
:108B60002946204600F056F90090009800B238BD22
:108B700038B504460D4641F613022946204600F05A
:108B800049F90090009800B238BD38B504460D464A
:108B900041F613022946204600F03CF90090009867
:108BA00000B238BD38B504460D4641F613022946D9
:108BB000204600F02FF90090009800B238BD38B57B
:108BC00004460D4641F613022946204600F022F9DC
:108BD0000090009800B238BD38B504460D4641F605
:108BE00013022946204600F015F90090009800B2C3
:108BF00038BD38B504460D4641F6130229462046D5
:108C000000F008F90090009800B238BD38B504466D
:108C10000D4641F613022946204600F0FBF800906D
:108C2000009800B238BD38B504460D4641F613022F
:108C30002946204600F0EEF80090009800B238BDBA
:108C400038B504460D4641F613022946204600F089
:108C5000E1F80090009800B238BD38B504460D46E2
:108C600041F614022946204600F0D4F800900098FE
:108C700000B238BD38B504460D4641F61402294607
:108C8000204600F0C7F80090009800B238BD38B513
:108C900004460D4641F614022946204600F0BAF873
:108CA0000090009800B238BD38B504460D4641F634
:108CB00010022946204600F0ADF80090009800B25E
:108CC00038BD38B504460D4641F610022946204607
:108CD00000F0A0F80090009800B238BD38B5044606
:108CE0000D4641F610022946204600F093F8009008
:108CF000009800B238BD38B504460D4641F6100262
:108D00002946204600F086F80090009800B238BD51
:108D100038B504460D4641F610022946204600F0BB
:108D200079F80090009800B238BD38B504460D4679
:108D300041F610022946204600F06CF80090009899
:108D400000B238BD38B504460D4641F6100229463A
:108D5000204600F05FF80090009800B238BD38B5AA
:108D600004460D4641F610022946204600F052F80E
:108D70000090009800B238BD38B504460D4641F663
:108D800010022946204600F045F80090009800B2F5
:108D900038BD38B504460D4641F610022946204636
:108DA00000F038F80090009800B238BD38B504469D
:108DB0000D4641F610022946204600F02BF800909F
:108DC000009800B238BD38B504460D4641F6100291
:108DD0002946204600F01EF80090009800B238BDE9
:108DE00038B504460D4641F610022946204600F0EB
:108DF00011F80090009800B238BD38B504460D4611
:108E000041F610022946204600F004F80090009830
:108E100000B238BD2DE9F84305460E461446C4F3AA
:108E20008029C4F38038B8F1000F01D024F48044C5
:108E3000002714E06B46224631462846EAF7C9FA75
:108E4000074607B10DE0B9F1000F00D109E00EB1FE
:108E5000002604E02846FEF7B9FC054600BF002DB9
:108E6000E8D100BF0FBB0EBB41F20100844202D02B
:108E7000C01C84421AD128680AE041F201018C42E8
:108E800002D1818A19B105E0C18A01B102E000680E
:108E90000028F2D100BF41F201018C4202D1B0F9A9
:108EA000141001E0B0F91610009103E0204604F020
:108EB000D1F80090B8F1000F05D031462846009A4D
:108EC000DDF772FD00900098BDE8F88338B50446E0
:108ED0000D46602229462046FFF79CFF009000982F
:108EE00000B238BD38B504460D4640F64102294669
:108EF0002046FFF78FFF0090009800B238BD38B5CC
:108F000004460D4640F6420229462046FFF782FFFE
:108F10000090009800B238BD38B504460D4640F6C2
:108F2000450229462046FFF775FF00900098C0B221
:108F300038BD38B504460D4640F643022946204662
:108F4000FFF768FF0090009800B238BD38B50446BE
:108F50000D464FF4046229462046FFF75BFF009060
:108F6000009800B238BD38B504460D4644F2574269
:108F700029462046FFF74EFF0090009838BD38B5CF
:108F800004460D4641F2594229462046FFF742FF6A
:108F90000090009838BD38B504460D4641F259425C
:108FA00029462046FFF736FF0090009838BD38B5B7
:108FB00004460D4641F2594229462046FFF72AFF52
:108FC0000090009838BD38B504460D4641F259422C
:108FD00029462046FFF71EFF0090009838BD38B59F
:108FE00004460D4641F2594229462046FFF712FF3A
:108FF0000090009838BD38B504460D4641F25942FC
:1090000029462046FFF706FF0090009838BD38B586
:1090100004460D4641F2594229462046FFF7FAFE22
:109020000090009838BD38B504460D4641F25A42CA
:1090300029462046FFF7EEFE0090009800B238BDAA
:1090400038B504460D4641F25A4229462046FFF7FC
:10905000E1FE0090009800B238BD38B504460D46D8
:1090600041F25A4229462046FFF7D4FE009000986C
:1090700000B238BD38B504460D4641F25B42294680
:109080002046FFF7C7FE0090009800B238BD38B503
:1090900004460D4641F25B4229462046FFF7BAFEE0
:1090A0000090009800B238BD38B504460D4641F234
:1090B0005B4229462046FFF7ADFE0090009800B2C3
:1090C00038BD38B504460D4641F25B42294620467C
:1090D000FFF7A0FE0090009800B238BD38B50446F6
:1090E0000D4641F25B4229462046FFF793FE009071
:1090F000009800B238BD38B504460D4641F25B42D7
:1091000029462046FFF786FE0090009800B238BD41
:1091100038B504460D4643F60F0229462046FFF7B0
:1091200079FE0090009800B238BD38B504460D466F
:1091300040F60B0229462046FFF76CFE009000988F
:1091400000B238BD38B504460D4640F60B0229463C
:109150002046FFF75FFE0090009800B238BD38B59A
:1091600004460D4640F60A0229462046FFF752FE05
:109170000090009800B238BD38B504460D4640F660
:109180000A0229462046FFF745FE0090009800B2EB
:1091900038BD38B504460D4643F60E022946204632
:1091A000FFF738FE0090009800B238BD38B504468D
:1091B0000D4641F2010229462046FFF72BFE0090A2
:1091C000009800B238BD38B504460D4641F20102A0
:1091D00029462046FFF71EFE0090009800B238BDD9
:1091E00038B504460D4641F2010229462046FFF7F4
:1091F00011FE0090009800B238BD38B504460D4607
:1092000041F2010229462046FFF704FE0090009833
:1092100000B238BD38B504460D4641F20102294678
:109220002046FFF7F7FD0090009800B238BD38B532
:1092300004460D4641F2070229462046FFF7EAFDA3
:109240000090009800B238BD38B504460D4641F292
:10925000080229462046FFF7DDFD0090009800B285
:1092600038BD10B5044600BF00BF04F11400F1F78B
:1092700057FB10BD70B5064600BF00BF3046FEF775
:10928000A5FA0546ADB1B08AA98A401A04B22846AB
:10929000FEF746FC204404B200212846FFF7A5FB58
:1092A000201A04B200212846FFF785F9201A04B2DB
:1092B00001E0B6F91440204670BD70B5064600BF07
:1092C00000BF3046FEF782FA0546ADB1F18AE88A62
:1092D000081A04B22846FEF72DFC204404B20021EF
:1092E0002846FFF7EEFC201A04B200212846FFF7BB
:1092F00062F9201A04B201E0B6F91640204670BDAA
:1093000070B5044600BF00BF2046FFF7D6FF0546F4
:109310002046FEF70BFA284400B270BD024600BF9B
:1093200000BFD0690840884201D101207047002069
:10933000FCE7024600BF00BFD069084008B1012029
:1093400070470020FCE7024600BF00BF108C0840B9
:1093500008B1012070470020FCE77FB506460D46A6
:1093600002213046FFF7DAFF10B9002004B070BDCB
:1093700080213046FFF7E7FF08B10020F6E702A999
:109380003046FEF7E6F80022294602A8DAF739FD52
:1093900004460CB90020E9E74FF480313046FFF76E
:1093A000BDFF58B1009501208DF804006A461121D7
:1093B0003046F7F769FE9DF80400D7E72046D5E769
:1093C0002DE9FC4705460E46144600BF4FF40562E2
:1093D00031462846FFF71EFD0190019800B26080DB
:1093E000608808B9BDE8FC8700BF53223146284693
:1093F000FFF710FD01900198C0B22073207B022876
:1094000000DCEFE731462846FFF7C4F90746FD2F99
:1094100003DA207B784300122073207B022800DCD3
:10942000E0E700BF44F2520231462846FFF7F2FC63
:10943000009000980190BDF80400208000BF5422E5
:1094400031462846FFF7E6FC01900198A060A84647
:10945000B146512249464046FFF7DCFC0190019895
:1094600008B1012000E00020617B60F3820161739C
:1094700031462846FFF784F8617B60F30101617390
:1094800000BFAFE72DE9FC4105460E46144600BF7C
:10949000462231462846FFF7BDFC01900198C0B234
:1094A000E072E07A022801DCBDE8FC813146284602
:1094B000FFF770F90746FD2F03DAE07A78430012D0
:1094C000E072E07A022800DCEEE7002020804FF412
:1094D0008070608000BF298BAA8A891A491C09B252
:1094E000084601EBD0714910A18000BF698BEA8A60
:1094F000891A491C09B2084601EBD0714910E18074
:1095000000BF482231462846FFF784FC01900198AD
:10951000C0B2A072A07A00280CDD00BF44F247025E
:1095200031462846FFF776FC009000980190BDF880
:109530000400208131462846FFF722F8207300BF3F
:10954000B2E7F8B505460E46144600BF4FF48B62ED
:1095500031462846FFF75EFC00900098C0B2A07626
:10956000A07E022800DCF8BD31462846FFF712F93C
:109570000746FD2F03DAA07E78430012A076A07E76
:10958000022800DCEFE731462846FFF7ECFC0090AC
:10959000BDF80000A08100BF41F25A423146284682
:1095A000FFF738FC0090009800B2A08200BF41F2A3
:1095B0005B4231462846FFF72DFC0090009800B230
:1095C000608200BF40F25C4231462846FFF722FC31
:1095D00000900098A17F60F30201A17731462846F0
:1095E000FEF7CEFFA17F60F3C501A1773146284683
:1095F000FFF7C5FC206000BF41F25D4231462846BE
:10960000FFF708FC00900098C0B2207700BFAAE7DF
:109610002DE9FC4705460E46144600BF40F64902B8
:1096200031462846FFF7F6FB0190019800B26080B2
:10963000608808B9BDE8FC8700BF4E223146284645
:10964000FFF7E8FB01900198C0B22072207A02284F
:1096500000DCEFE731462846FFF79CF80746FD2F70
:1096600003DA207A784300122072207A022800DC84
:10967000E0E700BF44F24D0231462846FFF7CAFB3F
:10968000009000980190BDF80400208000BF4A229D
:1096900031462846FFF7BEFB0190019800B2A0803A
:1096A000A08848B100BF4B2231462846FFF7B2FBE5
:1096B0000190019800B2E080A846B1464C2249468C
:1096C0004046FFF7A7FB0190019808B1012000E098
:1096D0000020617A60F382016172607A810861F32F
:1096E000C300607231462846FEF74AFF617A60F394
:1096F0000101617200BF9DE72DE9FC4706460D465A
:10970000144600BF602229463046FFF783FB0190D4
:10971000019800B2208025B129463046FFF73AF87B
:1097200000E0FF20804629463046FFF733F8074621
:10973000022F02DDB8F1020F09DC0020E07084F88E
:10974000220084F8360084F82A00BDE8FC87294608
:109750003046FEF715FFA070E078002870D000BFFB
:10976000212229463046FFF755FB01900198C0B2EF
:10977000E070E078022863DD29463046FEF7E8FE17
:109780000190BDF80400A08000BF26222946304683
:10979000FFF740FB019001988146B9F1000F0AD014
:1097A00099F8090000F0070028B10A224946A01DD7
:1097B000FBF7E3FE43E000BF232229463046FFF7D4
:1097C00029FB01900198E17B60F30201E173E07BEA
:1097D00000F0070038B329463046FEF7B9FE019085
:1097E000BDF80400E08000BF44F222022946304662
:1097F000FFF710FB009000980190A01DBDF8041029
:10980000618100BF242229463046FFF703FB019007
:109810000198207200BF252229463046FFF7FAFA48
:1098200001900198207300BF272229463046FFF798
:10983000F1FA01900198E17B60F3C501E17300BF8B
:1098400000BF41F2320229463046FFF7E3FA0190A9
:10985000019800B22084208C60B394F8220048B3B1
:1098600000BF312229463046FFF7D4FA0190019813
:10987000C0B284F8220094F8220002281ADD00BF4A
:10988000332229463046FFF7C5FA0190019894F833
:10989000231060F3450184F8231000BF44F2300226
:1098A00029463046FFF7B6FA009000980190BDF8BF
:1098B0000400E08329463046FEF7A0FFE084E08CF8
:1098C000F0B194F82A00D8B129463046FEF77CFF63
:1098D00084F82A0094F82A00022811DD294630462F
:1098E000FEF77FFF208500BF44F23B022946304649
:1098F000FFF790FA009000980190BDF80400A08452
:10990000A07E002851D000BF40F6280229463046EC
:10991000FFF780FA0190019820612069002844D067
:1099200000BF292229463046FFF774FA01900198BA
:10993000C0B2A076A07E022837DD2069F9F720FDAD
:1099400002280DD129463046FFF719FB60612946F0
:109950003046FFF708FB0190BDF80400208324E0A7
:1099600000BF44F22A0229463046FFF753FA00901E
:1099700000980190BDF80400208300BF2B222946E7
:109980003046FFF747FA01900198C0B2E076B14641
:10999000AA462C2251464846FFF73CFA019001980E
:1099A00008B1012000E00020207794F8360080B351
:1099B00029463046FFF7CAFAE085E08D48B394F8AF
:1099C0003600022825DD29463046FFF7A5FA84F83F
:1099D000360094F8360002281BDD29463046FFF792
:1099E00081FA208629463046FFF789FA60862946A3
:1099F0003046FFF79EFAA08600BF44F24402294693
:109A00003046FFF707FA009000980190BDF8040077
:109A1000A085B8F1FD0F02DA08FB07F00712FD2F51
:109A200017DA173414F8140C7843001204F8140CE5
:109A3000E07878430012E070E07A78430012E07238
:109A4000E07F78430012E077E07C78430012E07416
:109A5000173C00BF79E67CB5054600BF00BF03E0B8
:109A60002846FDF7B3FE05462846FDF7AFFE30B1A8
:109A70004FF400212846FFF751FC0028F0D128467A
:109A8000DBF725FC044605F114016846F0F774FE87
:109A9000BDF80000001B00B2ADF80000BDF80200E8
:109AA000001B00B2ADF80200BDF80400204400B273
:109AB000ADF80400BDF80600204400B2ADF8060081
:109AC0006946284600F001F87CBD2DE9FC410546B9
:109AD0000E4600BF00BF31466846F0F74DFE6946AE
:109AE0002846FCF7E9FD044634B12846FDF7D4FDCD
:109AF00007466946DBF77DFABDE8FC81024611683E
:109B000000E0096821B1087E00F003000028F8D0C9
:109B100009B900207047087E00F00300012800D139
:109B2000F8E70020F6E70246116800E0096821B175
:109B3000087EC0F381000028F8D009B900207047E2
:109B4000087EC0F38100012800D1F8E70020F6E785
:109B500070B506460B493046FFF7EBFB08B1002015
:109B600070BD3046FDF732FE04460CB90020F7E721
:109B700000212046FEF7CDFD05460DB10120EFE79F
:109B80000020EDE7010006007CB5054600BF00BFE0
:109B90002846DBF79CFB044605F114016846F0F704
:109BA000EBFDBDF80000001B00B2ADF80000BDF8F1
:109BB0000200001B00B2ADF80200BDF80400204412
:109BC00000B2ADF80400BDF80600204400B2ADF8C4
:109BD000060069462846FCF76FFD7CBD70B504465B
:109BE000608C20F00100401C60842046FDF7F6FDEB
:109BF0000546688C20F00200801C68842846FDF72A
:109C00004BFD0646706810B1706805F0C1F970BD73
:109C10002DE9F04780460D46164699464046FDF729
:109C20008EFC8246002726E0D8F80800006850F82D
:109C30002740B9F1000F06D04FF480212046FFF7EE
:109C40006DFB00B116E0A08A284400B2A082E08A31
:109C5000304401B2E182208B284401B22183608B21
:109C6000304401B261830023324629462046FFF783
:109C7000CFFF00BF7F1C5745D6D3BDE8F0872DE945
:109C8000F04F85B004460E4617466568002D34D067
:109C900000212846FEF7A9FE824600212846FFF74C
:109CA00010F883464FF480212046FFF737FB40B180
:109CB000A88A5044304406B2E88A5844384407B26F
:109CC0000FE02846FDF72CFFA98A5144081A3044BA
:109CD00006B22846FDF72EFFE98A5944081A38448F
:109CE00007B200212846FEF766FC814606EB090014
:109CF00006B207EB090007B200BFA08A301A00B213
:109D0000ADF81000E08A381A00B2ADF81200BDF8C4
:109D1000100028B9BDF8120010B905B0BDE8F08FE9
:109D20002046FFF798FE02A92046FDF7A9FC4FF058
:109D300000087DB169462846FDF72EFC00226946E1
:109D400002A8D9F788FF8046B8F1000F02D1284653
:109D500000F062FFA08ABDF81010084400B2A08293
:109D6000E08ABDF81210084401B2E182208BBDF8F0
:109D70001010084401B22183608BBDF81210084412
:109D800001B26183BDF91220BDF9101000232046F5
:109D9000FFF73EFF25B1224622212846F7F774F946
:109DA0002046FFF758FE9DB10022694604F11400D9
:109DB000D9F751FF8146B8F1000F05D1B8F1000F76
:109DC00005D1B9F1000F02D0284600F025FF00BFF1
:109DD00000BFA2E72DE9F04180460C4600BF00BF5E
:109DE000002C06DA4046FDF7F1FC0246FDF7A7FB22
:109DF00004444046FDF7A3FC07464046FDF7E6FC59
:109E00000646002C01DABDE8F0813046FDF797FBED
:109E1000A04200DCF7E7BC4200D1F4E73D46BC427B
:109E20000DDA09E0B0680168681E51F82000B168D9
:109E3000096841F825006D1EA542F3DC0CE009E03D
:109E4000B0680168681C51F82000B168096841F8E1
:109E500025006D1CA542F3DBB068006840F8248043
:109E6000002222213046F7F70FF93046FFF7F3FDC5
:109E700000BFC8E72DE9F04107460E463846FDF71A
:109E80003BFEC8B93846FDF741FE05463846FDF7AA
:109E9000B5FC0446002C0EDA002D0CDD6042854234
:109EA00001DA284600E0604204B23346224600212F
:109EB000384600F009FD00BF3846FDF713FE88BBA9
:109EC0003846FDF729FD04463846FDF79DFD054659
:109ED00000213846FEF7EEFA012811D0002D20DAD5
:109EE000002C1EDD6842844201DA204600E0684210
:109EF00005B2334600222946384600F0E5FC10E062
:109F0000002C0EDA002D0CDD6042854201DA284675
:109F100000E0604205B2334600222146384600F098
:109F2000D3FC00BFBDE8F0812DE9F14F86B0069863
:109F3000FFF70EFE10B107B0BDE8F08F0698FDF7F1
:109F400045FC059000210698FFF771F905460021B0
:109F50000698FFF779F90446059828B9224629465C
:109F60000698FFF78CFEE6E70598FDF76AFB80464A
:109F70000598FDF747FB064605F4C040B0F5005FC5
:109F800001D1012000E0002030B125F4C040B0F53F
:109F9000FA6F01DC012000E0002088B125F4C04008
:109FA000B0F57A7F04DD25F4C040C0F57A7001E099
:109FB00025F4C04000FB08F0642190FBF1F005B2ED
:109FC00004F4C040B0F5005F01D1012000E00020A2
:109FD00030B124F4C040B0F5FA6F01DC012000E09C
:109FE000002080B124F4C040B0F57A7F04DD24F471
:109FF000C040C0F57A7001E024F4C0407043642191
:10A0000090FBF1F004B2069802900020039043F216
:10A010000C02DDE90201FEF7FDFE019001980FFA46
:10A0200080FA00BF069802900020039043F20D02D0
:10A03000DDE90201FEF7EEFE019001980FFA80FBC8
:10A0400000BF0698FFF70DF981460698FDF76EFBF5
:10A0500007460AF4C040B0F5005F01D1012000E0DE
:10A06000002030B12AF4C040B0F5FA6F01DC0120C5
:10A0700000E0002090B12AF4C040B0F57A7F04DD02
:10A080002AF4C040C0F57A7001E02AF4C04000FB19
:10A0900009F0642190FBF1F00FFA80FA0BF4C04054
:10A0A000B0F5005F01D1012000E0002030B12BF4B9
:10A0B000C040B0F5FA6F01DC012000E0002088B15B
:10A0C0002BF4C040B0F57A7F04DD2BF4C040C0F51E
:10A0D0007A7001E02BF4C0407843642190FBF1F0EA
:10A0E0000FFA80FB05EB0A0005B204EB0B0004B28B
:10A0F00000210698FEF790F90490049850B90021C9
:10A100000598FEF7CAF9012802D10320049001E066
:10A11000012004900498012805D12246294606987A
:10A12000FFF7ADFD6FE00498801E082864D2DFE8D9
:10A1300000F00410212534153C4C414608EBD17247
:10A140005210484609EBD073A2EB63022A4415B2C1
:10A1500053E0A8EB0900284405B24EE0314606EB77
:10A16000D1725210384607EBD073A2EB630222443F
:10A1700014B242E0F01B204404B23EE0414608EB3A
:10A18000D1725210484609EBD073A2EB63022A4405
:10A1900015B2F01B204404B22FE0A8EB09002844BC
:10A1A00005B2F01B204404B227E0A8EB09002844C4
:10A1B00005B2314606EBD1725210384607EBD07328
:10A1C000A2EB6302224414B217E0414608EBD172BD
:10A1D0005210484609EBD073A2EB63022A4415B231
:10A1E000314606EBD1725210384607EBD073A2EB22
:10A1F0006302224414B200E000BF00BF2246294699
:10A200000698FFF73CFD00BF95E62DE9F04F8DB0B5
:10A21000044600BF00BF608CC0F3802038B1608C62
:10A22000C0F3402018B100200DB0BDE8F08F2046EB
:10A23000FDF7CCFA07460FB90020F5E72046FDF7F9
:10A240006BFB0C9000200B900A90608CC0F3802078
:10A2500020B12046FFF705F8054680E000212046A2
:10A26000FEF7A4FF054642F2D1718D4201D10120D3
:10A2700000E000200B9005F4C040B0F5005F01D174
:10A28000012000E0002030B125F4C040B0F5FA6FA5
:10A2900001DC012000E000200A903846FDF7D1F9EA
:10A2A00081460B9820B12046DDF7C2F8054634E020
:10A2B0000A98F8B1788CC0F38020E0B900213846C4
:10A2C000FEF774FF42F2D171884214D1002120467A
:10A2D000FEF771F9019000212046FEF786FB0199F7
:10A2E000084405B200212046FEF728FC01990844E5
:10A2F000284405B211E025F4C040B0F57A7F04DDB2
:10A3000025F4C040C0F57A7001E025F4C04000FBA0
:10A3100009F0642190FBF1F005B20020019041F2B8
:10A32000020220460199FEF775FD009000980FFA91
:10A3300080FA00BF0020019041F2030220460199FB
:10A34000FEF768FD009000980FFA80FB00BF4B46B7
:10A350005A4651462846F2F7E6F9054600BF204620
:10A36000FDF7D4FB0990002008900790608CC0F3A3
:10A37000402020B12046FDF7D9F9064680E00021B3
:10A380002046FEF785F9064642F2D1718E4201D190
:10A39000012000E00020089006F4C040B0F5005F06
:10A3A00001D1012000E0002030B126F4C040B0F51A
:10A3B000FA6F01DC012000E0002007903846FDF72D
:10A3C00021F98146089820B12046DCF795FF064622
:10A3D00034E00798F8B1788CC0F34020E0B9002150
:10A3E0003846FEF755F942F2D171884214D1002166
:10A3F0002046FEF7E0F8019000212046FEF761FCC0
:10A400000199084406B200212046FEF711FA01998D
:10A410000844304406B211E026F4C040B0F57A7F1B
:10A4200004DD26F4C040C0F57A7001E026F4C04097
:10A4300000FB09F0642190FBF1F006B200200190CE
:10A4400041F2050220460199FEF7E4FC00900098D5
:10A450000FFA80FA00BF0020019041F20602204668
:10A460000199FEF7D7FC009000980FFA80FB00BF1F
:10A470004B465A4651463046F2F7FEF8064600BFB4
:10A480000B9808B9089828B100232046099A0C991E
:10A4900000F05BFB2046FEF7E4FEA84206D1204612
:10A4A000FDF744F9B04201D10020BDE62046FFF798
:10A4B000D2FA05A92046FDF7E3F803A93846FDF7CF
:10A4C0006BF8002203A905A8D9F7C5FB8046B8F1AF
:10A4D000000F02D1384600F09FFBE08A3044401E56
:10A4E00001B2618300212046FDF7D7FF012805D185
:10A4F000208B401B401C00B2A08204E0A08A2844AC
:10A50000401E01B2218305AA29212046F6F7BCFD91
:10A51000224622213846F6F7B7FD2046FFF79BFA80
:10A5200000212046FFF7A6FC002203A904F1140035
:10A53000D9F791FB0290B8F1000F04D1B8F1000FE8
:10A5400004D1029810B1384600F066FB01206BE69A
:10A5500038B5044600BF00BF2046DAF7B8FE05460E
:10A56000002000906A4613212046F6F78DFDBDF9C4
:10A570000000A84202D02046FFF76DFAA06820B183
:10A58000BDF90000A168C88209E0BDF8000030B143
:10A590002046FCF765F8BDF90000A168C882BDF946
:10A5A0000000A84202D02046FFF755FA38BD70B52A
:10A5B000044600212046FEF7F9FD0546002120460D
:10A5C000FEF766F8064642F2D170854203D0864215
:10A5D00001D0002070BD2046FFF700FB0120F9E705
:10A5E0002DE9F84306460F46144600BF00BF384821
:10A5F000007808B9BDE8F8833046FFF72CFA3846F2
:10A6000000F0C3FE054604F4805040B3B5F5702F4A
:10A610001DD0E5B14FF0000841F20402414630463A
:10A62000FEF7F8FB0090009800B242F2D171884228
:10A630000DD000BF41F2010241463046FEF7EAFB71
:10A640000090009800B242F2D171884207D10022F6
:10A650002A213046F6F718FD3046FFF7BFFAB5F568
:10A66000702F00D08DB94FF6FF70844202D004F4F1
:10A67000005050B13046FDF7A9F88046B8F1000F00
:10A6800002D04046FFF7AAFA00BF4FF6FF7084429F
:10A6900002D004F4006010B13046FFF759FF304695
:10A6A000FFF7D9F94FF6FF70844208D004F48060B8
:10A6B00058B104F4006010B904F4805028B1B5F525
:10A6C000803F02D0304607F05AF800BF92E7000002
:10A6D000650100242DE9F04105460F46164600BFEE
:10A6E00000BF002410E0E86800EBC4004068C0F33D
:10A6F000006040B1E86800EBC400406820F07F4093
:10A70000B04200D105E0641C688CC0F3C500A042D3
:10A71000E9D800BF688CC0F3C500A04202D1002078
:10A72000BDE8F081E96851F83400394602F03EFD99
:10A73000F6E72DE9FE4F04460E469146484600F0E6
:10A7400028FE8246484600F020FE80464FF6FF7005
:10A7500002901EB1F07908B9002002900025AB46A6
:10A7600074E0E16801EBC501496821F07F4000F029
:10A7700010FE0190E16801EBC501496821F07F40BE
:10A7800000F003FE00904FF6FF70824502D0019862
:10A7900050450BD1B8F5702F02D00098404505D137
:10A7A00036B1E06850F83500B04201D06D1C4DE084
:10A7B000E06800EBC5004068C0F3406030B10023A2
:10A7C0004FF6FF72414620460BF0D6FEE06800EBE4
:10A7D000C5004068C0F3006030B9E06800EBC50018
:10A7E0004068C0F3406068B1E16851F8350002F09C
:10A7F00062FDE16851F83500FAF736FE0020E168A5
:10A8000041F835002F4609E0E06800EBC701024639
:10A81000781C02EBC00205CA05C17F1C608CC0F326
:10A82000C500401EB842EFD8608CC008401E618C45
:10A8300060F3C8016184628CC2F3C502D100E06894
:10A84000FAF766FEE0604FF0010B00BF608CC0F3CA
:10A85000C500A84285D8BBF1000F06D0029820B1F0
:10A8600041462046029AFFF7BBFEBDE8FE8F00007E
:10A8700010B50446024A00212046FFF75AFF10BDDA
:10A88000FFFF0F0070B506460E48007800B970BD96
:10A890000020F2F773FF044610E0002506E0E068B0
:10A8A00050F82510304607F08AF86D1C606AA842FF
:10A8B000F5D82046F2F762FF044600BF002CECD129
:10A8C00000BFE4E7650100242DE9F04F91B0054693
:10A8D0000C4616469A461CB916B911B0BDE8F08F61
:10A8E000BAF1010F7ED12846FCF7D6FE10906846DB
:10A8F000EFF712F900BF009500BF4E48039000BF6C
:10A90000002C38D01098F2F703FF40F35D0B22467D
:10A9100000215846EFF7B9F90746C82F00D2C827DB
:10A92000B7F5C87F01D94FF4C87739466846EFF7C5
:10A930008AF92846FDF7F4F88046C8F100000219AC
:10A94000C8F100016846EFF786F93B496846EFF722
:10A9500064F93A496846EFF76AF96A4609212846D8
:10A96000F6F792FB8146B9F1010F00D0B5E76846D2
:10A97000EFF79CF900BF002E39D01098F2F72EFFA8
:10A9800040F35D0B324600215846EFF77EF907464B
:10A99000C82F00D2C827B7F5C87F01D94FF4C877B0
:10A9A00039466846EFF74FF92846FDF7C3F8804669
:10A9B000C8F100008219C8F100016846EFF74BF9B1
:10A9C0001F496846EFF729F91C496846EFF72FF948
:10A9D0006A4609212846F6F757FB8146B9F1010F6F
:10A9E00001D07AE704E06846EFF760F900BF1EE0A7
:10A9F00013492846EFF748F807460F492846EFF76E
:10AA000043F8804632462146284607F0CDF917B96B
:10AA1000B8F1000F0AD000220A212846F6F734FBCD
:10AA20008146B9F1010F00D057E700BF00BF00BF5A
:10AA300053E70000191A0390E51E0390939B0190C1
:10AA4000011F03902DE9FF5F0E46174616B90FB997
:10AA5000BDE8FF9F009800F09FFC0098FDF760F8AC
:10AA600040420FFA80F808EB060004B2002100987B
:10AA7000FDF720FD01281BD0002C00DD0024002C58
:10AA80002EDA0098FCF748FF83460098FCF7BCFFDD
:10AA900058440FFA80FABAF1000F01DA4FF0000AB9
:10AAA000CAF10000844202DACAF1000004B217E0E1
:10AAB000002C00DA0024002C12DD0098FCF72CFF9B
:10AAC00083460098FCF7A0FF58440FFA80FABAF1C9
:10AAD000000F01DA4FF0000A544500DD544600BF74
:10AAE0000098FDF727F840420FFA80F909EB0700BC
:10AAF00005B2002D00DD0025002D16DA0098FDF7C7
:10AB000005F883460098FCF779FE58440FFA80FA5E
:10AB1000BAF1000F01DA4FF0000ACAF100008542D5
:10AB200002DACAF1000005B200BFA4EB080006B2C9
:10AB3000A5EB090007B206B92FB13A463146039B8F
:10AB40000098FFF7C1FE00BF82E72DE9F0410646FD
:10AB50000F4614461D462A463946304600F024F872
:10AB60002A462146304600F03BF8BDE8F081F8B5B2
:10AB700004460E46204600F00FFC002000902746B9
:10AB80003846FCF723FE05460BE033466A46394655
:10AB900004F1140006F052FF2F462846FCF716FE7B
:10ABA0000546002DF1D1F8BD2DE9F04106460C46D1
:10ABB00015460A493046EEF767FF3046FCF7B0FF0E
:10ABC0000746604238440FFA80F82B46002241467F
:10ABD0003046FFF737FFBDE8F0810000E51E039027
:10ABE0002DE9F04106460C4615460A493046EEF777
:10ABF0004BFF3046FCF79EFF0746604238440FFA91
:10AC000080F82B46424600213046FFF71BFFBDE887
:10AC1000F0810000011F03901FB504466A4602A997
:10AC20002046FCF791FF02A8EFF762FE20B96846C4
:10AC3000EFF75EFE00B91FBD02A8EFF759FE18B18D
:10AC400002A92046FEF741FF6846EFF751FE18B112
:10AC500069462046FEF739FF00BFECE770B50446B1
:10AC60000D4600BF00BF2046FBF7FAFCA0688582B6
:10AC700070BD00002DE9F04106460F4614461D4602
:10AC800000223946304600F0ADFA00222146304617
:10AC900000F078FA00222946304600F0B3FA044862
:10ACA000008881B20022304600F0C9FABDE8F08188
:10ACB0006402002470B504460D4600222946204651
:10ACC00000F070FA0348008881B20022204600F0AC
:10ACD000B6FA70BD6402002470B504460D46002229
:10ACE0002946204600F06EFA2046FCF76FFD064626
:10ACF000FEF774FF70BDF8B506460D4600BF00BFF5
:10AD000000236A4641F204013046FCF737FD044651
:10AD1000012C02D10098A84200D124B90022294672
:10AD2000304600F07FFAF8BD70B505460C4600BF0E
:10AD300000BFA1B20022284600F081FA2846FEF7A3
:10AD40004DFF70BD2DE9FF4106460C461D462946C4
:10AD50003046E8F78BF9074621463846029A02F05A
:10AD600050FC224629463046FFF73AFCBDE8FF81F9
:10AD70002DE9F04106460D4600BF00BF00BF00BFF1
:10AD8000706818B900BF00BFBDE8F08115B900BFF9
:10AD900000BFF9E73046FEF75EFE2846FBF760FC91
:10ADA00074683046FCF7CBFC074609E0A0680168F0
:10ADB000781C51F82000A168096841F827007F1C21
:10ADC0002046FCF7BCFB801EB842EFDAA068406862
:10ADD000401EA1684860A068406848B1A2685268F7
:10ADE0009100A2681068FAF793FBA168086006E07A
:10ADF000A1680868FAF738FB0020A1680860A86815
:10AE00004068401CA9684860AA6852689100AA6816
:10AE10001068FAF77DFBA96808602846FCF78FFBED
:10AE2000401EA968096841F820607560002120462D
:10AE3000FFF720F82046FFF7EFFE3246222120469A
:10AE4000F6F722F9002224212046F6F71DF93246B2
:10AE500022212846F6F718F9002223212846F6F782
:10AE600013F93046FEF7BAFE3046FEF7F4FD00BF98
:10AE70008AE770B505460E46144600BF00BF31464E
:10AE8000284600F050FA2146284600F065FA70BDC9
:10AE900070B505460C462846FBF7E2FBA868407EE5
:10AEA00000F00F00A04201D0A9684C7670BD70B5CB
:10AEB00004460D462046FBF7D3FBA068007E65F3F1
:10AEC0008300A168087670BD70B504460D46204623
:10AED000FBF7C6FBA068007E65F30510A168087645
:10AEE00070BD70B504460D4600BF00BF2046FBF79D
:10AEF000B7FBA068007E00F00300A84200D170BD3F
:10AF0000A068007E65F30100A16808762046FEF780
:10AF1000A2FD00BFF3E770B505460E46144600BF1C
:10AF200000BF3146284600F0E5F921462846FFF7E4
:10AF3000E2FE70BD2DE9F04F89B007468946388C96
:10AF4000484502D109B0BDE8F08F00BF00BF388C82
:10AF50000890A7F820904A4638460899DAF798FAF8
:10AF60008246BAF1000F00D1ECE74FF42070FAF7F7
:10AF7000E7F905464FF420712846FAF78CFC0024C7
:10AF8000002697E0F86800EBC6000790F96801EB2F
:10AF9000C601496821F07F4000F0FBF90690F9688E
:10AFA00001EBC601496821F07F4000F0EEF9059001
:10AFB000069820EA090000B17BE007984068C0F3DA
:10AFC000406000B175E0079904AA0868672101F0A4
:10AFD000BBFF00B96DE0DDF810804FF0000B60E0C2
:10AFE0000020039026E0039800EB800005EB800032
:10AFF00040680290029800F0CCF90190029800F0AD
:10B00000C4F90090D8F8000030F81B10039800EB4A
:10B01000800005EB80000089814208D105990098E5
:10B02000884204D106990198884200DB05E0039824
:10B03000401C03900398A042D5D300BF0398A042C0
:10B040002DD1B8F80C0004EB840125F82100B8F8E4
:10B05000100004EB840105EB8101488004EB8401BE
:10B0600005EB8101D8F80800C860D8F8000030F876
:10B070001B0004EB840105EB8101088104EB8401D2
:10B0800005EB8101D8F8040008610798406820F0BA
:10B090007F4004EB840105EB81014860641C0BF1E7
:10B0A000010BD8F8000030F81B0008B1202C97D312
:10B0B00000BF761C788CC0F3C500B04202D9202CAA
:10B0C000FFF460AF002613E006EB860105EB81017B
:10B0D000486800F05AF9804606EB860005EB8000D0
:10B0E0004B46009041463846089ADAF7F9F8761C44
:10B0F000A642E9D32846FAF79FF9BAF1010F03D126
:10B100003846FEF7A8FC13E0BAF1030F07D14FF65B
:10B11000FF724FF470213846FFF762FA08E0BAF187
:10B12000020F05D13846FEF796FC3846FFF710FAB5
:10B1300000BF07E7F8B506460C46154600942B46B7
:10B1400041F209013046009AFFF7FCFDF8BDF8B561
:10B1500006460C46154600942B4641F26A4130469D
:10B16000009AFFF7EFFDF8BDF8B506460C46154608
:10B1700000942B4640F628013046009AFFF7E2FD86
:10B18000F8BD0000F8B506460C46154600942B465F
:10B19000034801883046009AFFF7D4FDF8BD00004F
:10B1A0006C020024F8B506460C46154600942B4662
:10B1B000034801883046009AFFF7C4FDF8BD00003F
:10B1C00068020024F8B506460C46154600942B4646
:10B1D000034801883046009AFFF7B4FDF8BD00002F
:10B1E00070020024F8B506460C46154600942B461E
:10B1F000034801883046009AFFF7A4FDF8BD00001F
:10B200006A020024F8B506460C46154600942B4603
:10B21000034801883046009AFFF794FDF8BD00000E
:10B220006E020024F8B506460C46154600942B46DF
:10B2300041F204013046009AFFF784FDF8BDF8B5ED
:10B2400006460C46154600942B4641F269013046ED
:10B25000009AFFF777FDF8BDF8B506460C4615468F
:10B2600000942B4641F202013046009AFFF76AFD36
:10B27000F8BDF8B506460C46154600942B4641F23B
:10B280005D413046009AFFF75DFDF8BDF8B5064612
:10B290000C46154600942B4641F259413046009A1F
:10B2A000FFF750FDF8BDF8B506460C46154600946C
:10B2B0002B4641F201013046009AFFF743FDF8BDED
:10B2C000F8B506460C46154600942B4641F2070198
:10B2D0003046009AFFF736FDF8BDF8B506460C4635
:10B2E000154600942B4641F208013046009AFFF7BC
:10B2F00029FDF8BDF8B506460D4600BF00BF002386
:10B300006A4641F201013046FCF738FA0446012C46
:10B3100002D10098A84200D124B900222946304623
:10B32000FFF7C1FFF8BDF8B506460D4600BF00BFE8
:10B3300000236A4641F207013046FCF71FFA044633
:10B34000012C02D10098A84200D124B9002229463C
:10B350003046FFF7B5FFF8BDF8B506460D4600BF0D
:10B3600000BF00236A4641F208013046FCF706FAA6
:10B370000446012C02D10098A84200D124B9002231
:10B3800029463046FFF7A9FFF8BD014601F47F00CA
:10B390007047014688B2704770B50546114800787D
:10B3A00010B100BF00BF70BD01200E4908702846D3
:10B3B000FCF714FA04460AE000BF00BF608C20F0DE
:10B3C000020060842046EAF7EFFE00BF00BF94F859
:10B3D0002200C0F340000028EED10249087000BFEF
:10B3E000E1E70000640100243EB505460C46132D3C
:10B3F00008DB00BF00BFF1F721FA0290BDF808108A
:10B4000008463EBD0CB1042C08DD00BF00BFF1F7BB
:10B4100015FA0190BDF804100846F2E7601EC4B2A8
:10B42000054800EBC50000EB440000880090BDF823
:10B4300000100846E5E70000F44D04903EB50546CF
:10B440000C46132D08DB00BF00BFF1F7F7F902909F
:10B45000BDF8081008463EBD0CB1052C08DD00BF44
:10B4600000BFF1F7EBF90190BDF804100846F2E7D0
:10B47000601EC4B205EB8500054901EB400000EBFE
:10B48000440000880090BDF800100846E3E7000083
:10B49000364D04901CB50446132C08DB00BF00BFDA
:10B4A000F1F7CCF90190BDF8041008461CBD044822
:10B4B00000EB440000880090BDF800100846F5E756
:10B4C000104D04900146002904DAC1F57A7040F469
:10B4D000005001E041F4005000B270472DE9F04700
:10B4E0000246B2F90490B2F900A0A9EB0A0000EB01
:10B4F000D0794FEA69090FFA89F31088184405B228
:10B500005088184406B20888401B07B24888801B40
:10B5100004B213FB03FC17FB07F014FB0408E0451F
:10B5200002D80120BDE8F0870020FBE710B5DDF769
:10B53000E4FA4FF4FA5300220B490C48F1F7C6FF26
:10B540000B48F1F7D5FF0B48008800B20849088086
:10B550000848408800B24880074848610348C860EE
:10B560000846F1F7FFFF10BD289605240C96052428
:10B57000A8D40524EC040024D58A009010B50AF064
:10B5800085F80748F7F715FF0120054908700548B9
:10B5900048600846F7F722FF0349086010BD000025
:10B5A000F4D40524D556039038010024F0B50346A1
:10B5B0000C460120002113E002F001053DB10546D3
:10B5C000A5FB037C01FB03C600FB04613846521057
:10B5D0001E46A6FB067C04FB06CC04FB03C43B46CC
:10B5E000002AE9D1F0BD00002DE9F04F87B00546F3
:10B5F000734800680068846B714800680068C06820
:10B60000806820606E4800680068007CC0F34000DD
:10B6100038B96B4800680068007C00F00100002821
:10B6200049D067480068F2F7D9F8401E0FFA80FA4F
:10B6300063480068F2F76CF8401E0FFA80FB5B4627
:10B640000022114601A8CDF800A0EFF7FBF901A8F0
:10B6500060605B4800680068007CC0F3400090B107
:10B66000574800680068C068806920F00200801CAC
:10B67000534909680968C968886101A8A060204623
:10B6800000F0A0F814E04E4800680068C0688069C7
:10B690004B4909680968C968896960F341014848EC
:10B6A00000680068C0688161A560204600F08AF8E3
:10B6B00007B0BDE8F08F2846EFF739F90690284625
:10B6C000EFF7C2F805903E480068F2F787F8B5F941
:10B6D0000610884205DC3A480068F2F77FF8401E01
:10B6E00001E0B5F9060006B23548DDE9052100683C
:10B6F000E7F740FD80464FF00009B5F9027033E0EE
:10B700002888ADF80C00A888ADF81000ADF80E70D0
:10B7100007EB0800401E00B2ADF8120003A86060FD
:10B72000A060274800680068C06880682060BDF994
:10B730001200B04201DDADF81260BDF912904E4525
:10B740000CD11F4800680068C068806920F00200C2
:10B75000801C1B4909680968C9688861204600F097
:10B7600031F807EB080007B207EB0800401EB042B3
:10B77000C6DD4E4522D02888ADF80C00A888ADF86B
:10B780001000ADF80E70ADF8126003A86060A06004
:10B790000B4800680068C06880682060084800683E
:10B7A0000068C068806920F00200801C04490968B4
:10B7B0000968C9688861204600F004F800BF77E78F
:10B7C0006C0100242DE9F0418EB004466648006803
:10B7D000F1F79AFF0646306890B1706880B90CE0C6
:10B7E000614800680068806A38B15F4A1268106872
:10B7F0005D4A12681268916A884730690028EFD163
:10B800000027002558480068F1F7C6FF80464146EA
:10B81000606800F023F9074653480068406930B17A
:10B82000514A12685169606800F018F90546002F06
:10B8300066D1002D64D1A06AE8B16846F3F77EFEB8
:10B8400049480068C06A04904748006890F8290099
:10B850008DF81A0044480068408DADF80400424855
:10B86000006890F829008DF8030069462046A36A15
:10B870006268984744E03C480068C06A60B33A494F
:10B880000968C86A0DA9F7F723FA8046B8F1010FD5
:10B890001FD101210D98C1EB505000900D98C0F3BD
:10B8A0008A20431E002211460BA8EFF7CBF805A80B
:10B8B000F2F767FA2C48006890F829008DF81F000D
:10B8C000294800680BAA05A9C36A2046F2F70AFABC
:10B8D00001E000BF00BF13E06846F3F72FFE2248E7
:10B8E0000068408DADF804001F48006890F82900FA
:10B8F0008DF80300694620466268F3F703FE00BF37
:10B9000019480068406938B115B917480068456999
:10B910002946204600F0C0F917B9134800680769A6
:10B920003946204600F0B8F90F480068F1F718FFD3
:10B9300080464146204600F0AFF90B480068F1F719
:10B9400002FF80464146204600F0A6F906480068FE
:10B950000068007CC0F3400018B903480068DEF7B7
:10B96000B9F90EB0BDE8F0816C01002470B500207B
:10B970003849086038480068B0F8500100B970BD17
:10B98000002535480068B0F85001441E08E03248F0
:10B99000006800F59870005D08B9254602E0641E55
:10B9A000002CF4DA00BF2C4800680068C068806989
:10B9B00020F00100284909680968C968886126489B
:10B9C00000680068C068806920F0020022490968A8
:10B9D0000968C9688861002434E01F48006800F5E0
:10B9E0009870005D68BBAC420CD11B4800680068D1
:10B9F000C068806920F00100401C17490968096887
:10BA0000C9688861144800680068C068806920F0CF
:10BA10000200114909680968C96888610E49096806
:10BA2000303101EBC400FFF7DFFD0B49096830310D
:10BA300001EBC400EEF75CFF0649096808440549BC
:10BA40000860641C04480068B0F85001A042C4DCDF
:10BA500000BF94E7680100246C0100242DE9FC4735
:10BA600080460C460026002204F114014046D8F717
:10BA7000F2F880B301212046FDF750FC58BB0020AE
:10BA80008DF80000CDF804806A4612212046F5F7B3
:10BA9000FBFA9DF80000022802D10020BDE8FC87D7
:10BAA0002046FBF74CFD074600250BE0A068006828
:10BAB00050F8259049464046FFF7D0FF064606B1AC
:10BAC00002E06D1CBD42F1D300BF1EB99DF800001D
:10BAD00000B9264600BF3046E0E700002DE9FC41F2
:10BAE00000255AE03148006800F59870405D00B1CB
:10BAF00052E0002449E02D48006800F59870005D90
:10BB000008B9A54200D13FE0284A1268303202EB62
:10BB1000C401264A1268303202EBC500D8F7F9F8A2
:10BB200000B931E021480068303000EBC4021F4802
:10BB30000068303000EBC5016846D8F72BFA68463C
:10BB4000EEF7D6FE064619490968303101EBC5000B
:10BB5000EEF7CEFE074615490968303101EBC40007
:10BB6000EEF7C6FE384486420DD2104909683031DE
:10BB700001EBC5006946EEF708FE01210B4800689D
:10BB800000F59870015500BF641C08480068B0F8C3
:10BB90005001A042AFD800BF6D1C04480068B0F847
:10BBA0005001A8429ED8BDE8FC8100006C01002431
:10BBB0002DE9F04F87B004460D4601212846FDF7D8
:10BBC000ADFB10B107B0BDE8F08FA66803A9284609
:10BBD000FBF756FD2846D9F77AFB83465A46594665
:10BBE00003A8EEF70DFF03AA314605A8D7F7F2FF29
:10BBF00000B9E7E705A8A060224614212846F5F71A
:10BC000043FA224615212846F5F73EFA2246162128
:10BC10002846F5F739FA4FF001084FF4002128467D
:10BC2000FDF77CFB20B1306801907068029008E05D
:10BC300005F11402314601A8D7F7CCFF08B94FF03F
:10BC40000008B8F1000F13D001A8A0602846FBF748
:10BC500076FC8146002708E0A868006850F827A015
:10BC600051462046FFF7A4FF7F1C4F45F4D300BF89
:10BC700005A8A060224617212846F5F705FA2246B6
:10BC800018212846F5F700FA224619212846F5F72B
:10BC9000FBF9A66000BF95E72DE9F05F07460C466B
:10BCA00024B923480068F1F777FD04460CB9BDE8D4
:10BCB000F09F21463846FFF77BFFA0462046FBF762
:10BCC00085FD05462FE04FF0000A2846FBF737FCBC
:10BCD0008346002610E0A868006850F82690BAF164
:10BCE000000F04D1C14506D14FF0010A03E04946D7
:10BCF0003846FFF75DFF761C5E45ECD33A461721C8
:10BD00002846F5F7C1F93A4618212846F5F7BCF957
:10BD10003A4619212846F5F7B7F9A8462846FBF711
:10BD200055FD054600BF002DCDD100BFBFE7000087
:10BD30006C0100242DE9F04107460C46254695F894
:10BD40002A0020F0010085F82A000020A884E88459
:10BD5000288510212046FAF7A5FE4FF400712046F1
:10BD6000FAF7A0FE00BF00BF21460848FAF7EBFD36
:10BD700006463046FAF75CFE002205A1204600F098
:10BD800057F900BF00BFBDE8F08100007850049073
:10BD90004F7074696F6E20310A4F7074696F6E2036
:10BDA000320A4F7074696F6E20330A4F7074696F76
:10BDB0006E20340A4F7074696F6E203500000000E9
:10BDC0002DE9F84F884641467248FBF775FB8146DE
:10BDD000B9F1010F01D0BDE8F88F4046F5F7EDF855
:10BDE00005464046F5F74AF907463C462C2D08D152
:10BDF0004046F5F740F906463846E7F7FEFC308046
:10BE0000C5E02A2D11D13846E7F729F9064626B1B3
:10BE100000222A213046F5F737F93846FEF7C7FBEE
:10BE20000021384605F07EFBB1E0292D04D1002128
:10BE3000384605F077FBAAE0012D0BD1A06A20F46B
:10BE40000030A0623846E7F70AF906465249EDF796
:10BE50001BFE9CE0022D20D1F7F7F2FA82466946DC
:10BE60005046F7F749FBBDF80200A8B13846E7F79E
:10BE7000F6F883465846FDF720FABDF8021008444C
:10BE800006B231465846FFF767FAA06A20F4003040
:10BE900000F50030A06200BF79E0082D01D0032D2D
:10BEA00003D1384605F08CFC71E00E2D22D13846C6
:10BEB000FBF732FC83465846F6F712F80646F7F7CA
:10BEC000BFFA0090F7F711FB8246BAF1040F0ED1CA
:10BED00056B9E08C218D88420BD0208DE084012161
:10BEE000384605F01FFB04E0E08C208501E0E08C83
:10BEF00020854CE00F2D0AD1E08C218D884246D060
:10BF0000208DE0840121384605F00CFB3FE00D2D2B
:10BF10002CD14046F5F7AFF80678132E01D0122E3B
:10BF200010D1E08C401CA18C88421EDAB4F828A005
:10BF3000E08C401C81B20122384600F0F6F8A4F8EB
:10BF400028A012E0142E01D0112E0ED1E08C002872
:10BF50000BDDB4F828A0E08C401E81B201223846E7
:10BF600000F0E3F8A4F828A000BF10E0132D07D1DB
:10BF70003846E7F774F806463046FEF7E9FA06E079
:10BF8000152D01D0182D02D14046E0F7C2FF00BFA9
:10BF900021E700005C5004902D2103902DE9F05F13
:10BFA0000F463846F5F709F80446152C08D03946EF
:10BFB0001E48FBF781FA0546012D01D0BDE8F09F30
:10BFC0003846F5F75BF88246132C1DD13846F5F755
:10BFD00052F806465046FBF7F9FB83465846E7F70A
:10BFE0000CFC80465046FDF73CF98146B6F900004E
:10BFF000A8EB0901884202DDB6F9000001E0A8EBD8
:10C00000090000B230800EE0292C07D15046FBF722
:10C01000DDFB0646002105F085FA04E0152C02D16F
:10C020003846DFF7F1FB00BFC8E700007850049006
:10C030002DE9F84F05460E46934600BF00BF00BFEE
:10C040001EB900BF00BF00BFFEE700BF2C46284658
:10C05000E7F705F800900020E0842085A084804662
:10C0600008E016F808000A2802D1A08C401CA08421
:10C0700008F1010816F808000028F2D1A08C401C35
:10C08000A084BBF1000F0AD194F82A0020F001002F
:10C0900084F82A0031460098F8F7ECFD3EE094F869
:10C0A0002A0020F00100401C84F82A003046D4F712
:10C0B000B1F900F10109C9EBC900F9F741F90746E7
:10C0C0004FF0000A0FE009FB0A703146D4F77EF901
:10C0D0000A210AF1010009FB00F0401E39540AF15F
:10C0E000010000F0FF0ABAF1070FECDB0021C9EBF9
:10C0F000C900401E395439460098F8F7BBFD384650
:10C10000F9F79AF9A08C00EB4000E084A08CC0EB1A
:10C11000C000A0842846E9F78BF900BFE08C208599
:10C120000098FEF715FABDE8F88F2DE9F0410546B5
:10C130000E46174600BF00BF2C4694F82A0000F0B8
:10C14000010070B13146E28C072392FBF3F290B20A
:10C1500010B1C0EBC002891AC0EBC0020A4496B20B
:10C1600000BFA08CB04201DD304601E0A08C401E33
:10C17000E084E08C20853946284605F0D3F9BDE8F7
:10C18000F08110B5F1F7ACFA0446F1F705FB10BDEC
:10C190002DE9F04107460C462546002045F8700F72
:10C1A000287920F001002871287920F002002871F8
:10C1B000703D4FF440712046FAF774FC1021204680
:10C1C000FAF770FC0020F1F791FA502101EBC00062
:10C1D000A02190FBF1F0012809DD0020F1F786FA9B
:10C1E000502101EBC000A02190FBF1F000E0012004
:10C1F00006B231462046FEF731FDBDE8F081000071
:10C200002DE9F34F8BB0FE480C99FBF755F90A90D6
:10C210000A98012802D00DB0BDE8F08F0C98F4F711
:10C22000CCFE05460C98F4F729FF06463446304606
:10C2300000F08DFB8046112D31D10C98F4F71BFFD7
:10C240000746B06818B1B068B0F9140000E00020EB
:10C25000814604F1680108A8EEF7D6FA4A46494635
:10C2600008A8EEF7CDFB002208A83968D7F7C9FD6A
:10C270003871387990B9B8F1020F0FD104F160012B
:10C2800008A8EEF7C1FA4A46494608A8EEF7B8FBF7
:10C29000002208A83968D7F7B4FD38714FE3012DA3
:10C2A00078D13046FDF7D7FB94F8740020F00100F8
:10C2B000401C84F87400B8F1000F02D0B8F1010FEF
:10C2C00003D104F12400206757E1B8F1020FFBD13C
:10C2D000F7F7B6F8834609A9F7F7CCF83046FCF72C
:10C2E000C0FF83463046FBF721FA834501DB01207E
:10C2F00000E00020089000213046FCF70FF90746C7
:10C300000898002876D0012F05D0BDF92410B4F983
:10C310006C00814207DC012F09D1BDF92400B4F97A
:10C320006810884203DA04F12400206724E1012F19
:10C3300005D0BDF92400B4F96010884207DB012F55
:10C3400009D1BDF92410B4F96400814203DD04F180
:10C350003000206710E1B4F96430B4F960C0A3EB99
:10C360000C0202EBD2730CEB6303BDF924C0A3EB08
:10C370000C03002B0FDDB4F96430B4F960C0A3EBFB
:10C380000C0101EBD1730CEB6303BDF924C0A3EBEB
:10C390000C030EE0F2E0B4F96430B4F960C0A3EB32
:10C3A0000C0000EBD0730CEB6303BDF924C0ACEBC5
:10C3B00003030FFA83F9B4F96C30B4F968C0A3EB46
:10C3C0000C0202EBD2730CEB6303BDF924C0A3EBA8
:10C3D0000C03002B0FDDB4F96C30B4F968C0A3EB8B
:10C3E0000C0101EBD1730CEB6303BDF924C0A3EB8B
:10C3F0000C030EE026E0B4F96C30B4F968C0A3EB8E
:10C400000C0000EBD0730CEB6303BDF924C0ACEB64
:10C4100003030FFA83FACA4509DA04F124002067FE
:10C4200094F8740020F0020084F87400A4E004F191
:10C430003000206794F8740020F00200801C84F81B
:10C44000740099E0BDF92610B4F96A00814203DA5C
:10C4500004F1240020678FE0BDF92610B4F96600CE
:10C46000814203DD04F13000206785E0B4F966C045
:10C47000B4F96230ACEB030202EBD2734FEA630C07
:10C48000B4F962306344BDF926C0A3EB0C03002B62
:10C4900011DDB4F966C0B4F96230ACEB030101EB15
:10C4A000D1734FEA630CB4F962306344BDF926C01E
:10C4B000A3EB0C0310E0B4F966C0B4F96230ACEB46
:10C4C000030000EBD0734FEA630CB4F962306344AD
:10C4D000BDF926C0ACEB03030FFA83F9B4F96EC0C3
:10C4E000B4F96A30ACEB030202EBD2734FEA630C8F
:10C4F000B4F96A306344BDF926C0A3EB0C03002BEA
:10C5000011DDB4F96EC0B4F96A30ACEB030101EB94
:10C51000D1734FEA630CB4F96A306344BDF926C0A5
:10C52000A3EB0C0310E0B4F96EC0B4F96A30ACEBC5
:10C53000030000EBD0734FEA630CB4F96A30634434
:10C54000BDF926C0ACEB03030FFA83FACA4509DA3A
:10C5500004F12400206794F8740020F0020084F8AD
:10C56000740009E004F13000206794F8740020F0B2
:10C570000200801C84F8740000BFE0E1022D78D135
:10C58000206F002875D0F6F75BFF09900998F6F741
:10C59000ACFF012800D03EE608A90998F6F76AFF2B
:10C5A00000213046FBF7BAFF07903046FCF759FEF2
:10C5B00082463046FBF7BAF8834600213046FCF746
:10C5C0007CFA069000213046FCF720FB0590002104
:10C5D0003046FCF7EBFB049000213046FCF790F965
:10C5E0008146D4E90A10401A03900027E06A0290BD
:10C5F000A06A0190DA4521DB0699AAEB010201E06D
:10C60000945004900599511A08B20799012907D14D
:10C61000B6F918200599511ABDF920208F1A06E0A5
:10C62000BDF92020B6F9143006991944571A039918
:10C63000794391FBF0F7A16A0F4412E0ABEB0902DA
:10C640000499511A08B2BDF92220B6F91A104944CA
:10C65000571A7942039A514391FBF0F7A16A0F44AC
:10C6600000BF04F13000216F814203D1606A029063
:10C6700002E01EE0206B01900198874201DA019FE1
:10C6800003E00298874200DD029F206F0068B842F5
:10C690000ED0206F07603046FDF7DDF900221C2127
:10C6A0003046F4F7F1FC0A900A98012800D0B2E570
:10C6B00045E1082D01D0032D3ED194F8740020F0FF
:10C6C000010084F87400002020673046FDF7C3F9AC
:10C6D0003046FBF721F882465046F5F701FC074645
:10C6E000F6F7AEFE8346F6F700FF8146B9F1040F78
:10C6F00021D107B3304600F02AF9022817D194F867
:10C700007400C0F3400038B994F8740020F00200BF
:10C71000801C84F874000EE094F8740020F002008D
:10C7200084F8740000215046F5F77DFC03E00021F9
:10C730005046F5F778FC02E10E2D10D1F6F780FE99
:10C740008146F6F7D2FE0746042F01D0022F05D10D
:10C7500094F8740020F0020084F87400EFE0292DB2
:10C7600003D13046FDF7F4FEE9E0132D7ED14FF4FE
:10C7700040313046FCF7A1F909904FF44031304682
:10C78000FCF744FA08904FF440313046FCF70EFBBA
:10C7900082464FF440313046FCF7B2F807904FF430
:10C7A000403B43F60E0259463046FCF733FB0390FC
:10C7B000039800B2069059463046FCF7DDFC059020
:10C7C00059463046FCF7BEFC04903046FCF749FD64
:10C7D0000222059912FB010B3046FAF7A7FF02224D
:10C7E000049912FB0100834507DA3046FCF739FD56
:10C7F0000222059902FB010006E03046FAF796FF97
:10C800000222049902FB0100401007B20698784307
:10C81000001207B2DDE90810884201DD099900E045
:10C8200008990798504501DD079800E0504681427D
:10C8300007DDDDE90810884201DD099807E0089866
:10C8400005E00798504501DD079800E05046384460
:10C8500007B2B81C07B24FF440313046F9F7A9FFD0
:10C86000384407B20C98F4F706FC00E00BE0814670
:10C87000B9F90000B84202DDB9F9000000E038461D
:10C88000A9F800005BE00D2D54D10C98F4F7F3FBF0
:10C890000778132F01D0112F23D194F87400C0F31F
:10C8A000400050B9304600F061F800F10109012262
:10C8B0004946304600F06AF809E0304600F041F899
:10C8C00000F1010901224946304600F055F80022E6
:10C8D0001C213046F4F7D8FB0A900A98012828D08A
:10C8E00099E4142F01D0122F23D194F87400C0F3CF
:10C8F000400050B9304600F039F8A0F1010901229A
:10C900004946304600F042F809E0304600F019F898
:10C91000A0F1010901224946304600F02DF800221D
:10C920001C213046F4F7B0FB0A900A98012800D089
:10C9300071E404E0152D02D10C98DEF74DFE00BF26
:10C9400069E410B504462046EEF7D3F910BD70B582
:10C9500005462846EEF7C4F90446012C00D170BD07
:10C96000022C01D10220FAE70020F8E710B50446B6
:10C970002046EEF7D1F910BD70B504460D461646B7
:10C98000324629462046EEF7D9F970BD70B5044607
:10C990000D461646324629462046EEF705FA70BD8A
:10C9A0000FB47CB504460D4609A80190019800908B
:10C9B0002A4621460548089BD9F7E8F90646002093
:10C9C000019030467CBC5DF814FB00000F5D0090C8
:10C9D00070B506460C4600BF00BF2546002045F84E
:10C9E000600F288A20F0F0002882288A20F00F00AB
:10C9F000401D28820120E860104868604042A8601D
:10CA0000288A20F480702882288A20F4C06000F5EB
:10CA100080602882603D0121204601F079FF0121DC
:10CA2000204601F0E4FE82212046FEF763FC20460A
:10CA300000F08EF900BF00BF70BD00009F860100AE
:10CA400070B5054600BF00BF2C46E16E206E401A4F
:10CA5000A16E88420EDBE16E206E401A05D5206E75
:10CA6000002802DD206E40422066E16E206E401AF2
:10CA700020660DE0B4F87000C0F3002030B1A16E64
:10CA8000206E884202D1606E206601E0A06E2066B2
:10CA9000284600F05DF970BD2DE9F34F83B0012009
:10CAA000029077480499FAF707FD0290029801284E
:10CAB00002D005B0BDE8F08F0498F4F77EFA064680
:10CAC0000498F4F7DBFA07463C46082E7ED1F6F7C9
:10CAD000B7FC01900198F6F708FD042840D13846CC
:10CAE000FAF71AFE0546F5F7FBF9002811D094F87D
:10CAF000700000F00F0001280BDDB4F87000C0F3E7
:10CB00004120022814D1E06E012803DD384600F0F0
:10CB1000E6F87AE094F8700000F00F00821E0A2018
:10CB20000021FEF743FDE066384600F0EBF86CE0CC
:10CB300094F8700000F00F00421E0A200021FEF75A
:10CB400035FDE26ED317101A8B4103DA384600F038
:10CB5000D9F85AE00A20E066384600F0C0F854E000
:10CB6000384601F032FE82465046D3F753FC8346E6
:10CB7000206C1AF800002E2803D1384601F0ABFCD7
:10CB800011E0206C584505D1ABF10101384601F0A8
:10CB900039FE08E0206C30B9A06E002803DA0121CC
:10CBA000384601F02FFE94F8700000F00F00401E90
:10CBB00000904020005B85B294F87010C1F303111F
:10CBC000206C884208D994F8700000E01EE0C0F3A1
:10CBD000031008B1681E85B20098A0EB0508A06E8E
:10CBE000002801DA08F101080120E0664FF0000991
:10CBF00008E0E06E00EB80004000E06609F1010013
:10CC00001FFA80F9C145F4D300BF36E00D2E34D1B0
:10CC1000F6F716FC8146F6F768FC80460498F4F7B0
:10CC20002AFA0568132D0AD1B8F1040F03D138464A
:10CC300000F028F820E0384600F051F81CE0142DF0
:10CC40000AD1B8F1040F03D13846FFF7F9FE13E01B
:10CC5000384600F057F80FE0112D03D1384600F0A8
:10CC600011F809E0122D03D13846FFF7E9FE03E081
:10CC70002946384601F002FA00BF00BF19E700005C
:10CC8000ECC1039070B5054600BF00BF2C46E16EB5
:10CC9000206E0844616E88420FDCE16E206E08440D
:10CCA000002805DD206E002802DA206E4042206652
:10CCB000E16E206E084420660DE0B4F87000C0F309
:10CCC000002030B1D4E91801884202D1A06E20665C
:10CCD00001E0606E2066284600F03AF870BD70B53D
:10CCE000064600BF00BF34460A21E06E90FBF1F516
:10CCF000002D01DDE56601E00120E066304600F030
:10CD000027F870BD2DE9F041054600BF00BF2C4655
:10CD1000D4E91910002802DAA06E404200E0A06EAB
:10CD2000814201DD606E06E0A06E002802DAA06E8E
:10CD3000404200E0A06E0746E06E00EB8000460037
:10CD4000BE4200DCE666284600F002F8BDE8F0814D
:10CD50002DE9F04F8BB081464D46122106A8F8F719
:10CD60009AFD06AE4FF0000BA86E002808DA286E78
:10CD7000002801DB2B2000E02D203070761C03E022
:10CD80000BF1010000F0FF0B286E002801DD286E7A
:10CD900001E0286E404203463EA20E2102A8FFF7A2
:10CDA000FFFD02A8D3F736FB95F8701001F00F01D4
:10CDB000A1EB0008B8F1000F15DD02A8D3F72AFB9C
:10CDC00084B206E002A8005D04EB080102AA5054F8
:10CDD000641E002CF6DA002403E0302002A9085576
:10CDE000641C4445F9DB95F87000C0F3031020B9CA
:10CDF00095F8700000F00F0003E095F87000C0F3A4
:10CE000003100190002404E002A8005D3070761C3D
:10CE1000641C0198844203DA02A8005D0028F3D163
:10CE200095F87000C0F3031090B12E203070761C7E
:10CE300004E002A8005D3070761C641C95F8700058
:10CE400000F00F00A04203DD02A8005D0028F0D131
:10CE500006A9484601F0AEFDD5F86CA095F8700023
:10CE600000F00F0704E00A209AFBF0FA781EC7B220
:10CE7000BAF10A0FF7DA0198874201DD781CC7B2D0
:10CE8000A7EB0B00C7B23946484601F0BBFC0BB01C
:10CE9000BDE8F08F2564000030B591B005460C4622
:10CEA00002212046F9F7FEFD01A8ECF735FE00BF90
:10CEB000019400BF1A4901A8ECF7B3FE01A84FF690
:10CEC000FF71818700BF174908680B9000BF1648A3
:10CED000006800F5B4721448016801A8ECF7C3FEBD
:10CEE00001A8ECF7E3FE1148079000BF4FF4B472BD
:10CEF000002101A8ECF7B7FE0D4901A8ECF791FE5F
:10CF000001A8ECF7D3FE4FF4B47200212046EDF7F0
:10CF1000DAFA4FF487712046EDF7AAFB11B030BD65
:10CF2000216A0090280200242C020024519B0190C9
:10CF3000316A009070B504460D46164632462946C1
:10CF4000204600F03CF870BDF0B503469888C00B51
:10CF500068B11C6807E02088884203D160681060CF
:10CF60000120F0BD083420880028F4D1F9E7D879F1
:10CF700008B90020F5E7D879012815DDD8791F68B0
:10CF800007EB80052E4600240AE036F8140088429C
:10CF900005D11F6857F8240010600120E1E7641CE8
:10CFA000D879A042F1D808E09888C0F30E008842F2
:10CFB00003D1186810600120D3E70020D1E7F0B555
:10CFC00003469888C00B68B11C6807E02088884237
:10CFD00003D1606810600120F0BD0834208800286B
:10CFE000F4D1F9E7D87908B90020F5E7D879012814
:10CFF00015DDD8791F6807EB80052E4600240AE06E
:10D0000036F81400884205D11F6857F824001060D4
:10D010000120E1E7641CD879A042F1D808E09888A3
:10D02000C0F30E00884203D1186810600120D3E7D6
:10D030000020D1E710B5044608212046F8F72BFC64
:10D0400010BD014600BF00BFC87908B90120704774
:10D050000020FCE73EB504464E2C75D01EDC332C78
:10D0600073D00EDC292C78D006DC202C45D0222C65
:10D0700053D0252C6CD177E0302C4FD0312C67D198
:10D0800068E0462C68D004DC3B2C49D0442C79D194
:10D0900045E0472C48D04D2C74D143E040F63C018C
:10D0A000601A8C425AD010DC40F25741A4EB0100C8
:10D0B0008C4238D004DC522C33D0532C62D150E057
:10D0C000012848D00B285DD143E040F2CA72811A92
:10D0D000904253D006DC092841D0A0F2C770002846
:10D0E00050D14AE0A1F2534088B3A0F50C50B538B6
:10D0F00070BB4FF48070029048E000BFFF221146E1
:10D100001046EFF742FD0090BDF800100846019070
:10D11000BDF80400ADF8080038E000BF00BF00BF54
:10D1200000BF00BF00BF00BF00BF00221146104675
:10D13000EFF72BFD0090BDF8001008460190BDF8F8
:10D140000400ADF8080021E00AE010E005E011E07D
:10D1500018E000BF00BF00BF00BF00BF00BF00BF9E
:10D1600000BFFF20029011E0FF2002900EE00F2090
:10D1700002900BE00748029008E000BF41F6FF7004
:10D18000029003E000200290029000BF00BF0298CE
:10D190003EBD0000D4F7039003480088401C0249BC
:10D1A0000880084600887047D40200242DE9FE4F0D
:10D1B0000446884600BF00BFA088C00B20B100BF56
:10D1C00000BF0020BDE8FE8FE07908B90020F9E734
:10D1D000E07901280ED1A088C0F30E00404507D1A8
:10D1E000A0886FF30E00A0800020E0710120E9E725
:10D1F0000020E7E7E079216801EB80060296029EB5
:10D20000002553E036F8150040454ED1D4F8009083
:10D21000E079022812D10120E0710DB9708800E098
:10D220003088A18860F30E01A1801DB9D9F80400EF
:10D23000206035E0D9F80000206031E0E079401E40
:10D2400000EB4000400001900198F8F73FF882465B
:10D25000BAF1000F01D10020B4E7C4F800A0E079D2
:10D26000401EE071E0790AEB800002900298009085
:10D27000D34600273D460FE036F8170040450AD058
:10D2800059F827104BF8251036F8172028466D1C42
:10D29000009921F810207F1CE079B842ECD200BF41
:10D2A0004846F8F7E1F801208CE76D1CE079A842C8
:10D2B000A8D8002086E710B5044600BF00BFA088AC
:10D2C000C00B10B100BF00BF10BDE079012802DD26
:10D2D0002068F8F7C9F808212046F8F7DCFA00BF03
:10D2E000F2E738B505460C46009465212846009AB9
:10D2F00000F087F938BD13B582B00446BDF80C00C4
:10D30000ADF8040052212046019A00F07AF91FBDC1
:10D3100038B505460C46009451212846009A00F085
:10D3200070F938BD38B505460C4600944FF40561D8
:10D330002846009A00F065F938BD13B582B004465E
:10D34000BDF80C00ADF8040020212046019A00F041
:10D3500058F91FBD13B582B00446BDF80C00ADF8F6
:10D36000040022212046019A00F04BF91FBD38B578
:10D3700005460C46009440F628012846009A00F025
:10D3800040F938BD38B505460C46009421212846A1
:10D39000009A00F036F938BD13B582B00446BDF8E6
:10D3A0000C00ADF8040030212046019A00F029F964
:10D3B0001FBD38B505460C46009431212846009A19
:10D3C00000F01FF938BD38B505460C4600943421ED
:10D3D0002846009A00F015F938BD38B505460C46C8
:10D3E000009433212846009A00F00BF938BD38B577
:10D3F00005460C46009441F232012846009A00F09E
:10D4000000F938BD38B505460C4600946121284620
:10D41000009A00F0F6F838BD38B505460C46009481
:10D4200063212846009A00F0ECF838BD38B505466F
:10D430000C46009464212846009A00F0E2F838BDBA
:10D4400038B505460C46009441F204012846009A7E
:10D4500000F0D7F838BD13B582B00446BDF80C0013
:10D46000ADF804004D212046019A00F0CAF81FBD16
:10D4700038B505460C46009440F649012846009A06
:10D4800000F0BFF838BD38B505460C46009441F2AF
:10D4900006012846009A00F0B4F838BD38B50546B4
:10D4A0000C46009441F203012846009A00F0A9F8C6
:10D4B00038BD13B582B00446BDF80C00ADF80400C9
:10D4C0003B212046019A00F09CF81FBD38B5054667
:10D4D0000C46009440F63C012846009A00F091F872
:10D4E00038BD38B505460C46009440F63D01284647
:10D4F000009A00F086F838BD38B505460C46009411
:10D5000040F63A012846009A00F07BF838BD70B525
:10D5100004460D462946204600F03BF829462046A1
:10D5200000F042F82946204600F054F829462046EB
:10D5300000F001F870BD38B505460C46009441F680
:10D5400011012846009A00F05CF838BD38B5054650
:10D550000C46009441F615012846009A00F051F857
:10D5600038BD70B504460D462946204600F027F820
:10D5700029462046FFF7EAFF70BD70B504460D4608
:10D580002946204600F005F82946204600F00CF810
:10D5900070BD38B505460C46009441F61201284688
:10D5A000009A00F02EF838BD38B505460C460094B8
:10D5B00041F613012846009A00F023F838BD38B52B
:10D5C00005460C46009441F614012846009A00F0E6
:10D5D00018F838BD38B505460C46009441F61001E0
:10D5E0002846009A00F00DF838BD70B504460D4687
:10D5F00029462046FFF7EEFF29462046FFF79BFF0E
:10D6000070BD2DE9F74F82B004460F4600BF00BF42
:10D61000A088C00B20B100BF00BF05B0BDE8F08FEF
:10D62000E079012843DDE079216801EB8008C246FA
:10D63000E079451E09E03AF81500B84204D12068A7
:10D64000049A40F82520E8E76D1E002DF3DAE07912
:10D65000401C00EB40004000019020680199F7F762
:10D6600057FF064606B9D8E72660E07906EB800842
:10D67000C246E079451E05E03AF81510A81C2AF8C4
:10D6800010106D1E002DF7DAE079401CE071E07992
:10D6900006EB8008C246B346E079401E2AF81070B7
:10D6A000E079401E5E4604994BF8201037E0E0799F
:10D6B00001282CD1A088C0F30E00B84202D10498F2
:10D6C0002060AAE7E079401C00EB40004FEA400BE5
:10D6D0005846F7F7FBFD054605B99EE7206801901F
:10D6E0002560E079401CE071E07905EB8008C246D6
:10D6F0002E46A088C0F30E00D046AAF80000AAF873
:10D7000002703546019830600498706007E001208F
:10D71000E071A08867F30E00A0800498206038466E
:10D72000D8F73BF88146A179012202FA09F21143A8
:10D73000A17100BF71E738B505460C460094602121
:10D740002846009AFFF75DFF38BD13B582B0044646
:10D75000BDF80C00ADF8040044212046019AFFF703
:10D7600050FF1FBD38B505460C46009440F64201F7
:10D770002846009AFFF745FF38BD38B505460C46E8
:10D78000009440F645012846009AFFF73AFF38BD5D
:10D7900038B505460C46009440F643012846009AE9
:10D7A000FFF72FFF38BD38B505460C4600944FF4FF
:10D7B00004612846009AFFF724FF38BD70B504467F
:10D7C0000D462946204600F054F829462046FFF72A
:10D7D00037FE70BD38B505460C46009441F25D41F8
:10D7E0002846009AFFF70DFF38BD13B582B00446F6
:10D7F000BDF80C00ADF8040040F257412046019AF4
:10D80000FFF7FFFE1FBD38B505460C46009441F2F8
:10D8100059412846009AFFF7F4FE38BD38B5054651
:10D820000C46009441F25B412846009AFFF7E9FE5E
:10D8300038BD38B505460C46009440F60B01284625
:10D84000009AFFF7DEFE38BD38B505460C46009459
:10D8500040F60A012846009AFFF7D3FE38BD38B5D6
:10D8600005460C46009467212846009AFFF7C9FE3A
:10D8700038BD38B505460C46009441F201012846F2
:10D88000009AFFF7BEFE38BD2DE9F04704460D466D
:10D8900016461F46DDE9088914212046F7F7FBFFED
:10D8A00025600EB9054800E03046A060E760C4F886
:10D8B0001080C4F80490BDE8F0870000D79B019069
:10D8C00070B504460D46264675623046FCF7C3F82F
:10D8D00070BD70B5044625684FF0FF306862284679
:10D8E000FCF7B9F870BD70B506460C4625464FF0FA
:10D8F000FF30686210212046F9F7D4F8082120464D
:10D90000F8F7B4FB4FF480612046F8F7AFFB70BD29
:10D9100070B506460C46254600212846ECF7B4F8BB
:10D9200070BD00002DE9FC5F0F4639463D48F9F710
:10D93000C3FD01900198012801D0BDE8FC9F384645
:10D94000F3F73BFB05463846F3F798FB0090132DA1
:10D9500058D14FF440310098FBF7BCF880464FF4A3
:10D9600040310098FBF75FF981464FF44031009851
:10D97000FBF729FA82464FF440310098FAF7CDFFC1
:10D980008346C84501DD404600E04846D34501DDF9
:10D99000594600E05146884205DDC84501DD404654
:10D9A00006E0484604E0D34501DD584600E0504615
:10D9B0000646B01C06B24FF440310098F8F7F9FE65
:10D9C000304406B23846F3F756FB0446B4F900007B
:10D9D000B04202DDB4F9000000E0304620804FF490
:10D9E00000310098F8F7E5FEB4F90010884202DA39
:10D9F000B4F9000004E04FF400310098F8F7D9FEC4
:10DA000020800DE01C2D06D1009800F00DF8009844
:10DA1000FCF721F804E0152D02D13846DFF767FB4B
:10DA200000BF8AE7B05004902DE9F04790B08046DF
:10DA300000BF00BF44460025652229462046FBF76B
:10DA4000E9F90F900F9F00BF002F47D04046FAF72B
:10DA5000D1FC00F0010A606A401C80B9BAF1000FE5
:10DA600001D0002001E04FF480700546BAF1000FAC
:10DA700002D04FF4807000E00020064608E0656A9E
:10DA8000BAF1000F02D04FF4807000E0002006468B
:10DA9000A81B002801DDA81B00E0701B78434FEA9B
:10DAA000102900212046EBF7EFFF6846ECF734F829
:10DAB00000BF009400BF0B48019000BF00BF079556
:10DAC0000895099600BF0848039000BF00BFCDF835
:10DAD000289000BF6846ECF7E9F800BF10B0BDE839
:10DAE000F0870000C1D80290D3D8029070B50646E6
:10DAF0000C4625460120A884E884A98C4800F7F745
:10DB0000E5FB2863E98C4800F7F7E0FBE862822038
:10DB1000296B0880E96A0880EA8CAB8C5A43910033
:10DB2000A86AF7F7F5FCA8620020A96A086070BD32
:10DB30002DE9F04107460E46344600250EE0A06A66
:10DB400050F8250040B1A16A51F82500F7F78CFC88
:10DB50000020A16A41F82500681C85B2A08CE18CE8
:10DB60004843A842EBDCA06A10B1A06AF7F77CFC3E
:10DB7000E06A10B1E06AF7F777FC206B10B1206B18
:10DB8000F7F772FCBDE8F0812DE9F34F83B08348CD
:10DB90000499F9F791FC8146B9F1010F02D005B063
:10DBA000BDE8F08F0498F3F708FA06460498F3F7F7
:10DBB00065FA824654462A2E04D10021504603F0CD
:10DBC00069FDE9E02C2E27D10498F3F754FA80463A
:10DBD0004FF0000B002506E0206B30F8150058448C
:10DBE0000FFA80FB6D1CA08CA842F5D800270025F9
:10DBF00005E0E06A30F81500384407B26D1CE08C8F
:10DC0000A842F6D8ABF1010000B2A8F80000781ED7
:10DC100000B2A8F80200BFE0012E01D0022E1BD1F5
:10DC200002AA01A95046E5F73FFB0546012D12D196
:10DC3000A08EBDF80810884204D1E08EBDF8041013
:10DC4000884208D0BDF80800A086BDF80400E08630
:10DC50005046FBF700FF9FE0082E2BD15046FBF704
:10DC6000FAFEF5F7EDFB80464046F5F72EFC074639
:10DC7000A08E4FF6FF7188420DD0E08E88420AD008
:10DC80004FB900221C215046F3F7FEF98146B9F145
:10DC9000010F00D083E7F5F7D3FB8346F5F725FCAA
:10DCA0000546012D01D0032D03D14FF6FF70A0864C
:10DCB000E08671E00E2E03D15046FBF7CCFE6BE000
:10DCC0000D2E64D10498F3F7D6F9D0F80080A78E12
:10DCD000E58E4FF6FF70874201D0854206D10020C5
:10DCE000A086E0865046FBF7B6FE58E7A08CB84207
:10DCF00000DC0027E08CA84200DC0025B8F1140FFE
:10DD000001D17F1E0FE0B8F1130F01D17F1C0AE093
:10DD1000B8F1110F01D16D1E05E0B8F1120F01D15C
:10DD20006D1C00E03BE7A08CB84209DCE08C401E93
:10DD3000A84202DD00276D1C0AE0A08C471E07E008
:10DD4000002F05DA1DB1A08C471E6D1E00E00027D4
:10DD5000E08CA84202DCE08C451E02E0002D00DAD7
:10DD60000025A08EB84202D1E08EA8420ED0A78630
:10DD7000E5865046FBF76FFE00221C215046F3F764
:10DD800083F98146B9F1010F00D008E704E0152EB0
:10DD900002D10498DFF78EFA00BF00E7CC50049060
:10DDA0002DE9F04781460D462C465148007884F80D
:10DDB0002C0094F82C00012810D0022813D004283D
:10DDC00002D0082814D104E001212846FCF772FF94
:10DDD0000EE009212846FCF76DFF09E000212846E6
:10DDE000FCF768FF04E008212846FCF763FF00BF4A
:10DDF00000BF42F2640211462846FDF78CF828461F
:10DE0000EDF7ECF807462846F8F712FF80460121A7
:10DE10003846EDF7F9FD0420F7F758FA606235A0AF
:10DE2000616A08603846616AEDF7F6FC00231C223F
:10DE300031493846F8F7D2F84FF480413846F8F7C0
:10DE400015F900231A462D494046F8F7C7F8002176
:10DE50004046FDF746F894F82C00012819D0022816
:10DE600018D0042802D0082826D100E000BF24489A
:10DE7000B0F9002042F264013846FDF74CF842F256
:10DE800064014046FDF736FA01214046FCF724FFC5
:10DE900012E000BF42F264021948B0F9001038469F
:10DEA000FDF739F842F264014046FCF724FF0121F6
:10DEB0004046FCF711FF00BF00BFF4F70BF8064621
:10DEC0001EB139463046F3F73FFF00214046FCF7CC
:10DED000F1FE03214046FCF7EAFF80214046F8F7B7
:10DEE000C5F84FF480614046F8F7DCFDBDE8F087E7
:10DEF0003002002400000000B56F009035840090CF
:10DF0000320200242DE9F04107460E46344694F8CB
:10DF10002C0000F00C0070B1002509E0616A51F896
:10DF20002500F7F7A1FA0020616A41F825006D1C71
:10DF3000208DA842F2D894F82C0000F0030080B1A4
:10DF400000250BE06A00616A51F82200F7F78CFAAD
:10DF500000206A00616A41F822006D1C208DA842F1
:10DF6000F0D8606AF7F780FA00206062BDE8F081BF
:10DF70002DE9F04781460C4621460E48F9F79CFAF8
:10DF80000646012E01D0BDE8F0872046F3F715F8CC
:10DF900005462046F3F772F80746292D08D1384682
:10DFA00000F011F8804600224146384600F018F88B
:10DFB00000BFE8E724C2039010B5044601212046C3
:10DFC000F9F79FFA10BD014600BF00BF0A46508D09
:10DFD000704710B5044600212046F9F792FA10BDAB
:10DFE0002DE9FC5F80460C46934600BF00BF4646C5
:10DFF000308DA04201D8308D441E4046FDF7CCF94B
:10E000004046FFF7D9FF05460DB9BDE8FC9F4FF02C
:10E01000000A41F6150251462846FAF7FBFE009029
:10E02000009807B200BF2846F9F70BFB8146002194
:10E030004046FAF74CFA012808D007EB0900604384
:10E0400001B25A462846FCF7AFFD0BE0C4F1000AC6
:10E0500007EB090000FB0AF001B25A462846FCF71C
:10E06000A3FD00BF4046FFF7B4FF0190A1B280229C
:10E070000198EDF77FFB748500BFC6E72DE9F347F4
:10E0800092B0074600BF00BF3C4613981090002096
:10E09000119010AD29463846E7F740FB0646012EA1
:10E0A00002D014B0BDE8F08794F85C00C0F3C00063
:10E0B00040B113980A2802D013980D2802D100BF4E
:10E0C00000BFEEE7002113A8414A1268904781463D
:10E0D00049463846D9F7BAFB10B900BF00BFE0E7A0
:10E0E00094F85C00C0F3800010B1384603F01EF8CD
:10E0F000A06A50B1606AF6F7D7F8804698F8000039
:10E1000010B93846FBF7A7FC00BF2A46216C606AAD
:10E11000F6F7DCF8384600F025F994F85C00C0F317
:10E120008000002844D0E06AD2F774F9824628467D
:10E13000D2F770F9504400F101084146E06AF7F760
:10E14000E7F9E06200BFE06A18B900BF00BF00BF96
:10E15000FEE700BFE06A00B9A3E72A46216CE06A47
:10E16000D7F708FC208F18B9384602F0DFFF1FE010
:10E170006846EBF7D1FC21466846EBF784FD15496C
:10E180006846EBF752FD218F6846EBF762FD0122EE
:10E1900000216846EBF76FFD0F496846EBF749FD34
:10E1A0000E496846EBF74BFD6846EBF77FFD00BF75
:10E1B000384600F0F5FA00F101084146384600F013
:10E1C00021FB00221C213846F2F75EFF00BF68E702
:10E1D000F8020024E5110390039C0190E7110390DD
:10E1E0002DE9F04391B006460D4600BF00BF00BFC9
:10E1F0001DB900BF00BF00BFFEE700BF344694F862
:10E200005C00C0F3800010B1304602F08FFF304652
:10E2100000F0C0FA18B9304600F0C8FAC8B10020C2
:10E2200010900FE010A92846484A1268904780468F
:10E230004046474909688847814649463046FFF7C6
:10E240001DFF00BF1098285C0028EBD111B0BDE87D
:10E25000F08329463046E7F761FA0746012F00D0E0
:10E26000F4E7A06A50B1606AF6F71EF8804698F8A5
:10E27000000010B93046FBF7EEFB00BF2A46216CC8
:10E28000606AF6F723F8304600F06CF894F85C000A
:10E29000C0F38000002844D0E06AD2F7BBF8814682
:10E2A0002846D2F7B7F8484400F101084146E06A31
:10E2B000F7F72EF9E06200BFE06A18B900BF00BFAF
:10E2C00000BFFEE700BFE06A00B9BFE72A46216C45
:10E2D000E06AD7F74FFB208F18B9304602F026FFCF
:10E2E0001FE001A8EBF718FC214601A8EBF7CBFCD7
:10E2F000184901A8EBF799FC218F01A8EBF7A9FCBD
:10E300000122002101A8EBF7B6FC134901A8EBF7A5
:10E3100090FC124901A8EBF792FC01A8EBF7C6FCB0
:10E3200000BF304600F03CFA814628460C49096897
:10E33000884709EB00084146304600F063FA0022A6
:10E340001C213046F2F7A0FE00BF7FE7F802002450
:10E35000F0020024E5110390039C0190E711039063
:10E360000803002470B5054600BF00BF2C46606A54
:10E37000F5F7A6FF4FF6FF71884206D1606AF5F700
:10E3800099FF4FF6FF71884209D04FF6FF71606A1E
:10E39000F6F70CFD4FF6FF71606AF6F7FCFC70BDF6
:10E3A0002DE9F04107460C46254695F85C0020F023
:10E3B000040085F85C000020E86240F2DC50288709
:10E3C0000020286368635020405D20F00100401C5D
:10E3D00050214855012129645020405D20F0020061
:10E3E000801C502148550020A88795F85C0020F03B
:10E3F000080085F85C0095F85C0020F0020085F8C4
:10E400005C0000206862A8622046F5F72BFC686279
:10E410006420FDF757F806463146686AFCF76AFF44
:10E420000BA1686AF6F726FC00231A460949686AB8
:10E43000F7F7D4FD4FF480612046F7F717FE00216F
:10E44000204600F0DFF9204604F042F8BDE8F081F4
:10E45000000000006B6101902DE9F84F054600BFF8
:10E4600000BF2C46284600F09BF980466A4641468C
:10E47000606AF5F715FE00212846FAF73CFE0646CD
:10E4800000212846FAF7C3FD81464846F3F7DAF83B
:10E490000746BDF80210B819401C084400B2ADF898
:10E4A0000200A08FADF80000606AF9F73FF9BDF9EE
:10E4B000021088420DDD6946606AF5F7BDFC8246B0
:10E4C000B4F93C805146284600F09CF9A4F83C8001
:10E4D00000BFBDE8F88F70B5054600BF00BF2846F5
:10E4E00000F05EF9044624B1641E2146284600F07F
:10E4F00089F970BD70B5054600BF00BF284600F021
:10E500004FF90446641C2146284600F07BF970BD93
:10E510002DE9F84F044600BF00BF2546204600F015
:10E520003FF983462C466A465946686AF5F7B8FDB6
:10E5300000212046FAF7DFFD064600212046FAF7C3
:10E5400066FD81464846F3F77DF80746BDF80210A0
:10E55000B819401E081A00B2ADF80200A88FADF835
:10E5600000006946686AF5F767FC8246B5F93C80A9
:10E570005146204600F046F9A5F83C80BDE8F88FEA
:10E580002DE9F843054600BF00BF2C46276C0FB9A4
:10E59000BDE8F8832AA00068009069462846E7F79E
:10E5A000BDF80646012E00D0F2E7606AF5F77CFE62
:10E5B0008146206C411E01224846D7F703F949469F
:10E5C000606AF6F757FB2846FFF7CCFEA06A50B109
:10E5D000606AF5F769FE804698F8000010B9284691
:10E5E000FBF739FA00BF94F85C00C0F38000D0B1AB
:10E5F000226C511E0122E06AD7F7E4F8E06AD1F7F5
:10E6000009FF00F101084146E06AF6F781FFE06288
:10E6100000BFE06A18B900BF00BF00BFFEE700BF3F
:10E62000E06A00B9B4E7206C411E284600F0EAF821
:10E6300000221C212846F2F727FD00BFA8E70000B2
:10E640007F00000070B5054600BF00BF284600F0FF
:10E65000A7F80446611C284600F0D4F8284600F0CC
:10E660009FF8A04202D02846FFF78AFF70BD70B520
:10E6700006460D462C46E06A20B1E06AF6F7F4FE45
:10E680000020E062A06A20B1A06AF6F7EDFE00204B
:10E69000A06270BD2DE9F04781460E4631463C48E8
:10E6A000F8F70AFF0746012F01D0BDE8F087304692
:10E6B000F2F783FC05463046F2F7E0FC80460E2D6B
:10E6C00003D1404603F004FF60E00D2D47D13046F2
:10E6D000F2F7D1FC0468132C03D14046FFF70AFF80
:10E6E0003CE0142C03D14046FFF7F5FE36E0112C38
:10E6F00003D14046FFF70CFF30E0122C03D1404617
:10E70000FFF7AAFE2AE0082C03D14046FFF738FFA6
:10E7100024E07F2C03D14046FFF794FF1EE0022C3B
:10E7200004D10021404600F06DF817E0032C05D11C
:10E7300047F6FF71404600F065F80FE00A2C09D15A
:10E74000404600F039F828B100221F214046F2F778
:10E750009BFC03E021464046FFF790FC16E0012DAC
:10E7600005D0022D03D0032D01D0082D03D1304652
:10E7700007F063FF0AE0152D03D13046DFF778FA82
:10E7800004E0182D02D13046DBF7FEFC00BF8CE719
:10E79000E8500490014600BF00BF0A46106B704766
:10E7A000014600BF00BF0A46106C7047014600BF1B
:10E7B00000BF0A46506B7047014600BF00BF0A46C3
:10E7C00092F85C00C0F3C000704770B5054600BF0A
:10E7D00000BF2C4694F85C00C0F3800020B9606A4A
:10E7E000F5F762FD064600E0E66A304670BD10B5FA
:10E7F00000BF00BF024650239B5C61F341035024DD
:10E80000A35410BD2DE9FC5F80460C4600BF00BF3D
:10E810004546286CA04201D1BDE8FC9F686AF5F727
:10E8200043FD3A490090096888470646002C00DA03
:10E830003444B44203DC47F6FF70844200D13446CE
:10E840002C644046FCF7A8FD00214046FAF7DFFBA8
:10E85000834601AA2146686AF5F722FC5846F2F77A
:10E86000F1FE07464046F9F751F9BDF90610884216
:10E8700005DDBDF9061001224046FCF7B1F940461E
:10E88000F8F7C0FE81464046F9F740F9BDF9061099
:10E890003944081A484509DDBDF80600A0EB090017
:10E8A000384401B201224046FCF79AF94046F9F794
:10E8B00033F8BDF90410884205DDBDF904100122CA
:10E8C0004046FCF771F94046F8F7BBFE82464046E9
:10E8D000F9F722F8BDF904103944081A504509DD4A
:10E8E000BDF80400A0EB0A00384401B20122404602
:10E8F000FCF75AF9BDF80400A887404603F0E8FD8C
:10E90000404602F08DFC00BF86E7000008030024AB
:10E910002DE9F04105460E4600BF00BF2C4694F895
:10E920005C00C0F3C000B04201D1BDE8F08106B385
:10E9300094F85C0020F00800083084F85C0042F293
:10E94000D171606AFCF7D6FC6420FCF7BBFD07467A
:10E9500000223946606AFCF77FFC42F2D1712846FA
:10E96000FCF7C9F900231A4619462846FCF7EDF8CA
:10E970001EE094F85C0020F0080084F85C0064203D
:10E98000FCF7A0FD07463946606AFCF7B3FC00229D
:10E990001146606AFCF760FC002241F2040128463F
:10E9A000FBF798FE00231A4619462846FCF7CDF8D7
:10E9B00000BFBAE72DE9F04190B006460D4600BF12
:10E9C00000BF00BF1DB900BF00BF00BFFEE700BF12
:10E9D00034463046FFF7C6FC3046FFF7DBFE18B979
:10E9E0003046FFF7E3FE40B345A1606AF6F742F90F
:10E9F00047F6FF713046FFF705FF94F85C00C0F35F
:10EA0000800010B10020E16A087000200F900FE034
:10EA10000FA928463B4A12689047074638463A49AC
:10EA200009688847804641463046FFF727FB00BF0C
:10EA30000F98285C0028EBD108E02946606AF6F7B9
:10EA400019F947F6FF713046FFF7DCFEA06A48B1BE
:10EA5000606AF5F729FC0746387810B93046FAF7AE
:10EA6000FAFF00BF94F85C00C0F3800000283FD09C
:10EA70002846D1F7CFFC471C3946E06AF6F748FD37
:10EA8000E06200BFE06A18B900BF00BF00BFFEE748
:10EA900000BFE06A10B910B0BDE8F0812946E06A15
:10EAA000D1F794FC208F18B9304602F03FFB1FE0ED
:10EAB0006846EBF731F821466846EBF7E4F813496E
:10EAC0006846EBF7B2F8218F6846EBF7C2F80122EF
:10EAD00000216846EBF7CFF80D496846EBF7A9F837
:10EAE0000C496846EBF7ABF86846EBF7DFF800BF78
:10EAF00000221C213046F2F7C7FA00BFCBE7000026
:10EB000000000000F8020024F0020024E511039048
:10EB1000039C0190E711039070B50446204600F075
:10EB200099F8054605B970BD00BF064A0021204688
:10EB3000FBF7FFFD00BF21462846D7F761FF00BF66
:10EB4000F1E70000FFFF0F0000B500F067F808B91B
:10EB5000002000BD0048FCE714D605242DE9FF4144
:10EB600004461E460A9D00F059F860B90020254968
:10EB700008704FF41270F6F7A9FB234908600846A5
:10EB8000006822490860EEF7ABFD0746EEF7C0FDCE
:10EB9000B0F5A07F03DC03201D4908700EE0EEF7FE
:10EBA0009FFD0746EEF7B4FDB0F5347F03DA02208F
:10EBB0001749087002E00120154908701548C46023
:10EBC000BDF804100182BDF80810418245618561DD
:10EBD000C56111480F4908600846066203F0F4FC5D
:10EBE0002CB12046EEF7F2FD0A49884202D10020FE
:10EBF000FBF748FE012003490870064804B0BDE851
:10EC0000F081000052020024C002002444020024CB
:10EC10004802002414D60524894303900348006861
:10EC200008B1012070470020FCE70000C00200246A
:10EC300038B50546284600F00DF8044614B1208A80
:10EC4000009003E01120FCF725FC0090BDF80010B7
:10EC5000084638BD70B504461CB12046F8F71CFDC7
:10EC600001E0EEF73DFD05462846EEF7AFFD70BD2D
:10EC700070B5044600F009F80546A54201D32C1BE7
:10EC800001E064422C44204670BD10B5D2F7AFFCC1
:10EC900010BD000070B505460C4642F264021146F4
:10ECA0002046FCF738F900231A4608492046F7F7B2
:10ECB00095F980212046F7F7D9F903212046FCF782
:10ECC000F6F803212046FCF7FFF870BD7555039058
:10ECD0002DE9F04781460C462046F8F777FD80463F
:10ECE00042F2640211462046FCF715F92046FCF773
:10ECF00053FB4046F8F786FC10490988484306B2A2
:10ED00004046F8F79EFC0E490988484307B2324650
:10ED100039462046FCF7ADF825460A48007885F8C4
:10ED200024000748006838B90448006820B905483D
:10ED300001784046FCF7ACF8BDE8F0873C020024BF
:10ED400038020024340200242DE9F04105460E4625
:10ED5000174600240F48D6F713FA044600BF1CB923
:10ED600000BF00BF00BFFEE700BF14B90020BDE830
:10ED7000F0812660A5604FF0FF30206100206061C7
:10ED8000FFF783FF6060E7600120034908702046B9
:10ED9000EDE7000060D60524DB02002410B5044630
:10EDA00021460548D6F738FA012004490870204664
:10EDB000F6F75AFB10BD000060D60524DA020024E5
:10EDC0000149087070470000D802002470B504465D
:10EDD000207D00F0010008B1002070BD0025204614
:10EDE00000F0D9F888B926692069002802DD206979
:10EDF000401E2061FFF749FF6060A06818B116B19E
:10EE00002046A1688847012500BF0548007820B941
:10EE1000206910B92046FFF7C1FF2846DDE7000052
:10EE2000DA0200242DE9F0414948007810B10120B0
:10EE3000BDE8F0810120464908704648007818B9BD
:10EE4000002008700120F3E7FFF71FFF074667B9AE
:10EE500041480068401C4049086008460068642832
:10EE600003D90020086000BF00BF00BF00203B495D
:10EE700008703B4908703B48D6F74FF93A4908609B
:10EE800013E0394801683748D6F75FF90446364839
:10EE90000068FFF79BFF30B13148007810B92F4868
:10EEA000007800B105E0304804602F480068002871
:10EEB000E7D100BF2C4800680028D7D1461E29485A
:10EEC000D6F72BF9044610E0207D00F0010038B998
:10EED000204600F060F88046B04500D2464600BFAC
:10EEE00021462048D6F731F90446002CECD13846AB
:10EEF000FFF7BEFE1D49096808441C4908601C480C
:10EF00000068FFF7B5FE0546B5F5FA7F1AD3174836
:10EF1000006864214843B0FBF5F0164908700846C4
:10EF20000078642801DD002003E012480078C0F179
:10EF300064001049087000200C490860FFF7A5FE26
:10EF40000B490860002002490870304670E7000055
:10EF5000DC020024D8020024E8020024DA020024A3
:10EF6000DB02002460D60524BC020024E402002455
:10EF7000E0020024D902002401214161704710B54C
:10EF80000446FFF782FE2168401A401E606010BDF3
:10EF900000214161704770B504466068FFF768FE64
:10EFA00005462068A84201D8002070BD2068401B9B
:10EFB000FBE72DE9F04707460C46164600F0ADF892
:10EFC0008046A6EB08000421D7F701FA0546E117B1
:10EFD00004EB91718910A4EB810121B100BF00BF46
:10EFE0000020BDE8F0870C2D02D3B5F5003F03D912
:10EFF00000BF00BF0020F4E76FF00301204601F0DE
:10F000001BFB814629464846D7F7E5FE4846D7F719
:10F01000D3FE4846D7F7DAFE49463846D7F7B1FD62
:10F020004846D7F7D4FD824600215046D7F7D3FE95
:10F030005046D7F7D6FE5046D7F7C3FE2046D0E756
:10F0400010B50446E11704EB91718910A4EB81011E
:10F0500019B100BF00BF002010BD2046D9F742FA09
:10F060002046F9E72DE9F04104460D462046FFF71A
:10F07000E7FF064600F0BEF82F1A00F0BBF800EBE1
:10F0800004083A4641463046FFF793FF3046BDE854
:10F09000F0812DE9F04105460C4604B32F46204689
:10F0A000D7F76BFD064600BF3046D7F77CFD18B199
:10F0B00000BF00BF00BFFEE700BF3046D7F7BAFD74
:10F0C00031463846D7F7F7FD064631463846D7F77A
:10F0D000CBFD064631463846D7F753FD00BFBDE8A5
:10F0E000F08100B5014600F085F8084400BD2DE927
:10F0F000F04104460D46264604212846D7F74FF92D
:10F10000074639463046D7F76BFD80463A464146BA
:10F110003046D7F714FEBDE8F081082070472DE98E
:10F12000FE4F80460C461546C2464FF000092CB1F2
:10F1300025B921464046FFF7ACFF58E02CB92946D7
:10F140004046FFF7D4FF814651E02046D7F715FD32
:10F1500002900298D7F7D7FD01900298D7F746FEA4
:10F1600006460198D7F742FE3044001D0090042166
:10F170002846D7F714F9074600BF0298D7F713FDC2
:10F1800018B100BF00BF00BFFEE700BFB7421ED9E5
:10F190000198D7F708FD10B10098874217D9294682
:10F1A0004046FFF7A4FF8146B9F1000F1ED0AE42E2
:10F1B00001D2304600E0284683465A46214648465A
:10F1C000F6F7DBF921464046FFF763FF0EE0B74252
:10F1D00006D950460299D7F747FD0298D7F737FD71
:10F1E0003A4650460299D7F77AFEA14600BF4846F4
:10F1F000BDE8FE8F4FF4B860704700002DE9F05F66
:10F2000007460D4616460DB1284600E014488046D4
:10F210006FF00301384601F00FFA044617E020466C
:10F22000D7F7C1FC08B9012000E000208146204644
:10F23000D7F7DCFD82462046D7F727FE83463346C4
:10F240004A465146C0472046D7F75DFD044624B1E3
:10F250002046D7F7ADFC0028E1D0BDE8F09F0000C4
:10F26000CF8A009010B5044604F15A0000B200F0B5
:10F2700009F810BD10B5044604F15A0000B200F0C0
:10F2800001F810BD014600204FF4B47291FBF2F377
:10F2900002FB1311002902DA01F5B47211B25A29E6
:10F2A00003DA134A32F9110020E05A2908DBB429A5
:10F2B00006DAC1F1B40211B20D4A32F9110015E0BB
:10F2C000B4290BDBB1F5877F08DAA1F1B40211B2E2
:10F2D000074A32F81120524210B207E0C1F5B47269
:10F2E00011B2034A32F81120524210B270470000A6
:10F2F0008C4E04902DE9FF4F85B08346139CBBF1E3
:10F30000000F02D09BF8000018B9002009B0BDE83A
:10F31000F08F069808B90020F8E7129800F0020074
:10F3200010B141F6FF7008904FF0000800200490E3
:10F3300003900025814600268246471E019004A9BD
:10F340005846444A1268904705460498039065E081
:10F3500003A958463F4A1268904781460AF1010ABC
:10F36000129800F0010050B129461498D6F732FBEC
:10F3700028B1DDF81080039804904D464EE04A46CF
:10F3800029460698F2F737F900B202900298304405
:10F3900006B20298002802DD0798304406B2781CB5
:10F3A00040B90798311A0898814203DD4746AAF10F
:10F3B000010001900A2D1DD00D2D1BD028460022E2
:10F3C000B0F59C4F05D349F6A573984201D80123A7
:10F3D0000FE0002107E020A35B5C834201D1012202
:10F3E00005E04B1CD9B21CA35B5C002BF3D100BF22
:10F3F00013464BB1B8F1000F03D1781C08B904B122
:10F400002660AAF1010A0DE014B1781C00B926604B
:10F41000DDF81080039804904D4600BF1BF80800EB
:10F42000002895D100BF781C58B9BAF1000F04D05C
:10F430000D2D04D1B9F10A0F01D1DDF8108040463D
:10F4400064E7159808B1384660E70CB100202060E9
:10F4500000205BE7F8020024202C2E3B3A2D5F00B1
:10F460002DE9FF4F83B004460E469046DDF848B0C4
:10F47000DDF8409000202080608016B907B0BDE81C
:10F48000F08FB8F1000F00D1F8E70BF0020010B1D7
:10F4900041F6FF7011900025AA4600BFB8F8080099
:10F4A00087B231E00020CDE9000B70194146119B75
:10F4B000069AD6F7C9F98244B4F9020038444844A0
:10F4C000B0F5004F02D300BF00BFD7E760883844D3
:10F4D00000B260806088484400B26080AAEB0501F9
:10F4E0007019CDF800B04246069B00F02BF8029050
:10F4F000B4F900100298814201DA029801E0B4F9EF
:10F5000000002080554600BF705D0028CAD16DB153
:10F51000681E305C0A2803D0681E305C0D2805D1B7
:10F52000608807EB0901084400B26080608810B968
:10F5300038B2608004E06088A0EB090000B260800F
:10F5400000BF9BE72DE9FF4705460E461746984644
:10F55000DDF830A01DB9002004B0BDE8F0870FB978
:10F560000020F9E7287808B90020F5E7002003908B
:10F570000024029046B31FE003AB6A4601A9284667
:10F58000D6F746F90AF0010028B102A80199D6F78A
:10F5900021FA00B110E03846DDE90021F2F72BF83E
:10F5A0000FFA80F9B9F1000F05DD04EB090004B290
:10F5B00004EB080004B200BF0398B042DCD3002C77
:10F5C00002DDA4EB080004B22046C5E708B50146F9
:10F5D000802901D2084608BDB1F5006F11D2C1F3F0
:10F5E000841040F0C0008DF8000001F03F0040F0B2
:10F5F00080008DF8010000208DF802008DF80300D6
:10F6000033E0B1F5803F15D2C1F3033040F0E000A4
:10F610008DF80000C1F3851040F080008DF80100E6
:10F6200001F03F0040F080008DF8020000208DF8CE
:10F6300003001AE0B1F5881F17D2C1F3824040F0F1
:10F64000F0008DF80000C1F3053040F080008DF827
:10F650000100C1F3851040F080008DF8020001F038
:10F660003F0040F080008DF803006A461068B2E762
:10F6700031B582B0029800F08000E8B1042202A9FE
:10F6800001A8F6F7C2F89DF8040000069DF80510E1
:10F6900000EB01409DF8061000EB01209DF80710DB
:10F6A0004418002504E0E0B200B9240A681CC5B281
:10F6B000042DF8DB029400BF02983EBD2DE9F04115
:10F6C00005460E46002400270CE028190949096860
:10F6D00088478046B8F1000F01D0404600E0012085
:10F6E00004447F1CB74202D2285D0028EDD1204699
:10F6F000BDE8F081EC020024F8B506460C46002077
:10F700000090002505E069463046044A126890479B
:10F710006D1C0098A042F6D32846F8BDF8020024DC
:10F7200038B5044600250020009005E069462046D3
:10F73000044A126890476D1C0098205C0028F5D19F
:10F74000284638BDF802002408B5024600230020F0
:10F75000009001B969460868105C00F0800028B983
:10F760000868135C0868401C08608FE00868105C3B
:10F7700000F0E000C02817D10868105CC006430DF7
:10F780000868401C08600868105C00F0C000802811
:10F7900001D0002008BD0868105C00F03F00034461
:10F7A0000868401C086071E00868105C00F0F00018
:10F7B000E02828D10868105C0007030C0868401C8A
:10F7C00008600868105C00F0C000802801D00020AC
:10F7D000E0E70868105C00F03F0003EB8013086866
:10F7E000401C08600868105C00F0C000802801D050
:10F7F0000020CFE70868105C00F03F000344086871
:10F80000401C086042E00868105C00F0F800F02836
:10F8100039D10868105C4007C30A0868401C0860BA
:10F820000868105C00F0C000802801D00020B1E71B
:10F830000868105C00F03F0003EB00330868401CD0
:10F8400008600868105C00F0C000802801D000202B
:10F85000A0E70868105C00F03F0003EB8013086825
:10F86000401C08600868105C00F0C000802801D0CF
:10F8700000208FE70868105C00F03F000344086830
:10F88000401C086002E00868401C0860184681E7D8
:10F890002DE9F84306460C4600272068401E2060EC
:10F8A00000BF042F02DB0020BDE8F883216888191F
:10F8B0000D490968884705463DB9206818B1206898
:10F8C000401E206001E00020EEE7781CC7B2002D4A
:10F8D000E7D02068009069463046044A1268904795
:10F8E00080464046E0E70000EC020024F8020024D5
:10F8F0000146087800F0800008B9012070470878B8
:10F9000000F0E000C02801D10220F7E7087800F0FD
:10F91000F000E02801D10320F0E7087800F0F800BB
:10F92000F02801D10420E9E70020E7E77FB582B0A5
:10F9300004460D461646059833462A462146009051
:10F940000248D6F723FA06B070BD00000F5D0090A4
:10F950002DE9F04782460C462046F7F737FF05466B
:10F960002846F7F7E3FE80462846F9F77AFC8146F9
:10F97000424649462046FBF7CEFA01212046FBF7D6
:10F9800099F92046F7F754F906461048B0F90020D7
:10F9900042F264013046FBF7BEFA00213046FBF725
:10F9A00089F902231A4600213046FBF763F9204605
:10F9B000F7F73EF9074601213846FBF78DF942F289
:10F9C00064013846FBF796FCBDE8F087400200244E
:10F9D0001CB5F3F703FFFBF7A9FDFBF7CFFD0648C6
:10F9E000012100238022CDE9001004A10648D1F7AF
:10F9F00003FED1F706FE1CBD08000024737461727B
:10FA0000745F7461736B00005925039070B50446F0
:10FA10000D46802229462046EBF798FE06468021B7
:10FA20002046EBF7ADFA26B1802229462046EBF7B7
:10FA3000A1FE70BD2DE9FF4F87B0054692461F46D7
:10FA4000DDF850B0DDF858800898EAF78CFF069092
:10FA50000898EAF707FF05901898012804D00228B3
:10FA600005D0032809D105E0DFF8D0900AE0DFF8DF
:10FA7000D09007E0DFF8CC9004E000BF00BF0BB0EF
:10FA8000BDE8F08F00BFB8F1000F21D100261BE0C8
:10FA9000002411E005EB44000088039007EB4400CC
:10FAA00000880290159A0399C847049005EB44001A
:10FAB000BDF810100180641C06988442EADB05EB57
:10FAC0004A0507EB4B07761C05988642E0DB33E0DE
:10FAD00000262EE0002422E018F8040000B91DE002
:10FAE00018F80400FD2801DB159804E018F804005C
:10FAF000159948430012049005EB440000880290D9
:10FB000007EB440000880190049A0299C8470390CB
:10FB100005EB4400BDF80C10018000BF641C069882
:10FB20008442D9DB05EB4A0507EB4B071798804465
:10FB3000761C05988642CDDB00BFA0E7518200907D
:10FB400083830090F38200902DE9FF4F85B0054636
:10FB50001F46DDF850900698EAF705FF83460698A1
:10FB6000EAF780FE0490B9F1000F3DD11398FD280B
:10FB700014DB4FF000080DE04FEA4B0239462846EF
:10FB8000F5F7FBFC079805EB4005129807EB4007DB
:10FB900008F1010804988045EEDB79E14FF0000898
:10FBA0001EE0002412E005EB44000088029007EB01
:10FBB000440000880190139A0299EDF721F8039010
:10FBC00005EB4400BDF80C100180641C5C45EADBC9
:10FBD000079805EB4005129807EB400708F101086C
:10FBE00004988045DDDB53E11398FD287DDDABF102
:10FBF000040003904FF000080EE14E4600241FE081
:10FC00003078D8B13078FF2806D105EB440007EBF7
:10FC100044010988018011E0327805EB4400008836
:10FC2000019007EB4400008800900199ECF7E8FF91
:10FC3000029005EB4400BDF808100180761C641C9E
:10FC40005C4503DA06F003000028D9D1B246B1E0E2
:10FC5000DAF8000000281ED0DAF80000401CD8B9FD
:10FC600005EB440007EB440109880180601C05EBAB
:10FC7000400107EB400000880880A01C05EB400114
:10FC800007EB400000880880E01C05EB400107EB13
:10FC90004000008808808AE056463078D8B1307835
:10FCA000FF2806D105EB440007EB440109880180D9
:10FCB00011E0327805EB44000088019007EB440026
:10FCC000008800900199ECF79BFF029005EB44003F
:10FCD000BDF808100180761C307808B33078FF2812
:10FCE00009D1601C05EB400100E09AE007EB400001
:10FCF0000088088014E03278601C05EB4000008822
:10FD00000190601C07EB4000008800900199ECF71F
:10FD100077FF0290601C05EB4000BDF808100180E1
:10FD2000761C3078F8B13078FF2807D1A01C05EB9D
:10FD3000400107EB40000088088014E03278A01CE6
:10FD400005EB400000880190A01C07EB40000088F4
:10FD500000900199ECF754FF0290A01C05EB4000C5
:10FD6000BDF808100180761C3078F8B13078FF2893
:10FD700007D1E01C05EB400107EB4000008808803C
:10FD800014E03278E01C05EB400000880190E01C94
:10FD900007EB4000008800900199ECF731FF0290DA
:10FDA000E01C05EB4000BDF808100180761C0AF14C
:10FDB000040A241D03988442FFF64AAF56461FE00A
:10FDC0003078D8B13078FF2806D105EB440007EB36
:10FDD00044010988018011E0327805EB4400008875
:10FDE000019007EB4400008800900199ECF708FFB0
:10FDF000029005EB4400BDF808100180761C641CDD
:10FE00005C45DDDB079805EB4005129807EB4007E2
:10FE10001598814408F1010804988045FFF6EDAE7D
:10FE200036E04FF0000830E0002422E019F804002A
:10FE3000F0B119F80400FD2801DB139804E019F86B
:10FE40000400139948430012064605EB440000885D
:10FE5000029007EB44000088324601900299ECF7CB
:10FE6000CFFE039005EB4400BDF80C10018000BFED
:10FE7000641C5C45DADB079805EB4005129807EB3C
:10FE800040071598814408F1010804988045CBDBB0
:10FE900009B0BDE8F08F2DE9FF4F85B082460E46D0
:10FEA0001F46DDF848B0DDF85080D5F76FFC81467D
:10FEB0003046EAF758FD04903046EAF7D3FC039049
:10FEC000B8F1000F23D100251DE0002415E01398A0
:10FED000029007EB44000088ADF8040070882844C5
:10FEE00000B20090318821440BB2D9F80000D0F85C
:10FEF0001CC05146079AE047641C04988442E6DB24
:10FF000007EB4B076D1C03988542DEDB2BE00025D9
:10FF100026E000241CE018F80400C0B118F8040022
:10FF200013994843000A029007EB44000088ADF89B
:10FF300004007088284400B20090318821440BB23C
:10FF4000D9F80000D0F81CC05146079AE047641C5D
:10FF500004988442DFDB1598804407EB4B076D1C47
:10FF600003988542D5DB09B0BDE8F08F2DE9F0415B
:10FF700004460F469046802C06D200252046E11705
:10FF800004EB91718E1009E0204605F068FB0546F0
:10FF9000681F24FA00F080F02006AD1F3D60C8F80D
:10FFA0000060BDE8F0812DE9F04104460D4616469B
:10FFB000802C09D3204605F052FB401F012101FA95
:10FFC00000F0471E3C4400BF324629462046FFF75A
:10FFD000CDFFBDE8F0810246FD2901DB10467047E8
:10FFE000022901DC0020FAE702FB01F000EBC0135C
:10FFF00003EBC030C0F3C750F1E700002DE9F84330
:02000004900367
:1000000005462846F1F73AF804462046F7F7DEFBA6
:1000100080464046F7F7DAFB81464846EBF7AEFDEF
:1000200006463068009000214046F7F76AFAA04281
:1000300014D19DF80200012809D10C208DF802008E
:10004000BDF80000401E80B2ADF800001AE09DF837
:100050000200401E40B28DF8020013E09DF802003D
:100060000C2809D101208DF80200BDF80000401CC9
:1000700080B2ADF8000005E09DF80200401C40B2DF
:100080008DF802009DF90220BDF800104846EBF7FC
:100090007DFD01214046F7F734FA07469DF902003D
:1000A000401E054951F82030BDF8002003A1384614
:1000B000F4F738FEBDE8F883A0010024256420256C
:1000C000730000002DE9F84304462046F0F7D6FF00
:1000D00007462046F0F7D5FF80463846F0F7A2FCE9
:1000E00005464046EBF74AFD064630680090681C1E
:1000F00040B28DF802009DF90220BDF80010404684
:10010000EBF744FDBDE8F8831FB50120002203236F
:10011000CDE90120009303901346024610214007C9
:1001200000F04FF8012000220323CDE901200093C5
:100130000390134602221221480600F042F80120E3
:1001400000220323CDE901200093039013460322EC
:100150001221100700F035F8012000220323CDE919
:10016000012000930390134604220F214FF06050AA
:1001700000F027F800200323CDE900300290034669
:100180000522192103904FF0C04000F01AF8012019
:1001900000220323CDE90120009303901346062299
:1001A0001921500700F00DF800200323CDE900309D
:1001B0000290012307221B210390C80700F001F8D9
:1001C0001FBD2DE9FF5F04460D4616461F46DDE9BB
:1001D00010ABDDE90E89D1F719FA01208DF8000086
:1001E000F0B28DF801000194E8B28DF8080000200B
:1001F0008DF809008DF80A008DF80B808DF80C70D1
:100200008DF80D908DF80EA08DF80FB06846D1F7DF
:1002100002FA0420D1F704FA002004B0BDE8F09FF0
:100220002DE9F04782460D4600212846F9F7D2FD18
:1002300000212846FAF73EFD0023022219462846EF
:10024000FAF718FD2846EAF76BFE814600222FA137
:100250004846FAF789FF6420002804DAC0F57A716D
:1002600041F4005101E040F400510CB221464846EF
:10027000FAF741FD4846FBF78FF84846F7F756FA7C
:10028000064631464846FBF735F800230722204949
:100290004846F5F7A3FE04214846F6F703FC284636
:1002A000F3F7E0FC074603213846F4F7A1FC0022EF
:1002B00002213846FAF7DDFF01213846FAF70CFD36
:1002C0002846EAF72DFE8046002212A14046FAF7A2
:1002D0004BFF324631464046FAF71DFE0023072207
:1002E0000B494046F5F77AFE04214046F6F7DAFB63
:1002F00000231C2208492846F5F770FE00221C2125
:100300002846F0F7C1FEBDE8F0870000EF819300BA
:10031000FDFF0290EF819400BD6B03902DE9F04149
:1003200080460C462046F7F751FA05460021204644
:10033000F9F750FD00212046FAF7BCFC2046F0F703
:1003400093FA0646174801683046F0F765FD2B46DC
:100350001C2215493046F5F741FE01213046FAF7D7
:10036000BBFC2046F0F780FA074610480168384683
:10037000F0F752FD2B461C220D493846F5F72EFEAC
:1003800001213846FAF7A8FC00231C22094920461F
:10039000F5F724FE00221C212046F0F775FEBDE88B
:1003A000F0810000D401002499720390D001002450
:1003B000C50003900D6C039030B504460225084932
:1003C00051F8241001FB05F2064951F824000021E0
:1003D00000F02AF8012103481430015530BD000017
:1003E00048BA03909C00002410B501460023002267
:1003F00007E00B4850F8210030F8120000B15B1CF8
:10040000521C084850F821009042F2D84FF47A70FC
:100410005843044C54F82140B0FBF4F080B210BDB6
:100420009C00002448BA039030B5034601E003F86D
:10043000011B141EA2F10102F9D130BD70B50446B2
:10044000254615F83C0F00F00300401C032190FBEB
:10045000F1F201FB1200297860F3010105F83C1963
:10046000204601F01FF82046F9F7F5FA70BD0000AC
:1004700070B504460C48006808B9002070BD14B976
:100480000A480068FAE70CB90020F7E72046E2F7CF
:1004900053FA0546601906490968884201D30020CD
:1004A000ECE76019EAE7000070010024C8020024AC
:1004B0007401002437B5034601B93EBD08461D68E6
:1004C0002D1D2844024602AC2568156000BFF4E7E4
:1004D00037B5034601B93EBD08461D6828440246AB
:1004E00002AC2568156000BFF5E72DE9F05F044612
:1004F000002221212046F0F7C7FD8246BAF1000F05
:1005000001D1BDE8F09F00212046F6F7FAFF8046B2
:1005100007E04046FFF7E9FF00212046F6F7F1FF2C
:100520008046B8F1000FF4D12046F7F7F5F8814680
:100530000020F2F78BFF07461DE0786AA04202D048
:10054000B86AA04203D121463846F3F773F8386BF6
:10055000A04201D100213963386D484507D1F2F737
:1005600083FFA04203D121463846F3F763F83846AB
:10057000F2F76CFF0746002FDFD12046D4F794FE38
:10058000606840BB2046F7F787F80546002606E07E
:10059000E86850F82600A04200D103E0761C686AA3
:1005A000B042F5D800BFB3465E4606E0701CE9686D
:1005B00051F8200041F82600761C686A401EB042BF
:1005C000F4D8686A401E68626A6A9100E868F4F7C5
:1005D0009FFFE8602BE02046F7F7B1F80646354666
:1005E0000BE0606880680168681C51F82000616851
:1005F0008968096841F825006D1C6068806840685A
:10060000401EA842EDD8606880684068401E61685E
:10061000896848606268926852689100626892686E
:100620001068F4F775FF61688968086000BF2046AC
:10063000F4F71AFF00BF64E7024650187047F0B5A0
:10064000DDE90554012B0BDC032805D0042802D07A
:10065000052803D100BF00BF022000E000BF00BF9B
:10066000062842D2DFE800F0410F033320170026AE
:1006700026808E1A06EBD677B5F800C00CEB67071C
:100680003FB22F8034E0002626802E888F1A3E4409
:1006900036B22E802CE08E1A37B25E1E36B297FB31
:1006A000F6F636B2268023E08E1A36B296FBF3F6C3
:1006B00027883E4436B22680B4F9006006EBD67730
:1006C000B5F800C00CEB67073FB22F8010E08E1A20
:1006D00037B25E1C36B297FBF6F636B226802E880D
:1006E00027883E4436B22E8002E00026268000BFD6
:1006F00000BFF0BD2DE9FF4F81B005460C46164600
:10070000049870B12088A0EB660000B22080208899
:100710003044401E00B2A080E88A6080688BE08090
:100720000DE06088A0EB660000B260806088304415
:10073000401E00B2E080A88A2080288BA0804FF461
:1007400040312846F8F7B9F981464FF44031284640
:10075000F8F75CFA82464FF440312846F8F726FB5A
:1007600083464FF440312846F8F7CAF800904FF41A
:1007700040312846F8F700FD80464FF440312846C6
:10078000F8F7E0FC0746208809EB0801401A00B2A0
:100790002080A0880AEB0801084400B2A08061888C
:1007A0000BEB0700081A00B26080E2880099C819B4
:1007B000104400B2E08005B0BDE8F08F2DE9F84F9D
:1007C00005462C462846E2F73EFC06460EB9BDE833
:1007D000F88F3046F6F7AAFF83462846F6F712FF51
:1007E000834500DCF3E700213046F8F7E0FB00909A
:1007F0000098F0F71BFF074600213046F8F747FC4A
:10080000804607EB08000FFA80F9E08E00FB09F044
:100810000FFA80FA00225146606AFAF7E1F9606A3D
:10082000F9F719F900BFD2E710B506F049F81048FA
:100830000068D0B90F4806F00CF80F4806F009F828
:100840000C480E4908600C480D4908600022102130
:10085000052006F05BFB064908600846006820B1E9
:1008600008A10348006806F03DF906F079F810BDCC
:1008700000010024E4DD0424F8DD0424F800002451
:10088000FC000024546D72510000000070B5044655
:100890000D46206C70B1216CE0680144E160D4E940
:1008A0000210884201D32168E1602846226CE16889
:1008B000CFF7CFFD70BD2DE9F04104460F46154638
:1008C0004FF00008A66B206C48B9206800282CD196
:1008D000A068D0F7AAFE80460020A06025E07DB980
:1008E0003946226C6068CFF7B4FD216C606808441B
:1008F0006060D4E90101884217D32068606014E089
:100900003946226CE068CFF7A4FD216CE068411AFB
:10091000E1602168E068884203D2216CA068411A36
:10092000E160022D01D106B1761E701CA063404625
:10093000BDE8F0810146084A126812680AB901222E
:1009400000E000220A600A6822B9034A1268D268ED
:10095000106800E000207047F800002430B54FF424
:100960003843174800F007042CB1C01D20F00700E1
:10097000134C041B1B1B0246124C22600024114D19
:100980006C60D018083820F007000F4C206000245D
:100990000D4D2D686C600C4D2D682C601146441A6D
:1009A0004C60094C24680C60084D4C682C60084D64
:1009B0004C682C604FF00044064D2C6030BD0000A8
:1009C0000CDE04240C010024140100241C0100246A
:1009D00018010024280100242DE9F04106460D46A7
:1009E00017469846069C0DB9246000E02760E66330
:1009F00025640121204606F0D1FA84F850800020B9
:100A0000A064BDE8F081000010B50146164800E082
:100A1000006803688B42FBD30246436813448B4251
:100A200004D143684C682344436001460A464B683E
:100A300013440468A34211D10C4C03682468A342F8
:100A400008D04B680468646823444B6003681B68E3
:100A50000B6005E0054B1B680B6001E003680B6051
:100A6000884200D0016010BD0C0100241401002454
:100A70002DE9F04104460D4616461F464FF000088A
:100A800065602461B5420CD8F01BA169884202D38D
:100A90004FF0010811E0211D0948006805F0E9FE4A
:100AA0000BE0BE4204D2BD4202D34FF0010804E085
:100AB000211D0448006805F0DCFE4046BDE8F081D9
:100AC000FC000024F800002470B5054605F0F8FE8F
:100AD000A86B08B9012400E0002405F041FF20467E
:100AE00070BD0000F1B50098846C00262CB940F66A
:100AF000D53220A128A0CFF7F3FAA06BE16B884292
:100B000001D2012000E0002028B940F6D63219A118
:100B100021A0CFF7E5FAA06BE16B884227D294F9C8
:100B20004550002269462046FFF7C5FE0646681C70
:100B300060B9606A08B9012000E00020B0B904F192
:100B40002400D0F777FD88B101260FE07F2D01D07A
:100B5000012000E0002028B940F6F63205A10EA0E1
:100B6000CFF7BEFA681C40B284F8450000BF30469B
:100B7000F8BD00002E2E5C2E2E5C4D6964646C6501
:100B800077617265735C4672656552544F535C7150
:100B9000756575652E6300004572726F723A202587
:100BA000732C2025640D0A0070B505460E460E48CC
:100BB0000068C068C468201D05F037FE94F828005E
:100BC00000F0040028B132462946204600F0FEF825
:100BD00005E094F8280000F0FE0084F82800204684
:100BE000216A884770BD0000F800002470B586B007
:100BF0008AE0029800280CDA03AE2EB940F20632E1
:100C000047A150A0CFF76CFAD6E90020B168904711
:100C100000BF0298002877DB049C606908B90120B6
:100C200000E0002010B9201D05F0FFFD01A800F034
:100C3000E1F8054602980A2864D2DFE800F063056F
:100C4000072E365306082F3700BF00BF00BF94F8A9
:100C5000280040F0010084F828000398A269811858
:100C600003462A462046FFF703FFA8B194F8280060
:100C700000F0040038B10398A26981182A46204682
:100C800000F0A4F805E094F8280000F0FE0084F8D5
:100C900028002046216A884735E000BF94F82800E4
:100CA00000F0FE0084F828002DE000BF94F8280032
:100CB00040F0010084F828000398A061A06908B101
:100CC000012000E0002028B940F2593214A11DA0F3
:100CD000CFF706FAA06941192B462A462046FFF7AE
:100CE000C7FE10E094F8280000F0020018B9204672
:100CF00005F078FE05E094F8280000F0FE0084F886
:100D0000280000E000BF00BF002202A911480068CF
:100D100006F0C2F900287FF46CAF06B070BD000089
:100D20002E2E5C2E2E5C4D6964646C657761726555
:100D3000735C4672656552544F535C74696D65729D
:100D4000732E63004572726F723A2025732C202532
:100D5000640D0A0000010024F8B505460C46D0F7E2
:100D60006EFC684600F046F80646009820BB44B981
:100D7000B54206D8D0F768FC31462846FFF714FF85
:100D80001CE03CB10E480068006808B9012000E092
:100D900000200446A91B22460A48006805F0E8FE28
:100DA000D0F752FC50B94FF0805007490860BFF3AC
:100DB0004F8FBFF36F8F01E0D0F746FCF8BD000006
:100DC000FC0000240001002404ED00E070B504469E
:100DD0000D46164604E0A06905442046216A88476E
:100DE000A06941192B4632462046FFF741FE0028F4
:100DF000F1D170BD70B50446D0F7F9FB0546074840
:100E00000068854204D200F00BF80120206001E068
:100E10000020206001480560284670BD08010024BC
:100E200070B508E00D480068C06804684FF0FF31F5
:100E30002046FFF7B9FE09480068006808B901209C
:100E400000E000200028EDD0044805680448006850
:100E5000024908600248056070BD0000F8000024E7
:100E6000FC0000240C480068401C08B9012000E088
:100E7000002020B9E32209A118A0CFF731F900BF63
:100E8000502072B680F31188BFF34F8FBFF36F8F7E
:100E900062B600BF00BFFEE72C0100242E2E5C2EA0
:100EA0002E5C4D6964646C6577617265735C467233
:100EB000656552544F535C706F727461626C655C0F
:100EC000525644535C41524D5F434D375C72307013
:100ED000315C706F72742E63000000004572726F97
:100EE000723A2025732C2025640D0A0008B500BF36
:100EF0006846FFF71FFD044620460099FFF72CFFC8
:100F0000FFF774FEF4E770B5044605F0D9FC94F9D8
:100F1000455019E0A06C30B12046FFF7E3FD88B1E1
:100F2000D0F797FB0EE0606A08B9012000E00020CE
:100F300038B904F12400D0F77DFB18B1D0F789FB54
:100F400000E003E0681E45B2002DE3DC00BFFF2097
:100F500084F8450005F004FD05F0B2FC94F9445016
:100F600010E0206908B9012000E0002048B904F130
:100F70001000D0F75FFB08B1D0F76BFB681E45B2DD
:100F800000E001E0002DECDC00BFFF2084F844000D
:100F900005F0E6FC70BD00002DE9F04104464FF07D
:100FA0000008D0F74CFB4948006808B9FFF7D6FCA9
:100FB000474800682040002875D1002C23D004F158
:100FC0000800A0421FD9083404F0070000281BD0F5
:100FD00004F00700C0F108002044A04211D904F039
:100FE0000700C0F10800044404F0070008B901201C
:100FF00000E0002040B99C2236A144A0CFF770F851
:1010000002E0002400E00024002C4CD0434800689B
:10101000844248D8424E3046056801E02E462D688D
:101020006868A04202D228680028F7D127480068E3
:10103000854238D0306800F1080828683060686858
:10104000001B102813D92F1907F0070008B9012039
:1010500000E0002020B9CF221EA12CA0CFF740F83D
:101060006868001B78606C603846FFF7CDFC2B4940
:1010700068680968081A294908600846006829490B
:101080000968884203D2254800682649086010494B
:101090006868096808436860002028602248006882
:1010A000401C21490860D0F7CFFA08F0070008B9C2
:1010B000012000E0002028B94FF4887205A113A098
:1010C000CFF70EF84046BDE8F0810000140100247F
:1010D000280100242E2E5C2E2E5C4D6964646C6504
:1010E00077617265735C4672656552544F535C70EC
:1010F0006F727461626C655C4D656D4D616E675CAD
:10110000686561705F342E63000000004572726F85
:10111000723A2025732C2025640D0A001801002442
:101120000C0100241C010024200100242DE9F04FB3
:1011300087B08046C14699F85C00C0F38000002863
:1011400047D0D9F82400F3F7AFF806902249069863
:10115000096888478246BAF1000F02D107B0BDE89E
:10116000F08F00214046F7F752FF0590002342F22E
:10117000220201A90598F0F7ACF98346BBF1000FF4
:1011800001D016A700E016A73846CFF743F904466A
:101190000AFB04F1481CF4F7D3F80546002606E0E4
:1011A00006FB045022463946F4F7E7F9761C56450B
:1011B000F6DB002106FB04F029542946D9F8240067
:1011C000F3F758FD2846F4F737F9404600F028F8C1
:1011D00000BF00BFC2E7000008030024E280A200B5
:1011E0002A000000704770B5044625682846FFF7BE
:1011F0009DFF70BD001F4FF080730360001F21F042
:1012000001030360001F054B036014380260001FD8
:101210006FF002030360203870470000650E0390F2
:101220002DE9F04F8FB00646344600213046F7F7DF
:10123000EEFE0E9000213046F7F75DFF0D90304630
:10124000FDF7AEFA0C90606AF3F72EF88146484637
:10125000914A0C9912689047074609EB0700002154
:101260008E4A1268904705460E98F0F7EBF90B90FE
:101270001DB10A2D01D00D2D07D1002220210E987D
:10128000F0F7B9F90FFA80FA06E0002229460E9825
:10129000F0F7B1F90FFA80FA0AAA606A0C99F2F72E
:1012A000FFFE606AF3F700F80190606A0021019A7E
:1012B000F5F71AFB8346BDF92800616AB1F91410ED
:1012C000084400EB0A01606AB0F91800814235DD7C
:1012D00094F85C00C0F3C00040BBBBF1030F2DD0FD
:1012E0000020ADF82800BDF82A200D990B9808447D
:1012F000104400B2ADF82A0065B109EB0700684957
:1013000009688847074409EB07000021634A12680F
:10131000904705461DB10A2D01D00D2D07D10022A1
:1013200020210E98F0F767F90FFA80FA06E0002204
:1013300029460E98F0F75FF90FFA80FAE7644FF448
:10134000E0213046F7F778F980464FF4E021304647
:10135000F7F753FD404400B209904FF4E0200190AC
:1013600041F6110230460199F7F754FD00900098BC
:10137000404400B208904FF4E0213046F7F7C4FB38
:10138000404400B207904FF4E020019041F6130270
:1013900030460199F7F73EFD00900098404400B2B6
:1013A0000690BDF828100798081A00B2ADF8100092
:1013B000BDF82A100998081A00B2ADF81200BDF85D
:1013C0002810069808445044401E00B2ADF814009E
:1013D000BDF82A10089801440B980844401E00B23A
:1013E000ADF8160004F1440102A8E9F716FABDF8B9
:1013F0000800616A898A084400B2ADF80800BDF8A7
:101400000A10606AC08A084400B2ADF80A00BDF84C
:101410000C00616A898A084400B2ADF80C00BDF87E
:101420000E10606AC08A084400B2ADF80E0002A92E
:101430003046F8F74AFB04A904F14400E9F7EDF956
:1014400004F1440102A8E9F7E8F9BDF80800616A6F
:10145000898A084400B2ADF80800BDF80A10606A35
:10146000C08A084400B2ADF80A00BDF80C00616AF9
:10147000898A084400B2ADF80C00BDF80E10606A0D
:10148000C08A084400B2ADF80E0002A93046F8F751
:101490001CFB0FB0BDE8F08F00030024F80200240D
:1014A000EC0200242DE9F04704462046E4F753FA05
:1014B00025462046F7F7D5FE064600212046F6F7DA
:1014C000D2FF8146A6EB090000EBD07149100FB2A4
:1014D0002046E1F704F980460FFA88F0FDF7D2FEC6
:1014E00010FB07F0C01300B228850FFA88F0FDF753
:1014F000B9FE10FB07F0C01301B26985304606EB58
:10150000D0712A8D02EB610109B2298506EBD071F9
:101510004A10698D11440AB26A852046E4F71BFA25
:10152000BDE8F0872DE9F34F97B007463846E1F75D
:1015300096FD054615B919B0BDE8F08F2846F2F7BB
:10154000B3FE8246524600212846F5F7CDF91690A3
:101550001698012828D0022802D0032829D113E0A8
:101560003846F6F76EF882462846F7F77AFEAAEB79
:101570000000109000EBD070401000B201460F90B8
:101580002846F9F7D0FE14E03846F6F75AF88246B6
:101590002846F7F766FEAAEB000000B2014610905D
:1015A0002846F9F7C0FE04E000212846F9F7BBFE03
:1015B00000BF00BFBB4600213846F7F710FD15906D
:1015C00000213846F7F77DFD14901598F0F736F8AE
:1015D00080463846F6F716F881464FF0000A652235
:1015E00051463846F7F716FC1090109884B21898B8
:1015F00000B114B93846E3F71BFFBBF8260013907F
:10160000149808EB00011398414308B21290494620
:1016100009EBD1725210404608EBD073A2EB630283
:1016200012B21192DDE91120101A06B2189800B119
:1016300044B915492846E8F727FA31462846F9F70C
:101640008BFE1FE001A8E8F767FA00BF019500BF15
:101650000D48029000BF2846F7F72FFE8246CDF8CE
:1016600020A0CDF824A00A9600BF00BF0B9400BFB5
:101670000648049000BF0648079000BF01A8E8F79D
:1016800015FB00BF00BF56E72D210390291A0390D8
:10169000939B01902DE9F04F8BB006460F463546DF
:1016A0004FF4A0213046F7F722FA81464FF4A021EB
:1016B0003046F7F7C5FA82464FF4A0213046F7F7D7
:1016C0008FFB83464FF4A0213046F7F733F90A9099
:1016D0004FF4A0213046F7F7C0FC09904FF4A02149
:1016E0003046F7F7FBFC08904FF4A0213046F7F79F
:1016F00082FC07904FF4A0213046F7F731F80690AE
:101700004FF4A0213046F7F71EF880463C462DE006
:101710000A98CDE902ABCDF8049004900898A1B2E4
:1017200000903046099B079AE1F75AFFE96A21F8D1
:101730001400E86A30F91400404503DAE86A30F929
:10174000140000E040460699884201DA069809E054
:10175000E86A30F91400404503DAE86A30F9140009
:1017600000E04046E96A21F81400641CE88CA042BD
:10177000CED83046F8F71BFF0BB0BDE8F08F2DE94F
:10178000F04105462846F5F7DAFE0646002412E049
:10179000A868006850F824703846F8F75CF9002211
:1017A0002A213846EFF770FC3846F8F754F93846E6
:1017B000FFF7E5FF641CB442EAD3BDE8F081000006
:1017C0002DE9F04F87B005462846E1F748FC06466C
:1017D0001EB9012007B0BDE8F08FF1F731FE069089
:1017E0002C460698F1F781FE0746042F01D0022F00
:1017F00010D1E08C2085042F0CD12846F5F78CFF02
:1018000080464046F0F76CFB18B100214046F0F7E7
:101810000AFC00BF0698F1F768FE012804D006987C
:10182000F1F763FE03287DD14FF0FF38A06AC0F3C3
:101830004040002838D1804603A90698F1F71AFEE7
:10184000BDF80E10F08A081A00B2ADF80E00BDF80F
:101850000C00B18A401A00B2ADF80C0003A9304662
:10186000F2F7EAFA81463046F2F71EFD8346002081
:1018700002900190824600BF13E002A95846324A06
:1018800012689047009000980A2806D101984845B0
:1018900003D008F101000FFA80F8029801900AF1D4
:1018A000010ACA45E9D339E000212846F7F797FB3A
:1018B000039000212846F7F704FC82460398EFF7CF
:1018C000BDFE83460BEB0A0000B20290B5F91A2068
:1018D000B5F91610501A00EBD0714A10E98A11447C
:1018E00009B201910C210698F1F70FFFF18A084423
:1018F00000B20090DDE90010411A029891FBF0F966
:10190000B9F1000F01DA4FF00009A08C484502DC64
:10191000A08CA0F101090FFA89F800BFB8F1000FFF
:1019200007DB00E006E01FFA88F101222846FAF7FB
:10193000FCFB00BFE08C059005AA1C212846EFF7B0
:10194000A3FB0490049845E7F8020024F0B50C4688
:10195000E568A16800BF1DB900BF00BF00BFFEE77A
:1019600000BF00BF19B900BF00BF00BFFEE700BF46
:10197000CD60A96000F1400606EBC21656F8236060
:10198000A6421BD100F1400606EBC21646F8231012
:10199000814213D100F1140656F8226001279F40BE
:1019A000BE4300F1140747F822603E4656F8226015
:1019B00026B9012797400669BE430661F0BD2DE9AF
:1019C000F04106460D4600240EE026B1E86850F8C6
:1019D0003400B04207D14FF6FF724FF47021284611
:1019E000F8F7FEFD05E0641C688CC0F3C500A0425A
:1019F000EBD800BF2846F5F7A2FD0746002407E014
:101A0000A868006850F824103046FFF7D8FF641C1F
:101A1000BC42F5D3BDE8F08110B5044600220A218E
:101A20002068EFF731FB10BD70B504462068F5F76C
:101A3000CDFE05462846E3F7FBFC70BD2DE9FF4FC0
:101A400091B090461298F5F7C1FE0746102138462E
:101A5000F7F764FC10B915B0BDE8F08F3846F5F71C
:101A60002DFF10904FF00009CA4600253846F6F7C2
:101A700043F80F900F9818B1129800F1140400E089
:101A8000119C00213846F6F7A3FD0E900021384640
:101A9000F7F724F901460E98084400B20D90002192
:101AA0003846F6F7D2FE01460E98084400B20C9074
:101AB000F98A0D9808446188401AB8F80210401A53
:101AC00000B20B90798B0C98081AE188401AB8F88C
:101AD0000210081A00B20A903846F5F727FE0146B0
:101AE0000D98091A0C98081A00B209900B98002852
:101AF00004DB0A98002801DB00251BE00B98002876
:101B000008DD0B9D3846F6F701F80246501B00D55C
:101B100000250FE00A9800280CDD0A98404205B223
:101B20003846F5F76BFE019001982844002800DA4A
:101B3000002500BF0F98012804D0022810D00328E8
:101B40003AD11BE0F98A0D9808440FFA80F96088B1
:101B500028440FFA80FAA9EB0A00284405B22BE0CA
:101B6000798B0C98081A0FFA80F9E08828440FFA4C
:101B700080FAA9EB0A00284405B21DE0099800EBA1
:101B8000D0714A10FB8A0D99194411440FFA81F95A
:101B900000BFE1886288891A491C09B2084601EB36
:101BA000D071628802EB610129440FFA81FAA9EB36
:101BB0000A00284405B200BF00BF00263846F5F7EA
:101BC00091FF0890089818B1129800F1140400E0F1
:101BD000119C00213846F6F715FF0E9908440FFABC
:101BE00080FB00213846F6F7B6FF0E99084400B294
:101BF0000790B88A58442188401AB8F80010401A53
:101C000000B20690398B0798081AA188401AB8F8D4
:101C10000010081A00B205900698002804DB059809
:101C2000002801DB00261DE0069800280ADD069E3C
:101C30003846F5F771FE019001983044002800DD28
:101C400000260FE0059800280CDD0598404206B2FA
:101C50003846F5F7D9FE019001983044002800DAA3
:101C6000002600BF3846F7F7FCFAA0EB0B010798F7
:101C7000081A00B204900898012804D002280FD056
:101C8000032838D11AE0B88A58440FFA80F920881E
:101C900030440FFA80FAA9EB0A00304406B22AE079
:101CA000398B0798081A0FFA80F9A08830440FFA88
:101CB00080FAA9EB0A00304406B21CE0049800EB5D
:101CC000D071BA8A5A4402EB61010FFA81F900BF60
:101CD000A1882288891A491C09B2084601EBD071F3
:101CE000228802EB610131440FFA81FAA9EB0A0064
:101CF000304406B200BF00BF29493846E7F7C4FEAA
:101D0000039028493846E7F7BFFE0290039808B9C8
:101D1000029850B100220A213846EFF7B5F9019038
:101D20000198012800D096E600BF109800F001004D
:101D300010B9002E00DA0026109800F0020010B949
:101D4000002E00DD0026109800F0040010B9002DD0
:101D500000DA0025109800F0080010B9002D00DD11
:101D60000025B8F90010149808B9002000E03046AA
:101D7000084400B2A8F80000B8F90210149808B995
:101D8000002000E02846084400B2A8F802002A46D5
:101D900031463846149BF8F797FD00BF5BE600001C
:101DA000011F0390E51E03902DE9F04104460D4606
:101DB000164615B90EB9BDE8F0812046F4F750FC7F
:101DC000A068008A284400B2A1680882A068408AFE
:101DD000304401B2A06841820123324629462046A0
:101DE000F7F716FF00220B212046EFF74DF90746C3
:101DF000012F00D0DFE72046F7F72DFE00BFDAE71E
:101E000010B5DAB1B0F91630B2F900401C44B0F99F
:101E100032309C4204DA448EC38AE31A1BB2138028
:101E2000B0F91630B2F900401C44B0F936309C428B
:101E300004DDC48EC38AE31A1BB21380D9B1B0F992
:101E40001430B1F900401C44B0F930309C4204DA3F
:101E5000048E838AE31A1BB20B80B0F91430B1F9F7
:101E600000401C44B0F934309C4204DD848E838AE7
:101E7000E31A1BB20B8010BD2DE9F0410546B5F900
:101E800018400026F1F7DCFA0746386890F8198008
:101E900008E0301906B2C8F164006043642190FB89
:101EA000F1F004B2002CF4D13046BDE8F0812DE908
:101EB000F0410546B5F91A400026F1F7C1FA074688
:101EC000386890F8198008E0301906B2C8F164004B
:101ED0006043642190FBF1F004B2002CF4D1304651
:101EE000BDE8F08170B505460C462846F5F718FEAA
:101EF000204406B2002231462846FFF755FF70BD48
:101F000070B505460C462846F5F714FE204406B287
:101F1000324600212846FFF747FF70BD2DE9FC41FE
:101F200005460C462046EDF709FB4FF48031284664
:101F3000F6F71AFBE070E07802280CDD4FF48037EA
:101F4000202239462846F6F765FF00900098019058
:101F5000BDF80400A0804FF480373122394628466E
:101F6000F6F758FF01900198C0B284F8220094F867
:101F7000220002281EDD00BF41F232023946284607
:101F8000F6F748FF0190019800B22084B4F92000D0
:101F900000280CDD00BF302239462846F6F73AFF0C
:101FA000009000980190BDF80400E08302E000205A
:101FB00084F822004FF4803740F64502394628461F
:101FC000F6F728FF01900198C0B284F8360094F823
:101FD0003600022829DD00BF4FF404623946284646
:101FE000F6F718FF0190019800B2E085B4F92E00D1
:101FF000002817DD00BF40F6430239462846F6F7B1
:1020000009FF0190019800B2A08600BF4422394622
:102010002846F6F7FFFE009000980190BDF80400F6
:10202000A08502E0002084F836004FF48031284675
:10203000F6F7A3FB0646FD2E0DDAE078704300129A
:10204000E070E0787043001284F82200E07870437A
:10205000001284F83600E07828B994F8220010B90C
:1020600094F8360040B14FF480312846F6F72EFF41
:1020700020800120BDE8FC810020FBE72DE9F0472E
:1020800004460E4617463568D7F8008004F1140060
:1020900050F825004FF0FF3101FA08F100EA01097C
:1020A000B9F1000F16D1691C4FF0FF328A40206948
:1020B00000EA020ABAF1000F02D10020BDE8F08761
:1020C000504603F0C1FA0546356004F1140050F89B
:1020D000259000BF00BFB9F1000F03D100BF00BFC2
:1020E00000BFFEE700BF484603F0AEFA8046C7F8DF
:1020F000008004F1400000EBC51050F82800DDE737
:1021000070B504460D46264628B2A6F8440020467F
:10211000F7F7A1FC70BD70B504460D46264629B2FE
:10212000462081532046F7F796FC70BD70B50546F2
:102130000C4621B22846F9F70FF970BD2DE9F04F92
:1021400085B00446894617464FEA690004904FEA75
:102150006900039009F0010010B90498401E049032
:102160006000F3F7EDF88346B846002631E0601EC4
:1021700038F8100000FB09F00090651E1FE0009A7F
:102180002BF815200021039A2A44A24203DA039A6D
:102190002A4438F81210009A521A0092049AAA1A85
:1021A000521E002A02D5B8F8000004E0049AAA1AC8
:1021B000521E38F81200009A024400926D1E002D43
:1021C000DDDA620059464046F3F7D7F908EB4408D8
:1021D000761CA642CBDB4FF47F5002900298B0FBF6
:1021E000F9F001904FF0000A15E037F81A0000B935
:1021F0000FE037F81A100298814203D1019827F8AE
:102200001A0005E037F81A0090FBF9F027F81A00D9
:1022100000BF0AF1010A04FB04F05045E5D800258F
:1022200042E007EB4508B8F8001001FB09F0002672
:102230002AE0002801DA002300E083112BF8163091
:10224000039BF31A002B02DCB8F8001005E0039B97
:10225000F31A03FB045337F81310401A049B33445A
:102260005B1CA34207DA049B33445B1C03FB04534F
:1022700037F8132004E0631E03FB045337F81320E0
:102280001044761C08EB4408A642D2DB07EB450855
:10229000002606E03BF81610A8F80010761C08EBA4
:1022A0004408A642F6DB6D1CA542BADB5846F3F79C
:1022B000C3F805B0BDE8F08F2DE9FF4F8BB00D4698
:1022C000144627460E983E1809A80B99E8F778FAA5
:1022D000204604EBD0714A100E991144491E04F0B7
:1022E000010282F00102891A09B2ADF8281004EB4C
:1022F000D0714910491C09B2ADF826100B98E8F7C7
:1023000047FBBDF82810081A00B2ADF824000B985E
:10231000E8F7B6FABDF82610084400B2ADF82A0076
:10232000002309A903A80E9AECF7F2FF012F01D1AF
:10233000012401E0781004B23046F3F701F8814639
:10234000A846002002903BE031464846F3F7DAFA0F
:1023500003A8009033B2DDE9020C02B20021484626
:10236000E0478346BBF1000F04D171004046F3F70C
:1023700092FA20E099F80010890191FBF4F1A8F895
:102380000010012014E019F80020411E19F8011076
:102390008A4205D1411E38F8111028F8101006E0C5
:1023A00019F80010890191FBF4F128F81010401C75
:1023B000B042E8DB00BF08EB46080298401C0290E0
:1023C0000298B042C0DB4846F3F736F803A8ECF7B2
:1023D00003FC012C0FD12946002005E035F8102020
:1023E000C2F387120A54401C06FB06F28242F5DC57
:1023F0000FB0BDE8F08F2A46214630B2FFF79EFEAF
:1024000007F00100204404B2012C27DD4FF47F5077
:1024100090FBF4F000904FF0000B15E035F81B0036
:1024200000B90FE035F81B00FF2803D1009825F80C
:102430001B0006E035F81B00800190FBF4F025F846
:102440001B0000BF0BF1010B06FB06F05845E5D859
:102450002A46214630B2FFF771FE00BF01954FF0CA
:10246000000A06E015F81A10019800F80A100AF19F
:10247000010A06FB06F05045F4DC00BFB8E770B572
:1024800098B006460C4615460AA8EDF757F800BF67
:10249000FF2211461046EAF7E8FA0090BDF8001056
:1024A00008460190BDF80400ADF82C0022460AA9A8
:1024B0003046EDF727F802A8ECF734F800202B4659
:1024C000224602A900903046EBF778FC18B070BDA8
:1024D000F0B591B0064635464FF4E02765223946FF
:1024E0003046F6F797FC1090109804465CB91849EE
:1024F0003046E7F7C9FA5020405D20F00100401C4B
:102500005021485522E001A8E7F706FB294601A81B
:10251000E7F7B9FB0E4901A8E7F787FB214601A8B9
:10252000E7F797FB00BF0E9400BF0022012101A82E
:10253000E7F7A1FB074901A8E7F77BFB01A84FF6E6
:10254000FF71818700BFE7F7B1FB00BF11B0F0BD9D
:1025500001880090039C01901CB5044604F0B0F97A
:102560000D48032100234FF48062CDE900100BA138
:102570000E48CFF741F80E48042100238022CDE910
:1025800000100CA10E48CFF737F804F0E9F90D4818
:102590000068CFF763F81CBD0C0000246C765F6404
:1025A000656D6F5F7461736B0000000083D40190F0
:1025B000100000246C65645F7461736B00000000A0
:1025C00005950190080000240EB5FE4890F8200003
:1025D00000F0010040B1FC48EAF7BAF90190FB486D
:1025E000BDF80410018008E004211220F8F726FF4E
:1025F0000290F648BDF808100180F24890F82000DB
:1026000000F0010048B105211220F8F717FF0190F2
:10261000EF48BDF80410018008E004211220F8F70B
:10262000E3FE0290EA48BDF808100180E54890F802
:10263000200000F0010040B1E648EAF789F9019076
:10264000E548BDF80410018006E0EAF717FC0290A7
:10265000E148BDF808100180DA4890F8200000F049
:10266000010040B1DD48EAF773F90190DC48BDF89C
:102670000410018008E002211220F8F7DFFE02902A
:10268000D748BDF808100180002046215023D54AC4
:10269000CDE90010D449D548FBF7F6F800200090AA
:1026A0005023D04AD0490190D148FBF7EDF8D148EA
:1026B0000068D03001F058FECC49CE480068D030D8
:1026C000FBF7CDF8CB480068D83001F04DFEC84983
:1026D000C8480068D830FBF7C2F8C6480068083020
:1026E00001F042FEB74890F8200000F0010028B148
:1026F00002211220F8F778FE029003E01220F8F78A
:10270000C9FE0290BB48029900680830FAF715FE2E
:1027100047F6FF71B74800680830FBF70CF8A94886
:10272000C06807210190EAF7B5FE01460290B14862
:1027300000680830FAF7EBFEA248C0680521019056
:10274000EAF7A8FE01460290AA4800680830FBF7A5
:1027500090F86621A74800680830FAF713FEA449EC
:10276000A44800680830FBF77AF8A24800681030E7
:1027700001F0FAFDFF219F4800681030FAF702FED1
:102780009C48006801F0F0FDFF219A480068FAF7C4
:10279000F9FD8E4800880146029096480068FAF7D5
:1027A000CCFD8B4800880146029092480068FBF7F8
:1027B0001CF891480078012806D18248C0680E2193
:1027C0000190EAF767FE10E08B480078022806D1F6
:1027D0007C48C0680C210190EAF75CFE05E079486E
:1027E000C0680A210190EAF755FE0146029081482F
:1027F0000068FAF7E4FE80480078012806D17148A5
:10280000C0680E210190EAF745FE10E07A48007892
:10281000022806D16B48C0680C210190EAF73AFE05
:1028200005E06848C0680A210190EAF733FE0146D6
:10283000029070480068FAF789FE6E480068183008
:1028400001F092FD6C480078012806D15D48C0680F
:102850000C210190EAF71EFE05E05A48C0680821E5
:102860000190EAF717FE01460290624800681830AE
:10287000FAF761FFFF215F4800681830FAF782FD20
:1028800055480088014602905A4800681830FAF707
:1028900054FD53480088014602905648006818309D
:1028A000FAF77AFD4748C06802210190EAF7F2FD85
:1028B000014602904F4800681830FAF798FD012150
:1028C0004C4800681830FAF77EFD41480088014600
:1028D0000290484800681830FAF787FF46480078A9
:1028E000012806D13748C06818210190EAF7D2FDC7
:1028F00010E041480078022806D13248C06814210F
:102900000190EAF7C7FD05E02E48C068102101904C
:10291000EAF7C0FD01460290364800681830FAF721
:10292000F6FD35480078012806D12648C0680E21FA
:102930000190EAF7AFFD10E02F480078022806D199
:102940002048C0680C210190EAF7A4FD05E01D486D
:10295000C0680A210190EAF79DFD014602902548D2
:1029600000681830FAF72BFE23480078012806D1BA
:102970001448C0680E210190EAF78CFD10E01E4853
:102980000078022806D10F48C0680C210190EAF7B0
:1029900081FD05E00B48C0680A210190EAF77AFD45
:1029A00001460290134800681830FAF7CFFD122054
:1029B000F8F770FD014602900E4800681830FAF7EB
:1029C0004AFD1BE014D605241A1715004A020024FC
:1029D0004C020024302B28004E02002437322F00F6
:1029E00050020024D79B019094C2039038D605244E
:1029F0004CD605244402002448020024F848C0684C
:102A000001210190EAF746FD01460290F548006871
:102A10001830FAF72DFDF3480068A03001F0A4FC4F
:102A2000EF480169EF480068A030FAF742FDEC4832
:102A3000C06803210190EAF72DFD01460290E948A4
:102A40000068A030FAF758FDE548C06803210190FE
:102A5000EAF720FD01460290E2480068A030FAF74C
:102A600040FD7F21DF480068A030FAF72FFDDD48E8
:102A70000068A83001F078FCD948408A01460290ED
:102A8000D8480068A830FAF714FDD548C06803217B
:102A90000190EAF7FFFC01460290D2480068A83096
:102AA000FAF72AFD7F21CF480068A830FAF70EFD1B
:102AB000CC480068203001F057FCCB480078012852
:102AC00006D1C748C06810210190EAF7E3FC10E086
:102AD000C5480078022806D1C148C0680C21019081
:102AE000EAF7D8FC05E0BE48C06808210190EAF783
:102AF000D1FC01460290BB4800682030FAF71BFE6B
:102B0000FF21B84800682030FAF73CFCB74800883D
:102B100001460290B34800682030FAF70EFCB04836
:102B200090F8200000F00100E8BB1220F8F7B2FC9A
:102B300001460290AB4800682030FAF706FE0020FC
:102B4000EAF7D4FD00EB40005030A02190FBF1F0FB
:102B5000012809DD0020EAF7C9FD00EB40005030F4
:102B6000A02190FBF1F000E0012000B201460290AC
:102B70009C4800682030FAF716FE7F2199480068CB
:102B80002030FAF7FAFD0020EAF7B0FD502101EB02
:102B90008000A02190FBF1F001280BDD0020EAF776
:102BA000A5FD502100E015E001EB8000A02190FB85
:102BB000F1F000E0012000B201908948C068009067
:102BC0000199EAF767FC01460290864800682030C8
:102BD000FAF7C8FD864800880146029081480068DF
:102BE0002030FAF702FE80480078012806D17C48A0
:102BF000C06818210190EAF74DFC10E07A4800788F
:102C0000022806D17648C06814210190EAF742FCF8
:102C100005E07348C06810210190EAF73BFC0146CB
:102C20000290704800682030FAF7A7FC6E480078E0
:102C3000012806D16A48C0680E210190EAF72AFCF3
:102C400010E069480078022806D16548C0680C2168
:102C50000190EAF71FFC05E06148C0680A21019075
:102C6000EAF718FC014602905E4800682030FAF747
:102C7000BCFC5B48C06805210190EAF70BFC0146EB
:102C80000290584800682030FAF760FC5448C06849
:102C900005210190EAF7FEFB0146029051480068C9
:102CA0002030FAF78CFC53495348E9F74FFE53495B
:102CB0005348E9F74BFE4B480068583001F054FB8D
:102CC0004D49484800685830FAF7A6FB232145488B
:102CD00000685830FAF7AAFB42480068603001F0FB
:102CE00043FB47493F4800686030FAF795FB7F2176
:102CF0003C4800686030FAF799FB3A480068C030F9
:102D000001F032FB012137480068C030FAF77AFB46
:102D1000012134480068C030FAF755FB314800689B
:102D2000803001F021FB30480078012806D12C4882
:102D3000C06818210190EAF7ADFB10E02A4800783E
:102D4000022806D12648C06814210190EAF7A2FBA8
:102D500005E02348C06810210190EAF79BFB01467B
:102D60000290204800688030FAF7D1FB1E480078B6
:102D7000012806D11A48C06818210190EAF78AFB99
:102D800010E019480078022806D11548C0681421BF
:102D90000190EAF77FFB05E01148C068102101901F
:102DA000EAF778FB014602900E4800688030FAF797
:102DB00006FC0D480078012806D10948C068182192
:102DC0000190EAF767FB23E007480078022819D151
:102DD0000348C06814210190EAF75CFB18E000008A
:102DE00014D6052444020024480200245002002482
:102DF0004C0200247F880090540200245539019031
:102E00005C020024FE48C06810210190EAF742FBF2
:102E100001460290FB4800688030FAF797FBF948BA
:102E20000068783001F0A0FAF7480078012806D150
:102E3000F348C0680E210190EAF72CFB10E0F2483D
:102E40000078022806D1EE48C0680C210190EAF70C
:102E500021FB05E0EA48C0680A210190EAF71AFB65
:102E600001460290E74800687830FAF750FBE648E0
:102E70000078012806D1E248C0680E210190EAF7E7
:102E800009FB10E0E0480078022806D1DC48C06861
:102E90000C210190EAF7FEFA05E0D948C0680A2142
:102EA0000190EAF7F7FA01460290D64800687830B8
:102EB000FAF757FBD3480068883001F055FAD0483C
:102EC000C0680A210190EAF7E5FA01460290CD4870
:102ED00000688830FAF773FBC948C0680A2101907E
:102EE000EAF7D8FA01460290C64800688830FAF737
:102EF0002DFBC4480068903001F036FAC048C06825
:102F000014210190EAF7C6FA01460290BD48006814
:102F10009030FAF783FCBB480068983001F024FA3F
:102F20000221B84800689830FAF754FCB5480068A8
:102F3000683001F019FA0021B24800686830FAF7E9
:102F4000E6FA0021AF4800686830FAF738FB002144
:102F5000AC4800686830FAF7F9FAAA48006870309F
:102F600001F002FAA8480078012806D1A448C068F8
:102F700008210190EAF78EFA10E0A34800780228B1
:102F800006D19F48C06806210190EAF783FA05E060
:102F90009B48C06802210190EAF77CFA0146029042
:102FA000984800687030FAF7B2FA9748007801281C
:102FB00006D19348C06808210190EAF76BFA10E047
:102FC00091480078022806D18D48C06806210190FA
:102FD000EAF760FA05E08A48C06802210190EAF742
:102FE00059FA01460290874800687030FAF7E7FA0C
:102FF00085480078012806D18148C06808210190E1
:10300000EAF748FA10E080480078022806D17C48A8
:10301000C06806210190EAF73DFA05E07848C068EB
:1030200002210190EAF736FA0146029075480068DD
:103030007030FAF78BFA73480068283001F094F981
:103040006F4801696F4800682830FAF776F9E9F7A8
:1030500015FF014602906B4800682830FAF7C5FB5F
:10306000FF21684800682830FAF78CF96548006845
:10307000303001F079F96248016962480068303007
:10308000FAF75BF95E4801695E4800683030FAF78C
:10309000ACFB33215B4800683030FAF773F95948CC
:1030A0000068383001F060F95548408A01460290C6
:1030B000544800683830FAF740F9E9F7DFFE014676
:1030C0000290504800683830FAF78FFBFF214D48D6
:1030D00000683830FAF756F94A480068403001F085
:1030E00043F94748408A014602904648006840300C
:1030F000FAF723F94248408A0146029041480068A5
:103100004030FAF772FB33213E4800684030FAF74E
:1031100039F93C480068483001F026F93B480088FE
:1031200001460290374800684830FAF706F9FF2157
:10313000344800684830FAF725F9354800880146D8
:103140000290304800684830FAF74FFB2D4800687D
:10315000503001F009F92F480088014602902948B3
:1031600000685030FAF7E9F8FF212648006850302F
:10317000FAF708F9264800880146029021480068BD
:103180005030FAF732FB1F480068B03001F0ECF81D
:1031900047F6FF711B480068B030FAF7CCFA1948BF
:1031A0000068B83001F0E0F8002116480068B83037
:1031B000FAF7C1FA13480068C83001F0D5F8104892
:1031C000C06803210190EAF765F9014602900D48B5
:1031D0000068C830FAF738FB0948C068032101903D
:1031E000EAF758F90146029006480068C830FAF735
:1031F00020FB04480068F03001F0B6F800480BE00E
:1032000014D605244402002448020024500200245D
:103210004C0200244E0200240169FE480068F03090
:10322000FAF78BF8FF21FB480068F030FAF7AAF8AC
:10323000F948C06806210190EAF72CF9014602908E
:10324000F4480068F030FAF762F947F6FF71F14888
:103250000068F030FAF76FFAEE480068E03001F0ED
:1032600083F8C821EB480068E030FAF73AF8E948FB
:103270000068E83001F078F87821E6480068E83026
:10328000FAF72FF8E348006800F5807001F06CF859
:10329000E248008801460290DE48006800F5807030
:1032A000FAF729F8DC48C0680F210190EAF7F2F834
:1032B00001460290D748006800F58070FAF732F8AE
:1032C0000121D448006800F58070FAF721F8D14850
:1032D000006800F5847001F047F8CF480169CD48D7
:1032E000006800F58470FAF706F8CA48006800F52F
:1032F000987001F039F84FF48271C648006800F503
:103300009870FAF7C0F8C348006800F59C7001F0A7
:103310002BF8C148C06803210190EAF7BBF80146C9
:103320000290BC48006800F59C70FAF7F0F8BA48C3
:10333000C06802210190EAF7ADF801460290B54855
:10334000006800F59C70FAF752F8B3480169B1487B
:10335000006800F59C70FAF71FF8B1480088014634
:103360000290AC48006800F59C70F9F7E6FFFF2179
:10337000A848006800F59C70FAF704F8A94800789E
:10338000012806D1A448C0680C210090EAF782F811
:1033900005E0A148C06808210090EAF77BF8029098
:1033A00000EBD070401000B20146019099480068CF
:1033B00000F59C70FAF7BFF99648006800F5A07018
:1033C00000F0D2FF98A19348006800F5A070F9F7CB
:1033D000CEFFE9F753FD014602908E48006800F5E4
:1033E000A070FAF702FA8C484069014602908948B9
:1033F000006800F5A070FAF706FA8648006800F544
:10340000A47000F0B1FF8448C06804210190EAF77D
:1034100041F8404200B2014602907E48006800F543
:10342000A470FAF774F8E9F729FD0146029079488B
:10343000006800F5A470F9F780FF7648006800F591
:10344000A87000F091FF01217248006800F5A87093
:10345000FAF70EF875480088014602906D4800683A
:1034600000F5A870F9F7F7FF6A48006800F5947056
:1034700000F07AFF00216748006800F59470F9F7C2
:10348000A2FF6548C0680A210190EAF703F80146E7
:1034900002906048006800F59470FAF757F85F48AA
:1034A0000088014602905B48006800F59470F9F7C7
:1034B000D2FF5848006800F5887000F055FF564864
:1034C000C06803210190E9F7E5FF014602905148E9
:1034D000006800F58870F9F7CBFF4F48C0680321FA
:1034E0000190E9F7D7FF014602904A48006800F5CD
:1034F0008870FAF720F94848C06808210190E9F778
:10350000C9FF014602904348006800F58870FAF749
:1035100055F94148C06802210190E9F7BBFF014617
:1035200002903C48006800F58870FAF70FF83948B7
:10353000006800F58C7000F017FF47F6FF71354802
:10354000006800F58C70FAF7F6F83348C068082177
:103550000190E9F79FFF014602902E48006800F5B0
:103560008C70FAF72BF92C4801692A48006800F59D
:103570008C70F9F7E2FEFF212648006800F58C7098
:10358000F9F700FF2348006800F5907000F0ECFEAA
:103590002148C06801210190E9F77CFF01460290B3
:1035A0001C48006800F59070F9F762FF1F4800881A
:1035B000014602901748006800F59070F9F74BFF3C
:1035C0001548C06802210190E9F764FF01460290A6
:1035D0001048006800F59070F9F799FF1220F7F78E
:1035E00059FF014602900B48006800F59070FAF709
:1035F000FCF80848006800F5D07000F0B5FE002126
:103600000448006800F5D070F9F781FF00210148F7
:1036100000680DE04402002414D605245002002462
:103620004E02002448020024EF808C004C0200244B
:1036300000F5D070F9F795FF0021FE48006800F50D
:10364000D070FAF778F80121FA48006800F5D070D8
:10365000F9F7D8FE0021F748006800F5D070F9F7B7
:10366000BCFEF448006800F5EC7000F07DFEF24806
:103670000078012806D1F148C0680C210190E9F7D3
:1036800009FF05E0ED48C06808210190E9F702FF55
:1036900001460290E748006800F5EC70FAF74BF835
:1036A0000121E448006800F5EC70F9F7ABFEFF215A
:1036B000E048006800F5EC70F9F764FEE048008827
:1036C00001460290DB48006800F5EC70F9F735FE22
:1036D000DC48008801460290D648006800F5EC708E
:1036E000FAF783F8D348006800F5D47000F03CFE88
:1036F000D1480078012806D1D048C0680E21019039
:10370000E9F7C8FE10E0CC480078022806D1CB4883
:10371000C0680C210190E9F7BDFE05E0C748C0680C
:103720000A210190E9F7B6FE01460290C1480068FF
:1037300000F5D470F9F721FFBF480078012806D1C1
:10374000BE48C0680E210190E9F7A4FE10E0BA4817
:103750000078022806D1B948C0680C210190E9F729
:1037600099FE05E0B548C0680A210190E9F792FE8C
:1037700001460290AF48006800F5D470F9F735FFB4
:10378000AD480078012806D1AC48C0680E210190F0
:10379000E9F780FE10E0A8480078022806D1A74883
:1037A000C0680C210190E9F775FE05E0A348C068E8
:1037B0000A210190E9F76EFE014602909D480068DB
:1037C00000F5D470F9F7CDFE9C48C0680121019046
:1037D000E9F760FE014602909648006800F5D47053
:1037E000F9F705FE19219348006800F5D470F9F740
:1037F000E0FD94480088014602908E48006800F57C
:10380000D470F9F7C9FD00218A48006800F5D4702A
:10381000F9F7E3FD8748006800F5D87000F0A4FDD3
:1038200000218448006800F5D870F9F770FE002187
:103830008048006800F5D870F9F793FE7F48C068AB
:1038400001210190E9F726FE0146029079480068BF
:1038500000F5D870F9F7CBFD19217648006800F51E
:10386000D870F9F7A6FD77480088014602907148A4
:10387000006800F5D870F9F78FFD08216D480068E1
:1038800000F5D870F9F7A9FD6A48006800F5DC700A
:1038900000F06AFD00216748006800F5DC70F9F768
:1038A00036FE00216348006800F5DC70F9F759FE28
:1038B0006048006800F5E47000F056FD5E4800784E
:1038C000012806D15D48C0680E210190E9F7E2FDAC
:1038D00010E059480078022806D15848C0680C21E9
:1038E0000190E9F7D7FD05E05448C0680A2101902E
:1038F000E9F7D0FD014602904E48006800F5E470FB
:10390000F9F73BFE4C480078012806D14B48C068C7
:1039100008210190E9F7BEFD10E047480078022831
:1039200006D14648C06806210190E9F7B3FD05E0DD
:103930004248C06802210190E9F7ACFD01460290BF
:103940003C48006800F5E470F9F74FFE3A4800780B
:10395000012806D13948C0680E210190E9F79AFD87
:1039600010E035480078022806D13448C0680C21A0
:103970000190E9F78FFD05E03048C0680A21019009
:10398000E9F788FD014602902A48006800F5E470D6
:10399000F9F7E7FD2748006800F5E87000F0E4FC5F
:1039A00025480078012806D12448C06808210190E4
:1039B000E9F770FD10E020480078022806D11F4882
:1039C000C06806210190E9F765FD05E01B48C06865
:1039D00002210190E9F75EFD01460290154800685A
:1039E00000F5E870F9F7C9FD13480078012806D101
:1039F0001248C06808210190E9F74CFD10E00E481C
:103A00000078022806D10D48C06806210190E9F728
:103A100041FD05E00948C06802210190E9F73AFD3F
:103A2000014602900348006800F5E870F9F7DDFDF3
:103A3000002109E0440200244802002414D6052491
:103A40004E0200244C020024FC48006800F5E87097
:103A5000F9F793FE0021F948006800F5E870F9F7DE
:103A600091FCF748008801460290F448006800F590
:103A7000E870F9F7BAFEF148006800F5E07000F070
:103A800073FC0021ED48006800F5E070F9F775FD62
:103A90000021EA48006800F5E070F9F762FDE748A8
:103AA000006800F5F07000F05FFC3321E348006827
:103AB00000F5F070F9F766FC1220F7F7EBFC014611
:103AC0000290DE48006800F5F070F9F736FCDB483C
:103AD000006800F5F47000F047FC0021D74800684A
:103AE00000F5F470F9F74EFCD6480078012806D1AD
:103AF000D548C06808210190E9F7CCFC10E0D14816
:103B00000078022806D1D048C06806210190E9F764
:103B1000C1FC05E0CC48C06802210190E9F7BAFC7D
:103B200001460290C548006800F5F470F9F75DFDA4
:103B3000C248006800F5B07000F016FCC248C068CA
:103B400005210190E9F7A6FC01460290BB480068F8
:103B500000F5B070F9F78CFCB94800880146029076
:103B6000B648006800F5B070F9F775FCB648C06853
:103B700014210190E9F78EFC01460290AF480068DD
:103B800000F5B070F9F71AFEAF48C0680F21019038
:103B9000E9F780FC01460290A848006800F5B07083
:103BA000F9F7F7FCA548006800F5B47000F0DCFBFD
:103BB00047F6FF71A148006800F5B470F9F7BBFD46
:103BC0009F480088014602909C48006800F5B47048
:103BD000F9F7B3FBFF219948006800F5B470F9F7D5
:103BE000D1FB9948C0680F210190E9F753FC0146C9
:103BF00002909248006800F5B470F9F7DFFD8F4835
:103C0000006800F5AC7000F0AFFB8F48C068012180
:103C10000190E9F73FFC014602908848006800F5F2
:103C2000AC70F9F7E4FB89480088014602908348AC
:103C3000006800F5AC70F9F7AFFB03217F4800681E
:103C400000F5AC70F9F7C9FB7C48006800F5B87066
:103C500000F08AFB7A4800880146029077480068A5
:103C600000F5B870F9F798FB7748C0680221019019
:103C7000E9F710FC014602907048006800F5B87042
:103C8000F9F7B5FB7048C06801210190E9F702FC23
:103C9000404200B2014602906848006800F5B870E2
:103CA000F9F777FC04216548006800F5B870F9F76A
:103CB00094FB4FF4C8716148006800F5B870F9F7DB
:103CC00010FB5E48006800F5BC7000F04DFB5E48DC
:103CD00090F8200000F0010028B102211220F7F72F
:103CE00083FB029004E001211220F7F7A7FB02906A
:103CF00052480299006800F5BC70F9F776FD4F480C
:103D0000006800F5C07000F02FFB4E4800780128D5
:103D100006D14D48C0680E210190E9F7BBFB10E0C9
:103D200048480078022806D14748C0680C21019015
:103D3000E9F7B0FB05E04448C0680A210190E9F7C3
:103D4000A9FB014602903D48006800F5C070F9F7F4
:103D5000DEFB3C480078012806D13B48C0680E21B4
:103D60000090E9F797FB10E036480078022806D16A
:103D70003548C0680C210090E9F78CFB05E032481B
:103D8000C0680A210090E9F785FB029000EBD07033
:103D9000401000B2014601902848006800F5C0704C
:103DA000F9F7DFFB2548006800F5C47000F0DCFA85
:103DB0002548C06801210190E9F76CFB014602909B
:103DC0001E48006800F5C470F9F711FB1F48008811
:103DD000014602901948006800F5C470F9F7DCFA52
:103DE0001B480088014602901448006800F5C47022
:103DF000F9F7A3FA33211148006800F5C470F9F708
:103E0000C1FA0E48006800F5C87000F0ADFA0D4820
:103E10000078012806D10C48C0680E210190E9F70E
:103E200039FB1DE007480078022813D10648C06816
:103E30000C210190E9F72EFB12E00000440200245F
:103E40004C0200244802002414D605245002002409
:103E50004E020024F848C0680A210190E9F71AFBD5
:103E600001460290F548006800F5C870F9F785FB37
:103E7000F3480078012806D1EF48C0680E21019070
:103E8000E9F708FB10E0EE480078022806D1EA487E
:103E9000C0680C210190E9F7FDFA05E0E648C0682A
:103EA0000A210190E9F7F6FA01460290E34800681A
:103EB00000F5C870F9F78EFBE1480078012806D1BB
:103EC000DD48C06808210190E9F7E4FA10E0DC4819
:103ED0000078022806D1D848C06806210190E9F789
:103EE000D9FA05E0D448C06802210190E9F7D2FA76
:103EF00001460290D148006800F5C870F9F71BFB35
:103F0000CF480078012806D1CB48C0680E21019027
:103F1000E9F7C0FA10E0CA480078022806D1C6487E
:103F2000C0680C210190E9F7B5FA05E0C248C06805
:103F30000A210190E9F7AEFA01460290BF480068F5
:103F400000F5C870F9F70DFBBC48006800F5CC70AF
:103F500000F00AFAB848C0680A210190E9F79AFA15
:103F600001460290B548006800F5CC70F9F7DAF91F
:103F7000B248006800F5FC7000F0F6F9AE48C06881
:103F800004210190E9F786FA01460290AB480068E7
:103F900000F5FC70F9F7BBFAA848006800F5F87066
:103FA00000F0E2F9642001900198002805DA0198F8
:103FB000C0F57A7040F4005002E0019840F40050DF
:103FC00000B2014602909D48006800F5F870F9F7CC
:103FD00065FA9A48006800F5007000F0C5F91220F3
:103FE000F7F758FA014602909448006800F500700F
:103FF000F9F7A3F97F219148006800F50070F9F7FF
:10400000C1F98E48006800F5027000F0ADF900219A
:104010008A48006800F50270F9F7C5FB8848007807
:10402000032816D186480078012806D18248C06846
:104030000C210090E9F72EFA05E07F48C0680821BE
:104040000090E9F727FA0290029800EBD070401038
:1040500010E07B480078012806D17748C0680C2121
:104060000090E9F717FA05E07348C068082100904E
:10407000E9F710FA00B2014601907048006800F5B7
:104080000270F9F758FB6D48006800F50E7000F0FB
:104090006BF9694801696948006800F50E70F9F725
:1040A0007BF96548C06802210190E9F7F3F9400007
:1040B00000B2014602906148006800F50E70F9F701
:1040C00096F901215D48006800F50E70F9F785F951
:1040D0005A48006800F50C7000F046F95648C06870
:1040E00002210190E9F7D6F9404200B20146029060
:1040F0005248006800F50C70F9F7F3F94F48006872
:1041000000F5047000F030F94D480078012806D120
:104110004948C06818210190E9F7BCF910E0484807
:104120000078022806D14448C06814210190E9F7BC
:10413000B1F905E04048C06810210190E9F7AAF9FB
:10414000014602903D48006800F50470F9F715FA41
:1041500000213A48006800F50470F9F746FA00219A
:104160003648006800F50470F9F7FBF9012133487F
:10417000006800F50470F9F745F93048006800F56B
:10418000067000F0F1F82C48C06801210190E9F7B1
:1041900081F9014602902948006800F50670F9F798
:1041A00026F928480088014602902448006800F556
:1041B0000670F9F7F1F801212048006800F5067053
:1041C000F9F70BF91E480078012806D11A48C06893
:1041D0000E210190E9F75EF910E0194800780228F5
:1041E00006D11548C0680C210190E9F753F905E0A4
:1041F0001148C0680A210190E9F74CF90146029084
:104200000E48006800F50670F9F781F90C4800784F
:10421000012806D10848C0680E210190E9F73AF953
:1042200018E00748007802280ED10348C0680C2126
:104230000190E9F72FF90DE014D60524440200247B
:1042400048020024500200244448C0680A2101901A
:10425000E9F720F9014602904148006800F5067030
:10426000F9F774F93E48006800F5087000F07CF832
:104270003C480078012806D13848C06818210190D0
:10428000E9F708F910E037480078022806D13348EA
:10429000C06814210190E9F7FDF805E02F48C068D7
:1042A00010210190E9F7F6F8014602902C480068C9
:1042B00000F50870F9F7C8FA2948006800F5107091
:1042C00000F052F8FF212648006800F51070F9F759
:1042D00059F8E8F7D3FD014602902148006800F53F
:1042E0001070F9F72AF81220F7F7D4F80146029077
:1042F0001B48006800F51070F9F72CF847F6FF71BD
:104300001748006800F51070F9F715FA1348C068EF
:104310000F210190E9F7BEF80146029010480068AD
:1043200000F51070F9F73FFAE8F7A8FD0146029092
:104330000B48006800F51070F9F707FA0748C068E5
:1043400005210190E9F7A6F80146029004480068AB
:1043500000F51070F9F71CFA0EBD000014D6052404
:10436000440200244802002410B5044605480078A1
:1043700018B12046F8F79FFF02E02046F8F75AFEF2
:1043800010BD0000520200242DE9F04107460C4602
:104390002046F3F71BFAB0B90022FE480168204618
:1043A000F1F7B1FE4FF48032FA4801680831204637
:1043B000F1F7A9FEF84AF748016810312046F1F7F5
:1043C000A2FEBDE8F081F5492046F2F7B1FA0028D7
:1043D00076D02046F3F7FAF90546F1492846F2F778
:1043E000A7FA00B1EDE72846F3F7F0F90646EC49E5
:1043F000F2F79EFAB0B10022E6480168803120460B
:10440000F1F781FE4FF48032E2480168083120461E
:10441000F1F779FEE04ADF48016810312046F1F7F4
:1044200072FECEE72046F3F78AF9B0B92046F3F7DB
:10443000CDF90646DB49F2F77BFA70B10022D54888
:10444000016848312046F1F75EFE0022D14801683C
:1044500070312046F1F757FEB3E72046F3F76FF9C6
:10446000012824D12046F3F7B1F90646CD49F2F7E9
:104470005FFAE0B10022C74801682046F1F743FE29
:104480000022C448016880312046F1F73CFE4FF419
:104490008032C048016808312046F1F734FEBE4A38
:1044A000BC48016810312046F1F72DFE89E720460F
:1044B000F3F78CF90646BC49F2F73AFA08B180E7FF
:1044C00017E00022B348016818312046F1F71BFEBF
:1044D0004FF48032AF48016808312046F1F713FEEF
:1044E000AD4AAC48016810312046F1F70CFE01F0EE
:1044F0002FB8AE492046F2F71BFA002860D0002200
:10450000A448016820312046F1F7FDFD0022A148B2
:10451000016828312046F1F7F6FD00229D48016828
:10452000D0312046F1F7EFFD20229A48016858313A
:104530002046F1F7E8FD202296480168D831204650
:10454000F1F7E1FD042293480168A0312046F1F71C
:10455000DAFD20228F480168C8312046F1F7D3FDEB
:1045600001228C48016838312046F1F7CCFD8022C9
:104570008848016860312046F1F7C5FD2046F3F711
:1045800025F905468A49F2F7D3F940B92046F3F7F1
:104590001DF905468749F2F7CBF90028A7D000227C
:1045A0007C48016801F5E8712046F1F7ACFD202256
:1045B0007848016801F5F0712046F1F7A4FD96E70F
:1045C0007D492046F2F7B4F940B1002271480168F4
:1045D00001F5A8712046F1F796FD88E77749204656
:1045E000F2F7A6F900287DD02046F3F7EFF805464C
:1045F0007349F2F79DF9E0B300226648016801F5BE
:10460000FC712046F1F77FFD002262480168883185
:104610002046F1F778FD4FF4A0225E480168203172
:104620002046F1F770FD674A5A4801685831204624
:10463000F1F769FD634A60325648016860312046EF
:10464000F1F761FD5F4A1F3A524801682831204660
:10465000F1F759FD5B4A1C3A4E480168303120465B
:10466000F1F751FD574A183A4A480168403120464F
:1046700000E002E0F1F747FDA3E62046F3F7A6F8D5
:1046800005464749F2F754F968B3002241480168EA
:1046900050312046F1F737FD04223E480168A03131
:1046A0002046F1F730FD04223A48016801F50C710B
:1046B0002046F1F728FD434A364801685831204624
:1046C000F1F721FD3F4A1F3A324801683031204658
:1046D000F1F719FD3B4A1F3A2E48016801F50E71AA
:1046E000204601E0C4E01BE0F1F70DFD354A1C3A1D
:1046F00028480168A0312046F1F705FD314A183AF3
:1047000024480168A8312046F1F7FDFC2D4A1C3AE7
:104710002048016801F50C712046F1F7F4FC50E6E1
:104720002046F3F753F805461F49F2F701F978B32D
:1047300000221848016801F5C0712046F1F7E3FC3A
:10474000042214480168A0312046F1F7DCFC08225D
:1047500010480168A8312046F1F7D5FC4FF4A0229B
:104760000C48016801F5C4712046F1F7CCFC154AEC
:104770000848016858312046F1F7C5FC114A6032FB
:104780000448016860312046F1F7BDFC0D4A1BE08A
:1047900029E00000440200244000010084BA039094
:1047A00024C2039078C20390F0BB03907C4F049026
:1047B00060C1039044C1039040500490984F04900E
:1047C00098C10390200005001C3AFE480168A03102
:1047D0002046F1F798FCFC4AFA480168A8312046C7
:1047E000F1F791FCEDE50022F6480168183120460A
:1047F000F1F789FC0422F3480168A0312046F1F763
:1048000082FC0822EF480168A8312046F1F77BFCC2
:104810004FF4A022EB48016820312046F1F773FCE9
:10482000E94A7832E748016860312046F1F76BFCCD
:10483000E54A1832E348016858312046F1F763FC35
:10484000E14AD21FDF48016828312046F1F75BFCBE
:10485000DD4A121FDB480168A0312046F1F753FC06
:10486000D94AD8480168A8312046F1F74CFC3EE609
:10487000D6492046F2F75CF860B30022D1480168BF
:1048800030312046F1F73FFC0022CE480168B031BC
:104890002046F1F738FC0422CA480168A0312046BE
:1048A000F1F731FC0822C7480168A8312046F1F72A
:1048B0002AFC4FF40032C348016828312046F1F742
:1048C00022FC4FF40032BF480168B0312046F1F7B6
:1048D0001AFC0CE6BE492046F2F72AF8F0B3002293
:1048E000B848016830312046F1F70DFC0022B54888
:1048F0000168B0312046F1F706FC0422B148016896
:10490000A0312046F1F7FFFB0822AE480168A8312C
:104910002046F1F7F8FB4FF40032AA48016828312D
:104920002046F1F7F0FB4FF40032A6480168B031A1
:104930002046F1F7E8FB4FF44032A2480168F0311D
:104940002046F1F7E0FBA34A9E480168C8312046A3
:10495000F1F7D9FB4FF440329A4800E00CE00168CF
:10496000D0312046F1F7CFFB9A4A96480168D831FA
:104970002046F1F7C8FBBAE597492046F1F7D8FF82
:10498000002862D000228F48016818312046F1F7D4
:10499000BAFB00228B48016868312046F1F7B3FB6F
:1049A000002288480168B8312046F1F7ACFB0422A8
:1049B00084480168A0312046F1F7A5FB0822814810
:1049C0000168A8312046F1F79EFB4FF480327D4804
:1049D000016808312046F1F796FB804A7948016862
:1049E00010312046F1F78FFB4FF4A0227548016883
:1049F00050312046F1F787FB4FF4A022714801683F
:104A000001F5AC712046F1F77EFB4FF4A0226D4812
:104A1000016880312046F1F776FB6B4A183269480D
:104A2000016858312046F1F76EFB674A121F65484E
:104A3000016828312046F1F766FB634A6148016846
:104A400038312046F1F75FFB51E565492046F1F723
:104A50006FFFE8B300225B48016888312046F1F718
:104A600052FB042257480168A0312046F1F74BFB66
:104A70005C4A5448016860312046F1F744FB4FF42A
:104A800000325048016801F59C712046F1F73BFB6C
:104A9000544A7F3A4B48016828312046F1F733FBEE
:104AA000504A7F3A4748016801F5A0712046F1F766
:104AB0002AFB4C4A603A4348016858312046F1F7D6
:104AC00022FB484A603A3F480168C831204600E06E
:104AD00012E0F1F718FB434A603A3A480168D831CE
:104AE0002046F1F710FB4FF4003236480168D03110
:104AF0002046F1F708FBFAE43B492046F1F718FF9E
:104B0000002873D000222F48016848312046F1F771
:104B1000FAFA00222B480168B0312046F1F7F3FA87
:104B2000002228480168E8312046F1F7ECFA80229B
:104B30002448016860312046F1F7E5FA0422214853
:104B40000168A0312046F1F7DEFA264A7F3A1D4877
:104B5000016828312046F1F7D6FA4FF4003219489F
:104B60000168B0312046F1F7CEFA1E4A15480168B7
:104B700060312046F1F7C7FA4FF44032114801681E
:104B8000F0312046F1F7BFFA4FF440320D4801688A
:104B900050312046F1F7B7FA4FF440320948016826
:104BA00001F5A4712046F1F7AEFA0A4A60320548D1
:104BB000016860312046F1F7A6FA0A4A7F3A0148B7
:104BC000016814E04402002408000500604F0490CE
:104BD0009450049020000300CC5004904000010049
:104BE000B44F049080000200B05004900CE0D83123
:104BF0002046F1F788FA4FF40032FA480168D831BC
:104C00002046F1F780FA72E4F7492046F1F790FE6A
:104C1000F0B30022F348016818312046F1F773FA27
:104C20000022F048016878312046F1F76CFA002242
:104C3000EC48016801F594712046F1F764FA4FF4ED
:104C40008032E848016808312046F1F75CFAE74A0B
:104C5000E448016810312046F1F755FA4FF4A022DC
:104C6000E048016801F588712046F1F74CFA4FF4ED
:104C70000032DC48016801F58C712046F1F743FAF7
:104C80004FF4C022D748016801F59071204600E03A
:104C90000BE0F1F738FA4FF4E022D248016801F551
:104CA00088712046F1F72FFA21E4D1492046F1F727
:104CB0003FFE90B30022CB48016818312046F1F73F
:104CC00022FA0022C7480168E0312046F1F71BFABA
:104CD0000022C448016890312046F1F714FA0022FE
:104CE000C048016898312046F1F70DFA0422BD480A
:104CF0000168A0312046F1F706FA0822B948016898
:104D0000A8312046F1F7FFF94FF48022B548016839
:104D100028312046F1F7F7F927E2FFE7B5492046A9
:104D2000F1F706FEC8B30022AE48016818312046EC
:104D3000F1F7E9F90022AB48016878312046F1F734
:104D4000E2F90022A7480168D0312046F1F7DBF9EB
:104D50002022A4480168D8312046F1F7D4F9202256
:104D6000A048016858312046F1F7CDF904229D484A
:104D70000168A0312046F1F7C6F908229948016878
:104D8000A8312046F1F7BFF94FF400329548016889
:104D9000D8312046F1F7B7F9DAE3FFE79649204624
:104DA000F1F7C6FDF0B300228E48016818312046A5
:104DB000F1F7A9F900228B480168C0312046F1F7CC
:104DC000A2F900228748016890312046F1F79BF94B
:104DD00000228448016801F598712046F1F793F9A3
:104DE0004FF480327F48016808312046F1F78BF993
:104DF0007E4A7C48016810312046F1F784F94FF46F
:104E000080227848016850312046F1F77CF97B4ACE
:104E10007448016828312046F1F775F9774A1F3246
:104E2000704800E005E0016858312046F1F76BF961
:104E30008EE373492046F1F77BFD10B300226948E9
:104E4000016801F580712046F1F75DF94FF40032F9
:104E50006448016801F580712046F1F754F94FF478
:104E600000326048016801F584712046F1F74BF982
:104E70004FF440325B480168F0312046F1F743F9C6
:104E800066E360492046F1F753FDD0B10022554852
:104E9000016801F580712046F1F735F94FF40032D1
:104EA0005048016801F580712046F1F72CF94FF464
:104EB00000324C48016801F584712046F1F723F96E
:104EC00046E351492046F1F733FDB8B10022454889
:104ED000016818312046F1F716F9002241480168AF
:104EE000B0312046F1F70FF94FF400323D48016828
:104EF00001F5B4712046F1F706F929E3434920464C
:104F0000F1F716FDE0B3002236480168183120465B
:104F1000F1F7F9F800223348016878312046F1F7BB
:104F2000F2F804222F480168A0312046F1F7EBF88F
:104F300008222C480168A8312046F1F7E4F84FF424
:104F400080322848016808312046F1F7DCF8274A0A
:104F50002448016810312046F1F7D5F82C4A214841
:104F6000016801F5B8712046F1F7CDF84FF4002241
:104F70001C48016801F5BC712046F1F7C4F8E7E26E
:104F8000FFE724492046F1F7D3FC70B10022154811
:104F9000016818312046F1F7B6F80022114801687F
:104FA00068312046F1F7AFF8D2E21B492046F1F70D
:104FB000BFFC40B100220B48016801F5C8712046D2
:104FC000F1F7A1F8C4E215492046F1F7B1FC40B170
:104FD00000220448016801F5C8712046F1F793F8F2
:104FE000B6E21DE04402002444BC039040000100EE
:104FF0005C500490D04F0490EC4F049001000400EA
:10500000444F049008C203907CC10390E850049080
:1050100002000700F0BB03900CBC039028BC039077
:10502000F6492046F1F784FCF0B30022F448016809
:105030002046F1F768F8F3480078012803D1F048DA
:105040000068783002E0EE480068703001460022C7
:105050002046F1F758F80422E9480168A0312046BB
:10506000F1F751F80822E6480168A8312046F1F727
:105070004AF84FF4A022E248016820312046F1F7B7
:1050800042F8E14ADE48016860312046F1F73BF81A
:105090004FF4A022DA48016850312046F1F733F886
:1050A0004FF4A022D64800E026E0016801F5027125
:1050B0002046F1F728F8D44A603AD14801685831BF
:1050C0002046F1F720F8D04A7F3ACD4801684831B0
:1050D0002046F1F718F8CC4A7C3AC94801683031CB
:1050E0002046F1F710F8C84A783AC54801684031BF
:1050F0002046F1F708F82BE2C4492046F1F718FCE6
:10510000F8B10022BE48016818312046F0F7FBFFD5
:105110000022BB48016801F504712046F0F7F3FF57
:105120004FF48032B648016808312046F0F7EBFFB3
:10513000B74AB348016810312046F0F7E4FFFFF7A3
:1051400040B9B4492046F1F7F3FB78B10022AC48EE
:10515000016848312046F0F7D6FF0022A8480168D0
:1051600001F508712046F0F7CEFFF1E1AA4920468B
:10517000F1F7DEFB68B30022A148016850312046F8
:10518000F0F7C1FF00229E48016801F50671204634
:10519000F0F7B9FF04229A48016828312046F0F759
:1051A000B2FF04229648016801F508712046F0F725
:1051B000AAFF20229248016801F508712046F0F705
:1051C000A2FF20228E48016858312046F0F79BFF4D
:1051D000BEE192492046F1F7ABFB78B10022884846
:1051E000016818312046F0F78EFF002284480168DC
:1051F00001F5D0712046F0F786FFA9E188492046E5
:10520000F1F796FBB8B100227D48016801F5D8712D
:105210002046F0F778FF4FF4803279480168083172
:105220002046F0F770FF7A4A754801681031204631
:10523000F0F769FF8CE17B492046F1F779FBB8B1C3
:1052400000226F48016801F5DC712046F0F75BFF32
:105250004FF480326A48016808312046F0F753FF66
:105260006B4A6748016810312046F0F74CFF6FE148
:105270006D492046F1F75CFBF0B1002260480168FF
:1052800001F5D4712046F0F73EFF20225C4801680A
:1052900001F5F0712046F0F736FF212258480168E9
:1052A00030312046F0F72FFF012255480168303198
:1052B0002046F0F728FF4BE15C492046F1F738FB28
:1052C00020B95B492046F1F733FB80B100224C48FE
:1052D000016801F5E4712046F0F715FF20224848E7
:1052E000016801F5F0712046F0F70DFF30E15149FA
:1052F0002046F1F71DFBB8B100224148016801F5D5
:10530000E0712046F0F7FFFE4FF480323C48016820
:1053100008312046F0F7F7FE3D4A39480168103160
:105320002046F0F7F0FE13E143492046F1F700FB79
:1053300040B100223248016801F5EC712046F0F7D7
:10534000E2FE05E13D492046F1F7F2FA40B10022C4
:105350002B48016801F5F4712046F0F7D4FEF7E020
:1053600037492046F1F7E4FA78B100222448016871
:1053700018312046F0F7C7FE00222148016801F5E8
:10538000F8712046F0F7BFFED9E62E492046F1F726
:10539000CFFA40B100221A48016801F50071204699
:1053A000F0F7B1FED4E028492046F1F7C1FA20B366
:1053B00000221348016818312046F0F7A4FE0022AD
:1053C0000F48016878312046F0F79DFE04220C4812
:1053D0000168A0312046F0F796FE082208480168CF
:1053E000A8312046F0F78FFE4FF4E0220448016810
:1053F00028312046F0F787FEAAE027E07CBC039026
:105400004402002448020024800005002CC00390C0
:105410004000010064C0039048C0039080C0039026
:105420000CC1039028C10390B8C0039060C10390E1
:1054300044C103909CC00390D4C00390F0C003907B
:1054400098C10390D0C10390ECC10390414920461C
:10545000F1F76EFAA8B100223F4801682046F0F744
:1054600052FE4FF480323C48016808312046F0F784
:105470004AFE3A4A3848016810312046F0F743FEA8
:1054800066E037492046F1F753FA78B14FF480329D
:105490003148016808312046F0F735FE2F4A2E4882
:1054A000016810312046F0F72EFE51E02D492046CC
:1054B000F1F73EFA68B10022274801682046F0F76C
:1054C00022FE00222448016868312046F0F71BFEC6
:1054D0003EE025492046F1F72BFA38B100221E485C
:1054E0000168C0312046F0F70EFE31E01F4920462A
:1054F000F1F71EFAF8B100221748016801F5CC71E6
:105500002046F0F700FE0022134801688031204653
:10551000F0F7F9FD4FF440320F4801685031204652
:10552000F0F7F1FD4FF440320B480168803120461E
:10553000F0F7E9FD0CE00E492046F1F7F9F938B132
:1055400000220548016801F510712046F0F7DBFDE7
:1055500000BFF4E540C20390440200244000010073
:105560005CC2039024C2039078C2039060BC039095
:1055700010C003902DE9F14F88B00898EBF71DFD9E
:1055800007900898EBF77AFD8046CDF818800798C9
:105590000A2856D14046F2F754F804464046F2F73E
:1055A00031F8054605A94046F2F792F9BDF9140015
:1055B0000490BDF91690204604EBD0714A1004996E
:1055C000114491FBF4F161430FFA81FA284605EB8F
:1055D000D07109EB610191FBF5F1694309B20391C7
:1055E0000F200290002721E039464046F1F789FF5D
:1055F00006463046F3F73EFE01903046F3F75DFE77
:1056000000900198504510D10399009888420CD120
:10561000B3460698C0F824B09BF8240002900022FC
:105620001C214046EBF730FD05E07F1C4046F1F7BA
:1056300086FFB842D8D800BF40460299F5F728FC4B
:1056400000BF09B0BDE8F08F0146C843401C01EA25
:105650000002B2FA82F0C0F12003581E70470146E2
:1056600021B1B1FA81F0C0F1200000E00020024633
:10567000501E7047044A928912B20280024A128C6C
:1056800012B20A80704700003800002410B50849A3
:10569000086880470020E0F707FD012807D14FF692
:1056A000FF70E0F7C7FD00F031F800F017FD10BD06
:1056B0003800002410B50648416800208847044897
:1056C000808E00F4004008B1012010BD0020FCE7EE
:1056D0003800002470B505460C46FFF7EBFF30B1EB
:1056E00008490948FFF7C6FF0120A07301E0002028
:1056F000A0730548B0F9000020800248B0F900000E
:10570000608070BD3E0100243C0100242DE9F04F73
:105710002DED048B89B04FF000080020039000BFEE
:105720004FF6FF70E0F786FD4FF47840DD490968D9
:1057300010226423CDE900210290A02228210846EE
:10574000E3F7F4FD4FF478421421084600F064FAC0
:105750000020D5498886A1E1D348416801208847C7
:10576000D148808E00F44040B0F5804F7ED10020BB
:105770000390CD48808E20F48040CB49888608462F
:10578000808904A921F82800C748008C01EB880112
:10579000488008F1010000F0FF08B8F1060F13D2AD
:1057A000DFE808F0120313263C514FF6FF72142174
:1057B000084600F031FABD490988143988B24FF41F
:1057C0007842142100F028FA58E1B84909881439C0
:1057D00088B24FF6FF72142100F01EFAB3484088D9
:1057E000143881B24FF47842142000F015FA45E1E4
:1057F000AE484088143881B24FF6FF72142000F092
:105800000BFAAA4A5288143A91B2A84A1288143A5A
:1058100090B24FF4784200F0FFF92FE14FF6FF709D
:10582000E0F708FDA14AB2F8029009EBD9725110D5
:105830009E4AB2F800A00AEBDA7250104FF4784298
:1058400000F0EAF91AE1BDF81400BDF81010401A92
:1058500004B2BDF81C00BDF81810401A06B2BDF81D
:105860001E10BDF81600081A05B200E007E1BDF8E9
:105870001A00BDF81210401A07B200EE104AB8EE36
:10588000C01B00EE106AB8EEC00B81EE002BB0EE2C
:10589000428B00EE105AB8EEC01B00EE107AB8EE44
:1058A000C00B81EE002BB0EE429BB5EEC08BF1EE4B
:1058B00010FA03D2B1EE480BB0EE408BB5EEC09BB0
:1058C000F1EE10FA03D2B1EE490BB0EE409B9FED22
:1058D000780BB4EEC08BF1EE10FA60D39FED760B2F
:1058E000B4EEC08BF1EE10FA59DC9FED710BB4EE03
:1058F000C09BF1EE10FA52D39FED6F0BB4EEC09B3C
:10590000F1EE10FA4BDCB4F1000B01DBDE4601E0F6
:10591000CBF1000EBEF5805F41DAB5F1000A01DB84
:10592000D64601E0CAF1000EBEF5805F37DAB6F167
:10593000000901DBCE4601E0C9F1000EBEF5805F33
:105940002DDAB7F1000C01DBE64601E0CCF1000EE8
:10595000BEF5805F23DA231E01DB9E4601E0C3F122
:10596000000EBEF1000F1AD02A1E01DB964601E0A0
:10597000C2F1000EBEF1000F11D0311E01DB8E46C8
:1059800001E0C1F1000EBEF1000F08D0381E01DBAE
:10599000864601E0C0F1000EBEF1000F1FD14FF0AE
:1059A0000008424AB2F8029009EBD97251103F4AFE
:1059B000B2F800A00AEBDA7250104FF6FF7200F056
:1059C0002BF94FF478421421084600F025F9B0EE87
:1059D000491BB0EE480B04A800F07EF85EE0A01969
:1059E00000EE100AF8EEC00A30480088283840005F
:1059F00000EE100AB8EEC00A80EE801A2A4880ED48
:105A00000E1AE81900EE100AF8EEC00A274840887E
:105A10002838400000EE100AB8EEC00A80EE801A66
:105A2000214880ED0F1ABDF8200000B21E49A1F8F0
:105A30004000BDF8220000B2A1F842004FF6FF700E
:105A4000E0F7F8FB1F201EA11022CDE900210290F3
:105A50001648438802886E212320E3F767FC4FF441
:105A60007A70CBF788FD00F039FB4FF6FF70E0F756
:105A7000E1FB09B0BDEC048BBDE8F08F00BF0A204C
:105A8000CBF779FD0398401C80B203900398B0F5E2
:105A90007A7F02DD00F0FCF801E000BF5CE600BFA9
:105AA00000BFE6E744BA039038000024EC04002469
:105AB000666666666666EE3FCDCCCCCCCCCCF03F5D
:105AC000546F7563682053637265656E2041646A24
:105AD000757374204F4B210070B52DED048B88B089
:105AE0000546B0EE408BB0EE419B002433E035F824
:105AF0002430621C3DA103A8CAF7FEFA4FF4784097
:105B000003A91022CDE9002102903A484388028877
:105B100004EB8400A02606EB80012820E3F706FCB6
:105B200005EB84004388621C33A103A8CAF7E4FA9A
:105B30004FF4784003A91022CDE9002102902D48AE
:105B40004388028804EB840006EB80017820E3F7A9
:105B5000EDFB601CC4B2052CC9DB4FF6FF70009052
:105B600024480088401E82B204EB8400A02303EB8B
:105B7000800110232820E2F78BFE53EC182B20A184
:105B800003A8CAF7B9FA00208DF813004FF4784043
:105B900003A91022CDE9002102901648438802880B
:105BA00004EB8400A02606EB80012820E3F7BEFB6F
:105BB00053EC192B15A103A8CAF79EFA00208DF803
:105BC00013004FF4784003A91022CDE90021029080
:105BD00008484388028804EB840006EB80017820A3
:105BE000E3F7A4FB08B0BDEC048B70BD7825643AE4
:105BF00025640000EC0400247925643A2564000043
:105C000070783A25302E32660000000070793A250F
:105C1000302E326600000000F8B504460D461646E8
:105C200004F10D018AB2193988B22B462946009633
:105C3000E0F72FFC05F10D0083B2193881B222463E
:105C400020460096E0F725FC6A1C91B2621C90B2D7
:105C50003246E0F775FC6A1C91B2621E90B2324681
:105C6000E0F76EFC6A1E91B2621C90B23246E0F719
:105C700067FC6A1E91B2621E90B23246E0F760FC89
:105C80003346062229462046E0F786FBF8BD000091
:105C900070B5084C00250C2221462820D0F7D4FEF0
:105CA0003420D0F7E3FE05460A2D01D1012070BD56
:105CB0000020FCE77000002400B587B000206E498A
:105CC00081F84400084690F844006C49897901F055
:105CD00001010843684981F844006848808845F21A
:105CE000105188420BD06548808844F24231884286
:105CF00005D06248808841F2180188420ED1DDF754
:105D000087FF5F485C494860084690F8440040F0CF
:105D1000800081F84400002007B000BD574880880B
:105D200041F6631188420BD05448808847F28401C1
:105D3000884205D05148808847F2160188420DD12B
:105D4000DCF70EFB4F484C494860084690F8440089
:105D500040F0800081F844000020DDE700BF00BF74
:105D60004948006840F0020047490860084600685A
:105D700000F00200019000BF00BF00BF00BF00BFE5
:105D80000846006840F0040008600846006800F01B
:105D90000400019000BF00BF00BF00BF00BF084665
:105DA000006840F0080008600846006800F008003D
:105DB000019000BF00BF00BF00BF00BF08460068E1
:105DC00040F0020008600846006800F00200019000
:105DD00000BF00BF00BF00BF00BF0846006840F022
:105DE000020008600846006800F00200019000BF51
:105DF00000BF00BF02200290002003900120049009
:105E00000320059002A92148CBF79CFB402002907B
:105E100002A91F48CBF796FB0820029001200390AF
:105E200004900320059002A91848CBF78BFB0120B2
:105E3000029002A91548CBF785FB2020029002A909
:105E40001448CBF77FFB0C492031A1F1140000F07E
:105E5000CBF8D0F7F5FDFFF71BFF08B100205BE79B
:105E60004FF6FF70E0F7E6F9FFF750FC00F036F967
:105E7000FFF70EFF01204FE738000024EC04002458
:105E8000AD3D0190ED240190E04402580004025819
:105E9000000C02580008025870B506460025002480
:105EA00000BF002201212F48CBF760FB00BF00BFDD
:105EB000002208212B48CBF759FB00BF00BF00226E
:105EC00020212948CBF752FB00BF304600F0AAF949
:105ED0000620CBF77DFB00BF002201212148CBF734
:105EE00045FB00BF0120CBF773FB00BF0122114629
:105EF0001C48CBF73BFB00BF0120CBF769FB00BF81
:105F0000002201211748CBF731FB00BF00BF1DE085
:105F10004FF6FF7000EA440400BF0022012111483F
:105F2000CBF724FB00BF0120CBF752FB00BF0122BF
:105F300011460C48CBF71AFB00BF40210B48CBF7AA
:105F40004CFB08B1601C84B2681CC5B2102DDFDBAD
:105F5000241100BF012220210348CBF707FB00BF1B
:105F6000204670BD0004025800080258000C025878
:105F70002DE9FE4380460027002406E04046FFF757
:105F80008BFF2DF81400601C84B2052CF6DB002476
:105F900016E0601C85B20FE03DF814003DF81510C6
:105FA000884207DD3DF814603DF815002DF8140017
:105FB0002DF81560681C85B2052DEDDB601C84B2E0
:105FC000042CE6DB0027012405E03DF814003844EA
:105FD00087B2601C84B2042CF7DB032097FBF0F03F
:105FE00086B23046BDE8FE832DE9F04106460F46F5
:105FF0000D4890F8440000F0010040B19020FFF7F8
:10600000B7FF0546D020FFF7B3FF044607E0D020D6
:10601000FFF7AEFF05469020FFF7AAFF0446358044
:106020003C80BDE8F0810000380000247FB50446C4
:106030000D4602A903A8FFF7D7FF694601A8FFF79D
:10604000D3FFBDF80400BDF80C10884206DCBDF893
:106050000C10BDF80400323081420CDBBDF80C009E
:10606000BDF80410884237DCBDF80410BDF80C0000
:106070003230814230DABDF80000BDF808108842A5
:1060800006DCBDF80810BDF80000323081420CDBA0
:10609000BDF80800BDF8001088421DDCBDF80010F6
:1060A000BDF808003230814216DABDF80C10BDF898
:1060B0000420881800EBD071C1F34F012180BDF896
:1060C0000810BDF80020881800EBD071C1F34F0113
:1060D0002980012004B070BD0020FBE710B5054CFD
:1060E0000C2221462820D0F7EAFC0A213420D0F7E0
:1060F000F8FC10BD7000002410B50446022146488B
:10610000CBF76BFA002866D12CB14449A1F11400F9
:10611000FFF78CFF4EE04149A1F11400FFF786FF25
:10612000F0B33E49203989893C4A203AB2F84020F0
:10613000891A09B200EE101AB8EEC00A37492039A0
:1061400091ED0E1AC0EE010A3549088800EBD071B6
:10615000491000EE101AB8EEC00A30EE800ABCEE0C
:10616000C00A10EE101A2D4A203A91811146098C6E
:10617000B2F84220891A09B200EE101AB8EEC00A2D
:106180002649203991ED0F1AC0EE010A24494888AA
:1061900000EBD071491000EE101AB8EEC00A00E012
:1061A00008E030EE800ABCEEC00A10EE101A1B4A5E
:1061B000203A118419482038808E00F4004020BB1A
:1061C0004FF4404015492039888608468189C183AB
:1061D000018C418619E011482038808E00F400407F
:1061E00040B10E482038808E20F400400B49203901
:1061F00088860AE0002109482038C18341864FF68D
:10620000FF7006492039888108840448203890F8B6
:106210003400002010BD0000000402585800002483
:10622000EC04002470B50446002500BF25E004F00E
:10623000800030B100BF012208211148CBF796F948
:1062400006E000BF002208210D48CBF78FF900BF00
:106250006006040E00BF002201210948CBF786F931
:1062600000BF0120CBF7B4F900BF0122114604485A
:10627000CBF77CF900BF681CC5B2082DD7DB70BD19
:10628000000402582DE9F04786B080460D4644468A
:1062900027680026D7E0F86800EBC6004068C0F326
:1062A000406040B1F86800EBC600406820F07F40D5
:1062B000A168884200D0C5E0A08847284AD00EDCFB
:1062C00034281ED006DC20283FD030283ED033288A
:1062D0007CD115E03B283CD0442877D138E06828B1
:1062E00010D004DC63281ED067286FD112E0A0F222
:1062F000574060B3A0F580500238002866D10AE00C
:1063000000BF00BFFF2D02DAE068059001E02069C0
:1063100005906CE000BFFF2D02DAE068059001E017
:106320002069059063E0E06810B9206905900BE0F2
:10633000206910B9E068059006E0802D02DAE06877
:10634000059001E02069059051E000BF00BF00BF4B
:1063500000BF00BF002D03DCA089ADF8140033E0BE
:10636000FF2D03DB208AADF814002DE02169019197
:10637000E168E8B2029100F1040C4FEAEC00BDF8CC
:1063800008C04CEA0C4CDFF8D4A00CEA0A01BDF8B6
:1063900004C04CEA0C4C0CEA0A02A2EB010C0CFB08
:1063A00000FC01EB5C1C0CEA0A0343EA134C1FFAE5
:1063B0008CFCCDF800C0BDF800A0D446CDF80CC0D0
:1063C000BDF80C00ADF8140011E0FFE715B9E06866
:1063D00005900BE0FF2D02D12069059006E0D4E97D
:1063E0000310401A684301EB2020059000BF00BF56
:1063F0004FF00109FA6852F83600A18804AAF6F7AE
:1064000099FD78B1DDE9041088420BD1BDF8140084
:10641000BDF81010884205D1DDE90410884201D191
:106420004FF00009FA6852F83600A188059AF7F78C
:10643000E8F8B9F1000F04D0A288A1682068F4F749
:10644000CFF806E0761C788CC0F3C500B0423FF66A
:1064500022AF00BF06B0BDE8F08700001FF8E007DC
:106460002DE9F05F8146D9F800402568B4F804A012
:106470004FF0000B2D48CEF750FE064615E0A64221
:106480000ED03068216888420AD1B068A16888427D
:1064900006D1B088A188884202D14FF0010B06E0F6
:1064A00031462248CEF751FE0646002EE7D100BF06
:1064B000BBF1000F38D100272FE0E86800EBC700E0
:1064C0004068C0F3406038B3E86800EBC70040683C
:1064D00020F07F40A16888421ED121461348CEF7A4
:1064E0009BFE2046EEF7C0FFE86800EBC708514668
:1064F000D8F80000F6F75AFEE96851F83700F6F7C9
:10650000A0FD40B1D8F8040020F07F422846D8F81A
:106510000010F4F70EF905E07F1C688CC0F3C5008D
:10652000B842CAD800BF00BFBDE8F09FB4D605246A
:106530002DE9F04105462C68A068F4F726FF804657
:10654000A28841462068F2F765FCE060A68800203A
:10655000A080234632464146206800F00DF8A68010
:10656000A1682068DDF793F90746A1883868E268DA
:10657000F7F747F8BDE8F0812DE9F05F05460E46D4
:1065800090469A464FF0000B2848CEF7EBFD0446A4
:1065900046E0544500D145E021462448CEF7DCFDD5
:1065A00081462068A8423AD1A068B04202D0B6F530
:1065B000702F34D1A088404503D04FF6FF7080453E
:1065C0002DD1002725E0E86800EBC7004068C0F344
:1065D0004060E8B1B6F5702F07D0E86800EBC7005F
:1065E000406820F07F40B04212D1EA6852F837008C
:1065F000A188F6F7DBFD00212046E3F745FA2146A6
:106600000A48CEF709FE2046EEF72EFF4FF0010BA9
:106610007F1C688CC0F3C500B842D4D800BF4C467C
:10662000002CB6D100BF5846BDE8F09FB4D6052473
:10663000024610880B88C01A70472DE9F14F86B0CA
:10664000ECF7FEFE8346BBF1000F02D107B0BDE8B8
:10665000F08F0698EAF7B1FC06460698EAF70EFDB9
:10666000804644465020005DC0F3400000B9EDE78D
:106670005846ECF73AFF022804D05846ECF735FFAD
:10668000042800D1E2E704A9606AF0F7F9FF03A942
:106690005846ECF7EFFE02A95846ECF72DFFBDF97E
:1066A0000C00002803DBBDF90E00002800DACDE75E
:1066B000BDF80C00BDF81010401A00B2ADF804008F
:1066C000BDF80E00BDF81210401A00B2ADF8060079
:1066D000606AF2F7C6FD8246656ABDF904000028CB
:1066E00003DA00274FF0010913E0BDF9040050451B
:1066F00004DB47F6FF774FF001090AE001A9606A61
:10670000EDF79AFB87B201A9606AEDF729FE80F0E8
:10671000010994F85C00C0F3400010B394F85C00E9
:1067200000F00100A8B9B9F1000F12D1012E10D16B
:1067300067654FF6FF70A06594F85C0020F00100DB
:10674000401C84F85C004FF440714046F0F7AAF911
:1067500016E094F85C0000F0010018B1022E01D19F
:10676000A7650DE094F85C0000F0010040B1032E35
:1067700001D0082E04D14FF440714046EFF776FC6B
:1067800094F85C0000F0010008B9012E03D13946ED
:106790004046F8F737F894F85C0000F00100E8B3E1
:1067A000D4E9150188420FD9E86BA16D884203D165
:1067B000286C616D88422AD0A06DE863606D286402
:1067C0004046F3F748F922E0D4E9150188420FD298
:1067D000E86B616D884203D1286CA16D884216D0A8
:1067E000606DE863A06D28644046F3F734F90EE06D
:1067F0004FF6FF71E86B884202D1286C884206D0C0
:106800004FF6FF70E86328644046F3F724F9032E3F
:1068100001D0082E07D194F85C0000E003E020F0DE
:10682000010084F85C0000BF10E701460A69D1E965
:1068300001309860D1E9010358605068884201D165
:1068400088685060002008611068401E1060106861
:10685000704700F1080141604FF0FF31816000F1A5
:106860000801C160016100210160704700210161E0
:10687000704710B502460B685C1C0CB9106907E044
:1068800002F1080000E04068446824689C42FAD99C
:1068900044684C604C68A160886041600A6114687B
:1068A000641C146010BD42684A6093688B609368F2
:1068B00059609160086103685B1C036070470000C9
:1068C00010B500BF502072B680F31188BFF34F8F10
:1068D000BFF36F8F62B600BF0B480068401C0A49C7
:1068E00008600846006801280DD108480068C0B259
:1068F00008B9012000E0002028B94FF4D37204A1A8
:1069000013A0C9F7EDFB10BD2C01002404ED00E03D
:106910002E2E5C2E2E5C4D6964646C657761726509
:10692000735C4672656552544F535C706F7274614C
:10693000626C655C525644535C41524D5F434D3727
:106940005C723070315C706F72742E6300000000F6
:106950004572726F723A2025732C2025640D0A004F
:1069600010B50B48006828B940F2AD1209A119A072
:10697000C9F7B6FB06480068401E0549086008468E
:10698000006820B9002080F3118800BF00BF10BD4F
:106990002C0100242E2E5C2E2E5C4D6964646C65E7
:1069A00077617265735C4672656552544F535C70D3
:1069B0006F727461626C655C525644535C41524D17
:1069C0005F434D375C723070315C706F72742E6350
:1069D000000000004572726F723A2025732C20254A
:1069E000640D0A0070B506463546002E3AD0083DC3
:1069F0002C461D4960680968084008B1012000E084
:106A0000002028B94FF4927218A126A0C9F768FB9C
:106A1000206808B9012000E0002028B940F22512C2
:106A200012A120A0C9F75CFB0F4960680968084003
:106A3000C0B12068B0B90C496068096888436060DB
:106A4000CAF7FDFD1B4960680968084419490860D8
:106A50002046F9F7D9FF18480068401C164908601D
:106A6000CAF7F2FD70BD0000280100242E2E5C2E16
:106A70002E5C4D6964646C6577617265735C467207
:106A8000656552544F535C706F727461626C655CE3
:106A90004D656D4D616E675C686561705F342E6336
:106AA000000000004572726F723A2025732C202579
:106AB000640D0A00180100242401002400204FF076
:106AC000E02108618861064800684FF47A71B0FBE4
:106AD000F1F0401E4FF0E021486107200861704747
:106AE000000000242DE9F04106460F462EB940F67D
:106AF000C82211A119A0C9F7F3FA0025BFB10024DB
:106B000012E01A4800EBC4004068B04203D11748B5
:106B100000EBC4050AE035B9144850F8340010B948
:106B2000124800EBC405641C082CEAD300BF0DB169
:106B30002F606E60BDE8F0812E2E5C2E2E5C4D69BC
:106B400064646C6577617265735C46726565525406
:106B50004F535C71756575652E6300004572726FE9
:106B6000723A2025732C2025640D0A00C0DA042413
:106B70002DE9F04105460E4617462C46FFF7A0FECC
:106B800094F94400401C10B9002084F8440094F9A2
:106B90004500401C10B9002084F84500FFF7E0FED6
:106BA000A06B28B93A46314604F12400CAF75BFDD0
:106BB0002046FAF7A8F9BDE8F08100002DE9F04180
:106BC00005462846EAF75AFA06463046F0F7FEFD33
:106BD00007463846E4F7D2FF044601213046F0F775
:106BE00090FC804694F90200401E054951F820307F
:106BF000228804A14046EEF795F8BDE8F081000038
:106C0000A001002425642025730000002DE9F04731
:106C100005462846EAF732FA06463046F0F7D6FD32
:106C200007463846E4F7AAFF044600213046F0F74D
:106C300068FC8046208840F2E772101A81B2404614
:106C4000EAF781F901213046F0F75BFC814694F9BF
:106C50000200401E81B24846EAF775F9BDE8F087A8
:106C60002DE9F843814600BF00BF4C46B4F92E0021
:106C700010F5004F01D1BDE8F883A08D07B2A08DBB
:106C8000618D884203DAA08D00F5B47007B294F8E4
:106C90003400C0F3410000284FD0012802D0022860
:106CA0005CD139E0618DC81900EBD07149100EB28A
:106CB000B4F93010B4F93220881800EBD0714910C3
:106CC0000FFA81F8B4F92E00404512DA0096638D70
:106CD000B4F93010B4F92E004246EEF7E3FA05B2EB
:106CE000A9B24846E3F7CFFCB1B24846E3F77AFCD5
:106CF00011E00097B4F93220B4F92E003346414632
:106D0000EEF7D0FA05B2B1B24846E3F7BCFCA9B23F
:106D10004846E3F767FC24E00097638DB4F932201E
:106D2000B4F93010B4F92E00EEF7BCFA05B2A28D1A
:106D3000A9B24846E3F7BAFB13E00097638DB4F9B4
:106D40003220B4F93010B4F92E00EEF7ABFA05B2E8
:106D5000AAB2618D4846E3F7A9FB02E000BF00BF7D
:106D600089E700BFA58700BF85E700001CB53F4C41
:106D7000204600780190FF202146087008460078E0
:106D800000909DF8000000F0F0009DF8001088428F
:106D900001D1012000E0002028B940F24D1234A1B9
:106DA00043A0C9F79DF99DF8000000F05000444948
:106DB000087007204349086009E042480068401E07
:106DC000404908609DF800004006000E00909DF8C4
:106DD000000000F080008028EFD03A480068C0F141
:106DE0000700042801D1012000E0002028B940F26A
:106DF00061121FA12EA0C9F773F932480068C0F1D3
:106E00000700042801D1012000E0002028B94FF438
:106E1000B57217A126A0C9F763F92A4800680002D5
:106E2000284908600846008800F4E06008600F49BF
:106E3000019808702448006840F4700022490860F6
:106E40000846006840F070400860FFF737FE0020F9
:106E50001E490860C9F706F91D48006840F0404027
:106E60001B490860C9F7EAF800201CBD00E400E0F7
:106E70002E2E5C2E2E5C4D6964646C6577617265A4
:106E8000735C4672656552544F535C706F727461E7
:106E9000626C655C525644535C41524D5F434D37C2
:106EA0005C723070315C706F72742E630000000091
:106EB0004572726F723A2025732C2025640D0A00EA
:106EC000300100243401002420ED00E02C010024D6
:106ED00034EF00E010B500BF502072B680F3118887
:106EE000BFF34F8FBFF36F8F62B600BFCAF7C0FB0F
:106EF00018B14FF080500449086000BF002080F3B3
:106F0000118800BF10BD000004ED00E02DE9F8433A
:106F100005460E4617460024E5B1601EB0FBF5F0AD
:106F2000B04217D305FB06F010F1550F12D805FB40
:106F300006F909F15400FAF72FF804468CB1A0467F
:106F400008F154083B464246314628460094F9F77A
:106F500043FD06E02CB94FF4E37203A10BA0C9F77F
:106F6000BFF82046BDE8F8832E2E5C2E2E5C4D69BE
:106F700064646C6577617265735C467265655254D2
:106F80004F535C71756575652E6300004572726FB5
:106F9000723A2025732C2025640D0A002DE9F0415A
:106FA00005460E4601272C462CB94FF488722CA1B9
:106FB00034A0C9F795F8002C42D0E06B00283FD0F0
:106FC0004FF0FF31E06BB1FBF0F0216C884237D31A
:106FD000FFF776FCD4E90F12206801FB0200A060E5
:106FE0000020A06320686060E06B401E226C216876
:106FF00000FB0211E160FF2084F8440084F84500A2
:107000009EB9206908B9012000E00020A8B904F168
:107010001000CAF70FFB80B14FF080501D49086087
:10702000BFF34F8FBFF36F8F07E004F11000FFF73E
:1070300010FC04F12400FFF70CFCFFF791FC00E0CA
:1070400000270FB1012000E0002028B940F24512CE
:1070500003A10CA0C9F744F83846BDE8F081000050
:107060002E2E5C2E2E5C4D6964646C6577617265B2
:10707000735C4672656552544F535C7175657565F6
:107080002E6300004572726F723A2025732C202502
:10709000640D0A0004ED00E02DE9F74183B00546D8
:1070A0000E464FF000082C462CB940F251524CA12C
:1070B00054A0C9F715F80EB9206C08B9012000E0FA
:1070C000002028B940F2555245A14EA0C9F708F852
:1070D000CAF7D3FA08B9059808B9012000E00020E2
:1070E00028B940F25A523EA146A0C8F7F9FF00BFA6
:1070F000FFF7E6FBA76BF7B131462046F9F7C6FB71
:10710000781EA063206908B9012000E0002060B962
:1071100004F11000CAF78EFA38B14FF080503D49A3
:107120000860BFF34F8FBFF36F8FFFF719FC01208B
:1071300006B0BDE8F081059818B9FFF711FC0020F2
:10714000F6E7B8F1000F04D101A8CAF79BFA4FF097
:107150000108FFF705FCCAF772FAFFF7B1FB94F9D3
:107160004400401C10B9002084F8440094F9450004
:10717000401C10B9002084F84500FFF7F1FB05A979
:1071800001A8CAF784FAF0B92046F9F79DFCA0B12E
:1071900004F124000599CAF77FFA2046F9F7B3FEF7
:1071A000CAF752FA0028A3D14FF08050194908605D
:1071B000BFF34F8FBFF36F8F9AE72046F9F7A3FE17
:1071C000CAF742FA94E72046F9F79DFECAF73CFA5F
:1071D0002046F9F779FC00288AD00020A8E70000B3
:1071E0002E2E5C2E2E5C4D6964646C657761726531
:1071F000735C4672656552544F535C717565756575
:107200002E6300004572726F723A2025732C202580
:10721000640D0A0004ED00E01CB50024F9F704FB3E
:107220000B48006858B10B481F2100234FF48072AF
:10723000CDE9001008A10A48CAF7DEF904462CB9C6
:1072400040F2191207A110A0C8F74AFF20461CBD42
:107250000001002404010024546D72205376630061
:10726000ED0E03902E2E5C2E2E5C4D6964646C65D1
:1072700077617265735C4672656552544F535C74F6
:10728000696D6572732E63004572726F723A2025C4
:10729000732C2025640D0A002DE9F843044620468E
:1072A000E9F7ECFE07462046E9F7EBFE8046384654
:1072B000E9F7B8FB05464046E4F760FC064630684F
:1072C000009040F2E770401B80B2ADF800009DF9DD
:1072D0000220BDF800104046E4F758FCBDE8F883F2
:1072E000C9F709BB0000000000000000000000001A
:1072F000000000003F4000000000000000003000DF
:10730000400030004000000009000BC03D000BC0F1
:107310003D00090018C024407FE022403180000079
:10732000180024C01B000D803240018003801C40E7
:1073300027401C8007400040100060000000000053
:10734000000000000000000000001F8020404020DE
:107350000000402020401F800000000009000600BF
:107360001F80060009000000040004003F800400A4
:107370000400000000100060000000000000000099
:1073800004000400040004000400000000000040A9
:107390000000000000000000002001C006003800CE
:1073A000400000001F802040204020401F8000003F
:1073B000000010403FC000400000000018C0214005
:1073C00022402440184000001080204024402440E7
:1073D0001B80000002000D0011003FC001400000B2
:1073E0003C80244024402440238000001F8024400F
:1073F00024403440038000003000200027C03800C3
:10740000200000001B802440244024401B800000FA
:107410001C0022C0224022401F800000000000000B
:1074200008400000000000000000000004600000B0
:1074300000000000000004000A001100208040400D
:10744000090009000900090009000000000040408F
:10745000208011000A0004001800200023402400AE
:10746000180000001F802040274029401F400000D6
:10747000004007C039000F0001C0004020403FC05D
:10748000244024401B8000001F80204020402040DA
:107490003080000020403FC0204020401F8000007E
:1074A00020403FC024402E4030C0000020403FC05C
:1074B00024402E00300000000F00108020402240A9
:1074C0003380020020403FC0040004003FC0204041
:1074D000204020403FC0204020400000006020208D
:1074E00020203FC02000200020403FC024400B004F
:1074F00030C0204020403FC020400040004000C03D
:107500003FC03C0003C03C003FC0000020403FC0E3
:107510000C4023003FC020001F802040204020401E
:107520001F80000020403FC02440240018000000BD
:107530001F802140214020E01FA0000020403FC0CC
:107540002440260019C0004018C024402440224096
:1075500031800000300020403FC02040300000005B
:1075600020003F80004000403F80200020003E007F
:1075700001C0070038002000380007C03C0007C0E9
:1075800038000000204039C0060039C0204000000B
:107590002000384007C0384020000000304021C0A3
:1075A0002640384020C00000000000007FE040205E
:1075B00040200000000070000C000380004000002C
:1075C0000000402040207FE000000000000020007C
:1075D000400020000000000000100010001000100B
:1075E000001000100000000040000000000000003B
:1075F000000002800540054003C0004020003FC05D
:107600000440044003800000000003800440044064
:107610000640000000000380044024403FC00040BA
:1076200000000380054005400340000000000440C6
:107630001FC0244024402000000002E005500550F7
:107640000650042020403FC00440040003C0004016
:107650000000044027C0004000000000001000109F
:10766000041027E00000000020403FC00140070058
:1076700004C00440204020403FC0004000400000C3
:1076800007C0040007C0040003C00000044007C096
:107690000440040003C00040000003800440044094
:1076A00003800000041007F0045004400380000031
:1076B000000003800440045007F00010044007C09D
:1076C00002400400040000000000064005400540A0
:1076D00004C00000000004001F80044000400000BF
:1076E000040007800040044007C000400400070079
:1076F00004C0018006000400060001C0070001C0AC
:1077000006000000044006C0010006C0044000005E
:107710000410071004E0018006000400000004408B
:1077200005C00640044000000000000004007BE0AB
:1077300040200000000000000000FFF000000000FA
:10774000000040207BE004000000000040008000BA
:107750004000200020004000000000000000000069
:1077600000000000000000000000000000001FCC2E
:10777000000C000000000000000008003000600065
:107780000800300060000000022003FC1E200220E0
:1077900003FC1E200220000000000E1811043FFF11
:1077A00010840C78000000000F0010840F3800C017
:1077B000077818840078000000780F8410C4112422
:1077C0000E9800E4008400080800680070000000C3
:1077D000000000000000000000000000000007E0C2
:1077E000181820044002000000004002200418186D
:1077F00007E00000000000000240024001800FF09E
:1078000001800240024000000080008000800FF8EC
:1078100000800080008000000001000D000E0000CC
:1078200000000000000000000000008000800080D8
:1078300000800080008000800000000C000C000030
:1078400000000000000000000000000600180060BA
:107850000180060018002000000007F0080810044E
:107860001004080807F000000000080408041FFCCA
:10787000000400040000000000000E0C101410248E
:10788000104411840E0C000000000C1810041104A8
:10789000110412880C700000000000E00320042492
:1078A00008241FFC0024000000001F98108411040D
:1078B0001104108810700000000007F008881104FF
:1078C000110418880070000000001C00100010FC5B
:1078D00013001C001000000000000E38114410843A
:1078E000108411440E38000000000700088C10447A
:1078F0001044088807F00000000000000000030C9E
:10790000030C000000000000000000000001010660
:107910000000000000000000000000800140022084
:107920000410080810040000022002200220022097
:1079300002200220022000000000100408080410A9
:10794000022001400080000000000E001200100C18
:10795000106C10800F00000003E00C1813E41424D6
:1079600017C4082807D000000004003C03C41C40D2
:10797000074000E4001C000410041FFC1104110463
:1079800011040E880070000003E00C1810041004AD
:10799000100410081C10000010041FFC1004100438
:1079A0001004080807F0000010041FFC1104110463
:1079B00017C410040818000010041FFC1104110063
:1079C00017C010000800000003E00C181004100499
:1079D00010441C780040000010041FFC108400803C
:1079E000008010841FFC10040000100410041FFC11
:1079F0001004100400000000000300011001100139
:107A00001FFE10001000000010041FFC1104038072
:107A10001464181C1004000010041FFC100400045F
:107A200000040004000C000010041FFC1F0000FCF8
:107A30001F001FFC1004000010041FFC0C040300B6
:107A400000E010181FFC100007F0080810041004D4
:107A50001004080807F0000010041FFC10841080B8
:107A6000108010800F00000007F008181024102468
:107A7000101C080A07F2000010041FFC110411007A
:107A800011C011300E0C000400000E1C11041084F3
:107A9000108410441C3800001800100010041FFC53
:107AA000100410001800000010001FF8100400045B
:107AB000000410041FF8100010001E0011E0001C4C
:107AC000007013801C0010001FC0103C00E01F005D
:107AD00000E0103C1FC000001004180C163401C058
:107AE00001C01634180C100410001C00130400FC14
:107AF00013041C00100000000804101C1064108403
:107B000013041C04101800000000000000007FFE99
:107B10004002400240020000000030000C000380E0
:107B20000060001C00030000000040024002400210
:107B30007FFE000000000000000000002000400068
:107B40004000400020000000000100010001000191
:107B50000001000100010001000040004000200081
:107B60000000000000000000000000980124014413
:107B70000144014400FC000410001FFC00880104C3
:107B800001040088007000000000007000880104FB
:107B90000104010400880000000000700088010456
:107BA000010411081FFC0004000000F80144014416
:107BB0000144014400C800000000010401040FFC5E
:107BC0001104110411001800000000D60129012938
:107BD000012901C90106000010041FFC00840100F6
:107BE0000100010400FC000400000104190419FC58
:107BF0000004000400000000000000030001010177
:107C0000190119FE0000000010041FFC00240040B0
:107C100001B4010C010400000000100410041FFC5A
:107C20000004000400000000010401FC0104010044
:107C300001FC0104010000FC010401FC00840100BE
:107C40000100010400FC0004000000F8010401042C
:107C50000104010400F80000010101FF0085010496
:107C6000010400880070000000000070008801041A
:107C70000104010501FF00010104010401FC00846D
:107C80000104010001800000000000CC0124012457
:107C9000012401240198000000000100010007F800
:107CA0000104010400000000010001F800040004C8
:107CB0000004010801FC0004010001800170000CB7
:107CC000001001600180010001F0010C003001C0D2
:107CD0000030010C01F0010000000104018C00746F
:107CE0000170018C01040000010101810171000E8D
:107CF000001801600180010000000184010C0134C2
:107D000001440184010C000000000000000000009C
:107D100001003EFC400240020000000000000000A4
:107D2000FFFF0000000000000000400240023EFC97
:107D300001000000000000000000600080008000E2
:107D40004000400020002000000000000000000073
:107D50000000000000000000000000000000000023
:107D60000000000000000000000000000000000013
:107D700000000000000000000000000F80380FFE2F
:107D8000380F8038000000000000000000000000F4
:107D90000000000000000100000600000C00003898
:107DA00000003100000600000C0000380000300028
:107DB000000000000000000061800067F807F98003
:107DC0000061800061800061800061800067F807C9
:107DD000F98000618000000000000000000001C088
:107DE000E003E0F00630080418081FFFFE040E0848
:107DF0000787F00381E000000000000001F00006AA
:107E00000C00040408060C7001F9C0000E00003BD1
:107E1000E000EC18070808040C180003E00000005C
:107E20000001E00007F003F818041C080417080715
:107E3000E1D003C0E00023B0003C080020080000AF
:107E400010000000000000010000310000320000BE
:107E50001C00000000000000000000000000000006
:107E60000000000000000000000000000000000012
:107E700000000000000000007F0001FFC00780F04C
:107E80000C00181000042000020000000000002078
:107E900000021000040C00180780F001FFC0007FF2
:107EA00000000000000000000000000000000000D2
:107EB000000000004200006600006600003C000078
:107EC000180003FFC0001800003C000066000066B8
:107ED0000000420000000000080000080000080048
:107EE00000080000080001FFC000080000080000B2
:107EF0000800000800000800000000000001000069
:107F00003100003200001C000000000000000000F2
:107F10000000000000000000000000000000000061
:107F20000800000800000800000800000800000821
:107F30000000080000080000080000080000000021
:107F40000000000000000000380000380000380089
:107F50000000000000000000000000000000000021
:107F60000000000000000000000600001C0000707F
:107F7000000180000E0000380000C0000700001C57
:107F80000000300000000000000000007F8001FFC2
:107F9000E0038070060018040008040008060018BA
:107FA00003807001FFE0007F8000000000000000FF
:107FB000000001000801000801000803FFF807FFA6
:107FC000F8000008000008000008000000000000A1
:107FD00000000001C03802C05804009804011804D1
:107FE0000218040418061C1803F81801E0F8000031
:107FF0000000000000000001C0E003C0F004000821
:1080000004080804080806180803F41801E7F0003B
:1080100001E0000000000000000000000300000D6F
:108020000000110000610000810803010807FFF84B
:108030000FFFF80001080001080000000000000028
:1080400000E007FCD0060808061008061008061015
:1080500008061838060FF00607C0000000000000F0
:10806000000000003F8001FFE00384300208180494
:108070001008041008041008071810030FF0000778
:10808000C000000000000000000003C00007000066
:108090000600000600F80607F806180006E00007CC
:1080A000000006000000000000000001E1E003F70E
:1080B000F0063410041808041808040C08040C080E
:1080C00006161803F3F001C1E000000000000000F4
:1080D000F80003FC30030638040208040208040216
:1080E000080404100308F001FFC0007F0000000036
:1080F0000000000000000000000000000000000080
:108100007038007038007038000000000000000077
:10811000000000000000000000000000000000005F
:1081200000000000301A00301C00000000000000B9
:108130000000000000000000000000000000000837
:108140000000140000220000410000808001004077
:1081500002002004001008000800000000000000D9
:108160002100002100002100002100002100002149
:10817000000021000021000021000021000000007B
:1081800000000000000008000804001002002001A8
:108190000040008080004100002200001400000820
:1081A0000000000000000003C00004C00004000044
:1081B000080038080F380808380810000C3000078D
:1081C000E00003C000000000000000003F8000FF4E
:1081D000E0038070020F1006708804C088048308D2
:1081E000047F8802C09003012000FE4000000800C8
:1081F00000180001F8003E0801C20007020007E273
:108200000000FE00001FC80001F800003800000850
:1082100004000807FFF807FFF8040808040808042A
:10822000080804080806180803F41801E7F000011C
:10823000E0000000000000003F8001FFE0038070CC
:1082400002001804000804000804000804001006D6
:1082500000200780C000000004000807FFF807FFA7
:10826000F8040008040008040008040018020010C4
:1082700003807001FFE0007F800000000400080719
:10828000FFF807FFF80408080408080408080408B1
:1082900008043E0804000806001801006000000001
:1082A00004000807FFF807FFF804080804080004A2
:1082B0000800040800043E000600000600000180DB
:1082C00000000000000000003F8001FFE00380701C
:1082D0000600180400080402080402080203F0075C
:1082E00083F000020000020004000807FFF807FF07
:1082F000F804080800080000080000080000080052
:1083000004080807FFF807FFF80400080000000051
:10831000000004000804000804000807FFF807FF35
:10832000F804000804000804000800000000000031
:108330000000000000060000070000010400010426
:10834000000104000307FFFE07FFFC040000040017
:108350000004000004000807FFF807FFF8040C08F9
:10836000001800003E0004C7800503C80600F8049A
:10837000003804001800000804000807FFF807FF91
:10838000F8040008000008000008000008000008C9
:10839000000008000018000060000000040008074A
:1083A000FFF807800807FC00007FC00003F8000703
:1083B000C000780007800807FFF807FFF8040008EE
:1083C00004000807FFF807000803C00000E00000F1
:1083D0003800001E000007000001C00400F007FF85
:1083E000F8040000000000007F8001FFE0038070BF
:1083F00006001804000804000806001803003001F5
:10840000FFE0007F8000000004000807FFF807FF7E
:10841000F804040804040004040004040004040034
:10842000060C0003F80001F000000000000000004E
:108430007F8001FFE003807006008804008804004C
:10844000C806003C03003E01FFE6007F84000000F8
:1084500004000807FFF807FFF804080804080004F0
:108460000C00040F00040BC00610F003F03801E00C
:108470000800000800000001E0F803F030063010AA
:10848000041808041808040C08040C080206180252
:1084900007F00781E00000000180000600000400F2
:1084A0000004000004000807FFF807FFF8040008B4
:1084B0000400000400000600000180000400000722
:1084C000FFE007FFF00400180000080000080000AB
:1084D0000800000800000804001007FFE004000086
:1084E00004000006000007E00007FE00041FE00093
:1084F00001F80000380001E0043E0007C00006005B
:108500000004000004000007E00007FFC0041FF89B
:108510000007C007F80007FF80043FF80007C00409
:10852000F800070000040000000000040008060036
:108530001807C07805F1C8003E00001F800463E8FA
:108540000780F80600180400080000000400000678
:10855000000007800007E008047C08001FF80007FF
:10856000F800180804E008070000060000040000F6
:108570000000000100080600380400F80403E804C5
:108580000F08047C0805F00807C00807001804005D
:10859000600000000000000000000000000000007B
:1085A0000000003FFFFE2000022000022000022009
:1085B000000220000200000000000000000008008F
:1085C0000007000000C0000038000006000001C0E5
:1085D00000003000000E000001000000000000005C
:1085E00000002000022000022000022000022000E3
:1085F000023FFFFE0000000000000000000000003D
:108600000000000000000000000800001000003022
:1086100000002000003000001000000800000000F2
:108620000000000000000100000100000100000146
:108630000000010000010000010000010000010035
:108640000001000001000001000000000000000027
:1086500000200000200000100000100000000000BA
:10866000000000000000000000000000000000000A
:1086700000F00019F8001B1800220800260800244A
:1086800008002410003FF8001FF800000800001840
:1086900000000004000007FFF80FFFF000181800AA
:1086A0001008002008002008003018001FF0000FFC
:1086B000C00000000000000007C0001FF0001830DC
:1086C000002008002008002008003C08001C1000C2
:1086D00000600000000000000000000007C0001F54
:1086E000F0003818002008002008002008041010AE
:1086F00007FFF80FFFF0000010000000000000006E
:1087000000000007C0001FF00012300022180022F5
:1087100008002208003208001E10000E2000000091
:1087200000000000200000200800200801FFF803DE
:10873000FFF8062008042008042008072000030092
:108740000000000000000000000E000E6E001FF38D
:108750000031B10020B10020B1003191001F1300A1
:108760002E1E00200E00300000000004000807FF4D
:10877000F80FFFF80010080020000020000020087B
:10878000003FF8001FF80000080000000000000093
:108790000000002008002008002008063FF8063FDF
:1087A000F8000008000008000008000000000000B9
:1087B0000000000000000000030000030020010092
:1087C0002001002003063FFE063FFC0000000000E1
:1087D0000000000000000004000807FFF80FFFF889
:1087E000000188000300002FC00038F80020380086
:1087F0002008000008000000000000000000040045
:108800000804000804000807FFF80FFFF80000083C
:108810000000080000080000000000000020080020
:108820003FF8003FF8001008002000003FF8003F2C
:10883000F8001008002000003FF8003FF800000892
:10884000000000002008003FF8003FF8001008007A
:108850001000002000002008003FF8001FF8000072
:10886000080000000000000007C0000FF0001830F2
:1088700000300800200800200800300800183000F0
:108880000FF00007C0000000000000002001003FC2
:10889000FF003FFF00101100200900200800200801
:1088A000003038001FF0000FC00000000000000082
:1088B00007C0001FF0003818002008002008002022
:1088C00009001011001FFF003FFF00000100000021
:1088D000002008002008002008003FF8003FF800B2
:1088E00008080010080020080020000030000030B8
:1088F00000000000000000000000000C78001E18BE
:108900000033080023080021080021880021980076
:1089100030F000386000000000000000200000205F
:108920000000200000FFF003FFF8002008002008EE
:1089300000200800003000000000000000000000DF
:108940002000003FF0007FF8000018000008000041
:1089500008002010003FF8007FF000001000000029
:10896000000000002000003000003C00003F8000BC
:1089700023F0000078000070002380003C000030ED
:1089800000002000002000003C00003FE00023F831
:108990000000E0002700003E00003FE00021F8005A
:1089A00001E0003E00002000000000002008002040
:1089B00008003838003E680027800003C8002CF803
:1089C00000383800201800200800000000000000D7
:1089D0002000003003003C01003F830023EC000036
:1089E00070002380003C00002000002000000000F8
:1089F0000000000000000038080020380020F800C7
:108A000023E8002F88003E080038080020180000E6
:108A100070000000000000000000000000000000E6
:108A20000000000008000014001FF7FC30000620C2
:108A30000002000000000000000000000000000034
:108A400000000000000000000000FFFFFF00000029
:108A50000000000000000000000000000000000016
:108A600000002000023000061FF7FC001400000880
:108A700000000000000000000000000000000000F6
:108A800000000018000060000040000040000020CE
:108A900000001000000800000400000400000C00AA
:108AA00000100000000000000000000000000000B6
:108AB00000000000000000000000000000000000B6
:108AC00000000000000000000000000000000000A6
:108AD0000000000000000000000000000000000096
:108AE0000000000000000000000000000000000086
:108AF0000000000000000000000000000000000076
:108B00000000000000000000000000000000000065
:108B10000000000000000000000000000000000055
:108B20000000000000000000000000000000000045
:108B300000000000000000000000000007F000C07E
:108B400007FFE1E007F001E0000000C000000000C6
:108B50000000000000000000000000000000000015
:108B60000000000000000000000000000000000005
:108B700000000000000000000000000000000000F5
:108B800000000000000000000000000000000000E5
:108B900000000000000000000000000000000000D5
:108BA00000000000000000000000000000200000A5
:108BB00001C00000078000001F0000001E00000030
:108BC0001C20000001C00000078000001F00000002
:108BD0001E0000001C00000000000000000000005B
:108BE0000000000000000000000000000000000085
:108BF0000000000000000000000000000000000075
:108C00000000000000000000000000000000000064
:108C10000000000000000000000000000000000054
:108C2000000000000000000000180C0000180C00FC
:108C300000180FE0001FFC0003F80C0000180C00E7
:108C400000180C0000180C0000180C0000180FE0B1
:108C5000001FFC0003F80C0000180C0000180C00AA
:108C60000000000000000000000000000000000004
:108C700000000000000000000000000000000000F4
:108C800000000000000000000000000000000000E4
:108C900000000000000000000000000000000000D4
:108CA000000000000000000000000000000007803D
:108CB000007807C000FC0640010E002003070020DA
:108CC000020380200FFFFFFC0201C0200200E060D1
:108CD0000130704001F03F8000F01F0000000000F4
:108CE0000000000000000000000000000000000084
:108CF0000000000000000000000000000000000074
:108D00000000000000000000000000000000000063
:108D10000000000000000000000000000000000053
:108D20000000000000FE000001FF000003018000C1
:108D300002008060030181C001FF070000FE1800EF
:108D40000000E0000003BF00000CFFC00071806065
:108D500001C10020030180600000FFC000003F004F
:108D60000000000000000000000000000000000003
:108D700000000000000000000000000000000000F3
:108D800000000000000000000000000000000000E3
:108D900000000000000000000000000000000000D3
:108DA0000000000000001F0000007FC000FCC0C0E9
:108DB00001FF80600303E0200202782002061E20EB
:108DC00003FC074001F00380000103C000011C60A8
:108DD0000001E020000100200001004000000180AF
:108DE0000000000000000000000000000000000083
:108DF0000000000000000000000000000000000073
:108E00000000000000000000000000000000000062
:108E10000000000000000000000000000000000052
:108E20000000000000000000002000001C600000A6
:108E30001C4000001F8000000F0000000000000028
:108E40000000000000000000000000000000000022
:108E50000000000000000000000000000000000012
:108E60000000000000000000000000000000000002
:108E700000000000000000000000000000000000F2
:108E800000000000000000000000000000000000E2
:108E900000000000000000000000000000000000D2
:108EA00000000000000000000000000000000000C2
:108EB00000000000000000000000000000000000B2
:108EC0000007F800003FFF00007807C001C000E085
:108ED0000300003004000008080000041000000235
:108EE0000000000000000000000000000000000082
:108EF0000000000000000000000000000000000072
:108F00000000000000000000000000000000000061
:108F10000000000000000000000000000000000051
:108F20000000000000000000100000020800000423
:108F3000040000080300003001C000E0007807C012
:108F4000003FFF000007F8000000000000000000E4
:108F50000000000000000000000000000000000011
:108F60000000000000000000000000000000000001
:108F700000000000000000000000000000000000F1
:108F800000000000000000000000000000000000E1
:108F900000000000000000000000000000000000D1
:108FA000000000000000000000000000000C18009D
:108FB000000E3800000E380000063000000360008C
:108FC0000061438000FFFF800061430000036000F8
:108FD00000063000000E3800000E3800000C1800AB
:108FE0000000000000000000000000000000000081
:108FF0000000000000000000000000000000000071
:109000000000000000000000000000000000000060
:109010000000000000000000000000000000000050
:1090200000000000000000000000000000008000C0
:109030000000800000008000000080000000800030
:1090400000008000007FFF00000080000000800022
:109050000000800000008000000080000000800010
:109060000000000000000000000000000000000000
:1090700000000000000000000000000000000000F0
:1090800000000000000000000000000000000000E0
:1090900000000000000000000000000000000000D0
:1090A000000000000000000000000001000000E3DC
:1090B000000000E2000000FC00000078000000005A
:1090C00000000000000000000000000000000000A0
:1090D0000000000000000000000000000000000090
:1090E0000000000000000000000000000000000080
:1090F0000000000000000000000000000000000070
:10910000000000000000000000000000000000005F
:10911000000000000000000000000000000000004F
:10912000000000000000000000008000000080003F
:10913000000080000000800000008000000080002F
:10914000000080000000800000008000000080001F
:10915000000080000000800000008000000080000F
:1091600000000000000000000000000000000000FF
:1091700000000000000000000000000000000000EF
:1091800000000000000000000000000000000000DF
:1091900000000000000000000000000000000000CF
:1091A000000000000000000000000000000000C0FF
:1091B000000001E0000001E0000000C0000000002D
:1091C000000000000000000000000000000000009F
:1091D000000000000000000000000000000000008F
:1091E000000000000000000000000000000000007F
:1091F000000000000000000000000000000000006F
:10920000000000000000000000000000000000005E
:10921000000000000000000000000000000000004E
:1092200000000000000000000000000C00000038FA
:10923000000000E00000038000000E000000380085
:109240000000E00000038000000E00000038000075
:1092500000E00000038000000E0000001800000085
:1092600000000000000000000000000000000000FE
:1092700000000000000000000000000000000000EE
:1092800000000000000000000000000000000000DE
:1092900000000000000000000000000000000000CE
:1092A000000000000000000000000000000FF800B7
:1092B000007FFF0000F00780018000C00300006015
:1092C00002000020020000200200002003000060D5
:1092D000018000C000E00380007FFF00000FF80065
:1092E000000000000000000000000000000000007E
:1092F000000000000000000000000000000000006E
:10930000000000000000000000000000000000005D
:10931000000000000000000000000000000000004D
:10932000000000000000000000000000000000003D
:10933000008000200080002000800020008000606D
:1093400001FFFFE003FFFFE00000006000000020DD
:1093500000000020000000200000000000000000CD
:1093600000000000000000000000000000000000FD
:1093700000000000000000000000000000000000ED
:1093800000000000000000000000000000000000DD
:1093900000000000000000000000000000000000CD
:1093A000000000000000000000000000007800E065
:1093B0000098016001000260020004600200086081
:1093C0000200106002002060020040600300806024
:1093D0000183006001FE00E0007C078000000000C7
:1093E000000000000000000000000000000000007D
:1093F000000000000000000000000000000000006D
:10940000000000000000000000000000000000005C
:10941000000000000000000000000000000000004C
:1094200000000000000000000000000000F00780C5
:1094300001F007C0010000400200002002010020EE
:1094400002010020020100200303802001868040E9
:1094500001FCC0C000787F8000001E0000000000FA
:1094600000000000000000000000000000000000FC
:1094700000000000000000000000000000000000EC
:1094800000000000000000000000000000000000DC
:1094900000000000000000000000000000000000CC
:1094A000000000000000000000000800000038007C
:1094B000000048000001880000060800000C0810A9
:1094C000003008100040081001FFFFF003FFFFF01C
:1094D00003FFFFF000000810000008100000081053
:1094E000000000000000000000000000000000007C
:1094F000000000000000000000000000000000006C
:10950000000000000000000000000000000000005B
:10951000000000000000000000000000000000004B
:1095200000000000000000000000000000000780B4
:10953000001F864003E100200302002003040020F6
:10954000030400200304002003040020030600405D
:10955000030301C00301FF8003007E000000000040
:1095600000000000000000000000000000000000FB
:1095700000000000000000000000000000000000EB
:1095800000000000000000000000000000000000DB
:1095900000000000000000000000000000000000CB
:1095A0000000000000000000000000000007FC00B8
:1095B000003FFF000070C380008180C00101006097
:1095C000030200200202002002020020020200200A
:1095D0000203004001C180C000C0FF8000007E0087
:1095E000000000000000000000000000000000007B
:1095F000000000000000000000000000000000006B
:10960000000000000000000000000000000000005A
:10961000000000000000000000000000000000004A
:1096200000000000000000000000000000F000004A
:1096300003C000000380000003000000030007E0F7
:1096400003003FE00301C000030600000318000010
:109650000360000003800000030000000000000021
:1096600000000000000000000000000000000000FA
:1096700000000000000000000000000000000000EA
:1096800000000000000000000000000000000000DA
:1096900000000000000000000000000000000000CA
:1096A000000000000000000000001F0000783F8064
:1096B00000FC60C0018EC040030780200203002030
:1096C00002018020020180200201C0200301E0404D
:1096D000018670C000FC3F8000781F000000000081
:1096E000000000000000000000000000000000007A
:1096F000000000000000000000000000000000006A
:109700000000000000000000000000000000000059
:109710000000000000000000000000000000000049
:109720000000000000000000003F000000FF81C0BA
:1097300001C0C1C0010060200200202002002020E2
:109740000200202002002060020040C00100C18011
:1097500000C18F00007FFE00001FF000000000002D
:1097600000000000000000000000000000000000F9
:1097700000000000000000000000000000000000E9
:1097800000000000000000000000000000000000D9
:1097900000000000000000000000000000000000C9
:1097A00000000000000000000000000000000000B9
:1097B000000000000000000000000000000300C0E6
:1097C000000781E0000781E0000300C00000000006
:1097D0000000000000000000000000000000000089
:1097E0000000000000000000000000000000000079
:1097F0000000000000000000000000000000000069
:109800000000000000000000000000000000000058
:109810000000000000000000000000000000000048
:109820000000000000000000000000000000000038
:1098300000000000000000000000000000060066BC
:10984000000600780000000000000000000000009A
:109850000000000000000000000000000000000008
:1098600000000000000000000000000000000000F8
:1098700000000000000000000000000000000000E8
:1098800000000000000000000000000000000000D8
:1098900000000000000000000000000000000000C8
:1098A0000000000000000000000000000000800038
:1098B0000001C0000003600000063000000C18002A
:1098C00000180C00003006000060030000C001809A
:1098D0000100004002000020040000100000000011
:1098E0000000000000000000000000000000000078
:1098F0000000000000000000000000000000000068
:109900000000000000000000000000000000000057
:109910000000000000000000000000000000000047
:10992000000000000000000000041000000410000F
:1099300000041000000410000004100000041000D7
:1099400000041000000410000004100000041000C7
:1099500000041000000410000004100000041000B7
:1099600000000000000000000000000000000000F7
:1099700000000000000000000000000000000000E7
:1099800000000000000000000000000000000000D7
:1099900000000000000000000000000000000000C7
:1099A00000000000000000000000000004000010A3
:1099B000020000200100004000C0018000600300A0
:1099C0000030060000180C00000C180000063000E3
:1099D000000360000001C0000000800000000000E3
:1099E0000000000000000000000000000000000077
:1099F0000000000000000000000000000000000067
:109A00000000000000000000000000000000000056
:109A10000000000000000000000000000000000046
:109A200000000000000000000000000000780000BE
:109A300001F800000238000002000000040000C02D
:109A4000040079E0040081E0040100C00403000088
:109A5000020200000306000001FC000000F8000004
:109A600000000000000000000000000000000000F6
:109A700000000000000000000000000000000000E6
:109A800000000000000000000000000000000000D6
:109A900000000000000000000000000000000000C6
:109AA0000000000000000000000FF800003FFE0072
:109AB0000070078000C000C00101F8400307FC20CF
:109AC000021E04200230082002203020023FFC2029
:109AD000013F044001800CC000E03180001FC20043
:109AE0000000000000000000000000000000000076
:109AF0000000000000000000000000000000000066
:109B00000000000000000000000000000000000055
:109B10000000000000000000000000000000000045
:109B2000000000000000002000000060000003E0D2
:109B300000003E200003E020003E200003E0200063
:109B40000380200007FC2000003FE0000003FE200F
:109B500000003FE0000001E00000002000000020C5
:109B600000000000000000000000000000000000F5
:109B700000000000000000000000000000000000E5
:109B800000000000000000000000000000000000D5
:109B900000000000000000000000000000000000C5
:109BA0000000000000000000020000200200002071
:109BB00003FFFFE003FFFFE002010020020100209D
:109BC0000201002002010020020100200303002006
:109BD0000186806001FCC0C000F87F8000001F008B
:109BE0000000000000000000000000000000000075
:109BF0000000000000000000000000000000000065
:109C00000000000000000000000000000000000054
:109C10000000000000000000000000000000000044
:109C200000000000000000000007F800003FFF00F7
:109C30000070078000C000C0010000400300002049
:109C4000020000200200002002000020020000208C
:109C500001000040018000C003C001800030060008
:109C600000000000000000000000000000000000F4
:109C700000000000000000000000000000000000E4
:109C800000000000000000000000000000000000D4
:109C900000000000000000000000000000000000C4
:109CA0000000000000000000020000200200002070
:109CB00003FFFFE003FFFFE002000020020000209E
:109CC00002000020020000200300006001000040AC
:109CD000018000C000F00780007FFE00000FF80048
:109CE0000000000000000000000000000000000074
:109CF0000000000000000000000000000000000064
:109D00000000000000000000000000000000000053
:109D10000000000000000000000000000000000043
:109D200000000000000000000200002002000020EF
:109D300003FFFFE003FFFFE002010020020100201B
:109D40000201002002010020020100200203802005
:109D5000020FE0200300006003C000E00060030089
:109D600000000000000000000000000000000000F3
:109D700000000000000000000000000000000000E3
:109D800000000000000000000000000000000000D3
:109D900000000000000000000000000000000000C3
:109DA000000000000000000002000020020000206F
:109DB00003FFFFE003FFFFE002010020020100209B
:109DC0000201000002010000020100000201000087
:109DD00002038000030FE0000300000003C0000046
:109DE0000060000000000000000000000000000013
:109DF0000000000000000000000000000000000063
:109E00000000000000000000000000000000000052
:109E10000000000000000000000000000000000042
:109E200000000000000000000007F800003FFE00F6
:109E30000070078001C001C0010000400300002045
:109E4000020000200200002002000020010020206B
:109E50000100204003C03F8000303F800000200010
:109E600000002000000000000000000000000000D2
:109E700000000000000000000000000000000000E2
:109E800000000000000000000000000000000000D2
:109E900000000000000000000000000000000000C2
:109EA00000000000020000200200002003FFFFE08D
:109EB00003FFFFE0020080200200802000008000FD
:109EC000000080000000800002008020020080204E
:109ED00003FFFFE003FFFFE002000020020000207C
:109EE0000000000000000000000000000000000072
:109EF0000000000000000000000000000000000062
:109F00000000000000000000000000000000000051
:109F10000000000000000000000000000000000041
:109F20000000000000000000000000000000000031
:109F30000200002002000020020000200200002099
:109F400003FFFFE003FFFFE002000020020000200B
:109F500002000020020000200000000000000000BD
:109F600000000000000000000000000000000000F1
:109F700000000000000000000000000000000000E1
:109F800000000000000000000000000000000000D1
:109F900000000000000000000000000000000000C1
:109FA00000000000000000000000000E0000000F94
:109FB0000000000F0000000102000001020000018B
:109FC000020000030200000603FFFFFC03FFFFF88E
:109FD0000200000002000000020000000200000079
:109FE0000000000000000000000000000000000071
:109FF0000000000000000000000000000000000061
:10A000000000000000000000000000000000000050
:10A010000000000000000000000000000000000040
:10A0200000000000000000000200002002000020EC
:10A0300003FFFFE003FFFFE00200C0200201002059
:10A0400000078000000FE0000030F80002603E20B2
:10A0500003800F20030003E0020000E00200002064
:10A0600000000020000000000000000000000000D0
:10A0700000000000000000000000000000000000E0
:10A0800000000000000000000000000000000000D0
:10A0900000000000000000000000000000000000C0
:10A0A000000000000000000002000020020000206C
:10A0B00003FFFFE003FFFFE002000020020000209A
:10A0C0000000002000000020000000200000002010
:10A0D0000000002000000060000000E0000003001D
:10A0E0000000000000000000000000000000000070
:10A0F0000000000000000000000000000000000060
:10A10000000000000000000000000000000000004F
:10A11000000000000000000000000000000000003F
:10A1200000000000020000200200002003FFFFE00A
:10A1300003E0002003FF0020001FF0000001FF806B
:10A1400000000FE000001E000003E000003E0020C1
:10A1500003E0002003FFFFE003FFFFE00200002018
:10A1600002000020000000000000000000000000CD
:10A1700000000000000000000000000000000000DF
:10A1800000000000000000000000000000000000CF
:10A1900000000000000000000000000000000000BF
:10A1A00000000000020000200200002003FFFFE08A
:10A1B0000380002003F0002000FC0000001F0000CE
:10A1C0000007C0000001F00000007C0002001F80BA
:10A1D000020007E003FFFFE00200000002000000B1
:10A1E000000000000000000000000000000000006F
:10A1F000000000000000000000000000000000005F
:10A20000000000000000000000000000000000004E
:10A21000000000000000000000000000000000003E
:10A220000000000000000000000FF800003FFE00EA
:10A2300000F00780018000C0010000400200002003
:10A240000200002002000020020000200100004067
:10A25000018000C000F00380003FFE00000FF80006
:10A2600000000000000000000000000000000000EE
:10A2700000000000000000000000000000000000DE
:10A2800000000000000000000000000000000000CE
:10A2900000000000000000000000000000000000BE
:10A2A000000000000000000002000020020000206A
:10A2B00003FFFFE003FFFFE0020080200200802098
:10A2C0000200800002008000020080000200800086
:10A2D000030180000183000000FE0000007C0000FC
:10A2E000000000000000000000000000000000006E
:10A2F000000000000000000000000000000000005E
:10A30000000000000000000000000000000000004D
:10A31000000000000000000000000000000000003D
:10A320000000000000000000000FF800007FFF00A8
:10A3300000F00380018001C00100064002000420FB
:10A340000200042002000620020003E0010000F8E1
:10A350000180005C00E0038C003FFF0C000FFC1844
:10A3600000000000000000000000000000000000ED
:10A3700000000000000000000000000000000000DD
:10A3800000000000000000000000000000000000CD
:10A3900000000000000000000000000000000000BD
:10A3A0000000000000000000020000200200002069
:10A3B00003FFFFE003FFFFE0020100200201002095
:10A3C000020180000201E0000201FC0003033F8063
:10A3D000018607E001FC00E000F8002000000020FA
:10A3E000000000000000000000000000000000006D
:10A3F000000000000000000000000000000000005D
:10A40000000000000000000000000000000000004C
:10A41000000000000000000000000000000000003C
:10A4200000000000000000000000000000780600AE
:10A4300000FE01E0018600C003030040020300208B
:10A4400002018020020180200201C0200200C02001
:10A450000100E060018070C003E03F8000001F0049
:10A4600000000000000000000000000000000000EC
:10A4700000000000000000000000000000000000DC
:10A4800000000000000000000000000000000000CC
:10A4900000000000000000000000000000000000BC
:10A4A00000000000000000000060000003800000C9
:10A4B0000300000002000000020000200200002053
:10A4C00003FFFFE003FFFFE0020000200200002086
:10A4D00002000000020000000380000000E0000015
:10A4E000000000000000000000000000000000006C
:10A4F000000000000000000000000000000000005C
:10A50000000000000000000000000000000000004B
:10A51000000000000000000000000000000000003B
:10A5200000000000020000000200000003FFFF0026
:10A5300003FFFFC002000040020000600000002096
:10A540000000002000000020000000200200004069
:10A550000200008003FFFF00020000000200000074
:10A5600000000000000000000000000000000000EB
:10A5700000000000000000000000000000000000DB
:10A5800000000000000000000000000000000000CB
:10A5900000000000000000000000000000000000BB
:10A5A00000000000000000000200000002000000A7
:10A5B00003C0000003FC0000023FC0000003F800DD
:10A5C00000007F80000007E00000078000007800A6
:10A5D0000203C000023C000003C0000002000000B3
:10A5E0000200000000000000000000000000000069
:10A5F000000000000000000000000000000000005B
:10A60000000000000000000000000000000000004A
:10A61000000000000000000000000000000000003A
:10A62000000000000200000003C0000003FF8000E3
:10A63000023FFE0002007FE000000F000200F00079
:10A6400003EF000003FF8000020FFE0000003FE068
:10A6500000001F000207E00003F8000003000000F4
:10A6600002000000000000000000000000000000E8
:10A6700000000000000000000000000000000000DA
:10A6800000000000000000000000000000000000CA
:10A6900000000000000000000000000000000000BA
:10A6A0000000000000000000020000200200002066
:10A6B000038000E003F0032002FC0C20021F3000A6
:10A6C0000007C0000007F00002187C0002601F2095
:10A6D000038003E0020000E00200002000000020F0
:10A6E000000000000000000000000000000000006A
:10A6F000000000000000000000000000000000005A
:10A700000000000000000000000000000000000049
:10A710000000000000000000000000000000000039
:10A720000000000000000000020000000300000024
:10A7300003C0000003F80000023E0020020FC0200A
:10A740000001FFE000007FE000038020021C0020E9
:10A750000270000003800000020000000200000000
:10A7600000000000000000000000000000000000E9
:10A7700000000000000000000000000000000000D9
:10A7800000000000000000000000000000000000C9
:10A7900000000000000000000000000000000000B9
:10A7A000000000000000000000000020006000E049
:10A7B000038003E003000FA002003E200200F82007
:10A7C0000203E020020F8020023E002002780020D9
:10A7D00003E00060038000E00200030000000000CE
:10A7E0000000000000000000000000000000000069
:10A7F0000000000000000000000000000000000059
:10A800000000000000000000000000000000000048
:10A810000000000000000000000000000000000038
:10A820000000000000000000000000000000000028
:10A830000000000000000000000000001FFFFFFCFF
:10A8400010000004100000041000000410000004B8
:10A8500010000004100000041000000400000000BC
:10A8600000000000000000000000000000000000E8
:10A8700000000000000000000000000000000000D8
:10A8800000000000000000000000000000000000C8
:10A8900000000000000000000000000000000000B8
:10A8A00000000000000000000000000000000000A8
:10A8B0000700000003C0000000780000001E000038
:10A8C0000003C0000000F00000001E000000078030
:10A8D000000000F00000003C000000060000000046
:10A8E0000000000000000000000000000000000068
:10A8F0000000000000000000000000000000000058
:10A900000000000000000000000000000000000047
:10A910000000000000000000000000000000000037
:10A920000000000000000000000000001000000413
:10A9300010000004100000041000000410000004C7
:10A9400010000004100000041FFFFFFC00000000C6
:10A9500000000000000000000000000000000000F7
:10A9600000000000000000000000000000000000E7
:10A9700000000000000000000000000000000000D7
:10A9800000000000000000000000000000000000C7
:10A9900000000000000000000000000000000000B7
:10A9A00000000000000000000000000000000000A7
:10A9B0000000000002000000040000000800000089
:10A9C000180000001000000018000000180000002F
:10A9D0000400000002000000000000000000000071
:10A9E0000000000000000000000000000000000067
:10A9F0000000000000000000000000000000000057
:10AA00000000000000000000000000000000000046
:10AA10000000000000000000000000000000000036
:10AA20000000000000000001000000010000000123
:10AA30000000000100000001000000010000000112
:10AA40000000000100000001000000010000000102
:10AA500000000001000000010000000100000001F2
:10AA600000000001000000000000000000000000E5
:10AA700000000000000000000000000000000000D6
:10AA800000000000000000000000000000000000C6
:10AA900000000000000000000000000000000000B6
:10AAA00000000000000000000000000000000000A6
:10AAB000100000001000000010000000180000004E
:10AAC000080000000400000000000000000000007A
:10AAD0000000000000000000000000000000000076
:10AAE0000000000000000000000000000000000066
:10AAF0000000000000000000000000000000000056
:10AB00000000000000000000000000000000000045
:10AB10000000000000000000000000000000000035
:10AB200000000000000000000000038000018FC052
:10AB300000038C6000061820000410200004102080
:10AB40000004202000042040000620400003FFC035
:10AB50000001FFE00000002000000020000000C015
:10AB600000000000000000000000000000000000E5
:10AB700000000000000000000000000000000000D5
:10AB800000000000000000000000000000000000C5
:10AB900000000000000000000000000000000000B5
:10ABA00000000000000000000200000002000000A1
:10ABB00003FFFFE007FFFFC0000180C0000200604C
:10ABC00000020020000400200004002000040020F7
:10ABD00000060040000300C00001FF800000FE00EE
:10ABE0000000000000000000000000000000000065
:10ABF0000000000000000000000000000000000055
:10AC00000000000000000000000000000000000044
:10AC10000000000000000000000000000000000034
:10AC200000000000000000000000000000007E00A6
:10AC30000001FF80000381C00002004000060020E8
:10AC40000004002000040020000400200006002072
:10AC50000003C0400001C0800000030000000000AD
:10AC600000000000000000000000000000000000E4
:10AC700000000000000000000000000000000000D4
:10AC800000000000000000000000000000000000C4
:10AC900000000000000000000000000000000000B4
:10ACA00000000000000000000000000000007E0026
:10ACB0000001FF80000380C0000600600004002047
:10ACC0000004002000040020020400400202008072
:10ACD00003FFFFE007FFFFC000000040000000404E
:10ACE0000000000000000000000000000000000064
:10ACF0000000000000000000000000000000000054
:10AD00000000000000000000000000000000000043
:10AD10000000000000000000000000000000000033
:10AD200000000000000000000000000000007E00A5
:10AD30000001FF80000311C00002104000041060F9
:10AD40000004102000041020000410200006102031
:10AD5000000310400001F0C000007100000000007E
:10AD600000000000000000000000000000000000E3
:10AD700000000000000000000000000000000000D3
:10AD800000000000000000000000000000000000C3
:10AD900000000000000000000000000000000000B3
:10ADA000000000000000000000000000000400009F
:10ADB000000400200004002000040020007FFFE0C9
:10ADC00001FFFFE001040020030400200204002032
:10ADD00002040020020400000200000001C0000084
:10ADE00001C00000000000000000000000000000A2
:10ADF0000000000000000000000000000000000053
:10AE00000000000000000000000000000000000042
:10AE10000000000000000000000000000000000032
:10AE20000000000000000000000000000000001C06
:10AE30000000E33E0003FFC200020CC3000404C193
:10AE4000000404C1000404C1000404C100060CC1D4
:10AE50000003F8C30005F0620006007E0006003C17
:10AE600000000000000000000000000000000000E2
:10AE700000000000000000000000000000000000D2
:10AE800000000000000000000000000000000000C2
:10AE900000000000000000000000000000000000B2
:10AEA000000000000000000002000020020000205E
:10AEB00003FFFFE007FFFFE0000100200002002089
:10AEC0000006000000040000000400000004002050
:10AED000000600200003FFE00001FFE0000000206A
:10AEE0000000002000000000000000000000000042
:10AEF0000000000000000000000000000000000052
:10AF00000000000000000000000000000000000041
:10AF10000000000000000000000000000000000031
:10AF20000000000000000000000000000000000021
:10AF30000004002000040020000400200004002081
:10AF40000387FFE0038FFFE0038000200000002064
:10AF500000000020000000200000000000000000B1
:10AF600000000000000000000000000000000000E1
:10AF700000000000000000000000000000000000D1
:10AF800000000000000000000000000000000000C1
:10AF900000000000000000000000000000000000B1
:10AFA00000000000000000000000000000000000A1
:10AFB0000000000600000007000000010000000182
:10AFC0000004000100040001000400030004000666
:10AFD0000387FFFC038FFFF80380000000000000E0
:10AFE0000000000000000000000000000000000061
:10AFF0000000000000000000000000000000000051
:10B000000000000000000000000000000000000040
:10B010000000000000000000000000000000000030
:10B0200000000000000000000200002002000020DC
:10B0300003FFFFE007FFFFE00000082000001020F2
:10B04000000030000000FC0000058E00000707A093
:10B05000000601E0000400E00004002000000020E1
:10B0600000000000000000000000000000000000E0
:10B0700000000000000000000000000000000000D0
:10B0800000000000000000000000000000000000C0
:10B0900000000000000000000000000000000000B0
:10B0A00000000000000000000000000000000000A0
:10B0B0000200002002000020020000200200002008
:10B0C00003FFFFE007FFFFE000000020000000207A
:10B0D0000000002000000020000000000000000030
:10B0E0000000000000000000000000000000000060
:10B0F0000000000000000000000000000000000050
:10B10000000000000000000000000000000000003F
:10B11000000000000000000000000000000000002F
:10B120000000000000000000000400200007FFE015
:10B13000000FFFE0000200200004000000040020D7
:10B140000007FFE00003FFE0000200200004000011
:10B15000000400200007FFE00003FFE000000020E3
:10B1600000000000000000000000000000000000DF
:10B1700000000000000000000000000000000000CF
:10B1800000000000000000000000000000000000BF
:10B1900000000000000000000000000000000000AF
:10B1A0000000000000000000000400200004002057
:10B1B0000007FFE0000FFFE0000100200002002078
:10B1C0000002000000040000000400000004002051
:10B1D000000600200003FFE00001FFE00000002067
:10B1E000000000200000000000000000000000003F
:10B1F000000000000000000000000000000000004F
:10B20000000000000000000000000000000000003E
:10B21000000000000000000000000000000000002E
:10B2200000000000000000000000000000007E00A0
:10B230000000FF80000381C00002004000060020E3
:10B24000000400200004002000040020000600206C
:10B2500000020040000381C00001FF8000007E006A
:10B2600000000000000000000000000000000000DE
:10B2700000000000000000000000000000000000CE
:10B2800000000000000000000000000000000000BE
:10B2900000000000000000000000000000000000AE
:10B2A0000000000000000000000400010004000194
:10B2B0000007FFFF000FFFFF000100C10002004177
:10B2C00000040020000400200004002000040020EE
:10B2D00000060040000301C00001FF8000007E0066
:10B2E000000000000000000000000000000000005E
:10B2F000000000000000000000000000000000004E
:10B30000000000000000000000000000000000003D
:10B31000000000000000000000000000000000002D
:10B3200000000000000000000000000000007E009F
:10B330000001FF80000380C00002006000040020C4
:10B34000000400200004002000040020000200414E
:10B35000000300C10003FFFF0007FFFF0000000122
:10B3600000000001000000000000000000000000DC
:10B3700000000000000000000000000000000000CD
:10B3800000000000000000000000000000000000BD
:10B3900000000000000000000000000000000000AD
:10B3A0000000000000000000000400200004002055
:10B3B0000004002000040020000FFFE0000FFFE069
:10B3C0000000C02000010020000200200006002034
:10B3D000000400000004000000070000000300005B
:10B3E000000000000000000000000000000000005D
:10B3F000000000000000000000000000000000004D
:10B40000000000000000000000000000000000003C
:10B41000000000000000000000000000000000002C
:10B42000000000000000000000000000000003E039
:10B430000001C0E00003E04000063020000430209E
:10B4400000041820000418200004182000040C2018
:10B4500000020C60000307C00007838000000000AA
:10B4600000000000000000000000000000000000DC
:10B4700000000000000000000000000000000000CC
:10B4800000000000000000000000000000000000BC
:10B4900000000000000000000000000000000000AC
:10B4A0000000000000000000000000000004000098
:10B4B0000004000000040000000C0000001FFF80DA
:10B4C00000FFFFC000040060000400200004002012
:10B4D0000004002000040040000001800000000083
:10B4E000000000000000000000000000000000005C
:10B4F000000000000000000000000000000000004C
:10B50000000000000000000000000000000000003B
:10B51000000000000000000000000000000000002B
:10B520000000000000000000000400000004000013
:10B530000007FF80000FFFC0000000600000002037
:10B540000000002000000020000000200004004057
:10B55000000400800007FFE0000FFFC00000004073
:10B56000000000400000000000000000000000009B
:10B5700000000000000000000000000000000000CB
:10B5800000000000000000000000000000000000BB
:10B5900000000000000000000000000000000000AB
:10B5A0000000000000000000000400000004000093
:10B5B000000780000007F0000004FE0000041FC028
:10B5C000000003E00000038000001C000004600095
:10B5D00000078000000600000004000000000000DA
:10B5E000000000000000000000000000000000005B
:10B5F000000000000000000000000000000000004B
:10B60000000000000000000000000000000000003A
:10B61000000000000000000000000000000000002A
:10B620000000000000040000000600000007C00049
:10B630000007FC0000043F80000003E000040F80CE
:10B640000006F0000007F0000007FF8000040FE094
:10B650000000038000043C000007C000000600005A
:10B6600000040000000000000000000000000000D6
:10B6700000000000000000000000000000000000CA
:10B6800000000000000000000000000000000000BA
:10B6900000000000000000000000000000000000AA
:10B6A0000000000000000000000000200004002056
:10B6B00000040060000700E0000783200007E600A8
:10B6C0000004F80000003C0000045E20000587A094
:10B6D000000601E0000400600004002000000020DB
:10B6E000000000000000000000000000000000005A
:10B6F000000000000000000000000000000000004A
:10B700000000000000000000000000000000000039
:10B710000000000000000000000000000000000029
:10B72000000000000000000000040000000400030E
:10B73000000700030007E0010004F80100041F02F5
:10B74000000007FC000000E00000070000043800D3
:10B750000007C00000060000000400000004000014
:10B7600000000000000000000000000000000000D9
:10B7700000000000000000000000000000000000C9
:10B7800000000000000000000000000000000000B9
:10B7900000000000000000000000000000000000A9
:10B7A00000000000000000000000000000078060B2
:10B7B000000600E0000403E0000407A000040E20DF
:10B7C00000043C20000470200005E02000078020D9
:10B7D00000070060000400E000000380000000009B
:10B7E0000000000000000000000000000000000059
:10B7F0000000000000000000000000000000000049
:10B800000000000000000000000000000000000038
:10B810000000000000000000000000000000000028
:10B820000000000000000000000000000000000018
:10B830000000000000000000000000000000000008
:10B8400000008000000080000001400007FE3FF87B
:10B8500008000004100000021000000200000000B8
:10B8600000000000000000000000000000000000D8
:10B8700000000000000000000000000000000000C8
:10B8800000000000000000000000000000000000B8
:10B8900000000000000000000000000000000000A8
:10B8A0000000000000000000000000000000000098
:10B8B0000000000000000000000000000000000088
:10B8C00000000000FFFFFFFF00000000000000007C
:10B8D0000000000000000000000000000000000068
:10B8E0000000000000000000000000000000000058
:10B8F0000000000000000000000000000000000048
:10B900000000000000000000000000000000000037
:10B910000000000000000000000000000000000027
:10B920000000000000000000000000001000000205
:10B93000100000020800000407FE3FF8000140006C
:10B9400000008000000080000000000000000000F7
:10B9500000000000000000000000000000000000E7
:10B9600000000000000000000000000000000000D7
:10B9700000000000000000000000000000000000C7
:10B9800000000000000000000000000000000000B7
:10B9900000000000000000000000000000000000A7
:10B9A000000000000000000018000000300000004F
:10B9B00040000000400000004000000020000000A7
:10B9C0003000000008000000040000000200000039
:10B9D00002000000020000000C000000180000003F
:10B9E0000000000000000000000000000000000057
:10B9F0000000000000000000000000000000000047
:10BA00000000000000000000000000000000000036
:10BA10000000000000000000000000000000000026
:10BA200000000000030009000F0015001B005081FA
:10BA3000588160816881708178818081888190815E
:10BA400098810000D4510490C0120000800F0000C3
:10BA5000E0030000C0070000E00300004000000019
:10BA600040000000400000004000000040000000D6
:10BA700000B0040000E0030000F8000000F0010046
:10BA800000F8000000000000716B0290CD6C029085
:10BA9000000000008D700290820082004A020000C7
:10BAA000000001E001E0000000FF0055AAFF0024B3
:10BAB000496D92B6DBFF00112233445566778899B1
:10BAC000AABBCCDDEEFF000102030405060708094E
:10BAD0000A0B0C0D0E0F101112131415161718194E
:10BAE0001A1B1C1D1E1F202122232425262728293E
:10BAF0002A2B2C2D2E2F303132333435363738392E
:10BB00003A3B3C3D3E3F404142434445464748491D
:10BB10004A4B4C4D4E4F505152535455565758590D
:10BB20005A5B5C5D5E5F60616263646566676869FD
:10BB30006A6B6C6D6E6F70717273747576777879ED
:10BB40007A7B7C7D7E7F80818283848586878889DD
:10BB50008A8B8C8D8E8F90919293949596979899CD
:10BB60009A9B9C9D9E9FA0A1A2A3A4A5A6A7A8A9BD
:10BB7000AAABACADAEAFB0B1B2B3B4B5B6B7B8B9AD
:10BB8000BABBBCBDBEBFC0C1C2C3C4C5C6C7C8C99D
:10BB9000CACBCCCDCECFD0D1D2D3D4D5D6D7D8D98D
:10BBA000DADBDCDDDEDFE0E1E2E3E4E5E6E7E8E97D
:10BBB000EAEBECEDEEEFF0F1F2F3F4F5F6F7F8F96D
:10BBC000FAFBFCFDFEFF8080808181828283848578
:10BBD0008687898A8C8D8F91939597999B9EA0A239
:10BBE000A5A7AAADAFB2B500FF1FFF1F01E001E09E
:10BBF00084BA039055BA01900000000000000000D4
:10BC000000000000C300C300041C000084BA0390BD
:10BC1000210203900000000000000000000000006E
:10BC200064202B000000000084BA03901D030390E1
:10BC30000000000000000000000000006420D12788
:10BC40000000000084BA03903FBD0190B5BD019093
:10BC50000000000025BE019064200401C00800001F
:10BC600084BA0390B9CE01900000000000000000EB
:10BC700011CF01900401040101040000984F0490C9
:10BC80008938029000000000000000000000000061
:10BC9000642032200104000074550490A8560490DA
:10BCA000C056049080560490AC560490B45604904C
:10BCB000C8560490B85604908C560490A056049030
:10BCC000A4560490E456049064550490F8550490EA
:10BCD0006C560490B05604907C56049084560490A0
:10BCE000885604907852049090560490945604908C
:10BCF00080520490EC560490645504906856049069
:10BD0000A0550490CC560490C456049078560490E4
:10BD1000BC560490705604909C560490985604901B
:10BD2000A455049098550490D455049064550490FB
:10BD3000E8560490DC56049068550490E056049050
:10BD4000D8560490F05604909501040204020402AF
:10BD50000402040204020402040204020402870032
:10BD60009601030203020302030203020302030219
:10BD70000302030287008102810201020102010223
:10BD8000010201020102010281028102810292018B
:10BD9000820006008200920174550490345604908B
:10BDA0004C56049004560490385604904056049023
:10BDB0005456049044560490145604902C56049003
:10BDC00030560490E45604906455049074560490E0
:10BDD000F05504903C560490005604900856049088
:10BDE0000C56049010560490185604901C5604905B
:10BDF00020560490EC5604906455049068560490C4
:10BE0000A05504905856049050560490FC55049048
:10BE100048560490F45504902856049024560490F3
:10BE2000A455049098550490D455049064550490FA
:10BE3000E8560490DC56049068550490E05604904F
:10BE4000D8560490F05604909501040204020402AE
:10BE50000402040204020402040204020402870031
:10BE60009601030203020302030203020302030218
:10BE70000302030287008102810201020102010222
:10BE8000010201020102010281028102810292018A
:10BE90008200060082009201B0550490B4550490CF
:10BEA000B8550490BC550490C0550490C4550490F6
:10BEB000C8550490CC550490D0550490AC550490CE
:10BEC000E45604906455049074560490945504907C
:10BED000A0550490A855049090550490E055049006
:10BEE000805504906C550490E85504907855049062
:10BEF000DC550490E4550490645504906056049019
:10BF0000EC5504907C550490885504908C55049011
:10BF1000D0560490D45604905C5604906456049015
:10BF2000D85504907055049084550490645504903D
:10BF3000E8560490DC56049068550490E05604904E
:10BF4000D8560490F0560490010201020102010249
:10BF500001020102010201020102010282009201BA
:10BF600001020102010201020102010201020102B9
:10BF700001020102010201020102010201020102A9
:10BF80000102010201020102010201020102920109
:10BF90008200060082009201B0550490B4550490CE
:10BFA000B8550490E856049064550490BC5504902C
:10BFB000C0550490C4550490D8560490645504901C
:10BFC000C8550490CC550490D0550490E456049084
:10BFD000645504909C550490AC550490A45504906D
:10BFE000DC560490E0560490F056049001000100E5
:10BFF0000100920101000100010092010100010015
:10C000000100020001000100010001000100000028
:10C0100084BA0390614E029000000000000000000E
:10C02000814E02901A001A008002000084BA039028
:10C030000000000000000000000000000000000000
:10C04000C3000401000000007C4F049000000000C9
:10C0500000000000000000000000000000000000E0
:10C0600000000000245004900000000000000000C8
:10C0700000000000000000000000000000000000C0
:10C0800084BA0390555A0290DD5B029000000000D4
:10C0900000000000C30004014006000084BA0390C1
:10C0A0000D5C0290435C0290000000000000000064
:10C0B0006420D1278002000084BA0390B95B02900B
:10C0C0000000000000000000000000006420D127F4
:10C0D0000000000084BA0390EB5C029000000000B6
:10C0E00000000000000000006420D12700000000D4
:10C0F00084BA03900000000000000000000000006F
:10C1000000000000D127D1270000000084BA03906E
:10C11000000000000000000000000000000000001F
:10C12000000000000000000084BA0390000000003E
:10C1300000000000000000000000000000000000FF
:10C140000000000084BA039000000000000000001E
:10C1500000000000000000000000000000000000DF
:10C1600084BA0390000000000000000000000000FE
:10C1700000000000000000000000000084BA0390EE
:10C18000815E02909F5E029000000000BD5E029002
:10C1900000000000C003000084BA0390000000000B
:10C1A0000000000000000000000000000401D12792
:10C1B0008003000084BA039000000000000000002B
:10C1C00000000000000000006420D12740020000B1
:10C1D00084BA03900000000000000000000000008E
:10C1E000000000006420642040020000E850049039
:10C1F000D1C90290000000000000000099CA02901E
:10C200000000000041070000444F049099CE0290C6
:10C21000000000000000000000000000000000001E
:10C220000000000084BA0390A1DD029005DF0290B7
:10C230000000000071DF0290642064200003000011
:10C2400084BA039095EC029000000000000000000A
:10C2500000000000000000008002000084BA03908B
:10C26000D1EC02900000000000000000000000007F
:10C27000000000008002000084BA039051F902908F
:10C2800000000000000000000000000064206420A6
:10C2900040020000210020000A080B080D300C307D
:10C2A0000E380F3864006300000000000EA0D90DA6
:10C2B00090C80C80B70A60110B80D91F0991F088D3
:10C2C0001F0880F088000000000D203C00000F00D7
:10C2D00069002FFFFFFFF7015C11A610006900C382
:10C2E00000008800D2009FFFFFFFF012C523E2206C
:10C2F00000D203C00000F004B00000007000000095
:10C300000E00000000E0000019EFEA300CD6E6A7AE
:10C3100002F40E00001F80E000006FEF50000016D6
:10C32000FFE500000E0AF00100E05F13F85E6EB05A
:10C3300005CFFE9100000E0000000070000008DD37
:10C340003000A7004B02D004C0007700D01D2000B1
:10C350004B03D0A7000007DC34C4CC3000001D2DF7
:10C3600022D00000A63B00B30005C03A00A3001D88
:10C37000200D00D000A60004CC40004DFC30000091
:10C38000F718C00001F205D00000BB6E4000005F4E
:10C39000F3000007E6DB03802F301DBAA05F000129
:10C3A000DF401FB448FEC003BFFC40B200000000E5
:10C3B000001F01F01F00F0000003F10B900F404F31
:10C3C000007D009B00AA00AA009B007D004F000F8B
:10C3D000400B9003F15E000E6008C004F001F30012
:10C3E000F500E600E600F501F304F008C00E605E1B
:10C3F0000000930088A6C209FE404DDDB142935073
:10C40000005200000450000008A0000008A0001F17
:10C41000FFFFF30339B3300008A0000008A00001BB
:10C4200003F61E60E12C00000003FFF90333100047
:10C4300003F52E4000000E400004E000009A0000CA
:10C440000E400004F000009A00000E400003F000CF
:10C45000009A00000E500003F000009A00000E50F9
:10C460000003F00000004CFE70004FB68F900DB03E
:10C47000005F32F40000E74F20000CA4F20000CA75
:10C480002F40000E70DB0005F204FB68F90004CFBA
:10C49000E700EFFB44CB00AB00AB00AB00AB00AB65
:10C4A00000AB00AB00AB07DFEA108E857EC0010059
:10C4B00006F1000006F000000D900000CC00001C0A
:10C4C000C00001DB00001DE544427FFFFFF97FFF54
:10C4D000FFF024445F900000BC000009E100003F31
:10C4E000D81000046DD0000002F4100002F4BD75F5
:10C4F0007DD019DFEA1000000DA0000000AC0000A4
:10C500000007E10000004F40100002F600F5001D9A
:10C51000A000F5007FFFFFFFF3133333F730000077
:10C5200000F500000000F50009FFFFF00AB44440E8
:10C530000C8000000E7000000FFFFC4003345CF222
:10C54000000000F7100000F78E856CF108DFFB306B
:10C55000002AEFD5003FD657400CC0000002F4007F
:10C5600000004F5BFFA104FE845DD03F80003F30A0
:10C57000E80003F206F845DC0005DFE9109FFFFF45
:10C58000FD9D4444E99C0004F200000BB000002F24
:10C59000400000AD000001F6000008E000000E8041
:10C5A00000006F1000019EFE9100BE636EC00F6020
:10C5B000006F00CC202BC002EFFFE200DC424CD029
:10C5C0005F20001F55F20002F50ED535DE001AEF90
:10C5D000EA1003BFEA202FA44BE18E0000E99D0082
:10C5E00000DD4F7129FF07FFFC9E000210AC000028
:10C5F00002F607658FB00AEFD7002E53F500000052
:10C600000000003F52E42E53F50000000000002E11
:10C6100052F60D21D001000000003100006CF20143
:10C620008ED6000FC300000AFB40000017EE70001A
:10C630000005C3000000001FFFFFF3033333300089
:10C64000000000000000001FFFFFF303333330043D
:10C650000000000ED71000005CF92000002AF20054
:10C6600003AFB106DE82001C60000000000000077E
:10C67000DFEA109E746EC0010006F0000009C000E1
:10C68000008E200006F2000008700000000000008C
:10C690000B8000000C900000006CEFDA4000003DC1
:10C6A000A41016D90001E509EE98CA900A80BD438E
:10C6B000AFC0D30F13F2000CC0693C06D00007C016
:10C6C0003B4B06D00007C02C3C03F2000CC04A0FC5
:10C6D00010BD439EE3C50A8009EE91CF9001E500AD
:10C6E00000000000003DA41028000000007CEFD9ED
:10C6F000100000000CF1000000003FD70000000017
:10C70000B96E00000002F20E50000009A007D00030
:10C71000001F3000F400007FFFFFFB0000E7333311
:10C720004F2005F000000C900C90000006F18FFFE8
:10C73000FEC408E3334BF28E00001F58E00018F1EE
:10C740008FFFFFF808E33337F68E000009C8E000DA
:10C75000009D8E33347F78FFFFFD700007CFFB40D4
:10C7600000CF966AF50AE20000301F600000004F1B
:10C77000200000004F200000001F600000000AE2BF
:10C7800000003001CF966AF50007DFFB408FFFFE07
:10C79000A4008E4446CF708E000007F38E00000088
:10C7A000DA8E0000009D8E0000009D8E000000DAF1
:10C7B0008E000007F38E4446BF708FFFFEA4008FEB
:10C7C000FFFFF68E4444418E0000008E0000008F73
:10C7D000FFFFC08E3333208E0000008E0000008EDD
:10C7E0004444428FFFFFF98FFFFFF68E4444418E91
:10C7F0000000008E0000008E0000008FFFFFC08E42
:10C800003333208E0000008E0000008E00000000F8
:10C8100007CFFC5000CF966AF60AE20000201F60A6
:10C820000000004F200000004F200000B91F6000F2
:10C8300000B90AE30000B900CF966AF80007DFFCF0
:10C84000608E000008E8E000008E8E000008E8E03E
:10C8500000008E8FFFFFFFE8E333339E8E00000859
:10C86000E8E000008E8E000008E8E000008E8E8E6A
:10C870008E8E8E8E8E8E8E8E02FFFFC00444BC0084
:10C880000009C000009C000009C000009C000009D5
:10C89000C02000BA0EB58F603CFE808E00004F5065
:10C8A0008E0004F6008E003F70008E03F800008EAC
:10C8B0002EC000008EECF600008FB07F30008E009E
:10C8C0000AE1008E0000CC008E00001EA08E000049
:10C8D000008E0000008E0000008E0000008E000020
:10C8E000008E0000008E0000008E0000008E444488
:10C8F000408FFFFFF28E00000008E8F7000002FE04
:10C900008FF10000BFE8DCA0004F9E8D2F300D8717
:10C91000E8D09C06E07E8D01E7E507E8D006FC0044
:10C920007E8D000A2007E8D00000007E8E100008EF
:10C93000E8FC00008E8FF90008E8E6F6008E8E090C
:10C94000F308E8E00CE18E8E001EB8E8E0003FEE50
:10C950008E00006FE8E00000AE0007CFEB50000053
:10C96000CF966BF9000AE200005F601F6000000ACA
:10C97000D04F20000006F04F20000006F01F60009E
:10C98000000AD00AE200005F6000CF966BFA000058
:10C9900007DFEB50008FFFFD7008E4458FB08E007D
:10C9A000005F38E00001F58E00003F48E0014DD007
:10C9B0008FFFFFB208E33310008E00000008E00094
:10C9C00000000007CFEB500000CF966BF9000AE2A1
:10C9D00000005F601F6000000AD04F20000006F0DA
:10C9E0004F20000005F01F6000000AD00AE200009E
:10C9F0005F6001DF855AFA000008DFFC500000008C
:10CA000001EC21940000001BFFC100000000120097
:10CA10008FFFFD7008E4458FB08E00005F38E000A6
:10CA200001F58E00003F38E0014DD08FFFFFC208B6
:10CA3000E333DA008E0002F608E00005F3019EFD04
:10CA4000A200CE646B702F40000001F800000006C9
:10CA5000FD950000016AEE500000009F00200005D7
:10CA6000F13FA547EB004BEFE910FFFFFFFF244428
:10CA7000BD44400009C00000009C00000009C00047
:10CA800000009C00000009C00000009C000000099C
:10CA9000C00000009C00009C00000BA9C00000BA70
:10CAA0009C00000BA9C00000BA9C00000BA9C000AC
:10CAB00000BA8E00000D94F40003F50CF868FD0038
:10CAC00009EFE9100CB000000AC05F200001F5007A
:10CAD000E900008E0008F0000E70001F6005F100F4
:10CAE00000AD00C9000003F43F3000000CBAC000E4
:10CAF00000005FF500000000EE00006F10000DB0B8
:10CB00000002F21F60003FF10008D00BB0008BE67E
:10CB1000000D7006F000E69B002F2001F503F14F99
:10CB2000108D0000CA09B00E60D800006F0E6009B9
:10CB3000B2F300001F9F1004F9D000000CFB0000AE
:10CB4000EF80000007F600009F30003F50000DA06E
:10CB500008F2009D0000CC04F300002F9E7000003E
:10CB600006FC00000009FE1000004F4DB00001E877
:10CB700002F7000BD0007F207F20000BD00CB0000C
:10CB8000009C002F50002F30009E000C900000E809
:10CB900005F1000005F3E60000000CFD00000000B8
:10CBA0003F4000000002F3000000002F30000000B2
:10CBB00002F300004FFFFFFF9144444AF3000003DB
:10CBC000F6000001EA000000CC0000009E1000000A
:10CBD0006F4000003F7000001ED4444436FFFFFF4A
:10CBE000FC8FF68D318D008D008D008D008D008DB8
:10CBF000008D008D008D008D008D318FF65D000061
:10CC000000F200000B8000006D000001F200000B3C
:10CC10008000006D000001F200000B7000006D004C
:10CC20000001F200000B7000006D000001F2BFF384
:10CC300025F302F302F302F302F302F302F302F329
:10CC400002F302F302F325F3BFF300AD00001EC4AC
:10CC5000000885A000E20E105B00970B5002E0EE8A
:10CC6000EEEEE00BC00009B004CFEA100B745DB02B
:10CC7000000004F004CEEEF21F8214F24F1004F212
:10CC80001F703DF204DFD7F2BA000000BA000000C6
:10CC9000BA000000BA8EFC30BFD54BF3BE1000CAFC
:10CCA000BA00007EBA00007EBE1000CABFD55BF39A
:10CCB000B98EFC30007DFD6009F748F42F5000204C
:10CCC0005F0000005F0000002F50002009F748F4CB
:10CCD000007DFD600000001F40000001F400000026
:10CCE0001F4008EFC4F40AF748FF42F50007F45F5D
:10CCF00000002F45F00001F42F50006F40AE637E1E
:10CD0000F4008EFC4F40008EFC400AD538F42F20F2
:10CD1000008C5FEEEEFF5F2111112F70001009F8FB
:10CD200046E4007DFE80009EE305F44108C000CF8C
:10CD3000FFF029D32008D00008D00008D00008D088
:10CD40000008D00008D000007EFC4E60AF747FF673
:10CD50002F50005F65F00000F65F00000F62F600E4
:10CD600006F609F747FF5007EFC4F50000003F2023
:10CD7000CB646EB003AEFD8000BA000000BA0000C4
:10CD800000BA000000BA8EFB20BFC56DD0BE000304
:10CD9000F2BA0000F4BA0000F5BA0000F5BA0000DB
:10CDA000F5BA0000F5BAA800BABABABABABABABAAD
:10CDB000000AB0009900000000AB000AB000AB0010
:10CDC0000AB000AB000AB000AB000AB000AA064EE1
:10CDD00071DFA0BA000000BA000000BA000000BA7B
:10CDE000001CC0BA01CC00BA1CD100BBCF6000BF90
:10CDF000DBE100BD11DC00BA003F70BA0007F3BAF6
:10CE0000BABABABABABABABABABAB99EFA15DFD4C5
:10CE10000BFB45EDE64AF2BE0006F6000E7BA000D5
:10CE20004F2000C9BA0003F1000C9BA0003F100086
:10CE3000C9BA0003F1000C9BA0003F1000C9B99EC5
:10CE4000FB20BFB45DD0BE0003F2BA0000F4BA000C
:10CE500000F5BA0000F5BA0000F5BA0000F5007D53
:10CE6000FD60009F748F702F50007F05F00001F36C
:10CE70005F00002F32F50007F009F748F70007DFE1
:10CE8000D600B98EFC30BFC43AF3BE1000CABA0057
:10CE9000007EBA00007EBE1000CABFD55BF3BA7E2A
:10CEA000FC30BA000000BA000000BA000000008E9A
:10CEB000FC3F40AF748EF42F50007F45F00001F42A
:10CEC0005F00002F42F50007F40AF748FF4008EF23
:10CED000C4F40000001F40000001F40000001F40E7
:10CEE000B98E4BFD71BE100BB000BA000BA000BA9A
:10CEF000000BA00005DFEA13F735A06F000001EE7C
:10CF00009610016AEF300000D96C646F62AEFD705C
:10CF100008D00008D000CFFFF029D32008D00008A7
:10CF2000D00008D00008D00005F551009FE3C800EC
:10CF300002F3C80002F3C80002F3C80002F3C900FC
:10CF400003F3AB0007F35F837EF306DFC5F30D90B9
:10CF5000000AA06E0001F300F5007D0009C00E601C
:10CF6000003F24F00000C8B9000006FF3000000FA9
:10CF7000C000C80006F1000D56D000CF6003F01FBE
:10CF8000302F9C009A00B807B2F10E4005E0D60C95
:10CF900074E0000F6F007C990000AFA001FF40001B
:10CFA00005F4000BE0004F3007E109D02F4000D915
:10CFB000D900003FD000004FE10001E7BB000BB0FB
:10CFC0001E707E1005F30D90000AA06F0001F300A3
:10CFD000F6007D0009C00D60002F34F00000C9A9E3
:10CFE000000005FF2000000EC0000000E5000094D6
:10CFF000AD00001BFC2000005FFFFFA13337F400F1
:10D0000001E70000CB00008E10004F40001EA3334C
:10D0100026FFFFFC006EA00F9201F4001F4001F4F8
:10D02000003F303FC0006F3001F4001F4001F400AA
:10D030001F4000FA2005EA8B8B8B8B8B8B8B8B8BA5
:10D040008B8B8B8B8BBE5002AE0005F0005F000512
:10D05000F0004F1000DF104F5005F0005F0005F0AA
:10D06000005F002AE00BE40007EC40B41E25DFC09F
:10D070000100000004CC302B01C05700932B01C0ED
:10D0800005CC3006A10FF60BE20000000000000006
:10D090000000000000027BFB000000049DFFFFD0A9
:10D0A0000003AFFFFFFFFD0000AFFFFFFFDFD00079
:10D0B0000AFFFFB610ED0000AF9400000ED0000A8A
:10D0C000F1000000ED0000AF1000000ED0000AF1EA
:10D0D000000045FD0000AF1001EFFFD0179DF100EB
:10D0E0005FFFFC0EFFFF1000AFFD31FFFFE000000F
:10D0F000010003BDA3000000000050188888888448
:10D1000005FABFDDDDDDFDAFE47F100000CA4EE0B3
:10D110004F100000C80EFEEF100000CFEFE03FEE12
:10D12000EEEEF80EF68F766666EB6FF8AF10000045
:10D13000CC8FE03F100000C80EFCDF655555EECFE8
:10D14000C25FFFFFFFF92C57750577777775FFFFF3
:10D150001FFFFFFFFFFFFF2FFFFFFFFFEFFF0EFF90
:10D16000FFFFFE01100011111110EFFE0EFFFFFF77
:10D17000FEFFFF2FFFFFFFFFFFFF1FFFFFFFFF6807
:10D1800087078888888668870788888886FFFF1FC2
:10D19000FFFFFFFFFFFF2FFFFFFFFFDFFD0DFFFF83
:10D1A000FFFD0000000000015000000000001DF81D
:10D1B0000000000001DFFD000000001DFFE22D6007
:10D1C0000001DFFE20DFF7001DFFE2008FFF71DFAF
:10D1D000FE200008FFFEFFE20000008FFFFE20009F
:10D1E000000008FFE200000000007D2000000000B9
:10D1F000000000007F60000BE2EFF600BFF84FFF79
:10D200006BFFD104FFFFFD10005FFFE10000BFFFD7
:10D21000F6000BFFDFFF60BFFD14FFF5CFD1004F1D
:10D22000F61710000360000000110000000000006D
:10D23000FF000000006F21FF12F70006FF61FF16DC
:10D24000FF601FF901FF109FF16FE001FF100EF664
:10D25000AF8001FF1008FACF6001FF1006FCAF801D
:10D2600000AA0008FB7FD00000000DF71FF80000A7
:10D27000008FF107FF91002AFF70009FFFEEFFF97A
:10D28000000005CFFFFD5000000002442000000018
:10D2900000000000000000000AFFA0000000000CD9
:10D2A000FFC0000003D6DFFFFD6D300EFFFFFFFF64
:10D2B000FFE05FFFFFAAFFFFF51AFFF4004FFFA199
:10D2C00003FFD0000DFF3004FFF0000FFF404FFFC1
:10D2D000FB22BFFFF42FFFFFFFFFFFF209FEFFFF5E
:10D2E000FFEF9000505EFFE5050000000CFFC0005E
:10D2F000000000047740000000000003100341001C
:10D300000000009FF50DF50000001BFDFF8DF500EE
:10D310000002DFB12DFFF500004FF83EC2BFF5005F
:10D3200007FF55FFFE39FE409FE38FFFFFF56FF6C5
:10D33000AC2AFFFFFFFF73E6005FFFFFFFFFF10076
:10D34000006FFFD77FFFF200006FFF900DFFF2002C
:10D35000006FFF900DFFF200004FFF700BFFE10028
:10D360000000003300000000000BFFB000000000D0
:10D370000CFFC0000000000CFFC0000000000CFF0C
:10D38000C0000000000CFFC00000008FFFFFFFF88E
:10D3900000002EFFFFFFE2000002EFFFFE20000072
:10D3A000002DFFE20000799982DE289997FFFFFBAC
:10D3B00022BFFFFFFFFFFFFFFFFFFFFFFFFFFFFA9F
:10D3C000B3CFACCCCCCCCCCCCA0006BBBBBBBA3048
:10D3D00000004FFFFFFFFFE10000EF30000006FB01
:10D3E0000009F800000000CF504FD0000000002FCF
:10D3F000E1DF84420000344BF9FFFFFD0001FFFF35
:10D40000FBFFFFFF988BFFFFFCFFFFFFFFFFFFFF0E
:10D41000FCFFFFFFFFFFFFFFFB9FFFFFFFFFFFFF83
:10D42000F60000000000003300018DFFC600EF0091
:10D430004EFFFFFFE4DF04FFB3004CFFFF0EF900D7
:10D4400000008FFF6FC00001FFFFFF8E500001DE64
:10D45000EEED00000000000000222222000000216A
:10D46000FFFFFF100008F8FFFBBC10001EF4FFFCDC
:10D47000100001DFC0FEEFE8448EFE10FE1AFFFF31
:10D48000FFC100FD0028BB940000000002700002F4
:10D49000EF0002EFFDFFFFFFFFFFFFFFFFFFFFFFBA
:10D4A000FFFFFFFFFFFF3447FFF00005FF0000050F
:10D4B000C00000000000027000000002EF00000049
:10D4C00002EFF0000DFFFFFF0220FFFFFFF08E1FB5
:10D4D000FFFFFF00E7FFFFFFF03F5FFFFFFF089048
:10D4E0003447FFF000000005FF0000000005C00009
:10D4F00000000000000000000000000770000000B5
:10D5000002700005FA0000002EF000814F6000025A
:10D51000EFF001DD07F0DFFFFFF0321E80F6FFFFC6
:10D52000FFF08E27E0B9FFFFFFF00E73F19BFFFFC6
:10D53000FFF03F54F09AFFFFFFF0890AC0D834474C
:10D54000FFF0007F43F300005FF002F60CB0000034
:10D5500005C00000BF10000000000009E30000004B
:10D5600000000002100037888888888873EFFFFF6A
:10D57000FFFFFFFEFE32DFFFFFFFFFF9007FFFFD31
:10D58000FFFFFD10CFFFA07FFFFFFFFFFA0007FFA7
:10D59000FFF35FA00000CFFF3003000000CFFC00CE
:10D5A00000000000CFFFCCCCCCCCCCFFAFFFFFFF06
:10D5B000FFFFF900002000000001FA00000006FF54
:10D5C0001000000DFF7000006FFFF10001EFFFFA87
:10D5D000000BFFFFFF605FFFFFFFE0CFFFFFFFF6E5
:10D5E000FEBFFFFFF9FD4FFFFFF9BF49FFFFF53F0A
:10D5F000E52EFFD006FFFFFD200028BA60000430B2
:10D600000000311FE00006F91FE0007FFA1FE0096B
:10D61000FFFA1FE0AFFFFA1FEBFFFFFA1FFFFFFF4C
:10D62000FA1FFFFFFFFA1FE6FFFFFA1FE05FFFFA96
:10D630001FE004FFFA1FE0003EFA0FD00002D700FF
:10D64000000000000200000000000CFB20000000B1
:10D6500000FFFF900000000FFFFFE6000000FFFF4B
:10D66000FFFC30000FFFFFFFFF9100FFFFFFFFFFF8
:10D67000E60FFFFFFFFFFFF2FFFFFFFFFFFD0FFFC2
:10D68000FFFFFFF800FFFFFFFFB2000FFFFFFD40AD
:10D690000000FFFFF70000000FFFA1000000006A7C
:10D6A0004000000000001444200144420DFFFF1020
:10D6B000DFFFF1FFFFF30FFFFF3FFFFF40FFFFF42E
:10D6C000FFFFF40FFFFF4FFFFF40FFFFF4FFFFF4EA
:10D6D0000FFFFF4FFFFF40FFFFF4FFFFF40FFFFFBF
:10D6E0004FFFFF40FFFFF4FFFFF40FFFFF4FFFFF6F
:10D6F00030FFFFF39FFFC009FFFC00144444444483
:10D70000420DFFFFFFFFFFF1FFFFFFFFFFFF3FFFA6
:10D71000FFFFFFFFF4FFFFFFFFFFFF4FFFFFFFFFD4
:10D72000FFF4FFFFFFFFFFFF4FFFFFFFFFFFF4FFCF
:10D73000FFFFFFFFFF4FFFFFFFFFFFF4FFFFFFFFB4
:10D74000FFFF4FFFFFFFFFFFF39FFFFFFFFFFC0007
:10D7500002100000420FE20003FB0FFE3004FB0F3B
:10D76000FFF404FB0FFFFF54FB0FFFFFFAFB0FFF5B
:10D77000FFFFFB0FFFFFFFFB0FFFFFD6FB0FFFFDC0
:10D7800014FB0FFFC104FB0FFB0004FB0CA0000304
:10D79000FA0000000000000000120000000000037A
:10D7A000FF60000000002EFFF500000001EFFFFF0A
:10D7B0004000001DFFFFFFF30000CFFFFFFFFE2032
:10D7C0000AFFFFFFFFFFE00EFFFFFFFFFFF20399DD
:10D7D0009999999950058888888888700FFFFFFF6C
:10D7E000FFFFF30FFFFFFFFFFFF40BFFFFFFFFFF44
:10D7F000D1000000000000003F9000003FFC00004E
:10D800003FFD10003FFD10003FFD10001FFD100008
:10D8100000CFF4000000CFF4000000CFF4000000BF
:10D82000CFF4000000CFE0000000A40000000000E2
:10D8300000CD1000001FFD1000003FFD1000003F54
:10D84000FD1000003FFD1000003FFD000008FF90AC
:10D850000008FF900008FF900008FF900002FF9072
:10D8600000000780000000000004500000000002DB
:10D87000FF60000000003FF70000000003FF7000A1
:10D880000000003FF7000006999AFFC99980FFFF4A
:10D89000FFFFFFFF3DFFFFFFFFFFF201113FF71109
:10D8A00010000003FF70000000003FF700000000C0
:10D8B00003FF70000000000CD300000069999999E3
:10D8C00099980FFFFFFFFFFFF3DFFFFFFFFFFF2030
:10D8D000000000000000000001566400000000038A
:10D8E000BFFEEFF91000007FFA1003DFE40008FF2D
:10D8F000A009B41EFF504FFF200BFF26FFE1EFFFF2
:10D9000009CFFF63FFFABFFF09FFFF54FFF61EFFB9
:10D9100051DFFB09FFB003EFE204305FFC10002C85
:10D92000FF956AFF9000000049DFFD9200000000B3
:10D9300000000000000000CD2000000000000000FA
:10D940008FF50014664000000004EFACFFEFFF917C
:10D950000000001CFFA1004DFE300000009FF5AB51
:10D9600031EFF40007B105FFFFE17FFE100FFE303D
:10D970002DFFF54FFF900CFFE000AFF65FFF600258
:10D98000FFF40006FFEFFB00004FFD10003EFFC05C
:10D99000000002DFE85401BFE300000005AEFF60B5
:10D9A00007FF60000000000000004EF600000000CD
:10D9B00000000001A10000000000000000000000C5
:10D9C000003ED00000000000000CFF8000000000BE
:10D9D0000006FFFF200000000000EFFFFB0000003A
:10D9E00000008FFCCFF4000000002FFB00FFD000F0
:10D9F00000000BFFC00FFF70000004FFFD01FFFFE0
:10DA0000100000DFFFE02FFFFA00007FFFFF9BFF09
:10DA1000FFF3001FFFFFB00EFFFFC00AFFFFFE2451
:10DA2000FFFFFF60FFFFFFFFFFFFFFFA06CCCCCC3C
:10DA3000CCCCCCCB30000000000036000000000051
:10DA4000007F80DDDB00008DEFF8FFFFB007FFFFF8
:10DA5000FD556FF46FF8AFE2000574FF907E200073
:10DA6000003FFA0000000002EFB2504A00012EFD14
:10DA70001DF48FB0FFFFD10BFFFFFBFFFE2000CF97
:10DA8000FFFB12210000029FC000000000005B00AD
:10DA9000000007A00000000008FFB000000008FF21
:10DAA000FFB0000008FF95FFB00008FF9005FFB031
:10DAB00007FF900005FFB09F90000005FD004000AB
:10DAC000000003104C20000000B60BFE200000CF29
:10DAD000F02EFE2000CFF4002EFE20CFF400002E0A
:10DAE000FECFF40000002EFFF4000000002EF40032
:10DAF00000000000130000000008300000000000DB
:10DB00000000BFF308BBBBBB90000BFFFF39FFFF5A
:10DB1000FFF1008FCFCFF000000AF100382F948082
:10DB200000000AF100002F900000000AF100002F11
:10DB3000900000030AF130002F9000001FCBF8F88E
:10DB4000002FEBBBBB39FFFFE2001FFFFFFFB09FC1
:10DB5000FD2000000000000008D100378887000089
:10DB60000000EFFFFFA0000000FFFFFFFDCCCCB6E0
:10DB7000FFFFFFFFFFFFFFFFFFFFFFFFFFFFFFFFB5
:10DB8000FFFFFFFFFFFFFFFFFFFFFFFFFFFFFFFFA5
:10DB9000FFFFFFFFFFFFFFFFFFFFFFFFFFFFFFFF95
:10DBA000FFAFFFFFFFFFFFF90000000000000000D3
:10DBB0000001DD10000000001DFFD100000001DFAA
:10DBC000FFFD1000001DFFFFFFD100009FFFFFFFC2
:10DBD000F90000011CFFC1100000000CFFC0000094
:10DBE00000000CFFC0000000000CFFC0000079998D
:10DBF0003BFFB39997FFFFB2442BFFFFFFFFFEDD12
:10DC0000EFFFFFFFFFFFFFFAB3CFACCCCCCCCCCC07
:10DC1000CA00000000000200000000000004FFC76E
:10DC20000000000000AFFFF0000000001FFFFD003B
:10DC300000000006FFFFC00000000008FFF7000022
:10DC40000000000CFF300000000004FFC0000000D6
:10DC50000001EFF300004A3002DFF80005DFFE1597
:10DC6000EFFB0000EFFFFFFFFA00000BFFFFFFF7E5
:10DC70000000007FFFFFA200000002BA8500000044
:10DC8000000004860000001006FFFA0002DFD1EF5A
:10DC90003CF101DFFA0EE0AF21DFFA009FEFF6DF83
:10DCA000FA00008DFFFFFB00000006FFFD000000F2
:10DCB00048EFFFF600006FFFFBFFF6000EF3CF23E7
:10DCC000FFF600EE0AF204FFF609FEFC0004FFF185
:10DCD00008DA100002620000000000000000006F7F
:10DCE000FFF987000008FFFF98F708A68FFFF95992
:10DCF00090FFA8FFFFFCCC0FFA8FFFFFFFF1FFA8FA
:10DD0000FFFFFFFF1FFA8FFFFFFFF1FFA8FFFFFFDD
:10DD1000FF1FFA8FFFFFFFF1FFA8FFFFFFFF1FFAB2
:10DD20007FFFFFFFF0FFE3122222210FFFFFFFF929
:10DD30000000ACCCCCCB5000004999999995000ECD
:10DD4000FFFFFFFFF600FD2222224FF60FC000006A
:10DD500001FFF3FC0000001FFF6FC0000002FFF690
:10DD6000FFFFFFFFFFFF6FFFFFDCFFFFF6FFFFB0CE
:10DD700005FFFF6FFFF6000FFFF6FFFFC006FFFF76
:10DD80006FFFFFEDFFFFF69FFFFFFFFFFD10CDDDF3
:10DD9000DDDDDDDD2FFFFFFFFFFFF3122222222258
:10DDA00022000000000000000000000000000FFF43
:10DDB000FFFFFFFFF3DEEEEEEEEEEE2000000000D0
:10DDC00000000000000000000DEEEEEEEEEEE2FFBF
:10DDD000FFFFFFFFFF300000000000003788888849
:10DDE000888873EFFFFFFFFFFFFEEFFFFFFFFFFFDE
:10DDF000FE1CFFFFFFFFFFC1D28FFFFFFFF82DFFCB
:10DE000064EFFFFE45FFFFFA2BFFB2AFFFFFFFD32A
:10DE1000553DFFFFFFFFFFBBFFFFFFFFFFFFFFFFC2
:10DE2000FFFFAFFFFFFFFFFFF9000000000001FF51
:10DE3000FFF00004FFFFD00006FFFF800008FFFF97
:10DE400030000AFFFFAAA60CFFFFFFF80EFFFFFF3E
:10DE5000E10BDDDFFF6000004FFD0000007FF300FD
:10DE60000000BFA0000000FF10000003F800000049
:10DE700003C000000000200000000455EFB5520070
:10DE800000FFFD1FFFB0000FFFFFFFFC0000FFFFC2
:10DE9000533320000FFF97FFFB5700FFF8AFFFC67B
:10DEA000F80FFF8AFFFC4AA1FFF8AFFFE3220FFF44
:10DEB0008AFFFFFFF4FFF8AFFFFFFF4FFF8AFFFF6E
:10DEC000FFF43552AFFFFFFF40000AFFFFFFF400F1
:10DED000007FFFFFFE20000001100000000000AFE7
:10DEE00000000000018FFA30000002EFFFFF500039
:10DEF00000BFFFFFFF10001FFFFFFFF50003FFFF44
:10DF0000FFFF70005FFFFFFFF90008FFFFFFFFC08A
:10DF100000DFFFFFFFFF209FFFFFFFFFFD0EFFFF62
:10DF2000FFFFFFF2022222222221000008FFC00090
:10DF300000000009A20000005BBBBBBBBBBBBBA3D6
:10DF4000FFFFFFFFFFFFFFFBFC0C30E11D0D11FC8D
:10DF5000FC0B30E01D0D10FCFFFEFFEFFEFEEFFCA2
:10DF6000FFF15A0870A05FFCFFF37B2992C27FFC8F
:10DF7000FFBFCBBBBBBFCBFCFC0B2000000D00FCEC
:10DF8000FFCFCCCCCCCFCCFB9FFFFFFFFFFFFFF63A
:10DF90000000000000000200000000000005DFB0EB
:10DFA0000000000007EFFFD000000018FFFFFF7027
:10DFB000000029FFFFFFFF00003BFFFFFFFFF8000D
:10DFC0000AFFFFFFFFFFF1000FFFFFFFFFFFA000B1
:10DFD000049AAAAFFFFF20000000000EFFFB000024
:10DFE0000000000EFFF400000000000EFFC0000063
:10DFF0000000000EFF5000000000000DFD000000BA
:10E0000000000004B300000035555502000FFFFF6B
:10E01000F2F400FFFFFF2FF40FFFFFF2FFF3FFFF0B
:10E02000FF32221FFFFFFFFFF7FFFFFFFFFF8FFF02
:10E03000FFFFFFF8FFFFFFFFFF8FFFFFFFFFF8FF6E
:10E04000FFFFFFFF8FFFFFFFFFF8FFFFFFFFFF8FC7
:10E05000FFFFFFFFF88AAAAAAAAA300000002455F1
:10E06000310000000003AFFFFFFFC7000002BFFF49
:10E07000FEDEFFFFF6005FFFB51000038EFFB0DF8E
:10E08000D300000000008FF5180005AEFEC8100494
:10E09000600002DFFFFFFFF80000000CFF95347DF9
:10E0A000FF40000002A20000007700000000000214
:10E0B00096000000000000000DFF5000000000006E
:10E0C000000EFF6000000000000005DA0000000004
:10E0D0005BBBBBBBBBBBBBBA20FFFFFFFFFFFFFFB0
:10E0E000FF90FC1222222222220FF7FC5FFFFFFF8B
:10E0F000FFFF2CFAFC5FFFFFFFFFFF21FAFC5FFF31
:10E10000FFFFFFFF27FAFC2666666666661FFAFEBB
:10E11000BBBBBBBBBBBBBFB1AFFFFFFFFFFFFFFF85
:10E12000500000000000000000005BBBBBBBBBBB9D
:10E13000BBBA20FFFFFFFFFFFFFFFF90FC12222270
:10E140002221000FF7FC5FFFFFFFF8000CFAFC5FD5
:10E15000FFFFFFF80001FAFC5FFFFFFFF80007FA7E
:10E16000FC2666666663000FFAFEBBBBBBBBBBBB8F
:10E17000BFB1AFFFFFFFFFFFFFFF50000000000037
:10E18000000000005BBBBBBBBBBBBBBA20FFFFFFFB
:10E19000FFFFFFFFFF90FC1222221000000FF7FC90
:10E1A0005FFFFFD000000CFAFC5FFFFFD000000112
:10E1B000FAFC5FFFFFD0000007FAFC2666665000FD
:10E1C000000FFAFEBBBBBBBBBBBBBFB1AFFFFFFFCA
:10E1D000FFFFFFFF500000000000000000005BBBDD
:10E1E000BBBBBBBBBBBA20FFFFFFFFFFFFFFFF9026
:10E1F000FC1222000000000FF7FC5FFF300000005F
:10E200000CFAFC5FFF3000000001FAFC5FFF3000F9
:10E21000000007FAFC2666100000000FFAFEBBBBE8
:10E22000BBBBBBBBBFB1AFFFFFFFFFFFFFFF50009A
:10E2300000000000000000005BBBBBBBBBBBBBBA67
:10E2400020FFFFFFFFFFFFFFFF90FC00000000002A
:10E25000000FF7FC0000000000000CFAFC000000BA
:10E2600000000001FAFC00000000000007FAFC00BA
:10E2700000000000000FFAFEBBBBBBBBBBBBBFB1C5
:10E28000AFFFFFFFFFFFFFFF500000000000000096
:10E2900000000000000007B20000000000000ADFDC
:10E2A000FA000000000000A93DF500000004400253
:10E2B000E00010000000AFF80B600000006C30FFC1
:10E2C000FFFFFFFFFFFFFFF4AFF9000C5000006DF0
:10E2D0004005500004C00000100000000000C43ED3
:10E2E000E80000000000002EEFFA0000000000002F
:10E2F000004FFA00000000000000000000000000D5
:10E30000011000000007EFFFB30000AFFD8FFF20FA
:10E3100004FFFD09FFB00AFEFD12AFF00EF55D2C03
:10E320000EF30FFF33129FF50FFFF307FFF60FFFFA
:10E33000E206FFF60FFE24137FF50DF57D2C0DF39D
:10E340000AFFFD11BFF003FFFE0BFFA0007FFEBF21
:10E35000FE100003ACDC81000000344300000566C1
:10E360007FFFF96650FFFFFFFFFFFF3566666666B9
:10E3700066501CCCCCCCCCC402FFFFFFFFFF602F4B
:10E38000F3FB7F6DF602FF2FB7F5DF602FF2FB7F07
:10E390005DF602FF2FB7F5DF602FF2FB7F5DF6021F
:10E3A000FF2FB7F5DF602FF3FB7F6DF601FFFFFF57
:10E3B000FFFF5007BCCCCCCC900000000000000157
:10E3C00020000000000004FF500000000002FFFFDA
:10E3D000500000000439FFFE00000004FF39FFA0D8
:10E3E000000004FFFF39B0000004FFFFFF20000021
:10E3F00004FFFFFFB0000004FFFFFFB0000004FFB8
:10E40000FFFFB0000004FFFFFFB0000000BFFFFFF0
:10E41000B00000000DFFFFB000000000FFFFB000E3
:10E4200000000009A86000000000000000178888B4
:10E43000888887400002EFFFFFFFFFFFF4003EFFE8
:10E44000FFCFFFCFFFF703EFFFF908F809FFF83E12
:10E45000FFFFFE20402EFFF8DFFFFFFFE101EFFF8F
:10E46000F89FFFFFFF80008FFFF809FFFFF902C24E
:10E4700009FFF8009FFFFE4EFE4EFFF80009FFFF68
:10E48000FFFFFFFFF700008FFFFFFFFFFFC100004E
:10E490000000000003EFFFFFE203FBFBCEBFA4FF81
:10E4A0001D03A1FAFFF1D03A1FAFFFFFFFFFFAFFF4
:10E4B000FFFFFFFFAFFFFFFFFFFAFFFFFFFFFFAF11
:10E4C000FFFFFFFFFAFFFFFFFFFFAFFFFFFFFFFAB6
:10E4D000FFFFFFFFFFADFFFFFFFFF829AAAAAAA8D1
:10E4E000000000000000000300000000000004F134
:10E4F000000820000001FF100BF70000002FF10CB6
:10E50000FF94444445FF1BFFFFFFFFFFFFF18FFF18
:10E51000FFFFFFFFFD007FF70000000000006F60BD
:10E5200000000000000030000000000000000000BB
:10E53000000000000000C003000000000000C00355
:10E54000030A00000F008005050500051C00D00926
:10E550000A0A00004E00B008090F00FE9200D00B1E
:10E560000C0A0000CE00A0090A0B00FF0501F00212
:10E57000030500050D01B004040E01FD2901C004CE
:10E58000040E00FD4501A005060600055701200800
:10E590000807000273013003030500FE7B016005DC
:10E5A0000503000383013003030300008801F00426
:10E5B000070EFFFFB9015009090A0000E601300506
:10E5C000040A0000FA011008080A000022020008EC
:10E5D000080A00004A0260090A0A00007C021008CA
:10E5E000080A0000A402A008090A0000D10260087D
:10E5F000080A0000F9020009090A00002603A00821
:10E60000080A00004E033003030800005A033003D9
:10E61000030B00FD6B032008080800018B03200892
:10E6200008060002A303200808080001C30300082D
:10E63000080A0000EB03800E0E0D00FD4604400AA0
:10E640000C0AFF008204A00A090A0100AF04200A94
:10E650000A0A0000E104900B0A0A01001305600990
:10E66000080A01003B05E008080A01006305D00A1A
:10E670000A0A00009505600B090A0100C205500452
:10E68000020A0100CC053007070AFF00EF05100A57
:10E690000A0A010021065008080A01004906600D17
:10E6A0000B0A01008006600B090A0100AD06C00BD1
:10E6B0000C0A0000E906200A090A01001607C00B2F
:10E6C0000C0D00FD6407300A090A01009107B0082B
:10E6D000090A0000BE073008090A0000EB07100B0A
:10E6E000090A01001808F0090B0AFF004F08C00FC3
:10E6F000100A00009F0870090A0A0000D1081009DA
:10E700000B0AFF0008093009090A00003509B004A6
:10E71000040E01FD5109F004070EFFFF8209B00449
:10E72000040E00FD9E09300807060102B309000728
:10E73000070100FFB709600805020109BC0960086C
:10E7400008080000DC099009080B0100080A00080D
:10E7500008080000280A9009090B00005A0A9008CE
:10E76000080800007A0AF004060B00009B0AB009B2
:10E77000090B00FDCD0A9009080B0100F90AE0031E
:10E78000020B0100040B0004050EFEFD270BA00880
:10E79000080B0100530BE003020B01005E0BD00ECF
:10E7A0000D080100920B900908080100B20BE00867
:10E7B00009080000D60B9009080B01FD020C900916
:10E7C000090B00FD340CC00505080100480C0007CA
:10E7D00007080000640CD005060A0000820C8009BE
:10E7E00008080100A20CD0070908FF00C60C900C15
:10E7F0000D080000FA0CC007080800001A0DD00729
:10E80000090BFFFD4C0D500707080000680DF004D0
:10E81000050E00FD8B0D3004020E01FD990DF00474
:10E82000050E00FDBC0D200808030003C80DE0051F
:10E8300006050006D70D600404030003DD0D000E7D
:10E840000F0FFFFE4E0E000E0E0B00009B0E000E73
:10E850000E0D00FFF60E000E0E0B0000430FA00978
:10E860000A0B00007A0F000E0E0F00FEE30F000EE1
:10E870000E0F00FE4C10C00F100D00FFB410000E64
:10E880000E0F00FE1D11C00F100B00007511000EC1
:10E890000E0F00FEDE110007070C00FF0812800AB1
:10E8A0000B0C00FF4A12C00F100E00FEBA12000E31
:10E8B0000E0B00000713A0090A0F00FE5213400CB4
:10E8C0000A0E01FE9813400C0D0F00FEFA13400CC7
:10E8D0000D0D00FF4F14400C0D0D00FFA414400C53
:10E8E0000A0E01FEEA14400C0E0DFFFF4515C0088C
:10E8F000090D00FF8015C008090D00FFBB15400C75
:10E900000D0D00FF1016400C0D0400032A16C00F59
:10E91000100B000082168011120F00FE0917C00FA5
:10E92000110FFFFE8917000E0E0D00FFE417400CBB
:10E930000D0800011818400C0D0800014C1880113A
:10E94000120B0000AF18000E0E0B0000FC18000E9A
:10E950000E0F00FE6519000E0F0FFFFED619400CBA
:10E960000D0D00FF2B1A400C0D0F00FE8D1A400CF0
:10E970000D0D00FFE21A400C0D0C00FF301B000EC5
:10E980000E0B00007D1BC0080A0FFFFEC81B400CC9
:10E990000D0F00FE2A1C400C0D0F00FE8C1CC00F3A
:10E9A000100B0000E41C000E100FFFFE5C1D800A1F
:10E9B0000B0F00FEAF1D8011120D00FF241E8011F1
:10E9C000120A00007E1E8011120A0000D81E80115B
:10E9D000120A0000321F8011120A00008C1F8011E1
:10E9E000120A0000E61F8011120C00FF5220400C9A
:10E9F0000C0F00FEAC20400C0D0F00FE0E21000E8F
:10EA00000F0FFFFE7F218011120B0000E221800A10
:10EA10000B0F00FE3522100E0F0A00000000721FBF
:10EA200051EF58EF5BEF5CEF5DEF61EF63EF65EF88
:10EA300069EF6CEF71EF76EF77EF78EF8EEF93EF92
:10EA400098EF9BEF9CEF9DEFA1EFA2EFA3EFA4EF58
:10EA5000B7EFB8EFBEEFC0EFC1EFC4EFC7EFC8EF3D
:10EA6000C9EFCBEFE3EFE5EF14F015F017F019F075
:10EA700030F037F03AF043F06CF074F0ABF03BF16B
:10EA800090F191F192F193F194F1D7F1E3F13DF22C
:10EA900054F2AAF412F7F2F7200000005F00010020
:10EAA000000000000000000000000200B0000000B4
:10EAB000F3F760001CEA0390000000003E00030032
:10EAC000000001020003040502060708090A090AFA
:10EAD0000B0C000D0E0F101112130C14140000007B
:10EAE0001516171819161A1B1C1D1D1E1F201D1D7B
:10EAF0001621222303241E2525262728292A2B0018
:10EB00002C002D2E2F303132332D343435302D2D35
:10EB10002E2E36373839333A3A3B3A3C2900000931
:10EB20003D0900000000000000000000000000009F
:10EB300000000000000000000000000000000000D5
:10EB400000000000000000000000000000000000C5
:10EB500000000000000000000000000000000000B5
:10EB600001020003040502060708090A090A0B0C42
:10EB70000D0E0F10110C12131415150000001617AE
:10EB80001819171919191719191A191919191719FB
:10EB90001719031B1C1D1D1E1F20212223002400EA
:10EBA0002526272727002726282926262A2A272A16
:10EBB000272A2B2C2D2E2E2F2E3000002309310931
:10EBC0000000000000000000000000000000000045
:10EBD0000000000000000000000000000000000035
:10EBE0000000000000000000000000000000000025
:10EBF0000000000000000000000000000001000014
:10EC000000000000000100000200000000020000FF
:10EC100000000000000000000000000000000100F3
:10EC200000000000000000000000000000010A00D9
:10EC300006FB00000000F4F3020B0504F7020B01D1
:10EC400009020700000000000000000000000D02A3
:10EC5000FE0000000000000000000000000400F9B9
:10EC60000000000000FC04040000FE00FE0200FEA4
:10EC700000FEFFFC00000000FE0000FDFD0000FEA5
:10EC800000FC000000000000000000FEFE00FD008F
:10EC9000FA00E50000FC0004070000FC0202070483
:10ECA000FC040000F3000000000000000000000071
:10ECB000F80000000000000000000000000000FA62
:10ECC000FDF500F7FE00000000000900F9FEFF015D
:10ECD00000FC0000FEEF000000000000000000004B
:10ECE00000EEFE090000000000000000000000002F
:10ECF000F700000000000000000000070002000014
:10ED0000FC00000000000000000000000000000007
:10ED100000000902010000000000000000000000E7
:10ED200000000000000000000000000000000000E3
:10ED3000000000000000000000000000F8000000DB
:10ED400000000000000000000000000000000000C3
:10ED500000000002040207FE000004FEF9E10206C2
:10ED60000400FD00080007000700EB00FD07000796
:10ED7000FE0402000001FE0000FC12001200070069
:10ED800009030407000000F80000000001FE000273
:10ED9000FCFDFC0200FE000000F700000000000087
:10EDA0000000000000F10000000000000000000072
:10EDB000000000000001F400F200000000FE001658
:10EDC000FDFD0202FE00FD020000F4000000000054
:10EDD000000000000000EA00020000000000000047
:10EDE0000000000000F2000D0000F8000700F1EA4A
:10EDF000F1FC070000F10003FB00FD000000000033
:10EE0000000000000000000607E500000000000010
:10EE10000000000000000B000200000000000202E1
:10EE2000FDFC00FFFFFE0000FE000000FC00FE00F5
:10EE3000FBFC00FAF9F9FC00FC00FC00000000FEFD
:10EE40000000020002FE000100000002FE000000BF
:10EE5000FE0202FF000000FC00FF000000000001B5
:10EE60000003FE00FD00FC0000FE00070000FE00A5
:10EE700000000000FF01FEFE0000FE00FE0000009A
:10EE8000000000000000FFFF00FEFD000000000089
:10EE9000010000FE00FEFEFE000000000000000079
:10EEA00000FF00000000FEFD00FD00F9FEF9040077
:10EEB00000FC02040600FAFFFD00FFF502FE02F46A
:10EEC00002000001F400F4FEEDFE00F5000406006F
:10EED00003000000000000FCFD00F9000000FE003F
:10EEE0000000FE0000000000FFFF00FFFD0000002A
:10EEF00000000000FEFE00FEFDFE0000FE0000001F
:10EF00000000000000000000FEFE00FD00FE00FC0E
:10EF1000020000FD010202000000000000FE0000EF
:10EF2000000000020000FE00FEFEFD0000000000E8
:10EF300000000200FE00000000FEFD00FC0007FED5
:10EF400001F9000006F5F4F7FC0200FEF1FC00FCFC
:10EF500000FC03FCF200FA000001FF02FE000200C8
:10EF6000F9F700F5FBFBFBF9FDFA00FCFA010001E3
:10EF700000FE00000002000200000000000000008F
:10EF8000000000FE00FF00FFFE00FCFBFBFF00F99D
:10EF9000000000000000FE0000000001FF00000073
:10EFA0000200000000000000000B00000000000054
:10EFB00002000000FE000000000000000000000051
:10EFC000FC00020000000000000000000000000043
:10EFD000FE000000FC00000000F5F9000000FDF557
:10EFE0000000FE0200FA0000000000000000000027
:10EFF000FC0000FC00000000000000000000000019
:10F000000200FC00000000030002FCFC00FEFEFD0C
:10F01000000000000000F900FE00FDFE00FBFAF910
:10F02000FE00FC00F900000000120000010000FDDD
:10F03000000200F60000000000EBFC0707FEF700EE
:10F0400002FD00F5FFFD02F0FE030003F8FDF8F9F4
:10F05000F70000F3000D0000FF000000FFFFFEFAC4
:10F06000F900EB00000000000000000001000000BB
:10F0700000000000000000000000000000FE00FF93
:10F08000FEFD0000FC00FE0000000000000000008B
:10F09000000000000000FF00FC000004FF0300FB74
:10F0A00002FEFFFAFE00FDFEFE00FDFC0000FEFF7A
:10F0B000FEFCFD0000FE0002FE00FB000000FC0064
:10F0C000FC00FCFC020000000000000000FC02004C
:10F0D000FD00FEFDF9FEFEFEFFFEFDFF000000004C
:10F0E00000FEFEFE0000000003FE00FE000000FE29
:10F0F000FDFEFEFDFE000209FF00FA00FE0400FE18
:10F10000F7FD030000F5FC02FC0200FEFEF900FD25
:10F11000010000FC0000000202FCFC00FCFEFDFE01
:10F12000FE00FC01FCFC07000000000000000000E5
:10F1300002000000000000000000000000000000CD
:10F140000000000000000000FC00000000000000C3
:10F1500000000000000000000000000000000000AF
:10F16000000000000000000000000000000000009F
:10F1700000000000FE000000000000000000000091
:10F18000000000000000000000000000000000007F
:10F190000000FEFE00000000000000000000000073
:10F1A000FD0000FD0000FEFE00000000FE0000006B
:10F1B00000FF0000000000FE00000000FD00FC0059
:10F1C0000000F90002FB0400FEF50000FBFE00F762
:10F1D000FAFA0000F6FEF7F7F500FA00020FFD005C
:10F1E000FBFEFFFEFCFAFCF8F7FBFE0000FE000150
:10F1F0000000F0FE0705FBF80001F900F5FEFE0433
:10F20000EBFD010000F1FDF4FEF00000F0000D0147
:10F2100000FE00000000FFFEF7FE00F1000000000D
:10F22000F900FE00FFFAF50000FFFDF9FE00FE0008
:10F23000000000F6FEF9F9FEFCFAFEFC00FCFEF907
:10F24000FD00FDFCFEFC000100FEF9000400FC00D6
:10F25000000000030002FC0900FEFEFD00000000AB
:10F260000000F900FE00FDFE00FBFAF9FE00FC02C2
:10F270000900000000120000010000FD0002000073
:10F28000000000000000000000000000FEFC000084
:10F29000000000FF000000FEFE0000FCFE0000FC7D
:10F2A0000004FF0000000000000100000000030453
:10F2B00002FE00F9FC0007F9F9FCFC090402EDFE6E
:10F2C00004FE00FE02FEF800FE02FDFEF9FE000054
:10F2D000070400FA00F4FD06FDF701FDF9F9FE0947
:10F2E0000200FD00FA000207FBF8F7FA070001F040
:10F2F000FE02FCFEFB00FBF8FDFDFE0000FBFBFE3A
:10F30000000705FEF400F4FD00F8F3FFF9FCF9FA3C
:10F31000060000FD00FCFE00FEFC0004F9020000F7
:10F32000F400FEFBFCFEF9FAF9FB00F9FEFBFCF928
:10F33000FE0000010BFC00F9FE00FEFCFBFAFAF7F0
:10F34000FDFC0400FD00F5FD0104F9F8FCF907FEE1
:10F3500001EBFC04FBFCF800F9F7FDFEFEFEFBF9F7
:10F36000FF00000706FEF100F3FB05F7F1FCF8F7DC
:10F37000F5F90400000000FD000002FD0402FC0499
:10F380000000F9FF00FF000101FE00000000000086
:10F39000FE0000000002070000FD00000000FEFE6D
:10F3A000FD0000000102000000000200FE00090054
:10F3B000040101FD00040000000200000000000044
:10F3C0000000000000070006000000000000000030
:10F3D000000000000000F300FE0400070000160318
:10F3E000FCFC0202FE01F500000BF300000000002F
:10F3F000000000000000F1091F00000000000000F4
:10F400000000000000F30000000000000000000009
:10F4100000000000000000000000000000000000EC
:10F42000FC0000FCFE0000000000000000000000E6
:10F430000000000000000000FE00FA0000010000D3
:10F44000021DFCFE0706FA0200000202FD00000099
:10F450000000000000000000E306000000000000C3
:10F460000000000000000000000000FA000000FAA8
:10F4700000000000FBFF000000FB00FD00F50000A5
:10F48000000000000000000000F10000000001008A
:10F490000000000000FE0000FC00FD00FA0000007B
:10F4A000FC02FD0000FAFEFB0000FA00FE00F50081
:10F4B000FE0000EEFCF7FEF80000F100FAFF00008D
:10F4C000000000000000FDFCFEFC00000000FB004E
:10F4D000FB03FE0400FEFBFEFCFC00FDFFFE02FA47
:10F4E000FF000000ECFEFD00FB00FEF5FE0000FE4C
:10F4F000FE000000000200FEFCFE04000000000010
:10F5000000000000000000000000000000000000FB
:10F5100000000000000000000000000000000000EB
:10F5200000000000000003000000000000FB00FEDF
:10F53000000000FC02000000FAFEFC0000FA00FEE1
:10F5400000F500000000EA00FCF8F50000F100FE04
:10F55000FD0000000000000000FEFDFFFD010000B6
:10F5600004FD00070BFEFEF9030B0405FA03090373
:10F5700006050600000000000000000000000E0B61
:10F58000FCFE00FE120A120000000200000800004B
:10F59000FC000000000000000000FE000000000071
:10F5A0000000000300000000EDFDFEF7F50000F193
:10F5B000000000000000000000000000000000004B
:10F5C00000FC000000000000000000FE0000000041
:10F5D000000000000300000000EDFDFEF7F5000054
:10F5E000F700000000000000000000000000000024
:10F5F00000000000FE000000FB0200FE020402F911
:10F600000000FE02000200000000FA00FEFEFC0006
:10F61000FEF7000EFE00FBFE00FEFC00FEFAFCFD05
:10F62000000000FC000000000000000000FE0000E0
:10F630000000000000000300000000EDFDFEF7F5F3
:10F640000000F10000000000000B000000000000BE
:10F6500000000000FC00F9FDFE07FEFEF701FF01BF
:10F66000FEFA000500020102FBF7FD00F7FCFAF7C5
:10F67000F700FCFCFDFDFEFEFDFE00FEFF030003A7
:10F68000FE0007000000000000000000000000FE77
:10F69000FEFE0000FA00FF00FC0000000000000079
:10F6A00000000000F3000000000000000000000067
:10F6B000FEFE00FD00000000FE0000FCFE0200FC5B
:10F6C000FCFE00FAFEFBFEFD00FC00000000000056
:10F6D0000000000000F100070000FC00000000FD39
:10F6E00000FE0000FF0000FE00FB000009FDF9F92C
:10F6F00002020200FA020302070207FEFA0000F704
:10F700000000F9FA0000FC00FDFC00FD00FD00FE19
:10F710000300FEF9FE080000FE00FC000003FB00F1
:10F7200002FE020000F900FEFF00FE02FE000000E3
:10F73000F7FDFB00F90000F50008FE00FC000100E9
:10F74000FE00FEF900FE0200000000FE000002FDC7
:10F75000010000FDFE00FD000000000000000000B0
:10F760000000000000000000F200050000FE0000A4
:10F7700000000000FEFE0000000400050000000084
:10F7800000F2F3010A0704F7020900080004000070
:10F790000000000000000000000C0000000000005D
:10F7A000000000000000000000000000FCEB0390DF
:10F7B000C0EA03905EEB03903D310000ACC20390C1
:10F7C0002CE5039098EA0390ACF703901000022810
:10F7D0008C02002431150290711402901000030075
:10F7E00000FF0100BCF703900000000000000000D3
:10F7F0006FC6FC5FB4FA4FA3F93F92F82F71D600A1
:10F8000001949FE4F9BE01F8BE01F8AD01F7AD0027
:10F81000F7AD00F757008300007F0004F2000000FE
:10F82000AC0007F0000000CA0009D0000DFFFFFF88
:10F83000FFFFF80688FB888EC8840002F4000F7072
:10F84000000003F2000F50000005F1002F400000FF
:10F8500007F0004F20007FFFFFFFFFFFE0388DD84B
:10F8600088CF8870000D9000AC0000000F7000CAB7
:10F870000000001F5000E80000000005F00000003C
:10F880000005F00000000005F000000007CFFFC8F1
:10F890001001DFFEFDFFD008FC15F006600CF3053B
:10F8A000F000000CF505F0000006FE76F000000008
:10F8B0008FFFF9400000027CFFFE40000005F4AF1E
:10F8C000F2000005F009F7010005F006F80C9205BA
:10F8D000F02DF40CFFEDFDFFA0004AEFFFC6000085
:10F8E0000005F00000000005F000000000027000BC
:10F8F00000009EE9000000DA0000AD44DA00009E3E
:10F9000010001F4004F1004F400003F1001F301EA3
:10F910009000002F3003F10AD0000000CB11BB058E
:10F92000F300000001CFFC11E81AFE700000110086
:10F93000AD0AD45F600000005F32F3007E0000007B
:10F940001F704F0004F000000BC004F0003F0000E7
:10F9500006F2002F2006E00002F70000BB23E600BD
:10F9600000CC000001AFE80000019DFD7000000028
:10F970000DF97BF70000004F9000DC0000005F7085
:10F9800000EC0000001FE11BF400000005FDEF503B
:10F9900000000004EFF3000000008FC7FD200830D6
:10F9A00007F9005FE21F800EE00005FEAF300FD0C8
:10F9B00000004FFC000DF700005EFF3004FFEBBEBF
:10F9C000FE6FF20029DFFC7003B0000000000000B1
:10F9D00000BEBEADADAD57000ED0007F6000EF00A1
:10F9E00003FA0008F5000BF2000EF0000FE0000F24
:10F9F000D0001FC0000FD0000FE0000EF0000BF28F
:10FA00000008F50003FA0000EE00007F60000ED051
:10FA10002FB000AF3003FA000EF0009F4006F70051
:10FA20003FA002FB001FC000FD001FC002FB003F03
:10FA3000A006F7009F400EF003FA00AF302FB00091
:10FA400000099000260990625FCBBCF502BFFB2045
:10FA500007EFFE706F6996F60109901000066000CE
:10FA600000000000000000FA00000000FA000000A2
:10FA700000FA00000000FA0000AFFFFFFFF46AAADE
:10FA8000FDAAA20000FA00000000FA00000000FA3F
:10FA9000000006A10FF80AF705F209C00D709BBB24
:10FAA000B5DFFFF807B20FF80AE4000000075000C6
:10FAB0000004F7000000AF1000000FC0000004F6C3
:10FAC000000000AF1000000FC0000005F6000000AD
:10FAD000AF1000000FB0000005F6000000AF1000EE
:10FAE000000FB0000005F6000000BF1000001FB0BE
:10FAF000000006F5000000BF0000001FB000000677
:10FB0000F500000000018DFEA3000002EFFDEFF6FE
:10FB10000000DFA1006FF2006FC000007FB00BF4A7
:10FB2000000000FF00EF1000000CF30FF0000000D9
:10FB3000AF50FF0000000AF50EF1000000CF30BF0B
:10FB40004000000FF006FC000007FB000DFA100655
:10FB5000FF20002EFFDFFF60000018DFEA3000DF2B
:10FB6000FFF4ACCEF4000BF4000BF4000BF4000B2C
:10FB7000F4000BF4000BF4000BF4000BF4000BF496
:10FB8000000BF4000BF4000BF4006CEFEA3002DF22
:10FB9000FEDFFF505F910009FE001000000EF20032
:10FBA000000000DF200000002FD00000001DF50045
:10FBB00000001CF80000001DF80000001DF8000007
:10FBC000002EF70000002EF60000002EFFCCCCCC5B
:10FBD00094FFFFFFFFFC4FFFFFFFFF03CCCCCCEFF8
:10FBE000D00000002FE20000001DF40000000CF621
:10FBF00000000009FA00000000FFFE800000066817
:10FC0000EFC000000000DF5000000008F801000015
:10FC100000AF77E610006FF27FFFEEFFF60028CF0F
:10FC2000FEA30000000007FB00000000003FD10021
:10FC300000000001EF30000000000CF600000000A2
:10FC4000008FA00000000004FD00010000002EF263
:10FC5000006F700000CF50006F700009F900006F56
:10FC600070003FFFFFFFFFFFF22CCCCCCCDFECC1DC
:10FC7000000000007F7000000000007F70000000A6
:10FC800000007F700000FFFFFFFF001FFCCCCCC016
:10FC900002FB000000004F9000000006F70000008B
:10FCA000007FECCA720009FFFFFFF7000000028F1F
:10FCB000F4000000008FA000000004FC020000001F
:10FCC0006FA3F820005FF44FFFEDFFF90017CEFEA1
:10FCD000B50000005BEFEB60000BFFECDFB000AFA6
:10FCE000B200011004FC000000000AF40000000053
:10FCF0000EF06CFFC6000FFAFDBCFFA00FFF600006
:10FD00002EF50FFA000005FA0CF7000003FC07FAC5
:10FD1000000005FA01EF60002EF4004FFEBCFF80EA
:10FD200000019DFEB4006FFFFFFFFFF26FECCCCC33
:10FD3000DFF16F8000006FA06F800000DF301420C3
:10FD40000004FC000000000CF5000000003FD000A3
:10FD5000000000AF6000000002FE0000000009F893
:10FD6000000000001FF1000000007F900000000074
:10FD7000EF2000000006FB0000000006CEFEB500EC
:10FD800000CFFCACFFB006FC10002DF409F600001B
:10FD900008F706FB00001DF400AFEA9AFF80005E42
:10FDA000FFFFFE4006FE61027FF40EF3000005FC3B
:10FDB0001FE0000000FF0FF1000003FE0AFB10002F
:10FDC0002DF801DFFCBCFFC00007CEFEB600003AF4
:10FDD000EFEB400006FFDACFF8001FF40001CF5030
:10FDE0005F9000002FD06F9000003FF12FF40001D2
:10FDF000CFF408FFDABFECF5004BEFD91AF400009E
:10FE000000000DF3000000001FF000000000AF90A4
:10FE10000040001AFE1006FEDDFFE30003ADFEC742
:10FE200010000AE40FF807B2000000000000000014
:10FE3000000007B20FF80AE40AE40FF807B2000066
:10FE4000000000000000000006A10FF80AF705F20C
:10FE500009C00D7000000000630000029FF400055F
:10FE6000CFFB4028EFE81000AFC40000008FFA403D
:10FE70000000029EFD710000006CFFB2000000391E
:10FE8000F40000000001AFFFFFFFF46AAAAAAAA2D3
:10FE9000000000000000000000000000000000AFB3
:10FEA000FFFFFFF46AAAAAAAA26300000000AFD66F
:10FEB00010000017DFF930000003AFFC6000000104
:10FEC0006EF4000006CFF30039FFD6005DFFA300FB
:10FED00000AD710000002000000000007CEFDA306F
:10FEE00002EFFCCEFF606F800008FE001000000FE4
:10FEF000F100000001FE00000000BF60000001CF23
:10FF000080000000CF800000004FC000000003749C
:10FF1000000000000000000000029300000000AF9D
:10FF2000C000000006F8000000000049DFFEC930F4
:10FF3000000000002DFD97679EFB10000005FD30BE
:10FF40000000004DE300003FA00058850394BE1060
:10FF500000EC002DFFFFD7F51DB006F301EF710493
:10FF6000DFF505F20BD008F700001EF500E70E9054
:10FF70000CF0000008F500CA0F700EE0000006F556
:10FF800000AB0F700DF0000006F500BA0E900AF3FA
:10FF900000000BF500D80BD003FD10007FF703F431
:10FFA00006F3007FFA9DF7FEAEC000EC0004CFFB25
:10FFB000405EFA10003FA0000000000000000005B5
:10FFC000FD3000000000000000003DFD9768AF70AC
:10FFD00000000000005ADFFDB71000000000000E16
:10FFE000F80000000000005FFE000000000000DFDD
:10FFF000AF600000000004FA1FD0000000000BF307
:02000004900466
:100000000AF5000000002FC003FC00000000AF5004
:1000100000CF30000001FE00005FB0000008F700D4
:10002000000EF200000EFFFFFFFFF900006FDAAADA
:10003000AAAAFF1000DF300000009F8005FB00002F
:1000400000002FE00CF4000000000AF6EFFFFFFEB6
:10005000B5000EFBAAABDFFA00EF1000004FF30E65
:10006000F1000000AF60EF1000000CF40EF1000092
:1000700029FC00EFFFFFFFFD100EFBAAAACEFD102A
:10008000EF10000008FB0EF10000000FF0EF100071
:100090000000FF1EF10000008FE0EFBAAAABEFF402
:1000A0000EFFFFFFFD9200000017CEFEB500000519
:1000B000EFFFDEFFC1005FF920003BF502FF6000AB
:1000C00000003008F900000000000DF300000000FF
:1000D000000FF000000000000FF000000000000D15
:1000E000F3000000000008F9000000000002FF60BB
:1000F00000000030005FFA30003BF50005EFFFDF45
:10010000FFC1000017CEFEB500EFFFFFFDA4000009
:10011000EFDCCCDFFFB100EF1000005DFD00EF1061
:10012000000000CFA0EF100000001FF1EF10000052
:10013000000AF6EF1000000008F8EF1000000007BA
:10014000F8EF100000000AF6EF100000001FF1EFBA
:1001500010000000BFA0EF1000005DFD10EFCCCC40
:10016000DFFFB100EFFFFFFDA40000EFFFFFFFFF87
:100170000EFDCCCCCCC0EF100000000EF100000052
:1001800000EF100000000EF100000000EFFFFFFF85
:10019000F20EFCCCCCCC10EF100000000EF10000F1
:1001A0000000EF100000000EF100000000EFCCCCCA
:1001B000CCCC3EFFFFFFFFF4EFFFFFFFFFEFDCCCF7
:1001C000CCCCEF10000000EF10000000EF1000009A
:1001D00000EF10000000EFCCCCCCC1EFFFFFFFF22E
:1001E000EF10000000EF10000000EF10000000EF23
:1001F00010000000EF10000000EF100000000000F1
:1002000016CEFEB6000005EFFFDEFFD2005FF9203C
:100210000029F702FF600000002008F9000000003C
:10022000000DF300000000000FF000000000110FAF
:10023000F000000003FB0DF300000003FB08FA00D0
:10024000000003FB01FF60000003FB005FFA3000C9
:100250002AFB0004EFFFDFFFE4000017CEFEB6002C
:10026000EF10000000DF2EF10000000DF2EF100093
:100270000000DF2EF10000000DF2EF10000000DFA3
:100280002EF10000000DF2EFFFFFFFFFFF2EFDCC6F
:10029000CCCCCFF2EF10000000DF2EF10000000DFB
:1002A000F2EF10000000DF2EF10000000DF2EF1061
:1002B000000000DF2EF10000000DF2EF1EF1EF1E36
:1002C000F1EF1EF1EF1EF1EF1EF1EF1EF1EF1EF147
:1002D00000CFFFFFF4009CCCCFF40000000BF40033
:1002E00000000BF40000000BF40000000BF4000011
:1002F000000BF40000000BF40000000BF400000001
:100300000BF40100000DF20CC2006FE00AFFDEFFEB
:1003100060006CFFC500EF1000000BF80EF100004C
:100320000BF800EF10000BF9000EF1000BFA0000C3
:10033000EF100AFB00000EF10AFB000000EF19FFAE
:100340003000000EFAFEFE100000EFFD1AFC000067
:100350000EFD100CFA0000EF20001EF7000EF10059
:10036000002FF400EF1000004FF20EF10000006FBC
:10037000D1EF10000000EF10000000EF10000000AF
:10038000EF10000000EF10000000EF10000000EF81
:1003900010000000EF10000000EF10000000EF1050
:1003A000000000EF10000000EF10000000EFCCCCC8
:1003B000CCC8EFFFFFFFFBEF10000000000EFEF9BE
:1003C0000000000008FFEFF300000002FFFEFFC086
:1003D000000000BFFFEF9F6000004FAFFEF1EE1086
:1003E000000DF1FFEF06F90007F70EFEF00CF30128
:1003F000FD00EFEF003FC0AF400EFEF0009F9FA05A
:1004000000EFEF0001EFF1000EFEF00006F7000034
:10041000EFEF00000400000EFEF00000000000EF0F
:10042000EF20000000DF2EFD1000000DF2EFFB00BA
:100430000000DF2EFEF800000DF2EF4FF50000DFA8
:100440002EF15FF3000DF2EF108FE100DF2EF100CF
:10045000BFC00DF2EF1001DF90DF2EF10002FF6D43
:10046000F2EF100005FFFF2EF1000008FFF2EF1081
:1004700000000BFF2EF10000000DF2000016CEFE72
:10048000B500000004EFFEDFFFD300005FF920009D
:100490003BFF2001FF600000009FD008F900000032
:1004A000000DF50DF30000000006FA0FF00000004B
:1004B0000003FC0FF00000000003FC0DF30000003F
:1004C0000006FA08F9000000000DF501FF600000C9
:1004D000009FD0005FFA20003BFF200004EFFFDF09
:1004E000FFD300000017CEFEB50000EFFFFFEC7059
:1004F00000EFDCCDEFFD20EF100002BFC0EF1000D9
:10050000000EF3EF1000000AF5EF1000000BF5EFFE
:100510001000002FF2EF100015DFA0EFFFFFFFFB30
:1005200000EFCCCCB94000EF1000000000EF10004D
:10053000000000EF1000000000EF100000000000BD
:100540000016CEFEB5000000004EFFFDFFFD30009E
:10055000005FFA20004BFF20001FF600000009FD9D
:100560000008FA000000000DF500DF300000000078
:100570006FA00FF00000000003FC00FF000000006F
:10058000003FC00DF20000000006FA009F9000003E
:100590000000CF5002FF500000008FD00006FF92F5
:1005A0000003BFF3000006FFFECEFFE300000002E1
:1005B0008DFFFD600000000000009FE2001A1000A7
:1005C0000000008FFBBFF300000000004BEFB30002
:1005D000EFFFFFEC7000EFDCCDEFFD20EF1000022D
:1005E000BFC0EF1000000EF3EF1000000AF5EF108F
:1005F00000000BF5EF1000002FF2EF100015DFA048
:10060000EFFFFFFFFA00EFCCCBDF9000EF10001EF2
:10061000F200EF100004FD00EF1000009F90EF10BB
:1006200000000DF40006CEFEC71000CFFDCDFFD0B8
:1006300008FC200017600CF3000000000CF4000020
:10064000000006FF71000000007FFFD9400000019C
:100650006AEFFE4000000003AFF20000000008F760
:100660000100000007F80DB300003EF40AFFFCCEC5
:10067000FF900039DFFEA400EFFFFFFFFFFABCCCC4
:10068000DFFCCCC800002FD0000000002FD00000FD
:1006900000002FD0000000002FD0000000002FD05D
:1006A000000000002FD0000000002FD0000000004C
:1006B0002FD0000000002FD0000000002FD000003D
:1006C00000002FD0000000002FD000000FF000002D
:1006D000002FD0FF00000002FD0FF00000002FD01F
:1006E000FF00000002FD0FF00000002FD0FF00000F
:1006F0000002FD0FF00000002FD0FF00000002FC00
:100700000FF00000002FC0DF30000005FA09F900EB
:100710000000CF602FF80001AFE0005FFFDEFFE3D5
:10072000000029DFFD81000CF5000000000EF1053E
:10073000FC000000006F9000EF30000000DF2000A0
:100740007FA0000004FB00001FF200000BF400007B
:1007500009F800002FD0000002FF00009F60000099
:1007600000BF6001FE000000004FD007F80000004D
:10077000000DF40EF10000000006FB5FA000000079
:100780000000EFEF3000000000008FFC00000000D0
:1007900000001FF50000003FD0000000CF60000007
:1007A00002FB0DF3000001FFC0000008F508F8008F
:1007B0000007FFF100000DF103FD00000CF8F70049
:1007C000003FB000DF30002FB2FC00008F50008FE0
:1007D00080007F50CF1000DF00003FD000DF007F9F
:1007E0007003FB00000DF302FA002FC008F50000B3
:1007F00008F808F5000CF20EF0000003FD0DF00003
:1008000007F73FB0000000DF6FA00001FC8F500031
:1008100000008FFF400000CFEF000000003FFF000E
:1008200000006FFB000000000DF90000001FF50044
:10083000001FF3000000BF7005FE100006FB000063
:100840009FA0002FE100000DF600DF40000003FF35
:1008500029F8000000007FEFC0000000000BFF201F
:10086000000000001EFF7000000000BF9FF30000AA
:100870000007FC05FD0000003FF200AFA00000DF14
:1008800050000DF5000AFA000003FF205FD00000C1
:10089000007FC00CF500000004FB002FE100000009
:1008A000DF20008F9000007F700000EF30002FD01D
:1008B000000005FC000BF40000000BF605FA000038
:1008C00000002FE1EF10000000008FEF700000002B
:1008D0000000DFD0000000000008F700000000006A
:1008E000008F70000000000008F70000000000000A
:1008F0008F70000000000008F70000000FFFFFFFEE
:10090000FFFF40CCCCCCCCEFF2000000001DF60085
:100910000000000BF90000000008FC0000000005CA
:10092000FE1000000003FF3000000001EF50000047
:100930000000CF80000000009FB0000000006FD1D9
:10094000000000004FF2000000001EFECCCCCCCC1A
:1009500072FFFFFFFFFFF9EFFF4EFAA2EF000EF06C
:1009600000EF000EF000EF000EF000EF000EF000C0
:10097000EF000EF000EF000EF000EF000EF000EFC1
:10098000000EFAA2EFFF405700000006F50000003D
:100990001FA0000000CF00000006F50000001FA00F
:1009A000000000BF00000006F50000001FB00000BE
:1009B00000BF00000006F50000001FB0000000BFEF
:1009C00010000005F60000000FB0000000AF10009E
:1009D0000005F60000000FB0000000AF1000000599
:1009E000F6AFFF96ACF9005F9005F9005F9005F94E
:1009F000005F9005F9005F9005F9005F9005F90030
:100A00005F9005F9005F9005F9005F96ACF9AFFFC4
:100A10009000007500000005FF1000000CBF700082
:100A2000003F49D000009D03F40001F700CB000710
:100A3000F1006F200DA0000F804F300009E0000092
:100A4000000000FFFFFFFFFF333333333327700015
:100A500005FC10002DD105BEFEB4007FFDBDFF508A
:100A60002A10007FE00000000DF20001111CF308C5
:100A7000EFFFFFF39FC6444CF3FF00000BF3EF10B2
:100A8000003FF38FD769FEF306CFFC59F33FB00068
:100A90000000003FB0000000003FB0000000003F39
:100AA000B0000000003FB19EFD92003FDEFDCEFE93
:100AB000403FFE30008FE13FF300000AF73FD000D7
:100AC0000004FA3FB0000002FC3FD0000004FA3FEF
:100AD000F300000AF73FFE30008FE13FCEFDCEFF6E
:100AE000403FA19EFE92000003AEFE910007FFDC96
:100AF000EFE204FE40007F60CF400000100FE000F6
:100B0000000002FC000000000FE000000000CF40E9
:100B100000001004FE40007F6007FFDCEFE20003EE
:100B2000AEFE91000000000001FD0000000001FD8C
:100B30000000000001FD0000000001FD0004BEFCFB
:100B400061FD008FFDCEFBFD05FE40007FFD0CF535
:100B5000000009FD0FE0000003FD2FC0000001FDB3
:100B60000FE0000003FD0CF4000008FD05FE20006E
:100B70005FFD008FFBADFBFD0004BEFD70FD0004BA
:100B8000BEFC6000008FFCBEFC0005FD2000AF80B5
:100B90000CF300000DF00FE1111119F42FFFFFFF0E
:100BA000FFF60FE4444444410CF30000000004FE4F
:100BB00040002B20007FFECDFF600003AEFEA300AF
:100BC0000006DFD6006FEAC600CF200000EF00006D
:100BD000BFFFFFF17AFFAAA000EF000000EF0000C6
:100BE00000EF000000EF000000EF000000EF000049
:100BF00000EF000000EF000000EF00000004BEFD69
:100C000070DF008FFDCEFCEF05FE40005FFF0CF4AF
:100C1000000006FF0FE0000000FF2FC0000000FFF3
:100C20000FE0000001FF0CF5000007FF05FE40008B
:100C30005FFF008FFDBEFCFF0004BEFD71FE0000E3
:100C4000000003FB01A400002DF504FFFCBDFFA084
:100C50000028CEFEB5003FB000000003FB000000FE
:100C6000003FB000000003FB000000003FB19EFE0B
:100C70009103FDEFDDFFD03FFD2002DF73FF200079
:100C800004FC3FD000001FD3FB000000FE3FB0007B
:100C9000000FE3FB000000FE3FB000000FE3FB008D
:100CA0000000FE3FB000000FE03EB07FF0084000C3
:100CB000003FB03FB03FB03FB03FB03FB03FB03F6C
:100CC000B03FB03FB03FB00002EC00005FF1000069
:100CD00075000000000001FD00001FD00001FD00B4
:100CE000001FD00001FD00001FD00001FD00001F0B
:100CF000D00001FD00001FD00001FD00001FD0004A
:100D000005FA07DBFF407EFD50003FB00000000009
:100D10003FB0000000003FB0000000003FB0000006
:100D200000003FB00002DF503FB0002EF6003FB0A1
:100D300003EF60003FB03FF600003FB4FF900000BB
:100D40003FEFFFF200003FFF59FD00003FF400CFEE
:100D500090003FB0001EF6003FB00004FF203FB0FF
:100D600000007FD03FB3FB3FB3FB3FB3FB3FB3FB80
:100D70003FB3FB3FB3FB3FB3FB3FB03FA3AEFD70C0
:100D800005CFFC5003FDFEBCFFAAFEBCFF703FFB7D
:100D90001003FFF90004FF13FF100009FE00000B11
:100DA000F43FD000006FB000008F63FB000005F936
:100DB000000008F63FB000005F9000008F63FB006A
:100DC0000005F9000008F63FB000005F9000008FBA
:100DD00063FB000005F9000008F63FB000005F90DB
:100DE00000008F603FA2AEFE9103FDFFCBEFD03F2E
:100DF000FC1001CF73FF200004FC3FD000001FD384
:100E0000FB000000FE3FB000000FE3FB000000FE0F
:100E10003FB000000FE3FB000000FE3FB000000FFA
:100E2000E00003AEFD9100007FFDCEFE3005FE40E8
:100E3000007FE10CF4000009F70FE0000003FB2F36
:100E4000C0000001FD0FE0000003FB0CF4000009EE
:100E5000F704FE40007FE1007FFDCEFE300003AED0
:100E6000FD91003FA29EFD92003FCEFBADFE403FB4
:100E7000FD20006FE13FF3000009F73FD0000004C0
:100E8000FA3FB0000002FC3FD0000004FA3FF3003C
:100E9000000AF73FFE30008FE13FDEFDCEFF403F0E
:100EA000B19EFE92003FB0000000003FB000000085
:100EB000003FB0000000003FB0000000000004BE92
:100EC000FC60FD008FFDCEFAFD05FE40007FFD0CAD
:100ED000F4000009FD0FE0000003FD2FC000000139
:100EE000FD0FE0000003FD0CF4000009FD05FE40CD
:100EF000007FFD008FFDCEFBFD0004BEFC61FD0008
:100F000000000001FD0000000001FD0000000001E4
:100F1000FD0000000001FD3FA19E83FCEFF73FFEB6
:100F20004003FF40003FE00003FC00003FB000032F
:100F3000FB00003FB00003FB00003FB00000005C7E
:100F4000EFEA5009FFCBDFD01FE10002302FD000C5
:100F500000000DFC63000002CFFFFB30000147BF23
:100F6000F200000009F60930000BF55FFEBBEFC090
:100F700005AEFEC7000078000000EF000000EF00A3
:100F800000BFFFFFF17AFFAAA000EF000000EF0012
:100F90000000EF000000EF000000EF000000EF0095
:100FA0000000CF4000006FFBD70007DFD54FA00047
:100FB000003FB4FA000003FB4FA000003FB4FA006A
:100FC0000003FB4FA000003FB4FA000003FB4FB04A
:100FD00000005FB2FD000009FB0DF70005FFB04FF8
:100FE000FDADFCFB003BEFD72FB00DF2000000EF92
:100FF000006F9000005F9000FF00000BF20009F608
:101000000002FB00002FC0009F400000BF300FD047
:10101000000004FA06F70000000DF1DF10000000E8
:101020007FBF9000000001FFF30000000009FC00FA
:101030000000BF100000EF000001FA5F700005FF24
:10104000600006F50FD0000BFFB0000CE00AF200C4
:101050001FABF1001F9004F8006F55F7007F3000C0
:10106000ED00CE00EC00DE00008F32F9009F23F887
:1010700000003F98F3003F88F200000DEED0000D15
:10108000DEC0000007FF700007FF70000001FF10C6
:101090000002FF10002FE10000DF306FB000AF60F2
:1010A00000AF706FA00000DF5FD1000003FFF3000E
:1010B00000000BFB00000006FFF6000002FE2EF20F
:1010C0000000DF403FD0009F80008FA05FC0000085
:1010D000CF600DF2000000EF006F9000005F800015
:1010E000EF00000BF20008F70002FB00001FD00029
:1010F0009F400000AF400FD0000003FB06F6000049
:10110000000DF2DF000000006FCF8000000000EF54
:10111000F20000000008FB0000000000AF400000EB
:1011200003003FC0000002FDBFF300000008EFC451
:10113000000000001FFFFFFFF80AAAAAAFF5000099
:10114000009F90000006FC0000003FE1000001DF6E
:101150004000000BF70000007FB0000004FD10000D
:10116000001EFCAAAAA63FFFFFFFFB003CFA00EF0F
:10117000C603FC0004FA0004FA0004FA0004FA00B2
:1011800005FA008EF600DFE20007F90004FA000419
:10119000FA0004FA0004FA0004FA0002FD0000EF6D
:1011A000C6003CFAEEEEEEEEEEEEEEEEEEEEEEEE1B
:1011B000EEEEEEEEEEEEEEAFC3006CFE0000CF30D2
:1011C00000AF4000AF4000AF4000AF40009F500074
:1011D0005FE8002EFD009F70009F4000AF4000AF11
:1011E0004000AF4000AF4000CF306CFE00AFC30006
:1011F00009EE6000D67FABFB26F3B9005EFF9031AD
:1012000000003200006DEA1007E53BC00E4000E42C
:101210001F0000B70F3000D508C208E0009FFC2077
:101220000000100009A28FFC9FFD2DE500000000CA
:101230000000000000310000000000000015AEFDBD
:101240000000000000027CFFFFFF0000000049EFEB
:10125000FFFFFFFF000004BFFFFFFFFFFFFF0000D5
:101260000FFFFFFFFFFFFFFF00000FFFFFFFFFFB70
:1012700069FF00000FFFFFFE950008FF00000FFF51
:10128000C730000008FF00000FF80000000008FF52
:1012900000000FF80000000008FF00000FF8000039
:1012A000000008FF00000FF80000000008FF000029
:1012B0000FF80000017BBDFF00000FF800001EFFCB
:1012C000FFFF00133FF800007FFFFFFF2BFFFFF839
:1012D00000004FFFFFFCDFFFFFF8000006EFFFA15B
:1012E000FFFFFFF70000000220007FFFFFD100009A
:1012F00000000000028AA600000000000000C403F5
:10130000FFFFFFFFFFFF404CFDCDFFEEEEEEEEFFD7
:10131000DCDFFA8AFA00000000AFB8AFF403FA008D
:101320000000009F404FF404FA000000009F504F5F
:10133000FFFFFA000000009FFFFFF747FD77777778
:1013400077DF847FF403FFFFFFFFFFFF404FF74786
:10135000FD77777777DF847FFFFFFA000000009F3B
:10136000FFFFF404FA000000009F504FF403FA005E
:101370000000009F404FFA8AFA00000000AFB8AFAB
:10138000FDCDFFEEEEEEEEFFDCDFC403FFFFFFFF5F
:10139000FFFF404C00000000000000000000DFFFE5
:1013A000FA0CFFFFFFFFFFFDFFFFFD0EFFFFFFFF3A
:1013B000FFFFFFFFFD0EFFFFFFFFFFFFFFFFFD0E23
:1013C000FFFFFFFFFFFFCFFFF90AFFFFFFFFFFFC5B
:1013D00000000000000000000000CFFFF90BFFFF3D
:1013E000FFFFFFFCFFFFFD0EFFFFFFFFFFFFFFFF03
:1013F000FD0EFFFFFFFFFFFFFFFFFD0EFFFFFFFFE3
:10140000FFFFCFFFFA0BFFFFFFFFFFFC0000000014
:10141000000000000000CFFFF90AFFFFFFFFFFFB05
:10142000FFFFFD0EFFFFFFFFFFFFFFFFFD0EFFFFB2
:10143000FFFFFFFFFFFFFD0EFFFFFFFFFFFFDFFFCF
:10144000FA0CFFFFFFFFFFFD00000000000000009E
:10145000000000000000000000004E6000000000DE
:1014600000000004FFF7000000000000004FFFFF35
:1014700000000000000004FFFFF600000000000074
:101480004FFFFF6006E400000004FFFFF6007FFF4F
:101490004000004FFFFF6000FFFFF40004FFFFF675
:1014A00000006FFFFF404FFFFF60000006FFFFF8E6
:1014B000FFFFF5000000006FFFFFFFFF500000007E
:1014C0000005FFFFFFF50000000000005FFFFF5078
:1014D00000000000000005FFF50000000000000013
:1014E000005E500000000000067000000018408FF1
:1014F000FB000001DFF4FFFFB0001DFFFB7FFFFBDF
:1015000001DFFFF408FFFFBDFFFF40008FFFFFFF7B
:10151000F4000008FFFFFF40000001EFFFFC0000A7
:10152000001DFFFFFFB00001DFFFFFFFFB001DFFFD
:10153000FF48FFFFB0CFFFF4008FFFF9DFFF40004F
:1015400008FFF92EF40000008FC000100000000119
:10155000000000000026500000000000000000DF36
:10156000F30000000000006400DFF40072000000DF
:101570000BFE10DFF409FE300000AFFF50DFF40E69
:10158000FFE10005FFFB00DFF405FFFB000DFFB0EE
:1015900000DFF4005FFF404FFF2000DFF4000BFF8F
:1015A000A08FFB0000DFF40004FFF0BFF70000DFB6
:1015B000F40001FFF1BFF60000DFF40000FFF2BF0E
:1015C000F700008DC10000FFF18FFA00000000005D
:1015D00004FFF04FFF10000000000AFFB00EFFB044
:1015E000000000004FFF5006FFF900000004FFFC60
:1015F0000000AFFFD510039FFFF200000BFFFFFFBD
:10160000FFFFFF400000008FFFFFFFFFD200000040
:1016100000029EFFFFB60000000000000012100054
:101620000000000000000002200000000000000098
:1016300006FFFF6000000000000008FFFF800000C0
:10164000000001002BFFFFB2001000008F87FFFF9A
:10165000FFFF79F80004FFFFFFFFFFFFFFFF400CD3
:10166000FFFFFFFFFFFFFFFFC02FFFFFFFC77CFF54
:10167000FFFFF207FFFFFA0000AFFFFF70006FFFF0
:10168000F100001FFFF600007FFFE000000EFFF7F3
:1016900000006FFFF100001FFFF60007FFFFFA00D8
:1016A00000AFFFFF702FFFFFFFC77CFFFFFFF20CB3
:1016B000FFFFFFFFFFFFFFFFC004FFFFFFFFFFFF74
:1016C000FFFF40008F97FFFFFFFF78F80000010049
:1016D0001BFFFFB100100000000008FFFF800000AA
:1016E0000000000006FFFF60000000000000000294
:1016F00020000000000000000000461000676000AD
:1017000000000000009FFE200FFF0000000000010D
:10171000BFFFFF51FFF10000000002DFFC8FFF8FD1
:10172000FF1000000004FFFA004EFFFFF100000070
:1017300007FFF708D32DFFFF1000000AFFF51BFF7E
:10174000F50BFFF400001CFFE22DFFFFF708FFF68A
:10175000003EFFC14EFFFFFFFA05FFF90EFF906F3D
:10176000FFFFFFFFFC13EFF64F709FFFFFFFFFFF30
:10177000FE31CC00003FFFFFFFFFFFFFFB0000003A
:1017800004FFFFFFFFFFFFFFC00000004FFFFF80CF
:1017900001EFFFFC00000004FFFFF6000EFFFFC09A
:1017A0000000004FFFFF6000EFFFFC00000004FF9F
:1017B000FFF6000EFFFFC00000002FFFFF4000CF2C
:1017C000FFFA000000000000000000000000000020
:1017D0000000000056650000000000000007FFFF49
:1017E0007000000000000008FFFF80000000000003
:1017F0000008FFFF8000000000000008FFFF8000DD
:10180000000000000008FFFF80000000000000084A
:10181000FFFF8000000000000008FFFF80000000C4
:101820000007EEEFFFFFFEEE70000005FFFFFFFF79
:10183000FFFF500000006FFFFFFFFFF500000000FA
:1018400005FFFFFFFF5000000000005FFFFFF500F5
:10185000000000000005FFFF500000007AAAAA91D6
:101860004FF419AAAAA7FFFFFFFD2332DFFFFFFFF6
:10187000FFFFFFFFF99FFFFFFFFFFFFFFFFFFFFFDE
:10188000FFFFFFFFFFFFFFFFFFFFFB0F48FFFFFF13
:10189000FFFFFFFFFFEFEFFF144444444444444480
:1018A000444100003DFFFFFFFFFFF9000000001E64
:1018B000FFFFFFFFFFFFF80000000AFF98888888FD
:1018C00088DFF3000005FFA00000000002FFD00049
:1018D00001EFE1000000000007FF8000AFF500000D
:1018E000000000000DFF205FFA0000000000000073
:1018F0003FFC0DFF9888700000038888DFF5FFFF2C
:10190000FFFF500000CFFFFFFF7FFFFFFFFC000045
:101910005FFFFFFFF8FFFFFFFFFFFFFFFFFFFFFF7E
:101920008FFFFFFFFFFFFFFFFFFFFFF8FFFFFFFF3E
:10193000FFFFFFFFFFFFFF8EFFFFFFFFFFFFFFFF28
:10194000FFFFF65EFFFFFFFFFFFFFFFFFFFB000053
:101950000000000110000007BA0000017CFFFFB585
:10196000000BFF00007FFFFFFFFFE50BFF000AFFFA
:10197000FFDBBEFFFF9AFF00AFFFA200003BFFFFAF
:10198000FF05FFF6000000005FFFFF0DFF60000095
:1019900007BA9CFFFF3FFC0000000CFFFFFFFF7F2A
:1019A000F60000000BFFFFFFFF000000000000003A
:1019B0000000000000000000000000000000000027
:1019C00000000000000000FFFFFFFFB00000006FFC
:1019D000F6FFFFFFFFC0000000CFF3FFFFC9AA70B2
:1019E000000007FFD0FFFFF5000000006FFF50FF71
:1019F000FFFFB300003BFFF900FFA9FFFFEBBDFFB6
:101A0000FFA000FFB05DFFFFFFFFF70000FFB00089
:101A10005BFFFFC8100000AB700000011000000069
:101A200000000000000100000002EE0000002EFF98
:101A3000000002EFFF47777EFFFFFFFFFFFFFFFF82
:101A4000FFFFFFFFFFFFFFFFFFFFFFFFFFFFFFFFA6
:101A5000FFFFFFFFFFFFFFFFDFFFFFFFFF000009AA
:101A6000FFFF0000009FFF00000009FF00000000D2
:101A70008900000000890000000000009FF00000C5
:101A80000000009FFF00000000009FFFF00000DF4B
:101A9000FFFFFFFF00730FFFFFFFFFF01FF4FFFFCB
:101AA000FFFFFF005FCFFFFFFFFFF000FFFFFFFF23
:101AB000FFFF004FDFFFFFFFFFF01FF5FFFFFFFFFE
:101AC000FF0085047777EFFFF00000000002EFFFD2
:101AD000000000000002EFF0000000000002EE0035
:101AE00000000000000110000000000000000000E5
:101AF000007B2000000000000010000009FE300004
:101B000000000002EE00000009FF2000000002EFCC
:101B1000F000087008FD00000002EFFF0000EFB0C9
:101B20000CF6047777EFFFF00002DF803FD0FFFF75
:101B3000FFFFFF007401FF10CF3FFFFFFFFFF01F0B
:101B4000F408F707F6FFFFFFFFFF005FC03FA04F5D
:101B50009FFFFFFFFFF000FF02FB04F9FFFFFFFF05
:101B6000FF005FC03FA05F9FFFFFFFFFF01FF40873
:101B7000F707F6DFFFFFFFFF007402FF10CF300012
:101B8000009FFFF00002EF803FD00000009FFF00A9
:101B900000EFB00CF6000000009FF000087008FD98
:101BA00000000000008900000008FF200000000085
:101BB0000000000009FF30000000000000000000ED
:101BC0007B2000005EFFFFFFFFFFFFFFFFE5EFFF51
:101BD000FFFFFFFFFFFFFFFEFFF638FFFFFFFFFFE6
:101BE000FFFFFF6000AFFFFFFFFFFFFFFF30007F41
:101BF000FFFFFBEFFFFFFF8000CFFFFF903EFFFFE7
:101C0000FFFA7CFFFFF90003EFFFFFFFFCFFFF90EF
:101C100000003EFFFFFF906FF900000008FFFFF992
:101C200000069000000008FFFFB000000000000068
:101C300008FFFF8000000000000008FFFFC8888840
:101C4000888888888CFFEFFFFFFFFFFFFFFFFFFE04
:101C50005EFFFFFFFFFFFFFFFFE500000042000007
:101C600000000003FF10000000000AFF60000000F9
:101C7000001FFFC0000000008FFFF400000001FF04
:101C8000FFFC0000000AFFFFFF6000004FFFFFFFA6
:101C9000F20001EFFFFFFFFC000BFFFFFFFFFF70F3
:101CA0003FFFFFFFFFFFF1AFFFFFFFFFFFF6EFFF7B
:101CB000FFFFFFFFFAFFA6FFFFFFFFFBEF91FFFF14
:101CC000FFFFFABFE09FFFFFFFF75FF907CFFFFFBE
:101CD000F20CFFB309FFFF8001DFFFFFFFFA0000F6
:101CE00009FFFFFF7000000015774000004760000B
:101CF0000000161BFF1000002DFBBFF100002EFF9F
:101D0000CBFF10003EFFFCBFF1004FFFFFCBFF10E9
:101D10005FFFFFFCBFF16FFFFFFFCBFF9FFFFFFFE8
:101D2000FCBFFFFFFFFFFFCBFFFFFFFFFFFCBFFF7D
:101D3000FFFFFFFFCBFF4EFFFFFFFCBFF12DFFFFBB
:101D4000FFCBFF101CFFFFFCBFF1000CFFFFCBFF20
:101D500010000BFFFCBFF100000AFFCAFF100000DB
:101D600008F700000000000000065000000000001E
:101D70000000BFFD30000000000000FFFFFA10006F
:101D800000000000FFFFFFF70000000000FFFFFF62
:101D9000FFD400000000FFFFFFFFFFB2000000FFC4
:101DA000FFFFFFFFFF800000FFFFFFFFFFFFFE5070
:101DB00000FFFFFFFFFFFFFFFB20FFFFFFFFFFFF15
:101DC000FFFFF2FFFFFFFFFFFFFFFFF6FFFFFFFF39
:101DD000FFFFFFFFF2FFFFFFFFFFFFFFFB20FFFF03
:101DE000FFFFFFFFFD5000FFFFFFFFFFFF80000030
:101DF000FFFFFFFFFFA2000000FFFFFFFFD4000076
:101E00000000FFFFFFF70000000000FFFFFA1000D6
:101E100000000000BFFD3000000000000006500080
:101E2000000000000000067777300006777730BFAB
:101E3000FFFFF300BFFFFFF3FFFFFFF700FFFFFF10
:101E4000F7FFFFFFF800FFFFFFF8FFFFFFF800FFBD
:101E5000FFFFF8FFFFFFF800FFFFFFF8FFFFFFF8AD
:101E600000FFFFFFF8FFFFFFF800FFFFFFF8FFFF95
:101E7000FFF800FFFFFFF8FFFFFFF800FFFFFFF88C
:101E8000FFFFFFF800FFFFFFF8FFFFFFF800FFFF75
:101E9000FFF8FFFFFFF800FFFFFFF8FFFFFFF8006C
:101EA000FFFFFFF8FFFFFFF800FFFFFFF8FFFFFF56
:101EB000F800FFFFFFF8EFFFFFF600EFFFFFF66F00
:101EC000FFFFC1006FFFFFC1000000000000000025
:101ED00000057777777777777730BFFFFFFFFFFFD2
:101EE000FFFFF3FFFFFFFFFFFFFFFFF7FFFFFFFF16
:101EF000FFFFFFFFF8FFFFFFFFFFFFFFFFF8FFFF00
:101F0000FFFFFFFFFFFFF8FFFFFFFFFFFFFFFFF8EF
:101F1000FFFFFFFFFFFFFFFFF8FFFFFFFFFFFFFFD8
:101F2000FFF8FFFFFFFFFFFFFFFFF8FFFFFFFFFFCF
:101F3000FFFFFFF8FFFFFFFFFFFFFFFFF8FFFFFFBF
:101F4000FFFFFFFFFFF8FFFFFFFFFFFFFFFFF8FFAF
:101F5000FFFFFFFFFFFFFFF8FFFFFFFFFFFFFFFF98
:101F6000F8EFFFFFFFFFFFFFFFF66FFFFFFFFFFF31
:101F7000FFFFC1000000000000000000052000007D
:101F8000005766FF4000000CFF8FFF600000DFF885
:101F9000FFFF70000DFF8FFFFF8000DFF8FFFFFFE6
:101FA000900DFF8FFFFFFFB0DFF8FFFFFFFFCDFFBA
:101FB0008FFFFFFFFFFFF8FFFFFFFFFFFF8FFFFF18
:101FC000FFFFFFF8FFFFFFFF5DFF8FFFFFFF40DF19
:101FD000F8FFFFFE300DFF8FFFFE2000DFF8FFFD52
:101FE00020000DFF7FFD100000DFF3FB1000000C50
:101FF000FF000000000000000000000002100000D0
:1020000000000000000AFF400000000000000AFF7E
:10201000FF30000000000008FFFFFE20000000006D
:1020200007FFFFFFFE1000000006FFFFFFFFFD108F
:10203000000005FFFFFFFFFFFC000004FFFFFFFFA4
:10204000FFFFFB0003FFFFFFFFFFFFFFFA00DFFFC3
:10205000FFFFFFFFFFFFF50EFFFFFFFFFFFFFFFF8B
:10206000605FFFFFFFFFFFFFFFC0000000000000F8
:10207000000000009FFFFFFFFFFFFFFFE20FFFFFD9
:10208000FFFFFFFFFFFF70FFFFFFFFFFFFFFFFF8F6
:102090000FFFFFFFFFFFFFFFFF70BFFFFFFFFFFF0F
:1020A000FFFFF3000000000000000000000000003F
:1020B0000000000000005F800000005FFF400000A3
:1020C0005FFFE200005FFFE200005FFFE300005FF0
:1020D000FFE300005FFFE300005FFFE300000DFF90
:1020E000F50000004FFFE30000004FFFE300000099
:1020F0004FFFE30000005FFFE30000005FFFE3002D
:1021000000005FFFE20000005FFF400000005F8012
:10211000000000000000000000000002DB000000E2
:1021200000CFFC00000009FFFC00000009FFFC00DC
:10213000000009FFFC00000009FFFC00000009FF8F
:10214000FC00000009FFFC0000000DFFF600000984
:10215000FFFC000009FFFC000009FFFC000009FF74
:10216000FC000009FFFC000009FFFC000000CFFCA0
:1021700000000002DB000000000000000000000082
:1021800000000255000000000000000FFF8000006A
:10219000000000002FFFA00000000000002FFFA0A3
:1021A0000000000000002FFFA00000000000002F32
:1021B000FFA00000000000002FFFA0000000377704
:1021C000778FFFC7777760EFFFFFFFFFFFFFFFF617
:1021D000FFFFFFFFFFFFFFFFF8DFFFFFFFFFFFFF36
:1021E000FFF51444445FFFB44444300000002FFF67
:1021F000A00000000000002FFFA000000000000071
:102200002FFFA00000000000002FFFA00000000032
:1022100000001FFF900000000000000DFF600000A4
:102220000000000000210000000049999999999947
:10223000999980FFFFFFFFFFFFFFFFF7FFFFFFFF01
:10224000FFFFFFFFF7CFFFFFFFFFFFFFFFF40222BB
:102250002222222222221000000006ADFFEC830081
:1022600000000000008FFFFFEFFFFC4000000003B4
:10227000EFFF920005DFFF90000004FFFF500252C5
:1022800001CFFFB00004FFFF80007FF901EFFFB036
:1022900001EFFFF00008FFF708FFFF80AFFFFB0230
:1022A00025FFFFE03FFFFF2FFFFFA07FFFFFFF02A3
:1022B000FFFFF79FFFFB05FFFFFFC03FFFFF21EF81
:1022C000FFF00CFFFFF507FFFF8003FFFF801AFF01
:1022D000E501EFFFB00004FFFF50001001CFFFB099
:1022E000000003DFFF920005DFFF90000000007F89
:1022F000FFFFEFFFFC40000000000005ADEFEC83A6
:10230000000000000060000000000000000000006D
:10231000000BFC10000000000000000000000CFF9B
:10232000E400000000000000000000009FFF7004B7
:102330008CEFED94000000000005FFFBEFFFFEFFB7
:10234000FFE600000000002DFFFFC40004CFFFB136
:102350000000000000BFFF60031009FFFE20000026
:10236000000007FFF94FFA00CFFFE100000BB000BB
:102370004EFFEFFFA04FFFFB00006FFD3001CFFFCE
:10238000FFF10FFFFF5000BFFFF60008FFFFF30E45
:10239000FFFFA0006FFFFF00005FFFF20FFFFF5085
:1023A000000CFFFF400002DFFE8FFFFA000001EF8C
:1023B000FFC000000AFFFFFFD10000002EFFF90060
:1023C00000006FFFFD1000000001CFFFC4000003FC
:1023D000EFFD200000000006EFFFFEE3001BFFF50D
:1023E0000000000000059DEFEC20008FFF90000032
:1023F000000000000000000004EFFB0000000000EF
:102400000000000000002CFA0000000000000000A6
:102410000000000060000000000007A300000000B2
:102420000000000000008FFE10000000000000000F
:102430000002FFFF9000000000000000000AFFFF04
:10244000F300000000000000004FFFFFFB00000051
:102450000000000000DFFFFFFF5000000000000050
:1024600006FFFFFFFFD00000000000000EFFA224C7
:10247000FFF70000000000008FFF9001FFFF100039
:1024800000000002FFFFA002FFFF90000000000A12
:10249000FFFFB003FFFFF2000000003FFFFFC0049A
:1024A000FFFFFB00000000CFFFFFD005FFFFFF4054
:1024B000000006FFFFFFF99CFFFFFFD000000EFFAA
:1024C000FFFFF52BFFFFFFF700008FFFFFFF9001DD
:1024D000FFFFFFFE1001FFFFFFFF8000FFFFFFFF78
:1024E000900AFFFFFFFFF41AFFFFFFFFF20FFFFF4D
:1024F000FFFFFFFFFFFFFFFFF70BFFFFFFFFFFFFE8
:10250000FFFFFFFFF40168888888888888888888AA
:102510004000000000000000043000000000000047
:1025200000000FF500000000000000000FFF50EF5A
:10253000FFF6000001CFFFFFF5FFFFFF50000CFF8B
:10254000FFFFFFFFFFFFF500BFFFFFFFF72223DFC5
:10255000F809FFF72FFF8000002EB07FFF900FF8E3
:102560000000000306FFFA000760000000004FFFB4
:10257000B000000000000003FFFD03000760000042
:10258000002EFFE13F900FF8002223DFFE22EFF73D
:102590002FFF80FFFFFFF300CFFFFFFFF8FFFFFFDC
:1025A00050000CFFFFFFFEEFFFF6000001CFFFFF22
:1025B000F4000000000000000FFF400000000000D9
:1025C00000000FF5000000000000000004300000D3
:1025D00000000094000000000000000CFF5000000C
:1025E00000000000CFFFF500000000000CFFFFFF1F
:1025F0005000000000CFFFAEFFF50000000CFFF917
:1026000002EFFF500000CFFF90002EFFF5000CFFFF
:10261000F9000002EFFF50AFFF900000002EFFF224
:102620007FF90000000002EFE106700000000000EA
:1026300029200670000000000029207FF90000001A
:102640000003EFE19FFF900000003EFFF20BFFF957
:10265000000003EFFF5000BFFF90003EFFF50000B9
:102660000BFFF903EFFF50000000BFFFAEFFF500C6
:102670000000000BFFFFFF500000000000BFFFF54F
:102680000000000000000BFF5000000000000000F0
:10269000940000000000009C1000000000000000FA
:1026A0000000000AFFD10058888888888100000057
:1026B000AFFFFD20EFFFFFFFFFF600000AFFFFFF67
:1026C000E24EFFFFFFFFF600008FFCFFCFFD000092
:1026D00000001FF600007FC2FF67FC000000001F23
:1026E000F600000301FF6030000000001FF600004C
:1026F0000001FF6000000000001FF600000001FF65
:102700006000000000001FF600000001FF600000F4
:102710000003D71FF63D700001FF600000000AFFB4
:102720007FF9EFF00001FFB888888832EFFFFFFFE4
:10273000600001FFFFFFFFFFF22EFFFFF600000029
:10274000DFFFFFFFFFE202EFFF600000000000007C
:10275000000000002EF60000000000000000000055
:1027600000013000005EFFFFFF900000000000EF5E
:10277000FFFFFFF90000000000FFFFFFFFFFB88828
:10278000888860FFFFFFFFFFFFFFFFFFFBFFFFFFEA
:10279000FFFFFFFFFFFFFFFFFFFFFFFFFFFFFFFF49
:1027A000FFFFFFFFFFFFFFFFFFFFFFFFFFFFFFFF39
:1027B000FFFFFFFFFFFFFFFFFFFFFFFFFFFFFFFF29
:1027C000FFFFFFFFFFFFFFFFFFFFFFFFFFFFFFFF19
:1027D000FFFFFFFFFFFFFFFFFFFFFFFFFFFFFFFF09
:1027E000FFFFFFFFFFFFFFEFFFFFFFFFFFFFFFFF09
:1027F000FE5EFFFFFFFFFFFFFFFFE500000000039D
:102800001000000000000000006FD1000000000078
:10281000000006FFFD100000000000006FFFFFD168
:10282000000000000006FFFFFFFD10000000006F29
:10283000FFFFFFFFD100000006FFFFFFFFFFFD10BD
:1028400000000DFFFFFFFFFFFF60000000111BFFF6
:10285000FF511100000000000BFFFF4000000000CE
:1028600000000BFFFF400000000000000BFFFF40D6
:102870000000000000000BFFFF400000000000000F
:102880000BFFFF400000007AAAAA2BFFFF42AAAA72
:10289000A7FFFFFF82677608FFFFFFFFFFFFFB77C1
:1028A00077BFFFFFFFFFFFFFFFFFFFFFFFFFFFFF00
:1028B000FFFFFFFFFFFB0F48FFFFFFFFFFFFFFFFD3
:1028C000EFEFFF14444444444444444441000000B6
:1028D000000000000462000000000000000001FF92
:1028E000FEB5000000000000007FFFFFF0000000C8
:1028F0000000000EFFFFFF00000000000005FFFFCA
:10290000FFD0000000000000BFFFFFFB0000000040
:10291000000006FFFFFF8000000000000005FFFF31
:10292000F40000000000000005FFFE0000000000B1
:10293000000000BFFF90000000000000004FFFF209
:10294000000000000000002EFFF800000001300031
:10295000001DFFFD00000029FF70003EFFFF30005A
:1029600004BFFFFF407FFFFF500000EFFFFFFEEFBF
:10297000FFFF5000000CFFFFFFFFFFFE40000000C4
:102980008FFFFFFFFFFB1000000004FFFFFFFFD5DC
:1029900000000000001FFFFFEA40000000000000F0
:1029A00057642000000000000000002540000000E7
:1029B00000000009FFFE30000004AA507FFFFFE086
:1029C00000008FFFF5EFD37FF60008FFFFB0FF8018
:1029D0000FF7008FFFFB00DFE7AFF508FFFFB00048
:1029E0005FFFFFFD9FFFFB000005EFFFFFFFFFB054
:1029F000000000015FFFFFFB00000000000BFFFF75
:102A0000F200000000259FFFFFFD10000009FFFFFE
:102A1000FFFFFFD100007FFFFFFB6FFFFD1000EF06
:102A2000D37FF505FFFFD100FF800FF7005FFFFDAB
:102A300010DFE7AFF50005FFFFD15FFFFFC000002B
:102A40004FFFF405EFFB10000001662000010000BD
:102A50000000000000000008BBBBBB50900000005D
:102A60000FFFFFFF81FB0000000FFFFFFF81FFB0A2
:102A700000000FFFFFFF81FFF88CC90FFFFFFF80F1
:102A80000000FFFC0FFFFFFFD54443FFFC0FFFFFDB
:102A9000FFFFFFFAFFFC0FFFFFFFFFFFFAFFFC0F36
:102AA000FFFFFFFFFFFAFFFC0FFFFFFFFFFFFAFF33
:102AB000FC0FFFFFFFFFFFFAFFFC0FFFFFFFFFFF11
:102AC000FAFFFC0FFFFFFFFFFFFAFFFC0FFFFFFF06
:102AD000FFFFFAFFFC0FFFFFFFFFFFFAFFFC0FFFF6
:102AE000FFFFFFFFFAFFFE0BFFFFFFFFFFF7FFFFF8
:102AF00091000000000000FFFFFFFFFFFF800000CB
:102B0000FFFFFFFFFFFF700000588888888887104C
:102B10000000067777777777600000BFFFFFFFFF41
:102B2000FFFD1000FFFFFFFFFFFFFFC100FF900050
:102B3000000001DFFC10FF8000000000BFFFC0FFAD
:102B40008000000000BFFFF3FF8000000000BFFF17
:102B5000F4FF8000000000BFFFF4FFD88888888859
:102B6000EFFFF4FFFFFFFFFFFFFFFFF4FFFFFFFF9B
:102B7000FFFFFFFFF4FFFFFFE402CFFFFFF4FFFFC3
:102B8000FF60002FFFFFF4FFFFFF40000FFFFFF487
:102B9000FFFFFFA0006FFFFFF4FFFFFFFC8AFFFFB6
:102BA000FFF4EFFFFFFFFFFFFFFFF36FFFFFFFFFEC
:102BB000FFFFFFA000000000000000000000000078
:102BC000000000000000EFFFFFFFFFFFFFFFF6FF28
:102BD000FFFFFFFFFFFFFFF8ACCCCCCCCCCCCCCCC4
:102BE000C400000000000000000000000000000021
:102BF000000000000000000000000000CDDDDDDD71
:102C0000DDDDDDDDD5FFFFFFFFFFFFFFFFF8DFFFAD
:102C1000FFFFFFFFFFFFF5000000000000000000C5
:102C200000000000000000000000000000000000A4
:102C30000000ACCCCCCCCCCCCCCCC4FFFFFFFFFF95
:102C4000FFFFFFF8EFFFFFFFFFFFFFFFF6000000B1
:102C50000000000000005EFFFFFFFFFFFFFFFFE539
:102C6000EFFFFFFFFFFFFFFFFFFEFFFFFFFFFFFF85
:102C7000FFFFFFFF7FFFFFFFFFFFFFFFFFF703EFF8
:102C8000FFFFFFFFFFFFFE30E31BFFFFFFFFFFFF24
:102C9000B13EFF707FFFFFFFFFF707FFFFFB13DF72
:102CA000FFFFFD31BFFFFFFFE40AFFFFA04EFFFF64
:102CB000FFFFFF805DD508FFFFFFFFFFFFFC200245
:102CC000CFFFFFFFFFFFFFFFFDDFFFFFFFFFFFFF66
:102CD000FFFFFFFFFFFFFFFFEFFFFFFFFFFFFFFF14
:102CE000FFFE5EFFFFFFFFFFFFFFFFE50014444410
:102CF00041000000BFFFFFFA000000EFFFFFF800F7
:102D00000000FFFFFFF3000002FFFFFFD000000400
:102D1000FFFFFF80000006FFFFFF40000008FFFFED
:102D2000FFFFFFF50AFFFFFFFFFFF40DFFFFFFFFAF
:102D3000FFB00FFFFFFFFFFF200BFFFFFFFFF900BA
:102D40000000008FFFE100000000CFFF60000000E6
:102D500000FFFD0000000003FFF40000000007FF7B
:102D6000A0000000000BFF20000000000FF8000092
:102D70000000002FE00000000000094000000000FB
:102D800000067100000000001444BFFE4443000030
:102D900000EFFFF94FFFFF400000FFFFF83FFFFF8C
:102DA000500000FFFFFFFFFFFF500000FFFFFFA8E4
:102DB0008888200000FFFFF6000000000000FFFFF1
:102DC000F0CFFFFF51E200FFFFF0EFFFFF51FE20C9
:102DD000FFFFF0EFFFFF51FFE2FFFFF0EFFFFF50BB
:102DE000BBB7FFFFF0EFFFFF800000FFFFF0EFFF3A
:102DF000FFFFFFFAFFFFF0EFFFFFFFFFFAFFFFF01B
:102E0000EFFFFFFFFFFAFFFFF0EFFFFFFFFFFACF3B
:102E1000FFF0EFFFFFFFFFFA000000EFFFFFFFFFF3
:102E2000FA000000EFFFFFFFFFFA000000EFFFFFD6
:102E3000FFFFFA0000007BBBBBBBBBB4000000007F
:102E4000310000000000000005FD0000000000004F
:102E50000009FF10000000000007EFFFFB2000004A
:102E60000000AFFFFFFFF300000008FFFFFFFFFEC1
:102E70001000001FFFFFFFFFFF8000005FFFFFFF4C
:102E8000FFFFD000007FFFFFFFFFFFF000008FFF7C
:102E9000FFFFFFFFF000009FFFFFFFFFFFF10000BB
:102EA000DFFFFFFFFFFFF50001FFFFFFFFFFFFF95F
:102EB0000009FFFFFFFFFFFFFF105FFFFFFFFFFFA6
:102EC000FFFFD0EFFFFFFFFFFFFFFFF69FFFFFFFBA
:102ED000FFFFFFFFE3000000000000000000000013
:102EE00000AFFFF20000000000003FFFA000000064
:102EF0000000000275000000005EFFFFFFFFFFFF03
:102F0000FFFFFFFB0EFFFFFFFFFFFFFFFFFFFFF6CF
:102F1000FFC88FA8AF88BF88FB88FF8FF800F40434
:102F2000F005E00E500FF8FF800F404F006F00F6E5
:102F300000FF8FFFFFFFFFFFFFFFFFFFFFF8FFFF17
:102F4000946F648F44BB44FFFF8FFFF602F205F0DD
:102F500008800EFFF8FFFF946F648F44BB44FFFFAF
:102F60008FFFFFFFFFFFFFFFFFFFFFF8FF800F4016
:102F700000000000F600FF8FF800F4000000000ED3
:102F8000500FF8FFC88FA888888888FB88FF8EFFBD
:102F9000FFFFFFFFFFFFFFFFFFF65EFFFFFFFFFFEB
:102FA000FFFFFFFFFB0000000000000000000056D4
:102FB0000000000000000000017EFFA000000000F3
:102FC0000000018FFFFFF0000000000002AFFFFFD4
:102FD000FFA00000000004BFFFFFFFFF3000000063
:102FE00005CFFFFFFFFFFB00000006DFFFFFFFFF35
:102FF000FFF4000018EFFFFFFFFFFFFFD00005FF09
:10300000FFFFFFFFFFFFFF50000EFFFFFFFFFFFF6F
:10301000FFFE00000DFFFFFFFFFFFFFFF7000002B4
:10302000ACCCCCCDFFFFFFF000000000000004FF9F
:10303000FFFF8000000000000004FFFFFF10000001
:103040000000000004FFFFF9000000000000000481
:10305000FFFFF20000000000000004FFFFB00000CE
:10306000000000000004FFFF30000000000000002E
:1030700003FFFC000000000000000000EFF400006F
:10308000000000000000002730000000002444443D
:10309000443030000FFFFFFFFC0F6000FFFFFFFF19
:1030A000C0FF600FFFFFFFFC0FFF60FFFFFFFFC0CF
:1030B000FFFF6FFFFFFFFC0BBBBBFFFFFFFFE1004C
:1030C000000FFFFFFFFFFFFFFFFFFFFFFFFFFFFFFF
:1030D000FFFFFFFFFFFFFFFFFFFFFFFFFFFFFFFF00
:1030E000FFFFFFFFFFFFFFFFFFFFFFFFFFFFFFFFF0
:1030F000FFFFFFFFFFFFFFFFFFFFFFFFFFFFFFFFE0
:10310000FFFFFFFFFFFFFFFFFFFFFFFFFFFFFFFFCF
:10311000FFFFFFFFFFFFFFFFFFFFFFFFFFFFFFFFBF
:10312000FFFFFF8BBBBBBBBBBBBB80000000000035
:1031300023432000000000000000038CFFFFFFFC81
:103140008300000000006DFFFFFFFFFFFFFD600038
:103150000003DFFFFFFFFEFFFFFFFFD30008FFFFBD
:10316000FB720000027BFFFFF80AFFFFA2000000D5
:10317000000002AFFFFABFFD3000000000000000B9
:103180003DFFB0BA1000059DEFED9500001AB000AC
:1031900000006DFFFFFFFFFD600000000001BFFFAA
:1031A000FFFFFFFFFFB1000000008FFFFA53235A1B
:1031B000FFFF8000000000CFB100000001BFC00091
:1031C000000000004000000000004000000000007F
:1031D0000000019D9100000000000000000000AF11
:1031E000FFA00000000000000000000FFFFF000033
:1031F0000000000000000000CFFFC0000000000041
:103200000000000003EFE3000000000000000000E9
:103210000000100000000000001788888888888857
:1032200088888888600CFFFFFFFFFFFFFFFFFFFF1C
:10323000FF80FFFFFFFFFFFFFFFFFFFFFFFC0FF817
:10324000000000000000000000CFFDFF84FFFFFF32
:10325000FFFFFFFFFF0CFFFFF84FFFFFFFFFFFFF28
:10326000FFF05BFFFF84FFFFFFFFFFFFFFFF008F0B
:10327000FFF84FFFFFFFFFFFFFFFF008FFFF84FF96
:10328000FFFFFFFFFFFFFF0CFFFFF8000000000043
:1032900000000000CFFFFFC8888888888888888859
:1032A0008EFD4EFFFFFFFFFFFFFFFFFFFFFFA04E62
:1032B000FFFFFFFFFFFFFFFFFFFFC20017888888A7
:1032C00088888888888888600CFFFFFFFFFFFFFFE1
:1032D000FFFFFFFF80FFFFFFFFFFFFFFFFFFFFFF7D
:1032E000FC0FF8000000000000000000CFFDFF818F
:1032F000FFFFFFFFFFFF60000CFFFFF81FFFFFFF56
:10330000FFFFF600005BFFFF81FFFFFFFFFFFF6095
:1033100000008FFFF81FFFFFFFFFFFF6000008FF10
:10332000FF81FFFFFFFFFFFF60000CFFFFF80000C1
:1033300000000000000000CFFFFFC8888888888850
:103340008888888EFD4EFFFFFFFFFFFFFFFFFFFF16
:10335000FFA04EFFFFFFFFFFFFFFFFFFFFC20017B1
:1033600088888888888888888888600CFFFFFFFFA5
:10337000FFFFFFFFFFFFFF80FFFFFFFFFFFFFFFFDC
:10338000FFFFFFFC0FF8000000000000000000CF6E
:10339000FDFF81FFFFFFFFA00000000CFFFFF81FF3
:1033A000FFFFFFFA000000005BFFFF81FFFFFFFF50
:1033B000A0000000008FFFF81FFFFFFFFA000000D1
:1033C0000008FFFF81FFFFFFFFA00000000CFFFFD0
:1033D000F8000000000000000000CFFFFFC8888850
:1033E0008888888888888EFD4EFFFFFFFFFFFFFFDB
:1033F000FFFFFFFFA04EFFFFFFFFFFFFFFFFFFFFED
:10340000C2001788888888888888888888600CFF28
:10341000FFFFFFFFFFFFFFFFFFFF80FFFFFFFFFF3B
:10342000FFFFFFFFFFFFFC0FF8000000000000009F
:103430000000CFFDFF81FFFFE000000000000CFF57
:10344000FFF81FFFFE0000000000005BFFFF81FF90
:10345000FFE00000000000008FFFF81FFFFE0000EB
:103460000000000008FFFF81FFFFE00000000000F7
:103470000CFFFFF8000000000000000000CFFFFF7D
:10348000C888888888888888888EFD4EFFFFFFFF5F
:10349000FFFFFFFFFFFFFFA04EFFFFFFFFFFFFFF4C
:1034A000FFFFFFC2001788888888888888888888F6
:1034B000600CFFFFFFFFFFFFFFFFFFFFFF80FFFF2D
:1034C000FFFFFFFFFFFFFFFFFFFC0FF80000000002
:1034D0000000000000CFFDFF8000000000000000A1
:1034E000000CFFFFF80000000000000000005BFF80
:1034F000FF800000000000000000008FFFF80000C7
:103500000000000000000008FFFF80000000000035
:103510000000000CFFFFF8000000000000000000A9
:10352000CFFFFFC888888888888888888EFD4EFFEE
:10353000FFFFFFFFFFFFFFFFFFFFA04EFFFFFFFFAB
:10354000FFFFFFFFFFFFC2000000000000000010AF
:1035500000000000000000000000000CFE20000041
:10356000000000000000007CDFFF90000000000071
:1035700000000009FBBFFF900000000000000000F9
:103580002F700AFC1000000000003200009E0000B6
:103590000000000000002DFF9001F6000000000078
:1035A0001C3000CFFFF63CF333333333335FF91075
:1035B000FFFFFFFFFFFFFFFFFFFFFFFFD0CFFFF683
:1035C0003334ED333333335FFA102DFF9000005F57
:1035D000300000001C300000320000000DA0000090
:1035E00000000000000000000006F30AFFF70000E2
:1035F00000000000000000CEAEFFF8000000000058
:103600000000000008BEFFF80000000000000000FD
:1036100000000AFFF70000000000000000000001A9
:10362000222000000000000034310000000003BF31
:10363000FFFFE70000006FFFFAFFFFB00004FFFF8D
:10364000F19FFFF8000DFFFFF10AFFFF103FFFFFA2
:10365000F100BFFF607FFD8FF1660CFFA0AFF807A0
:10366000F16F13FFD0CFFF7071531EFFF0DFFFF734
:103670000001DFFFF0EFFFFF600CFFFFF0EFFFFF47
:103680003007FFFFF0DFFFF300108FFFF0CFFF30B8
:10369000B16709FFF09FF60BF26E02FFD06FFFCF0C
:1036A000F2522EFFA01FFFFFF202EFFF5009FFFFB3
:1036B000F22EFFFE0000DFFFF4EFFFF500001AFF1F
:1036C000FFFFFF6000000027ABB9500000000002C0
:1036D000ABBBB700000057777CFFFFFF777772FF27
:1036E000FFFFFFFFFFFFFFF7EFFFFFFFFFFFFFFF02
:1036F000F600000000000000000006888888888826
:103700008888200CFFFFFFFFFFFFFF400CFFFFFF3B
:10371000FFFFFFFF400CFF77FF3BFE1EFF400CFF4B
:1037200066FF2AFE0EFF400CFF66FF2AFE0EFF40DA
:103730000CFF66FF2AFE0EFF400CFF66FF2AFE0EFE
:10374000FF400CFF66FF2AFE0EFF400CFF66FF2ABB
:10375000FE0EFF400CFF66FF2AFE0EFF400CFF66C8
:10376000FF2AFE0EFF400CFF77FF3BFE1EFF400BC3
:10377000FFFFFFFFFFFFFF3007FFFFFFFFFFFFFE21
:1037800000005788888888887200000000000000C8
:10379000000164000000000000000002DFF80000EB
:1037A000000000000002EFFFF80000000000000031
:1037B0007FFFFFF8000000000002908FFFFFF00085
:1037C00000000002EFB08FFFFC0000000002EFFFDE
:1037D000B08FFE1000000002EFFFFFB08E2000004F
:1037E0000002EFFFFFFFB01000000002EFFFFFFF3D
:1037F000FE1000000002EFFFFFFFFE2000000002AD
:10380000EFFFFFFFFE2000000002EFFFFFFFFE20A2
:1038100000000002EFFFFFFFFE2000000001EFFFAD
:10382000FFFFFE20000000008FFFFFFFFE200000D2
:1038300000000AFFFFFFFE200000000000CFFFFF96
:10384000FE2000000000000EFFFFFE200000000030
:103850000000FFFFFE2000000000000005753100A1
:10386000000000000000000000006EFFFFFFFFFFEF
:10387000FFFFFB2000008FFFFFFFFFFFFFFFFFFBAD
:1038800000008FFFFFFFFFFFFFFFFFFFF0008FFF34
:10389000FFFF85FFFF58FFFFFF008FFFFFFFB00412
:1038A000FF400BFFFFF08FFFFFFFFF40044004FFCE
:1038B000FFFF8FFFFFFFFFFF400004FFFFFFFFFF41
:1038C000FFFFFFFFFF1000EFFFFFFF8FFFFFFFFF76
:1038D000FF400004FFFFFFF08FFFFFFFFF400440A9
:1038E00004FFFFFF008FFFFFFFB004FF400BFFFF4F
:1038F000F0008FFFFFFF85FFFF58FFFFFF00008FE5
:10390000FFFFFFFFFFFFFFFFFFF000008FFFFFFF44
:10391000FFFFFFFFFFFB0000006EFFFFFFFFFFFF49
:10392000FFFC200000288888887300002EFFFFFF1E
:10393000FFF6001DFFFFFFFFFFE01DF60E50D6084B
:10394000FF1DFF60E50D608FFCFFF60E50D608FFEF
:10395000FFFF60E50D608FFFFFFFFFFFFFFFFFFF31
:10396000FFFFFFFFFFFFFFFFFFFFFFFFFFFFFFFF67
:10397000FFFFFFFFFFFFFFFFFFFFFFFFFFFFFFFF57
:10398000FFFFFFFFFFFFFFFFFFFFFFFFFFFFFFFF47
:10399000FFFFFFFFFFFFFFFFFFFFFFFFFFFFFFFF37
:1039A000FFFFFFFFFFFFFFFFFFFFFFFFFFFFFFFF27
:1039B000FFE9FFFFFFFFFFFFF807ABBBBBBBBBA6E9
:1039C00000000000000000000000070000000000F0
:1039D000000000000AF100000100000000000AFFE2
:1039E00010000AF30000000000FFF1000BFF500080
:1039F0000000000FFF100CFFF50000000000FFF1B9
:103A00001DFFFFCBBBBBBBBBBFFF1CFFFFFFFFFF0F
:103A1000FFFFFFFFF19FFFFFFFFFFFFFFFFFFF0023
:103A20009FFFF966666666666640008FFF5000007D
:103A30000000000000007FF5000000000000000012
:103A4000005C10000000000000000000000000000A
:103A5000000000000000600500000000000060059C
:103A6000030E01001500D007060601082700100EFE
:103A70000E0E00008900700C0C1400FD0101E01016
:103A8000110E00007801C00D0E0F00FFE10130049F
:103A900002060108E701C006061301FC2002C00669
:103AA000051300FC50020008080800077002A00B74
:103AB0000A0A0103A2029004040600FDAE02B00748
:103AC00006020105B402900404030000BA021007C4
:103AD0000914FFFE1403500D0D0E00006F03600764
:103AE000060E00009903800B0B0E0000E603700B1E
:103AF0000B0E00003304600D0E0E00009504800BC9
:103B00000B0E0000E204500C0C0E00003605F00B0A
:103B10000C0E00008A05E00C0C0E0000DE05500CB7
:103B20000C0E000032069004040B000048069004BE
:103B3000040E00FD6406A00B0A0A01029606A00B03
:103B40000A070104B906A00B0A0A0102EB06700B72
:103B50000B0E00003807B014141200FCEC07A00E86
:103B6000100EFF005C08200F0D0E0200B708700E4B
:103B70000E0E0000190980100E0E02007B09600D68
:103B80000B0E0200C809B00C0A0E02000E0A700FDC
:103B90000E0E0000700A40100D0E0200CB0A300617
:103BA000030E0200E00A400A0A0EFF00260B600E18
:103BB0000D0E0200810BE00B0A0E0200C70B201352
:103BC0000F0E0200300C40100D0E02008B0CD010B6
:103BD000100E0000FB0C700E0C0E02004F0DD010EA
:103BE000111100FDE00D900E0C0E0200340E700C51
:103BF0000C0E0000880EC00B0C0E0000DC0ED00F67
:103C00000D0E0100370F400E100EFF00A70F80169B
:103C1000160E00004110700D0E0E0000A310F00CE7
:103C20000F0EFF000C11200D0D0E00006711B006E5
:103C3000051302FC971110070914FFFEF111B006DD
:103C4000051300FC2112B00B0A0901034E12000AF1
:103C50000A0300FE5D12000C0603020C6612F00B54
:103C60000A0B01009D12A00D0C0F0100F712700B42
:103C70000B0B00003413A00D0C0F00008E13400C32
:103C80000C0B0000D0131007080F00000C14D00D0F
:103C90000C0F00FC6614A00D0B0F0100B914900569
:103CA000040F0100D714B0050713FEFC1A15500CC1
:103CB0000C0F010074159005030F01008B152015E2
:103CC000130B0100F415A00D0B0B01003116B00C05
:103CD0000C0B00007316A00D0C0F01FCCD16A00DEF
:103CE0000C0F00FC27173008070B01004E17000AC5
:103CF0000A0B000085174008080E0000BD17900D44
:103D00000B0B0100FA17300B0D0BFF0042180012CD
:103D1000120B0000A518100B0B0B0000E218300B63
:103D20000D0FFFFC4419700A0A0B00007B190007F5
:103D3000061301FCB4190006021302FCC7190007A0
:103D4000061300FC001AA00B0A040105141A6008EF
:103D500008080007341A4006040401043C1A001441
:103D6000141500FD0E1B0014140F0000A41B0014FA
:103D7000141300FE621C0014140F0000F81CC00D88
:103D80000E0F0000611D0014141500FD331E0014F9
:103D9000141500FD051F8016171300FEE01F001408
:103DA000141500FDB2208016170F00005F210014CB
:103DB000141500FD3122000A0A1000008122000FB4
:103DC0000F1000FFF9228016171300FED4230014F1
:103DD000140F00006A24C00D0E1500FDFD24801193
:103DE0000D1302FE79258011121500FD3626801173
:103DF000121300FEE1268011121300FE8C278011A1
:103E00000D1302FE082880111313FFFEBD28800C3D
:103E10000B1301FE2629800C0B1301FE8F29801144
:103E2000121300FE3A2A801112050005672A801637
:103E3000170F0000142B00191A15FFFD252C8016F2
:103E40001815FFFD212D0014141300FEDF2D801125
:103E5000120B0002422E8011120B0002A52E001937
:103E60001A1000FF752F0014140F00000B300014FF
:103E7000141500FDDD3000141515FFFDBA31801159
:103E8000121300FE65328011121500FD22338011DD
:103E9000121300FECD338011121100FF663400149E
:103EA000140F0000FC34800C0E15FFFD8F358011BF
:103EB000121500FD4C368011121500FD09378016D1
:103EC000170F0000B63700141615FFFD9D38000FC0
:103ED0000F1500FD3B390019191300FE293A00198E
:103EE000190D0001CC3A0019190D00016F3B0019A2
:103EF000190D0001123C0019190D0001B53C001903
:103F0000190D0001583D00191A1100FF353E8011AE
:103F1000101501FDDD3E8011121500FD9A3F0014C1
:103F20001515FFFD77400019190F00003341000FF0
:103F30000F1500FDD1412014150D00010000721F66
:103F400051EF58EF5BEF5CEF5DEF61EF63EF65EF13
:103F500069EF6CEF71EF76EF77EF78EF8EEF93EF1D
:103F600098EF9BEF9CEF9DEFA1EFA2EFA3EFA4EFE3
:103F7000B7EFB8EFBEEFC0EFC1EFC4EFC7EFC8EFC8
:103F8000C9EFCBEFE3EFE5EF14F015F017F019F000
:103F900030F037F03AF043F06CF074F0ABF03BF1F6
:103FA00090F191F192F193F194F1D7F1E3F13DF2B7
:103FB00054F2AAF412F7F2F7200000005F000100AB
:103FC000000000000000000000000200B00000003F
:103FD000F3F760003C3F0490000000003E00030047
:103FE000000001020003040502060708090A090A85
:103FF0000B0C000D0E0F101112130C141400000006
:104000001516171819161A1B1C1D1D1E1F201D1D05
:104010001621222303241E2525262728292A2B00A2
:104020002C002D2E2F303132332D343435302D2DC0
:104030002E2E36373839333A3A3B3A3C29000009BC
:104040003D0900000000000000000000000000002A
:104050000000000000000000000000000000000060
:104060000000000000000000000000000000000050
:104070000000000000000000000000000000000040
:1040800001020003040502060708090A090A0B0CCD
:104090000D0E0F10110C1213141515000000161739
:1040A0001819171919191719191A19191919171986
:1040B0001719031B1C1D1D1E1F2021222300240075
:1040C0002526272727002726282926262A2A272AA1
:1040D000272A2B2C2D2E2E2F2E30000023093109BC
:1040E00000000000000000000000000000000000D0
:1040F00000000000000000000000000000000000C0
:1041000000000000000000000000000000000000AF
:10411000000000000000000000000000000100009E
:104120000000000000010000030000000002000089
:10413000000000000000000000000000000001007E
:1041400000000000000000000000000000010E0060
:1041500009F900000000EEED020F0705F30210015F
:104160000D030A000000000000000000000013031F
:10417000FE0000000000000000000000000600F645
:104180000000000000FA05060000FD00FE0300FD2F
:1041900000FDFEFA00000000FD0000FCFB0000FD39
:1041A00000FA000000000000000000FDFD00FB0020
:1041B000F700D90000FA00060A0000FA03030B0614
:1041C000FB060000EE000000000000000000000000
:1041D000F40000000000000000000000000000F7F4
:1041E000FCF000F3FE00000000010C00F6FDFF01F2
:1041F00000FB0000FEE800000000000000000000DE
:1042000000E6FD0C000000000000000000000000BF
:10421000F3000000000000000000000B000300009D
:10422000FA00000000000000000000000000000094
:1042300000000C030100000000000000000000006E
:10424000000000000000000000000000000000006E
:10425000000000000000000000000000F40000006A
:10426000000000000000000000000000000000004E
:104270000000000206030AFD000006FDF5D4020955
:104280000601FC000C000A000A00E200FC0A000B18
:10429000FD0603000001FD0000FB1A001A000A00E1
:1042A0000D04050A000000F40000000001FE0002F9
:1042B000FAFCFA0200FD000000F30000000000001C
:1042C0000000000000EB0000000000000000000003
:1042D000000000000001EE00EC00000000FE0020E5
:1042E000FCFC0303FD00FC030000EF0000000000E5
:1042F000000000000000E1000300000000000000DA
:104300000000000000EC00130000F4000B00EAE1E4
:10431000EAFA0A0000EB0004F900FB0000000000CC
:1043200000000000000000080AD9000000000000A2
:104330000000000000000F00020000000000020268
:10434000FCFA00FFFFFD0000FE000000FA00FD0087
:10435000F9FA00F8F5F5FA00FA00FA00000000FD9D
:104360000000030002FD000100000003FE00000049
:10437000FE0303FF000000FA00FF00000000000140
:104380000004FE00FC00FB0000FE000A0000FD002F
:1043900000000000FF01FEFE0000FD00FD00000027
:1043A000000000000000FEFE00FDFC000000000018
:1043B000010000FE00FDFDFD000000000000000007
:1043C00000FE00000000FEFC00FB00F6FEF606000A
:1043D00000FA03060900F8FFFC00FFF103FE02EFFC
:1043E00003000001EF00EFFDE4FE00F0000609000D
:1043F00004000000000100FAFC00F6000000FD00CF
:104400000000FD0000000000FEFE00FEFC000000B9
:1044100000000000FDFD00FEFCFD0000FD000000AE
:104420000000000000000000FDFD00FC00FE00FA9E
:10443000030000FC020303000000000000FE000077
:10444000000000020000FD00FDFEFC000000000076
:1044500000000300FD00000000FCFB00FA000AFE63
:1044600001F6000009F0EFF3FA0300FDEBFA00FAA1
:1044700000FA05FAEC00F7000002FF03FE0003005B
:10448000F6F400F0F8F9F8F6FCF7FFFAF70200018D
:1044900000FD00000002000300000000000000001A
:1044A000000000FD00FE00FFFD00FBF9F9FF00F633
:1044B000000000000000FD0000000001FE00000000
:1044C0000300000000000000000F000000000000DA
:1044D00002000000FD0000000000000000000000DD
:1044E000FA000300000000000000000000000000CF
:1044F000FE000000FA00000000F0F6000000FBF0F3
:104500000000FD0300F700000000000000000000B4
:10451000FB0000FA000000000000000000000000A6
:104520000300FA00000000040002FAFA00FDFDFC9E
:10453000000000000000F600FD00FBFD00F9F8F6A9
:10454000FD00FA00F6000000001A0000020000FC66
:10455000000300F20000000000E2FA0B0AFDF30085
:1045600003FB00F0FEFC03EAFD040005F5FBF4F597
:10457000F30000ED00120000FE000000FEFEFDF75B
:10458000F5FFE20000000000000000000100000054
:1045900000000000000000000000000000FD00FE20
:1045A000FDFB0000FA00FD0000000000000000001C
:1045B000000000000000FF00FA000006FF0400F900
:1045C00003FEFFF8FD00FCFDFE00FBFB0000FDFF0D
:1045D000FEFBFC0000FD0003FE00F9000000FA00F5
:1045E000FB00FBFB030000000000000000FA0300DA
:1045F000FC00FEFCF6FEFEFEFFFEFCFF00000000DD
:1046000000FDFDFD0000000004FE00FE000000FEB5
:10461000FCFEFDFCFD00030DFF00F700FE0600FDA3
:10462000F3FC050000F1FB03FB0200FEFDF600FBBE
:10463000020000FB0000000303FAFA00FBFDFBFD93
:10464000FD00FB02FAFB0A00000000000000000071
:104650000300000000000000000000000000000057
:104660000000000000000000FB000000000000004F
:10467000000000000000000000000000000000003A
:10468000000000000000000000000000000000002A
:1046900000000000FE00000000000000000000001C
:1046A000000000000000000000000000000000000A
:1046B0000000FDFD00000000000000000000000000
:1046C000FB0000FC0000FDFD00000000FD000000FC
:1046D00000FE0000000000FE00000000FB00FA00E9
:1046E0000000F50002F90601FEF10000F9FD00F3FB
:1046F000F8F70000F2FDF3F4F100F8000315FC00F8
:10470000F9FDFFFDFBF7FAF4F3F9FD0000FE0001EF
:104710000000EAFD0A07F9F40001F600F0FEFD06CC
:10472000E3FC010000EBFCEFFDE90000EA001301EF
:1047300000FE00000000FEFEF4FE00EB00000000A2
:10474000F600FD00FFF7F10000FEFBF6FD00FE00A5
:10475000000000F2FDF5F6FDFBF8FDFB00FAFDF5AB
:10476000FB00FCFAFDFA000200FEF5000600FA006C
:10477000000000040002FA0D00FDFDFC0000000036
:104780000000F600FD00FBFD00F9F8F6FD00FA035D
:104790000D000000001A0000020000FC00030000F1
:1047A000000000000000FF0000000000FEFA000012
:1047B000000000FE000000FDFD0000FAFD0000FA10
:1047C0000005FE00000000000002000000000506D9
:1047D00003FD00F6FB000AF5F6FAFA0D0603E4FE07
:1047E00006FD00FD04FDF500FD03FCFDF6FD0000E7
:1047F0000A0600F700EEFC09FCF401FCF5F5FD0DDE
:104800000300FB00F700030BF9F4F3F80A0001E9D9
:10481000FD03FBFEF900F9F4FBFBFD0000F9F9FDD7
:10482000000A07FDEE00EEFC00F5EDFFF6FBF5F7E4
:10483000090000FC00FAFD00FDFA0005F503000088
:10484000EF00FDF9FBFEF6F8F5F900F6FDF9FAF6D2
:10485000FD0000010FFB00F6FD00FDFAF9F7F7F48B
:10486000FCFA0600FB00F0FC0206F6F4FAF50BFD7C
:1048700002E2FA06F9FBF400F6F3FCFDFDFDF9F6A1
:10488000FF00000A09FEEB00EDF908F4EAFAF5F37F
:10489000F0F50600000000FC000003FC0602FA062A
:1048A0000000F6FF00FF000101FD00000000000015
:1048B000FD00000000030A0100FC00000000FEFEF5
:1048C000FC0000000103000000000300FD000C00DC
:1048D000060101FC000600000003000000000000CB
:1048E00000000000000A00090000000000000000B5
:1048F000000000000000ED00FD05000A000020049B
:10490000FAFA0303FE01F000000FED0000000000C2
:10491000000000000000EA0C2D0000000000000074
:104920000000000000ED000000000000000000009A
:104930000000000000000000000000000000000077
:10494000FB0000FAFD000000000000000000000075
:104950000000000000000000FE00F7000001000061
:104960000329FAFD0A09F70300000303FC00000015
:104970000000000000000000D60900000000000058
:104980000000000000000000000000F7000000F739
:1049900000000000F9FE000000F900FC00F100003A
:1049A000000000000000000000EB0000000001001B
:1049B0000000000000FD0000FA00FB00F70000000E
:1049C000FB03FC0000F7FDF90000F700FD00F1001B
:1049D000FC0000E6FAF3FCF40000EB00F7FE000038
:1049E000000000000000FBFAFDFB00000000F900E1
:1049F000F904FC0600FEF9FEFBFA00FCFEFE02F7DD
:104A0000FF000000E4FDFC00F900FEF1FD0000FEE7
:104A1000FD000000000200FEFBFE0500000000009B
:104A20000000000000000000000000000000000086
:104A30000000000000000000000000000000000076
:104A400000000000000004000000000000F900FE6B
:104A5000000000FA03000000F7FDFA0000F700FD77
:104A600000F100000000E100FAF4F00000EB00FEAD
:104A7000FB0000000000000000FDFBFEFB01000049
:104A800005FC000A10FDFDF604100507F7040D04EF
:104A90000907090000000000000000000000140FDA
:104AA000FAFD00FD1A0E1A0000000300000C0000C1
:104AB000FB000000000000000000FE0000000000FD
:104AC0000000000400000000E5FCFDF3F00000EB36
:104AD00000000000000000000000000000000000D6
:104AE00000FB000000000000000000FE00000000CD
:104AF000000000000400000000E5FCFDF3F00000F1
:104B0000F3000000000000000000000000000000B2
:104B100000000000FD000000F90300FD030603F69D
:104B200000FFFD03000300000000F800FDFEFA0096
:104B3000FDF30014FD00F9FE00FEFB00FDF7FAFC9A
:104B4000000000FB000000000000000000FE00006C
:104B50000000000000000400000000E5FCFDF3F090
:104B60000000EB000000000000100000000000004A
:104B700000000000FB00F6FCFD0AFDFDF301FE0154
:104B8000FEF7010701030103F8F3FC00F4FAF7F361
:104B9000F400FBFAFCFCFDFEFCFE00FEFF05000538
:104BA000FE000A000000000000000000000000FEFF
:104BB000FDFD0000F700FE00FB000000000000000B
:104BC00000000000ED0000000000000000000000F8
:104BD000FDFD00FC00000000FD0000FBFD0300FBEC
:104BE000FAFE00F7FEF9FEFC00FB000000000000EA
:104BF0000000000000EB000A0000FA00000000FCCA
:104C000000FD0000FE0000FE00F900000DFCF5F6BE
:104C1000020404FFF70205020A020BFEF70000F38C
:104C20000000F6F70000FA00FCFB00FB00FB00FEB2
:104C30000500FDF6FD0C0000FD00FA000004F9007F
:104C400003FD030000F500FEFF00FD04FD00000071
:104C5000F3FCF900F60000F1000CFD00FA00020080
:104C6000FD00FDF600FD0300000000FE000003FC57
:104C7000010000FCFE00FC0000000000000000003D
:104C80000000000000000000EC00070000FD000034
:104C900000000100FDFD000000060007000000000C
:104CA00000ECEE010E0A05F3020D000C00060000F8
:104CB00000000000000000000011000000000000E3
:104CC0000000000000000000000000001C410490F3
:104CD000E03F04907E4004903D310000F0F70390E7
:104CE0004C3A0490B83F0490CC4C04901000022839
:104CF00094020024311502907114029016000400F1
:104D000000FF0100DC4C04900000000000000000E7
:104D100006F2ECE83699D661963ABE245E05FA05AD
:104D2000B1046A4D098EE7CE47FF00FEC0FCA4FA2D
:104D3000A97AF163F39C8AEA8EE3D3EC7AFE5DFFF5
:104D40000FEA12F376F4DAFD3DFF37AA59BB9BCC8C
:104D5000FCE53EF7B87AB993FBB43DD63EEF585B1D
:104D6000397C5B9D5DC65EEF3E45BE655F96FFBECE
:104D70009FE7BE2D1E4EBF863FB7BFE73B269C4E2A
:104D8000FD865EB7BFE73325B54D5886FBB69EE777
:104D9000CD653086B4A639CFBDEF6C9EB0AE14C7DA
:104DA00079DFDDF70AD72EDF73E7B8F7DCFF6BFF9B
:104DB0008EFFB3FFD8FFFCFF45FEA9FE10FF76FF74
:104DC000DCFF24FDA9FD70FE16FF9CFF88FB4CFC58
:104DD00052FD77FE5CFF6C8B4FA454BD79D65DEF1E
:104DE000937C3595F8B5DBCE7EEFF7BD1CE77DEF04
:104DF000BEF7DFFFC6E165D145C1E3B0CCD8CBC07B
:104E0000AAA869883589F478D368B148B65975512C
:104E10003441D230553AF331B2290F195C1CBA1B18
:104E20003813340ADC045A04B703B3027805B40417
:104E300011040C034F04CD034B0368020845673C83
:104E4000E62BE41A887DE76C4554433346C6A5AD8E
:104E5000E49CA283C6FE05FE44FDE2F380FD00FD56
:104E600060FC60FB60FCE0F360EB80E283F243E215
:104E700002DAA1B9686A065AA54924396F53CC42AF
:104E800029328721AE730C630842042100003C02E2
:104E90007804B306EE08280B610D990FD0110614A3
:104EA0003A166C189D1ACB1CF71E212148236C253D
:104EB0008E27AC29C72BDF2DF32F03321034183681
:104EC0001C381C3A173C0E3EFF3FEC41D443B6451C
:104ED00093476A493C4B084DCD4E8D504652F9538D
:104EE000A5554B57EA58825A135C9C5D1F5F9A6028
:104EF0000D627963DD6439668D67D9681D6A596B07
:104F00008C6CB76DD96EF36F04710C720B730174F6
:104F1000EE74D275AD767F7747780679BB79677A7C
:104F20000A7BA27B327CB77C337DA57D0D7E6C7EB7
:104F3000C07E0B7F4B7F827FAF7FD27FEB7FFA7F7C
:104F4000FF7F000084BA0390519D01900000000093
:104F500000000000A19F019000000000010400007B
:104F600084BA039071AB0190C5AB019000000000C2
:104F7000E5AB019004010D000006000084BA039027
:104F800007AF0190000000000000000000000000DA
:104F9000D127D1274402000084BA0390ADAF01901D
:104FA000FDAF01900000000019B0019004018200E3
:104FB0008503000084BA039011C2019069C2019078
:104FC00000000000EDC40190D127D127C4020000E9
:104FD00084BA0390D507029089080290000000006F
:104FE000B50802908200D1270504000084BA03901E
:104FF000790F0290AB0F029000000000E90A0290C6
:10500000000000008002000084BA0390F92302909F
:105010007D2E029000000000B92E0290D127D127EA
:10502000C003000084BA0390E93B0290853C0290E3
:1050300000000000D53C0290D127D127C004000019
:1050400084BA0390A9500290000000000000000004
:10505000C5500290D127D127C002000084BA039026
:1050600035BD02900000000000000000C1BD0290AC
:10507000D1278200C50200002450049000000000E7
:1050800000000000000000009DBF02900000000032
:10509000C0040000604F049091C102900000000025
:1050A0000000000001C2029000000000850700001F
:1050B00084BA0390E7D8029011D902900000000052
:1050C00025D9029034001E008402000084BA0390A7
:1050D000EDDA029031DB02900000000089DB0290E3
:1050E000D127D1278503000084BA0390A1E3029061
:1050F0006FE602900000000095E602900401820035
:105100000406000030313233343536373839414205
:105110004344454640305800303132333435363719
:1051200038396162636465664030780004000008C5
:10513000000000000000000200010000100000005C
:1051400002400000000000A0000000000540000038
:10515000000000C8000000000C4000000000409C5F
:1051600000000000194000000020BCBE000000004C
:1051700034400000BFC91B8E00000004B540000091
:10518000504BCFD06607E2CF010000006C41000019
:105190003E8251AADFEEA73401000000D942000090
:1051A000DCB5A0E23A301F97FFFFFFFFB4450000D7
:1051B000FD25A0C8E9A3C14FFFFFFFFFFF3F00008F
:1051C0000000008000000000FF3F000000000080A1
:1051D00000000000506C6561736520757365207474
:1051E0006865207374796C757320636C69636B20D8
:1051F0007468652063726F7373206F6E20746865C6
:105200002073637265656E2E5468652063726F73D8
:10521000732077696C6C20616C77617973206D6F96
:10522000766520756E74696C20746865207363728E
:1052300065656E2061646A7573746D656E7420694E
:105240007320636F6D706C657465642E00000000E0
:105250005361000057650000546800004D6F000066
:105260004672000053750000547500004A756E6563
:10527000000000004D6172636800000041707269B7
:105280006C000000446563656D626572000000009B
:1052900053657074656D6265720000004E6F7665CF
:1052A0006D626572000000004F63746F626572008A
:1052B00041756775737400004D6179004A756C79AA
:1052C000000000004A616E75617279004665627285
:1052D0007561727900000000323032330A323032A8
:1052E000320A323032310A323032300A3230313919
:1052F0000A323031380A323031370A323031360A28
:10530000323031350A323031340A323031330A32F8
:105310003031320A323031310A323031300A3230F3
:1053200030390A323030380A323030370A323030D1
:10533000360A323030350A323030340A32303033C7
:105340000A323030320A323030310A323030300AEC
:10535000313939390A313939380A313939370A316D
:105360003939360A313939350A313939340A31395E
:1053700039330A313939320A313939310A31393957
:10538000300A313938390A313938380A3139383741
:105390000A313938360A313938350A313938340A60
:1053A000313938330A313938320A313938310A3132
:1053B0003938300A313937390A313937380A313911
:1053C00037370A313937360A313937350A31393703
:1053D000340A313937330A313937320A3139373102
:1053E0000A313937300A313936390A313936380A13
:1053F000313936370A313936360A313936350A31DC
:105400003936340A313936330A313936320A3139CC
:1054100036310A313936300A313935390A313935C0
:10542000380A313935370A313935360A31393535A7
:105430000A313935340A313935330A313935320ACE
:10544000313935310A313935300A313934390A3197
:105450003934380A313934370A313934360A313976
:1054600034350A313934340A313934330A31393474
:10547000320A313934310A313934300A3139333969
:105480000A313933380A313933370A313933360A78
:10549000313933350A313933340A313933330A314A
:1054A0003933320A313933310A313933300A31393B
:1054B00032390A313932380A313932370A31393220
:1054C000360A313932350A313932340A3139323318
:1054D0000A313932320A313932310A313932300A3D
:1054E000313931390A313931380A313931370A31F4
:1054F0003931360A313931350A313931340A3139E5
:1055000031330A313931320A313931310A313931E5
:10551000300A313930390A313930380A31393037C7
:105520000A313930360A313930350A313930340AE6
:10553000313930330A313930320A313930310000F3
:1055400030310A30320A30330A30340A30350A300A
:10555000360A30370A30380A30390A31300A3131E8
:105560000A3132000A000000200000002100000083
:10557000220000003123000023000000240000006E
:10558000250000002700000028000000290000007E
:105590002A0000002B0000002C0000002B2F2D0003
:1055A0002D0000002E0000002F0000003000000041
:1055B0003100000032000000330000003400000021
:1055C0003500000036000000370000003800000001
:1055D000390000003A0000003B0000003C000000E1
:1055E0003D0000003E0000003F00000040000000C1
:1055F000410000004200000041424300430000001F
:105600004400000045000000460000004700000084
:1056100048000000490000004A0000004B00000064
:105620004C0000004D0000004E0000004F00000044
:105630005000000051000000520000005300000024
:105640005400000055000000560000005700000004
:1056500058000000590000005A0000005B000000E4
:105660005C0000005D0000005F00000061000000C1
:1056700062000000616263006300000064000000DB
:10568000650000006600000067000000690000007F
:105690006A0000006B0000006D0000006E0000005A
:1056A0006F00000070000000710000007200000038
:1056B0007300000074000000750000007600000018
:1056C0007700000078000000790000007A000000F8
:1056D0007B0000007D000000EF808C00EF819300D4
:1056E000EF819400EF959A00EF849C00EFA2A20056
:1056F0000000000042746E310000000042746E32FF
:105700000000000042746E330000000042746E34EA
:0C5710000000000042746E350000000034
:040000050800029954
:00000001FF
