:020000042400D6
:10100000A009003065130024891300248B130024E9
:10101000212600248F1300249113002400000000D7
:1010200000000000000000000000000093130024F6
:101030009513002400000000971300249913002446
:101040009B1300249B1300249B1300249B13002458
:101050009B1300249B1300249B1300249B13002448
:101060009B1300249B1300249B1300249B13002438
:101070009B1300249B1300249B1300249B13002428
:101080009B1300249B1300249B1300249B13002418
:101090009B1300249B1300249B1300249B13002408
:1010A0009B1300249B1300249B1300249B130024F8
:1010B0009B1300249B1300249B1300249B130024E8
:1010C0009B1300249B1300249B1300249B130024D8
:1010D0009B130024992700249B1300249B130024B6
:1010E0009B1300249B130024000000009B1300248A
:1010F0009B1300249B1300249B1300249B130024A8
:101100009B1300249B1300249B1300249B13002497
:101110009B1300249B1300249B1300249B13002487
:101120009B1300249B1300249B1300249B13002477
:101130009B1300249B1300249B1300249B13002467
:10114000000000000000000000000000000000009F
:101150009B1300249B1300249B1300249B13002447
:101160009B1300249B1300249B1300249B13002437
:101170009B1300249B1300249B1300249B13002427
:101180009B1300249B1300249B1300249B13002417
:101190009B1300249B1300249B1300249B13002407
:1011A0009B1300249B1300249B1300249B130024F7
:1011B0009B1300249B1300249B1300249B130024E7
:1011C0009B1300249B1300249B1300249B130024D7
:1011D0009B1300249B1300249B1300249B130024C7
:1011E0009B1300249B1300249B1300249B130024B7
:1011F0009B1300249B1300249B1300249B130024A7
:101200009B1300249B1300249B1300249B13002496
:101210009B1300249B1300249B1300249B13002486
:101220009B1300249B1300249B1300240000000048
:101230009B1300249B130024000000009B13002438
:101240009B1300249B1300249B1300249B13002456
:101250009B1300249B1300249B1300249B13002446
:101260009B1300249B1300249B1300249B13002436
:101270009B1300249B1300249B13002400000000F8
:101280009B1300249B1300249B13002400000000E8
:10129000000000009B13002400F002F800F052F858
:1012A0000AA090E8000C82448344AAF10107DA45C1
:1012B00001D100F047F8AFF2090EBAE80F0013F0C1
:1012C000010F18BFFB1A43F0010318478CC0000040
:1012D000ACC00000103A24BF78C878C1FAD85207D1
:1012E00024BF30C830C144BF04680C6070470000A0
:1012F0000023002400250026103A28BF78C1FBD81F
:10130000520728BF30C148BF0B607047662907F0FD
:10131000C083642900F0A080782900F0D980732967
:1013200000F06D84002070471FB507F0ADFB00F0A2
:101330007DFC04000020002107F090FBE0601FBD51
:1013400010B510BD00F076FD1146FFF7EDFF05F07A
:10135000ADFF00F094FD03B4FFF7F2FF03BC01F012
:1013600080FA0000DFF84000016841F4700101607C
:10137000BFF34F8FDFF83400016821F04041016076
:10138000BFF36F8F0A480047FEE7FEE7FEE7FEE780
:10139000FEE7FEE7FEE7FEE7FEE7FEE70548064953
:1013A000044A064B7047000088ED00E034EF00E08F
:1013B00099120024A0010030A0090030A0010030E3
:1013C000704700000FB4044910B503AA029800F05A
:1013D0001BFC10BC5DF814FB040000300FB41CB5FE
:1013E000074B06AA7B4469460090059800F0DDFB98
:1013F0000020694600F0ECFB1CBC5DF814FB00000B
:10140000E907000070B50C460546012A05D028788A
:10141000800600D5EA69002302E0012305E05B1C99
:10142000934202D2E05C0028F9D1A869E618C01AFC
:10143000A861286A184428622846AFF3008004E0B7
:10144000D5E9012114F8010B9047B442F8D328469E
:10145000AFF3008070BD00002DE9F0410646002486
:1014600010687529314616A510D0AFF3008000280A
:1014700002DA404213A507E031688A0701D512A5B8
:1014800002E0490704D511A5012401E0AFF3008073
:1014900000210A2206F1240709E0B0FBF2FCB0FBB0
:1014A000F2F302FB1C00303078541846491C002827
:1014B000F3D123462A463046BDE8F04100F008B992
:1014C000000000002D0000002B00000020000000A4
:1014D00070B504460D4621461068AFF300802188A0
:1014E000090502D50F4A7A4402E00E4A7A440E32C8
:1014F000002104F1240305E000F00F060009965DC9
:101500005E54491C0028F7D120780023000704D539
:10151000702D02D009B1022311322046BDE870407F
:1015200000F0D6B824BD00002DE9F05F89460446DE
:101530004FF0000ADFF824B1FB44C0F820A0204699
:10154000E168884700287DD0252806D0D4E901210C
:101550009047206A401C2062F1E700255F46204644
:10156000E16888472028064607DB312E05D2B819E6
:1015700010F8200C08B10543F1E7A80701D525F0C4
:101580000405C4F81CA00027C4F818A02A2E09D00E
:10159000304601F05FF938B304EB8708303EC8F8F5
:1015A000186019E059F8041B204604EB870291618A
:1015B000E1688847012F064618D1E069002820DA43
:1015C00025F020051DE0D8F8180000EB800006EBA0
:1015D00040003038C8F818002046E16888470646C1
:1015E00001F038F90028EED1012F0AD02E2E08D1B3
:1015F0002046E16888477F1C0646022F45F02005FB
:10160000C4DBA069002803DA404245F00105A0616F
:10161000E80701D025F01005A6B1A6F14100192870
:1016200002D8203645F400654A46314620462560FA
:101630004D46FFF76BFE60B1012807D0ED1D25F088
:10164000070000E007E000F1080978E705F1040968
:1016500075E730467AE7206ABDE8F09FFABC0000E3
:101660004FF0013C50F8042B51F8043B9A4215D13D
:10167000A2EB0C03934313EACC130BD150F8042BC9
:1016800051F8043B9A4209D1A2EB0C03934313EAAD
:10169000CC13E7D04FF00000704700BFD01A01BA5A
:1016A000B1FA81F101F0180122FA01F0CB40C1F149
:1016B0002001DBB2C0B2C01A2CFA01F3D11A914357
:1016C00011EAC311E6D17047704770477047704701
:1016D0002DE9F0470D4699469246044600F124084C
:1016E0000168880604D5E06921F01001216000E05E
:1016F0000120A84201DD471B00E00027A1697A19FB
:1017000002EB0900081AA0612078C00602D4204626
:10171000AFF30080002608E0D4E901211AF80600A2
:101720009047206A401C761C20624E45F4DB2078EE
:10173000C0060AD52046AFF3008006E0D4E90121B7
:1017400030209047206A401C2062381EA7F1010714
:10175000F4DC07E0D4E9012118F805009047206A7D
:10176000401C2062281EA5F10105F3DC2046AFF3E2
:1017700000802078000602D50220BDE8F087012015
:10178000FBE770472DE9FF4F0C461E464FF0FF3731
:101790008BB0D2E90001DDF860800A908A46C1F37F
:1017A0000A5505B93D46002108464FF00000BAF140
:1017B000000F00F4400005DA00EB80004FF4400118
:1017C00001EA50004FEA9059B9F1010F00DDB94626
:1017D0000A9850EA4A000ED044F61050A5F2FF35A0
:1017E00045432F14B8F1000F1ED07542291E1EDD8F
:1017F000C9F100021CE0B8F1010F4FF0000001D068
:10180000302103E0F24305E02154401CB042FBDBF1
:1018100030460022002121540B99C1F80880C1E90B
:1018200000200FB0BDE8F08FBD1B6D1CDEE74A46FF
:1018300000DA694206A800F083FA06AB93E80700D5
:1018400003AB83E8070050460A9900F021FB8DE8BE
:101850000700A0F500501F3800900398002D0ADD06
:1018600042F21F014A460844002303A90390684638
:1018700000F08AFD09E0A0F500504A461F38002319
:1018800003A90390684600F094FD8DE8070000046A
:10189000000C03D04FF0FF30410800E01046B8F1D3
:1018A000000F03D00022009215461EE0751E05D4DD
:1018B00000F0C0F9303262556D1EF9D5B3460122F1
:1018C000084302D000227F1C04E02078302801D198
:1018D00000227F1E002A099784D01DE0112D07DA0F
:1018E00000F0A8F9303262556D1C50EA0102F5D1C2
:1018F000084302D00098C8B10EE00021681E05E040
:10190000235C625C63542254401E491C8142F7DB15
:10191000AB46A81B401E0990002004F80B000B9852
:10192000099AC0F80880C0E9002B7AE711264FF029
:10193000000857E72DE9F04F88460446D21D22F0F3
:10194000070191B0D1E90001CDE90A0100F06AFF79
:1019500002460B98C00F01D02D2007E020688107B8
:1019600001D52B2002E0202101EAC000032A0990C2
:1019700001D0072A05DB03464146204600F0A0F9C6
:101980000BE12078800601D5E06900E00620B8F17F
:10199000650F814606D0B8F1660F18D0B8F1670F11
:1019A00070D131E00020B9F1110F009001DB11235B
:1019B00001E009F101030AAA01A90CA8FFF7E2FE60
:1019C000DDE90C70002609F10105834647E001209E
:1019D0004B4600904FF000470AAA01A90CA8FFF758
:1019E000D1FEDDE90DB00C995D46002610B909F174
:1019F00001000D18B9EB050003D4C0F1FF3609F161
:101A00000105A5EB09002BE0B9F1010F01DA4FF058
:101A100001090020B9F1110F0090484601DD1123A2
:101A200000E003460AAA01A90CA8FFF7ABFEDDE916
:101A30000C704D4600268346207800070AD4AB453B
:101A400000DA5D4601A8012D04DD411911F8011CE1
:101A5000302907D04F4502DA17F1040F04DA0120CC
:101A600082460FE06D1EEEE7002F02DCED1B3E44C8
:101A700003E0781CA84200DD7D1CB81B00F1010AC0
:101A80004FF000472078000703D4AA4501DB4FF050
:101A9000FF3A0021B7F1004F0DF143088DF84310D4
:101AA00024D002202B23002F01DA7F422D230A218C
:101AB000021EA0F1010000DC5FB197FBF1FC97FB77
:101AC000F1F201FB1C7C17460CF1300C08F801CD3B
:101AD000EEE7A8F1010003702188090501D5452131
:101AE00000E06521A0F1010800F8011C09980FA988
:101AF000A1EB0807FF1D00B10120411901EBEA70BD
:101B0000A1693844081A401EA0612078C00602D49A
:101B10002046AFF30080099828B1D4E9012190470D
:101B2000206A401C20622078C00622D52046AFF3F0
:101B300000801EE0002E04DBB34502DD01A8805DBD
:101B400000E03020D4E901219047206A401C206247
:101B5000761CAAF101005FEA000A0AD100F066F8DB
:101B6000C0680168405CD4E901219047206A401CAC
:101B70002062281EA5F10105DCDC07E0D4E9012183
:101B800018F8010B9047206A401C2062381EA7F10C
:101B90000107F3DC2046AFF30080032011B041E6DB
:101BA00001694A1C02610878704700B58FB0CDE921
:101BB00001310021059105497944CDE90310114611
:101BC0006846FFF7B1FC0FB000BD0000E5FFFFFF66
:101BD0000A6802F8010B0A60704710B5436913B137
:101BE000AFF3008001E0FFF70DFC012010BD12787B
:101BF00000F124010A7000224A700122EDE7116809
:101C00004FF0FF32E9E70000074B70B50D467B440B
:101C1000FFF7CBFF0446284600F004F910B14FF05F
:101C2000FF3070BD204670BD3F1100000048704776
:101C30005C01003030B5B0F10A024FEA900E71F14C
:101C400000034EEA817EB0EB0E0061EB91014FEA9A
:101C5000101E4EEA017E10EB0E0041EB11114FEA0F
:101C6000102E4EEA016E10EB0E0041EB11214FEAEF
:101C7000104E4EEA014E10EB0E0041EB11414018A0
:101C800041F100014FEAD00040EA41704FEAD10132
:101C900010EB80054FEA810444EA907444EB0104A0
:101CA0006D1944EB0404521BA3414FF0000348BFDD
:101CB0000A3200D530BD401C41F1000130BD0000AA
:101CC0002DE9F0411F46044603260168072A01F466
:101CD000006004DB08B116A505E016A503E008B115
:101CE00015A500E015A521F010002060A069C01E18
:101CF000A0610FB1401EA0612046AFF300804FB13C
:101D0000D4E9012138469047206A401C2062C01C5B
:101D1000206206E0206AFAE7D4E9012115F8010BF8
:101D20009047761EF8D22046AFF30080BDE8F081E0
:101D30004E414E006E616E00494E4600696E66006F
:101D40002DE9F047814616468AB0354878440DC8DB
:101D50008DE80D0032487844801C03AC0DC884E83F
:101D60000D0041F69B300844372190FBF1F290FBC7
:101D7000F1F5A5F1800501FB12041B3C02D564427C
:101D8000012000E00020DFF898A080460027FA44F8
:101D9000AAF1BE0A0EE0E0070AD03246684607EB19
:101DA000470101230AEB810100F003FB8DE80700E6
:101DB00064107F1C002CEED1194F7F44AE3F19E018
:101DC000E80715D007EB04100DF1180A90E80E0093
:101DD0008AE80E00C068F04201D198190890324696
:101DE000012306A903A800F0E4FA03AB83E8070087
:101DF0006D10641C002DE3D14FF00103324669469B
:101E0000B8F1000F03A802D000F0BEFA01E000F024
:101E1000D0FAC9E90001C9F808200AB0BDE8F08786
:101E200074B50000007B00F08000704700487047E8
:101E30003C0100307546FFF7F9FFAE4605006946E4
:101E4000534620F00700854618B020B5FFF7A6FAE4
:101E5000BDE820404FF000064FF000074FF00008AB
:101E60004FF0000B21F00701AC46ACE8C009ACE82C
:101E7000C009ACE8C009ACE8C0098D46704710B590
:101E80000446AFF300802046BDE81040FFF763BA78
:101E90005FEA400C08BF91F0000F4FEA8C234FEA35
:101EA000C12243EA51514FEA1C5018BF00F5F040DF
:101EB0004FEA300018BF41F000415FEA6C5C00F06F
:101EC0002980BCF1FF3F08BF40F080407047130CF1
:101ED00006BF12044FF0100C4FF0000C130E04BF9D
:101EE00012020CF1080C130F04BF12010CF1040CC8
:101EF000930F04BF92000CF1020CD30F04BF5200E9
:101F00000CF1010C11464FF00002A0F11F00A0EBF4
:101F10000C00704711F0004F08BF704731F00041CE
:101F20003FF4D5AF0B0C06BF09044FF0100C4FF077
:101F3000000C0B0E04BF09020CF1080C0B0F04BFC0
:101F400009010CF1040C8B0F04BF89000CF1020C89
:101F5000CB0F04BF49000CF1010CCCF12003A0EB26
:101F60000C0022FA03F302FA0CF241EA030100F139
:101F70000100704720F07F4C80EA030023F07F4788
:101F8000ACEB070303F57C5300F0004003F1FF03C3
:101F90002DE980494FEA154B09B44FEA144325EA6D
:101FA0000B4E24EA03480FF2042606EB13274908D8
:101FB0003E785FEA320203FB0667C7F5000707FBBE
:101FC00006F64FEA54374FEAD64606F1020607FBFB
:101FD000066CCCF1005C4FEA1C472CEA074C07FB6F
:101FE00006F40CFB06F504EB15464FEA961634BFD3
:101FF00000204FF000404FEAD13706FB07FC4FEAC4
:102000001C4C0CFB0BF7D21B03FB0CF761EB07011D
:102010000CFB0EF7B0EB074072EB17420CFB08F716
:1020200034BFA2EB0742B2EB074261EB17414FEA24
:102030000C444FEA910706FB07FC4FEA1C4C0CFBD3
:102040000BF7B0EBC74072EB573203FB0CF734BF12
:10205000A2EBC742B2EBC74261EB57310CFB0EF764
:10206000B0EBC70072EB57720CFB08F734BFA2EB62
:10207000C702B2EBC70261EB5771039F4FEA816160
:1020800041EA921104EBCC044FEAD1374FEA826265
:1020900006FB07FC42EA90124FEA80604FEA1C4CB4
:1020A0000CFB0BF7D21B03FB0CF761EB07010CFBDE
:1020B0000EF7B0EB074072EB17420CFB08F734BF8A
:1020C000A2EB0742B2EB074261EB17414FEA8C5596
:1020D0004FEA910704EB9C2406FB07FC4FEA1C4CDB
:1020E0000CFB0BF7B0EBC74072EB573203FB0CF75E
:1020F00034BFA2EBC742B2EBC74261EB57310CFBD6
:102100000EF7B0EBC70072EB57720CFB08F734BF49
:10211000A2EBC702B2EBC70261EB577115EB4C257E
:102120004FEA816141EA92114FEA82624FEAD13768
:1021300042EA901206FB07FC44F100044FEA80607B
:102140004FEA1C4C0CFB0BF7D21B03FB0CF761EBAB
:1021500007010CFB0EF7B0EB074072EB17420CFBCC
:1021600008F734BFA2EB0742B2EB074261EB17411D
:1021700015EB1C154FEA813141EA92414FEA823258
:1021800042EA90424FEA80304FEA0C7644F1000474
:1021900048EA03434EEA0B484FF0000EB2EB080C3E
:1021A00071EB030724BF624639464EEB0E0E4FF02B
:1021B000000B0018524149414BEB0B0BB2EB080CE2
:1021C00071EB03077BF1000B24BF624639464EEBEF
:1021D0000E0E4FF0000B0018524149414BEB0B0B18
:1021E000B2EB080C71EB03077BF1000B24BF6246D6
:1021F00039464EEB0E0E51EA020718BF46F00106B3
:1022000016EB0E7655F1000254F1000103D5BDE83E
:102210008901BDE80088BDE88901BDE80048B6191C
:10222000524141EB0101A3F10103704780807F7EA1
:102230007D7C7B7A7978777676757473727171703C
:102240006F6E6E6D6C6C6B6A6A69686867666665EE
:102250006464636362616160605F5F5E5E5D5D5C7C
:102260005C5B5B5A5A5959585857575656555555ED
:102270005454535352525251515050504F4F4F4E4D
:102280004E4D4D4D4C4C4C4B4B4B4A4A4A4949499B
:1022900048484847474747464646454545444444DD
:1022A000444343434342424242414141002B9C4606
:1022B00030D477002BD01CB54FEA370703B44FF06A
:1022C00010004FF01001BAF1000F06D0BCF1000F62
:1022D000DCBF40F0080040F008014FF000000FBCE8
:1022E000BDE810400BF1010BBBF1010F08BF5FEA25
:1022F000170722BF12F1010211F101014FF0004155
:1023000043F1000300F0004043EA00007047F9D3B6
:102310005708D0E746EA064613F1400F4FEA164643
:102320001FDD13F1200FDFBF16430A4600212033C3
:102330005B42BED0C3F1200746EA064602FA07F721
:102340004FEA164646EA0706C3F1200722FA03F2CF
:1023500001FA07F721FA03F14FF0000342EA0702FE
:10236000A7E746EA020646EA06464FEA164646EA66
:102370000106BCBF46EA0646360C4FF000034FF09C
:1023800000024FF0000194E72DE9804C9A469346F5
:1023900070B491E8380007C831EA400C48BF34EA0D
:1023A000430C03D5FFF7E6FDFFF780FFF0BCBDE867
:1023B000008C2DE9804C9A46934670B491E8380021
:1023C00007C810F0804F08BF13F0804F03D100F012
:1023D00005F8FFF76BFFF0BCBDE8008C20F07F47ED
:1023E00080EA030023F07F4C07EB0C03A3F57C533A
:1023F00000F00040A3F1FE0392F0000F00F0B38064
:1024000095F0000F00F077802DE901494FEA114067
:102410004FEA144621EA004800FB06FC24EA06477E
:1024200008FB06F607FB08F800FB07F718EB064861
:102430004CEB164C4FEA124B18EB07484FEA154687
:102440004CEB174022EA0B4E0BFB06FC25EA064735
:102450000EFB06F607FB0EFE0BFB07F71EEB064E08
:102460004CEB164C4FF000061EEB074E4CEB174B97
:1024700018EB0B0840F1000018EB0E0B58EB0008AE
:1024800040F100008F1A4FF000013CBFC943661BAA
:1024900014BFB5EB040C00213CBFC943F61B4FEA47
:1024A00017444EEA8E0E27EA04454FEA1C4704FB08
:1024B00007622CEA074C05FB07F70CFB05F604FB4B
:1024C0000CFC16EB074642EB174216EB0C4642EBB0
:1024D0001C421BEB060658EB0202414146EA9E06EF
:1024E00001D5BDE80189B619524141EB0101A3F1C3
:1024F0000103BDE801894FEA14454FEA114724EA78
:10250000054621EA074C05FB07F406FB07F70CFB21
:1025100006F105FB0CFC11EB074144EB17444FEAB5
:10252000124711EB0C4144EB1C4422EA074C05FB1B
:1025300007F206FB07F70CFB06F605FB0CFC16EB97
:10254000074642EB174216EB0C4642EB1C456A1855
:1025500054F1000148BF7047B619524141EB0101E7
:10256000A3F10103704795F0000F37D04FEA1142F5
:102570004FEA144721EA024624EA074C02FB07F11E
:1025800006FB07F70CFB06F402FB0CFC14EB0744FC
:1025900041EB17414FEA154714EB0C4441EB1C414A
:1025A00025EA074C02FB07F506FB07F70CFB06F6CE
:1025B00002FB0CFC16EB074645EB174516EB0C46E9
:1025C00045EB1C42121951F1000148BF7047B61982
:1025D000524141EB0101A3F1010370474FEA144559
:1025E0004FEA114724EA054621EA074C05FB07F1AB
:1025F00006FB07F70CFB06F24FF0000605FB0CFC90
:1026000012EB074241EB174112EB0C4251EB1C411C
:1026100048BF7047921841EB0101A3F101037047D5
:1026200010B5002240210A4805F0D6F909A0FEF7AE
:10263000C9FE4FF47A7000F05DFB0CA0FEF7C2FEFD
:102640004FF47A7000F056FB05F094FB10BD0000CB
:10265000001002584D656D2041636365737320451A
:1026600072726F7221210D0A00000000536F6674B0
:10267000205265736574696E672E2E2E0D0A000058
:1026800010B50023234C236000BF00BF00BFBFF381
:102690004F8F00BF00BF00BF231F1868C0F34E312B
:1026A00000BFC0F3C90200BF43F6E07303EA411361
:1026B0004FF0404404EA82742343174C236000BF68
:1026C00000BF131EA2F10102EED10B1EA1F1010108
:1026D000E7D100BF00BF00BFBFF34F8F00BF00BFF7
:1026E00000BF0C4B703B1B6843F48033094C703CBB
:1026F000236000BF00BF00BFBFF34F8F00BF00BF0C
:1027000000BF00BF00BF00BFBFF36F8F00BF00BF9F
:1027100000BF10BD84ED00E060EF00E000BF00BF2F
:1027200000BFBFF34F8F00BF00BF00BF00BF00BF9F
:1027300000BFBFF36F8F00BF00BF00BF0020144970
:10274000086000BF00BF00BFBFF34F8F00BF00BFD6
:1027500000BF00BF00BF00BFBFF36F8F00BF00BF4F
:1027600000BF0C48006840F400300A49086000BF10
:1027700000BF00BFBFF34F8F00BF00BF00BF00BF4F
:1027800000BF00BFBFF36F8F00BF00BF00BF704727
:1027900050EF00E014ED00E01F49C96901F020018D
:1027A00009B31D49496AC8B21C49098801F40041AE
:1027B000C9B91A49098801F4804161B10A2803D0D6
:1027C0000021164A118020E01449098841F4004193
:1027D000124A118019E00D2806D11049098841F4E8
:1027E00080410E4A118010E00C490988C1F30D01A7
:1027F0000B4A505409490988491C084A118011465E
:102800000988C72901DD002111800349096A41F0C7
:102810000801014A116270470010014008000030B1
:102820006400003003B401984100009850EAC120D0
:1028300018BF04204A0D18BF40F0010040F2FF729B
:10284000B2EB515F08BF40F00200012808BF05202D
:1028500002B0704730380A2801D2012070470020AA
:10286000704700BF704710B500F0CCFE10BD70B5CA
:1028700005460C46164606E028466A1C95B200F04E
:1028800008F804F8010B301EA6F101018EB2F3D155
:1028900070BD70B50446002600F04CFF2112A02246
:1028A00002EB4101C8B200F01DFF00F07DFF25469C
:1028B000E11704EB11610912A4EB0121C8B200F089
:1028C00011FF00F071FF00F035FFA12000F00AFFBA
:1028D00000F06AFF002000F0D9FE064600F04AFF33
:1028E000304670BD70B505460C46164606E02178A8
:1028F000284600F009F8681C85B2641C301EA6F159
:1029000001018EB2F3D170BD70B504460E4600F0E1
:1029100011FF2112A02202EB4101C8B200F0E2FE39
:1029200000F042FF2546E11704EB11610912A4EB08
:102930000121C8B200F0D6FE00F036FF304600F0AC
:10294000D1FE00F031FF00F015FF0A2000F0D2F9AF
:1029500070BD000010B5002208210D4805F03CF8BC
:1029600000F018F801221146094805F035F800F08A
:1029700011F800220121064805F02EF800F00AF8AF
:1029800001220821024805F027F800F003F810BDE5
:102990000004025810B5022000F0B6F910BD000086
:1029A0001CB500BF1148006840F002000F490860E4
:1029B00000BF00BF0846006840F00200086000BF8A
:1029C000012000900023024601460190084805F0CE
:1029D0000FF80120009003460246082101900448A8
:1029E00005F006F800F08EF81CBD0000E044025827
:1029F0000004025810B5012208210A4804F0ECFF37
:102A0000FFF7C8FF01221146064804F0E5FFFFF773
:102A1000C1FF00220121034804F0DEFFFFF7BAFFE7
:102A200010BD00000004025870B5054600240026C1
:102A300018E06006040E012211460F4804F0CCFF96
:102A4000FFF7A8FF08210C4804F0BEFF08B1601C86
:102A5000C4B200220121084804F0BEFFFFF79AFF2C
:102A6000701CC6B2082EE4DB15B9FFF7C3FF01E006
:102A7000FFF770FF204670BD0004025870B5044691
:102A8000002516E0E20908210E4804F0A5FFFFF733
:102A900081FF012211460B4804F09EFFFFF77AFFE9
:102AA00000220121074804F097FF6006040E681C0D
:102AB000C5B2082DE6DB01220821024804F08CFF94
:102AC00070BD00000004025810B5012208210C4816
:102AD00004F082FF01221146094804F07DFFFFF750
:102AE00059FF00220821064804F076FFFFF752FF45
:102AF00000220121024804F06FFFFFF74BFF10BDD9
:102B00000004025810B5002208210A4804F064FFAE
:102B1000FFF740FF01221146064804F05DFFFFF772
:102B200039FF01220821034804F056FFFFF732FF66
:102B300010BD00000004025870B5002400250122D9
:102B40000821134804F048FFFFF724FF0122114633
:102B50000F4804F041FFFFF71DFF09E0601CC4B2FD
:102B6000FA2C03DDFFF7CEFF012507E0FFF712FF88
:102B70000821074804F028FF0028EFD100BF0022F9
:102B80000121034804F028FFFFF704FF284670BD29
:102B9000000402588CB00024002505264648808891
:102BA00041F21801884200D10A2683E04348416877
:102BB00000208847002468E04048808E0121A14021
:102BC000084000285AD03D480C3030F814003A49EB
:102BD0000988884257DA3948203030F814003649DD
:102BE000498888424FDA02A830F824004FF6FF7176
:102BF00088420DD131480C3030F8140002A921F878
:102C000024002E48203030F8140001EB8401488065
:102C10002B4830F814000221284F2037CDE900104E
:102C200037F81430143F37F8142002AF07EB84074D
:102C3000798802AF37F8240000F03CFF1F480C30C1
:102C400030F8140002A921F824001C48203030F884
:102C5000140001EB8401488018480C3030F814103F
:102C600015480088183881420DDD1448203030F8AE
:102C70001400142807DA04F0FFFA04E04FF6FF709E
:102C800002A921F82400601CC4B2B44294DB0A20DB
:102C900000F030F8681CC5B2142095FBF0F100FB81
:102CA000115038B900BF0748006880F0100005498E
:102CB000086000BF7AE700002C01003018000030E7
:102CC000968A0024140402584FF0E021096941F06B
:102CD00004014FF0E02211610549086011460969BD
:102CE00041F0010111616FF07041516170470000C6
:102CF0000000003010B504464FF47A7104FB01F077
:102D000000F002F810BD000070B5034600224FF03D
:102D1000E02675690D4E366803FB06F44FF0E02699
:102D2000B16910E04FF0E026B06988420BD08842CC
:102D300002D20E1A324402E02E1A0E4432440146E8
:102D4000A24200D300E0EDE700BF70BD00000030FC
:102D500000BF054AD26902F04002002AF9D0C2B28F
:102D6000014B9A6270470000001001400EB500BF91
:102D70003A48006840F004003849086000BF00BFCE
:102D80000846006840F00200086000BF0120009083
:102D90000023024620210190314804F029FE012041
:102DA000009000231A46022101902E4804F020FED4
:102DB000FFF7F6FD00222021294804F00DFE142023
:102DC000FFF798FF01222021254804F005FE32205C
:102DD000FFF790FF00208DF80800012202A900F003
:102DE00047F9012202A9A42000F042F916208DF82B
:102DF0000800012202A9802000F03AF90C208DF889
:102E00000800012202A9882000F032F9022202A95A
:102E1000A12000F02FF89DF80800302803D19DF87C
:102E2000090003280DD09DF80900012809D09DF85C
:102E30000900022805D09DF8080068B99DF809002E
:102E400050B99DF809009DF8082000EB022106A06A
:102E5000FEF7B8FA00200EBD0120FCE7E04402585E
:102E600000080258000402584354502049443A25AF
:102E7000780D0A002DE9F04106460F461546FFF78A
:102E800023FE7020FFF7FAFDFFF756FEF0B2FFF7C2
:102E9000F5FDFFF751FEFFF717FE7120FFF7EEFD7E
:102EA000FFF74AFE00240BE0691EA14201D0012178
:102EB00000E000210846FFF7B7FD3855601CC4B29A
:102EC000AC42F1DBFFF71EFEBDE8F0812DE9FC41CD
:102ED0000746002001900024002661480078401C2D
:102EE0005F490870084600780A2190FBF1F201FB67
:102EF000120018B15A4800780A2867DA012201A99D
:102F00000220FFF7B7FF9DF8040000F00F00002833
:102F10005CD09DF8040000F00F0006287BDA9DF8D5
:102F2000040000F00F014FF6FF70884085B2E843BF
:102F300080B240F440404B4988860420FFF7DAFE17
:102F400000245AE04748808E0121A1400840E0B3A8
:102F5000454931F8140004226946FFF78BFF4148C8
:102F600090F8440000F00100C0B19DF801009DF808
:102F7000001001F00F0100EB01203A49203121F847
:102F800014009DF803009DF8021001F00F0100EB02
:102F9000012134480C3020F814101EE09DF8010087
:102FA0009DF8001001F00F0100EB01202F49098866
:102FB000081A81B22B480C3020F814109DF8030039
:102FC0009DF8021001F00F0101E014E023E000EB96
:102FD00001202449203121F814009DF8000000F060
:102FE000F000802807D000211E48203020F814105F
:102FF000143820F81410601CC4B2052CA2DB012682
:103000001848808920B91748008C08B90020019021
:103010000020134908709DF8040000F01F00A8B9B3
:103020001048808E00F4004030B10E48808E20F4AD
:1030300000400C49888609E04FF6FF7009498881F5
:1030400008840846808E00F4604088860448007832
:10305000F02802DD0A20024908703046BDE8FC81F4
:103060006000003018000030F0D100242C01003046
:103070002DE9F04105460E4617464FF00008FFF7D0
:1030800023FD7020FFF7FAFCFFF756FDE8B2FFF7CB
:10309000F5FCFFF751FD00240BE0305DFFF7EEFC7F
:1030A000FFF74AFD8046B8F1000F00D003E0601C36
:1030B000C4B2BC42F1DB00BFFFF724FD4046BDE8CF
:1030C000F08100001FB500BF4048006840F00400D8
:1030D0003E49086000BF00BF0846006840F002009B
:1030E000086000BF012000900023024620210190CB
:1030F000374804F07DFC0120009000231A4602218D
:103100000190344804F074FCFFF74AFC00222021AF
:103110002F4804F061FC0A20FFF7ECFD012220217A
:103120002B4804F059FC0A20FFF7E4FD00200121A0
:1031300003460246CDE900100221264804F058FC5F
:103140006420FFF7D7FD042202A948F2401000F0E6
:1031500059F800208DF80C001FA102A8FEF780FA94
:1031600088B11EA102A8FEF77BFA60B11DA102A8DA
:10317000FEF776FA38B11DA102A8FEF771FA10B178
:10318000012004B010BD02A91AA0FEF71BF917A177
:1031900002A8FEF765FA10B90A2019490870022042
:1031A0008DF80800012202A948F2400000F0D4F98D
:1031B0000A20FFF79FFD00208DF80800012202A9D8
:1031C00048F2400000F0C8F90020DAE7E044025875
:1031D00000080258000402583931310039313437BF
:1031E000000000003131353800000000393237313D
:1031F000000000004354502049443A25730D0A0052
:10320000610000302DE9F04105460F461646FFF7F4
:103210005BFC2820FFF732FCFFF78EFC2812FFF73B
:103220002DFCFFF789FCE8B2FFF728FCFFF784FCD0
:10323000FFF74AFC2920FFF721FCFFF77DFC002463
:103240000BE0711EA14201D0012100E000210846DF
:10325000FFF7EAFB3855601CC4B2B442F1DBFFF75C
:1032600051FCBDE8F081000071B583B000200190F1
:103270000026B4480078401CB2490870084601781E
:103280000A2091FBF0F200FB121018B1AD48007853
:103290000A287DDA012203A948F24E10FFF7B2FF97
:1032A0009DF80C0000F0800078B19DF80C0000F053
:1032B0000F00A5490978884207DC0020019001220F
:1032C00001A948F24E1000F047F99DF80C0000F0FB
:1032D0000F0000285CD09DF80C0000F00F009A4908
:1032E0000978884254DC9DF80C0000F00F014FF67D
:1032F000FF70884084B29548858EE04380B240F4E8
:10330000404092498886084682898F480078401E4E
:103310000C3121F810208D48028C8B480078401E1B
:10332000143121F8102000200190A7E08748808EFA
:103330009DF8042001219140084000283FD0844995
:103340009DF8042031F81200042202A9FFF75AFF69
:103350008048808845F2105188420BD07D48808893
:1033600049F60601884205D07A48808847F296716E
:10337000884240D1754890F8440000F00100F8B14F
:103380009DF80A009DF80B1000EB0120714900E048
:10339000B2E00988081A81B26C480C309DF804200C
:1033A00020F812109DF808009DF8091000EB01208C
:1033B00081B2664820309DF8042020F8121058E0B1
:1033C0009DF808009DF8091000EB012081B25F48CC
:1033D0000C309DF8042020F812109DF80A009DF88A
:1033E0000B1000EB012081B2584820309DF80420DA
:1033F00020F812103DE0554890F8440000F001001C
:10340000D0B19DF808009DF8091000EB012081B2B1
:103410004E480C309DF8042020F812109DF80A0048
:103420009DF80B1000EB012081B2484820309DF838
:10343000042020F812101CE09DF80A009DF80B10E3
:1034400000EB012043490988081A81B23F480C303B
:103450009DF8042020F812109DF808009DF809102E
:1034600000EB012081B2394820309DF8042020F87B
:1034700012109DF80400401CC0B201909DF8040099
:10348000314909788842FFF651AF01262F488089DB
:1034900030490988884205DC2C48008C2D49498830
:1034A000884226DD9DF80C0000F00F0001280ADD9F
:1034B0002648C089254988810846408C0884002018
:1034C0002049087018E020480078401E1F490C3140
:1034D00031F810000C3988811B480078401E2031DB
:1034E00031F8100020390884802003900846858632
:1034F00002E00020134908709DF80C0000F08F00D6
:10350000802815D11148808E00F4004030B10F485A
:10351000808E20F400400D49888609E04FF6FF7048
:103520000A49888108840846808E00F460408886B5
:1035300004480078F02802DD0A200249087030466D
:1035400004B070BD6200003061000030180000302F
:10355000FAD100242C0100302DE9F04104460E463A
:1035600017464FF00008FFF7AFFA2820FFF786FA5A
:10357000FFF7E2FA2012FFF781FAFFF7DDFAE0B277
:10358000FFF77CFAFFF7D8FA00250BE0705DFFF734
:1035900075FAFFF7D1FA8046B8F1000F00D003E0CA
:1035A000681CC5B2BD42F1DB00BFFFF7ABFA404675
:1035B000BDE8F08110B500224FF400610D4804F021
:1035C0000BFA00F019F8012291020A4804F004FAFB
:1035D00000F012F800224FF48061064804F0FCF974
:1035E00000F00AF80122D102024804F0F5F900F0D7
:1035F00003F810BD0004025810B50220FFF784FB49
:1036000010BD00001CB500BF1148006840F002006A
:103610000F49086000BF00BF0846006840F0020084
:10362000086000BF01200090002302468102019043
:10363000084804F0DDF90120009003460246C1026B
:103640000190044804F0D4F900F094F81CBD000087
:10365000E04402580004025810B50122D1020A4881
:1036600004F0BAF9FFF7C8FF01229102064804F0FE
:10367000B3F9FFF7C1FF00224FF48061024804F064
:10368000ABF9FFF7B9FF10BD0004025870B505464D
:10369000002400261AE06006040E01229102104860
:1036A00004F09AF9FFF7A8FF4FF400610C4804F00A
:1036B0008BF908B1601CC4B200224FF48061084845
:1036C00004F08AF9FFF798FF701CC6B2082EE2DBFF
:1036D00015B9FFF7C1FF01E0FFF76CFF204670BD91
:1036E0000004025870B50446002518E0E2094FF4C2
:1036F00000610F4804F070F9FFF77EFF012291028C
:103700000B4804F069F9FFF777FF00224FF480615E
:10371000074804F061F96006040E681CC5B2082D64
:10372000E4DB0122D102024804F056F970BD00002A
:103730000004025810B50122D1020D4804F04CF9E2
:10374000012291020A4804F047F9FFF755FF0022D1
:103750004FF40061064804F03FF9FFF74DFF0022E7
:103760004FF48061024804F037F9FFF745FF10BDC0
:103770000004025810B500224FF40061094804F01B
:103780002BF9FFF739FF01229102064804F024F9D2
:10379000FFF732FF0122D102024804F01DF9FFF7C2
:1037A0002BFF10BD0004025870B500240025012233
:1037B000D102134804F010F9FFF71EFF0122910215
:1037C0000F4804F009F9FFF717FF07E0601CC4B2C7
:1037D000FA2C03DDFFF7CEFF012506E04FF4006170
:1037E000074804F0F1F80028F0D100BF00224FF4A0
:1037F0008061034804F0F0F8FFF7FEFE284670BD34
:10380000000402581CB500BF1848006840F00100D1
:103810001649086000BF00BF0846006840F001007C
:10382000086000BF00BF0846006840F00100086063
:1038300000BF0120009000231A46022101900C488D
:1038400004F0D6F80120009000231A46C10301902D
:10385000074804F0CDF80220012100231A46CDE9E3
:103860000010034804F0C4F81CBD0000E0440258F6
:103870000000025870B50446002514B10120234908
:1038800008702248007858B30221214804F09CF8BF
:1038900058B14FF400411E4804F096F828B10121B8
:1038A0001B4804F091F801281AD10A20FFF722FAE8
:1038B0000020164908700221154804F085F800B967
:1038C00001254FF40041124804F07EF800B90225AA
:1038D00001210F4804F078F8012815D1032513E0E1
:1038E00002210B4804F070F801280DD1C1030848EB
:1038F00004F06AF8012807D10121054804F064F8B2
:1039000010B9012001490870284670BD140000302C
:103910000000025870B50446002609480588408812
:1039200045430021084603F0A7FA03F04BFC00BF13
:1039300002E004480480761CAE42FAD370BD000059
:103940002C0100300000106010B504465848847106
:10395000002C58D1F020564908804FF4A0704880C0
:103960000846808845F21051884210D14FF43050FB
:103970004F4908814FF4285048814FF42C508881DA
:103980004FF4F07008804FF4487048801AE04848BF
:10399000808841F6631188420DD12C20444908816A
:1039A0002B2048812A2088814FF4F07008804FF442
:1039B0004870488006E02C203D4908812A20488133
:1039C0002B2088813A48808845F21031884205D002
:1039D0003748808847F29671884206D14FF4A0702C
:1039E000334908804FF4F07048803148808849F6A8
:1039F0000601884258D14FF4F0702D4908804FF4E9
:103A00004870488050E04FF4A07029490880F020A9
:103A100048800846808845F21051884210D14FF402
:103A20003050234908814FF4285048814FF42C50DE
:103A300088814FF4487008804FF4F070488020E08F
:103A40001B48808841F66311884205D01848808859
:103A500049F6060188420DD12C20154908812A20FB
:103A600048812B2088814FF4487008804FF4F07013
:103A7000488006E02C200E4908812A2048812B200E
:103A800088810B48808845F21031884205D008486B
:103A9000808847F29671884206D14FF4F07004494D
:103AA00008804FF4A0704880002003F0C7F810BDD4
:103AB0002C0100302DE9FF4F85B080468946129FCA
:103AC000002003900290B84507DB0798B84204DB5A
:103AD000B94502DB0898B84202DA09B0BDE8F08FB8
:103AE0000798A0EB08040898A0EB0905CDF804801E
:103AF000CDF80090002C02DD4FF0010A06E014B969
:103B00004FF0000A02E04FF0FF3A6442002D02DD60
:103B10004FF0010B06E015B94FF0000B02E04FF03B
:103B2000FF3B6D42AC4201DD264600E02E46002000
:103B3000049023E0009A91B2019A90B23A46139B06
:103B400002F040FD0398204403900298284402901C
:103B50000398B04205DD0398801B03900198504400
:103B600001900298B04205DD0298801B02900098F7
:103B7000584400900498401C80B20490711C049832
:103B80008842D7DD00BFA8E72DE9F04706460F467B
:103B900090469A46002445460320A0EB480944E09D
:103BA0007A1B91B2321990B2524600F0B5F83A1B26
:103BB00091B2721990B2524600F0AEF83A1991B231
:103BC000721990B2524600F0A7F87A1991B23219E0
:103BD00090B2524600F0A0F87A1991B2321B90B21E
:103BE000524600F099F83A1991B2721B90B25246BF
:103BF00000F092F87A1B91B2321B90B2524600F05C
:103C00008BF83A1B91B2721B90B2524600F084F8C6
:103C1000641CB9F1000F03DAA000801D814404E0A8
:103C2000601B80000A3081446D1EAC42B8DDBDE8E7
:103C3000F0870000F8B504460D4616461F463EB113
:103C400009480088A04203DB07484088A84200DA00
:103C5000F8BDA019401E82B22B4629462046009787
:103C600002F086FC00BFF3E72C0100302DE9FF4F86
:103C700084B081468A460020029083460698A0EBD5
:103C800009050798A0EB0A06CDF80490CDF800A02E
:103C9000002D01DD012705E00DB9002702E04FF0FE
:103CA000FF376D42002E02DD4FF0010806E016B925
:103CB0004FF0000802E04FF0FF387642B54201DDD8
:103CC0002C4600E03446002003901EE0009A91B29A
:103CD000019A90B2119A00F01FF8029828440290BD
:103CE000B3440298A04205DD0298001B029001989F
:103CF00038440190A34504DDABEB040B009840442D
:103D000000900398401C80B20390611C0398884285
:103D1000DCDD08B0BDE8F08F70B505460E461446F0
:103D20003146284603F0A8F803F04CFA01490C800C
:103D300070BD00000000106010B5CF2003F036FA0F
:103D4000002003F027FAC12003F024FA302003F00A
:103D500021FAED2003F02AFA642003F01BFA032075
:103D600003F018FA122003F015FA812003F012FA7A
:103D7000E82003F01BFA852003F00CFA102003F072
:103D800009FA7A2003F006FACB2003F00FFA392063
:103D900003F000FA2C2003F0FDF9002003F0FAF9FB
:103DA000342003F0F7F9022003F0F4F9F72003F0D0
:103DB000FDF9202003F0EEF9EA2003F0F7F90020E6
:103DC00003F0E8F9002003F0E5F9C02003F0EEF974
:103DD0001B2003F0DFF9C12003F0E8F9012003F014
:103DE000D9F9C52003F0E2F9302003F0D3F93020EF
:103DF00003F0D0F9C72003F0D9F9B72003F0CAF9CE
:103E0000362003F0D3F9482003F0C4F93A2003F038
:103E1000CDF9552003F0BEF9B12003F0C7F9002019
:103E200003F0B8F91A2003F0B5F9B62003F0BEF993
:103E30000A2003F0AFF9A22003F0ACF9F22003F05E
:103E4000B5F9002003F0A6F9262003F0AFF9012010
:103E500003F0A0F9E02003F0A9F90F2003F09AF98C
:103E60002A2003F097F9282003F094F9082003F0A2
:103E700091F90E2003F08EF9082003F08BF95420FD
:103E800003F088F9A92003F085F9432003F082F9B3
:103E90000A2003F07FF90F2003F07CF9002003F0E3
:103EA00079F9002003F076F9002003F073F900207F
:103EB00003F070F9E12003F079F9002003F06AF9CA
:103EC000152003F067F9172003F064F9072003F0C9
:103ED00061F9112003F05EF9062003F05BF92B2055
:103EE00003F058F9562003F055F93C2003F052F93D
:103EF000052003F04FF9102003F04CF90F2003F0D8
:103F000049F93F2003F046F93F2003F043F90F2021
:103F100003F040F92B2003F049F9002003F03AF9AF
:103F2000002003F037F9012003F034F93F2003F0BB
:103F300031F92A2003F03AF9002003F02BF9002090
:103F400003F028F9002003F025F9EF2003F022F90F
:103F5000112003F02BF97820FEF7CCFE292003F086
:103F600025F910BD10B5FF2003F020F9FF2003F064
:103F700011F9982003F00EF9062003F00BF9BC208C
:103F800003F014F9012003F005F90F2003F002F902
:103F9000612003F0FFF8FF2003F0FCF8012003F09C
:103FA000F9F8012003F0F6F80B2003F0F3F81020E5
:103FB00003F0F0F8372003F0EDF8632003F0EAF89F
:103FC000FF2003F0E7F8FF2003F0E4F8012003F0FE
:103FD000E1F8012003F0DEF8002003F0DBF8002018
:103FE00003F0D8F8FF2003F0D5F8522003F0D2F800
:103FF000012003F0CFF8002003F0CCF8402003F0BC
:10400000C9F8BD2003F0D2F8012003F0C3F8232043
:1040100003F0C0F8452003F0BDF8672003F0BAF8BC
:10402000012003F0B7F8232003F0B4F8452003F093
:10403000B1F8672003F0AEF8BE2003F0B7F8002017
:1040400003F0A8F8012003F0A5F8AB2003F0A2F8D4
:10405000602003F09FF8222003F09CF8222003F058
:1040600099F8222003F096F8222003F093F82220FA
:1040700003F090F8C72003F099F8362003F08AF88F
:10408000ED2003F093F87F2003F084F80F2003F075
:1040900081F8C02003F08AF80F2003F07BF80B2092
:1040A00003F078F80A2003F075F8FC2003F07EF89E
:1040B000082003F06FF8DF2003F078F8002003F009
:1040C00069F8002003F066F8002003F063F8002090
:1040D00003F060F8002003F05DF8202003F05AF8A8
:1040E000F32003F063F8742003F054F8B42003F0D5
:1040F0005DF8002003F04EF8002003F04BF800209C
:1041000003F048F8F72003F051F8822003F042F85A
:10411000B12003F04BF8002003F03CF8132003F02B
:1041200039F8132003F036F8F22003F03FF880202E
:1041300003F030F8042003F02DF8402003F02AF8B3
:10414000282003F027F8C12003F030F8172003F0EF
:1041500021F8882003F01EF8882003F01BF82020A7
:1041600003F018F8E02003F021F8002003F012F823
:104170000A2003F00FF8122003F00CF8102003F0CF
:1041800009F80E2003F006F8202003F003F8CC20F5
:1041900003F000F8072002F0FDFF062002F0FAFF0E
:1041A0000B2002F0F7FF0E2002F0F4FF0F2002F0C8
:1041B000F1FF0D2002F0EEFF152002F0EBFF1020C2
:1041C00002F0E8FF002002F0E5FFE12002F0EEFF40
:1041D000002002F0DFFF0B2002F0DCFF132002F0D2
:1041E000D9FF0D2002F0D6FF0E2002F0D3FF1B20D6
:1041F00002F0D0FF712002F0CDFF062002F0CAFFCE
:10420000062002F0C7FF0A2002F0C4FF0F2002F0D0
:10421000C1FF0E2002F0BEFF0F2002F0BBFF1520F1
:1042200002F0B8FF0C2002F0B5FF002002F0B2FF50
:104230002A2002F0BBFF002002F0ACFF002002F0B9
:10424000A9FF012002F0A6FFDF2002F0A3FF2B2030
:1042500002F0ACFF002002F09DFF002002F09AFF68
:10426000032002F097FF1F2002F094FF3A2002F093
:104270009DFF552002F08EFF362002F097FF0020B0
:1042800002F088FF112002F091FF7820FEF732FD46
:10429000292002F08BFF1420FEF72CFD2C2002F0C9
:1042A00085FF10BD10B5ED2002F080FF012002F067
:1042B00071FFFE2002F06EFFEE2002F077FFDE209D
:1042C00002F068FF212002F065FFF12002F06EFF8E
:1042D000012002F05FFFDF2002F068FF102002F0F3
:1042E00059FFC42002F062FF8F2002F053FFC62066
:1042F00002F05CFF002002F04DFFE22002F04AFFD6
:10430000E22002F047FFE22002F044FFBF2002F06B
:104310004DFFAA2002F03EFFB02002F047FF0D2023
:1043200002F038FF002002F035FF0D2002F032FFCE
:10433000002002F02FFF112002F02CFF002002F0DD
:1043400029FF192002F026FF002002F023FF212080
:1043500002F020FF002002F01DFF2D2002F01AFFC6
:10436000002002F017FF3D2002F014FF002002F0B1
:1043700011FF5D2002F00EFF002002F00BFF5D2018
:1043800002F008FF002002F005FFB12002F00EFF4E
:10439000802002F0FFFE002002F0FCFE8B2002F0E5
:1043A000F9FE002002F0F6FE962002F0F3FE002057
:1043B00002F0F0FEB22002F0F9FE002002F0EAFE68
:1043C000002002F0E7FE022002F0E4FE002002F0EE
:1043D000E1FE032002F0DEFE002002F0DBFEB3204F
:1043E00002F0E4FE002002F0D5FE002002F0D2FE32
:1043F000002002F0CFFE002002F0CCFE002002F0F0
:10440000C9FE002002F0C6FE002002F0C3FE00201C
:1044100002F0C0FE002002F0BDFE002002F0BAFE55
:10442000002002F0B7FE002002F0B4FE002002F0EF
:10443000B1FE002002F0AEFE002002F0ABFE002034
:1044400002F0A8FE002002F0A5FE002002F0A2FE6D
:10445000002002F09FFE002002F09CFE002002F0EF
:1044600099FE002002F096FE002002F093FE00204C
:1044700002F090FEB42002F099FE8B2002F08AFE3A
:10448000002002F087FE962002F084FE002002F059
:1044900081FEA12002F07EFE002002F07BFEB5200E
:1044A00002F084FE022002F075FE002002F072FE8F
:1044B000032002F06FFE002002F06CFE042002F0E8
:1044C00069FE002002F066FEB62002F06FFE0020BA
:1044D00002F060FE002002F05DFEB72002F066FEF2
:1044E000002002F057FE002002F054FE3F2002F0B0
:1044F00051FE002002F04EFE5E2002F04BFE002036
:1045000002F048FE642002F045FE002002F042FE68
:104510008C2002F03FFE002002F03CFEAC2002F0B6
:1045200039FE002002F036FEDC2002F033FE0020CF
:1045300002F030FE702002F02DFE002002F02AFE74
:10454000902002F027FE002002F024FEEB2002F073
:1045500021FE002002F01EFEDC2002F01BFE0020E7
:1045600002F018FEB82002F021FE002002F012FE38
:10457000002002F00FFE002002F00CFE002002F0EE
:1045800009FE002002F006FE002002F003FE0020DB
:1045900002F000FE002002F0FDFDBA2002F006FE4F
:1045A000242002F0F7FD002002F0F4FD002002F0CC
:1045B000F1FD002002F0EEFDC12002F0F7FD202009
:1045C00002F0E8FD002002F0E5FD542002F0E2FDDB
:1045D000002002F0DFFDFF2002F0DCFD002002F0F1
:1045E000D9FDC22002F0E2FD0A2002F0D3FD002036
:1045F00002F0D0FD042002F0CDFD002002F0CAFD43
:10460000C32002F0D3FD3C2002F0C4FD002002F0E4
:10461000C1FD3A2002F0BEFD002002F0BBFD3920B2
:1046200002F0B8FD002002F0B5FD372002F0B2FD27
:10463000002002F0AFFD3C2002F0ACFD002002F0B3
:10464000A9FD362002F0A6FD002002F0A3FD3220D5
:1046500002F0A0FD002002F09DFD2F2002F09AFD47
:10466000002002F097FD2C2002F094FD002002F0C3
:1046700091FD292002F08EFD002002F08BFD262006
:1046800002F088FD002002F085FD242002F082FD6A
:10469000002002F07FFD242002F07CFD002002F0CB
:1046A00079FD232002F076FD002002F073FD3C200E
:1046B00002F070FD002002F06DFD362002F06AFD70
:1046C000002002F067FD322002F064FD002002F0BD
:1046D00061FD2F2002F05EFD002002F05BFD2C202A
:1046E00002F058FD002002F055FD292002F052FD95
:1046F000002002F04FFD262002F04CFD002002F0C9
:1047000049FD242002F046FD002002F043FD242054
:1047100002F040FD002002F03DFD232002F03AFDB2
:10472000002002F037FDC42002F040FD622002F0BC
:1047300031FD002002F02EFD052002F02BFD0020AF
:1047400002F028FD842002F025FD002002F022FD69
:10475000F02002F01FFD002002F01CFD182002F0E6
:1047600019FD002002F016FDA42002F013FD002028
:1047700002F010FD182002F00DFD002002F00AFDED
:10478000502002F007FD002002F004FD0C2002F092
:1047900001FD002002F0FEFC172002F0FBFC0020CF
:1047A00002F0F8FC952002F0F5FC002002F0F2FC8B
:1047B000F32002F0EFFC002002F0ECFCE62002F017
:1047C000E9FC002002F0E6FCC52002F0EFFC3220FC
:1047D00002F0E0FC002002F0DDFC442002F0DAFCF4
:1047E000002002F0D7FC652002F0D4FC002002F08B
:1047F000D1FC762002F0CEFC002002F0CBFC882019
:1048000002F0C8FC002002F0C5FCC62002F0CEFC7D
:10481000202002F0BFFC002002F0BCFC172002F0B8
:10482000B9FC002002F0B6FC012002F0B3FC00202D
:1048300002F0B0FCC72002F0B9FC002002F0AAFC94
:10484000002002F0A7FC002002F0A4FC002002F0EF
:10485000A1FCC82002F0AAFC002002F09BFC002072
:1048600002F098FC002002F095FC002002F092FC7F
:10487000C92002F09BFC002002F08CFC002002F01A
:1048800089FC002002F086FC002002F083FC00205E
:1048900002F080FC002002F07DFC002002F07AFC97
:1048A000002002F077FC002002F074FC002002F0EF
:1048B00071FC002002F06EFC002002F06BFC002076
:1048C00002F068FC002002F065FC002002F062FCAF
:1048D000002002F05FFCE02002F068FC162002F0ED
:1048E00059FC002002F056FC1C2002F053FC002072
:1048F00002F050FC212002F04DFC002002F04AFCA6
:10490000362002F047FC002002F044FC462002F072
:1049100041FC002002F03EFC522002F03BFC002053
:1049200002F038FC642002F035FC002002F032FC7A
:104930007A2002F02FFC002002F02CFC8B2002F0E9
:1049400029FC002002F026FC992002F023FC002024
:1049500002F020FCA82002F01DFC002002F01AFC4E
:10496000B92002F017FC002002F014FCC42002F071
:1049700011FC002002F00EFCCA2002F00BFC00200B
:1049800002F008FCD22002F005FC002002F002FC3C
:10499000D92002F0FFFB002002F0FCFBE02002F037
:1049A000F9FB002002F0F6FBF32002F0F3FB0020FD
:1049B00002F0F0FBE12002F0F9FB162002F0EAFB26
:1049C000002002F0E7FB1C2002F0E4FB002002F0D4
:1049D000E1FB222002F0DEFB002002F0DBFB3620B0
:1049E00002F0D8FB002002F0D5FB452002F0D2FBFC
:1049F000002002F0CFFB522002F0CCFB002002F09E
:104A0000C9FB642002F0C6FB002002F0C3FB7A2041
:104A100002F0C0FB002002F0BDFB8B2002F0BAFBCD
:104A2000002002F0B7FB992002F0B4FB002002F056
:104A3000B1FBA82002F0AEFB002002F0ABFBB920D6
:104A400002F0A8FB002002F0A5FBC42002F0A2FBAC
:104A5000002002F09FFBCA2002F09CFB002002F025
:104A600099FBD22002F096FB002002F093FBD820A5
:104A700002F090FB002002F08DFBE02002F08AFBA8
:104A8000002002F087FBF32002F084FB002002F0FC
:104A900081FBE22002F08AFB052002F07BFB002074
:104AA00002F078FB0B2002F075FB002002F072FB95
:104AB0001B2002F06FFB002002F06CFB342002F0A0
:104AC00069FB002002F066FB442002F063FB00203B
:104AD00002F060FB4F2002F05DFB002002F05AFB69
:104AE000612002F057FB002002F054FB792002F015
:104AF00051FB002002F04EFB882002F04BFB00200F
:104B000002F048FB972002F045FB002002F042FB38
:104B1000A62002F03FFB002002F03CFBB72002F091
:104B200039FB002002F036FBC22002F033FB0020EC
:104B300002F030FBC72002F02DFB002002F02AFB20
:104B4000D12002F027FB002002F024FBD62002F047
:104B500021FB002002F01EFBDD2002F01BFB0020E9
:104B600002F018FBF32002F015FB002002F012FB0C
:104B7000E32002F01BFB052002F00CFB002002F0FA
:104B800009FB0A2002F006FB002002F003FB1C20B8
:104B900002F000FB002002F0FDFA332002F0FAFAE6
:104BA000002002F0F7FA442002F0F4FA002002F0AC
:104BB000F1FA502002F0EEFA002002F0EBFA622047
:104BC00002F0E8FA002002F0E5FA782002F0E2FABA
:104BD000002002F0DFFA882002F0DCFA002002F068
:104BE000D9FA972002F0D6FA002002F0D3FAA620D4
:104BF00002F0D0FA002002F0CDFAB72002F0CAFA93
:104C0000002002F0C7FAC22002F0C4FA002002F02D
:104C1000C1FAC72002F0BEFA002002F0BBFAD12090
:104C200002F0B8FA002002F0B5FAD52002F0B2FA8C
:104C3000002002F0AFFADD2002F0ACFA002002F012
:104C4000A9FAF32002F0A6FA002002F0A3FAE42069
:104C500002F0ACFA012002F09DFA002002F09AFA6C
:104C6000012002F097FA002002F094FA022002F0EC
:104C700091FA002002F08EFA2A2002F08BFA00202E
:104C800002F088FA3C2002F085FA002002F082FA55
:104C90004B2002F07FFA002002F07CFA5D2002F047
:104CA00079FA002002F076FA742002F073FA0020FC
:104CB00002F070FA842002F06DFA002002F06AFA25
:104CC000932002F067FA002002F064FAA22002F0BA
:104CD00061FA002002F05EFAB32002F05BFA0020D5
:104CE00002F058FABE2002F055FA002002F052FA03
:104CF000C42002F04FFA002002F04CFACD2002F05E
:104D000049FA002002F046FAD32002F043FA0020CC
:104D100002F040FADD2002F03DFA002002F03AFAFB
:104D2000F32002F037FA002002F034FAE52002F016
:104D30003DFA002002F02EFA002002F02BFA0020AB
:104D400002F028FA002002F025FA022002F022FAEE
:104D5000002002F01FFA292002F01CFA002002F0C5
:104D600019FA3C2002F016FA002002F013FA4B2048
:104D700002F010FA002002F00DFA5D2002F00AFAAB
:104D8000002002F007FA742002F004FA002002F07A
:104D900001FA842002F0FEF9002002F0FBF99320D2
:104DA00002F0F8F9002002F0F5F9A22002F0F2F981
:104DB000002002F0EFF9B32002F0ECF9002002F03D
:104DC000E9F9BE2002F0E6F9002002F0E3F9C42080
:104DD00002F0E0F9002002F0DDF9CD2002F0DAF96E
:104DE000002002F0D7F9D32002F0D4F9002002F01D
:104DF000D1F9DC2002F0CEF9002002F0CBF9F3204B
:104E000002F0C8F9002002F0C5F9E62002F0CEF960
:104E1000112002F0BFF9002002F0BCF9342002F0AA
:104E2000B9F9002002F0B6F9562002F0B3F90020DB
:104E300002F0B0F9762002F0ADF9002002F0AAF9F4
:104E4000772002F0A7F9002002F0A4F9662002F012
:104E5000A1F9002002F09EF9882002F09BF90020C1
:104E600002F098F9992002F095F9002002F092F9E9
:104E7000BB2002F08FF9002002F08CF9992002F09B
:104E800089F9002002F086F9662002F083F90020FB
:104E900002F080F9552002F07DF9002002F07AF945
:104EA000552002F077F9002002F074F9452002F055
:104EB00071F9002002F06EF9432002F06BF9002036
:104EC00002F068F9442002F065F9002002F062F96E
:104ED000E72002F06BF9322002F05CF9002002F0CA
:104EE00059F9552002F056F9002002F053F97620C6
:104EF00002F050F9002002F04DF9662002F04AF964
:104F0000002002F047F9672002F044F9002002F087
:104F100041F9672002F03EF9002002F03BF98720BA
:104F200002F038F9002002F035F9992002F032F948
:104F3000002002F02FF9BB2002F02CF9002002F033
:104F400029F9992002F026F9002002F023F97720B0
:104F500002F020F9002002F01DF9442002F01AF9B5
:104F6000002002F017F9562002F014F9002002F098
:104F700011F9232002F00EF9002002F00BF9332082
:104F800002F008F9002002F005F9452002F002F9CC
:104F9000002002F0FFF8E82002F008F9002002F0FB
:104FA000F9F8002002F0F6F8992002F0F3F800205A
:104FB00002F0F0F8872002F0EDF8002002F0EAF8A5
:104FC000882002F0E7F8002002F0E4F8772002F0F1
:104FD000E1F8002002F0DEF8662002F0DBF80020A5
:104FE00002F0D8F8882002F0D5F8002002F0D2F8BC
:104FF000AA2002F0CFF8002002F0CCF8BB2002F08B
:10500000C9F8002002F0C6F8992002F0C3F8002089
:1050100002F0C0F8662002F0BDF8002002F0BAF8F5
:10502000552002F0B7F8002002F0B4F8552002F045
:10503000B1F8002002F0AEF8442002F0ABF80020F6
:1050400002F0A8F8442002F0A5F8002002F0A2F82F
:10505000552002F09FF8002002F09CF8E92002F0B1
:10506000A5F8AA2002F096F8002002F093F800209C
:1050700002F090F8002002F08DF8002002F096F87F
:10508000AA2002F087F8CF2002F090F8002002F06A
:1050900081F8002002F07EF8002002F07BF800206A
:1050A00002F078F8002002F075F8002002F072F8A3
:1050B000002002F06FF8002002F06CF8002002F0EF
:1050C00069F8002002F066F8002002F063F8002082
:1050D00002F060F8002002F05DF8002002F05AF8BB
:1050E000002002F057F8002002F054F8002002F0EF
:1050F00051F8F02002F05AF8002002F04BF850204E
:1051000002F048F8002002F045F8002002F042F8D2
:10511000002002F03FF8F32002F048F8002002F0EF
:1051200039F8F92002F042F8062002F033F8102096
:1051300002F030F8292002F02DF8002002F02AF8C1
:105140003A2002F033F8552002F024F8112002F042
:105150002DF86420FDF7CEFD292002F027F8352038
:1051600002F024F8002002F015F8512002F01EF899
:10517000FF2002F00FF8532002F018F82C2002F064
:1051800009F8552002F012F8822002F003F82C20D2
:1051900002F00CF810BD10B555214FF4704002F02C
:1051A0001BF8AA214FF2010002F016F852214FF22B
:1051B000020002F011F808214FF2030002F00CF88F
:1051C00001214FF2040002F007F80D214FF43040A6
:1051D00002F002F80D214BF2010001F0FDFF0D215C
:1051E0004BF2020001F0F8FF34214FF4364001F099
:1051F000F3FF34214BF2016001F0EEFF34214BF25A
:10520000026001F0E9FF0D214FF4314001F0E4FFAD
:105210000D214BF2011001F0DFFF0D214BF20210C6
:1052200001F0DAFF34214FF4374001F0D5FF34218B
:105230004BF2017001F0D0FF34214BF2027001F00B
:10524000CBFF00214FF4324001F0C6FF00214BF2AA
:10525000012001F0C1FF00214BF2022001F0BCFF50
:1052600024214FF4384001F0B7FF24214BF6010010
:1052700001F0B2FF24214BF6020001F0ADFF012145
:105280004FF43F4001F0A8FF0F214FF4334001F0ED
:10529000A3FF0F214BF2013001F09EFF0F214BF2D3
:1052A000023001F099FF34214FF4394001F094FFAE
:1052B00034214BF6011001F08FFF34214BF6021020
:1052C00001F08AFF08214FF4354001F085FF0821E5
:1052D0004BF2015001F080FF08214BF2025001F027
:1052E0007BFF03214FF4424001F076FF24214FF46D
:1052F0003A4001F071FF24214BF6012001F06CFFD0
:1053000024214BF6022001F067FF00214FF43C40BE
:1053100001F062FF78214BF6014001F05DFF0021B2
:105320004BF6024001F058FF00214FF43D4001F0E0
:1053300053FF78214BF6015001F04EFF00214BF650
:10534000025001F049FF00214FF43E4001F044FFBC
:1053500064214BF6016001F03FFF00214FF4514002
:1053600001F03AFF33214DF2011001F035FF002129
:105370004DF2021001F030FF34214DF2031001F024
:105380002BFF00214DF2041001F026FF3A214DF2CF
:10539000051001F021FF00214DF2061001F01CFF65
:1053A0004A214DF2071001F017FF00214DF20810BD
:1053B00001F012FF5C214DF2091001F00DFF0021F8
:1053C0004DF20A1001F008FF81214DF20B1001F09F
:1053D00003FF00214DF20C1001F0FEFEA6214DF25C
:1053E0000D1001F0F9FE00214DF20E1001F0F4FE57
:1053F000E5214DF20F1001F0EFFE01214DF21010EA
:1054000001F0EAFE13214DF2111001F0E5FE012139
:105410004DF2121001F0E0FE54214DF2131001F094
:10542000DBFE01214DF2141001F0D6FE82214DF277
:10543000151001F0D1FE01214DF2161001F0CCFE45
:10544000CA214DF2171001F0C7FE02214DF21810CB
:1054500001F0C2FE00214DF2191001F0BDFE022143
:105460004DF21A1001F0B8FE01214DF21B1001F0AF
:10547000B3FE02214DF21C1001F0AEFE34214DF2BC
:105480001D1001F0A9FE02214DF21E1001F0A4FE34
:1054900067214DF21F1001F09FFE02214DF22010F6
:1054A00001F09AFE84214DF2211001F095FE0221B7
:1054B0004DF2221001F090FEA4214DF2231001F0D4
:1054C0008BFE02214DF2241001F086FEB7214DF231
:1054D000251001F081FE02214DF2261001F07CFE24
:1054E000CF214DF2271001F077FE02214DF2281056
:1054F00001F072FEDE214DF2291001F06DFE022155
:105500004DF22A1001F068FEF2214DF22B1001F04D
:1055100063FE02214DF22C1001F05EFEFE214DF2E1
:105520002D1001F059FE03214DF22E1001F054FE12
:1055300010214DF22F1001F04FFE03214DF23010DB
:1055400001F04AFE33214DF2311001F045FE0321F6
:105550004DF2321001F040FE6D214DF2331001F09A
:105560003BFE00214FF4524001F036FE33214DF254
:10557000012001F031FE00214DF2022001F02CFE4D
:1055800034214DF2032001F027FE00214DF20420CA
:1055900001F022FE3A214DF2052001F01DFE00210E
:1055A0004DF2062001F018FE4A214DF2072001F0CD
:1055B00013FE00214DF2082001F00EFE5C214DF299
:1055C000092001F009FE00214DF20A2001F004FE3D
:1055D00081214DF20B2001F0FFFD00214DF20C2046
:1055E00001F0FAFDA6214DF20D2001F0F5FD00219C
:1055F0004DF20E2001F0F0FDE5214DF20F2001F0FB
:10560000EBFD01214DF2102001F0E6FD13214DF2DA
:10561000112001F0E1FD01214DF2122001F0DCFD2D
:1056200054214DF2132001F0D7FD01214DF2142039
:1056300001F0D2FD82214DF2152001F0CDFD0121B6
:105640004DF2162001F0C8FDCA214DF2172001F0DD
:10565000C3FD02214DF2182001F0BEFD00214DF2E4
:10566000192001F0B9FD02214DF21A2001F0B4FD1C
:1056700001214DF21B2001F0AFFD02214DF21C2053
:1056800001F0AAFD34214DF21D2001F0A5FD0221FB
:105690004DF21E2001F0A0FD67214DF21F2001F008
:1056A0009BFD02214DF2202001F096FD84214DF258
:1056B000212001F091FD02214DF2222001F08CFD0C
:1056C000A4214DF2232001F087FD02214DF2242078
:1056D00001F082FDB7214DF2252001F07DFD022170
:1056E0004DF2262001F078FDCF214DF2272001F068
:1056F00073FD02214DF2282001F06EFDDE214DF2F6
:10570000292001F069FD02214DF22A2001F064FDFB
:10571000F2214DF22B2001F05FFD02214DF22C20F1
:1057200001F05AFDFE214DF22D2001F055FD03211F
:105730004DF22E2001F050FD10214DF22F2001F0EE
:105740004BFD03214DF2302001F046FD33214DF297
:10575000312001F041FD03214DF2322001F03CFDEA
:105760006D214DF2332001F037FD00214FF45340FD
:1057700001F032FD33214DF2013001F02DFD002109
:105780004DF2023001F028FD34214DF2033001F0DA
:1057900023FD00214DF2043001F01EFD3A214DF2AF
:1057A000053001F019FD00214DF2063001F014FD25
:1057B0004A214DF2073001F00FFD00214DF2083073
:1057C00001F00AFD5C214DF2093001F005FD0021D8
:1057D0004DF20A3001F000FD81214DF20B3001F055
:1057E000FBFC00214DF20C3001F0F6FCA6214DF23D
:1057F0000D3001F0F1FC00214DF20E3001F0ECFC17
:10580000E5214DF20F3001F0E7FC01214DF210309F
:1058100001F0E2FC13214DF2113001F0DDFC012119
:105820004DF2123001F0D8FC54214DF2133001F04A
:10583000D3FC01214DF2143001F0CEFC82214DF257
:10584000153001F0C9FC01214DF2163001F0C4FC05
:10585000CA214DF2173001F0BFFC02214DF2183081
:1058600001F0BAFC00214DF2193001F0B5FC022123
:105870004DF21A3001F0B0FC01214DF21B3001F065
:10588000ABFC02214DF21C3001F0A6FC34214DF29C
:105890001D3001F0A1FC02214DF21E3001F09CFCF4
:1058A00067214DF21F3001F097FC02214DF22030AC
:1058B00001F092FC84214DF2213001F08DFC022197
:1058C0004DF2223001F088FCA4214DF2233001F08A
:1058D00083FC02214DF2243001F07EFCB7214DF211
:1058E000253001F079FC02214DF2263001F074FCE4
:1058F000CF214DF2273001F06FFC02214DF228300C
:1059000001F06AFCDE214DF2293001F065FC022134
:105910004DF22A3001F060FCF2214DF22B3001F003
:105920005BFC02214DF22C3001F056FCFE214DF2C1
:105930002D3001F051FC03214DF22E3001F04CFCD2
:1059400010214DF22F3001F047FC03214DF2303091
:1059500001F042FC33214DF2313001F03DFC0321D6
:105960004DF2323001F038FC6D214DF2333001F050
:1059700033FC00214FF4544001F02EFC33214DF252
:10598000014001F029FC00214DF2024001F024FC0D
:1059900034214DF2034001F01FFC00214DF2044080
:1059A00001F01AFC3A214DF2054001F015FC0021EE
:1059B0004DF2064001F010FC4A214DF2074001F083
:1059C0000BFC00214DF2084001F006FC5C214DF279
:1059D000094001F001FC00214DF20A4001F0FCFBFE
:1059E00081214DF20B4001F0F7FB00214DF20C40FC
:1059F00001F0F2FBA6214DF20D4001F0EDFB00217C
:105A00004DF20E4001F0E8FBE5214DF20F4001F0B0
:105A1000E3FB01214DF2104001F0DEFB13214DF2BA
:105A2000114001F0D9FB01214DF2124001F0D4FBED
:105A300054214DF2134001F0CFFB01214DF21440EF
:105A400001F0CAFB82214DF2154001F0C5FB012196
:105A50004DF2164001F0C0FBCA214DF2174001F093
:105A6000BBFB02214DF2184001F0B6FB00214DF2C4
:105A7000194001F0B1FB02214DF21A4001F0ACFBDC
:105A800001214DF21B4001F0A7FB02214DF21C4009
:105A900001F0A2FB34214DF21D4001F09DFB0221DB
:105AA0004DF21E4001F098FB67214DF21F4001F0BE
:105AB00093FB02214DF2204001F08EFB84214DF238
:105AC000214001F089FB02214DF2224001F084FBCC
:105AD000A4214DF2234001F07FFB02214DF224402E
:105AE00001F07AFBB7214DF2254001F075FB022150
:105AF0004DF2264001F070FBCF214DF2274001F01E
:105B00006BFB02214DF2284001F066FBDE214DF2D5
:105B1000294001F061FB02214DF22A4001F05CFBBB
:105B2000F2214DF22B4001F057FB02214DF22C40A7
:105B300001F052FBFE214DF22D4001F04DFB0321FF
:105B40004DF22E4001F048FB10214DF22F4001F0A4
:105B500043FB03214DF2304001F03EFB33214DF277
:105B6000314001F039FB03214DF2324001F034FBAA
:105B70006D214DF2334001F02FFB00214FF45540D1
:105B800001F02AFB33214DF2015001F025FB0021E9
:105B90004DF2025001F020FB34214DF2035001F090
:105BA0001BFB00214DF2045001F016FB3A214DF28F
:105BB000055001F011FB00214DF2065001F00CFBE5
:105BC0004A214DF2075001F007FB00214DF2085029
:105BD00001F002FB5C214DF2095001F0FDFA0021B9
:105BE0004DF20A5001F0F8FA81214DF20B5001F00C
:105BF000F3FA00214DF20C5001F0EEFAA6214DF21D
:105C00000D5001F0E9FA00214DF20E5001F0E4FAD6
:105C1000E5214DF20F5001F0DFFA01214DF2105055
:105C200001F0DAFA13214DF2115001F0D5FA0121F9
:105C30004DF2125001F0D0FA54214DF2135001F000
:105C4000CBFA01214DF2145001F0C6FA82214DF237
:105C5000155001F0C1FA01214DF2165001F0BCFAC5
:105C6000CA214DF2175001F0B7FA02214DF2185037
:105C700001F0B2FA00214DF2195001F0ADFA022103
:105C80004DF21A5001F0A8FA01214DF21B5001F01B
:105C9000A3FA02214DF21C5001F09EFA34214DF27C
:105CA0001D5001F099FA02214DF21E5001F094FAB4
:105CB00067214DF21F5001F08FFA02214DF2205062
:105CC00001F08AFA84214DF2215001F085FA022177
:105CD0004DF2225001F080FAA4214DF2235001F040
:105CE0007BFA02214DF2245001F076FAB7214DF2F1
:105CF000255001F071FA02214DF2265001F06CFAA4
:105D0000CF214DF2275001F067FA02214DF22850C1
:105D100001F062FADE214DF2295001F05DFA022114
:105D20004DF22A5001F058FAF2214DF22B5001F0B9
:105D300053FA02214DF22C5001F04EFAFE214DF2A1
:105D40002D5001F049FA03214DF22E5001F044FA92
:105D500010214DF22F5001F03FFA03214DF2305047
:105D600001F03AFA33214DF2315001F035FA0321B6
:105D70004DF2325001F030FA6D214DF2335001F006
:105D80002BFA00214FF4564001F026FA33214DF250
:105D9000016001F021FA00214DF2026001F01CFACD
:105DA00034214DF2036001F017FA00214DF2046036
:105DB00001F012FA3A214DF2056001F00DFA0021CE
:105DC0004DF2066001F008FA4A214DF2076001F039
:105DD00003FA00214DF2086001F0FEF95C214DF25A
:105DE000096001F0F9F900214DF20A6001F0F4F9BF
:105DF00081214DF20B6001F0EFF900214DF20C60B2
:105E000001F0EAF9A6214DF20D6001F0E5F900215B
:105E10004DF20E6001F0E0F9E5214DF20F6001F066
:105E2000DBF901214DF2106001F0D6F913214DF29A
:105E3000116001F0D1F901214DF2126001F0CCF9AD
:105E400054214DF2136001F0C7F901214DF21460A5
:105E500001F0C2F982214DF2156001F0BDF9012176
:105E60004DF2166001F0B8F9CA214DF2176001F049
:105E7000B3F902214DF2186001F0AEF900214DF2A4
:105E8000196001F0A9F902214DF21A6001F0A4F99C
:105E900001214DF21B6001F09FF902214DF21C60BF
:105EA00001F09AF934214DF21D6001F095F90221BB
:105EB0004DF21E6001F090F967214DF21F6001F074
:105EC0008BF902214DF2206001F086F984214DF218
:105ED000216001F081F902214DF2226001F07CF98C
:105EE000A4214DF2236001F077F902214DF22460E4
:105EF00001F072F9B7214DF2256001F06DF9022130
:105F00004DF2266001F068F9CF214DF2276001F0D3
:105F100063F902214DF2286001F05EF9DE214DF2B5
:105F2000296001F059F902214DF22A6001F054F97B
:105F3000F2214DF22B6001F04FF902214DF22C605D
:105F400001F04AF9FE214DF22D6001F045F90321DF
:105F50004DF22E6001F040F910214DF22F6001F05A
:105F60003BF903214DF2306001F036F933214DF257
:105F7000316001F031F903214DF2326001F02CF96A
:105F80006D214DF2336001F027F955214FF4704037
:105F900001F022F9AA214FF2010001F01DF952216E
:105FA0004FF2020001F018F908214FF2030001F04E
:105FB00013F900214FF2040001F00EF9CC214FF447
:105FC000314001F009F900214BF2011001F004F910
:105FD00005214FF4364001F0FFF870214FF43740AF
:105FE00001F0FAF870214BF2017001F0F5F801218F
:105FF0004FF4384001F0F0F803214BF6010001F0B6
:10600000EBF803214BF6020001F0E6F803214BF612
:10601000030001F0E1F802214FF43C4001F0DCF80C
:1060200000214BF6014001F0D7F800214BF6024069
:1060300001F0D2F8D0214FF4494001F0CDF802210F
:106040004CF6011001F0C8F850214CF6021001F096
:10605000C3F850214CF6031001F0BEF850214CF665
:10606000041001F0B9F800214FF4545001F0B4F8D5
:1060700055214FF4685001F0AFF84FF4885001F00B
:1060800095F87820FCF740FE4FF4245001F08EF88C
:1060900010BD10B5E22001F089F81D2001F07AF85A
:1060A000022001F077F8042001F074F86420FCF776
:1060B0002BFEE02001F07AF8012001F06BF80A20B5
:1060C000FCF718FEE02001F071F8032001F062F8FF
:1060D0000C20FCF70FFE012001F068F80A20FCF705
:1060E00009FEE62001F062F82F2001F053F8FF20AE
:1060F00001F050F8FF2001F04DF8B02001F056F803
:10610000202001F047F8002001F044F8032001F0BE
:1061100041F840F21F3001F03DF8012001F03AF85B
:1061200040F2DF1001F036F8002001F033F8B4201F
:1061300001F03CF8042001F02DF840F21F4001F07E
:1061400029F8002001F026F82E2001F023F8002085
:1061500001F020F8002001F01DF8002001F01AF8ED
:10616000002001F017F8B62001F020F8022001F01D
:1061700011F84FF4037001F00DF8002001F00AF857
:10618000172001F007F8152001F004F8002001F0B5
:1061900001F8002000F0FEFFF02001F007F80320D6
:1061A00000F0F8FF292001F001F8D02000F0FEFFF8
:1061B000002000F0EFFFBE2000F0F8FF052000F007
:1061C000E9FFFE2000F0E6FF012000F0E3FF0020E1
:1061D00000F0E0FF002000F0DDFF002000F0DAFF1B
:1061E000B82000F0E3FF032000F0D4FF012000F00E
:1061F000D1FFBA2000F0DAFF012000F0CBFF10BD84
:1062000010B5112000F0D2FF7820FCF773FD362086
:1062100000F0CCFF002000F0BDFF3A2000F0C6FFE8
:10622000052000F0B7FFB22000F0C0FF0C2000F006
:10623000B1FF0C2000F0AEFF002000F0ABFF3320D8
:1062400000F0A8FF332000F0A5FFB72000F0AEFF5C
:10625000352000F09FFFBB2000F0A8FF322000F0A7
:1062600099FFC02000F0A2FF0C2000F093FFC22095
:1062700000F09CFF012000F08DFFC32000F096FF8E
:10628000102000F087FFC42000F090FF202000F0D5
:1062900081FFC62000F08AFF0F2000F07BFFD02096
:1062A00000F084FFA42000F075FFA12000F072FF31
:1062B000E02000F07BFFD02000F06CFF002000F019
:1062C00069FF022000F066FF072000F063FF0A204C
:1062D00000F060FF282000F05DFF322000F05AFF40
:1062E000442000F057FF422000F054FF062000F049
:1062F00051FF0E2000F04EFF122000F04BFF142043
:1063000000F048FF172000F045FFE12000F04EFFAD
:10631000D02000F03FFF002000F03CFF022000F002
:1063200039FF072000F036FF0A2000F033FF282055
:1063300000F030FF312000F02DFF542000F02AFF44
:10634000472000F027FF0E2000F024FF1C2000F063
:1063500021FF172000F01EFF1B2000F01BFF1E2056
:1063600000F018FF2A2000F021FF002000F012FFAB
:10637000002000F00FFF002000F00CFFEF2000F0E5
:1063800009FF2B2000F012FF002000F003FF002087
:1063900000F000FF012000F0FDFE3F2000F0FAFEBB
:1063A000292000F003FF10BD10B5112000F0FEFE03
:1063B0007820FCF79FFC362000F0F8FE482000F023
:1063C000E9FE3A2000F0F2FE552000F0E3FEF02056
:1063D00000F0ECFEC32000F0DDFEF02000F0E6FE51
:1063E000962000F0D7FEB42000F0E0FE012000F07F
:1063F000D1FEB62000F0DAFE0A2000F0CBFEA2208B
:1064000000F0C8FEB72000F0D1FEC62000F0C2FEAA
:10641000B92000F0CBFE022000F0BCFEE02000F02E
:10642000B9FEC02000F0C2FE802000F0B3FE1620AE
:1064300000F0B0FEC12000F0B9FE192000F0AAFE65
:10644000C22000F0B3FEA72000F0A4FEC52000F09B
:10645000ADFE162000F09EFEE82000F0A7FE4020D2
:1064600000F098FE8A2000F095FE002000F092FED9
:10647000002000F08FFE292000F08CFE192000F093
:1064800089FEA52000F086FE332000F083FEE02088
:1064900000F08CFEF02000F07DFE072000F07AFE78
:1064A0000D2000F077FE042000F074FE052000F0BF
:1064B00071FE142000F06EFE362000F06BFE5420BA
:1064C00000F068FE4C2000F065FE382000F062FE0F
:1064D000132000F05FFE142000F05CFE2E2000F080
:1064E00059FE342000F056FEE12000F05FFEF0205F
:1064F00000F050FE102000F04DFE142000F04AFE87
:106500000E2000F047FE0C2000F044FE082000F0B2
:1065100041FE352000F03EFE442000F03BFE4C20C2
:1065200000F038FE262000F035FE102000F032FE8C
:10653000122000F02FFE2C2000F02CFE322000F064
:1065400029FEF02000F032FE3C2000F023FEF02077
:1065500000F02CFE692000F01DFE7820FCF7CAFB3D
:10656000212000F023FE292000F020FE10BD0000B5
:106570002DE9F04F05460E4617469846DDF824A053
:106580004FF0000B781B401C1FFA80FB344613E0D1
:106590002146284600F070FC00F014FE4FF0000980
:1065A00006E00749A1F800A009F101001FFA80F9EF
:1065B000D945F6DB601C84B24445E9DDBDE8F08FC7
:1065C000000010602DE9F04F0746884616469A46AF
:1065D00040F2C32070434FF47A71B0FBF1F000F148
:1065E000010906FB06F000EB560B344671040A0C59
:1065F000B91B88B253464146FDF71CFB012535E027
:1066000005FB05F004FB040058451AD94C4517D981
:106610006B1E5B041A0C08EB040399B27B1B5B1C1A
:1066200098B25346FDF706FB6B1E5B041A0CA8EBF1
:10663000040399B27B1B5B1C98B25346FDF7FAFA30
:10664000641E63041A0C08EB050399B23B1B98B255
:106650005346FDF7EFFA63041A0CA8EB050399B251
:106660003B1B98B25346FDF7E5FA6D1C4D45C7D963
:10667000BDE8F08F1CB500BFFE48006840F0080080
:10668000FC49086000BF00BF0846006840F00800F1
:10669000086000BF00BF0846006840F008000860BE
:1066A00000BF00BF0846006840F01000086000BF4F
:1066B00000BF0846006840F00200086000BF0846BE
:1066C000006840F018000860EA480C38006840F4A0
:1066D0008050E8490C390860012003210023022280
:1066E000CDE900108021E44801F082F90120032166
:1066F00000230222CDE900102021DF4801F078F9C3
:106700000120032100230222CDE900101021DA48E4
:1067100001F06EF90120032100230222CDE90010CF
:106720000821D64801F064F9012003210023024624
:10673000CDE900102021D24801F05AF90C22802125
:10674000CD4801F00DF90C222021CB4801F008F9C9
:106750000C221021C84801F003F90C220821C74877
:1067600001F0FEF80120032100230222CDE90010F0
:106770004CF20371C04801F03BF9012003210023D2
:106780000222CDE900104FF68071BC4801F030F9CB
:106790000C224CF20371B84801F0E2F80C224FF6DB
:1067A0008071B64801F0DCF80020B6490860486006
:1067B000B5490860B348006840F48050B1490860AA
:1067C0000846006840F4804008600846006840F0D1
:1067D000100008600846406848600846406840F07D
:1067E0000F0048600846406840F49C404860A64856
:1067F0000068C1F804010846D0F8040140F00F0019
:10680000C1F804010846D0F8040140F47060C1F8F2
:1068100004010846006840F001000860084600686E
:1068200040F0004008606FF07E4000F0F5F9D320A2
:1068300000F0BCFC00F0F6F99449888000F0F2F911
:106840009249888000F0EEF9904988800846808857
:106850004FF6FF7101EA00208C49888000F0E2F9D0
:106860008A4989880843894988800846808849F28E
:10687000413188427ED0042000F098FC00F0D2F92B
:106880008249888000F0CEF98049888000F0CAF9FA
:106890007E498880084680884FF6FF7101EA002013
:1068A0007A49888000F0BEF9784989880843774999
:1068B00088800846808848F25251884203D147F2C6
:1068C0008970724988807148808847F2897188424E
:1068D000D0D0D42000F06AFC00F0A4F96B49888085
:1068E00000F0A0F96949888000F09CF96749888028
:1068F000084680884FF6FF7101EA002063498880CE
:1069000000F090F961498988084360498880084609
:10691000808845F210318842ACD0D32000F046FC8C
:1069200000F080F95949888000F07CF95749888047
:1069300000F078F955498880084680884FF6FF7145
:1069400001EA00205149888000F06CF94F4989889C
:1069500008434E4988800846808847F296718842ED
:1069600088D055214FF4704000F036FCAA214FF238
:10697000010000E07CE000F02FFC52214FF2020009
:1069800000F02AFC08214FF2030000F025FC012151
:106990004FF2040000F020FC4FF4454000F006FCEC
:1069A00000F040F939498880084680884FF6FF7129
:1069B00001EA0020354988804CF2015000F0F6FBD6
:1069C00000F030F931498988084330498880052032
:1069D000FCF790F92D48808845F21051884247D045
:1069E000D32000F0E3FB00F01DF92849888000F077
:1069F00019F92649888000F015F92449888008464D
:106A000080884FF6FF7101EA00202049888000F05D
:106A100009F91E49898808431C49888008468088EE
:106A200049F60601884223D0A12000F0BFFB00F008
:106A3000F9F81649888000F0F5F81449888008466E
:106A400080884FF6FF7101EA00201049888000F02D
:106A5000E9F80E49898808430C49888008468088EF
:106A600045F26171884203D141F66310074988807D
:106A700006480DE0E0440258000C0258001002588D
:106A80000004025800400052044100522C01003022
:106A900081885AA0FAF796FC5B48808847F2897192
:106AA000884202D1FFF7ACFB37E05748808849F2B3
:106AB0004131884202D1FDF73FF92EE052488088EB
:106AC00045F21031884202D1FDF7ECFB25E04E483B
:106AD000808847F29671884202D1FFF765FC1CE07E
:106AE0004948808845F21051884202D1FEF753FB95
:106AF00013E04548808849F60601884202D1FDF737
:106B000031FA0AE04048808841F66311884204D196
:106B1000FFF7BFFA642000F015FB3B48808847F27E
:106B2000897188420BD03848808847F29671884234
:106B300005D03548808849F6060188421CD1334883
:106B4000006820F00F003249C1F804010846D0F86F
:106B5000040120F47060C1F804010846D0F8040173
:106B600040F00500C1F804010846D0F8040140F4E3
:106B7000A060C1F8040133E02348808849F2413124
:106B8000884211D02048808841F6631188420BD09A
:106B90001D48808845F21031884205D01A48808807
:106BA00045F2105188421BD11848006820F00F00B0
:106BB0001749C1F804010846D0F8040120F47060B8
:106BC000C1F804010846D0F8040140F00300C1F800
:106BD00004010846D0F8040140F44070C1F80401F3
:106BE0000020FCF7B1FE012220210A4800F0F4FE4B
:106BF0004FF6FF70FCF78EFE1CBD00004C43442096
:106C000049443A25780D0A002C0100300441005215
:106C1000004000520004025800BF011EA0F1010014
:106C2000FBD1704708B50220FFF7F6FF0248008845
:106C30000090BDF8000008BD00001060F0B50546EA
:106C4000002400278B488079012805D18948808855
:106C500041F66311884208D186488079F0B98548A9
:106C6000808841F66311884218D1082D15D2DFE8DB
:106C700005F00406080A0C0E101206250DE0072583
:106C80000BE0042509E0052507E0012505E00025C6
:106C900003E0032501E0022500BF00BF082D1CD240
:106CA000DFE805F00406090C0F12151800BF14E008
:106CB00044F0800411E044F040040EE044F0C004CD
:106CC0000BE044F0200408E044F0600405E044F0E8
:106CD000A00402E044F0E00400BF00BF362765488E
:106CE000808845F21051884200D13F026148808877
:106CF00049F2413188420BD05E48808847F2897161
:106D0000884205D05B48808847F29671884201D15D
:106D100044F008042146384600F05EFA5548808861
:106D200041F6631188421DD004F0200068B151483B
:106D3000008850494988884214DA4E4806884088BD
:106D40004C490880084646800CE04A48008849497A
:106D50004988884206DD47480688408845490880BA
:106D6000084646804348808845F21051884252D1F7
:106D70004049488900F01AFA002000F00BFA3D491A
:106D80004989491C88B200F011FA002000F002FA8B
:106D900038494989891C88B200F008FA35490988C0
:106DA000491EC1F30F2000F0F5F932494989C91C89
:106DB00088B200F0FBF92F490978491EC8B200F0EB
:106DC000E9F92C49888900F0F1F9002000F0E2F996
:106DD00028498989491C88B200F0E8F9002000F0B0
:106DE000D9F924498989891C88B200F0DFF9214941
:106DF0004988491EC1F30F2000F0CCF91D4989894B
:106E0000C91C88B200F0D2F91A498978491EC8B263
:106E100000F0C0F92DE01749488900F0C7F90020BB
:106E200000F0B8F9002000F0B5F912490988491EB0
:106E3000C1F30F2000F0AEF90E490978491EC8B21F
:106E400000F0A8F90B49888900F0B0F9002000F0A3
:106E5000A1F9002000F09EF906494988491EC1F3B6
:106E60000F2000F097F903498978491EC8B200F055
:106E700091F9F0BD2C01003010B502460C46454892
:106E8000808841F66311884247D142488079A8B989
:106E900040480088401E801A82B23E49488900F06E
:106EA00085F9002000F076F9002000F073F9101247
:106EB00000F070F9D0B200F06DF916E0354948895C
:106EC00000F074F9101200F065F9D0B200F062F928
:106ED00030490988491EC1F30F2000F05BF92D49A4
:106EE0000978491EC8B200F055F92A49888900F08E
:106EF0005DF9201200F04EF9E0B200F04BF925499F
:106F00004988491EC1F30F2000F044F921498978CE
:106F1000491EC8B200F03EF93AE01E48808845F2AA
:106F20001051884220D11B49488900F03FF91012C6
:106F300000F030F917494989491C88B200F036F948
:106F4000D0B200F027F91349888900F02FF92012F8
:106F500000F020F90F498989491C88B200F026F910
:106F6000E0B200F017F913E00A49488900F01EF971
:106F7000101200F00FF9D0B200F00CF90549888921
:106F800000F014F9201200F005F9E0B200F002F967
:106F900010BD00002C0100302DE9FC4F80460E464C
:106FA00015461C46B3460020019000902046E3178A
:106FB00004EB5373DB1021464FEAE47C04EB5C7C6A
:106FC0004FEAEC0CA4EBCC0CBCF1000F02D04FF05C
:106FD000010C01E04FF0000C6344224604EBD27C2C
:106FE0004FEA6C0C03FB0CF3DBB20193A5F120001C
:106FF000C5B20C2C06D0102C0BD0182C0ED0202C87
:1070000018D112E005EB45002D4901EB80000090FE
:1070100012E02C4800EB051000900DE005EBC500D8
:10702000294901EB8000009006E0284800EBC510DC
:10703000009001E0BDE8FC8F00BF00273AE0009817
:1070400010F807904FF0000A2EE009F0800028B1F8
:10705000314640460C9AFCF75FFE07E00B9828B9D2
:107060001B48314602684046FCF756FE4FEA49602D
:107070004FEA1069701C86B216484088B04200DCA6
:10708000D8E7A6EB0B00A0420AD15E4608F101004A
:107090001FFA80F80F480088404500DCCAE706E088
:1070A0000AF1010000F0FF0ABAF1080FCDDB00BFC2
:1070B000781CC7B201988742C1DB00BFBAE7000065
:1070C000AA8A00241E8F00240E9500246AA20024A0
:1070D000100000302C0100302DE9FC4F04460D4615
:1070E00090469946DDE90C7A0B9E04F0FF0B08EB05
:1070F00004001FFA80F809EB05001FFA80F917E079
:10710000444502DB5C46A81985B24D4500DB15E01D
:107110000020CDE9000A3A78334629462046FFF799
:107120003BFF304606EBD07104EB61018CB27F1C53
:1071300038787E2802DC38782028E1DA00BFBDE804
:10714000FC8F000000B50246BE2000F02FF805209D
:1071500000F020F800EE102AB8EE400B9FED0B1B5C
:1071600020EE010BBCEEC00B10EE101A88B200F03E
:1071700011F8012000F00EF8FF2000F00BF80020BD
:1071800000F008F8002000F005F800BD66666666AD
:107190006666044001B5BDF800000090BDF800002F
:1071A0000149088008BD00000000106001B5BDF86D
:1071B00000000090BDF800000149088008BD0000F3
:1071C000FEFF0F60024800890249088070470000F6
:1071D0002C010030FEFF0F60024A1080921C1180CB
:1071E00070470000FEFF0F601CB500BF1F4800681D
:1071F00040F002001D49086000BF00BF084600685B
:1072000040F01000086000BF00BF0846006840F072
:107210001000086000BF01200090002302461021EA
:107220000190134800F0E4FB012000900023024687
:10723000402101900F4800F0DBFB0120009000236B
:107240000246202101900B4800F0D2FB01221021C0
:10725000074800F0C1FB01224021064800F0BCFBBA
:1072600001222021034800F0B7FB1CBDE044025876
:1072700000040258001002580EB54FF6FF70FCF7DC
:1072800049FB1F2007A11022CDE9002102900649E9
:107290000988183988B21346C8220021FFF71CFF5D
:1072A0000EBD0000525354002C0100300EB50423D3
:1072B00002221146F02000F065FD4FF480514FF09E
:1072C000105000F055FC4FF4F070FBF7FDFC4FF44C
:1072D000E131782001F050FB00F09CF8FFF784FFCB
:1072E000FFF7C8F9FCF78EFA2549086880474FF484
:1072F000784024A110221346CDE900210290C82233
:1073000032211E20FFF7E8FE4FF478401FA1102223
:107310001346CDE900210290C82246211E20FFF726
:10732000DBFE4FF478401CA110221346CDE900216A
:107330000290C8225A211E20FFF7CEFE104890F876
:107340004400FF280CD04FF4784017A110221346B8
:10735000CDE900210290C8226E211E20FFF7BCFE5D
:1073600040F2DC50FBF7C6FCFFF786FF044890F8BC
:10737000440000F0800008B1FBF70CFC00F0E6F8D8
:107380001800003053544D3332000000544F554321
:10739000482054455354000041544F4D40414C49FE
:1073A000454E54454B0000005072657373204B45A9
:1073B000593020746F2041646A75737400000000B6
:1073C0000146002002E04908421CD0B20129FAD14E
:1073D000704700000748006820F4803005490860C5
:1073E00004487030006820F00100024970310860E4
:1073F0007047000024ED00E00520054908600448BE
:107400007038006840F48030014970390860704776
:1074100094ED00E01FB5012000220323CDE90120F7
:1074200000930390134602464104400700F052F8CF
:10743000012000220323CDE901200093039013468D
:107440000222C1044FF0105000F044F80120002245
:107450000323CDE901200093039013460322C104C6
:10746000100700F037F8012000220323CDE90120A6
:10747000009303901346042201044FF0605000F083
:1074800029F800200323CDE90030029003460522AD
:107490004FF0806103904FF0C04000F01BF80120D6
:1074A00000220323CDE90120009303901346062216
:1074B0008106500700F00EF800200323CDE90030CC
:1074C00002900123072219070390C80000F002F878
:1074D0001FBD00002DE9F84F06460D461746984699
:1074E000DDE90BABDDF8289000240020009005F0CA
:1074F0001F0000B915B90120BDE8F88F2846FFF735
:107500005FFF401EC0B20090FFF764FF0E480760A7
:10751000001D066044EA087444EA096400BF44EAB6
:107520008A4444EA4B440D9844EA004400BF009862
:1075300044EA400444F00104034808300460FFF7C3
:107540005BFF0020D8E7000098ED00E000254DE04B
:107550000020FCF78FF90446254841680020884741
:107560002348808E00F4004008B3214880892149D7
:10757000098888421EDA1E48008C1E4949888842C4
:1075800018DA1B4881891B4800881838814206DDBB
:107590001748008C102802DAFFF76EFE0AE0144A42
:1075A000118C90894FF4784200F0A8FE02E00A2086
:1075B000FBF7A0FB012C09D14FF6FF70FCF7AAF9ED
:1075C00000F016FC01F00AF9FFF756FE681CC5B280
:1075D000142095FBF0F100FB115038B900BF0648AC
:1075E000006880F010000449086000BFB0E70000A8
:1075F000180000302C0100301404025810B5FBF7BD
:107600008DF8FBF73DF80348006840F0040001499D
:10761000086010BD9CEF00E0F0B504460D46002167
:1076200000200026CA4F3F6827F00407DFF820C378
:10763000CCF80070C64F0C373F6847F44047DFF87E
:1076400010C30CF10C0CCCF80070C24F3F6847F02F
:107650000207DFF800C3CCF80070BF4F3F6847F067
:107660000107DFF8F4C2CCF8007000BFB84F0C3748
:107670003F6807F40057002FF8D0B64FF43F3F683B
:1076800047F48037DFF8CCC2ACF1F40CCCF80070D2
:1076900000E0491CAF4FF43F3F6807F400371FB9C3
:1076A00047F6FF77B942F4D347F6FF77B94201D1E5
:1076B00001204BE1A74FCC3F3F6847F00207DFF8BE
:1076C00094C2ACF1CC0CCCF8007067463F6847EA36
:1076D0000517CCF800709F4FC43F3F68A4F1010C20
:1076E00047EA0C07DFF86CC2ACF1C40CCCF80070B0
:1076F0006746D7F800C0571E4CEA4727DFF854C248
:10770000ACF1C40CCCF800706746D7F800C05F1E1F
:107710004CEA0747DFF83CC2ACF1C40CCCF800706F
:1077200067463F6847F08077CCF80070ACF10407FB
:107730003F6847F00807ACF1040CCCF800706746CE
:107740003F68CCF8007067463F6847F44037CCF894
:107750000070804FF43F3F6847F08077DFF8F4C156
:10776000ACF1F40CCCF80070002105E0491CB1F537
:10777000001F01D3022006E0764FF43F3F6807F078
:107780000077002FF2D000BF724FCC3F3F6847F424
:107790000047DFF8C0C1ACF1CC0CCCF800706D4FE5
:1077A000BC3F3F6840F2B71C47EA0C07DFF8A4C1B2
:1077B000ACF1BC0CCCF8007067463F6847F400772A
:1077C000CCF8007067463F6847F08077CCF80070CF
:1077D000604FC83F3F68DFF87CC1ACF1C80CCCF803
:1077E000007067463F68CCF8007067463F6847F412
:1077F0000027CCF8007067463F6847F40017CCF8C4
:107800000070544FA83F3F6827F00307DFF844C1DA
:10781000ACF1A80CCCF8007067463F6847F002074F
:10782000CCF800704B4FF43F3F6847F08067DFF8BB
:1078300024C1ACF1F40CCCF80070002105E0491C27
:10784000B1F5001F01D3032006E0424FF43F3F682B
:1078500007F00067002FF2D000BF3E4FDC3F3F68CB
:1078600047F00807DFF8ECC0ACF1DC0CCCF8007096
:1078700067463F68CCF80070364FE43F3F6847F0FA
:107880000307DFF8D0C0ACF1E40CCCF800700021A5
:107890000AE0304FE43F3F68C7F3C206491CB1F528
:1078A000001F01D3042001E0032EF2D100BF2B4FB3
:1078B0003F6847F00207DFF8A4C0CCF800706746C5
:1078C0003F6847F02007CCF80070224FDC3F3F684C
:1078D00047F04007DFF87CC0ACF1DC0CCCF800705E
:1078E0000CF104073F6847F040070CF1040CCCF89A
:1078F000007067463F6847F48067CCF800700CF171
:1079000004073F6847F040070CF1040CCCF8007006
:10791000104FF43F3F6847F08007DFF838C0ACF104
:10792000F40CCCF800700B4F3F6847F00207DFF80B
:1079300024C0CCF80070084F0C3F3F6847F00107A7
:10794000DFF814C0ACF10C0CCCF80070F0BD0000F6
:107950000C480258F44402582C04005800200052ED
:10796000F0B5034600200024002500BF29E00126D1
:1079700006FA00F401EA0405A54221D1C70803F183
:10798000200656F8276047074FEAD76C0F2707FAFB
:107990000CF7BE434FEAD00C03F1200747F82C60E8
:1079A000C70803F1200656F827604707FF0E02FAC2
:1079B00007F73E434FEAD00C03F1200747F82C604D
:1079C000401C1028D3D3F0BD02461069084008B10E
:1079D000012070470020FCE702F001031BB183691E
:1079E0000B43836103E0836943EA0143836170478A
:1079F0002DE9F0470C46DDE90867002100258C469B
:107A000000BF60E04FF0010808FA01F504EA050C38
:107A1000AC4557D1D0F800804FEA410A4FF0030936
:107A200009FA0AF928EA0908C0F80080D0F80080AD
:107A30004FEA410902FA09F948EA0908C0F800804A
:107A4000012A01D0022A27D1D0F808804FEA410A42
:107A50004FF0030909FA0AF928EA0908C0F8088072
:107A6000D0F808804FEA410906FA09F948EA0908FE
:107A7000C0F80880D0F804904FF0010808FA01F827
:107A800029EA0809C0F80490D0F8048003FA01F943
:107A900048EA0908C0F80480D0F80C804FEA410A8F
:107AA0004FF0030909FA0AF928EA0908C0F80C801E
:107AB000D0F80C804FEA410907FA09F948EA0908A9
:107AC000C0F80C80491C10299CD3BDE8F087000049
:107AD0002DE9F0410746884614461D46284600F029
:107AE00033F8C5F1040007FA00F60F20284100EA38
:107AF0000800064306F00F06E21704EBD2625211AB
:107B0000920002F1E022D2F800212146E31704EBB3
:107B1000D3635B11A4EB431C012303FA0CF31A4358
:107B20002046E31704EBD3635B119B0003F1E023D2
:107B3000C3F800210348005D40EA061001490855DA
:107B4000BDE8F08100E400E00146072323EA0102DA
:107B50001202054B18684FF6FF031840034B1843F9
:107B60001043014B186070470CED00E00000FA056F
:107B70004A0A52020243014B1A60704708ED00E0C6
:107B80003CB5054600247248006840F00200704988
:107B900008600846006840F0080008600846006871
:107BA00040F0100008606A480C38006840F48040DB
:107BB00067490C3908600120032100230222CDE926
:107BC000001004216348FFF713FF01200321002365
:107BD0000222CDE9001040215E48FFF709FF012095
:107BE000032100230222CDE900104FF460515A48CE
:107BF000FFF7FEFE0120032100230222CDE9001041
:107C000004215648FFF7F4FE092204215148FFF7EA
:107C1000A7FE0A2240214F48FFF7A2FE09224FF497
:107C200000614D48FFF79CFE09224FF480514A48FD
:107C3000FFF796FE09224FF400514748FFF790FEE8
:107C4000092204214548FFF78BFE4148643800684B
:107C500040F480403E49643908600846006820F4DA
:107C60008040086000BF3E48806800F02000002887
:107C7000F9D137489438006820F0300034499439FD
:107C800008600846006840F0200008603548344924
:107C90000860354848600846006840F00100086008
:107CA00000BF2F48806800F020000028F9D14FF471
:107CB00083702B49486100BF2948806800F00200AA
:107CC0000028F9D02648C06840F002002449C86066
:107CD00000BF2348806800F020000028F9D1204927
:107CE000C861EB2444F4807444F44064A81C44EA62
:107CF000003444F4404400BF44F4801444F0407421
:107D000044F04064084644611848006820F480301C
:107D10001649086015487030006820F001001349CA
:107D2000703108600020091D08604FF01040091DE7
:107D300008600F48091D086005200C497031086073
:107D40000A48006840F48030084908603CBD0000E3
:107D5000E044025800040258000C02580010025877
:107D600000500052100300010102180024ED00E051
:107D70002D00030301480249086070470400FA051A
:107D80000CED00E02DE9F04104460D4616461F4675
:107D9000012015490860002013491031086012497C
:107DA00018310860091D0860091D08600E49283156
:107DB0000860091D08600C496031086001200B490A
:107DC00008603B46324629462046FFF725FC002046
:107DD000FFF7D6FEFFF712FC00214FF00060FFF71F
:107DE000C7FEBDE8F0810000004402580881005140
:107DF0002DE9F04F2DED048B89B04FF000080020E5
:107E0000039000BF4FF6FF70FBF784FD4FF47840FE
:107E1000DD49096810226423CDE900210290A022E7
:107E200028210846FFF758F94FF4784214210846F4
:107E300000F081FA0020D5498886A1E1D348416845
:107E400001208847D148808E00F44040B0F5804F33
:107E50007ED100200390CD48808E20F48040CB4915
:107E600088860846808904A921F82800C748008C24
:107E700001EB8801488008F1010000F0FF08B8F12B
:107E8000060F13D2DFE808F0120313263C514FF619
:107E9000FF721421084600F04EFABD4909881439D2
:107EA00088B24FF47842142100F045FA58E1B849FD
:107EB0000988143988B24FF6FF72142100F03BFA9A
:107EC000B3484088143881B24FF47842142000F04F
:107ED00032FA45E1AE484088143881B24FF6FF725D
:107EE000142000F028FAAA4A5288143A91B2A84AFB
:107EF0001288143A90B24FF4784200F01CFA2FE145
:107F00004FF6FF70FBF706FDA14AB2F8029009EBAD
:107F1000D97251109E4AB2F800A00AEBDA725010E2
:107F20004FF4784200F007FA1AE1BDF81400BDF8EA
:107F30001010401A04B2BDF81C00BDF81810401A09
:107F400006B2BDF81E10BDF81600081A05B200E012
:107F500007E1BDF81A00BDF81210401A07B200EE92
:107F6000104AB8EEC01B00EE106AB8EEC00B81EEEE
:107F7000002BB0EE428B00EE105AB8EEC01B00EEA4
:107F8000107AB8EEC00B81EE002BB0EE429BB5EE3E
:107F9000C08BF1EE10FA03D2B1EE480BB0EE408B7D
:107FA000B5EEC09BF1EE10FA03D2B1EE490BB0EE84
:107FB000409B9FED780BB4EEC08BF1EE10FA60D3CE
:107FC0009FED760BB4EEC08BF1EE10FA59DC9FED0D
:107FD000710BB4EEC09BF1EE10FA52D39FED6F0B14
:107FE000B4EEC09BF1EE10FA4BDCB4F1000B01DBF8
:107FF000DE4601E0CBF1000EBEF5805F41DAB5F15F
:10800000000A01DBD64601E0CAF1000EBEF5805F32
:1080100037DAB6F1000901DBCE4601E0C9F1000E06
:10802000BEF5805F2DDAB7F1000C01DBE64601E01A
:10803000CCF1000EBEF5805F23DA231E01DB9E46E5
:1080400001E0C3F1000EBEF1000F1AD02A1E01DBC1
:10805000964601E0C2F1000EBEF1000F11D0311EB4
:1080600001DB8E4601E0C1F1000EBEF1000F08D029
:10807000381E01DB864601E0C0F1000EBEF1000FA4
:108080001FD14FF00008424AB2F8029009EBD972B2
:1080900051103F4AB2F800A00AEBDA7250104FF6C6
:1080A000FF7200F048F94FF478421421084600F0BE
:1080B00042F9B0EE491BB0EE480B04A800F07EF880
:1080C0005EE0A01900EE100AF8EEC00A3048008801
:1080D0002838400000EE100AB8EEC00A80EE801A80
:1080E0002A4880ED0E1AE81900EE100AF8EEC00AD0
:1080F000274840882838400000EE100AB8EEC00A31
:1081000080EE801A214880ED0F1ABDF8200000B2E1
:108110001E49A1F84000BDF8220000B2A1F84200BB
:108120004FF6FF70FBF7F6FB1F201EA11022CDE9D2
:10813000002102901648438802886E212320FEF712
:10814000CBFF4FF47A70FAF7D5FD00F047FB4FF6FE
:10815000FF70FBF7DFFB09B0BDEC048BBDE8F08FCF
:1081600000BF0A20FAF7C6FD0398401C80B20390B6
:108170000398B0F57A7F02DD00F018F901E000BF46
:108180005CE600BF00BFE6E7ECD100241800003039
:108190002C010030666666666666EE3FCDCCCCCCC0
:1081A000CCCCF03F546F7563682053637265656E85
:1081B0002041646A757374204F4B210070B52DED1A
:1081C000048B88B00546B0EE408BB0EE419B002496
:1081D00033E035F82430621C3DA103A8F9F7FEF81E
:1081E0004FF4784003A91022CDE9002102903A48CB
:1081F0004388028804EB8400A02606EB8001282037
:10820000FEF76AFF05EB84004388621C33A103A8D4
:10821000F9F7E4F84FF4784003A91022CDE90021E2
:1082200002902D484388028804EB840006EB80010D
:108230007820FEF751FF601CC4B2052CC9DB4FF655
:10824000FF70009024480088401E82B204EB840036
:10825000A02303EB800110232820FEF789F953ECBB
:10826000182B20A103A8F9F7B9F800208DF8130006
:108270004FF4784003A91022CDE90021029016485E
:108280004388028804EB8400A02606EB80012820A6
:10829000FEF722FF53EC192B15A103A8F9F79EF85E
:1082A00000208DF813004FF4784003A91022CDE987
:1082B0000021029008484388028804EB840006EB02
:1082C00080017820FEF708FF08B0BDEC048B70BD7C
:1082D0007825643A256400002C0100307925643A41
:1082E0002564000070783A25302E326600000000C8
:1082F00070793A25302E32660000000070B50446D1
:108300000D461646324629462046FBF705FD611C00
:1083100088B232462946FBF7FFFC681C81B2324620
:108320002046FBF7F9FC6A1C91B2621C90B23246FF
:10833000FBF7F2FC70BDF8B504460D46164604F195
:108340000D018AB2193988B22B4629460096FBF7EF
:108350008DFC05F10D0083B2193881B2224620460A
:108360000096FBF783FC6A1C91B2621C90B2324605
:10837000FBF7D2FC6A1C91B2621E90B23246FBF748
:10838000CBFC6A1E91B2621C90B23246FBF7C4FC71
:108390006A1E91B2621E90B23246FBF7BDFC3346B4
:1083A000062229462046FBF7EFFBF8BD70B5084CC6
:1083B00000250C2221462820FAF759FA3420FAF732
:1083C00068FA05460A2D01D1012070BD0020FCE7A6
:1083D000500000301CB50020704981F84400084668
:1083E00090F844006E49897901F0010108436B4916
:1083F00081F844006A48808847F2967188420ED11D
:10840000FAF760FE58B9674864494860084690F832
:10841000440040F0800081F8440000201CBD60480A
:10842000808845F21051884217D05D48808849F60F
:108430000601884211D05A48808844F2423188426D
:108440000BD05748808844F28431884205D0544884
:10845000808841F2180188420DD1FAF733FE514865
:108460004E494860084690F8440040F0800081F88A
:1084700044000020D2E74A48808841F663118842D0
:108480000BD04748808847F28401884205D0444891
:10849000808847F21601884215D1FAF767FC18B9AF
:1084A00041483E49486004E0FAF70CFE3D483B492C
:1084B00048603A4890F8440040F08000374981F81D
:1084C00044000020AAE700BF3848006840F00200DE
:1084D0003649086000BF00BF0846006840F004004D
:1084E000086000BF00BF0846006840F00800086050
:1084F00000BF00BF0846006840F00200086000BFEF
:1085000000BF0846006840F00200086000BF01207C
:10851000009000231A46022101902548FFF768FACF
:108520000120009000231A46402101902148FFF7C6
:108530005FFA0120009000230246082101901C48A8
:10854000FFF756FA012000900023024601460190F1
:108550001748FFF74DFA0120009000230246202122
:1085600001901548FFF744FA0C492031A1F114009D
:1085700000F0BAF8FAF777F9FFF718FF08B1002012
:108580004CE74FF6FF70FBF7C5F9FFF731FC00F041
:1085900025F9FFF70BFF012040E70000180000302D
:1085A0002C01003069320024CD2E0024E044025812
:1085B00000040258000C02580008025870B5064624
:1085C00000250024002201212648FFF705FA002299
:1085D00008212448FFF700FA002220212248FFF753
:1085E000FBF9304600F09EF90620FAF78DFB0022D9
:1085F00001211C48FFF7F0F90120FAF785FB012261
:1086000011461848FFF7E8F90120FAF77DFB002230
:1086100001211448FFF7E0F900BF19E04FF6FF70A1
:1086200000EA4404002201210E48FFF7D5F9012099
:10863000FAF76AFB012211460A48FFF7CDF94021FB
:108640000A48FFF7C1F908B1601C84B2681CC5B2C2
:10865000102DE3DB2411012220210348FFF7BCF990
:10866000204670BD0004025800080258000C025851
:108670002DE9FE4380460027002406E04046FFF730
:108680009DFF2DF81400601C84B2052CF6DB00243D
:1086900016E0601C85B20FE03DF814003DF815109F
:1086A000884207DD3DF814603DF815002DF81400F0
:1086B0002DF81560681C85B2052DEDDB601C84B2B9
:1086C000042CE6DB0027012405E03DF814003844C3
:1086D00087B2601C84B2042CF7DB032097FBF0F018
:1086E00086B23046BDE8FE832DE9F04106460F46CE
:1086F0000D4890F8440000F0010040B19020FFF7D1
:10870000B7FF0546D020FFF7B3FF044607E0D020AF
:10871000FFF7AEFF05469020FFF7AAFF044635801D
:108720003C80BDE8F0810000180000307FB50446B1
:108730000D4602A903A8FFF7D7FF694601A8FFF776
:10874000D3FFBDF80400BDF80C10884206DCBDF86C
:108750000C10BDF80400323081420CDBBDF80C0077
:10876000BDF80410884237DCBDF80410BDF80C00D9
:108770003230814230DABDF80000BDF8081088427E
:1087800006DCBDF80810BDF80000323081420CDB79
:10879000BDF80800BDF8001088421DDCBDF80010CF
:1087A000BDF808003230814216DABDF80C10BDF871
:1087B0000420881800EBD071C1F34F012180BDF86F
:1087C0000810BDF80020881800EBD071C1F34F01EC
:1087D0002980012004B070BD0020FBE710B5054CD6
:1087E0000C2221462820FAF77DF80A213420FAF7D6
:1087F0008BF810BD5000003010B5044602214648E9
:10880000FFF7E2F8002866D12CB14449A1F1140029
:10881000FFF78CFF4EE04149A1F11400FFF786FFFE
:10882000F0B33E49203989893C4A203AB2F84020C9
:10883000891A09B200EE101AB8EEC00A3749203979
:1088400091ED0E1AC0EE010A3549088800EBD0718F
:10885000491000EE101AB8EEC00A30EE800ABCEEE5
:10886000C00A10EE101A2D4A203A91811146098C47
:10887000B2F84220891A09B200EE101AB8EEC00A06
:108880002649203991ED0F1AC0EE010A2449488883
:1088900000EBD071491000EE101AB8EEC00A00E0EB
:1088A00008E030EE800ABCEEC00A10EE101A1B4A37
:1088B000203A118419482038808E00F4004020BBF3
:1088C0004FF4404015492039888608468189C18384
:1088D000018C418619E011482038808E00F4004058
:1088E00040B10E482038808E20F400400B492039DA
:1088F00088860AE0002109482038C18341864FF666
:10890000FF7006492039888108840448203890F88F
:108910003400002010BD0000000402583800003070
:108920002C01003070B50446002500BF1EE004F0A5
:10893000800028B1012208210E48FFF74DF804E01D
:10894000002208210B48FFF747F86006040E0022BA
:1089500001210848FFF740F80120FAF7D5F9012274
:1089600011460448FFF738F8681CC5B2082DDEDB55
:1089700070BD0000000402587CB506460C4600BFDE
:108980003248006840F001003049086000BF00BF75
:108990000846006840F00100086000BF00BF2B4897
:1089A0001030006840F0100028491031086000BF06
:1089B0000120009000230222410201902448FFF789
:1089C00017F8012000900023022281020190204824
:1089D000FFF70EF807224FF400711D48FEF7C0FFA5
:1089E00007224FF480611A48FEF7BAFF1948704316
:1089F00000EB5400B0FBF4F51748C56000201649A1
:108A00000860084600680860084600680860084674
:108A1000006808600846006840F0080008600846E2
:108A2000006840F0040008600846006840F020003C
:108A300008600223252203210846FFF749F806486B
:108A4000006840F00100044908607CBDE044025821
:108A50000000025840420F000010014010B50029EC
:108A60000AD00878002807D005487844F8F7F8FDC0
:108A7000002801D0002010BD0248784410BD00003D
:108A80000E490000064900004FF04070E1EE100A68
:108A90007047F8F74FBF00F8E0071F0040BCE0FF49
:108AA0001FF8FF077C7D07FC3084000000000000F9
:108AB000000000000000000000003F400000000037
:108AC00000000000300040003000400000000900BD
:108AD0000BC03D000BC03D00090018C024407FE0E2
:108AE000224031800000180024C01B000D8032405D
:108AF000018003801C4027401C800740004010007C
:108B00006000000000000000000000000000000005
:108B10001F80204040200000402020401F80000097
:108B20000000090006001F80060009000000040084
:108B300004003F80040004000000001000600000FA
:108B40000000000000000400040004000400040011
:108B500000000000004000000000000000000020B5
:108B600001C006003800400000001F802040204067
:108B700020401F800000000010403FC00040000067
:108B8000000018C0214022402440184000001080FE
:108B90002040244024401B80000002000D001100F2
:108BA0003FC0014000003C802440244024402380FA
:108BB00000001F8024402440344003800000300027
:108BC000200027C03800200000001B8024402440E3
:108BD00024401B8000001C0022C0224022401F8035
:108BE000000000000000084000000000000000003D
:108BF00000000460000000000000000004000A0003
:108C00001100208040400900090009000900090006
:108C1000000000004040208011000A0004001800FD
:108C2000200023402400180000001F80204027401F
:108C300029401F400000004007C039000F0001C05C
:108C4000004020403FC0244024401B8000001F8083
:108C50002040204020403080000020403FC0204085
:108C600020401F80000020403FC024402E4030C0E4
:108C7000000020403FC024402E00300000000F00C4
:108C80001080204022403380020020403FC004007A
:108C900004003FC02040204020403FC020402040F2
:108CA00000000060202020203FC020002000204045
:108CB0003FC024400B0030C0204020403FC0204037
:108CC0000040004000C03FC03C0003C03C003FC02B
:108CD000000020403FC00C4023003FC020001F8008
:108CE0002040204020401F80000020403FC0244002
:108CF0002400180000001F802140214020E01FA018
:108D0000000020403FC02440260019C0004018C089
:108D100024402440224031800000300020403FC0E9
:108D200020403000000020003F80004000403F8095
:108D3000200020003E0001C007003800200038005D
:108D400007C03C0007C038000000204039C00600C2
:108D500039C0204000002000384007C038402000C3
:108D60000000304021C02640384020C000000000F4
:108D700000007FE0402040200000000070000C0058
:108D80000380004000000000402040207FE0000001
:108D90000000000020004000200000000000001043
:108DA0000010001000100010001000000000400033
:108DB000000000000000000002800540054003C0E4
:108DC000004020003FC00440044003800000000039
:108DD000038004400440064000000000038004407B
:108DE00024403FC000400000038005400540034090
:108DF0000000000004401FC0244024402000000068
:108E000002E0055005500650042020403FC00440B9
:108E1000040003C000400000044027C000400000E0
:108E2000000000100010041027E0000000002040A7
:108E30003FC00140070004C00440204020403FC024
:108E400000400040000007C0040007C0040003C049
:108E50000000044007C00440040003C000400000BC
:108E600003800440044003800000041007F0045015
:108E7000044003800000000003800440045007F019
:108E80000010044007C0024004000400000000007D
:108E900006400540054004C00000000004001F809B
:108EA000044000400000040007800040044007C068
:108EB00000400400070004C0018006000400060012
:108EC00001C0070001C006000000044006C0010008
:108ED00006C0044000000410071004E001800600F2
:108EE00004000000044005C00640044000000000EB
:108EF000000004007BE040200000000000000000B3
:108F0000FFF000000000000040207BE004000000B3
:108F100000004000800040002000200040000000D1
:108F20000000000000000000000000000000000041
:108F3000000000001FCC000C00000000000000003A
:108F400008003000600008003000600000000220CF
:108F500003FC1E20022003FC1E2002200000000053
:108F60000E1811043FFF10840C78000000000F0061
:108F700010840F3800C0077818840078000000784B
:108F80000F8410C411240E9800E400840008080027
:108F900068007000000000000000000000000000F9
:108FA0000000000007E01818200440020000000044
:108FB00040022004181807E00000000000000240F2
:108FC000024001800FF0018002400240000000805A
:108FD000008000800FF80080008000800000000109
:108FE000000D000E00000000000000000000000066
:108FF00000800080008000800080008000800000F1
:10900000000C000C00000000000000000000000048
:109010000006001800600180060018002000000013
:1090200007F0080810041004080807F0000000000A
:10903000080408041FFC00040004000000000000F5
:109040000E0C10141024104411840E0C00000000AB
:109050000C1810041104110412880C700000000098
:1090600000E00320042408241FFC0024000000006A
:109070001F98108411041104108810700000000063
:1090800007F008881104110418880070000000001F
:109090001C00100010FC13001C0010000000000059
:1090A0000E3811441084108411440E380000000062
:1090B0000700088C10441044088807F000000000E6
:1090C00000000000030C030C000000000000000082
:1090D0000000000101060000000000000000000088
:1090E0000080014002200410080810040000022043
:1090F00002200220022002200220022000000000A4
:109100001004080804100220014000800000000044
:109110000E001200100C106C10800F00000003E015
:109120000C1813E4142417C4082807D00000000406
:10913000003C03C41C40074000E4001C0004100471
:109140001FFC1104110411040E880070000003E0DC
:109150000C1810041004100410081C100000100457
:109160001FFC100410041004080807F0000010048D
:109170001FFC1104110417C4100408180000100487
:109180001FFC1104110017C010000800000003E0CC
:109190000C181004100410441C7800400000100447
:1091A0001FFC10840080008010841FFC100400004D
:1091B000100410041FFC1004100400000000000341
:1091C0000001100110011FFE10001000000010042B
:1091D0001FFC110403801464181C10040000100408
:1091E0001FFC1004000400040004000C0000100424
:1091F0001FFC1F0000FC1F001FFC100400001004D7
:109200001FFC0C04030000E010181FFC100007F006
:109210000808100410041004080807F000001004E7
:109220001FFC10841080108010800F00000007F0D9
:10923000081810241024101C080A07F2000010045B
:109240001FFC1104110011C011300E0C00040000AD
:109250000E1C11041084108410441C3800001800E7
:10926000100010041FFC1004100018000000100073
:109270001FF810040004000410041FF81000100070
:109280001E0011E0001C007013801C0010001FC0A5
:10929000103C00E01F0000E0103C1FC00000100464
:1092A000180C163401C001C01634180C100410003C
:1092B0001C00130400FC13041C0010000000080430
:1092C000101C1064108413041C041018000000000B
:1092D000000000007FFE400240024002000000004B
:1092E00030000C0003800060001C00030000000040
:1092F0004002400240027FFE00000000000000002B
:10930000000020004000400040002000000000015C
:109310000001000100010001000100010001000046
:10932000400040002000000000000000000000009D
:109330000098012401440144014400FC0004100091
:109340001FFC008801040104008800700000000078
:10935000007000880104010401040088000000007E
:10936000007000880104010411081FFC00040000C3
:1093700000F8014401440144014400C80000000019
:10938000010401040FFC1104110411001800000075
:1093900000D601290129012901C901060000100494
:1093A0001FFC008401000100010400FC0004000017
:1093B0000104190419FC000400040000000000006E
:1093C000000300010101190119FE00000000100452
:1093D0001FFC0024004001B4010C01040000000047
:1093E000100410041FFC000400040000000001042D
:1093F00001FC0104010001FC0104010000FC010466
:1094000001FC008401000100010400FC00040000D4
:1094100000F8010401040104010400F80000010146
:1094200001FF0085010401040088007000000000B5
:109430000070008801040104010501FF000101041E
:10944000010401FC0084010401000180000000000F
:1094500000CC012401240124012401980000000013
:109460000100010007F801040104000000000100F0
:1094700001F8000400040004010801FC00040100DC
:1094800001800170000C001001600180010001F0FA
:10949000010C003001C00030010C01F0010000009F
:1094A0000104018C00740170018C010400000101B1
:1094B00001810171000E00180160018001000000AF
:1094C0000184010C013401440184010C00000000FE
:1094D00000000000000001003EFC400240020000CD
:1094E000000000000000FFFF00000000000000007E
:1094F000400240023EFC01000000000000000000AD
:10950000600080008000400040002000200000003B
:10951000000000000000000000000000000000004B
:10952000000000000000000000000000000000003B
:10953000000000000000000000000000000000002B
:10954000000F80380FFE380F803800000000000048
:109550000000000000000000000000000100000604
:1095600000000C00003800003100000600000C0074
:1095700000380000300000000000000000006180A2
:109580000067F807F9800061800061800061800059
:1095900061800067F807F98000618000000000002A
:1095A0000000000001C0E003E0F0063008041808E5
:1095B0001FFFFE040E080787F00381E00000000093
:1095C000000001F000060C00040408060C7001F90C
:1095D000C0000E00003BE000EC18070808040C185F
:1095E0000003E00000000001E00007F003F81804A9
:1095F0001C0804170807E1D003C0E00023B0003CBA
:109600000800200800001000000000000001000019
:109610003100003200001C000000000000000000CB
:10962000000000000000000000000000000000003A
:1096300000000000000000000000000000007F00AB
:1096400001FFC00780F00C00181000042000020089
:1096500000000000002000021000040C0018078029
:10966000F001FFC0007F00000000000000000000CB
:109670000000000000000000000042000066000042
:109680006600003C0000180003FFC0001800003C0A
:1096900000006600006600004200000000000800B4
:1096A00000080000080000080000080001FFC000DA
:1096B0000800000800000800000800000800000082
:1096C0000000000100003100003200001C0000001A
:1096D000000000000000000000000000000000008A
:1096E000000000000000080000080000080000085A
:1096F0000000080000080000080000080000080042
:109700000008000000000000000000000000380019
:1097100000380000380000000000000000000000D9
:109720000000000000000000000000000000000633
:1097300000001C000070000180000E0000380000D6
:10974000C0000700001C0000300000000000000006
:1097500000007F8001FFE00380700600180400080D
:1097600004000806001803807001FFE0007F8000FD
:1097700000000000000000000100080100080100D6
:109780000803FFF807FFF8000008000008000008C1
:1097900000000000000000000001C03802C05804B2
:1097A0000098040118040218040418061C1803F891
:1097B0001801E0F800000000000000000001C0E017
:1097C00003C0F00400080408080408080618080389
:1097D000F41801E7F00001E00000000000000000C4
:1097E00000000300000D000011000061000081086E
:1097F00003010807FFF80FFFF80001080001080047
:1098000000000000000000E007FCD0060808061079
:1098100008061008061008061838060FF00607C0DC
:10982000000000000000000000003F8001FFE00396
:1098300084300208180410080410080410080718DF
:1098400010030FF00007C00000000000000000003F
:1098500003C0000700000600000600F80607F8062F
:10986000180006E0000700000600000000000000ED
:109870000001E1E003F7F0063410041808041808AA
:10988000040C08040C0806161803F3F001C1E000EC
:10989000000000000000F80003FC3003063804025A
:1098A000080402080402080404100308F001FFC0C1
:1098B000007F000000000000000000000000000029
:1098C00000000000000070380070380070380000A0
:1098D0000000000000000000000000000000000088
:1098E00000000000000000000000301A00301C00E2
:1098F0000000000000000000000000000000000068
:1099000000000000000800001400002200004100D8
:1099100000808001004002002004001008000800C0
:1099200000000000000021000021000021000021B3
:109930000000210000210000210000210000210082
:1099400000210000000000000000000008000804E2
:109950000010020020010040008080004100002231
:109960000000140000080000000000000003C00018
:1099700004C000040000080038080F380808380840
:1099800010000C300007E00003C0000000000000E1
:1099900000003F8000FFE0038070020F1006708817
:1099A00004C088048308047F8802C090030120005B
:1099B000FE400000080000180001F8003E0801C247
:1099C0000007020007E20000FE00001FC80001F8C7
:1099D00000003800000804000807FFF807FFF8043B
:1099E000080804080804080804080806180803F40E
:1099F0001801E7F00001E0000000000000003F80D7
:109A000001FFE0038070020018040008040008044D
:109A100000080400100600200780C00000000400B9
:109A20000807FFF807FFF80400080400080400080E
:109A300004001802001003807001FFE0007F800026
:109A4000000004000807FFF807FFF80408080408EE
:109A500008040808040808043E0804000806001862
:109A600001006000000004000807FFF807FFF80489
:109A70000808040800040800040800043E0006006A
:109A800000060000018000000000000000003F8090
:109A900001FFE003807006001804000804020804B7
:109AA00002080203F00783F0000200000200040035
:109AB0000807FFF807FFF80408080008000008007E
:109AC00000080000080004080807FFF807FFF80472
:109AD0000008000000000000040008040008040062
:109AE0000807FFF807FFF80400080400080400084E
:109AF0000000000000000000000000060000070059
:109B0000000104000104000104000307FFFE07FF39
:109B1000FC04000004000004000004000807FFF833
:109B200007FFF8040C08001800003E0004C7800579
:109B300003C80600F80400380400180000080400F8
:109B40000807FFF807FFF8040008000008000008F5
:109B50000000080000080000080000180000600075
:109B6000000004000807FFF807800807FC00007FDA
:109B7000C00003F80007C000780007800807FFF85E
:109B800007FFF804000804000807FFF807000803AF
:109B9000C00000E000003800001E000007000001C7
:109BA000C00400F007FFF8040000000000007F8000
:109BB00001FFE00380700600180400080400080696
:109BC000001803003001FFE0007F80000000040067
:109BD0000807FFF807FFF804040804040004040061
:109BE000040400040400060C0003F80001F0000067
:109BF0000000000000007F8001FFE003807006008D
:109C0000880400880400C806003C03003E01FFE60B
:109C1000007F8400000004000807FFF807FFF80435
:109C20000808040800040C00040F00040BC0061010
:109C3000F003F03801E00800000800000001E0F83F
:109C400003F030063010041808041808040C080447
:109C50000C080206180207F00781E00000000180EE
:109C60000006000004000004000004000807FFF8DC
:109C700007FFF804000804000004000006000001CB
:109C8000800004000007FFE007FFF0040018000058
:109C90000800000800000800000800000804001088
:109CA00007FFE004000004000006000007E00007D2
:109CB000FE00041FE00001F80000380001E0043E4F
:109CC0000007C00006000004000004000007E000D8
:109CD00007FFC0041FF80007C007F80007FF800453
:109CE0003FF80007C004F80007000004000000006F
:109CF0000004000806001807C07805F1C8003E00FF
:109D0000001F800463E80780F806001804000800BC
:109D1000000004000006000007800007E008047C43
:109D200008001FF80007F800180804E00807000002
:109D300006000004000000000001000806003804CE
:109D400000F80403E8040F08047C0805F00807C0C5
:109D50000807001804006000000000000000000078
:109D60000000000000000000003FFFFE2000022075
:109D7000000220000220000220000200000000007B
:109D80000000000008000007000000C000003800CC
:109D90000006000001C000003000000E00000100BD
:109DA000000000000000000020000220000220004F
:109DB000022000022000023FFFFE00000000000021
:109DC000000000000000000000000000000000088B
:109DD00000001000003000002000003000001000E3
:109DE0000008000000000000000000000100000169
:109DF000000001000001000001000001000001005E
:109E0000000100000100000100000100000100004D
:109E100000000000000000200000200000100000F2
:109E20001000000000000000000000000000000022
:109E300000000000000000F00019F8001B180022CC
:109E400008002608002408002410003FF8001FF82E
:109E500000000800001800000004000007FFF80FD1
:109E6000FFF000181800100800200800200800303B
:109E700018001FF0000FC00000000000000007C025
:109E8000001FF00018300020080020080020080003
:109E90003C08001C100000600000000000000000F2
:109EA000000007C0001FF00038180020080020083C
:109EB00000200804101007FFF80FFFF0000010004A
:109EC00000000000000000000007C0001FF00012AA
:109ED00030002218002208002208003208001E105C
:109EE000000E2000000000000000200000200800FC
:109EF000200801FFF803FFF80620080420080420CA
:109F00000807200003000000000000000000000E11
:109F1000000E6E001FF30031B10020B10020B1002F
:109F20003191001F13002E1E00200E003000000093
:109F30000004000807FFF80FFFF8001008002000D9
:109F4000002000002008003FF8001FF80000080073
:109F50000000000000000000002008002008002091
:109F600008063FF8063FF800000800000800000857
:109F700000000000000000000000000000000300DE
:109F80000003002001002001002003063FFE063FE1
:109F9000FC000000000000000000000000040008B9
:109FA00007FFF80FFFF8000188000300002FC00032
:109FB00038F80020380020080000080000000000E9
:109FC0000000000004000804000804000807FFF86F
:109FD0000FFFF80000080000080000080000000063
:109FE0000000002008003FF8003FF80010080020A3
:109FF00000003FF8003FF8001008002000003FF884
:10A00000003FF8000008000000002008003FF800B2
:10A010003FF8001008001000002000002008003F5A
:10A02000F8001FF80000080000000000000007C052
:10A03000000FF00018300030080020080020080051
:10A040003008001830000FF00007C00000000000CA
:10A0500000002001003FFF003FFF00101100200919
:10A06000002008002008003038001FF0000FC0005A
:10A0700000000000000007C0001FF000381800209A
:10A0800008002008002009001011001FFF003FFFFA
:10A090000000010000000020080020080020080047
:10A0A0003FF8003FF80008080010080020080020D2
:10A0B0000000300000300000000000000000000040
:10A0C000000C78001E180033080023080021080047
:10A0D00021880021980030F0003860000000000066
:10A0E0000000200000200000200000FFF003FFF827
:10A0F00000200800200800200800003000000000B8
:10A100000000000000002000003FF0007FF8000089
:10A1100018000008000008002010003FF8007FF041
:10A1200000001000000000000000200000300000CF
:10A130003C00003F800023F0000078000070002306
:10A1400080003C00003000002000002000003C00A7
:10A15000003FE00023F80000E0002700003E000080
:10A160003FE00021F80001E0003E00002000000078
:10A1700000002008002008003838003E68002780D2
:10A180000003C8002CF80038380020180020080010
:10A190000000000000002000003003003C01003FF0
:10A1A000830023EC000070002380003C00002000AE
:10A1B000002000000000000000000000003808003F
:10A1C00020380020F80023E8002F88003E080038DF
:10A1D00008002018000070000000000000000000CF
:10A1E0000000000000000000000008000014001F34
:10A1F000F7FC300006200002000000000000000014
:10A20000000000000000000000000000000000004E
:10A21000FFFFFF0000000000000000000000000041
:10A2200000000000000000002000023000061FF7C0
:10A23000FC00140000080000000000000000000006
:10A240000000000000000000001800006000004056
:10A250000000400000200000100000080000040082
:10A26000000400000C0000100000000000000000CE
:10A2700000000000000000000000000000000000DE
:10A2800000000000000000000000000000000000CE
:10A2900000000000000000000000000000000000BE
:10A2A00000000000000000000000000000000000AE
:10A2B000000000000000000000000000000000009E
:10A2C000000000000000000000000000000000008E
:10A2D000000000000000000000000000000000007E
:10A2E000000000000000000000000000000000006E
:10A2F000000000000000000000000000000000005E
:10A30000000007F000C007FFE1E007F001E00000F7
:10A3100000C000000000000000000000000000007D
:10A32000000000000000000000000000000000002D
:10A33000000000000000000000000000000000001D
:10A34000000000000000000000000000000000000D
:10A3500000000000000000000000000000000000FD
:10A3600000000000000000000000000000000000ED
:10A3700000000020000001C00000078000001F0056
:10A3800000001E0000001C20000001C0000007802B
:10A3900000001F0000001E0000001C000000000064
:10A3A00000000000000000000000000000000000AD
:10A3B000000000000000000000000000000000009D
:10A3C000000000000000000000000000000000008D
:10A3D000000000000000000000000000000000007D
:10A3E0000000000000000000000000000000001855
:10A3F0000C0000180C0000180FE0001FFC0003F810
:10A400000C0000180C0000180C0000180C000018BC
:10A410000C0000180FE0001FFC0003F80C000018EF
:10A420000C0000180C0000000000000000000000FC
:10A43000000000000000000000000000000000001C
:10A44000000000000000000000000000000000000C
:10A4500000000000000000000000000000000000FC
:10A4600000000000000000000000000000000000EC
:10A47000000000000780007807C000FC0640010EC5
:10A48000002003070020020380200FFFFFFC0201D1
:10A49000C0200200E0600130704001F03F8000F019
:10A4A0001F0000000000000000000000000000008D
:10A4B000000000000000000000000000000000009C
:10A4C000000000000000000000000000000000008C
:10A4D000000000000000000000000000000000007C
:10A4E0000000000000000000000000FE000001FF6E
:10A4F00000000301800002008060030181C001FFB1
:10A50000070000FE18000000E0000003BF00000C80
:10A51000FFC00071806001C1002003018060000065
:10A52000FFC000003F00000000000000000000002D
:10A53000000000000000000000000000000000001B
:10A54000000000000000000000000000000000000B
:10A5500000000000000000000000000000000000FB
:10A560000000000000000000000000001F000000CC
:10A570007FC000FCC0C001FF80600303E020020236
:10A58000782002061E2003FC074001F00380000132
:10A5900003C000011C600001E02000010020000158
:10A5A00000400000018000000000000000000000EA
:10A5B000000000000000000000000000000000009B
:10A5C000000000000000000000000000000000008B
:10A5D000000000000000000000000000000000007B
:10A5E000000000000000000000000000000000204B
:10A5F00000001C6000001C4000001F8000000F00D5
:10A60000000000000000000000000000000000004A
:10A61000000000000000000000000000000000003A
:10A62000000000000000000000000000000000002A
:10A63000000000000000000000000000000000001A
:10A64000000000000000000000000000000000000A
:10A6500000000000000000000000000000000000FA
:10A6600000000000000000000000000000000000EA
:10A6700000000000000000000000000000000000DA
:10A680000000000000000007F800003FFF00007815
:10A6900007C001C000E0030000300400000808000B
:10A6A0000004100000020000000000000000000094
:10A6B000000000000000000000000000000000009A
:10A6C000000000000000000000000000000000008A
:10A6D000000000000000000000000000000000007A
:10A6E000000000000000000000000000000010005A
:10A6F000000208000004040000080300003001C04C
:10A7000000E0007807C0003FFF000007F8000000ED
:10A710000000000000000000000000000000000039
:10A720000000000000000000000000000000000029
:10A730000000000000000000000000000000000019
:10A740000000000000000000000000000000000009
:10A7500000000000000000000000000000000000F9
:10A7600000000000000000000000000000000000E9
:10A770000000000C1800000E3800000E3800000623
:10A780003000000360000061438000FFFF80006133
:10A7900043000003600000063000000E3800000E89
:10A7A0003800000C1800000000000000000000004D
:10A7B0000000000000000000000000000000000099
:10A7C0000000000000000000000000000000000089
:10A7D0000000000000000000000000000000000079
:10A7E0000000000000000000000000000000000069
:10A7F00000000000800000008000000080000000D9
:10A8000080000000800000008000007FFF0000004A
:10A810008000000080000000800000008000000038
:10A820008000000080000000000000000000000028
:10A830000000000000000000000000000000000018
:10A840000000000000000000000000000000000008
:10A8500000000000000000000000000000000000F8
:10A8600000000000000000000000000000000000E8
:10A870000001000000E3000000E2000000FC000016
:10A880000078000000000000000000000000000050
:10A8900000000000000000000000000000000000B8
:10A8A00000000000000000000000000000000000A8
:10A8B0000000000000000000000000000000000098
:10A8C0000000000000000000000000000000000088
:10A8D0000000000000000000000000000000000078
:10A8E0000000000000000000000000000000000068
:10A8F0008000000080000000800000008000000058
:10A900008000000080000000800000008000000047
:10A910008000000080000000800000008000000037
:10A920008000000080000000000000000000000027
:10A930000000000000000000000000000000000017
:10A940000000000000000000000000000000000007
:10A9500000000000000000000000000000000000F7
:10A9600000000000000000000000000000000000E7
:10A970000000000000C0000001E0000001E0000055
:10A9800000C0000000000000000000000000000007
:10A9900000000000000000000000000000000000B7
:10A9A00000000000000000000000000000000000A7
:10A9B0000000000000000000000000000000000097
:10A9C0000000000000000000000000000000000087
:10A9D0000000000000000000000000000000000077
:10A9E0000000000000000000000000000000000067
:10A9F000000C00000038000000E0000003800000B0
:10AA00000E00000038000000E00000038000000E8F
:10AA100000000038000000E00000038000000E008D
:10AA2000000018000000000000000000000000000E
:10AA30000000000000000000000000000000000016
:10AA40000000000000000000000000000000000006
:10AA500000000000000000000000000000000000F6
:10AA600000000000000000000000000000000000E6
:10AA70000000000FF800007FFF0000F00780018059
:10AA800000C003000060020000200200002002005D
:10AA9000002003000060018000C000E00380007F10
:10AAA000FF00000FF80000000000000000000000A0
:10AAB0000000000000000000000000000000000096
:10AAC0000000000000000000000000000000000086
:10AAD0000000000000000000000000000000000076
:10AAE0000000000000000000000000000000000066
:10AAF0000000000000000080002000800020008096
:10AB000000200080006001FFFFE003FFFFE0000085
:10AB10000060000000200000002000000020000075
:10AB20000000000000000000000000000000000025
:10AB30000000000000000000000000000000000015
:10AB40000000000000000000000000000000000005
:10AB500000000000000000000000000000000000F5
:10AB600000000000000000000000000000000000E5
:10AB70000000007800E0009801600100026002001F
:10AB80000460020008600200106002002060020001
:10AB90004060030080600183006001FE00E0007CF3
:10ABA000078000000000000000000000000000001E
:10ABB0000000000000000000000000000000000095
:10ABC0000000000000000000000000000000000085
:10ABD0000000000000000000000000000000000075
:10ABE0000000000000000000000000000000000065
:10ABF000000000F0078001F007C0010000400200E3
:10AC000000200201002002010020020100200303B5
:10AC100080200186804001FCC0C000787F80000059
:10AC20001E00000000000000000000000000000006
:10AC30000000000000000000000000000000000014
:10AC40000000000000000000000000000000000004
:10AC500000000000000000000000000000000000F4
:10AC600000000000000000000000000000000000E4
:10AC700008000000380000004800000188000006BD
:10AC80000800000C0810003008100040081001FFF8
:10AC9000FFF003FFFFF003FFFFF0000008100000CB
:10ACA0000810000008100000000000000000000074
:10ACB0000000000000000000000000000000000094
:10ACC0000000000000000000000000000000000084
:10ACD0000000000000000000000000000000000074
:10ACE0000000000000000000000000000000000064
:10ACF000000000000780001F864003E100200302DF
:10AD000000200304002003040020030400200304A7
:10AD1000002003060040030301C00301FF8003007D
:10AD20007E000000000000000000000000000000A5
:10AD30000000000000000000000000000000000013
:10AD40000000000000000000000000000000000003
:10AD500000000000000000000000000000000000F3
:10AD600000000000000000000000000000000000E3
:10AD700000000007FC00003FFF000070C38000815E
:10AD800080C00101006003020020020200200202D4
:10AD90000020020200200203004001C180C000C068
:10ADA000FF8000007E0000000000000000000000A6
:10ADB0000000000000000000000000000000000093
:10ADC0000000000000000000000000000000000083
:10ADD0000000000000000000000000000000000073
:10ADE0000000000000000000000000000000000063
:10ADF000000000F0000003C000000380000003001A
:10AE00000000030007E003003FE00301C000030669
:10AE1000000003180000036000000380000003002E
:10AE20000000000000000000000000000000000022
:10AE30000000000000000000000000000000000012
:10AE40000000000000000000000000000000000002
:10AE500000000000000000000000000000000000F2
:10AE600000000000000000000000000000000000E2
:10AE70001F0000783F8000FC60C0018EC0400307C7
:10AE800080200203002002018020020180200201B4
:10AE9000C0200301E040018670C000FC3F800078C4
:10AEA0001F00000000000000000000000000000083
:10AEB0000000000000000000000000000000000092
:10AEC0000000000000000000000000000000000082
:10AED0000000000000000000000000000000000072
:10AEE0000000000000000000000000000000003F23
:10AEF000000000FF81C001C0C1C00100602002004D
:10AF000020200200202002002020020020600200F9
:10AF100040C00100C18000C18F00007FFE00001F03
:10AF2000F000000000000000000000000000000031
:10AF30000000000000000000000000000000000011
:10AF40000000000000000000000000000000000001
:10AF500000000000000000000000000000000000F1
:10AF600000000000000000000000000000000000E1
:10AF700000000000000000000000000000000000D1
:10AF80000000000300C0000781E0000781E000032B
:10AF900000C00000000000000000000000000000F1
:10AFA00000000000000000000000000000000000A1
:10AFB0000000000000000000000000000000000091
:10AFC0000000000000000000000000000000000081
:10AFD0000000000000000000000000000000000071
:10AFE0000000000000000000000000000000000061
:10AFF0000000000000000000000000000000000051
:10B000000000000600660006007800000000000056
:10B010000000000000000000000000000000000030
:10B020000000000000000000000000000000000020
:10B030000000000000000000000000000000000010
:10B040000000000000000000000000000000000000
:10B0500000000000000000000000000000000000F0
:10B0600000000000000000000000000000000000E0
:10B070000000000080000001C00000036000000626
:10B080003000000C180000180C00003006000060B2
:10B09000030000C001800100004002000020040005
:10B0A0000010000000000000000000000000000090
:10B0B0000000000000000000000000000000000090
:10B0C0000000000000000000000000000000000080
:10B0D0000000000000000000000000000000000070
:10B0E000000000000000000000000000000000045C
:10B0F0001000000410000004100000041000000400
:10B1000010000004100000041000000410000004EF
:10B1100010000004100000041000000410000004DF
:10B1200010000004100000000000000000000000FB
:10B13000000000000000000000000000000000000F
:10B1400000000000000000000000000000000000FF
:10B1500000000000000000000000000000000000EF
:10B1600000000000000000000000000000000000DF
:10B17000000004000010020000200100004000C098
:10B180000180006003000030060000180C00000C75
:10B19000180000063000000360000001C00000003D
:10B1A000800000000000000000000000000000001F
:10B1B000000000000000000000000000000000008F
:10B1C000000000000000000000000000000000007F
:10B1D000000000000000000000000000000000006F
:10B1E000000000000000000000000000000000005F
:10B1F00000000078000001F80000023800000200A2
:10B200000000040000C0040079E0040081E00401B3
:10B2100000C004030000020200000306000001FC5D
:10B22000000000F800000000000000000000000026
:10B23000000000000000000000000000000000000E
:10B2400000000000000000000000000000000000FE
:10B2500000000000000000000000000000000000EE
:10B260000000000000000000000000000000000FCF
:10B27000F800003FFE000070078000C000C0010120
:10B28000F8400307FC20021E0420023008200220A0
:10B290003020023FFC20013F044001800CC000E050
:10B2A0003180001FC200000000000000000000000C
:10B2B000000000000000000000000000000000008E
:10B2C000000000000000000000000000000000007E
:10B2D000000000000000000000000000000000006E
:10B2E000000000000000000000000000002000003E
:10B2F0000060000003E000003E200003E020003E6C
:10B30000200003E020000380200007FC2000003F15
:10B31000E0000003FE2000003FE0000001E000002C
:10B3200000200000002000000000000000000000DD
:10B33000000000000000000000000000000000000D
:10B3400000000000000000000000000000000000FD
:10B3500000000000000000000000000000000000ED
:10B3600000000000000000000000000000000200DB
:10B3700000200200002003FFFFE003FFFFE00201C6
:10B380000020020100200201002002010020020131
:10B390000020030300200186806001FCC0C000F88B
:10B3A0007F8000001F00000000000000000000007F
:10B3B000000000000000000000000000000000008D
:10B3C000000000000000000000000000000000007D
:10B3D000000000000000000000000000000000006D
:10B3E0000000000000000000000000000000000756
:10B3F000F800003FFF000070078000C000C001009F
:10B400000040030000200200002002000020020093
:10B4100000200200002001000040018000C003C0A5
:10B420000180003006000000000000000000000065
:10B43000000000000000000000000000000000000C
:10B4400000000000000000000000000000000000FC
:10B4500000000000000000000000000000000000EC
:10B4600000000000000000000000000000000200DA
:10B4700000200200002003FFFFE003FFFFE00200C6
:10B480000020020000200200002002000020030033
:10B49000006001000040018000C000F00780007FD4
:10B4A000FE00000FF8000000000000000000000097
:10B4B000000000000000000000000000000000008C
:10B4C000000000000000000000000000000000007C
:10B4D000000000000000000000000000000000006C
:10B4E000000000000000000000000000000002005A
:10B4F00000200200002003FFFFE003FFFFE0020145
:10B5000000200201002002010020020100200201AF
:10B51000002002038020020FE0200300006003C02F
:10B5200000E00060030000000000000000000000D8
:10B53000000000000000000000000000000000000B
:10B5400000000000000000000000000000000000FB
:10B5500000000000000000000000000000000000EB
:10B5600000000000000000000000000000000200D9
:10B5700000200200002003FFFFE003FFFFE00201C4
:10B58000002002010020020100000201000002016F
:10B5900000000201000002038000030FE00003002E
:10B5A000000003C000000060000000000000000078
:10B5B000000000000000000000000000000000008B
:10B5C000000000000000000000000000000000007B
:10B5D000000000000000000000000000000000006B
:10B5E0000000000000000000000000000000000754
:10B5F000F800003FFE000070078001C001C001009C
:10B600000040030000200200002002000020020091
:10B610000020010020200100204003C03F800030B6
:10B620003F8000002000000020000000000000001B
:10B63000000000000000000000000000000000000A
:10B6400000000000000000000000000000000000FA
:10B6500000000000000000000000000000000000EA
:10B6600000000000000000000000020000200200B6
:10B67000002003FFFFE003FFFFE002008020020044
:10B680008020000080000000800000008000020098
:10B6900080200200802003FFFFE003FFFFE00200A4
:10B6A0000020020000200000000000000000000058
:10B6B000000000000000000000000000000000008A
:10B6C000000000000000000000000000000000007A
:10B6D000000000000000000000000000000000006A
:10B6E000000000000000000000000000000000005A
:10B6F0000000000000000200002002000020020004
:10B7000000200200002003FFFFE003FFFFE0020033
:10B7100000200200002002000020020000200000A3
:10B720000000000000000000000000000000000019
:10B730000000000000000000000000000000000009
:10B7400000000000000000000000000000000000F9
:10B7500000000000000000000000000000000000E9
:10B7600000000000000000000000000000000000D9
:10B77000000E0000000F0000000F0000000102009A
:10B78000000102000001020000030200000603FFA6
:10B79000FFFC03FFFFF802000000020000000200AF
:10B7A0000000020000000000000000000000000097
:10B7B0000000000000000000000000000000000089
:10B7C0000000000000000000000000000000000079
:10B7D0000000000000000000000000000000000069
:10B7E0000000000000000000000000000000020057
:10B7F00000200200002003FFFFE003FFFFE0020043
:10B80000C0200201002000078000000FE00000308F
:10B81000F80002603E2003800F20030003E00200D6
:10B8200000E00200002000000020000000000000F6
:10B830000000000000000000000000000000000008
:10B8400000000000000000000000000000000000F8
:10B8500000000000000000000000000000000000E8
:10B8600000000000000000000000000000000200D6
:10B8700000200200002003FFFFE003FFFFE00200C2
:10B880000020020000200000002000000020000036
:10B8900000200000002000000020000000600000E8
:10B8A00000E00000030000000000000000000000B5
:10B8B0000000000000000000000000000000000088
:10B8C0000000000000000000000000000000000078
:10B8D0000000000000000000000000000000000068
:10B8E0000000000000000000000002000020020034
:10B8F000002003FFFFE003E0002003FF0020001F03
:10B90000F0000001FF8000000FE000001E000003B7
:10B91000E000003E002003E0002003FFFFE003FF03
:10B92000FFE00200002002000020000000000000F4
:10B930000000000000000000000000000000000007
:10B9400000000000000000000000000000000000F7
:10B9500000000000000000000000000000000000E7
:10B9600000000000000000000000020000200200B3
:10B97000002003FFFFE00380002003F0002000FC14
:10B980000000001F00000007C0000001F0000000E0
:10B990007C0002001F80020007E003FFFFE00200BE
:10B9A0000000020000000000000000000000000095
:10B9B0000000000000000000000000000000000087
:10B9C0000000000000000000000000000000000077
:10B9D0000000000000000000000000000000000067
:10B9E0000000000000000000000000000000000F48
:10B9F000F800003FFE0000F00780018000C0010059
:10BA0000004002000020020000200200002002008E
:10BA1000002001000040018000C000F00380003FD2
:10BA2000FE00000FF8000000000000000000000011
:10BA30000000000000000000000000000000000006
:10BA400000000000000000000000000000000000F6
:10BA500000000000000000000000000000000000E6
:10BA600000000000000000000000000000000200D4
:10BA700000200200002003FFFFE003FFFFE00200C0
:10BA8000802002008020020080000200800002006E
:10BA9000800002008000030180000183000000FE9E
:10BAA0000000007C0000000000000000000000001A
:10BAB0000000000000000000000000000000000086
:10BAC0000000000000000000000000000000000076
:10BAD0000000000000000000000000000000000066
:10BAE0000000000000000000000000000000000F47
:10BAF000F800007FFF0000F00380018001C001001A
:10BB00000640020004200200042002000620020079
:10BB100003E0010000F80180005C00E0038C003FBE
:10BB2000FF0C000FFC1800000000000000000000E7
:10BB30000000000000000000000000000000000005
:10BB400000000000000000000000000000000000F5
:10BB500000000000000000000000000000000000E5
:10BB600000000000000000000000000000000200D3
:10BB700000200200002003FFFFE003FFFFE00201BE
:10BB8000002002010020020180000201E000020109
:10BB9000FC0003033F80018607E001FC00E000F8A1
:10BBA0000020000000200000000000000000000055
:10BBB0000000000000000000000000000000000085
:10BBC0000000000000000000000000000000000075
:10BBD0000000000000000000000000000000000065
:10BBE0000000000000000000000000000000000055
:10BBF00000000078060000FE01E0018600C003039B
:10BC00000040020300200201802002018020020186
:10BC1000C0200200C0200100E060018070C003E08D
:10BC20003F8000001F000000000000000000000036
:10BC30000000000000000000000000000000000004
:10BC400000000000000000000000000000000000F4
:10BC500000000000000000000000000000000000E4
:10BC60000000000000000000000000000000006074
:10BC7000000003800000030000000200000002003A
:10BC800000200200002003FFFFE003FFFFE00200AE
:10BC900000200200002002000000020000000380DB
:10BCA000000000E0000000000000000000000000B4
:10BCB0000000000000000000000000000000000084
:10BCC0000000000000000000000000000000000074
:10BCD0000000000000000000000000000000000064
:10BCE0000000000000000000000002000000020050
:10BCF000000003FFFF0003FFFFC00200004002003E
:10BD00000060000000200000002000000020000073
:10BD10000020020000400200008003FFFF0002003C
:10BD20000000020000000000000000000000000011
:10BD30000000000000000000000000000000000003
:10BD400000000000000000000000000000000000F3
:10BD500000000000000000000000000000000000E3
:10BD600000000000000000000000000000000200D1
:10BD700000000200000003C0000003FC0000023FBE
:10BD8000C0000003F80000007F80000007E0000012
:10BD90000780000078000203C000023C000003C0DE
:10BDA000000002000000020000000000000000008F
:10BDB0000000000000000000000000000000000083
:10BDC0000000000000000000000000000000000073
:10BDD0000000000000000000000000000000000063
:10BDE000000000000000000000000200000003C08E
:10BDF000000003FF8000023FFE0002007FE0000021
:10BE00000F000200F00003EF000003FF8000020FAC
:10BE1000FE0000003FE000001F000207E00003F802
:10BE2000000003000000020000000000000000000D
:10BE30000000000000000000000000000000000002
:10BE400000000000000000000000000000000000F2
:10BE500000000000000000000000000000000000E2
:10BE600000000000000000000000000000000200D0
:10BE7000002002000020038000E003F0032002FC09
:10BE80000C20021F30000007C0000007F00002185D
:10BE90007C0002601F20038003E0020000E002003B
:10BEA0000020000000200000000000000000000052
:10BEB0000000000000000000000000000000000082
:10BEC0000000000000000000000000000000000072
:10BED0000000000000000000000000000000000062
:10BEE0000000000000000000000000000000020050
:10BEF00000000300000003C0000003F80000023E41
:10BF00000020020FC0200001FFE000007FE00003DE
:10BF10008020021C0020027000000380000002004C
:10BF2000000002000000000000000000000000000F
:10BF30000000000000000000000000000000000001
:10BF400000000000000000000000000000000000F1
:10BF500000000000000000000000000000000000E1
:10BF600000000000000000000000000000000000D1
:10BF70000020006000E0038003E003000FA0020047
:10BF80003E200200F8200203E020020F8020023E43
:10BF900000200278002003E00060038000E002003F
:10BFA000030000000000000000000000000000008E
:10BFB0000000000000000000000000000000000081
:10BFC0000000000000000000000000000000000071
:10BFD0000000000000000000000000000000000061
:10BFE0000000000000000000000000000000000051
:10BFF0000000000000000000000000000000000041
:10C0000000001FFFFFFC10000004100000041000DF
:10C0100000041000000410000004100000041000D0
:10C02000000400000000000000000000000000000C
:10C030000000000000000000000000000000000000
:10C0400000000000000000000000000000000000F0
:10C0500000000000000000000000000000000000E0
:10C0600000000000000000000000000000000000D0
:10C070000000000000000700000003C0000000787E
:10C080000000001E00000003C0000000F0000000DF
:10C090001E0000000780000000F00000003C0000CF
:10C0A000000600000000000000000000000000008A
:10C0B0000000000000000000000000000000000080
:10C0C0000000000000000000000000000000000070
:10C0D0000000000000000000000000000000000060
:10C0E0000000000000000000000000000000000050
:10C0F00000001000000410000004100000041000F4
:10C1000000041000000410000004100000041FFFD1
:10C11000FFFC000000000000000000000000000024
:10C12000000000000000000000000000000000000F
:10C1300000000000000000000000000000000000FF
:10C1400000000000000000000000000000000000EF
:10C1500000000000000000000000000000000000DF
:10C1600000000000000000000000000000000000CF
:10C1700000000000000000000000020000000400B9
:10C180000000080000001800000010000000180067
:10C190000000180000000400000002000000000081
:10C1A000000000000000000000000000000000008F
:10C1B000000000000000000000000000000000007F
:10C1C000000000000000000000000000000000006F
:10C1D000000000000000000000000000000000005F
:10C1E000000000000000000000000000000100004E
:10C1F000000100000001000000010000000100003B
:10C20000000100000001000000010000000100002A
:10C21000000100000001000000010000000100001A
:10C22000000100000001000000010000000000000B
:10C2300000000000000000000000000000000000FE
:10C2400000000000000000000000000000000000EE
:10C2500000000000000000000000000000000000DE
:10C2600000000000000000000000000000000000CE
:10C27000000000000000100000001000000010008E
:10C28000000018000000080000000400000000008A
:10C29000000000000000000000000000000000009E
:10C2A000000000000000000000000000000000008E
:10C2B000000000000000000000000000000000007E
:10C2C000000000000000000000000000000000006E
:10C2D000000000000000000000000000000000005E
:10C2E000000000000000000000000000000000004E
:10C2F000038000018FC000038C600006182000043A
:10C30000102000041020000420200004204000061B
:10C3100020400003FFC00001FFE0000000200000FB
:10C320000020000000C0000000000000000000002D
:10C3300000000000000000000000000000000000FD
:10C3400000000000000000000000000000000000ED
:10C3500000000000000000000000000000000000DD
:10C3600000000000000000000000000000000200CB
:10C3700000000200000003FFFFE007FFFFC0000114
:10C3800080C00002006000020020000400200004C1
:10C3900000200004002000060040000300C000014F
:10C3A000FF800000FE000000000000000000000010
:10C3B000000000000000000000000000000000007D
:10C3C000000000000000000000000000000000006D
:10C3D000000000000000000000000000000000005D
:10C3E000000000000000000000000000000000004D
:10C3F000000000007E000001FF80000381C00002F9
:10C40000004000060020000400200004002000047A
:10C410000020000600200003C0400001C080000092
:10C420000300000000000000000000000000000009
:10C4300000000000000000000000000000000000FC
:10C4400000000000000000000000000000000000EC
:10C4500000000000000000000000000000000000DC
:10C4600000000000000000000000000000000000CC
:10C47000000000007E000001FF80000380C0000675
:10C4800000600004002000040020000400200204DA
:10C4900000400202008003FFFFE007FFFFC0000032
:10C4A000004000000040000000000000000000000C
:10C4B000000000000000000000000000000000007C
:10C4C000000000000000000000000000000000006C
:10C4D000000000000000000000000000000000005C
:10C4E000000000000000000000000000000000004C
:10C4F000000000007E000001FF80000311C0000268
:10C5000010400004106000041020000410200004FB
:10C51000102000061020000310400001F0C00000B1
:10C52000710000000000000000000000000000009A
:10C5300000000000000000000000000000000000FB
:10C5400000000000000000000000000000000000EB
:10C5500000000000000000000000000000000000DB
:10C5600000000000000000000000000000000000CB
:10C57000000000040000000400200004002000046B
:10C580000020007FFFE001FFFFE001040020030422
:10C590000020020400200204002002040000020027
:10C5A000000001C0000001C0000000000000000009
:10C5B000000000000000000000000000000000007B
:10C5C000000000000000000000000000000000006B
:10C5D000000000000000000000000000000000005B
:10C5E000000000000000000000000000000000004B
:10C5F00000000000001C0000E33E0003FFC2000238
:10C600000CC3000404C1000404C1000404C10004FC
:10C6100004C100060CC10003F8C30005F062000667
:10C62000007E0006003C000000000000000000004A
:10C6300000000000000000000000000000000000FA
:10C6400000000000000000000000000000000000EA
:10C6500000000000000000000000000000000000DA
:10C6600000000000000000000000000000000200C8
:10C6700000200200002003FFFFE007FFFFE00001B1
:10C68000002000020020000600000004000000045A
:10C69000000000040020000600200003FFE000016D
:10C6A000FFE000000020000000200000000000006B
:10C6B000000000000000000000000000000000007A
:10C6C000000000000000000000000000000000006A
:10C6D000000000000000000000000000000000005A
:10C6E000000000000000000000000000000000004A
:10C6F00000000000000000040020000400200004EE
:10C700000020000400200387FFE0038FFFE0038088
:10C710000020000000200000002000000020000099
:10C720000000000000000000000000000000000009
:10C7300000000000000000000000000000000000F9
:10C7400000000000000000000000000000000000E9
:10C7500000000000000000000000000000000000D9
:10C7600000000000000000000000000000000000C9
:10C7700000000000000000000006000000070000AC
:10C780000001000000010004000100040001000499
:10C790000003000400060387FFFC038FFFF80380FB
:10C7A0000000000000000000000000000000000089
:10C7B0000000000000000000000000000000000079
:10C7C0000000000000000000000000000000000069
:10C7D0000000000000000000000000000000000059
:10C7E0000000000000000000000000000000020047
:10C7F00000200200002003FFFFE007FFFFE0000031
:10C80000082000001020000030000000FC0000059F
:10C810008E00000707A0000601E0000400E000040D
:10C8200000200000002000000000000000000000C8
:10C8300000000000000000000000000000000000F8
:10C8400000000000000000000000000000000000E8
:10C8500000000000000000000000000000000000D8
:10C8600000000000000000000000000000000000C8
:10C870000000000000000200002002000020020072
:10C8800000200200002003FFFFE007FFFFE00000A0
:10C890000020000000200000002000000020000018
:10C8A0000000000000000000000000000000000088
:10C8B0000000000000000000000000000000000078
:10C8C0000000000000000000000000000000000068
:10C8D0000000000000000000000000000000000058
:10C8E0000000000000000000000000000000000444
:10C8F00000200007FFE0000FFFE00002002000041E
:10C900000000000400200007FFE00003FFE0000239
:10C91000002000040000000400200007FFE00003E6
:10C92000FFE0000000200000000000000000000008
:10C9300000000000000000000000000000000000F7
:10C9400000000000000000000000000000000000E7
:10C9500000000000000000000000000000000000D7
:10C9600000000000000000000000000000000004C3
:10C970000020000400200007FFE0000FFFE000019E
:10C98000002000020020000200000004000000045B
:10C99000000000040020000600200003FFE000016A
:10C9A000FFE0000000200000002000000000000068
:10C9B0000000000000000000000000000000000077
:10C9C0000000000000000000000000000000000067
:10C9D0000000000000000000000000000000000057
:10C9E0000000000000000000000000000000000047
:10C9F000000000007E000000FF80000381C00002F4
:10CA00000040000600200004002000040020000474
:10CA100000200006002000020040000381C0000149
:10CA2000FF8000007E000000000000000000000009
:10CA300000000000000000000000000000000000F6
:10CA400000000000000000000000000000000000E6
:10CA500000000000000000000000000000000000D6
:10CA600000000000000000000000000000000004C2
:10CA70000001000400010007FFFF000FFFFF00019D
:10CA800000C1000200410004002000040020000456
:10CA900000200004002000060040000301C0000147
:10CAA000FF8000007E000000000000000000000089
:10CAB0000000000000000000000000000000000076
:10CAC0000000000000000000000000000000000066
:10CAD0000000000000000000000000000000000056
:10CAE0000000000000000000000000000000000046
:10CAF000000000007E000001FF80000380C00002F3
:10CB00000060000400200004002000040020000455
:10CB1000002000020041000300C10003FFFF0007E6
:10CB2000FFFF000000010000000100000000000005
:10CB300000000000000000000000000000000000F5
:10CB400000000000000000000000000000000000E5
:10CB500000000000000000000000000000000000D5
:10CB600000000000000000000000000000000004C1
:10CB70000020000400200004002000040020000F1A
:10CB8000FFE0000FFFE00000C020000100200002D5
:10CB90000020000600200004000000040000000740
:10CBA0000000000300000000000000000000000082
:10CBB0000000000000000000000000000000000075
:10CBC0000000000000000000000000000000000065
:10CBD0000000000000000000000000000000000055
:10CBE0000000000000000000000000000000000045
:10CBF0000000000003E00001C0E00003E040000688
:10CC00003020000430200004182000041820000404
:10CC1000182000040C2000020C60000307C000076D
:10CC20008380000000000000000000000000000001
:10CC300000000000000000000000000000000000F4
:10CC400000000000000000000000000000000000E4
:10CC500000000000000000000000000000000000D4
:10CC600000000000000000000000000000000000C4
:10CC70000000000400000004000000040000000C9C
:10CC80000000001FFF8000FFFFC0000400600004E0
:10CC900000200004002000040020000400400000E8
:10CCA0000180000000000000000000000000000003
:10CCB0000000000000000000000000000000000074
:10CCC0000000000000000000000000000000000064
:10CCD0000000000000000000000000000000000054
:10CCE0000000000000000000000000000000000440
:10CCF0000000000400000007FF80000FFFC00000DC
:10CD00000060000000200000002000000020000063
:10CD1000002000040040000400800007FFE0000F36
:10CD2000FFC00000004000000040000000000000C4
:10CD300000000000000000000000000000000000F3
:10CD400000000000000000000000000000000000E3
:10CD500000000000000000000000000000000000D3
:10CD600000000000000000000000000000000004BF
:10CD7000000000040000000780000007F00000042D
:10CD8000FE0000041FC0000003E00000038000005C
:10CD90001C00000460000007800000060000000482
:10CDA0000000000000000000000000000000000083
:10CDB0000000000000000000000000000000000073
:10CDC0000000000000000000000000000000000063
:10CDD0000000000000000000000000000000000053
:10CDE0000000000000000000000000040000000639
:10CDF00000000007C0000007FC0000043F800000A6
:10CE000003E000040F800006F0000007F0000007B8
:10CE1000FF8000040FE00000038000043C000007D6
:10CE2000C000000600000004000000000000000038
:10CE300000000000000000000000000000000000F2
:10CE400000000000000000000000000000000000E2
:10CE500000000000000000000000000000000000D2
:10CE600000000000000000000000000000000000C2
:10CE700000200004002000040060000700E000071C
:10CE800083200007E6000004F80000003C000004D6
:10CE90005E20000587A0000601E000040060000499
:10CEA0000020000000200000000000000000000042
:10CEB0000000000000000000000000000000000072
:10CEC0000000000000000000000000000000000062
:10CED0000000000000000000000000000000000052
:10CEE000000000000000000000000000000000043E
:10CEF000000000040003000700030007E001000435
:10CF0000F80100041F02000007FC000000E0000020
:10CF10000700000438000007C000000600000004FD
:10CF200000000004000000000000000000000000FD
:10CF300000000000000000000000000000000000F1
:10CF400000000000000000000000000000000000E1
:10CF500000000000000000000000000000000000D1
:10CF600000000000000000000000000000000000C1
:10CF7000000000078060000600E0000403E00004F9
:10CF800007A000040E2000043C20000470200005CF
:10CF9000E0200007802000070060000400E000009F
:10CFA00003800000000000000000000000000000FE
:10CFB0000000000000000000000000000000000071
:10CFC0000000000000000000000000000000000061
:10CFD0000000000000000000000000000000000051
:10CFE0000000000000000000000000000000000041
:10CFF0000000000000000000000000000000000031
:10D00000000000000000000080000000800000011F
:10D01000400007FE3FF80800000410000002100066
:10D0200000020000000000000000000000000000FE
:10D0300000000000000000000000000000000000F0
:10D0400000000000000000000000000000000000E0
:10D0500000000000000000000000000000000000D0
:10D0600000000000000000000000000000000000C0
:10D0700000000000000000000000000000000000B0
:10D0800000000000000000000000FFFFFFFF0000A4
:10D090000000000000000000000000000000000090
:10D0A0000000000000000000000000000000000080
:10D0B0000000000000000000000000000000000070
:10D0C0000000000000000000000000000000000060
:10D0D0000000000000000000000000000000000050
:10D0E0000000000000000000000000000000000040
:10D0F000000010000002100000020800000407FEFB
:10D100003FF80001400000008000000080000000A7
:10D11000000000000000000000000000000000000F
:10D1200000000000000000000000000000000000FF
:10D1300000000000000000000000000000000000EF
:10D1400000000000000000000000000000000000DF
:10D1500000000000000000000000000000000000CF
:10D1600000000000000000000000000000001800A7
:10D1700000003000000040000000400000004000BF
:10D180000000200000003000000008000000040043
:10D1900000000200000002000000020000000C007D
:10D1A0000000180000000000000000000000000067
:10D1B000000000000000000000000000000000006F
:10D1C000000000000000000000000000000000005F
:10D1D000000000000000000000000000000000004F
:10D1E000000000000000000000000000DCD200246D
:10D1F000030009000F0015001B0050815881608159
:10D2000068817081788180818881908198813031B6
:10D21000323334353637383941424344454640305D
:10D22000580030313233343536373839616263640F
:10D23000656640307800040000080000000000002F
:10D24000000200010000100002400000000000A0E9
:10D250000000000005400000000000C800000000C1
:10D260000C4000000000409C00000000194000003D
:10D270000020BCBE0000000034400000BFC91B8E6F
:10D2800000000004B5400000504BCFD06607E2CF4D
:10D29000010000006C4100003E8251AADFEEA7347D
:10D2A00001000000D9420000DCB5A0E23A301F972F
:10D2B000FFFFFFFFB4450000FD25A0C8E9A3C14F53
:10D2C000FFFFFFFFFF3F00000000008000000000A4
:10D2D000FF3F00000000008000000000506C65610E
:10D2E00073652075736520746865207374796C7537
:10D2F0007320636C69636B207468652063726F735D
:10D3000073206F6E207468652073637265656E2E7E
:10D310005468652063726F73732077696C6C206149
:10D320006C77617973206D6F766520756E74696CAA
:10D33000207468652073637265656E2061646A7528
:10D3400073746D656E7420697320636F6D706C65A6
:10D350007465642E0000000094D3002400000030A7
:10D3600064000000D4120024F8D3002464000030CC
:10D370003C090000F01200241C00000043000000E3
:10D38000F8FFFFFF0C0000000E0000000F0000007F
:10D390002E0000000000000000000000000000005F
:10D3A00000F80000FFFF000001000000D58300240A
:10D3B000F9870024F17D0024000000000000000037
:10D3C000000000000000000000000000000000005D
:10D3D000000000000000000000000000000000004D
:10D3E000000000000000000000000000000000003D
:08D3F000000000000005000030
:040000052400129928
:00000001FF
