:020000040800F2
:1000000070C8072479030008070C0090FB0A0090D1
:10001000010B009023040090A35400900000000006
:10002000000000000000000000000000DD3800902B
:10003000D104009000000000D1020090813000083F
:100040009303000893030008930300089303000838
:100050009303000893030008930300089303000828
:100060009303000893030008930300089303000818
:100070009303000893030008930300089303000808
:1000800093030008930300089303000893030008F8
:1000900093030008930300089303000893030008E8
:1000A00093030008930300089303000893030008D8
:1000B00093030008930300089303000893030008C8
:1000C00093030008930300089303000893030008B8
:1000D00093030008413100089303000893030008CC
:1000E0009303000893030008000000009303000836
:1000F0009303000893030008930300089303000888
:100100009303000893030008930300089303000877
:100110009303000893030008930300089303000867
:100120009303000893030008930300089303000857
:100130009303000893030008930300089303000847
:1001400000000000000000000000000000000000AF
:100150009303000893030008930300089303000827
:100160009303000893030008930300089303000817
:100170009303000893030008930300089303000807
:1001800093030008930300089303000893030008F7
:1001900093030008930300089303000893030008E7
:1001A00093030008930300089303000893030008D7
:1001B00093030008930300089303000893030008C7
:1001C00093030008930300089303000893030008B7
:1001D00093030008930300089303000893030008A7
:1001E0009303000893030008930300089303000897
:1001F0009303000893030008930300089303000887
:100200009303000893030008930300089303000876
:100210009303000893030008930300089303000866
:1002200093030008930300089303000800000000F4
:1002300093030008930300080000000093030008E4
:100240009303000893030008930300089303000836
:100250009303000893030008930300089303000826
:100260009303000893030008930300089303000816
:1002700093030008930300089303000800000000A4
:100280009303000893030008930300080000000094
:10029000000000009303000800F002F800F05CF892
:1002A0000AA090E8000C82448344AAF10107DA45D1
:1002B00001D100F051F8AFF2090EBAE80F0013F0C7
:1002C000010F18BFFB1A43F001031847F433000075
:1002D000143400000A444FF0000C10F8013B13F0F6
:1002E000070408BF10F8014B1D1108BF10F8015B8F
:1002F000641E05D010F8016B641E01F8016BF9D182
:1003000013F0080F1EBF10F8014BAD1C0C1B09D1D8
:100310006D1E58BF01F801CBFAD505E014F8016B4A
:1003200001F8016B6D1EF9D59142D6D370470000DC
:100330000023002400250026103A28BF78C1FBD8EE
:10034000520728BF30C148BF0B6070471FB503F08C
:10035000A9F91FBD10B510BD00F0AAF81146FFF7AE
:10036000F5FF02F0A7FF00F0C8F803B4FFF7F2FFB3
:1003700003BC02F02DFF00000948804709480047F0
:10038000FEE7FEE7FEE7FEE7FEE7FEE7FEE7FEE745
:10039000FEE7FEE704480549054A064B70470000A2
:1003A000993000089902000870BE072470C807241D
:1003B00070C0072470C00724704753EA020C00F095
:1003C00069802DE9F04B4FF00006002B1FBFB3FAF8
:1003D00083F503FA05F424FA05F65E4012BF1643CE
:1003E000B2FA82F502FA05F4C5F120051EBF22FA21
:1003F00005FC44EA0C04203556EA044C4FEA144448
:1004000018BF641C4FF000084FF00009904271EBD8
:10041000030C39D3002919BFB1FA81F701FA07F6A5
:10042000B0FA80F700FA07F6C7F120071EBF20FADE
:1004300007FC46EA0C062037B6FBF4FCA7EB0507E1
:10044000103F07F01F0BCBF120060CFA0BFB2CFA28
:1004500006F644BFB3460026202FA4BF5E464FF0E9
:10046000000B5BEA060C08BF4FF0010B19EB0B0900
:10047000ABFB027C48EB0608C01B06FB02CC0BFB67
:1004800003CC71EB0C01C1E70B46024641464846DE
:10049000BDE8F08B13B54FF000004FF00001AFF353
:1004A0000080BDE81C407047704770477047704738
:1004B000754600F02BF8AE4605006946534620F01D
:1004C0000700854618B020B5FFF764FFBDE820405F
:1004D0004FF000064FF000074FF000084FF0000B00
:1004E00021F00701AC46ACE8C009ACE8C009ACE8B3
:1004F000C009ACE8C0098D46704710B50446AFF39B
:1005000000802046BDE81040FFF72FBF004870472D
:100510000CBE072441F6277CC9F2000C604740F668
:10052000995CC9F2000C604740F2397CC9F2000CBA
:10053000604740F2297CC9F2000C604740F6BD1CC0
:10054000C9F2000C604740F6C55CC9F2000C604778
:1005500041F24D2CC9F2000C604741F2213CC9F236
:10056000000C604748F2957CC9F2000C604748F2E5
:10057000CD6CC9F2000C604747F6F13CC9F2000CA3
:10058000604745F2A94CC9F2000C604748F6AD0C33
:10059000C9F2000C604748F61D4CC9F2000C6047D8
:1005A00040F6451CC9F2000C6047000070B50446D7
:1005B0000CB9012070BD94F83500022803D08020CA
:1005C00060650120F6E7DC492068884249D0DA49B5
:1005D00018312068884244D0D74930312068884299
:1005E0003FD0D5494831206888423AD0D24960315D
:1005F0002068884235D0D04978312068884230D090
:10060000CD499031206888422BD0CB49A831206851
:10061000884226D0C9492068884222D0C74918316B
:10062000206888421DD0C54930312068884218D0E2
:10063000C24948312068884213D0C04960312068DF
:1006400088420ED0BD4978312068884209D0BB4924
:1006500090312068884204D0B849A8312068884287
:1006600001D1012000E00020F0B3042084F835001F
:10067000B149206888424BD0AF4918312068884280
:1006800046D0AD4930312068884241D0AA4948312E
:10069000206888423CD0A84960312068884237D021
:1006A000A54978312068884232D0A349903120682A
:1006B00088422DD0A049A8312068884228D09F497F
:1006C0002068884224D09D491831206888421FD074
:1006D0009A493031206888421AD0984948312068B8
:1006E000884215D0954900E020E0603120688842BA
:1006F0000ED0924978312068884209D08F499031D4
:100700002068884204D08D49A8312068884206D1EB
:100710002068006820F001002168086009E1206875
:10072000006820F001002168086002E1206800688C
:1007300020F00E00216808607F492068884249D077
:100740007D4918312068884244D07B493031206887
:1007500088423FD078494831206888423AD076496B
:1007600060312068884235D07349783120688842EA
:1007700030D071499031206888422BD06E49A83121
:100780002068884226D06D492068884222D06B4973
:100790001831206888421DD068493031206888426D
:1007A00018D0664948312068884213D063496031C7
:1007B000206888420ED0614978312068884209D08B
:1007C0005E4990312068884204D05C49A831206895
:1007D000884206D12068006820F001002168086086
:1007E00005E02068006820F0010021680860524997
:1007F0002068884270D050491831206888426BD0F8
:100800004D4930312068884266D04B4948312068D4
:10081000884261D048496031206888425CD04649AE
:1008200078312068884257D0434990312068884207
:1008300052D04149A831206888424DD03F492068B4
:10084000884249D03D4918312068884244D03B490C
:100850003031206888423FD038494831206888428A
:100860003AD0364960312068884235D033497831F2
:100870002068884230D031499031206888422BD09E
:100880002E49A8312068884226D02D492068884208
:1008900022D02B491431206888421DD028492831A4
:1008A0002068884218D026493C312068884213D0FD
:1008B00023495031206888420ED021496431206894
:1008C000884209D01E4978312068884204D01C49EA
:1008D0008C312068884201D1012000E00020D8B18D
:1008E000206E006820F48070216E0860A56D94F879
:1008F0005C0000F01F01012088406860D4E91910F5
:100900004860E06E40B1E06E006820F48070E16EF7
:100910000860D4E91C10486000BF002084F834004F
:1009200000BF012084F83500206D10B12046216DF4
:10093000884700203EE600001000024010040240FC
:10094000085402580348006840F00100014908605B
:100950007047000020040058F8B502460023734D8C
:10096000DEE001279F400E6806EA0704002C71D0E4
:100970004E68022E02D04E68122E13D1DF0802F10B
:10098000200656F827005E07F70E0F26BE40B0433C
:100990005F07FF0E0E69BE403043DF0802F12006FC
:1009A00046F8270010685F000326BE40B0430E796A
:1009B00006F003065F00BE40304310604E68012E13
:1009C00008D04E68022E05D04E68112E02D04E6817
:1009D000122E13D190685F000326BE40B0435F0023
:1009E000CE68BE4030439060506801269E40B043C0
:1009F0000E79C6F300169E4030435060D0685F0009
:100A00000326BE40B0435F008E68BE403043D060D6
:100A10004E6806F08056B6F1805F1BD100BF444E91
:100A2000366846F00206424F3E603E46366806F0A3
:100A30000206009600BF00BF3E4E9F0856F82700F2
:100A40009E07370F0F26BE40B0433B4EB24202D145
:100A500000262EE063E0394EB24201D1012628E0A3
:100A6000374EB24201D1022623E0364EB24201D1C6
:100A700003261EE0344EB24201D1042619E0334E63
:100A8000B24201D1052614E0314EB24201D1062610
:100A90000FE0304EB24201D107260AE02E4EB2429C
:100AA00001D1082605E02D4EB24201D1092600E011
:100AB0000A269F073F0FBE4030431E4E9F0846F850
:100AC00027002868A0434E6806F48036B6F5803FBC
:100AD00000D1204328606868A0434E6806F40036C1
:100AE000B6F5003F00D1204368604FF0B046306853
:100AF000A0434E6806F48016B6F5801F00D120434F
:100B00004FF0B04630607068A0434E6806F400169F
:100B1000B6F5001F00D120434FF0B04670605B1C5B
:100B20000E68DE40002E7FF41CAFF8BD8000005838
:100B3000F444025808040058000002580004025807
:100B400000080258000C0258001002580014025805
:100B500000180258001C02580020025800240258B5
:100B6000024613690B400BB1012000E000207047E2
:100B70000AB1816101E00B0483617047014800689C
:100B8000000C70470010005C0148006870470000CE
:100B900038000024034800680349097808440149E3
:100BA00008607047380000244000002410B503207E
:100BB00000F00AF901F0CCFA10490968C1F30321E9
:100BC0000F4A515C01F01F01C8400E4908600B48F4
:100BD000006800F00F001146085C00F01F01094892
:100BE0000068C840084908600F2000F00FF808B1FD
:100BF000012010BD00F09AF80020FAE718440258CE
:100C0000AE360008000000240400002470B504463D
:100C10001148007808B9012070BD0F4800784FF4E2
:100C20007A71B1FBF0F00D490968B1FBF0F5284687
:100C300001F078FF08B10120EEE7102C07D2002266
:100C40002146501E00F083F80548046001E00120B1
:100C5000E2E70020E0E7000040000024000000245C
:100C60003C0000244178154A11600178F9B1121D49
:100C700041681160017B0907C27A41EA0261827A08
:100C800041EAC241427B41EA8241827B41EA4241E0
:100C9000C27B41EA0241427A41EA0221027A41EAF8
:100CA000420102781143054A0832116005E0002133
:100CB000024A121D1160121D1160704798ED00E08C
:100CC00000BF00BF00BFBFF35F8F00BF00BF00BF0A
:100CD0000548006820F4803003490860002002497C
:100CE000703108607047000024ED00E040F0010121
:100CF0000D4A11600C497039096841F480310A4A83
:100D0000703A116000BF00BF00BFBFF34F8F00BF3C
:100D100000BF00BF00BF00BF00BFBFF36F8F00BFA9
:100D200000BF00BF7047000094ED00E0704701462F
:100D30000846002809DB00F01F0301229A404309FE
:100D40009B0003F1E023C3F8002100BF70472DE9A9
:100D5000F05F80460D46164602F01EFA07463946F9
:100D60002A46334601F00700C0F1070ABAF1040F22
:100D700002D94FF0040A01E0C0F1070AD14600F1A0
:100D8000040ABAF1070F02D24FF0000A01E0A0F105
:100D9000030AD4464FF0010A0AFA09FAAAF1010A35
:100DA0000AEA020A0AFA0CFA4FF0010B0BFA0CFBE2
:100DB000ABF1010B0BEA030B4AEA0B042146404658
:100DC00002F0F2F9BDE8F09F00BF00F00702064B09
:100DD00019684FF6FF031940044B0B4343EA022105
:100DE000014B196000BF70470CED00E00000FA05F0
:100DF0000348006840F080700149086070470000B7
:100E00000C48025810B501F0A3F907490968C1F36D
:100E10000321064A515C01F01F01C84004490860E3
:100E20000846006810BD000018440258AE3600089D
:100E30000000002410B501F04FF905490968C1F31D
:100E40000211044A515C01F01F01C84010BD0000AE
:100E500020440258AE36000870B50146844D2D6816
:100E600005F00303824D2D68C5F30530804D2D1D1F
:100E70002D68C5F300147E4D14352D68C5F3CC05DF
:100E800015FB04F501EE105AB8EE411AF0EE410AD6
:100E900000286FD023B1012B4ED0022B6BD16BE019
:100EA000734D283D2D68C5F340153DB3704D283D69
:100EB0002D68C5F3C1066F4D25FA06F201EE102A22
:100EC000F8EE411A01EE100AB8EE411A81EE812ABD
:100ED0009FED691AC0EE811A654D10352D68C5F376
:100EE000080501EE105AB8EE411A31EE811AF7EEFC
:100EF000001A31EE211A22EE010A1CE001EE100A5E
:100F0000B8EE411ADFED5D1A81EE812A9FED5A1A83
:100F1000C0EE811A564D10352D68C5F3080501EE57
:100F2000105AB8EE411A31EE811AF7EE001A31EE7E
:100F3000211A22EE010A5BE001EE100AB8EE411A16
:100F4000DFED4F1A81EE812A9FED4B1AC0EE811A18
:100F5000474D10352D68C5F3080501EE105AB8EE5F
:100F6000411A31EE811AF7EE001A31EE211A22EE03
:100F7000010A3DE077E01DE001EE100AB8EE411AEB
:100F80009FED402AC2EE011A9FED3B1A80EE812AA6
:100F9000374D10352D68C5F3080501EE105AB8EE2F
:100FA000411A32EE011AB7EE002A31EE021A21EE92
:100FB000810A1DE001EE100AB8EE411ADFED301A89
:100FC00081EE812A9FED2C1AC0EE811A284D103532
:100FD0002D68C5F3080501EE105AB8EE411A31EE3E
:100FE000811AF7EE001A31EE211A22EE010A00BF33
:100FF00000BF1F4D10352D68C5F3462501EE105A70
:10100000B8EE411AF7EE001A31EE211AC0EE011ABD
:10101000BCEEE11A81ED001A154D10352D68C5F3AF
:10102000064501EE105AB8EE411AF7EE001A31EEFD
:10103000211AC0EE011ABCEEE11A81ED011A0C4D25
:1010400010352D68C5F3066501EE105AB8EE411A49
:10105000F7EE001A31EE211AC0EE011ABCEEE11AC9
:1010600081ED021A03E000250D604D608D6070BDBA
:10107000284402580090D003000000460024744C1D
:101080000024744A0024F44A70B50146844D2D684A
:1010900005F00303824D2D68C5F30550804D2D1DCD
:1010A0002D68C5F300247E4D1C352D68C5F3CC0595
:1010B00015FB04F501EE105AB8EE411AF0EE410AA4
:1010C00000286FD023B1012B4ED0022B6BD16BE0E7
:1010D000734D283D2D68C5F340153DB3704D283D37
:1010E0002D68C5F3C1066F4D25FA06F201EE102AF0
:1010F000F8EE411A01EE100AB8EE411A81EE812A8B
:101100009FED691AC0EE811A654D18352D68C5F33B
:10111000080501EE105AB8EE411A31EE811AF7EEC9
:10112000001A31EE211A22EE010A1CE001EE100A2B
:10113000B8EE411ADFED5D1A81EE812A9FED5A1A51
:10114000C0EE811A564D18352D68C5F3080501EE1D
:10115000105AB8EE411A31EE811AF7EE001A31EE4C
:10116000211A22EE010A5BE001EE100AB8EE411AE4
:10117000DFED4F1A81EE812A9FED4B1AC0EE811AE6
:10118000474D18352D68C5F3080501EE105AB8EE25
:10119000411A31EE811AF7EE001A31EE211A22EED1
:1011A000010A3DE077E01DE001EE100AB8EE411AB9
:1011B0009FED402AC2EE011A9FED3B1A80EE812A74
:1011C000374D18352D68C5F3080501EE105AB8EEF5
:1011D000411A32EE011AB7EE002A31EE021A21EE60
:1011E000810A1DE001EE100AB8EE411ADFED301A57
:1011F00081EE812A9FED2C1AC0EE811A284D1835F8
:101200002D68C5F3080501EE105AB8EE411A31EE0B
:10121000811AF7EE001A31EE211A22EE010A00BF00
:1012200000BF1F4D18352D68C5F3462501EE105A35
:10123000B8EE411AF7EE001A31EE211AC0EE011A8B
:10124000BCEEE11A81ED001A154D18352D68C5F375
:10125000064501EE105AB8EE411AF7EE001A31EECB
:10126000211AC0EE011ABCEEE11A81ED011A0C4DF3
:1012700018352D68C5F3066501EE105AB8EE411A0F
:10128000F7EE001A31EE211AC0EE011ABCEEE11A97
:1012900081ED021A03E000250D604D608D6070BD88
:1012A000284402580090D003000000460024744CEB
:1012B0000024744A0024F44A2DE9F0410446002534
:1012C000A846206800F00060B0F1006F30D1606E79
:1012D00048B1B0F5801F0DD0B0F5001F10D0B0F5AB
:1012E000401F15D113E0F948006840F40030F74979
:1012F00008600FE00221201D01F0D2FC054609E044
:10130000022104F1240001F07DFD054602E001E028
:10131000012500BF00BF55B9EC482430006820F417
:101320004010616E0843E9492431086000E0A84696
:10133000208800F48070B0F5807F2DD1606D052885
:101340001AD2DFE800F0030A10171800DF4800681F
:1013500040F40030DD49086010E00021201D01F05C
:101360009FFC05460AE0002104F1240001F04AFD3B
:10137000054603E002E001E0012500BF00BF55B9CA
:10138000D2482430006820F00700616D0843CF493F
:101390002431086000E0A846208800F40070B0F511
:1013A000007F33D1A06D802817D003DC40B14028E6
:1013B0001CD10CE0C02817D0B0F5807F16D114E006
:1013C000C248006840F40030C049086010E00021C5
:1013D000201D01F065FC05460AE0002104F124000F
:1013E00001F010FD054603E002E001E0012500BF29
:1013F00000BF55B9B5482430006820F4E070A16DF5
:101400000843B2492431086000E0A846208800F46F
:101410008060B0F5806F38D1D4F8A400B0F5800FAB
:1014200019D004DC50B1B0F5001F1DD10DE0B0F5AE
:10143000C00F17D0B0F5000F16D114E0A348006814
:1014400040F40030A149086010E00021201D01F0A7
:1014500027FC05460AE0002104F1240001F0D2FC3B
:10146000054603E002E001E0012500BF00BF5DB9D1
:1014700096482C30006820F46000D4F8A41008438B
:1014800092492C31086000E0A846208800F40060F2
:10149000B0F5006F38D1D4F8A800B0F1007F19D0B2
:1014A00004DC50B1B0F1807F1DD10DE0B0F1407F80
:1014B00017D0B0F1806F16D114E08448006840F472
:1014C00000308249086010E00021201D01F0E8FB97
:1014D00005460AE0002104F1240001F093FC0546D2
:1014E00003E002E001E0012500BF00BF5DB97748DD
:1014F0002C30006820F0E060D4F8A810084373494D
:101500002C31086000E0A846206800F00070B0F1BF
:10151000007F27D1A06CA0B1102804D0202809D0CA
:1015200030280FD10CE06948006840F4003067496A
:10153000086009E00221201D01F0B2FB054603E02E
:1015400002E001E0012500BF00BF55B95F4820302F
:10155000006820F03000A16C08435C49203108602D
:1015600000E0A846208800F48050B0F5805F36D1B6
:10157000E06DB0F5005F19D004DC50B1B0F5805FCC
:101580001DD10DE0B0F5405F17D0B0F5804F16D1FA
:1015900014E04E48006840F400304C49086010E008
:1015A0000021201D01F07CFB05460AE0002104F12A
:1015B000240001F027FC054603E002E001E00125DC
:1015C00000BF00BF55B941482430006820F4E04016
:1015D000E16D08433D492431086000E0A8462088B9
:1015E00000F40050B0F5005F34D1206EB0F5403FFC
:1015F0001DD007DC68B1B0F5803F0BD0B0F5003FDF
:1016000018D10DE0B0F5802F12D0B0F5A02F11D178
:101610000FE011E00121201D01F042FB05460BE027
:10162000012104F1240001F0EDFB054604E003E094
:1016300002E001E0012500BF00BF55B92348243076
:10164000006820F4E020216E08432049243108601E
:1016500000E0A846208800F48040B0F5804F38D1E3
:10166000D4F8AC00B0F1405F1DD007DC68B1B0F138
:10167000805F0BD0B0F1005F18D10DE0B0F1804F6A
:1016800012D0B0F1A04F11D10FE011E00121201DC7
:1016900001F006FB05460BE0012104F1240001F0F6
:1016A000B1FB054604E003E002E001E0012500BFD4
:1016B00000BF6DB905482C30006820F0E040D4F838
:1016C000AC10084301492C31086002E02C44025858
:1016D000A846208800F40040B0F5004F26D1E06E07
:1016E00098B1B0F1805F03D0B0F1005F0ED106E099
:1016F000F948006840F40030F749086008E001212B
:10170000201D01F0CDFA054602E001E0012500BFF1
:1017100000BF55B9F0482430006820F04050E16E19
:101720000843ED492431086000E0A846206800F035
:101730008070B0F1807F27D1606CA0B1012804D007
:10174000022809D003280FD10CE0E348006840F4D8
:101750000030E149086009E00221201D01F0A0FAF3
:10176000054603E002E001E0012500BF00BF55B9D6
:10177000D9482030006820F00300616C0843D64946
:101780002031086000E0A846206800F48000B0F531
:10179000800F7DD1D148006840F48070CF49086047
:1017A000FFF7F2F9064606E0FFF7EEF9801B642822
:1017B00001D9032505E0C948006800F480700028BD
:1017C000F2D000BF85BBC4484430006800F44070CC
:1017D000B4F8B01001F44071884213D0BE484430D0
:1017E000006820F44077BC484430006840F4803002
:1017F000B949443108600846006820F48030086028
:1018000008460760D4F8B000B0F5807F15D1FFF727
:10181000BBF9064609E0FFF7B7F9801B41F28831B2
:10182000884202D9032507E038E0AB48443000681D
:10183000C0F340000028EED000BF55BB00BFB4F895
:10184000B00000F44070B0F5407F0ED1A2481C38C3
:10185000006820F47C51A24AD4F8B000104041EA5C
:1018600010109D491C39086007E09B481C3800682F
:1018700020F47C5098491C3908609748443000682F
:10188000B4F8B010C1F30B0108439349443101E0AF
:1018900005E001E0086002E0A84600E0A8462078E4
:1018A00000F0010068B3A06F182819D005DC48B11A
:1018B000082808D0102816D10BE0202811D028289D
:1018C00011D10FE011E00121201D01F0E9F90546D9
:1018D0000BE0012104F1240001F094FA054604E034
:1018E00003E002E001E0012500BF00BF55B97A48DE
:1018F0002830006820F03800A16F0843764928316D
:10190000086000E0A846207800F00200022828D1F4
:10191000606F062815D2DFE800F003040A111213E5
:1019200011E00121201D01F0BBF905460BE001216A
:1019300004F1240001F066FA054604E003E002E049
:1019400001E0012500BF00BF55B963482830006899
:1019500020F00700616F08435F492831086000E00C
:10196000A846207800F0040004282AD1D4F890007A
:10197000062815D2DFE800F003040A11121311E063
:101980000121201D01F08CF905460BE0012104F135
:10199000240001F037FA054604E003E002E001E02C
:1019A000012500BF00BF5DB94B482C30006820F016
:1019B0000700D4F89010084347492C31086000E034
:1019C000A846207800F02000202836D1D4F88C00DA
:1019D000B0F1405F1DD007DC68B1B0F1805F0BD083
:1019E000B0F1005F18D10DE0B0F1804F12D0B0F12E
:1019F000A04F11D10FE011E00021201D01F050F99E
:101A000005460BE0022104F1240001F0FBF9054634
:101A100004E003E002E001E0012500BF00BF5DB982
:101A20002D482830006820F0E040D4F88C1008439E
:101A300029492831086000E0A846207800F04000DD
:101A4000402836D1D4F89800B0F5406F1DD007DC9F
:101A500068B1B0F5806F0BD0B0F5006F18D10DE014
:101A6000B0F5805F12D0B0F5A05F11D10FE011E0AA
:101A70000021201D01F014F905460BE0022104F1BC
:101A8000240001F0BFF9054604E003E002E001E0B4
:101A9000012500BF00BF5DB90F482C30006820F45D
:101AA000E050D4F8981008430B492C31086000E04E
:101AB000A846207800F0800080283AD1D4F89C0015
:101AC000B0F5C04F23D00DDC98B1B0F5005F11D058
:101AD000B0F5804F1ED113E02C4402580048025844
:101AE000FFFCFF0FB0F5004F12D0B0F5204F11D121
:101AF0000FE011E00021201D01F0D2F805460BE0B7
:101B0000022104F1240001F07DF9054604E003E020
:101B100002E001E0012500BF00BF4DB9AD480068FB
:101B200020F46040D4F89C100843AA49086000E003
:101B3000A846207800F00800082817D1D4F88000C3
:101B4000B0F5805F07D1022104F1240001F05AF9B9
:101B500008B14FF001089F48001F006820F4405072
:101B6000D4F8801008439B49091F0860207800F0D2
:101B70001000102815D1D4F89400B0F5807F07D15B
:101B8000022104F1240001F03DF908B14FF00108F1
:101B90009048006820F44070D4F8941008438D49B0
:101BA0000860206800F40020B0F5002F26D1D4F89A
:101BB000A00030B1B0F5803F09D0B0F5003F0ED1A4
:101BC0000CE00021201D01F06BF8054609E0022120
:101BD00004F1240001F016F9054602E001E00125B8
:101BE00000BF00BF4DB97B48006820F44030D4F8F6
:101BF000A01008437749086000E0A846206800F478
:101C00008020B0F5802F2DD1D4F88400B0F5801F4E
:101C100006D0B0F5001F0CD0B0F5401F11D10FE079
:101C20006C482C38006840F400306A492C39086050
:101C300009E0012104F1240001F0E4F8054602E086
:101C400001E0012500BF00BF5DB96248001F0068C8
:101C500020F44010D4F8841008435E49091F08603E
:101C600000E0A846206800F48030B0F5803F24D121
:101C7000E06C18B1B0F5803F0FD108E055482C3822
:101C8000006840F4003053492C39086007E0022115
:101C9000201D01F005F8054601E0012500BF00BF49
:101CA00055B94C480C38006820F48030E16C08438A
:101CB00048490C39086000E0A846206800F0005050
:101CC000B0F1005F07D1022104F1240001F09AF87D
:101CD00008B14FF00108206800F40030B0F5003F73
:101CE00027D1E06FA0B1B0F5807F06D0B0F5007FBE
:101CF0000CD0B0F5407F0CD109E036482C38006894
:101D000040F4003033492C39086004E003E002E07D
:101D100001E0012500BF00BF55B92E48001F006833
:101D200020F44070E16F08432A49091F086000E071
:101D3000A846206800F48010B0F5801F09D125481E
:101D40000838006820F00040216F08432149083915
:101D50000860206800F40010B0F5001F09D11D488C
:101D60000838006820F08070A16E084319490839CE
:101D70000860206800F08040B0F1804F11D100BFB2
:101D800014484838006820F4004012494839086077
:101D900008460068D4F8B81008430E49483908606E
:101DA00000BF206800F00040B0F1004F09D10948A1
:101DB0000C38006820F04050216D084305490C396B
:101DC0000860B8F1000F02D10020BDE8F0810120C9
:101DD000FBE70000584402582DE9F04104460D4647
:101DE00014B90120BDE8F081B648006800F00F008A
:101DF000A8420ED2B348006820F00F002843B14932
:101E000008600846006800F00F00A84201D00120D9
:101E1000E8E7207800F0040004280ED1AA492069E0
:101E2000096801F07001884207D9A748006820F0CE
:101E3000700021690843A4490860207800F0080078
:101E4000082811D1A049091D6069096801F07001D5
:101E5000884209D99C48001D006820F07000616923
:101E600008439949091D0860207800F010001028E7
:101E700011D19549091DA069096801F4E061884202
:101E800009D99148001D006820F4E060A169084369
:101E90008D49091D0860207800F02000202811D10C
:101EA00089490831E069096801F07001884209D95F
:101EB00085480830006820F07000E16908438249D5
:101EC00008310860207800F0020002280ED17E4917
:101ED000E068096801F00F01884207D97A48006874
:101EE00020F00F00E168084377490860207800F08F
:101EF0000100002850D07448006820F47060A16888
:101F00000843714908606068022807D16E48183894
:101F10000068C0F34040F8B9012063E76068032817
:101F200007D1694818380068C0F34060A0B90120A3
:101F300058E76068012807D1634818380068C0F383
:101F4000002048B901204DE75F4818380068C0F309
:101F5000800008B9012045E75B480838006820F098
:101F6000070061680843584908390860FEF70CFE0D
:101F7000064608E0FEF708FE801B41F288318842E1
:101F800001D903202EE750480838006800F03800D7
:101F90006168B0EBC10FEDD1207800F0020002289B
:101FA0000ED14949E068096801F00F01884207D263
:101FB0004548006820F00F00E16808434249086086
:101FC0004048006800F00F00A8420ED93D48006864
:101FD00020F00F0028433B4908600846006800F0E5
:101FE0000F00A84201D00120FCE6207800F0040098
:101FF00004280ED134492069096801F07001884233
:1020000007D23148006820F07000216908432E494A
:102010000860207800F00800082811D12A49091D1D
:102020006069096801F07001884209D22648001DE4
:10203000006820F07000616908432349091D0860A9
:10204000207800F01000102811D11F49091DA06947
:10205000096801F4E061884209D21B48001D00684C
:1020600020F4E060A16908431749091D0860207841
:1020700000F02000202811D113490831E0690968D7
:1020800001F07001884209D20F480830006820F042
:102090007000E16908430C490831086000F058F805
:1020A00009490968C1F30321084A515C01F01F0185
:1020B000C8400749086007480068FEF7A7FD0746C3
:1020C00038468FE60020005218440258AE36000809
:1020D000000000243C00002410B5FEF793FE0749E1
:1020E000096801F00F01064A515C01F01F01C84068
:1020F000044908600846006810BD000018440258F2
:10210000AE3600080400002410B5FFF7E5FF0549CE
:102110000968C1F30211044A515C01F01F01C84073
:1021200010BD00001C440258AE36000810B5FFF781
:10213000D3FF05490968C1F30221044A515C01F04B
:102140001F01C84010BD00001C440258AE360008F4
:10215000F0B5824E366806F0380636B1082E15D036
:10216000102E15D0182E7DD114E07C4E103E36680E
:10217000C6F3401646B1794E103E3668C6F3C10725
:10218000774E26FA07F000E07548E5E07548E3E091
:102190007548E1E0714E1836366806F003046F4E5C
:1021A00018363668C6F305116C4E1C36366806F0D4
:1021B00001056A4E24363668C6F3CC0616FB05F6D2
:1021C00001EE106AB8EE410A002971D024B1012C49
:1021D00050D0022C6DD16DE0604E103E3668C6F3D3
:1021E00040163EB35D4E103E3668C6F3C1075C4EE6
:1021F00026FA07F301EE103AF8EE411A01EE101A32
:10220000B8EE411A81EE812A9FED581AC0EE011AEC
:10221000524E20363668C6F3080601EE106AB8EE54
:10222000411A31EE811AF7EE001A31EE211A62EEF0
:10223000010A1EE001EE101AB8EE411ADFED4C1A49
:1022400081EE812A9FED491AC0EE011A434E2036D5
:102250003668C6F3080601EE106AB8EE411A31EE90
:10226000811A00E076E0F7EE001A31EE211A62EEF4
:10227000010A5BE001EE101AB8EE411A9FED3D2A0B
:10228000C2EE011A9FED391A80EE012A334E203634
:102290003668C6F3080601EE106AB8EE411A32EE4F
:1022A000011AB7EE002A31EE021A61EE810A3DE012
:1022B0004EE01DE001EE101AB8EE411ADFED2E1AC5
:1022C00081EE812A9FED291AC0EE011A234E203695
:1022D0003668C6F3080601EE106AB8EE411A31EE10
:1022E000811AF7EE001A31EE211A62EE010A1DE0A2
:1022F00001EE101AB8EE411A9FED1E2AC2EE011A25
:102300009FED1A1A80EE012A144E20363668C6F365
:10231000080601EE106AB8EE411A32EE011AB7EE65
:10232000002A31EE021A61EE810A00BF00BF0B4E97
:1023300020363668C6F34626721C01EE102AB8EE27
:10234000411AC0EE811ABCEEE11A11EE100A00E04B
:10235000002001E0034800BF00BFF0BD1044025858
:102360000090D00300093D0000127A0000000046F2
:102370000024744C0024744A0024F44A2DE9F047E8
:10238000044614B90120BDE8F087207800F0010070
:10239000002872D0F948006800F03808F748183073
:1023A000D0F80090B8F1100F06D0B8F1180F0FD187
:1023B00009F0030002280BD1F04810380068C0F380
:1023C000404000286ED0606800286BD10120DAE719
:1023D00000BF6068B0F5803F08D1E8481038006859
:1023E00040F48030E549103908602EE0606868B933
:1023F000E2481038006820F48030E0491039086065
:102400000846006820F4802008601EE06068B0F58F
:10241000A02F0DD1D9481038006840F48020D7494A
:10242000103908600846006840F4803008600CE00D
:10243000D2481038006820F48030D0491039086044
:102440000846006820F48020086000BF6068A8B1DA
:10245000FEF79AFB054608E0FEF796FB401B41F2AB
:102460008831884201D903208DE7C44810380068BC
:10247000C0F340400028EFD014E014E0FEF784FBE6
:10248000054608E0FEF780FB401B41F28831884298
:1024900001D9032077E7B94810380068C0F34040FD
:1024A0000028EFD100BF207800F0020002286BD195
:1024B000B248006800F03808B0481830D0F80090F2
:1024C000B8F1000F05D0B8F1180F2BD109F00300B7
:1024D00040BBAA4810380068C0F3800018B1E0681B
:1024E00008B901204FE700BFFEF748FB41F20301A6
:1024F00088420BD8A1480C38006820F47C30216950
:1025000040EA01309D490C3908600AE09B480C38CC
:10251000006820F0FE40217C40EA016097490C39B8
:10252000086058E0E06870B394481038006820F004
:102530001900E1680843914910390860FEF724FB4F
:10254000054606E0FEF720FB401B022801D90320C8
:1025500019E78A4810380068C0F380000028F1D0DD
:1025600000BFFEF70BFB41F2030188420DD8834800
:102570000C38006820F47C30216940EA01307F4942
:102580000C3908600CE00CE026E07C480C38006850
:1025900020F0FE40217C40EA016078490C39086057
:1025A00019E076481038006820F0010073491039AE
:1025B0000860FEF7E9FA054606E0FEF7E5FA401B7B
:1025C000022801D90320DEE66C4810380068C0F309
:1025D00080000028F1D100BF207800F01000102802
:1025E0006ED16648006800F0380864481830D0F8AA
:1025F0000090B8F1080F06D0B8F1180F2FD109F0EC
:10260000030001282BD15D4810380068C0F300207A
:1026100020B1E069802801D00120B4E600BFFEF7B8
:10262000ADFA41F2030188420CD854480C380068D6
:1026300020F0F84094F8201040EA81604F490C39AE
:1026400008600BE04D48001F006820F07C5094F8B3
:10265000201040EA01604949091F086058E0E0691C
:1026600068B346481038006840F08000434910398C
:102670000860FEF789FA054606E0FEF785FA401B7A
:10268000022801D903207EE63C4810380068C0F3D8
:1026900000200028F1D000BFFEF770FA41F20301DC
:1026A00088420ED835480C38006820F0F84094F87D
:1026B000201040EA816031490C3908600DE00DE0DE
:1026C00027E02E48001F006820F07C5094F820106E
:1026D00040EA01602949091F086019E027481038BD
:1026E000006820F08000254910390860FEF74CFA98
:1026F000054606E0FEF748FA401B022801D90320F0
:1027000041E61E4810380068C0F300200028F1D1CF
:1027100000BF207800F00800082837D16069D0B1E8
:1027200016486430006840F00100144964310860C4
:10273000FEF72AFA054606E0FEF726FA401B0228B5
:1027400001D903201FE60D4864300068C0F3400043
:102750000028F1D01AE009486430006820F0010038
:10276000064964310860FEF70FFA054608E0FEF7F7
:102770000BFA401B022803D9032004E61044025838
:10278000DC480068C0F340000028F0D1207800F059
:102790002000202836D1A069D0B1D648743800680E
:1027A00040F48050D34974390860FEF7EDF90546CE
:1027B00006E0FEF7E9F9401B022801D90320E2E513
:1027C000CC4874380068C0F340300028F1D019E0DC
:1027D000C8487438006820F48050C64974390860CD
:1027E000FEF7D2F9054606E0FEF7CEF9401B0228B7
:1027F00001D90320C7E5BF4874380068C0F34030F2
:102800000028F1D1207800F0040004287DD1BA48D6
:10281000006840F48070B8490860FEF7B5F90546D5
:1028200006E0FEF7B1F9401B642801D90320AAE5B0
:10283000B148006800F480700028F2D000BFA068A2
:10284000012808D1AB48001F006840F00100A949E9
:10285000091F08602DE0A06868B9A648001F00683D
:1028600020F00100A349091F08600846006820F015
:10287000040008601DE0A06805280DD19D48001FD8
:10288000006840F004009B49091F08600846006882
:1028900040F0010008600CE09648001F006820F03E
:1028A00001009449091F08600846006820F00400F0
:1028B000086000BFA068A0B1FEF766F9054608E011
:1028C000FEF762F9401B41F28831884201D90320AA
:1028D00059E58848001F0068C0F340000028EFD089
:1028E00013E0FEF751F9054608E0FEF74DF9401BED
:1028F00041F28831884201D9032044E57D48001F18
:102900000068C0F340000028EFD1606A00287DD045
:1029100078486438006800F03800182877D0606A7A
:10292000022875D173487438006820F080707149AE
:1029300074390860FEF728F9054606E0FEF724F929
:10294000401B022801D903201DE56A48743800683D
:10295000C0F340600028F1D100BFD4E90A1041EA79
:10296000001064494C39096840F2F332914308433E
:1029700060494C390860208E401EC0F30800616B2E
:10298000491E4FF47E4202EA41210843218F491E2D
:10299000D20102EA014108433C21095D491E1202AD
:1029A00002EA0161084353494439086000BF081F27
:1029B000006820F00100091F08604E484038006898
:1029C0004FF6F8718843A16C40EAC100494940398B
:1029D000086048484838006820F00C00216C084323
:1029E0004449483908600846006820F00200616CDC
:1029F00008434049483908600846006840F4803080
:102A000008600846006840F4003002E06FE041E0F2
:102A100025E008600846006840F480200860084609
:102A2000006840F00100086032487438006840F0E7
:102A30008070304974390860FEF7A6F8054606E054
:102A4000FEF7A2F8401B022801D903209BE4294885
:102A500074380068C0F340600028F1D047E0254892
:102A60007438006820F08070224974390860FEF7DD
:102A70008BF8054606E0FEF787F8401B022801D9CF
:102A8000032080E41B4874380068C0F340600028CD
:102A9000F1D12CE017484C380768164844380668CE
:102AA000606A012821D007F00301A06A81421CD18D
:102AB000C7F30511E06A884217D1C6F30801206BFD
:102AC000401E814211D1606B401EC6F346218842F0
:102AD0000BD1A06B401EC6F30641884205D1E06BC6
:102AE000401EC6F30661884201D001204BE400205D
:102AF00049E400007444025800480258042808D1F0
:102B00004FF0E021096941F004014FF0E02211612A
:102B100007E04FF0E021096921F004014FF0E022C5
:102B20001161704770B504462546681EB0F1807F7C
:102B300001D301200FE0681E4FF0E02148610F2112
:102B40004FF0FF3000F030FB00204FF0E0218861B3
:102B500007200861002070BD10B586B004462B49DF
:102B60002068884250D100BF00BF2948006840F06B
:102B70001000274908600846006800F01000009027
:102B800000BF00BF00BF00BF00BF21481038006871
:102B900040F001001E49103908600846006800F046
:102BA0000100009000BF00BF00BF00BF00BF08468B
:102BB000006840F0010008600846006800F001006D
:102BC000009000BF00BF00BF4FF4007001900220D2
:102BD000029001200390022004900720059001A993
:102BE0000C48FDF7B9FE4FF4806001900720059076
:102BF00001A90848FDF7B0FE2520FEF798F803224A
:102C000011462520FEF7A3F806B010BD00100140C4
:102C1000F0440258000002581D4A0168914236D122
:102C20001C49098801F4004189BB1A49098801F44B
:102C3000804171B1184909780A2903D00021154A49
:102C4000118024E01349098841F40041114A1180A0
:102C50001DE0114909780D2906D10E49098841F472
:102C600080410C4A118012E00B490978094A128808
:102C7000C2F30D02094B995406490988491C054ABB
:102C8000118011460988C72901DD00211180704794
:102C9000001001403400002436000024480C0024B9
:102CA0002DE9F04104460E4600275548006800F023
:102CB0000300032802D10120BDE8F08150482838E4
:102CC000006820F080604E4928390860FDF75CFFFD
:102CD000054606E0FDF758FF401B022801D90320F6
:102CE000EAE7474828380068C0F3C0600028F1D1FF
:102CF00000BF4348006820F47C30216840EA01307E
:102D00003F490860A088401EC0F30800A168491E22
:102D10004FF47E4202EA41210843A189491ED201B3
:102D200002EA01410843217C491E120202EA0161C4
:102D3000084333491031086000BF3148001D006866
:102D400020F0C000616908432D49091D086008464C
:102D5000006820F02000A16908432949091D086086
:102D60000846006820F0100008602548143000680C
:102D70004FF6F8718843E16940EAC10020491431F7
:102D800008601F48001D006840F010001C49091D24
:102D900008602EB90846006840F40020086012E080
:102DA000012E08D11648001D006840F48010144917
:102DB000091D086007E01248001D006840F400107B
:102DC0000F49091D08600E482838006840F08060EF
:102DD0000B4928390860FDF7D7FE054606E0FDF7E8
:102DE000D3FE401B022801D9032065E70448283898
:102DF0000068C0F3C0600028F1D038465CE70000EE
:102E0000284402582DE9F04104460E460027554853
:102E1000006800F00300032802D10120BDE8F08122
:102E200050482838006820F080504E492839086002
:102E3000FDF7AAFE054606E0FDF7A6FE401B0228A8
:102E400001D90320EAE7474828380068C0F34070FA
:102E50000028F1D100BF4348006820F07C70218831
:102E600040EA01503F490860A088401EC0F30800B6
:102E7000A168491E4FF47E4202EA41210843A1891C
:102E8000491ED20102EA01410843217C491E120277
:102E900002EA0161084333491831086000BF314834
:102EA000001D006820F44060616908432D49091D38
:102EB00008600846006820F40070A16908432949A9
:102EC000091D08600846006820F4807008602548E5
:102ED0001C3000684FF6F8718843E16940EAC10090
:102EE00020491C3108601F48001D006840F48070B4
:102EF0001C49091D08602EB90846006840F480008E
:102F0000086012E0012E08D11648001D006840F448
:102F100000001449091D086007E01248001D006800
:102F200040F080700F49091D08600E48283800687D
:102F300040F080500B4928390860FDF725FE054612
:102F400006E0FDF721FE401B022801D9032065E7BA
:102F5000044828380068C0F340700028F1D0384693
:102F60005CE700002844025810B50023234C23607E
:102F700000BF00BF00BFBFF34F8F00BF00BF00BF47
:102F8000231F1868C0F34E3100BFC0F3C90200BF51
:102F900043F6E07303EA41134FF0404404EA8274BD
:102FA0002343174C236000BF00BF131EA2F1010290
:102FB000EED10B1EA1F10101E7D100BF00BF00BFA0
:102FC000BFF34F8F00BF00BF00BF0C4B703B1B68AF
:102FD00043F48033094C703C236000BF00BF00BF46
:102FE000BFF34F8F00BF00BF00BF00BF00BF00BFD7
:102FF000BFF36F8F00BF00BF00BF10BD84ED00E0C6
:1030000060EF00E000BF00BF00BFBFF34F8F00BF05
:1030100000BF00BF00BF00BF00BFBFF36F8F00BF86
:1030200000BF00BF00201449086000BF00BF00BF00
:10303000BFF34F8F00BF00BF00BF00BF00BF00BF86
:10304000BFF36F8F00BF00BF00BF0C48006840F4A3
:1030500000300A49086000BF00BF00BFBFF34F8FB8
:1030600000BF00BF00BF00BF00BF00BFBFF36F8F36
:1030700000BF00BF00BF704750EF00E014ED00E05C
:1030800010B504480078012801D1FDF743FAFDF797
:1030900081FD10BD950000242448006840F47000B4
:1030A000224908602248006840F001002049086079
:1030B00000201F49103108601D4800681D49084064
:1030C0001B49086000201A4918310860091D086072
:1030D000091D0860164928310860091D0860091D8E
:1030E0000860091D0860091D0860091D0860091DA8
:1030F0000860091D08600E48006820F480200C4913
:10310000086000200A49603108600B4800686FF3CE
:103110000F00B0F1005F02D20120084908604FF0B3
:1031200000600249803908607047000088ED00E0C7
:10313000004402587FEDF6EA0010005C088100515F
:1031400070B50024114DFDF7EAF91148FDF7ECF9CF
:1031500000BF03E0641CAC4200D904E00C48FDF75A
:10316000E8F92028F6D100BF002403E0641CAC423B
:1031700000D906E0012207490548FDF7DFF90028DC
:10318000F4D100BFFDF7DFF970BD0000FFFF0100C3
:10319000100D00243600002402480068C0F302200D
:1031A000704700000CED00E010B5002804DB0A07B2
:1031B000130E054A135406E00A07140E034A00F0E2
:1031C0000F031B1FD45410BD00E400E018ED00E015
:1031D00000BF704770B5044600204FF0E021086141
:1031E0000420FFF78BFC0C48046025460B48006860
:1031F0000B49B1FBF0F045434FF0E020006940F08F
:1032000002004FF0E021086108464561006940F086
:103210000100086170BD00002C0000243CD5009026
:1032200040420F0070B50446002504E04FF47A7068
:1032300000F004F86D1CA542F8D370BD2DE9F843E9
:10324000074600264FF0E020D0F81490114800689F
:1032500007FB00F86846FDF77BF94FF0E020856931
:1032600011E04FF0E0208469AC420CD0AC4202D2B5
:10327000281B064403E0A9EB040028440644254625
:10328000464500D300E0ECE700BF6846FDF765F96E
:10329000BDE8F8832C00002400BF054AD26902F083
:1032A0004002002AF9D0C2B2014B9A627047000076
:1032B0000010014010B500F02BF8FDF777FC042357
:1032C00002221146F02000F01DF94FF4F070FFF7D4
:1032D00081FF4FF4E13000F0C9F9FDF743F9FDF744
:1032E00046F9FDF749F9FDF74CF90020FDF74EF9D5
:1032F0000120FDF74BF90220FDF748F90320FDF707
:1033000045F90420FDF742F9FDF745F9002010BD0D
:1033100010B5FFF777FEFFF727FE0348006840F07F
:1033200004000149086010BD9CEF00E030B587B093
:103330000546002400BF6A48006840F00200684962
:1033400008600846006800F00200019000BF00BF5E
:1033500000BF0846006840F00800086008460068A2
:1033600000F00800019000BF00BF00BF08460068E1
:1033700040F0100008600846006800F0100001905E
:1033800000BF00BF00BF56480C38006840F48040C2
:1033900053490C3908600846006800F480400190E9
:1033A00000BF00BF40200290022003900320059040
:1033B000012004900A20069002A94A48FDF7CCFAA1
:1033C000042002900920069002A94648FDF7C4FA9D
:1033D0004FF4605002900920069002A94248FDF780
:1033E000BBFA042002900920069002A93F48FDF78D
:1033F000B3FA3B486438006840F480403849643987
:1034000008600846006820F48040086000BF384823
:10341000806800F020000028F9D13648344908605F
:10342000354848600846006840F00100086000BF69
:103430002F48806800F020000028F9D14FF48370F5
:103440002B49486100BF2A48806800F0020000282C
:10345000F9D02748C06840F002002549C86000BF85
:103460002348806800F020000028F9D12049C86175
:10347000EB2444F4807444F44064A81C44EA00340F
:1034800044F4404400BF44F4801444F0407444F0D9
:103490004064084644611948006820F480301749A8
:1034A000086016487030006820F001001349703140
:1034B00008600020091D08604FF01040091D0860D9
:1034C0000F48091D086005200C49703108600B4841
:1034D000006840F480300949086007B030BD000042
:1034E000E044025800040258000C02580010025830
:1034F00000500052100300010102180024ED00E00A
:103500002D0003032DE9F041CCB080460D46164650
:103510001F4600245148006820F004004F4908600D
:1035200000BF002001904E48006820F001004C4987
:1035300008600846006800F00100019047480C3020
:10354000006840F4404045490C3108600846006876
:1035500000F44040019000BF00BF00BF3F480C3066
:10356000006800F40050B0F5005FF7D121203190E1
:103570004FF4803032900020349038900120379002
:1035800002203A90022131A88162CDF8F480C56210
:10359000466387630021416408210164002181643E
:1035A000FEF7ECFE04461CB101204CB0BDE8F081F2
:1035B0003F204490032045900020469008204790EB
:1035C0004020499000014A90402048904B900421AF
:1035D00044A8FEF701FC04460CB10120E5E72148B0
:1035E0000290082003904FF4DC71049102210591B0
:1035F000069107910021089109910A9102201390E8
:103600002020149000201F9020904FF44010239011
:1036100002A8FDF751FE04460CB10120C5E70020C9
:10362000FFF784FEFDF7E4FB0F48006840F08000E0
:103630000D49086000BF0C48F430006840F00200FB
:103640000949F43108600846006800F00200019062
:1036500000BF00BFFDF776F90020A6E70C4802582E
:103660002C040058030004030044025810B504461B
:1036700009480A4908600846446000218160C16029
:10368000016181610C214161FCF78AFF012204493B
:103690000248FCF753FF10BD00100140100D00243C
:1036A000360000244FF04070E1EE100A7047000031
:1036B00000000102030401020304060708090000D8
:1036C000E03600080000002438010000D4020008A1
:1036D0002C3700083801002438C7070030030008E1
:1036E000113C90D00304B123FFFF221F001012F8F9
:1036F0001FF8E007FF07E0FF40BC07FC30843210F2
:103700003301014AF83413AD881490858912901260
:103710000E3224323032385220147607241CE00353
:0C372000302C12382CF001203401BC00C9
:0200000490006A
:10000000782900F06D8000207047000072B67047BC
:1000100062B6704772B602B4EFF3118180F31188B3
:10002000BFF34F8FBFF36F8F084602BC62B67047B5
:1000300072B680F31188BFF34F8FBFF36F8F62B634
:10004000704730BF704720BF7047B0FA80F07047EC
:1000500090FAA0F0B0FA80F0704790FAA0F07047E4
:100060000FB4044910B503AA029800F0BFF810BC01
:100070005DF814FB300000242DE9F0410E460446E3
:10008000002020622046E168884730B3252805D04B
:10009000D4E901219047206A401CF2E7E16820463C
:1000A00000278847050018D0A5F14100192802D87B
:1000B00020354FF400673246294620462760FFF777
:1000C0009FFF40B1012804D0F61D26F00706083630
:1000D000D8E7361DD6E72846DAE7206ABDE8F08182
:1000E00070B504460D4621461068AFF300802188A4
:1000F000090502D50F4A7A4402E00E4A7A440E32CC
:10010000002104F1240305E000F00F060009965DCC
:100110005E54491C0028F7D120780023000704D53D
:10012000702D02D009B1022311322046BDE8704083
:1001300000F002B8CAD500002DE9F0470D469946F7
:100140009246044600F124080168880604D5E06957
:1001500021F01001216000E00120A84201DD471BD1
:1001600000E00027A1697A1902EB0900081AA061D2
:100170002078C00602D42046AFF30080002608E0B5
:10018000D4E901211AF806009047206A401C761C29
:1001900020624E45F4DB2078C0060AD52046AFF336
:1001A000008006E0D4E9012130209047206A401CFD
:1001B0002062381EA7F10107F4DC07E0D4E9012131
:1001C00018F805009047206A401C2062281EA5F1FF
:1001D0000105F3DC2046AFF300802078000602D54D
:1001E0000220BDE8F0870120FBE70000074B70B557
:1001F0000D467B4400F011F80446284600F020F834
:1002000010B14FF0FF3070BD204670BDA3300078B4
:1002100001694A1C02610878704700B58FB0CDE9CA
:1002200001310021059105497944CDE903101146BA
:100230006846FFF721FF0FB000BD0000E5FFFFFF9C
:10024000007B00F08000704772B64EF62250CEF26E
:10025000000040F2FF01C0F200010170002080F3B5
:10026000098840F28800C2F20040016881F30888E2
:1002700001F0AAFD40F2B600C2F2004040F2B70120
:10028000C2F200410A78027040F23010C2F200401F
:1002900040F23411C2F200410A680260106880F333
:1002A0000988EFF3148040F0020020F0040080F38E
:1002B0001488BFF36F8FBDE8F04F0FBCBDE800504E
:1002C00006BC62B6084726484FF08051016070476F
:1002D00072B640F28C02C2F20042116881F31188BA
:1002E000BFF34F8FBFF36F8F62B6EFF309801EF03D
:1002F000100F08BF20ED108A20E9F04F40F23015B2
:10030000C2F2004529680860744601F05DFD40F2C4
:10031000B600C2F2004040F2B701C2F200410A78D2
:10032000027040F23411C2F200410A682A6044F0BF
:10033000040E1068B0E8F04F1EF0100F08BFB0ECCC
:10034000108A80F3098840F20002C0F2000272B6FF
:1003500082F31188BFF34F8FBFF36F8F62B6704780
:1003600004ED00E042F2511CC0F6000C604740F67C
:10037000591CC0F6000C604740F2AD5CC0F6000CA2
:10038000604742F6593CC0F6000C604740F6713CAD
:10039000C0F6000C604743F2252CC0F6000C604705
:1003A00040F6893CC0F6000C604742F6194CC0F696
:1003B000000C604740F6356CC0F6000C604740F614
:1003C000596CC0F6000C604741F2890CC0F6000C75
:1003D000604740F2BB3CC0F6000C604742F2091C8B
:1003E000C0F6000C604742F22D1CC0F6000C6047BE
:1003F00040F6613CC0F6000C604743F23D2CC0F66D
:10040000000C604740F6C14CC0F6000C604740F657
:10041000654CC0F6000C604740F6ED4CC0F6000C91
:10042000604700BFFEE710B500F022F800F01AF8B0
:1004300010BD000010B5002400BF00BF4020FFF732
:10044000E9FD044600BF00BF1021054800F0A8FBED
:1004500000BF00BF2046FFF7EBFD00BF00BF10BD8F
:1004600040B1072410B5FFF7E5FF10BD00BFFEE760
:1004700010B500200249086000F00AF810BD000025
:1004800084000024014908607047000084000024B3
:1004900010B50A48006840F08070084908600020E4
:1004A000074948600846006840F001000860FFF70F
:1004B00059FF0446FFF7E6FF10BD0000FCED00E029
:1004C000001000E00148406870470000001000E0A4
:1004D0007047000070B50446B3F5804F13D1D1E9E1
:1004E000000540EA05108D6840EA05208D69284323
:1004F0008D8940EA054054F82250064E3540284385
:1005000044F8220003E06FF0704044F8220000201D
:1005100070BD00000000F0CF30B50246086852F808
:10052000200020F001000C6842F8240088680828A8
:1005300001D1402300E00023486818438C68204321
:10054000CC6820430C6920434C6920438C692043CC
:10055000CC6920430C6A20434C6A20438C6A2043B8
:10056000CC6A20430C6B20434C6B20438C6B2043A4
:100570000C6852F824400D4D2C4020430C6842F882
:100580002400086BB0F5801F07D1086828B11068F7
:1005900020F480100C6B20431060086818B11068BC
:1005A0004C6B20431060002030BD00008004C0FF71
:1005B00030B50346D1E9000540EA05108D6840EAF0
:1005C00005208D8940EA0545088A401E45EA005508
:1005D000087D801E45EA00608D692843551C53F84C
:1005E000255005F040452843551C43F82500186860
:1005F00000F48010B0F5801F0BD1586820F470040F
:10060000088A401E44EA0054586820F470002043D1
:100610005860002030BD000070B504460E461546F7
:100620000CB9012070BD94F8450028B9002084F869
:100630004400204600F028F804F108012068FFF784
:100640006BFF3146A2682068FFF7B2FF2946E36AD4
:10065000D4E90102FFF73EFFA168206850F82100AD
:1006600040F00100A268216841F8220005480068B6
:1006700040F0004003490860012084F84500002054
:10068000D0E700000040005210B586B0044600BF1D
:100690002048006840F480501E4908600846006801
:1006A00000F48050009000BF00BF00BF19480C301C
:1006B000006840F0080017490C31086008460068DF
:1006C00000F00800009000BF00BF00BF08460068AF
:1006D00040F0100008600846006800F0100000902C
:1006E00000BF00BF4CF20370019002200290012075
:1006F0000390032004900C20059001A90648FFF701
:1007000036FE4FF68070019001A90448FFF72FFED6
:1007100006B010BDD4440258000C02580010025814
:1007200070477047704770470146D1F88030D1F864
:10073000842043EA020070472DE9F0470446206810
:10074000C569206806682068876840F60F0005EADA
:100750000008B8F1000F0FD105F0200060B106F0DD
:10076000200010B907F0805030B1E06E10B1204683
:10077000E16E8847BDE8F087B8F1000F7ED06E4883
:10078000384018B96D4830400028F7D005F0010016
:1007900058B106F4807040B1012021680862D4F895
:1007A000880040F00100C4F8880005F0020058B14C
:1007B00007F0010040B1022021680862D4F88800E7
:1007C00040F00400C4F8880005F0040058B107F0B8
:1007D000010040B1042021680862D4F8880040F08C
:1007E0000200C4F8880005F0080070B106F020008F
:1007F00010B95148384040B1082021680862D4F847
:10080000880040F00800C4F8880005F4006060B17A
:1008100006F0806048B14FF4006021680862D4F8A7
:10082000880040F02000C4F88800D4F88800002830
:1008300044D005F0200050B106F0200010B907F0B8
:10084000805020B1E06E10B12046E16E8847D4F8A8
:1008500088902068806800F04000402802D009F0AD
:10086000280028B3204603F0FDF82068806800F0D7
:100870004000402818D12068806800E01FE020F088
:10088000400021688860A06F50B12D48A16F0865B5
:10089000A06FFFF771FD88B1A06F016D88470DE073
:1008A0002046FFF740FF09E02046FFF73CFF05E048
:1008B0002046FFF738FF0020C4F888005AE705F407
:1008C000801050B107F4800038B14FF480102168D7
:1008D00008622046FFF726FF4CE705F0800058B17C
:1008E00006F0800010B907F4000028B1206F10B1A5
:1008F0002046216F88473DE705F0400030B106F003
:10090000400018B1204603F0C1F833E705F40000B9
:1009100030B106F0804018B12046FFF702FF29E70A
:1009200005F0807030B106F0004018B12046FFF7A6
:10093000F7FE1FE700BF1DE70100001020010004C3
:100940004B3A009010B504460CB9012010BDA069C7
:1009500000B100E000BFD4F8800028B9002084F87E
:100960007C002046FFF70DFD2420C4F8800020689D
:10097000006820F0010021680860204603F0BAF901
:10098000012800D1E2E7A06A10B1204602F0A7FFDB
:100990002068406820F490402168486020688068A2
:1009A00020F02A00216888602068006840F001007B
:1009B00021680860204603F00EF8C7E710B503462B
:1009C000D3F88400202874D101B10AB9012010BDE8
:1009D00000BF93F87C00012801D10220F7E7012035
:1009E00083F87C0000BF9965A3F85C20A3F85E2023
:1009F0000020D86600BF9868B0F5805F0AD11869FA
:100A000020B940F2FF10A3F8600020E0FF20A3F817
:100A100060001CE0986848B9186918B9FF20A3F86D
:100A2000600014E07F20A3F8600010E09868B0F147
:100A3000805F09D1186918B97F20A3F8600006E02B
:100A40003F20A3F8600002E00020A3F8600000BF90
:100A50000020C3F888002220C3F88400186880684A
:100A600040F001001C68A060586EB0F1005F21D119
:100A7000B3F8680090421DDC9868B0F5805F04D13F
:100A8000186910B91848D86601E01848D86600BF40
:100A9000002083F87C0000BF1868006840F4807074
:100AA0001C6820601868806840F080501C68A06056
:100AB00016E017E09868B0F5805F04D1186910B9A6
:100AC0000B48D86601E00B48D86600BF002083F8C9
:100AD0007C0000BF1868006840F490701C682060BB
:100AE000002074E7022072E7213B0090413C009017
:100AF000AF3A0090D53B0090704700BFFEE7000082
:100B000000BF002240211848FFF740FC00BF17A09B
:100B1000FFF7A6FA4FF47A70FFF73DFC19A0FFF734
:100B20009FFA4FF47A70FFF736FC00BF00BF00BF9A
:100B300000BF00BFBFF34F8F00BF00BF00BF16480C
:100B4000006800F4E06015490843001D1249086080
:100B500000BF00BF00BFBFF34F8F00BF00BF00BF8B
:100B600000BF00BFFDE70000001002584D656D207A
:100B7000416363657373204572726F7221210D0AA0
:100B800000000000536F6674205265736574696ECF
:100B9000672E2E2E0D0A00000CED00E00000FA0575
:100BA00030B505460C4622460021284600F001F8E3
:100BB00030BD2DE9F04105460B4694460027002440
:100BC00002E03F021F43641C042CFAD3604605F088
:100BD0000306294646B1344603E001F8013B401EB6
:100BE000641C08B1042CF8D30A4601E080C2001F3F
:100BF0000428FBD2114602E001F8013B401E002808
:100C0000FAD1BDE8F08170477047000070B5044626
:100C100000F09EF8002039490870394908703949B8
:100C200008703949086039490860394908703949FC
:100C3000087039490870394800680A21B0FBF1F0A2
:100C4000374908603748056845B13748066803E00A
:100C5000761E002028602D1D002EF9D13248016833
:100C60003048006802F0B4F901F010FD01F032FDE7
:100C700000202E4908602E490880204601F0F8FA2D
:100C8000208800B170BD204601F0FEFA208800B136
:100C9000F8E70020274908602749088027490860AD
:100CA000274908802749086027490880204602F024
:100CB00009F9208800B1E5E7204601F0A1FA208873
:100CC00000B1DFE7204602F08FF9208800B1D9E7B4
:100CD000204601F0C3FF208800B1D3E7204602F090
:100CE00015FC208800B1CDE701F052F9FFF78CFF29
:100CF00001201649087000BFC4E7000094000024DA
:100D000095000024C2000024300100243401002496
:100D1000B6000024B7000024C80000243CD5009091
:100D2000C400002408D500900CD50090A000002439
:100D3000A4000024B0000024B4000024BC0000245F
:100D4000C0000024CC000024D00000249600002421
:100D50000C4909680C4A126801EB82010B4A1160C8
:100D60001146096821F0070111600949086800F07F
:100D70004041B1F1404F01D000BFFEE74021054A9C
:100D80001160704708D500900CD5009088000024B1
:100D900034EF00E08C00002408480078012800D0DF
:100DA000704707480078FA2800D3F9E7044800782C
:100DB000401C0349087000BFF2E7000095000024C2
:100DC0009400002470B5002538480078012800D030
:100DD00070BD00BF4020FFF71DF9054600BF344835
:100DE000007828B900BF2846FFF722F900BFEFE7D7
:100DF0002F480078401E2E4908700846007828B118
:100E000000BF2846FFF714F900BFE1E72948007842
:100E100028B100BF2846FFF70BF900BFD8E72648E6
:100E200001682648006802F0BFF80446012C02D091
:100E3000002000F0ABF901F01FFC214908700846C2
:100E4000007800EB40001F4951F820001E4908605F
:100E5000084600681D49096888420FD1002000F04B
:100E6000D5FE0446012C03D01848006800F08EF926
:100E700000BF2846FFF7DCF800BFA9E7124800686A
:100E8000D0F89400401C10490968C1F8940010483B
:100E90000068401C0E490860FFF715FA00BF28469D
:100EA000FFF7C6F800BF00BF92E7000095000024DE
:100EB00094000024C20000240CD5009008D50090B6
:100EC000B7000024B0BA0724340100243001002404
:100ED000F00000242DE9F04104460E461546002797
:100EE0002148007820B142F6E1602880BDE8F08119
:100EF0001CB945F6C3502880F8E700BF00BF40206A
:100F0000FFF788F8074600BF00BF184920688842ED
:100F10000AD100BF00BF3846FFF78AF800BF00BF04
:100F200045F6C1502880E1E7104820606660002047
:100F30002062606284F82800E06204F1080001F099
:100F4000E6FA204601F006FA09480088401C0849E4
:100F5000088000BF00BF3846FFF76AF800BF00BF37
:100F60000020288000BFC1E7940000244D5554584C
:100F7000B40000242DE9F0470646894617461C4672
:100F8000089D4FF0000A7C48007820B146F2AE1070
:100F90002880BDE8F08779480078012803D045F61D
:100FA00089602880F5E71EB945F6C3502880F0E730
:100FB0001FB1B7F5004F02D100E000BF03E045F6D6
:100FC00025602880E5E700BF6D493068884203D07E
:100FD00045F6C4502880DCE700BF00BF4020FFF783
:100FE00019F8824600BF00BF96F82800B8B96548D6
:100FF00000687062012086F828000CB1F06A206059
:1010000031466048006801F0BDF900BF00BF50469E
:10101000FFF70EF800BF00BF00202880B9E759494C
:10102000706A0968884221D196F82800FF280AD101
:1010300000BF00BF5046FEF7FBFF00BF00BF45F2F8
:1010400084702880A5E796F82800401C86F82800C0
:101050000CB1F06A206000BF00BF5046FEF7E8FF09
:1010600000BF00BF45F28270288092E707F400407D
:1010700068B100BF00BF5046FEF7DAFF00BF00BFF7
:101080000CB10020206046F2B010288081E73E4875
:10109000007868B100BF00BF5046FEF7C9FF00BF2F
:1010A00000BF0CB10020206046F66350288070E736
:1010B000D6F8248098F83B003249096891F83B1033
:1010C000884206DD2F48006890F83B10404601F04A
:1010D0004BFE4B4604222B480168304601F0A8F92C
:1010E00000BF00BF5046FEF7A3FF00BF00BF00F0E7
:1010F00055F800BF00BF4020FEF78CFF824600BFBE
:1011000000BF2048006890F8390030B101280CD0A9
:1011100002281AD0032821D110E01CB11948006818
:10112000C06C2060002028801CE01CB115480068BD
:10113000C06C206046F2A910288013E00CB100209A
:10114000206047F2D92028800CE01CB10D480068CF
:10115000C06C206045F6C250288003E046F62E6041
:10116000288000BF00BF00BF00BF5046FEF760FFF1
:1011700000BF00BF00BF0CE79400002495000024CE
:101180004D55545830010024C200002410B50446C7
:1011900000BFFFF76BF900BF10BD000010B50024C1
:1011A00022480078012800D010BD2148007800B105
:1011B000FAE72048007800B1F6E700BF4020FEF7CC
:1011C00029FF044600BF01F057FA1B490870084682
:1011D000007800EB4000194951F8200018490860D8
:1011E0000846006817490968884205D100BF2046B3
:1011F000FEF71EFF00BFD7E711480068D0F8940043
:10120000401C0F490968C1F894000F480068401C51
:101210000D490860FFF757F800BF2046FEF708FFAA
:1012200000BFBFF36F8F00BFBEE700009500002432
:1012300094000024C2000024B7000024B0BA0724A0
:101240003401002430010024F000002470B504466D
:1012500000251748007818B146F66250208070BD0E
:1012600014480078012803D045F689602080F6E70D
:1012700011480078FA2803D345F209202080EEE7D0
:1012800000BF00BF4020FEF7C5FE054600BF00BFFF
:1012900009480078401C0849087000BF00BF284674
:1012A000FEF7C6FE00BF00BF0020208000BFD6E7CB
:1012B0009400002495000024C20000242DE9F04190
:1012C00005460C461646002700BF00BF4020FEF72B
:1012D000A1FE074600BF00BF1DB900200D490870E0
:1012E00002E001200B49087014B10B48046006E0CD
:1012F0000A4800680A21B0FBF1F00749086000BF06
:1013000000BF3846FEF794FE00BF00BF00203080CB
:10131000BDE8F081C8000024C40000243CD5009042
:1013200070B5044600251F48007818B146F6655090
:10133000208070BD1C480078012803D045F68960E4
:101340002080F6E71948007818B946F664502080E6
:10135000EFE700BF00BF4020FEF75CFE054600BF80
:1013600000BF12480078401E1049087008460078F7
:1013700050B100BF00BF2846FEF75AFE00BF00BFB5
:1013800046F663502080D4E700BF00BF2846FEF732
:101390004FFE00BF00BFFFF701FF0020208000BF0D
:1013A000C7E700009400002495000024C200002438
:1013B00070B504461C480078012803D045F68B60C0
:1013C000208070BD00256D1C6D1C6D1C17480088A9
:1013D000A84203DC45F68C602080F2E714480078D0
:1013E000E8B901F049F91349087008460078124934
:1013F00008701048007800EB4000104951F82000B8
:101400000F490860084600680E4908600120084935
:101410000870FEF719FF43F69920208002E045F698
:101420008A60208000BFCCE796000024F8000024EA
:1014300095000024B7000024B6000024B0BA0724A9
:1014400034010024300100242DE9F04107464FF01B
:10145000000800BF00BF4020FEF7DCFD804600BF53
:1014600000BF00203B4908803B4908603B490860B9
:101470003B4908603B4908603B4908603B4908819B
:1014800000BF00BF4046FEF7D3FD00BF00BF00BF56
:1014900000BF4020FEF7BEFD804600BF00BF3448BD
:1014A000046800BF00BF4046FEF7C2FD00BF00BF9A
:1014B00021E000BF00BF4020FEF7ACFD804600BF2A
:1014C00000BF002044F8800FE062606120826082EB
:1014D00020626062FEF7F6FFE061803C04F16C067A
:1014E0000020B081D4F8BC4000BF00BF4046FEF7EA
:1014F0009FFD00BF00BF002CDBD100BF00BF40201C
:10150000FEF788FD804600BF00BF1A48056800BF8F
:1015100000BF4046FEF78CFD00BF00BF13E000BFD8
:1015200000BF4020FEF776FD804600BF00BF05F1FA
:1015300020060020B081AD6900BF00BF4046FEF725
:1015400077FD00BF00BF002DE9D100203880BDE845
:10155000F0810000D6000024EC00002408010024E3
:101560000C0100242001002424010024A4BA072433
:10157000F4000024BC000024704700002DE9FF4F58
:1015800085B004469346DDE91995DDE91286159F7D
:10159000002002906248007828B147F24A10288063
:1015A00009B0BDE8F08F1CB947F2AD102880F7E70D
:1015B000BBF1000F03D147F24F102880F0E71EB9AE
:1015C00046F62F602880EBE756480068874203D232
:1015D00046F630602880E3E71498B84203D346F615
:1015E00031602880DCE7B8F11E0F06D9B8F11F0F73
:1015F00003D046F273202880D2E7B8F11F0F06D13E
:101600004948844203D046F273202880C8E7204628
:1016100001F068FC0020288009F0010010B909F0F1
:10162000020088B109F0020070B1B24600200490B7
:1016300007E00020CAF800000AF1040A0498401CE0
:1016400004900498B842F4D3149806EB80000390F9
:10165000CDE9007932465846039B089900F06EFAAE
:101660008246B24503D246F63260288098E7394672
:10167000304601F0ADFCC4F824B00898A06206988A
:10168000E06084F83B8084F83C80C4F800A00398B4
:10169000A0601798E065179818B92448006820667C
:1016A00001E0179820661898606026626764A4F8C5
:1016B000489004F16C00169900F044FE204600F0BA
:1016C0003BF800BF00BF4020FEF7A4FC029000BF23
:1016D00000BF94F83B0000F0E5FF204601F042F81F
:1016E000204601F0B5FB12480088401C10490880D4
:1016F00010480078012807D000BF00BF0298FEF70D
:1017000097FC00BF00BF4BE700BF00BF0298FEF789
:101710008FFC00BF00BFFFF741FD00BF40E70000A6
:101720009400002438D50090E0B90724C4000024B8
:10173000F800002495000024704700002DE9F041D6
:1017400004460E464FF000086148007820B147F289
:101750004E103080BDE8F0815E480078012803D04B
:1017600045F689603080F5E75B48844203D147F253
:101770004C103080EEE784B900BF00BF4020FEF778
:1017800049FC804600BF00BF5448046800BF00BF4A
:101790004046FEF74DFC00BF00BF00BF00BF402029
:1017A000FEF738FC804600BF00BF94F83A000828D6
:1017B0005ED2DFE800F004090E10080A0F1120467F
:1017C00001F00EF85FE05EE000BF204601F0B6FCDD
:1017D00059E000BF00BF00BF94F83800082839D294
:1017E000DFE800F0040705380D08090600BF00BF58
:1017F00031E000BF00BF204600F0C1FE2BE0606B6F
:10180000456A15F83B7F204600F0B9FE28786978D4
:101810003B3D884212D095F83B0094F83B1088423B
:101820000CD1284600F0E1FD074695F83C00B8428F
:1018300002DA95F83C0000E038460746002084F8BC
:10184000380095F83B00B84203D03946284601F0ED
:101850008BFA00E000BF00BF94F83A00032803D0E1
:1018600094F83A00072802D1204601F067FC0AE00C
:1018700000BF00BF4046FEF7DBFB00BF00BF46F6DF
:101880002D60308066E700BF206C10B1204600F06C
:101890007DFD04F16C0000F035FD204600F022F8DB
:1018A000204601F0EDFA0E480088401E0C490880E1
:1018B000FF2084F83A000020308000BF00BF40467F
:1018C000FEF7B6FB00BF00BFFFF768FC00BF41E7B3
:1018D0009400002495000024E0B90724300100247E
:1018E000F80000247047000070B504460D4600263D
:1018F0005648007818B147F25510288070BD5448FA
:101900000078012803D045F689602880F6E700BFFB
:1019100000BF4020FEF77EFB064600BF00BF1CB1A3
:101920004C48006884420AD100BF00BF3046FEF731
:101930007FFB00BF00BF47F257102880DEE700BFE3
:1019400000BF3046FEF774FB00BF00BF00BF00BF02
:101950004020FEF75FFB064600BF00BF0020288046
:1019600094F83A0008285ED2DFE800F00405060784
:101970001227394B00BF00BF00BF00BF00BF304679
:10198000FEF756FB00BF00BF47F25310288055E01A
:1019900014F88E0F401E207014F88E0928B900200C
:1019A00084F83A00204600F0A7FE00BF00BF304692
:1019B000FEF73EFB00BF00BF40E014F88E0F401E54
:1019C000207014F88E0910B9012084F83A0000BF85
:1019D00000BF3046FEF72CFB00BF00BF2EE014F81E
:1019E0008E0F401E207014F88E0910B9022084F862
:1019F0003A0000BF00BF3046FEF71AFB00BF00BF31
:101A00001CE014F88E0F401E207014F88E0910B9D7
:101A1000032084F83A0000BF00BF3046FEF708FB01
:101A200000BF00BF0AE000BF00BF3046FEF700FB6A
:101A300000BF00BF46F62D60288000BF00BF288889
:101A400000B15BE7FFF7AAFB00BF57E79400002453
:101A50009500002430010024704700002DE9F05F5C
:101A600005460E4617461C464FF0000B31480078DD
:101A700020B147F259102080BDE8F09F1EB946F210
:101A8000D5202080F8E71FB946F2D5202080F3E763
:101A900000BF00BF4020FEF7BDFA834600BF00BF75
:101AA0000DB925480568286868B900BF00BF5846C9
:101AB000FEF7BEFA00BF00BF00203060386047F27A
:101AC00052102080D8E795F8480000F0010068B96E
:101AD00000BF00BF5846FEF7ABFA00BF00BF0020B2
:101AE0003060386047F254102080C5E7D5F820A058
:101AF0000AF1200AD5F8449000BF00BF5846FEF70F
:101B000097FA00BF00BF4FF0000803E00AF1040A93
:101B100008F10108C84503D2DAF800000028F5D022
:101B2000C6F80080A9EB080038600020208000BFC4
:101B3000A2E700009400002430010024F0B5044620
:101B4000DDE9055602EB850020F007004FF0807CB0
:101B5000071F3846C7F800C0071F38463C60DFF84B
:101B6000A8C0071F3846C7F800C04FF0123C071F37
:101B70003846C7F800C04FF0033C071F3846C7F887
:101B800000C04FF0023C071F3846C7F800C0071FCF
:101B900038463B60071F384639606FF0020C071F5C
:101BA0003846C7F800C04FF0113C071F3846C7F849
:101BB00000C04FF0103C071F3846C7F800C04FF078
:101BC000093C071F3846C7F800C04FF0083C071F04
:101BD0003846C7F800C04FF0073C071F3846C7F823
:101BE00000C04FF0063C071F3846C7F800C04FF052
:101BF000053C071F3846C7F800C04FF0043C071FDC
:101C00003846C7F800C0F0BD912F009030B50446AB
:101C10000CB90B480468216A2068884206D3616CBD
:101C2000206A00EB81002168884201D8002030BD85
:101C3000616C206A01F0B8F905462846F7E7000014
:101C40003001002470B504460D460026594800783E
:101C500018B147F25D10288070BD5748844203D107
:101C600047F25B102880F7E700BF00BF4020FEF777
:101C7000D1F9064600BF00BF84B95048007801285A
:101C80000AD000BF00BF3046FEF7D2F900BF00BF48
:101C900045F689602880DFE74948046848480068BD
:101CA00084420DD14748007850B100BF00BF304694
:101CB000FEF7BEF900BF00BF46F663502880CBE7B1
:101CC0000020288094F83A0008285FD2DFE800F06E
:101CD000041523313F404142042084F83A0001209A
:101CE00084F88E00204600F07BFD00BF00BF304628
:101CF000FEF79EF900BF00BF53E0052084F83A00CC
:101D0000012084F88E0000BF00BF3046FEF790F936
:101D100000BF00BF45E0062084F83A00012084F8A7
:101D20008E0000BF00BF3046FEF782F900BF00BF43
:101D300037E0072084F83A00012084F88E0000BFC5
:101D400000BF3046FEF774F900BF00BF29E000BFB6
:101D500000BF00BF94F88E00FF280AD100BF00BF6B
:101D60003046FEF765F900BF00BF47F260102880DB
:101D700072E794F88E00401C84F88E0000BF00BF0C
:101D80003046FEF755F900BF00BF0AE000BF00BFB4
:101D90003046FEF74DF900BF00BF46F62D602880A3
:101DA0005AE700BF05480078012801D1FFF7F6F98E
:101DB00000BF51E794000024E0B9072495000024F7
:101DC00030010024C200002470B5FEF77BFB0546FD
:101DD0001548006815490968884215D012480068FE
:101DE000D0F89C00281A10490968C1F898000E48DC
:101DF0000068D0F8A0000C490968D1F89810084490
:101E000009490968C1F8A00008480068C0F89C505A
:101E10000020FFF7FBFE0446012C03D002480068B7
:101E2000FFF7B4F970BD0000300100243401002434
:101E30002DE9F04106460D46144600272748007854
:101E400020B147F275202080BDE8F0812448007859
:101E5000012803D045F689602080F5E72148007805
:101E600018B146F663502080EEE735B1022D05D05B
:101E7000042D05D0082D04D101E000BF00BF00BF34
:101E800003E045F625602080DEE700BF00BF00BF0D
:101E90004020FEF7BFF8074600BF00BF23462A4692
:101EA00031461148006801F003F9208838B100BFBD
:101EB00000BF3846FEF7BCF800BF00BFC4E70A48C1
:101EC000006800F08DFC00BF00BF3846FEF7B0F898
:101ED00000BF00BFFFF762F900BFB5E79400002420
:101EE00095000024C20000243001002410B50A48E7
:101EF0000078012800D010BD00F014F807490978D7
:101F000001EB4101064A02EB810000F097FC012041
:101F100001F0DEF900BFEEE795000024B6000024D2
:101F2000B0BA0724704710B5002400BF00BF40209E
:101F3000FEF770F8044600BF00BFFEF72DFF00BF9C
:101F400000BF2046FEF774F800BF00BFFFF7CEFFCA
:101F5000FEF738FF10BD000010B5014640224B1EB1
:101F60004FF0E0246361094B186820F07F4040EA9D
:101F70000260186023461B6943F005032361234672
:101F80001B6943F00203236110BD000020ED00E057
:101F90000EB547480290474800904748029047488E
:101FA00002904748009047480290474801904748B0
:101FB000029047480290474802904748029047489D
:101FC0000190474801904748019047480290474890
:101FD0000190474802904748019047480190474880
:101FE000019047480190474802904748029047486F
:101FF000029047480190474802904748029047485E
:102000000190474801904748019047480190474850
:10201000019047480190474802904748029047483E
:10202000029047480290474801904748019047482E
:10203000019047480290474802904748029047481D
:102040000190474801904748019047480090474811
:1020500001904748029047480290474802904748FD
:1020600002904748029047480290474802904748EC
:1020700001904748029047480290474801904748DE
:1020800001904748029047480290474801904748CE
:1020900001904748029047480290474801904748BE
:1020A00001900298029001980190009800900EBD56
:1020B0005CD50090C0D600905DD500905ED50090B4
:1020C00060D5009064D5009068D5009065D50090EB
:1020D00090D5009091D5009092D5009094D5009025
:1020E00096D5009098D50090B8D50090BAD50090BC
:1020F000BCD50090BED50090C0D50090C2D5009050
:10210000C4D50090F4D50090F5D50090F6D5009098
:10211000F8D50090FAD50090FBD50090FCD5009042
:10212000FED5009000D6009002D6009004D6009014
:1021300008D6009038D6009039D600903AD6009054
:102140003BD600903CD600903ED6009040D6009002
:1021500068D6009069D600906AD600906BD6009041
:102160006CD600906ED6009070D6009074D6009019
:1021700075D6009076D6009077D6009078D60090ED
:1021800079D600907AD600907BD600907CD60090CD
:102190007ED600907FD6009080D6009082D60090A8
:1021A00084D6009085D6009086D6009088D6009080
:1021B000B8D60090B9D60090BAD60090BCD60090A0
:1021C000002400BF00BF00BF4020FDF723FF0446EE
:1021D00000BF00BF08480068401C07490860074866
:1021E0000068401C0549086000BF00BF2046FDF79D
:1021F0001FFF00BFE6E7000090000024D800002485
:1022000010B58AB0044600200E4908600B2000215A
:102210000591CDE90704069108460B4909680B4A68
:1022200012680B4B1B68CDE90132CDE903101F206A
:102230000023084A08A100900C48FFF79FF90AB054
:1022400010BD00009000002400D50090FCD4009048
:10225000F8D40090C121009075432F4F532D494968
:10226000492049646C65205461736B00E0B9072410
:102270000021034A1160034A118001807047000069
:10228000A8000024AC00002470B501461A4D2D684A
:102290001DB945F21E750D8070BD184D2D881DB9F4
:1022A00045F21D750D80F7E7134D28682A68103236
:1022B000124D2D886D1EACB2002308E0026000258F
:1022C00045600581C560103010325D1CABB2A34281
:1022D000F4DB0025056045600581C560064D2D686D
:1022E000074E3560054D2D88B5800025F580358178
:1022F0000D8000BFD0E700001CD5009014D50090E1
:10230000A4BA072410B5014648894B89BBB10A68B5
:102310000B4B1B6813600A4C4B6823602346DB8819
:102320004C891B1B064CE38023469B884C89234425
:10233000034CA38000234B818B810B604B6010BD4D
:10234000A4BA072401810022428182810260426096
:102350007047000009A1C161002141610849096875
:1023600011B90021816105E00549096881610449CD
:1023700009684861024908607047000020000000B9
:10238000B0000024026C0A62016470472DE9F84332
:1023900005462C6C25E0D4F82090FEF793F8804693
:1023A000C4F82C802146284600F034F804F10806D1
:1023B000306820B9002084F82800606210E0376897
:1023C0006562012084F8280021463846FFF7DAFFCD
:1023D00000231A4639462046CDF8008000F0F6F872
:1023E0004C46002CD7D1BDE8F88330B504461F20F9
:1023F00004F140010AE00D68AB6823B193F83B207B
:10240000824200DA10460D6805F120010D68002DAA
:10241000F1D130BD024602F1400002E0036803F151
:10242000200003688B42F9D103681B6A0360704780
:102430002DE9F04105460C4616461F4684F83860E3
:10244000002084F839003946204600F075FC3DB183
:1024500005F1080865632146404600F05DF801E09B
:10246000002060632146284600F002F8BDE8F081B4
:1024700010B540B14468C1F8C04000F108031A68C3
:10248000D468C46113E091F83840022C02D0072CC4
:1024900008D103E006A4C1F8C04007E006A4C1F8D3
:1024A000C04003E007A4C1F8C04000BF00BF10BD9A
:1024B0005461736B205100005461736B2053656D40
:1024C000000000002000000010B50A4606A4C2F873
:1024D000C04040B100F10803196811B1CC68C46173
:1024E00001E001A4C46110BD2000000070B50446E5
:1024F000666B06F108052868C06A38B1204600F00E
:102500003EF866632146284600F006F870BD0021BB
:10251000016041600181704710B591F83B3004685B
:102520003CB9012404810024CC620C630160416049
:1025300024E00489641C0481026805E092F83B40B1
:102540009C4200DD02E0D26A002AF7D100BF3AB90E
:102550000024CC6244680C630C6BE16241600DE0C6
:10256000146B2CB9CA6200240C631163016005E08E
:10257000CA62146B0C630C6BE162116310BD10B581
:10258000446B14B3446B04F108010C68E46A1CB991
:1025900000240C604C6011E0046B24B9C26A002472
:1025A00014630A600AE0C46A24B9036B0024DC6285
:1025B0004B6003E0036BC26ADA6213630C89641E2A
:1025C0000C810024C4620463446310BD2DE9F04112
:1025D00005460C4616461F46DDF8188094F83A006A
:1025E000082845D2DFE800F0040508090607272877
:1025F00000BF00BF00BF3CE000BF6666A4F8687083
:10260000C4F84C8015B12046FFF7B9FF2146284693
:10261000FFF75AFF94F83A00032802D1204600F051
:102620008DFD204600F068F800203834A0706070FE
:1026300004F838091DE000BF6666A4F86870C4F8A5
:102640004C8015B12046FFF79AFF21462846FFF738
:102650003BFF94F83A00072802D1204600F06EFDB7
:1026600004203834A0700020607004F8380900E0BD
:1026700000BF00BFBDE8F08110B503490868FDF751
:10268000E4FCC0B210BD0000B8000024002004E04B
:102690000021034A42F82010401C0028F8D070475F
:1026A000B800002404490968C0F11F0301229A40C0
:1026B0001143014A11607047B800002404490968B9
:1026C000C0F11F0301229A409143014A11607047F3
:1026D000B8000024002109E001EB4102054B03EBA7
:1026E00082000022028102604260491C2029F3D34B
:1026F00070470000B0BA072410B5044694F83B00B8
:10270000FFF7D0FF94F83B0005490978884203D1D0
:10271000204600F027F802E0204600F003F810BD44
:10272000B600002410B590F83B3003EB43030C4C8B
:1027300004EB83010B683BB901230B810023036188
:1027400043610860486009E00B895B1C0B810B68E2
:102750000361002343610A685061086010BD0000F6
:10276000B0BA072410B590F83B3003EB43030B4C91
:1027700004EB83010B683BB901230B810023036148
:1027800043610860486008E00B895B1C0B810023F3
:1027900003614A6842611061486010BDB0BA072405
:1027A00030B5D0E90045AC4218D0046824694568CA
:1027B000AC4209D1016842684A6100240C6154614D
:1027C00011610260416009E0016842680B69002400
:1027D0005C610C614A6111610360416030BD0000C1
:1027E0002DE9F041054695F83B0000EB4000124909
:1027F00001EB80046F692E6987B946B900202081FA
:102800002060606095F83B00FFF758FF0EE02089DC
:10281000401E208100207061266007E02089401E54
:1028200020813E610EB9676000E077610020686139
:102830002861BDE8F0810000B0BA072470B50546F4
:1028400000262E480078012800D070BD00BF00BFD0
:102850004020FDF7DFFB064600BF00BF2C683CB9F7
:1028600000BF00BF3046FDF7E3FB00BF00BFECE751
:102870002348844207D100BF00BF3046FDF7D8FB94
:1028800000BF00BFE1E7206E10B1206E401E206641
:10289000206E38B100BF00BF3046FDF7C9FB00BF56
:1028A00000BFD2E7D5E90001884207D100BF00BFD1
:1028B0003046FDF7BDFB00BF00BFC6E711480078FA
:1028C00038B100BF00BF3046FDF7B2FB00BF00BF0C
:1028D000BBE72846FFF764FF2C68E06D18B90A488B
:1028E0000068206601E0E06D206600BF00BF304652
:1028F000FDF79EFB00BF00BF00BFA6E7C800002495
:10290000E0B90724C2000024C400002488B00020DD
:10291000009006E0BD490968480002AA0021FFF7BF
:1029200087FABB4800780128F4D102A8FEF78CFD95
:102930004FF00008B7480068B4490968884205D9D3
:10294000B4480068B1490968B0FBF1F8B8F1000F6C
:1029500004D1B04800680A21B0FBF1F800BFFDF7D0
:10296000B1FD814600BF00BF4020FDF753FB009042
:1029700000BF00BFA8480068A84908600020A64919
:10298000086000BF00BF0098FDF752FB00BF00BF0A
:10299000A3480068A1490968884248D9A04800684E
:1029A000A049884205D242F21070049001200390A1
:1029B00023E09B4800689C49884205D24FF47A7016
:1029C00004900A20039018E09548006897498842CF
:1029D00003D26420049003900FE09148006894496A
:1029E000884205D20A2004904FF47A70039004E0E4
:1029F0000120049042F21070039089480168039806
:102A0000B1FBF0FB8549049809684843B0FBFBF033
:102A100042F21071081A874908808748008809889F
:102A2000884207DA834800888349088002E0002052
:102A300080490880FEF7A0FD002500BF00BF4020B0
:102A4000FDF7E8FA009000BF00BF7C48046800BFB3
:102A500000BF0098FDF7ECFA00BF00BF28E000BF00
:102A600000BF4020FDF7D6FA009000BF00BF54F829
:102A7000A00F6060002044F8A00900BF00BF0098CC
:102A8000FDF7D6FA00BF00BFD4F8A400054400BF8C
:102A900000BF4020FDF7BEFA009000BF00BFD4F891
:102AA000BC4000BF00BF0098FDF7C2FA00BF00BFE6
:102AB000002CD4D15DB35B48854205D242F2107040
:102AC0000690012007901DE05748854205D24FF43B
:102AD0007A7006900A20079014E05448854203D289
:102AE0006420069007900DE05148854205D20A20E7
:102AF00006904FF47A70079004E00120069042F2AD
:102B0000107007900798B5FBF0F0059003E00020E7
:102B100006900120059000BF00BF4020FDF77AFA23
:102B2000009000BF00BF4548046800BF00BF009888
:102B3000FDF77EFA00BF00BF2CE0D4F8A400069990
:102B400048430599B0FBF1F086B242F2107086421C
:102B500000D90646A4F89060B4F89200B04201DAB9
:102B6000A4F8926002AB04F1B002111D2046FEF7FA
:102B700075FF00BF00BF4020FDF74CFA009000BF7A
:102B800000BFD4F8BC4000BF00BF0098FDF750FA6A
:102B900000BF00BF002CD0D100272948D0F800A0EA
:102BA0000AF1200A274800680838019002E00AF17B
:102BB000040A7F1CDAF8000010B901988742F6D3A6
:102BC000214807601F480068C01B20490860204852
:102BD0000078012805D100201D49087002A8FEF7E1
:102BE00033FCFDF76FFCA0EB09001A4908601A4896
:102BF00000680968884203D21648006816490860D0
:102C000002AA00214046FFF713F9A8E624D5009058
:102C1000E40000243CD50090D8000024E00000240B
:102C2000DC000024801A060000093D00005A620200
:102C30000084D717D4000024D6000024F400002418
:102C400008D500900CD50090980000249C0000242A
:102C5000D2000024E8000024EC00002410B58AB063
:102C60000446002021490860214908602149086084
:102C700021490870214908702149086021490860EC
:102C80002148006820B946F62B6020800AB010BDAC
:102C90001E4800681E490968884203D246F62C6027
:102CA0002080F3E71B4800781F2803D346F62A60EC
:102CB0002080EBE7032000210591CDE90704069170
:102CC000084612490A68144909680F4B1B68CDE988
:102CD0000131CDE903200F48007800230F4A10A1ED
:102CE00000901448FEF74AFC00BFCFE7D80000244C
:102CF000E0000024DC000024E4000024D2000024D2
:102D0000980000249C00002428D5009030D5009025
:102D100038D5009020D500902CD500900D2900903A
:102D200075432F4F532D49494920537461742054E2
:102D300061736B0030BC072470B504460D4655B175
:102D40002B46084800210268204600F05BF903206A
:102D500084F83A0002E0022084F83A002046FFF7A7
:102D60003FFD70BDFC0000242DE9F04104460D46F6
:102D700000BF002694F83B7094F83A0008285DD212
:102D8000DFE800F004191E1F1A1B20212046FFF760
:102D900027FD84F83B5094F83B00FFF783FC2B4859
:102DA0000068844203D12046FFF7BCFC02E02046C5
:102DB000FFF7D8FC44E000BF00BF84F83B503FE081
:102DC00000BF00BF00BF84F83B5094F838000828CB
:102DD0002FD2DFE800F02E042F2E0A05063000BFA8
:102DE00000BF2046FFF782FB26E02046FFF77EFB70
:102DF000606B466AAF4205DD96F83B00A84217DCDF
:102E0000002615E096F83B00B84211D13046FFF796
:102E1000ECFA054696F83C00A84202DA96F83C0027
:102E200000E02846054696F83B00A84200D100265F
:102E300002E000BF00BF00BF00BF01E0BDE8F081BD
:102E400000BF3446002C94D100BFF7E730010024C6
:102E50000021C0F8B8100949096819B90021C0F863
:102E6000BC1007E005490968C0F8BC1003490968AF
:102E7000C1F8B8000149086070470000F400002460
:102E8000D0F8B820D0F8BC104AB90D4B196011B178
:102E90000023C1F8B8300023C0F8BC300FE029B9D6
:102EA0000023C2F8BC30C0F8B83008E0C2F8BC104B
:102EB000C1F8B8200023C0F8BC30C0F8B830704763
:102EC000F40000240021044A1160044A1180044ADD
:102ED0001160018070470000F4000024F800002415
:102EE000F000002410B5044600202060A06060605F
:102EF00020616061A061E06122A0E06000202062AA
:102F00006062A062E0646066A4F86800002104F1D9
:102F10006C00FFF717FA00202C3420656065A0656F
:102F2000A4F86000E0656062E067C4F88000A0611A
:102F300084F86200C4F88800C4F88400A083A0620A
:102F4000E06220636063A4F86400A4F86600A066F1
:102F5000E066FDF7B7FA20670020606720606060D8
:102F6000A06020736073A0732020E07320740020A1
:102F70006061C4F88C00C4F8900004A0C4F8940008
:102F80002C3C10BD3F5461736B000000200000001A
:102F900008B504480068FEF75FFD69460020FEF7AB
:102FA000CDFB08BD3001002410B502460B460021C0
:102FB00007E0064C1068A04201D0002010BD121D91
:102FC000491C0829F5D30120F8E700004523CDABC3
:102FD0000246002003E0034B42F82030401C082842
:102FE000F9D370474523CDAB00210180034A11601E
:102FF000034A11609180D18070470000FC000024DA
:10300000000100242DE9F04304460F4694469846FB
:1030100008EB0C00DFF89090D9F80090B944A0EBD1
:1030200009021AB900206065BDE8F0831F4B1868DB
:1030300038B962650020A061E0611C6001209880C1
:10304000F2E79888401C98801968486DC61BB24208
:103050000BD2C86948B96265B01A48650020E061C2
:10306000A161CC611C600120DEE7921B0D46A969BD
:1030700003E0486D121A0D46896911B1486D9042FE
:10308000F7D949B1CD696265E561A161486D801AE2
:103090004865CC61AC6104E06265E5610020A06137
:1030A000AC610120C0E70000FC0000240001002406
:1030B0002DE9F04F06460C4691461F464FF0000B97
:1030C000B9F1040F01D1002520E0B9F1080F1BD19F
:1030D00024B947F27E203880BDE8F08FB56D1648E0
:1030E0000068A0EB0508A0450AD3B8FBF4F004FB88
:1030F0000055B8FBF4F004FB108000B12544B56521
:10310000B06D2044B06501E00B48056823462A46AF
:1031100059463046FFF776FF8246BAF1010F05D1D6
:10312000012086F83A000020388002E047F27E2035
:10313000388000BFD0E70000FC00002430B5C36930
:103140008169134A9BB921B90024146094804465B5
:103150001CE00024CC614C6D456D2C444C65116025
:103160009488641E94800024846144650EE0996113
:1031700021B1CB614C6D456D2C444C650024C4617C
:103180009488641E948000248461446530BD0000EE
:10319000000100242DE9F04706464FF000094B4F8F
:1031A0003C68002C77D0606DB04204D8606D361A50
:1031B0000020606502E0606D801B60657CE009F1C5
:1031C00001001FFA80F994F83A00012802D005287E
:1031D0000BD106E0002084F83A002046FFF78CFA75
:1031E00051E0042084F83A004DE0002594F83800BE
:1031F000042801D1606B456A00206066A4F868006D
:10320000FDF760F9E0642046FFF7B9F994F83A0059
:10321000032802D007280BD106E02046FFF76CFAFE
:10322000002084F83A0004E0042084F83A0000E02A
:1032300000BF00BF032084F83900002084F8380064
:1032400005B395F83B0095F83C1088421AD095F8E4
:103250003B0094F83B10884214D12846FFF7C5F88C
:10326000804695F83C00404502DA95F83C0000E0C5
:103270004046804695F83B00404503D041462846ED
:10328000FFF772FD00BF00BFA06938603C681CB941
:103290000020B88014E014E0B888401EB8800020F8
:1032A000E061606DB04204D8606D361A0020606540
:1032B00002E0606D801B6065606D00283FF47FAFA9
:1032C00000BFA7F80690BDE8F087000000010024C9
:1032D00070B50446002600BF00BF4020FCF79AFEF0
:1032E000064600BF00BF1048006820440E49086031
:1032F000FDF7E8F805462046FFF74CFFFDF7E2F83A
:10330000401B0A4908600A4800680968884203D2DD
:10331000064800680649086000BF00BF3046FCF759
:1033200087FE00BF00BF70BDFC0000240801002420
:103330000C01002410B5002400BF00BF4020FCF7A2
:1033400069FE044600BF00BF0848094908600948F3
:10335000086201F10800FFF7DAF800BF00BF20465D
:10336000FCF766FE00BF00BF10BD0000434F4E4497
:10337000F4BC072418BD0724F8B5002600BF00BF21
:103380004020FCF747FE064600BF00BFFDF79AF855
:1033900004460F48C4620F4D286838B900BF00BF0B
:1033A0003046FCF745FE00BF00BFF8BD00231A46BB
:1033B0000949084808380094FFF708F900BF00BF22
:1033C0003046FCF735FE00BF00BF00BFEDE7000050
:1033D00018BD0724FCBC072448BD07242DE9F84389
:1033E00007464FF0000800BF00BF4020FCF712FE68
:1033F000804600BF00BFFDF765F806463F48C6623D
:1034000001463F48FFF706F83C4D08353C4890F828
:103410003B003B4991F83C1088420AD0384890F86C
:103420003C00374981F83B00084690F83C0035499C
:103430000870286828B900203049486281F82800BF
:1034400010E02C682D48446201202C4981F82800A6
:103450002046FEF797FF00231A462146274800968C
:10346000FFF7B4F83B46032225492748FEF7E0FF63
:1034700000BF00BF4046FCF7DBFD00BF00BFFDF70B
:103480008DFE00BF00BF4020FCF7C4FD804600BF9A
:1034900000BF1A48406A80B918491948FEF772FF00
:1034A000174816494862012081F8280000BF00BF74
:1034B0004046FCF7BDFD00BF1DE01048446A94F88B
:1034C0003B000F4991F83B10884205DD0C4890F80D
:1034D0003B102046FFF748FC002304220849074818
:1034E000FEF7A6FF00BF00BF4046FCF7A1FD00BFEE
:1034F00000BFFDF753FEBDE8F883000018BD0724A8
:1035000048BD0724B6000024F4BC072410B58AB0D7
:10351000044600202A4908802A4908602A49086090
:103520002A4908802A4800682A490968B0FBF1F056
:103530002949086000202949086029490860224675
:1035400028A12C48FDF7C6FC208808B10AB010BDA0
:10355000FFF7F0FE2848006818B947F2473020808E
:10356000F4E72648006826490968884203D247F2F2
:1035700048302080EAE7234800781F2803D347F229
:1035800046302080E2E70B20002105910A46CDE974
:1035900007040691194800681B490968164B1B6807
:1035A000CDE90131CDE90302164800780023174A1E
:1035B00017A100901C48FDF7E1FF00BFC6E700001F
:1035C0001C0100241001002418010024140100240F
:1035D0003CD5009044D500902C010024200100240B
:1035E000240100244F5320546D72204D757465786A
:1035F0000000000018BD072448D5009050D5009069
:1036000038D5009040D500904CD50090FD36009004
:1036100075432F4F532D4949492054696D657220D8
:103620005461736B0000000048BD07242DE9F0478A
:10363000054688462848006870B9002028616861FE
:10364000254805600120254908802548C0F80080EC
:10365000FFF792FEBDE8F08720480088401C1F4914
:103660000880A86940441E490968461A1A48046837
:10367000D4F818904E4510D2606970B9A9EB0600D5
:10368000A061002068612C616561134805601448E1
:10369000C0F80080FFF770FEDCE7A6EB09062746BE
:1036A0003C6903E0A069361A2746246914B1A06971
:1036B000B042F7D94CB16769AE616F612C61A06906
:1036C000801BA06165613D6104E0AE616F61002017
:1036D00028613D6100BFBDE71801002414010024EA
:1036E000280100241CB501A800231A4619460090A1
:1036F0000148FDF73FFC1CBD18BD07244FF0000A30
:10370000FFF7F0FF00BF3D48006810B94FF0000917
:1037100003E03A480068D0F818904846FFF75EFE8C
:103720003648006800B9EEE7FCF7CCFE804600BFE3
:1037300000BF4020FCF76EFC824600BF00BF30484F
:10374000076800BF00BF5046FCF772FC00BF00BF17
:103750002C4800683D1A2B480760284804680CE094
:10376000A069A84204D2A0692D1A0020A06103E03C
:10377000A069401BA061002524690DB1002CEFD188
:103780001E48046826E0042084F82600A66816B1C6
:103790002046E168B04794F82600042818D119485B
:1037A0000168204600F034F8A08C022809D184F882
:1037B0002600206AA061134801682046FFF736FF03
:1037C00006E0002060612061A061032084F82600EB
:1037D0000A48046814B1A0690028D4D0FCF772FE2E
:1037E000A0EB08000849086008480068096888429A
:1037F00003D2054800680549086084E718010024E1
:10380000FC000024280100242001002424010024BD
:103810002DE9F04105460F46D5F814802C69B8F122
:10382000000F40D154B90020294908602949088077
:10383000A86129480760FFF79FFD46E025480088FA
:10384000401E24490880244800683E1A0020606118
:10385000A069A9690844A0611D4804600EE0A06940
:10386000B04204D2A069361A0020A06103E0A0692A
:10387000801BA0610026A046D8F810400EB1002C95
:10388000EDD1134800688069A969884203D11048C6
:103890000068806918B910480760FFF76DFD0020C7
:1038A0002861A86111E00B480088401E0949088082
:1038B000C8F810402CB1C4F81480A069A969084464
:1038C000A061002068612861A861BDE8F081000066
:1038D000180100241401002428010024704790F8E6
:1038E000281001F0010139B10168496821F4003163
:1038F000C26A11430268516090F8281001F0020179
:10390000022907D10168496821F48031026B114313
:103910000268516090F8281001F00401042907D1D1
:103920000168496821F48021426B114302685160AB
:1039300090F8281001F00801082907D101684968AA
:1039400021F40041826B11430268516090F8281005
:1039500001F01001102907D10168896821F4805114
:10396000C26B11430268916090F8281001F02001A9
:10397000202907D10168896821F40051026C1143A4
:103980000268916090F8281001F04001402913D19D
:103990000168496821F48011426C1143026851604A
:1039A000416CB1F5801F07D10168496821F4C0015D
:1039B000826C11430268516090F8281001F0800178
:1039C000802907D10168496821F40021C26C1143A4
:1039D00002685160704738B504460020C4F888007A
:1039E000FCF7DEFC05462068006800F008000828A7
:1039F0000CD16FF07E402B4600224FF40011009056
:103A0000204601F0EFFC08B1032038BD20680068B3
:103A100000F0040004280CD16FF07E402B460022F9
:103A20004FF480010090204601F0DCFC08B1032037
:103A3000EBE72020C4F88000C4F8840000BF002019
:103A400084F87C0000BF00BFDFE770B50546AC6BB3
:103A50000020A4F85E00A4F856002046FCF763FEA0
:103A600070BD00000168096821F49071026811605E
:103A700001688968044A1140026891602021C0F8F9
:103A800084100021C1667047FEFFFFEF10B50446A9
:103A90002068006820F04000216808602020C4F8F9
:103AA0008000002020672046FDF726F810BD2DE994
:103AB000F0410446B4F86070D4F88400222826D17E
:103AC0002068406A86B2A56D06EA07002880A06DCE
:103AD000801CA065B4F85E00401EA4F85E00B4F837
:103AE0005E00D0B92068006820F4907021680860FA
:103AF0002068806820F00100216888602020C4F8D8
:103B000084000020E0662046FCF74FFC05E02068BA
:103B1000806940F0080021688861BDE8F0810000FC
:103B20002DE9F0470446B4F86090D4F884002228C8
:103B300043D1B4F8685028E02068406A1FFA80F842
:103B4000A76D08EA09003880A06D801CA065B4F854
:103B50005E00401EA4F85E00B4F85E0098B92068CC
:103B6000006820F480702168086020688068174928
:103B70000840216888602020C4F884000020E066A6
:103B80002046FCF712FC681E85B2002DD4D1B4F893
:103B90005E60C6B1B4F86800B04214DD2068806889
:103BA00020F08050216888600948E066206800683D
:103BB00040F020002168086005E02068806940F03E
:103BC000080021688861BDE8F0870000FEFFFFEF74
:103BD000AF3A009070B50446B4F86060D4F8840041
:103BE000222826D12068406A85B2F0B22840A16D13
:103BF0000870A06D401CA065B4F85E00401EA4F8DB
:103C00005E00B4F85E00D0B92068006820F49070BF
:103C1000216808602068806820F0010021688860C1
:103C20002020C4F884000020E0662046FCF7BDFB9D
:103C300005E02068806940F008002168886170BD57
:103C40002DE9F0410446B4F86080D4F884002228BD
:103C500043D1B4F8685028E02068406A87B208F081
:103C6000FF003840A16D0870A06D401CA065B4F83D
:103C70005E00401EA4F85E00B4F85E0098B92068AB
:103C8000006820F480702168086020688068174907
:103C90000840216888602020C4F884000020E06685
:103CA0002046FCF782FB681E85B2002DD4D1B4F803
:103CB0005E60C6B1B4F86800B04214DD2068806868
:103CC00020F08050216888600948E066206800681C
:103CD00040F020002168086005E02068806940F01D
:103CE000080021688861BDE8F0810000FEFFFFEF59
:103CF000D53B00902DE9F04F89B004464FF0000904
:103D0000002007908346F9492068884200D100E0EE
:103D100000BF2169A068084361690843E16940EA7E
:103D2000010A606E40EA0A0A20680068F04908400B
:103D300040EA0A00216808602068406820F440508A
:103D4000E168084321684860D4F818A0E749206872
:103D5000884202D0206A40EA0A0A20688068E54961
:103D6000084040EA0A00216888602068C06A20F0A4
:103D70000F00616A08432168C86200BFDE492068FD
:103D8000884220D1DD48006800F03800182811D0A2
:103D900005DC48B1082809D0102811D108E02028F6
:103DA0000AD028280CD109E001250BE0042509E000
:103DB000082507E0102505E0202503E0402501E067
:103DC000802500BFF8E0CE492068884219D1CB4851
:103DD000006800F00700062810D2DFE800F00305B5
:103DE00007090B0D00250BE0042509E0082507E075
:103DF000102505E0202503E0402501E0802500BFD7
:103E0000DAE0C0492068884219D1BC48006800F057
:103E10000700062810D2DFE800F0030507090B0DA4
:103E200000250BE0042509E0082507E0102505E042
:103E3000202503E0402501E0802500BFBCE0B24919
:103E40002068884219D1AD48006800F007000628B4
:103E500010D2DFE800F0030507090B0D00250BE089
:103E6000042509E0082507E0102505E0202503E0EA
:103E7000402501E0802500BF9EE0A44920688842DB
:103E800019D19E48006800F00700062810D2DFE82C
:103E900000F0030507090B0D00250BE0042509E0E0
:103EA000082507E0102505E0202503E0402501E076
:103EB000802500BF80E096492068884220D18F4845
:103EC000006800F03800182811D005DC48B1082837
:103ED00009D0102811D108E020280AD028280CD1B8
:103EE00009E001250BE0042509E0082507E010257D
:103EF00005E0202503E0402501E0802500BF5BE0D0
:103F000084492068884219D17C48006800F0070085
:103F1000062810D2DFE800F0030507090B0D002585
:103F20000BE0042509E0082507E0102505E0202521
:103F300003E0402501E0802500BF3DE07649206890
:103F4000884219D16D48006800F00700062810D299
:103F5000DFE800F0030507090B0D00250BE0042541
:103F600009E0082507E0102505E0202503E04025AD
:103F700001E0802500BF1FE05C49206888421AD11B
:103F80005E48001D006800F00700062810D2DFE838
:103F900000F0030507090B0D02250BE0042509E0DD
:103FA000082507E0102505E0202503E0402501E075
:103FB000802500BF00E0802500BF4C492068884272
:103FC00071D1102D70D006DC022D09D0042D49D0FE
:103FD000082D6AD1A6E0202D68D0402DF9D1B3E19B
:103FE000FCF7E8F9616A09B9012138E0616A012941
:103FF00001D1022133E0616A022901D104212EE0BE
:10400000616A032901D1062129E0616A042901D1ED
:10401000082124E0616A052901D10A211FE0616AB3
:10402000062901D10C211AE0616A072901D110216A
:1040300015E0616A082901D1202110E0616A09298F
:1040400001D140210BE0616A0A2901D1802106E0FB
:10405000616A0B2902D14FF4807100E00121B0FBAD
:10406000F1FBB6E104A8FCF7AAF90598616A09B961
:10407000012154E0616A012901D102214FE0616A06
:10408000022901D104214AE0616A032901D10621F4
:1040900045E0616A042901D1082140E0616A0529EF
:1040A00005D10A213BE0FDE380E08FE10BE1616A8D
:1040B000062901D10C2132E0616A072901D11021C2
:1040C0002DE0616A082901D1202128E0616A0929CF
:1040D00001D1402123E0616A0A2901D180211EE03B
:1040E000616A0B291AD14FF4807118E0000C005856
:1040F000F369FFCFFFF4FF11001001405444025850
:104100000044004000480040004C00400050004087
:104110000014014000780040007C00400121B0FB09
:10412000F1FB56E101A8FCF74FF90298616A09B961
:10413000012138E0616A012901D1022133E0616A7D
:10414000022901D104212EE0616A032901D106214F
:1041500029E0616A042901D1082124E0616A052966
:1041600001D10A211FE0616A062901D10C211AE060
:10417000616A072901D1102115E0616A082901D17E
:10418000202110E0616A092901D140210BE0616A18
:104190000A2901D1802106E0616A0B2902D14FF47E
:1041A000807100E00121B0FBF1FB12E1FA480068E8
:1041B000C0F3401088B3F8480068C0F3C101F74865
:1041C000C840616A09B9012139E0616A012901D158
:1041D000022134E0616A022901D104212FE0616AE1
:1041E000032901D106212AE0616A042901D10821AD
:1041F00025E0616A052901D10A2120E0616A0629CA
:1042000001D10C211BE0616A072901D1102116E0C0
:10421000616A082902D1202111E013E0616A0929AD
:1042200001D140210BE0616A0A2901D1802106E019
:10423000616A0B2902D14FF4807100E00121B0FBCB
:10424000F1FB3FE0606A08B9012038E0606A0128AC
:1042500001D1022033E0606A022801D104202EE05F
:10426000606A032801D1062029E0606A042801D190
:10427000082024E0606A052801D10A201FE0606A56
:10428000062801D10C201AE0606A072801D110200D
:1042900015E0606A082801D1202010E0606A092832
:1042A00001D140200BE0606A0A2801D1802006E09D
:1042B000606A0B2802D14FF4807000E00120B749FA
:1042C000B1FBF0FB85E0606A08B9012038E0606A64
:1042D000012801D1022033E0606A022801D10420C4
:1042E0002EE0606A032801D1062029E0606A0428D4
:1042F00001D1082024E0606A052801D10A201FE0CE
:10430000606A062801D10C201AE0606A072801D1F2
:10431000102015E0606A082801D1202010E0606AB2
:10432000092801D140200BE0606A0A2801D18020D1
:1043300006E0606A0B2802D14FF4807000E0012093
:104340009749B1FBF0FB44E0606A08B9012038E00E
:10435000606A012801D1022033E0606A022801D19D
:1043600004202EE0606A032801D1062029E0606A5B
:10437000042801D1082024E0606A052801D10A2020
:104380001FE0606A062801D10C201AE0606A072845
:1043900001D1102015E0606A082801D1202010E02A
:1043A000606A092801D140200BE0606A0A2801D127
:1043B000802006E0606A0B2802D14FF4807000E094
:1043C00001204FF40041B1FBF0FB02E00120079017
:1043D00000BF00BFBBF1000F00F0F287606800EB88
:1043E0004000584503D860680003584503D20120B7
:1043F000079000F0E5BF102D75D006DC022D09D026
:10440000042D67D0082D6FD1CCE0202D6DD0402D2C
:10441000F9D14DE2FBF7CEFF8046606A08B9012270
:1044200038E0606A012801D1022233E0606A022884
:1044300001D104222EE0606A032801D1062229E07E
:10444000606A042801D1082224E0606A052801D1AD
:104450000A221FE0606A062801D10C221AE0606A75
:10446000072801D1102215E0606A082801D1202216
:1044700010E0606A092801D140220BE0606A0A2836
:1044800001D1802206E0606A0B2802D14FF48072CD
:1044900000E001229446002340461946FBF799FFAD
:1044A0004FF4807300228C46A0FB031E0CFB03E339
:1044B00000FB0233606840088C461CEB000643EBAF
:1044C0000201D4F804C0624600233046FBF781FFA6
:1044D00081464EE204A8FBF772FFDDF814E0606A43
:1044E00020B901223BE0BFE040E282E1606A01289E
:1044F00001D1022233E0606A022801D104222EE0B9
:10450000606A032801D1062229E0606A042801D1EB
:10451000082224E0606A052801D10A221FE0606AAF
:10452000062801D10C221AE0606A072801D1102266
:1045300015E0606A082801D1202210E0606A09288D
:1045400001D140220BE0606A0A2801D1802206E0F6
:10455000606A0B2802D14FF4807200E00122944679
:10456000002370461946FBF734FF4FF4807C00228D
:10457000A0FB0C3E01FB0CE100FB0211606840084F
:104580001E185141D4F804C0624600233046FBF7A0
:1045900020FF8146EDE10000004402580090D00366
:1045A00000093D0001A8FBF70FFFDDF808C0606AB5
:1045B00008B9012238E0606A012801D1022233E003
:1045C000606A022801D104222EE0606A032801D12A
:1045D000062229E0606A042801D1082224E0606AEA
:1045E000052801D10A221FE0606A062801D10C22A9
:1045F0001AE0606A072801D1102215E0606A0828D5
:1046000001D1202210E0606A092801D140220BE08C
:10461000606A0A2801D1802206E0606A0B2802D174
:104620004FF4807200E0012296460023604619464E
:10463000FBF7CFFE4FF4807300228C46A0FB031ED5
:104640000CFB03E300FB0233606840088C461CEB64
:10465000000643EB0201D4F804C062460023304652
:10466000FBF7B7FE814684E1F8480068C0F34010CC
:1046700090B3F6480068C0F3C101F54820FA01FE86
:10468000606A08B9012239E0606A012801D102227A
:1046900034E0606A022801D104222FE0606A032816
:1046A00001D106222AE0606A042801D1082225E00F
:1046B000606A052801D10A2220E0606A062801D13B
:1046C0000C221BE0606A072801D1102216E0606A04
:1046D000082802D1202211E030E0606A092801D1C7
:1046E00040220BE0606A0A2801D1802206E0606A5D
:1046F0000B2802D14FF4807200E00122944600237F
:1047000070461946FBF765FE4FF4807300228C4615
:10471000A0FB031E0CFB03E300FB023360684008B0
:104720008C461CEB000643EB0201D4F804C0624641
:1047300000233046FBF74DFE814659E0606A08B918
:10474000012238E0606A012801D1022233E0606A68
:10475000022801D104222EE0606A032801D106223A
:1047600029E0606A042801D1082224E0606A052853
:1047700001D10A221FE0606A062801D10C221AE04A
:10478000606A072801D1102215E0606A082801D16B
:10479000202210E0606A092801D140220BE0606A03
:1047A0000A2801D1802206E0606A0B2802D14FF46A
:1047B000807200E0012294460023A5481946FBF7C9
:1047C00008FE4FF4807300228C46A0FB031E0CFBF6
:1047D00003E300FB0233606840080E1843EB02015C
:1047E000D4F804C0624600233046FBF7F2FD814650
:1047F000BFE0606A08B9012238E0606A012801D18F
:10480000022233E0606A022801D104222EE0606AAD
:10481000032801D1062229E0606A042801D1082278
:1048200024E0606A052801D10A221FE0606A062898
:1048300001D10C221AE0606A072801D1102215E08C
:10484000606A082801D1202210E0606A092801D19D
:1048500040220BE0606A0A2801D1802206E0606AEB
:104860000B2802D14FF4807200E00122944600230D
:1048700078481946FBF7ADFD4FF4807300228C4653
:10488000A0FB031E0CFB03E300FB0233606840083F
:104890008C461CEB000643EB0201D4F804C06246D0
:1048A000002300E073E03046FBF793FD814660E0B3
:1048B000606A08B9012238E0606A012801D1022249
:1048C00033E0606A022801D104222EE0606A0328E6
:1048D00001D1062229E0606A042801D1082224E0DF
:1048E000606A052801D10A221FE0606A062801D10A
:1048F0000C221AE0606A072801D1102215E0606AD4
:10490000082801D1202210E0606A092801D1402244
:104910000BE0606A0A2801D1802206E0606A0B2859
:1049200002D14FF4807200E00122944600234FF43C
:1049300000401946FBF74DFD4FF4807300228C4672
:10494000A0FB031E0CFB03E300FB0233606840087E
:104950008C461CEB000643EB0201D4F804C062460F
:1049600000233046FBF735FD814602E00120079029
:1049700000BF00BFB9F5407F06D3B9F5801F03D251
:104980002068C0F80C9034E50120079031E5E0691B
:10499000B0F5004F71D1082D70D005DC5DB1012D4F
:1049A0005AD0042D6BD1A7E0102D69D0202D68D0EE
:1049B000402DF7D11EE2FBF711FD8046606A08B971
:1049C000012038E0606A012801D1022033E0606AEA
:1049D000022801D104202EE0606A032801D10620BC
:1049E00029E0606A042801D1082024E0606A0528D3
:1049F00001D10A201FE0606A062801D10C201AE0CC
:104A0000606A072801D1102015E0606A082801D1EA
:104A1000202010E0606A092801D140200BE0606A84
:104A20000A2801D1802006E0606A0B2802D14FF4E9
:104A3000807000E00120B8FBF0F04000616800EBFE
:104A40005100B0FBF1F01FFA80F920E20044025857
:104A50000090D00300093D00FBF7C5FC8046606A6A
:104A600008B901203DE0606A012801D1022038E048
:104A7000606A022806D1042033E020E288E003E2E5
:104A8000D2E06EE1606A032801D1062029E0606A65
:104A9000042801D1082024E0606A052801D10A20F9
:104AA0001FE0606A062801D10C201AE0606A07281E
:104AB00001D1102015E0606A082801D1202010E003
:104AC000606A092801D140200BE0606A0A2801D100
:104AD000802006E0606A0B2802D14FF4807000E06D
:104AE0000120B8FBF0F04000616800EB5100B0FB22
:104AF000F1F01FFA80F9CAE104A8FBF760FC059801
:104B0000616A09B9012138E0616A012901D10221F4
:104B100033E0616A022901D104212EE0616A032990
:104B200001D1062129E0616A042901D1082124E08C
:104B3000616A052901D10A211FE0616A062901D1B4
:104B40000C211AE0616A072901D1102115E0616A80
:104B5000082901D1202110E0616A092901D14021F1
:104B60000BE0616A0A2901D1802106E0616A0B2904
:104B700002D14FF4807100E00121B0FBF1F0400060
:104B8000616800EB5100B0FBF1F01FFA80F97EE1A3
:104B900001A8FBF719FC0298616A09B9012138E004
:104BA000616A012901D1022133E0616A022901D140
:104BB00004212EE0616A032901D1062129E0616AFE
:104BC000042901D1082124E0616A052901D10A21C3
:104BD0001FE0616A062901D10C211AE0616A0729E8
:104BE00001D1102115E0616A082901D1202110E0CE
:104BF000616A092901D140210BE0616A0A2901D1CA
:104C0000802106E0616A0B2902D14FF4807100E037
:104C10000121B0FBF1F04000616800EB5100B0FBF6
:104C2000F1F01FFA80F932E1F9480068C0F3401052
:104C300088B3F7480068C0F3C101F648C840616A0C
:104C400009B9012139E0616A012901D1022134E069
:104C5000616A022901D104212FE0616A032901D18F
:104C600006212AE0616A042901D1082125E0616A50
:104C7000052901D10A2120E0616A062901D10C2110
:104C80001BE0616A072901D1102116E0616A082939
:104C900002D1202111E01BE0616A092901D14021E4
:104CA0000BE0616A0A2901D1802106E0616A0B29C3
:104CB00002D14FF4807100E00121B0FBF1F040001F
:104CC000616800EB5100B0FBF1F01FFA80F947E09A
:104CD000606A08B9012038E0606A012801D1022029
:104CE00033E0606A022801D104202EE0606A0328C4
:104CF00001D1062029E0606A042801D1082024E0BF
:104D0000606A052801D10A201FE0606A062801D1E7
:104D10000C201AE0606A072801D1102015E0606AB3
:104D2000082801D1202010E0606A092801D1402024
:104D30000BE0606A0A2801D1802006E0606A0B2837
:104D400002D14FF4807000E00120B249B1FBF0F0D5
:104D50004000616800EB5100B0FBF1F01FFA80F9F0
:104D600095E0606A08B9012038E0606A012801D145
:104D7000022033E0606A022801D104202EE0606A3C
:104D8000032801D1062029E0606A042801D1082007
:104D900024E0606A052801D10A201FE0606A062825
:104DA00001D10C201AE0606A072801D1102015E01B
:104DB000606A082801D1202010E0606A092801D12A
:104DC00040200BE0606A0A2801D1802006E0606A7A
:104DD0000B2802D14FF4807000E001208E49B1FB16
:104DE000F0F04000616800EB5100B0FBF1F01FFAF9
:104DF00080F94CE0606A08B9012038E0606A012857
:104E000001D1022033E0606A022801D104202EE0A3
:104E1000606A032801D1062029E0606A042801D1D4
:104E2000082024E0606A052801D10A201FE0606A9A
:104E3000062801D10C201AE0606A072801D1102051
:104E400015E0606A082801D1202010E0606A092876
:104E500001D140200BE0606A0A2801D1802006E0E1
:104E6000606A0B2802D14FF4807000E001204FF4FB
:104E70000041B1FBF0F04000616800EB5100B0FB75
:104E8000F1F01FFA80F902E00120079000BF00BF97
:104E9000B9F1100F10D3B9F5803F0DD24FF6F07075
:104EA00009EA00000890C9F34201089808430890F5
:104EB00008982168C86083E20120079080E2082DED
:104EC00072D005DC5DB1012D53D0042D6DD1A5E06C
:104ED000102D6BD0202D6AD0402D66D117E2FBF744
:104EE0007DFA8046606A08B9012038E0606A0128CE
:104EF00001D1022033E0606A022801D104202EE0B3
:104F0000606A032801D1062029E0606A042801D1E3
:104F1000082024E0606A052801D10A201FE0606AA9
:104F2000062801D10C201AE0606A072801D1102060
:104F300015E0606A082801D1202010E0606A092885
:104F400001D140200BE0606A0A2801D1802006E0F0
:104F5000606A0B2802D14FF4807000E00120B8FB9A
:104F6000F0F0616800EB5100B0FBF1F01FFA80F93E
:104F700019E2FBF738FA8046606A08B901203CE084
:104F8000606A012801D1022037E0606A022801D15D
:104F9000042032E0606A032801D106202DE0606A17
:104FA000042805D1082028E083E0F9E1CCE066E19F
:104FB000606A052801D10A201FE0606A062801D135
:104FC0000C201AE0606A072801D1102015E0606A01
:104FD000082801D1202010E0606A092801D1402072
:104FE0000BE0606A0A2801D1802006E0606A0B2885
:104FF00002D14FF4807000E00120B8FBF0F061684E
:1050000000EB5100B0FBF1F01FFA80F9CBE100009A
:10501000004402580090D00300093D0004A8FBF7AB
:10502000CEF90598616A09B9012138E0616A012960
:1050300001D1022133E0616A022901D104212EE06D
:10504000616A032901D1062129E0616A042901D19D
:10505000082124E0616A052901D10A211FE0616A63
:10506000062901D10C211AE0616A072901D110211A
:1050700015E0616A082901D1202110E0616A09293F
:1050800001D140210BE0616A0A2901D1802106E0AB
:10509000616A0B2902D14FF4807100E00121B0FB5D
:1050A000F1F0616800EB5100B0FBF1F01FFA80F9FC
:1050B00079E101A8FBF788F90298616A09B9012131
:1050C00038E0616A012901D1022133E0616A0229D5
:1050D00001D104212EE0616A032901D1062129E0D2
:1050E000616A042901D1082124E0616A052901D1FE
:1050F0000A211FE0616A062901D10C211AE0616AC8
:10510000072901D1102115E0616A082901D1202168
:1051100010E0616A092901D140210BE0616A0A2986
:1051200001D1802106E0616A0B2902D14FF4807120
:1051300000E00121B0FBF1F0616800EB5100B0FB31
:10514000F1F01FFA80F92EE1A3480068C0F3401087
:1051500088B3A1480068C0F3C101A048C840616A93
:1051600009B9012139E0616A012901D1022134E044
:10517000616A022901D104212FE0616A032901D16A
:1051800006212AE0616A042901D1082125E0616A2B
:10519000052901D10A2120E0616A062901D10C21EB
:1051A0001BE0616A072901D1102116E0616A082914
:1051B00002D1202111E01AE0616A092901D14021C0
:1051C0000BE0616A0A2901D1802106E0616A0B299E
:1051D00002D14FF4807100E00121B0FBF1F0616871
:1051E00000EB5100B0FBF1F01FFA80F946E0606A75
:1051F00008B9012038E0606A012801D1022033E0BB
:10520000606A022801D104202EE0606A032801D1DF
:10521000062029E0606A042801D1082024E0606AA1
:10522000052801D10A201FE0606A062801D10C2060
:105230001AE0606A072801D1102015E0606A08288A
:1052400001D1202010E0606A092801D140200BE044
:10525000606A0A2801D1802006E0606A0B2802D12A
:105260004FF4807000E001205C49B1FBF0F0616810
:1052700000EB5100B0FBF1F01FFA80F993E0606A97
:1052800008B9012038E0606A012801D1022033E02A
:10529000606A022801D104202EE0606A032801D14F
:1052A000062029E0606A042801D1082024E0606A11
:1052B000052801D10A201FE0606A062801D10C20D0
:1052C0001AE0606A072801D1102015E0606A0828FA
:1052D00001D1202010E0606A092801D140200BE0B4
:1052E000606A0A2801D1802006E0606A0B2802D19A
:1052F0004FF4807000E001203949B1FBF0F06168A3
:1053000000EB5100B0FBF1F01FFA80F94BE0606A4E
:1053100008B9012038E0606A012801D1022033E099
:10532000606A022801D104202EE0606A032801D1BE
:10533000062029E0606A042801D1082024E0606A80
:10534000052801D10A201FE0606A062801D10C203F
:105350001AE0606A072801D1102015E0606A082869
:1053600001D1202010E0606A092801D140200BE023
:10537000606A0A2801D1802006E0606A0B2802D109
:105380004FF4807000E001204FF40041B1FBF0F0D9
:10539000616800EB5100B0FBF1F01FFA80F902E008
:1053A0000120079000BF00BFB9F1100F06D3B9F577
:1053B000803F03D22068C0F80C9001E001200790E4
:1053C0000120A4F86A00A4F868000020E0662067C5
:1053D000079809B0BDE8F08F004402580090D00350
:1053E00000093D002DE9F04104460D461746984658
:1053F000069E4AE0701C002847D0FAF7D1FFA0EBC8
:105400000800B04200D8C6B92068006820F4D07007
:10541000216808602068806820F0010021688860A9
:105420002020C4F88000C4F8840000BF002084F865
:105430007C0000BF0320BDE8F0812068006800F018
:10544000040010B32068C069C0F3C020E8B14FF475
:105450000060216808622068006820F4D07021682C
:1054600008602068806820F00100216888602020A2
:10547000C4F88000C4F88400C4F8880000BF00208D
:1054800084F87C0000BF0320D5E72068C06928406D
:10549000A84201D1012000E00020B842AAD000209B
:1054A000C9E700BFFEE7000000B587B000BF00BF3E
:1054B0002548006840F0010023490860084600685C
:1054C00000F00100019000BF00BF00BF00BF00BF9F
:1054D0000846006840F0010008600846006800F0D7
:1054E0000100019000BF00BF00BF00BF00BF084621
:1054F000006840F0010008600846006800F0010004
:10550000019000BF00BF00BF022002900020039066
:10551000012004900320059002A90C48FAF727FF08
:105520004FF4004002900120049002A90748FAF7C6
:105530001EFF012002900220049002A90348FAF7FE
:1055400016FF07B000BD0000E044025800000258FA
:1055500070B50446002514B1012023490870224883
:10556000007858B302212148FAF742FF58B14FF4AE
:1055700000411E48FAF73CFF28B101211B48FAF709
:1055800037FF01281AD10A20FAF705FF0020164933
:10559000087002211548FAF72BFF00B901254FF4D6
:1055A00000411248FAF724FF00B9022501210F48F3
:1055B000FAF71EFF012815D1032513E002210B483D
:1055C000FAF716FF01280DD1C1030848FAF710FFBA
:1055D000012807D101210548FAF70AFF10B9012077
:1055E00001490870284670BD41000024000002589F
:1055F00070B50446002609480588408845430021C7
:10560000084602F049FE03F04FF800BF02E00448EC
:105610000480761CAE42FAD370BD0000E80D002471
:105620000000106010B5044649488471002C45D133
:10563000F020474908804FF4A070488008468088D1
:1056400045F21051884210D14FF430504049088142
:105650004FF4285048814FF42C5088814FF4F0705B
:1056600008804FF4487048801AE03948808841F635
:10567000631188420DD12C20354908812B204881A7
:105680002A2088814FF4F07008804FF448704880D9
:1056900006E02C202E4908812A2048812B20888171
:1056A0002B48808845F2103188424CD14FF4A070CD
:1056B000274908804FF4F070488044E04FF4A07010
:1056C00023490880F02048800846808845F2105120
:1056D000884210D14FF430501D4908814FF42850B2
:1056E00048814FF42C5088814FF4487008804FF463
:1056F000F07048801AE01648808841F663118842AD
:105700000DD12C20124908812A2048812B20888124
:105710004FF4487008804FF4F070488006E02C2069
:105720000B4908812A2048812B20888108488088DD
:1057300045F21031884206D14FF4F07004490880D8
:105740004FF4A0704880002002F08EFC10BD0000D5
:10575000E80D00242DE9FF4F84B081468A460020E1
:10576000029083460698A0EB09050798A0EB0A066D
:10577000CDF80490CDF800A0002D01DD012705E053
:105780000DB9002702E04FF0FF376D42002E02DD19
:105790004FF0010806E016B94FF0000802E04FF0A4
:1057A000FF387642B54201DD2C4600E03446002049
:1057B00003901EE0009A91B2019A90B2119A00F003
:1057C0001FF8029828440290B3440298A04205DDD5
:1057D0000298001B0290019838440190A34504DD13
:1057E000ABEB040B0098404400900398401C80B23F
:1057F0000390611C03988842DCDD08B0BDE8F08F9F
:1058000070B505460E4614463146284602F044FD62
:1058100002F04AFF01490C8070BD000000001060DA
:105820002DE9F84105460E4617469846079C334633
:105830003A46314628460094FFF78CFF43462A46F5
:10584000314628460094FFF785FF43463A464146D5
:1058500028460094FFF77EFF43463A4631463846D5
:105860000094FFF777FFBDE8F88110B5CF2002F074
:105870000FFF002002F000FFC12002F0FDFE3020EB
:1058800002F0FAFEED2002F003FF642002F0F4FEC5
:10589000032002F0F1FE122002F0EEFE812002F061
:1058A000EBFEE82002F0F4FE852002F0E5FE102079
:1058B00002F0E2FE7A2002F0DFFECB2002F0E8FEEA
:1058C000392002F0D9FE2C2002F0D6FE002002F092
:1058D000D3FE342002F0D0FE022002F0CDFEF720ED
:1058E00002F0D6FE202002F0C7FEEA2002F0D0FE31
:1058F000002002F0C1FE002002F0BEFEC02002F037
:10590000C7FE1B2002F0B8FEC12002F0C1FE01203C
:1059100002F0B2FEC52002F0BBFE302002F0ACFE69
:10592000302002F0A9FEC72002F0B2FEB72002F03C
:10593000A3FE362002F0ACFE482002F09DFE3A2085
:1059400002F0A6FE552002F097FEB12002F0A0FE64
:10595000002002F091FE1A2002F08EFEB62002F026
:1059600097FE0A2002F088FEA22002F085FEF220B7
:1059700002F08EFE002002F07FFE262002F088FE5C
:10598000012002F079FEE02002F082FE0F2002F0FA
:1059900073FE2A2002F070FE282002F06DFE08201F
:1059A00002F06AFE0E2002F067FE082002F064FE9C
:1059B000542002F061FEA92002F05EFE432002F0B6
:1059C0005BFE0A2002F058FE0F2002F055FE002078
:1059D00002F052FE002002F04FFE002002F04CFECA
:1059E000002002F049FEE12002F052FE002002F009
:1059F00043FE152002F040FE172002F03DFE072076
:105A000002F03AFE112002F037FE062002F034FECA
:105A10002B2002F031FE562002F02EFE3C2002F038
:105A20002BFE052002F028FE102002F025FE0F209C
:105A300002F022FE3F2002F01FFE3F2002F01CFE7B
:105A40000F2002F019FE2B2002F022FE002002F0AF
:105A500013FE002002F010FE012002F00DFE3F2098
:105A600002F00AFE2A2002F013FE002002F004FEDB
:105A7000002002F001FE002002F0FEFDEF2002F007
:105A8000FBFD112002F004FE7820FAF784FC2920A7
:105A900002F0FEFD10BD10B5ED2002F0F9FD012071
:105AA00002F0EAFDFE2002F0E7FDEE2002F0F0FD3C
:105AB000DE2002F0E1FD212002F0DEFDF12002F007
:105AC000E7FD012002F0D8FDDF2002F0E1FD10200B
:105AD00002F0D2FDC42002F0DBFD8F2002F0CCFDED
:105AE000C62002F0D5FD002002F0C6FDE22002F043
:105AF000C3FDE22002F0C0FDE22002F0BDFDBF20A8
:105B000002F0C6FDAA2002F0B7FDB02002F0C0FDF1
:105B10000D2002F0B1FD002002F0AEFD0D2002F0DC
:105B2000ABFD002002F0A8FD112002F0A5FD002031
:105B300002F0A2FD192002F09FFD002002F09CFD62
:105B4000212002F099FD002002F096FD2D2002F0A8
:105B500093FD002002F090FD3D2002F08DFD00201D
:105B600002F08AFD5D2002F087FD002002F084FD36
:105B70005D2002F081FD002002F07EFDB12002F0E8
:105B800087FD802002F078FD002002F075FD8B205B
:105B900002F072FD002002F06FFD962002F06CFD15
:105BA000002002F069FDB22002F072FD002002F038
:105BB00063FD002002F060FD022002F05DFD002088
:105BC00002F05AFD032002F057FD002002F054FDC0
:105BD000B32002F05DFD002002F04EFD002002F037
:105BE0004BFD002002F048FD002002F045FD0020A2
:105BF00002F042FD002002F03FFD002002F03CFDDB
:105C0000002002F039FD002002F036FD002002F0F5
:105C100033FD002002F030FD002002F02DFD0020B9
:105C200002F02AFD002002F027FD002002F024FDF2
:105C3000002002F021FD002002F01EFD002002F0F5
:105C40001BFD002002F018FD002002F015FD0020D1
:105C500002F012FD002002F00FFD002002F00CFD0A
:105C6000002002F009FDB42002F012FD8B2002F0AA
:105C700003FD002002F000FD962002F0FDFC002054
:105C800002F0FAFCA12002F0F7FC002002F0F4FC84
:105C9000B52002F0FDFC022002F0EEFC002002F034
:105CA000EBFC032002F0E8FC002002F0E5FC0420FD
:105CB00002F0E2FC002002F0DFFCB62002F0E8FC7B
:105CC000002002F0D9FC002002F0D6FCB72002F040
:105CD000DFFC002002F0D0FC002002F0CDFC3F20D1
:105CE00002F0CAFC002002F0C7FC5E2002F0C4FCF7
:105CF000002002F0C1FC642002F0BEFC002002F093
:105D0000BBFC8C2002F0B8FC002002F0B5FCAC20FB
:105D100002F0B2FC002002F0AFFCDC2002F0ACFC90
:105D2000002002F0A9FC702002F0A6FC002002F086
:105D3000A3FC902002F0A0FC002002F09DFCEB20D0
:105D400002F09AFC002002F097FCDC2002F094FCA8
:105D5000002002F091FCB82002F09AFC002002F032
:105D60008BFC002002F088FC002002F085FC002063
:105D700002F082FC002002F07FFC002002F07CFC9C
:105D8000002002F079FC002002F076FCBA2002F03C
:105D90007FFC242002F070FC002002F06DFC00204B
:105DA00002F06AFC002002F067FCC12002F070FCE7
:105DB000202002F061FC002002F05EFC542002F082
:105DC0005BFC002002F058FCFF2002F055FC002094
:105DD00002F052FCC22002F05BFC0A2002F04CFCF4
:105DE000002002F049FC042002F046FC002002F0F2
:105DF00043FCC32002F04CFC3C2002F03DFC0020A0
:105E000002F03AFC3A2002F037FC002002F034FCA9
:105E1000392002F031FC002002F02EFC372002F085
:105E20002BFC002002F028FC3C2002F025FC002086
:105E300002F022FC362002F01FFC002002F01CFCC5
:105E4000322002F019FC002002F016FC2F2002F094
:105E500013FC002002F010FC2C2002F00DFC0020AE
:105E600002F00AFC292002F007FC002002F004FCEA
:105E7000262002F001FC002002F0FEFB242002F0AC
:105E8000FBFB002002F0F8FB242002F0F5FB0020D1
:105E900002F0F2FB232002F0EFFB002002F0ECFB0B
:105EA0003C2002F0E9FB002002F0E6FB362002F085
:105EB000E3FB002002F0E0FB322002F0DDFB0020DB
:105EC00002F0DAFB2F2002F0D7FB002002F0D4FB17
:105ED0002C2002F0D1FB002002F0CEFB292002F0A2
:105EE000CBFB002002F0C8FB262002F0C5FB0020FF
:105EF00002F0C2FB242002F0BFFB002002F0BCFB3A
:105F0000242002F0B9FB002002F0B6FB232002F0AF
:105F1000B3FB002002F0B0FBC42002F0B9FB62200A
:105F200002F0AAFB002002F0A7FB052002F0A4FB70
:105F3000002002F0A1FB842002F09EFB002002F072
:105F40009BFBF02002F098FB002002F095FB18204C
:105F500002F092FB002002F08FFBA42002F08CFBE9
:105F6000002002F089FB182002F086FB002002F0DE
:105F700083FB502002F080FB002002F07DFB0C2010
:105F800002F07AFB002002F077FB172002F074FB8E
:105F9000002002F071FB952002F06EFB002002F061
:105FA0006BFBF32002F068FB002002F065FBE620AB
:105FB00002F062FB002002F05FFBC52002F068FBEC
:105FC000322002F059FB002002F056FB442002F080
:105FD00053FB002002F050FB652002F04DFB002037
:105FE00002F04AFB762002F047FB002002F044FB5F
:105FF000882002F041FB002002F03EFBC62002F0A8
:1060000047FB202002F038FB002002F035FB172070
:1060100002F032FB002002F02FFB012002F02CFBEB
:10602000002002F029FBC72002F032FB002002F022
:1060300023FB002002F020FB002002F01DFB0020CB
:1060400002F01AFBC82002F023FB002002F014FB30
:10605000002002F011FB002002F00EFB002002F0F5
:106060000BFBC92002F014FB002002F005FB00200E
:1060700002F002FB002002F0FFFA002002F0FCFA1E
:10608000002002F0F9FA002002F0F6FA002002F0F7
:10609000F3FA002002F0F0FA002002F0EDFA0020FE
:1060A00002F0EAFA002002F0E7FA002002F0E4FA37
:1060B000002002F0E1FA002002F0DEFA002002F0F7
:1060C000DBFA002002F0D8FAE02002F0E1FA162014
:1060D00002F0D2FA002002F0CFFA1C2002F0CCFA33
:1060E000002002F0C9FA212002F0C6FA002002F0D6
:1060F000C3FA362002F0C0FA002002F0BDFA4620B2
:1061000002F0BAFA002002F0B7FA522002F0B4FA14
:10611000002002F0B1FA642002F0AEFA002002F092
:10612000ABFA7A2002F0A8FA002002F0A5FA8B2040
:1061300002F0A2FA002002F09FFA992002F09CFAE5
:10614000002002F099FAA82002F096FA002002F04E
:1061500093FAB92002F090FA002002F08DFAC420E0
:1061600002F08AFA002002F087FACA2002F084FACC
:10617000002002F081FAD22002F07EFA002002F024
:106180007BFAD92002F078FA002002F075FAE020BC
:1061900002F072FA002002F06FFAF32002F06CFABB
:1061A000002002F069FAE12002F072FA162002F0F3
:1061B00063FA002002F060FA1C2002F05DFA002071
:1061C00002F05AFA222002F057FA002002F054FAA4
:1061D000362002F051FA002002F04EFA452002F07B
:1061E0004BFA002002F048FA522002F045FA002053
:1061F00002F042FA642002F03FFA002002F03CFA7A
:106200007A2002F039FA002002F036FA8B2002F0F0
:1062100033FA002002F030FA992002F02DFA002023
:1062200002F02AFAA82002F027FA002002F024FA4D
:10623000B92002F021FA002002F01EFAC42002F078
:106240001BFA002002F018FACA2002F015FA00200A
:1062500002F012FAD22002F00FFA002002F00CFA3B
:10626000D82002F009FA002002F006FAE02002F03D
:1062700003FA002002F000FAF32002F0FDF90020FA
:1062800002F0FAF9E22002F003FA052002F0F4F934
:10629000002002F0F1F90B2002F0EEF9002002F0EC
:1062A000EBF91B2002F0E8F9002002F0E5F93420B8
:1062B00002F0E2F9002002F0DFF9442002F0DCF9FC
:1062C000002002F0D9F94F2002F0D6F9002002F0A8
:1062D000D3F9612002F0D0F9002002F0CDF9792045
:1062E00002F0CAF9002002F0C7F9882002F0C4F9D0
:1062F000002002F0C1F9972002F0BEF9002002F060
:10630000BBF9A62002F0B8F9002002F0B5F9B720D9
:1063100002F0B2F9002002F0AFF9C22002F0ACF9AD
:10632000002002F0A9F9C72002F0A6F9002002F02F
:10633000A3F9D12002F0A0F9002002F09DF9D620A7
:1063400002F09AF9002002F097F9DD2002F094F9AA
:10635000002002F091F9F32002F08EF9002002F003
:106360008BF9E32002F094F9052002F085F9002072
:1063700002F082F90A2002F07FF9002002F07CF995
:106380001C2002F079F9002002F076F9332002F0A7
:1063900073F9002002F070F9442002F06DF900203A
:1063A00002F06AF9502002F067F9002002F064F967
:1063B000622002F061F9002002F05EF9782002F01C
:1063C0005BF9002002F058F9882002F055F900200E
:1063D00002F052F9972002F04FF9002002F04CF938
:1063E000A62002F049F9002002F046F9B72002F099
:1063F00043F9002002F040F9C22002F03DF90020EC
:1064000002F03AF9C72002F037F9002002F034F91F
:10641000D12002F031F9002002F02EF9D52002F04F
:106420002BF9002002F028F9DD2002F025F90020E8
:1064300002F022F9F32002F01FF9002002F01CF90B
:10644000E42002F025F9012002F016F9002002F004
:1064500013F9012002F010F9002002F00DF90220DA
:1064600002F00AF9002002F007F92A2002F004F9EC
:10647000002002F001F93C2002F0FEF8002002F0BA
:10648000FBF84B2002F0F8F8002002F0F5F85D2050
:1064900002F0F2F8002002F0EFF8742002F0ECF8BD
:1064A000002002F0E9F8842002F0E6F8002002F073
:1064B000E3F8932002F0E0F8002002F0DDF8A220DB
:1064C00002F0DAF8002002F0D7F8B32002F0D4F896
:1064D000002002F0D1F8BE2002F0CEF8002002F039
:1064E000CBF8C42002F0C8F8002002F0C5F8CD2097
:1064F00002F0C2F8002002F0BFF8D32002F0BCF88E
:10650000002002F0B9F8DD2002F0B6F8002002F019
:10651000B3F8F32002F0B0F8002002F0ADF8E52067
:1065200002F0B6F8002002F0A7F8002002F0A4F86C
:10653000002002F0A1F8002002F09EF8022002F0F4
:106540009BF8002002F098F8292002F095F800202E
:1065500002F092F83C2002F08FF8002002F08CF854
:106560004B2002F089F8002002F086F85D2002F04E
:1065700083F8002002F080F8742002F07DF80020FB
:1065800002F07AF8842002F077F8002002F074F824
:10659000932002F071F8002002F06EF8A22002F0C1
:1065A0006BF8002002F068F8B32002F065F80020D4
:1065B00002F062F8BE2002F05FF8002002F05CF802
:1065C000C42002F059F8002002F056F8CD2002F065
:1065D00053F8002002F050F8D32002F04DF80020CC
:1065E00002F04AF8DC2002F047F8002002F044F8FC
:1065F000F32002F041F8002002F03EF8E62002F01D
:1066000047F8112002F038F8002002F035F8342065
:1066100002F032F8002002F02FF8562002F02CF899
:10662000002002F029F8762002F026F8002002F07F
:1066300023F8772002F020F8002002F01DF86620F1
:1066400002F01AF8002002F017F8882002F014F87F
:10665000002002F011F8992002F00EF8002002F05C
:106660000BF8BB2002F008F8002002F005F8992092
:1066700002F002F8002001F0FFFF662001F0FCFFAD
:10668000002001F0F9FF552001F0F6FF002001F095
:10669000F3FF552001F0F0FF002001F0EDFF452051
:1066A00001F0EAFF002001F0E7FF432001F0E4FFE2
:1066B000002001F0E1FF442001F0DEFF002001F0A6
:1066C000DBFFE72001F0E4FF322001F0D5FF0020DE
:1066D00001F0D2FF552001F0CFFF002001F0CCFFE8
:1066E000762001F0C9FF002001F0C6FF662001F00E
:1066F000C3FF002001F0C0FF672001F0BDFF0020B4
:1067000001F0BAFF672001F0B7FF002001F0B4FFED
:10671000872001F0B1FF002001F0AEFF992001F0C9
:10672000ABFF002001F0A8FFBB2001F0A5FF002077
:1067300001F0A2FF992001F09FFF002001F09CFFD3
:10674000772001F099FF002001F096FF442001F02E
:1067500093FF002001F090FF562001F08DFF0020F4
:1067600001F08AFF232001F087FF002001F084FF61
:10677000332001F081FF002001F07EFF452001F071
:106780007BFF002001F078FFE82001F081FF00206E
:1067900001F072FF002001F06FFF992001F06CFF03
:1067A000002001F069FF872001F066FF002001F062
:1067B00063FF882001F060FF002001F05DFF77207B
:1067C00001F05AFF002001F057FF662001F054FF4E
:1067D000002001F051FF882001F04EFF002001F061
:1067E0004BFFAA2001F048FF002001F045FFBB202D
:1067F00001F042FF002001F03FFF992001F03CFF33
:10680000002001F039FF662001F036FF002001F082
:1068100033FF552001F030FF002001F02DFF5520FF
:1068200001F02AFF002001F027FF442001F024FF9F
:10683000002001F021FF442001F01EFF002001F0A4
:106840001BFF552001F018FF002001F015FFE92083
:1068500001F01EFFAA2001F00FFF002001F00CFF45
:10686000002001F009FF002001F006FF002001F0E8
:106870000FFFAA2001F000FFCF2001F009FF002048
:1068800001F0FAFE002001F0F7FE002001F0F4FE16
:10689000002001F0F1FE002001F0EEFE002001F0EA
:1068A000EBFE002001F0E8FE002001F0E5FE0020F4
:1068B00001F0E2FE002001F0DFFE002001F0DCFE2E
:1068C000002001F0D9FE002001F0D6FE002001F0EA
:1068D000D3FE002001F0D0FE002001F0CDFE00200C
:1068E00001F0CAFEF02001F0D3FE002001F0C4FE4A
:1068F000502001F0C1FE002001F0BEFE002001F09A
:10690000BBFE002001F0B8FEF32001F0C1FE002024
:1069100001F0B2FEF92001F0BBFE062001F0ACFE52
:10692000102001F0A9FE292001F0A6FE002001F0B0
:10693000A3FE3A2001F0ACFE552001F09DFE11208F
:1069400001F0A6FE6420F9F726FD292001F0A0FE43
:10695000352001F09DFE002001F08EFE512001F057
:1069600097FEFF2001F088FE532001F091FE2C20BD
:1069700001F082FE552001F08BFE822001F07CFEAA
:106980002C2001F085FE10BD10B555214FF470404C
:1069900001F094FEAA214FF2010001F08FFE522176
:1069A0004FF2020001F08AFE08214FF2030001F0CD
:1069B00085FE01214FF2040001F080FE0D214FF40D
:1069C000304001F07BFE0D214BF2010001F076FE1C
:1069D0000D214BF2020001F071FE34214FF43640DC
:1069E00001F06CFE34214BF2016001F067FE3421AE
:1069F0004BF2026001F062FE0D214FF4314001F0D4
:106A00005DFE0D214BF2011001F058FE0D214BF2FD
:106A1000021001F053FE34214FF4374001F04EFED6
:106A200034214BF2017001F049FE34214BF2027027
:106A300001F044FE00214FF4324001F03FFE0021FE
:106A40004BF2012001F03AFE00214BF2022001F04E
:106A500035FE24214FF4384001F030FE24214BF65E
:106A6000010001F02BFE24214BF6020001F026FE6E
:106A700001214FF43F4001F021FE0F214FF433403C
:106A800001F01CFE0F214BF2013001F017FE0F2127
:106A90004BF2023001F012FE34214FF4394001F084
:106AA0000DFE34214BF6011001F008FE34214BF6A7
:106AB000021001F003FE08214FF4354001F0FEFD05
:106AC00008214BF2015001F0F9FD08214BF2025070
:106AD00001F0F4FD03214FF4424001F0EFFD2421C9
:106AE0004FF43A4001F0EAFD24214BF6012001F079
:106AF000E5FD24214BF6022001F0E0FD00214FF4DA
:106B00003C4001F0DBFD78214BF6014001F0D6FD61
:106B100000214BF6024001F0D1FD00214FF43D4031
:106B200001F0CCFD78214BF6015001F0C7FD0021AA
:106B30004BF6025001F0C2FD00214FF43E4001F03F
:106B4000BDFD64214BF6016001F0B8FD00214FF45A
:106B5000514001F0B3FD33214DF2011001F0AEFDC3
:106B600000214DF2021001F0A9FD34214DF2031075
:106B700001F0A4FD00214DF2041001F09FFD3A2127
:106B80004DF2051001F09AFD00214DF2061001F0C2
:106B900095FD4A214DF2071001F090FD00214DF2C4
:106BA000081001F08BFD5C214DF2091001F086FD0B
:106BB00000214DF20A1001F081FD81214DF20B10F0
:106BC00001F07CFD00214DF20C1001F077FDA621B3
:106BD0004DF20D1001F072FD00214DF20E1001F08A
:106BE0006DFDE5214DF20F1001F068FD01214DF220
:106BF000101001F063FD13214DF2111001F05EFD44
:106C000001214DF2121001F059FD54214DF21310E3
:106C100001F054FD01214DF2141001F04FFD8221CD
:106C20004DF2151001F04AFD01214DF2161001F050
:106C300045FDCA214DF2171001F040FD02214DF231
:106C4000181001F03BFD00214DF2191001F036FD46
:106C500002214DF21A1001F031FD01214DF21B10FD
:106C600001F02CFD02214DF21C1001F027FD342112
:106C70004DF21D1001F022FD02214DF21E1001F017
:106C80001DFD67214DF21F1001F018FD02214DF28C
:106C9000201001F013FD84214DF2211001F00EFDB2
:106CA00002214DF2221001F009FDA4214DF2231022
:106CB00001F004FD02214DF2241001F0FFFCB72188
:106CC0004DF2251001F0FAFC02214DF2261001F0E0
:106CD000F5FCCF214DF2271001F0F0FC02214DF21E
:106CE000281001F0EBFCDE214DF2291001F0E6FC4A
:106CF00002214DF22A1001F0E1FCF2214DF22B109D
:106D000001F0DCFC02214DF22C1001F0D7FCFE2139
:106D10004DF22D1001F0D2FC03214DF22E1001F0A6
:106D2000CDFC10214DF22F1001F0C8FC03214DF2D3
:106D3000301001F0C3FC33214DF2311001F0BEFCE4
:106D400003214DF2321001F0B9FC6D214DF23310E8
:106D500001F0B4FC00214FF4524001F0AFFC3321AC
:106D60004DF2012001F0AAFC00214DF2022001F0B9
:106D7000A5FC34214DF2032001F0A0FC00214DF2CE
:106D8000042001F09BFC3A214DF2052001F096FC15
:106D900000214DF2062001F091FC4A214DF207201E
:106DA00001F08CFC00214DF2082001F087FC5C21F1
:106DB0004DF2092001F082FC00214DF20A2001F081
:106DC0007DFC81214DF20B2001F078FC00214DF279
:106DD0000C2001F073FCA6214DF20D2001F06EFC99
:106DE00000214DF20E2001F069FCE5214DF20F204B
:106DF00001F064FC01214DF2102001F05FFC132131
:106E00004DF2112001F05AFC01214DF2122001F047
:106E100055FC54214DF2132001F050FC01214DF29C
:106E2000142001F04BFC82214DF2152001F046FCAC
:106E300001214DF2162001F041FCCA214DF217202C
:106E400001F03CFC02214DF2182001F037FC00213A
:106E50004DF2192001F032FC02214DF21A2001F00E
:106E60002DFC01214DF21B2001F028FC02214DF2E6
:106E70001C2001F023FC34214DF21D2001F01EFCEA
:106E800002214DF21E2001F019FC67214DF21F2056
:106E900001F014FC02214DF2202001F00FFC8421AE
:106EA0004DF2212001F00AFC02214DF2222001F0D6
:106EB00005FCA4214DF2232001F000FC02214DF23B
:106EC000242001F0FBFBB7214DF2252001F0F6FB59
:106ED00002214DF2262001F0F1FBCF214DF22720B7
:106EE00001F0ECFB02214DF2282001F0E7FBDE214E
:106EF0004DF2292001F0E2FB02214DF22A2001F09F
:106F0000DDFBF2214DF22B2001F0D8FB02214DF2E6
:106F10002C2001F0D3FBFE214DF22D2001F0CEFB01
:106F200003214DF22E2001F0C9FB10214DF22F203C
:106F300001F0C4FB03214DF2302001F0BFFB3321EF
:106F40004DF2312001F0BAFB03214DF2322001F065
:106F5000B5FB6D214DF2332001F0B0FB00214FF461
:106F6000534001F0ABFB33214DF2013001F0A6FBA1
:106F700000214DF2023001F0A1FB34214DF203302B
:106F800001F09CFB00214DF2043001F097FB3A2107
:106F90004DF2053001F092FB00214DF2063001F078
:106FA0008DFB4A214DF2073001F088FB00214DF2A4
:106FB000083001F083FB5C214DF2093001F07EFBCB
:106FC00000214DF20A3001F079FB81214DF20B30A6
:106FD00001F074FB00214DF20C3001F06FFBA62193
:106FE0004DF20D3001F06AFB00214DF20E3001F040
:106FF00065FBE5214DF20F3001F060FB01214DF200
:10700000103001F05BFB13214DF2113001F056FB03
:1070100001214DF2123001F051FB54214DF2133099
:1070200001F04CFB01214DF2143001F047FB8221AD
:107030004DF2153001F042FB01214DF2163001F006
:107040003DFBCA214DF2173001F038FB02214DF211
:10705000183001F033FB00214DF2193001F02EFB06
:1070600002214DF21A3001F029FB01214DF21B30B3
:1070700001F024FB02214DF21C3001F01FFB3421F2
:107080004DF21D3001F01AFB02214DF21E3001F0CD
:1070900015FB67214DF21F3001F010FB02214DF26C
:1070A000203001F00BFB84214DF2213001F006FB72
:1070B00002214DF2223001F001FBA4214DF22330D8
:1070C00001F0FCFA02214DF2243001F0F7FAB72169
:1070D0004DF2253001F0F2FA02214DF2263001F096
:1070E000EDFACF214DF2273001F0E8FA02214DF2FE
:1070F000283001F0E3FADE214DF2293001F0DEFA0A
:1071000002214DF22A3001F0D9FAF2214DF22B3052
:1071100001F0D4FA02214DF22C3001F0CFFAFE2119
:107120004DF22D3001F0CAFA03214DF22E3001F05C
:10713000C5FA10214DF22F3001F0C0FA03214DF2B3
:10714000303001F0BBFA33214DF2313001F0B6FAA4
:1071500003214DF2323001F0B1FA6D214DF233309E
:1071600001F0ACFA00214FF4544001F0A7FA3321AA
:107170004DF2014001F0A2FA00214DF2024001F06F
:107180009DFA34214DF2034001F098FA00214DF2AE
:10719000044001F093FA3A214DF2054001F08EFAD5
:1071A00000214DF2064001F089FA4A214DF20740D4
:1071B00001F084FA00214DF2084001F07FFA5C21D1
:1071C0004DF2094001F07AFA00214DF20A4001F037
:1071D00075FA81214DF20B4001F070FA00214DF259
:1071E0000C4001F06BFAA6214DF20D4001F066FA59
:1071F00000214DF20E4001F061FAE5214DF20F4001
:1072000001F05CFA01214DF2104001F057FA132110
:107210004DF2114001F052FA01214DF2124001F0FD
:107220004DFA54214DF2134001F048FA01214DF27C
:10723000144001F043FA82214DF2154001F03EFA6C
:1072400001214DF2164001F039FACA214DF21740E2
:1072500001F034FA02214DF2184001F02FFA00211A
:107260004DF2194001F02AFA02214DF21A4001F0C4
:1072700025FA01214DF21B4001F020FA02214DF2C6
:107280001C4001F01BFA34214DF21D4001F016FAAA
:1072900002214DF21E4001F011FA67214DF21F400C
:1072A00001F00CFA02214DF2204001F007FA84218E
:1072B0004DF2214001F002FA02214DF2224001F08C
:1072C000FDF9A4214DF2234001F0F8F902214DF21D
:1072D000244001F0F3F9B7214DF2254001F0EEF919
:1072E00002214DF2264001F0E9F9CF214DF227406D
:1072F00001F0E4F902214DF2284001F0DFF9DE212E
:107300004DF2294001F0DAF902214DF22A4001F054
:10731000D5F9F2214DF22B4001F0D0F902214DF2C6
:107320002C4001F0CBF9FE214DF22D4001F0C6F9C1
:1073300003214DF22E4001F0C1F910214DF22F40F2
:1073400001F0BCF903214DF2304001F0B7F93321CF
:107350004DF2314001F0B2F903214DF2324001F01B
:10736000ADF96D214DF2334001F0A8F900214FF441
:10737000554001F0A3F933214DF2015001F09EF97F
:1073800000214DF2025001F099F934214DF20350E1
:1073900001F094F900214DF2045001F08FF93A21E7
:1073A0004DF2055001F08AF900214DF2065001F02E
:1073B00085F94A214DF2075001F080F900214DF284
:1073C000085001F07BF95C214DF2095001F076F98B
:1073D00000214DF20A5001F071F981214DF20B505C
:1073E00001F06CF900214DF20C5001F067F9A62173
:1073F0004DF20D5001F062F900214DF20E5001F0F6
:107400005DF9E5214DF20F5001F058F901214DF2DF
:10741000105001F053F913214DF2115001F04EF9C3
:1074200001214DF2125001F049F954214DF213504F
:1074300001F044F901214DF2145001F03FF982218D
:107440004DF2155001F03AF901214DF2165001F0BC
:1074500035F9CA214DF2175001F030F902214DF2F1
:10746000185001F02BF900214DF2195001F026F9C6
:1074700002214DF21A5001F021F901214DF21B5069
:1074800001F01CF902214DF21C5001F017F93421D2
:107490004DF21D5001F012F902214DF21E5001F083
:1074A0000DF967214DF21F5001F008F902214DF24C
:1074B000205001F003F984214DF2215001F0FEF833
:1074C00002214DF2225001F0F9F8A4214DF223508F
:1074D00001F0F4F802214DF2245001F0EFF8B72149
:1074E0004DF2255001F0EAF802214DF2265001F04C
:1074F000E5F8CF214DF2275001F0E0F802214DF2DE
:10750000285001F0DBF8DE214DF2295001F0D6F8C9
:1075100002214DF22A5001F0D1F8F2214DF22B5008
:1075200001F0CCF802214DF22C5001F0C7F8FE21F9
:107530004DF22D5001F0C2F803214DF22E5001F012
:10754000BDF810214DF22F5001F0B8F803214DF293
:10755000305001F0B3F833214DF2315001F0AEF864
:1075600003214DF2325001F0A9F86D214DF2335054
:1075700001F0A4F800214FF4564001F09FF83321A8
:107580004DF2016001F09AF800214DF2026001F025
:1075900095F834214DF2036001F090F800214DF28E
:1075A000046001F08BF83A214DF2056001F086F895
:1075B00000214DF2066001F081F84A214DF207608A
:1075C00001F07CF800214DF2086001F077F85C21B1
:1075D0004DF2096001F072F800214DF20A6001F0ED
:1075E0006DF881214DF20B6001F068F800214DF239
:1075F0000C6001F063F8A6214DF20D6001F05EF819
:1076000000214DF20E6001F059F8E5214DF20F60B6
:1076100001F054F801214DF2106001F04FF81321F0
:107620004DF2116001F04AF801214DF2126001F0B3
:1076300045F854214DF2136001F040F801214DF25C
:10764000146001F03BF882214DF2156001F036F82C
:1076500001214DF2166001F031F8CA214DF2176098
:1076600001F02CF802214DF2186001F027F80021FA
:107670004DF2196001F022F802214DF21A6001F07A
:107680001DF801214DF21B6001F018F802214DF2A6
:107690001C6001F013F834214DF21D6001F00EF86A
:1076A00002214DF21E6001F009F867214DF21F60C2
:1076B00001F004F802214DF2206000F0FFFF842168
:1076C0004DF2216000F0FAFF02214DF2226000F03D
:1076D000F5FFA4214DF2236000F0F0FF02214DF2EE
:1076E000246000F0EBFFB7214DF2256000F0E6FFCB
:1076F00002214DF2266000F0E1FFCF214DF227601C
:1077000000F0DCFF02214DF2286000F0D7FFDE21FF
:107710004DF2296000F0D2FF02214DF22A6000F004
:10772000CDFFF2214DF22B6000F0C8FF02214DF297
:107730002C6000F0C3FFFE214DF22D6000F0BEFF73
:1077400003214DF22E6000F0B9FF10214DF22F60A1
:1077500000F0B4FF03214DF2306000F0AFFF3321A1
:107760004DF2316000F0AAFF03214DF2326000F0CB
:10777000A5FF6D214DF2336000F0A0FF55214FF4BD
:10778000704000F09BFFAA214FF2010000F096FF2D
:1077900052214FF2020000F091FF08214FF2030046
:1077A00000F08CFF00214FF2040000F087FFCC2195
:1077B0004FF4314000F082FF00214BF2011000F045
:1077C0007DFF05214FF4364000F078FF70214FF423
:1077D000374000F073FF70214BF2017000F06EFF34
:1077E00001214FF4384000F069FF03214BF60100FE
:1077F00000F064FF03214BF6020000F05FFF03215D
:107800004BF6030000F05AFF02214FF43C4000F019
:1078100055FF00214BF6014000F050FF00214BF6D0
:10782000024000F04BFFD0214FF4494000F046FFEA
:1078300002214CF6011000F041FF50214CF60210DD
:1078400000F03CFF50214CF6031000F037FF5021B0
:107850004CF6041000F032FF00214FF4545000F0B9
:107860002DFF55214FF4685000F028FF4FF4885049
:1078700000F00EFF7820F8F7C0FD4FF4245000F020
:1078800007FF10BD10B5E22000F002FF1D2000F040
:10789000F3FE022000F0F0FE042000F0EDFE642074
:1078A000F8F7ABFDE02000F0F3FE012000F0E4FE6D
:1078B0000A20F8F770FDE02000F0EAFE032000F057
:1078C000DBFE0C20F8F767FD012000F0E1FE0A2046
:1078D000F8F761FDE62000F0DBFE2F2000F0CCFE83
:1078E000FF2000F0C9FEFF2000F0C6FEB02000F02F
:1078F000CFFE202000F0C0FE002000F0BDFE0320DF
:1079000000F0BAFE40F21F3000F0B6FE012000F099
:10791000B3FE40F2DF1000F0AFFE002000F0ACFE3E
:10792000B42000F0B5FE042000F0A6FE40F21F4097
:1079300000F0A2FE002000F09FFE2E2000F09CFE32
:10794000002000F099FE002000F096FE002000F0DC
:1079500093FE002000F090FEB62000F099FE022079
:1079600000F08AFE4FF4037000F086FE002000F065
:1079700083FE172000F080FE152000F07DFE002021
:1079800000F07AFE002000F077FEF02000F080FE8C
:10799000032000F071FE292000F07AFED02000F0D4
:1079A00077FE002000F068FEBE2000F071FE05208A
:1079B00000F062FEFE2000F05FFE012000F05CFEA1
:1079C000002000F059FE002000F056FE002000F0DC
:1079D00053FEB82000F05CFE032000F04DFE0120B5
:1079E00000F04AFEBA2000F053FE012000F044FEF1
:1079F00010BD10B5112000F04BFE7820F8F7CBFC3D
:107A0000362000F045FE002000F036FE3A2000F05F
:107A10003FFE052000F030FEB22000F039FE0C20C1
:107A200000F02AFE0C2000F027FE002000F024FECB
:107A3000332000F021FE332000F01EFEB72000F0BE
:107A400027FE352000F018FEBB2000F021FE32207A
:107A500000F012FEC02000F01BFE0C2000F00CFE17
:107A6000C22000F015FE012000F006FEC32000F049
:107A70000FFE102000F000FEC42000F009FE2020C0
:107A800000F0FAFDC62000F003FE0F2000F0F4FD28
:107A9000D02000F0FDFDA42000F0EEFDA12000F0BC
:107AA000EBFDE02000F0F4FDD02000F0E5FD00202B
:107AB00000F0E2FD022000F0DFFD072000F0DCFD19
:107AC0000A2000F0D9FD282000F0D6FD322000F079
:107AD000D3FD442000F0D0FD422000F0CDFD062073
:107AE00000F0CAFD0E2000F0C7FD122000F0C4FD1A
:107AF000142000F0C1FD172000F0BEFDE12000F0D1
:107B0000C7FDD02000F0B8FD002000F0B5FD022038
:107B100000F0B2FD072000F0AFFD0A2000F0ACFD40
:107B2000282000F0A9FD312000F0A6FD542000F02F
:107B3000A3FD472000F0A0FD0E2000F09DFD1C20BD
:107B400000F09AFD172000F097FD1B2000F094FD37
:107B50001E2000F091FD2A2000F09AFD002000F088
:107B60008BFD002000F088FD002000F085FDEF2057
:107B700000F082FD2B2000F08BFD002000F07CFD4A
:107B8000002000F079FD012000F076FD3F2000F09C
:107B900073FD292000F07CFD10BD00002DE9F04FA1
:107BA00005460E4617469846DDF824A04FF0000B18
:107BB000781B401C1FFA80FB344613E02146284600
:107BC00000F06AFB00F070FD4FF0000906E0074985
:107BD000A1F800A009F101001FFA80F9D945F6DBF0
:107BE000601C84B24445E9DDBDE8F08F0000106000
:107BF00000B595B000BF00BFFE48006840F0080027
:107C0000FC4908600846006800F00800019000BFC9
:107C100000BF00BF00BF00BF0846006840F008007A
:107C200008600846006800F00800019000BF00BF2F
:107C300000BF00BF00BF0846006840F008000860B1
:107C40000846006800F00800019000BF00BF00BFB8
:107C500000BF00BF0846006840F0100008600846FA
:107C6000006800F01000019000BF00BF00BF00BF1F
:107C700000BF0846006840F002000860084600683F
:107C800000F00200019000BF00BF00BF80201090F4
:107C90000220119001201290032013900C201490C8
:107CA00010A9D548F8F763FB2020109010A9D248FE
:107CB000F8F75DFB1020109010A9CF48F8F757FB9C
:107CC0000820109010A9CD48F8F751FB2020109003
:107CD0000120119010A9CA48F8F749FBC948CA49C0
:107CE0000860CA484860002088600021C648C1601A
:107CF00001611021416100218161C16101624FF484
:107D000080514162002181624FF48041C1620021B3
:107D1000016341634FF480118163152009900020B5
:107D20000A9078200B9000200F90152002900020E0
:107D30000390152004900020089002AA09A9B248D7
:107D4000F8F76AFC3220F8F726FBD32000F0A0FCFD
:107D500000F07EF9AE49888000F07AF9AC4988805D
:107D600000F076F9AA498880084680884FF6FF71AE
:107D700001EA0020A649888000F06AF9A4498988B0
:107D80000843A34988800846808849F241318842E7
:107D90007DD0042000F07CFC00F05AF99C498880DA
:107DA00000F056F99A49888000F052F99849888085
:107DB000084680884FF6FF7101EA002094498880C8
:107DC00000F046F99249898808439149888008461D
:107DD000808848F25251884203D147F289708C4919
:107DE00088808B48808847F289718842D0D0D4201F
:107DF00000F04EFC00F02CF98549888000F028F94D
:107E00008349888000F024F9814988800846808869
:107E10004FF6FF7101EA00207D49888000F018F9D3
:107E20007B49898808437A4988800846808845F2DA
:107E30001031884262D055214FF4704000F03EFC72
:107E4000AA214FF2010000F039FC52214FF202004A
:107E500000F034FC08214FF2030000F02FFC012158
:107E60004FF2040000F02AFC4FF4454000F010FCF3
:107E700000F0EEF866498880084680884FF6FF716A
:107E800001EA0020624988804CF2015000E035E0B0
:107E900000F0FEFB00F0DCF85D49898808435C498E
:107EA00088800520F8F777FA5948808845F2105104
:107EB000884223D0A12000F0EBFB00F0C9F8544920
:107EC000888000F0C5F852498880084680884FF6BF
:107ED000FF7101EA00204E49888000F0B9F84C4952
:107EE000898808434A4988800846808845F261713C
:107EF000884203D141F6631045498880444881880F
:107F000044A0F8F7ADF84248808847F2897188426A
:107F100002D1FFF76EFD25E03D48808849F24131EE
:107F2000884202D1FDF7A1FC1CE03948808845F267
:107F30001031884202D1FDF7AEFD13E0344880884D
:107F400045F21051884202D1FEF71EFD0AE030488A
:107F5000808841F66311884204D1FFF793FC6420C6
:107F600000F062FB2A48808847F28971884209D173
:107F70000520029004902449CB6A8A68486802A9C7
:107F8000F8F7A8FA2248808849F24131884205D0A2
:107F90001F48808841F66311884209D1032002906E
:107FA00004901949CB6A8A68486802A9F8F792FADE
:107FB0001748808845F21031884205D014488088DF
:107FC00045F21051884209D10220029004900E49D6
:107FD000CB6A8A68486802A9F8F77CFA0020FDF7A6
:107FE00021FB00BF012220210548F8F7CFF900BF8F
:107FF00016E00000E0440258000C0258001002583D
:1080000000040258004000529C0D0024044100521C
:10801000E80D00244C43442049443A25780D0A00D9
:108020004FF6FF70FDF7E4FA15B000BD00BF011E6A
:10803000A0F10100FBD1704710B50246012000E01D
:1080400050430B1EA1F10104E1B2F9D110BD0000B3
:1080500008B50220FFF7EAFF024800880090BDF84B
:10806000000008BD00001060F0B5054600240027A0
:1080700088488079012805D18648808841F66311B7
:10808000884208D183488079F0B98248808841F6D7
:108090006311884218D1082D15D2DFE805F00406D7
:1080A000080A0C0E101206250DE007250BE004252A
:1080B00009E0052507E0012505E0002503E003258B
:1080C00001E0022500BF00BF082D1CD2DFE805F04B
:1080D0000406090C0F12151800BF14E044F08004C8
:1080E00011E044F040040EE044F0C0040BE044F022
:1080F000200408E044F0600405E044F0A00402E03D
:1081000044F0E00400BF00BF36276248808845F293
:108110001051884200D13F025E48808849F24131C7
:10812000884205D05B48808847F28971884201D136
:1081300044F008042146384600F0C0FA55488088CB
:1081400041F6631188421DD004F0200068B1514807
:10815000008850494988884214DA4E480688408889
:108160004C490880084646800CE04A480088494946
:108170004988884206DD4748068840884549088086
:10818000084646804348808845F21051884252D1C3
:108190004049488900F07CFA002000F06DFA3D4922
:1081A0004989491C88B200F073FA002000F064FA93
:1081B00038494989891C88B200F06AFA354909882A
:1081C000491EC1F30F2000F057FA32494989C91CF2
:1081D00088B200F05DFA2F490978491EC8B200F054
:1081E0004BFA2C49888900F053FA002000F044FA39
:1081F00028498989491C88B200F04AFA002000F019
:108200003BFA24498989891C88B200F041FA214946
:108210004988491EC1F30F2000F02EFA1D498989B3
:10822000C91C88B200F034FA1A498978491EC8B2CC
:1082300000F022FA2DE01749488900F029FA0020C1
:1082400000F01AFA002000F017FA12490988491EB6
:10825000C1F30F2000F010FA0E490978491EC8B288
:1082600000F00AFA0B49888900F012FA002000F0A9
:1082700003FA002000F000FA06494988491EC1F3BC
:108280000F2000F0F9F903498978491EC8B200F0BF
:10829000F3F9F0BDE80D002410B502460C46454840
:1082A000808841F66311884247D142488079A8B955
:1082B00040480088401E801A82B23E49488900F03A
:1082C000E7F9002000F0D8F9002000F0D5F91012ED
:1082D00000F0D2F9D0B200F0CFF916E03549488964
:1082E00000F0D6F9101200F0C7F9D0B200F0C4F9CE
:1082F00030490988491EC1F30F2000F0BDF92D490E
:108300000978491EC8B200F0B7F92A49888900F0F7
:10831000BFF9201200F0B0F9E0B200F0ADF9254944
:108320004988491EC1F30F2000F0A6F92149897838
:10833000491EC8B200F0A0F93AE01E48808845F214
:108340001051884220D11B49488900F0A1F9101230
:1083500000F092F917494989491C88B200F098F950
:10836000D0B200F089F91349888900F091F9201200
:1083700000F082F90F498989491C88B200F088F918
:10838000E0B200F079F913E00A49488900F080F979
:10839000101200F071F9D0B200F06EF90549888929
:1083A00000F076F9201200F067F9E0B200F064F90D
:1083B00010BD0000E80D00242DE9FC4F80460E465C
:1083C00015461C46B3460020019000902046E31756
:1083D00004EB5373DB1021464FEAE47C04EB5C7C36
:1083E0004FEAEC0CA4EBCC0CBCF1000F02D04FF028
:1083F000010C01E04FF0000C6344224604EBD27CF8
:108400004FEA6C0C03FB0CF3DBB20193A5F12000E7
:10841000C5B20C2C06D0102C0BD0182C0ED0202C52
:1084200018D112E005EB45002D4901EB80000090CA
:1084300012E02C4800EB051000900DE005EBC500A4
:10844000294901EB8000009006E0284800EBC510A8
:10845000009001E0BDE8FC8F00BF00273AE00098E3
:1084600010F807904FF0000A2EE009F0800028B1C4
:10847000314640460C9AFDF7C3F907E00B9828B93E
:108480001B48314602684046FDF7BAF94FEA496099
:108490004FEA1069701C86B216484088B04200DC72
:1084A000D8E7A6EB0B00A0420AD15E4608F1010016
:1084B0001FFA80F80F480088404500DCCAE706E054
:1084C0000AF1010000F0FF0ABAF1080FCDDB00BF8E
:1084D000781CC7B201988742C1DB00BFBAE7000031
:1084E0007C8D0090F0910090E09700903CA500906A
:1084F00048000024E80D00242DE9FC4F04460D46F9
:1085000090469946DDE90C7A0B9E04F0FF0B08EBD0
:1085100004001FFA80F809EB05001FFA80F917E044
:10852000444502DB5C46A81985B24D4500DB15E0E9
:108530000020CDE9000A3A78334629462046FFF765
:108540003BFF304606EBD07104EB61018CB27F1C1F
:1085500038787E2802DC38782028E1DA00BFBDE8D0
:10856000FC8F2DE9FF4F85B0064693461F46DDE997
:108570001389129C00200490002550E0781B401EB7
:10858000C1B20A20FFF758FDBBFBF0F00A21B0FB97
:10859000F1F201FB120A049860BB781EA84229DDA3
:1085A000BAF1000F24D108F0800080B108F001007A
:1085B00004EBD471491001FB0561CDE90009039476
:1085C00088B2234630220699FFF7F6FE0FE008F046
:1085D000010004EBD471491001FB0561CDE90009EC
:1085E000039488B2234620220699FFF7E5FE14E0A3
:1085F0000120049008F0010004EBD471491001FB44
:108600000561CDE90009039488B20AF13001CAB2CC
:1086100023460699FFF7D0FE00BF681CC5B2BD42D5
:10862000ACDB09B0BDE8F08F00B50246BE2000F01B
:108630002FF8052000F020F800EE102AB8EE400BCD
:108640009FED0B1B20EE010BBCEEC00B10EE101AC1
:1086500088B200F011F8012000F00EF8FF2000F0C1
:108660000BF8002000F008F8002000F005F800BD2D
:10867000666666666666044001B5BDF80000009057
:10868000BDF800000149088008BD0000000010602E
:1086900001B5BDF800000090BDF800000149088058
:1086A00008BD0000FEFF0F600248008902490880F3
:1086B00070470000E80D0024FEFF0F60024A1080A2
:1086C000921C118070470000FEFF0F6000B587B05C
:1086D00000BF00BF2C48006840F002002A49086033
:1086E0000846006800F00200019000BF00BF00BF14
:1086F00000BF00BF0846006840F010000860084650
:10870000006800F01000019000BF00BF00BF00BF74
:1087100000BF0846006840F0100008600846006886
:1087200000F01000019000BF00BF00BF10200290B9
:10873000012003900490059002A91448F7F717FE52
:108740004020029002A91248F7F711FE2020029063
:1087500002A90F48F7F70BFE00BF012210210B48BA
:10876000F7F714FE00BF00BF012240210848F7F7C9
:108770000DFE00BF00BF012220210548F7F706FECD
:1087800000BF07B000BD0000E044025800040258DA
:10879000001002581FB5012000220323CDE901205B
:1087A00000930390134602461021400700F04FF853
:1087B000012000220323CDE90120009303901346FA
:1087C00002221221480600F042F801200022032371
:1087D000CDE90120009303901346032212211007D4
:1087E00000F035F8012000220323CDE90120009399
:1087F0000390134604220F214FF0605000F027F839
:1088000000200323CDE90030029003460522192100
:1088100003904FF0C04000F01AF80120002203231B
:10882000CDE9012000930390134606221921500739
:1088300000F00DF800200323CDE900300290012361
:1088400007221B210390C80700F001F81FBD2DE986
:10885000FF5F04460D4616461F46DDE910ABDDE915
:108860000E89F7F7CFFD01208DF80000F0B28DF8EA
:1088700001000194E8B28DF8080000208DF809008D
:108880008DF80A008DF80B808DF80C708DF80D9026
:108890008DF80EA08DF80FB06846F7F7B8FD0420EC
:1088A000F7F7BAFD002004B0BDE8F09F30B50446EC
:1088B0000225084951F8241001FB05F2064951F838
:1088C0002400002100F07EF80121034814300155F6
:1088D00030BD0000BCD40090680000242DE9F047B2
:1088E00004460F460025A9462348005D20B92248CA
:1088F00030380168204688471FB94FF0FF30BDE887
:10890000F0871E4850F82400B7FBF0F61B4850F8DB
:108910002400B7FBF0F100FB117000B1761C184881
:1089200050F82400451E22E01348143850F8240063
:1089300030F8150010B909F1010901E04FF0000904
:10894000B14513D14FF0000809E00B48143850F836
:10895000240005EB080220F8126008F10108B04578
:10896000F3D3064850F824006843C8E76D1E002D75
:10897000DADA4FF0FF30C2E77C000024D0D4009058
:10898000BCD4009010B501460023002207E00B483C
:1089900050F8210030F8120000B15B1C521C08484E
:1089A00050F821009042F2D84FF47A705843044CAA
:1089B00054F82140B0FBF4F080B210BD68000024F0
:1089C000BCD4009030B5034601E003F8011B141E2F
:1089D000A2F10102F9D130BD70B504460E46314610
:1089E0002046FFF77BFF0546681C08B9002070BDD4
:1089F000024850F824002844F9E7000054000024FD
:108A000030B58BB00546F7F70EFDF7F7ABFC3849EC
:108A10000968B0FBF1F42046F9F79EFA0AAA002192
:108A20000120F8F74BFC4FF480510020FFF7D4FFF2
:108A3000304908600AA8032100220592CDE90621E9
:108A4000089010464FF4806166222A4B1B68CDE9DE
:108A50000132CDE903101C200023274A27A10090F2
:108A60002848F8F78BFD4FF480510020FFF7B4FF42
:108A7000254908600AA8032100220592CDE90621B4
:108A800008904FF4806066211F4B1B68CDE90131CF
:108A9000CDE903021C2013461C4A1DA100901E486C
:108AA000F8F76CFD4FF480510020FFF795FF1B494C
:108AB00008600AA8032100220592CDE9062108904A
:108AC00011464FF480606622144B1B68CDE90132D9
:108AD000CDE903011B200023114A12A10090134885
:108AE000F8F74CFD0AA90020F8F728FE0BB030BDBE
:108AF0003CD5009008000024318B00907461736BAA
:108B000031000000FC0900240C000024858B00903B
:108B10007461736B32000000C00A0024100000244E
:108B2000DD8B00907461736B33000000840B0024B4
:108B30001FB5002423E0601C04460B21B0FBF1F2BA
:108B400001FB12000E4931F8105040F23913722225
:108B5000832106200095FFF721F81F208021102295
:108B60000323CDE90021029022466F214720FFF721
:108B7000F8FC03AA00214FF4FA70F9F759F9DAE783
:108B8000140000241FB5002425E0601C04460B21BE
:108B9000B0FBF1F201FB1200C0F10B000E4931F8FD
:108BA000105040F23913E92283217E200095FEF710
:108BB000F5FF1F20802110220323CDE90021029020
:108BC00022466F21BF20FFF7CCFC03AA00214FF4FF
:108BD000FA70F9F72DF9D8E71400002408B500243D
:108BE00019E00020FCF7B4FC0446012C02D0022C52
:108BF0000AD104E069460848F9F724F805E0694617
:108C00000548F8F771FE00E000BF00BF6A4600218A
:108C10000A20F9F70DF9E4E7FC0900248AB04FF4C3
:108C200078403FA120221346CDE900210290DC22AA
:108C30000A210846FFF760FC4FF478403AA1182259
:108C40001346CDE900210290DC222F210A20FFF7F4
:108C500053FC4FF4784039A110221346CDE900218E
:108C60000290DC224C210A20FFF746FC00204FF442
:108C70009D7373226E2100900520FCF7D1FD00202A
:108C80004FF49D73EA226E2100907D20FCF7C8FD11
:108C9000002082237322194600900520FCF75AFD1C
:108CA00000208223EA22194600907D20FCF752FD25
:108CB0001F2026A110221346CDE9002102906E222A
:108CC0006F210F20FFF718FC1F2023A1102213464D
:108CD000CDE9002102906E226F218720FFF70CFC66
:108CE00009A8F7F793FF09A8032100220592CDE90F
:108CF0000621089010464FF400713322194BCDE93C
:108D00000132CDE9031002200023174A17A1009079
:108D10001948F8F733FC09A8F8F74AFB00BFFEE74B
:108D200053544D33320000005461736B20537573FC
:108D300070202620526573756D00000041544F4D20
:108D400040414C49454E54454B0000005461736B03
:108D5000313A2030303000005461736B323A2030A9
:108D600030300000FC010024018A009073746172AD
:108D7000745F7461736B0000380100240000000010
:108D80000000000000000000000000003F40000064
:108D900000000000000030004000300040000000F3
:108DA00009000BC03D000BC03D00090018C0244065
:108DB0007FE0224031800000180024C01B000D809D
:108DC0003240018003801C4027401C800740004047
:108DD0001000600000000000000000000000000023
:108DE00000001F80204040200000402020401F80C5
:108DF00000000000090006001F80060009000000B6
:108E0000040004003F800400040000000010006023
:108E10000000000000000000040004000400040042
:108E200004000000000000400000000000000000FE
:108E3000002001C006003800400000001F802040D4
:108E4000204020401F800000000010403FC0004034
:108E50000000000018C021402240244018400000BB
:108E600010802040244024401B80000002000D00A0
:108E700011003FC0014000003C80244024402440B9
:108E8000238000001F8024402440344003800000E1
:108E90003000200027C03800200000001B80244044
:108EA000244024401B8000001C0022C0224022409D
:108EB0001F800000000000000840000000000000CB
:108EC000000000000460000000000000000004003A
:108ED0000A00110020804040090009000900090033
:108EE0000900000000004040208011000A0004003A
:108EF0001800200023402400180000001F8020409C
:108F0000274029401F400000004007C039000F00E3
:108F100001C0004020403FC0244024401B8000008E
:108F20001F802040204020403080000020403FC073
:108F3000204020401F80000020403FC024402E40A1
:108F400030C0000020403FC024402E003000000010
:108F50000F001080204022403380020020403FC09C
:108F6000040004003FC02040204020403FC020407B
:108F7000204000000060202020203FC02000200072
:108F800020403FC024400B0030C0204020403FC064
:108F900020400040004000C03FC03C0003C03C00F7
:108FA0003FC0000020403FC00C4023003FC02000D5
:108FB0001F802040204020401F80000020403FC0F4
:108FC00024402400180000001F802140214020E0A0
:108FD0001FA0000020403FC02440260019C00040D0
:108FE00018C024402440224031800000300020403E
:108FF0003FC020403000000020003F800040004083
:109000003F80200020003E0001C007003800200003
:10901000380007C03C0007C038000000204039C0BD
:10902000060039C0204000002000384007C038400A
:1090300020000000304021C02640384020C0000001
:10904000000000007FE04020402000000000700091
:109050000C000380004000000000402040207FE022
:109060000000000000002000400020000000000080
:109070000010001000100010001000100000000090
:109080004000000000000000000002800540054094
:1090900003C0004020003FC00440044003800000A3
:1090A00000000380044004400640000000000380EC
:1090B000044024403FC000400000038005400540BC
:1090C00003400000000004401FC024402440200052
:1090D000000002E0055005500650042020403FC02B
:1090E0000440040003C000400000044027C00040CA
:1090F0000000000000100010041027E00000000035
:1091000020403FC00140070004C0044020402040F0
:109110003FC000400040000007C0040007C004003A
:1091200003C00000044007C00440040003C0004026
:10913000000003800440044003800000041007F096
:1091400004500440038000000000038004400450E9
:1091500007F00010044007C00240040004000000B3
:10916000000006400540054004C000000000040067
:109170001F800440004000000400078000400440BD
:1091800007C000400400070004C00180060004007E
:10919000060001C0070001C006000000044006C030
:1091A000010006C0044000000410071004E0018024
:1091B000060004000000044005C006400440000012
:1091C0000000000004007BE04020000000000000E0
:1091D0000000FFF000000000000040207BE00400E1
:1091E00000000000400080004000200020004000FF
:1091F000000000000000000000000000000000006F
:109200000000000000001FCC000C00000000000067
:10921000000008003000600008003000600000001E
:10922000022003FC1E20022003FC1E20022000005E
:1092300000000E1811043FFF10840C78000000009D
:109240000F0010840F3800C00778188400780000E1
:1092500000780F8410C411240E9800E400840008E4
:10926000080068007000000000000000000000001E
:1092700000000000000007E0181820044002000071
:10928000000040022004181807E000000000000061
:109290000240024001800FF00180024002400000C5
:1092A0000080008000800FF80080008000800000B7
:1092B0000001000D000E0000000000000000000092
:1092C000000000800080008000800080008000801E
:1092D0000000000C000C0000000000000000000076
:1092E0000000000600180060018006001800200041
:1092F000000007F0080810041004080807F0000038
:109300000000080408041FFC000400040000000022
:1093100000000E0C10141024104411840E0C0000D8
:1093200000000C1810041104110412880C700000C5
:10933000000000E00320042408241FFC0024000097
:1093400000001F9810841104110410881070000090
:10935000000007F00888110411041888007000004C
:1093600000001C00100010FC13001C001000000086
:1093700000000E3811441084108411440E3800008F
:1093800000000700088C10441044088807F0000013
:10939000000000000000030C030C000000000000AF
:1093A00000000000000101060000000000000000B5
:1093B0000000008001400220041008081004000092
:1093C00002200220022002200220022002200000AF
:1093D0000000100408080410022001400080000072
:1093E00000000E001200100C106C10800F00000026
:1093F00003E00C1813E4142417C4082807D0000055
:109400000004003C03C41C40074000E4001C0004AE
:1094100010041FFC1104110411040E8800700000D8
:1094200003E00C1810041004100410081C100000B5
:1094300010041FFC100410041004080807F00000BA
:1094400010041FFC1104110417C4100408180000B4
:1094500010041FFC1104110017C0100008000000C8
:1094600003E00C181004100410441C7800400000A5
:1094700010041FFC10840080008010841FFC100466
:109480000000100410041FFC100410040000000071
:1094900000030001100110011FFE10001000000069
:1094A00010041FFC110403801464181C1004000035
:1094B00010041FFC1004000400040004000C000051
:1094C00010041FFC1F0000FC1F001FFC1004000004
:1094D00010041FFC0C04030000E010181FFC100017
:1094E00007F00808100410041004080807F0000032
:1094F00010041FFC10841080108010800F000000EA
:1095000007F0081810241024101C080A07F20000A5
:1095100010041FFC1104110011C011300E0C0004C6
:1095200000000E1C11041084108410441C3800002C
:109530001800100010041FFC100410001800000098
:1095400010001FF810040004000410041FF810009D
:1095500010001E0011E0001C007013801C001000A1
:109560001FC0103C00E01F0000E0103C1FC00000C6
:109570001004180C163401C001C01634180C100465
:1095800010001C00130400FC13041C001000000059
:109590000804101C1064108413041C04101800002C
:1095A0000000000000007FFE400240024002000078
:1095B000000030000C0003800060001C000300006D
:1095C00000004002400240027FFE00000000000058
:1095D000000000002000400040004000200000008B
:1095E0000001000100010001000100010001000173
:1095F00000004000400020000000000000000000CB
:1096000000000098012401440144014400FC0004CE
:1096100010001FFC00880104010400880070000095
:1096200000000070008801040104010400880000AB
:109630000000007000880104010411081FFC0004F0
:10964000000000F8014401440144014400C8000046
:109650000000010401040FFC1104110411001800A2
:10966000000000D601290129012901C901060000D5
:1096700010041FFC008401000100010400FC000430
:1096800000000104190419FC00040004000000009B
:109690000000000300010101190119FE0000000093
:1096A00010041FFC0024004001B4010C0104000060
:1096B0000000100410041FFC00040004000000005F
:1096C000010401FC0104010001FC0104010000FC93
:1096D000010401FC008401000100010400FC0004FD
:1096E000000000F8010401040104010400F8000076
:1096F000010101FF008501040104008800700000E1
:1097000000000070008801040104010501FF000150
:109710000104010401FC0084010401000180000037
:10972000000000CC01240124012401240198000040
:1097300000000100010007F801040104000000001E
:10974000010001F8000400040004010801FC000409
:10975000010001800170000C001001600180010017
:1097600001F0010C003001C00030010C01F00100DB
:1097700000000104018C00740170018C01040000E0
:10978000010101810171000E0018016001800100DA
:1097900000000184010C013401440184010C00002B
:1097A000000000000000000001003EFC40024002FA
:1097B0000000000000000000FFFF000000000000AB
:1097C0000000400240023EFC0100000000000000DA
:1097D0000000600080008000400040002000200069
:1097E0000000000000000000000000000000000079
:1097F0000000000000000000000000000000000069
:109800000000000000000000000000000000000058
:109810000000000F80380FFE380F80380000000075
:109820000000000000000000000000000000010037
:10983000000600000C0000380000310000060000A7
:109840000C000038000030000000000000000000A4
:1098500061800067F807F980006180006180006125
:10986000800061800067F807F980006180000000D7
:1098700000000000000001C0E003E0F00630080432
:1098800018081FFFFE040E080787F00381E00000A0
:109890000000000001F000060C00040408060C7033
:1098A00001F9C0000E00003BE000EC1807080804B6
:1098B0000C180003E00000000001E00007F003F8CE
:1098C00018041C0804170807E1D003C0E00023B007
:1098D000003C08002008000010000000000000010B
:1098E00000003100003200001C00000000000000F9
:1098F0000000000000000000000000000000000068
:109900000000000000000000000000000000000057
:109910007F0001FFC00780F00C0018100004200039
:10992000020000000000002000021000040C0018DB
:109930000780F001FFC0007F000000000000000071
:10994000000000000000000000000000420000666F
:1099500000006600003C0000180003FFC000180073
:10996000003C0000660000660000420000000000AD
:10997000080000080000080000080000080001FFBF
:10998000C0000800000800000800000800000800EF
:1099900000000000000100003100003200001C0047
:1099A00000000000000000000000000000000000B7
:1099B000000000000000000008000008000008008F
:1099C000000800000800000800000800000800006F
:1099D0000800000800000000000000000000000077
:1099E00038000038000038000000000000000000CF
:1099F0000000000000000000000000000000000067
:109A0000000600001C000070000180000E000038FD
:109A10000000C0000700001C000030000000000033
:109A2000000000007F8001FFE00380700600180442
:109A3000000804000806001803807001FFE0007FA2
:109A40008000000000000000000001000801000884
:109A500001000803FFF807FFF800000800000800F5
:109A6000000800000000000000000001C03802C033
:109A700058040098040118040218040418061C185D
:109A800003F81801E0F800000000000000000001E9
:109A9000C0E003C0F0040008040808040808061821
:109AA0000803F41801E7F00001E0000000000000E6
:109AB000000000000300000D000011000061000024
:109AC000810803010807FFF80FFFF80001080001F3
:109AD000080000000000000000E007FCD0060808B5
:109AE000061008061008061008061838060FF006BB
:109AF00007C0000000000000000000003F8001FFE0
:109B0000E003843002081804100804100804100848
:109B1000071810030FF00007C0000000000000004D
:109B2000000003C0000700000600000600F806075A
:109B3000F806180006E0000700000600000000001C
:109B400000000001E1E003F7F006341004180804F7
:109B50001808040C08040C0806161803F3F001C1D9
:109B6000E000000000000000F80003FC30030638AD
:109B70000402080402080402080404100308F001A7
:109B8000FFC0007F00000000000000000000000097
:109B900000000000000000007038007038007038CD
:109BA00000000000000000000000000000000000B5
:109BB000000000000000000000000000301A00302B
:109BC0001C00000000000000000000000000000079
:109BD0000000000000000008000014000022000047
:109BE00041000080800100400200200400100800B5
:109BF00008000000000000002100002100002100FA
:109C000000210000210000210000210000210000AF
:109C100021000021000000000000000000000800FA
:109C20000804001002002001004000808000410074
:109C300000220000140000080000000000000003E3
:109C4000C00004C000040000080038080F380808ED
:109C5000380810000C300007E00003C000000000CE
:109C6000000000003F8000FFE0038070020F10063C
:109C7000708804C088048308047F8802C0900301B0
:109C80002000FE400000080000180001F8003E0817
:109C900001C20007020007E20000FE00001FC8002A
:109CA00001F800003800000804000807FFF807FF6B
:109CB000F804080804080804080804080806180836
:109CC00003F41801E7F00001E000000000000000CC
:109CD0003F8001FFE00380700200180400080400C8
:109CE000080400080400100600200780C0000000DF
:109CF00004000807FFF807FFF80400080400080440
:109D0000000804001802001003807001FFE0007FCB
:109D10008000000004000807FFF807FFF8040808A7
:109D2000040808040808040808043E08040008069B
:109D3000001801006000000004000807FFF807FF9A
:109D4000F8040808040800040800040800043E00A1
:109D50000600000600000180000000000000000076
:109D60003F8001FFE0038070060018040008040231
:109D7000080402080203F00783F00002000002005A
:109D800004000807FFF807FFF804080800080000AF
:109D9000080000080000080004080807FFF807FF93
:109DA000F804000800000000000004000804000897
:109DB00004000807FFF807FFF8040008040008047F
:109DC0000008000000000000000000000006000085
:109DD0000700000104000104000104000307FFFE66
:109DE00007FFFC0400000400000400000400080752
:109DF000FFF807FFF8040C08001800003E0004C735
:109E0000800503C80600F8040038040018000008A4
:109E100004000807FFF807FFF80400080000080026
:109E200000080000080000080000080000180000FA
:109E30006000000004000807FFF807800807FC0026
:109E4000007FC00003F80007C00078000780080703
:109E5000FFF807FFF804000804000807FFF80700F0
:109E60000803C00000E000003800001E00000700EA
:109E70000001C00400F007FFF8040000000000002B
:109E80007F8001FFE00380700600180400080400D2
:109E90000806001803003001FFE0007F800000008A
:109EA00004000807FFF807FFF8040408040400048E
:109EB0000400040400040400060C0003F80001F090
:109EC00000000000000000007F8001FFE0038070C0
:109ED0000600880400880400C806003C03003E0118
:109EE000FFE6007F8400000004000807FFF807FF7A
:109EF000F8040808040800040C00040F00040BC058
:109F00000610F003F03801E008000008000000012E
:109F1000E0F803F030063010041808041808040CA8
:109F200008040C080206180207F00781E000000090
:109F3000018000060000040000040000040008077F
:109F4000FFF807FFF8040008040000040000060002
:109F50000001800004000007FFE007FFF004001884
:109F600000000800000800000800000800000804C5
:109F7000001007FFE004000004000006000007E0F6
:109F80000007FE00041FE00001F80000380001E0B7
:109F9000043E0007C00006000004000004000007A3
:109FA000E00007FFC0041FF80007C007F80007FF24
:109FB00080043FF80007C004F80007000004000018
:109FC00000000004000806001807C07805F1C8006A
:109FD0003E00001F800463E80780F80600180400B4
:109FE0000800000004000006000007800007E008E9
:109FF000047C08001FF80007F800180804E00807B0
:10A000000000060000040000000000010008060037
:10A01000380400F80403E8040F08047C0805F0087D
:10A0200007C00807001804006000000000000000DE
:10A0300000000000000000000000003FFFFE2000C4
:10A040000220000220000220000220000200000086
:10A0500000000000000008000007000000C0000031
:10A0600038000006000001C000003000000E0000B3
:10A07000010000000000000000002000022000029B
:10A080002000022000022000023FFFFE000000002E
:10A0900000000000000000000000000000000000C0
:10A0A0000008000010000030000020000030000018
:10A0B0001000000800000000000000000000010087
:10A0C000000100000100000100000100000100008B
:10A0D000010000010000010000010000010000017A
:10A0E0000000000000000000002000002000001020
:10A0F0000000100000000000000000000000000050
:10A10000000000000000000000F00019F8001B181B
:10A11000002208002608002408002410003FF80050
:10A120001FF800000800001800000004000007FFEE
:10A13000F80FFFF000181800100800200800200891
:10A14000003018001FF0000FC000000000000000E9
:10A1500007C0001FF0001830002008002008002071
:10A1600008003C08001C1000006000000000000017
:10A170000000000007C0001FF00038180020080091
:10A18000200800200804101007FFF80FFFF000005F
:10A19000100000000000000000000007C0001FF0D9
:10A1A00000123000221800220800220800320800A5
:10A1B0001E10000E20000000000000002000002003
:10A1C0000800200801FFF803FFF806200804200813
:10A1D0000420080720000300000000000000000029
:10A1E000000E000E6E001FF30031B10020B1002000
:10A1F000B1003191001F13002E1E00200E00300010
:10A2000000000004000807FFF80FFFF80010080026
:10A210002000002000002008003FF8001FF8000088
:10A2200008000000000000000000002008002008D6
:10A23000002008063FF8063FF8000008000008006C
:10A240000008000000000000000000000000000006
:10A2500003000003002001002001002003063FFE50
:10A26000063FFC00000000000000000000000004A9
:10A27000000807FFF80FFFF8000188000300002F17
:10A28000C00038F800203800200800000800000056
:10A290000000000000000400080400080400080793
:10A2A000FFF80FFFF8000008000008000008000099
:10A2B00000000000002008003FF8003FF8001008F0
:10A2C000002000003FF8003FF800100800200000C8
:10A2D0003FF8003FF8000008000000002008003FA1
:10A2E000F8003FF8001008001000002000002008CF
:10A2F000003FF8001FF80000080000000000000008
:10A3000007C0000FF00018300030080020080020BF
:10A3100008003008001830000FF00007C0000000EF
:10A32000000000002001003FFF003FFF001011006F
:10A330002009002008002008003038001FF0000F1E
:10A34000C00000000000000007C0001FF000381827
:10A35000002008002008002009001011001FFF0045
:10A360003FFF00000100000000200800200800203E
:10A3700008003FF8003FF800080800100800200817
:10A38000002000003000003000000000000000004D
:10A390000000000C78001E1800330800230800217C
:10A3A000080021880021980030F00038600000008B
:10A3B00000000000200000200000200000FFF0034B
:10A3C000FFF80020080020080020080000300000EE
:10A3D00000000000000000002000003FF0007FF8B7
:10A3E000000018000008000008002010003FF800DE
:10A3F0007FF000001000000000000000200000308E
:10A4000000003C00003F800023F000007800007056
:10A41000002380003C0000300000200000200000ED
:10A420003C00003FE00023F80000E0002700003E71
:10A4300000003FE00021F80001E0003E00002000A5
:10A44000000000002008002008003838003E6800A6
:10A4500027800003C8002CF800383800201800209E
:10A4600008000000000000002000003003003C0154
:10A47000003F830023EC000070002380003C0000BC
:10A480002000002000000000000000000000003854
:10A49000080020380020F80023E8002F88003E083C
:10A4A00000380800201800007000000000000000C4
:10A4B0000000000000000000000000000800001480
:10A4C000001FF7FC30000620000200000000000022
:10A4D000000000000000000000000000000000007C
:10A4E0000000FFFFFF00000000000000000000006F
:10A4F0000000000000000000000020000230000604
:10A500001FF7FC001400000800000000000000001D
:10A5100000000000000000000000001800006000C3
:10A520000040000040000020000010000008000073
:10A530000400000400000C000010000000000000F7
:10A54000000000000000000000000000000000000B
:10A5500000000000000000000000000000000000FB
:10A5600000000000000000000000000000000000EB
:10A5700000000000000000000000000000000000DB
:10A5800000000000000000000000000000000000CB
:10A5900000000000000000000000000000000000BB
:10A5A00000000000000000000000000000000000AB
:10A5B000000000000000000000000000000000009B
:10A5C000000000000000000000000000000000008B
:10A5D0000000000007F000C007FFE1E007F001E025
:10A5E000000000C0000000000000000000000000AB
:10A5F000000000000000000000000000000000005B
:10A60000000000000000000000000000000000004A
:10A61000000000000000000000000000000000003A
:10A62000000000000000000000000000000000002A
:10A63000000000000000000000000000000000001A
:10A64000000000000020000001C0000007800000A2
:10A650001F0000001E0000001C20000001C00000C0
:10A66000078000001F0000001E0000001C0000000A
:10A6700000000000000000000000000000000000DA
:10A6800000000000000000000000000000000000CA
:10A6900000000000000000000000000000000000BA
:10A6A00000000000000000000000000000000000AA
:10A6B000000000000000000000000000000000009A
:10A6C00000180C0000180C0000180FE0001FFC0020
:10A6D00003F80C0000180C0000180C0000180C0007
:10A6E00000180C0000180FE0001FFC0003F80C001D
:10A6F00000180C0000180C00000000000000000012
:10A700000000000000000000000000000000000049
:10A710000000000000000000000000000000000039
:10A720000000000000000000000000000000000029
:10A730000000000000000000000000000000000019
:10A740000000000000000780007807C000FC064001
:10A75000010E002003070020020380200FFFFFFCF2
:10A760000201C0200200E0600130704001F03F8033
:10A7700000F01F00000000000000000000000000CA
:10A7800000000000000000000000000000000000C9
:10A7900000000000000000000000000000000000B9
:10A7A00000000000000000000000000000000000A9
:10A7B00000000000000000000000000000FE00009B
:10A7C00001FF00000301800002008060030181C0DE
:10A7D00001FF070000FE18000000E0000003BF00BA
:10A7E000000CFFC00071806001C100200301806087
:10A7F0000000FFC000003F0000000000000000005B
:10A800000000000000000000000000000000000048
:10A810000000000000000000000000000000000038
:10A820000000000000000000000000000000000028
:10A8300000000000000000000000000000001F00F9
:10A8400000007FC000FCC0C001FF80600303E02067
:10A850000202782002061E2003FC074001F003805C
:10A86000000103C000011C600001E0200001002085
:10A870000001004000000180000000000000000016
:10A8800000000000000000000000000000000000C8
:10A8900000000000000000000000000000000000B8
:10A8A00000000000000000000000000000000000A8
:10A8B0000000000000000000000000000000000098
:10A8C000002000001C6000001C4000001F800000F1
:10A8D0000F00000000000000000000000000000069
:10A8E0000000000000000000000000000000000068
:10A8F0000000000000000000000000000000000058
:10A900000000000000000000000000000000000047
:10A910000000000000000000000000000000000037
:10A920000000000000000000000000000000000027
:10A930000000000000000000000000000000000017
:10A940000000000000000000000000000000000007
:10A9500000000000000000000007F800003FFF00BA
:10A96000007807C001C000E00300003004000008C8
:10A9700008000004100000020000000000000000B9
:10A9800000000000000000000000000000000000C7
:10A9900000000000000000000000000000000000B7
:10A9A00000000000000000000000000000000000A7
:10A9B0000000000000000000000000000000000097
:10A9C000100000020800000404000008030000302A
:10A9D00001C000E0007807C0003FFF000007F8005A
:10A9E0000000000000000000000000000000000067
:10A9F0000000000000000000000000000000000057
:10AA00000000000000000000000000000000000046
:10AA10000000000000000000000000000000000036
:10AA20000000000000000000000000000000000026
:10AA30000000000000000000000000000000000016
:10AA400000000000000C1800000E3800000E380056
:10AA500000063000000360000061438000FFFF80BB
:10AA6000006143000003600000063000000E380063
:10AA7000000E3800000C180000000000000000006C
:10AA800000000000000000000000000000000000C6
:10AA900000000000000000000000000000000000B6
:10AAA00000000000000000000000000000000000A6
:10AAB0000000000000000000000000000000000096
:10AAC0000000000000008000000080000000800006
:10AAD000000080000000800000008000007FFF0078
:10AAE0000000800000008000000080000000800066
:10AAF0000000800000008000000000000000000056
:10AB00000000000000000000000000000000000045
:10AB10000000000000000000000000000000000035
:10AB20000000000000000000000000000000000025
:10AB30000000000000000000000000000000000015
:10AB400000000001000000E3000000E2000000FC43
:10AB5000000000780000000000000000000000007D
:10AB600000000000000000000000000000000000E5
:10AB700000000000000000000000000000000000D5
:10AB800000000000000000000000000000000000C5
:10AB900000000000000000000000000000000000B5
:10ABA00000000000000000000000000000000000A5
:10ABB0000000000000000000000000000000000095
:10ABC0000000800000008000000080000000800085
:10ABD0000000800000008000000080000000800075
:10ABE0000000800000008000000080000000800065
:10ABF0000000800000008000000000000000000055
:10AC00000000000000000000000000000000000044
:10AC10000000000000000000000000000000000034
:10AC20000000000000000000000000000000000024
:10AC30000000000000000000000000000000000014
:10AC400000000000000000C0000001E0000001E082
:10AC5000000000C000000000000000000000000034
:10AC600000000000000000000000000000000000E4
:10AC700000000000000000000000000000000000D4
:10AC800000000000000000000000000000000000C4
:10AC900000000000000000000000000000000000B4
:10ACA00000000000000000000000000000000000A4
:10ACB0000000000000000000000000000000000094
:10ACC0000000000C00000038000000E000000380DD
:10ACD00000000E00000038000000E00000038000CB
:10ACE000000E00000038000000E0000003800000BB
:10ACF0000E0000001800000000000000000000002E
:10AD00000000000000000000000000000000000043
:10AD10000000000000000000000000000000000033
:10AD20000000000000000000000000000000000023
:10AD30000000000000000000000000000000000013
:10AD400000000000000FF800007FFF0000F0078007
:10AD5000018000C00300006002000020020000200B
:10AD60000200002003000060018000C000E00380BA
:10AD7000007FFF00000FF80000000000000000004E
:10AD800000000000000000000000000000000000C3
:10AD900000000000000000000000000000000000B3
:10ADA00000000000000000000000000000000000A3
:10ADB0000000000000000000000000000000000093
:10ADC0000000000000000000008000200080002043
:10ADD000008000200080006001FFFFE003FFFFE033
:10ADE00000000060000000200000002000000020A3
:10ADF0000000000000000000000000000000000053
:10AE00000000000000000000000000000000000042
:10AE10000000000000000000000000000000000032
:10AE20000000000000000000000000000000000022
:10AE30000000000000000000000000000000000012
:10AE400000000000007800E000980160010002604E
:10AE5000020004600200086002001060020020602E
:10AE600002004060030080600183006001FE00E09A
:10AE7000007C0780000000000000000000000000CF
:10AE800000000000000000000000000000000000C2
:10AE900000000000000000000000000000000000B2
:10AEA00000000000000000000000000000000000A2
:10AEB0000000000000000000000000000000000092
:10AEC0000000000000F0078001F007C00100004012
:10AED00002000020020100200201002002010020E7
:10AEE000030380200186804001FCC0C000787F8081
:10AEF00000001E0000000000000000000000000034
:10AF00000000000000000000000000000000000041
:10AF10000000000000000000000000000000000031
:10AF20000000000000000000000000000000000021
:10AF30000000000000000000000000000000000011
:10AF400000000800000038000000480000018800F0
:10AF500000060800000C081000300810004008101F
:10AF600001FFFFF003FFFFF003FFFFF000000810F8
:10AF700000000810000008100000000000000000A1
:10AF800000000000000000000000000000000000C1
:10AF900000000000000000000000000000000000B1
:10AFA00000000000000000000000000000000000A1
:10AFB0000000000000000000000000000000000091
:10AFC0000000000000000780001F864003E1002011
:10AFD00003020020030400200304002003040020D7
:10AFE0000304002003060040030301C00301FF80A7
:10AFF00003007E00000000000000000000000000D0
:10B000000000000000000000000000000000000040
:10B010000000000000000000000000000000000030
:10B020000000000000000000000000000000000020
:10B030000000000000000000000000000000000010
:10B04000000000000007FC00003FFF000070C3800C
:10B05000008180C001010060030200200202002084
:10B0600002020020020200200203004001C180C051
:10B0700000C0FF8000007E00000000000000000013
:10B0800000000000000000000000000000000000C0
:10B0900000000000000000000000000000000000B0
:10B0A00000000000000000000000000000000000A0
:10B0B0000000000000000000000000000000000090
:10B0C0000000000000F0000003C00000038000004A
:10B0D00003000000030007E003003FE00301C0009D
:10B0E0000306000003180000036000000380000056
:10B0F000030000000000000000000000000000004D
:10B10000000000000000000000000000000000003F
:10B11000000000000000000000000000000000002F
:10B12000000000000000000000000000000000001F
:10B13000000000000000000000000000000000000F
:10B1400000001F0000783F8000FC60C0018EC040FE
:10B1500003078020020300200201802002018020DA
:10B160000201C0200301E040018670C000FC3F8066
:10B1700000781F0000000000000000000000000038
:10B1800000000000000000000000000000000000BF
:10B1900000000000000000000000000000000000AF
:10B1A000000000000000000000000000000000009F
:10B1B000000000000000000000000000000000008F
:10B1C000003F000000FF81C001C0C1C0010060203D
:10B1D0000200202002002020020020200200206027
:10B1E000020040C00100C18000C18F00007FFE004E
:10B1F000001FF00000000000000000000000000040
:10B20000000000000000000000000000000000003E
:10B21000000000000000000000000000000000002E
:10B22000000000000000000000000000000000001E
:10B23000000000000000000000000000000000000E
:10B2400000000000000000000000000000000000FE
:10B2500000000000000300C0000781E0000781E05B
:10B26000000300C00000000000000000000000001B
:10B2700000000000000000000000000000000000CE
:10B2800000000000000000000000000000000000BE
:10B2900000000000000000000000000000000000AE
:10B2A000000000000000000000000000000000009E
:10B2B000000000000000000000000000000000008E
:10B2C000000000000000000000000000000000007E
:10B2D0000000000000060066000600780000000084
:10B2E000000000000000000000000000000000005E
:10B2F000000000000000000000000000000000004E
:10B30000000000000000000000000000000000003D
:10B31000000000000000000000000000000000002D
:10B32000000000000000000000000000000000001D
:10B33000000000000000000000000000000000000D
:10B3400000000000000080000001C0000003600059
:10B3500000063000000C180000180C000030060039
:10B360000060030000C001800100004002000020D6
:10B3700004000010000000000000000000000000B9
:10B3800000000000000000000000000000000000BD
:10B3900000000000000000000000000000000000AD
:10B3A000000000000000000000000000000000009D
:10B3B000000000000000000000000000000000008D
:10B3C000000410000004100000041000000410002D
:10B3D000000410000004100000041000000410001D
:10B3E000000410000004100000041000000410000D
:10B3F0000004100000041000000000000000000025
:10B40000000000000000000000000000000000003C
:10B41000000000000000000000000000000000002C
:10B42000000000000000000000000000000000001C
:10B43000000000000000000000000000000000000C
:10B440000000000004000010020000200100004085
:10B4500000C00180006003000030060000180C00EE
:10B46000000C180000063000000360000001C0005E
:10B47000000080000000000000000000000000004C
:10B4800000000000000000000000000000000000BC
:10B4900000000000000000000000000000000000AC
:10B4A000000000000000000000000000000000009C
:10B4B000000000000000000000000000000000008C
:10B4C000000000000078000001F8000002380000D1
:10B4D00002000000040000C0040079E0040081E0E4
:10B4E000040100C004030000020200000306000083
:10B4F00001FC000000F80000000000000000000057
:10B50000000000000000000000000000000000003B
:10B51000000000000000000000000000000000002B
:10B52000000000000000000000000000000000001B
:10B53000000000000000000000000000000000000B
:10B54000000FF800003FFE000070078000C000C040
:10B550000101F8400307FC20021E042002300820ED
:10B5600002203020023FFC20013F044001800CC03B
:10B5700000E03180001FC200000000000000000059
:10B5800000000000000000000000000000000000BB
:10B5900000000000000000000000000000000000AB
:10B5A000000000000000000000000000000000009B
:10B5B000000000000000000000000000000000206B
:10B5C00000000060000003E000003E200003E020D7
:10B5D000003E200003E020000380200007FC200044
:10B5E000003FE0000003FE2000003FE0000001E01B
:10B5F000000000200000002000000000000000000B
:10B60000000000000000000000000000000000003A
:10B61000000000000000000000000000000000002A
:10B62000000000000000000000000000000000001A
:10B63000000000000000000000000000000000000A
:10B64000020000200200002003FFFFE003FFFFE0F4
:10B65000020100200201002002010020020100205E
:10B6600002010020030300200186806001FCC0C0AD
:10B6700000F87F8000001F000000000000000000B4
:10B6800000000000000000000000000000000000BA
:10B6900000000000000000000000000000000000AA
:10B6A000000000000000000000000000000000009A
:10B6B000000000000000000000000000000000008A
:10B6C0000007F800003FFF000070078000C000C0C6
:10B6D00001000040030000200200002002000020C2
:10B6E000020000200200002001000040018000C094
:10B6F00003C00180003006000000000000000000D0
:10B700000000000000000000000000000000000039
:10B710000000000000000000000000000000000029
:10B720000000000000000000000000000000000019
:10B730000000000000000000000000000000000009
:10B74000020000200200002003FFFFE003FFFFE0F3
:10B750000200002002000020020000200200002061
:10B760000300006001000040018000C000F007807D
:10B77000007FFE00000FF800000000000000000045
:10B7800000000000000000000000000000000000B9
:10B7900000000000000000000000000000000000A9
:10B7A0000000000000000000000000000000000099
:10B7B0000000000000000000000000000000000089
:10B7C000020000200200002003FFFFE003FFFFE073
:10B7D00002010020020100200201002002010020DD
:10B7E0000201002002038020020FE020030000601D
:10B7F00003C000E000600300000000000000000043
:10B800000000000000000000000000000000000038
:10B810000000000000000000000000000000000028
:10B820000000000000000000000000000000000018
:10B830000000000000000000000000000000000008
:10B84000020000200200002003FFFFE003FFFFE0F2
:10B85000020100200201002002010000020100009C
:10B86000020100000201000002038000030FE0005B
:10B870000300000003C000000060000000000000A2
:10B8800000000000000000000000000000000000B8
:10B8900000000000000000000000000000000000A8
:10B8A0000000000000000000000000000000000098
:10B8B0000000000000000000000000000000000088
:10B8C0000007F800003FFE000070078001C001C0C3
:10B8D00001000040030000200200002002000020C0
:10B8E00002000020010020200100204003C03F8012
:10B8F00000303F8000002000000020000000000019
:10B900000000000000000000000000000000000037
:10B910000000000000000000000000000000000027
:10B920000000000000000000000000000000000017
:10B9300000000000000000000000000002000020E5
:10B940000200002003FFFFE003FFFFE00200802071
:10B9500002008020000080000000800000008000C5
:10B96000020080200200802003FFFFE003FFFFE0D1
:10B970000200002002000020000000000000000083
:10B9800000000000000000000000000000000000B7
:10B9900000000000000000000000000000000000A7
:10B9A0000000000000000000000000000000000097
:10B9B0000000000000000000000000000000000087
:10B9C0000000000000000000020000200200002033
:10B9D000020000200200002003FFFFE003FFFFE061
:10B9E00002000020020000200200002002000020CF
:10B9F0000000000000000000000000000000000047
:10BA00000000000000000000000000000000000036
:10BA10000000000000000000000000000000000026
:10BA20000000000000000000000000000000000016
:10BA30000000000000000000000000000000000006
:10BA40000000000E0000000F0000000F00000001C9
:10BA500002000001020000010200000302000006D3
:10BA600003FFFFFC03FFFFF80200000002000000DC
:10BA700002000000020000000000000000000000C2
:10BA800000000000000000000000000000000000B6
:10BA900000000000000000000000000000000000A6
:10BAA0000000000000000000000000000000000096
:10BAB0000000000000000000000000000000000086
:10BAC000020000200200002003FFFFE003FFFFE070
:10BAD0000200C0200201002000078000000FE000EB
:10BAE0000030F80002603E2003800F20030003E0D6
:10BAF000020000E002000020000000200000000022
:10BB00000000000000000000000000000000000035
:10BB10000000000000000000000000000000000025
:10BB20000000000000000000000000000000000015
:10BB30000000000000000000000000000000000005
:10BB4000020000200200002003FFFFE003FFFFE0EF
:10BB50000200002002000020000000200000002061
:10BB60000000002000000020000000200000006015
:10BB7000000000E0000003000000000000000000E2
:10BB800000000000000000000000000000000000B5
:10BB900000000000000000000000000000000000A5
:10BBA0000000000000000000000000000000000095
:10BBB0000000000000000000000000000200002063
:10BBC0000200002003FFFFE003E0002003FF00204D
:10BBD000001FF0000001FF8000000FE000001E00C9
:10BBE0000003E000003E002003E0002003FFFFE030
:10BBF00003FFFFE002000020020000200000000020
:10BC00000000000000000000000000000000000034
:10BC10000000000000000000000000000000000024
:10BC20000000000000000000000000000000000014
:10BC300000000000000000000000000002000020E2
:10BC40000200002003FFFFE00380002003F000203B
:10BC500000FC0000001F00000007C0000001F00011
:10BC600000007C0002001F80020007E003FFFFE0ED
:10BC700002000000020000000000000000000000C0
:10BC800000000000000000000000000000000000B4
:10BC900000000000000000000000000000000000A4
:10BCA0000000000000000000000000000000000094
:10BCB0000000000000000000000000000000000084
:10BCC000000FF800003FFE0000F00780018000C078
:10BCD00001000040020000200200002002000020BD
:10BCE0000200002001000040018000C000F003803D
:10BCF000003FFE00000FF800000000000000000000
:10BD00000000000000000000000000000000000033
:10BD10000000000000000000000000000000000023
:10BD20000000000000000000000000000000000013
:10BD30000000000000000000000000000000000003
:10BD4000020000200200002003FFFFE003FFFFE0ED
:10BD5000020080200200802002008000020080009B
:10BD600002008000020080000301800001830000C7
:10BD700000FE0000007C0000000000000000000049
:10BD800000000000000000000000000000000000B3
:10BD900000000000000000000000000000000000A3
:10BDA0000000000000000000000000000000000093
:10BDB0000000000000000000000000000000000083
:10BDC000000FF800007FFF0000F00380018001C039
:10BDD00001000640020004200200042002000620A8
:10BDE000020003E0010000F80180005C00E0038C29
:10BDF000003FFF0C000FFC180000000000000000D6
:10BE00000000000000000000000000000000000032
:10BE10000000000000000000000000000000000022
:10BE20000000000000000000000000000000000012
:10BE30000000000000000000000000000000000002
:10BE4000020000200200002003FFFFE003FFFFE0EC
:10BE50000201002002010020020180000201E00036
:10BE60000201FC0003033F80018607E001FC00E0C3
:10BE700000F800200000002000000000000000008A
:10BE800000000000000000000000000000000000B2
:10BE900000000000000000000000000000000000A2
:10BEA0000000000000000000000000000000000092
:10BEB0000000000000000000000000000000000082
:10BEC000000000000078060000FE01E0018600C0CE
:10BED00003030040020300200201802002018020B1
:10BEE0000201C0200200C0200100E060018070C09B
:10BEF00003E03F8000001F00000000000000000081
:10BF00000000000000000000000000000000000031
:10BF10000000000000000000000000000000000021
:10BF20000000000000000000000000000000000011
:10BF30000000000000000000000000000000000001
:10BF40000060000003800000030000000200000009
:10BF5000020000200200002003FFFFE003FFFFE0DB
:10BF60000200002002000020020000000200000089
:10BF70000380000000E0000000000000000000005E
:10BF800000000000000000000000000000000000B1
:10BF900000000000000000000000000000000000A1
:10BFA0000000000000000000000000000000000091
:10BFB000000000000000000000000000020000007F
:10BFC0000200000003FFFF0003FFFFC0020000406B
:10BFD000020000600000002000000020000000209F
:10BFE00000000020020000400200008003FFFF006C
:10BFF000020000000200000000000000000000003D
:10C000000000000000000000000000000000000030
:10C010000000000000000000000000000000000020
:10C020000000000000000000000000000000000010
:10C030000000000000000000000000000000000000
:10C04000020000000200000003C0000003FC00002A
:10C05000023FC0000003F80000007F80000007E0FE
:10C0600000000780000078000203C000023C0000CE
:10C0700003C00000020000000200000000000000F9
:10C0800000000000000000000000000000000000B0
:10C0900000000000000000000000000000000000A0
:10C0A0000000000000000000000000000000000090
:10C0B000000000000000000000000000020000007E
:10C0C00003C0000003FF8000023FFE0002007FE08B
:10C0D00000000F000200F00003EF000003FF8000EB
:10C0E000020FFE0000003FE000001F000207E0001A
:10C0F00003F8000003000000020000000000000040
:10C10000000000000000000000000000000000002F
:10C11000000000000000000000000000000000001F
:10C12000000000000000000000000000000000000F
:10C1300000000000000000000000000000000000FF
:10C140000200002002000020038000E003F0032032
:10C1500002FC0C20021F30000007C0000007F000A6
:10C1600002187C0002601F20038003E0020000E050
:10C17000020000200000002000000000000000007D
:10C1800000000000000000000000000000000000AF
:10C19000000000000000000000000000000000009F
:10C1A000000000000000000000000000000000008F
:10C1B000000000000000000000000000000000007F
:10C1C000020000000300000003C0000003F80000AC
:10C1D000023E0020020FC0200001FFE000007FE0CF
:10C1E00000038020021C0020027000000380000079
:10C1F000020000000200000000000000000000003B
:10C20000000000000000000000000000000000002E
:10C21000000000000000000000000000000000001E
:10C22000000000000000000000000000000000000E
:10C2300000000000000000000000000000000000FE
:10C2400000000020006000E0038003E003000FA076
:10C2500002003E200200F8200203E020020F8020AE
:10C26000023E00200278002003E00060038000E02E
:10C2700002000300000000000000000000000000B9
:10C2800000000000000000000000000000000000AE
:10C29000000000000000000000000000000000009E
:10C2A000000000000000000000000000000000008E
:10C2B000000000000000000000000000000000007E
:10C2C000000000000000000000000000000000006E
:10C2D000000000001FFFFFFC10000004100000041D
:10C2E00010000004100000041000000410000004FE
:10C2F000100000040000000000000000000000002A
:10C30000000000000000000000000000000000002D
:10C31000000000000000000000000000000000001D
:10C32000000000000000000000000000000000000D
:10C3300000000000000000000000000000000000FD
:10C3400000000000000000000700000003C0000023
:10C3500000780000001E00000003C0000000F00094
:10C3600000001E0000000780000000F00000003CFC
:10C3700000000006000000000000000000000000B7
:10C3800000000000000000000000000000000000AD
:10C39000000000000000000000000000000000009D
:10C3A000000000000000000000000000000000008D
:10C3B000000000000000000000000000000000007D
:10C3C0000000000010000004100000041000000431
:10C3D000100000041000000410000004100000040D
:10C3E0001FFFFFFC00000000000000000000000034
:10C3F000000000000000000000000000000000003D
:10C40000000000000000000000000000000000002C
:10C41000000000000000000000000000000000001C
:10C42000000000000000000000000000000000000C
:10C4300000000000000000000000000000000000FC
:10C4400000000000000000000000000002000000EA
:10C4500004000000080000001800000010000000A8
:10C460001800000018000000040000000200000096
:10C4700000000000000000000000000000000000BC
:10C4800000000000000000000000000000000000AC
:10C49000000000000000000000000000000000009C
:10C4A000000000000000000000000000000000008C
:10C4B000000000000000000000000000000000017B
:10C4C0000000000100000001000000010000000168
:10C4D0000000000100000001000000010000000158
:10C4E0000000000100000001000000010000000148
:10C4F0000000000100000001000000010000000039
:10C50000000000000000000000000000000000002B
:10C51000000000000000000000000000000000001B
:10C52000000000000000000000000000000000000B
:10C5300000000000000000000000000000000000FB
:10C5400000000000000000001000000010000000CB
:10C5500010000000180000000800000004000000A7
:10C5600000000000000000000000000000000000CB
:10C5700000000000000000000000000000000000BB
:10C5800000000000000000000000000000000000AB
:10C59000000000000000000000000000000000009B
:10C5A000000000000000000000000000000000008B
:10C5B000000000000000000000000000000000007B
:10C5C0000000038000018FC000038C60000618206B
:10C5D000000410200004102000042020000420404B
:10C5E000000620400003FFC00001FFE00000002023
:10C5F00000000020000000C000000000000000005B
:10C60000000000000000000000000000000000002A
:10C61000000000000000000000000000000000001A
:10C62000000000000000000000000000000000000A
:10C6300000000000000000000000000000000000FA
:10C64000020000000200000003FFFFE007FFFFC040
:10C65000000180C0000200600002002000040020F1
:10C66000000400200004002000060040000300C079
:10C670000001FF800000FE0000000000000000003C
:10C6800000000000000000000000000000000000AA
:10C69000000000000000000000000000000000009A
:10C6A000000000000000000000000000000000008A
:10C6B000000000000000000000000000000000007A
:10C6C0000000000000007E000001FF80000381C028
:10C6D00000020040000600200004002000040020AA
:10C6E00000040020000600200003C0400001C080BC
:10C6F0000000030000000000000000000000000037
:10C700000000000000000000000000000000000029
:10C710000000000000000000000000000000000019
:10C720000000000000000000000000000000000009
:10C7300000000000000000000000000000000000F9
:10C740000000000000007E000001FF80000380C0A8
:10C750000006006000040020000400200004002007
:10C76000020400400202008003FFFFE007FFFFC059
:10C770000000004000000040000000000000000039
:10C7800000000000000000000000000000000000A9
:10C790000000000000000000000000000000000099
:10C7A0000000000000000000000000000000000089
:10C7B0000000000000000000000000000000000079
:10C7C0000000000000007E000001FF80000311C097
:10C7D000000210400004106000041020000410202B
:10C7E0000004102000061020000310400001F0C0DB
:10C7F00000007100000000000000000000000000C8
:10C800000000000000000000000000000000000028
:10C810000000000000000000000000000000000018
:10C820000000000000000000000000000000000008
:10C8300000000000000000000000000000000000F8
:10C84000000000000004000000040020000400209C
:10C8500000040020007FFFE001FFFFE00104002052
:10C86000030400200204002002040020020400004F
:10C870000200000001C0000001C000000000000034
:10C8800000000000000000000000000000000000A8
:10C890000000000000000000000000000000000098
:10C8A0000000000000000000000000000000000088
:10C8B0000000000000000000000000000000000078
:10C8C000000000000000001C0000E33E0003FFC267
:10C8D00000020CC3000404C1000404C1000404C12C
:10C8E000000404C100060CC10003F8C30005F06297
:10C8F0000006007E0006003C000000000000000072
:10C900000000000000000000000000000000000027
:10C910000000000000000000000000000000000017
:10C920000000000000000000000000000000000007
:10C9300000000000000000000000000000000000F7
:10C94000020000200200002003FFFFE007FFFFE0DD
:10C95000000100200002002000060000000400008A
:10C960000004000000040020000600200003FFE097
:10C970000001FFE000000020000000200000000097
:10C9800000000000000000000000000000000000A7
:10C990000000000000000000000000000000000097
:10C9A0000000000000000000000000000000000087
:10C9B0000000000000000000000000000000000077
:10C9C000000000000000000000040020000400201F
:10C9D00000040020000400200387FFE0038FFFE035
:10C9E0000380002000000020000000200000002044
:10C9F0000000000000000000000000000000000037
:10CA00000000000000000000000000000000000026
:10CA10000000000000000000000000000000000016
:10CA20000000000000000000000000000000000006
:10CA300000000000000000000000000000000000F6
:10CA400000000000000000000000000600000007D9
:10CA500000000001000000010004000100040001CA
:10CA600000040003000400060387FFFC038FFFF8A7
:10CA70000380000000000000000000000000000033
:10CA800000000000000000000000000000000000A6
:10CA90000000000000000000000000000000000096
:10CAA0000000000000000000000000000000000086
:10CAB0000000000000000000000000000000000076
:10CAC000020000200200002003FFFFE007FFFFE05C
:10CAD0000000082000001020000030000000FC00D2
:10CAE00000058E00000707A0000601E0000400E03A
:10CAF00000040020000000200000000000000000F2
:10CB00000000000000000000000000000000000025
:10CB10000000000000000000000000000000000015
:10CB20000000000000000000000000000000000005
:10CB300000000000000000000000000000000000F5
:10CB400000000000000000000200002002000020A1
:10CB5000020000200200002003FFFFE007FFFFE0CB
:10CB60000000002000000020000000200000002045
:10CB700000000000000000000000000000000000B5
:10CB800000000000000000000000000000000000A5
:10CB90000000000000000000000000000000000095
:10CBA0000000000000000000000000000000000085
:10CBB0000000000000000000000000000000000075
:10CBC000000400200007FFE0000FFFE0000200204B
:10CBD00000040000000400200007FFE00003FFE065
:10CBE0000002002000040000000400200007FFE015
:10CBF0000003FFE000000020000000000000000033
:10CC00000000000000000000000000000000000024
:10CC10000000000000000000000000000000000014
:10CC20000000000000000000000000000000000004
:10CC300000000000000000000000000000000000F4
:10CC400000040020000400200007FFE0000FFFE0C8
:10CC5000000100200002002000020000000400008B
:10CC60000004000000040020000600200003FFE094
:10CC70000001FFE000000020000000200000000094
:10CC800000000000000000000000000000000000A4
:10CC90000000000000000000000000000000000094
:10CCA0000000000000000000000000000000000084
:10CCB0000000000000000000000000000000000074
:10CCC0000000000000007E000000FF80000381C023
:10CCD00000020040000600200004002000040020A4
:10CCE000000400200006002000020040000381C074
:10CCF0000001FF8000007E00000000000000000036
:10CD00000000000000000000000000000000000023
:10CD10000000000000000000000000000000000013
:10CD20000000000000000000000000000000000003
:10CD300000000000000000000000000000000000F3
:10CD400000040001000400010007FFFF000FFFFFC7
:10CD5000000100C100020041000400200004002086
:10CD6000000400200004002000060040000301C071
:10CD70000001FF8000007E000000000000000000B5
:10CD800000000000000000000000000000000000A3
:10CD90000000000000000000000000000000000093
:10CDA0000000000000000000000000000000000083
:10CDB0000000000000000000000000000000000073
:10CDC0000000000000007E000001FF80000380C022
:10CDD0000002006000040020000400200004002085
:10CDE0000004002000020041000300C10003FFFF17
:10CDF0000007FFFF0000000100000001000000002C
:10CE00000000000000000000000000000000000022
:10CE10000000000000000000000000000000000012
:10CE20000000000000000000000000000000000002
:10CE300000000000000000000000000000000000F2
:10CE40000004002000040020000400200004002052
:10CE5000000FFFE0000FFFE00000C02000010020F5
:10CE60000002002000060020000400000004000072
:10CE700000070000000300000000000000000000A8
:10CE800000000000000000000000000000000000A2
:10CE90000000000000000000000000000000000092
:10CEA0000000000000000000000000000000000082
:10CEB0000000000000000000000000000000000072
:10CEC00000000000000003E00001C0E00003E040BB
:10CED0000006302000043020000418200004182030
:10CEE0000004182000040C2000020C60000307C09E
:10CEF0000007838000000000000000000000000028
:10CF00000000000000000000000000000000000021
:10CF10000000000000000000000000000000000011
:10CF20000000000000000000000000000000000001
:10CF300000000000000000000000000000000000F1
:10CF400000000000000400000004000000040000D5
:10CF5000000C0000001FFF8000FFFFC00004006005
:10CF60000004002000040020000400200004004011
:10CF70000000018000000000000000000000000030
:10CF800000000000000000000000000000000000A1
:10CF90000000000000000000000000000000000091
:10CFA0000000000000000000000000000000000081
:10CFB0000000000000000000000000000000000071
:10CFC00000040000000400000007FF80000FFFC005
:10CFD0000000006000000020000000200000002091
:10CFE0000000002000040040000400800007FFE073
:10CFF000000FFFC0000000400000004000000000E3
:10D000000000000000000000000000000000000020
:10D010000000000000000000000000000000000010
:10D020000000000000000000000000000000000000
:10D0300000000000000000000000000000000000F0
:10D040000004000000040000000780000007F0005A
:10D050000004FE0000041FC0000003E00000038085
:10D0600000001C00000460000007800000060000B3
:10D0700000040000000000000000000000000000AC
:10D0800000000000000000000000000000000000A0
:10D090000000000000000000000000000000000090
:10D0A0000000000000000000000000000000000080
:10D0B000000000000000000000000000000400006C
:10D0C000000600000007C0000007FC0000043F80CD
:10D0D000000003E000040F800006F0000007F000ED
:10D0E0000007FF8000040FE00000038000043C0004
:10D0F0000007C0000006000000040000000000005F
:10D10000000000000000000000000000000000001F
:10D11000000000000000000000000000000000000F
:10D1200000000000000000000000000000000000FF
:10D1300000000000000000000000000000000000EF
:10D14000000000200004002000040060000700E050
:10D15000000783200007E6000004F80000003C0000
:10D1600000045E20000587A0000601E000040060C6
:10D17000000400200000002000000000000000006B
:10D18000000000000000000000000000000000009F
:10D19000000000000000000000000000000000008F
:10D1A000000000000000000000000000000000007F
:10D1B000000000000000000000000000000000006F
:10D1C0000004000000040003000700030007E00162
:10D1D0000004F80100041F02000007FC000000E04A
:10D1E00000000700000438000007C000000600002F
:10D1F0000004000000040000000000000000000027
:10D20000000000000000000000000000000000001E
:10D21000000000000000000000000000000000000E
:10D2200000000000000000000000000000000000FE
:10D2300000000000000000000000000000000000EE
:10D240000000000000078060000600E0000403E02A
:10D25000000407A000040E2000043C2000047020FD
:10D260000005E0200007802000070060000400E0C7
:10D27000000003800000000000000000000000002B
:10D28000000000000000000000000000000000009E
:10D29000000000000000000000000000000000008E
:10D2A000000000000000000000000000000000007E
:10D2B000000000000000000000000000000000006E
:10D2C000000000000000000000000000000000005E
:10D2D000000000000000000000008000000080004E
:10D2E0000001400007FE3FF80800000410000002A3
:10D2F000100000020000000000000000000000001C
:10D30000000000000000000000000000000000001D
:10D31000000000000000000000000000000000000D
:10D3200000000000000000000000000000000000FD
:10D3300000000000000000000000000000000000ED
:10D3400000000000000000000000000000000000DD
:10D35000000000000000000000000000FFFFFFFFD1
:10D3600000000000000000000000000000000000BD
:10D3700000000000000000000000000000000000AD
:10D38000000000000000000000000000000000009D
:10D39000000000000000000000000000000000008D
:10D3A000000000000000000000000000000000007D
:10D3B000000000000000000000000000000000006D
:10D3C000000000001000000210000002080000042D
:10D3D00007FE3FF8000140000000800000008000D0
:10D3E000000000000000000000000000000000003D
:10D3F000000000000000000000000000000000002D
:10D40000000000000000000000000000000000001C
:10D41000000000000000000000000000000000000C
:10D4200000000000000000000000000000000000FC
:10D4300000000000000000000000000000000000EC
:10D440001800000030000000400000004000000014
:10D450004000000020000000300000000800000034
:10D4600004000000020000000200000002000000B2
:10D470000C00000018000000000000000000000088
:10D48000000000000000000000000000000000009C
:10D49000000000000000000000000000000000008C
:10D4A000000000000000000000000000000000007C
:10D4B000000000000000000000000000A01D0000AF
:10D4C000800F0000E0030000C0070000E003000040
:10D4D000400000004000000040000000400000004C
:10D4E000400000000068070000E0030000F80000B2
:10D4F00000F0010000F8000050B107240600000011
:10D50000400000000001000050B20724800000002D
:10D5100000020000200000000002000050B40724B8
:10D520001E0000000A00000050B607240A00000098
:10D53000640000009001000040000000E8030000CB
:10D540001D0000000A000000E0B707240C000000E6
:10D5500080000000000200009008000001010000AF
:10D5600078563412010100000000000000000000A5
:10D5700000000000000000000000000000000000AB
:10D58000000000000000000000000000000000009B
:10D59000010101002800040000000000000000005C
:10D5A000000000000000000000000000000000007B
:10D5B0000000000000000000010020000100100039
:10D5C0000C0010000000000000000000000000003F
:10D5D000000000000000000000000000000000004B
:10D5E000000000000000000000000000000000003B
:10D5F0000000000001010100300001010C002000CA
:10D6000020000400040000000000000000000000F2
:10D61000000000000000000000000000000000000A
:10D6200000000000000000000000000000000000FA
:10D6300000000000000000000101010130000100B5
:10D6400000000000000000000000000000000000DA
:10D6500000000000000000000000000000000000CA
:10D6600000000000000000000101010128000C0082
:10D67000800100000401010101010101000001011C
:10D68000C4000800010100000000000000000000CC
:10D69000000000000000000000000000000000008A
:10D6A000000000000000000000000000000000007A
:10D6B0000000000000000000010130005078000070
:10D6C000C109000030313233343536373839414200
:10D6D00043444546403058003031323334353637D4
:0CD6E00038396162636465664030780090
:040000050800029954
:00000001FF
