:020000040800F2
:10000000F82B002439030008D1420008CD42000833
:10001000410A0090610500087947000800000000CF
:10002000000000000000000000000000B5460008CD
:10003000D10A000800000000D3420008B7460008BB
:100040005303000853030008530300085303000838
:100050005303000853030008530300085303000828
:100060005303000853030008530300085303000818
:100070005303000853030008530300085303000808
:1000800053030008530300085303000853030008F8
:1000900053030008530300085303000853030008E8
:1000A00053030008530300085303000853030008D8
:1000B00053030008530300085303000853030008C8
:1000C00053030008530300085303000853030008B8
:1000D000530300086947000853030008530300084E
:1000E00053030008530300080000000053030008F6
:1000F0005303000853030008530300085303000888
:100100005303000853030008530300085303000877
:100110005303000853030008530300085303000867
:100120005303000853030008530300085303000857
:100130005303000853030008530300085303000847
:1001400000000000000000000000000000000000AF
:100150005303000853030008530300085303000827
:100160005303000853030008530300085303000817
:100170005303000853030008530300085303000807
:1001800053030008530300085303000853030008F7
:1001900053030008530300085303000853030008E7
:1001A00053030008530300085303000853030008D7
:1001B00053030008530300085303000853030008C7
:1001C00053030008530300085303000853030008B7
:1001D00053030008530300085303000853030008A7
:1001E0005303000853030008530300085303000897
:1001F0005303000853030008530300085303000887
:100200005303000853030008530300085303000876
:100210005303000853030008530300085303000866
:1002200053030008530300085303000800000000B4
:1002300053030008530300080000000053030008A4
:100240005303000853030008530300085303000836
:100250005303000853030008530300085303000826
:100260005303000853030008530300085303000816
:100270005303000853030008530300080000000064
:100280005303000853030008530300080000000054
:10029000000000005303000800F002F800F03CF8F2
:1002A0000AA090E8000C82448344AAF10107DA45D1
:1002B00001D100F031F8AFF2090EBAE80F0013F0E7
:1002C000010F18BFFB1A43F0010318476C4D0000E3
:1002D0008C4D0000103A24BF78C878C1FAD8520774
:1002E00024BF30C830C144BF04680C6070470000B0
:1002F0000023002400250026103A28BF78C1FBD82F
:10030000520728BF30C148BF0B6070471FB504F0CB
:100310006FFE1FBD10B510BD00F0AAF81146FFF723
:10032000F5FF04F08BFA00F0C8F803B4FFF7F2FF12
:1003300003BC04F03FFA0000094880470948004721
:10034000FEE7FEE7FEE7FEE7FEE7FEE7FEE7FEE785
:10035000FEE7FEE704480549054A064B70470000E2
:10036000C146000899020008F8210024F82B002457
:10037000F8230024F8230024704753EA020C00F00D
:1003800069802DE9F04B4FF00006002B1FBFB3FA38
:1003900083F503FA05F424FA05F65E4012BF16430E
:1003A000B2FA82F502FA05F4C5F120051EBF22FA61
:1003B00005FC44EA0C04203556EA044C4FEA144488
:1003C00018BF641C4FF000084FF00009904271EB19
:1003D000030C39D3002919BFB1FA81F701FA07F6E6
:1003E000B0FA80F700FA07F6C7F120071EBF20FA1F
:1003F00007FC46EA0C062037B6FBF4FCA7EB050722
:10040000103F07F01F0BCBF120060CFA0BFB2CFA68
:1004100006F644BFB3460026202FA4BF5E464FF029
:10042000000B5BEA060C08BF4FF0010B19EB0B0940
:10043000ABFB027C48EB0608C01B06FB02CC0BFBA7
:1004400003CC71EB0C01C1E70B460246414648461E
:10045000BDE8F08B13B54FF000004FF00001AFF393
:100460000080BDE81C407047704770477047704778
:10047000754600F02BF8AE4605006946534620F05D
:100480000700854618B020B5FFF764FFBDE820409F
:100490004FF000064FF000074FF000084FF0000B40
:1004A00021F00701AC46ACE8C009ACE8C009ACE8F3
:1004B000C009ACE8C0098D46704710B50446AFF3DB
:1004C00000802046BDE81040FFF72FBF004870476E
:1004D0009421002440F6490CC9F2000C604740F218
:1004E000C55CC9F2000C604745F6917CC9F2000C6E
:1004F000604745F6C96CC9F2000C604745F2493CBB
:10050000C9F2000C604742F6090CC9F2000C6047C2
:1005100042F2697CC9F2000C604745F6B95CC9F249
:10052000000C604742F6B10CC9F2000C604740F283
:100530000D0CC9F2000C604740F6851CC9F2000C96
:10054000604740F22F5CC9F2000C604745F6215C21
:10055000C9F2000C604740F2D17CC9F2000C604740
:1005600000BFFEE70146374A0868904249D0354A45
:1005700018320868904244D0324A303208689042BB
:100580003FD0304A4832086890423AD02D4A603213
:100590000868904235D02B4A78320868904230D0B3
:1005A000284A9032086890422BD0264AA832086820
:1005B000904226D0244A0868904222D0224A18321B
:1005C000086890421DD0204A30320868904218D006
:1005D0001D4A48320868904213D01B4A60320868AE
:1005E00090420ED0184A78320868904209D0164AD4
:1005F00090320868904204D0134AA83208689042AA
:1006000001D1012000E00020B0B10A78103A18238F
:10061000B2FBF3F000F007020C4B9A5CCA650328AA
:1006200005D90A686FF30902121D8A6503E00A689A
:100630006FF309028A6503E0086820F0FF0088650F
:10064000886D7047100002401004024030500008CE
:1006500010B502682B4C0368A34222D0294C1434F5
:100660000368A3421DD0274C28340368A34218D046
:10067000244C3C340368A34213D0224C503403680A
:10068000A3420ED01F4C64340368A34209D01D4C12
:1006900078340368A34204D01A4C8C340368A34214
:1006A00001D1012300E000238BB10378083B14241F
:1006B000B3FBF4F1144B03EB81030366124B80335D
:1006C000436601F01F040123A340836618E003780A
:1006D000103B1824B3FBF4F10C4B9A4204D80B4B9B
:1006E000A83B9A4200D30831094B03EB8103036610
:1006F000074B8033436601F01F040123A340836648
:1007000010BD00000854025800580258B8040240B6
:10071000000802400179A9B3082940D8204B02689B
:100720009A4222D01E4B143302689A421DD01C4BB1
:10073000283302689A4218D0194B3C3302689A4217
:1007400013D0174B503302689A420ED0144B6433C7
:1007500002689A4209D0124B783302689A4204D058
:100760000F4B8C3302689A4201D1012200E0002233
:100770004AB14A1E0B4B03EB8202C266094A403261
:10078000026708E00BE04A1E074B03EB8202C266D9
:10079000054A403202674A1E01239340436770476F
:1007A000085402580059025800090240014600202E
:1007B0008A69D2B98A6A32B1012A0DD0022A03D0DD
:1007C000032A10D10EE000BFCA6A02F08072B2F1B3
:1007D000807F00D1012007E0CA6AB2F1C07F00D15A
:1007E000012001E000E000BF36E08A69B2F5005F59
:1007F0001BD18A6A32B1012A07D0022A03D0032A08
:1008000011D10AE000BF01200EE0CA6A02F0807236
:10081000B2F1807F00D1012006E0CA6AB2F1C07F48
:1008200000D1012000E000BF16E08A6A32B1012A3F
:1008300005D0022A04D0032A0CD103E000BF00BF78
:10084000012008E0CA6A02F08072B2F1807F00D114
:10085000012000E000BF00BF70470000F0B5856DCB
:10086000846D984F0668BE4270D0964F1837066860
:10087000BE426BD0934F30370668BE4266D0914F70
:1008800048370668BE4261D08E4F60370668BE4268
:100890005CD08C4F78370668BE4257D0894F90376E
:1008A0000668BE4252D0874FA8370668BE424DD078
:1008B000854F0668BE4249D0834F18370668BE424E
:1008C00044D0814F30370668BE423FD07E4F483714
:1008D0000668BE423AD07C4F60370668BE4235D0CB
:1008E000794F78370668BE4230D0774F9037066828
:1008F000BE422BD0744FA8370668BE4226D0734F35
:100900000668BE4222D0714F14370668BE421DD021
:100910006E4F28370668BE4218D06C4F3C370668C9
:10092000BE4213D0694F50370668BE420ED0674FA3
:1009300064370668BE4209D0644F78370668BE4205
:1009400004D0624F8C370668BE4201D1012600E018
:1009500000263EB1D0E919767E60C66E16B1D0E9A8
:100960001C767E60574F0668BE4249D0554F1837F7
:100970000668BE4244D0534F30370668BE423FD06F
:10098000504F48370668BE423AD04E4F603706682F
:10099000BE4235D04B4F78370668BE4230D0494F03
:1009A00090370668BE422BD0464FA8370668BE4235
:1009B00026D0454F0668BE4222D0434F18370668FE
:1009C000BE421DD0404F30370668BE4218D03E4F61
:1009D00048370668BE4213D03B4F60370668BE42B8
:1009E0000ED0394F78370668BE4209D0364F90375F
:1009F0000668BE4204D0344FA8370668BE4201D113
:100A0000012600E00026DEB190F85C6006F01F07CA
:100A10003F26BE40AE600668366826F4802607682A
:100A20003E60066873608668402E04D10668B26036
:100A30000668F16044E00668B1600668F2603FE075
:100A4000224F0668BE4222D0204F14370668BE42AD
:100A50001DD01E4F28370668BE4218D01B4F3C37AA
:100A60000668BE4213D0194F50370668BE420ED0FA
:100A7000164F64370668BE4209D0144F78370668AF
:100A8000BE4204D0114F8C370668BE4201D1012608
:100A900000E00026A6B190F85C6006F01F07012672
:100AA000BE406660066873608668402E04D10668A2
:100AB000B2600668F16003E00668B1600668F26043
:100AC000F0BD00001000024010040240085402581B
:100AD000704700002DE9F041044601F075FB8046A7
:100AE00014B90120BDE8F08194F83500022808D03F
:100AF0008020606500BF002084F8340000BF012022
:100B0000F0E7FE492068884249D0FC491831206846
:100B1000884244D0F9493031206888423FD0F749B3
:100B20004831206888423AD0F449603120688842D0
:100B300035D0F24978312068884230D0EF49903181
:100B4000206888422BD0ED49A8312068884226D001
:100B5000EB492068884222D0E94918312068884250
:100B60001DD0E74930312068884218D0E449483127
:100B70002068884213D0E2496031206888420ED054
:100B8000DF4978312068884209D0DD4990312068FA
:100B9000884204D0DA49A8312068884201D1012076
:100BA00000E0002068B12068006820F01E00216885
:100BB00008602068406920F080002168486125684D
:100BC00006E02068006820F00E00216808602568B3
:100BD000CA492068884270D0C849183120688842C4
:100BE0006BD0C64930312068884266D0C34948314D
:100BF0002068884261D0C1496031206888425CD059
:100C0000BE4978312068884257D0BC49903120686D
:100C1000884252D0B949A831206888424DD0B8499D
:100C20002068884249D0B64918312068884244D0AB
:100C3000B3493031206888423FD0B14948312068FB
:100C400088423AD0AE4960312068884235D0AC49FC
:100C500078312068884230D0A94990312068884294
:100C60002BD0A749A8312068884226D0A549206802
:100C7000884222D0A3491431206888421DD0A1495E
:100C800028312068884218D09E493C31206888422B
:100C900013D09C495031206888420ED09949643164
:100CA0002068884209D0974978312068884204D06A
:100CB00094498C312068884201D1012000E0002055
:100CC00028B1206E006820F48070216E08608B4986
:100CD0002068884249D0894918312068884244D028
:100CE00086493031206888423FD0844948312068A5
:100CF00088423AD0814960312068884235D07F49A6
:100D000078312068884230D07C4990312068884210
:100D10002BD07A49A8312068884226D078492068AB
:100D2000884222D076491831206888421DD0744903
:100D300030312068884218D0714948312068884293
:100D400013D06F496031206888420ED06C497831E9
:100D50002068884209D06A4990312068884204D0CE
:100D60006749A8312068884206D12068006820F0D1
:100D700001002168086005E02068006820F001009B
:100D80002168086011E001F01FFAA0EB08000528B7
:100D90000BD92020606500BF002084F8340000BF1C
:100DA000032084F8350001209CE6286800F001004B
:100DB0000028E8D151492068884249D04F4918316C
:100DC0002068884244D04D493031206888423FD065
:100DD0004A494831206888423AD048496031206801
:100DE000884235D0454978312068884230D043491F
:100DF0009031206888422BD04049A8312068884231
:100E000026D03F492068884222D03D4918312068C9
:100E100088421DD03A4930312068884218D038497C
:100E200048312068884213D03549603120688842B3
:100E30000ED0334978312068884209D0304990314A
:100E40002068884204D02E49A8312068884201D108
:100E5000012000E0002040B1A66D94F85C0000F095
:100E60001F013F208840B06007E0A76D94F85C0048
:100E700000F01F01012088407860204920688842E6
:100E800076D01E4918312068884271D01B49303114
:100E9000206888426CD0194948312068884267D060
:100EA000164960312068884262D014497831206840
:100EB00088425DD0114990312068884258D00F494E
:100EC000A8312068884253D00D49206888424FD00D
:100ED0000B491831206888424AD0094930312068CE
:100EE000884245D0064948312068884240D00449AC
:100EF0006031206888423BD0014905E01000024083
:100F000010040240085402587831206888422FD0DB
:100F10002549206888422BD023491831206888420F
:100F200026D022492068884222D0204914312068E6
:100F300088421DD01D4928312068884218D01B499D
:100F40003C312068884213D01849503120688842CB
:100F50000ED0164964312068884209D0134978318F
:100F60002068884204D011498C312068884201D120
:100F7000012000E0002068B1D4E919104860E06E5B
:100F800040B1E06E006820F48070E16E0860D4E942
:100F90001C10486000BF002084F8340000BF01200E
:100FA00084F8350000209DE5A00402400854025852
:100FB00070B504460CB9012070BD94F835000228C4
:100FC00003D0802060650120F6E7DC492068884274
:100FD00049D0DA4918312068884244D0D7493031A5
:100FE000206888423FD0D5494831206888423AD0AD
:100FF000D24960312068884235D0D04978312068A4
:10100000884230D0CD499031206888422BD0CB49DE
:10101000A8312068884226D0C9492068884222D059
:10102000C7491831206888421DD0C5493031206831
:10103000884218D0C24948312068884213D0C0493C
:101040006031206888420ED0BD49783120688842DE
:1010500009D0BB4990312068884204D0B849A831F2
:101060002068884201D1012000E00020F0B3042074
:1010700084F83500B149206888424BD0AF49183117
:101080002068884246D0AD4930312068884241D03E
:10109000AA494831206888423CD0A849603120687C
:1010A000884237D0A54978312068884232D0A34998
:1010B0009031206888422DD0A049A831206888420C
:1010C00028D09F492068884224D09D491831206843
:1010D00088421FD09A493031206888421AD09849F6
:1010E00048312068884215D0954900E020E0603101
:1010F000206888420ED0924978312068884209D011
:101100008F4990312068884204D08D49A8312068E9
:10111000884206D12068006820F00100216808603C
:1011200009E12068006820F001002168086002E100
:101130002068006820F00E00216808607F49206860
:10114000884249D07D4918312068884244D07B4983
:101150003031206888423FD0784948312068884241
:101160003AD0764960312068884235D07349783169
:101170002068884230D071499031206888422BD055
:101180006E49A8312068884226D06D49206888427F
:1011900022D06B491831206888421DD0684930310F
:1011A0002068884218D0664948312068884213D0A8
:1011B00063496031206888420ED0614978312068E7
:1011C000884209D05E4990312068884204D05C4949
:1011D000A8312068884206D12068006820F001000C
:1011E0002168086005E02068006820F0010021689F
:1011F000086052492068884270D0504918312068F0
:1012000088426BD04D4930312068884266D04B49C6
:1012100048312068884261D048496031206888425E
:101220005CD0464978312068884257D04349903194
:101230002068884252D04149A831206888424DD068
:101240003F492068884249D03D491831206888428A
:1012500044D03B493031206888423FD0384948313A
:10126000206888423AD0364960312068884235D0BB
:10127000334978312068884230D031499031206834
:1012800088422BD02E49A8312068884226D02D498B
:101290002068884222D02B491431206888421DD012
:1012A000284928312068884218D026493C312068D6
:1012B000884213D023495031206888420ED02149FA
:1012C00064312068884209D01E49783120688842FC
:1012D00004D01C498C312068884201D1012000E0F3
:1012E0000020D8B1206E006820F48070216E086064
:1012F000A56D94F85C0000F01F0101208840686033
:10130000D4E919104860E06E40B1E06E006820F446
:101310008070E16E0860D4E91C10486000BF0020B6
:1013200084F8340000BF012084F83500206D10B12E
:101330002046216D884700203EE600001000024054
:10134000100402400854025870B504460CB901203C
:1013500070BDD8492068884249D0D64918312068E4
:10136000884244D0D3493031206888423FD0D149A7
:101370004831206888423AD0CE496031206888429E
:1013800035D0CC4978312068884230D0C949903175
:10139000206888422BD0C749A8312068884226D0CF
:1013A000C5492068884222D0C34918312068884244
:1013B0001DD0C14930312068884218D0BE4948311B
:1013C0002068884213D0BC496031206888420ED022
:1013D000B94978312068884209D0B74990312068EE
:1013E000884204D0B449A8312068884206D12068D8
:1013F000006820F001002168086005E020680068AE
:1014000020F0010021680860AA492068884249D07C
:10141000A84918312068884244D0A6493031206854
:1014200088423FD0A3494831206888423AD0A14938
:1014300060312068884235D09E49783120688842E2
:1014400030D09C499031206888422BD09949A831EE
:101450002068884226D098492068884222D0964940
:101460001831206888421DD0934930312068884265
:1014700018D0914948312068884213D08E49603194
:10148000206888420ED08C4978312068884209D083
:10149000894990312068884204D08749A831206862
:1014A000884201D1012000E00020C8B1002021685D
:1014B000086021684860216888602168C8602168E8
:1014C00008612120216848612046FFF74BF8064655
:1014D00094F85C0000F01F013F208840B06043E0BA
:1014E00076492068884222D07449143120688842A5
:1014F0001DD0724928312068884218D06F493C318C
:101500002068884213D06D495031206888420ED03F
:101510006A4964312068884209D068497831206876
:10152000884204D065498C312068884201D101206D
:1015300000E00020B0B10020216808602168486008
:10154000216888602168C860216808612046FFF72B
:1015500009F8054694F85C0000F01F01012088405E
:10156000686001E00120F3E652492068884270D0AB
:1015700050491831206888426BD04E49303120687C
:10158000884266D04B4948312068884261D0494939
:101590006031206888425CD04649783120688842B2
:1015A00057D0444990312068884252D04149A831EF
:1015B000206888424DD040492068884249D03E4941
:1015C00018312068884244D03B4930312068884235
:1015D0003FD039494831206888423AD03649603195
:1015E0002068884235D0344978312068884230D02C
:1015F00031499031206888422BD02F49A83120688A
:10160000884226D02D492068884222D02B491431A7
:10161000206888421DD0294928312068884218D086
:1016200026493C312068884213D024495031206833
:1016300088420ED0214964312068884209D01F4970
:1016400078312068884204D01C498C312068884257
:1016500001D1012000E00020E0B12046FEF7F8FFB4
:10166000206E28B10020216E0860D4E9191048606E
:10167000606858B16068082808D82046FFF74AF823
:101680000020E16E0860D4E91C1048600020E0668C
:10169000206760670020E06320646064A064E06409
:1016A0002065606584F8350000BF84F8340000BF11
:1016B00000BF4DE6100002401004024008540258DA
:1016C0000146486D704700002DE9F041044600F0E6
:1016D0007BFD804614B90120BDE8F081FE492068F9
:1016E000884249D0FC4918312068884244D0FA49E0
:1016F0003031206888423FD0F7494831206888421D
:101700003AD0F54960312068884235D0F2497831C5
:101710002068884230D0F0499031206888422BD030
:10172000ED49A8312068884226D0EC4920688842DB
:1017300022D0EA491831206888421DD0E74930316B
:101740002068884218D0E54948312068884213D083
:10175000E2496031206888420ED0E0497831206843
:10176000884209D0DD4990312068884204D0DB49A5
:10177000A8312068884201D1012000E00020002823
:1017800073D0606A00B100BF00BF002084F834004D
:1017900000BF022084F83500CF492068884249D034
:1017A000CD4918312068884244D0CB493031206877
:1017B00088423FD0C8494831206888423AD0C6495B
:1017C00060312068884235D0C3497831206888422A
:1017D00030D0C1499031206888422BD0BE49A83111
:1017E0002068884226D0BD492068884222D0BB4963
:1017F0001831206888421DD0B849303120688842AD
:1018000018D0B64948312068884213D0B3496031B6
:10181000206888420ED0B14978312068884209D0CA
:10182000AE4990312068884204D0AC49A831206884
:10183000884206D12068006820F001002168086015
:1018400005E02068006820F00100216808600DE0D4
:1018500000F0BAFCA0EB0800052807D9202060653D
:10186000032084F83500012036E745E02068006851
:1018700000F001000028EBD1206805689848054079
:10188000D4E9020108432169084361690843A16959
:101890000843E1690843216A08430543606A042854
:1018A00003D1D4E90B010843054320680560206893
:1018B000456925F00705606A0543606A04280DD173
:1018C000A06A0543E06A48B12046FEF76FFF28B1E1
:1018D00040206065012084F83500FDE62068456100
:1018E0002046FEF73FFE064694F85C0000F01F011C
:1018F0003F208840B0609EE07A492068884222D02C
:1019000078491431206888421DD0764928312068F2
:10191000884218D073493C312068884213D07149FD
:101920005031206888420ED06E4964312068884268
:1019300009D06C4978312068884204D069498C31DB
:101940002068884201D1012000E00020E0B3654911
:101950002068884222D063491431206888421DD013
:10196000604928312068884218D05E493C3120689F
:10197000884213D05B495031206888420ED05949C3
:1019800064312068884209D05649783120688842FD
:1019900004D054498C312068884201D1012000E0F4
:1019A000002000B100BF00BF002084F8340000BF59
:1019B000022084F83500206805684B480540A0687F
:1019C000402802D1102106E02EE0A068802801D135
:1019D000C10100E00021E06841EAD001206941EA4C
:1019E000D001606941EAD001A06941EAD001E06913
:1019F00041EAD001206A41EA1010054320680560E1
:101A000038492068401A1421B0FBF1F08000E065ED
:101A10002046FEF7A7FD074694F85C0000F01F0182
:101A200001208840786006E040206065032084F84B
:101A30003500012050E62849206888427AD026499E
:101A400018312068884275D0234930312068884297
:101A500070D021494831206888426BD01E496031DE
:101A60002068884266D01C4978312068884261D05D
:101A700019499031206888425CD01749A831206804
:101A8000884257D015492068884253D013491831ED
:101A9000206888424ED0114930312068884249D0B0
:101AA0000E4948312068884244D00C496031206892
:101AB00088423FD009497831206888423AD00749A6
:101AC00090312068884235D00449A8312068884286
:101AD00030D00449206809E01000024010040240A0
:101AE0003F8010FE085402580F00FEFF884221D0AC
:101AF0002649206888421DD0244914312068884234
:101B000018D0224928312068884213D01F493C311F
:101B1000206888420ED01D4950312068884209D083
:101B20001A4964312068884204D018497831206805
:101B3000884201D1012000E0002000B32046FEF7DA
:101B400087FDA068802801D1002060602079216E87
:101B50000860D4E919104860606860B160680828BE
:101B600009D82046FEF7D6FD0020E16E0860D4E9D2
:101B70001C10486003E00020E066206760670020DA
:101B80006065012084F835000020A5E51C5402584A
:101B90002DE9F04104460D4616461F464FF0000859
:101BA00014B90120BDE8F08100BF94F83400012889
:101BB00001D10220F6E7012084F8340000BF94F838
:101BC000350001287ED1022084F8350000206065B0
:101BD000E4492068884249D0E249183120688842A7
:101BE00044D0E0493031206888423FD0DD49483157
:101BF000206888423AD0DB4960312068884235D07D
:101C0000D84978312068884230D0D6499031206850
:101C100088422BD0D349A8312068884226D0D249A7
:101C20002068884222D0D0491831206888421DD0CF
:101C3000CD4930312068884218D0CB4948312068DE
:101C4000884213D0C8496031206888420ED0C64906
:101C500078312068884209D0C34990312068884291
:101C600004D0C149A8312068884206D120680068A4
:101C700020F001002168086005E02068006820F07D
:101C80000100216808603B46324629462046FEF79F
:101C9000E5FDB449206888424BD0B249183120682C
:101CA000884246D0AF4930312068884241D0AD49A2
:101CB0004831206888423CD0AA4960312068884277
:101CC00037D000E042E1A74978312068884230D01F
:101CD000A4499031206888422BD0A249A8312068BD
:101CE000884226D0A0492068884222D09E491831D7
:101CF000206888421DD09C4930312068884218D025
:101D0000994948312068884213D09749603120684A
:101D100088420ED0944978312068884209D092498F
:101D200090312068884204D08F49A83120688842C9
:101D300001D1012000E0002080B12068006820F07F
:101D40001E0040F0160021680860206CB0B12068C9
:101D5000006840F00800216808600FE02068006813
:101D600020F00E0040F00A0021680860206C28B1C5
:101D70002068006840F00400216808607949206804
:101D8000884270D077491831206888426BD07549F5
:101D900030312068884266D07249483120688842D4
:101DA00061D070496031206888425CD06D497831DB
:101DB0002068884257D06B4990312068884252D0C1
:101DC0006849A831206888424DD067492068884218
:101DD00049D0654918312068884244D06249303181
:101DE000206888423FD060494831206888423AD014
:101DF0005D4960312068884235D05B497831206880
:101E0000884230D058499031206888422BD05649BA
:101E1000A8312068884226D054492068884222D0C0
:101E200052491431206888421DD050492831206819
:101E3000884218D04D493C312068884213D04B4924
:101E40005031206888420ED0484964312068884269
:101E500009D0464978312068884204D043498C3102
:101E60002068884201D1012000E0002090B1206E5E
:101E7000006800F4803028B1206E006840F4807063
:101E8000216E0860E06E28B1E06E006840F480705A
:101E9000E16E086033492068884249D031491831E1
:101EA0002068884244D02F493031206888423FD092
:101EB0002C494831206888423AD02A49603120684C
:101EC000884235D0274978312068884230D025496A
:101ED0009031206888422BD02249A831206888425E
:101EE00026D021492068884222D01F491831206815
:101EF00088421DD01C4930312068884218D01A49C8
:101F000048312068884213D01749603120688842E0
:101F10000ED0154978312068884209D01249903195
:101F20002068884204D01049A8312068884206D130
:101F30002068006840F001002168086010E0206817
:101F4000006840F001002168086009E000BF00203F
:101F500084F8340000BF4FF4006060654FF0010862
:101F600040461FE610000240100402400854025888
:101F70000348006840F00100014908607047000014
:101F800020040058F8B502460023734DDEE0012717
:101F90009F400E6806EA0704002C71D04E68022E9E
:101FA00002D04E68122E13D1DF0802F1200656F837
:101FB00027005E07F70E0F26BE40B0435F07FF0EF7
:101FC0000E69BE403043DF0802F1200646F82700C4
:101FD00010685F000326BE40B0430E7906F003068A
:101FE0005F00BE40304310604E68012E08D04E683E
:101FF000022E05D04E68112E02D04E68122E13D13B
:1020000090685F000326BE40B0435F00CE68BE40CC
:1020100030439060506801269E40B0430E79C6F36D
:1020200000169E4030435060D0685F000326BE40DB
:10203000B0435F008E68BE403043D0604E6806F00B
:102040008056B6F1805F1BD100BF444E366846F023
:102050000206424F3E603E46366806F00206009693
:1020600000BF00BF3E4E9F0856F827009E07370F5F
:102070000F26BE40B0433B4EB24202D100262EE0B6
:1020800063E0394EB24201D1012628E0374EB24218
:1020900001D1022623E0364EB24201D103261EE0D2
:1020A000344EB24201D1042619E0334EB24201D17E
:1020B000052614E0314EB24201D106260FE0304E23
:1020C000B24201D107260AE02E4EB24201D10826C3
:1020D00005E02D4EB24201D1092600E00A269F07F5
:1020E0003F0FBE4030431E4E9F0846F82700286829
:1020F000A0434E6806F48036B6F5803F00D12043F9
:1021000028606868A0434E6806F40036B6F5003FC4
:1021100000D1204368604FF0B0463068A0434E685D
:1021200006F48016B6F5801F00D120434FF0B0466C
:1021300030607068A0434E6806F40016B6F5001FC4
:1021400000D120434FF0B04670605B1C0E68DE404B
:10215000002E7FF41CAFF8BD80000058F4440258F4
:1021600008040058000002580004025800080258F1
:10217000000C0258001002580014025800180258AF
:10218000001C02580020025800240258024613691D
:102190000B400BB1012000E00020704742690A406B
:1021A0008A4202D10A04826100E0816170470AB16B
:1021B000816101E00B048361704700000148006801
:1021C000000C70470010005C014800687047000078
:1021D00014000024034800680349097808440149B1
:1021E00008607047140000241C00002410B505206E
:1021F00000F00AF901F0CCFA10490968C1F3032193
:102200000F4A515C01F01F01C8400E4908600B489D
:10221000006800F00F001146085C00F01F0109483B
:102220000068C840084908600F2000F00FF808B1A6
:10223000012010BD00F09AF80020FAE71844025877
:1022400020500008000000240400002470B504465B
:102250001148007808B9012070BD0F4800784FF48C
:102260007A71B1FBF0F00D490968B1FBF0F5284631
:1022700001F064FF08B10120EEE7102C07D2002224
:102280002146501E00F083F80548046001E001205B
:10229000E2E70020E0E700001C000024000000242A
:1022A000180000244178154A11600178F9B1121D17
:1022B00041681160017B0907C27A41EA0261827AB2
:1022C00041EAC241427B41EA8241827B41EA42418A
:1022D000C27B41EA0241427A41EA0221027A41EAA2
:1022E000420102781143054A0832116005E00021DD
:1022F000024A121D1160121D1160704798ED00E036
:1023000000BF00BF00BFBFF35F8F00BF00BF00BFB3
:102310000548006820F48030034908600020024925
:10232000703108607047000024ED00E040F00101CA
:102330000D4A11600C497039096841F480310A4A2C
:10234000703A116000BF00BF00BFBFF34F8F00BFE6
:1023500000BF00BF00BF00BF00BFBFF36F8F00BF53
:1023600000BF00BF7047000094ED00E070470146D9
:102370000846002809DB00F01F0301229A404309A8
:102380009B0003F1E023C3F8002100BF70472DE953
:10239000F05F80460D46164602F0F0F907463946D2
:1023A0002A46334601F00700C0F1070ABAF1040FCC
:1023B00002D94FF0040A01E0C0F1070AD14600F14A
:1023C000040ABAF1070F02D24FF0000A01E0A0F1AF
:1023D000030AD4464FF0010A0AFA09FAAAF1010ADF
:1023E0000AEA020A0AFA0CFA4FF0010B0BFA0CFB8C
:1023F000ABF1010B0BEA030B4AEA0B042146404602
:1024000002F0C4F9BDE8F09F00BF00F00702064BE0
:1024100019684FF6FF031940044B0B4343EA0221AE
:10242000014B196000BF70470CED00E00000FA0599
:102430000348006840F08070014908607047000060
:102440000C48025810B501F0A3F907490968C1F317
:102450000321064A515C01F01F01C840044908608D
:102460000846006810BD00001844025820500008BB
:102470000000002410B501F04FF905490968C1F3C7
:102480000211044A515C01F01F01C84010BD000058
:10249000204402582050000870B50146844D2D6834
:1024A00005F00303824D2D68C5F30530804D2D1DC9
:1024B0002D68C5F300147E4D14352D68C5F3CC0589
:1024C00015FB04F501EE105AB8EE411AF0EE410A80
:1024D00000286FD023B1012B4ED0022B6BD16BE0C3
:1024E000734D283D2D68C5F340153DB3704D283D13
:1024F0002D68C5F3C1066F4D25FA06F201EE102ACC
:10250000F8EE411A01EE100AB8EE411A81EE812A66
:102510009FED691AC0EE811A654D10352D68C5F31F
:10252000080501EE105AB8EE411A31EE811AF7EEA5
:10253000001A31EE211A22EE010A1CE001EE100A07
:10254000B8EE411ADFED5D1A81EE812A9FED5A1A2D
:10255000C0EE811A564D10352D68C5F3080501EE01
:10256000105AB8EE411A31EE811AF7EE001A31EE28
:10257000211A22EE010A5BE001EE100AB8EE411AC0
:10258000DFED4F1A81EE812A9FED4B1AC0EE811AC2
:10259000474D10352D68C5F3080501EE105AB8EE09
:1025A000411A31EE811AF7EE001A31EE211A22EEAD
:1025B000010A3DE077E01DE001EE100AB8EE411A95
:1025C0009FED402AC2EE011A9FED3B1A80EE812A50
:1025D000374D10352D68C5F3080501EE105AB8EED9
:1025E000411A32EE011AB7EE002A31EE021A21EE3C
:1025F000810A1DE001EE100AB8EE411ADFED301A33
:1026000081EE812A9FED2C1AC0EE811A284D1035DB
:102610002D68C5F3080501EE105AB8EE411A31EEE7
:10262000811AF7EE001A31EE211A22EE010A00BFDC
:1026300000BF1F4D10352D68C5F3462501EE105A19
:10264000B8EE411AF7EE001A31EE211AC0EE011A67
:10265000BCEEE11A81ED001A154D10352D68C5F359
:10266000064501EE105AB8EE411AF7EE001A31EEA7
:10267000211AC0EE011ABCEEE11A81ED011A0C4DCF
:1026800010352D68C5F3066501EE105AB8EE411AF3
:10269000F7EE001A31EE211AC0EE011ABCEEE11A73
:1026A00081ED021A03E000250D604D608D6070BD64
:1026B000284402580090D003000000460024744CC7
:1026C0000024744A0024F44A70B50146844D2D68F4
:1026D00005F00303824D2D68C5F30550804D2D1D77
:1026E0002D68C5F300247E4D1C352D68C5F3CC053F
:1026F00015FB04F501EE105AB8EE411AF0EE410A4E
:1027000000286FD023B1012B4ED0022B6BD16BE090
:10271000734D283D2D68C5F340153DB3704D283DE0
:102720002D68C5F3C1066F4D25FA06F201EE102A99
:10273000F8EE411A01EE100AB8EE411A81EE812A34
:102740009FED691AC0EE811A654D18352D68C5F3E5
:10275000080501EE105AB8EE411A31EE811AF7EE73
:10276000001A31EE211A22EE010A1CE001EE100AD5
:10277000B8EE411ADFED5D1A81EE812A9FED5A1AFB
:10278000C0EE811A564D18352D68C5F3080501EEC7
:10279000105AB8EE411A31EE811AF7EE001A31EEF6
:1027A000211A22EE010A5BE001EE100AB8EE411A8E
:1027B000DFED4F1A81EE812A9FED4B1AC0EE811A90
:1027C000474D18352D68C5F3080501EE105AB8EECF
:1027D000411A31EE811AF7EE001A31EE211A22EE7B
:1027E000010A3DE077E01DE001EE100AB8EE411A63
:1027F0009FED402AC2EE011A9FED3B1A80EE812A1E
:10280000374D18352D68C5F3080501EE105AB8EE9E
:10281000411A32EE011AB7EE002A31EE021A21EE09
:10282000810A1DE001EE100AB8EE411ADFED301A00
:1028300081EE812A9FED2C1AC0EE811A284D1835A1
:102840002D68C5F3080501EE105AB8EE411A31EEB5
:10285000811AF7EE001A31EE211A22EE010A00BFAA
:1028600000BF1F4D18352D68C5F3462501EE105ADF
:10287000B8EE411AF7EE001A31EE211AC0EE011A35
:10288000BCEEE11A81ED001A154D18352D68C5F31F
:10289000064501EE105AB8EE411AF7EE001A31EE75
:1028A000211AC0EE011ABCEEE11A81ED011A0C4D9D
:1028B00018352D68C5F3066501EE105AB8EE411AB9
:1028C000F7EE001A31EE211AC0EE011ABCEEE11A41
:1028D00081ED021A03E000250D604D608D6070BD32
:1028E000284402580090D003000000460024744C95
:1028F0000024744A0024F44A2DE9F04104460025DE
:10290000A846206800F00060B0F1006F30D1606E22
:1029100048B1B0F5801F0DD0B0F5001F10D0B0F554
:10292000401F15D113E0F948006840F40030F74922
:1029300008600FE00221201D01F0CCFC054609E0F3
:10294000022104F1240001F077FD054602E001E0D8
:10295000012500BF00BF55B9EC482430006820F4C1
:102960004010616E0843E9492431086000E0A84640
:10297000208800F48070B0F5807F2DD1606D05282F
:102980001AD2DFE800F0030A10171800DF480068C9
:1029900040F40030DD49086010E00021201D01F006
:1029A00099FC05460AE0002104F1240001F044FDF1
:1029B000054603E002E001E0012500BF00BF55B974
:1029C000D2482430006820F00700616D0843CF49E9
:1029D0002431086000E0A846208800F40070B0F5BB
:1029E000007F33D1A06D802817D003DC40B1402890
:1029F0001CD10CE0C02817D0B0F5807F16D114E0B0
:102A0000C248006840F40030C049086010E000216E
:102A1000201D01F05FFC05460AE0002104F12400BE
:102A200001F00AFD054603E002E001E0012500BFD8
:102A300000BF55B9B5482430006820F4E070A16D9E
:102A40000843B2492431086000E0A846208800F419
:102A50008060B0F5806F38D1D4F8A400B0F5800F55
:102A600019D004DC50B1B0F5001F1DD10DE0B0F558
:102A7000C00F17D0B0F5000F16D114E0A3480068BE
:102A800040F40030A149086010E00021201D01F051
:102A900021FC05460AE0002104F1240001F0CCFCF1
:102AA000054603E002E001E0012500BF00BF5DB97B
:102AB00096482C30006820F46000D4F8A410084335
:102AC00092492C31086000E0A846208800F400609C
:102AD000B0F5006F38D1D4F8A800B0F1007F19D05C
:102AE00004DC50B1B0F1807F1DD10DE0B0F1407F2A
:102AF00017D0B0F1806F16D114E08448006840F41C
:102B000000308249086010E00021201D01F0E2FB46
:102B100005460AE0002104F1240001F08DFC054681
:102B200003E002E001E0012500BF00BF5DB9774886
:102B30002C30006820F0E060D4F8A81008437349F6
:102B40002C31086000E0A846206800F00070B0F169
:102B5000007F27D1A06CA0B1102804D0202809D074
:102B600030280FD10CE06948006840F40030674914
:102B7000086009E00221201D01F0ACFB054603E0DE
:102B800002E001E0012500BF00BF55B95F482030D9
:102B9000006820F03000A16C08435C4920310860D7
:102BA00000E0A846208800F48050B0F5805F36D160
:102BB000E06DB0F5005F19D004DC50B1B0F5805F76
:102BC0001DD10DE0B0F5405F17D0B0F5804F16D1A4
:102BD00014E04E48006840F400304C49086010E0B2
:102BE0000021201D01F076FB05460AE0002104F1DA
:102BF000240001F021FC054603E002E001E001258C
:102C000000BF00BF55B941482430006820F4E040BF
:102C1000E16D08433D492431086000E0A846208862
:102C200000F40050B0F5005F34D1206EB0F5403FA5
:102C30001DD007DC68B1B0F5803F0BD0B0F5003F88
:102C400018D10DE0B0F5802F12D0B0F5A02F11D122
:102C50000FE011E00121201D01F03CFB05460BE0D7
:102C6000012104F1240001F0E7FB054604E003E044
:102C700002E001E0012500BF00BF55B92348243020
:102C8000006820F4E020216E0843204924310860C8
:102C900000E0A846208800F48040B0F5804F38D18D
:102CA000D4F8AC00B0F1405F1DD007DC68B1B0F1E2
:102CB000805F0BD0B0F1005F18D10DE0B0F1804F14
:102CC00012D0B0F1A04F11D10FE011E00121201D71
:102CD00001F000FB05460BE0012104F1240001F0A6
:102CE000ABFB054604E003E002E001E0012500BF84
:102CF00000BF6DB905482C30006820F0E040D4F8E2
:102D0000AC10084301492C31086002E02C44025801
:102D1000A846208800F40040B0F5004F26D1E06EB0
:102D200098B1B0F1805F03D0B0F1005F0ED106E042
:102D3000F948006840F40030F749086008E00121D4
:102D4000201D01F0C7FA054602E001E0012500BFA1
:102D500000BF55B9F0482430006820F04050E16EC3
:102D60000843ED492431086000E0A846206800F0DF
:102D70008070B0F1807F27D1606CA0B1012804D0B1
:102D8000022809D003280FD10CE0E348006840F482
:102D90000030E149086009E00221201D01F09AFAA3
:102DA000054603E002E001E0012500BF00BF55B980
:102DB000D9482030006820F00300616C0843D649F0
:102DC0002031086000E0A846206800F48000B0F5DB
:102DD000800F7DD1D148006840F48070CF490860F1
:102DE000FFF7F2F9064606E0FFF7EEF9801B6428CC
:102DF00001D9032505E0C948006800F48070002867
:102E0000F2D000BF85BBC4484430006800F4407075
:102E1000B4F8B01001F44071884213D0BE48443079
:102E2000006820F44077BC484430006840F48030AB
:102E3000B949443108600846006820F480300860D1
:102E400008460760D4F8B000B0F5807F15D1FFF7D1
:102E5000BBF9064609E0FFF7B7F9801B41F288315C
:102E6000884202D9032507E038E0AB4844300068C7
:102E7000C0F340000028EED000BF55BB00BFB4F83F
:102E8000B00000F44070B0F5407F0ED1A2481C386D
:102E9000006820F47C51A24AD4F8B000104041EA06
:102EA00010109D491C39086007E09B481C380068D9
:102EB00020F47C5098491C390860974844300068D9
:102EC000B4F8B010C1F30B0108439349443101E059
:102ED00005E001E0086002E0A84600E0A84620788E
:102EE00000F0010068B3A06F182819D005DC48B1C4
:102EF000082808D0102816D10BE0202811D0282847
:102F000011D10FE011E00121201D01F0E3F9054688
:102F10000BE0012104F1240001F08EFA054604E0E3
:102F200003E002E001E0012500BF00BF55B97A4887
:102F30002830006820F03800A16F08437649283116
:102F4000086000E0A846207800F00200022828D19E
:102F5000606F062815D2DFE800F003040A1112138F
:102F600011E00121201D01F0B5F905460BE001211A
:102F700004F1240001F060FA054604E003E002E0F9
:102F800001E0012500BF00BF55B963482830006843
:102F900020F00700616F08435F492831086000E0B6
:102FA000A846207800F0040004282AD1D4F8900024
:102FB000062815D2DFE800F003040A11121311E00D
:102FC0000121201D01F086F905460BE0012104F1E5
:102FD000240001F031FA054604E003E002E001E0DC
:102FE000012500BF00BF5DB94B482C30006820F0C0
:102FF0000700D4F89010084347492C31086000E0DE
:10300000A846207800F02000202836D1D4F88C0083
:10301000B0F1405F1DD007DC68B1B0F1805F0BD02C
:10302000B0F1005F18D10DE0B0F1804F12D0B0F1D7
:10303000A04F11D10FE011E00021201D01F04AF94D
:1030400005460BE0022104F1240001F0F5F90546E4
:1030500004E003E002E001E0012500BF00BF5DB92C
:103060002D482830006820F0E040D4F88C10084348
:1030700029492831086000E0A846207800F0400087
:10308000402836D1D4F89800B0F5406F1DD007DC49
:1030900068B1B0F5806F0BD0B0F5006F18D10DE0BE
:1030A000B0F5805F12D0B0F5A05F11D10FE011E054
:1030B0000021201D01F00EF905460BE0022104F16C
:1030C000240001F0B9F9054604E003E002E001E064
:1030D000012500BF00BF5DB90F482C30006820F407
:1030E000E050D4F8981008430B492C31086000E0F8
:1030F000A846207800F0800080283AD1D4F89C00BF
:10310000B0F5C04F23D00DDC98B1B0F5005F11D001
:10311000B0F5804F1ED113E02C44025800480258ED
:10312000FFFCFF0FB0F5004F12D0B0F5204F11D1CA
:103130000FE011E00021201D01F0CCF805460BE066
:10314000022104F1240001F077F9054604E003E0D0
:1031500002E001E0012500BF00BF4DB9AD480068A5
:1031600020F46040D4F89C100843AA49086000E0AD
:10317000A846207800F00800082817D1D4F880006D
:10318000B0F5805F07D1022104F1240001F054F969
:1031900008B14FF001089F48001F006820F440501C
:1031A000D4F8801008439B49091F0860207800F07C
:1031B0001000102815D1D4F89400B0F5807F07D105
:1031C000022104F1240001F037F908B14FF00108A1
:1031D0009048006820F44070D4F8941008438D495A
:1031E0000860206800F40020B0F5002F26D1D4F844
:1031F000A00030B1B0F5803F09D0B0F5003F0ED14E
:103200000CE00021201D01F065F8054609E00221CF
:1032100004F1240001F010F9054602E001E0012567
:1032200000BF00BF4DB97B48006820F44030D4F89F
:10323000A01008437749086000E0A846206800F421
:103240008020B0F5802F2DD1D4F88400B0F5801FF8
:1032500006D0B0F5001F0CD0B0F5401F11D10FE023
:103260006C482C38006840F400306A492C390860FA
:1032700009E0012104F1240001F0DEF8054602E036
:1032800001E0012500BF00BF5DB96248001F006872
:1032900020F44010D4F8841008435E49091F0860E8
:1032A00000E0A846206800F48030B0F5803F24D1CB
:1032B000E06C18B1B0F5803F0FD108E055482C38CC
:1032C000006840F4003053492C39086007E00221BF
:1032D000201D00F0FFFF054601E0012500BF00BFF3
:1032E00055B94C480C38006820F48030E16C084334
:1032F00048490C39086000E0A846206800F00050FA
:10330000B0F1005F07D1022104F1240001F094F82C
:1033100008B14FF00108206800F40030B0F5003F1C
:1033200027D1E06FA0B1B0F5807F06D0B0F5007F67
:103330000CD0B0F5407F0CD109E036482C3800683D
:1033400040F4003033492C39086004E003E002E027
:1033500001E0012500BF00BF55B92E48001F0068DD
:1033600020F44070E16F08432A49091F086000E01B
:10337000A846206800F48010B0F5801F09D12548C8
:103380000838006820F00040216F084321490839BF
:103390000860206800F40010B0F5001F09D11D4836
:1033A0000838006820F08070A16E08431949083978
:1033B0000860206800F08040B0F1804F11D100BF5C
:1033C00014484838006820F4004012494839086021
:1033D00008460068D4F8B81008430E494839086018
:1033E00000BF206800F00040B0F1004F09D109484B
:1033F0000C38006820F04050216D084305490C3915
:103400000860B8F1000F02D10020BDE8F081012072
:10341000FBE70000584402582DE9F04104460D46F0
:1034200014B90120BDE8F081B648006800F00F0033
:10343000A8420ED2B348006820F00F002843B149DB
:1034400008600846006800F00F00A84201D0012083
:10345000E8E7207800F0040004280ED1AA4920698A
:10346000096801F07001884207D9A748006820F078
:10347000700021690843A4490860207800F0080022
:10348000082811D1A049091D6069096801F070017F
:10349000884209D99C48001D006820F070006169CD
:1034A00008439949091D0860207800F01000102891
:1034B00011D19549091DA069096801F4E0618842AC
:1034C00009D99148001D006820F4E060A169084313
:1034D0008D49091D0860207800F02000202811D1B6
:1034E00089490831E069096801F07001884209D909
:1034F00085480830006820F07000E169084382497F
:1035000008310860207800F0020002280ED17E49C0
:10351000E068096801F00F01884207D97A4800681D
:1035200020F00F00E168084377490860207800F038
:103530000100002850D07448006820F47060A16831
:103540000843714908606068022807D16E4818383E
:103550000068C0F34040F8B9012063E760680328C1
:1035600007D1694818380068C0F34060A0B901204D
:1035700058E76068012807D1634818380068C0F32D
:10358000002048B901204DE75F4818380068C0F3B3
:10359000800008B9012045E75B480838006820F042
:1035A000070061680843584908390860FEF70CFEB7
:1035B000064608E0FEF708FE801B41F2883188428B
:1035C00001D903202EE750480838006800F0380081
:1035D0006168B0EBC10FEDD1207800F00200022845
:1035E0000ED14949E068096801F00F01884207D20D
:1035F0004548006820F00F00E16808434249086030
:103600004048006800F00F00A8420ED93D4800680D
:1036100020F00F0028433B4908600846006800F08E
:103620000F00A84201D00120FCE6207800F0040041
:1036300004280ED134492069096801F070018842DC
:1036400007D23148006820F07000216908432E49F4
:103650000860207800F00800082811D12A49091DC7
:103660006069096801F07001884209D22648001D8E
:10367000006820F07000616908432349091D086053
:10368000207800F01000102811D11F49091DA069F1
:10369000096801F4E061884209D21B48001D0068F6
:1036A00020F4E060A16908431749091D08602078EB
:1036B00000F02000202811D113490831E069096881
:1036C00001F07001884209D20F480830006820F0EC
:1036D0007000E16908430C490831086000F058F8AF
:1036E00009490968C1F30321084A515C01F01F012F
:1036F000C8400749086007480068FEF7A7FD07466D
:1037000038468FE600200052184402582050000826
:10371000000000241800002410B5FEF793FE0749AE
:10372000096801F00F01064A515C01F01F01C84011
:10373000044908600846006810BD0000184402589B
:10374000205000080400002410B5FFF7E5FF0549EC
:103750000968C1F30211044A515C01F01F01C8401D
:1037600010BD00001C4402582050000810B5FFF79F
:10377000D3FF05490968C1F30221044A515C01F0F5
:103780001F01C84010BD00001C4402582050000812
:10379000F0B5824E366806F0380636B1082E15D0E0
:1037A000102E15D0182E7DD114E07C4E103E3668B8
:1037B000C6F3401646B1794E103E3668C6F3C107CF
:1037C000774E26FA07F000E07548E5E07548E3E03B
:1037D0007548E1E0714E1836366806F003046F4E06
:1037E00018363668C6F305116C4E1C36366806F07E
:1037F00001056A4E24363668C6F3CC0616FB05F67C
:1038000001EE106AB8EE410A002971D024B1012CF2
:1038100050D0022C6DD16DE0604E103E3668C6F37C
:1038200040163EB35D4E103E3668C6F3C1075C4E8F
:1038300026FA07F301EE103AF8EE411A01EE101ADB
:10384000B8EE411A81EE812A9FED581AC0EE011A96
:10385000524E20363668C6F3080601EE106AB8EEFE
:10386000411A31EE811AF7EE001A31EE211A62EE9A
:10387000010A1EE001EE101AB8EE411ADFED4C1AF3
:1038800081EE812A9FED491AC0EE011A434E20367F
:103890003668C6F3080601EE106AB8EE411A31EE3A
:1038A000811A00E076E0F7EE001A31EE211A62EE9E
:1038B000010A5BE001EE101AB8EE411A9FED3D2AB5
:1038C000C2EE011A9FED391A80EE012A334E2036DE
:1038D0003668C6F3080601EE106AB8EE411A32EEF9
:1038E000011AB7EE002A31EE021A61EE810A3DE0BC
:1038F0004EE01DE001EE101AB8EE411ADFED2E1A6F
:1039000081EE812A9FED291AC0EE011A234E20363E
:103910003668C6F3080601EE106AB8EE411A31EEB9
:10392000811AF7EE001A31EE211A62EE010A1DE04B
:1039300001EE101AB8EE411A9FED1E2AC2EE011ACE
:103940009FED1A1A80EE012A144E20363668C6F30F
:10395000080601EE106AB8EE411A32EE011AB7EE0F
:10396000002A31EE021A61EE810A00BF00BF0B4E41
:1039700020363668C6F34626721C01EE102AB8EED1
:10398000411AC0EE811ABCEEE11A11EE100A00E0F5
:10399000002001E0034800BF00BFF0BD1044025802
:1039A0000090D00300093D0000127A00000000469C
:1039B0000024744C0024744A0024F44A2DE9F04792
:1039C000044614B90120BDE8F087207800F001001A
:1039D000002872D0F948006800F03808F74818301D
:1039E000D0F80090B8F1100F06D0B8F1180F0FD131
:1039F00009F0030002280BD1F04810380068C0F32A
:103A0000404000286ED0606800286BD10120DAE7C2
:103A100000BF6068B0F5803F08D1E8481038006802
:103A200040F48030E549103908602EE0606868B9DC
:103A3000E2481038006820F48030E049103908600E
:103A40000846006820F4802008601EE06068B0F539
:103A5000A02F0DD1D9481038006840F48020D749F4
:103A6000103908600846006840F4803008600CE0B7
:103A7000D2481038006820F48030D04910390860EE
:103A80000846006820F48020086000BF6068A8B184
:103A9000FEF79AFB054608E0FEF796FB401B41F255
:103AA0008831884201D903208DE7C4481038006866
:103AB000C0F340400028EFD014E014E0FEF784FB90
:103AC000054608E0FEF780FB401B41F28831884242
:103AD00001D9032077E7B94810380068C0F34040A7
:103AE0000028EFD100BF207800F0020002286BD13F
:103AF000B248006800F03808B0481830D0F800909C
:103B0000B8F1000F05D0B8F1180F2BD109F0030060
:103B100040BBAA4810380068C0F3800018B1E068C4
:103B200008B901204FE700BFFEF748FB41F203014F
:103B300088420BD8A1480C38006820F47C302169F9
:103B400040EA01309D490C3908600AE09B480C3876
:103B5000006820F0FE40217C40EA016097490C3962
:103B6000086058E0E06870B394481038006820F0AE
:103B70001900E1680843914910390860FEF724FBF9
:103B8000054606E0FEF720FB401B022801D9032072
:103B900019E78A4810380068C0F380000028F1D087
:103BA00000BFFEF70BFB41F2030188420DD88348AA
:103BB0000C38006820F47C30216940EA01307F49EC
:103BC0000C3908600CE00CE026E07C480C380068FA
:103BD00020F0FE40217C40EA016078490C39086001
:103BE00019E076481038006820F001007349103958
:103BF0000860FEF7E9FA054606E0FEF7E5FA401B25
:103C0000022801D90320DEE66C4810380068C0F3B2
:103C100080000028F1D100BF207800F010001028AB
:103C20006ED16648006800F0380864481830D0F853
:103C30000090B8F1080F06D0B8F1180F2FD109F095
:103C4000030001282BD15D4810380068C0F3002024
:103C500020B1E069802801D00120B4E600BFFEF762
:103C6000ADFA41F2030188420CD854480C38006880
:103C700020F0F84094F8201040EA81604F490C3958
:103C800008600BE04D48001F006820F07C5094F85D
:103C9000201040EA01604949091F086058E0E069C6
:103CA00068B346481038006840F080004349103936
:103CB0000860FEF789FA054606E0FEF785FA401B24
:103CC000022801D903207EE63C4810380068C0F382
:103CD00000200028F1D000BFFEF770FA41F2030186
:103CE00088420ED835480C38006820F0F84094F827
:103CF000201040EA816031490C3908600DE00DE088
:103D000027E02E48001F006820F07C5094F8201017
:103D100040EA01602949091F086019E02748103866
:103D2000006820F08000254910390860FEF74CFA41
:103D3000054606E0FEF748FA401B022801D9032099
:103D400041E61E4810380068C0F300200028F1D179
:103D500000BF207800F00800082837D16069D0B192
:103D600016486430006840F001001449643108606E
:103D7000FEF72AFA054606E0FEF726FA401B02285F
:103D800001D903201FE60D4864300068C0F34000ED
:103D90000028F1D01AE009486430006820F00100E2
:103DA000064964310860FEF70FFA054608E0FEF7A1
:103DB0000BFA401B022803D9032004E610440258E2
:103DC000DC480068C0F340000028F0D1207800F003
:103DD0002000202836D1A069D0B1D64874380068B8
:103DE00040F48050D34974390860FEF7EDF9054678
:103DF00006E0FEF7E9F9401B022801D90320E2E5BD
:103E0000CC4874380068C0F340300028F1D019E085
:103E1000C8487438006820F48050C6497439086076
:103E2000FEF7D2F9054606E0FEF7CEF9401B022860
:103E300001D90320C7E5BF4874380068C0F340309B
:103E40000028F1D1207800F0040004287DD1BA4880
:103E5000006840F48070B8490860FEF7B5F905467F
:103E600006E0FEF7B1F9401B642801D90320AAE55A
:103E7000B148006800F480700028F2D000BFA0684C
:103E8000012808D1AB48001F006840F00100A94993
:103E9000091F08602DE0A06868B9A648001F0068E7
:103EA00020F00100A349091F08600846006820F0BF
:103EB000040008601DE0A06805280DD19D48001F82
:103EC000006840F004009B49091F0860084600682C
:103ED00040F0010008600CE09648001F006820F0E8
:103EE00001009449091F08600846006820F004009A
:103EF000086000BFA068A0B1FEF766F9054608E0BB
:103F0000FEF762F9401B41F28831884201D9032053
:103F100059E58848001F0068C0F340000028EFD032
:103F200013E0FEF751F9054608E0FEF74DF9401B96
:103F300041F28831884201D9032044E57D48001FC1
:103F40000068C0F340000028EFD1606A00287DD0EF
:103F500078486438006800F03800182877D0606A24
:103F6000022875D173487438006820F08070714958
:103F700074390860FEF728F9054606E0FEF724F9D3
:103F8000401B022801D903201DE56A4874380068E7
:103F9000C0F340600028F1D100BFD4E90A1041EA23
:103FA000001064494C39096840F2F33291430843E8
:103FB00060494C390860208E401EC0F30800616BD8
:103FC000491E4FF47E4202EA41210843218F491ED7
:103FD000D20102EA014108433C21095D491E120257
:103FE00002EA0161084353494439086000BF081FD1
:103FF000006820F00100091F08604E484038006842
:104000004FF6F8718843A16C40EAC1004949403934
:10401000086048484838006820F00C00216C0843CC
:104020004449483908600846006820F00200616C85
:1040300008434049483908600846006840F4803029
:1040400008600846006840F4003002E06FE041E09C
:1040500025E008600846006840F4802008600846B3
:10406000006840F00100086032487438006840F091
:104070008070304974390860FEF7A6F8054606E0FE
:10408000FEF7A2F8401B022801D903209BE429482F
:1040900074380068C0F340600028F1D047E025483C
:1040A0007438006820F08070224974390860FEF787
:1040B0008BF8054606E0FEF787F8401B022801D979
:1040C000032080E41B4874380068C0F34060002877
:1040D000F1D12CE017484C38076816484438066878
:1040E000606A012821D007F00301A06A81421CD137
:1040F000C7F30511E06A884217D1C6F30801206BA7
:10410000401E814211D1606B401EC6F34621884299
:104110000BD1A06B401EC6F30641884205D1E06B6F
:10412000401EC6F30661884201D001204BE4002006
:1041300049E40000744402580048025870B504462F
:104140002546681EB0F1807F01D301200FE0681E74
:104150004FF0E02148610F214FF0FF3000F016FBD7
:1041600000204FF0E021886107200861002070BD29
:1041700010B586B004462B492068884250D100BF54
:1041800000BF2948006840F0100027490860084631
:10419000006800F01000009000BF00BF00BF00BF2B
:1041A00000BF21481038006840F001001E49103956
:1041B00008600846006800F00100009000BF00BFE2
:1041C00000BF00BF00BF0846006840F00100086063
:1041D0000846006800F00100009000BF00BF00BF6B
:1041E0004FF4007001900220029001200390022001
:1041F00004900720059001A90C48FDF7C3FE4FF479
:10420000806001900720059001A90848FDF7BAFEDB
:104210002520FEF7ACF8032211462520FEF7B7F85B
:1042200006B010BD00100140F044025800000258D2
:1042300010B504462049206888423BD11F480088B9
:1042400000F4004088BB1D48008800F4804070B135
:104250001B4800780A2803D000201849088024E071
:104260001648008840F40040144908801DE01448B6
:1042700000780D2806D11148008840F480400F498D
:10428000088012E00E4800780C490988C1F30D013E
:104290000C4A505409480088401C084908800846C8
:1042A0000088C72801DD0020088001220449064853
:1042B000FCF710F910BD00000010014010000024B0
:1042C000120000246C1F00243420002400BFFEE7ED
:1042D000704770472DE9F04104460E4600275548C7
:1042E000006800F00300032802D10120BDE8F0813E
:1042F00050482838006820F080604E49283908600E
:10430000FDF762FF054606E0FDF75EFF401B022851
:1043100001D90320EAE7474828380068C0F3C060A5
:104320000028F1D100BF4348006820F47C302168A8
:1043300040EA01303F490860A088401EC0F30800F1
:10434000A168491E4FF47E4202EA41210843A18937
:10435000491ED20102EA01410843217C491E120292
:1043600002EA0161084333491031086000BF314857
:10437000001D006820F0C000616908432D49091D37
:1043800008600846006820F02000A1690843294918
:10439000091D08600846006820F0100008602548E4
:1043A000143000684FF6F8718843E16940EAC100B3
:1043B0002049143108601F48001D006840F01000BB
:1043C0001C49091D08602EB90846006840F4002009
:1043D000086012E0012E08D11648001D006840F464
:1043E00080101449091D086007E01248001D00688C
:1043F00040F400100F49091D08600E482838006875
:1044000040F080600B4928390860FDF7DDFE054665
:1044100006E0FDF7D9FE401B022801D9032065E71D
:10442000044828380068C0F3C0600028F1D038463E
:104430005CE70000284402582DE9F04104460E468E
:1044400000275548006800F00300032802D101202E
:10445000BDE8F08150482838006820F080504E496F
:1044600028390860FDF7B0FE054606E0FDF7ACFE12
:10447000401B022801D90320EAE747482838006892
:10448000C0F340700028F1D100BF4348006820F01D
:104490007C70218840EA01503F490860A088401E96
:1044A000C0F30800A168491E4FF47E4202EA412190
:1044B0000843A189491ED20102EA01410843217C37
:1044C000491E120202EA01610843334918310860AB
:1044D00000BF3148001D006820F440606169084356
:1044E0002D49091D08600846006820F40070A16984
:1044F00008432949091D08600846006820F48070B7
:10450000086025481C3000684FF6F8718843E1695F
:1045100040EAC10020491C3108601F48001D0068A6
:1045200040F480701C49091D08602EB908460068D7
:1045300040F48000086012E0012E08D11648001DEA
:10454000006840F400001449091D086007E01248A3
:10455000001D006840F080700F49091D08600E487A
:104560002838006840F080500B4928390860FDF772
:104570002BFE054606E0FDF727FE401B022801D969
:10458000032065E7044828380068C0F3407000281D
:10459000F1D038465CE700002844025810B50023EB
:1045A000234C236000BF00BF00BFBFF34F8F00BF8D
:1045B00000BF00BF231F1868C0F34E3100BFC0F317
:1045C000C90200BF43F6E07303EA41134FF04044D1
:1045D00004EA82742343174C236000BF00BF131EFC
:1045E000A2F10102EED10B1EA1F10101E7D100BF42
:1045F00000BF00BFBFF34F8F00BF00BF00BF0C4B19
:10460000703B1B6843F48033094C703C236000BF4F
:1046100000BF00BFBFF34F8F00BF00BF00BF00BF90
:1046200000BF00BFBFF36F8F00BF00BF00BF10BD52
:1046300084ED00E060EF00E000BF00BF00BFBFF30B
:104640004F8F00BF00BF00BF00BF00BF00BFBFF360
:104650006F8F00BF00BF00BF00201449086000BF7B
:1046600000BF00BFBFF34F8F00BF00BF00BF00BF40
:1046700000BF00BFBFF36F8F00BF00BF00BF0C487B
:10468000006840F400300A49086000BF00BF00BF66
:10469000BFF34F8F00BF00BF00BF00BF00BF00BF10
:1046A000BFF36F8F00BF00BF00BF704750EF00E047
:1046B00014ED00E0704710B5FDF78CFD10BD000053
:1046C0002448006840F470002249086022480068CD
:1046D00040F001002049086000201F4910310860A7
:1046E0001D4800681D4908401B49086000201A4900
:1046F00018310860091D0860091D08601649283135
:104700000860091D0860091D0860091D0860091D71
:104710000860091D0860091D0860091D08600E4831
:10472000006820F480200C49086000200A496031AC
:1047300008600B4800686FF30F00B0F1005F02D211
:104740000120084908604FF0006002498039086084
:104750007047000088ED00E0004402587FEDF6EA63
:104760000010005C0881005110B50248FBF7B7FE4D
:1047700010BD00003420002400BFFEE7024800689E
:10478000C0F30220704700000CED00E010B50028D7
:1047900004DB0A07130E054A135406E00A07140E39
:1047A000034A00F00F031B1FD45410BD00E400E0C7
:1047B00018ED00E000BF7047014908607047000035
:1047C0000800002410B504464FF47A7104FB01F090
:1047D00000F002F810BD000070B5034600224FF053
:1047E000E02675690D4E366803FB06F44FF0E026AF
:1047F000B16910E04FF0E026B06988420BD08842E2
:1048000002D20E1A324402E02E1A0E4432440146FD
:10481000A24200D300E0EDE700BF70BD0800002415
:1048200000BF054AD26902F04002002AF9D0C2B2A4
:10483000014B9A6270470000001001402DED028B81
:1048400084B04FF0000800279FEDDE0AB0EE408AEA
:1048500000F004FAFDF7CAFC042302221146F020FE
:1048600000F0F6FA4FF4F070FFF7A6FF4FF4E130D6
:1048700000F0A2FBFBF738FEFBF73BFEFBF73EFE2A
:10488000FBF741FE2A21D048FBF742FE4FF4784067
:10489000CEA110221346CDE900210290C822322178
:1048A0001E20FBF73AFE4FF47840CAA110221346AF
:1048B000CDE900210290C82246211E20FBF72DFEE3
:1048C0004FF47840C6A110221346CDE90021029092
:1048D000C8225A211E20FBF720FE4FF47840C4A1C5
:1048E00010221346CDE900210290C8226E211E201D
:1048F000FBF713FE26260025002416E0B5420BDB4D
:1049000027B10A20BD49085500250CE00D20BB4900
:104910000855781CC7B206E00027B948405DB74982
:104920000855681C85B2601C84B2B4F5FA5FE5D303
:10493000002446E10020FBF7F5FD8046B8F1010FA9
:1049400076D1B0A0FBF7F3FD1F20B2A110221346D1
:10495000CDE900210290C82282211E20FBF7DDFD57
:104960001F20B1A110221346CDE900210290C822D8
:1049700096211E20FBF7D1FD4FF4FA529F49AC4817
:10498000FBF7DAFDF7E0AB4800688F49884204D9AD
:10499000A948006800F0006027E0A64800688A493E
:1049A0006039884205D98848B438006800F0006052
:1049B0001BE0A0480068A149884205D98248B83860
:1049C000006800F0006010E09A4800689B49603978
:1049D000884205D99948B838406800F0006004E082
:1049E0009648B838006800F0006070B391480068DD
:1049F0007549884205D94FF000608F49091D08604C
:104A000029E08C48006870496039884205D94FF028
:104A100000606D49AC3908601DE086480068874930
:104A2000884206D94FF000606749B039086012E04B
:104A3000B9E08048006881496039884206D94FF062
:104A400000607E49B839C86005E008E04FF00060BA
:104A50007A49B83988607648FBF773FD8CE0754871
:104A600000687649A839884257D07248006873496F
:104A70009039884251D06F4800687049783988422F
:104A80004BD06C4800686D496039884245D0694810
:104A900000686A49483988423FD0664800686749DB
:104AA0003039884239D063480068644918398842EF
:104AB00033D060480068614988422ED05D48006864
:104AC0004149A839884228D05A4800683E4990395F
:104AD000884222D0574800683B49783988421CD028
:104AE0005448006838496039884216D051480068F7
:104AF00035494839884210D04E480068324930392B
:104B000088420AD04B4800682F491839884204D09F
:104B1000484800682C49884203D1464800684068EC
:104B200002E044480068406800EE100AB8EE400A0F
:104B3000B0EE408A4FF4FA5600EE106AF8EE400AE2
:104B400088EE200AF7EE000A30EEC00AB0EE408A86
:104B50009FED3B0A28EE000AB0EE408A1F2010218C
:104B60000323BCEEC80A10EE102ACDE900109621EE
:104B70001E20FBF7EBFC06E700BF1F2010210323DC
:104B80006422CDE9001096211E20FBF7DFFC1F20D8
:104B90002CA110221346CDE900210290C8228221C7
:104BA0001E20FBF7BAFC601C84B20A20FFF70AFE45
:104BB000142C06D100BF10212748FDF7EFFA00BFE3
:104BC0000024B7E600000000B804024053544D33FF
:104BD00032000000444D4120544553540000000071
:104BE00041544F4D40414C49454E54454B00000007
:104BF0004B4559303A537461727400002C00002404
:104C0000FA4F00080D0A444D4120444154413A0DE9
:104C10000A0000005374617274205472616E7369EB
:104C20006D69742E2E2E2E002020202500000000FD
:104C3000342000241C21002400540258B8000240F3
:104C40000000C8425472616E73696D6974204669D0
:104C50006E697368656421000004025810B5FFF79F
:104C6000EBFCFFF79BFC0348006840F0040001499F
:104C7000086010BD9CEF00E030B587B00546002409
:104C800000BF6A48006840F00200684908600846B2
:104C9000006800F00200019000BF00BF00BF08469E
:104CA000006840F0080008600846006800F008004E
:104CB000019000BF00BF00BF0846006840F0100030
:104CC00008600846006800F01000019000BF00BFB7
:104CD00000BF56480C38006840F4804053490C39F6
:104CE00008600846006800F48040019000BF00BFE3
:104CF00040200290022003900320059001200490A0
:104D00000A20069002A94A48FDF73CF904200290C7
:104D10000920069002A94648FDF734F94FF4605087
:104D200002900920069002A94248FDF72BF90420C1
:104D300002900920069002A93F48FDF723F93B485D
:104D40006438006840F48040384964390860084697
:104D5000006820F48040086000BF3848806800F098
:104D600020000028F9D136483449086035484860A9
:104D70000846006840F00100086000BF2F488068C6
:104D800000F020000028F9D14FF483702B494861CE
:104D900000BF2A48806800F002000028F9D02748A8
:104DA000C06840F002002549C86000BF2348806801
:104DB00000F020000028F9D12049C861EB2444F418
:104DC000807444F44064A81C44EA003444F4404431
:104DD00000BF44F4801444F0407444F0406408463A
:104DE00044611948006820F480301749086016486B
:104DF0007030006820F00100134970310860002015
:104E0000091D08604FF01040091D08600F48091D7A
:104E1000086005200C49703108600B48006840F4B8
:104E200080300949086007B030BD0000E0440258F6
:104E300000040258000C02580010025800500052A2
:104E4000100300010102180024ED00E02D0003030F
:104E50002DE9F041CCB080460D4616461F46002491
:104E60005148006820F004004F49086000BF00204E
:104E700001904D480C30006840F440404A490C31E4
:104E800008600846006800F4404001904748006808
:104E900040F00100454908600846006800F0010044
:104EA000019000BF00BF00BF3F480C30006800F415
:104EB0000050B0F5005FF7D1212039904FF48030D9
:104EC0003A9000203C90409001203F900220429078
:104ED000022139A88162CDF81481C56246638763D7
:104EE000002141640821016400218164FEF766FD10
:104EF00004461CB101204CB0BDE8F0813F20319048
:104F000003203290002033900820349040203690C7
:104F100000013790402035903890042131A8FEF7E9
:104F20007BFA04460CB10120E5E7214802900820F5
:104F300003904FF4DC7104910221059106910791D1
:104F40000021089109910A910220139020201490C9
:104F500000201F9020904FF44010239002A8FDF7EE
:104F6000CBFC04460CB10120C5E70020FFF784FE0E
:104F7000FDF75EFA0F48006840F080000D490860B8
:104F800000BF0C48F430006840F002000949F431D9
:104F900008600846006800F00200019000BF00BFF2
:104FA000FCF7E6FF0020A6E70C4802582C04005846
:104FB000030004030044025810B5044609480A4996
:104FC00008600846446000218160C1600161816120
:104FD0000C214161FBF7BFFA012204490248FBF7AB
:104FE00079FA10BD00100140342000241200002482
:104FF0004FF04070E1EE100A7047D5FDB5E3D4AD37
:10500000D7D3204D696E6950524F2053544D3332DF
:10501000483720444D4120B4AEBFDACAB5D1E900CB
:10502000000000000102030401020304060708094E
:105030000006101600061016585000080000002444
:105040002C000000D4020008845000082C0000242A
:10505000CC2B0000F00200080090D0030090D00399
:105060000000000000000000000000000000000040
:10507000100000000100000000F80000FFFF000029
:04508000010000002B
:0200000490006A
:10000000782900F043800020704700000FB40449B5
:1000100010B503AA029800F0BFF810BC5DF814FBFD
:100020000C0000242DE9F0410E4604460020206219
:100030002046E168884730B3252805D0D4E901215E
:100040009047206A401CF2E7E16820460027884775
:10005000050018D0A5F14100192802D820354FF429
:1000600000673246294620462760FFF7C9FF40B1A6
:10007000012804D0F61D26F007060836D8E7361DFD
:10008000D6E72846DAE7206ABDE8F08170B5044675
:100090000D4621461068AFF300802188090502D57E
:1000A0000F4A7A4402E00E4A7A440E32002104F1EB
:1000B000240305E000F00F060009965D5E54491C1C
:1000C0000028F7D120780023000704D5702D02D036
:1000D00009B1022311322046BDE8704000F002B899
:1000E00042A700002DE9F0470D4699469246044686
:1000F00000F124080168880604D5E06921F01001A8
:10010000216000E00120A84201DD471B00E000273C
:10011000A1697A1902EB0900081AA0612078C006CB
:1001200002D42046AFF30080002608E0D4E9012184
:100130001AF806009047206A401C761C20624E4543
:10014000F4DB2078C0060AD52046AFF3008006E035
:10015000D4E9012130209047206A401C2062381EDB
:10016000A7F10107F4DC07E0D4E9012118F8050044
:100170009047206A401C2062281EA5F10105F3DC8F
:100180002046AFF300802078000602D50220BDE8AB
:10019000F0870120FBE70000074B70B50D467B445C
:1001A00000F011F80446284600F020F810B14FF096
:1001B000FF3070BD204670BD7F46007801694A1C43
:1001C00002610878704700B58FB0CDE90131002198
:1001D000059105497944CDE9031011466846FFF7BA
:1001E00021FF0FB000BD0000E5FFFFFF007B00F026
:1001F0008000704741F6857CC0F6000C604740F6F1
:10020000D52CC0F6000C604741F2C16CC0F6000C62
:10021000604740F6B17CC0F6000C604744F2711CA8
:10022000C0F6000C604741F6913CC0F6000C6047F8
:1002300042F2AF1CC0F6000C604744F2C57CC0F629
:10024000000C604742F2C91CC0F6000C604744F243
:10025000312CC0F6000C604742F2754CC0F6000C21
:10026000604742F2994CC0F6000C604742F2C96CFC
:10027000C0F6000C604740F27B3CC0F6000C6047C3
:1002800043F2497CC0F6000C604743F26D7CC0F637
:10029000000C604741F2493CC0F6000C604741F257
:1002A000C96CC0F6000C604742F28D1CC0F6000C11
:1002B000604744F2D97CC0F6000C604742F2013C32
:1002C000C0F6000C604742F2A52CC0F6000C604757
:1002D00042F22D3CC0F6000C6047000070B50446A9
:1002E000B3F5804F13D1D1E9000540EA05108D68C0
:1002F00040EA05208D6928438D8940EA054054F87D
:100300002250064E3540284344F8220003E06FF0A7
:10031000704044F82200002070BD00000000F0CFC3
:1003200030B50246086852F8200020F001000C6841
:1003300042F824008868082801D1402300E0002307
:10034000486818438C682043CC6820430C692043DC
:100350004C6920438C692043CC6920430C6A2043BC
:100360004C6A20438C6A2043CC6A20430C6B2043A8
:100370004C6B20438C6B20430C6852F824400D4D8D
:100380002C4020430C6842F82400086BB0F5801F15
:1003900007D1086828B1106820F480100C6B204346
:1003A0001060086818B110684C6B20431060002082
:1003B00030BD00008004C0FF30B50346D1E9000520
:1003C00040EA05108D6840EA05208D8940EA054520
:1003D000088A401E45EA0055087D801E45EA0060F7
:1003E0008D692843551C53F8255005F04045284396
:1003F000551C43F82500186800F48010B0F5801FE4
:100400000BD1586820F47004088A401E44EA005456
:10041000586820F4700020435860002030BD000070
:1004200070B504460E4615460CB9012070BD94F80F
:10043000450028B9002084F84400204600F028F840
:1004400004F108012068FFF76BFF3146A2682068BD
:10045000FFF7B2FF2946E36AD4E90102FFF73EFF46
:10046000A168206850F8210040F00100A2682168CE
:1004700041F822000548006840F000400349086048
:10048000012084F845000020D0E700000040005221
:1004900010B586B0044600BF2048006840F4805084
:1004A0001E4908600846006800F48050009000BFB4
:1004B00000BF00BF19480C30006840F00800174921
:1004C0000C3108600846006800F00800009000BF8A
:1004D00000BF00BF0846006840F0100008600846F2
:1004E000006800F01000009000BF00BF4CF20370E5
:1004F00001900220029001200390032004900C2020
:10050000059001A90648FFF775FE4FF6807001902F
:1005100001A90448FFF76EFE06B010BDD44402588E
:10052000000C02580010025870477047704770B5B1
:100530000446D4F88050D4F884602068806800F0C5
:10054000800080281AD1212D18D12068806820F0E1
:10055000800021688860606F68B1606FFFF74FFEB0
:1005600048B1606FFFF750FE202804D11020C4F876
:100570008800032070BD204600F0EBFB20688068F7
:1005800000F0400040281AD1222E18D1206880683F
:1005900020F0400021688860A06F68B1A06FFFF76D
:1005A0002EFE48B1A06FFFF72FFE202804D11020A7
:1005B000C4F888000320DDE7204600F0A5FB0020FA
:1005C000D8E770472DE9F04704462068C5692068E0
:1005D00006682068876840F60F0005EA0008B8F151
:1005E000000F0FD105F0200060B106F0200010B917
:1005F00007F0805030B1E06E10B12046E16E8847C0
:10060000BDE8F087B8F1000F7ED06E48384018B9C9
:100610006D4830400028F7D005F0010058B106F4CD
:10062000807040B1012021680862D4F8880040F051
:100630000100C4F8880005F0020058B107F001007D
:1006400040B1022021680862D4F8880040F004001C
:10065000C4F8880005F0040058B107F0010040B16B
:10066000042021680862D4F8880040F00200C4F831
:10067000880005F0080070B106F0200010B951485C
:10068000384040B1082021680862D4F8880040F062
:100690000800C4F8880005F4006060B106F08060CE
:1006A00048B14FF4006021680862D4F8880040F037
:1006B0002000C4F88800D4F88800002844D005F051
:1006C000200050B106F0200010B907F0805020B192
:1006D000E06E10B12046E16E8847D4F8889020681B
:1006E000806800F04000402802D009F0280028B3BC
:1006F000204600F009FB2068806800F04000402898
:1007000018D12068806800E01FE020F040002168D8
:100710008860A06F50B12D48A16F0865A06FFFF7EA
:1007200078FD88B1A06F016D88470DE02046FFF786
:1007300048FF09E02046FFF744FF05E02046FFF7A9
:1007400040FF0020C4F888005AE705F4801050B13B
:1007500007F4800038B14FF4801021680862204609
:10076000FFF7E4FE4CE705F0800058B106F080008A
:1007700010B907F4000028B1206F10B12046216F96
:1007800088473DE705F0400030B106F0400018B161
:10079000204600F0CDFA33E705F4000030B106F052
:1007A000804018B12046FFF7C0FE29E705F08070B1
:1007B00030B106F0004018B12046FFF7B5FE1FE744
:1007C00000BF1DE701000010200100044D0C009047
:1007D00010B504460CB9012010BDA06900B100E0BD
:1007E00000BFD4F8800028B9002084F87C0020469F
:1007F000FFF714FD2420C4F880002068006820F072
:10080000010021680860204600F0D6FB012800D1D5
:10081000E2E7A06A10B1204600F062F92068406863
:1008200020F49040216848602068806820F02A0009
:10083000216888602068006840F001002168086035
:10084000204600F0C9F9C7E710B50346D3F8840085
:10085000202874D101B10AB9012010BD00BF93F85E
:100860007C00012801D10220F7E7012083F87C00F9
:1008700000BF9965A3F85C20A3F85E200020D8662D
:1008800000BF9868B0F5805F0AD1186920B940F2BE
:10089000FF10A3F8600020E0FF20A3F860001CE038
:1008A000986848B9186918B9FF20A3F8600014E0E7
:1008B0007F20A3F8600010E09868B0F1805F09D154
:1008C000186918B97F20A3F8600006E03F20A3F85C
:1008D000600002E00020A3F8600000BF0020C3F821
:1008E00088002220C3F884001868806840F0010066
:1008F0001C68A060586EB0F1005F21D1B3F86800A9
:1009000090421DDC9868B0F5805F04D1186910B979
:100910001848D86601E01848D86600BF002083F860
:100920007C0000BF1868006840F480701C6820607C
:100930001868806840F080501C68A06016E017E0DE
:100940009868B0F5805F04D1186910B90B48D86673
:1009500001E00B48D86600BF002083F87C0000BF90
:100960001868006840F490701C682060002074E7EC
:10097000022072E7E50D0090050F0090730D0090C6
:10098000990E009070B504460E461546D4F88000C6
:1009900020284BD106B10DB9012070BD00BF94F8DD
:1009A0007C00012801D10220F7E7012084F87C00B7
:1009B00000BF44F8506FA580E5800020A06321208F
:1009C0002063606A503C08B31948616FC8631948D6
:1009D000616F08641848616FC8640020616F086522
:1009E000236803F128022B46216D606FFFF71BFC83
:1009F00060B11020C4F8880000BF002084F87C009B
:100A000000BF2020C4F880000120C6E740202168F4
:100A1000086200BF002084F87C0000BF2068806866
:100A200040F08000216888600020B6E70220B4E72B
:100A3000C30C0090F90C0090650C00907047704753
:100A400000BF002240211848FFF7F2FB00BF17A0AB
:100A5000FFF7DCFA4FF47A70FFF7EFFB19A0FFF70E
:100A6000D5FA4FF47A70FFF7E8FB00BF00BF00BF74
:100A700000BF00BFBFF34F8F00BF00BF00BF1648CD
:100A8000006800F4E06015490843001D1249086041
:100A900000BF00BF00BFBFF34F8F00BF00BF00BF4C
:100AA00000BF00BFFDE70000001002584D656D203B
:100AB000416363657373204572726F7221210D0A61
:100AC00000000000536F6674205265736574696E90
:100AD000672E2E2E0D0A00000CED00E00000FA0536
:100AE00090F8281001F0010139B10168496821F43A
:100AF0000031C26A11430268516090F8281001F079
:100B00000201022907D10168496821F48031026B92
:100B100011430268516090F8281001F00401042983
:100B200007D10168496821F48021426B11430268B2
:100B3000516090F8281001F00801082907D10168D8
:100B4000496821F40041826B11430268516090F8BA
:100B5000281001F01001102907D10168896821F4DB
:100B60008051C26B11430268916090F8281001F027
:100B70002001202907D10168896821F40051026C05
:100B800011430268916090F8281001F0400140295B
:100B900013D10168496821F48011426C1143026845
:100BA0005160416CB1F5801F07D10168496821F49B
:100BB000C001826C11430268516090F8281001F066
:100BC0008001802907D10168496821F40021C26CA5
:100BD000114302685160704738B504460020C4F8DC
:100BE0008800FFF72FFB05462068006800F008002A
:100BF00008280CD16FF07E402B4600224FF40011E4
:100C00000090204601F050FD08B1032038BD206857
:100C1000006800F0040004280CD16FF07E402B46E1
:100C200000224FF480010090204601F03DFD08B104
:100C30000320EBE72020C4F88000C4F8840000BF44
:100C4000002084F87C0000BF00BFDFE770B50546D8
:100C5000AC6B0020A4F85E00A4F856002046FFF715
:100C6000B0FC70BD2DE9F0410546AC6BD4F8806056
:100C7000D4F884702068806800F08000802807D154
:100C8000212E05D10020A4F85600204600F061F87E
:100C90002068806800F04000402807D1222F05D14D
:100CA0000020A4F85E00204600F02EF8D4F888005A
:100CB00040F01000C4F888002046FFF782FCBDE831
:100CC000F08170B50546AC6BE869B0F5807F0FD058
:100CD0000020A4F856002068806820F08000216879
:100CE00088602068006840F040002168086002E0E9
:100CF0002046FFF7A3FE70BD70B50446A56B2846DD
:100D0000FFF79DFE70BD00000168096821F4907135
:100D10000268116001688968044A114002689160A4
:100D20002021C0F884100021C1667047FEFFFFEF4C
:100D300010B504462068006820F040002168086073
:100D40002020C4F88000002020672046FFF776FEB0
:100D500010BD0168096821F0C001026811600168D6
:100D6000896821F40001026891602021C0F8801098
:100D700070472DE9F0410446B4F86070D4F884005F
:100D8000222826D12068406A86B2A56D06EA0700AF
:100D90002880A06D801CA065B4F85E00401EA4F8F9
:100DA0005E00B4F85E00D0B92068006820F490704E
:100DB000216808602068806820F001002168886050
:100DC0002020C4F884000020E0662046FFF73FFAA8
:100DD00005E02068806940F0080021688861BDE86E
:100DE000F08100002DE9F0470446B4F86090D4F893
:100DF0008400222843D1B4F8685028E02068406A73
:100E00001FFA80F8A76D08EA09003880A06D801CE1
:100E1000A065B4F85E00401EA4F85E00B4F85E0061
:100E200098B92068006820F4807021680860206804
:100E3000806817490840216888602020C4F8840031
:100E40000020E0662046FFF702FA681E85B2002DFA
:100E5000D4D1B4F85E60C6B1B4F86800B04214DD15
:100E60002068806820F08050216888600948E0662A
:100E70002068006840F020002168086005E02068D4
:100E8000806940F0080021688861BDE8F0870000B3
:100E9000FEFFFFEF730D009070B50446B4F860607C
:100EA000D4F88400222826D12068406A85B2F0B2A6
:100EB0002840A16D0870A06D401CA065B4F85E00CC
:100EC000401EA4F85E00B4F85E00D0B92068006847
:100ED00020F49070216808602068806820F001008C
:100EE000216888602020C4F884000020E066204645
:100EF000FFF7ADF905E02068806940F0080021683F
:100F0000886170BD2DE9F0410446B4F86080D4F8E2
:100F10008400222843D1B4F8685028E02068406A51
:100F200087B208F0FF003840A16D0870A06D401C2A
:100F3000A065B4F85E00401EA4F85E00B4F85E0040
:100F400098B92068006820F48070216808602068E3
:100F5000806817490840216888602020C4F8840010
:100F60000020E0662046FFF772F9681E85B2002D6A
:100F7000D4D1B4F85E60C6B1B4F86800B04214DDF4
:100F80002068806820F08050216888600948E06609
:100F90002068006840F020002168086005E02068B3
:100FA000806940F0080021688861BDE8F081000098
:100FB000FEFFFFEF990E00902DE9F04F89B0044637
:100FC0004FF00009002007908346F94920688842C5
:100FD00000D100E000BF2169A068084361690843AF
:100FE000E16940EA010A606E40EA0A0A2068006886
:100FF000F049084040EA0A0021680860206840681B
:1010000020F44050E168084321684860D4F818A0F3
:10101000E7492068884202D0206A40EA0A0A20682C
:101020008068E549084040EA0A0021688860206835
:10103000C06A20F00F00616A08432168C86200BFDF
:10104000DE492068884220D1DD48006800F0380081
:10105000182811D005DC48B1082809D0102811D172
:1010600008E020280AD028280CD109E001250BE04F
:10107000042509E0082507E0102505E0202503E008
:10108000402501E0802500BFF8E0CE492068884275
:1010900019D1CB48006800F00700062810D2DFE81D
:1010A00000F0030507090B0D00250BE0042509E0FE
:1010B000082507E0102505E0202503E0402501E094
:1010C000802500BFDAE0C0492068884219D1BC48B9
:1010D000006800F00700062810D2DFE800F00305E2
:1010E00007090B0D00250BE0042509E0082507E0A2
:1010F000102505E0202503E0402501E0802500BF04
:10110000BCE0B2492068884219D1AD48006800F0BF
:101110000700062810D2DFE800F0030507090B0DD1
:1011200000250BE0042509E0082507E0102505E06F
:10113000202503E0402501E0802500BF9EE0A44972
:101140002068884219D19E48006800F007000628F0
:1011500010D2DFE800F0030507090B0D00250BE0B6
:10116000042509E0082507E0102505E0202503E017
:10117000402501E0802500BF80E096492068884234
:1011800020D18F48006800F03800182811D005DC05
:1011900048B1082809D0102811D108E020280AD029
:1011A00028280CD109E001250BE0042509E00825D9
:1011B00007E0102505E0202503E0402501E080251B
:1011C00000BF5BE084492068884219D17C480068F0
:1011D00000F00700062810D2DFE800F00305070939
:1011E0000B0D00250BE0042509E0082507E010257C
:1011F00005E0202503E0402501E0802500BF3DE01B
:1012000076492068884219D16D48006800F00700CF
:10121000062810D2DFE800F0030507090B0D0025B2
:101220000BE0042509E0082507E0102505E020254E
:1012300003E0402501E0802500BF1FE05C492068F5
:1012400088421AD15E48001D006800F00700062899
:1012500010D2DFE800F0030507090B0D02250BE0B3
:10126000042509E0082507E0102505E0202503E016
:10127000402501E0802500BF00E0802500BF4C49EB
:101280002068884271D1102D70D006DC022D09D063
:10129000042D49D0082D6AD1A6E0202D68D0402D1C
:1012A000F9D1B3E1FEF7D8FF616A09B9012138E04D
:1012B000616A012901D1022133E0616A022901D169
:1012C00004212EE0616A032901D1062129E0616A27
:1012D000042901D1082124E0616A052901D10A21EC
:1012E0001FE0616A062901D10C211AE0616A072911
:1012F00001D1102115E0616A082901D1202110E0F7
:10130000616A092901D140210BE0616A0A2901D1F2
:10131000802106E0616A0B2902D14FF4807100E060
:101320000121B0FBF1FBB6E104A8FEF79AFF059896
:10133000616A09B9012154E0616A012901D10221E0
:101340004FE0616A022901D104214AE0616A032960
:1013500001D1062145E0616A042901D1082140E05C
:10136000616A052905D10A213BE0FDE380E08FE1B8
:101370000BE1616A062901D10C2132E0616A07297B
:1013800001D110212DE0616A082901D1202128E036
:10139000616A092901D1402123E0616A0A2901D14A
:1013A00080211EE0616A0B291AD14FF4807118E088
:1013B000000C0058F369FFCFFFF4FF11001001404B
:1013C000544402580044004000480040004C004093
:1013D000005000400014014000780040007C0040B4
:1013E0000121B0FBF1FB56E101A8FEF73FFF029897
:1013F000616A09B9012138E0616A012901D102213C
:1014000033E0616A022901D104212EE0616A0329D7
:1014100001D1062129E0616A042901D1082124E0D3
:10142000616A052901D10A211FE0616A062901D1FB
:101430000C211AE0616A072901D1102115E0616AC7
:10144000082901D1202110E0616A092901D1402138
:101450000BE0616A0A2901D1802106E0616A0B294B
:1014600002D14FF4807100E00121B0FBF1FB12E1E9
:10147000FA480068C0F3401088B3F8480068C0F329
:10148000C101F748C840616A09B9012139E0616AC0
:10149000012901D1022134E0616A022901D104212C
:1014A0002FE0616A032901D106212AE0616A04293B
:1014B00001D1082125E0616A052901D10A2120E036
:1014C000616A062901D10C211BE0616A072901D15B
:1014D000102116E0616A082902D1202111E013E0F1
:1014E000616A092901D140210BE0616A0A2901D111
:1014F000802106E0616A0B2902D14FF4807100E07F
:101500000121B0FBF1FB3FE0606A08B9012038E03F
:10151000606A012801D1022033E0606A022801D10B
:1015200004202EE0606A032801D1062029E0606AC9
:10153000042801D1082024E0606A052801D10A208E
:101540001FE0606A062801D10C201AE0606A0728B3
:1015500001D1102015E0606A082801D1202010E098
:10156000606A092801D140200BE0606A0A2801D195
:10157000802006E0606A0B2802D14FF4807000E002
:101580000120B749B1FBF0FB85E0606A08B9012092
:1015900038E0606A012801D1022033E0606A022845
:1015A00001D104202EE0606A032801D1062029E041
:1015B000606A042801D1082024E0606A052801D16E
:1015C0000A201FE0606A062801D10C201AE0606A38
:1015D000072801D1102015E0606A082801D12020D9
:1015E00010E0606A092801D140200BE0606A0A28F7
:1015F00001D1802006E0606A0B2802D14FF4807090
:1016000000E001209749B1FBF0FB44E0606A08B9B3
:10161000012038E0606A012801D1022033E0606ACD
:10162000022801D104202EE0606A032801D106209F
:1016300029E0606A042801D1082024E0606A0528B6
:1016400001D10A201FE0606A062801D10C201AE0AF
:10165000606A072801D1102015E0606A082801D1CE
:10166000202010E0606A092801D140200BE0606A68
:101670000A2801D1802006E0606A0B2802D14FF4CD
:10168000807000E001204FF40041B1FBF0FB02E06C
:101690000120079000BF00BFBBF1000F00F0F287F0
:1016A000606800EB4000584503D860680003584567
:1016B00003D20120079000F0E5BF102D75D006DCA5
:1016C000022D09D0042D67D0082D6FD1CCE0202D3C
:1016D0006DD0402DF9D14DE2FEF7BEFD8046606A27
:1016E00008B9012238E0606A012801D1022233E002
:1016F000606A022801D104222EE0606A032801D129
:10170000062229E0606A042801D1082224E0606AE8
:10171000052801D10A221FE0606A062801D10C22A7
:101720001AE0606A072801D1102215E0606A0828D3
:1017300001D1202210E0606A092801D140220BE08B
:10174000606A0A2801D1802206E0606A0B2802D173
:101750004FF4807200E0012294460023404619466F
:10176000FEF789FD4FF4807300228C46A0FB031E18
:101770000CFB03E300FB0233606840088C461CEB63
:10178000000643EB0201D4F804C062460023304651
:10179000FEF771FD81464EE204A8FEF762FDDDF81A
:1017A00014E0606A20B901223BE0BFE040E282E140
:1017B000606A012801D1022233E0606A022801D167
:1017C00004222EE0606A032801D1062229E0606A23
:1017D000042801D1082224E0606A052801D10A22E8
:1017E0001FE0606A062801D10C221AE0606A07280F
:1017F00001D1102215E0606A082801D1202210E0F2
:10180000606A092801D140220BE0606A0A2801D1F0
:10181000802206E0606A0B2802D14FF4807200E05B
:1018200001229446002370461946FEF724FD4FF42A
:10183000807C0022A0FB0C3E01FB0CE100FB0211AE
:10184000606840081E185141D4F804C06246002365
:101850003046FEF710FD8146EDE1000000440258DD
:101860000090D00300093D0001A8FEF7FFFCDDF861
:1018700008C0606A08B9012238E0606A012801D115
:10188000022233E0606A022801D104222EE0606A5D
:10189000032801D1062229E0606A042801D1082228
:1018A00024E0606A052801D10A221FE0606A062848
:1018B00001D10C221AE0606A072801D1102215E03C
:1018C000606A082801D1202210E0606A092801D14D
:1018D00040220BE0606A0A2801D1802206E0606A9B
:1018E0000B2802D14FF4807200E0012296460023BB
:1018F00060461946FEF7BFFC4FF4807300228C4609
:10190000A0FB031E0CFB03E300FB023360684008EE
:101910008C461CEB000643EB0201D4F804C062467F
:1019200000233046FEF7A7FC814684E1F8480068B2
:10193000C0F3401090B3F6480068C0F3C101F54809
:1019400020FA01FE606A08B9012239E0606A0128C4
:1019500001D1022234E0606A022801D104222FE082
:10196000606A032801D106222AE0606A042801D1B6
:10197000082225E0606A052801D10A2220E0606A79
:10198000062801D10C221BE0606A072801D1102231
:1019900016E0606A082802D1202211E030E0606A77
:1019A000092801D140220BE0606A0A2801D1802277
:1019B00006E0606A0B2802D14FF4807200E0012239
:1019C0009446002370461946FEF755FC4FF4807389
:1019D00000228C46A0FB031E0CFB03E300FB02333A
:1019E000606840088C461CEB000643EB0201D4F80B
:1019F00004C0624600233046FEF73DFC814659E0B4
:101A0000606A08B9012238E0606A012801D1022227
:101A100033E0606A022801D104222EE0606A0328C4
:101A200001D1062229E0606A042801D1082224E0BD
:101A3000606A052801D10A221FE0606A062801D1E8
:101A40000C221AE0606A072801D1102215E0606AB2
:101A5000082801D1202210E0606A092801D1402223
:101A60000BE0606A0A2801D1802206E0606A0B2838
:101A700002D14FF4807200E0012294460023A54871
:101A80001946FEF7F8FB4FF4807300228C46A0FB4A
:101A9000031E0CFB03E300FB0233606840080E18D2
:101AA00043EB0201D4F804C0624600233046FEF73F
:101AB000E2FB8146BFE0606A08B9012238E0606A53
:101AC000012801D1022233E0606A022801D10422F8
:101AD0002EE0606A032801D1062229E0606A04280A
:101AE00001D1082224E0606A052801D10A221FE002
:101AF000606A062801D10C221AE0606A072801D129
:101B0000102215E0606A082801D1202210E0606AE6
:101B1000092801D140220BE0606A0A2801D1802205
:101B200006E0606A0B2802D14FF4807200E00122C7
:101B30009446002378481946FEF79DFB4FF48073C6
:101B400000228C46A0FB031E0CFB03E300FB0233C8
:101B5000606840088C461CEB000643EB0201D4F899
:101B600004C06246002300E073E03046FEF783FBCA
:101B7000814660E0606A08B9012238E0606A0128A5
:101B800001D1022233E0606A022801D104222EE052
:101B9000606A032801D1062229E0606A042801D185
:101BA000082224E0606A052801D10A221FE0606A49
:101BB000062801D10C221AE0606A072801D1102200
:101BC00015E0606A082801D1202210E0606A092827
:101BD00001D140220BE0606A0A2801D1802206E090
:101BE000606A0B2802D14FF4807200E00122944613
:101BF00000234FF400401946FEF73DFB4FF480737D
:101C000000228C46A0FB031E0CFB03E300FB023307
:101C1000606840088C461CEB000643EB0201D4F8D8
:101C200004C0624600233046FEF725FB814602E0F1
:101C30000120079000BF00BFB9F5407F06D3B9F57A
:101C4000801F03D22068C0F80C9034E50120079073
:101C500031E5E069B0F5004F71D1082D70D005DC99
:101C60005DB1012D5AD0042D6BD1A7E0102D69D0A4
:101C7000202D68D0402DF7D11EE2FEF701FB8046F3
:101C8000606A08B9012038E0606A012801D10220A9
:101C900033E0606A022801D104202EE0606A032844
:101CA00001D1062029E0606A042801D1082024E03F
:101CB000606A052801D10A201FE0606A062801D168
:101CC0000C201AE0606A072801D1102015E0606A34
:101CD000082801D1202010E0606A092801D14020A5
:101CE0000BE0606A0A2801D1802006E0606A0B28B8
:101CF00002D14FF4807000E00120B8FBF0F040000A
:101D0000616800EB5100B0FBF1F01FFA80F920E2AE
:101D1000004402580090D00300093D00FEF7B5FAD8
:101D20008046606A08B901203DE0606A012801D15F
:101D3000022038E0606A022806D1042033E020E265
:101D400088E003E2D2E06EE1606A032801D1062058
:101D500029E0606A042801D1082024E0606A05288F
:101D600001D10A201FE0606A062801D10C201AE088
:101D7000606A072801D1102015E0606A082801D1A7
:101D8000202010E0606A092801D140200BE0606A41
:101D90000A2801D1802006E0606A0B2802D14FF4A6
:101DA000807000E00120B8FBF0F04000616800EBBB
:101DB0005100B0FBF1F01FFA80F9CAE104A8FEF768
:101DC00050FA0598616A09B9012138E0616A012970
:101DD00001D1022133E0616A022901D104212EE000
:101DE000616A032901D1062129E0616A042901D130
:101DF000082124E0616A052901D10A211FE0616AF6
:101E0000062901D10C211AE0616A072901D11021AC
:101E100015E0616A082901D1202110E0616A0929D1
:101E200001D140210BE0616A0A2901D1802106E03D
:101E3000616A0B2902D14FF4807100E00121B0FBEF
:101E4000F1F04000616800EB5100B0FBF1F01FFAC7
:101E500080F97EE101A8FEF709FA0298616A09B9E2
:101E6000012138E0616A012901D1022133E0616A70
:101E7000022901D104212EE0616A032901D1062142
:101E800029E0616A042901D1082124E0616A052959
:101E900001D10A211FE0616A062901D10C211AE053
:101EA000616A072901D1102115E0616A082901D171
:101EB000202110E0616A092901D140210BE0616A0B
:101EC0000A2901D1802106E0616A0B2902D14FF471
:101ED000807100E00121B0FBF1F04000616800EB8F
:101EE0005100B0FBF1F01FFA80F932E1F9480068C7
:101EF000C0F3401088B3F7480068C0F3C101F6484A
:101F0000C840616A09B9012139E0616A012901D13A
:101F1000022134E0616A022901D104212FE0616AC3
:101F2000032901D106212AE0616A042901D108218F
:101F300025E0616A052901D10A2120E0616A0629AC
:101F400001D10C211BE0616A072901D1102116E0A3
:101F5000616A082902D1202111E01BE0616A092988
:101F600001D140210BE0616A0A2901D1802106E0FC
:101F7000616A0B2902D14FF4807100E00121B0FBAE
:101F8000F1F04000616800EB5100B0FBF1F01FFA86
:101F900080F947E0606A08B9012038E0606A0128EA
:101FA00001D1022033E0606A022801D104202EE032
:101FB000606A032801D1062029E0606A042801D163
:101FC000082024E0606A052801D10A201FE0606A29
:101FD000062801D10C201AE0606A072801D11020E0
:101FE00015E0606A082801D1202010E0606A092805
:101FF00001D140200BE0606A0A2801D1802006E070
:10200000606A0B2802D14FF4807000E00120B249D1
:10201000B1FBF0F04000616800EB5100B0FBF1F063
:102020001FFA80F995E0606A08B9012038E0606A1B
:10203000012801D1022033E0606A022801D1042086
:102040002EE0606A032801D1062029E0606A042896
:1020500001D1082024E0606A052801D10A201FE090
:10206000606A062801D10C201AE0606A072801D1B5
:10207000102015E0606A082801D1202010E0606A75
:10208000092801D140200BE0606A0A2801D1802094
:1020900006E0606A0B2802D14FF4807000E0012056
:1020A0008E49B1FBF0F04000616800EB5100B0FBDD
:1020B000F1F01FFA80F94CE0606A08B9012038E0BD
:1020C000606A012801D1022033E0606A022801D150
:1020D00004202EE0606A032801D1062029E0606A0E
:1020E000042801D1082024E0606A052801D10A20D3
:1020F0001FE0606A062801D10C201AE0606A0728F8
:1021000001D1102015E0606A082801D1202010E0DC
:10211000606A092801D140200BE0606A0A2801D1D9
:10212000802006E0606A0B2802D14FF4807000E046
:1021300001204FF40041B1FBF0F04000616800EB7A
:102140005100B0FBF1F01FFA80F902E00120079086
:1021500000BF00BFB9F1100F10D3B9F5803F0DD209
:102160004FF6F07009EA00000890C9F342010898A0
:102170000843089008982168C86083E2012007900E
:1021800080E2082D72D005DC5DB1012D53D0042D05
:102190006DD1A5E0102D6BD0202D6AD0402D66D1D9
:1021A00017E2FEF76DF88046606A08B9012038E052
:1021B000606A012801D1022033E0606A022801D15F
:1021C00004202EE0606A032801D1062029E0606A1D
:1021D000042801D1082024E0606A052801D10A20E2
:1021E0001FE0606A062801D10C201AE0606A072807
:1021F00001D1102015E0606A082801D1202010E0EC
:10220000606A092801D140200BE0606A0A2801D1E8
:10221000802006E0606A0B2802D14FF4807000E055
:102220000120B8FBF0F0616800EB5100B0FBF1F069
:102230001FFA80F919E2FEF728F88046606A08B9AB
:1022400001203CE0606A012801D1022037E0606A89
:10225000022801D1042032E0606A032801D106205F
:102260002DE0606A042805D1082028E083E0F9E128
:10227000CCE066E1606A052801D10A201FE0606AAF
:10228000062801D10C201AE0606A072801D110202D
:1022900015E0606A082801D1202010E0606A092852
:1022A00001D140200BE0606A0A2801D1802006E0BD
:1022B000606A0B2802D14FF4807000E00120B8FB67
:1022C000F0F0616800EB5100B0FBF1F01FFA80F90B
:1022D000CBE10000004402580090D00300093D000B
:1022E00004A8FDF7BEFF0598616A09B9012138E02D
:1022F000616A012901D1022133E0616A022901D119
:1023000004212EE0616A032901D1062129E0616AD6
:10231000042901D1082124E0616A052901D10A219B
:102320001FE0616A062901D10C211AE0616A0729C0
:1023300001D1102115E0616A082901D1202110E0A6
:10234000616A092901D140210BE0616A0A2901D1A2
:10235000802106E0616A0B2902D14FF4807100E010
:102360000121B0FBF1F0616800EB5100B0FBF1F02E
:102370001FFA80F979E101A8FDF778FF0298616AF8
:1023800009B9012138E0616A012901D1022133E054
:10239000616A022901D104212EE0616A032901D179
:1023A000062129E0616A042901D1082124E0616A3B
:1023B000052901D10A211FE0616A062901D10C21FA
:1023C0001AE0616A072901D1102115E0616A082924
:1023D00001D1202110E0616A092901D140210BE0DF
:1023E000616A0A2901D1802106E0616A0B2902D1C4
:1023F0004FF4807100E00121B0FBF1F0616800EB67
:102400005100B0FBF1F01FFA80F92EE1A3480068FB
:10241000C0F3401088B3A1480068C0F3C101A048D0
:10242000C840616A09B9012139E0616A012901D115
:10243000022134E0616A022901D104212FE0616A9E
:10244000032901D106212AE0616A042901D108216A
:1024500025E0616A052901D10A2120E0616A062987
:1024600001D10C211BE0616A072901D1102116E07E
:10247000616A082902D1202111E01AE0616A092964
:1024800001D140210BE0616A0A2901D1802106E0D7
:10249000616A0B2902D14FF4807100E00121B0FB89
:1024A000F1F0616800EB5100B0FBF1F01FFA80F928
:1024B00046E0606A08B9012038E0606A012801D16D
:1024C000022033E0606A022801D104202EE0606A15
:1024D000032801D1062029E0606A042801D10820E0
:1024E00024E0606A052801D10A201FE0606A0628FE
:1024F00001D10C201AE0606A072801D1102015E0F4
:10250000606A082801D1202010E0606A092801D102
:1025100040200BE0606A0A2801D1802006E0606A52
:102520000B2802D14FF4807000E001205C49B1FB20
:10253000F0F0616800EB5100B0FBF1F01FFA80F998
:1025400093E0606A08B9012038E0606A012801D18F
:10255000022033E0606A022801D104202EE0606A84
:10256000032801D1062029E0606A042801D108204F
:1025700024E0606A052801D10A201FE0606A06286D
:1025800001D10C201AE0606A072801D1102015E063
:10259000606A082801D1202010E0606A092801D172
:1025A00040200BE0606A0A2801D1802006E0606AC2
:1025B0000B2802D14FF4807000E001203949B1FBB3
:1025C000F0F0616800EB5100B0FBF1F01FFA80F908
:1025D0004BE0606A08B9012038E0606A012801D147
:1025E000022033E0606A022801D104202EE0606AF4
:1025F000032801D1062029E0606A042801D10820BF
:1026000024E0606A052801D10A201FE0606A0628DC
:1026100001D10C201AE0606A072801D1102015E0D2
:10262000606A082801D1202010E0606A092801D1E1
:1026300040200BE0606A0A2801D1802006E0606A31
:102640000B2802D14FF4807000E001204FF40041CC
:10265000B1FBF0F0616800EB5100B0FBF1F01FFA44
:1026600080F902E00120079000BF00BFB9F1100F10
:1026700006D3B9F5803F03D22068C0F80C9001E082
:10268000012007900120A4F86A00A4F86800002047
:10269000E0662067079809B0BDE8F08F0044025853
:1026A0000090D00300093D002DE9F04104460D469D
:1026B00017469846069E4AE0701C002847D0FDF752
:1026C000C1FDA0EB0800B04200D8C6B92068006880
:1026D00020F4D070216808602068806820F0010034
:1026E000216888602020C4F88000C4F8840000BFFE
:1026F000002084F87C0000BF0320BDE8F081206842
:10270000006800F0040010B32068C069C0F3C02066
:10271000E8B14FF40060216808622068006820F486
:10272000D070216808602068806820F0010021686E
:1027300088602020C4F88000C4F88400C4F88800B1
:1027400000BF002084F87C0000BF0320D5E720688C
:10275000C0692840A84201D1012000E00020B84211
:10276000AAD00020C9E7000038B504460D4622482B
:1027700084420DD900BF2148006840F002001F4983
:1027800008600846006800F00200009000BF0DE0FD
:1027900000BF1A48006840F0010018490860084668
:1027A000006800F00100009000BF00BF00BF1448A7
:1027B0001449486708461249886300BF0846046008
:1027C0004560402181600021C1604FF4806101615A
:1027D000002141618161C1614FF4803101620021BA
:1027E0004162032181620021C1620163FDF752FD54
:1027F0000348FDF754FD38BD00040240D844025898
:102800001C2100243420002400B587B000BF00BF85
:102810002548006840F00100234908600846006828
:1028200000F00100019000BF00BF00BF00BF00BF6B
:102830000846006840F0010008600846006800F0A3
:102840000100019000BF00BF00BF00BF00BF0846ED
:10285000006840F0010008600846006800F00100D0
:10286000019000BF00BF00BF022002900020039033
:10287000012004900320059002A90C48FDF7BAFC42
:102880004FF4004002900120049002A90748FDF790
:10289000B1FC012002900220049002A90348FDF738
:1028A000A9FC07B000BD0000E04402580000025837
:1028B00070B50446002514B1012023490870224850
:1028C000007858B302212148FDF7EEFC58B14FF4CF
:1028D00000411E48FDF7E8FC28B101211B48FDF727
:1028E000E3FC01281AD10A20FDF7A7FC00201649B5
:1028F000087002211548FDF7D7FC00B901254FF4F7
:1029000000411248FDF7D0FC00B9022501210F4813
:10291000FDF7CAFC012815D1032513E002210B485D
:10292000FDF7C2FC01280DD1C1030848FDF7BCFC2E
:10293000012807D101210548FDF7B6FC10B9012097
:1029400001490870284670BD280000240000025884
:1029500070B5044600260948058840884543002193
:10296000084603F0ADF803F09DFA00BF02E004480A
:102970000480761CAE42FAD370BD00000C21002406
:102980000000106010B5044658488471002C58D1DE
:10299000F020564908804FF4A0704880084680888F
:1029A00045F21051884210D14FF430504F49088100
:1029B0004FF4285048814FF42C5088814FF4F07028
:1029C00008804FF4487048801AE04848808841F6F3
:1029D000631188420DD12C20444908812B20488165
:1029E0002A2088814FF4F07008804FF448704880A6
:1029F00006E02C203D4908812A2048812B2088812F
:102A00003A48808845F21031884205D0374880889E
:102A100047F29671884206D14FF4A070334908807E
:102A20004FF4F07048803148808849F606018842AA
:102A300058D14FF4F0702D4908804FF44870488009
:102A400050E04FF4A07029490880F02048800846E3
:102A5000808845F21051884210D14FF430502349FC
:102A600008814FF4285048814FF42C5088814FF44E
:102A7000487008804FF4F070488020E01B48808840
:102A800041F66311884205D01848808849F606014E
:102A900088420DD12C20154908812A2048812B20FD
:102AA00088814FF4487008804FF4F070488006E049
:102AB0002C200E4908812A2048812B2088810B4830
:102AC000808845F21031884205D00848808847F256
:102AD0009671884206D14FF4F070044908804FF493
:102AE000A0704880002002F0CDFE10BD0C21002413
:102AF00070B505460E4614463146284602F0E0FF02
:102B000003F0D0F901490C8070BD00000000106096
:102B100010B5CF2003F0BAF9002003F0ABF9C120C3
:102B200003F0A8F9302003F0A5F9ED2003F0AEF989
:102B3000642003F09FF9032003F09CF9122003F0B6
:102B400099F9812003F096F9E82003F09FF9852098
:102B500003F090F9102003F08DF97A2003F08AF940
:102B6000CB2003F093F9392003F084F92C2003F0F3
:102B700081F9002003F07EF9342003F07BF9022074
:102B800003F078F9F72003F081F9202003F072F9BF
:102B9000EA2003F07BF9002003F06CF9002003F039
:102BA00069F9C02003F072F91B2003F063F9C1201A
:102BB00003F06CF9012003F05DF9C52003F066F91C
:102BC000302003F057F9302003F054F9C72003F008
:102BD0005DF9B72003F04EF9362003F057F948208D
:102BE00003F048F93A2003F051F9552003F042F977
:102BF000B12003F04BF9002003F03CF91A2003F058
:102C000039F9B62003F042F90A2003F033F9A22083
:102C100003F030F9F22003F039F9002003F02AF92B
:102C2000262003F033F9012003F024F9E02003F01B
:102C30002DF90F2003F01EF92A2003F01BF928209C
:102C400003F018F9082003F015F90E2003F012F92B
:102C5000082003F00FF9542003F00CF9A92003F029
:102C600009F9432003F006F90A2003F003F90F20C5
:102C700003F000F9002003F0FDF8002003F0FAF85B
:102C8000002003F0F7F8002003F0F4F8E12003F04F
:102C9000FDF8002003F0EEF8152003F0EBF8172004
:102CA00003F0E8F8072003F0E5F8112003F0E2F85C
:102CB000062003F0DFF82B2003F0DCF8562003F0A9
:102CC000D9F83C2003F0D6F8052003F0D3F8102003
:102CD00003F0D0F80F2003F0CDF83F2003F0CAF83E
:102CE0003F2003F0C7F80F2003F0C4F82B2003F0B7
:102CF000CDF8002003F0BEF8002003F0BBF801205F
:102D000003F0B8F83F2003F0B5F82A2003F0BEF82E
:102D1000002003F0AFF8002003F0ACF8002003F02F
:102D2000A9F8EF2003F0A6F8112003F0AFF87820FF
:102D3000FDF783FA292003F0A9F810BD10B5FF2094
:102D400003F0A4F8FF2003F095F8982003F092F820
:102D5000062003F08FF8BC2003F098F8012003F060
:102D600089F80F2003F086F8612003F083F8FF2034
:102D700003F080F8012003F07DF8012003F07AF8D9
:102D80000B2003F077F8102003F074F8372003F0DD
:102D900071F8632003F06EF8FF2003F06BF8FF205A
:102DA00003F068F8012003F065F8012003F062F8F1
:102DB000002003F05FF8002003F05CF8FF2003F030
:102DC00059F8522003F056F8012003F053F8002080
:102DD00003F050F8402003F04DF8BD2003F056F802
:102DE000012003F047F8232003F044F8452003F0C6
:102DF00041F8672003F03EF8012003F03BF8232060
:102E000003F038F8452003F035F8672003F032F876
:102E1000BE2003F03BF8002003F02CF8012003F063
:102E200029F8AB2003F026F8602003F023F82220D5
:102E300003F020F8222003F01DF8222003F01AF8F6
:102E4000222003F017F8222003F014F8C72003F023
:102E50001DF8362003F00EF8ED2003F017F87F2060
:102E600003F008F80F2003F005F8C02003F00EF877
:102E70000F2002F0FFFF0B2002F0FCFF0A2002F0FF
:102E8000F9FFFC2003F002F8082002F0F3FFDF2036
:102E900002F0FCFF002002F0EDFF002002F0EAFF4C
:102EA000002002F0E7FF002002F0E4FF002002F023
:102EB000E1FF202002F0DEFFF32002F0E7FF7420A4
:102EC00002F0D8FFB42002F0E1FF002002F0D2FFB0
:102ED000002002F0CFFF002002F0CCFFF72002F02C
:102EE000D5FF822002F0C6FFB12002F0CFFF002004
:102EF00002F0C0FF132002F0BDFF132002F0BAFF62
:102F0000F22002F0C3FF802002F0B4FF042002F0A0
:102F1000B1FF402002F0AEFF282002F0ABFFC1203D
:102F200002F0B4FF172002F0A5FF882002F0A2FFF4
:102F3000882002F09FFF202002F09CFFE02002F09A
:102F4000A5FF002002F096FF0A2002F093FF122056
:102F500002F090FF102002F08DFF0E2002F08AFF99
:102F6000202002F087FFCC2002F084FF072002F02F
:102F700081FF062002F07EFF0B2002F07BFF0E2077
:102F800002F078FF0F2002F075FF0D2002F072FFB3
:102F9000152002F06FFF102002F06CFF002002F0FD
:102FA00069FFE12002F072FF002002F063FF0B20B6
:102FB00002F060FF132002F05DFF0D2002F05AFFC7
:102FC0000E2002F057FF1B2002F054FF712002F088
:102FD00051FF062002F04EFF062002F04BFF0A20B0
:102FE00002F048FF0F2002F045FF0E2002F042FFE2
:102FF0000F2002F03FFF152002F03CFF0C2002F0F2
:1030000039FF002002F036FF2A2002F03FFF0020A7
:1030100002F030FF002002F02DFF012002F02AFF15
:10302000DF2002F027FF2B2002F030FF002002F00B
:1030300021FF002002F01EFF032002F01BFF1F20D3
:1030400002F018FF3A2002F021FF552002F012FF93
:10305000362002F01BFF002002F00CFF112002F0CE
:1030600015FF7820FDF7E9F8292002F00FFF142062
:10307000FDF7E3F82C2002F009FF10BD10B5ED209C
:1030800002F004FF012002F0F5FEFE2002F0F2FE45
:10309000EE2002F0FBFEDE2002F0ECFE212002F02A
:1030A000E9FEF12002F0F2FE012002F0E3FEDF2053
:1030B00002F0ECFE102002F0DDFEC42002F0E6FE7D
:1030C0008F2002F0D7FEC62002F0E0FE002002F0C2
:1030D000D1FEE22002F0CEFEE22002F0CBFEE220A2
:1030E00002F0C8FEBF2002F0D1FEAA2002F0C2FE0C
:1030F000B02002F0CBFE0D2002F0BCFE002002F05A
:10310000B9FE0D2002F0B6FE002002F0B3FE112041
:1031100002F0B0FE002002F0ADFE192002F0AAFE7F
:10312000002002F0A7FE212002F0A4FE002002F001
:10313000A1FE2D2002F09EFE002002F09BFE3D200D
:1031400002F098FE002002F095FE5D2002F092FE53
:10315000002002F08FFE5D2002F08CFE002002F0C5
:1031600089FEB12002F092FE802002F083FE002052
:1031700002F080FE8B2002F07DFE002002F07AFE3D
:10318000962002F077FE002002F074FEB22002F0DA
:103190007DFE002002F06EFE002002F06BFE022099
:1031A00002F068FE002002F065FE032002F062FEDD
:1031B000002002F05FFEB32002F068FE002002F063
:1031C00059FE002002F056FE002002F053FE0020BF
:1031D00002F050FE002002F04DFE002002F04AFEF8
:1031E000002002F047FE002002F044FE002002F022
:1031F00041FE002002F03EFE002002F03BFE0020D7
:1032000002F038FE002002F035FE002002F032FE0F
:10321000002002F02FFE002002F02CFE002002F021
:1032200029FE002002F026FE002002F023FE0020EE
:1032300002F020FE002002F01DFE002002F01AFE27
:10324000002002F017FE002002F014FEB42002F06D
:103250001DFE8B2002F00EFE002002F00BFE9620D9
:1032600002F008FE002002F005FEA12002F002FE9E
:10327000002002F0FFFDB52002F008FE022002F05F
:10328000F9FD002002F0F6FD032002F0F3FD00201E
:1032900002F0F0FD042002F0EDFD002002F0EAFD56
:1032A000B62002F0F3FD002002F0E4FD002002F061
:1032B000E1FDB72002F0EAFD002002F0DBFD002076
:1032C00002F0D8FD3F2002F0D5FD002002F0D2FD33
:1032D0005E2002F0CFFD002002F0CCFD642002F061
:1032E000C9FD002002F0C6FD8C2002F0C3FD0020C5
:1032F00002F0C0FDAC2002F0BDFD002002F0BAFDDE
:10330000DC2002F0B7FD002002F0B4FD702002F0D6
:10331000B1FD002002F0AEFD902002F0ABFD0020D8
:1033200002F0A8FDEB2002F0A5FD002002F0A2FDB6
:10333000DC2002F09FFD002002F09CFDB82002F08E
:10334000A5FD002002F096FD002002F093FD002074
:1033500002F090FD002002F08DFD002002F08AFDB9
:10336000002002F087FD002002F084FD002002F022
:1033700081FDBA2002F08AFD242002F07BFD0020AE
:1033800002F078FD002002F075FD002002F072FDD1
:10339000C12002F07BFD202002F06CFD002002F035
:1033A00069FD542002F066FD002002F063FDFF205D
:1033B00002F060FD002002F05DFDC22002F066FD1B
:1033C0000A2002F057FD002002F054FD042002F014
:1033D00051FD002002F04EFDC32002F057FD3C20BD
:1033E00002F048FD002002F045FD3A2002F042FDC7
:1033F000002002F03FFD392002F03CFD002002F0E9
:1034000039FD372002F036FD002002F033FD3C206C
:1034100002F030FD002002F02DFD362002F02AFDE2
:10342000002002F027FD322002F024FD002002F0EF
:1034300021FD2F2002F01EFD002002F01BFD2C209C
:1034400002F018FD002002F015FD292002F012FD07
:10345000002002F00FFD262002F00CFD002002F0FB
:1034600009FD242002F006FD002002F003FD2420C7
:1034700002F000FD002002F0FDFC232002F0FAFC27
:10348000002002F0F7FC3C2002F0F4FC002002F0E7
:10349000F1FC362002F0EEFC002002F0EBFC3220C2
:1034A00002F0E8FC002002F0E5FC2F2002F0E2FC34
:1034B000002002F0DFFC2C2002F0DCFC002002F0F7
:1034C000D9FC292002F0D6FC002002F0D3FC2620F3
:1034D00002F0D0FC002002F0CDFC242002F0CAFC57
:1034E000002002F0C7FC242002F0C4FC002002F0FF
:1034F000C1FC232002F0BEFC002002F0BBFCC42073
:1035000002F0C4FC622002F0B5FC002002F0B2FC24
:10351000052002F0AFFC002002F0ACFC842002F099
:10352000A9FC002002F0A6FCF02002F0A3FC002081
:1035300002F0A0FC182002F09DFC002002F09AFC92
:10354000A42002F097FC002002F094FC182002F066
:1035500091FC002002F08EFC502002F08BFC002039
:1035600002F088FC0C2002F085FC002002F082FCB6
:10357000172002F07FFC002002F07CFC952002F076
:1035800079FC002002F076FCF32002F073FC0020AE
:1035900002F070FCE62002F06DFC002002F06AFCF4
:1035A000C52002F073FC322002F064FC002002F01F
:1035B00061FC442002F05EFC002002F05BFC652010
:1035C00002F058FC002002F055FC762002F052FC7C
:1035D000002002F04FFC882002F04CFC002002F09A
:1035E00049FCC62002F052FC202002F043FC0020DF
:1035F00002F040FC172002F03DFC002002F03AFCF3
:10360000012002F037FC002002F034FCC72002F059
:103610003DFC002002F02EFC002002F02BFC0020DC
:1036200002F028FC002002F025FCC82002F02EFC4D
:10363000002002F01FFC002002F01CFC002002F021
:1036400019FC002002F016FCC92002F01FFC00202B
:1036500002F010FC002002F00DFC002002F00AFC39
:10366000002002F007FC002002F004FC002002F021
:1036700001FC002002F0FEFB002002F0FBFB00201A
:1036800002F0F8FB002002F0F5FB002002F0F2FB54
:10369000002002F0EFFB002002F0ECFB002002F023
:1036A000E9FB002002F0E6FB002002F0E3FBE02053
:1036B00002F0ECFB162002F0DDFB002002F0DAFB4A
:1036C0001C2002F0D7FB002002F0D4FB212002F0E6
:1036D000D1FB002002F0CEFB362002F0CBFB002015
:1036E00002F0C8FB462002F0C5FB002002F0C2FB3E
:1036F000522002F0BFFB002002F0BCFB642002F06D
:10370000B9FB002002F0B6FB7A2002F0B3FB0020E8
:1037100002F0B0FB8B2002F0ADFB002002F0AAFB10
:10372000992002F0A7FB002002F0A4FBA82002F0E1
:10373000A1FB002002F09EFBB92002F09BFB0020C1
:1037400002F098FBC42002F095FB002002F092FBEF
:10375000CA2002F08FFB002002F08CFBD22002F086
:1037600089FB002002F086FBD92002F083FB0020B9
:1037700002F080FBE02002F07DFB002002F07AFBEB
:10378000F32002F077FB002002F074FBE12002F04E
:103790007DFB162002F06EFB002002F06BFB1C206C
:1037A00002F068FB002002F065FB222002F062FBC1
:1037B000002002F05FFB362002F05CFB002002F0EC
:1037C00059FB452002F056FB002002F053FB52202B
:1037D00002F050FB002002F04DFB642002F04AFB97
:1037E000002002F047FB7A2002F044FB002002F0A8
:1037F00041FB8B2002F03EFB002002F03BFB9920B6
:1038000002F038FB002002F035FBA82002F032FB6A
:10381000002002F02FFBB92002F02CFB002002F068
:1038200029FBC42002F026FB002002F023FBCA2063
:1038300002F020FB002002F01DFBD22002F01AFB58
:10384000002002F017FBD82002F014FB002002F049
:1038500011FBE02002F00EFB002002F00BFBF32036
:1038600002F008FB002002F005FBE22002F00EFB54
:10387000052002F0FFFA002002F0FCFA0B2002F013
:10388000F9FA002002F0F6FA1B2002F0F3FA002009
:1038900002F0F0FA342002F0EDFA002002F0EAFA29
:1038A000442002F0E7FA002002F0E4FA4F2002F090
:1038B000E1FA002002F0DEFA612002F0DBFA0020DB
:1038C00002F0D8FA792002F0D5FA002002F0D2FAFC
:1038D000882002F0CFFA002002F0CCFA972002F004
:1038E000C9FA002002F0C6FAA62002F0C3FA0020AE
:1038F00002F0C0FAB72002F0BDFA002002F0BAFAD6
:10390000C22002F0B7FA002002F0B4FAC72002F099
:10391000B1FA002002F0AEFAD12002F0ABFA00209A
:1039200002F0A8FAD62002F0A5FA002002F0A2FACE
:10393000DD2002F09FFA002002F09CFAF32002F052
:1039400099FA002002F096FAE32002F09FFA05208F
:1039500002F090FA002002F08DFA0A2002F08AFAB2
:10396000002002F087FA1C2002F084FA002002F006
:1039700081FA332002F07EFA002002F07BFA442024
:1039800002F078FA002002F075FA502002F072FA84
:10399000002002F06FFA622002F06CFA002002F0C0
:1039A00069FA782002F066FA002002F063FA8820B3
:1039B00002F060FA002002F05DFA972002F05AFA55
:1039C000002002F057FAA62002F054FA002002F07C
:1039D00051FAB72002F04EFA002002F04BFAC22052
:1039E00002F048FA002002F045FAC72002F042FA3D
:1039F000002002F03FFAD12002F03CFA002002F051
:103A000039FAD52002F036FA002002F033FADD2030
:103A100002F030FA002002F02DFAF32002F02AFA28
:103A2000002002F027FAE42002F030FA012002F030
:103A300021FA002002F01EFA012002F01BFA0020F9
:103A400002F018FA022002F015FA002002F012FA31
:103A50002A2002F00FFA002002F00CFA3C2002F0BB
:103A600009FA002002F006FA4B2002F003FA0020C7
:103A700002F000FA5D2002F0FDF9002002F0FAF9F0
:103A8000742002F0F7F9002002F0F4F9842002F02B
:103A9000F1F9002002F0EEF9932002F0EBF900209A
:103AA00002F0E8F9A22002F0E5F9002002F0E2F9C4
:103AB000B32002F0DFF9002002F0DCF9BE2002F0B2
:103AC000D9F9002002F0D6F9C42002F0D3F9002081
:103AD00002F0D0F9CD2002F0CDF9002002F0CAF9B1
:103AE000D32002F0C7F9002002F0C4F9DD2002F073
:103AF000C1F9002002F0BEF9F32002F0BBF900206A
:103B000002F0B8F9E52002F0C1F9002002F0B2F9A4
:103B1000002002F0AFF9002002F0ACF9002002F022
:103B2000A9F9022002F0A6F9002002F0A3F9292049
:103B300002F0A0F9002002F09DF93C2002F09AF971
:103B4000002002F097F94B2002F094F9002002F0D7
:103B500091F95D2002F08EF9002002F08BF97420BB
:103B600002F088F9002002F085F9842002F082F941
:103B7000002002F07FF9932002F07CF9002002F08F
:103B800079F9A22002F076F9002002F073F9B3204F
:103B900002F070F9002002F06DF9BE2002F06AF91F
:103BA000002002F067F9C42002F064F9002002F05E
:103BB00061F9CD2002F05EF9002002F05BF9D3201C
:103BC00002F058F9002002F055F9DC2002F052F919
:103BD000002002F04FF9F32002F04CF9002002F02F
:103BE00049F9E62002F052F9112002F043F90020D1
:103BF00002F040F9342002F03DF9002002F03AF9D9
:103C0000562002F037F9002002F034F9762002F055
:103C100031F9002002F02EF9772002F02BF9002074
:103C200002F028F9662002F025F9002002F022F9BE
:103C3000882002F01FF9002002F01CF9992002F000
:103C400019F9002002F016F9BB2002F013F9002048
:103C500002F010F9992002F00DF9002002F00AF9A3
:103C6000662002F007F9002002F004F9552002F066
:103C700001F9002002F0FEF8552002F0FBF80020C8
:103C800002F0F8F8452002F0F5F8002002F0F2F812
:103C9000432002F0EFF8002002F0ECF8442002F09C
:103CA000E9F8002002F0E6F8E72002F0EFF8322011
:103CB00002F0E0F8002002F0DDF8552002F0DAF81A
:103CC000002002F0D7F8762002F0D4F8002002F0AD
:103CD000D1F8662002F0CEF8002002F0CBF8672081
:103CE00002F0C8F8002002F0C5F8672002F0C2F820
:103CF000002002F0BFF8872002F0BCF8002002F09C
:103D0000B9F8992002F0B6F8002002F0B3F8BB2011
:103D100002F0B0F8002002F0ADF8992002F0AAF805
:103D2000002002F0A7F8772002F0A4F8002002F0AB
:103D3000A1F8442002F09EF8002002F09BF85620E3
:103D400002F098F8002002F095F8232002F092F893
:103D5000002002F08FF8332002F08CF8002002F0EF
:103D600089F8452002F086F8002002F083F8E82068
:103D700002F08CF8002002F07DF8002002F07AF8C2
:103D8000992002F077F8002002F074F8872002F002
:103D900071F8002002F06EF8882002F06BF8002025
:103DA00002F068F8772002F065F8002002F062F86F
:103DB000662002F05FF8002002F05CF8882002F034
:103DC00059F8002002F056F8AA2002F053F800201B
:103DD00002F050F8BB2002F04DF8002002F04AF843
:103DE000992002F047F8002002F044F8662002F023
:103DF00041F8002002F03EF8552002F03BF8002088
:103E000002F038F8552002F035F8002002F032F8C0
:103E1000442002F02FF8002002F02CF8442002F099
:103E200029F8002002F026F8552002F023F800209F
:103E300002F020F8E92002F029F8AA2002F01AF88E
:103E4000002002F017F8002002F014F8002002F021
:103E500011F8002002F01AF8AA2002F00BF8CF2087
:103E600002F014F8002002F005F8002002F002F839
:103E7000002001F0FFFF002001F0FCFF002001F016
:103E8000F9FF002001F0F6FF002001F0F3FF002011
:103E900001F0F0FF002001F0EDFF002001F0EAFF4B
:103EA000002001F0E7FF002001F0E4FF002001F016
:103EB000E1FF002001F0DEFF002001F0DBFF002029
:103EC00001F0D8FF002001F0D5FFF02001F0DEFF67
:103ED000002001F0CFFF502001F0CCFF002001F0C6
:103EE000C9FF002001F0C6FF002001F0C3FFF3204E
:103EF00001F0CCFF002001F0BDFFF92001F0C6FF6A
:103F0000062001F0B7FF102001F0B4FF292001F0D6
:103F1000B1FF002001F0AEFF3A2001F0B7FF5520BD
:103F200001F0A8FF112001F0B1FF6420FCF785F932
:103F3000292001F0ABFF352001F0A8FF002001F09F
:103F400099FF512001F0A2FFFF2001F093FF5320C1
:103F500001F09CFF2C2001F08DFF552001F096FF11
:103F6000822001F087FF2C2001F090FF10BD10B5DA
:103F700055214FF4704001F09FFFAA214FF201003C
:103F800001F09AFF52214FF2020001F095FF082143
:103F90004FF2030001F090FF01214FF2040001F005
:103FA0008BFF0D214FF4304001F086FF0D214BF2C5
:103FB000010001F081FF0D214BF2020001F07CFFB6
:103FC00034214FF4364001F077FF34214BF2016089
:103FD00001F072FF34214BF2026001F06DFF0D2100
:103FE0004FF4314001F068FF0D214BF2011001F058
:103FF00063FF0D214BF2021001F05EFF34214FF4FC
:10400000374001F059FF34214BF2017001F054FFA9
:1040100034214BF2027001F04FFF00214FF4324087
:1040200001F04AFF00214BF2012001F045FF002181
:104030004BF2022001F040FF24214FF4384001F000
:104040003BFF24214BF6010001F036FF24214BF603
:10405000020001F031FF01214FF43F4001F02CFF3D
:104060000F214FF4334001F027FF0F214BF20130B5
:1040700001F022FF0F214BF2023001F01DFF34212D
:104080004FF4394001F018FF34214BF6011001F0D4
:1040900013FF34214BF6021001F00EFF08214FF4FC
:1040A000354001F009FF08214BF2015001F004FFF7
:1040B00008214BF2025001F0FFFE03214FF4424071
:1040C00001F0FAFE24214FF43A4001F0F5FE2421DC
:1040D0004BF6012001F0F0FE24214BF6022001F006
:1040E000EBFE00214FF43C4001F0E6FE78214BF658
:1040F000014001F0E1FE00214BF6024001F0DCFE40
:1041000000214FF43D4001F0D7FE78214BF60150DD
:1041100001F0D2FE00214BF6025001F0CDFE00214D
:104120004FF43E4001F0C8FE64214BF6016001F0FF
:10413000C3FE00214FF4514001F0BEFE33214DF289
:10414000011001F0B9FE00214DF2021001F0B4FEA1
:1041500034214DF2031001F0AFFE00214DF20410A6
:1041600001F0AAFE3A214DF2051001F0A5FE002152
:104170004DF2061001F0A0FE4A214DF2071001F0A9
:104180009BFE00214DF2081001F096FE5C214DF2DD
:10419000091001F091FE00214DF20A1001F08CFE91
:1041A00081214DF20B1001F087FE00214DF20C1021
:1041B00001F082FEA6214DF20D1001F07DFE0021DE
:1041C0004DF20E1001F078FEE5214DF20F1001F0D6
:1041D00073FE01214DF2101001F06EFE13214DF21D
:1041E000111001F069FE01214DF2121001F064FE80
:1041F00054214DF2131001F05FFE01214DF2141015
:1042000001F05AFE82214DF2151001F055FE0121F8
:104210004DF2161001F050FECA214DF2171001F0B8
:104220004BFE02214DF2181001F046FE00214DF226
:10423000191001F041FE02214DF21A1001F03CFE6E
:1042400001214DF21B1001F037FE02214DF21C102E
:1042500001F032FE34214DF21D1001F02DFE02213D
:104260004DF21E1001F028FE67214DF21F1001F0E3
:1042700023FE02214DF2201001F01EFE84214DF29A
:10428000211001F019FE02214DF2221001F014FE5E
:10429000A4214DF2231001F00FFE02214DF2241053
:1042A00001F00AFEB7214DF2251001F005FE0221B2
:1042B0004DF2261001F000FECF214DF2271001F043
:1042C000FBFD02214DF2281001F0F6FDDE214DF23A
:1042D000291001F0F1FD02214DF22A1001F0ECFD50
:1042E000F2214DF22B1001F0E7FD02214DF22C10CE
:1042F00001F0E2FDFE214DF22D1001F0DDFD032164
:104300004DF22E1001F0D8FD10214DF22F1001F0CA
:10431000D3FD03214DF2301001F0CEFD33214DF2DB
:10432000311001F0C9FD03214DF2321001F0C4FD3E
:104330006D214DF2331001F0BFFD00214FF45240CA
:1043400001F0BAFD33214DF2012001F0B5FD00214D
:104350004DF2022001F0B0FD34214DF2032001F0B6
:10436000ABFD00214DF2042001F0A6FD3A214DF2F3
:10437000052001F0A1FD00214DF2062001F09CFD79
:104380004A214DF2072001F097FD00214DF208204F
:1043900001F092FD5C214DF2092001F08DFD00211C
:1043A0004DF20A2001F088FD81214DF20B2001F031
:1043B00083FD00214DF20C2001F07EFDA6214DF27F
:1043C0000D2001F079FD00214DF20E2001F074FD69
:1043D000E5214DF20F2001F06FFD01214DF210207B
:1043E00001F06AFD13214DF2112001F065FD01215C
:1043F0004DF2122001F060FD54214DF2132001F026
:104400005BFD01214DF2142001F056FD82214DF299
:10441000152001F051FD01214DF2162001F04CFD57
:10442000CA214DF2172001F047FD02214DF218205C
:1044300001F042FD00214DF2192001F03DFD022165
:104440004DF21A2001F038FD01214DF21B2001F040
:1044500033FD02214DF21C2001F02EFD34214DF2DE
:104460001D2001F029FD02214DF21E2001F024FD46
:1044700067214DF21F2001F01FFD02214DF2202087
:1044800001F01AFD84214DF2212001F015FD0221D9
:104490004DF2222001F010FDA4214DF2232001F065
:1044A0000BFD02214DF2242001F006FDB7214DF253
:1044B000252001F001FD02214DF2262001F0FCFC37
:1044C000CF214DF2272001F0F7FC02214DF22820E8
:1044D00001F0F2FCDE214DF2292001F0EDFC022179
:1044E0004DF22A2001F0E8FCF2214DF22B2001F0E0
:1044F000E3FC02214DF22C2001F0DEFCFE214DF206
:104500002D2001F0D9FC03214DF22E2001F0D4FC26
:1045100010214DF22F2001F0CFFC03214DF230206D
:1045200001F0CAFC33214DF2312001F0C5FC03211A
:104530004DF2322001F0C0FC6D214DF2332001F02C
:10454000BBFC00214FF4534001F0B6FC33214DF287
:10455000013001F0B1FC00214DF2023001F0ACFC61
:1045600034214DF2033001F0A7FC00214DF204305C
:1045700001F0A2FC3A214DF2053001F09DFC002132
:104580004DF2063001F098FC4A214DF2073001F05F
:1045900093FC00214DF2083001F08EFC5C214DF2BD
:1045A000093001F089FC00214DF20A3001F084FC51
:1045B00081214DF20B3001F07FFC00214DF20C30D7
:1045C00001F07AFCA6214DF20D3001F075FC0021BE
:1045D0004DF20E3001F070FCE5214DF20F3001F08C
:1045E0006BFC01214DF2103001F066FC13214DF2FD
:1045F000113001F061FC01214DF2123001F05CFC40
:1046000054214DF2133001F057FC01214DF21430CA
:1046100001F052FC82214DF2153001F04DFC0121D8
:104620004DF2163001F048FCCA214DF2173001F06E
:1046300043FC02214DF2183001F03EFC00214DF206
:10464000193001F039FC02214DF21A3001F034FC2E
:1046500001214DF21B3001F02FFC02214DF21C30E4
:1046600001F02AFC34214DF21D3001F025FC02211D
:104670004DF21E3001F020FC67214DF21F3001F099
:104680001BFC02214DF2203001F016FC84214DF27A
:10469000213001F011FC02214DF2223001F00CFC1E
:1046A000A4214DF2233001F007FC02214DF2243009
:1046B00001F002FCB7214DF2253001F0FDFB022193
:1046C0004DF2263001F0F8FBCF214DF2273001F0FA
:1046D000F3FB02214DF2283001F0EEFBDE214DF21A
:1046E000293001F0E9FB02214DF22A3001F0E4FB10
:1046F000F2214DF22B3001F0DFFB02214DF22C3084
:1047000001F0DAFBFE214DF22D3001F0D5FB032143
:104710004DF22E3001F0D0FB10214DF22F3001F080
:10472000CBFB03214DF2303001F0C6FB33214DF2BB
:10473000313001F0C1FB03214DF2323001F0BCFBFE
:104740006D214DF2333001F0B7FB00214FF454409E
:1047500001F0B2FB33214DF2014001F0ADFB00212D
:104760004DF2024001F0A8FB34214DF2034001F06C
:10477000A3FB00214DF2044001F09EFB3A214DF2D3
:10478000054001F099FB00214DF2064001F094FB39
:104790004A214DF2074001F08FFB00214DF2084005
:1047A00001F08AFB5C214DF2094001F085FB0021FC
:1047B0004DF20A4001F080FB81214DF20B4001F0E7
:1047C0007BFB00214DF20C4001F076FBA6214DF25F
:1047D0000D4001F071FB00214DF20E4001F06CFB29
:1047E000E5214DF20F4001F067FB01214DF2104031
:1047F00001F062FB13214DF2114001F05DFB01213C
:104800004DF2124001F058FB54214DF2134001F0DB
:1048100053FB01214DF2144001F04EFB82214DF279
:10482000154001F049FB01214DF2164001F044FB17
:10483000CA214DF2174001F03FFB02214DF2184012
:1048400001F03AFB00214DF2194001F035FB022145
:104850004DF21A4001F030FB01214DF21B4001F0F6
:104860002BFB02214DF21C4001F026FB34214DF2BE
:104870001D4001F021FB02214DF21E4001F01CFB06
:1048800067214DF21F4001F017FB02214DF220403D
:1048900001F012FB84214DF2214001F00DFB0221B9
:1048A0004DF2224001F008FBA4214DF2234001F01B
:1048B00003FB02214DF2244001F0FEFAB7214DF234
:1048C000254001F0F9FA02214DF2264001F0F4FAF8
:1048D000CF214DF2274001F0EFFA02214DF228409E
:1048E00001F0EAFADE214DF2294001F0E5FA022159
:1048F0004DF22A4001F0E0FAF2214DF22B4001F096
:10490000DBFA02214DF22C4001F0D6FAFE214DF2E5
:104910002D4001F0D1FA03214DF22E4001F0CCFAE6
:1049200010214DF22F4001F0C7FA03214DF2304023
:1049300001F0C2FA33214DF2314001F0BDFA0321FA
:104940004DF2324001F0B8FA6D214DF2334001F0E2
:10495000B3FA00214FF4554001F0AEFA33214DF285
:10496000015001F0A9FA00214DF2025001F0A4FA21
:1049700034214DF2035001F09FFA00214DF2045012
:1049800001F09AFA3A214DF2055001F095FA002112
:104990004DF2065001F090FA4A214DF2075001F015
:1049A0008BFA00214DF2085001F086FA5C214DF29D
:1049B000095001F081FA00214DF20A5001F07CFA11
:1049C00081214DF20B5001F077FA00214DF20C508D
:1049D00001F072FAA6214DF20D5001F06DFA00219E
:1049E0004DF20E5001F068FAE5214DF20F5001F042
:1049F00063FA01214DF2105001F05EFA13214DF2DD
:104A0000115001F059FA01214DF2125001F054FAFF
:104A100054214DF2135001F04FFA01214DF2145080
:104A200001F04AFA82214DF2155001F045FA0121B8
:104A30004DF2165001F040FACA214DF2175001F024
:104A40003BFA02214DF2185001F036FA00214DF2E6
:104A5000195001F031FA02214DF21A5001F02CFAEE
:104A600001214DF21B5001F027FA02214DF21C509A
:104A700001F022FA34214DF21D5001F01DFA0221FD
:104A80004DF21E5001F018FA67214DF21F5001F04F
:104A900013FA02214DF2205001F00EFA84214DF25A
:104AA000215001F009FA02214DF2225001F004FADE
:104AB000A4214DF2235001F0FFF902214DF22450C0
:104AC00001F0FAF9B7214DF2255001F0F5F9022174
:104AD0004DF2265001F0F0F9CF214DF2275001F0B0
:104AE000EBF902214DF2285001F0E6F9DE214DF2FA
:104AF000295001F0E1F902214DF22A5001F0DCF9D0
:104B0000F2214DF22B5001F0D7F902214DF22C5039
:104B100001F0D2F9FE214DF22D5001F0CDF9032123
:104B20004DF22E5001F0C8F910214DF22F5001F036
:104B3000C3F903214DF2305001F0BEF933214DF29B
:104B4000315001F0B9F903214DF2325001F0B4F9BE
:104B50006D214DF2335001F0AFF900214FF4564072
:104B600001F0AAF933214DF2016001F0A5F900210D
:104B70004DF2026001F0A0F934214DF2036001F022
:104B80009BF900214DF2046001F096F93A214DF2B3
:104B9000056001F091F900214DF2066001F08CF9F9
:104BA0004A214DF2076001F087F900214DF20860BB
:104BB00001F082F95C214DF2096001F07DF90021DC
:104BC0004DF20A6001F078F981214DF20B6001F09D
:104BD00073F900214DF20C6001F06EF9A6214DF23F
:104BE0000D6001F069F900214DF20E6001F064F9E9
:104BF000E5214DF20F6001F05FF901214DF21060E7
:104C000001F05AF913214DF2116001F055F901211B
:104C10004DF2126001F050F954214DF2136001F091
:104C20004BF901214DF2146001F046F982214DF259
:104C3000156001F041F901214DF2166001F03CF9D7
:104C4000CA214DF2176001F037F902214DF21860C8
:104C500001F032F900214DF2196001F02DF9022125
:104C60004DF21A6001F028F901214DF21B6001F0AC
:104C700023F902214DF21C6001F01EF934214DF29E
:104C80001D6001F019F902214DF21E6001F014F9C6
:104C900067214DF21F6001F00FF902214DF22060F3
:104CA00001F00AF984214DF2216001F005F9022199
:104CB0004DF2226001F000F9A4214DF2236001F0D1
:104CC000FBF802214DF2246001F0F6F8B7214DF215
:104CD000256001F0F1F802214DF2266001F0ECF8B8
:104CE000CF214DF2276001F0E7F802214DF2286054
:104CF00001F0E2F8DE214DF2296001F0DDF8022139
:104D00004DF22A6001F0D8F8F2214DF22B6001F04B
:104D1000D3F802214DF22C6001F0CEF8FE214DF2C5
:104D20002D6001F0C9F803214DF22E6001F0C4F8A6
:104D300010214DF22F6001F0BFF803214DF23060D9
:104D400001F0BAF833214DF2316001F0B5F80321DA
:104D50004DF2326001F0B0F86D214DF2336001F098
:104D6000ABF855214FF4704001F0A6F8AA214FF29C
:104D7000010001F0A1F852214FF2020001F09CF86D
:104D800008214FF2030001F097F800214FF20400D0
:104D900001F092F8CC214FF4314001F08DF8002160
:104DA0004BF2011001F088F805214FF4364001F074
:104DB00083F870214FF4374001F07EF870214BF2F8
:104DC000017001F079F801214FF4384001F074F8D6
:104DD00003214BF6010001F06FF803214BF60200AE
:104DE00001F06AF803214BF6030001F065F8022197
:104DF0004FF43C4001F060F800214BF6014001F017
:104E00005BF800214BF6024001F056F8D0214FF438
:104E1000494001F051F802214CF6011001F04CF824
:104E200050214CF6021001F047F850214CF60310C7
:104E300001F042F850214CF6041001F03DF8002139
:104E40004FF4545001F038F855214FF4685001F0F8
:104E500033F84FF4885001F019F87820FBF729FA5D
:104E60004FF4245001F012F810BD10B5E22001F00B
:104E70000DF81D2000F0FEFF022000F0FBFF0420D3
:104E800000F0F8FF6420FBF714FAE02000F0FEFFCA
:104E9000012000F0EFFF0A20FBF7CFF9E02000F03F
:104EA000F5FF032000F0E6FF0C20FBF7C6F9012018
:104EB00000F0ECFF0A20FBF7C0F9E62000F0E6FF67
:104EC0002F2000F0D7FFFF2000F0D4FFFF2000F0DC
:104ED000D1FFB02000F0DAFF202000F0CBFF00204F
:104EE00000F0C8FF032000F0C5FF40F21F3000F0C3
:104EF000C1FF012000F0BEFF40F2DF1000F0BAFF5A
:104F0000002000F0B7FFB42000F0C0FF042000F044
:104F1000B1FF40F21F4000F0ADFF002000F0AAFFFB
:104F20002E2000F0A7FF002000F0A4FF002000F0DA
:104F3000A1FF002000F09EFF002000F09BFFB620A4
:104F400000F0A4FF022000F095FF4FF4037000F082
:104F500091FF002000F08EFF172000F08BFF15203E
:104F600000F088FF002000F085FF002000F082FFA5
:104F7000F02000F08BFF032000F07CFF292000F0E0
:104F800085FFD02000F082FF002000F073FFBE20DC
:104F900000F07CFF052000F06DFFFE2000F06AFFAE
:104FA000012000F067FF002000F064FF002000F007
:104FB00061FF002000F05EFFB82000F067FF0320D3
:104FC00000F058FF012000F055FFBA2000F05EFF0E
:104FD000012000F04FFF10BD10B5112000F056FF6A
:104FE0007820FBF72AF9362000F050FF002000F06F
:104FF00041FF3A2000F04AFF052000F03BFFB220BD
:1050000000F044FF0C2000F035FF0C2000F032FFD0
:10501000002000F02FFF332000F02CFF332000F0A1
:1050200029FFB72000F032FF352000F023FFBB201E
:1050300000F02CFF322000F01DFFC02000F026FF02
:105040000C2000F017FFC22000F020FF012000F02C
:1050500011FFC32000F01AFF102000F00BFFC42046
:1050600000F014FF202000F005FFC62000F00EFF26
:105070000F2000F0FFFED02000F008FFA42000F079
:10508000F9FEA12000F0F6FEE02000F0FFFED020A7
:1050900000F0F0FE002000F0EDFE022000F0EAFE3D
:1050A000072000F0E7FE0A2000F0E4FE282000F0D0
:1050B000E1FE322000F0DEFE442000F0DBFE422064
:1050C00000F0D8FE062000F0D5FE0E2000F0D2FE43
:1050D000122000F0CFFE142000F0CCFE172000F0CC
:1050E000C9FEE12000F0D2FED02000F0C3FE002077
:1050F00000F0C0FE022000F0BDFE072000F0BAFE66
:105100000A2000F0B7FE282000F0B4FE312000F0A5
:10511000B1FE542000F0AEFE472000F0ABFE0E20A2
:1051200000F0A8FE1C2000F0A5FE172000F0A2FE53
:105130001B2000F09FFE1E2000F09CFE2A2000F0A5
:10514000A5FE002000F096FE002000F093FE002057
:1051500000F090FEEF2000F08DFE2B2000F096FE78
:10516000002000F087FE002000F084FE012000F007
:1051700081FE3F2000F07EFE292000F087FE10BD5A
:1051800010B5112000F082FE7820FBF756F836208B
:1051900000F07CFE482000F06DFE3A2000F076FE24
:1051A000552000F067FEF02000F070FEC32000F0F4
:1051B00061FEF02000F06AFE962000F05BFEB42055
:1051C00000F064FE012000F055FEB62000F05EFE07
:1051D0000A2000F04FFEA22000F04CFEB72000F0A5
:1051E00055FEC62000F046FEB92000F04FFE02201A
:1051F00000F040FEE02000F03DFEC02000F046FE42
:10520000802000F037FE162000F034FEC12000F0B0
:105210003DFE192000F02EFEC22000F037FEA72030
:1052200000F028FEC52000F031FE162000F022FE1E
:10523000E82000F02BFE402000F01CFE8A2000F049
:1052400019FE002000F016FE002000F013FE2920B9
:1052500000F010FE192000F00DFEA52000F00AFE5F
:10526000332000F007FEE02000F010FEF02000F0F8
:1052700001FE072000F0FEFD0D2000F0FBFD0420E4
:1052800000F0F8FD052000F0F5FD142000F0F2FD1F
:10529000362000F0EFFD542000F0ECFD4C2000F033
:1052A000E9FD382000F0E6FD132000F0E3FD1420B6
:1052B00000F0E0FD2E2000F0DDFD342000F0DAFDEE
:1052C000E12000F0E3FDF02000F0D4FD102000F01C
:1052D000D1FD142000F0CEFD0E2000F0CBFD0C20FF
:1052E00000F0C8FD082000F0C5FD352000F0C2FD2B
:1052F000442000F0BFFD4C2000F0BCFD262000F053
:10530000B9FD102000F0B6FD122000F0B3FD2C20F6
:1053100000F0B0FD322000F0ADFDF02000F0B6FD51
:105320003C2000F0A7FDF02000F0B0FD692000F067
:10533000A1FD7820FAF781FF212000F0A7FD2920A8
:1053400000F0A4FD10BD000000B595B000BF00BF87
:10535000F948006840F00800F7490860084600680E
:1053600000F00800019000BF00BF00BF00BF00BFF9
:105370000846006840F0080008600846006800F031
:105380000800019000BF00BF00BF00BF00BF08467B
:10539000006840F0080008600846006800F0080057
:1053A000019000BF00BF00BF00BF00BF08460068FB
:1053B00040F0100008600846006800F010000190FE
:1053C00000BF00BF00BF00BF00BF0846006840F03C
:1053D000020008600846006800F00200019000BF6B
:1053E00000BF00BF80201090022011900120129079
:1053F000032013900C20149010A9D048FAF7FAFE5D
:105400002020109010A9CD48FAF7F4FE102010903B
:1054100010A9CA48FAF7EEFE0820109010A9C84853
:10542000FAF7E8FE202010900120119010A9C5483D
:10543000FAF7E0FEC448C5490860C5484860002046
:1054400088600021C148C1600161102141610021D3
:105450008161C16101624FF480514162002181622A
:105460004FF48041C1620021016341634FF4801118
:1054700081630F20099000200A904E200B9000209D
:105480000F900F200290002003900F200490002026
:10549000089002AA09A9AD48FAF7C2FF3220FAF72C
:1054A000CCFED32000F0F2FC00F0E0F9A94988809E
:1054B00000F0DCF9A749888000F0D8F9A549888078
:1054C000084680884FF6FF7101EA0020A1498880D4
:1054D00000F0CCF99F49898808439E498880084696
:1054E000808849F2413188427ED0042000F0CEFC11
:1054F00000F0BCF99749888000F0B8F99549888098
:1055000000F0B4F993498880084680884FF6FF710F
:1055100001EA00208F49888000F0A8F98D49898828
:1055200008438C4988800846808848F25251884256
:1055300003D147F28970874988808648808847F27E
:1055400089718842D0D0D42000F0A0FC00F08EF900
:105550008049888000F08AF97E49888000F086F9C9
:105560007C498880084680884FF6FF7101EA002058
:105570007849888000F07AF9764989880843754926
:1055800088800846808845F210318842ACD0D3200C
:1055900000F07CFC00F06AF96E49888000F066F942
:1055A0006C49888000F062F96A49888008468088E2
:1055B0004FF6FF7101EA00206649888000F056F935
:1055C000644989880843634988800846808847F28F
:1055D0009671884288D055214FF4704000F06CFCE1
:1055E000AA214FF2010000E07CE000F065FC5221AE
:1055F0004FF2020000F060FC08214FF2030000F0BF
:105600005BFC01214FF2040000F056FC4FF44540D2
:1056100000F03CFC00F02AF94E498880084680885A
:105620004FF6FF7101EA00204A4988804CF2015090
:1056300000F02CFC00F01AF94649898808434549D6
:1056400088800520FAF7F9FD4248808845F210511C
:10565000884247D0D32000F019FC00F007F93D49FB
:10566000888000F003F93B49888000F0FFF8394951
:105670008880084680884FF6FF7101EA002035498E
:10568000888000F0F3F833498988084331498880DD
:105690000846808849F60601884223D0A12000F000
:1056A000F5FB00F0E3F82B49888000F0DFF829498A
:1056B0008880084680884FF6FF7101EA002025495E
:1056C000888000F0D3F823498988084321498880DD
:1056D0000846808845F26171884203D141F6631023
:1056E0001C4988801B4881881BA0FAF78FFC194849
:1056F000808847F28971884202D1FFF76DFC4EE045
:105700001448808849F24131884202D1FDF700FAFD
:1057100045E01048808845F21031884202D1FDF7FB
:10572000ADFC3CE00B48808847F29671884219D165
:10573000FFF726FD33E00000E0440258000C025859
:10574000001002580004025800400052C0200024FB
:10575000044100520C2100244C43442049443A2582
:10576000780D0A003548808845F21051884202D1F0
:10577000FEF7FDFB13E03148808849F606018842B8
:1057800002D1FDF7DBFA0AE02C48808841F663116C
:10579000884204D1FFF769FB642000F043FB2748EF
:1057A000808847F2897188420BD02448808847F26C
:1057B0009671884205D02148808849F606018842C2
:1057C0000AD10520029004901D49CB6A8A68486876
:1057D00002A9FAF783FD21E01848808849F2413197
:1057E000884211D01548808841F6631188420BD059
:1057F0001248808845F21031884205D00F488088D1
:1058000045F21051884209D10320029004900C49BE
:10581000CB6A8A68486802A9FAF760FD0020FDF7A4
:10582000B1F800BF012220210648FAF701FD00BFB0
:105830004FF6FF70FDF78CF815B000BD0C21002469
:10584000C02000240004025800BF011EA0F1010086
:10585000FBD1704710B50246012000E050430B1EFB
:10586000A1F10104E1B2F9D110BD000008B5022098
:10587000FFF7EAFF024800880090BDF8000008BD6D
:1058800000001060F0B50546002400278B488079A1
:10589000012805D18948808841F66311884208D1E2
:1058A00086488079F0B98548808841F6631188423E
:1058B00018D1082D15D2DFE805F00406080A0C0EF1
:1058C000101206250DE007250BE0042509E005254B
:1058D00007E0012505E0002503E0032501E002259E
:1058E00000BF00BF082D1CD2DFE805F00406090C3C
:1058F0000F12151800BF14E044F0800411E044F0CA
:1059000040040EE044F0C0040BE044F0200408E042
:1059100044F0600405E044F0A00402E044F0E00438
:1059200000BF00BF36276548808845F21051884285
:1059300000D13F026148808849F2413188420BD052
:105940005E48808847F28971884205D05B4880882C
:1059500047F29671884201D144F008042146384646
:1059600000F0AAFA5548808841F6631188421DD09C
:1059700004F0200068B151480088504949888842A5
:1059800014DA4E48068840884C490880084646800C
:105990000CE04A48008849494988884206DD474862
:1059A00006884088454908800846468043488088E4
:1059B00045F21051884252D14049488900F066FAB8
:1059C000002000F057FA3D494989491C88B200F08F
:1059D0005DFA002000F04EFA38494989891C88B2E6
:1059E00000F054FA35490988491EC1F30F2000F030
:1059F00041FA32494989C91C88B200F047FA2F4957
:105A00000978491EC8B200F035FA2C49888900F09F
:105A10003DFA002000F02EFA28498989491C88B2F5
:105A200000F034FA002000F025FA24498989891C05
:105A300088B200F02BFA21494988491EC1F30F2092
:105A400000F018FA1D498989C91C88B200F01EFAB5
:105A50001A498978491EC8B200F00CFA2DE017499E
:105A6000488900F013FA002000F004FA002000F04A
:105A700001FA12490988491EC1F30F2000F0FAF912
:105A80000E490978491EC8B200F0F4F90B4988891B
:105A900000F0FCF9002000F0EDF9002000F0EAF938
:105AA00006494988491EC1F30F2000F0E3F9034974
:105AB0008978491EC8B200F0DDF9F0BD0C21002440
:105AC00010B502460C464548808841F6631188426D
:105AD00047D142488079A8B940480088401E801AC2
:105AE00082B23E49488900F0D1F9002000F0C2F9A5
:105AF000002000F0BFF9101200F0BCF9D0B200F0A5
:105B0000B9F916E03549488900F0C0F9101200F0E3
:105B1000B1F9D0B200F0AEF930490988491EC1F39D
:105B20000F2000F0A7F92D490978491EC8B200F0EE
:105B3000A1F92A49888900F0A9F9201200F09AF900
:105B4000E0B200F097F925494988491EC1F30F20BA
:105B500000F090F921498978491EC8B200F08AF90D
:105B60003AE01E48808845F21051884220D11B49F6
:105B7000488900F08BF9101200F07CF91749498927
:105B8000491C88B200F082F9D0B200F073F91349D1
:105B9000888900F07BF9201200F06CF90F4989899F
:105BA000491C88B200F072F9E0B200F063F913E02A
:105BB0000A49488900F06AF9101200F05BF9D0B286
:105BC00000F058F90549888900F060F9201200F0CA
:105BD00051F9E0B200F04EF910BD00000C21002494
:105BE0002DE9FC4F80460E4615461C46B346002064
:105BF000019000902046E31704EB5373DB1021461D
:105C00004FEAE47C04EB5C7C4FEAEC0CA4EBCC0C9C
:105C1000BCF1000F02D04FF0010C01E04FF0000C7E
:105C20006344224604EBD27C4FEA6C0C03FB0CF37A
:105C3000DBB20193A5F12000C5B20C2C06D0102CCC
:105C40000BD0182C0ED0202C18D112E005EB4500FB
:105C50002D4901EB8000009012E02C4800EB05106C
:105C600000900DE005EBC500294901EB8000009094
:105C700006E0284800EBC510009001E0BDE8FC8F6D
:105C800000BF00273AE0009810F807904FF0000A94
:105C90002EE009F0800028B1314640460C9AFCF70E
:105CA00027FF07E00B9828B91B4831460268404699
:105CB000FCF71EFF4FEA49604FEA1069701C86B27C
:105CC00016484088B04200DCD8E7A6EB0B00A042A3
:105CD0000AD15E4608F101001FFA80F80F480088DB
:105CE000404500DCCAE706E00AF1010000F0FF0AC7
:105CF000BAF1080FCDDB00BF781CC7B2019887420C
:105D0000C1DB00BFBAE70000A86000901C650090EE
:105D10000C6B009068780090240000240C21002473
:105D20002DE9FF4F83B0074691461E46DDE9105A24
:105D30000020029000243AE0301B401EC1B20A202D
:105D4000FFF788FDB9FBF0F00A21B0FBF1F201FB8F
:105D500012080298B8B9701EA04214DDB8F1000F05
:105D60000FD10020AB4605EBDB71491001FB04713C
:105D7000CDE9000A88B22B4620220499FFF730FFB4
:105D800013E0012002900020AB4605EBDB714910C7
:105D900001FB0471CDE9000A88B208F13001CAB2F2
:105DA0002B460499FFF71CFF00BF601CC4B2B4422D
:105DB000C2DB07B0BDE8F08F2DE9FC4F04460D466D
:105DC00090469946DDE90C7A0B9E04F0FF0B08EB38
:105DD00004001FFA80F809EB05001FFA80F917E0AC
:105DE000444502DB5C46A81985B24D4500DB15E051
:105DF0000020CDE9000A3A78334629462046FFF7CD
:105E0000EFFE304606EBD07104EB61018CB27F1CD3
:105E100038787E2802DC38782028E1DA00BFBDE837
:105E2000FC8F000000B50246BE2000F02FF80520D0
:105E300000F020F800EE102AB8EE400B9FED0B1B8F
:105E400020EE010BBCEEC00B10EE101A88B200F071
:105E500011F8012000F00EF8FF2000F00BF80020F0
:105E600000F008F8002000F005F800BD66666666E0
:105E70006666044001B5BDF800000090BDF8000062
:105E80000149088008BD00000000106001B5BDF8A0
:105E900000000090BDF800000149088008BD000026
:105EA000FEFF0F6002480089024908807047000029
:105EB0000C210024FEFF0F60024A1080921C11800A
:105EC00070470000FEFF0F6000B587B000BF00BF45
:105ED0002C48006840F002002A4908600846006823
:105EE00000F00200019000BF00BF00BF00BF00BF74
:105EF0000846006840F0100008600846006800F09E
:105F00001000019000BF00BF00BF00BF00BF0846E7
:105F1000006840F0100008600846006800F01000BB
:105F2000019000BF00BF00BF10200290012003902D
:105F30000490059002A91448FAF75CF940200290F9
:105F400002A91248FAF756F92020029002A90F4838
:105F5000FAF750F900BF012210210B48FAF768F94F
:105F600000BF00BF012240210848FAF761F900BFD5
:105F700000BF012220210548FAF75AF900BF07B0F7
:105F800000BD0000E044025800040258001002580E
:105F90001FB5012000220323CDE9012000930390C7
:105FA000134602461021400700F04FF8012000225E
:105FB0000323CDE90120009303901346022212210E
:105FC000480600F042F8012000220323CDE9012019
:105FD00000930390134603221221100700F035F8B6
:105FE000012000220323CDE90120009303901346F2
:105FF00004220F214FF0605000F027F80020032307
:10600000CDE90030029003460522192103904FF09C
:10601000C04000F01AF8012000220323CDE901203E
:1060200000930390134606221921500700F00DF843
:1060300000200323CDE900300290012307221B2119
:106040000390C80700F001F81FBD2DE9FF5F04466B
:106050000D4616461F46DDE910ABDDE90E89FAF75D
:106060002DF901208DF80000F0B28DF801000194A7
:10607000E8B28DF8080000208DF809008DF80A00BC
:106080008DF80B808DF80C708DF80D908DF80EA0AA
:106090008DF80FB06846FAF716F90420FAF718F9E8
:1060A000002004B0BDE8F09F0000000000000000E8
:1060B00000000000000000003F4000000000000061
:1060C00000003000400030004000000009000BC01C
:1060D0003D000BC03D00090018C024407FE0224075
:1060E00031800000180024C01B000D803240018068
:1060F00003801C4027401C800740004010006000C7
:1061000000000000000000000000000000001F80F0
:10611000204040200000402020401F800000000060
:10612000090006001F8006000900000004000400AA
:106130003F80040004000000001000600000000028
:10614000000000000400040004000400040000003B
:10615000000000400000000000000000002001C01E
:1061600006003800400000001F80204020402040F2
:106170001F800000000010403FC0004000000000F1
:1061800018C02140224024401840000010802040C8
:10619000244024401B80000002000D0011003FC07D
:1061A000014000003C802440244024402380000023
:1061B0001F80244024403440038000003000200031
:1061C00027C03800200000001B80244024402440C9
:1061D0001B8000001C0022C0224022401F800000C3
:1061E0000000000008400000000000000000000067
:1061F0000460000000000000000004000A0011001C
:106200002080404009000900090009000900000041
:1062100000004040208011000A0004001800200007
:1062200023402400180000001F8020402740294000
:106230001F400000004007C039000F0001C00040AF
:1062400020403FC0244024401B8000001F8020408D
:10625000204020403080000020403FC020402040AF
:106260001F80000020403FC024402E4030C000006E
:1062700020403FC024402E00300000000F0010805E
:10628000204022403380020020403FC00400040030
:106290003FC02040204020403FC020402040000020
:1062A0000060202020203FC02000200020403FC070
:1062B00024400B0030C0204020403FC02040004020
:1062C000004000C03FC03C0003C03C003FC0000095
:1062D00020403FC00C4023003FC020001F802040D2
:1062E000204020401F80000020403FC02440240068
:1062F000180000001F802140214020E01FA0000066
:1063000020403FC02440260019C0004018C024404F
:106310002440224031800000300020403FC0204017
:106320003000000020003F80004000403F802000FF
:1063300020003E0001C0070038002000380007C0E0
:106340003C0007C038000000204039C0060039C0BA
:10635000204000002000384007C0384020000000E6
:10636000304021C02640384020C00000000000001E
:106370007FE0402040200000000070000C000380FF
:10638000004000000000402040207FE000000000AE
:10639000000020004000200000000000001000105D
:1063A000001000100010001000000000400000006D
:1063B00000000000000002800540054003C00040CE
:1063C00020003FC004400440038000000000038020
:1063D00004400440064000000000038004402440C4
:1063E0003FC000400000038005400540034000001E
:1063F000000004401FC0244024402000000002E0B0
:10640000055005500650042020403FC004400400C1
:1064100003C000400000044027C00040000000000E
:1064200000100010041027E00000000020403FC0D2
:106430000140070004C00440204020403FC000400D
:106440000040000007C0040007C0040003C00000B3
:10645000044007C00440040003C000400000038063
:106460000440044003800000041007F0045004407E
:1064700003800000000003800440045007F0001077
:10648000044007C002400400040000000000064071
:106490000540054004C00000000004001F800440C7
:1064A00000400000040007800040044007C0004096
:1064B0000400070004C0018006000400060001C0BB
:1064C000070001C006000000044006C0010006C02D
:1064D000044000000410071004E0018006000400DE
:1064E0000000044005C00640044000000000000019
:1064F00004007BE040200000000000000000FFF0EE
:1065000000000000000040207BE0040000000000CC
:1065100040008000400020002000400000000000FB
:10652000000000000000000000000000000000006B
:1065300000001FCC000C000000000000000008005C
:10654000300060000800300060000000022003FC02
:106550001E20022003FC1E200220000000000E1856
:1065600011043FFF10840C78000000000F0010841D
:106570000F3800C0077818840078000000780F8476
:1065800010C411240E9800E400840008080068007C
:10659000700000000000000000000000000000008B
:1065A000000007E01818200440020000000040022C
:1065B0002004181807E0000000000000024002401C
:1065C00001800FF001800240024000000080008046
:1065D00000800FF800800080008000000001000DA6
:1065E000000E00000000000000000000000000801D
:1065F0000080008000800080008000800000000C8F
:10660000000C000000000000000000000000000678
:10661000001800600180060018002000000007F04C
:10662000080810041004080807F00000000008041F
:1066300008041FFC000400040000000000000E0C11
:1066400010141024104411840E0C000000000C18CB
:1066500010041104110412880C700000000000E006
:106660000320042408241FFC0024000000001F98BD
:10667000108411041104108810700000000007F04D
:1066800008881104110418880070000000001C0024
:10669000100010FC13001C001000000000000E3859
:1066A00011441084108411440E38000000000700CB
:1066B000088C10441044088807F000000000000017
:1066C0000000030C030C00000000000000000000AC
:1066D0000001010600000000000000000000008032
:1066E00001400220041008081004000002200220CB
:1066F00002200220022002200220000000001004DC
:1067000008080410022001400080000000000E0074
:106710001200100C106C10800F00000003E00C1829
:1067200013E4142417C4082807D000000004003C18
:1067300003C41C40074000E4001C000410041FFCBC
:106740001104110411040E880070000003E00C18FD
:1067500010041004100410081C10000010041FFC8A
:10676000100410041004080807F0000010041FFCB7
:106770001104110417C410040818000010041FFCB1
:106780001104110017C010000800000003E00C18ED
:106790001004100410441C780040000010041FFC7A
:1067A00010840080008010841FFC1004000010047E
:1067B00010041FFC1004100400000000000300017E
:1067C000100110011FFE10001000000010041FFC3B
:1067D000110403801464181C1004000010041FFC32
:1067E0001004000400040004000C000010041FFC4E
:1067F0001F0000FC1F001FFC1004000010041FFC01
:106800000C04030000E010181FFC100007F008083B
:10681000100410041004080807F0000010041FFC06
:1068200010841080108010800F00000007F00818FE
:1068300010241024101C080A07F2000010041FFC8A
:106840001104110011C011300E0C000400000E1CC8
:1068500011041084108410441C380000180010002B
:1068600010041FFC100410001800000010001FF896
:1068700010040004000410041FF8100010001E0093
:1068800011E0001C007013801C0010001FC0103CA1
:1068900000E01F0000E0103C1FC000001004180CB6
:1068A000163401C001C01634180C100410001C006E
:1068B000130400FC13041C00100000000804101C4A
:1068C0001064108413041C04101800000000000061
:1068D00000007FFE40024002400200000000300045
:1068E0000C0003800060001C000300000000400258
:1068F000400240027FFE0000000000000000000097
:106900002000400040004000200000000001000185
:106910000001000100010001000100010000400031
:10692000400020000000000000000000000000986F
:10693000012401440144014400FC000410001FFC38
:10694000008801040104008800700000000000704D
:1069500000880104010401040088000000000070A8
:1069600000880104010411081FFC0004000000F865
:10697000014401440144014400C800000000010436
:1069800001040FFC1104110411001800000000D6CE
:1069900001290129012901C90106000010041FFC79
:1069A000008401000100010400FC00040000010457
:1069B000190419FC0004000400000000000000039A
:1069C00000010101190119FE0000000010041FFC64
:1069D0000024004001B4010C010400000000100478
:1069E00010041FFC0004000400000000010401FC6E
:1069F0000104010001FC0104010000FC010401FC90
:106A0000008401000100010400FC0004000000F803
:106A1000010401040104010400F80000010101FF68
:106A2000008501040104008800700000000000706F
:106A3000008801040104010501FF000101040104B3
:106A400001FC00840104010001800000000000CC72
:106A50000124012401240124019800000000010008
:106A6000010007F80104010400000000010001F822
:106A7000000400040004010801FC0004010001807E
:106A80000170000C001001600180010001F0010C98
:106A9000003001C00030010C01F0010000000104D1
:106AA000018C00740170018C01040000010101815E
:106AB0000171000E001801600180010000000184D6
:106AC000010C013401440184010C000000000000AD
:106AD0000000000001003EFC4002400200000000F7
:106AE00000000000FFFF0000000000000000400266
:106AF00040023EFC010000000000000000006000B9
:106B000080008000400040002000200000000000C5
:106B10000000000000000000000000000000000075
:106B20000000000000000000000000000000000065
:106B30000000000000000000000000000000000F46
:106B400080380FFE380F8038000000000000000081
:106B5000000000000000000000000100000600002E
:106B60000C00003800003100000600000C00003866
:106B7000000030000000000000000000618000679D
:106B8000F807F98000618000618000618000618009
:106B90000067F807F9800061800000000000000035
:106BA000000001C0E003E0F00630080418081FFFF1
:106BB000FE040E080787F00381E0000000000000DB
:106BC00001F000060C00040408060C7001F9C00076
:106BD0000E00003BE000EC18070808040C18000346
:106BE000E00000000001E00007F003F818041C08B2
:106BF00004170807E1D003C0E00023B0003C080000
:106C0000200800001000000000000001000031001A
:106C1000003200001C000000000000000000000026
:106C20000000000000000000000000000000000064
:106C30000000000000000000000000007F0001FFD5
:106C4000C00780F00C0018100004200002000000B3
:106C50000000002000021000040C00180780F00162
:106C6000FFC0007F000000000000000000000000E6
:106C70000000000000000000420000660000660006
:106C8000003C0000180003FFC0001800003C00009A
:106C900066000066000042000000000008000008D6
:106CA0000000080000080000080001FFC000080004
:106CB00000080000080000080000080000000000B4
:106CC000000100003100003200001C000000000044
:106CD00000000000000000000000000000000000B4
:106CE0000000000008000008000008000008000084
:106CF0000800000800000800000800000800000864
:106D00000000000000000000000000003800003813
:106D1000000038000000000000000000000000003B
:106D2000000000000000000000000000000600005D
:106D30001C000070000180000E0000380000C00040
:106D40000700001C000030000000000000000000F0
:106D50007F8001FFE0038070060018040008040033
:106D60000806001803807001FFE0007F800000002B
:106D700000000000000001000801000801000803F5
:106D8000FFF807FFF80000080000080000080000F6
:106D90000000000000000001C03802C05804009844
:106DA000040118040218040418061C1803F818013A
:106DB000E0F800000000000000000001C0E003C097
:106DC000F004000804080804080806180803F4186A
:106DD00001E7F00001E000000000000000000000FA
:106DE0000300000D00001100006100008108030194
:106DF0000807FFF80FFFF800010800010800000075
:106E00000000000000E007FCD00608080610080695
:106E10001008061008061838060FF00607C0000014
:106E200000000000000000003F8001FFE00384300C
:106E300002081804100804100804100807181003AA
:106E40000FF00007C000000000000000000003C0B9
:106E5000000700000600000600F80607F806180004
:106E600006E000070000060000000000000000012E
:106E7000E1E003F7F0063410041808041808040CC5
:106E800008040C0806161803F3F001C1E000000026
:106E900000000000F80003FC300306380402080478
:106EA00002080402080404100308F001FFC0007F78
:106EB00000000000000000000000000000000000D2
:106EC00000000000703800703800703800000000CA
:106ED00000000000000000000000000000000000B2
:106EE0000000000000000000301A00301C0000000C
:106EF0000000000000000000000000000000000092
:106F00000000000800001400002200004100008082
:106F1000800100400200200400100800080000006A
:106F200000000000210000210000210000210000DD
:106F3000210000210000210000210000210000218B
:106F4000000000000000000000000800080400101D
:106F5000020020010040008080004100002200006B
:106F6000140000080000000000000003C00004C07E
:106F700000040000080038080F380808380810001E
:106F80000C300007E00003C000000000000000001B
:106F90003F8000FFE0038070020F1006708804C07D
:106FA00088048308047F8802C09003012000FE400B
:106FB0000000080000180001F8003E0801C20007A8
:106FC000020007E20000FE00001FC80001F80000F8
:106FD0003800000804000807FFF807FFF804080855
:106FE00004080804080804080806180803F418012F
:106FF000E7F00001E0000000000000003F8001FF1A
:10700000E00380700200180400080400080400086F
:107010000400100600200780C000000004000807DC
:10702000FFF807FFF8040008040008040008040043
:107030001802001003807001FFE0007F8000000054
:1070400004000807FFF807FFF8040808040808040C
:107050000808040808043E08040008060018010097
:107060006000000004000807FFF807FFF8040808A4
:10707000040800040800040800043E00060000069E
:107080000000018000000000000000003F8001FFC0
:10709000E0038070060018040008040208040208D7
:1070A0000203F00783F0000200000200040008075A
:1070B000FFF807FFF80408080008000008000008AF
:1070C0000000080004080807FFF807FFF80400089C
:1070D0000000000000000400080400080400080785
:1070E000FFF807FFF8040008040008040008000087
:1070F0000000000000000000000600000700000182
:1071000004000104000104000307FFFE07FFFC0464
:10711000000004000004000004000807FFF807FF57
:10712000F8040C08001800003E0004C7800503C8DE
:107130000600F804003804001800000804000807DE
:10714000FFF807FFF804000800000800000800002E
:10715000080000080000080000180000600000009F
:1071600004000807FFF807800807FC00007FC00044
:1071700003F80007C000780007800807FFF807FF42
:10718000F804000804000807FFF807000803C0001F
:1071900000E000003800001E000007000001C004ED
:1071A00000F007FFF8040000000000007F8001FFEE
:1071B000E0038070060018040008040008060018A8
:1071C00003003001FFE0007F80000000040008079A
:1071D000FFF807FFF8040408040400040400040492
:1071E00000040400060C0003F80001F00000000099
:1071F000000000007F8001FFE0038070060088042B
:1072000000880400C806003C03003E01FFE6007F42
:107210008400000004000807FFF807FFF8040808CE
:10722000040800040C00040F00040BC00610F00357
:10723000F03801E00800000800000001E0F803F069
:1072400030063010041808041808040C08040C0850
:107250000206180207F00781E00000000180000626
:10726000000004000004000004000807FFF807FF06
:10727000F80400080400000400000600000180007B
:1072800004000007FFE007FFF004001800000800FA
:10729000000800000800000800000804001007FFB4
:1072A000E004000004000006000007E00007FE0004
:1072B000041FE00001F80000380001E0043E000770
:1072C000C00006000004000004000007E00007FF03
:1072D000C0041FF80007C007F80007FF80043FF84C
:1072E0000007C004F80007000004000000000004CC
:1072F000000806001807C07805F1C8003E00001F0E
:10730000800463E80780F806001804000800000005
:1073100004000006000007800007E008047C080065
:107320001FF80007F800180804E00807000006002E
:10733000000400000000000100080600380400F806
:107340000403E8040F08047C0805F00807C00807D8
:1073500000180400600000000000000000000000B1
:10736000000000000000003FFFFE2000022000029D
:1073700020000220000220000200000000000000A7
:10738000000008000007000000C0000038000006F0
:10739000000001C000003000000E000001000000ED
:1073A0000000000000002000022000022000022057
:1073B00000022000023FFFFE00000000000000006D
:1073C00000000000000000000000000000080000B5
:1073D0001000003000002000003000001000000805
:1073E000000000000000000000000100000100009B
:1073F0000100000100000100000100000100000187
:107400000000010000010000010000010000000078
:10741000000000000020000020000010000010000C
:10742000000000000000000000000000000000005C
:107430000000000000F00019F8001B1800220800EE
:107440002608002408002410003FF8001FF8000060
:107450000800001800000004000007FFF80FFFF00C
:10746000001818001008002008002008003018003C
:107470001FF0000FC00000000000000007C0001F48
:10748000F0001830002008002008002008003C0808
:10749000001C100000600000000000000000000060
:1074A00007C0001FF0003818002008002008002046
:1074B0000804101007FFF80FFFF000001000000094
:1074C0000000000000000007C0001FF000123000A4
:1074D0002218002208002208003208001E10000EA8
:1074E000200000000000000020000020080020080C
:1074F00001FFF803FFF8062008042008042008070D
:10750000200003000000000000000000000E000E3C
:107510006E001FF30031B10020B10020B1003191A5
:10752000001F13002E1E00200E003000000000047B
:10753000000807FFF80FFFF80010080020000020E7
:1075400000002008003FF8001FF8000008000000BD
:1075500000000000000000200800200800200806AD
:107560003FF8063FF800000800000800000800008F
:107570000000000000000000000000000300000305
:10758000002001002001002003063FFE063FFC0012
:10759000000000000000000000000004000807FFD9
:1075A000F80FFFF8000188000300002FC00038F832
:1075B0000020380020080000080000000000000043
:1075C000000004000804000804000807FFF80FFF8B
:1075D000F80000080000080000080000000000009B
:1075E000002008003FF8003FF800100800200000CD
:1075F0003FF8003FF8001008002000003FF8003F6F
:10760000F8000008000000002008003FF8003FF8E4
:10761000001008001000002000002008003FF800C3
:107620001FF80000080000000000000007C0000F65
:10763000F000183000300800200800200800300852
:10764000001830000FF00007C0000000000000002C
:107650002001003FFF003FFF001011002009002023
:1076600008002008003038001FF0000FC0000000A4
:107670000000000007C0001FF000381800200800BC
:107680002008002009001011001FFF003FFF00002C
:1076900001000000002008002008002008003FF83A
:1076A000003FF80008080010080020080020000033
:1076B0003000003000000000000000000000000C5E
:1076C00078001E18003308002308002108002188D4
:1076D0000021980030F00038600000000000000039
:1076E000200000200000200000FFF003FFF8002031
:1076F0000800200800200800003000000000000002
:10770000000000002000003FF0007FF8000018009B
:107710000008000008002010003FF8007FF0000083
:1077200010000000000000002000003000003C00BD
:10773000003F800023F000007800007000238000EC
:107740003C00003000002000002000003C00003F12
:10775000E00023F80000E0002700003E00003FE0CA
:107760000021F80001E0003E0000200000000000C1
:107770002008002008003838003E680027800003F9
:10778000C8002CF80038380020180020080000003D
:10779000000000002000003003003C01003F830097
:1077A00023EC000070002380003C0000200000203B
:1077B0000000000000000000000000380800203831
:1077C0000020F80023E8002F88003E080038080059
:1077D0002018000070000000000000000000000001
:1077E000000000000000000008000014001FF7FC6B
:1077F0003000062000020000000000000000000031
:107800000000000000000000000000000000FFFF7A
:10781000FF00000000000000000000000000000069
:107820000000000000002000023000061FF7FC00EE
:10783000140000080000000000000000000000002C
:107840000000000000000018000060000040000080
:1078500040000020000010000008000004000004A8
:1078600000000C00001000000000000000000000FC
:107870000000000000000000000000000000000008
:1078800000000000000000000000000000000000F8
:1078900000000000000000000000000000000000E8
:1078A00000000000000000000000000000000000D8
:1078B00000000000000000000000000000000000C8
:1078C00000000000000000000000000000000000B8
:1078D00000000000000000000000000000000000A8
:1078E0000000000000000000000000000000000098
:1078F0000000000000000000000000000000000088
:1079000007F000C007FFE1E007F001E0000000C061
:107910000000000000000000000000000000000067
:107920000000000000000000000000000000000057
:107930000000000000000000000000000000000047
:107940000000000000000000000000000000000037
:107950000000000000000000000000000000000027
:107960000000000000000000000000000000000017
:107970000020000001C00000078000001F00000080
:107980001E0000001C20000001C000000780000055
:107990001F0000001E0000001C000000000000008E
:1079A00000000000000000000000000000000000D7
:1079B00000000000000000000000000000000000C7
:1079C00000000000000000000000000000000000B7
:1079D00000000000000000000000000000000000A7
:1079E00000000000000000000000000000180C0073
:1079F00000180C0000180FE0001FFC0003F80C003A
:107A000000180C0000180C0000180C0000180C00E6
:107A100000180FE0001FFC0003F80C0000180C0019
:107A200000180C0000000000000000000000000032
:107A30000000000000000000000000000000000046
:107A40000000000000000000000000000000000036
:107A50000000000000000000000000000000000026
:107A60000000000000000000000000000000000016
:107A700000000780007807C000FC0640010E0020CF
:107A800003070020020380200FFFFFFC0201C0203B
:107A90000200E0600130704001F03F8000F01F0004
:107AA00000000000000000000000000000000000D6
:107AB00000000000000000000000000000000000C6
:107AC00000000000000000000000000000000000B6
:107AD00000000000000000000000000000000000A6
:107AE000000000000000000000FE000001FF000098
:107AF0000301800002008060030181C001FF0700D4
:107B000000FE18000000E0000003BF00000CFFC0F2
:107B10000071806001C10020030180600000FFC08F
:107B200000003F0000000000000000000000000016
:107B30000000000000000000000000000000000045
:107B40000000000000000000000000000000000035
:107B50000000000000000000000000000000000025
:107B6000000000000000000000001F0000007FC0B7
:107B700000FCC0C001FF80600303E0200202782007
:107B800002061E2003FC074001F00380000103C031
:107B900000011C600001E020000100200001004005
:107BA0000000018000000000000000000000000054
:107BB00000000000000000000000000000000000C5
:107BC00000000000000000000000000000000000B5
:107BD00000000000000000000000000000000000A5
:107BE0000000000000000000000000000020000075
:107BF0001C6000001C4000001F8000000F000000FF
:107C00000000000000000000000000000000000074
:107C10000000000000000000000000000000000064
:107C20000000000000000000000000000000000054
:107C30000000000000000000000000000000000044
:107C40000000000000000000000000000000000034
:107C50000000000000000000000000000000000024
:107C60000000000000000000000000000000000014
:107C70000000000000000000000000000000000004
:107C8000000000000007F800003FFF00007807C078
:107C900001C000E0030000300400000808000004F8
:107CA00010000002000000000000000000000000C2
:107CB00000000000000000000000000000000000C4
:107CC00000000000000000000000000000000000B4
:107CD00000000000000000000000000000000000A4
:107CE0000000000000000000000000001000000282
:107CF00008000004040000080300003001C000E098
:107D0000007807C0003FFF000007F80000000000F7
:107D10000000000000000000000000000000000063
:107D20000000000000000000000000000000000053
:107D30000000000000000000000000000000000043
:107D40000000000000000000000000000000000033
:107D50000000000000000000000000000000000023
:107D60000000000000000000000000000000000013
:107D7000000C1800000E3800000E3800000630001D
:107D8000000360000061438000FFFF80006143004A
:107D90000003600000063000000E3800000E3800BE
:107DA000000C1800000000000000000000000000AF
:107DB00000000000000000000000000000000000C3
:107DC00000000000000000000000000000000000B3
:107DD00000000000000000000000000000000000A3
:107DE0000000000000000000000000000000000093
:107DF0000000800000008000000080000000800083
:107E00000000800000008000007FFF000000800074
:107E10000000800000008000000080000000800062
:107E200000008000000000000000000000000000D2
:107E30000000000000000000000000000000000042
:107E40000000000000000000000000000000000032
:107E50000000000000000000000000000000000022
:107E60000000000000000000000000000000000111
:107E7000000000E3000000E2000000FC00000078C9
:107E800000000000000000000000000000000000F2
:107E900000000000000000000000000000000000E2
:107EA00000000000000000000000000000000000D2
:107EB00000000000000000000000000000000000C2
:107EC00000000000000000000000000000000000B2
:107ED00000000000000000000000000000000000A2
:107EE0000000000000000000000000000000800012
:107EF0000000800000008000000080000000800082
:107F00000000800000008000000080000000800071
:107F10000000800000008000000080000000800061
:107F200000008000000000000000000000000000D1
:107F30000000000000000000000000000000000041
:107F40000000000000000000000000000000000031
:107F50000000000000000000000000000000000021
:107F60000000000000000000000000000000000011
:107F7000000000C0000001E0000001E0000000C0BF
:107F800000000000000000000000000000000000F1
:107F900000000000000000000000000000000000E1
:107FA00000000000000000000000000000000000D1
:107FB00000000000000000000000000000000000C1
:107FC00000000000000000000000000000000000B1
:107FD00000000000000000000000000000000000A1
:107FE0000000000000000000000000000000000C85
:107FF00000000038000000E00000038000000E00D8
:10800000000038000000E00000038000000E0000C7
:108010000038000000E00000038000000E000000B7
:108020001800000000000000000000000000000038
:108030000000000000000000000000000000000040
:108040000000000000000000000000000000000030
:108050000000000000000000000000000000000020
:108060000000000000000000000000000000000010
:10807000000FF800007FFF0000F00780018000C0C3
:108080000300006002000020020000200200002027
:1080900003000060018000C000E00380007FFF005B
:1080A000000FF800000000000000000000000000C9
:1080B00000000000000000000000000000000000C0
:1080C00000000000000000000000000000000000B0
:1080D00000000000000000000000000000000000A0
:1080E0000000000000000000000000000000000090
:1080F00000000000008000200080002000800020A0
:108100000080006001FFFFE003FFFFE0000000606F
:1081100000000020000000200000002000000000FF
:10812000000000000000000000000000000000004F
:10813000000000000000000000000000000000003F
:10814000000000000000000000000000000000002F
:10815000000000000000000000000000000000001F
:10816000000000000000000000000000000000000F
:10817000007800E0009801600100026002000460E5
:1081800002000860020010600200206002004060EF
:10819000030080600183006001FE00E0007C078036
:1081A00000000000000000000000000000000000CF
:1081B00000000000000000000000000000000000BF
:1081C00000000000000000000000000000000000AF
:1081D000000000000000000000000000000000009F
:1081E000000000000000000000000000000000008F
:1081F00000F0078001F007C00100004002000020ED
:10820000020100200201002002010020030380205F
:108210000186804001FCC0C000787F8000001E0005
:10822000000000000000000000000000000000004E
:10823000000000000000000000000000000000003E
:10824000000000000000000000000000000000002E
:10825000000000000000000000000000000000001E
:108260000000000000000000000000000000080006
:1082700000003800000048000001880000060800E7
:10828000000C0810003008100040081001FFFFF03B
:1082900003FFFFF003FFFFF00000081000000810CC
:1082A00000000810000000000000000000000000B6
:1082B00000000000000000000000000000000000BE
:1082C00000000000000000000000000000000000AE
:1082D000000000000000000000000000000000009E
:1082E000000000000000000000000000000000008E
:1082F00000000780001F864003E1002003020020E9
:1083000003040020030400200304002003040020D1
:1083100003060040030301C00301FF8003007E0049
:10832000000000000000000000000000000000004D
:10833000000000000000000000000000000000003D
:10834000000000000000000000000000000000002D
:10835000000000000000000000000000000000001D
:10836000000000000000000000000000000000000D
:108370000007FC00003FFF000070C380008180C048
:10838000010100600302002002020020020200201E
:10839000020200200203004001C180C000C0FF8033
:1083A00000007E000000000000000000000000004F
:1083B00000000000000000000000000000000000BD
:1083C00000000000000000000000000000000000AD
:1083D000000000000000000000000000000000009D
:1083E000000000000000000000000000000000008D
:1083F00000F0000003C00000038000000300000044
:10840000030007E003003FE00301C0000306000093
:108410000318000003600000038000000300000058
:10842000000000000000000000000000000000004C
:10843000000000000000000000000000000000003C
:10844000000000000000000000000000000000002C
:10845000000000000000000000000000000000001C
:1084600000000000000000000000000000001F00ED
:1084700000783F8000FC60C0018EC0400307802070
:108480000203002002018020020180200201C0209E
:108490000301E040018670C000FC3F8000781F00AF
:1084A00000000000000000000000000000000000CC
:1084B00000000000000000000000000000000000BC
:1084C00000000000000000000000000000000000AC
:1084D000000000000000000000000000000000009C
:1084E000000000000000000000000000003F00004D
:1084F00000FF81C001C0C1C0010060200200202037
:10850000020020200200202002002060020040C063
:108510000100C18000C18F00007FFE00001FF0003D
:10852000000000000000000000000000000000004B
:10853000000000000000000000000000000000003B
:10854000000000000000000000000000000000002B
:10855000000000000000000000000000000000001B
:10856000000000000000000000000000000000000B
:1085700000000000000000000000000000000000FB
:10858000000300C0000781E0000781E0000300C095
:1085900000000000000000000000000000000000DB
:1085A00000000000000000000000000000000000CB
:1085B00000000000000000000000000000000000BB
:1085C00000000000000000000000000000000000AB
:1085D000000000000000000000000000000000009B
:1085E000000000000000000000000000000000008B
:1085F000000000000000000000000000000000007B
:108600000006006600060078000000000000000080
:10861000000000000000000000000000000000005A
:10862000000000000000000000000000000000004A
:10863000000000000000000000000000000000003A
:10864000000000000000000000000000000000002A
:10865000000000000000000000000000000000001A
:10866000000000000000000000000000000000000A
:10867000000080000001C000000360000006300020
:10868000000C180000180C00003006000060030009
:1086900000C0018001000040020000200400001022
:1086A00000000000000000000000000000000000CA
:1086B00000000000000000000000000000000000BA
:1086C00000000000000000000000000000000000AA
:1086D000000000000000000000000000000000009A
:1086E0000000000000000000000000000004100076
:1086F000000410000004100000041000000410002A
:108700000004100000041000000410000004100019
:108710000004100000041000000410000004100009
:108720000004100000000000000000000000000035
:108730000000000000000000000000000000000039
:108740000000000000000000000000000000000029
:108750000000000000000000000000000000000019
:108760000000000000000000000000000000000009
:1087700004000010020000200100004000C0018041
:10878000006003000030060000180C00000C180008
:1087900000063000000360000001C00000008000FF
:1087A00000000000000000000000000000000000C9
:1087B00000000000000000000000000000000000B9
:1087C00000000000000000000000000000000000A9
:1087D0000000000000000000000000000000000099
:1087E0000000000000000000000000000000000089
:1087F0000078000001F800000238000002000000CC
:10880000040000C0040079E0040081E0040100C01D
:1088100004030000020200000306000001FC000047
:1088200000F8000000000000000000000000000050
:108830000000000000000000000000000000000038
:108840000000000000000000000000000000000028
:108850000000000000000000000000000000000018
:10886000000000000000000000000000000FF80001
:10887000003FFE000070078000C000C00101F8400A
:108880000307FC20021E04200230082002203020B2
:10889000023FFC20013F044001800CC000E0318019
:1088A000001FC200000000000000000000000000E7
:1088B00000000000000000000000000000000000B8
:1088C00000000000000000000000000000000000A8
:1088D0000000000000000000000000000000000098
:1088E0000000000000000000000000200000006008
:1088F000000003E000003E200003E020003E2000D6
:1089000003E020000380200007FC2000003FE0007F
:108910000003FE2000003FE0000001E00000002016
:108920000000002000000000000000000000000027
:108930000000000000000000000000000000000037
:108940000000000000000000000000000000000027
:108950000000000000000000000000000000000017
:1089600000000000000000000000000002000020E5
:108970000200002003FFFFE003FFFFE002010020F0
:10898000020100200201002002010020020100205B
:10899000030300200186806001FCC0C000F87F80D6
:1089A00000001F00000000000000000000000000A8
:1089B00000000000000000000000000000000000B7
:1089C00000000000000000000000000000000000A7
:1089D0000000000000000000000000000000000097
:1089E0000000000000000000000000000007F80088
:1089F000003FFF000070078000C000C00100004081
:108A000003000020020000200200002002000020DD
:108A10000200002001000040018000C003C001806E
:108A20000030060000000000000000000000000010
:108A30000000000000000000000000000000000036
:108A40000000000000000000000000000000000026
:108A50000000000000000000000000000000000016
:108A600000000000000000000000000002000020E4
:108A70000200002003FFFFE003FFFFE002000020F0
:108A8000020000200200002002000020030000601D
:108A900001000040018000C000F00780007FFE0060
:108AA000000FF800000000000000000000000000BF
:108AB00000000000000000000000000000000000B6
:108AC00000000000000000000000000000000000A6
:108AD0000000000000000000000000000000000096
:108AE0000000000000000000000000000200002064
:108AF0000200002003FFFFE003FFFFE0020100206F
:108B000002010020020100200201002002010020D9
:108B100002038020020FE0200300006003C000E099
:108B200000600300000000000000000000000000E2
:108B30000000000000000000000000000000000035
:108B40000000000000000000000000000000000025
:108B50000000000000000000000000000000000015
:108B600000000000000000000000000002000020E3
:108B70000200002003FFFFE003FFFFE002010020EE
:108B800002010020020100000201000002010000B9
:108B90000201000002038000030FE0000300000058
:108BA00003C00000006000000000000000000000A2
:108BB00000000000000000000000000000000000B5
:108BC00000000000000000000000000000000000A5
:108BD0000000000000000000000000000000000095
:108BE0000000000000000000000000000007F80086
:108BF000003FFE000070078001C001C0010000407E
:108C000003000020020000200200002002000020DB
:108C1000010020200100204003C03F8000303F8041
:108C20000000200000002000000000000000000004
:108C30000000000000000000000000000000000034
:108C40000000000000000000000000000000000024
:108C50000000000000000000000000000000000014
:108C600000000000000000000200002002000020C0
:108C700003FFFFE003FFFFE00200802002008020EE
:108C800000008000000080000000800002008020C2
:108C90000200802003FFFFE003FFFFE0020000204E
:108CA00002000020000000000000000000000000A2
:108CB00000000000000000000000000000000000B4
:108CC00000000000000000000000000000000000A4
:108CD0000000000000000000000000000000000094
:108CE0000000000000000000000000000000000084
:108CF000000000000200002002000020020000200E
:108D00000200002003FFFFE003FFFFE0020000205D
:108D100002000020020000200200002000000000ED
:108D20000000000000000000000000000000000043
:108D30000000000000000000000000000000000033
:108D40000000000000000000000000000000000023
:108D50000000000000000000000000000000000013
:108D60000000000000000000000000000000000EF5
:108D70000000000F0000000F0000000102000001D1
:108D800002000001020000030200000603FFFFFCD6
:108D900003FFFFF8020000000200000002000000D4
:108DA00002000000000000000000000000000000C1
:108DB00000000000000000000000000000000000B3
:108DC00000000000000000000000000000000000A3
:108DD0000000000000000000000000000000000093
:108DE0000000000000000000000000000200002061
:108DF0000200002003FFFFE003FFFFE00200C020AD
:108E00000201002000078000000FE0000030F800A1
:108E100002603E2003800F20030003E0020000E018
:108E20000200002000000020000000000000000000
:108E30000000000000000000000000000000000032
:108E40000000000000000000000000000000000022
:108E50000000000000000000000000000000000012
:108E600000000000000000000000000002000020E0
:108E70000200002003FFFFE003FFFFE002000020EC
:108E80000200002000000020000000200000002060
:108E9000000000200000002000000060000000E052
:108EA00000000300000000000000000000000000BF
:108EB00000000000000000000000000000000000B2
:108EC00000000000000000000000000000000000A2
:108ED0000000000000000000000000000000000092
:108EE000000000000000000002000020020000203E
:108EF00003FFFFE003E0002003FF0020001FF0005D
:108F00000001FF8000000FE000001E000003E000F1
:108F1000003E002003E0002003FFFFE003FFFFE02E
:108F200002000020020000200000000000000000FD
:108F30000000000000000000000000000000000031
:108F40000000000000000000000000000000000021
:108F50000000000000000000000000000000000011
:108F600000000000000000000200002002000020BD
:108F700003FFFFE00380002003F0002000FC00005E
:108F8000001F00000007C0000001F00000007C008E
:108F900002001F80020007E003FFFFE00200000064
:108FA00002000000000000000000000000000000BF
:108FB00000000000000000000000000000000000B1
:108FC00000000000000000000000000000000000A1
:108FD0000000000000000000000000000000000091
:108FE000000000000000000000000000000FF8007A
:108FF000003FFE0000F00780018000C0010000403B
:1090000002000020020000200200002002000020D8
:1090100001000040018000C000F00380003FFE001E
:10902000000FF80000000000000000000000000039
:109030000000000000000000000000000000000030
:109040000000000000000000000000000000000020
:109050000000000000000000000000000000000010
:1090600000000000000000000000000002000020DE
:109070000200002003FFFFE003FFFFE0020080206A
:1090800002008020020080000200800002008000B8
:1090900002008000030180000183000000FE000048
:1090A000007C000000000000000000000000000044
:1090B00000000000000000000000000000000000B0
:1090C00000000000000000000000000000000000A0
:1090D0000000000000000000000000000000000090
:1090E000000000000000000000000000000FF80079
:1090F000007FFF0000F00380018001C001000640F6
:10910000020004200200042002000620020003E006
:10911000010000F80180005C00E0038C003FFF0CC0
:10912000000FFC180000000000000000000000001C
:10913000000000000000000000000000000000002F
:10914000000000000000000000000000000000001F
:10915000000000000000000000000000000000000F
:1091600000000000000000000000000002000020DD
:109170000200002003FFFFE003FFFFE002010020E8
:1091800002010020020180000201E0000201FC0057
:1091900003033F80018607E001FC00E000F80020A7
:1091A000000000200000000000000000000000009F
:1091B00000000000000000000000000000000000AF
:1091C000000000000000000000000000000000009F
:1091D000000000000000000000000000000000008F
:1091E000000000000000000000000000000000007F
:1091F0000078060000FE01E0018600C00303004085
:109200000203002002018020020180200201C02010
:109210000200C0200100E060018070C003E03F80D8
:1092200000001F000000000000000000000000001F
:10923000000000000000000000000000000000002E
:10924000000000000000000000000000000000001E
:10925000000000000000000000000000000000000E
:10926000000000000000000000000000006000009E
:109270000380000003000000020000000200002044
:109280000200002003FFFFE003FFFFE002000020D8
:109290000200002002000000020000000380000025
:1092A00000E00000000000000000000000000000DE
:1092B00000000000000000000000000000000000AE
:1092C000000000000000000000000000000000009E
:1092D000000000000000000000000000000000008E
:1092E000000000000000000002000000020000007A
:1092F00003FFFF0003FFFFC0020000400200006008
:1093000000000020000000200000002000000020DD
:10931000020000400200008003FFFF000200000086
:10932000020000000000000000000000000000003B
:10933000000000000000000000000000000000002D
:10934000000000000000000000000000000000001D
:10935000000000000000000000000000000000000D
:1093600000000000000000000000000002000000FB
:109370000200000003C0000003FC0000023FC00028
:109380000003F80000007F80000007E00000078075
:10939000000078000203C000023C000003C000008F
:1093A00002000000020000000000000000000000B9
:1093B00000000000000000000000000000000000AD
:1093C000000000000000000000000000000000009D
:1093D000000000000000000000000000000000008D
:1093E00000000000000000000200000003C00000B8
:1093F00003FF8000023FFE0002007FE000000F003C
:109400000200F00003EF000003FF8000020FFE00E7
:1094100000003FE000001F000207E00003F800002A
:109420000300000002000000000000000000000037
:10943000000000000000000000000000000000002C
:10944000000000000000000000000000000000001C
:10945000000000000000000000000000000000000C
:1094600000000000000000000000000002000020DA
:1094700002000020038000E003F0032002FC0C2027
:10948000021F30000007C0000007F00002187C0037
:1094900002601F20038003E0020000E002000020C1
:1094A000000000200000000000000000000000009C
:1094B00000000000000000000000000000000000AC
:1094C000000000000000000000000000000000009C
:1094D000000000000000000000000000000000008C
:1094E000000000000000000000000000020000007A
:1094F0000300000003C0000003F80000023E00204B
:10950000020FC0200001FFE000007FE00003802088
:10951000021C002002700000038000000200000016
:109520000200000000000000000000000000000039
:10953000000000000000000000000000000000002B
:10954000000000000000000000000000000000001B
:10955000000000000000000000000000000000000B
:1095600000000000000000000000000000000020DB
:10957000006000E0038003E003000FA002003E2033
:109580000200F8200203E020020F8020023E0020AB
:109590000278002003E00060038000E00200030086
:1095A00000000000000000000000000000000000BB
:1095B00000000000000000000000000000000000AB
:1095C000000000000000000000000000000000009B
:1095D000000000000000000000000000000000008B
:1095E000000000000000000000000000000000007B
:1095F000000000000000000000000000000000006B
:109600001FFFFFFC10000004100000041000000405
:1096100010000004100000041000000410000004FA
:10962000000000000000000000000000000000003A
:10963000000000000000000000000000000000002A
:10964000000000000000000000000000000000001A
:10965000000000000000000000000000000000000A
:1096600000000000000000000000000000000000FA
:10967000000000000700000003C0000000780000A8
:10968000001E00000003C0000000F00000001E00EB
:1096900000000780000000F00000003C0000000611
:1096A00000000000000000000000000000000000BA
:1096B00000000000000000000000000000000000AA
:1096C000000000000000000000000000000000009A
:1096D000000000000000000000000000000000008A
:1096E000000000000000000000000000000000007A
:1096F000100000041000000410000004100000041A
:109700001000000410000004100000041FFFFFFC04
:109710000000000000000000000000000000000049
:109720000000000000000000000000000000000039
:109730000000000000000000000000000000000029
:109740000000000000000000000000000000000019
:109750000000000000000000000000000000000009
:1097600000000000000000000000000000000000F9
:1097700000000000000000000200000004000000E3
:109780000800000018000000100000001800000091
:1097900018000000040000000200000000000000AB
:1097A00000000000000000000000000000000000B9
:1097B00000000000000000000000000000000000A9
:1097C0000000000000000000000000000000000099
:1097D0000000000000000000000000000000000089
:1097E0000000000000000000000000010000000177
:1097F0000000000100000001000000010000000165
:109800000000000100000001000000010000000154
:109810000000000100000001000000010000000144
:109820000000000100000001000000000000000036
:109830000000000000000000000000000000000028
:109840000000000000000000000000000000000018
:109850000000000000000000000000000000000008
:1098600000000000000000000000000000000000F8
:1098700000000000100000001000000010000000B8
:1098800018000000080000000400000000000000B4
:1098900000000000000000000000000000000000C8
:1098A00000000000000000000000000000000000B8
:1098B00000000000000000000000000000000000A8
:1098C0000000000000000000000000000000000098
:1098D0000000000000000000000000000000000088
:1098E00000000000000000000000000000000380F5
:1098F00000018FC000038C600006182000041020B7
:109900000004102000042020000420400006204015
:109910000003FFC00001FFE0000000200000002065
:10992000000000C000000000000000000000000077
:109930000000000000000000000000000000000027
:109940000000000000000000000000000000000017
:109950000000000000000000000000000000000007
:1099600000000000000000000000000002000000F5
:109970000200000003FFFFE007FFFFC0000180C0FE
:10998000000200600002002000040020000400200B
:109990000004002000060040000300C00001FF801A
:1099A0000000FE00000000000000000000000000B9
:1099B00000000000000000000000000000000000A7
:1099C0000000000000000000000000000000000097
:1099D0000000000000000000000000000000000087
:1099E0000000000000000000000000000000000077
:1099F00000007E000001FF80000381C000020040E3
:109A000000060020000400200004002000040020C4
:109A1000000600200003C0400001C08000000300D9
:109A20000000000000000000000000000000000036
:109A30000000000000000000000000000000000026
:109A40000000000000000000000000000000000016
:109A50000000000000000000000000000000000006
:109A600000000000000000000000000000000000F6
:109A700000007E000001FF80000380C0000600603F
:109A80000004002000040020000400200204004024
:109A90000202008003FFFFE007FFFFC0000000405C
:109AA0000000004000000000000000000000000076
:109AB00000000000000000000000000000000000A6
:109AC0000000000000000000000000000000000096
:109AD0000000000000000000000000000000000086
:109AE0000000000000000000000000000000000076
:109AF00000007E000001FF80000311C00002104042
:109B00000004106000041020000410200004102045
:109B100000061020000310400001F0C0000071009A
:109B20000000000000000000000000000000000035
:109B30000000000000000000000000000000000025
:109B40000000000000000000000000000000000015
:109B50000000000000000000000000000000000005
:109B600000000000000000000000000000000000F5
:109B70000004000000040020000400200004002075
:109B8000007FFFE001FFFFE001040020030400204C
:109B90000204002002040020020400000200000071
:109BA00001C0000001C00000000000000000000033
:109BB00000000000000000000000000000000000A5
:109BC0000000000000000000000000000000000095
:109BD0000000000000000000000000000000000085
:109BE0000000000000000000000000000000000075
:109BF0000000001C0000E33E0003FFC200020CC393
:109C0000000404C1000404C1000404C1000404C130
:109C100000060CC10003F8C30005F0620006007ED8
:109C20000006003C000000000000000000000000F2
:109C30000000000000000000000000000000000024
:109C40000000000000000000000000000000000014
:109C50000000000000000000000000000000000004
:109C600000000000000000000000000002000020D2
:109C70000200002003FFFFE007FFFFE000010020DB
:109C800000020020000600000004000000040000A4
:109C900000040020000600200003FFE00001FFE0B8
:109CA0000000002000000020000000000000000074
:109CB00000000000000000000000000000000000A4
:109CC0000000000000000000000000000000000094
:109CD0000000000000000000000000000000000084
:109CE0000000000000000000000000000000000074
:109CF00000000000000400200004002000040020F8
:109D0000000400200387FFE0038FFFE003800020B2
:109D100000000020000000200000002000000000E3
:109D20000000000000000000000000000000000033
:109D30000000000000000000000000000000000023
:109D40000000000000000000000000000000000013
:109D50000000000000000000000000000000000003
:109D600000000000000000000000000000000000F3
:109D700000000000000000060000000700000001D5
:109D800000000001000400010004000100040003C1
:109D9000000400060387FFFC038FFFF80380000028
:109DA00000000000000000000000000000000000B3
:109DB00000000000000000000000000000000000A3
:109DC0000000000000000000000000000000000093
:109DD0000000000000000000000000000000000083
:109DE0000000000000000000000000000200002051
:109DF0000200002003FFFFE007FFFFE00000082053
:109E000000001020000030000000FC0000058E0063
:109E1000000707A0000601E0000400E000040020A5
:109E20000000002000000000000000000000000012
:109E30000000000000000000000000000000000022
:109E40000000000000000000000000000000000012
:109E50000000000000000000000000000000000002
:109E600000000000000000000000000000000000F2
:109E7000000000000200002002000020020000207C
:109E80000200002003FFFFE007FFFFE000000020CA
:109E90000000002000000020000000200000000062
:109EA00000000000000000000000000000000000B2
:109EB00000000000000000000000000000000000A2
:109EC0000000000000000000000000000000000092
:109ED0000000000000000000000000000000000082
:109EE000000000000000000000000000000400204E
:109EF0000007FFE0000FFFE0000200200004000068
:109F0000000400200007FFE00003FFE00002002043
:109F100000040000000400200007FFE00003FFE051
:109F20000000002000000000000000000000000011
:109F30000000000000000000000000000000000021
:109F40000000000000000000000000000000000011
:109F50000000000000000000000000000000000001
:109F600000000000000000000000000000040020CD
:109F7000000400200007FFE0000FFFE000010020C8
:109F800000020020000200000004000000040000A5
:109F900000040020000600200003FFE00001FFE0B5
:109FA0000000002000000020000000000000000071
:109FB00000000000000000000000000000000000A1
:109FC0000000000000000000000000000000000091
:109FD0000000000000000000000000000000000081
:109FE0000000000000000000000000000000000071
:109FF00000007E000000FF80000381C000020040DE
:10A0000000060020000400200004002000040020BE
:10A010000006002000020040000381C00001FF8014
:10A0200000007E00000000000000000000000000B2
:10A030000000000000000000000000000000000020
:10A040000000000000000000000000000000000010
:10A050000000000000000000000000000000000000
:10A0600000000000000000000000000000040001EB
:10A07000000400010007FFFF000FFFFF000100C107
:10A080000002004100040020000400200004002021
:10A090000004002000060040000301C00001FF8012
:10A0A00000007E0000000000000000000000000032
:10A0B00000000000000000000000000000000000A0
:10A0C0000000000000000000000000000000000090
:10A0D0000000000000000000000000000000000080
:10A0E0000000000000000000000000000000000070
:10A0F00000007E000001FF80000380C000020060BD
:10A1000000040020000400200004002000040020BF
:10A1100000020041000300C10003FFFF0007FFFF32
:10A12000000000010000000100000000000000002D
:10A13000000000000000000000000000000000001F
:10A14000000000000000000000000000000000000F
:10A1500000000000000000000000000000000000FF
:10A1600000000000000000000000000000040020CB
:10A17000000400200004002000040020000FFFE085
:10A18000000FFFE00000C0200001002000020020BE
:10A19000000600200004000000040000000700008A
:10A1A00000030000000000000000000000000000AC
:10A1B000000000000000000000000000000000009F
:10A1C000000000000000000000000000000000008F
:10A1D000000000000000000000000000000000007F
:10A1E000000000000000000000000000000000006F
:10A1F000000003E00001C0E00003E0400006302062
:10A200000004302000041820000418200004182046
:10A2100000040C2000020C60000307C000078380CC
:10A22000000000000000000000000000000000002E
:10A23000000000000000000000000000000000001E
:10A24000000000000000000000000000000000000E
:10A2500000000000000000000000000000000000FE
:10A2600000000000000000000000000000000000EE
:10A27000000400000004000000040000000C0000C6
:10A28000001FFF8000FFFFC00004006000040020EA
:10A2900000040020000400200004004000000180B1
:10A2A00000000000000000000000000000000000AE
:10A2B000000000000000000000000000000000009E
:10A2C000000000000000000000000000000000008E
:10A2D000000000000000000000000000000000007E
:10A2E000000000000000000000000000000400006A
:10A2F000000400000007FF80000FFFC000000060A6
:10A3000000000020000000200000002000000020CD
:10A3100000040040000400800007FFE0000FFFC0C1
:10A3200000000040000000400000000000000000AD
:10A33000000000000000000000000000000000001D
:10A34000000000000000000000000000000000000D
:10A3500000000000000000000000000000000000FD
:10A3600000000000000000000000000000040000E9
:10A3700000040000000780000007F0000004FE0059
:10A3800000041FC0000003E00000038000001C0068
:10A3900000046000000780000006000000040000C8
:10A3A00000000000000000000000000000000000AD
:10A3B000000000000000000000000000000000009D
:10A3C000000000000000000000000000000000008D
:10A3D000000000000000000000000000000000007D
:10A3E0000000000000000000000400000006000063
:10A3F0000007C0000007FC0000043F80000003E0ED
:10A4000000040F800006F0000007F0000007FF8046
:10A4100000040FE00000038000043C000007C000BF
:10A420000006000000040000000000000000000022
:10A43000000000000000000000000000000000001C
:10A44000000000000000000000000000000000000C
:10A4500000000000000000000000000000000000FC
:10A4600000000000000000000000000000000020CC
:10A470000004002000040060000700E000078320C3
:10A480000007E6000004F80000003C0000045E2025
:10A49000000587A0000601E0000400600004002021
:10A4A000000000200000000000000000000000008C
:10A4B000000000000000000000000000000000009C
:10A4C000000000000000000000000000000000008C
:10A4D000000000000000000000000000000000007C
:10A4E0000000000000000000000000000004000068
:10A4F00000040003000700030007E0010004F80166
:10A5000000041F02000007FC000000E0000007003C
:10A51000000438000007C00000060000000400002E
:10A520000004000000000000000000000000000027
:10A53000000000000000000000000000000000001B
:10A54000000000000000000000000000000000000B
:10A5500000000000000000000000000000000000FB
:10A5600000000000000000000000000000000000EB
:10A5700000078060000600E0000403E0000407A07C
:10A5800000040E2000043C20000470200005E020A0
:10A590000007802000070060000400E00000038046
:10A5A00000000000000000000000000000000000AB
:10A5B000000000000000000000000000000000009B
:10A5C000000000000000000000000000000000008B
:10A5D000000000000000000000000000000000007B
:10A5E000000000000000000000000000000000006B
:10A5F000000000000000000000000000000000005B
:10A600000000000000008000000080000001400009
:10A6100007FE3FF8080000041000000210000002CE
:10A62000000000000000000000000000000000002A
:10A63000000000000000000000000000000000001A
:10A64000000000000000000000000000000000000A
:10A6500000000000000000000000000000000000FA
:10A6600000000000000000000000000000000000EA
:10A6700000000000000000000000000000000000DA
:10A680000000000000000000FFFFFFFF00000000CE
:10A6900000000000000000000000000000000000BA
:10A6A00000000000000000000000000000000000AA
:10A6B000000000000000000000000000000000009A
:10A6C000000000000000000000000000000000008A
:10A6D000000000000000000000000000000000007A
:10A6E000000000000000000000000000000000006A
:10A6F00010000002100000020800000407FE3FF8EE
:10A700000001400000008000000080000000000008
:10A710000000000000000000000000000000000039
:10A720000000000000000000000000000000000029
:10A730000000000000000000000000000000000019
:10A740000000000000000000000000000000000009
:10A7500000000000000000000000000000000000F9
:10A7600000000000000000000000000018000000D1
:10A7700030000000400000004000000040000000E9
:10A78000200000003000000008000000040000006D
:10A790000200000002000000020000000C000000A7
:10A7A0001800000000000000000000000000000091
:10A7B0000000000000000000000000000000000099
:10A7C0000000000000000000000000000000000089
:10A7D0000000000000000000000000000000000079
:10A7E00000000000000000003031323334353637CD
:10A7F00038394142434445464030580030313233C5
:10A8000034353637383961626364656640307800C4
:040000050800029954
:00000001FF
