:020000040800F2
:1000000028F6062489030008A1680090DB590090B7
:1000100001680090DB1700905B96009000000000E4
:10002000000000000000000000000000957A009031
:10003000E1170090000000006D160090B530000838
:10004000A3030008A3030008A3030008A3030008F8
:10005000A3030008A3030008A3030008A3030008E8
:10006000A3030008A3030008A3030008A3030008D8
:10007000A3030008A3030008A3030008A3030008C8
:10008000A3030008A3030008A3030008A3030008B8
:10009000A3030008A3030008A3030008A3030008A8
:1000A000A3030008A3030008A3030008A303000898
:1000B000A3030008A3030008A3030008A303000888
:1000C000A3030008A3030008A3030008A303000878
:1000D000A303000875310008A3030008A303000868
:1000E000A3030008A303000800000000A303000806
:1000F000A3030008A3030008A3030008A303000848
:10010000A3030008A3030008A3030008A303000837
:10011000A3030008A3030008A3030008A303000827
:10012000A3030008A3030008A3030008A303000817
:10013000A3030008A3030008A3030008A303000807
:1001400000000000000000000000000000000000AF
:10015000A3030008A3030008A3030008A3030008E7
:10016000A3030008A3030008A3030008A3030008D7
:10017000A3030008A3030008A3030008A3030008C7
:10018000A3030008A3030008A3030008A3030008B7
:10019000A3030008A3030008A3030008A3030008A7
:1001A000A3030008A3030008A3030008A303000897
:1001B000A3030008A3030008A3030008A303000887
:1001C000A3030008A3030008A3030008A303000877
:1001D000A3030008A3030008A3030008A303000867
:1001E000A3030008A3030008A3030008A303000857
:1001F000A3030008A3030008A3030008A303000847
:10020000A3030008A3030008A3030008A303000836
:10021000A3030008A3030008A3030008A303000826
:10022000A3030008A3030008A303000800000000C4
:10023000A3030008A303000800000000A3030008B4
:10024000A3030008A3030008A3030008A3030008F6
:10025000A3030008A3030008A3030008A3030008E6
:10026000A3030008A3030008A3030008A3030008D6
:10027000A3030008A3030008A30300080000000074
:10028000A3030008A3030008A30300080000000064
:1002900000000000A303000800F002F800F064F87A
:1002A0000AA090E8000C82448344AAF10107DA45D1
:1002B00001D100F059F8AFF2090EBAE80F0013F0BF
:1002C000010F18BFFB1A43F0010318471834000050
:1002D000383400000A444FF0000C10F8013B13F0D2
:1002E000070408BF10F8014B1D1108BF10F8015B8F
:1002F000641E05D010F8016B641E01F8016BF9D182
:1003000013F0080F1EBF10F8014BAD1C0C1B09D1D8
:100310006D1E58BF01F801CBFAD505E014F8016B4A
:1003200001F8016B6D1EF9D59142D6D370470000DC
:100330000023002400250026103A28BF78C1FBD8EE
:10034000520728BF30C148BF0B6070471FB503F08C
:10035000BBF900F0B5F804000020002103F09EF97D
:10036000E0601FBD10B510BD00F0B2F81146FFF7F8
:10037000EDFF02F099FF00F0D0F803B4FFF7F2FFB1
:1003800003BC02F01FFF00000948804709480047EE
:10039000FEE7FEE7FEE7FEE7FEE7FEE7FEE7FEE735
:1003A000FEE7FEE704480549054A064B7047000092
:1003B000CD3000089902000828EC062428F606240F
:1003C00028EE062428EE0624704753EA020C00F0BB
:1003D00069802DE9F04B4FF00006002B1FBFB3FAE8
:1003E00083F503FA05F424FA05F65E4012BF1643BE
:1003F000B2FA82F502FA05F4C5F120051EBF22FA11
:1004000005FC44EA0C04203556EA044C4FEA144437
:1004100018BF641C4FF000084FF00009904271EBC8
:10042000030C39D3002919BFB1FA81F701FA07F695
:10043000B0FA80F700FA07F6C7F120071EBF20FACE
:1004400007FC46EA0C062037B6FBF4FCA7EB0507D1
:10045000103F07F01F0BCBF120060CFA0BFB2CFA18
:1004600006F644BFB3460026202FA4BF5E464FF0D9
:10047000000B5BEA060C08BF4FF0010B19EB0B09F0
:10048000ABFB027C48EB0608C01B06FB02CC0BFB57
:1004900003CC71EB0C01C1E70B46024641464846CE
:1004A000BDE8F08B13B54FF000004FF00001AFF343
:1004B0000080BDE81C407047704770477047704728
:1004C00000487047E4EB062400487047C4EB06245C
:1004D0007546FFF7F9FFAE4605006946534620F022
:1004E0000700854618B020B5FFF75CFFBDE8204047
:1004F0004FF000064FF000074FF000084FF0000BE0
:1005000021F00701AC46ACE8C009ACE8C009ACE892
:10051000C009ACE8C0098D46704710B50446AFF37A
:1005200000802046BDE81040FFF727BF45F69D0C30
:10053000C9F2000C604747F2FF2CC9F2000C60477B
:1005400046F6AD1CC9F2000C604745F2196CC9F2C1
:10055000000C604746F6D91CC9F2000C604746F60D
:10056000093CC9F2000C604746F6CD3CC9F2000CCC
:10057000604744F6914CC9F2010C604744F6595C5F
:10058000C9F2010C604744F2051CC9F2010C604736
:1005900044F6716CC9F2010C604745F6094CC9F28A
:1005A000010C604745F6250CC9F2000C604740F28B
:1005B000515CC9F2000C604770B504460CB90120CB
:1005C00070BD94F83500022803D0802060650120BA
:1005D000F6E7DC492068884249D0DA4918312068BA
:1005E000884244D0D7493031206888423FD0D5492D
:1005F0004831206888423AD0D24960312068884228
:1006000035D0D04978312068884230D0CD499031FA
:10061000206888422BD0CB49A8312068884226D058
:10062000C9492068884222D0C749183120688842C9
:100630001DD0C54930312068884218D0C2494831A0
:100640002068884213D0C0496031206888420ED0AB
:10065000BD4978312068884209D0BB499031206873
:10066000884204D0B849A8312068884201D10120CD
:1006700000E00020F0B3042084F83500B149206880
:1006800088424BD0AF4918312068884246D0AD49E6
:1006900030312068884241D0AA49483120688842D8
:1006A0003CD0A84960312068884237D0A5497831CC
:1006B0002068884232D0A3499031206888422DD0EA
:1006C000A049A8312068884228D09F4920688842E4
:1006D00024D09D491831206888421FD09A49303172
:1006E000206888421AD0984948312068884215D03D
:1006F000954900E020E06031206888420ED09249A0
:1007000078312068884209D08F499031206888422A
:1007100004D08D49A8312068884206D1206800683D
:1007200020F001002168086009E12068006820F0DD
:1007300001002168086002E12068006820F00E00D6
:10074000216808607F492068884249D07D49183176
:100750002068884244D07B493031206888423FD0AD
:1007600078494831206888423AD07649603120681B
:10077000884235D0734978312068884230D0714939
:100780009031206888422BD06E49A8312068884279
:1007900026D06D492068884222D06B4918312068E4
:1007A00088421DD0684930312068884218D0664997
:1007B00048312068884213D06349603120688842FC
:1007C0000ED0614978312068884209D05E49903165
:1007D0002068884204D05C49A8312068884206D14C
:1007E0002068006820F001002168086005E02068AA
:1007F000006820F0010021680860524920688842A2
:1008000070D050491831206888426BD04D49303142
:100810002068884266D04B4948312068884261D0C0
:1008200048496031206888425CD046497831206868
:10083000884257D0434990312068884252D041497C
:10084000A831206888424DD03F492068884249D06D
:100850003D4918312068884244D03B4930312068F6
:1008600088423FD038494831206888423AD03649DA
:1008700060312068884235D0334978312068884219
:1008800030D031499031206888422BD02E49A83190
:100890002068884226D02D492068884222D02B49E2
:1008A0001431206888421DD02849283120688842A8
:1008B00018D026493C312068884213D02349503152
:1008C000206888420ED0214964312068884209D0CE
:1008D0001E4978312068884204D01C498C31206838
:1008E000884201D1012000E00020D8B1206E0068CC
:1008F00020F48070216E0860A56D94F85C0000F013
:100900001F01012088406860D4E919104860E06E3A
:1009100040B1E06E006820F48070E16E0860D4E9B8
:100920001C10486000BF002084F8340000BF012084
:1009300084F83500206D10B12046216D88470020D5
:100940003EE6000010000240100402400854025825
:100950000348006840F0010001490860704700004A
:1009600020040058F8B502460023734DDEE001274D
:100970009F400E6806EA0704002C71D04E68022ED4
:1009800002D04E68122E13D1DF0802F1200656F86D
:1009900027005E07F70E0F26BE40B0435F07FF0E2D
:1009A0000E69BE403043DF0802F1200646F82700FA
:1009B00010685F000326BE40B0430E7906F00306C0
:1009C0005F00BE40304310604E68012E08D04E6874
:1009D000022E05D04E68112E02D04E68122E13D171
:1009E00090685F000326BE40B0435F00CE68BE4003
:1009F00030439060506801269E40B0430E79C6F3A4
:100A000000169E4030435060D0685F000326BE4011
:100A1000B0435F008E68BE403043D0604E6806F041
:100A20008056B6F1805F1BD100BF444E366846F059
:100A30000206424F3E603E46366806F002060096C9
:100A400000BF00BF3E4E9F0856F827009E07370F95
:100A50000F26BE40B0433B4EB24202D100262EE0EC
:100A600063E0394EB24201D1012628E0374EB2424E
:100A700001D1022623E0364EB24201D103261EE008
:100A8000344EB24201D1042619E0334EB24201D1B4
:100A9000052614E0314EB24201D106260FE0304E59
:100AA000B24201D107260AE02E4EB24201D10826F9
:100AB00005E02D4EB24201D1092600E00A269F072B
:100AC0003F0FBE4030431E4E9F0846F8270028685F
:100AD000A0434E6806F48036B6F5803F00D120432F
:100AE00028606868A0434E6806F40036B6F5003FFB
:100AF00000D1204368604FF0B0463068A0434E6894
:100B000006F48016B6F5801F00D120434FF0B046A2
:100B100030607068A0434E6806F40016B6F5001FFA
:100B200000D120434FF0B04670605B1C0E68DE4081
:100B3000002E7FF41CAFF8BD80000058F44402582A
:100B40000804005800000258000402580008025827
:100B5000000C0258001002580014025800180258E5
:100B6000001C025800200258002402580246136953
:100B70000B400BB1012000E00020704742690A40A1
:100B80008A4202D10A04826100E0816170470AB1A1
:100B9000816101E00B048361704700000148006837
:100BA000000C70470010005C0148006870470000AE
:100BB00014000024034800680349097808440149E7
:100BC00008607047140000241C00002410B50520A4
:100BD00000F00AF901F0CCFA10490968C1F30321C9
:100BE0000F4A515C01F01F01C8400E4908600B48D4
:100BF000006800F00F001146085C00F01F01094872
:100C00000068C840084908600F2000F00FF808B1DC
:100C1000012010BD00F09AF80020FAE718440258AD
:100C2000D2360008000000240400002470B50446F9
:100C30001148007808B9012070BD0F4800784FF4C2
:100C40007A71B1FBF0F00D490968B1FBF0F5284667
:100C500001F078FF08B10120EEE7102C07D2002246
:100C60002146501E00F083F80548046001E0012091
:100C7000E2E70020E0E700001C0000240000002460
:100C8000180000244178154A11600178F9B1121D4D
:100C900041681160017B0907C27A41EA0261827AE8
:100CA00041EAC241427B41EA8241827B41EA4241C0
:100CB000C27B41EA0241427A41EA0221027A41EAD8
:100CC000420102781143054A0832116005E0002113
:100CD000024A121D1160121D1160704798ED00E06C
:100CE00000BF00BF00BFBFF35F8F00BF00BF00BFEA
:100CF0000548006820F4803003490860002002495C
:100D0000703108607047000024ED00E040F0010100
:100D10000D4A11600C497039096841F480310A4A62
:100D2000703A116000BF00BF00BFBFF34F8F00BF1C
:100D300000BF00BF00BF00BF00BFBFF36F8F00BF89
:100D400000BF00BF7047000094ED00E0704701460F
:100D50000846002809DB00F01F0301229A404309DE
:100D60009B0003F1E023C3F8002100BF70472DE989
:100D7000F05F80460D46164602F008FA07463946EF
:100D80002A46334601F00700C0F1070ABAF1040F02
:100D900002D94FF0040A01E0C0F1070AD14600F180
:100DA000040ABAF1070F02D24FF0000A01E0A0F1E5
:100DB000030AD4464FF0010A0AFA09FAAAF1010A15
:100DC0000AEA020A0AFA0CFA4FF0010B0BFA0CFBC2
:100DD000ABF1010B0BEA030B4AEA0B042146404638
:100DE00002F0DCF9BDE8F09F00BF00F00702064BFF
:100DF00019684FF6FF031940044B0B4343EA0221E5
:100E0000014B196000BF70470CED00E00000FA05CF
:100E10000348006840F08070014908607047000096
:100E20000C48025810B501F0A3F907490968C1F34D
:100E30000321064A515C01F01F01C84004490860C3
:100E40000846006810BD000018440258D236000859
:100E50000000002410B501F04FF905490968C1F3FD
:100E60000211044A515C01F01F01C84010BD00008E
:100E700020440258D236000870B50146844D2D68D2
:100E800005F00303824D2D68C5F30530804D2D1DFF
:100E90002D68C5F300147E4D14352D68C5F3CC05BF
:100EA00015FB04F501EE105AB8EE411AF0EE410AB6
:100EB00000286FD023B1012B4ED0022B6BD16BE0F9
:100EC000734D283D2D68C5F340153DB3704D283D49
:100ED0002D68C5F3C1066F4D25FA06F201EE102A02
:100EE000F8EE411A01EE100AB8EE411A81EE812A9D
:100EF0009FED691AC0EE811A654D10352D68C5F356
:100F0000080501EE105AB8EE411A31EE811AF7EEDB
:100F1000001A31EE211A22EE010A1CE001EE100A3D
:100F2000B8EE411ADFED5D1A81EE812A9FED5A1A63
:100F3000C0EE811A564D10352D68C5F3080501EE37
:100F4000105AB8EE411A31EE811AF7EE001A31EE5E
:100F5000211A22EE010A5BE001EE100AB8EE411AF6
:100F6000DFED4F1A81EE812A9FED4B1AC0EE811AF8
:100F7000474D10352D68C5F3080501EE105AB8EE3F
:100F8000411A31EE811AF7EE001A31EE211A22EEE3
:100F9000010A3DE077E01DE001EE100AB8EE411ACB
:100FA0009FED402AC2EE011A9FED3B1A80EE812A86
:100FB000374D10352D68C5F3080501EE105AB8EE0F
:100FC000411A32EE011AB7EE002A31EE021A21EE72
:100FD000810A1DE001EE100AB8EE411ADFED301A69
:100FE00081EE812A9FED2C1AC0EE811A284D103512
:100FF0002D68C5F3080501EE105AB8EE411A31EE1E
:10100000811AF7EE001A31EE211A22EE010A00BF12
:1010100000BF1F4D10352D68C5F3462501EE105A4F
:10102000B8EE411AF7EE001A31EE211AC0EE011A9D
:10103000BCEEE11A81ED001A154D10352D68C5F38F
:10104000064501EE105AB8EE411AF7EE001A31EEDD
:10105000211AC0EE011ABCEEE11A81ED011A0C4D05
:1010600010352D68C5F3066501EE105AB8EE411A29
:10107000F7EE001A31EE211AC0EE011ABCEEE11AA9
:1010800081ED021A03E000250D604D608D6070BD9A
:10109000284402580090D003000000460024744CFD
:1010A0000024744A0024F44A70B50146844D2D682A
:1010B00005F00303824D2D68C5F30550804D2D1DAD
:1010C0002D68C5F300247E4D1C352D68C5F3CC0575
:1010D00015FB04F501EE105AB8EE411AF0EE410A84
:1010E00000286FD023B1012B4ED0022B6BD16BE0C7
:1010F000734D283D2D68C5F340153DB3704D283D17
:101100002D68C5F3C1066F4D25FA06F201EE102ACF
:10111000F8EE411A01EE100AB8EE411A81EE812A6A
:101120009FED691AC0EE811A654D18352D68C5F31B
:10113000080501EE105AB8EE411A31EE811AF7EEA9
:10114000001A31EE211A22EE010A1CE001EE100A0B
:10115000B8EE411ADFED5D1A81EE812A9FED5A1A31
:10116000C0EE811A564D18352D68C5F3080501EEFD
:10117000105AB8EE411A31EE811AF7EE001A31EE2C
:10118000211A22EE010A5BE001EE100AB8EE411AC4
:10119000DFED4F1A81EE812A9FED4B1AC0EE811AC6
:1011A000474D18352D68C5F3080501EE105AB8EE05
:1011B000411A31EE811AF7EE001A31EE211A22EEB1
:1011C000010A3DE077E01DE001EE100AB8EE411A99
:1011D0009FED402AC2EE011A9FED3B1A80EE812A54
:1011E000374D18352D68C5F3080501EE105AB8EED5
:1011F000411A32EE011AB7EE002A31EE021A21EE40
:10120000810A1DE001EE100AB8EE411ADFED301A36
:1012100081EE812A9FED2C1AC0EE811A284D1835D7
:101220002D68C5F3080501EE105AB8EE411A31EEEB
:10123000811AF7EE001A31EE211A22EE010A00BFE0
:1012400000BF1F4D18352D68C5F3462501EE105A15
:10125000B8EE411AF7EE001A31EE211AC0EE011A6B
:10126000BCEEE11A81ED001A154D18352D68C5F355
:10127000064501EE105AB8EE411AF7EE001A31EEAB
:10128000211AC0EE011ABCEEE11A81ED011A0C4DD3
:1012900018352D68C5F3066501EE105AB8EE411AEF
:1012A000F7EE001A31EE211AC0EE011ABCEEE11A77
:1012B00081ED021A03E000250D604D608D6070BD68
:1012C000284402580090D003000000460024744CCB
:1012D0000024744A0024F44A2DE9F0410446002514
:1012E000A846206800F00060B0F1006F30D1606E59
:1012F00048B1B0F5801F0DD0B0F5001F10D0B0F58B
:10130000401F15D113E0F948006840F40030F74958
:1013100008600FE00221201D01F0DCFC054609E019
:10132000022104F1240001F087FD054602E001E0FE
:10133000012500BF00BF55B9EC482430006820F4F7
:101340004010616E0843E9492431086000E0A84676
:10135000208800F48070B0F5807F2DD1606D052865
:101360001AD2DFE800F0030A10171800DF480068FF
:1013700040F40030DD49086010E00021201D01F03C
:10138000A9FC05460AE0002104F1240001F054FD07
:10139000054603E002E001E0012500BF00BF55B9AA
:1013A000D2482430006820F00700616D0843CF491F
:1013B0002431086000E0A846208800F40070B0F5F1
:1013C000007F33D1A06D802817D003DC40B14028C6
:1013D0001CD10CE0C02817D0B0F5807F16D114E0E6
:1013E000C248006840F40030C049086010E00021A5
:1013F000201D01F06FFC05460AE0002104F12400E5
:1014000001F01AFD054603E002E001E0012500BFFE
:1014100000BF55B9B5482430006820F4E070A16DD4
:101420000843B2492431086000E0A846208800F44F
:101430008060B0F5806F38D1D4F8A400B0F5800F8B
:1014400019D004DC50B1B0F5001F1DD10DE0B0F58E
:10145000C00F17D0B0F5000F16D114E0A3480068F4
:1014600040F40030A149086010E00021201D01F087
:1014700031FC05460AE0002104F1240001F0DCFC07
:10148000054603E002E001E0012500BF00BF5DB9B1
:1014900096482C30006820F46000D4F8A41008436B
:1014A00092492C31086000E0A846208800F40060D2
:1014B000B0F5006F38D1D4F8A800B0F1007F19D092
:1014C00004DC50B1B0F1807F1DD10DE0B0F1407F60
:1014D00017D0B0F1806F16D114E08448006840F452
:1014E00000308249086010E00021201D01F0F2FB6D
:1014F00005460AE0002104F1240001F09DFC0546A8
:1015000003E002E001E0012500BF00BF5DB97748BC
:101510002C30006820F0E060D4F8A810084373492C
:101520002C31086000E0A846206800F00070B0F19F
:10153000007F27D1A06CA0B1102804D0202809D0AA
:1015400030280FD10CE06948006840F4003067494A
:10155000086009E00221201D01F0BCFB054603E004
:1015600002E001E0012500BF00BF55B95F4820300F
:10157000006820F03000A16C08435C49203108600D
:1015800000E0A846208800F48050B0F5805F36D196
:10159000E06DB0F5005F19D004DC50B1B0F5805FAC
:1015A0001DD10DE0B0F5405F17D0B0F5804F16D1DA
:1015B00014E04E48006840F400304C49086010E0E8
:1015C0000021201D01F086FB05460AE0002104F100
:1015D000240001F031FC054603E002E001E00125B2
:1015E00000BF00BF55B941482430006820F4E040F6
:1015F000E16D08433D492431086000E0A846208899
:1016000000F40050B0F5005F34D1206EB0F5403FDB
:101610001DD007DC68B1B0F5803F0BD0B0F5003FBE
:1016200018D10DE0B0F5802F12D0B0F5A02F11D158
:101630000FE011E00121201D01F04CFB05460BE0FD
:10164000012104F1240001F0F7FB054604E003E06A
:1016500002E001E0012500BF00BF55B92348243056
:10166000006820F4E020216E0843204924310860FE
:1016700000E0A846208800F48040B0F5804F38D1C3
:10168000D4F8AC00B0F1405F1DD007DC68B1B0F118
:10169000805F0BD0B0F1005F18D10DE0B0F1804F4A
:1016A00012D0B0F1A04F11D10FE011E00121201DA7
:1016B00001F010FB05460BE0012104F1240001F0CC
:1016C000BBFB054604E003E002E001E0012500BFAA
:1016D00000BF6DB905482C30006820F0E040D4F818
:1016E000AC10084301492C31086002E02C44025838
:1016F000A846208800F40040B0F5004F26D1E06EE7
:1017000098B1B0F1805F03D0B0F1005F0ED106E078
:10171000F948006840F40030F749086008E001210A
:10172000201D01F0D7FA054602E001E0012500BFC7
:1017300000BF55B9F0482430006820F04050E16EF9
:101740000843ED492431086000E0A846206800F015
:101750008070B0F1807F27D1606CA0B1012804D0E7
:10176000022809D003280FD10CE0E348006840F4B8
:101770000030E149086009E00221201D01F0AAFAC9
:10178000054603E002E001E0012500BF00BF55B9B6
:10179000D9482030006820F00300616C0843D64926
:1017A0002031086000E0A846206800F48000B0F511
:1017B000800F7DD1D148006840F48070CF49086027
:1017C000FFF7F2F9064606E0FFF7EEF9801B642802
:1017D00001D9032505E0C948006800F4807000289D
:1017E000F2D000BF85BBC4484430006800F44070AC
:1017F000B4F8B01001F44071884213D0BE484430B0
:10180000006820F44077BC484430006840F48030E1
:10181000B949443108600846006820F48030086007
:1018200008460760D4F8B000B0F5807F15D1FFF707
:10183000BBF9064609E0FFF7B7F9801B41F2883192
:10184000884202D9032507E038E0AB4844300068FD
:10185000C0F340000028EED000BF55BB00BFB4F875
:10186000B00000F44070B0F5407F0ED1A2481C38A3
:10187000006820F47C51A24AD4F8B000104041EA3C
:1018800010109D491C39086007E09B481C3800680F
:1018900020F47C5098491C3908609748443000680F
:1018A000B4F8B010C1F30B0108439349443101E08F
:1018B00005E001E0086002E0A84600E0A8462078C4
:1018C00000F0010068B3A06F182819D005DC48B1FA
:1018D000082808D0102816D10BE0202811D028287D
:1018E00011D10FE011E00121201D01F0F3F90546AF
:1018F0000BE0012104F1240001F09EFA054604E00A
:1019000003E002E001E0012500BF00BF55B97A48BD
:101910002830006820F03800A16F0843764928314C
:10192000086000E0A846207800F00200022828D1D4
:10193000606F062815D2DFE800F003040A111213C5
:1019400011E00121201D01F0C5F905460BE0012140
:1019500004F1240001F070FA054604E003E002E01F
:1019600001E0012500BF00BF55B963482830006879
:1019700020F00700616F08435F492831086000E0EC
:10198000A846207800F0040004282AD1D4F890005A
:10199000062815D2DFE800F003040A11121311E043
:1019A0000121201D01F096F905460BE0012104F10B
:1019B000240001F041FA054604E003E002E001E002
:1019C000012500BF00BF5DB94B482C30006820F0F6
:1019D0000700D4F89010084347492C31086000E014
:1019E000A846207800F02000202836D1D4F88C00BA
:1019F000B0F1405F1DD007DC68B1B0F1805F0BD063
:101A0000B0F1005F18D10DE0B0F1804F12D0B0F10D
:101A1000A04F11D10FE011E00021201D01F05AF973
:101A200005460BE0022104F1240001F005FA054609
:101A300004E003E002E001E0012500BF00BF5DB962
:101A40002D482830006820F0E040D4F88C1008437E
:101A500029492831086000E0A846207800F04000BD
:101A6000402836D1D4F89800B0F5406F1DD007DC7F
:101A700068B1B0F5806F0BD0B0F5006F18D10DE0F4
:101A8000B0F5805F12D0B0F5A05F11D10FE011E08A
:101A90000021201D01F01EF905460BE0022104F192
:101AA000240001F0C9F9054604E003E002E001E08A
:101AB000012500BF00BF5DB90F482C30006820F43D
:101AC000E050D4F8981008430B492C31086000E02E
:101AD000A846207800F0800080283AD1D4F89C00F5
:101AE000B0F5C04F23D00DDC98B1B0F5005F11D038
:101AF000B0F5804F1ED113E02C4402580048025824
:101B0000FFFCFF0FB0F5004F12D0B0F5204F11D100
:101B10000FE011E00021201D01F0DCF805460BE08C
:101B2000022104F1240001F087F9054604E003E0F6
:101B300002E001E0012500BF00BF4DB9AD480068DB
:101B400020F46040D4F89C100843AA49086000E0E3
:101B5000A846207800F00800082817D1D4F88000A3
:101B6000B0F5805F07D1022104F1240001F064F98F
:101B700008B14FF001089F48001F006820F4405052
:101B8000D4F8801008439B49091F0860207800F0B2
:101B90001000102815D1D4F89400B0F5807F07D13B
:101BA000022104F1240001F047F908B14FF00108C7
:101BB0009048006820F44070D4F8941008438D4990
:101BC0000860206800F40020B0F5002F26D1D4F87A
:101BD000A00030B1B0F5803F09D0B0F5003F0ED184
:101BE0000CE00021201D01F075F8054609E00221F6
:101BF00004F1240001F020F9054602E001E001258E
:101C000000BF00BF4DB97B48006820F44030D4F8D5
:101C1000A01008437749086000E0A846206800F457
:101C20008020B0F5802F2DD1D4F88400B0F5801F2E
:101C300006D0B0F5001F0CD0B0F5401F11D10FE059
:101C40006C482C38006840F400306A492C39086030
:101C500009E0012104F1240001F0EEF8054602E05C
:101C600001E0012500BF00BF5DB96248001F0068A8
:101C700020F44010D4F8841008435E49091F08601E
:101C800000E0A846206800F48030B0F5803F24D101
:101C9000E06C18B1B0F5803F0FD108E055482C3802
:101CA000006840F4003053492C39086007E00221F5
:101CB000201D01F00FF8054601E0012500BF00BF1F
:101CC00055B94C480C38006820F48030E16C08436A
:101CD00048490C39086000E0A846206800F0005030
:101CE000B0F1005F07D1022104F1240001F0A4F853
:101CF00008B14FF00108206800F40030B0F5003F53
:101D000027D1E06FA0B1B0F5807F06D0B0F5007F9D
:101D10000CD0B0F5407F0CD109E036482C38006873
:101D200040F4003033492C39086004E003E002E05D
:101D300001E0012500BF00BF55B92E48001F006813
:101D400020F44070E16F08432A49091F086000E051
:101D5000A846206800F48010B0F5801F09D12548FE
:101D60000838006820F00040216F084321490839F5
:101D70000860206800F40010B0F5001F09D11D486C
:101D80000838006820F08070A16E084319490839AE
:101D90000860206800F08040B0F1804F11D100BF92
:101DA00014484838006820F4004012494839086057
:101DB00008460068D4F8B81008430E49483908604E
:101DC00000BF206800F00040B0F1004F09D1094881
:101DD0000C38006820F04050216D084305490C394B
:101DE0000860B8F1000F02D10020BDE8F0810120A9
:101DF000FBE70000584402582DE9F04104460D4627
:101E000014B90120BDE8F081B648006800F00F0069
:101E1000A8420ED2B348006820F00F002843B14911
:101E200008600846006800F00F00A84201D00120B9
:101E3000E8E7207800F0040004280ED1AA492069C0
:101E4000096801F07001884207D9A748006820F0AE
:101E5000700021690843A4490860207800F0080058
:101E6000082811D1A049091D6069096801F07001B5
:101E7000884209D99C48001D006820F07000616903
:101E800008439949091D0860207800F010001028C7
:101E900011D19549091DA069096801F4E0618842E2
:101EA00009D99148001D006820F4E060A169084349
:101EB0008D49091D0860207800F02000202811D1EC
:101EC00089490831E069096801F07001884209D93F
:101ED00085480830006820F07000E16908438249B5
:101EE00008310860207800F0020002280ED17E49F7
:101EF000E068096801F00F01884207D97A48006854
:101F000020F00F00E168084377490860207800F06E
:101F10000100002850D07448006820F47060A16867
:101F20000843714908606068022807D16E48183874
:101F30000068C0F34040F8B9012063E760680328F7
:101F400007D1694818380068C0F34060A0B9012083
:101F500058E76068012807D1634818380068C0F363
:101F6000002048B901204DE75F4818380068C0F3E9
:101F7000800008B9012045E75B480838006820F078
:101F8000070061680843584908390860FEF70CFEED
:101F9000064608E0FEF708FE801B41F288318842C1
:101FA00001D903202EE750480838006800F03800B7
:101FB0006168B0EBC10FEDD1207800F0020002287B
:101FC0000ED14949E068096801F00F01884207D243
:101FD0004548006820F00F00E16808434249086066
:101FE0004048006800F00F00A8420ED93D48006844
:101FF00020F00F0028433B4908600846006800F0C5
:102000000F00A84201D00120FCE6207800F0040077
:1020100004280ED134492069096801F07001884212
:1020200007D23148006820F07000216908432E492A
:102030000860207800F00800082811D12A49091DFD
:102040006069096801F07001884209D22648001DC4
:10205000006820F07000616908432349091D086089
:10206000207800F01000102811D11F49091DA06927
:10207000096801F4E061884209D21B48001D00682C
:1020800020F4E060A16908431749091D0860207821
:1020900000F02000202811D113490831E0690968B7
:1020A00001F07001884209D20F480830006820F022
:1020B0007000E16908430C490831086000F058F8E5
:1020C00009490968C1F30321084A515C01F01F0165
:1020D000C8400749086007480068FEF7A7FD0746A3
:1020E00038468FE60020005218440258D2360008C5
:1020F000000000241800002410B5FEF793FE0749E5
:10210000096801F00F01064A515C01F01F01C84047
:10211000044908600846006810BD000018440258D1
:10212000D23600080400002410B5FFF7E5FF05498A
:102130000968C1F30211044A515C01F01F01C84053
:1021400010BD00001C440258D236000810B5FFF73D
:10215000D3FF05490968C1F30221044A515C01F02B
:102160001F01C84010BD00001C440258D2360008B0
:10217000F0B5824E366806F0380636B1082E15D016
:10218000102E15D0182E7DD114E07C4E103E3668EE
:10219000C6F3401646B1794E103E3668C6F3C10705
:1021A000774E26FA07F000E07548E5E07548E3E071
:1021B0007548E1E0714E1836366806F003046F4E3C
:1021C00018363668C6F305116C4E1C36366806F0B4
:1021D00001056A4E24363668C6F3CC0616FB05F6B2
:1021E00001EE106AB8EE410A002971D024B1012C29
:1021F00050D0022C6DD16DE0604E103E3668C6F3B3
:1022000040163EB35D4E103E3668C6F3C1075C4EC5
:1022100026FA07F301EE103AF8EE411A01EE101A11
:10222000B8EE411A81EE812A9FED581AC0EE011ACC
:10223000524E20363668C6F3080601EE106AB8EE34
:10224000411A31EE811AF7EE001A31EE211A62EED0
:10225000010A1EE001EE101AB8EE411ADFED4C1A29
:1022600081EE812A9FED491AC0EE011A434E2036B5
:102270003668C6F3080601EE106AB8EE411A31EE70
:10228000811A00E076E0F7EE001A31EE211A62EED4
:10229000010A5BE001EE101AB8EE411A9FED3D2AEB
:1022A000C2EE011A9FED391A80EE012A334E203614
:1022B0003668C6F3080601EE106AB8EE411A32EE2F
:1022C000011AB7EE002A31EE021A61EE810A3DE0F2
:1022D0004EE01DE001EE101AB8EE411ADFED2E1AA5
:1022E00081EE812A9FED291AC0EE011A234E203675
:1022F0003668C6F3080601EE106AB8EE411A31EEF0
:10230000811AF7EE001A31EE211A62EE010A1DE081
:1023100001EE101AB8EE411A9FED1E2AC2EE011A04
:102320009FED1A1A80EE012A144E20363668C6F345
:10233000080601EE106AB8EE411A32EE011AB7EE45
:10234000002A31EE021A61EE810A00BF00BF0B4E77
:1023500020363668C6F34626721C01EE102AB8EE07
:10236000411AC0EE811ABCEEE11A11EE100A00E02B
:10237000002001E0034800BF00BFF0BD1044025838
:102380000090D00300093D0000127A0000000046D2
:102390000024744C0024744A0024F44A2DE9F047C8
:1023A000044614B90120BDE8F087207800F0010050
:1023B000002872D0F948006800F03808F748183053
:1023C000D0F80090B8F1100F06D0B8F1180F0FD167
:1023D00009F0030002280BD1F04810380068C0F360
:1023E000404000286ED0606800286BD10120DAE7F9
:1023F00000BF6068B0F5803F08D1E8481038006839
:1024000040F48030E549103908602EE0606868B912
:10241000E2481038006820F48030E0491039086044
:102420000846006820F4802008601EE06068B0F56F
:10243000A02F0DD1D9481038006840F48020D7492A
:10244000103908600846006840F4803008600CE0ED
:10245000D2481038006820F48030D0491039086024
:102460000846006820F48020086000BF6068A8B1BA
:10247000FEF79AFB054608E0FEF796FB401B41F28B
:102480008831884201D903208DE7C448103800689C
:10249000C0F340400028EFD014E014E0FEF784FBC6
:1024A000054608E0FEF780FB401B41F28831884278
:1024B00001D9032077E7B94810380068C0F34040DD
:1024C0000028EFD100BF207800F0020002286BD175
:1024D000B248006800F03808B0481830D0F80090D2
:1024E000B8F1000F05D0B8F1180F2BD109F0030097
:1024F00040BBAA4810380068C0F3800018B1E068FB
:1025000008B901204FE700BFFEF748FB41F2030185
:1025100088420BD8A1480C38006820F47C3021692F
:1025200040EA01309D490C3908600AE09B480C38AC
:10253000006820F0FE40217C40EA016097490C3998
:10254000086058E0E06870B394481038006820F0E4
:102550001900E1680843914910390860FEF724FB2F
:10256000054606E0FEF720FB401B022801D90320A8
:1025700019E78A4810380068C0F380000028F1D0BD
:1025800000BFFEF70BFB41F2030188420DD88348E0
:102590000C38006820F47C30216940EA01307F4922
:1025A0000C3908600CE00CE026E07C480C38006830
:1025B00020F0FE40217C40EA016078490C39086037
:1025C00019E076481038006820F00100734910398E
:1025D0000860FEF7E9FA054606E0FEF7E5FA401B5B
:1025E000022801D90320DEE66C4810380068C0F3E9
:1025F00080000028F1D100BF207800F010001028E2
:102600006ED16648006800F0380864481830D0F889
:102610000090B8F1080F06D0B8F1180F2FD109F0CB
:10262000030001282BD15D4810380068C0F300205A
:1026300020B1E069802801D00120B4E600BFFEF798
:10264000ADFA41F2030188420CD854480C380068B6
:1026500020F0F84094F8201040EA81604F490C398E
:1026600008600BE04D48001F006820F07C5094F893
:10267000201040EA01604949091F086058E0E069FC
:1026800068B346481038006840F08000434910396C
:102690000860FEF789FA054606E0FEF785FA401B5A
:1026A000022801D903207EE63C4810380068C0F3B8
:1026B00000200028F1D000BFFEF770FA41F20301BC
:1026C00088420ED835480C38006820F0F84094F85D
:1026D000201040EA816031490C3908600DE00DE0BE
:1026E00027E02E48001F006820F07C5094F820104E
:1026F00040EA01602949091F086019E0274810389D
:10270000006820F08000254910390860FEF74CFA77
:10271000054606E0FEF748FA401B022801D90320CF
:1027200041E61E4810380068C0F300200028F1D1AF
:1027300000BF207800F00800082837D16069D0B1C8
:1027400016486430006840F00100144964310860A4
:10275000FEF72AFA054606E0FEF726FA401B022895
:1027600001D903201FE60D4864300068C0F3400023
:102770000028F1D01AE009486430006820F0010018
:10278000064964310860FEF70FFA054608E0FEF7D7
:102790000BFA401B022803D9032004E61044025818
:1027A000DC480068C0F340000028F0D1207800F039
:1027B0002000202836D1A069D0B1D64874380068EE
:1027C00040F48050D34974390860FEF7EDF90546AE
:1027D00006E0FEF7E9F9401B022801D90320E2E5F3
:1027E000CC4874380068C0F340300028F1D019E0BC
:1027F000C8487438006820F48050C64974390860AD
:10280000FEF7D2F9054606E0FEF7CEF9401B022896
:1028100001D90320C7E5BF4874380068C0F34030D1
:102820000028F1D1207800F0040004287DD1BA48B6
:10283000006840F48070B8490860FEF7B5F90546B5
:1028400006E0FEF7B1F9401B642801D90320AAE590
:10285000B148006800F480700028F2D000BFA06882
:10286000012808D1AB48001F006840F00100A949C9
:10287000091F08602DE0A06868B9A648001F00681D
:1028800020F00100A349091F08600846006820F0F5
:10289000040008601DE0A06805280DD19D48001FB8
:1028A000006840F004009B49091F08600846006862
:1028B00040F0010008600CE09648001F006820F01E
:1028C00001009449091F08600846006820F00400D0
:1028D000086000BFA068A0B1FEF766F9054608E0F1
:1028E000FEF762F9401B41F28831884201D903208A
:1028F00059E58848001F0068C0F340000028EFD069
:1029000013E0FEF751F9054608E0FEF74DF9401BCC
:1029100041F28831884201D9032044E57D48001FF7
:102920000068C0F340000028EFD1606A00287DD025
:1029300078486438006800F03800182877D0606A5A
:10294000022875D173487438006820F0807071498E
:1029500074390860FEF728F9054606E0FEF724F909
:10296000401B022801D903201DE56A48743800681D
:10297000C0F340600028F1D100BFD4E90A1041EA59
:10298000001064494C39096840F2F332914308431E
:1029900060494C390860208E401EC0F30800616B0E
:1029A000491E4FF47E4202EA41210843218F491E0D
:1029B000D20102EA014108433C21095D491E12028D
:1029C00002EA0161084353494439086000BF081F07
:1029D000006820F00100091F08604E484038006878
:1029E0004FF6F8718843A16C40EAC100494940396B
:1029F000086048484838006820F00C00216C084303
:102A00004449483908600846006820F00200616CBB
:102A100008434049483908600846006840F480305F
:102A200008600846006840F4003002E06FE041E0D2
:102A300025E008600846006840F4802008600846E9
:102A4000006840F00100086032487438006840F0C7
:102A50008070304974390860FEF7A6F8054606E034
:102A6000FEF7A2F8401B022801D903209BE4294865
:102A700074380068C0F340600028F1D047E0254872
:102A80007438006820F08070224974390860FEF7BD
:102A90008BF8054606E0FEF787F8401B022801D9AF
:102AA000032080E41B4874380068C0F340600028AD
:102AB000F1D12CE017484C380768164844380668AE
:102AC000606A012821D007F00301A06A81421CD16D
:102AD000C7F30511E06A884217D1C6F30801206BDD
:102AE000401E814211D1606B401EC6F346218842D0
:102AF0000BD1A06B401EC6F30641884205D1E06BA6
:102B0000401EC6F30661884201D001204BE400203C
:102B100049E400007444025800480258042808D1CF
:102B20004FF0E021096941F004014FF0E02211610A
:102B300007E04FF0E021096921F004014FF0E022A5
:102B40001161704770B504462546681EB0F1807F5C
:102B500001D301200FE0681E4FF0E02148610F21F2
:102B60004FF0FF3000F01AFB00204FF0E0218861A9
:102B700007200861002070BD10B586B004462B49BF
:102B80002068884250D100BF00BF2948006840F04B
:102B90001000274908600846006800F01000009007
:102BA00000BF00BF00BF00BF00BF21481038006851
:102BB00040F001001E49103908600846006800F026
:102BC0000100009000BF00BF00BF00BF00BF08466B
:102BD000006840F0010008600846006800F001004D
:102BE000009000BF00BF00BF4FF4007001900220B2
:102BF000029001200390022004900720059001A973
:102C00000C48FDF7AFFE4FF480600190072005905F
:102C100001A90848FDF7A6FE2520FEF798F8032233
:102C200011462520FEF7A3F806B010BD00100140A4
:102C3000F04402580000025810B5044620492068AC
:102C400088423BD11F48008800F4004088BB1D48E3
:102C5000008800F4804070B11B4800780A2803D037
:102C600000201849088024E01648008840F40040FD
:102C7000144908801DE0144800780D2806D1114839
:102C8000008840F480400F49088012E00E48007828
:102C90000C490988C1F30D010C4A505409480088B9
:102CA000401C0849088008460088C72801DD00202C
:102CB0000880012204490648FDF738FC10BD0000D9
:102CC0000010014010000024120000249420002471
:102CD0005C2100242DE9F04104460E4600275548AA
:102CE000006800F00300032802D10120BDE8F08154
:102CF00050482838006820F080604E492839086024
:102D0000FDF752FF054606E0FDF74EFF401B022887
:102D100001D90320EAE7474828380068C0F3C060BB
:102D20000028F1D100BF4348006820F47C302168BE
:102D300040EA01303F490860A088401EC0F3080007
:102D4000A168491E4FF47E4202EA41210843A1894D
:102D5000491ED20102EA01410843217C491E1202A8
:102D600002EA0161084333491031086000BF31486D
:102D7000001D006820F0C000616908432D49091D4D
:102D800008600846006820F02000A169084329492E
:102D9000091D08600846006820F0100008602548FA
:102DA000143000684FF6F8718843E16940EAC100C9
:102DB0002049143108601F48001D006840F01000D1
:102DC0001C49091D08602EB90846006840F400201F
:102DD000086012E0012E08D11648001D006840F47A
:102DE00080101449091D086007E01248001D0068A2
:102DF00040F400100F49091D08600E48283800688B
:102E000040F080600B4928390860FDF7CDFE05468B
:102E100006E0FDF7C9FE401B022801D9032065E743
:102E2000044828380068C0F3C0600028F1D0384654
:102E30005CE70000284402582DE9F04104460E46A4
:102E400000275548006800F00300032802D1012044
:102E5000BDE8F08150482838006820F080504E4985
:102E600028390860FDF7A0FE054606E0FDF79CFE48
:102E7000401B022801D90320EAE7474828380068A8
:102E8000C0F340700028F1D100BF4348006820F033
:102E90007C70218840EA01503F490860A088401EAC
:102EA000C0F30800A168491E4FF47E4202EA4121A6
:102EB0000843A189491ED20102EA01410843217C4D
:102EC000491E120202EA01610843334918310860C1
:102ED00000BF3148001D006820F44060616908436C
:102EE0002D49091D08600846006820F40070A1699A
:102EF00008432949091D08600846006820F48070CD
:102F0000086025481C3000684FF6F8718843E16975
:102F100040EAC10020491C3108601F48001D0068BC
:102F200040F480701C49091D08602EB908460068ED
:102F300040F48000086012E0012E08D11648001D00
:102F4000006840F400001449091D086007E01248B9
:102F5000001D006840F080700F49091D08600E4890
:102F60002838006840F080500B4928390860FDF788
:102F70001BFE054606E0FDF717FE401B022801D99F
:102F8000032065E7044828380068C0F34070002833
:102F9000F1D038465CE700002844025810B5002301
:102FA000234C236000BF00BF00BFBFF34F8F00BFA3
:102FB00000BF00BF231F1868C0F34E3100BFC0F32D
:102FC000C90200BF43F6E07303EA41134FF04044E7
:102FD00004EA82742343174C236000BF00BF131E12
:102FE000A2F10102EED10B1EA1F10101E7D100BF58
:102FF00000BF00BFBFF34F8F00BF00BF00BF0C4B2F
:10300000703B1B6843F48033094C703C236000BF65
:1030100000BF00BFBFF34F8F00BF00BF00BF00BFA6
:1030200000BF00BFBFF36F8F00BF00BF00BF10BD68
:1030300084ED00E060EF00E000BF00BF00BFBFF321
:103040004F8F00BF00BF00BF00BF00BF00BFBFF376
:103050006F8F00BF00BF00BF00201449086000BF91
:1030600000BF00BFBFF34F8F00BF00BF00BF00BF56
:1030700000BF00BFBFF36F8F00BF00BF00BF0C4891
:10308000006840F400300A49086000BF00BF00BF7C
:10309000BFF34F8F00BF00BF00BF00BF00BF00BF26
:1030A000BFF36F8F00BF00BF00BF704750EF00E05D
:1030B00014ED00E010B504480078012801D1FDF7B7
:1030C0003AFAFDF777FD10BDB100002424480068EE
:1030D00040F47000224908602248006840F0010076
:1030E0002049086000201F49103108601D48006811
:1030F0001D4908401B49086000201A491831086022
:10310000091D0860091D0860164928310860091D5D
:103110000860091D0860091D0860091D0860091D77
:103120000860091D0860091D08600E48006820F449
:1031300080200C49086000200A49603108600B4873
:1031400000686FF30F00B0F1005F02D20120084960
:1031500008604FF000600249803908607047000045
:1031600088ED00E0004402587FEDF6EA0010005CB4
:103170000881005110B5FDF7E3F90348FDF7E5F9C3
:10318000FDF7E8F910BD00005C210024024800684A
:10319000C0F30220704700000CED00E010B50028DD
:1031A00004DB0A07130E054A135406E00A07140E3F
:1031B000034A00F00F031B1FD45410BD00E400E0CD
:1031C00018ED00E000BF704770B5044600204FF0D6
:1031D000E02108610420FFF7A1FC0C4804602546AB
:1031E0000B4800680B49B1FBF0F045434FF0E0207D
:1031F000006940F002004FF0E02108610846456197
:10320000006940F00100086170BD00000800002462
:103210009CA4019040420F0070B50446002504E0D4
:103220004FF47A7000F004F86D1CA542F8D370BD1D
:103230002DE9F843074600264FF0E020D0F814901F
:103240001148006807FB00F86846FDF788F94FF061
:10325000E020856911E04FF0E0208469AC420CD099
:10326000AC4202D2281B064403E0A9EB0400284428
:1032700006442546464500D300E0ECE700BF68461B
:10328000FDF772F9BDE8F8830800002400BF054A85
:10329000D26902F04002002AF9D0C2B2014B9A6210
:1032A000704700000010014000F02EF8FDF78EFC82
:1032B000042302221146F02000F020F94FF4F070B0
:1032C000FFF782FF4FF4E13000F0CCF9FDF751F940
:1032D000FDF754F9FDF757F90020FDF759F90120E2
:1032E000FDF756F90220FDF753F90320FDF750F9D9
:1032F0000420FDF74DF9034908688047FDF74DF9B3
:1033000000BFFEE72000002410B5FFF795FEFFF791
:1033100045FE0348006840F004000149086010BD04
:103320009CEF00E030B587B00546002400BF6A4836
:10333000006840F00200684908600846006800F034
:103340000200019000BF00BF00BF0846006840F0C7
:10335000080008600846006800F00800019000BFFF
:1033600000BF00BF0846006840F010000860084633
:10337000006800F01000019000BF00BF00BF564879
:103380000C38006840F4804053490C390860084606
:10339000006800F48040019000BF00BF4020029010
:1033A0000220039003200590012004900A2006903B
:1033B00002A94A48FDF7D6FA042002900920069097
:1033C00002A94648FDF7CEFA4FF46050029009205A
:1033D000069002A94248FDF7C5FA04200290092090
:1033E000069002A93F48FDF7BDFA3B4864380068E3
:1033F00040F480403849643908600846006820F489
:103400008040086000BF3848806800F02000002835
:10341000F9D13648344908603548486008460068A4
:1034200040F00100086000BF2F48806800F02000D5
:103430000028F9D14FF483702B49486100BF2A4816
:10344000806800F002000028F9D02748C06840F0EA
:1034500002002549C86000BF2348806800F02000B2
:103460000028F9D12049C861EB2444F4807444F465
:103470004064A81C44EA003444F4404400BF44F4CF
:10348000801444F0407444F0406408464461194894
:10349000006820F4803017490860164870300068D2
:1034A00020F001001349703108600020091D0860F8
:1034B0004FF01040091D08600F48091D08600520E5
:1034C0000C49703108600B48006840F480300949AD
:1034D000086007B030BD0000E04402580004025804
:1034E000000C025800100258005000521003000156
:1034F0000102180024ED00E02D0003032DE9F04146
:10350000CCB080460D4616461F4600245148006840
:1035100020F004004F49086000BF002001904E4891
:10352000006820F001004C4908600846006800F07F
:103530000100019047480C30006840F44040454984
:103540000C3108600846006800F44040019000BF5C
:1035500000BF00BF3F480C30006800F40050B0F5D9
:10356000005FF7D1212031904FF48030329000205D
:10357000349038900120379002203A90022131A8EF
:103580008162CDF8F480C56246638763002141649F
:103590000821016400218164FEF700FF04461CB18C
:1035A00001204CB0BDE8F0813F20449003204590BD
:1035B00000204690082047904020499000014A9002
:1035C000402048904B90042144A8FEF715FC044687
:1035D0000CB10120E5E721480290082003904FF448
:1035E000DC71049102210591069107910021089157
:1035F00009910A91022013902020149000201F901E
:1036000020904FF44010239002A8FDF765FE044679
:103610000CB10120C5E70020FFF784FEFDF7F8FBA1
:103620000F48006840F080000D49086000BF0C485A
:10363000F430006840F002000949F431086008469F
:10364000006800F00200019000BF00BFFDF780F9A4
:103650000020A6E70C4802582C040058030004037D
:103660000044025810B5044609480A490860084653
:10367000446000218160C160016181610C21416170
:10368000FCF790FF012204490248FCF74FFF10BDF0
:10369000001001405C2100241200002410B5002914
:1036A0000AD00878002807D005487844FCF77FFF47
:1036B000002801D0002010BD0248784410BD000051
:1036C0005A000000520000004FF04070E1EE100A76
:1036D0007047000000000102030401020304060712
:1036E00008090000203700080000002484030000BF
:1036F000D4020008F837000884030024A4F206006E
:10370000300300081C00000043000000F8FFFFFF2A
:103710000C0000000E0000000F0000002E00000052
:10372000113C90D00304F1321012011205000D3D3E
:10373000E95501907D5A01903D50019022F823FFF8
:10374000FF1E714E0190A1041380223224323032C8
:1037500038422015806206241CE003302C12382CDD
:10376000F0012034014013DD5E2F9014AC0190FF76
:103770007D311BB4E964013B13314D023490720575
:1037800019883901015413DB041B906F0413510590
:103790001490AD031B9065041341531B90110481D9
:1037A0005EF4CD0190C9102D7CEA06240401106955
:1037B000A00237044B01476015BCCE019002820184
:1037C0001355521B90B10401282D1CEB0624040153
:1037D0002C14FFFFFF1BE159643810070D13191F4C
:1037E000262E3946576D87A7CFFF1C7113D9361A7D
:0837F0009028690F9100000010
:0200000490006A
:10000000662915F03A86642900F07C80782900F092
:10001000B580732900F067850020704772B670477D
:1000200062B6704772B602B4EFF3118180F31188A3
:10003000BFF34F8FBFF36F8F084602BC62B67047A5
:1000400072B680F31188BFF34F8FBFF36F8F62B624
:10005000704730BF704720BF7047B0FA80F07047DC
:1000600090FAA0F0B0FA80F0704790FAA0F07047D4
:100070000FB4044910B503AA029800F039FD10BC72
:100080005DF814FB0C0000240FB41CB5074B06AA46
:100090007B4469460090059800F0FBFC002069460F
:1000A00000F00AFD1CBC5DF814FB0000250A0000EE
:1000B00070B50C460546012A05D02878800600D583
:1000C000EA69002302E0012305E05B1C934202D2AF
:1000D000E05C0028F9D1A869E618C01AA861286A6E
:1000E000184428622846AFF3008004E0D5E90121D6
:1000F00014F8010B9047B442F8D32846AFF30080C0
:1001000070BD00002DE9F0410646002410687529F5
:10011000314616A510D0AFF30080002802DA404225
:1001200013A507E031688A0701D512A502E0490747
:1001300004D511A5012401E0AFF3008000210A22BB
:1001400006F1240709E0B0FBF2FCB0FBF2F302FB7E
:100150001C00303078541846491C0028F3D123463F
:100160002A463046BDE8F04100F026BA0000000003
:100170002D0000002B0000002000000070B5044698
:100180000D4621461068AFF300802188090502D58D
:100190000F4A7A4402E00E4A7A440E32002104F1FA
:1001A000240305E000F00F060009965D5E54491C2B
:1001B0000028F7D120780023000704D5702D02D045
:1001C00009B1022311322046BDE8704000F0F4B9B5
:1001D000F6CE01002DE9F05F894604464FF0000A93
:1001E000DFF824B1FB44C0F820A02046E16888472E
:1001F00000287DD0252806D0D4E901219047206A27
:10020000401C2062F1E700255F462046E1688847F0
:100210002028064607DB312E05D2B81910F8200C2D
:1002200008B10543F1E7A80701D525F00405C4F896
:100230001CA00027C4F818A02A2E09D0304610F0C0
:10024000FDF838B304EB8708303EC8F8186019E0B1
:1002500059F8041B204604EB87029161E168884746
:10026000012F064618D1E069002820DA25F0200584
:100270001DE0D8F8180000EB800006EB4000303895
:10028000C8F818002046E1688847064610F0D6F8FE
:100290000028EED1012F0AD02E2E08D12046E16889
:1002A00088477F1C0646022F45F02005C4DBA06965
:1002B000002803DA404245F00105A061E80701D0BB
:1002C00025F01005A6B1A6F14100192802D8203664
:1002D00045F400654A463146204625604D46FFF705
:1002E0008FFE60B1012807D0ED1D25F0070000E06A
:1002F00007E000F1080978E705F1040975E73046E1
:100300007AE7206ABDE8F09FCCCE010040EA010305
:1003100010B59B070FD1042A0DD310C808C9121FAE
:100320009C42F8D020BA19BA884201D9012010BDE8
:100330004FF0FF3010BD1AB1D30703D0521C07E0B5
:10034000002010BD10F8013B11F8014B1B1B07D119
:1003500010F8013B11F8014B1B1B01D1921EF1D18A
:10036000184610BD40EA0103024630B59B0710D184
:100370004FF0013400E008C208C91D1B9D4315EA77
:10038000C41FF8D013F0FF0102F8011B0DD01B0AA7
:10039000F8E711F8013B002B02F8013B05D011F8FA
:1003A000013B002B02F8013BF3D130BD10B5431CDB
:1003B00002E010F8011B71B18107FAD14FF0013250
:1003C00002C88C1A8C4314EAC211F9D0C01A0A066A
:1003D00003D0C01E10BDC01A10BD0A0401D0801E7B
:1003E00010BD0902FCD0401E10BD431A28BF9A421E
:1003F00040F29083032A1044114440F2268010F00A
:10040000030F1EBF11F8013D521E00F8013D10F010
:10041000030F7FF4F6AF11F0030300F0D383083A23
:10042000C0F00B8051F8043D083A51F804CD40F873
:10043000043D40F804CDFFF7F3BF121D5CBF51F837
:10044000043D40F8043DAFF30080D20724BF11F80B
:10045000013D11F801CD48BF11F8012C24BF00F86F
:10046000013D00F801CD48BF00F8012C704701B5EF
:1004700000F050FB01BD10B5203AC0F00B80B1E890
:100480001850203AA0E81850B1E81850A0E81850C9
:10049000BFF4F5AF5FEA027C24BFB1E81850A0E8D2
:1004A000185044BF18C918C0BDE810405FEA827CEC
:1004B00024BF51F8043B40F8043B08BF7047D20703
:1004C00028BF31F8023B48BF11F8012B28BF20F8A4
:1004D000023B48BF00F8012B704701F0FF031146B3
:1004E00001B543EA032242EA024200F097FB01BD54
:1004F00002F0FF0343EA032242EA024200F08EBB0D
:100500004FF0000200B5134694469646203922BFAC
:10051000A0E80C50A0E80C50B1F12001BFF4F7AFF7
:10052000090728BFA0E80C5048BF0CC05DF804EBD9
:10053000890028BF40F8042B08BF704748BF20F847
:10054000022B11F0804F18BF00F8012B70470000FC
:100550004FF0013C50F8042B51F8043B9A4215D15E
:10056000A2EB0C03934313EACC130BD150F8042BEA
:1005700051F8043B9A4209D1A2EB0C03934313EACE
:10058000CC13E7D04FF00000704700BFD01A01BA7B
:10059000B1FA81F101F0180122FA01F0CB40C1F16A
:1005A0002001DBB2C0B2C01A2CFA01F3D11A914378
:1005B00011EAC311E6D170472DE9F0470D4699467F
:1005C0009246044600F124080168880604D5E069D3
:1005D00021F01001216000E00120A84201DD471B4D
:1005E00000E00027A1697A1902EB0900081AA0614E
:1005F0002078C00602D42046AFF30080002608E031
:10060000D4E901211AF806009047206A401C761CA4
:1006100020624E45F4DB2078C0060AD52046AFF3B1
:10062000008006E0D4E9012130209047206A401C78
:100630002062381EA7F10107F4DC07E0D4E90121AC
:1006400018F805009047206A401C2062281EA5F17A
:100650000105F3DC2046AFF300802078000602D5C8
:100660000220BDE8F0870120FBE770472DE9FF4F2E
:100670000C461E464FF0FF378BB0D2E90001DDF883
:1006800060800A908A46C1F30A5505B93D460021AB
:1006900008464FF00000BAF1000F00F4400005DA00
:1006A00000EB80004FF4400101EA50004FEA9059FE
:1006B000B9F1010F00DDB9460A9850EA4A000ED0A0
:1006C00044F61050A5F2FF3545432F14B8F1000F42
:1006D0001ED07542291E1EDDC9F100021CE0B8F1D2
:1006E000010F4FF0000001D0302103E0F24305E09C
:1006F0002154401CB042FBDB304600220021215433
:100700000B99C1F80880C1E900200FB0BDE8F08F57
:10071000BD1B6D1CDEE74A4600DA694206A800F000
:1007200023FB06AB93E8070003AB83E807005046C2
:100730000A9900F08FFB8DE80700A0F500501F38E4
:1007400000900398002D0ADD42F21F014A4608443A
:10075000002303A90390684600F0F8FD09E0A0F526
:1007600000504A461F38002303A90390684600F052
:1007700002FE8DE807000004000C03D04FF0FF30AC
:10078000410800E01046B8F1000F03D000220092AB
:1007900015461EE0751E05D400F060FA3032625531
:1007A0006D1EF9D5B3460122084302D000227F1CFA
:1007B00004E02078302801D100227F1E002A09970A
:1007C00084D01DE0112D07DA00F048FA303262556E
:1007D0006D1C50EA0102F5D1084302D00098C8B15F
:1007E0000EE00021681E05E0235C625C6354225425
:1007F000401E491C8142F7DBAB46A81B401E0990F6
:10080000002004F80B000B98099AC0F80880C0E992
:10081000002B7AE711264FF0000857E72DE9F04F3B
:1008200088460446D21D22F0070191B0D1E90001AB
:10083000CDE90A010FF05EFD02460B98C00F01D012
:100840002D2007E02068810701D52B2002E0202120
:1008500001EAC000032A099001D0072A05DB0346FC
:100860004146204600F040FA0BE12078800601D591
:10087000E06900E00620B8F1650F814606D0B8F1C6
:10088000660F18D0B8F1670F70D131E00020B9F1D0
:10089000110F009001DB112301E009F101030AAA05
:1008A00001A90CA8FFF7E2FEDDE90C70002609F1B2
:1008B0000105834647E001204B4600904FF000477A
:1008C0000AAA01A90CA8FFF7D1FEDDE90DB00C9929
:1008D0005D46002610B909F101000D18B9EB0500BD
:1008E00003D4C0F1FF3609F10105A5EB09002BE0A7
:1008F000B9F1010F01DA4FF001090020B9F1110F30
:100900000090484601DD112300E003460AAA01A930
:100910000CA8FFF7ABFEDDE90C704D4600268346C0
:10092000207800070AD4AB4500DA5D4601A8012D06
:1009300004DD411911F8011C302907D04F4502DAB6
:1009400017F1040F04DA012082460FE06D1EEEE776
:10095000002F02DCED1B3E4403E0781CA84200DDC2
:100960007D1CB81B00F1010A4FF0004720780007FA
:1009700003D4AA4501DB4FF0FF3A0021B7F1004F45
:100980000DF143088DF8431024D002202B23002FB3
:1009900001DA7F422D230A21021EA0F1010000DCB2
:1009A0005FB197FBF1FC97FBF1F201FB1C7C174652
:1009B0000CF1300C08F801CDEEE7A8F1010003704E
:1009C0002188090501D5452100E06521A0F1010834
:1009D00000F8011C09980FA9A1EB0807FF1D00B141
:1009E0000120411901EBEA70A1693844081A401E40
:1009F000A0612078C00602D42046AFF30080099899
:100A000028B1D4E901219047206A401C2062207857
:100A1000C00622D52046AFF300801EE0002E04DB86
:100A2000B34502DD01A8805D00E03020D4E901215A
:100A30009047206A401C2062761CAAF101005FEA00
:100A4000000A0AD100F05CFEC0680168405CD4E98D
:100A500001219047206A401C2062281EA5F1010553
:100A6000DCDC07E0D4E9012118F8010B9047206A8B
:100A7000401C2062381EA7F10107F3DC2046AFF3CB
:100A80000080032011B041E601694A1C0261087828
:100A9000704700B58FB0CDE90131002105910549BE
:100AA0007944CDE9031011466846FFF793FB0FB078
:100AB00000BD0000E5FFFFFF0A6802F8010B0A60B5
:100AC000704710B5436913B1AFF3008001E0FFF741
:100AD000EFFA012010BD127800F124010A70002203
:100AE0004A700122EDE711684FF0FF32E9E700009C
:100AF000074B70B50D467B44FFF7CBFF04462846F5
:100B000000F0A4F910B14FF0FF3070BD204670BD69
:100B100093270078032A40F2308010F0030C00F095
:100B2000158011F8013BBCF1020F624498BF11F827
:100B300001CB00F8013B38BF11F8013BA2F10402E0
:100B400098BF00F801CB38BF00F8013B11F0030358
:100B50003FF491AC083AC0F0088051F8043B083AE1
:100B600051F804CBA0E80810F5E7121D5CBF51F85E
:100B7000043B40F8043BAFF30080D20724BF11F8D8
:100B8000013B11F801CB48BF11F8012B24BF00F83D
:100B9000013B00F801CB48BF00F8012B7047431A16
:100BA00028BF9A427FF667AC104410F0030F11443F
:100BB0001EBF11F8013D521E00F8013D10F0030F59
:100BC0007FF4F6AF103AC0F00A8010B531E9185042
:100BD000103A20E91850BFF4F9AFBDE810405307B0
:100BE00024BF31E9081020E9081044BF51F8043D42
:100BF00040F8043D12F0030F08BF7047D20728BF2A
:100C000031F8023D48BF11F8012C28BF20F8023D01
:100C100048BF00F8012C70474FF000020429C0F0D3
:100C2000128010F0030C3FF46DACCCF1040CBCF15D
:100C3000020F18BF00F8012BA8BF20F8022BA1EB70
:100C40000C01FFF75FBC5FEAC17C24BF00F8012BF9
:100C500000F8012B48BF00F8012B704730B5B0F108
:100C60000A024FEA900E71F100034EEA817EB0EB6A
:100C70000E0061EB91014FEA101E4EEA017E10EB6F
:100C80000E0041EB11114FEA102E4EEA016E10EBEF
:100C90000E0041EB11214FEA104E4EEA014E10EBCF
:100CA0000E0041EB1141401841F100014FEAD00024
:100CB00040EA41704FEAD10110EB80054FEA810410
:100CC00044EA907444EB01046D1944EB0404521B94
:100CD000A3414FF0000348BF0A3200D530BD401C8D
:100CE00041F1000130BD00002DE9F0411F460446EE
:100CF00003260168072A01F4006004DB08B116A589
:100D000005E016A503E008B115A500E015A521F042
:100D100010002060A069C01EA0610FB1401EA0613C
:100D20002046AFF300804FB1D4E901213846904707
:100D3000206A401C2062C01C206206E0206AFAE79C
:100D4000D4E9012115F8010B9047761EF8D2204610
:100D5000AFF30080BDE8F0814E414E006E616E0041
:100D6000494E4600696E66002DE9F04781461646F9
:100D70008AB0354878440DC88DE80D003248784473
:100D8000801C03AC0DC884E80D0041F69B3008447C
:100D9000372190FBF1F290FBF1F5A5F1800501FB05
:100DA00012041B3C02D56442012000E00020DFF861
:100DB00098A080460027FA44AAF1BE0A0EE0E00798
:100DC0000AD03246684607EB470101230AEB81014E
:100DD00000F0D1FA8DE8070064107F1C002CEED1E2
:100DE000194F7F44AE3F19E0E80715D007EB041018
:100DF0000DF1180A90E80E008AE80E00C068F04273
:100E000001D1981908903246012306A903A800F0E1
:100E1000B2FA03AB83E807006D10641C002DE3D128
:100E20004FF0010332466946B8F1000F03A802D023
:100E300000F08CFA01E000F09EFAC9E90001C9F85F
:100E400008200AB0BDE8F087CCC30100007B00F0A9
:100E5000800070475FEA400C08BF91F0000F4FEA36
:100E60008C234FEAC12243EA51514FEA1C5018BF6C
:100E700000F5F0404FEA300018BF41F000415FEA52
:100E80006C5C00F02980BCF1FF3F08BF40F080405F
:100E90007047130C06BF12044FF0100C4FF0000CFB
:100EA000130E04BF12020CF1080C130F04BF120141
:100EB0000CF1040C930F04BF92000CF1020CD30F41
:100EC00004BF52000CF1010C11464FF00002A0F1DA
:100ED0001F00A0EB0C00704711F0004F08BF7047D7
:100EE00031F000413FF4D5AF0B0C06BF09044FF0C1
:100EF000100C4FF0000C0B0E04BF09020CF1080C93
:100F00000B0F04BF09010CF1040C8B0F04BF890007
:100F10000CF1020CCB0F04BF49000CF1010CCCF119
:100F20002003A0EB0C0022FA03F302FA0CF241EAD0
:100F3000030100F10100704720F07F4C80EA0300BC
:100F400023F07F47ACEB070303F57C5300F0004030
:100F500003F1FF032DE980494FEA154B09B44FEA2D
:100F6000144325EA0B4E24EA03480FF2042606EB4D
:100F7000132749083E785FEA320203FB0667C7F58C
:100F8000000707FB06F64FEA54374FEAD64606F14C
:100F9000020607FB066CCCF1005C4FEA1C472CEA0A
:100FA000074C07FB06F40CFB06F504EB15464FEA6D
:100FB000961634BF00204FF000404FEAD13706FBB1
:100FC00007FC4FEA1C4C0CFB0BF7D21B03FB0CF786
:100FD00061EB07010CFB0EF7B0EB074072EB174219
:100FE0000CFB08F734BFA2EB0742B2EB074261EB00
:100FF00017414FEA0C444FEA910706FB07FC4FEA02
:101000001C4C0CFB0BF7B0EBC74072EB573203FBE9
:101010000CF734BFA2EBC742B2EBC74261EB5731CA
:101020000CFB0EF7B0EBC70072EB57720CFB08F726
:1010300034BFA2EBC702B2EBC70261EB5771039F4B
:101040004FEA816141EA921104EBCC044FEAD137B7
:101050004FEA826206FB07FC42EA90124FEA806088
:101060004FEA1C4C0CFB0BF7D21B03FB0CF761EB9C
:1010700007010CFB0EF7B0EB074072EB17420CFBBD
:1010800008F734BFA2EB0742B2EB074261EB17410E
:101090004FEA8C554FEA910704EB9C2406FB07FCB2
:1010A0004FEA1C4C0CFB0BF7B0EBC74072EB57320E
:1010B00003FB0CF734BFA2EBC742B2EBC74261EBB4
:1010C00057310CFB0EF7B0EBC70072EB57720CFBFD
:1010D00008F734BFA2EBC702B2EBC70261EB57714E
:1010E00015EB4C254FEA816141EA92114FEA826289
:1010F0004FEAD13742EA901206FB07FC44F10004A4
:101100004FEA80604FEA1C4C0CFB0BF7D21B03FB31
:101110000CF761EB07010CFB0EF7B0EB074072EB2D
:1011200017420CFB08F734BFA2EB0742B2EB0742B1
:1011300061EB174115EB1C154FEA813141EA9241F1
:101140004FEA823242EA90424FEA80304FEA0C7610
:1011500044F1000448EA03434EEA0B484FF0000E06
:10116000B2EB080C71EB030724BF624639464EEB25
:101170000E0E4FF0000B0018524149414BEB0B0B88
:10118000B2EB080C71EB03077BF1000B24BF624646
:1011900039464EEB0E0E4FF0000B001852414941FC
:1011A0004BEB0B0BB2EB080C71EB03077BF1000B65
:1011B00024BF624639464EEB0E0E51EA020718BFB5
:1011C00046F0010616EB0E7655F1000254F10001CF
:1011D00003D5BDE88901BDE80088BDE88901BDE807
:1011E0000048B619524141EB0101A3F101037047D8
:1011F00080807F7E7D7C7B7A797877767675747354
:10120000727171706F6E6E6D6C6C6B6A6A69686812
:10121000676666656464636362616160605F5F5EA8
:101220005E5D5D5C5C5B5B5A5A595958585757561E
:101230005655555554545353525252515150505083
:101240004F4F4F4E4E4D4D4D4C4C4C4B4B4B4A4AD5
:101250004A49494948484847474747464646454519
:101260004544444444434343434242424241414152
:10127000002B9C4630D477002BD01CB54FEA3707A3
:1012800003B44FF010004FF01001BAF1000F06D078
:10129000BCF1000FDCBF40F0080040F008014FF047
:1012A00000000FBCBDE810400BF1010BBBF1010FBA
:1012B00008BF5FEA170722BF12F1010211F1010115
:1012C0004FF0004143F1000300F0004043EA00000A
:1012D0007047F9D35708D0E746EA064613F1400FA6
:1012E0004FEA16461FDD13F1200FDFBF16430A46F3
:1012F000002120335B42BED0C3F1200746EA0646F8
:1013000002FA07F74FEA164646EA0706C3F1200736
:1013100022FA03F201FA07F721FA03F14FF0000372
:1013200042EA0702A7E746EA020646EA06464FEA0D
:10133000164646EA0106BCBF46EA0646360C4FF0A2
:1013400000034FF000024FF0000194E72DE9804CBC
:101350009A46934670B491E8380007C831EA400CC9
:1013600048BF34EA430C03D5FFF7E6FDFFF780FFE3
:10137000F0BCBDE8008C2DE9804C9A46934670B4D1
:1013800091E8380007C810F0804F08BF13F0804F75
:1013900003D100F005F8FFF76BFFF0BCBDE8008C4F
:1013A00020F07F4780EA030023F07F4C07EB0C031B
:1013B000A3F57C5300F00040A3F1FE0392F0000F70
:1013C00000F0B38095F0000F00F077802DE901491F
:1013D0004FEA11404FEA144621EA004800FB06FCA0
:1013E00024EA064708FB06F607FB08F800FB07F7A8
:1013F00018EB06484CEB164C4FEA124B18EB07481B
:101400004FEA15464CEB174022EA0B4E0BFB06FC4D
:1014100025EA06470EFB06F607FB0EFE0BFB07F759
:101420001EEB064E4CEB164C4FF000061EEB074E23
:101430004CEB174B18EB0B0840F1000018EB0E0BB0
:1014400058EB000840F100008F1A4FF000013CBF3C
:10145000C943661B14BFB5EB040C00213CBFC94354
:10146000F61B4FEA17444EEA8E0E27EA04454FEA70
:101470001C4704FB07622CEA074C05FB07F70CFB33
:1014800005F604FB0CFC16EB074642EB174216EB85
:101490000C4642EB1C421BEB060658EB0202414194
:1014A00046EA9E0601D5BDE80189B619524141EBD5
:1014B0000101A3F10103BDE801894FEA14454FEA98
:1014C000114724EA054621EA074C05FB07F406FB11
:1014D00007F70CFB06F105FB0CFC11EB074144EB95
:1014E00017444FEA124711EB0C4144EB1C4422EA2B
:1014F000074C05FB07F206FB07F70CFB06F605FB9E
:101500000CFC16EB074642EB174216EB0C4642EB7F
:101510001C456A1854F1000148BF7047B619524182
:1015200041EB0101A3F10103704795F0000F37D0A3
:101530004FEA11424FEA144721EA024624EA074CD7
:1015400002FB07F106FB07F70CFB06F402FB0CFCA1
:1015500014EB074441EB17414FEA154714EB0C44D9
:1015600041EB1C4125EA074C02FB07F506FB07F798
:101570000CFB06F602FB0CFC16EB074645EB174589
:1015800016EB0C4645EB1C42121951F1000148BF05
:101590007047B619524141EB0101A3F101037047B5
:1015A0004FEA14454FEA114724EA054621EA074C61
:1015B00005FB07F106FB07F70CFB06F24FF00006F0
:1015C00005FB0CFC12EB074241EB174112EB0C42FE
:1015D00051EB1C4148BF7047921841EB0101A3F148
:1015E0000103704772B64EF62250CEF2000040F270
:1015F000FF01C0F200010170002080F3098840F271
:10160000A800C2F20040016881F3088805F0F4FDEB
:1016100040F2B300C2F2004040F2B401C2F2004115
:101620000A78027040F2D000C2F2004040F2D401C9
:10163000C2F200410A680260106880F30988EFF383
:10164000148040F0020020F0040080F31488BFF3FF
:101650006F8FBDE8F04F0FBCBDE8005006BC62B60E
:10166000084726484FF080510160704772B640F23B
:10167000AC02C2F20042116881F31188BFF34F8FB0
:10168000BFF36F8F62B6EFF309801EF0100F08BF33
:1016900020ED108A20E9F04F40F2D005C2F200455B
:1016A00029680860744605F0A7FD40F2B300C2F255
:1016B000004040F2B401C2F200410A78027040F2E8
:1016C000D401C2F200410A682A6044F0040E106896
:1016D000B0E8F04F1EF0100F08BFB0EC108A80F396
:1016E000098840F20002C0F2000272B682F311884B
:1016F000BFF34F8FBFF36F8F62B6704704ED00E00A
:1017000040F2C14CC0F6000C604740F6651CC0F6C4
:10171000000C604740F2B95CC0F6000C604742F62E
:10172000793CC0F6000C604740F68F3CC0F6000CD8
:10173000604743F2192CC0F6000C604740F6A93C04
:10174000C0F6000C604742F6394CC0F6000C60470A
:1017500040F6556CC0F6000C604740F6796CC0F658
:10176000000C604741F2A90CC0F6000C604740F243
:10177000CB3CC0F6000C604742F2291CC0F6000CBE
:10178000604742F24D1CC0F6000C604743F2312C1A
:10179000C0F6000C604740F66D3CC0F6000C604798
:1017A00040F67D3CC0F6000C604740F6E14CC0F6C8
:1017B000000C604740F6854CC0F6000C604740F6D0
:1017C0000D5CC0F6000C604742F2711CC0F6000CC4
:1017D0006047002800DC4042704700BFFEE77047CA
:1017E0007047000070B50446B3F5804F13D1D1E9BE
:1017F000000540EA05108D6840EA05208D69284300
:101800008D8940EA054054F82250064E3540284361
:1018100044F8220003E06FF0704044F822000020FA
:1018200070BD00000000F0CF30B50246086852F8E5
:10183000200020F001000C6842F824008868082885
:1018400001D1402300E00023486818438C682043FE
:10185000CC6820430C6920434C6920438C692043A9
:10186000CC6920430C6A20434C6A20438C6A204395
:10187000CC6A20430C6B20434C6B20438C6B204381
:101880000C6852F824400D4D2C4020430C6842F85F
:101890002400086BB0F5801F07D1086828B11068D4
:1018A00020F480100C6B20431060086818B1106899
:1018B0004C6B20431060002030BD00008004C0FF4E
:1018C00030B50346D1E9000540EA05108D6840EACD
:1018D00005208D8940EA0545088A401E45EA0055E5
:1018E000087D801E45EA00608D692843551C53F829
:1018F000255005F040452843551C43F8250018683D
:1019000000F48010B0F5801F0BD1586820F47004EB
:10191000088A401E44EA0054586820F470002043AE
:101920005860002030BD00002DE9F0430446C56832
:1019300087B090468946002002F08EF8064625B111
:10194000287910B146F0020001E026F0020002F012
:1019500083F82069012558B1D4E902128DE82600E8
:10196000039563882288046841464846A0471EE0E4
:10197000124F134B214638681B68427CE068984739
:1019800030B9E088012801D0002001E03868806B80
:10199000A288E388A1680095CDE90410CDE9023260
:1019A0000195638822884146484604F057F807B0FD
:1019B0003046BDE8F04302F04FB80000F0000024CC
:1019C000E00000241CB50024019401AC009400F058
:1019D00001F81CBD2DE9F0478046444886B0164604
:1019E00000680E9C1D46027E0F46012A1CD0A8EB03
:1019F0000600791B50EA010323D0A2F101090EF081
:101A000091FC00F58060824603F04DFD00FB09F477
:101A1000504603F04DFD00FB09F1002C14DAC4F52B
:101A200000708012404212E0012003F0A1FB2B461F
:101A300032463946404600940BF016F9002003F078
:101A400097FB06B0BDE8F08704F50074A0120029EA
:101A500004DAC1F5007189124C4202E001F500710F
:101A60008C12002804DD411C01EBD171491003E008
:101A700000EBD0714910401E00EBD0704210002CDA
:101A800004DD601C00EBD070401003E004EBD47068
:101A90004010641E04EBD47308EB0104ADF804405D
:101AA0003C18ADF80640A8EB02045B10B21AADF882
:101AB0000840ADF80C203144FC1AEA1AADF81010B9
:101AC0002844ADF80E20ADF812000023ADF80A400E
:101AD0001A46042101A800F079F8394640460BF077
:101AE000A9F9294630460BF0A5F9AAE7F000002431
:101AF000064A13681A7E012A05D0521E02EBD272E2
:101B0000521000F005B81A6E52681047F000002419
:101B10002DE9F05F0646884640F2C32002FB00F143
:101B20004FF47A7091FBF0F702FB02F102EBD270F6
:101B300001EB600B1446B118234A301B7F1C12685E
:101B4000126E13680A4641469847012538E000BFE7
:101B500005FB05F004FB040159451CDDBC4219DD01
:101B6000194B06EB050AA6EB05091B68AAF1010251
:101B700008EB04011B6E09F101001B689847124B2A
:101B8000AAF10102A8EB04011B6809F101001B6E18
:101B90001B689847641E0C4B3219301B1B68924619
:101BA00008EB05011B6E81461B689847064B5246A1
:101BB000A8EB05011B6848461B6E1B6898476D1C07
:101BC000BD42C5DDBDE8F09FF00000242DE9FF4FC8
:101BD00043F6FF740F46664283B09B468146002160
:101BE0000BE000BF09EB8100B0F90200A04200DA6F
:101BF0000446B04200DD0646491CB942F2DB6748A4
:101C00000068406900280DD0B0F906101A46A1EB13
:101C10000B01B14200DA0E46B0F90200801AA04270
:101C200000DD0446B4E0DFF878A100200546CAF8DC
:101C3000000088E0781E854201DA6B1C00E000237A
:101C400009EB850C09EB8302BCF90200B2F9021022
:101C5000A04244D1A14215D139F92330059A39F96E
:101C6000251003EB020C4D4A05981268084404EB5A
:101C70000B01126E6045136801DA62462AE00246E3
:101C8000604627E02846A4464FF000087A1E0BE085
:101C900008B1401E00E0781E09EB8003B3F9023062
:101CA000634504D108F101089045F1DB2346A342C6
:101CB00048D01A1B39F92500A1EB040C059B92EAC8
:101CC0000C0F09D4354A184404EB0B011268126E4C
:101CD00013680246984735E009F046F832E0A14221
:101CE00030D001DBA04203DDA0422BDBA14229DC86
:101CF000E04688420ADC0346A04223DC0846A142B3
:101D000020DBB8F900C0B2F9001008E00B46A14290
:101D100018DCA04216DBB2F900C0B8F90010E21AD4
:101D2000A1EB0C0151430029A0EB030202DD01EB02
:101D3000620102E0A1EB6201491CC01A91FBF0F0C4
:101D40006044C9E76D1CBD42FFF674AF0598009072
:101D500004EB0B00019000208046054613E011497A
:101D6000B8F1000F31F915A009D0009901EB0A0272
:101D700008440A490968096E0B680199984788F078
:101D8000010850466D1C064909688D42E7DB641C5A
:101D9000B4427FF748AF07B0BDE8F08FF0000024F1
:101DA000F801002464EA0624104810B5006801F028
:101DB00037FE0F48006801F03EFE012001F0C4FE2E
:101DC000002001F0CFFE002001F0DCFE00210846DB
:101DD00001F06CF8002001F03FFE0648006801F0B9
:101DE00047FEBDE81040002001F080BEEC0000245A
:101DF000E8000024E40000242DE9F04FDFF828B1CA
:101E000091B04FF0FF35DBF80030B3F922100691A6
:101E1000DE69B3F92490F469A189814206D8E28988
:101E2000824203D3471AD4F8008012E0D4E901813A
:101E300000296FD00A8882426CD84D88854269D3C8
:101E4000801A82B2486800EB8200B0F90070B0F9E5
:101E50000250781C5ED0307EA17C10FB01FA217C00
:101E6000CDE90701B3F92A60304604F06FFAC0B239
:101E70000E90DBF8000007FB0A81A37C826B012730
:101E8000CDE90412CDE90273C069089AC17E807E53
:101E9000CDE90001DDE90603494603F0DFFD681CDA
:101EA00018D046F0020004F051FADBF80000A37CE1
:101EB00005FB0A81826BCDE90273CDE90412C0698A
:101EC000089AC17E807ECDE90001DDE9060349461E
:101ED00003F0C4FDDBF800005D46C069417E007E72
:101EE000814214D9022E12D086F0040004F02EFA9A
:101EF0002868C069027EC37E12FB0391437E857E03
:101F0000089A06984B4412FB050203F033FF0E9823
:101F100004F01CFADBF80000627C418C114441841F
:101F200011B0BDE8F08F0000F00000240448006804
:101F3000C069C06909B1027C0A60407C704700003A
:101F4000F0000024022008807047C06982898A421C
:101F500002D8C2898A4210D2806880B102888A423F
:101F60000DD843888B420AD3406800EB8100A0EB78
:101F70008200B0F90000002801DB0120704700203A
:101F8000704700002DE9F043334C034687B02068CA
:101F90001946B0F92A60C069C06900F090F80028BD
:101FA00053D041680088181A01EBC0053046AF785D
:101FB00004F0CCF9814620686A680123816BCDE981
:101FC0000237CDE90421C169CB7E8A7ECDE90023A9
:101FD0000B7EB0F924102A78B0F9220003F03EFD00
:101FE0002068C069417E027E91421FD9C07E11FBEC
:101FF00000F812FB00F7022E18D000F0E3FE0646B0
:1020000000F0AEFE01F017FD21682A78CB69B1F926
:102010002200DB7E12FB0302B1F9241001EB08035E
:10202000394403F0A7FE304601F005FD484604F0B0
:102030008DF920686A78C369B0F922109B7E12FB83
:102040000311418407B0BDE8F08307B03046BDE816
:10205000F04302F07DBE0000F000002470B5114C8A
:1020600005460B4620682946C069C06900F027F87C
:1020700098B14168008824682A1A0120E46900EBBD
:10208000C200085CA47E10FB04F0002B04D011F801
:10209000321011FB04F1196070BDBDE8704003F00F
:1020A00001B80000F000002401200880704700B54E
:1020B000C06900F004F8002800D0012000BD06E04F
:1020C00002888A4202D842888A4202D28068002866
:1020D000F6D170472DE9F0410025144E144C17E05D
:1020E0002069C5EB051700EBC7007022001D3168A1
:1020F000FEF7C1F92069002140F8371000EBC70056
:1021000000F10C018161011DC163091D6D1C016499
:10211000A0688542E4DB0CF037F82169C0EB0010C1
:1021200001EBC000001D3060BDE8F081F00000242C
:102130001402002470B510490E480860084603F0E8
:1021400051F90D4C143CA068C0EB0010C5002846A6
:1021500000F06EF8094B20612A461B680021984761
:102160004FF0FF30206002F0EDFABDE870400CF057
:102170000BB8000045E6009028020024CC010024A2
:1021800010B5040009D000F0DFFE204608F052FE32
:10219000044602F075FA204610BD002010BD000074
:1021A00038B5054600F0D0FE2846FFF7E9FF0400E9
:1021B0000AD000F0BDF8064B00902A461B680021AB
:1021C0009847684600F0E4F802F05AFA204638BD15
:1021D000CC010024024A106021F0030050607047D7
:1021E000A8E9062410B5040011D000F0ADFE08489F
:1021F000042101EBC401406B4158486808F0D2FD4E
:1022000020460CF083FBBDE8104002F039BA10BD47
:10221000E8E80624002808D00449CA6B02600022BE
:102220004260026802B15060C8637047E8E8062463
:102230002DE9F04104460CF08DF82848E41C24F008
:102240000305016C2D1DA94200D90D46C46B13E096
:1022500054F8042CAA420ED184B1216809B16268F5
:102260004A60616809B122680A60C26BA24231D13A
:102270002168C1632EE02468002CE9D18046816B7F
:10228000C0680F1857F8040C3E1A306838B10020A7
:102290000CF044FC57F8040C3E1A3068D0B9706852
:1022A000A84217DB3044441B3046241D0CF0EEFBE3
:1022B000D8F80C10491BC8F80C10D8F81410294491
:1022C000C8F814107068401B02D0314608F06AFD4F
:1022D00044F8045C2046BDE8F0810000E8E80624EC
:1022E00010B500240CF036F80C490F2001EBC002A9
:1022F000526C1AB101EBC000406C08E0401EF5D5ED
:1023000008E04168A14200D90C46806810B180689D
:102310000028F6D1A4F10C0010BD0000E8E8062466
:1023200002488169491C816170470000E8E8062481
:102330000549CA69521CCA61496B01EBC0010A78A0
:10234000521C0A7000F03CB8E8E8062410B500F012
:10235000FBFDFFF7C5FF64220849B0F5800F04D9E3
:1023600090FBF2F4086A444303E0096A4143B1FB7D
:10237000F2F402F085F9204610BD0000E8E80624DA
:1023800002488169491E816170470000E8E806241F
:102390000A4902684B6B52F8082C03EBC20213780F
:1023A000022B03D3CB690BB15B1ECB611178491EA5
:1023B000117000210160084670470000E8E806241B
:1023C0000349042202EBC000496B085808307047EB
:1023D000E8E80624524202F0F8BF00002DE9FC5F55
:1023E0008946044600F0B0FD484600F0F7FC2C4E4C
:1023F00009EB8907824656F82700019029484FF0DB
:102400000108016841B92749C0F80080091D264824
:102410000860084602F0E6FF214A09EB8901BAF19B
:10242000000002EB81051BD001F0DEFA83464FF07D
:102430007F4001F0F5FA00F0B9F80022114620685B
:1024400000F086FB206842880188504601F030FB8E
:1024500046F8274085F80480584601F0C5FA17E091
:1024600046F8274085F804802869464618B101F0EF
:10247000EBF90020286174B10096E868A1684B462A
:10248000421AA8686168411A206801F037FA286189
:1024900048460CF0EDFF02F0F3F80198BDE8FC9F10
:1024A00024EA06245801002425E6009070B514465D
:1024B0000D46064600F048FD204600F08FFC030064
:1024C000174804EB840109D050F821004168806866
:1024D000711A2A1A184601F0DBFA1CE000EB81049D
:1024E000A268B24201D0012200E00022E368AB42C0
:1024F00001D0012300E000231A430CD0236943B12B
:1025000050F82100816840686A1A311A184601F0B3
:10251000C0F9C4E90265BDE8704002F0B1B800003E
:1025200024EA062402480068407C00F003B800005A
:10253000F000002410B5044600F006FD0A4804EB44
:10254000840100EB810301221A7150F8210030B19F
:1025500020460CF08DFFBDE8104002F091B82146F6
:102560000248FFF73BFFF6E724EA06246CCE019011
:1025700010B5C2B2CBB2D21A00D5524293B25B436D
:10258000C0F30722C1F30724121B00D55242000CEE
:1025900092B2A0EB114002FB023200B2002801DA35
:1025A000404200B280B200FB002010BD10B50021F7
:1025B000084600F07BFC43F6FF725042BDE8104035
:1025C00013460146AFF300802DE9FC411C46154639
:1025D0000E46074600F0B8FC042003F0B7FE804624
:1025E00012484069816CC06C0F4406440D44044499
:1025F000ADF80070ADF80450ADF80260ADF80640DB
:10260000684607F073FF07E023462A4631463846FE
:1026100003F0B0FB07F02CFF0028F5D1404603F093
:1026200095FE02F02DF8BDE8FC810000DC000024DE
:102630002DE9F0411C4616460D460746022B02DBEB
:102640000020BDE8F0811C20FFF7F2FD0028F8D043
:102650000DB105610AE0094A52F8241009B905E0F4
:1026600011460A68002AFBD10969016184618682EA
:10267000002101604160C0E90217E2E7280100245F
:1026800070B51D46FFF7D4FF040009D000F00EF826
:10269000E068006820B90348006800EB85004465E5
:1026A000204670BDF0000024FFF7B4BD70B5C0B384
:1026B0008269022A36DA2149531C0C789C4200DADE
:1026C0000B701F4C54F8221019B944F8220032E064
:1026D00019464B68002BFBD106E0CB68C5681B6828
:1026E0002D68AB4203DD09680029F6D11AE0C1B1BB
:1026F000CB68C6681B683668B3420CD1838A012B4D
:1027000005D008E01946DB681B68AB4203DB0B68A9
:10271000002BF7D129B14B6833B118604A68426089
:1027200004E0FFE7012070BD44F8220048608842C1
:1027300000D100210160002070BD00004E01002486
:102740002801002410B503E00468FFF7AFFF20461E
:102750000028F9D110BD000010B50C4B8269002192
:1027600053F82240844205D1046843F822400268AD
:1027700002B1516042680AB10368136002680AB18D
:10278000436853600160416010BD000028010024CF
:1027900000207047022801DB00207047054951F8EE
:1027A000200004E0C16809680029F6D0006800280C
:1027B000F8D17047280100242DE9F041044601F0CA
:1027C000ADFF0619164F1FE000F012FA3868844278
:1027D00000DD0446A04600F0B7FB12480568FFF78D
:1027E0009FFD2C0017D000BF01F04AFF641EFBD1F3
:1027F000404601F073FF1DB100F0A6FB6D1EFBD13A
:10280000FFF7BEFD01F03CFF01F088FF341A002CF9
:10281000DADCBDE8F081404601F060FFF0E700003F
:1028200068010024200200242DE9FC4706005FD047
:1028300000F08AFB00F0DCFA3C4C81462068B0F9DD
:10284000228000F005FB216807468A8CD01B888413
:1028500041E000BF47F6FF71304602F007FC8246B8
:102860000146304602F0D4FB2168054691F82C0061
:1028700000F00300012841D002283BD000204A8C00
:10288000101A4884ADF800006A1E1044ADF8040028
:10289000888CADF80200A9F101010844ADF80600EA
:1028A0006A465146304602F007F92168BDF8020039
:1028B00088845146304601F0D1FD064430780A281C
:1028C0001ED00D281CD0BDF8000021682844488483
:1028D000307818B1761C30780028BBD12068818C04
:1028E00039448184818D21F00301818501F0C8FE86
:1028F000BDE8FC8705EBD5704010C0E72846BEE771
:10290000206890F82C1001F0030101290BD0022956
:1029100009D0018C418431780A29D9D1828C02EB0B
:1029200009018184D4E7A0F82280F4E7F0000024B4
:1029300070B514460D46064600F006FB05480068D3
:10294000458484843046FFF76FFFBDE8704001F096
:1029500097BE0000F00000242DE9F04107460A4828
:1029600015460E460068B0F92C0040F0020001F058
:10297000F9F804462A4631463846FFF7D9FF204683
:10298000BDE8F04101F0EEB8F00000242DE9FF4F62
:1029900087B006004FF0000091460C46029003906D
:1029A0007ED000F0D1FA2568676829B238B2401AA3
:1029B000401CB346019000F01BFA804619F00C0F42
:1029C0001ED030460A9A019901F064FE09F00C010C
:1029D000042904D0082902D00C2911D104E03A14AA
:1029E00000FB1820401C09E02914C1EB274300FB21
:1029F0001830401C00EBD07001EB600060F31F4505
:102A0000204607F067FC009048B1CDE90457024624
:102A1000214604A802F083FB04A807F05BFCA8F1A0
:102A2000010A30460A9A019902F0EEFC06900AEB80
:102A3000254060F31F47CDE902573046069902F062
:102A4000E7FA19F003010FD0012978D002290ED13D
:102A5000B4F90420B4F90010521A101A401C00EB0B
:102A6000D07001EB600000E02088ADF8080002AAF9
:102A70003046069902F020F83348007888B333488E
:102A8000006890F82A0080072BD45E450ED1BDF96E
:102A90000A30B4F902108B4208DDB4F9042000E0DA
:102AA00049E0B4F900005B1EFFF78EFDBDF9082078
:102AB000B4F90000824206DDBDF90E30BDF90A10FE
:102AC000521EFFF781FD2148B4F904200068B0F9D7
:102AD0002200904205DCBDF90E30BDF90A10FFF767
:102AE00073FD30460A9A019902F084FC064408EB13
:102AF000254060F31F453078002892D112480078B5
:102B0000A0B11248006890F82A0080070ED45E45F4
:102B10000CD0BDF90E10B4F90630994206DAB4F9BA
:102B20000420B4F90000491CFFF74EFD009807F09F
:102B3000D1FB01F0A5FD0BB0BDE8F08FFFE7A18848
:102B4000081A401C91E7000064010024F0000024F2
:102B50007CB514460D46064600F0F6F911480068AB
:102B6000816CC06C0D4404443188681E0844ADF883
:102B70000400ADF800507188601E0844ADF80600EE
:102B8000ADF80240684607F0B1FC06E0224629464F
:102B90003046FEF7C9FE07F06BFC0028F6D101F0C5
:102BA0006FFD7CBDF00000242DE9F0411C46154668
:102BB0000E46074600F0C8F90C480168886CC96CDD
:102BC000074405440E440C44002007F08FFC07E046
:102BD00023462A4631463846FEF7F4FE07F048FC05
:102BE0000028F5D1BDE8F04101F04ABDF000002415
:102BF00010B5002400E0012400F004F80028FAD108
:102C0000204610BD0B4810B50068002410B1804765
:102C100000B1012406F0DCFE00B101240648006882
:102C200010B1804700B101240448006800B180471A
:102C3000204610BDFC00002434010024F4000024D0
:102C40002DE9FC411C4615460E46074600F07CF96E
:102C500010480068816CC06C0F4406440D44044465
:102C6000ADF80070ADF80450ADF80260ADF8064064
:102C7000684607F03BFC07E023462A4631463846C3
:102C800003F078F807F0F4FB0028F5D101F0F8FC28
:102C9000BDE8FC81F0000024B0F90630B0F9042052
:102CA000B0F90210B0F90000FFF7CABF08B50B4633
:102CB000002805D0009281888268C08800F001F861
:102CC00008BD10B50828029C30D008DC04FB01F4D4
:102CD00001280AD0022813D0042804D11CE01028AF
:102CE00028D020282CD0002010BD04EBD30003F006
:102CF0000701105CC1F10701C84000F0010010BDE0
:102D000004EB93000621105C01EA4301C1F10601C6
:102D1000C84000F0030010BD04EB5300D907105C5D
:102D200002D000F00F0010BD000910BD04FB0130FF
:102D3000105C10BD481004FB003032F8100010BDCC
:102D4000881004FB003052F8200010BD034951F8F0
:102D50002000C1688A6A0821104700002801002469
:102D600010B500F0F1F803F035F803F0E7F8044689
:102D700001F086FC204610BD10B5044600F0E4F8D2
:102D8000054800210068C069426820469047044613
:102D900001F076FC204610BDF000002470B50C4612
:102DA000054600F0D1F8064821460068C06942682F
:102DB00028469047044601F063FC204670BD0000A1
:102DC000F000002410B500F0BFF803F00BF803F09A
:102DD000B5F8044601F054FC204610BD002102283D
:102DE00002D2024951F82010084670470C02002414
:102DF00010B500F0A9F804480068C069447E01F0ED
:102E00003FFC204610BD0000F000002470B51546C0
:102E10000E46044600F098F82A463146204603F054
:102E200015F8040002D000203060286001F028FC72
:102E3000204670BD70B50C46054600F085F8214669
:102E4000284602F035F9BDE8704001F019BC0000D9
:102E500010B5002400F078F80B48006890F82C10AA
:102E600001F00C01042904D0082906D00C2907D14F
:102E700003E0C069047E641E02E0C069007E44086D
:102E800001F0FEFB204610BDF0000024024951F87D
:102E9000200000690068704728010024024951F8A9
:102EA00020000069406870472801002470B50C4676
:102EB000054600F049F8044800684584848401F020
:102EC000DFFB002070BD0000F000002470B501F0B1
:102ED00023FD1B4C2E20207001F026FC19480BF01E
:102EE000DFF903F051F8054602F0D8FFC0B1002623
:102EF00002F0E8FFB0B10020064307D002F0EBFF7C
:102F0000064602F0D4FF314603F01AFA00210846C3
:102F100000F0FAFD06F0ACFFFFF7DCF8606B09E0AB
:102F20000126E5E70120E7E7006800B18047606B14
:102F3000406860630028F7D10120A070284670BD6A
:102F4000DC000024B4E9062470B5184CE06820B118
:102F500001F0DCFB6168884204D001F011FC01F053
:102F6000D5FB6060E068401CE06001281CD10BF0DC
:102F70000BF905462068854216D0002813DBFFF7C1
:102F800007FC01462068C0EB0012206900EBC2027A
:102F90005167C5EB0511064A00EBC100011D116028
:102FA000406FFFF7CFFB256070BD000014020024C6
:102FB000F00000241CB5040004D10E480068C46D64
:102FC000002C16D0FFF7C0FF2046FFF7B1F90090A4
:102FD00044696846FFF7DCF94CB12046FFF7A8F9D1
:102FE000019081688968884701A8FFF7D1F901F04D
:102FF00047FB1CBDF000002401490A4600F002B85E
:1030000001F0FFFF2DE9F04387B015460C465FEA5B
:10301000000846D0FFF798FF002000F01DFD814614
:1030200021480068C66D4046FFF782F900900068AD
:10303000806900F0D9FC074640F6FF70C44204D115
:103040000098B0F90440B0F906500098611E02895A
:10305000ADF804401144ADF808104189681E0844D9
:10306000ADF80650ADF80A0006F0FAFA6846FFF728
:103070008FF901A807F03AFA06E02A4621464046B1
:1030800000F0D0FA07F0F4F90028F6D1384600F045
:10309000ABFC304600F090F9484600F0DDFC01F052
:1030A000EFFA07B0BDE8F083F00000242DE9FE4FF1
:1030B000984691468A46834600270C9EFFF744FFB8
:1030C000184819490068407C51F82040E1680968B7
:1030D000042903D02468002CF8D100E01CB9FFF7C4
:1030E00059FB041E1BD0E0680121C26A20469047AC
:1030F000050011D02469A0688047401C02D10B4C08
:1031000046F001060096CDE9015443464A46514631
:10311000584600F0E5F9074601F0B2FA3846BDE836
:10312000FE8F0000F000002428010024E8CF019069
:1031300038B504001CD0FFF707FF0E480068C06DCB
:10314000A04201D100F042FC2046FFF7F1F80090C8
:10315000406908B101F07DFA00980068FFF7A4FA11
:103160006846FFF715F92046FFF73CF801F088FAAA
:1031700038BD0000F00000242DE9FF4F83B09A46CF
:103180008B460746FFF7E0FEDFF83891D9F80000DC
:10319000447C4D4800570128204606DD02F084FE9D
:1031A0000546204602F094FE05E002F065FE054665
:1031B000204602F067FE04461FB302A901A8FFF7EC
:1031C00039FEB7F90000002800DA0020B7F90260E4
:1031D0008046002E00DA002601984119B7F9040054
:1031E000491E0BF0ADF9054602980119B7F9060022
:1031F000491E0BF0A5F9A5EB0802841B521C641CA8
:1032000003E04FF0000846462A46BAF1000F01D10C
:10321000C4F1000A002A51DD002C4FDD1098009007
:10322000534631464046FFF741FF5FEA000A10D09F
:1032300000F07CF80746A04206D0D9F80000406CA8
:1032400010B1322107F0CEFC504600F0B5F8002551
:1032500023E059460598884701F012FA012007B08B
:10326000BDE8F08F611BB94202DA504600F088F8E1
:103270003DB172194146504600F0C6F85046FFF77E
:1032800099FE5946059888471048016809B1002001
:1032900088475046FFF7B0FE3D44A542E2DB50466A
:1032A000FFF746FF002000F087F8A74206D0D9F8C4
:1032B0000000406C10B1332107F094FC01F0E0F9FC
:1032C0000020CCE7F00000244C010024600300241F
:1032D00038B505004FF0000411D0FFF735FE284641
:1032E000FFF726F80090006800698068804703F0C7
:1032F0006DFA04466846FFF74BF801F0C1F9204625
:1033000038BD38B504000ED0FFF71EFE2046FFF78B
:103310000FF800F1180400906846FFF739F801F043
:10332000AFF9204638BD002038BD000038B504464E
:103330000025FFF709FE1CB908480068C46D44B1B8
:103340002046FEF7F5FF0090B0F90A506846FFF7F7
:103350001FF801F095F9284638BD0000F000002460
:1033600070B505460024284607F0CCFE641C18B151
:10337000BDE8704000F07AB8052CF4DB70BD0000A9
:1033800038B50C46050004D10A480068C56D002D0B
:103390000FD0FFF7D9FD2846FEF7CAFF0090B0F91D
:1033A0000A10A14200DD44816846FEF7F1FF01F0FA
:1033B00067F938BDF0000024F8B50546FFF7C4FDF5
:1033C000104E3068C46DCDB10CB100F0FFFA06F0BC
:1033D0003DFA2846FEF7ACFF00903168CD650068E5
:1033E000FFF764F96846FEF7D3FF03F021F802F017
:1033F00087FF00BF01F044F92046F8BD00F0E6FA6F
:10340000F8E70000F00000247CB515460E460400E5
:1034100004D115480068C46D002C24D0FFF794FD3A
:103420002046FEF785FF2DB20090C58034B284801F
:1034300002F066FF0098406980B1FEF779FF009ABC
:103440000190B2F908108180B2F90A20C28011B14E
:103450000AB10480458001A8FEF79AFF6846FEF78E
:1034600097FF01F00DF97CBDF000002401490A46E8
:1034700000F002B801F0FFFF7FB515460C460600CC
:103480002DD0FFF761FD3046FEF752FF40F6FF7189
:103490000190CC4203D1B0F90440B0F90650028942
:1034A000611E1144ADF80840ADF80C104189681E4A
:1034B0000844ADF80E00ADF80A5001A8FEF768FF09
:1034C00002A807F013F806E02A462146304600F02D
:1034D00091F806F0CDFF0028F6D101F0D1F87FBDBC
:1034E0002DE9FF4FDFF8E8B083B01C46DBF8001091
:1034F000DDE9106092464FF000084B7C424612997D
:10350000FFF796F8050060D028698068804703F0CF
:103510005DF981460AFB09F1C91DCF08FEF716FFC8
:10352000F10705D1C11700EB9170801000EB40004E
:10353000002C09DC1FB11838B0FBF7F000E00020C8
:103540006442A04200DC0446F00707D10090DDE9A8
:1035500003012346524601F001F88046002C03DCAB
:103560002846FFF7A1F830E004FB07F01830F10718
:1035700002D0FEF705FE01E0FEF712FE06001CD0A9
:10358000FEF7D6FE01900560039981800499C18001
:10359000A0F808A04481C0F81480C0E9037901A80C
:1035A000FEF7F6FE1298AE602861DBF80000407C62
:1035B000A861304607B0BDE8F08F2846FFF774F8E1
:1035C000B8F1000001D0FEF70DFE0020F2E7000088
:1035D000F0000024054B30B41B68054C5B7C54F8AC
:1035E00023301B6930BC0CF061B90000F0000024EE
:1035F00028010024F8B515460E460746FEF798FE4A
:10360000009000681621C068426A00209047044676
:103610006846FEF7BDFE002C03D02A4631463846E8
:10362000A047F8BDF8B516460F46050012D0FEF7C4
:103630007FFE009044696846FEF7AAFE2846FFF721
:1036400047FE0346082800DD2CB13246394628469D
:103650000CF0F6F9F8BD3246394628460CF090FBDE
:10366000F8BD10B5002821D009B30AB3B1F9004064
:10367000B2F900309C4200DA23460380B1F90240DF
:10368000B2F902309C4200DA23464380B1F904408B
:10369000B2F904309C4200DD23468380B1F9061064
:1036A000B2F90620914200DC1146C18010BD1146DE
:1036B0000A6802604968416010BD00280BD0038889
:1036C0000B440380838819448180418811444180E0
:1036D000C1881144C180704770B50E4D0446D5E9CC
:1036E0000001884209D10C49884201D13C3000E0F8
:1036F0000C3807C884E8070006E090E80E0084E86C
:103700000E000AF06DFD2860207A002800D001200C
:1037100070BD0000140300241CEB06240448D0E90B
:103720000010814201D10120704700207047000045
:103730001403002410B509490446086820B9084854
:103740000860084601F04EFE07490648086020461A
:103750000BF0A6FFBDE8104000F024BA24030024BB
:1037600021E70090D19A00903801002470B500251F
:10377000FFF7EAFB094CD4E9002082420AD0D2E9E3
:10378000005610460AF036FD20603146284606F005
:1037900073FC012500F074FF284670BDFC01002475
:1037A0002DE9FC41154DDDE908742D68B5F9086077
:1037B000864200DD3046B5F90C60964200DA3246AA
:1037C000824219DBB5F90A608E4200DD3146B5F957
:1037D0000E509D4200DA2B468B420DDB00E02C465A
:1037E000E5682D6825B1042D02D02568002DF6D19D
:1037F000CDE9007402F06EFCBDE8FC81F00000240D
:10380000B0F90220B1F906309A4213DCB1F9022076
:10381000B0F906309A420DDCB0F90020B1F904305D
:103820009A4207DCB1F90010B0F90400814201DCD2
:10383000012070470020704701460248702200684E
:10384000FCF719BEF000002438B5040020D0FFF7C3
:103850007BFB20460BF062FF20460BF0D7FF204693
:10386000FEF766FD00900068FEF7D4FC0098C06883
:10387000FEF7B8FC0098C069FEF7B4FC6846FEF796
:1038800087FD2046FEF7AEFCBDE8384000F0F8BEEC
:1038900038BD70B515460E4604000AD0FFF754FB3C
:1038A0002A46314620460BF06FFBBDE8704000F021
:1038B000E7BE70BD38B504001ED0FFF745FB2046BB
:1038C000FEF736FD0090007C800710D420460AF0F9
:1038D000CFFD6846FEF75CFD20460BF0E3FD204679
:1038E000FEF726FD0090018A41F002010182684640
:1038F000FEF74EFD00F0C4FE38BD00002DE9F84390
:1039000004460088089F91468846E8B36088D8B38B
:10391000E06818B1806800283BD002E0E0882028E9
:1039200036D107F0010200212348FEF781FE050091
:103930002ED02088860060884643FFF705FB06F1FD
:103940002000FEF72DFC060025D03046AE60FEF7C5
:10395000EFFC009007824461A0F80480A0F8069074
:10396000238808EB0301491E018161884944491EEF
:10397000418105606846FEF70BFDE06878B121469D
:10398000304607F0D5FC00E002E040B100F078FEE0
:103990000020BDE8F8832846FEF786FEF6E7B80764
:1039A00005D530460AF064FD30460BF07BFD00F093
:1039B00067FE3046EDE7000078CE019002497022A4
:1039C0000968FCF758BD0000F000002410B5FFF7AF
:1039D000BBFA02F04BFC02F02BFD05F041FEBDE806
:1039E000104000F04DBE000070B50B4D0446286835
:1039F000467CFFF7A9FA022C09D22046FEF7CAFE40
:103A000028B128684474FFF7E1FF0448046000F01F
:103A100037FE304670BD0000F00000248402002410
:103A200010B50446FFF790FA204602F03FFCBDE8CF
:103A3000104000F025BE10B50446FFF785FA204679
:103A400002F06CFCBDE8104000F01ABE014988602D
:103A500070470000DC00002410B50446FFF774FA3C
:103A6000204602F073FC044600F00AFE204610BD1A
:103A700070B50446FFF768FA04480068C56904B1E8
:103A8000C46100F0FDFD284670BD0000F000002478
:103A900070B514460D460646FFF756FA22462946EB
:103AA000304602F06FFC044600F0EAFD204670BD8F
:103AB00070B514460D460646FFF746FA22462946DB
:103AC000304602F075FC044600F0DAFD204670BD79
:103AD00070B50C460546FFF737FA2146284602F036
:103AE00093FC044600F0CCFD204670BD70B5054641
:103AF000FFF72AFA03480068847E857600F0C0FD4F
:103B0000204670BDF000002470B50C460546FFF756
:103B10001BFA0948224605800848048008480068C6
:103B2000417C084850F82100C1680B6A2946984733
:103B3000BDE8704000F0A4BD5401002456010024EB
:103B4000F00000242801002470B50546FFF7FCF9B9
:103B500003480068047E057600F092FD204670BDA3
:103B6000F000002470B50446FFF7EEF90448006841
:103B7000B0F92C50848500F083FD284670BD00000C
:103B8000F000002470B50446FFF7DEF90448006831
:103B9000B0F92A50448500F073FD284670BD00003E
:103BA000F000002402480068002800D00047704759
:103BB000500200240249CA6802B9C860FFF7F2BF88
:103BC000FC01002410B504000ED0FFF7BDF920461B
:103BD0000AF076FF20460BF025FE2046FEF702FB9A
:103BE000BDE8104000F04CBD10BD38B50C460500D6
:103BF00011D0FFF7A9F92846FEF79AFB00908089BB
:103C0000204201D0012400E000246846FEF7C0FBFA
:103C100000F036FD00E00124204638BD38B50546E9
:103C2000002028600648046844B12046FEF780FB67
:103C30000090006928606846FEF7AAFB204638BD60
:103C40003403002438B504004FF000000D4608602E
:103C500011D02046FEF76CFB0090846844B16846A2
:103C6000FEF796FB2046FEF763FB00900069286094
:103C70006846FEF78DFB204638BD00002DE9F04F69
:103C800000242DED028B9BB0DFF800B4DDE9266A3D
:103C9000DDF8A090A6469FEDFE0ACBF80040022872
:103CA00039D009AD6F460DF10C0C03287EDB00BF47
:103CB0004FF0000469D100BF53F8248000EE108A51
:103CC0000DF1180808EB8408B8EEC00A88ED000A68
:103CD00056F8248000EE108A05EB8408B8EEC00A7E
:103CE00088ED000A51F8248000EE108A07EB840862
:103CF000B8EEC00A88ED000A52F8248000EE108A5F
:103D00000CEB840804F10104B8EEC00A844288ED8B
:103D1000000AD1DB42E148680968401A00EE900AC7
:103D2000D3E90010F8EEE01A401A00EE900AD948E4
:103D3000F8EEE00A81EEA01A00EE901AF8EEE00A22
:103D400080ED001A61EE600A80ED010AC0ED020A02
:103D500080ED030A51681268891A00EE101AD6E93C
:103D60000012B8EEC01A521A00EE102AB8EEC00ABD
:103D7000C1EE000A00EE101AB8EEC00AC0ED040A47
:103D800020EEC00A80ED050A92E10CEB840888ED74
:103D9000000A07EB840888ED000A05EB840888ED2B
:103DA000000A0DF1180808EB840800E0B5E1641C76
:103DB00088ED000A032CE8DB002794E053F8275035
:103DC000DDED080A00EE105AB8EEC00A30EE800AA7
:103DD0008DED080A56F82740DDED0B0A00EE104A7B
:103DE000B8EEC00A30EE800A8DED0B0A51F827803C
:103DF000DDED020A00EE108AB8EEC00A30EE800A4D
:103E00008DED020A52F827C0DDED050A00EE10CA5A
:103E10007F1CB8EEC00A30EE800A8DED050A00EE78
:103E2000105ADDED060AB8EEC01A00EE105AB8EED0
:103E3000C00A41EE000A00EE105AB8EEC01A00EEB9
:103E4000104ACDED060ADDED070AB8EEC00A41EED4
:103E5000000A00EE104AB8EEC01A00EE104ACDED8E
:103E6000070ACDED090AB8EEC00ADDED0A0A41EEF7
:103E7000000A00EE105AB8EEC01A00EE108ACDED1E
:103E80000A0ADDED000AB8EEC00A41EE000A00EEB3
:103E9000104AB8EEC01A00EE108ACDED000ADDED32
:103EA000010AB8EEC00A41EE000A00EE105AB8EE60
:103EB000C01A00EE10CACDED010ADDED030AB8EE1E
:103EC000C00A41EE000A00EE104AB8EEC01A00EE39
:103ED00010CACDED030ADDED040AB8EEC00A41EECA
:103EE000000ACDED040A8742FFF668AFDDED060A51
:103EF0009DED080A80EE801A8DED061A9DED071AD9
:103F0000DDED0B0AC1EE201ACDED071A9DED091A61
:103F1000C1EE001ACDED091A9DED0A1AC1EE201A64
:103F2000CDED0A1A9DED001AC1EE001ACDED001A72
:103F30009DED011AC1EE201ACDED011A9DED031A77
:103F4000C1EE001ACDED031A9DED041AC1EE201A40
:103F500001EE100AB8EEC11ACDED041AC0EE011A36
:103F600000EE100AB8EEC00A80EE801A00EE100AC9
:103F7000CDED081AB8EEC00A8DED0B1ADDED020A80
:103F800080EE801A00EE100AB8EEC00A8DED021A1B
:103F9000DDED050A80EE801A8DED051ADDED061ABD
:103FA000DDED080A9DED0A5A9DED0B2A71EEE05AEF
:103FB0009DED071A75EE424A9DED093A31EE604AD1
:103FC00025EEA40A73EE423A04EE630AB5EEC00A87
:103FD000F1EE10FA04D3B5EEC00AF1EE10FA6BDD83
:103FE000DDED006ADDED022A9DED016A294836EE1D
:103FF000E27A76EE627A27EE248A07EEE38A67EEAB
:10400000A57A47EE447AC8EE008A87EE807AC0ED42
:10401000008A80ED017A20EE867A01EE627A61EE06
:10402000A22A40EEE62A27EE037A05EE227A61EE16
:10403000262A41EEC62A02EE227AC7EE002AC0EDF9
:10404000022A9DED036ADDED052A76EE626A66EED0
:10405000A47ADDED044A34EEE27A47EE637AC7EEE5
:10406000803AC0ED033A67EE253A46EEC43A83EE55
:10407000804A60EEA43A41EE623A61EEA22A40EE36
:10408000C62A23EE833A80ED044A05E03402002478
:1040900000000000E0EA062461EE060A05EE223A7E
:1040A00041EEE40A02EE203AC3EE000AC0ED050A32
:1040B0000120CBF8000002E0BEF1000F2DD05C46DD
:1040C0000021C4E901A908460AF0DEF90021E060F8
:1040D00008460AF007FA2061A9F10101AAF10100DE
:1040E0000AF0D2F96061A9F10101AAF101000AF018
:1040F000F9F9A0616269E168914201DDE260616104
:104100002169814201DDA1612061206828B1002080
:104110001BB0BDEC028BBDE8F08F0120F8E700007A
:104120002DE9FE43DFF8B89005000A9ED9F814C0C7
:104130004FF00000CCF3410709F1300439D0012DD4
:1041400002D00120BDE8FE83DFF8948008F120084A
:10415000C8E90012052131EA0C013ED0012F3CD004
:10416000C4E90036012199F80030A9404A461942B5
:1041700001D00023137013781943C9B289F80010D5
:104180000329DFD1174E3068407C01F08DFE0546D3
:104190003068407C01F09CFE114B0094CDE9015049
:1041A0002833A3F10802A2F108010220FFF766FDFF
:1041B000C8E7DFF82C80032F08F11808C8E90012BF
:1041C00008F1100106D00CF00502012A02D0C1E965
:1041D0000036C7E7C1E90063C4E7C4E90063C1E78B
:1041E0006C010024F000002410B50B46044600F0DA
:1041F00097F8216800290BDB1A68002A08DB054BB9
:104200005C68A14204DA99688A4201DA002800D089
:10421000012010BD3402002470B5254C86B06078B2
:10422000F8B100F0BFF8E06000F0BAF8E068039081
:104230002069049000F03EF88DF8090004A903A855
:10424000FFF7D2FF0025B0B1A07870B3606800908E
:10425000A06801908DF80850684600F037F8A57006
:1042600023E000F0C5F8206100F09BF86078401C66
:10427000607006B070BD039A6068111A00D549429B
:10428000049BA068181A00D54042A67816B10844CD
:1042900002280ADD62600092A360012601938DF876
:1042A0000860684600F012F8A6706570E1E700004B
:1042B0006C0100240148407A70470000F8EA0624A7
:1042C00001494861704700006C0100243EB5044676
:1042D0000C221149FCF71AF8002813D00F480E4D94
:1042E000026882B194E80B008DE80B00684601A9D2
:1042F00090479DE80E0085E80E00002802D1684630
:10430000FFF718FA3EBD2046FFF714FA94E80700BD
:1043100085E807003EBD0000D4EA062430020024F0
:104320001D4A1268A2B390ED000A1C4AD1ED000AA2
:10433000F8EEC01A92ED001AB8EEE02AB8EEC00A04
:1043400021EE211AD2ED011AF8EEE00A01EE821AEE
:10435000D2ED021A71EE211AB6EE001A71EE811A30
:10436000FDEEE11AC0ED001AD2ED031A002021EE95
:10437000800AD2ED041A01EEA00AD2ED050A30EE51
:10438000200A30EE010ABDEEC00A81ED000A704736
:10439000FFE70120FBE7000034020024E0EA0624E6
:1043A000704770471CB5114890F8440000F0800039
:1043B00090B90E484168002088470C48808E00F470
:1043C000004088B1694601A811F0F2FABDF8040076
:1043D00040F6FF71081A1CBD044841680020884758
:1043E000024884892046F6E70020F4E720000024F4
:1043F0001CB50E4890F8440000F0800078B90B48D6
:104400004168002088470948808E00F4004050B180
:10441000694601A811F0CCFABDF800001CBD0348A4
:10442000048C2046FAE70020F8E700002000002472
:104430002DE9F041084E04460568306801682846B9
:1044400088470746306841682846884728442060E6
:104450003846BDE8F0810000F80000242DE9F04165
:104460000C4606460025064F05E038684168304690
:10447000884706440544641EF7D22846BDE8F0810B
:10448000F80000242DE9F0411E46069C1746884698
:1044900005463A46A8687F1C3346D0F804C041461A
:1044A0002846E047641EF4D1BDE8F08170B5B0F94C
:1044B0000040091BB0F904408C422CDD00F11404CB
:1044C000B0F902500069521B02FB0040CA1800EB11
:1044D000E104521ED010B0EBE10501F007034FF0EC
:1044E000FF0102F0070221FA03F0C2F1070201FA0C
:1044F00002F1CEB221780FD001436D1E04F8011BEA
:10450000002D05DDFF2229462046FBF7F1FF2C4454
:1045100020783043207070BD30400143217070BD61
:1045200010B5B0F90030B0F90240C91A00F1140317
:104530000069121B02FB003000EBE10001F00703F1
:1045400002788021D9400A43027010BDB0F90610EC
:10455000026951431430FBF7D3BF00002DE9F84343
:10456000804602F10F000011470003FB07F01C46D4
:10457000154689461430FDF713FE060018D0FEF7E5
:10458000E3FC3046FDF7D4FE0090A0F80080A0F8D0
:1045900002908580C4800749816001218181076183
:1045A0006846FDF7F5FE00F06BF83046BDE8F8838D
:1045B0000020FBE774D0019070B5B0F90660B0F947
:1045C00004400B6800F1140596421BDD0069A3420C
:1045D00002FB005000EBE30214DA641EE010A0EBD3
:1045E000E30512F8010B03F00704A040C4B206E093
:1045F00045B1083312F8014B23F007036D1E002C60
:10460000F6D004E0002070BD6006040E5B1C20069E
:10461000FAD5FF2C07D0184602E06406240E401C91
:104620006606FAD400E0D81DC443640705D006E04E
:1046300012F8014BFF2C09D108306D1EF8D5C01AB5
:10464000401C0B6070BD6206140E401C2206FAD49A
:10465000F5E738B50546FEF777FC2846FDF768FE16
:1046600000908189491E0CB284816846FDF790FE56
:1046700014B92846FDF7B6FD00F002F838BD000079
:104680000348C168491EC16001D100F085B8704778
:10469000140200242DE9F04116460F460546002479
:1046A000FEF752FC32463946284600F0A3FE054488
:1046B00008B1641CF6E7FFF7E3FF2046BDE8F08190
:1046C00010B54FF4A0410348FDF784FD0248FFF701
:1046D000BDF910BD8094062414AC019038B5044691
:1046E0004FF47A70604305490968B0FBF1F56A46FA
:1046F0000821284602F082FD38BD00009CA40190EC
:1047000010B50120FFF7EAFF10BD00000248006865
:1047100090F82B0070470000D000002408B56846D0
:1047200002F0B8FD08BD000008B56B46002202A1EA
:10473000034802F089FA08BD4B65795F53454D0087
:1047400098E4062408B56B46012205A1074802F04B
:104750007BFA6B46002206A1084802F075FA08BDF4
:10476000446973705F53454D0000000080E40624E7
:104770004576656E745F53454D0000008CE4062459
:104780001CB501A800231A4619460090014802F002
:1047900079FA1CBD80E4062408B56A460021024867
:1047A00002F000FB08BD000080E406240EB508B14D
:1047B00002AA00E00022002301A9684600F0DAFB0B
:1047C0000EBD0000074910B50C7818B10120087023
:1047D000801E03E0002008706FF07F4001F028F990
:1047E000204610BDDD00002410B5082A0EDC03466B
:1047F000012A18D0022A56D0042A76D010F8042BA9
:1048000003F8012B491EF9D1012010BD102A08DC44
:104810004FEA000230F8043B22F8023B491EF9D16E
:10482000F2E7002010BD10F8042BD207120E491E2B
:1048300034D010F8044B491E04F0010442EA8412FB
:104840002CD010F8044B491E04F0010442EA441233
:1048500024D010F8044B491E04F0010442EA04126B
:104860001CD010F8044B491E04F0010442EAC402B3
:1048700014D010F8044B491E04F0010442EA8402EB
:104880000CD010F8044B491E04F0010442EA440223
:1048900004D010F8044B04F00104224303F8012B68
:1048A0000029C0D1B0E710F8042B9207120E491E60
:1048B00015D010F8044B491E04F0030442EA041218
:1048C0000DD010F8044B491E04F0030442EA8402A0
:1048D00005D010F8044B04F003042243491E03F8EA
:1048E000012B0029DFD18FE7FFE710F8042B120717
:1048F000120E491E05D010F8044B04F00F04224399
:10490000491E03F8012B0029EFD17DE738B50024BB
:10491000009400F01DF838BD0B4810B5816B0029DC
:1049200010D101218163FFF7CBFEFDF703FC01F0FD
:1049300091FD054905483C310860BDE81040084636
:1049400000F050BD10BD0000DC000024EDE500903B
:104950002DE9F0410D460699044601B901461F684C
:10496000082A09DC0E46012A1AD0022A5BD0042A42
:104970007DD0082A13D18DE0102A07DCD3F810C0AF
:104980000E46BCF1000F04D0022389E00020BDE8F0
:10499000F08101CCB84726F8020B6D1EF9D189E0F1
:1049A00001CCB847C0074FEA10686D1E36D001CC65
:1049B000B84748EA801000F0FF086D1E2ED001CCE9
:1049C000B84748EA401000F0FF086D1E26D001CC21
:1049D000B84748EA001000F0FF086D1E1ED001CC59
:1049E000B84748EAC00000F0FF086D1E16D001CCA1
:1049F000B84748EA800000F0FF086D1E0ED001CCD9
:104A0000B84748EA400000F0FF086D1E06D001CC10
:104A1000B84740EA080000F0FF086D1E06F8018B59
:104A2000002DBDD146E001CCB84780074FEA1068A1
:104A30006D1E16D001CCB84748EA001000F0FF0800
:104A40006D1E0ED001CCB84748EA800000F0FF0888
:104A50006D1E06D001CCB84740EA080000F0FF0800
:104A60006D1E06F8018B002DDDD123E0FFE701CCA0
:104A7000B84700074FEA10686D1E06D001CCB84752
:104A800040EA080000F0FF086D1E06F8018B002DBB
:104A9000EDD10FE0D3F810C0BCF1000F04D001231A
:104AA0002A462046E04705E001CCB84706F8010B4E
:104AB0006D1EF9D101206AE77CB5064628480D46EF
:104AC000006868B1002005F011FD06E06A4629463D
:104AD000304606F0E3FB05F0CBFC0028F6D17CBDA8
:104AE000106800901F4C506801902268BDF80000CB
:104AF00032F8481F0844ADF80000BDF80200918864
:104B00000844ADF80200BDF8040011880844ADF86F
:104B10000400BDF8060091880844ADF80600684618
:104B200005F0E4FC0EE000BF2068BDF800106A4606
:104B30004184BDF8021081842946304606F0AEFB60
:104B400005F096FC0028EFD1206830F8221FC28CB7
:104B5000891A01804188428D891A41807CBD0000FC
:104B600050010024F00000242DE9FF4F8DB00020FB
:104B7000DDF86C90164600901D4604460246C9F8C2
:104B8000000008AB03A902A800F0F4F918B1002056
:104B900011B0BDE8F08F0898854200DD0546604FF2
:104BA0000B9560493868407C51F8201004910969E0
:104BB0000691FEF7CBF805903868407CFEF76EF959
:104BC00059498346884201D0012000E000200A9024
:104BD00001CE1A9988478246000E079077D0009838
:104BE00070BB0D9800EB04084D480068B0F9080050
:104BF000404503DDA0EB0807804600E0002702994E
:104C0000049801EB840101EB8701CDE900100B99B9
:104C10000D98421809920E9B40461946521EFEF707
:104C2000BFFD01200090059818280ADA0298DDE9F6
:104C3000052300EB840000EB8700E91B00F0F8F887
:104C400012E00A9880B1029800EB840000EB87071D
:104C50000998A0EB080859463868884701C7A8F1A9
:104C600001005FEA0008F6D1304BD86980B3DDE976
:104C7000020700EB840007EB8402CDE902022B4C13
:104C8000361F2B46E46930460299A047FF20316861
:104C9000B0EB116F02D10299096804E0029A126820
:104CA000B0EB126F01D1039A1160029906F104066C
:104CB000091D02910399091D03916D1EE7D1039708
:104CC000D9F8000040F00100C9F8000021E022E01E
:104CD000FFE70798FF2812D0C0F1FF0202981B6877
:104CE00050F824102AF07F409847039941F8240097
:104CF000D9F8000040F00101C9F8001005E0029861
:104D0000039950F8240041F82400641C6D1E7FF4C0
:104D10005FAF03983CE7039941F824A0E8E700005F
:104D2000F000002428010024595F0090E4020024D0
:104D300010B50846FFF77CFB044604480068C069CC
:104D4000016820468847204610BD0000F00000247E
:104D50000149096849680847F0010024F0B500EBF3
:104D60008103082A0ADC01254C1E092A10D2DFE83B
:104D700002F00F10263E3E5555555500102A07DC0F
:104D800000EB4100491E30F8022D43F8042DF9D103
:104D9000F0BD04F00702C2F1070200EBE40005FADF
:104DA00002F604783440D440521C43F8044DA0EB82
:104DB000E20022F007042241491EF0D1F0BD04F0C8
:104DC000030200EBA400C2F103020324057856009D
:104DD00004FA06F73D40F540521C43F8045DA0EB91
:104DE000A20022F003052A41491EEFD1F0BD8D43F8
:104DF00000EB6400C5F101020F240578960004FA67
:104E000006F73D40F540521C43F8045DA0EB6200FC
:104E100022F001052A41491EEFD1F0BD00EB01004F
:104E2000491E10F8012D43F8042DF9D1F0BD000002
:104E30002DE9F05F0C1E16DD5E68014600EB84056F
:104E4000082A12DC611E012A26D0022A47D0042A31
:104E50006AD0082A07D1071917F8010DB04745F89D
:104E6000040D641EF8D1BDE8F09F102AFBDC5F69D9
:104E70003FB12246BC46BDE8F04F02235DF804EB8B
:104E8000604701EB440700BF37F8020DB04745F813
:104E9000040D641EF8D1E6E700EBE10001F007071E
:104EA00010F801A98146802020FA07F8B5F1040521
:104EB0000AEA0800C7F10701C840B04745F80409ED
:104EC0003FB14FEA48604FEA10687F1E641EEFD181
:104ED000C9E719F801A907274FF00108F6E700EB29
:104EE000A10001F0030710F801A981467900C02054
:104EF00020FA01F84FF0060BB5F104050AEA0800A4
:104F0000ABEB4701C840B04745F804093FB14FEA51
:104F100088604FEA10687F1E641EEFD1A3E7032765
:104F200019F801A9B846F7E700EB6100012710F86E
:104F300001A9A7438146B900F02020FA01F84FF0FB
:104F4000040B2D1F0AEA0800ABEB8701C840B047ED
:104F500045F804093FB14FEA08704FEA10687F1E18
:104F6000641EEFD17FE719F801A901274FF00F0860
:104F7000F6E700002DE9F047224C06461F46A069DF
:104F800090468946002540B90120A06104F128011E
:104F90001D480860084600F025FA606930B91B48D2
:104FA0000068606110B900F06AFF606107B13860A5
:104FB0004EB1A06830B960698000FDF739F9A06092
:104FC00000B901253060B9F1000F0AD0E06830B9AE
:104FD00060698000FDF72CF9E06000B90125C9F88F
:104FE0000000B8F1000F0AD0206930B96069800074
:104FF000FDF71EF9206100B90125C8F80000284618
:10500000BDE8F087E4020024F9E6009044010024A2
:1050100073B5144B002201A91B680098984700241F
:105020000090E0B1104900250968C9694A6922B1B8
:10503000126812B1019990477CBD486838B90EE0FA
:105040006846FFF7F5F90546FDF796FE044401981A
:10505000401E0190F4D5284600F038F8044420465C
:105060007CBD0000F4010024F000002473B50D465F
:105070000098002490B10A490968C969496959B181
:105080004A684AB1294690477CBD6846FFF7D0F987
:1050900020B10A2802D0641CAC42F6DB20467CBD5D
:1050A000F00000240148006800680047F001002477
:1050B000044AB2F9002002600348B0F90000086019
:1050C00070470000540100245601002438B5002424
:1050D00069460094FDF762FE0099814200DD0C1ADA
:1050E000204638BDB0F90030B1F90020934200DA13
:1050F0000280B0F90230B1F90220934200DA428016
:10510000B0F90430B1F90420934200DD8280B0F997
:105110000620B1F906108A4200DDC180704770B5E3
:10512000B1F90040B2F900309C4200DD2346038013
:10513000B1F90250B2F90240A54200DD2C4644808C
:10514000B1F90460B2F90450AE4200DA3546858008
:10515000B1F90610B2F90620914200DB1146C18078
:105160009D4201DBA14201DA002070BD012070BD2B
:10517000014602480068407C00F002B8F0000024BC
:105180002DE9F84301268946044602285DDA304FAE
:105190007A6802B190472E4D5FEA090005F11005CB
:1051A00032D0012803D0B9F1020F4ED118E055F8E2
:1051B000240088B92046FDF7EDFA009018B3C068C6
:1051C0000D21426A6846904702003ED04946009849
:1051D000904755F824000026401C45F8240034E090
:1051E0002046FDF7D7FA009068B1C0680D21426AE9
:1051F00068469047040028D0386800B18047494687
:105200000098A047002620E055F82400A846012871
:1052100012D12046FDF7BEFA009068B1C0680D219A
:10522000426A68469047050006D0386800B180475A
:1052300049460098A847002658F8241009B10122D1
:1052400000E00022891A48F824103046BDE8F883AF
:10525000B401002430B581F07F43FF2480F07F400B
:1052600094EA116101D120F07F43010E11FB02F19C
:10527000B1FBF4F100F0FF15C1F1FF0203F0FF14E0
:10528000544301FB05444FF0FF15240A05EA13239C
:10529000C0F30720534340F0807001FB003104F05D
:1052A000FF1001F0FF21084380F07F4030BD000077
:1052B0002DE9F05F0646DDF8389015460C460020D3
:1052C0000D99804688421ED2DFF840B00C9F4FF007
:1052D000FF0A02CE08CCAAEB116202FB09F2B2FB74
:1052E000FAF0C2B221F07F401946DBF8003098474F
:1052F00020F07F4001C57F1EEBD10A9804EB8004AB
:1053000008F10100DCE7BDE8F09F0000E4020024A2
:105310002DE9F34100240E46254608E0FDF72CFD5B
:1053200005440CB1B54207DC0A2F05D0641C684661
:10533000FFF77EF80700F1D12046BDE8FC810000B0
:105340002DE9F74F0024A04646462546DFF874B005
:1053500091463746AA466846FFF76AF805B90546FA
:1053600048B10A2807D0202808D0202D05D0DBE935
:10537000022300210BE0264614E00025264608E023
:1053800032F802CB844501D1661C02E0491C9942E7
:10539000F6DB8246FDF7F0FC8046019847448742E1
:1053A00002DD0CB116B102E0641CD4E72646B9F167
:1053B000000F03D0A7EB0800C9F800003046BDE895
:1053C000FE8F0000E001002470470B881344038027
:1053D0008B889B1A83804B8813444380C988891A21
:1053E000C180704702490A6B426008637047000041
:1053F000DC00002410B5044600F009F80146204600
:10540000BDE81040FFF72AB800230AF033BA77B599
:1054100081B015460E466B4601980AF02BFA0446F9
:1054200001460198FFF71AF801990844019001A874
:10543000FEF7FEFF0A2802D0012D02D012E0641C04
:1054400010E020280ED1FDF797FC054607E0284420
:10545000009001A8641CFEF7EBFF202802D1009801
:105460008642F4DA04B0204670BD10B5830702D539
:1054700020F8021B521E530811D001EB0144042BEB
:1054800009DB10C01B1F10C0042B40F8084B40F86C
:10549000044CF6DA01E010C05B1E002BFBD1D207F2
:1054A00000D0018010BD00F5806000F001B8000060
:1054B00010B50023C0F30B00B0F5006F02DD01232F
:1054C000A0F50060B0F5806F01DDC0F500608111CE
:1054D0000C4C00F03F00C0F1400234F81100504382
:1054E000402A08D0102906DA04EB4101C2F140023B
:1054F000498801FB020020308009002B00D0404287
:1055000010BD0000C4A4019070B504460E461546B7
:105510000CB9012070BD94F8450028B9002084F82A
:105520004400204600F028F804F108012068FCF748
:105530007BF93146A2682068FCF7C2F92946E36A84
:10554000D4E90102FCF74EF9A168206850F8210067
:1055500040F00100A268216841F822000548006877
:1055600040F0004003490860012084F84500002015
:10557000D0E700000040005210B586B0044600BFDE
:105580002048006840F480501E49086008460068C2
:1055900000F48050009000BF00BF00BF19480C30DD
:1055A000006840F0080017490C31086008460068A0
:1055B00000F00800009000BF00BF00BF0846006870
:1055C00040F0100008600846006800F010000090ED
:1055D00000BF00BF4CF20370019002200290012036
:1055E0000390032004900C20059001A90648FCF7C5
:1055F0008CF84FF68070019001A90448FCF785F8FB
:1056000006B010BDD4440258000C025800100258D5
:1056100070477047704770472DE9F047044620688F
:10562000C569206806682068876840F60F0005EAAB
:105630000008B8F1000F0FD105F0200060B106F0AE
:10564000200010B907F0805030B1E06E10B1204654
:10565000E16E8847BDE8F087B8F1000F7ED06E4854
:10566000384018B96D4830400028F7D005F00100E7
:1056700058B106F4807040B1012021680862D4F866
:10568000880040F00100C4F8880005F0020058B11D
:1056900007F0010040B1022021680862D4F88800B8
:1056A00040F00400C4F8880005F0040058B107F089
:1056B000010040B1042021680862D4F8880040F05D
:1056C0000200C4F8880005F0080070B106F0200060
:1056D00010B95148384040B1082021680862D4F818
:1056E000880040F00800C4F8880005F4006060B14C
:1056F00006F0806048B14FF4006021680862D4F879
:10570000880040F02000C4F88800D4F88800002801
:1057100044D005F0200050B106F0200010B907F089
:10572000805020B1E06E10B12046E16E8847D4F879
:1057300088902068806800F04000402802D009F07E
:10574000280028B3204602F069FA2068806800F03B
:105750004000402818D12068806800E01FE020F059
:10576000400021688860A06F50B12D48A16F086586
:10577000A06FFBF7CFFF88B1A06F016D88470DE0E8
:105780002046FFF748FF09E02046FFF744FF05E009
:105790002046FFF740FF0020C4F888005AE705F4D0
:1057A000801050B107F4800038B14FF480102168A8
:1057B00008622046FFF72EFF4CE705F0800058B145
:1057C00006F0800010B907F4000028B1206F10B176
:1057D0002046216F88473DE705F0400030B106F0D4
:1057E000400018B1204602F02DFA33E705F400001E
:1057F00030B106F0804018B12046FFF70AFF29E7D4
:1058000005F0807030B106F0004018B12046FFF777
:10581000FFFE1FE700BF1DE701000010200100048C
:10582000037C009010B504460CB9012010BDA0699E
:1058300000B100E000BFD4F8800028B9002084F84F
:105840007C002046FBF76BFF2420C4F88000206812
:10585000006820F0010021680860204602F026FB65
:10586000012800D1E2E7A06A10B1204602F013F946
:105870002068406820F49040216848602068806873
:1058800020F02A00216888602068006840F001004C
:1058900021680860204602F07AF9C7E710B5034690
:1058A000D3F88400202874D101B10AB9012010BDB9
:1058B00000BF93F87C00012801D10220F7E7012006
:1058C00083F87C0000BF9965A3F85C20A3F85E20F4
:1058D0000020D86600BF9868B0F5805F0AD11869CB
:1058E00020B940F2FF10A3F8600020E0FF20A3F8E9
:1058F00060001CE0986848B9186918B9FF20A3F83F
:10590000600014E07F20A3F8600010E09868B0F118
:10591000805F09D1186918B97F20A3F8600006E0FC
:105920003F20A3F8600002E00020A3F8600000BF61
:105930000020C3F888002220C3F88400186880681B
:1059400040F001001C68A060586EB0F1005F21D1EA
:10595000B3F8680090421DDC9868B0F5805F04D110
:10596000186910B91848D86601E01848D86600BF11
:10597000002083F87C0000BF1868006840F4807045
:105980001C6820601868806840F080501C68A06027
:1059900016E017E09868B0F5805F04D1186910B977
:1059A0000B48D86601E00B48D86600BF002083F89A
:1059B0007C0000BF1868006840F490701C6820608C
:1059C000002074E7022072E7D97C0090F97D0090F6
:1059D000677C00908D7D0090704700BFFEE700005F
:1059E00070B5FF23104CB3EB116F05D12346050EA4
:1059F0001B680AD0FF2D14D00C4B02EB0212D2B25E
:105A00001B6898472168084070BD514201EB0111A5
:105A10004FF07F4220F07F4002EB016108431840C5
:105A200070BD01EA030070BD48030024E4020024B5
:105A300002490A68086010467047000048030024C5
:105A40000449054A0968497C52F821100969096826
:105A500008470000F0000024280100242DE9F04F41
:105A600005468DB07B48DDF860901A9C00681E46A4
:105A700017464FF0000A78B11B9B199ACDF8089091
:105A80000593CDE90324DDE91623CDE9002304685D
:105A900033463A46284680E0DDE9160201EB060867
:105AA00005EB070C1043A8F10108ACF1010C01282B
:105AB00006D0C9F108000590002002910990C6E0C7
:105AC00065480268B2F90A30581A002806DD361A0D
:105AD000002E63DD1946199B00FB0344B2F90E004A
:105AE000A8EB0000002802DD361A002E56DDB2F9C0
:105AF0000C00ACEB0000002800DD3F1AB2F90830C2
:105B00000020AB4235DD581B3F1A4B46B9F1080F58
:105B100026D006DC012B0BD0022B11D0042B28D170
:105B200016E0102B1ED0182B1FD0202B21D11CE0EB
:105B300020F0070304EBE0041D4400F0070018E028
:105B400020F0030304EBA0041D4400F0030010E068
:105B500020F0010304EB60041D4400F0010008E0A4
:105B6000044404E004EB400401E004EB8004054439
:105B70000020002F12DD1B9BDDF864C0CDE904037B
:105B8000CDE90069CDE902C4527C34483B4650F867
:105B90002200C26854680A462946A0470DB0BDE8F5
:105BA000F08F1799029808440C902B49401E0090E2
:105BB0000A68B2F90A30834241DCB2F90E10029849
:105BC00081423CDB4FF0000BD84603950A9434E049
:105BD000BBF1000F05D10A984FF0080B10F801AB8C
:105BE0000A900599ABEB090B3AFA01F00AFA09F1B0
:105BF00001F0FF0A04D118490968097C890716D405
:105C000015490968C96B0A680B921B9A0AB152F8C8
:105C10002000086016990398009B4218521E0299B2
:105C200000F0A8F80C490B980968C96B0860039943
:105C3000169808F1010808440390B845C8DB099894
:105C4000401C09900C980290199804440998B0429D
:105C5000A7DBA3E750010024F00000242801002462
:105C6000F0B40C4612490968B1F90A30A3421CDCB1
:105C7000B1F90E30A34218DBB1F90830834200DDE0
:105C80001846B1F90C30934200DA1A4682420CDB16
:105C90004B7C084951F8235013462246E9688E6828
:105CA00001462846B446F0BC6047F0BC704700008F
:105CB000F0000024280100240A46174930B409687E
:105CC000B1F90A30934225DCB1F90E30934221DB61
:105CD000B1F9083083421DDCB1F90C30834219DB85
:105CE0000B7C0E4CDB0709D0497C54F82130D96875
:105CF000CC690146A44630BC18466047CB6B497C52
:105D00001B6854F82140E1688D6901462046AC4685
:105D100030BC604730BC7047F000002428010024EC
:105D2000124B30B41B68B3F9084084421CDCB3F951
:105D30000C40844218DBB3F90A408C4200DD214656
:105D4000B3F90E40944200DA22468A420CDB5C7CB6
:105D5000074B53F82440E368DD6813460A460146C2
:105D60002046AC4630BC604730BC7047F000002491
:105D70002801002438B5134C2468B4F90850854232
:105D800000DD2846B4F90C50954200DA2A468242DA
:105D900017DBB4F90A508D4200DD2946B4F90E50E4
:105DA0009D4200DA2B468B420BDB0093647C064B52
:105DB00053F82440E3681D6913460A46014620460D
:105DC000A84738BDF000002428010024082108F06D
:105DD000ABB8000002480068806B006870470000A4
:105DE000F000002402480068C06B006870470000A3
:105DF000F0000024024809210068407C08F094B8B3
:105E0000F0000024092108F08FB870B500252C4659
:105E10002046FCF7BFFC00B16D1C641C022CF7DBB4
:105E2000284670BD02480068407C00F003B80000BE
:105E3000F000002410B5FCF7ADFC002805D0C168C7
:105E4000CA6ABDE810400221104710BDF8B51546DA
:105E50000E460124FCF79EFC009058B1C068042156
:105E6000426A68469047030004D02A4631460098AB
:105E7000984700242046F8BD032108F055B80320B8
:105E800008F0C9B8042108F04FB800000248012109
:105E90000068407C08F048B8F00000240148006821
:105EA00070470000AC010024012108F03DB801203A
:105EB00008F0B1B8024802210068407C08F034B80C
:105EC000F00000240148406870470000AC01002445
:105ED000022108F029B8022008F09DB8AFF3008035
:105EE0002DE9F041060008D0B76837B11248816843
:105EF00019B13468B4F5807F02DD0020BDE8F0817F
:105F000001688C4200DD0C460025804609E000BF98
:105F100057F82500FFF794FDD8F8081041F8250040
:105F20006D1CA542F4DBD8F80410444609B1304694
:105F30008847A068E2E70000600200240449054A9F
:105F40000968497C52F8211009694968084700002E
:105F5000F0000024280100247047000010B500F074
:105F60001F01074A074BC0F34514C0F3C4201B5D53
:105F7000105C515C00EB032000EB014010BD000001
:105F800094CB0190B4CB0190F8B500F0B9F900F0D2
:105F900049F8040040D100252846FCF7FBFB00909F
:105FA00048B1C0680C21426A68469047010007D09A
:105FB0000098884704436D1C022DEDDB14B12BE0E3
:105FC0000120F8BD00F048F81448154900688842DF
:105FD00022D0012543F6FF762846FCF7DBFB009034
:105FE000C0B12846FDF700FD042000F0AFF9002104
:105FF000324633460846FFF7BDFE002000F0A6F902
:1060000000980E21C068426A68469047010001D09E
:10601000009888476D1EDFD52046F8BDEC000024AF
:10602000EFCDABFF10B50A4CA06860B920688000C6
:10603000FCF7FEF8A06040B104F10C0105480860CF
:106040000846FFF7CFF9002010BD012010BD000069
:106050006002002459E600902DE9F047FFF7D5FED5
:1060600007460024DFF860802AE02046FCF792FB18
:1060700028B3D8F8000090F8119044742046FFF738
:10608000A5FE082817DC1148114950F824000069C2
:10609000884210D02046FFF7B5FE0646002508E0EE
:1060A000E8B2FFF74BFF0246E9B2204600F054F990
:1060B0006D1CB542F4DBD8F8001081F81190641C17
:1060C000BC42D2DBBDE8F087F000002428010024A8
:1060D000D0CF01902DE9FF4F83B01646DDE9104087
:1060E0008B46C0684769426A7AB1012111A890477E
:1060F00005000AD00698CDE9000433465A460399B4
:106100001198A84707B0BDE8F08F57480068407C59
:10611000FCF71CFE8246082801DC012005E0BAF1EC
:10612000100F01DC022000E004208046002596E0EC
:106130004046B8F1010F05D0022871D0B8F1040F24
:1061400025D17CE0BAF1090F21D2DFE80AF08605FB
:10615000213F3F5959595900039815E001465A46C5
:106160001198B847C5F1070188404FF67F72217832
:10617000EA40114001436D1C217004EBE50425F059
:106180000700054109F101008146B042E6DD64E007
:10619000039817E001465A461198B8470621A1EB2B
:1061A000450188406B004FF63F722178DA4011407C
:1061B00001436D1C217004EBA50425F0030005418B
:1061C00009F101008146B042E4DD46E0039813E0A6
:1061D00001465A461198B8470421A1EB8501884031
:1061E0002178AB000F229A401140014321702C44CA
:1061F00085F0010509F101008146B042E8DD2CE09F
:10620000DDF80C9007E001465A461198B847207017
:1062100009F1010944444846B145F4DD1DE0FFE7BA
:10622000DDF80C9007E001465A461198B8472080E7
:1062300009F1010944444846B145F4DD0DE0DDF8BB
:106240000C9007E001465A461198B847206009F1C2
:10625000010944444846B145F4DD0BF1010B0699B0
:106260008B457FF765AF4DE7F000002410B50D4C6E
:106270000D492068407C51F8200048B1C16811B137
:106280000968042901D00068F7E708B1FCF764FA4F
:1062900020680021C16500F108014161BDE810409E
:1062A00000F02EB8F00000242801002401490968FC
:1062B000496808475C020024044909680A7C5207BF
:1062C00001D5C96B00E0896B08607047F0000024BD
:1062D0007CB5094C05462068417C084850F82100EF
:1062E000C1680A6B6946904720686A4629460830AB
:1062F000FEF715FF7CBD0000F000002428010024FB
:106300000448016804484A7C083150F82200C268F9
:10631000126B1047F000002428010024014909688D
:10632000096808475C020024044909680A7C52078E
:1063300001D5896B00E0C96B08607047F00000244C
:10634000014AC2E900017047AC0100240149096813
:10635000896808475C020024F8B515460E460124FA
:10636000FCF718FA009058B1C0681021426A6846DC
:106370009047030004D02A463146009898470024ED
:106380002046F8BDF8B515460E460124FCF702FA82
:10639000009058B1C0680321426A684690470300E4
:1063A00004D02A4631460098984700242046F8BD7C
:1063B000F8B515460E460124FCF7ECF9009058B1EB
:1063C000C0680B21426A68469047030004D02A4601
:1063D00031460098984700242046F8BDF8B5154688
:1063E0000E460124FCF7D6F9009058B1C0680A2186
:1063F000426A68469047030004D02A463146009816
:10640000984700242046F8BD38B50D460124FCF716
:10641000C1F9009050B1C0680621426A68469047B1
:10642000020003D02946009890470024204638BD3A
:1064300010B5074C2068006BFFF702FBFFF774FFF5
:106440002068406BFFF7FCFABDE81040FFF734BF4F
:10645000F000002408B500231A4652495248FCF7C0
:106460000FF95248428801880020FFF7A1FF4F48EA
:10647000428801880020FFF7B1FF4D4890F84400A2
:1064800000F0800090BB49488079B8B90120FDF741
:1064900017FF40F63F700090444802889B2300217C
:1064A0000846FDF73DFE40F65F7000903F48428889
:1064B000BC2300210120FDF733FE72E00420FDF72C
:1064C000FFFE40F63F70009038480288BC23002150
:1064D0000846FDF725FE40F65F700090334842887D
:1064E0009B2300210120FDF71BFE5AE0FFE72F4808
:1064F000808841F66311884212D140F21F30002398
:10650000421C194600901846FDF70AFE40F2DF10C3
:106510000023421C194600900120FDF701FE40E0D7
:106520002248808845F21031884205D01F48808873
:1065300046F6040188421ED11C48807918B9012012
:10654000FDF7BEFE02E00420FDF7BAFEE220009057
:106550001648028840F65B7300210846FDF7E0FD0F
:10656000C42000901148428840F6E46300210120D5
:10657000FDF7D6FD15E00D480088401E00900B4841
:106580000288002319461846FDF7CAFD07484088CF
:10659000401E009005484288002319460120FDF75F
:1065A000BFFD08BD08A501901CA401903422002461
:1065B0002000002403460020704700002DE9FF4F13
:1065C0008DB01746674ADDF870901E9E20981268BD
:1065D0001D4600248AB11D9B1F98CDE90293CDE989
:1065E0000460DDE91A03CDE9000314682B463A463E
:1065F0000D98A04711B0BDE8F08F0D9A01EB05088A
:1066000002EB070CDDE91A231A43A8F10108ACF1EB
:10661000010C012A06D0C9F108004FF0000B0291CD
:1066200005909CE0504A1268B2F90A40631A002BA8
:1066300006DDED1A002DDDDD21461D9C03FB046601
:10664000B2F90E30A8EB0303002B02DDED1A002D8A
:10665000D0DDB2F90C30ACEB0303002B00DDFF1AE8
:106660000D9B1C1AB2F90830A3420DDDA3EB040CFC
:106670000CEB0003181A20F007000444A7EB0C07EA
:1066800006EBE30603F00700002FB3DDDDF874C06E
:106690001F9BCDE902C6CDE90403CDE90059527C28
:1066A00032483B4650F82200C26855680A462146E7
:1066B000A8479FE71B99029808440C902A49401E5E
:1066C00000900A68B2F90A30834242DCB2F90E1037
:1066D000029881423DDB4FF0000A0D980A96D046A1
:1066E000039034E0BAF1000F05D10A984FF0080A80
:1066F00010F8014B0A900599AAEB090A34FA01F047
:1067000004FA09F4E4B204D117490968097C89073D
:1067100017D415490968C96B0A680B921F9A0AB108
:1067200052F82000086003991A98009B0A18DDE9C6
:106730000210521EFFF71EFB0B490B980968C96B2C
:10674000086003991A9808F1010808440390B845B5
:10675000C8DB0C9802901D980BF1010B0644AB4569
:10676000A8DB47E750010024F000002428010024A2
:10677000002818D0410817D0810817D0C10817D0B9
:10678000010917D0410917D0010A17D0410A17D0C3
:10679000010B15D0C10B13D0010C11D0810C11D0FD
:1067A000000E11D020207047012070470220704752
:1067B0000320704704207047052070470820704769
:1067C00010207047122070471820704700B5002233
:1067D000FFF7CEFF012804D0811E062903D8082226
:1067E0000BE0012209E0A0F10901072901D81022DC
:1067F00003E011380F2800D82022104600BD000009
:1068000000BF002240211848FAF78EFF00BF17A0F2
:10681000F9F72EFC4FF47A70FAF78BFF19A0F9F70D
:1068200027FC4FF47A70FAF784FF00BF00BF00BF67
:1068300000BF00BFBFF34F8F00BF00BF00BF1648AF
:10684000006800F4E06015490843001D1249086023
:1068500000BF00BF00BFBFF34F8F00BF00BF00BF2E
:1068600000BF00BFFDE70000001002584D656D201D
:10687000416363657373204572726F7221210D0A43
:1068800000000000536F6674205265736574696E72
:10689000672E2E2E0D0A00000CED00E00000FA0518
:1068A0007047704770B5044600F05CF8002020493E
:1068B0000870204908702049087020490860204964
:1068C0000860204908702049087020490870204855
:1068D00000680A21B0FBF1F01E4908601E480568F7
:1068E00045B11E48066803E0761E002028602D1D75
:1068F000002EF9D100F020FE00F042FE204600F00C
:1069000057FF208800B170BD204600F02FFD208881
:1069100000B1F8E7204600F07BFF208800B1F2E7E5
:10692000FFF7BFFF01200E49087000BFEBE7000032
:10693000B0000024B1000024BC000024D0000024DA
:10694000D4000024B3000024B4000024C4000024B8
:106950009CA40190C000002468A401906CA4019044
:10696000B20000240C4909680C4A126801EB82014C
:106970000B4A11601146096821F0070111600949AD
:10698000086800F04041B1F1404F01D000BFFEE780
:106990004021054A1160704768A401906CA40190E1
:1069A000A800002434EF00E0AC0000240848007880
:1069B000012800D0704707480078FA2800D3F9E78B
:1069C00004480078401C0349087000BFF2E700004B
:1069D000B1000024B000002410B500242448007841
:1069E000012800D010BD00BF4020F9F71BFB044672
:1069F00000BF2048007828B900BF2046F9F720FBE7
:106A000000BFEFE71B480078401E1A49087008468F
:106A1000007828B100BF2046F9F712FB00BFE1E77C
:106A20001548007828B100BF2046F9F709FB00BFE0
:106A3000D8E700F077FD114908701148097850F83F
:106A4000310010490860084600680F49096888420B
:106A500005D100BF2046F9F7F3FA00BFC2E7FAF705
:106A600000FE00BF2046F9F7EBFA00BF00BFB9E710
:106A7000B1000024B0000024BC000024B4000024B5
:106A8000E8E70624D4000024D000002410B5002438
:106A90001748007800B110BD1648007800B1FAE739
:106AA00000BF4020F9F7BEFA044600BF00F03AFDEF
:106AB000114908701148097850F8310010490860F0
:106AC000084600680F490968884205D100BF204682
:106AD000F9F7B6FA00BFDEE7FAF7C3FD00BF2046BC
:106AE000F9F7AEFA00BFBFF36F8F00BFD3E7000026
:106AF000B0000024BC000024B4000024E8E7062411
:106B0000D4000024D000002470B5044600251448A9
:106B10000078012803D045F68960208070BD1148B7
:106B20000078FA2803D345F209202080F6E700BF59
:106B300000BF4020F9F776FA054600BF00BF0948BC
:106B40000078401C0749087000BF00BF2846F9F7CD
:106B500077FA00BF00BF0020208000BFDEE7000002
:106B6000B1000024BC0000242DE9F04105460C468C
:106B70001646002700BF00BF4020F9F753FA07462A
:106B800000BF00BF1DB900200D49087002E00120C0
:106B90000B49087014B10B48046006E00A4800680D
:106BA0000A21B0FBF1F00749086000BF00BF38467A
:106BB000F9F746FA00BF00BF00203080BDE8F08141
:106BC000C4000024C00000249CA4019070B50446B9
:106BD00000251B480078012803D045F689602080F5
:106BE00070BD1848007818B946F664502080F7E761
:106BF00000BF00BF4020F9F715FA054600BF00BFEF
:106C000010480078401E0F4908700846007850B1BF
:106C100000BF00BF2846F9F713FA00BF00BF46F6D1
:106C200063502080DCE700BF00BF2846F9F708FA70
:106C300000BF00BFFFF72AFF0020208000BFCFE782
:106C4000B1000024BC0000242DE9F0410446884630
:106C500015461E46002700BF00BF4020F9F7E2F9A5
:106C6000074600BF00BFA560204600F0C2FB00BF82
:106C700000BF3846F9F7E4F900BF00BF00203080BC
:106C8000BDE8F0812DE9F04705460F4690469A464B
:106C9000089C4FF0000900BF00BF4020F9F7C2F97F
:106CA000814600BF00BFA86878B1A868401EA860F0
:106CB000AE6800BF00BF4846F9F7C2F900BF00BF89
:106CC000002020803046BDE8F08708F4004060B125
:106CD000AE6800BF00BF4846F9F7B2F900BF00BF79
:106CE00046F2B01020803046EDE72C48007858B1CD
:106CF00000BF00BF4846F9F7A3F900BF00BF46F642
:106D0000635020800020DEE73B46062224480168CD
:106D1000284600F053FB00BF00BF4846F9F790F942
:106D200000BF00BFFFF7B2FE00BF00BF4020F9F771
:106D300079F9814600BF00BF1948006890F8290022
:106D400030B1012807D002280DD003280FD106E06A
:106D50000020208017E046F2A910208013E047F2BF
:106D6000D92020800FE045F6C25020800BE046F687
:106D70002E60208000BF00BF4846F9F761F900BFD0
:106D800000BF00209FE700BFAE6800BF00BF4846BD
:106D9000F9F756F900BF00BF304694E7BC00002465
:106DA000D00000242DE9FC5F04460F461546002064
:106DB0000190834600BF00BF4020F9F733F90190EE
:106DC00000BF00BFA046D8F80000F8B9A068401C7A
:106DD00060B900BF00BF0198F9F732F900BF00BFEA
:106DE00046F6C55028800020BDE8FC9FA068401CE6
:106DF000A060D4F8089000BF00BF0198F9F720F90F
:106E000000BF00BF002028804846EDE7D8F80060AA
:106E10000EE0D6F81CA000231A4631462046CDF8D5
:106E200000B000F03BFB07F4007000B902E05646EA
:106E3000002EEED100BF00BF00BF0198F9F700F9A6
:106E400000BF00BF07F4004008B9FFF71FFE002095
:106E5000288000BFC8E7000070B504461A480078D3
:106E6000012803D045F68B60208070BD00256D1C85
:106E700016480088A84203DC45F68C602080F4E7C1
:106E800013480078D8B900F04DFB12490870084645
:106E900000781149087011480E49097850F83100FE
:106EA0000F490860084600680E490860012008493B
:106EB0000870FAF797FB43F69920208002E045F628
:106EC0008A60208000BFD0E7B2000024C600002402
:106ED000B1000024B4000024B3000024E8E7062435
:106EE000D4000024D00000242DE9FF4F83B00446D5
:106EF000DDE91759DDF85480119F002002901098A9
:106F00001F2809D13D48844206D046F27320A9F8D3
:106F1000000007B0BDE8F08F204600F051FC0020D3
:106F2000A9F8000005F0010010B905F0020070B1E9
:106F300005F0020058B13E464FF0000A04E0002080
:106F40003060361D0AF1010A13988245F7D3129872
:106F500007EB800B13985B463A46CDE90005DDE967
:106F6000050100F0E1F80646BE4204D246F6326062
:106F7000A9F80000CDE7109884F82B002660C4F82B
:106F800008B0C4F83C80B8F1000F03D11C48006879
:106F9000206401E0C4F8408016986060A585204612
:106FA00000F034F800BF00BF4020F9F73BF8029032
:106FB00000BF00BF94F82B0000F0CAFA204600F092
:106FC0001BFB10480088401C0E4908800E480078C2
:106FD000012807D000BF00BF0298F9F731F800BFC1
:106FE00000BF96E700BF00BF0298F9F729F800BF7D
:106FF00000BFFFF74BFD00BF8BE70000A4E70624AE
:10700000C0000024C6000024B10000247047000026
:1070100070B504460D4600263F48844203D147F22E
:107020004C10288070BD84B900BF00BF4020F8F725
:10703000F9FF064600BF00BF3848046800BF00BF24
:107040003046F8F7FDFF00BF00BF00BF00BF402083
:10705000F8F7E8FF064600BF00BF94F82A000828AA
:1070600033D2DFE800F004090E10080A0F112046A1
:1070700000F0FAFA34E033E000BF204600F06CFC88
:107080002EE000BF00BF00BF94F8280008280ED2F1
:10709000DFE800F00407050D0D08090600BF00BF7A
:1070A00006E000BF00BF204600F0D6F900E000BFB8
:1070B00000BF94F82A00032803D094F82A00072878
:1070C00002D1204600F048FC0AE000BF00BF304675
:1070D000F8F7B6FF00BF00BF46F62D602880A1E795
:1070E00000BF204600F01EF80D480088401E0C49E5
:1070F0000880204600F064FBFF2084F82A0000206E
:10710000288000BF00BF3046F8F79AFF00BF00BFDD
:10711000FFF7BCFC00BF85E7A4E70624D0000024ED
:10712000C600002470477047F0B50446DDE90556F7
:1071300002EB850020F007004FF0807C071F3846E7
:10714000C7F800C0071F38463C60DFF8A8C0071F1B
:107150003846C7F800C04FF0123C071F3846C7F842
:1071600000C04FF0033C071F3846C7F800C04FF07F
:10717000023C071F3846C7F800C0071F38463B606F
:10718000071F384639606FF0020C071F3846C7F8F2
:1071900000C04FF0113C071F3846C7F800C04FF041
:1071A000103C071F3846C7F800C04FF0093C071FC6
:1071B0003846C7F800C04FF0083C071F3846C7F8EC
:1071C00000C04FF0073C071F3846C7F800C04FF01B
:1071D000063C071F3846C7F800C04FF0053C071FA4
:1071E0003846C7F800C04FF0043C071F3846C7F8C0
:1071F00000C0F0BDF9770090704700002DE9F04124
:1072000006460D46144600272048007820B146F671
:1072100063502080BDE8F08135B1022D05D0042DEA
:1072200005D0082D04D101E000BF00BF00BF03E07E
:1072300045F625602080EDE700BF00BF00BF40207D
:10724000F8F7F0FE074600BF00BF23462A46314646
:107250000F48006800F03AFB208838B100BF00BF3B
:107260003846F8F7EDFE00BF00BFD3E708480068D6
:1072700000F0FAF900BF00BF3846F8F7E1FE00BFA2
:1072800000BFFFF703FC00BFC4E70000BC00002400
:10729000D000002470B50446002600BF00BF402087
:1072A000F8F7C0FE064600BF00BF0648056800BFED
:1072B00000BF3046F8F7C4FE00BF00BF00202080AA
:1072C000284670BDC800002410B509480078012880
:1072D00000D010BD00F012F80649074A127801EB01
:1072E000C20000F0E5F9012000F0B6FB00BFF0E7B6
:1072F000B1000024E8E70624B3000024704710B56D
:10730000002400BF00BF4020F8F78CFE044600BFF9
:1073100000BFFFF74BFB00BF00BF2046F8F790FE11
:1073200000BF00BFFFF7D0FFFFF756FB10BD000006
:1073300010B5014640224B1E4FF0E0246361094B1B
:10734000186820F07F4040EA0260186023461B69FD
:1073500043F00503236123461B6943F002032361C5
:1073600010BD000020ED00E000BFFEE710B58AB0C0
:1073700004460B2000210591CDE90704069108463B
:1073800009490A6809490968094B1B68CDE90131B7
:10739000CDE903201F200023064A19460090064825
:1073A000FFF7A2FD0AB010BD60A401905CA401909B
:1073B00058A4019069730090A4E706242DE9F041D8
:1073C00005460C4690461F4684F82880002084F825
:1073D00029003946204600F0D3F935B12E466562C2
:1073E0002146304600F009F801E000206062BDE867
:1073F000F081002101604160704710B5024691F8AC
:107400002B3014682CB90024CC610C6211605160DF
:1074100021E0106805E090F82B409C4200DD02E07E
:10742000C0690028F7D100BF38B90024CC61546886
:107430000C620C6AE16151600DE0046A2CB9C8610C
:1074400000240C620162116005E0C861046A0C62EC
:107450000C6AE161016210BD10B5446AECB1416A89
:107460000C68E4691CB900240C604C6011E0046AEB
:1074700024B9C36900241C620B600AE0C46924B902
:10748000026A0024D4614A6003E0026AC369D361DE
:107490001A620024C4610462446210BD2DE9F04107
:1074A00005460C4617469846069E94F82A0008287A
:1074B00033D2DFE800F00405080906071E1F00BFED
:1074C00000BF00BF2AE000BF15B12046FFF7C4FF90
:1074D00094F82A00032802D1204600F03DFA204605
:1074E00000F05CF800202834A070607004F82809CF
:1074F00014E000BF15B12046FFF7AEFF94F82A0054
:10750000072802D1204600F027FA04202834A07072
:107510000020607004F8280900E000BF00BFBDE84B
:10752000F081000010B503490868F8F796FDC0B275
:1075300010BD0000B8000024002004E00021034A30
:1075400042F82010401C0028F8D07047B8000024F2
:1075500004490968C0F11F0301229A401143014AFE
:1075600011607047B800002404490968C0F11F0386
:1075700001229A409143014A11607047B8000024EB
:10758000002006E0044A02EBC00100220A604A60C3
:10759000401C2028F6D37047E8E7062410B50446BF
:1075A00094F82B00FFF7D4FF94F82B0005490978D5
:1075B000884203D1204600F01FF802E0204600F088
:1075C00003F810BDB300002410B590F82B30094C1F
:1075D00004EBC3010B682BB90023C360036108608F
:1075E000486006E00B68C360002303610A6810610D
:1075F000086010BDE8E7062410B590F82B30094C60
:1076000004EBC3010B682BB90023C360036108605E
:10761000486005E00023C3604A680261D0604860AA
:1076200010BD0000E8E7062430B5D0E90045AC42C3
:1076300018D00468E4684568AC4209D10168426822
:107640000A610024CC601461D1600260416009E0ED
:1076500001684268CB6800241C61CC600A61D1607B
:107660000360416030BD00002DE9F041044694F80C
:107670002B000E4901EBC0062769E56867B93DB9E3
:1076800000203060706094F82B00FFF76DFF08E079
:1076900000202861356004E0FD600DB9776000E0EE
:1076A0002F6100202061E060BDE8F081E8E706245A
:1076B00070B5054600262E480078012800D070BD20
:1076C00000BF00BF4020F8F7ADFC064600BF00BF7A
:1076D0002C683CB900BF00BF3046F8F7B1FC00BFD2
:1076E00000BFECE72348844207D100BF00BF30460B
:1076F000F8F7A6FC00BF00BFE1E7206C10B1206CDA
:10770000401E2064206C38B100BF00BF3046F8F73F
:1077100097FC00BF00BFD2E7D5E90001884207D13E
:1077200000BF00BF3046F8F78BFC00BF00BFC6E7C4
:107730001148007838B100BF00BF3046F8F780FC30
:1077400000BF00BFBBE72846FFF76EFF2C68E06B69
:1077500018B90A480068206401E0E06B206400BFAB
:1077600000BF3046F8F76CFC00BF00BF00BFA6E7C3
:10777000C4000024A4E70624BC000024C0000024A8
:1077800070B504460D4655B12B46084800210268E5
:10779000204600F049F8032084F82A0002E0022085
:1077A00084F82A002046FFF75FFF70BDC800002460
:1077B0000021024A1180018070470000C6000024A9
:1077C0000021016081604160C160016141618161AE
:1077D0000163818541638163C1630164C1610162A9
:1077E000416280F8281080F8291080F82A102021A2
:1077F00080F82B107047000008B504480068FFF7B8
:1078000092FC69460020FFF703FC08BDD00000246D
:1078100000210180024A1160024A11607047000095
:10782000C8000024CC0000242DE9F04304460F4694
:107830009446984608EB0C00DFF88890D9F8009041
:10784000B944A0EB09021AB900206063BDE8F083D7
:107850001D4D286830B9626300206061A0612C6012
:107860000120F3E72968486BC61BB2420BD2886936
:1078700048B96263B01A48630020A06161618C61FD
:107880002C600120E2E7921B0B46596903E0486B2C
:10789000121A0B46496911B1486B9042F7D949B1A8
:1078A0008B696263A3616161486B801A48638C6174
:1078B0005C6104E06263A361002060615C6101209F
:1078C000C4E70000C8000024CC0000242DE9F04FDC
:1078D00006460C4691461F464FF0000BB9F1040FC7
:1078E00001D1002520E0B9F1080F1BD124B947F2DE
:1078F0007E203880BDE8F08FB56B16480068A0EB9D
:107900000508A0450AD3B8FBF4F004FB0055B8FB0A
:10791000F4F004FB108000B12544B563B06B204443
:10792000B06301E00B48056823462A4659463046B5
:10793000FFF77AFF8246BAF1010F05D1012086F8E0
:107940002A000020388002E047F27E20388000BF05
:10795000D0E70000C800002430B5826941690F4BB0
:107960007AB919B900241C60446315E000248C61C5
:107970004C6B456B2C444C63196000244461446398
:107980000AE0516121B18A614C6B456B2C444C6318
:10799000002484614461446330BD0000CC000024B5
:1079A00070B505462B4E3468002C52D0606BA8424F
:1079B00004D8606B2D1A0020606302E0606B401BEE
:1079C000606342E094F82A00012802D005280BD118
:1079D00006E0002084F82A002046FFF7DFFD21E0C2
:1079E000042084F82A001DE02046FFF735FD94F8B6
:1079F0002A00032802D007280BD106E02046FFF713
:107A0000CDFD002084F82A0004E0042084F82A0038
:107A100000E000BF00BF032084F82900002084F8A4
:107A2000280000BF00BF60693060346804B90FE00F
:107A30000020A061606BA84204D8606B2D1A002062
:107A4000606302E0606B401B6063606B0028B9D02C
:107A500000BF70BDCC00002470B50446002500BFF7
:107A600000BF4020F8F7DEFA054600BF00BF084817
:107A700000682044064908602046FFF791FF00BFD8
:107A800000BF2846F8F7DCFA00BF00BF70BD000059
:107A9000C8000024704790F8281001F0010139B1A6
:107AA0000168496821F40031C26A114302685160DB
:107AB00090F8281001F00201022907D101684968F5
:107AC00021F48031026B11430268516090F8281054
:107AD00001F00401042907D10168496821F48021DB
:107AE000426B11430268516090F8281001F00801C0
:107AF000082907D10168496821F40041826B1143CC
:107B00000268516090F8281001F01001102907D187
:107B10000168896821F48051C26B11430268916049
:107B200090F8281001F02001202907D10168896808
:107B300021F40051026C11430268916090F8281002
:107B400001F04001402913D10168496821F48011F6
:107B5000426C114302685160416CB1F5801F07D13E
:107B60000168496821F4C001826C114302685160C8
:107B700090F8281001F08001802907D10168496838
:107B800021F40021C26C114302685160704738B57E
:107B900004460020C4F88800F9F7D0FD05462068A7
:107BA000006800F0080008280CD16FF07E402B46DA
:107BB00000224FF400110090204601F0EFFC08B1C4
:107BC000032038BD2068006800F0040004280CD1B0
:107BD0006FF07E402B4600224FF48001009020463B
:107BE00001F0DCFC08B10320EBE72020C4F88000A2
:107BF000C4F8840000BF002084F87C0000BF00BFF0
:107C0000DFE770B50546AC6B0020A4F85E00A4F871
:107C100056002046FDF7FFFC70BD000001680968B2
:107C200021F490710268116001688968044A11406A
:107C3000026891602021C0F884100021C16670475D
:107C4000FEFFFFEF10B504462068006820F04000FA
:107C5000216808602020C4F88000002020672046AA
:107C6000FDF7BAFE10BD2DE9F0410446B4F860708E
:107C7000D4F88400222826D12068406A86B2A56DF7
:107C800006EA07002880A06D801CA065B4F85E009D
:107C9000401EA4F85E00B4F85E00D0B92068006809
:107CA00020F49070216808602068806820F001004E
:107CB000216888602020C4F884000020E066204607
:107CC000F9F741FD05E02068806940F0080021686F
:107CD0008861BDE8F08100002DE9F0470446B4F862
:107CE0006090D4F88400222843D1B4F8685028E08A
:107CF0002068406A1FFA80F8A76D08EA09003880FA
:107D0000A06D801CA065B4F85E00401EA4F85E0063
:107D1000B4F85E0098B92068006820F4807021688B
:107D20000860206880681749084021688860202022
:107D3000C4F884000020E0662046F9F704FD681EC0
:107D400085B2002DD4D1B4F85E60C6B1B4F8680035
:107D5000B04214DD2068806820F08050216888607F
:107D60000948E0662068006840F02000216808604B
:107D700005E02068806940F0080021688861BDE85E
:107D8000F0870000FEFFFFEF677C009070B50446AF
:107D9000B4F86060D4F88400222826D12068406AB4
:107DA00085B2F0B22840A16D0870A06D401CA0659E
:107DB000B4F85E00401EA4F85E00B4F85E00D0B9CE
:107DC0002068006820F4907021680860206880684E
:107DD00020F00100216888602020C4F88400002081
:107DE000E0662046F9F7AFFC05E02068806940F0C6
:107DF00008002168886170BD2DE9F0410446B4F89F
:107E00006080D4F88400222843D1B4F8685028E078
:107E10002068406A87B208F0FF003840A16D087002
:107E2000A06D401CA065B4F85E00401EA4F85E0082
:107E3000B4F85E0098B92068006820F4807021686A
:107E40000860206880681749084021688860202001
:107E5000C4F884000020E0662046F9F774FC681E30
:107E600085B2002DD4D1B4F85E60C6B1B4F8680014
:107E7000B04214DD2068806820F08050216888605E
:107E80000948E0662068006840F02000216808602A
:107E900005E02068806940F0080021688861BDE83D
:107EA000F0810000FEFFFFEF8D7D00902DE9F04F87
:107EB00089B004464FF00009002007908346F94935
:107EC0002068884200D100E000BF2169A068084313
:107ED00061690843E16940EA010A606E40EA0A0A02
:107EE00020680068F049084040EA0A0021680860FC
:107EF0002068406820F44050E168084321684860E9
:107F0000D4F818A0E7492068884202D0206A40EAE5
:107F10000A0A20688068E549084040EA0A002168AA
:107F200088602068C06A20F00F00616A08432168F9
:107F3000C86200BFDE492068884220D1DD48006861
:107F400000F03800182811D005DC48B1082809D005
:107F5000102811D108E020280AD028280CD109E0E7
:107F600001250BE0042509E0082507E0102505E0C0
:107F7000202503E0402501E0802500BFF8E0CE4940
:107F80002068884219D1CB48006800F00700062815
:107F900010D2DFE800F0030507090B0D00250BE008
:107FA000042509E0082507E0102505E0202503E069
:107FB000402501E0802500BFDAE0C0492068884202
:107FC00019D1BC48006800F00700062810D2DFE88D
:107FD00000F0030507090B0D00250BE0042509E05F
:107FE000082507E0102505E0202503E0402501E0F5
:107FF000802500BFBCE0B2492068884219D1AD4855
:10800000006800F00700062810D2DFE800F0030542
:1080100007090B0D00250BE0042509E0082507E002
:10802000102505E0202503E0402501E0802500BF64
:108030009EE0A4492068884219D19E48006800F05B
:108040000700062810D2DFE800F0030507090B0D32
:1080500000250BE0042509E0082507E0102505E0D0
:10806000202503E0402501E0802500BF80E09649FF
:108070002068884220D18F48006800F03800182816
:1080800011D005DC48B1082809D0102811D108E02A
:1080900020280AD028280CD109E001250BE004256E
:1080A00009E0082507E0102505E0202503E040252C
:1080B00001E0802500BF5BE084492068884219D137
:1080C0007C48006800F00700062810D2DFE800F0C6
:1080D000030507090B0D00250BE0042509E0082521
:1080E00007E0102505E0202503E0402501E080257C
:1080F00000BF3DE076492068884219D16D4800688C
:1081000000F00700062810D2DFE800F00305070999
:108110000B0D00250BE0042509E0082507E01025DC
:1081200005E0202503E0402501E0802500BF1FE099
:108130005C49206888421AD15E48001D006800F042
:108140000700062810D2DFE800F0030507090B0D31
:1081500002250BE0042509E0082507E0102505E0CD
:10816000202503E0402501E0802500BF00E08025B8
:1081700000BF4C492068884271D1102D70D006DCB8
:10818000022D09D0042D49D0082D6AD1A6E0202D5A
:1081900068D0402DF9D1B3E1F9F7DAFA616A09B98B
:1081A000012138E0616A012901D1022133E0616ACD
:1081B000022901D104212EE0616A032901D106219F
:1081C00029E0616A042901D1082124E0616A0529B6
:1081D00001D10A211FE0616A062901D10C211AE0B0
:1081E000616A072901D1102115E0616A082901D1CE
:1081F000202110E0616A092901D140210BE0616A68
:108200000A2901D1802106E0616A0B2902D14FF4CD
:10821000807100E00121B0FBF1FBB6E104A8F9F7A1
:108220009CFA0598616A09B9012154E0616A012943
:1082300001D102214FE0616A022901D104214AE003
:10824000616A032901D1062145E0616A042901D14F
:10825000082140E0616A052905D10A213BE0FDE3E0
:1082600080E08FE10BE1616A062901D10C2132E047
:10827000616A072901D110212DE0616A082901D125
:10828000202128E0616A092901D1402123E0616AA7
:108290000A2901D180211EE0616A0B291AD14FF40D
:1082A000807118E0000C0058F369FFCFFFF4FF1154
:1082B000001001405444025800440040004800406F
:1082C000004C004000500040001401400078004085
:1082D000007C00400121B0FBF1FB56E101A8F9F759
:1082E00041FA0298616A09B9012138E0616A0129FD
:1082F00001D1022133E0616A022901D104212EE07B
:10830000616A032901D1062129E0616A042901D1AA
:10831000082124E0616A052901D10A211FE0616A70
:10832000062901D10C211AE0616A072901D1102127
:1083300015E0616A082901D1202110E0616A09294C
:1083400001D140210BE0616A0A2901D1802106E0B8
:10835000616A0B2902D14FF4807100E00121B0FB6A
:10836000F1FB12E1FA480068C0F3401088B3F84806
:108370000068C0F3C101F748C840616A09B901212A
:1083800039E0616A012901D1022134E0616A0229E0
:1083900001D104212FE0616A032901D106212AE0DD
:1083A000616A042901D1082125E0616A052901D10A
:1083B0000A2120E0616A062901D10C211BE0616AD3
:1083C000072901D1102116E0616A082902D1202174
:1083D00011E013E0616A092901D140210BE0616AD3
:1083E0000A2901D1802106E0616A0B2902D14FF4EC
:1083F000807100E00121B0FBF1FB3FE0606A08B949
:10840000012038E0606A012801D1022033E0606A6F
:10841000022801D104202EE0606A032801D1062041
:1084200029E0606A042801D1082024E0606A052858
:1084300001D10A201FE0606A062801D10C201AE051
:10844000606A072801D1102015E0606A082801D170
:10845000202010E0606A092801D140200BE0606A0A
:108460000A2801D1802006E0606A0B2802D14FF46F
:10847000807000E00120B749B1FBF0FB85E0606A45
:1084800008B9012038E0606A012801D1022033E0F8
:10849000606A022801D104202EE0606A032801D11D
:1084A000062029E0606A042801D1082024E0606ADF
:1084B000052801D10A201FE0606A062801D10C209E
:1084C0001AE0606A072801D1102015E0606A0828C8
:1084D00001D1202010E0606A092801D140200BE082
:1084E000606A0A2801D1802006E0606A0B2802D168
:1084F0004FF4807000E001209749B1FBF0FB44E0AD
:10850000606A08B9012038E0606A012801D10220C0
:1085100033E0606A022801D104202EE0606A03285B
:1085200001D1062029E0606A042801D1082024E056
:10853000606A052801D10A201FE0606A062801D17F
:108540000C201AE0606A072801D1102015E0606A4B
:10855000082801D1202010E0606A092801D14020BC
:108560000BE0606A0A2801D1802006E0606A0B28CF
:1085700002D14FF4807000E001204FF40041B1FBC4
:10858000F0FB02E00120079000BF00BFBBF1000F2D
:1085900000F0F287606800EB4000584503D860683F
:1085A0000003584503D20120079000F0E5BF102DCD
:1085B00075D006DC022D09D0042D67D0082D6FD1AF
:1085C000CCE0202D6DD0402DF9D14DE2F9F7C0F867
:1085D0008046606A08B9012238E0606A012801D14A
:1085E000022233E0606A022801D104222EE0606A90
:1085F000032801D1062229E0606A042801D108225B
:1086000024E0606A052801D10A221FE0606A06287A
:1086100001D10C221AE0606A072801D1102215E06E
:10862000606A082801D1202210E0606A092801D17F
:1086300040220BE0606A0A2801D1802206E0606ACD
:108640000B2802D14FF4807200E0012294460023EF
:1086500040461946F9F78BF84FF4807300228C4698
:10866000A0FB031E0CFB03E300FB02336068400821
:108670008C461CEB000643EB0201D4F804C06246B2
:1086800000233046F9F773F881464EE204A8F9F763
:1086900064F8DDF814E0606A20B901223BE0BFE035
:1086A00040E282E1606A012801D1022233E0606A7F
:1086B000022801D104222EE0606A032801D106229B
:1086C00029E0606A042801D1082224E0606A0528B4
:1086D00001D10A221FE0606A062801D10C221AE0AB
:1086E000606A072801D1102215E0606A082801D1CC
:1086F000202210E0606A092801D140220BE0606A64
:108700000A2801D1802206E0606A0B2802D14FF4CA
:10871000807200E001229446002370461946F9F762
:1087200026F84FF4807C0022A0FB0C3E01FB0CE1FC
:1087300000FB0211606840081E185141D4F804C0C3
:10874000624600233046F9F712F88146EDE1000059
:10875000004402580090D00300093D0001A8F9F739
:1087600001F8DDF808C0606A08B9012238E0606AE3
:10877000012801D1022233E0606A022801D10422DB
:108780002EE0606A032801D1062229E0606A0428ED
:1087900001D1082224E0606A052801D10A221FE0E5
:1087A000606A062801D10C221AE0606A072801D10C
:1087B000102215E0606A082801D1202210E0606ACA
:1087C000092801D140220BE0606A0A2801D18022E9
:1087D00006E0606A0B2802D14FF4807200E00122AB
:1087E0009646002360461946F8F7C1FF4FF48073A0
:1087F00000228C46A0FB031E0CFB03E300FB0233AC
:10880000606840088C461CEB000643EB0201D4F87C
:1088100004C0624600233046F8F7A9FF814684E190
:10882000F8480068C0F3401090B3F6480068C0F301
:10883000C101F54820FA01FE606A08B9012239E059
:10884000606A012801D1022234E0606A022801D165
:1088500004222FE0606A032801D106222AE0606A20
:10886000042801D1082225E0606A052801D10A22E6
:1088700020E0606A062801D10C221BE0606A07280C
:1088800001D1102216E0606A082802D1202211E0EE
:1088900030E0606A092801D140220BE0606A0A28B2
:1088A00001D1802206E0606A0B2802D14FF4807269
:1088B00000E001229446002370461946F8F757FF5E
:1088C0004FF4807300228C46A0FB031E0CFB03E3D5
:1088D00000FB0233606840088C461CEB000643EB4B
:1088E0000201D4F804C0624600233046F8F73FFF87
:1088F000814659E0606A08B9012238E0606A0128BF
:1089000001D1022233E0606A022801D104222EE064
:10891000606A032801D1062229E0606A042801D197
:10892000082224E0606A052801D10A221FE0606A5B
:10893000062801D10C221AE0606A072801D1102212
:1089400015E0606A082801D1202210E0606A092839
:1089500001D140220BE0606A0A2801D1802206E0A2
:10896000606A0B2802D14FF4807200E00122944625
:108970000023A5481946F8F7FAFE4FF48073002249
:108980008C46A0FB031E0CFB03E300FB0233606874
:1089900040080E1843EB0201D4F804C062460023DD
:1089A0003046F8F7E4FE8146BFE0606A08B901226C
:1089B00038E0606A012801D1022233E0606A0228AF
:1089C00001D104222EE0606A032801D1062229E0A9
:1089D000606A042801D1082224E0606A052801D1D8
:1089E0000A221FE0606A062801D10C221AE0606AA0
:1089F000072801D1102215E0606A082801D1202241
:108A000010E0606A092801D140220BE0606A0A2860
:108A100001D1802206E0606A0B2802D14FF48072F7
:108A200000E001229446002378481946F8F79FFE9B
:108A30004FF4807300228C46A0FB031E0CFB03E363
:108A400000FB0233606840088C461CEB000643EBD9
:108A50000201D4F804C06246002300E073E030460F
:108A6000F8F785FE814660E0606A08B9012238E0C7
:108A7000606A012801D1022233E0606A022801D134
:108A800004222EE0606A032801D1062229E0606AF0
:108A9000042801D1082224E0606A052801D10A22B5
:108AA0001FE0606A062801D10C221AE0606A0728DC
:108AB00001D1102215E0606A082801D1202210E0BF
:108AC000606A092801D140220BE0606A0A2801D1BE
:108AD000802206E0606A0B2802D14FF4807200E029
:108AE0000122944600234FF400401946F8F73FFE58
:108AF0004FF4807300228C46A0FB031E0CFB03E3A3
:108B000000FB0233606840088C461CEB000643EB18
:108B10000201D4F804C0624600233046F8F727FE6D
:108B2000814602E00120079000BF00BFB9F5407FF9
:108B300006D3B9F5801F03D22068C0F80C9034E545
:108B40000120079031E5E069B0F5004F71D1082DA3
:108B500070D005DC5DB1012D5AD0042D6BD1A7E09A
:108B6000102D69D0202D68D0402DF7D11EE2F8F7E6
:108B700003FE8046606A08B9012038E0606A012877
:108B800001D1022033E0606A022801D104202EE0E6
:108B9000606A032801D1062029E0606A042801D117
:108BA000082024E0606A052801D10A201FE0606ADD
:108BB000062801D10C201AE0606A072801D1102094
:108BC00015E0606A082801D1202010E0606A0928B9
:108BD00001D140200BE0606A0A2801D1802006E024
:108BE000606A0B2802D14FF4807000E00120B8FBCE
:108BF000F0F04000616800EB5100B0FBF1F01FFAAB
:108C000080F920E2004402580090D00300093D00A2
:108C1000F8F7B7FD8046606A08B901203DE0606A58
:108C2000012801D1022038E0606A022806D1042020
:108C300033E020E288E003E2D2E06EE1606A0328DC
:108C400001D1062029E0606A042801D1082024E02F
:108C5000606A052801D10A201FE0606A062801D158
:108C60000C201AE0606A072801D1102015E0606A24
:108C7000082801D1202010E0606A092801D1402095
:108C80000BE0606A0A2801D1802006E0606A0B28A8
:108C900002D14FF4807000E00120B8FBF0F04000FA
:108CA000616800EB5100B0FBF1F01FFA80F9CAE1F6
:108CB00004A8F8F752FD0598616A09B9012138E066
:108CC000616A012901D1022133E0616A022901D1DF
:108CD00004212EE0616A032901D1062129E0616A9D
:108CE000042901D1082124E0616A052901D10A2162
:108CF0001FE0616A062901D10C211AE0616A072987
:108D000001D1102115E0616A082901D1202110E06C
:108D1000616A092901D140210BE0616A0A2901D168
:108D2000802106E0616A0B2902D14FF4807100E0D6
:108D30000121B0FBF1F04000616800EB5100B0FB95
:108D4000F1F01FFA80F97EE101A8F8F70BFD029817
:108D5000616A09B9012138E0616A012901D1022162
:108D600033E0616A022901D104212EE0616A0329FE
:108D700001D1062129E0616A042901D1082124E0FA
:108D8000616A052901D10A211FE0616A062901D122
:108D90000C211AE0616A072901D1102115E0616AEE
:108DA000082901D1202110E0616A092901D140215F
:108DB0000BE0616A0A2901D1802106E0616A0B2972
:108DC00002D14FF4807100E00121B0FBF1F04000CE
:108DD000616800EB5100B0FBF1F01FFA80F932E15D
:108DE000F9480068C0F3401088B3F7480068C0F342
:108DF000C101F648C840616A09B9012139E0616AD8
:108E0000012901D1022134E0616A022901D1042142
:108E10002FE0616A032901D106212AE0616A042951
:108E200001D1082125E0616A052901D10A2120E04C
:108E3000616A062901D10C211BE0616A072901D171
:108E4000102116E0616A082902D1202111E01BE0FF
:108E5000616A092901D140210BE0616A0A2901D127
:108E6000802106E0616A0B2902D14FF4807100E095
:108E70000121B0FBF1F04000616800EB5100B0FB54
:108E8000F1F01FFA80F947E0606A08B9012038E084
:108E9000606A012801D1022033E0606A022801D112
:108EA00004202EE0606A032801D1062029E0606AD0
:108EB000042801D1082024E0606A052801D10A2095
:108EC0001FE0606A062801D10C201AE0606A0728BA
:108ED00001D1102015E0606A082801D1202010E09F
:108EE000606A092801D140200BE0606A0A2801D19C
:108EF000802006E0606A0B2802D14FF4807000E009
:108F00000120B249B1FBF0F04000616800EB510074
:108F1000B0FBF1F01FFA80F995E0606A08B9012012
:108F200038E0606A012801D1022033E0606A02283B
:108F300001D104202EE0606A032801D1062029E037
:108F4000606A042801D1082024E0606A052801D164
:108F50000A201FE0606A062801D10C201AE0606A2E
:108F6000072801D1102015E0606A082801D12020CF
:108F700010E0606A092801D140200BE0606A0A28ED
:108F800001D1802006E0606A0B2802D14FF4807086
:108F900000E001208E49B1FBF0F04000616800EB79
:108FA0005100B0FBF1F01FFA80F94CE0606A08B99B
:108FB000012038E0606A012801D1022033E0606AB4
:108FC000022801D104202EE0606A032801D1062086
:108FD00029E0606A042801D1082024E0606A05289D
:108FE00001D10A201FE0606A062801D10C201AE096
:108FF000606A072801D1102015E0606A082801D1B5
:10900000202010E0606A092801D140200BE0606A4E
:109010000A2801D1802006E0606A0B2802D14FF4B3
:10902000807000E001204FF40041B1FBF0F04000FF
:10903000616800EB5100B0FBF1F01FFA80F902E02B
:109040000120079000BF00BFB9F1100F10D3B9F590
:10905000803F0DD24FF6F07009EA00000890C9F386
:10906000420108980843089008982168C86083E284
:109070000120079080E2082D72D005DC5DB1012D42
:1090800053D0042D6DD1A5E0102D6BD0202D6AD0CA
:10909000402D66D117E2F8F76FFB8046606A08B989
:1090A000012038E0606A012801D1022033E0606AC3
:1090B000022801D104202EE0606A032801D1062095
:1090C00029E0606A042801D1082024E0606A0528AC
:1090D00001D10A201FE0606A062801D10C201AE0A5
:1090E000606A072801D1102015E0606A082801D1C4
:1090F000202010E0606A092801D140200BE0606A5E
:109100000A2801D1802006E0606A0B2802D14FF4C2
:10911000807000E00120B8FBF0F0616800EB5100C6
:10912000B0FBF1F01FFA80F919E2F8F72AFB80464C
:10913000606A08B901203CE0606A012801D1022080
:1091400037E0606A022801D1042032E0606A032817
:1091500001D106202DE0606A042805D1082028E00E
:1091600083E0F9E1CCE066E1606A052801D10A20DC
:109170001FE0606A062801D10C201AE0606A072807
:1091800001D1102015E0606A082801D1202010E0EC
:10919000606A092801D140200BE0606A0A2801D1E9
:1091A000802006E0606A0B2802D14FF4807000E056
:1091B0000120B8FBF0F0616800EB5100B0FBF1F06A
:1091C0001FFA80F9CBE10000004402580090D00360
:1091D00000093D0004A8F8F7C0FA0598616A09B9CA
:1091E000012138E0616A012901D1022133E0616A7D
:1091F000022901D104212EE0616A032901D106214F
:1092000029E0616A042901D1082124E0616A052965
:1092100001D10A211FE0616A062901D10C211AE05F
:10922000616A072901D1102115E0616A082901D17D
:10923000202110E0616A092901D140210BE0616A17
:109240000A2901D1802106E0616A0B2902D14FF47D
:10925000807100E00121B0FBF1F0616800EB51008A
:10926000B0FBF1F01FFA80F979E101A8F8F77AFA7A
:109270000298616A09B9012138E0616A012901D1C6
:10928000022133E0616A022901D104212EE0616AE2
:10929000032901D1062129E0616A042901D10821AD
:1092A00024E0616A052901D10A211FE0616A0629CB
:1092B00001D10C211AE0616A072901D1102115E0C2
:1092C000616A082901D1202110E0616A092901D1D0
:1092D00040210BE0616A0A2901D1802106E0616A20
:1092E0000B2902D14FF4807100E00121B0FBF1F0B5
:1092F000616800EB5100B0FBF1F01FFA80F92EE13C
:10930000A3480068C0F3401088B3A1480068C0F3C8
:10931000C101A048C840616A09B9012139E0616A08
:10932000012901D1022134E0616A022901D104211D
:109330002FE0616A032901D106212AE0616A04292C
:1093400001D1082125E0616A052901D10A2120E027
:10935000616A062901D10C211BE0616A072901D14C
:10936000102116E0616A082902D1202111E01AE0DB
:10937000616A092901D140210BE0616A0A2901D102
:10938000802106E0616A0B2902D14FF4807100E070
:109390000121B0FBF1F0616800EB5100B0FBF1F08E
:1093A0001FFA80F946E0606A08B9012038E0606A77
:1093B000012801D1022033E0606A022801D1042093
:1093C0002EE0606A032801D1062029E0606A0428A3
:1093D00001D1082024E0606A052801D10A201FE09D
:1093E000606A062801D10C201AE0606A072801D1C2
:1093F000102015E0606A082801D1202010E0606A82
:10940000092801D140200BE0606A0A2801D18020A0
:1094100006E0606A0B2802D14FF4807000E0012062
:109420005C49B1FBF0F0616800EB5100B0FBF1F07A
:109430001FFA80F993E0606A08B9012038E0606A99
:10944000012801D1022033E0606A022801D1042002
:109450002EE0606A032801D1062029E0606A042812
:1094600001D1082024E0606A052801D10A201FE00C
:10947000606A062801D10C201AE0606A072801D131
:10948000102015E0606A082801D1202010E0606AF1
:10949000092801D140200BE0606A0A2801D1802010
:1094A00006E0606A0B2802D14FF4807000E00120D2
:1094B0003949B1FBF0F0616800EB5100B0FBF1F00D
:1094C0001FFA80F94BE0606A08B9012038E0606A51
:1094D000012801D1022033E0606A022801D1042072
:1094E0002EE0606A032801D1062029E0606A042882
:1094F00001D1082024E0606A052801D10A201FE07C
:10950000606A062801D10C201AE0606A072801D1A0
:10951000102015E0606A082801D1202010E0606A60
:10952000092801D140200BE0606A0A2801D180207F
:1095300006E0606A0B2802D14FF4807000E0012041
:109540004FF40041B1FBF0F0616800EB5100B0FB5B
:10955000F1F01FFA80F902E00120079000BF00BF80
:10956000B9F1100F06D3B9F5803F03D22068C0F8D7
:109570000C9001E0012007900120A4F86A00A4F8F3
:1095800068000020E0662067079809B0BDE8F08F0A
:10959000004402580090D00300093D002DE9F0413D
:1095A00004460D4617469846069E4AE0701C002861
:1095B00047D0F8F7C3F8A0EB0800B04200D8C6B90E
:1095C0002068006820F4D0702168086020688068F6
:1095D00020F00100216888602020C4F88000C4F8D1
:1095E000840000BF002084F87C0000BF0320BDE899
:1095F000F0812068006800F0040010B32068C069A2
:10960000C0F3C020E8B14FF4006021680862206810
:10961000006820F4D070216808602068806820F01D
:109620000100216888602020C4F88000C4F884000C
:10963000C4F8880000BF002084F87C0000BF03202D
:10964000D5E72068C0692840A84201D1012000E088
:109650000020B842AAD00020C9E700BFFEE7000002
:1096600003480121006800F8501F00214170704735
:10967000F00000242DE9F0418AB00446F9F764FCBB
:10968000BCB32046F8F754FE0190D0E90012CDE9B2
:109690000412876A056A01A8F8F77AFE204600F0EE
:1096A00007FF060025D0204600F0F5F98046B807F0
:1096B00004D52A46414604A801F064F82046F8F78C
:1096C00037FE01904046F8F733FE06903046F8F733
:1096D0002FFE039005620698019AC1691162C46168
:1096E00001A8F8F755FE06A8F8F752FE03A8F8F708
:1096F0004FFEFAF7C5FF0AB0BDE8F0812DE9FC5F27
:109700009946DDE90C5492460E460746DDF83C804A
:10971000F9F71AFCDFF828B1DBF8200004434DB953
:10972000BBF8020048B347480BF14C010068407C8D
:1097300051F82050681C0ED0FDB12846F8F7F8FD0E
:109740000190B0F90010B0F902200F441644BAF1AC
:10975000000F02D006E000250FE0B0F90430591ADE
:1097600001F1010AB9F1000F04D1B0F90600801A25
:1097700000F1010901A8F8F70BFE08F12C00F8F739
:109780000FFD5FEA000856D0BBF80200401CABF8A2
:1097900002004046F8F7CCFD0090078007EB0A0175
:1097A0004680491E818006EB0901491EC1800E9941
:1097B0000161254A816A2240114381626846F8F7B7
:1097C000E7FDDBF81400464650B1F8F7F9FD07460F
:1097D0003046F8F7F5FD0146786948617E6101E0A1
:1097E000CBF814802946404600F0FCFEA00602D5C6
:1097F000404600F0FFFCE00704D0DBF82C10491CC9
:10980000CBF82C10600602D54046FFF733FFA007C7
:109810000DD54046F8F78CFD0090816A41F00201B9
:1098200081626846F8F7B4FD404600F0CFFB0121A5
:10983000404601F0EAF9FAF723FF4046BDE8FC9FF5
:1098400074020024F00000249F3FFF00064910B579
:109850000968002081F85000F9F776FBFCF750FD0D
:10986000BDE81040FAF70CBFF000002410B5044624
:10987000C168D4E90020172A0DD004DC0E2A0CD0D0
:10988000142A07D104E0222A0CD0282A02D10BE0A6
:1098900000F0C8FD0020E06010BD2146BDE810408A
:1098A00000F0D7BC0248F6E7BDE8104000F08EBBE0
:1098B000EFCDABFF38B5040010D0F9F745FB2046DB
:1098C000F8F736FD00900068FAF77CF96846F8F77B
:1098D0005FFD2046F8F786FCFAF7D2FE38BD00009F
:1098E000F8B5050070D0F9F72FFB284600F0B8FF57
:1098F000002867D0284600F0EDFD07460B212846DA
:1099000001F083F9284600F050FD2846F8F710FDD5
:109910000090406A08B1F9F70BFC2C4C002104F1CF
:109920006402E163206952F82030AB4201D142F871
:109930002010264A5C3252F82030AB4201D142F866
:109940002010A06904E04368AB4200D14160006888
:109950000028F8D10721284600F085FB009801F087
:1099600083FC284600F04AFD60690CE0F8F728FD0A
:10997000064640692946A84205D10846F8F720FD69
:109980004069706101E00028F0D10098806AC10749
:1099900002D0E16A491EE162800602D5A088401E1D
:1099A000A0806846F8F7F4FC6088401E6080284676
:1099B000F8F718FC002F05DB04484C3050F827005E
:1099C00000F018FCFAF75CFEF8BD000074020024F9
:1099D00070B50025F9F7B8FA1B4CA06B10B18047A1
:1099E00000E0012503F0BCFC0028FAD1174800680C
:1099F00090F8500038B1A08828B1A06A012620B1A3
:109A00000068804704E0002602E00120FBF7B0FB7D
:109A1000FAF736FE00E0012503F088FC0028FAD1B1
:109A2000F9F792FAE069064309D0A06A20B14068CC
:109A300080470020E06002E00020FBF799FBFAF786
:109A40001FFE284670BD000074020024F0000024B0
:109A5000034804490068407C51F82000704700002A
:109A6000F0000024C00200240021022802D2024992
:109A700051F8201008467047C002002410B50400B9
:109A800007D0F9F761FA2046F8F79AFCC469FAF7AB
:109A9000F7FD204610BD10B5040007D0F9F754FAC1
:109AA0002046F8F78DFC8469FAF7EAFD204610BDE0
:109AB00070B505004FF0000408D0F9F745FA2846C4
:109AC000F8F77EFCB0F90040FAF7DAFD204670BDE9
:109AD0002DE9F04F9DB04FF0000BCDF81CB05E4665
:109AE000CDF820B0CDF824B0CDF800B0CDF804B05A
:109AF000CDF808B0F9F712FE00280DD1D54F39681E
:109B000039B1684688470098D34DD44C401C04D0E6
:109B100014E018A8F9F7E0FD72E00198401C0DD19F
:109B200020689DF8081000EB400005EB8000007AEB
:109B3000884203D158461DB0BDE8F08FF9F704FA0A
:109B4000009800280DDB019900290ADBC449B1F90E
:109B500000100844C34900900198B1F9001008446E
:109B60000DE0401C0CD10198401C09D1206800EB8D
:109B7000400055F8201005EB8000009140680190EE
:109B80009DF80900022801D3206800E02060F8F762
:109B900001FE90B312AA06A92068F9F737F904A8C4
:109BA00000F0CCFB06990098401A00901299019899
:109BB000401A0190206800EB4001009855F82120E0
:109BC00082420AD105EB8101019B4A689A4204D185
:109BD000097A9DF8082091427ED09DF809200199CC
:109BE000F8F764FCBA6812B10021684690479E48B5
:109BF000216850F8210028B108E0FFE7FAF740FD9E
:109C0000002098E7DDE9000100F0E5FA0590FA6828
:109C100012B10599684690478F4F2068383707EB97
:109C2000C0014868059A824201D0012200E000226A
:109C30000DF11C09F8B1F2B1486800F0C3FDD0B1D4
:109C4000206807EBC000406800F0B1FD98B19DE8C6
:109C5000070007AB83E807001220CDF844900E9070
:109C6000206807EBC00040680EA900F0F4FF2068F0
:109C700007EBC0004660059800F0A4FD00287DD0E9
:109C80000599206807EBC002516000EB400005EB2E
:109C900080009DF80810007ADFF8BCA188420AF124
:109CA000280A60D00598C8B30598F8F741FB9DF8DD
:109CB00008100A908DF85810216801EB410105EB5E
:109CC0008101097A8DF85910B0F900200099891A9C
:109CD0001491B0F9020000E0B6E00199081A15905D
:109CE0000AA8F8F755FB14A8119011200E902068CF
:109CF0000DF12C0800EB400105EB810191E88C008F
:109D000088E88C009DF808200A729DF8241031B173
:109D10000AEBC0014F68059A4A6001E023E0002782
:109D20000AEBC000D0F8048005980EA900F04CFFA3
:109D300021680AEBC1004368434501D040680590A3
:109D400001EB41000DF12C0805EB800398E80700BA
:109D500083E807003FB1384600F06AF918B121687E
:109D60000AEBC100476020689DF8081000EB40082E
:109D700005EB8802137A0B434CD000E058E04FF417
:109D800010730AEBC0000E9343684FF0010B574667
:109D9000DDF814C09C4515D043689BB109B11196FC
:109DA00008E055F828100791516808918DF8246053
:109DB000CDF8449040680EA900F04DFF206807EBF5
:109DC000C000466020689DF8081000EB400205EBDB
:109DD00082021172059959B39DE80E000DF11C081D
:109DE00088E80E009DF8241021B1059907EBC0000A
:109DF000416008E01D48007808B100F069F920686A
:109E000007EBC00046600598CDF844900EA900F01D
:109E100022FF0DE0059858B1059800F0C8FC38B154
:109E20009DE8070007AB83E8070010200E90EAE7E3
:109E300021689DE81C0001EB410005EB800080E8F3
:109E40001C00684600F038F904A800F05FFEFAF73D
:109E500017FC6FE66C03002464EB062484020024E4
:109E60005401002456010024D0020024E002002402
:109E70002DE9FF5F2D4D6878002855D12C49686188
:109E8000E8630968DFF8ACA004460864A88068802D
:109E90004FF0040902274FF0FF3B43F6FF7805F12E
:109EA0004C062046F8F776FCA0B1CDF800B0CDF80E
:109EB0000C90CDE9017A0021424643460846FFF75F
:109EC0001DFC1A4A46F8240054321B4942F824105B
:109ED00000F07CF8641C022CE3DB184FDFF8608094
:109EE000DFF86090002400BF07EBC40000F026FA02
:109EF00008EBC40000F022FA09EBC40000F01EFADF
:109F0000641C022CF0DB306800F074F9FFF7A8FB4A
:109F100001200649687044310B48086004B00846C7
:109F2000BDE8F05FFBF75EBABDE8FF9F7402002456
:109F3000F0000024A9030190EFCDABFF7CEB0624D9
:109F40008CEB06249CEB062471E6009070B586B07D
:109F50000D46060031D0F8F7F7FF3046F8F7E8F97C
:109F60000090846AA10723D5D0E90010CDE9011043
:109F7000E00302D5304600F08BFB5DB1286803900A
:109F80006868049003A9009800F0E0F903A901A80B
:109F9000FBF7A8F8314601A800F0E0F940B140F61F
:109FA00001000440012C0AD001A9304600F06CFBEE
:109FB0006846F8F7EDF9FAF763FB06B070BD009854
:109FC000026A816901A800F0DDFBF1E70021FFF7DB
:109FD000BDBFFEB515460E4604001CD0F8F7A8F923
:109FE0000246009090F82800800711D5314601A85C
:109FF000FBF795F860B16846F8F7CAF92A4601A957
:10A00000204604F0EDF92046FFF738FD04460CE049
:10A010006846F8F7BDF9FEBD2A4601A92046FFF7BC
:10A02000D8FF2046F8F7CCF9046A002CF4D1FEBD25
:10A0300010B50446F8F788FF204600F011FC0446EE
:10A04000FAF71EFB204610BD70B514460D460646B5
:10A05000F8F77AFF22462946304600F011FCBDE8A9
:10A060007040FAF70DBB1FB5262203910092694696
:10A0700000F0EFF81FBD000070B586B00D46064633
:10A080000024F8F761FF0B490948096850F82100DE
:10A0900048B10E210595009104A9CDE90316694642
:10A0A00000F074FD0124FAF7EBFA06B0204670BD0B
:10A0B000D802002484020024044A01EB410102EB8F
:10A0C00081010DC881E80D0070470000ACEB06244B
:10A0D00010B5F8F739FF00F003FDBDE81040FAF7BE
:10A0E000CFBA70B5154606468AB00C4651EA05004F
:10A0F0006FD0002E6DD0F8F727FF3046F8F718F92B
:10A100000590D0E90012CDE90212CDE906127CB12A
:10A11000816A0A0607D5890505D4BDF81810091B00
:10A12000ADF8181004E0BDF81C102144ADF81C1067
:10A130007DB1816ACA0507D5490505D4BDF81A1055
:10A14000491BADF81A1004E0BDF81E102944ADF803
:10A150001E10806AC00302D5304600F099FA05ABA4
:10A1600093E80700C0E9001290F8280080070AD59C
:10A1700006AA02A908A8F9F774FA0598026A816983
:10A1800008A800F0FFFABDF91E00BDF90E10401A34
:10A190000090BDF91C00BDF90C10431ABDF91A005E
:10A1A000BDF90A10421ABDF91800BDF90810411A8C
:10A1B000059800F06BFD059901F10800FAF792FF90
:10A1C0000521304600F021FD05A8F8F7E1F8FAF77F
:10A1D00057FA0AB070BD70B50C460546F8F7B4FEE4
:10A1E00022462946002004F019FD0446FAF748FAF1
:10A1F000204670BD70B50446F8F7A6FE0C4D2868E1
:10A20000466C0CB90B494C694464204600F0B4FC20
:10A21000FCF776F82046F8F7D3F82968B0F9002063
:10A220008A64B0F90200C864FAF72AFA304670BDB1
:10A23000F00000247402002470B50C460546F8F7BF
:10A2400083FE2146284600F0CDFCBDE87040FAF7B9
:10A2500017BA70B50C0005460DD0F8F775FE284604
:10A26000FFF719FC18B12146A56000F08FFCBDE88E
:10A270007040FAF705BA70BD10B5F7F795FD0249C1
:10A2800000200968086410BDF0000024F8B51646E7
:10A290000C4605001DD0F8F757FE2846F8F748F899
:10A2A0000090B0F90410B0F90020891A641AB0F9CE
:10A2B0000610B0F90200641E081A361A6846761EA7
:10A2C000F8F766F8324621462846FFF70AFFFAF704
:10A2D000D7F9F8BD70B50546F8F736FE04480068B2
:10A2E000046C056400F006F8FAF7CAF9204670BD60
:10A2F000F00000240EB50E48006890F8501009B127
:10A300000C4811E0406CF8F713F80090D0E9001009
:10A31000CDE901106846F8F73BF80748016B11B129
:10A3200001A800F01BF801A804F0C0FC0EBD00005D
:10A33000F00000240CEB06247402002402490A6891
:10A3400002600860704700008C0200240B46B0F9E0
:10A350000220B0F900101846F9F7AFB938B50C462D
:10A3600005462046F7F7E4FF0146009090F82800E4
:10A37000800703D46846F8F70BF812E02846FAF78E
:10A38000B1FE0098806920B104466846F8F700F8ED
:10A39000E7E76846F7F7FCFF204600F06FFF00286C
:10A3A00001DA002038BD012038BDF8B50546F8F7C0
:10A3B000CBFD6846F9F732FC1AE001212046F9F797
:10A3C00014FC009981B178B10846F7F7F9FF4068AD
:10A3D000A84209D169462046009EF9F733FC04469D
:10A3E0003046FFF767FA04E069462046F9F72AFC91
:10A3F0000446002CE1D1FAF743F9F8BD38B504461C
:10A40000F7F796FF0090816941B1026A00F0BAF94E
:10A41000204600F091FB0099002088616846F7F71C
:10A42000B7FF38BD38B50C4600280AD0002C08D03C
:10A43000F7F77EFF2146009000F004F86846F7F732
:10A44000A7FF38BD00224A800A8082880388D21A7A
:10A450008A80C2884088101AC880704710B5FFF7FC
:10A460001AFB002802D0F7F7ABFFC06910BD00004F
:10A470000D4810B5006890F85000002806D00B4C2D
:10A480006069012803DD401E6061002010BD206965
:10A49000401C206103F070F918B1FFF72BFF012079
:10A4A00010BD6069EFE70000F000002404EB062413
:10A4B00070B50546FFF7D2FF08E0AC4201D1002499
:10A4C00006E0F7F77DFF006AA84201D00400F4D14E
:10A4D000204670BD10B50446F7F772FF806900286A
:10A4E000F9D12046BDE8104000F0C8BEF0B53A4EA4
:10A4F000074687B0306890F8501041B1374C616919
:10A50000491C6161012909DD012007B0F0BD90F807
:10A5100051000028F8D1FFF7EDFEF5E7406CF7F7A2
:10A5200007FF2F4D4FF0FF3100902161297821B1B5
:10A5300081680291C068039007E090F828108907AD
:10A540003CD5D0E90010CDE902101FB1394602A870
:10A55000FAF7C8FD3068006C78B300980490306852
:10A56000006C0168059140680690286B30B104A822
:10A57000F7F70EFF286BF7F7DBFE049005A90498A8
:10A58000FFF7E4FE05A902A8FAF7ACFD0DF11000F3
:10A59000F7F7FEFE296B19B102A8FFF7DFFEB0B195
:10A5A0003068416C02A8FFF7D9FE80B1DDE90201F5
:10A5B000C4E90001FFF75CFFA7E706E06069401E01
:10A5C00060616846F7F7E4FE04E06846E0E760692A
:10A5D000401E6061002098E7F000002404EB062490
:10A5E00074020024FEB50D00044647D0F7F7A0FE24
:10A5F00000900021856101622846F7F799FE0099D5
:10A600000290C56991F8281001F008062DB128467E
:10A61000F7F78EFE019036B115E0C4616846F7F792
:10A62000B7FE02A828E090F8280000070BD5009894
:10A6300005620298C4616846F7F7AAFE02A8F7F718
:10A64000A7FE01A818E002A8F7F7A2FE01A8F7F7F5
:10A650009FFE2846F7F7B4FE11E004620BE028469F
:10A66000F7F7AEFE5EB990F82810090707D50198F4
:10A670000462009805626846F7F78AFEFEBD019005
:10A68000056A002DEBD1E8E7202203F0A9BE000007
:10A6900038B5040022D0F7F74BFE009090F8281050
:10A6A000890718D5406A40B10D49496BA14204D0D1
:10A6B000F8F73EFD0099002048622046FFF7DEF9DA
:10A6C000044606E02046FFF7E3FF2046F7F778FE52
:10A6D000046A002CF6D16846F7F75AFE38BD000030
:10A6E0007402002470B5064615460C460846F7F776
:10A6F00067FE806AC00302D54FF4804300E0202348
:10A700002A4621463046BDE87040AFF300802DE96F
:10A71000FF419846164607460D0031D00846F7F728
:10A7200007FE0090846A0246A00726D5394601A894
:10A73000FAF7F5FC08B340F601000440012C07D0FD
:10A74000424601A9284603F04BFE0098C46912E076
:10A7500000984346026A816901A8FFF7D8FFF4E731
:10A76000B4420AD0424601A92046FFF732FC2046F7
:10A77000F7F726FE046A002CF2D16846F7F708FEC8
:10A78000BDE8FF812023FFF7C2BF000070B50C4673
:10A79000002550B14CB100BFF7F712FE8069A0420E
:10A7A00001D1012501E00028F6D1284670BD10B581
:10A7B0000124F7F705FE90F82800C00600D5002414
:10A7C000204610BD70B5040027D015484068002809
:10A7D00007DB144951F820102046FFF7D7FF002867
:10A7E0001AD0124E104D306805EBC000416820466B
:10A7F000FFF7CCFF316805EBC102516829B1002198
:10A800005268A24203D1012202E00121F8E70022AE
:10A810000143114301D0012070BD002070BD000034
:10A820006C030024C00200247CEB06248402002474
:10A8300090F828309B0711D5B0F900308B420DDC21
:10A84000B0F904308B4209DBB0F90210914205DC0B
:10A85000B0F90600904201DB0120704700207047EC
:10A8600010B5044605484069002802D0A04201D135
:10A87000012010BDF7F7A4FDF5E7000074020024E5
:10A88000F0B58BB006004FF0000015460C46049062
:10A890000590069007903ED054EA05003BD0304624
:10A8A000F7F746FD0090D0E90012CDE902122A46E2
:10A8B0002146F8F702FF00982A4621460830F8F7AB
:10A8C000FCFE0098C7696846F7F762FD2A462146F4
:10A8D000384603F039FE3046F7F72AFD009090F82D
:10A8E000281089070AD5816941B1026AFFF7FAFE8B
:10A8F0000098026A816902A8FFF7F4FE6846F7F73C
:10A9000047FD0320049007AA08A882E8310004A9A3
:10A91000304600F03BF90BB0F0BD00002DE9F141ED
:10A9200087B000250798F7F703FD0190D0E90212E0
:10A93000CDE9031207698669846A01A8F7F728FD43
:10A9400044F2200814EA080F30D0DFB103A80799B9
:10A95000FFF704FDB0B10798FFF74CFC60070DD579
:10A9600056B144F30000401C0090002307AA11498F
:10A9700003A8F8F701FC05E00120F5E7079800F0CF
:10A9800063F801250798F7F7D3FC0190816A21EA63
:10A99000080181628A0402D541F00401816201A8A4
:10A9A000F7F7F6FC04498888401E888008B02846DE
:10A9B000BDE8F081F903019074020024F0B589B07C
:10A9C0000546F7F7B5FC0290866A0469D0E90210E3
:10A9D000CDE9001002A8F7F7DBFC002C30D0B0075F
:10A9E0002ED52E212846FFF727FC164C6F462078DF
:10A9F000401C2070F0044FF00F0609D5CDE9046526
:10AA00000797FFF739FC04A9284600F0BFF810E0CB
:10AA10003846FFF76BFD0AE0CDE904650797FFF7BD
:10AA20002BFC04A9284600F0B1F8FFF721FD00280F
:10AA3000F2D120782F21401E20702846FFF7FCFB22
:10AA400009B0F0BD7402002438B50446F7F770FC75
:10AA50000090806A40F601010840012805D0684650
:10AA6000F7F796FC204603F067FE1448C06A0028FA
:10AA700023D0204603F0B8FE2046F7F7A1FC8569F5
:10AA8000046A18E02046F7F79BFC90F82800C043C2
:10AA9000800702D1204603F061FE204603F0A4FEA9
:10AAA0002046F7F78DFC046A002CEBD12846F7F717
:10AAB00087FC8569046A002DF6D138BD7402002434
:10AAC000B0F90010B0F90420914205DCB0F9021091
:10AAD000B0F90600814201DD002070470120704777
:10AAE0007FB5094D074C286854F82000002808D08D
:10AAF00018210091694600F049F82968002044F8BF
:10AB000021007FBDD002002484020024094B196873
:10AB1000002905D00022814206D108680AB11060E0
:10AB200070470028186070470A4609680029F2D16A
:10AB3000704700008C02002470B50646F7F740FC11
:10AB400005468069002809D0F7F73AFC0446C06939
:10AB5000B0420ED1F7F734FC006AE06170BD00BF6F
:10AB6000F7F72EFC0146006AB04202D1286A08625B
:10AB700070BD0028F4D170BD10B5FFF7ABFC002804
:10AB800003DBBDE81040F8F72FBF10BD70B50D4CCA
:10AB900006460D46206814280DDA3046F7F710FCFB
:10ABA00001696E6041B12068401C206028468847DA
:10ABB0002068401E206070BD2846BDE87040FEF74A
:10ABC00055BE00006803002470B50C460546FFF72B
:10ABD000EEFD002805D021462846BDE87040FFF76D
:10ABE000D5BF70BD7FB50546002000900190029052
:10ABF00003900C462846F7F7E3FB0269002A03D0CE
:10AC00006846CDE9004590477FBD1FB5CDE90010EE
:10AC10006946FFF7BBFF1FBD7FB505460E46486876
:10AC2000C9680391CDE901050D202C46009008E08C
:10AC30002046FEF730FF040003D069460396FFF775
:10AC4000C3FF2046FFF7F4F90028F1D1314628462A
:10AC5000FFF7BAFF7FBDF8B5CC680D46064684B154
:10AC6000F7F766FB0090B0F900002168081A206031
:10AC700000996068B1F90210401A60606846F7F701
:10AC800087FB29463046FFF7C7FFF8BD2DE9FF4F88
:10AC900081B09B46C66962E03046F7F749FB014642
:10ACA0000090D1E90004896A254601F42073024628
:10ACB000802B09D0B3F5207F029B134406D063F3A9
:10ACC0000F02029B234405E002EB0B0363F30F0228
:10ACD00004EB0B0301F4A06163F30F04B1F5807F73
:10ACE0000BD0B1F5A06F03994FEA224307D0194466
:10ACF00061F31F422314039906E00E9913141944BB
:10AD000061F31F420E99231419440FFA82FA61F37A
:10AD10001F440FFA80F917144FEA2048AAEB0901E3
:10AD2000A7EB080251EA020002D03046FFF78CF987
:10AD30002AB221B2A2EB0900A1EB0A01091AC7EB62
:10AD40002440C8EB2542821A51EA020002D0304664
:10AD5000FFF7C7F90098066A6846F7F719FB002E57
:10AD60009AD105B0BDE8F08F30B50C4B1A680C2AAB
:10AD700012DA00210A4C002A0ADD114604EB4105D3
:10AD800035F9025C854203DB24F81150491EF5D1E8
:10AD900024F81100521C1A6030BD0000F801002494
:10ADA00064EA06242DE9F041214D0C460646E96887
:10ADB000A86B0844A119401E814206D808460968BC
:10ADC00019B941680E4403F061FEA86BA0420AD293
:10ADD00054F8040C271A386828B9786806443846AD
:10ADE00003F054FE3C46304603F024F910281CD2F0
:10ADF00005EBC0073246002120467B6C04F04EFD77
:10AE000057F8440F083400B14460206000206060AF
:10AE10003C6028683044286095F8291029B9E96811
:10AE2000081AA968814200D2A8603046BDE8F081C6
:10AE3000E8E806242DE9F041054603F08BFA2A489C
:10AE4000046CAC4202D8ED1C25F003048046006877
:10AE50000C34A04202D20020BDE8F08103F036FDA0
:10AE6000071EF9D0204603F0E5F8414630E000BF68
:10AE700001EBC002526C52B3956845B36B68A342B4
:10AE800006D2AA681AB395680DB36B68A342F8D3CB
:10AE9000D8F84000191B0C301E46814200D23446BF
:10AEA000284603F0F3FD0421D8F8340001EBC70174
:10AEB0000023455022463946284604F0EFFCA642BE
:10AEC00003DD2919301BFFF76DFF3846C4E7401C2E
:10AED0001028CDD3204603F021FE0028C2D03846EA
:10AEE00003F014FDB7E70000E8E8062401207047EE
:10AEF0001CB50C46694603F03FF869462046FAF750
:10AF0000F1F81CBDF0B40F4C246814B1A446F0BC99
:10AF100060470D4DDFF834C010C855FA84F6377815
:10AF2000C4F30726C4F307441CF806602C5D521EC8
:10AF300004EB461404EBC7240C801944ECD1F0BC9C
:10AF400070470000A4010024F4CB0190F4CC0190E0
:10AF500010B510C80C601944521EFAD110BD000083
:10AF60002DE9F0478146FAF745FF4FF00008074604
:10AF70006FF07F444546FAF755FF060018D000BF32
:10AF800056F82510494502D12846BDE8F0876D1CCA
:10AF9000BD42F5DB5FF00005484656F82510F7F78F
:10AFA000E7FAA04201D20446A8466D1CBD42F3DB7D
:10AFB0004046EAE77047000010B5084A52FA80F1AF
:10AFC000074BC0F30724C0F307401B5D105C0978F2
:10AFD00000EB431000EBC12010BD0000F4CB01904A
:10AFE000F4CC01902DE9F05F9A46DDE90A8791469D
:10AFF0000C4605468B46164635F8020B41468847F7
:10B00000B84701C4761EF7D15046BAF1200F06D2D8
:10B01000024649465846BDE8F05FF9F7E5BBBDE892
:10B02000F09F2DE9F05F9A46DDE90A8791460C46CC
:10B0300005468B46164615F8010B41468847B8472A
:10B0400001C4761EF7D15046BAF1200F06D202464F
:10B0500049465846BDE8F05FF9F7C6BBBDE8F09F2A
:10B060002DE9F041064640690F463421008801EB86
:10B070008000F7F785F8050041D0F7F759F9044645
:10B0800030688069F7F786FBC0B3C1688A6A082117
:10B090009047032810DB04280DDD082809DD10285F
:10B0A00003DD20200421A06108E010200221A0611E
:10B0B00004E0082000E004200121A0612161706902
:10B0C0000088E06148436061F7F70AF961698142ED
:10B0D00000DD606104F1340000212060C4E9025108
:10B0E00084F83070012F05D0E1696FF0030202EBA4
:10B0F0008101084460602046BDE8F081FFE7002040
:10B10000FAE700002DE9F04786B08246F7F710F91C
:10B110000390D0E90075D0F8249003A8F7F738F928
:10B1200029B20FFA87F83E14A1EB0804C6EB2545B7
:10B13000641C6D1C002C01DD002D03DC002006B01A
:10B14000BDE8F087B9F1000014D0F7F7F1F80490EA
:10B15000B0F90440B0F9065004A8F7F719F938B26D
:10B16000A04201D1AE425BD0324641464846F8F794
:10B170004BF955E0FEF76CFC824513D1FAF786FED9
:10B180000746FAF797FEBC4201DC85420ADDBC4265
:10B1900000DD3C46854200DD05462A4621465046F4
:10B1A000FFF774F8254A264901208DE8070031464B
:10B1B00040462B462246F8F793F906465046F7F7E5
:10B1C000B7F80390466286B3816A41F480318162A8
:10B1D00003A8F7F7DDF83046F8F7EEF80746012048
:10B1E000F9F7F0FA3046F8F78CF8174B15496C432D
:10B1F0001B68A20009789847144E154C5046C6F8B3
:10B2000000A02568FEF754FC20605046FFF7D6FBEF
:10B21000002025603060F9F7D5FA3846F8F7CCF809
:10B220005046F7F7CDF8406A89E7FFE703A8F7F73C
:10B23000AFF85046FFF7C2FB80E70000E8CF01906F
:10B2400040D0019064030024CC010024A802002413
:10B25000480100240349884202D101F13C007047B3
:10B260000C3870471CEB062410B50446E069FEF765
:10B2700037FBE0690028F9D110BD00000146064AFD
:10B28000002000BF52F820308B4204D0401C02281E
:10B29000F8DB4FF0FF307047C002002437B51F4B7A
:10B2A000154601221B6801A9009898471C4C009084
:10B2B0002068406920B12946F8F7A2FA00282BD06F
:10B2C0000120F9F755FF2068C269516989B1154D10
:10B2D0002A684AB1B0F922408A68DDE90001904746
:10B2E00029682046884714E08A68DDE90001904714
:10B2F0000FE00D4C106860B10C4D0198401E01909C
:10B3000007D42A686946904721680029F5D0884704
:10B31000F3E70020F9F72CFF3EBD0000F401002404
:10B32000F0000024400100243C01002430010024EE
:10B330002DE9FC470F468246F6F7FAFF0090C468F5
:10B340000068D0F818806846F7F722F814B1204654
:10B35000F6F748FFF86800688000F6F721FF06005E
:10B3600007D0F6F7E5FF04460025DFF8449001908A
:10B370000CE00120BDE8FC8759F8281080680969B5
:10B3800050F825000968884701C46D1CF8680168F9
:10B39000A942F1DC01A8F6F7FBFF5046F6F7C8FF1B
:10B3A0000090C6606846F6F7F3FF0020E2E7000071
:10B3B000280100242DE9F04781460C4617461D461A
:10B3C000DDF82080B9B2A0B209F098FA08480089E7
:10B3D0000849088007E02E880648801C0680A8F1EE
:10B3E0000108641CAD1CB8F1000FF4DCBDE8F08767
:10B3F00034220024FEFF0F602DE9FF4F83B0814609
:10B400000E461C46DDE9117A109DDAF80000029024
:10B41000DAF8040001902E4432480068007C00F005
:10B42000030030B1012836D002281CD0032855D1A2
:10B4300030E000BF207880222A41104008B10198F6
:10B4400000E0029803463146761C4846059A03F010
:10B45000E6FC681C0546082801D10025641C781EFE
:10B46000071EE7D13AE000BF20788021294108403B
:10B4700028B131464846019B059A03F0D0FC761C62
:10B48000681C0546082801D10025641C781E071E8B
:10B49000EAD123E000BFD9F81010886880478046C1
:10B4A00000BF207880212941084060B131464846DC
:10B4B000059A02F0D7FD83468BEA080331464846D9
:10B4C000059A03F0ACFC761C681C0546082801D1DF
:10B4D0000025641C781E071EE3D100BF00BF07B023
:10B4E000BDE8F08FF00000242DE9FF5F9046DDE914
:10B4F0000E924D4B99F80050C2F108048A465D5DEA
:10B50000DDE91071D540494A139E1268127C12F091
:10B51000030226D0012A03D0022A37D0032A72D18F
:10B520000069806880471FFA80FBBC4200D93C4616
:10B530003F1BBAF1000F68D0E8070AD0DAF808001C
:10B540004146039A036850469847318881EA0B01C7
:10B5500031806D0808F10108641E06F10206EBD186
:10B560005EE0314ABC4200D93C463F1B05F0010079
:10B570006D0831F8200026F8020B641EF6D1002F6A
:10B5800050D019F8010F0824155CEBE788881FFAE2
:10B5900080FBBC4200D93C463F1BBAF1000F17D0DC
:10B5A00095B1E80708D0DAF808004146039A036825
:10B5B00050469847A6F800B008F10108641E06F14D
:10B5C000020612D06D08EBE706EB4406A0440CE03F
:10B5D0004DB1E80701D0A6F800B0641E06F10206DE
:10B5E00003D06D08F4E706EB4406002F1AD019F8D3
:10B5F000011F0D480824455CCBE719F8011F0A48D4
:10B600000824455C91E70DE0FFE7E80703D03088A8
:10B6100080EA0B0030806D08641E06F10206F4D14A
:10B62000002FEAD1BDE8FF9FC8CE0190F0000024B2
:10B630002DE9FF4F81B09146DDE90E82DFF800B1C0
:10B6400098F80050C2F108048A461BF80550DDE95D
:10B650001071D5403B4A139E5B461268127C12F073
:10B66000030220D0012A03D0022A30D0032A64D159
:10B6700000698068804720F07F405946BC4200D96D
:10B680003C463F1BEA0702D03268424032606D08F8
:10B69000641E06F10406F5D1002F4ED018F8012FD4
:10B6A00008248D5CEAE71846BC4200D93C463F1BA3
:10B6B00005F001026D0851F82220641E04C6F7D17E
:10B6C000002F3AD018F8012F0824855CECE7486871
:10B6D0000090BC4200D93C463F1BBAF1000F17D086
:10B6E00095B1E80708D0DAF808004946049A0368DB
:10B6F000504698470098306009F10109641E06F130
:10B70000040612D06D08EBE706EB8406A1440CE0BA
:10B710004DB1E80701D000983060641E06F10406C0
:10B7200003D06D08F4E706EB8406002F05D018F867
:10B73000011F08241BF80150CBE705B0BDE8F08FCE
:10B74000C8CE0190F00000242DE9FF4F81B00F46D4
:10B750009846DDE90F9A98F800B00E9D0E9D2F4493
:10B7600053480068007C00F0030010B102284BD160
:10B770004BE0BAF1000F25D000BFC5F10300440033
:10B78000C4F10601C020084100EA0B0020FA04F6CB
:10B790005AF82600009039467F1CDDE90030039AF4
:10B7A00003F03DFB681C0546042805D1002508F17F
:10B7B0000100804690F800B0A9F10100B0F1000945
:10B7C000DBD121E000BFC5F103004400C4F1060154
:10B7D000C020084100EA0B0020FA04F639467F1C1D
:10B7E0003346039A019803F01AFB681C05460428A7
:10B7F00005D1002508F10100804690F800B0A9F1BC
:10B800000100B0F10009DED14DE0BAF1000F26D001
:10B8100000BFC5F103004400C4F10601C020084187
:10B8200000EA0B0020FA04F646B15AF82600009010
:10B830003946DDE90030039A03F0F1FA7F1C681CF9
:10B840000546042805D1002508F10100804690F83E
:10B8500000B0A9F10100B0F10009DAD122E000BF87
:10B86000C5F103004400C4F10601C020084100EA0C
:10B870000B0020FA04F62EB133463946039A01989C
:10B8800003F0CDFA7F1C681C0546042805D100256D
:10B8900008F10100804690F800B0A9F10100B0F174
:10B8A0000009DDD100BF00BF05B0BDE8F08F00008A
:10B8B000F00000242DE9FF5F8B460FA9DDF83880EA
:10B8C00091E82104C0F10401CCB298F800104000C6
:10B8D00081402F48129F91460068CEB2007C10F044
:10B8E000030004D001283AD002284FD114E0AC4222
:10B8F00000DDECB22D1BB1093AF8210027F8020B4C
:10B90000B006060E641E14F0FF04F4D1002D3DD0E5
:10B91000042418F8016FEAE7AC4200DDECB22D1BFD
:10B92000B0090DD0B109BBF1000F3AF82100388001
:10B9300006D0DBF808004946039A03685846984742
:10B94000B006060E641EBF1C09F1010914F0FF04C5
:10B95000E6D1002D1AD0042418F8016FDCE7AC42C0
:10B9600000DDECB22D1BB00903D0388880F0FF0059
:10B970003880B006060E641EBF1C14F0FF04F2D11E
:10B98000002D03D0042418F8016FE8E7BDE8FF9FFD
:10B99000F00000242DE9FF5F8B460FA9DDF8388009
:10B9A00091E82104C0F10401CCB298F800104000E5
:10B9B00081402F48129F91460068CEB2007C10F063
:10B9C000030004D0012839D002284ED113E0AC4244
:10B9D00000DDECB22D1BB1095AF8210001C7B006F9
:10B9E000060E641E14F0FF04F5D1002D3DD0042492
:10B9F00018F8016FEBE7AC4200DDECB22D1BB0098B
:10BA00000DD0B109BBF1000F5AF82100386006D003
:10BA1000DBF808004946039A036858469847B00681
:10BA2000060E641E3F1D09F1010914F0FF04E6D162
:10BA3000002D1AD0042418F8016FDCE7AC4200DDB9
:10BA4000ECB22D1BB00903D0386880F0FF003860DD
:10BA5000B006060E641E3F1D14F0FF04F2D1002D47
:10BA600003D0042418F8016FE8E7BDE8FF9F000049
:10BA7000F00000242DE9F04107460D4690461C4693
:10BA8000069E08E0424629463846236803F0C7F977
:10BA9000761E6D1C241D002EF4DCBDE8F081000034
:10BAA0002DE9F0479946DDE908540A9F92465FEA7E
:10BAB0000108064608D0D8F8080023464A46D0F8C0
:10BAC00004C051464046E0473069DFF88090C168C5
:10BAD00039B1A20029463846D9F80030BDE8F04710
:10BAE00018474168002088474FEA106828462146D9
:10BAF0004246002608C81B0E934201D106F10106FA
:10BB0000A1F1010101D10029F4D166B1D9F80030C9
:10BB10004FEA860229463846984707EB860705EB29
:10BB20008605A41B0DE02868010EFF2906D2084BEC
:10BB3000C1F1FF0239681B6898473860641E2D1DEB
:10BB40003F1D002CD2D1BDE8F0870000D0010024B9
:10BB5000E40200242DE9FF4F81B00F469846DDE94D
:10BB60000F9A98F800B00E9D0E9D2F445348006820
:10BB7000007C00F0030010B102284BD14BE0BAF179
:10BB8000000F25D000BFC5F101008400C4F10401FD
:10BB9000F020084100EA0B0020FA04F65AF82600CB
:10BBA000009039467F1CDDE90030039A03F037F935
:10BBB000681C0546022805D1002508F101008046D1
:10BBC00090F800B0A9F10100B0F10009DBD121E04B
:10BBD00000BFC5F101008400C4F10401F020084158
:10BBE00000EA0B0020FA04F639467F1C3346039A1C
:10BBF000019803F014F9681C0546022805D10025B8
:10BC000008F10100804690F800B0A9F10100B0F100
:10BC10000009DED14DE0BAF1000F26D000BFC5F11A
:10BC200001008400C4F10401F020084100EA0B0087
:10BC300020FA04F646B15AF8260000903946DDE9AC
:10BC40000030039A03F0EBF87F1C681C05460228BD
:10BC500005D1002508F10100804690F800B0A9F157
:10BC60000100B0F10009DAD122E000BFC5F1010006
:10BC70008400C4F10401F020084100EA0B0020FA1E
:10BC800004F62EB133463946039A019803F0C7F8FB
:10BC90007F1C681C0546022805D1002508F101001B
:10BCA000804690F800B0A9F10100B0F10009DDD1A3
:10BCB00000BF00BF05B0BDE8F08F0000F000002419
:10BCC0002DE9F05F92460BAA894692E842010A9F4D
:10BCD0009B468B003A78C1F102009A40D5B24F4A98
:10BCE0000E9CC0B21268127C12F003021BD0012A13
:10BCF0007CD0022A3AD1D9B328090DD02909B9F14B
:10BD0000000F38F82100208006D0D9F808005A46E4
:10BD10005146036848469847A41C0AF1010A17F8DF
:10BD2000015F761E4CE039B12909761E38F82100F2
:10BD300024F8020B17F8015F022E11DB701006F0D9
:10BD400001062A09401E38F8221005F00F0224F8D7
:10BD5000021B38F8221024F8021B17F8015FF0D1FB
:10BD6000002E03D0290938F821002080BDE8F09F7B
:10BD700026E028090DD02909B9F1000F38F8210073
:10BD8000208006D0D9F808005A4651460368484634
:10BD9000984715F00F000DD038F820006080B9F1F9
:10BDA000000F07D0D9F808005A460AF101010368CC
:10BDB0004846984717F8015F241D0AF1020AB61E8B
:10BDC000022ED6DA002ED1D02809CFD038F82000A4
:10BDD0002080B9F1000FC9D0D9F808005A46514661
:10BDE00003684846BDE8F05F1847FFE7B04200DD52
:10BDF000F0B2361AA90903D0218881F0FF01218011
:10BE000029070D0E401EA41C10F0FF00F2D1002ED9
:10BE1000ACD0022017F8015FE8E70000F000002432
:10BE20002DE9F05F92460BAA894692E842010A9FEB
:10BE30009B468B003A78C1F102009A40D5B24D4A38
:10BE40000E9CC0B21268127C12F003021BD0012AB1
:10BE500079D0022A37D1C1B328090DD02909B9F107
:10BE6000000F58F82100206006D0D9F808005A4683
:10BE70005146036848469847241D0AF1010A17F8FD
:10BE8000015F761E49E031B12909761E58F821007C
:10BE900001C417F8015F022E0FDB701006F00106D7
:10BEA0002A09401E58F8221005F00F0202C458F863
:10BEB000221002C417F8015FF2D1002E03D0290925
:10BEC00058F821002060BDE8F09F26E028090DD039
:10BED0002909B9F1000F58F82100206006D0D9F8DF
:10BEE00008005A46514603684846984715F00F0027
:10BEF0000DD058F820006060B9F1000F07D0D9F8D4
:10BF000008005A460AF1010103684846984717F8A5
:10BF1000015F08340AF1020AB61E022ED6DA002E9C
:10BF2000D1D02809CFD058F820002060B9F1000FF7
:10BF3000C9D0D9F808005A46514603684846BDE8BA
:10BF4000F05F1847FFE7B04200DDF0B2361AA909EA
:10BF500003D0216881F0FF01216029070D0E401EEA
:10BF6000241D10F0FF00F2D1002EACD0022017F8F3
:10BF7000015FE8E7F00000242DE9F04781460F4615
:10BF800092461C46DDE9085826480068007C00F00F
:10BF9000030010B1022841D11EE0B8F1000F0ED00D
:10BFA0000AE0267858F8263052463946484602F0CC
:10BFB00036FF6D1E7F1C641C002DF2DC0BE008E0D8
:10BFC000237852463946484602F029FF6D1E7F1CF1
:10BFD000641C002DF4DC21E0B8F1000F0FD00BE061
:10BFE000267836B158F8263052463946484602F08F
:10BFF00016FF6D1E7F1C641C002DF1DC0DE00AE0B5
:10C0000026782EB1334652463946484602F007FF9D
:10C010006D1E7F1C641C002DF2DC00BF00BFBDE85C
:10C02000F0870000F00000242DE9FF4F83B0154693
:10C030001E46DDE914BADDE91297DDF8408011985B
:10C0400008283FD006DC012809D0022818D004288F
:10C0500063D126E0102844D020285ED14FE0002490
:10C060000BE062193B46CDE900B6CDF808A0DDE94A
:10C070000301FFF7C1F94F44641C4445F1DB4CE078
:10C0800000240BE062193B46CDE900B6CDF808A0CC
:10C09000DDE90301FFF758FB4F44641C4445F1DB25
:10C0A0003BE000240BE062193B46CDE900B6CDF839
:10C0B00008A0DDE90301FFF74DFD4F44641C444532
:10C0C000F1DB2AE0002409E062193B46CDE9006A71
:10C0D000DDE90301FFF750FF4F44641C4445F3DBE7
:10C0E0001BE0002408E062193B460096DDE90301ED
:10C0F000FFF760F94F44641C4445F4DB0DE0002475
:10C1000008E062193B460096DDE90301FFF7B2FC47
:10C110004F44641C4445F4DB00BF00BF07B0BDE8DA
:10C12000F08F00002DE9FF4F8FB0A948DDE91F8691
:10C130000068DDE91C970C46C06DF6F7F9F807902A
:10C14000406908B1F6F7F4F80A900798C0680C90B7
:10C1500007A8F6F71DF9A01910900A9858B19C4944
:10C160000968097C890706D110ACCDF8009094E8E5
:10C170000E00F8F787F9DDE9100103F0A3FF04468C
:10C18000102F03D0182F5EDB002058E000251FE0A1
:10C19000DDE910B02844DDF828A00190129E5FEA86
:10C1A000080120460FD070B18A4B72001B68984777
:10C1B000BAF1000F07D0DAF808003346594647684D
:10C1C0005046019AB8471E990C98884404446D1C47
:10C1D0004D45DDDBF2E00A980390DDE910B00699E9
:10C1E000DDF848A0084401905FEA0805264620D003
:10C1F000FEB1039830B18068534659464768019AAA
:10C200000398B8470F9928680969096888473080FA
:10C21000039828B180685946019A036803989847A3
:10C220002D1DAAF10100B61C0BF1010B5FEA000AFB
:10C23000E8D10C981E99044406988844401C069046
:10C240004845C8DBBAE0082F02D02198C8B36DE09A
:10C25000002065E02198DDF840A000280A980290AF
:10C2600030D01198129F584400902198049058485B
:10C27000454626460068007C10F0030002D00228E4
:10C2800048D109E015F8011B04987F1E30F8210001
:10C2900026F8020BF6D13DE0287858B1049931F820
:10C2A00020003080029828B180685146009A0368C7
:10C2B000029898476D1CB61C0AF1010A7F1EEBD14B
:10C2C00028E031E01199129F0BEB010000904048EB
:10C2D000464625460068007C10F0030002D0022884
:10C2E00018D106E03B4B3A4641461B68204698472A
:10C2F00010E0307840B12880029828B1806851461B
:10C30000009A036802989847AD1C761C0AF1010A4E
:10C310007F1EEED10C981E99044488440BF1010055
:10C320008346484596DB49E02B482190002543E0B1
:10C330003846012F04D002281CD0042F37D128E022
:10C3400023480068C06DF5F7F3FFCDF80080079033
:10C35000129A21990594CDE90310CDE90162119853
:10C360000A992B18DDE90F02FFF7BEF807A8F6F7C8
:10C370000FF81CE021981299CDE90210CDE9008652
:10C38000119804942B18DDE90F020A99FFF792FA2D
:10C390000DE021981299CDE90210CDE9008611989F
:10C3A00004942B18DDE90F020A99FFF789FC1E9906
:10C3B0000C98884404446D1C4D45B9DB0A9800284C
:10C3C00002D00AA8F5F7E4FF13B0BDE8F08F000033
:10C3D000F0000024D001002420CB01902DE9FF4F74
:10C3E0009DB00546DDE92E64DDE92C9793461821C2
:10C3F00011A8DDF8ACA0F4F783F8A868F5F798FF6A
:10C400000990B0F9081030F9042F891A491C1A91C3
:10C410000169119008911E98D5F800803044ADF85C
:10C4200050002099ADF852B00844401E2A99ADF84A
:10C4300054000BEB0100401EADF8560000200A909E
:10C4400014A811991B90F7F7DBF908BBA0E10BA921
:10C4500012A8CDE90401CDE90276CDE900A959463B
:10C460002A9B209A1E9801F0B5FB88B9109803AA60
:10C470000B99CDF8089082E813000F99CDE9001AC6
:10C480000CA890E80E00D8F80C0045684046A84774
:10C4900011A801F03FFC0028D9D11198016817912B
:10C4A0004068189017A81B99F7F7AAF9002869D0D7
:10C4B00017A81B99F8F716FE17AD0BA8CDE9045085
:10C4C000CDE90276CDE900A959462A9B209A1E980B
:10C4D00001F080FB002855D1D8F810008068804713
:10C4E00002900998BDF95E70C068002874D145E1DA
:10C4F000B5F9006086E00D984946381A00900C980E
:10C50000109A331A5046F6F7DCFB83460998B0F9C7
:10C510000610B0F904007A1A311A0898F6F7C6FB2B
:10C5200078B3099800F12001B0F90420B0F90600B1
:10C53000B21A3B1A1A9800FB032001EB80009F49B6
:10C540000968097C01F003019CB131B101290BD0CC
:10C55000022905D0032954D106E054F82B101CE021
:10C56000BBF1000FF9D14CE054F82B10029A514066
:10C5700013E041B101290DD0022907D0032940D190
:10C5800008E00CE013E1C0F800B03AE0BBF1000FA6
:10C59000F9D136E0029A8BEA0201016031E0874866
:10C5A0000068007C00F00300BCB148B101280AD04B
:10C5B000022802D0032824D105E0BBF1000F20D0CF
:10C5C00054F82B3003E054F82B3002984340D8F84D
:10C5D0000C00D0F818C010E01AE048B101281DD0B6
:10C5E000022802D003280CD118E0BBF1000F08D0BC
:10C5F000D8F80C005B46D0F818C03A4631464046A1
:10C60000E047761CB5F90400B042BFF674AF7F1C5A
:10C61000B5F90600B842BFF66BAFC8E002988BEAE6
:10C620000003D4E7B5F90060A2E00D984946381A36
:10C6300000900C98109A331A5046F6F742FB00907F
:10C640000998B0F90610B0F904007A1A311A08985E
:10C65000F6F72CFB010E8346FF2956D2099800F10C
:10C660002002B0F90430B0F90600F31AA7EB000C71
:10C670001A9800FB0C3002EB8000504A1268127CC2
:10C6800002F0030294B132B1012A0BD0022A04D085
:10C69000032A1DD106E0009A01E0009AC2B154F8C5
:10C6A000222013E0009A54F822200DE032B1012A32
:10C6B00009D0022A04D0032A0AD104E0009A05E036
:10C6C000009A1AB904E0009A029B5A4002600A924A
:10C6D00081B3099800688169394850F821000069E0
:10C6E00001680A988847374B20F07F41FF221B687A
:10C6F00058469847099909688A69314951F82210C2
:10C70000096909688847034619E02C480068007CDD
:10C7100000F00300C4B130B101280CD0022804D0CD
:10C72000032824D107E0009801E0009810B154F8E4
:10C73000203004E01BE0009854F8203025E0D8F8C1
:10C740000C00D0F818C00EE040B101281CD002281F
:10C7500002D003280BD117E0009840B1D8F80C00A4
:10C76000009BD0F818C03A4631464046E047761C58
:10C77000B5F90400B042BFF658AF7F1CB5F906000A
:10C78000B842BFF64FAF12E0009B02984340D6E795
:10C79000CDE90297CDE904642A99CDE9001AD8F8C9
:10C7A0000C005A46209B446840461E99A04709A8A1
:10C7B000F5F7EEFD21B0BDE8F08F0000F000002499
:10C7C00028010024E40200242DE9FF4F0C46A5496E
:10C7D0008DB00868DDE91A96DDE91D87C06D002877
:10C7E0007ED0F5F7A5FD0690406908B1F5F7A0FDEC
:10C7F0000A900698C068089006A8F5F7C9FDE019E8
:10C800000E900A9858B197490968097C890706D49F
:10C810000EACCDF8009094E80E00F7F733FEDDE99A
:10C820000E0103F06DFC0446182E15DB002510E008
:10C830001098CDF80080CDE901040F980A992B18C3
:10C84000DDE90D02FFF72CF91C986D1C8044089857
:10C8500004444D45ECDBFBE0102E05D0082E42D001
:10C860001F98002877D0ACE0002036E00E980290A8
:10C8700009990F98DDF828A008440190DDF840B030
:10C88000464625465FEA0A0007D0DAF80800DDE9E7
:10C89000012147685B465046B8470D9930880969C1
:10C8A000496888472860BAF1000F06D0DAF8080016
:10C8B000DDE9012103685046984702982D1D401C70
:10C8C0000290ABF10100B61C5FEA000BE5D10898BD
:10C8D0001C99044409988844401C0990484500E08C
:10C8E000BCE0C3DBB4E0002065E01F9800280A9894
:10C8F00032D00090DDE90EA10BEB010001901F98F2
:10C9000003905848109F454600682646007C10F06A
:10C91000030002D0022848D108E015F8011B039853
:10C920007F1E50F8210001C6F7D13EE0287858B1AB
:10C93000039951F820003060009828B18068514672
:10C940000368DDE9000298476D1C361D0AF1010AF3
:10C950007F1EEBD129E032E00490DDE90EA05844BF
:10C960000B904048109F454600682646007C10F01A
:10C97000030002D0022818D106E03B4B3A4641465C
:10C980001B682046984710E0287840B13060049832
:10C9900028B1806851460B9A0368049898476D1C2B
:10C9A000361D0AF1010A7F1EEED108981C99044435
:10C9B00088440BF101008346484596DB48E02B484C
:10C9C0001F90002542E0012E04D0022E1CD0042E20
:10C9D00037D128E023480068C06DF5F7A9FC069020
:10C9E000CDF800801F9A10990594CDE90320CDE978
:10C9F00001710F980A992B18DDE90D02FEF718FE58
:10CA000006A8F5F7C5FC1CE010991F98CDE9008732
:10CA1000CDE902100F9804942B18DDE90D020A9954
:10CA2000FEF7B8FF0DE010991F98CDE90087CDE91A
:10CA300002100F9804942B18DDE90D020A99FFF7F4
:10CA4000EFF91C990898884404446D1C4D45BADBE5
:10CA50000A98002802D00AA8F5F79AFC11B0BDE8A0
:10CA6000F08F0000F0000024D001002400D00190DD
:10CA7000F8B505460E4614461F463B46224631464B
:10CA80002846009400F0A8FCF8BD08B5009200F01C
:10CA9000D1FC08BD2DE9F04F93B0884606461D46EF
:10CAA0001446182105A8F3F72BFDB068F5F740FCF4
:10CAB0000390B0F9081030F9042FD0F810B00590A9
:10CAC0008F1A36680146ADF82080ADF8245008A8CA
:10CAD000ADF82240ADF8264081467F1CF6F790FE67
:10CAE00050B9A8E0F068BDF91C30BDF91A2085687E
:10CAF000BDF918103046A84705A801F00BF9002829
:10CB0000F0D1059801680091406801904946684657
:10CB1000F6F776FE002840D049466846F8F7E2FA74
:10CB2000DFF82C81D8F80000C06BD0F80090039893
:10CB3000C16899B3BDF900502BE00398B0F9061015
:10CB4000B0F90400621A291A5846F6F7AFF8A0B1F6
:10CB50000398BDF9022000F12001B0F90630B0F9C8
:10CB60000400D21A281A07FB020001EB8000D8F853
:10CB70000010C96B096801600AE0D8F8000022467D
:10CB80002946C06B0368F068D0F818C03046E0470B
:10CB90006D1CBDF90400A842CFDA53E0FFE700683E
:10CBA000DFF8B080816958F8210000694168484683
:10CBB00088478246BDF9005033E00398B0F906106B
:10CBC000B0F90400621A291A5846F6F76FF8010EF8
:10CBD0000346FF292AD2039800F12002B0F904C0CD
:10CBE000B0F90600A5EB0C0C201A07FB00C042F8B8
:10CBF0002090A9B11846184BFF2251461B68984750
:10CC000003990968896958F82110096909688847F2
:10CC10000346F068D0F818C0224629463046E0475F
:10CC20006D1CBDF90400A842C7DA0BE0F0684B4662
:10CC3000D0F818C0F0E7F0682B46224687684146D6
:10CC40003046B84703A8F5F7A3FB13B0BDE8F08F53
:10CC5000F000002428010024E402002408B500921A
:10CC600000F036FD08BD00002DE9FF4F83B081467E
:10CC700006988A46A0EB0A08109E00200090A2EBBE
:10CC800009043568934654EA080018D02046F4F7A2
:10CC9000A0FD07464046F4F79CFD87420BDA20468C
:10CCA000444680464846D14682465846DDF818B08C
:10CCB000069001200090002C07DD204606E007B01A
:10CCC0004846BDE8F04FF4F713BF6042A0420AD0D7
:10CCD0004846D9466442C8F1000883464FF0FF3702
:10CCE000DDF818A000E001275148B8F1000F11D07D
:10CCF00004EBD4714FEA610B01DACBF1000B4C4825
:10CD00000068807E88B3002F02DA306820443060EB
:10CD100000257BE000990029016821D0897E11B1AE
:10CD20000027804615E007B05A4649465046BDE800
:10CD3000F04FF8F7F5BF28466D1C02F013F838B92C
:10CD4000D8F8000009EB0701006E42685046904792
:10CD50007F1CA742EFDD6D1E356007B0BDE8F08F88
:10CD60008A7E1AB10027804617E019E0086E5A46FD
:10CD70005146036807B04846BDE8F04F18472846BB
:10CD80006D1C01F0EFFF38B9D8F8001009EB07006F
:10CD9000096E4A68514690477F1CA742EFDDDAE7EB
:10CDA00000250FE008FB05B090FBF4F101EB0A0051
:10CDB000009951B11E4A09EB05011268126E5268C2
:10CDC00090476D1CA542EDDDC7E7194909EB050346
:10CDD0000968096E4A6801461846F1E708FB05B084
:10CDE00090FBF4F101EB0A000190306838443060A8
:10CDF00001F0B8FF48B9009890B10D4809EB050162
:10CE00000068006E4268019890476D1CA542E5DD00
:10CE10003068002F01DA20443060C01B30609CE78E
:10CE2000034909EB05000968096E4A680199EBE7B7
:10CE3000F0000024034A1268527E002A01D1F4F760
:10CE400057BE7047F00000242DE9F041134E9CB00E
:10CE50000125F46B04B974696846F6F7AFFD104814
:10CE60000068D0E90C875CB12046FDF757FD00B1A2
:10CE70006D1E2046F5F7A4FA44690CB1002DF3D1DC
:10CE80004046F463F6F7D7FD3846F6F7C9FD684625
:10CE9000F6F7D2FC1CB0BDE8F0810000740200245B
:10CEA000F00000247CB50646F8F7FCF8284D04464F
:10CEB000621E2B68B3F92200ADF80000B3F924100C
:10CEC000024412B2ADF80210ADF80420DB691B7EFB
:10CED0000B445B1EADF80630F8F7C2FEBDF9042026
:10CEE000BDF90610BDF90000F8F7BAFEBDF906203D
:10CEF000BDF90210BDF90000491C521EF8F710FFE1
:10CF0000BDF90620BDF90210BDF90400491C521EEE
:10CF1000F8F706FF022E16D069464FF0FF3208469A
:10CF2000F5F758FA0420F9F711FA0646BDF906306C
:10CF3000BDF90420BDF90210BDF90000F8F71AFF91
:10CF40003046F9F703FA2868418C214441847CBDBE
:10CF5000F00000247047F8B506460C4617461D46FB
:10CF600023463A4621463046009500F035FAF8BD92
:10CF70002DE9FC47DFF8AC8081461E46D8F800005A
:10CF800015468A46C06DF5F7D3F90190406908B19E
:10CF9000F5F7CEF900902946504603F093F8044681
:10CFA0000198C768D8F80000017CC90715D0D9F8E6
:10CFB00010008068804787B2009820B181682A46B7
:10CFC0000B685146984720886D1C78402080019856
:10CFD000B542C0680444EFDD19E0C06B01680098F9
:10CFE00070B11FFA81F800982A4681680B68514693
:10CFF0009847A4F800806D1C3C44B542F3DD06E080
:10D00000701B89B2401C21803C44401EFBD101A80A
:10D01000F5F7BEF90098002802D06846F5F7B8F990
:10D02000BDE8FC87F00000242DE9F04F93B00C46DA
:10D0300006461D461746182109A8F3F761FAB0689D
:10D04000F5F776F90290B0F9081030F9042F891A33
:10D0500001F1010901690691099036680146ADF8B0
:10D060003040ADF834400CA8ADF83270ADF8365011
:10D070008046F6F7C5FB58B99CE000BFF068BDF9E3
:10D080002E30BDF92A20C568BDF928103046A847C2
:10D0900009A800F03FFE0028F0D10998016804912A
:10D0A00040680590414604A8F6F7AAFB002833D053
:10D0B000414604A8F8F716F845480068C06B0768B1
:10D0C0000298C16849B3BDF9125021E00298B0F945
:10D0D0000610B0F904006A1A211A0698F5F7E6FD61
:10D0E00068B1029800F12001B0F90420B0F90600FF
:10D0F000A21A2B1A09FB032041F8207007E0F06800
:10D100003B462A46D0F818C021463046E0476D1C01
:10D11000BDF91600A842D9DA54E00068DFF8B4A0DF
:10D1200081695AF82100006941683846884783467A
:10D13000BDF9125034E00298B0F90610B0F90400BD
:10D140006A1A211A0698F5F7B1FD010E0346FF2968
:10D150002BD2029800F12002B0F904C0B0F9060009
:10D16000A4EB0C0CA5EB000809FB08C042F82070EA
:10D17000A9B11846184BFF2259461B6898470299D7
:10D1800009688A695AF822100969096888470346BC
:10D19000F068D0F818C02A4621463046E0476D1C9A
:10D1A000BDF91600A842C6DA0CE0F0683B46D0F89C
:10D1B00018C0F0E7F0682B463A46D0F80CC021467C
:10D1C0003046E04702A8F5F7E3F813B0BDE8F08F6A
:10D1D000F000002428010024E40200242DE9FC478B
:10D1E000284F1E46154638688946C06DF5F7A0F8E9
:10D1F0000190406908B1F5F79BF800902946484630
:10D2000002F07EFF396804460198CA6B097CD0F8A9
:10D210000C801768C90716D00068006980688047CD
:10D2200020F07F47009820B181682A460B68494664
:10D23000984720686D1C784020600198B542C0680E
:10D240000444EFDD13E0009858B100982A46816845
:10D250000B684946984727606D1C4444B542F4DD8D
:10D2600005E0701B401C27604444401EFBD101A810
:10D27000F5F78EF80098002802D06846F5F788F890
:10D28000BDE8FC87F0000024017001207047000019
:10D290002DE9F047234C0427E06AE0B1206907EB51
:10D2A000D0014518E800FDF7C5FD060038D0616BD8
:10D2B00007EBC600B9460F5820691B4BC200083760
:10D2C0001B683846D4F82C8098476763E6624A4664
:10D2D000691E20690EE01348C030D0E90110083003
:10D2E000B1FBF0F5AD1CDDE7666B431C02EBC0073C
:10D2F000401CF3518842F7D3636B09EBC000002157
:10D300001950206960626168281A084425616060CC
:10D31000B8F1000001D0F4F765FF0020BDE8F08708
:10D320000120FBE7E8E80624D00100240A4810B5F4
:10D33000006890F8500068B1084CA08850B1F5F72B
:10D3400003FEFFF781FDF7F79BF9A088002800D0C6
:10D35000012010BD002010BDF00000247402002444
:10D36000F8B51A4D286CE8B1F5F7EEFD6C6913E0DD
:10D370002046F4F7DDFF0090018D090408D526460C
:10D3800044696846F5F704F83046FCF7A9FA03E06B
:10D3900044696846F4F7FCFF002CE9D100202864BA
:10D3A000F7F76EF9686A00B180470948006808B16C
:10D3B000804738B90748006890F8500020B1F6F768
:10D3C000D5F908B10120F8BD0020F8BD7402002491
:10D3D00038010024F00000242DE9F84381460D4671
:10D3E00014461E46DDF8208011480068007C00F0DD
:10D3F000010070B10AE02F4605E022463946484652
:10D4000002F09CFE7F1CB742F7DD641C4445F2DD50
:10D410000BE007480068C06B00681FFA88F3B2B2DF
:10D42000A1B20090A8B206F043FEBDE8F883000068
:10D43000F00000242DE9FF4FDFF8A0A00C4685B0D6
:10D44000DAF80000DDF848801F46C16B1546096810
:10D450000391C06DF4F76CFF01902946204602F05D
:10D4600031FE06460198391B01F1010BD0F80C90F2
:10D47000406950B3F4F75CFFA8EB0501491C00912B
:10D480005B462A4602902146F6F7FCFF02A8F4F715
:10D490007FFF1AE0DAF80000007CC0070DD0059885
:10D4A0005F46344600698068804780B221884140E9
:10D4B00024F8021B7F1EF9D105E003985A4681B279
:10D4C0003046F7F7D2FF4E446D1C4545E2DD01A81A
:10D4D000F4F75EFF09B0BDE8F08F0000F000002413
:10D4E0002DE9F04F8BB0884605461E461746182199
:10D4F00002A8149CF3F704F8A868F4F719FF019048
:10D50000B0F9081030F9042F891A01F1010A0169F4
:10D51000089102902D680146ADF81480ADF81860AE
:10D5200005A8ADF81670ADF81A408146F6F768F90F
:10D5300068B9B8E0BDF912000090E868BDF9103094
:10D54000BDF90E200469BDF90C102846A04702A8B9
:10D5500000F0E0FB0028EDD10298016809914068D5
:10D560000A90494609A8F6F74BF9002843D04946E6
:10D5700009A8F7F7B7FDDFF84C8109ACD8F800002F
:10D58000C06BD0F800900198C168A9B3BDF92670AE
:10D590002DE000BFB4F9006024E00198B0F9061056
:10D5A000B0F904007A1A311A0898F5F77FFB68B1D0
:10D5B000019800F12001B0F90420B0F90600B21A78
:10D5C0003B1A0AFB032041F820900AE0D8F800003B
:10D5D0003A463146C06B0368E868D0F818C0284660
:10D5E000E047761CB4F90400B042D6DA7F1CB4F9E7
:10D5F0000600B842CEDA5EE0FFE70068DFF8C8B0A8
:10D6000081695BF8210000694168484688470090BD
:10D61000BDF926703DE000BFB4F9006034E0019828
:10D62000B0F90610B0F904007A1A311A0898F5F723
:10D630003DFB010E0346FF2930D2019800F1200284
:10D64000B0F904C0B0F90600A6EB0C0CA7EB00087B
:10D650000AFB08C042F82090A9B118461B4BFF22D4
:10D6600000991B689847019909688A695BF822103C
:10D670000969096888470346E868D0F818C03A463F
:10D6800031462846E047761CB4F90400B042C6DAB9
:10D690007F1CB4F90600B842BEDA0CE0E8684B46DD
:10D6A000D0F818C0EBE70094E86833463A460469BE
:10D6B00041462846A04701A8F4F76AFE0BB0BDE832
:10D6C000F08F0000F000002428010024E402002470
:10D6D0002DE9FE4F274E1F46144630680D46DDF8F3
:10D6E0003090C06DF4F724FE01902146284602F0E8
:10D6F00007FD791B01F1010A316880460198C96B69
:10D70000D0F80CB00E68406968B3F4F711FEA9EBCD
:10D710000401491C00915346224602902946F6F71F
:10D72000B1FE02A8F4F734FE1DE012480068007C48
:10D73000C0070ED0019857464546006800698068CA
:10D74000804720F07F402968414002C57F1EFAD102
:10D7500007E0BAF1000004DD01464046491E40C022
:10D76000FCD1D844641C4C45DFDD01A8F4F710FE61
:10D77000BDE8FE8FF0000024FEB54F4CD4E9020155
:10D78000CDE90001206970B3A089401C00B2ADF85A
:10D7900000006189ADF80210B4F90410884207DD79
:10D7A0002088ADF80000E08910F10100ADF802001A
:10D7B000BDF90200B4F90610884274DC3F4D2868B8
:10D7C000406CF4F7B5FD0290BDF90000B4F900100B
:10D7D000884220D1E088ADF80600A088ADF80400AA
:10D7E0002868406C0FE0FFE72088ADF800006088F3
:10D7F000DCE700BFF4F7E4FD0646006A0022694654
:10D8000000F0D5F8B0690028F4D1029800226946EA
:10D81000C06900F0CCF8BDF80000ADF8040028683D
:10D82000406C0AE0F4F7CCFD0646006A0022694627
:10D8300000F046F80028EED1B0690028F2D1029835
:10D8400000226946C06900F03BF80028E3D1B4F932
:10D850000400BDF90010ADF80400884207DADDE9E4
:10D860000001C4E9020102A8F4F792FD98E72868D4
:10D87000406C08E0F4F7A4FD0546006A0022694602
:10D8800000F05CF8A8690028F4D1029800226946EB
:10D89000C06900F053F802A8F4F77AFD206944F655
:10D8A0002061884201DD0020FEBDDDE90001C4E900
:10D8B00002010120FEBD000004EB0624F00000245C
:10D8C000FEB517460E460546002433E02846F4F719
:10D8D0002FFD0090856A0146A80726D527B13A4654
:10D8E00001A8F7F71CFC03E0D1E90001CDE9010133
:10D8F00001A93046F5F784FFB8B1E80702D00098D7
:10D90000C56910E0BDF80800401C308001240CE01F
:10D9100001AA31462846FFF7D3FF00B1012428466B
:10D92000F4F74EFD056A002DF2D10098056A6846AD
:10D93000F4F72EFD002DC9D12046FEBDFEB51646DA
:10D940000D46044630E02046F4F7F2FC0090846A6D
:10D950000146A00723D526B1324601A8F7F7DFFB21
:10D9600003E0D1E90001CDE9010101A92846F5F75D
:10D9700047FFA0B1E00702D00098C4690DE0BDF8F0
:10D980000400401EA8800AE001AA29462046FFF7AD
:10D99000D5FF2046F4F714FD046A002CF4D100985A
:10D9A000046A6846F4F7F4FC002CCCD1FEBDFEB549
:10D9B00016460D4604464AE02046F4F7B9FC0090AE
:10D9C000846A0146A0073DD526B1324601A8F7F783
:10D9D000A6FB03E0D1E90001CDE9010101A9284638
:10D9E000F5F70EFF10B3E00702D00098C46927E0F6
:10D9F00000983EB1B0F90210B6F90200814203DD91
:10DA0000084601E0B0F90200B5F90210814207DAD8
:10DA1000BDF90600B5F90610401E05E0E88011E0EA
:10DA2000BDF90A00B5F906108842F7DB0AE001AA41
:10DA300029462046FFF7BBFF2046F4F7C1FC046AE5
:10DA4000002CF4D10098046A6846F4F7A1FC002C7D
:10DA5000B2D1FEBD2DE9F0410C46C96886B0E1B1F6
:10DA600094F83020012A1CD0E369D4E900256FF036
:10DA7000030606EB83031A446260D4F820702D1D60
:10DA800006684FF0000816B32846A269F6F7ACFE08
:10DA9000A169012909D000200AE0002006B0BDE8F4
:10DAA000F08125686560A76AEAE70B480068806B2B
:10DAB0006369CDE9048001208DE82B00F068E368FC
:10DAC000E26A456839463046A847002000E0012058
:10DAD000C4F80C80E2E70000F0000024F4F782BBF9
:10DAE0002DE9F0470D46B3F9041006461C46914651
:10DAF000B14220DCB4F90800B0421CDBB4F90600E6
:10DB0000A84218DCB4F90A20AA4214DB2F1A711AB1
:10DB100088463A466069F5F7C9F860B1B4F908007B
:10DB2000B4F90410401A401C00FB0780203454F85C
:10DB30002000BDE8F087D9F800000028F9D0C168BE
:10DB40002A464B693146BDE8F04718472DE9F047B2
:10DB5000914606460027B3F904201C460D46B846F8
:10DB60004FF07F40B24215DCB4F90810B14211DB2E
:10DB7000B4F90610A9420DDCB4F90A30AB4209DB56
:10DB8000B71A691A6369884623B10A4639461846A6
:10DB9000F5F78CF8FF21B1EB106F0AD1D9F800002E
:10DBA000002811D0C1682A464B693146BDE8F047CC
:10DBB0001847B4F90800B4F90410401A401C00FBDF
:10DBC0000870203454F82000BDE8F08700787047D2
:10DBD000012070472DE9F04FCF18DDE90D54DDE944
:10DBE0000B69DDE909BA04F1040800EB020C88E8CE
:10DBF0004F00B5F902807F1EA8EB0101ACF1010CCA
:10DC00002160002909DD5B1A2361002B7DDDB5F958
:10DC1000023001FB0A61A3606161B5F90610791A4F
:10DC20002160002904DD2369591A216100296CDD76
:10DC3000B5F90410ACEB01012160002901DD511A96
:10DC4000E160C4F80090B5F9001088424CDA091A76
:10DC50002160E36803EB0902521AE26000225B468E
:10DC6000BBF1080F32D007DC012B0DD0022B16D0F0
:10DC7000BBF1040F38D11DE0102B2AD0182B2CD06B
:10DC8000BBF1200F30D128E0626902EBD102626162
:10DC900021F007021044606001F0070014E062699F
:10DCA00002EB9102626121F003021044606001F016
:10DCB000030009E0626902EB5102626121F0010296
:10DCC0001044606001F0010020600DE063690B44C6
:10DCD00006E0636903EB410302E0636903EB810340
:10DCE00008446361C4E90020D4E900100844E168F5
:10DCF0004218B5F904108A4202DCE06803E004E04F
:10DD0000081A401CE060002802DC0120BDE8F08F0A
:10DD10000020FBE7F0B5B0F90C60B0F90E40B0F9A7
:10DD20001050B0F9123047690268011D37B1012F58
:10DD300023D0022F34D0032F46D053E0B2F9027023
:10DD40009F424FDCB2F900C0AC454BDCB2F906C0D3
:10DD5000A44547DBB2F904C0B44543DB4FF0010CE6
:10DD6000A74208DD4C805288521ECA800E808D80EA
:10DD7000C0F814C033E0C0F814C0B2F900C00227E4
:10DD8000B4450CDD0E8015886D1E8D8011E000BF3E
:10DD9000B2F906209A4214DACA8047611FE047614F
:10DDA000B2F904C00327AC450DDA8D8095886D1C4F
:10DDB0000D80B2F90250A54201DD4D80E8E74C80AC
:10DDC000E6E7CB80E9E74761B2F9062004249A42EE
:10DDD00007DA521C4A80CB800E808D80446101207E
:10DDE000F0BD44610020F0BD0246012901D1024886
:10DDF00070470020FCE7000060CB0190012901D0B2
:10DE0000002070470048704760CB019000207047A9
:10DE1000012901D0002070470048704740D0019090
:10DE20000246A1F10900082813D2DFE800F0040639
:10DE3000080A120C0E10084870470848FCE708480A
:10DE4000FAE70848F8E70848F6E70848F4E708481A
:10DE5000F2E70020F0E700002BF4009051F400906E
:10DE6000EDF3009083E20090DDE50090CDE50090B9
:10DE700045ED0090162901D00020704700487047FA
:10DE80002536009038B50446002022680092002A0A
:10DE90000DD01268012900920AD0002A07D0D0685C
:10DEA000426A68469047002801D00099216038BD39
:10DEB000002AFCD0D068426A684690470028F6D015
:10DEC000004838BD35E90090162901D00020704780
:10DED00000487047D535009003460A4699680F2AD6
:10DEE0001FD2DFE802F01E080A0C0E1E1E1E1012C2
:10DEF0001416181A1C00486870478868FCE7C86840
:10DF0000FAE70869F8E78869F6E70020F4E70120F6
:10DF1000F2E70120F0E70020EEE70020ECE7002028
:10DF2000EAE74FF0FF30E7E770B500240D4602281E
:10DF300007DAF4F72FFC20B1C1688A6A29469047B6
:10DF40000446204670BD082904D0006820B1C2688C
:10DF5000926A1047102070474FF0FF3070470068FA
:10DF6000002802D0C268926A10477047082901D081
:10DF7000002070472020704770B50C4605460D49BB
:10DF80008069085601280DDD002060802080A86986
:10DF9000F7F78AFF401EA080A869F7F799FF401E97
:10DFA000E08070BDE8682146026B2846BDE87040FD
:10DFB000104700004C01002410B5F7F71BFFB0F527
:10DFC000807F03D0802803D307211AE0082118E0BE
:10DFD000402801D3062114E0202801D3052110E0B8
:10DFE000102801D304210CE0082801D3032108E004
:10DFF000042801D3022104E0022801D3012100E01A
:10E00000002101208840401E10BD4FF0FF307047B6
:10E010004FF6FF70704770B5002406460125314663
:10E020002846FFF781FF844200DA04466D1EF6D5CC
:10E03000204670BD0146054A0F2000BF02EBC00319
:10E040001B6C8B4201D9401EF8D57047E8E80624C6
:10E0500002480068C069007E40087047F000002454
:10E06000002070472DE9F04107460C461546A9B23D
:10E07000A0B206F0D9FA06463046BDE8F08110B5E8
:10E080000846114602F01EF8008810BDF8B5074694
:10E0900015460E468068F4F74BF902460090B0F939
:10E0A0000800B2F904103F68441A29463046641C3F
:10E0B00000F0E7FB68B1009800F12001B0F90420FE
:10E0C000B0F90600B21A281A04FB002051F82040CB
:10E0D00006E0F8682A4631464369384698470446C0
:10E0E0006846F4F755F92046F8BD10B508461146C4
:10E0F00002F006F8006810BD826800230B804B8098
:10E1000093895B1E1BB28B80138A5B1E1BB2CB8074
:10E11000704738B50C468068F4F70AF9009080889B
:10E1200020800098C088608000988188028911440E
:10E13000491EA180C18840890844401EE08068468D
:10E14000F4F726F938BD0068002802D0C268126BC7
:10E150001047704738B50C468068F4F7E9F800902E
:10E16000808820800098C08860800098818802891B
:10E170001144491EA180C18840890844401EE080A6
:10E180006846F4F705F938BD70B500240C4D0CE075
:10E19000F6F7BCFA2A69C4EB041152F83110814237
:10E1A00001D1204670BD29B1641CA8688442EFDB10
:10E1B000002070BDC4EB041142F83100F1E700000B
:10E1C00014020024054A904201D1503A01E000F1C6
:10E1D000080209B18A4200D010467047CCEA0624F2
:10E1E0000349884202D1A1F13C0070470C307047CE
:10E1F00058EB06240021FFF7E5BF0000F0B4124CF5
:10E20000646814B1A446F0BC6047541E04FB0304C8
:10E2100001EB82000D4DDFF838C0001F2188E41AA1
:10E2200001F01F06521EAF5DC1F3451605EBD1216B
:10E230001CF80660097801EB062101EB074140F864
:10E240000419EBD1F0BC7047A401002494CB0190D9
:10E25000B4CB019010B50468184410C1521EFAD115
:10E2600010BD70B50446F7F7C5FD0546F7F7DAFDB2
:10E27000AC4201D3002070BD0028FCD050F824002F
:10E2800070BD70B50446204600F04EF805460022E9
:10E290000121A069F8F78EF90543284670BD0000FA
:10E2A00070B504461C4D17A0E0666869011DC0E901
:10E2B0000E01091D6161417C05F14C0050F82100FF
:10E2C000C1680A6B04F10801904714482066A868E9
:10E2D000E06168690830606101202076E076FBF734
:10E2E000B7FB6064032084F864000D48206360631A
:10E2F0002869F7F7DBFFE868F8F710F80948E861E4
:10E3000070BD000053454747455220656D57696E03
:10E310002056363136303300DC000024BCA4019096
:10E32000EFCDABFFACCE019070B50446A06858B9F4
:10E330001C20F3F77DFFA060A568216988688047ED
:10E340000646F8F715FAA861A06808B9012070BD63
:10E350000020FCE72DE9F0411F4C94F8280000282C
:10E3600038D101251D4884F82850102204F1C0013D
:10E3700002600B4688685B6808B9980888605A2074
:10E380002062002002FA00F604EBC007401C3E6445
:10E390001028F7D309680222C8181438C4E90D01FF
:10E3A000C4E903320020042105E0636B421C01EB49
:10E3B000C006401C9A512269521E8242F5D86562FD
:10E3C0002069401E6060A16BE068FCF7EBFCFEF783
:10E3D0005FFF2563BDE8F081E8E80624D80000244B
:10E3E000FEB514460E460546F3F7EAFF0090836A31
:10E3F000980739D53046FCF763FB002834D040F647
:10E4000001000340012B2FD02846F3F791FF02466D
:10E410000090314601A8F6F782FE01A8FCF750FBF8
:10E42000F8B1009944F22002886A104205D0083100
:10E4300001AA0846F5F715F913E0DDE901232043A9
:10E440000A4C8862C1E90223A088401CA0802846AB
:10E45000FCF740F801218140E0680143E160F5F7F5
:10E46000A1FB6846F3F794FFFEBD00007402002490
:10E4700008B5F3F75DFF00900068F4F717F96846F8
:10E48000F3F786FF08BD0000154A92ED000AB5EECD
:10E49000C00AF1EE10FA04DCB5EEC00AF1EE10FA93
:10E4A0001AD200EE900AD2ED011AB8EEE01A00EE90
:10E4B000901AF8EEE00A00EEE11AD2ED020A71EECF
:10E4C000600AB6EE001A70EEC10A80EE801ABDEE48
:10E4D000C10A10EE100A70474FF0FF30704700007D
:10E4E000E0EA0624154A92ED040AB5EEC00AF1EE00
:10E4F00010FA04DCB5EEC00AF1EE10FA1AD200EE02
:10E50000901AD2ED031AB8EEE01A00EE900AF8EE77
:10E51000E00A00EEE11AD2ED050A71EE600AB6EEED
:10E52000001A70EEC10A80EE801ABDEEC10A10EE2C
:10E53000100A70474FF0FF3070470000E0EA0624F1
:10E54000884200DD084670472DE9F0478AB004464E
:10E55000002091468A4601900290039006AE4FF04B
:10E560000308049022E02046F3F7E2FE4A465146B3
:10E570000090F5F7A2F800984A4651460830F5F7A2
:10E580009CF80098D0E907576846F3F701FF4A4620
:10E5900051462846FFF7D8FFCDF80480CDE906A9FB
:10E5A00001A920460496FCF7F1FA3C46002CDAD18A
:10E5B0000AB0BDE8F087000003480068002801D0D9
:10E5C00000680047704700009C02002410B5044614
:10E5D00000220621A069F7F7EDFF10BD10B5044633
:10E5E00000220521A069F7F7E5FF10BD70B50A4CC0
:10E5F00000250B4EA56370223368294607489847CB
:10E6000008223368002104F14C00984703486061F8
:10E6100065706562A56170BDDC000024B4E9062464
:10E62000CC01002404490020054B086001461B680A
:10E6300028220248184700005801002424EA062432
:10E64000CC01002410B5034C2069F3F7E3FD002052
:10E65000206110BD1402002410B5044CA068F3F72B
:10E66000D9FD0020A060606010BD000060020024A1
:10E6700070B51B4D002405F164026C702C642046BB
:10E68000A2F10801C5F8184042F8204041F82040A6
:10E69000401C0228F8D3EC622C632C62124EAC6250
:10E6A000EC631822336800210E4898470C4900207B
:10E6B0004C31AC6341F82040401C0228FAD31022B0
:10E6C0003368002109489847102233680021084820
:10E6D00098473368BDE8704010220021054818476C
:10E6E0007402002404EB0624CC0100247CEB0624F5
:10E6F0008CEB06249CEB062410B5084CA068F3F7BD
:10E7000089FDE068F3F786FD2069F3F783FD0020BB
:10E710002061E060A0606061A06110BDE40200249F
:10E7200004480349016041600021C1608160704775
:10E730001CEB06241403002410B50446F3F740FE36
:10E74000806AC00301D5034900E003492046BDE8C3
:10E750001040084761330090BDA900902DE9FC41AD
:10E760001F4C80462068406CF3F7E2FD0090404665
:10E77000F3F7DEFD0146019000980830F5F740F808
:10E7800028B32068DDE90021D0E9125601F1080024
:10E790000832F6F7C4FC6846F3F7FAFD114FC7F8E4
:10E7A000308001992068B1F900208264B1F902102B
:10E7B000C16401A8F3F7ECFD4046FFF7BDFF002060
:10E7C00038632068C0E912560120BDE8FC81684624
:10E7D000F3F7DEFD01A8F3F7DBFD0020F5E700000D
:10E7E000F0000024740200242DE9FC410546F3F7F3
:10E7F0009FFD009090F8281089073DD5C46939E045
:10E800002046F3F795FD019090F82810C943890739
:10E810002BD100990831F4F7F3FF30B30098D0E919
:10E8200002676846F3F7B4FD01A8F3F7B1FD20468F
:10E83000FFF794FF70B12046F3F7C2FD0190204628
:10E84000FFF7D2FF2046F3F7BBFD01902846F3F710
:10E85000B7FD00902846F3F76BFD00902046F3F7D4
:10E8600067FD01900098C0E902670198046A01A859
:10E87000F3F78EFD002CC3D16846F3F789FDBDE8A0
:10E88000FC8170B514460246B4F9043060699342C5
:10E890001ADCB4F906508D4216DCD31A06885A1CCD
:10E8A000B24211DC4A1B4588511CA9420CDC1946B6
:10E8B000F4F7FCF9E16809B120B905E0FF21B1EBFB
:10E8C000106F01D9012070BD002070BD10B50E4C35
:10E8D0006168206B814209D8401E2063FEF7D8FC96
:10E8E000216B491C216308B1002010BD606804221F
:10E8F000401E6060606A616B02EBC0028A5862620F
:10E90000012201F8302010BDE8E80624084910B5BE
:10E910004A680424521C4A604B6B04EBC0044A6AE8
:10E920001A514B6B002203F83020486210BD0000E2
:10E93000E8E806242DE9FF4F8FB089461C9C154658
:10E94000A3EB0900611B00F1010A01F101080AFBB8
:10E9500008F0049045481F460068407CF7F736FAF7
:10E9600083460F980068099098B1C0680121426AF7
:10E9700009A89047060007D01D983B46CDE9004006
:10E98000224649460998B047BBF1180F01D14FF014
:10E99000200B0F988068F3F7CBFC0290D0E90110B0
:10E9A000CDE9051002A8F3F7F3FCADF82C903EB2C8
:10E9B000ADF830600FFA84F9ADF82E50ADF8329012
:10E9C00005A90BA8F4F71CFF00284CD05A4604995F
:10E9D0001D98F6F7C3F9BDF914100020002901DADB
:10E9E000ADF81400BDF91810B94201DDADF818609A
:10E9F000BDF91610002901DAADF81600BDF91A00AC
:10EA0000A04201DDADF81A905FF000061D9906FBEB
:10EA10000AF0BDF9144001EB800000EB840910E01E
:10EA20000F988068F3F784FC03460290294620463D
:10EA30000F9AFFF755F849F8040B02A8F3F7A8FC62
:10EA4000641CBC4203DCBDF91800A042E8DA6D1C6E
:10EA5000A8F10100761C5FEA0008D7D15A46049954
:10EA60001D98F5F7C1FE13B0BDE8F08FF00000244B
:10EA700013B500680199FEF7EDFF0198846801A8BD
:10EA8000F3F786FC2046F3F7ADFB1CBD10B504463A
:10EA90004068FFF7CFFA10280DD2084963680A686A
:10EAA000D21A0A6001EBC002D4E90201443200B17B
:10EAB000416009B1086010BD106010BDE8E806248F
:10EAC0007CB5050026D0144C2068A84206D1F3F787
:10EAD0002FFC009080682060684612E0044694B1E4
:10EAE0002046F3F725FC01908068A8420DD1F3F78A
:10EAF0001FFC01990090806888606846F3F748FC25
:10EB000001A8F3F745FC00207CBD044601A8F3F7FB
:10EB10003FFCE4E701207CBD340300242DE9F05FD5
:10EB2000DFF894808346D8F83840D8F80C10601E7F
:10EB30000F182046D0E90015B9BB6619BE4236D27F
:10EB4000D6E9001989B3D8F8343013F83130012BE5
:10EB50002DD1D8F82C20914201D1012100E00021D3
:10EB60008A46FFF793FF3068D8F83410042202EB8E
:10EB7000C0004A460C5031462046F1F736FCBAF147
:10EB8000000F05D0D8F83410321B891AC8F8341099
:10EB900004EB09012846FCF705F9BBF1000F05D08D
:10EBA000834503D80020BDE8F09F00E04D462C448B
:10EBB000BC42BED30120F6E7E8E806242DE9F8437D
:10EBC0001F4690460E4604000ED0F3F7B1FB3A46BE
:10EBD00041460090FBF72CFE18B10098816A49026B
:10EBE00005D56846F3F7D4FB0020BDE8F883C56976
:10EBF0000BE03B46424631462846FFF7DFFF00B1B7
:10EC000004462846F3F7DCFB056A0DB1B542F0D1A6
:10EC10006846F3F7BDFB2046E7E7000070B50646FF
:10EC2000064814460D460068FAF71EFF23462A469A
:10EC30003146BDE87040FFF7C1BF000084020024E8
:10EC4000064910B509684A6B824206D04863F6F758
:10EC5000F7FEBDE81040F7F72FBB10BDF000002411
:10EC60002DE9F0410646069C0D461746606AA8420B
:10EC700005D194F93010206A0844B04203D02146EF
:10EC80001846FEF7E7FE6068076094F93010606888
:10EC900000EB81006060E06808B9C4E90A65401CC7
:10ECA000E060C4E90865BDE8F08100001FB50446D6
:10ECB0000F480168086C38B10268029240680390FE
:10ECC0000C48006B18B901E020460EE0486CF3F7E1
:10ECD0002FFB02A90090FBF739FB6846F3F758FBBE
:10ECE000214602A8F6F7FEF902A8F7F7F1FA1FBDD0
:10ECF000F000002474020024064910B509680A6B6C
:10ED0000824206D00863F6F79BFEBDE81040F7F795
:10ED10000BBB10BDF000002430B509490B681A7C0C
:10ED200082EA0004640707D59C6BDB6B25681B68CF
:10ED300023600B68DB6B1D6009680874104630BDEA
:10ED4000F00000247CB504460D46164600200090D5
:10ED500001908DF8045000966A460421A069F7F7E7
:10ED600029FC7CBD1C490968897E012906D002293D
:10ED70000ED0032918D0042914D11EE0801DC1171C
:10ED800000EB117121F00F01401A0C2808DB09E09B
:10ED9000C11700EB917121F00301401A022801DA3A
:10EDA0000120704700207047142190FBF1F201FB15
:10EDB00012000C28F4DB10380BE0182190FBF1F264
:10EDC00001FB12000C28EBDBA0F110010229E7D3B4
:10EDD00014380228E6D2E3E7F00000247CB50446AC
:10EDE0000D461646002000900190009501966A4657
:10EDF0000321A069F7F7DEFB7CBD0068002802D084
:10EE0000C3681B6A184770470068002802D0C368AF
:10EE10001B6A184770470068C3681B6A18472DE9CA
:10EE2000F04107460C4615461E46A9B2A0B232462E
:10EE300002F012FDBDE8F0817CB510481C46154675
:10EE400000680E46C06DF3F773FA0190294630460C
:10EE500001F038F904800198406950B1F3F768FA7D
:10EE6000009081682A460B68314698476846F3F758
:10EE70008FFA01A8F3F78CFA7CBD0000F0000024A3
:10EE80002DE9F8430446984615460E468068F3F788
:10EE90004FFA02460090B0F90800B2F90410246855
:10EEA000471A294630467F1CFFF7EBFCF0B3009869
:10EEB00000F12001B0F90420B0F90600B21A281AB6
:10EEC00007FB002041F820800098C16849BB00681A
:10EED000194F806957F8200000694168404688470B
:10EEE00080460098B0F906106A1AB0F9041040691B
:10EEF000711AF3F7DBFE010E13D0104BFF224146CF
:10EF00001B68984700990968896957F821100969B1
:10EF1000096888470346E06887692A4631462046E3
:10EF2000B8476846F3F734FABDE8F883FFE7E068CE
:10EF300043468769F1E7000028010024E402002429
:10EF40007CB510481E46144600680D46C06DF3F7A8
:10EF5000EFF901902146284601F0D2F806600198A9
:10EF6000406950B1F3F7E4F90090816822460B68DC
:10EF7000294698476846F3F70BFA01A8F3F708FA11
:10EF80007CBD0000F00000242DE9F74FAAB0F3F794
:10EF9000CFF9039001680891B0F904102B9A9142BF
:10EFA0000AD1B0F906102C98814205D103A8F3F7D5
:10EFB000EFF92DB0BDE8F08F0020F4F7FDF92690B1
:10EFC00008988169FE4813910068427C149291422E
:10EFD00000D041740398B0F904100C91B0F90820E6
:10EFE000B0F906A0511AB0F90A2001F1010BA2EB09
:10EFF0000A01491C259100212891017C89077DD5B2
:10F000004169203019910B902B990C984FF0FF36E5
:10F01000A1EB00092C99B9F1000FA1EB0A0808DD5A
:10F0200001201C9000205D462190681ECDE9150945
:10F0300009E0ABF101001C96219000201690219868
:10F04000354648441590B8F1000F07DD0120259E94
:10F0500000242390701ECDE9170807E00020259CAE
:10F060001890641E04EB08002396179004A90898D2
:10F07000FEF782FF1C990398FBF7F2FF1E90002811
:10F080003CD0FFF799FA1C990398FBF7E9FF1D9014
:10F0900000287DD00398C06800287AD0F3F748F99B
:10F0A0002290A6E01898844204DB1798844201DC81
:10F0B000012000E000200AEB0401279001EB08008A
:10F0C0000790219F90E000201A9022463946199817
:10F0D000F3F7ECFD129000287ED00B9800EB87012F
:10F0E00004FB0BF001EB800024900C98C11901EB9C
:10F0F000090006901698874208DB00E053E1159856
:10F10000874203DC279808B1012000E000200E9020
:10F11000BDF910000699884215DCBDF91200079967
:10F12000884210DCBDF91410069881420BDBBDF952
:10F1300016100798814206DB0146039B089A069841
:10F14000FEF7CEFC1A900E9848B1B7EB090124D413
:10F15000B4EB080221D41998F3F7A8FDE8B90C988C
:10F16000BDF91020384404EB0A01824215DCBDF9D8
:10F1700012208A4211DCBDF9142082420DDBBDF958
:10F1800016208A4209DB1D9A0092249A126801E037
:10F1900005E1FDE0089BFFF763FDBDF9101006983F
:10F1A00081421CDCBDF912100798814217DCBDF9C1
:10F1B00014100698814212DBBDF91610079881429F
:10F1C0000DDB229912980DF1180C51F820201E9891
:10F1D00000909CE80B0000E004E0FFF741FD24995B
:10F1E0001A9808601C980744AF427FF46CAF2398CC
:10F1F0000444B4427FF456AF22A8F3F7C9F8CAE03A
:10F200001898844204DB1798844201DC012000E056
:10F2100000200AEB0401279001EB08000790219FD2
:10F22000B1E000201A90224639461998F3F73EFDC6
:10F230001290000E1190FF287ED00B9800EB8701F2
:10F2400004FB0BF001EB800024900C98C11901EB3A
:10F25000090006901698874206DB1598874203DC62
:10F26000279808B1012000E000200E90BDF9101091
:10F27000069881421FDCBDF91210079881421ADC02
:10F28000BDF914100698814215DBBDF916100798D8
:10F29000814210DB0146039B089A0698FEF756FC54
:10F2A0004849139A1A9020F07F4051F822100969BA
:10F2B0004968884728900E9858B1B7EB090123D4C4
:10F2C000B4EB080220D41998F3F7F0FC000EFF28E5
:10F2D0001AD10C98BDF91020384404EB0A0182427F
:10F2E00012DCBDF912208A420EDCBDF914208242E4
:10F2F0000ADBBDF916208A4206DB1D9A0092249A89
:10F30000089B1268FFF7ACFCBDF91010069881420B
:10F3100034DCBDF91210079881422FDCBDF91410BE
:10F32000069881422ADBBDF916100798814225DB39
:10F33000119880B1289800E023E0234B20F07F4112
:10F34000FF221B68129898471E49139A51F8221001
:10F350000969096808E01B49139A129851F82210AC
:10F3600020F07F4009694968884702461E980DF1E0
:10F37000180C00909CE80B00FFF772FC24991A9877
:10F3800008601C980744AF427FF44BAF23980444B5
:10F39000B4427FF435AF1D990398FFF769FB1E99BE
:10F3A0000398FFF765FB03982B9981802C99C18006
:10F3B0002B995944491E0181259A2C99114405E045
:10F3C000F000002428010024E4020024491E4181A9
:10F3D000DDE91301884203D00846034909684874EF
:10F3E0002698F3F7E9FFE1E5F00000242DE9FC4160
:10F3F00005460E4617460020009001902846FEF76D
:10F4000093FFA86878B1AC68606908B9304600E03D
:10F41000606960616660A760009601976A4607218F
:10F42000A869F7F7C7F8BDE8FC81F8B504460D46B2
:10F43000002000902046FEF777FFA06838B1A6684C
:10F44000356000956A460221A069F7F7B3F8F8BD68
:10F450002DE9F04105460E4617462846FEF764FFA3
:10F46000A86818B1AC68E66027616661BDE8F08104
:10F4700010B50446F3F7B2FC20B1BDE810400121FD
:10F48000F4F726BB064804EB840100EB8100017908
:10F49000002904D00069BDE81040F4F70BBA10BD94
:10F4A00024EA06242DE9F04F8BB0F2F741FF0190DA
:10F4B00081690591C1690691016804918C6975495A
:10F4C00009684E7CB44200D04C7400F12001D0F8A1
:10F4D00014A009910121FBF7C3FD5FEA00097CD06C
:10F4E000FFF76AF8019800214161D0E90110CDE9E8
:10F4F000021002A90498FBF7FBFC0198C068E8B36E
:10F50000F2F716FF0890BDF90A7034E00198B0F9DF
:10F510000600381A0790BDF9085027E00198079AAD
:10F52000B0F90400281A834601465046F3F7BEFBA3
:10F530005FEA000819D039462846019B049AFEF775
:10F54000CFFA0246BAF8001007984143099800EB39
:10F550008101284641F82B200899049B51F8282066
:10F56000CDF800903946FFF77BFB6D1CBDF90C0010
:10F57000A842D3DA7F1CBDF90E0000E005E0B842D6
:10F58000C4DA08A8F2F704FF6AE0BDF90A7063E084
:10F590000198B0F90600381A0790BDF9085056E0F6
:10F5A0000198079AB0F90400281A009001465046C5
:10F5B000F3F77CFB4FEA10688346B8F1FF0F45D0A4
:10F5C00039462846019B049AFEF7C0FA0246BAF86B
:10F5D000000007994843099900E045E001EB8001EC
:10F5E0000098B8F1000F41F820201FD03946284676
:10F5F000019B049AFEF7AAFADFF89C8020F07F4076
:10F6000058F82410096949688847244B20F07F4145
:10F61000FF221B685846984758F824100969096862
:10F6200088470246CDF80090049B0BE01A492BF066
:10F630007F4051F82410096909688847049BCDF878
:10F640000090024639462846FFF70AFB6D1CBDF9BB
:10F650000C00A842A4DA7F1CBDF90E00B84297DA6C
:10F6600049460198FFF704FA0199B442C1F814A081
:10F6700002D008480068467401A8F2F789FE059890
:10F68000002803D0DDE90520002190470BB0BDE83C
:10F69000F08F0000F000002428010024E402002480
:10F6A0003EB507C81C4C8DE80700A5682DB1296838
:10F6B00009B1684688476D68F8E7D4E900108142CF
:10F6C00014D0FBF7C7FD9DF80810027A91420DD1C6
:10F6D000216881420AD0FBF7BDFD9DF80810007A31
:10F6E000814203D16068FBF7B5FD60609DE80E00C4
:10F6F000606880E80E00FEF773FD6060216881425B
:10F7000003D10846FEF76CFD2060E168002901D0B6
:10F71000684688473EBD0000140300242DE9F04FE1
:10F720008FB0F2F705FEDFF8E0B00390D0F800A04C
:10F73000DBF80010DAF818604D7CAE4200D04E7451
:10F740004169089100F120010491D0E90110CDE94F
:10F750000C100CA95046FBF7CBFB01210398FBF7DB
:10F760007FFC5FEA00083DD0FEF726FFBDF932704E
:10F7700030E00398BDF93040B0F90600381A0B901C
:10F7800023E003980B9AB0F90400201A8146014641
:10F790000898F3F78BFA0399C96809B120B913E007
:10F7A000FF21B1EB106F0FD908980B9953460088D1
:10F7B0004843049901EB8001204651F8292039463D
:10F7C000CDF80080FFF74CFA641CBDF93400A0426C
:10F7D000D7DA7F1CBDF93600B842CADA4146039831
:10F7E000FFF746F90398826912B1C0690121904779
:10F7F00003A8F2F7CDFDAE4202D0DBF8000045745D
:10F800000FB0BDE8F08F0000F000002408B5F2F75B
:10F810008FFD00900068F2F79FFF6846F2F7B8FD91
:10F8200008BD00007CB5050020D0F2F781FD10492D
:10F8300000904C68AC4214D14068486013E0204608
:10F84000F2F776FD01904468AC4207D10098019927
:10F850004068486001A8F2F79BFD04E001A8F2F7B8
:10F8600097FD002CEBD16846F2F792FD7CBD0000BD
:10F870003403002430B4084C012A06D0022A08D0F0
:10F8800030BC47F6FF71F5F7F1BB1A46236830BC70
:10F890001847626830BC1047E0010024006180E82E
:10F8A0000E00104440F8042C704700002DE9FF4F73
:10F8B0008DB0154689460D98F2F73AFD0990B0F9DA
:10F8C00008100691B0F90A60006800694068079066
:10F8D00009A8F2F75DFD574F57493868407C51F849
:10F8E0002000C1688A6A082190478346182801D3FE
:10F8F000202003E0BBF1030F01D1082083461098BC
:10F900001099406809680B914C49884201D0012048
:10F9100000E000200A900020F4F748FF00287CD186
:10F920003868069CB0F90C2009EB0401891A491EBD
:10F93000002900DD641AB0F90810494505DDA1EB86
:10F9400009018944641A089101E000210891002C02
:10F950006CDDB0F90E20A919891A491E002902DDB3
:10F96000A6EB010800E0B046B0F90A00854204DACF
:10F97000461B3544A8EB060800E00026B8F1000F4E
:10F9800054DD08980190DDE906710CAA8A460D98AD
:10F990000092F3F7B6FC774300EB87010198009AD9
:10F9A00001EB8000CDE900A20246234629464846E5
:10F9B000F5F7DAF80090002838D00A98F0B15A46E6
:10F9C0002146109B0098F4F7A1FFB8B91098DDF814
:10F9D00018A0009FD0F810C0BCF1000F05D0042380
:10F9E000524639463846E04708E00B993868884760
:10F9F00001C7AAF101005FEA000AF6D100990020D0
:10FA0000CDE90301059001200090CDE9010B2946C5
:10FA100003466D1C2246484600E007E0F6F71EF854
:10FA2000A8F10100761C5FEA0008AAD111B0BDE878
:10FA3000F08F0000F000002428010024595F00909E
:10FA40002DE9F74FCC489EB09246D0E90010CDE9A1
:10FA50001B101E98F2F76CFC1390D0E90445B0F926
:10FA60000810D0F80C800E91B0F90A1015910068BA
:10FA7000C24E0069406817903068407CF3F766F921
:10FA800011903068407CF3F709FA814613A8F2F729
:10FA90007FFC082C01D8012004E0102C01D80220A2
:10FAA00000E004208346012C1BD00027179848450E
:10FAB00075D03068407CF3F7E9F918900E98800013
:10FAC000F2F75EFB199000286AD01E98F3F719FC34
:10FAD0008146002D79D02846F2F72AFC00261A909C
:10FAE0009AE01BAFE2E7002009901A98324681683D
:10FAF0004B6909A998470E990546884227D119985C
:10FB0000F2F716FC1690DDE91712CDE90012014656
:10FB1000119B082C2A46484602D9FBF763FA01E0FC
:10FB2000FBF77FFA03AB0020169A119983E8850052
:10FB300001200090CDE9010103460AEB06010E9A6F
:10FB40001F98F5F78BFF16A8F2F722FC62E0012C54
:10FB500022D05DE00998C21700EB527309EBE30273
:10FB600000F007010492CDE90571012101AB00917C
:10FB700083E812011F9A0AEB0601104401232A466A
:10FB8000F6F71CFD09983246284409901A988168B6
:10FB90004B6909A998470546002DDBD13AE055E0AD
:10FBA00051E01998F2F7C4FB1690099A844602FBBB
:10FBB0000B90DDE91712CDE90012119B082C2A46A3
:10FBC000614603D9FBF70EFA02E02DE0FBF729FAB4
:10FBD00003AB0020169A119983E88500012000905C
:10FBE000CDE90101099A1F980AEB0601104401238F
:10FBF0002A46F5F733FF16A8F2F7CAFB09983246F2
:10FC0000284409901A9881684B6909A998470546C4
:10FC1000002DC6D1C144761C15988642FFF663AF0D
:10FC20001AA8F2F7B5FB0BE0012001A90597009097
:10FC300081E811035146159B0E9A1F98F5F70EFFA8
:10FC40001998F2F7CFFA21B0BDE8F08F1E98F3F7BC
:10FC500058FB8146002D7DD02846F2F769FB002530
:10FC60001A9073E0002009901A982A4681684B691F
:10FC700009A998470E99064688421DD1119500E0C2
:10FC80006D1C1A986A1C81684B6909A99847B04293
:10FC9000F6D0012001A90597009081E81103119881
:10FCA0000E9A2E1A0AEB0001731C1F98F5F7D6FE68
:10FCB000761C06FB089047E0012C22D040E0099812
:10FCC000C11700EB517309EBE301CDE9041700F014
:10FCD0000702012101AB0692009183E812011F9AED
:10FCE0000AEB0501104401233246F6F767FC099838
:10FCF0002A46304409901A9881684B6909A99847A7
:10FD00000646002EDBD11DE0099A01AB02FB0B90E9
:10FD1000CDE904070120009083E811011F980AEB48
:10FD20000501104401233246F5F798FE09982A464A
:10FD3000304409901A9881684B6909A9984706468A
:10FD4000002EE1D109EB080081466D1C1598854213
:10FD500088DB00E003E01AA8F2F71AFB73E7012042
:10FD600001A90597009081E811035146159B0E9A51
:10FD70001F98F5F773FE66E7C8CF0190F0000024E6
:10FD80002DE9FF4F97B01C4615461798F2F7D0FAA9
:10FD90000F90B0F908A0B0F90A90C168019100F184
:10FDA000180100910068D0F810B00FA8F2F7F0FA2F
:10FDB000DBF804001190C148C1490068407C51F84B
:10FDC00020100F69D7F80080F2F7C0FF082801D88B
:10FDD000012604E0102801D8022600E00426BB45D5
:10FDE00012D1DDE900020021CDE904010120CDE9B5
:10FDF0000242009001904B46524629461898F5F76A
:10FE00002DFE1BB0BDE8F08F202C2ED0102CF8D189
:10FE100016FB0AF0F2F7B4F914900028F1D0F2F7CB
:10FE200087FA13901798F2F783FA0F90396900F167
:10FE30001804002972D0DBF814100029FAD0B0F9A8
:10FE400008008000F2F79CF90C90002867D0F2F7C8
:10FE50006FFA0A90002848D04FEAC608012E7DD0DC
:10FE6000022E7CD0042E7BD1D0E016FB0AF0F2F7F4
:10FE700087F914900028C4D0F2F75AFA1390179813
:10FE8000F2F756FA00F118040F90386998B34FF062
:10FE9000010B4FEAC608012E04D0022E07D0042E13
:10FEA0000ED123E013990123D7F810C003E0139972
:10FEB000D7F810C0022352462046E04704EB8A04DC
:10FEC000139A0020CDE90302CDF800B00590CDE9EA
:10FED00001B829466D1C012352461898F5F7BEFD5E
:10FEE000A9F101005FEA0009D5D146E01399042386
:10FEF000D7F810C0DFE7FFE75746012E04D0022EE7
:10FF00000ED0042E1FD115E0DDF84CB001CC4146D7
:10FF100088470BF8010B7F1EF8D114E086E036E02D
:10FF2000DDF84CB001CC414688472BF8020B7F1E10
:10FF3000F8D108E0DDF84CB001CC414688474BF8D9
:10FF4000040B7F1EF8D10020F100139ACDE90210B6
:10FF5000CDE9042001200090294602E01AE026E0C5
:10FF600037E0034601906D1C52461898F5F776FD70
:10FF7000A9F101005FEA0009BED10FA8F2F708FA63
:10FF800013A8F2F705FA1498F2F72CF939E70020D4
:10FF90000A90F2E713980190DBF814C0022352464E
:10FFA00020460A99E0470123D7F810C00BE01398C8
:10FFB0000190DBF814C00223524620460A99E0471C
:10FFC000D7F810C00223524601990A98E04704EB83
:10FFD0004A04139A0020CDE9030205900120009005
:10FFE000CDE90108294603466D1C52461898F5F7DD
:10FFF00035FDA9F101005FEA00097FF42FAF0AA8DF
:02000004900169
:10000000F2F7C6F90C98F2F7EDF8B6E713980990F5
:10001000DBF814C00223524620460A99E047DDE986
:10002000091004235246D7F810C0CFE75746012ED7
:1000300004D0022E0FD0042E28D11AE0DDF84CB0E7
:10004000119934F8020B8847414688470BF8010B99
:100050007F1EF5D11AE0DDF84CB000BF119934F8DD
:10006000020B8847414688472BF8020B7F1EF5D1CB
:100070000CE0DDF84CB000BF119934F8020B884752
:10008000414688474BF8040B7F1EF5D10020F10054
:10009000139ACDE90210CDE90420012000902946F1
:1000A000034601906D1C52461898F5F7D7FCA9F14C
:1000B00001005FEA0009B9D15FE70000F000002409
:1000C0002801002438B505460C480C460068C06D70
:1000D000F2F72EF90090B0F90620C36800F118017C
:1000E000A21A02FB0311B0F9040001EB4501A1EBD8
:1000F00040046846F2F74CF9204638BDF000002471
:1001000038B505460C480C460068C06DF2F710F98A
:100110000090B0F90620C36800F11801A21A02FB92
:100120000311B0F9040001EB8501A1EB80046846DE
:10013000F2F72EF9204638BDF00000242DE9F041F9
:1001400004460D461646324629462046FDF78AFFEC
:100150000746216988688047804687EA0803324657
:1001600029462046FEF75BFEBDE8F081FEB5074656
:10017000124815460E460068C06DF2F7D9F8019096
:1001800029463046FFF79EFF04463869806880475D
:100190002188414021800198406950B1F2F7C8F8A8
:1001A000009081682A460B68314698476846F2F706
:1001B000EFF801A8F2F7ECF8FEBD0000F000002413
:1001C0002DE9F8430446154688468068F2F7B0F8F2
:1001D00002460090B0F90800B2F904102468461AEB
:1001E00029464046761CFEF74CFBE8B3009800F128
:1001F0002001B0F90430B0F90600A8EB0302281A78
:1002000006FB002001EB800620698068804731688A
:10021000414031600098C16839BBB0F90610B0F9AF
:1002200004306A1AA8EB03014069F2F73FFD074664
:10023000000E29D000993068164E0968896956F871
:100240002110096949688847134B20F07F41FF223C
:100250001B683846984700990968896956F8211043
:1002600009690968884701E008E00DE00346E06895
:100270002A46414686692046B04705E0E0682A469E
:100280004146C369204698476846F2F781F8BDE8C1
:10029000F883000028010024E4020024FEB514487D
:1002A00015460E460068C06DF2F742F801902946E7
:1002B0003046FFF725FF0446019800680069806812
:1002C000804720F07F4120684840206001984069C5
:1002D00050B1F2F72DF8009081682A460B6831463C
:1002E00098476846F2F754F801A8F2F751F8FEBDB6
:1002F000F000002403B401984100009850EAC120A6
:1003000018BF04204A0D18BF40F0010040F2FF72F0
:10031000B2EB515F08BF40F00200012808BF052082
:1003200002B0704710B50022002801DA01224042D5
:10033000002902DA42F002024942814204DD0B4602
:100340000146184642F00402890200EBD07301EB2B
:10035000630191FBF0F080100311124C00F00F00CC
:10036000C0F1100134F8130010FB01F0102906D081
:1003700004EB4303C1F110015B8813FB010008305B
:10038000C11700EB11700011510701D5C0F5806055
:10039000D10701D0C0F50060910701D5C0F58050AC
:1003A00010BD0000E6A4019010B5044600680E28B8
:1003B00002D00F2816D108E0E0684168012916D163
:1003C0000068BDE81040F3F7F5BB6068FAF756FF28
:1003D000074951F820000749884203D0F3F720FB72
:1003E000F2F7E4F82046BDE81040F9F73FBA10BD37
:1003F000C8020024EFCDABFFF8B50F4C07462068CC
:10040000406CF1F795FF00902268D0E90256D2E9DE
:100410000212C0E902126846F1F7BAFF3868FAF72B
:1004200013FB2068406CF1F783FF0090C0E902568F
:100430006846F1F7ADFFF8BDF000002430380A2817
:1004400001D2012070470020704710B500F046FF30
:1004500010BD70B505460C46164606E028466A1CD7
:1004600095B200F008F804F8010B301EA6F1010166
:100470008EB2F3D170BD70B50446002600F0F4FFD3
:100480002112A02202EB4101C8B200F0B5FF01F039
:1004900033F82546E11704EB11610912A4EB0121A1
:1004A000C8B200F0A9FF01F027F800F0DDFFA1209D
:1004B00000F0A2FF01F020F8002000F06DFF0646DA
:1004C00000F0FAFF304670BD70B505460C46164682
:1004D00006E02178284600F009F8681C85B2641C03
:1004E000301EA6F101018EB2F3D170BD70B5044685
:1004F0000E4600F0B9FF2112A02202EB4101C8B262
:1005000000F07AFF00F0F8FF2546E11704EB1161D7
:100510000912A4EB0121C8B200F06EFF00F0ECFF5D
:10052000304600F069FF00F0E7FF00F0C5FF0A2049
:10053000F1F7FFF870BD000010B500BF00220821E0
:100540001048F1F7F1F800BF00F01EF800BF0122DB
:1005500011460C48F1F7E8F800BF00F015F800BFAD
:10056000002201210748F1F7DFF800BF00F00CF886
:1005700000BF012208210348F1F7D6F800BF00F0C0
:1005800003F810BD0004025810B50220F1F7FEF880
:1005900010BD000000B587B000BF00BF194800685B
:1005A00040F00200174908600846006800F00200A9
:1005B000019000BF00BF00BF00BF00BF0846006839
:1005C00040F0020008600846006800F00200019058
:1005D00000BF00BF00BF01200290039004900320E1
:1005E000059002A90848F1F790F808200290112020
:1005F000039002A90448F1F788F800F0B1F807B0B9
:1006000000BD0000E04402580004025810B500BFCD
:10061000012208210C48F1F787F800BFFFF7B4FF6B
:1006200000BF012211460848F1F77EF800BFFFF72E
:10063000ABFF00BF002201210348F1F775F800BFAE
:10064000FFF7A2FF10BD00000004025870B5054678
:10065000002400261CE06006040E00BF01221146A3
:100660001048F1F761F800BFFFF78EFF08210D4831
:10067000F1F791F808B1601CC4B200BF002201215B
:100680000848F1F751F800BFFFF77EFF701CC6B2B3
:10069000082EE0DB15B9FFF7B9FF01E0FFF74CFFCB
:1006A000204670BD0004025870B50446002524E0C1
:1006B00000BFE00928B1012208211548F1F734F8FC
:1006C00004E0002208211248F1F72EF800BFFFF7DE
:1006D0005BFF00BF012211460D48F1F725F800BF6E
:1006E000FFF752FF00BF002201210948F1F71CF873
:1006F00000BF6006040E681CC5B2082DD8DB00BF21
:10070000012208210248F1F70FF800BF70BD000078
:100710000004025810B500BF012208210F48F1F76C
:1007200003F800BF00BF012211460C48F0F7FCFFA0
:1007300000BFFFF729FF00BF002208210748F0F79C
:10074000F3FF00BFFFF720FF00BF00220121034895
:10075000F0F7EAFF00BFFFF717FF10BD00040258D3
:1007600010B500BF002208210C48F0F7DDFF00BFE4
:10077000FFF70AFF00BF012211460848F0F7D4FF37
:1007800000BFFFF701FF00BF012208210348F0F777
:10079000CBFF00BFFFF7F8FE10BD000000040258B9
:1007A00070B50024002500BF012208211548F0F78C
:1007B000BBFF00BFFFF7E8FE00BF01221146114852
:1007C000F0F7B2FF00BFFFF7DFFE09E0601CC4B224
:1007D000FA2C03DDFFF7C4FF012507E0FFF7D4FE85
:1007E00008210848F0F7D7FF0028EFD100BF00BF6D
:1007F000002201210348F0F797FF00BFFFF7C4FE76
:10080000284670BD000402588EB0282248A104A8D2
:10081000EFF731FE504903C9CDE902014FA000684E
:1008200001904FF47F00F3F7FBF8F1F7BFFE4C485F
:10083000F3F71EF94FF6FF70F3F7FDF849A0F1F753
:10084000F3FF4B48F3F714F90A20F3F77DF9FF2083
:10085000F3F7F1F882234FF4FA7232214FF49670D5
:10086000F2F7A2F932234FF4FA7282214FF4967014
:10087000F2F79AF90020F3F7D3F86FF07F40F3F71F
:10088000DAF80020F3F77EF93222D10039A0F2F72E
:1008900063F80420F3F776F942224FF4C87139A0C7
:1008A000F2F75AF80220F3F76DF952224FF4C871AB
:1008B00037A0F2F751F80120F3F764F962224FF400
:1008C000C87137A0F2F748F80620F3F75BF97222F7
:1008D0004FF4C87135A0F2F73FF80220F3F752F950
:1008E00000241DE06FF07F40F3F7A5F802A8F2F7AF
:1008F000D3F90020F3F79FF801A8035D002202A9B5
:1009000004A8F2F743F8BDF80800463000B2ADF88D
:100910000800BDF80C00463000B2ADF80C00641CB5
:10092000032CDFDB02E06420F1F746FFFBE7000069
:1009300054686973206578616D706C652064656DBD
:100940006F73747261746573207465787420777244
:10095000617070696E67000050A401900002010090
:10096000FCCA019048454C4C4F20574F524421003F
:1009700044B801904755495F544D5F4E4F524D4129
:100980004C0000004755495F544D5F5245560000EA
:100990004755495F544D5F5452414E53000000008B
:1009A0004755495F544D5F584F5200004755495FC6
:1009B000454D5F5452414E537C4755495F544D5FFE
:1009C0005245560000B587B000BF00BF47480068D9
:1009D00040F00400454908600846006800F0040043
:1009E000009000BF00BF00BF00BF00BF0846006806
:1009F00040F0020008600846006800F00200009025
:100A000000BF00BF00BF202002900120039004908F
:100A10000320059002A93648F0F777FE02200290E5
:100A200000200390012004900320059002A9314882
:100A3000F0F76BFEFFF7AEFD00BF002220212C482F
:100A4000F0F772FE00BF1420F0F773FE00BF012222
:100A500020212748F0F768FE00BF3220F0F769FE3A
:100A600000208DF80400012201A900F049F90122BB
:100A700001A9A42000F044F916208DF804000122F9
:100A800001A9802000F03CF90C208DF8040001221F
:100A900001A9882000F034F9022201A9A12000F068
:100AA00031F89DF80400302803D19DF80500032893
:100AB0000DD09DF80500012809D09DF805000228F9
:100AC00005D09DF8040070B99DF8050058B99DF84F
:100AD00005009DF8042000EB022107A0EFF7C8FAFB
:100AE000002007B000BD0120FBE70000E0440258F1
:100AF00000080258000402584354502049443A2543
:100B0000780D0A002DE9F04106460F461546FFF71D
:100B100001FE7020FFF7C8FDFFF742FEF0B2FFF7BD
:100B2000C3FDFFF73DFEFFF7F5FD7120FFF7BCFDAC
:100B3000FFF736FE00240BE0691EA14201D001211F
:100B400000E000210846FFF781FD3855601CC4B263
:100B5000AC42F1DBFFF704FEBDE8F0812DE9FC417A
:100B60000746002001900024002661480078401CC0
:100B70005F490870084600780A2190FBF1F201FBFA
:100B8000120018B15A4800780A2867DA012201A930
:100B90000220FFF7B7FF9DF8040000F00F000028C7
:100BA0005CD09DF8040000F00F0006287BDA9DF869
:100BB000040000F00F014FF6FF70884085B2E84353
:100BC00080B240F440404B4988860420F0F7B1FDE4
:100BD00000245AE04748808E0121A1400840E0B33C
:100BE000454931F8140004226946FFF78BFF41485C
:100BF00090F8440000F00100C0B19DF801009DF89C
:100C0000001001F00F0100EB01203A49203121F8DA
:100C100014009DF803009DF8021001F00F0100EB95
:100C2000012134480C3020F814101EE09DF801001A
:100C30009DF8001001F00F0100EB01202F490988F9
:100C4000081A81B22B480C3020F814109DF80300CC
:100C50009DF8021001F00F0101E014E023E000EB29
:100C600001202449203121F814009DF8000000F0F3
:100C7000F000802807D000211E48203020F81410F2
:100C8000143820F81410601CC4B2052CA2DB012615
:100C90001848808920B91748008C08B900200190B5
:100CA0000020134908709DF8040000F01F00A8B947
:100CB0001048808E00F4004030B10E48808E20F441
:100CC00000400C49888609E04FF6FF700949888189
:100CD00008840846808E00F46040888604480078C6
:100CE000F02802DD0A20024908703046BDE8FC8188
:100CF0001D000024200000247E5C0190342200248A
:100D00002DE9F04105460E4617464FF00008FFF763
:100D100001FD7020FFF7C8FCFFF742FDE8B2FFF7C6
:100D2000C3FCFFF73DFD00240BE0305DFFF7BCFC8A
:100D3000FFF736FD8046B8F1000F00D003E0601CDD
:100D4000C4B2BC42F1DB00BFFFF70AFD4046BDE87C
:100D5000F081000000B589B000BF00BF4D480068B9
:100D600040F004004B4908600846006800F00400A9
:100D7000019000BF00BF00BF00BF00BF0846006871
:100D800040F0020008600846006800F00200019090
:100D900000BF00BF00BF20200490012005900690F6
:100DA0000320079004A93C48F0F7AFFC0220049010
:100DB00000200590012006900320079004A93748E1
:100DC000F0F7A3FCFFF7E6FB00BF0022202132482A
:100DD000F0F7AAFC00BF0A20F0F7ABFC00BF01222D
:100DE00020212D48F0F7A0FC00BF0A20F0F7A1FC5D
:100DF000022004900020059006900320079004A98B
:100E00002648F0F782FC6420F0F793FC042202A944
:100E100048F2401000F05AF800208DF80C0020A194
:100E200002A8EFF795FB88B11EA102A8EFF790FB8F
:100E300060B11EA102A8EFF78BFB38B11DA102A87B
:100E4000EFF786FB10B1012009B000BD02A91BA07D
:100E5000EFF70EF917A102A8EFF77AFB10B90A20F5
:100E60001949087002208DF80800012202A948F2F1
:100E7000400000F0D5F90A20F0F75BFC00208DF867
:100E80000800012202A948F2400000F0C9F9002040
:100E9000DAE70000E0440258000802580004025853
:100EA0003931310039313437000000003131353803
:100EB0000000000039323731000000004354502058
:100EC00049443A25730D0A001E0000242DE9F04123
:100ED00005460F461646FFF71DFC2820FFF7E4FBEA
:100EE000FFF75EFC2812FFF7DFFBFFF759FCE8B2C3
:100EF000FFF7DAFBFFF754FCFFF70CFC2920FFF7A4
:100F0000D3FBFFF74DFC00240BE0711EA14201D082
:100F1000012100E000210846FFF798FB3855601CCE
:100F2000C4B2B442F1DBFFF71BFCBDE8F081000066
:100F300071B583B0002001900026B4480078401CB1
:100F4000B2490870084601780A2091FBF0F200FBD4
:100F5000121018B1AD4800780A287DDA012203A9E1
:100F600048F24E10FFF7B2FF9DF80C0000F0800031
:100F700078B19DF80C0000F00F00A549097888426F
:100F800007DC00200190012201A948F24E1000F078
:100F900047F99DF80C0000F00F0000285CD09DF888
:100FA0000C0000F00F009A490978884254DC9DF843
:100FB0000C0000F00F014FF6FF70884084B2954896
:100FC000858EE04380B240F44040924988860846CE
:100FD00082898F480078401E0C3121F810208D48FE
:100FE000028C8B480078401E143121F8102000201C
:100FF0000190A7E08748808E9DF804200121914050
:10100000084000283FD084499DF8042031F81200A0
:10101000042202A9FFF75AFF8048808845F2105148
:1010200088420BD07D48808849F60601884205D069
:101030007A48808847F29671884240D1754890F886
:10104000440000F00100F8B19DF80A009DF80B1073
:1010500000EB0120714900E0B2E00988081A81B272
:101060006C480C309DF8042020F812109DF8080000
:101070009DF8091000EB012081B2664820309DF8F0
:10108000042020F8121058E09DF808009DF809107F
:1010900000EB012081B25F480C309DF8042020F85D
:1010A00012109DF80A009DF80B1000EB012081B290
:1010B000584820309DF8042020F812103DE0554893
:1010C00090F8440000F00100D0B19DF808009DF8B0
:1010D000091000EB012081B24E480C309DF804202D
:1010E00020F812109DF80A009DF80B1000EB01206B
:1010F00081B2484820309DF8042020F812101CE0EE
:101100009DF80A009DF80B1000EB01204349098867
:10111000081A81B23F480C309DF8042020F81210C4
:101120009DF808009DF8091000EB012081B23948B4
:1011300020309DF8042020F812109DF80400401C77
:10114000C0B201909DF80400314909788842FFF649
:1011500051AF01262F48808930490988884205DC33
:101160002C48008C2D494988884226DD9DF80C00CA
:1011700000F00F0001280ADD2648C0892549888132
:101180000846408C088400202049087018E0204858
:101190000078401E1F490C3131F810000C3988814D
:1011A0001B480078401E203131F810002039088497
:1011B000802003900846858602E0002013490870CD
:1011C0009DF80C0000F08F00802815D11148808E0A
:1011D00000F4004030B10F48808E20F400400D49EB
:1011E000888609E04FF6FF700A498881088408461E
:1011F000808E00F46040888604480078F02802DD84
:101200000A2002490870304604B070BD1F00002457
:101210001E00002420000024885C01903422002459
:101220002DE9F04104460E4617464FF00008FFF73F
:1012300071FA2820FFF738FAFFF7B2FA2012FFF709
:1012400033FAFFF7ADFAE0B2FFF72EFAFFF7A8FA8C
:1012500000250BE0705DFFF727FAFFF7A1FA804643
:10126000B8F1000F00D003E0681CC5B2BD42F1DB4D
:1012700000BFFFF775FA4046BDE8F08110B500BF2A
:1012800000224FF400611148F0F74EFA00BF00F061
:101290001FF800BF012291020C48F0F745FA00BF89
:1012A00000F016F800BF00224FF480610748F0F705
:1012B0003BFA00BF00F00CF800BF0122D102034846
:1012C000F0F732FA00BF00F003F810BD0004025836
:1012D00010B50220F0F75AFA10BD000000B587B033
:1012E00000BF00BF1A48006840F0020018490860BB
:1012F0000846006800F00200019000BF00BF00BF78
:1013000000BF00BF0846006840F0020008600846C1
:10131000006800F00200019000BF00BF00BF4FF462
:10132000806002901120039001200490032005901A
:1013300002A90848F0F7E9F94FF40060029002A909
:101340000448F0F7E2F900F0B7F807B000BD00007C
:10135000E04402580004025810B500BF0122D10237
:101360000C48F0F7E1F900BFFFF7B2FF00BF012220
:1013700091020848F0F7D8F900BFFFF7A9FF00BFB6
:1013800000224FF480610348F0F7CEF900BFFFF769
:101390009FFF10BD0004025870B5054600240026CA
:1013A0001EE06006040E00BF012291021148F0F712
:1013B000BBF900BFFFF78CFF4FF400610D48F0F759
:1013C000EAF908B1601CC4B200BF00224FF480618A
:1013D0000848F0F7A9F900BFFFF77AFF701CC6B202
:1013E000082EDEDB15B9FFF7B7FF01E0FFF746FF78
:1013F000204670BD0004025870B50446002526E062
:1014000000BFE00928B10122D1021648F0F78CF99B
:1014100005E000224FF400611248F0F785F900BFA3
:10142000FFF756FF00BF012291020E48F0F77CF94A
:1014300000BFFFF74DFF00BF00224FF48061094855
:10144000F0F772F900BF6006040E681CC5B2082DE3
:10145000D6DB00BF0122D1020248F0F765F900BFD8
:1014600070BD00000004025810B500BF0122D10277
:101470001048F0F759F900BF00BF012291020D4852
:10148000F0F752F900BFFFF723FF00BF00224FF42F
:1014900000610848F0F748F900BFFFF719FF00BFE7
:1014A00000224FF480610348F0F73EF900BFFFF7D8
:1014B0000FFF10BD0004025810B500BF00224FF40A
:1014C00000610C48F0F730F900BFFFF701FF00BFE3
:1014D000012291020748F0F727F900BFFFF7F8FE55
:1014E00000BF0122D1020348F0F71EF900BFFFF749
:1014F000EFFE10BD0004025870B50024002500BFA7
:101500000122D1021548F0F70FF900BFFFF7E0FE06
:1015100000BF012291021148F0F706F900BFFFF762
:10152000D7FE07E0601CC4B2FA2C03DDFFF7C4FF4E
:10153000012506E04FF400610848F0F72CF9002877
:10154000F0D100BF00BF00224FF480610348F0F7E4
:10155000EBF800BFFFF7BCFE284670BD0004025840
:1015600070B5044600260948058840884543002197
:10157000084603F0C3F903F067FB00BF02E004482C
:101580000480761CAE42FAD370BD000034220024E1
:101590000000106010B5044658488471002C58D1E2
:1015A000F020564908804FF4A07048800846808893
:1015B00045F21051884210D14FF430504F49088104
:1015C0004FF4285048814FF42C5088814FF4F0702C
:1015D00008804FF4487048801AE04848808841F6F7
:1015E000631188420DD12C20444908812B20488169
:1015F0002A2088814FF4F07008804FF448704880AA
:1016000006E02C203D4908812A2048812B20888132
:101610003A48808845F21031884205D037488088A2
:1016200047F29671884206D14FF4A0703349088082
:101630004FF4F07048803148808849F606018842AE
:1016400058D14FF4F0702D4908804FF4487048800D
:1016500050E04FF4A07029490880F02048800846E7
:10166000808845F21051884210D14FF43050234900
:1016700008814FF4285048814FF42C5088814FF452
:10168000487008804FF4F070488020E01B48808844
:1016900041F66311884205D01848808849F6060152
:1016A00088420DD12C20154908812A2048812B2001
:1016B00088814FF4487008804FF4F070488006E04D
:1016C0002C200E4908812A2048812B2088810B4834
:1016D000808845F21031884205D00848808847F25A
:1016E0009671884206D14FF4F070044908804FF497
:1016F000A0704880002002F0E3FF10BD34220024D7
:101700002DE9F04706460F4690469A460024454686
:101710000320A0EB480944E07A1B91B2321990B241
:10172000524600F099F83A1B91B2721990B25246A3
:1017300000F092F83A1991B2721990B2524600F044
:101740008BF87A1991B2321990B2524600F084F8AF
:101750007A1991B2321B90B2524600F07DF83A19D4
:1017600091B2721B90B2524600F076F87A1B91B299
:10177000321B90B2524600F06FF83A1B91B2721BC6
:1017800090B2524600F068F8641CB9F1000F03DA19
:10179000A000801D814404E0601B80000A30814469
:1017A0006D1EAC42B8DDBDE8F0872DE9FF4F84B077
:1017B00081468A460020029083460698A0EB0905E0
:1017C0000798A0EB0A06CDF80490CDF800A0002DF4
:1017D00001DD012705E00DB9002702E04FF0FF37DA
:1017E0006D42002E02DD4FF0010806E016B94FF001
:1017F000000802E04FF0FF387642B54201DD2C468A
:1018000000E03446002003901EE0009A91B2019A55
:1018100090B2119A00F020F8029828440290B34444
:101820000298A04205DD0298001B029001983844FE
:101830000190A34504DDABEB040B009840440090FD
:101840000398401C80B20390611C03988842DCDD41
:1018500008B0BDE8F08F000070B505460E4614468E
:101860003146284603F04AF803F0EEF901490C80AE
:1018700070BD00000000106010B5CF2003F0D8F953
:10188000002003F0C9F9C12003F0C6F9302003F0AD
:10189000C3F9ED2003F0CCF9642003F0BDF9032077
:1018A00003F0BAF9122003F0B7F9812003F0B4F97C
:1018B000E82003F0BDF9852003F0AEF9102003F015
:1018C000ABF97A2003F0A8F9CB2003F0B1F9392065
:1018D00003F0A2F92C2003F09FF9002003F09CF9FB
:1018E000342003F099F9022003F096F9F72003F071
:1018F0009FF9202003F090F9EA2003F099F90020E5
:1019000003F08AF9002003F087F9C02003F090F972
:101910001B2003F081F9C12003F08AF9012003F0B4
:101920007BF9C52003F084F9302003F075F93020ED
:1019300003F072F9C72003F07BF9B72003F06CF9CC
:10194000362003F075F9482003F066F93A2003F0D9
:101950006FF9552003F060F9B12003F069F9002018
:1019600003F05AF91A2003F057F9B62003F060F992
:101970000A2003F051F9A22003F04EF9F22003F0FF
:1019800057F9002003F048F9262003F051F901200F
:1019900003F042F9E02003F04BF90F2003F03CF98B
:1019A0002A2003F039F9282003F036F9082003F043
:1019B00033F90E2003F030F9082003F02DF95420FC
:1019C00003F02AF9A92003F027F9432003F024F9B2
:1019D0000A2003F021F90F2003F01EF9002003F084
:1019E0001BF9002003F018F9002003F015F900207E
:1019F00003F012F9E12003F01BF9002003F00CF9C9
:101A0000152003F009F9172003F006F9072003F069
:101A100003F9112003F000F9062003F0FDF82B2054
:101A200003F0FAF8562003F0F7F83C2003F0F4F83E
:101A3000052003F0F1F8102003F0EEF80F2003F07A
:101A4000EBF83F2003F0E8F83F2003F0E5F80F2023
:101A500003F0E2F82B2003F0EBF8002003F0DCF8B1
:101A6000002003F0D9F8012003F0D6F83F2003F05E
:101A7000D3F82A2003F0DCF8002003F0CDF8002092
:101A800003F0CAF8002003F0C7F8EF2003F0C4F811
:101A9000112003F0CDF87820EFF74BFE292003F05A
:101AA000C7F810BD10B5FF2003F0C2F8FF2003F007
:101AB000B3F8982003F0B0F8062003F0ADF8BC208E
:101AC00003F0B6F8012003F0A7F80F2003F0A4F804
:101AD000612003F0A1F8FF2003F09EF8012003F03D
:101AE0009BF8012003F098F80B2003F095F81020E4
:101AF00003F092F8372003F08FF8632003F08CF89E
:101B0000FF2003F089F8FF2003F086F8012003F09E
:101B100083F8012003F080F8002003F07DF8002016
:101B200003F07AF8FF2003F077F8522003F074F8FE
:101B3000012003F071F8002003F06EF8402003F05C
:101B40006BF8BD2003F074F8012003F065F8232042
:101B500003F062F8452003F05FF8672003F05CF8BB
:101B6000012003F059F8232003F056F8452003F034
:101B700053F8672003F050F8BE2003F059F8002016
:101B800003F04AF8012003F047F8AB2003F044F8D3
:101B9000602003F041F8222003F03EF8222003F0F9
:101BA0003BF8222003F038F8222003F035F82220F9
:101BB00003F032F8C72003F03BF8362003F02CF88E
:101BC000ED2003F035F87F2003F026F80F2003F016
:101BD00023F8C02003F02CF80F2003F01DF80B2091
:101BE00003F01AF80A2003F017F8FC2003F020F89D
:101BF000082003F011F8DF2003F01AF8002003F0AA
:101C00000BF8002003F008F8002003F005F800208E
:101C100003F002F8002002F0FFFF202002F0FCFF9A
:101C2000F32003F005F8742002F0F6FFB42002F070
:101C3000FFFF002002F0F0FF002002F0EDFF002087
:101C400002F0EAFFF72002F0F3FF822002F0E4FF47
:101C5000B12002F0EDFF002002F0DEFF132002F0C1
:101C6000DBFF132002F0D8FFF22002F0E1FF80201A
:101C700002F0D2FF042002F0CFFF402002F0CCFFA0
:101C8000282002F0C9FFC12002F0D2FF172002F085
:101C9000C3FF882002F0C0FF882002F0BDFF202093
:101CA00002F0BAFFE02002F0C3FF002002F0B4FF10
:101CB0000A2002F0B1FF122002F0AEFF102002F065
:101CC000ABFF0E2002F0A8FF202002F0A5FFCC20E1
:101CD00002F0A2FF072002F09FFF062002F09CFF07
:101CE0000B2002F099FF0E2002F096FF0F2002F069
:101CF00093FF0D2002F090FF152002F08DFF1020C1
:101D000002F08AFF002002F087FFE12002F090FF3E
:101D1000002002F081FF0B2002F07EFF132002F072
:101D20007BFF0D2002F078FF0E2002F075FF1B20D4
:101D300002F072FF712002F06FFF062002F06CFFCC
:101D4000062002F069FF0A2002F066FF0F2002F071
:101D500063FF0E2002F060FF0F2002F05DFF1520F0
:101D600002F05AFF0C2002F057FF002002F054FF4F
:101D70002A2002F05DFF002002F04EFF002002F05A
:101D80004BFF012002F048FFDF2002F045FF2B202F
:101D900002F04EFF002002F03FFF002002F03CFF67
:101DA000032002F039FF1F2002F036FF3A2002F034
:101DB0003FFF552002F030FF362002F039FF0020AF
:101DC00002F02AFF112002F033FF7820EFF7B1FC78
:101DD000292002F02DFF1420EFF7ABFC2C2002F09D
:101DE00027FF10BD10B5ED2002F022FF012002F008
:101DF00013FFFE2002F010FFEE2002F019FFDE209C
:101E000002F00AFF212002F007FFF12002F010FF8C
:101E1000012002F001FFDF2002F00AFF102002F093
:101E2000FBFEC42002F004FF8F2002F0F5FEC62066
:101E300002F0FEFE002002F0EFFEE22002F0ECFED7
:101E4000E22002F0E9FEE22002F0E6FEBF2002F00E
:101E5000EFFEAA2002F0E0FEB02002F0E9FE0D2025
:101E600002F0DAFE002002F0D7FE0D2002F0D4FED0
:101E7000002002F0D1FE112002F0CEFE002002F080
:101E8000CBFE192002F0C8FE002002F0C5FE212082
:101E900002F0C2FE002002F0BFFE2D2002F0BCFEC8
:101EA000002002F0B9FE3D2002F0B6FE002002F054
:101EB000B3FE5D2002F0B0FE002002F0ADFE5D201A
:101EC00002F0AAFE002002F0A7FEB12002F0B0FE50
:101ED000802002F0A1FE002002F09EFE8B2002F086
:101EE0009BFE002002F098FE962002F095FE002056
:101EF00002F092FEB22002F09BFE002002F08CFE67
:101F0000002002F089FE022002F086FE002002F08E
:101F100083FE032002F080FE002002F07DFEB3204D
:101F200002F086FE002002F077FE002002F074FE30
:101F3000002002F071FE002002F06EFE002002F090
:101F40006BFE002002F068FE002002F065FE00201B
:101F500002F062FE002002F05FFE002002F05CFE54
:101F6000002002F059FE002002F056FE002002F090
:101F700053FE002002F050FE002002F04DFE002033
:101F800002F04AFE002002F047FE002002F044FE6C
:101F9000002002F041FE002002F03EFE002002F090
:101FA0003BFE002002F038FE002002F035FE00204B
:101FB00002F032FEB42002F03BFE8B2002F02CFE39
:101FC000002002F029FE962002F026FE002002F0FA
:101FD00023FEA12002F020FE002002F01DFEB5200D
:101FE00002F026FE022002F017FE002002F014FE8E
:101FF000032002F011FE002002F00EFE042002F089
:102000000BFE002002F008FEB62002F011FE0020B8
:1020100002F002FE002002F0FFFDB72002F008FEF1
:10202000002002F0F9FD002002F0F6FD3F2002F052
:10203000F3FD002002F0F0FD5E2002F0EDFD002037
:1020400002F0EAFD642002F0E7FD002002F0E4FD6A
:102050008C2002F0E1FD002002F0DEFDAC2002F059
:10206000DBFD002002F0D8FDDC2002F0D5FD0020D1
:1020700002F0D2FD702002F0CFFD002002F0CCFD76
:10208000902002F0C9FD002002F0C6FDEB2002F016
:10209000C3FD002002F0C0FDDC2002F0BDFD0020E9
:1020A00002F0BAFDB82002F0C3FD002002F0B4FD3A
:1020B000002002F0B1FD002002F0AEFD002002F091
:1020C000ABFD002002F0A8FD002002F0A5FD0020DD
:1020D00002F0A2FD002002F09FFDBA2002F0A8FD50
:1020E000242002F099FD002002F096FD002002F06D
:1020F00093FD002002F090FDC12002F099FD202008
:1021000002F08AFD002002F087FD542002F084FDD9
:10211000002002F081FDFF2002F07EFD002002F091
:102120007BFDC22002F084FD0A2002F075FD002034
:1021300002F072FD042002F06FFD002002F06CFD41
:10214000C32002F075FD3C2002F066FD002002F085
:1021500063FD3A2002F060FD002002F05DFD3920B1
:1021600002F05AFD002002F057FD372002F054FD26
:10217000002002F051FD3C2002F04EFD002002F054
:102180004BFD362002F048FD002002F045FD3220D4
:1021900002F042FD002002F03FFD2F2002F03CFD46
:1021A000002002F039FD2C2002F036FD002002F064
:1021B00033FD292002F030FD002002F02DFD262005
:1021C00002F02AFD002002F027FD242002F024FD69
:1021D000002002F021FD242002F01EFD002002F06C
:1021E0001BFD232002F018FD002002F015FD3C200D
:1021F00002F012FD002002F00FFD362002F00CFD6F
:10220000002002F009FD322002F006FD002002F05D
:1022100003FD2F2002F000FD002002F0FDFC2C2029
:1022200002F0FAFC002002F0F7FC292002F0F4FC96
:10223000002002F0F1FC262002F0EEFC002002F06B
:10224000EBFC242002F0E8FC002002F0E5FC242056
:1022500002F0E2FC002002F0DFFC232002F0DCFCB4
:10226000002002F0D9FCC42002F0E2FC622002F05F
:10227000D3FC002002F0D0FC052002F0CDFC0020B1
:1022800002F0CAFC842002F0C7FC002002F0C4FC6B
:10229000F02002F0C1FC002002F0BEFC182002F089
:1022A000BBFC002002F0B8FCA42002F0B5FC00202A
:1022B00002F0B2FC182002F0AFFC002002F0ACFCEF
:1022C000502002F0A9FC002002F0A6FC0C2002F035
:1022D000A3FC002002F0A0FC172002F09DFC0020CF
:1022E00002F09AFC952002F097FC002002F094FC8A
:1022F000F32002F091FC002002F08EFCE62002F0B8
:102300008BFC002002F088FCC52002F091FC3220FA
:1023100002F082FC002002F07FFC442002F07CFCF2
:10232000002002F079FC652002F076FC002002F02B
:1023300073FC762002F070FC002002F06DFC882017
:1023400002F06AFC002002F067FCC62002F070FC7C
:10235000202002F061FC002002F05EFC172002F059
:102360005BFC002002F058FC012002F055FC00202C
:1023700002F052FCC72002F05BFC002002F04CFC93
:10238000002002F049FC002002F046FC002002F090
:1023900043FCC82002F04CFC002002F03DFC002071
:1023A00002F03AFC002002F037FC002002F034FC7E
:1023B000C92002F03DFC002002F02EFC002002F0BB
:1023C0002BFC002002F028FC002002F025FC00205D
:1023D00002F022FC002002F01FFC002002F01CFC96
:1023E000002002F019FC002002F016FC002002F090
:1023F00013FC002002F010FC002002F00DFC002075
:1024000002F00AFC002002F007FC002002F004FCAD
:10241000002002F001FCE02002F00AFC162002F08D
:10242000FBFB002002F0F8FB1C2002F0F5FB002073
:1024300002F0F2FB212002F0EFFB002002F0ECFBA7
:10244000362002F0E9FB002002F0E6FB462002F015
:10245000E3FB002002F0E0FB522002F0DDFB002055
:1024600002F0DAFB642002F0D7FB002002F0D4FB7C
:102470007A2002F0D1FB002002F0CEFB8B2002F08C
:10248000CBFB002002F0C8FB992002F0C5FB002026
:1024900002F0C2FBA82002F0BFFB002002F0BCFB50
:1024A000B92002F0B9FB002002F0B6FBC42002F014
:1024B000B3FB002002F0B0FBCA2002F0ADFB00200D
:1024C00002F0AAFBD22002F0A7FB002002F0A4FB3E
:1024D000D92002F0A1FB002002F09EFBE02002F0D8
:1024E0009BFB002002F098FBF32002F095FB0020FC
:1024F00002F092FBE12002F09BFB162002F08CFB25
:10250000002002F089FB1C2002F086FB002002F074
:1025100083FB222002F080FB002002F07DFB3620AE
:1025200002F07AFB002002F077FB452002F074FBFA
:10253000002002F071FB522002F06EFB002002F03E
:102540006BFB642002F068FB002002F065FB7A2040
:1025500002F062FB002002F05FFB8B2002F05CFBCC
:10256000002002F059FB992002F056FB002002F0F7
:1025700053FBA82002F050FB002002F04DFBB920D5
:1025800002F04AFB002002F047FBC42002F044FBAB
:10259000002002F041FBCA2002F03EFB002002F0C6
:1025A0003BFBD22002F038FB002002F035FBD820A4
:1025B00002F032FB002002F02FFBE02002F02CFBA7
:1025C000002002F029FBF32002F026FB002002F09D
:1025D00023FBE22002F02CFB052002F01DFB002073
:1025E00002F01AFB0B2002F017FB002002F014FB94
:1025F0001B2002F011FB002002F00EFB342002F041
:102600000BFB002002F008FB442002F005FB002039
:1026100002F002FB4F2002F0FFFA002002F0FCFA69
:10262000612002F0F9FA002002F0F6FA792002F0B7
:10263000F3FA002002F0F0FA882002F0EDFA002010
:1026400002F0EAFA972002F0E7FA002002F0E4FA3A
:10265000A62002F0E1FA002002F0DEFAB72002F034
:10266000DBFA002002F0D8FAC22002F0D5FA0020EE
:1026700002F0D2FAC72002F0CFFA002002F0CCFA22
:10268000D12002F0C9FA002002F0C6FAD62002F0EA
:10269000C3FA002002F0C0FADD2002F0BDFA0020EB
:1026A00002F0BAFAF32002F0B7FA002002F0B4FA0E
:1026B000E32002F0BDFA052002F0AEFA002002F09D
:1026C000ABFA0A2002F0A8FA002002F0A5FA1C20BA
:1026D00002F0A2FA002002F09FFA332002F09CFAE6
:1026E000002002F099FA442002F096FA002002F04D
:1026F00093FA502002F090FA002002F08DFA622046
:1027000002F08AFA002002F087FA782002F084FAB8
:10271000002002F081FA882002F07EFA002002F008
:102720007BFA972002F078FA002002F075FAA620D2
:1027300002F072FA002002F06FFAB72002F06CFA91
:10274000002002F069FAC22002F066FA002002F0CE
:1027500063FAC72002F060FA002002F05DFAD1208F
:1027600002F05AFA002002F057FAD52002F054FA8B
:10277000002002F051FADD2002F04EFA002002F0B3
:102780004BFAF32002F048FA002002F045FAE42068
:1027900002F04EFA012002F03FFA002002F03CFA6B
:1027A000012002F039FA002002F036FA022002F08D
:1027B00033FA002002F030FA2A2002F02DFA00202D
:1027C00002F02AFA3C2002F027FA002002F024FA54
:1027D0004B2002F021FA002002F01EFA5D2002F0E8
:1027E0001BFA002002F018FA742002F015FA0020FB
:1027F00002F012FA842002F00FFA002002F00CFA24
:10280000932002F009FA002002F006FAA22002F05A
:1028100003FA002002F000FAB32002F0FDF90020D4
:1028200002F0FAF9BE2002F0F7F9002002F0F4F904
:10283000C42002F0F1F9002002F0EEF9CD2002F000
:10284000EBF9002002F0E8F9D32002F0E5F90020CE
:1028500002F0E2F9DD2002F0DFF9002002F0DCF9FD
:10286000F32002F0D9F9002002F0D6F9E52002F0B9
:10287000DFF9002002F0D0F9002002F0CDF90020AD
:1028800002F0CAF9002002F0C7F9022002F0C4F9F0
:10289000002002F0C1F9292002F0BEF9002002F068
:1028A000BBF93C2002F0B8F9002002F0B5F94B204A
:1028B00002F0B2F9002002F0AFF95D2002F0ACF9AD
:1028C000002002F0A9F9742002F0A6F9002002F01D
:1028D000A3F9842002F0A0F9002002F09DF99320D2
:1028E00002F09AF9002002F097F9A22002F094F980
:1028F000002002F091F9B32002F08EF9002002F0DE
:102900008BF9BE2002F088F9002002F085F9C4207E
:1029100002F082F9002002F07FF9CD2002F07CF96C
:10292000002002F079F9D32002F076F9002002F0BD
:1029300073F9DC2002F070F9002002F06DF9F32049
:1029400002F06AF9002002F067F9E62002F070F95F
:10295000112002F061F9002002F05EF9342002F04B
:102960005BF9002002F058F9562002F055F90020DA
:1029700002F052F9762002F04FF9002002F04CF9F3
:10298000772002F049F9002002F046F9662002F0B3
:1029900043F9002002F040F9882002F03DF90020C0
:1029A00002F03AF9992002F037F9002002F034F9E8
:1029B000BB2002F031F9002002F02EF9992002F03C
:1029C0002BF9002002F028F9662002F025F90020FA
:1029D00002F022F9552002F01FF9002002F01CF944
:1029E000552002F019F9002002F016F9452002F0F6
:1029F00013F9002002F010F9432002F00DF9002035
:102A000002F00AF9442002F007F9002002F004F96C
:102A1000E72002F00DF9322002F0FEF8002002F06B
:102A2000FBF8552002F0F8F8002002F0F5F87620C7
:102A300002F0F2F8002002F0EFF8662002F0ECF865
:102A4000002002F0E9F8672002F0E6F8002002F02A
:102A5000E3F8672002F0E0F8002002F0DDF88720BC
:102A600002F0DAF8002002F0D7F8992002F0D4F84A
:102A7000002002F0D1F8BB2002F0CEF8002002F0D6
:102A8000CBF8992002F0C8F8002002F0C5F87720B2
:102A900002F0C2F8002002F0BFF8442002F0BCF8B7
:102AA000002002F0B9F8562002F0B6F8002002F03B
:102AB000B3F8232002F0B0F8002002F0ADF8332084
:102AC00002F0AAF8002002F0A7F8452002F0A4F8CE
:102AD000002002F0A1F8E82002F0AAF8002002F09D
:102AE0009BF8002002F098F8992002F095F8002059
:102AF00002F092F8872002F08FF8002002F08CF8A4
:102B0000882002F089F8002002F086F8772002F091
:102B100083F8002002F080F8662002F07DF80020A3
:102B200002F07AF8882002F077F8002002F074F8BA
:102B3000AA2002F071F8002002F06EF8BB2002F02B
:102B40006BF8002002F068F8992002F065F8002088
:102B500002F062F8662002F05FF8002002F05CF8F4
:102B6000552002F059F8002002F056F8552002F0E6
:102B700053F8002002F050F8442002F04DF80020F5
:102B800002F04AF8442002F047F8002002F044F82E
:102B9000552002F041F8002002F03EF8E92002F052
:102BA00047F8AA2002F038F8002002F035F800209B
:102BB00002F032F8002002F02FF8002002F038F87E
:102BC000AA2002F029F8CF2002F032F8002002F00B
:102BD00023F8002002F020F8002002F01DF8002069
:102BE00002F01AF8002002F017F8002002F014F8A2
:102BF000002002F011F8002002F00EF8002002F090
:102C00000BF8002002F008F8002002F005F8002080
:102C100002F002F8002001F0FFFF002001F0FCFFAD
:102C2000002001F0F9FF002001F0F6FF002001F084
:102C3000F3FFF02001F0FCFF002001F0EDFF502039
:102C400001F0EAFF002001F0E7FF002001F0E4FFBF
:102C5000002001F0E1FFF32001F0EAFF002001F085
:102C6000DBFFF92001F0E4FF062001F0D5FF102082
:102C700001F0D2FF292001F0CFFF002001F0CCFFAE
:102C80003A2001F0D5FF552001F0C6FF112001F0D8
:102C9000CFFF6420EEF74DFD292001F0C9FF35205C
:102CA00001F0C6FF002001F0B7FF512001F0C0FF86
:102CB000FF2001F0B1FF532001F0BAFF2C2001F0FA
:102CC000ABFF552001F0B4FF822001F0A5FF2C20BE
:102CD00001F0AEFF10BD10B555214FF4704001F06A
:102CE000BDFFAA214FF2010001F0B8FF52214FF2BF
:102CF000020001F0B3FF08214FF2030001F0AEFF24
:102D000001214FF2040001F0A9FF0D214FF43040E2
:102D100001F0A4FF0D214BF2010001F09FFF0D21F6
:102D20004BF2020001F09AFF34214FF4364001F0DB
:102D300095FF34214BF2016001F090FF34214BF2FA
:102D4000026001F08BFF0D214FF4314001F086FF4E
:102D50000D214BF2011001F081FF0D214BF2021009
:102D600001F07CFF34214FF4374001F077FF34212C
:102D70004BF2017001F072FF34214BF2027001F04E
:102D80006DFF00214FF4324001F068FF00214BF24B
:102D9000012001F063FF00214BF2022001F05EFFF1
:102DA00024214FF4384001F059FF24214BF6010053
:102DB00001F054FF24214BF6020001F04FFF0121E6
:102DC0004FF43F4001F04AFF0F214FF4334001F030
:102DD00045FF0F214BF2013001F040FF0F214BF274
:102DE000023001F03BFF34214FF4394001F036FF4F
:102DF00034214BF6011001F031FF34214BF6021063
:102E000001F02CFF08214FF4354001F027FF082185
:102E10004BF2015001F022FF08214BF2025001F069
:102E20001DFF03214FF4424001F018FF24214FF40D
:102E30003A4001F013FF24214BF6012001F00EFF70
:102E400024214BF6022001F009FF00214FF43C4001
:102E500001F004FF78214BF6014001F0FFFE002154
:102E60004BF6024001F0FAFE00214FF43D4001F024
:102E7000F5FE78214BF6015001F0F0FE00214BF6F3
:102E8000025001F0EBFE00214FF43E4001F0E6FE5F
:102E900064214BF6016001F0E1FE00214FF4514046
:102EA00001F0DCFE33214DF2011001F0D7FE0021CC
:102EB0004DF2021001F0D2FE34214DF2031001F068
:102EC000CDFE00214DF2041001F0C8FE3A214DF272
:102ED000051001F0C3FE00214DF2061001F0BEFE08
:102EE0004A214DF2071001F0B9FE00214DF2081001
:102EF00001F0B4FE5C214DF2091001F0AFFE00219B
:102F00004DF20A1001F0AAFE81214DF20B1001F0E2
:102F1000A5FE00214DF20C1001F0A0FEA6214DF2FD
:102F20000D1001F09BFE00214DF20E1001F096FEF7
:102F3000E5214DF20F1001F091FE01214DF210102C
:102F400001F08CFE13214DF2111001F087FE0121DA
:102F50004DF2121001F082FE54214DF2131001F0D7
:102F60007DFE01214DF2141001F078FE82214DF218
:102F7000151001F073FE01214DF2161001F06EFEE6
:102F8000CA214DF2171001F069FE02214DF218100E
:102F900001F064FE00214DF2191001F05FFE0221E4
:102FA0004DF21A1001F05AFE01214DF21B1001F0F2
:102FB00055FE02214DF21C1001F050FE34214DF25D
:102FC0001D1001F04BFE02214DF21E1001F046FED5
:102FD00067214DF21F1001F041FE02214DF2201039
:102FE00001F03CFE84214DF2211001F037FE022158
:102FF0004DF2221001F032FEA4214DF2231001F017
:103000002DFE02214DF2241001F028FEB7214DF2D1
:10301000251001F023FE02214DF2261001F01EFEC4
:10302000CF214DF2271001F019FE02214DF2281098
:1030300001F014FEDE214DF2291001F00FFE0221F5
:103040004DF22A1001F00AFEF2214DF22B1001F090
:1030500005FE02214DF22C1001F000FEFE214DF282
:103060002D1001F0FBFD03214DF22E1001F0F6FDB5
:1030700010214DF22F1001F0F1FD03214DF230101F
:1030800001F0ECFD33214DF2311001F0E7FD032199
:103090004DF2321001F0E2FD6D214DF2331001F0DE
:1030A000DDFD00214FF4524001F0D8FD33214DF2F7
:1030B000012001F0D3FD00214DF2022001F0CEFDF0
:1030C00034214DF2032001F0C9FD00214DF204200E
:1030D00001F0C4FD3A214DF2052001F0BFFD0021B1
:1030E0004DF2062001F0BAFD4A214DF2072001F011
:1030F000B5FD00214DF2082001F0B0FD5C214DF23C
:10310000092001F0ABFD00214DF20A2001F0A6FDDF
:1031100081214DF20B2001F0A1FD00214DF20C2088
:1031200001F09CFDA6214DF20D2001F097FD00213C
:103130004DF20E2001F092FDE5214DF20F2001F03D
:103140008DFD01214DF2102001F088FD13214DF27B
:10315000112001F083FD01214DF2122001F07EFDCE
:1031600054214DF2132001F079FD01214DF214207C
:1031700001F074FD82214DF2152001F06FFD012157
:103180004DF2162001F06AFDCA214DF2172001F020
:1031900065FD02214DF2182001F060FD00214DF285
:1031A000192001F05BFD02214DF21A2001F056FDBD
:1031B00001214DF21B2001F051FD02214DF21C2096
:1031C00001F04CFD34214DF21D2001F047FD02219C
:1031D0004DF21E2001F042FD67214DF21F2001F04B
:1031E0003DFD02214DF2202001F038FD84214DF2F9
:1031F000212001F033FD02214DF2222001F02EFDAD
:10320000A4214DF2232001F029FD02214DF22420BA
:1032100001F024FDB7214DF2252001F01FFD022110
:103220004DF2262001F01AFDCF214DF2272001F0AA
:1032300015FD02214DF2282001F010FDDE214DF296
:10324000292001F00BFD02214DF22A2001F006FD9C
:10325000F2214DF22B2001F001FD02214DF22C2034
:1032600001F0FCFCFE214DF22D2001F0F7FC0321C2
:103270004DF22E2001F0F2FC10214DF22F2001F032
:10328000EDFC03214DF2302001F0E8FC33214DF23A
:10329000312001F0E3FC03214DF2322001F0DEFC8D
:1032A0006D214DF2332001F0D9FC00214FF4534041
:1032B00001F0D4FC33214DF2013001F0CFFC0021AC
:1032C0004DF2023001F0CAFC34214DF2033001F01E
:1032D000C5FC00214DF2043001F0C0FC3A214DF252
:1032E000053001F0BBFC00214DF2063001F0B6FCC8
:1032F0004A214DF2073001F0B1FC00214DF20830B7
:1033000001F0ACFC5C214DF2093001F0A7FC00217A
:103310004DF20A3001F0A2FC81214DF20B3001F098
:103320009DFC00214DF20C3001F098FCA6214DF2DD
:103330000D3001F093FC00214DF20E3001F08EFCB7
:10334000E5214DF20F3001F089FC01214DF21030E2
:1033500001F084FC13214DF2113001F07FFC0121BA
:103360004DF2123001F07AFC54214DF2133001F08D
:1033700075FC01214DF2143001F070FC82214DF2F8
:10338000153001F06BFC01214DF2163001F066FCA6
:10339000CA214DF2173001F061FC02214DF21830C4
:1033A00001F05CFC00214DF2193001F057FC0221C4
:1033B0004DF21A3001F052FC01214DF21B3001F0A8
:1033C0004DFC02214DF21C3001F048FC34214DF23D
:1033D0001D3001F043FC02214DF21E3001F03EFC95
:1033E00067214DF21F3001F039FC02214DF22030EF
:1033F00001F034FC84214DF2213001F02FFC022138
:103400004DF2223001F02AFCA4214DF2233001F0CC
:1034100025FC02214DF2243001F020FCB7214DF2B1
:10342000253001F01BFC02214DF2263001F016FC84
:10343000CF214DF2273001F011FC02214DF228304E
:1034400001F00CFCDE214DF2293001F007FC0221D5
:103450004DF22A3001F002FCF2214DF22B3001F046
:10346000FDFB02214DF22C3001F0F8FBFE214DF264
:103470002D3001F0F3FB03214DF22E3001F0EEFB75
:1034800010214DF22F3001F0E9FB03214DF23030D5
:1034900001F0E4FB33214DF2313001F0DFFB032179
:1034A0004DF2323001F0DAFB6D214DF2333001F094
:1034B000D5FB00214FF4544001F0D0FB33214DF2F5
:1034C000014001F0CBFB00214DF2024001F0C6FBB0
:1034D00034214DF2034001F0C1FB00214DF20440C4
:1034E00001F0BCFB3A214DF2054001F0B7FB002191
:1034F0004DF2064001F0B2FB4A214DF2074001F0C7
:10350000ADFB00214DF2084001F0A8FB5C214DF21B
:10351000094001F0A3FB00214DF20A4001F09EFB9F
:1035200081214DF20B4001F099FB00214DF20C403E
:1035300001F094FBA6214DF20D4001F08FFB00211C
:103540004DF20E4001F08AFBE5214DF20F4001F0F3
:1035500085FB01214DF2104001F080FB13214DF25B
:10356000114001F07BFB01214DF2124001F076FB8E
:1035700054214DF2134001F071FB01214DF2144032
:1035800001F06CFB82214DF2154001F067FB012137
:103590004DF2164001F062FBCA214DF2174001F0D6
:1035A0005DFB02214DF2184001F058FB00214DF265
:1035B000194001F053FB02214DF21A4001F04EFB7D
:1035C00001214DF21B4001F049FB02214DF21C404C
:1035D00001F044FB34214DF21D4001F03FFB02217C
:1035E0004DF21E4001F03AFB67214DF21F4001F001
:1035F00035FB02214DF2204001F030FB84214DF2D9
:10360000214001F02BFB02214DF2224001F026FB6C
:10361000A4214DF2234001F021FB02214DF2244070
:1036200001F01CFBB7214DF2254001F017FB0221F0
:103630004DF2264001F012FBCF214DF2274001F060
:103640000DFB02214DF2284001F008FBDE214DF276
:10365000294001F003FB02214DF22A4001F0FEFA5D
:10366000F2214DF22B4001F0F9FA02214DF22C40EB
:1036700001F0F4FAFE214DF22D4001F0EFFA0321A2
:103680004DF22E4001F0EAFA10214DF22F4001F0E8
:10369000E5FA03214DF2304001F0E0FA33214DF21A
:1036A000314001F0DBFA03214DF2324001F0D6FA4D
:1036B0006D214DF2334001F0D1FA00214FF4554015
:1036C00001F0CCFA33214DF2015001F0C7FA00218C
:1036D0004DF2025001F0C2FA34214DF2035001F0D4
:1036E000BDFA00214DF2045001F0B8FA3A214DF232
:1036F000055001F0B3FA00214DF2065001F0AEFA88
:103700004A214DF2075001F0A9FA00214DF208506C
:1037100001F0A4FA5C214DF2095001F09FFA00215A
:103720004DF20A5001F09AFA81214DF20B5001F04E
:1037300095FA00214DF20C5001F090FAA6214DF2BD
:103740000D5001F08BFA00214DF20E5001F086FA77
:10375000E5214DF20F5001F081FA01214DF2105098
:1037600001F07CFA13214DF2115001F077FA01219A
:103770004DF2125001F072FA54214DF2135001F043
:103780006DFA01214DF2145001F068FA82214DF2D8
:10379000155001F063FA01214DF2165001F05EFA66
:1037A000CA214DF2175001F059FA02214DF218507A
:1037B00001F054FA00214DF2195001F04FFA0221A4
:1037C0004DF21A5001F04AFA01214DF21B5001F05E
:1037D00045FA02214DF21C5001F040FA34214DF21D
:1037E0001D5001F03BFA02214DF21E5001F036FA55
:1037F00067214DF21F5001F031FA02214DF22050A5
:1038000001F02CFA84214DF2215001F027FA022117
:103810004DF2225001F022FAA4214DF2235001F082
:103820001DFA02214DF2245001F018FAB7214DF291
:10383000255001F013FA02214DF2265001F00EFA44
:10384000CF214DF2275001F009FA02214DF2285004
:1038500001F004FADE214DF2295001F0FFF90221B6
:103860004DF22A5001F0FAF9F2214DF22B5001F0FD
:10387000F5F902214DF22C5001F0F0F9FE214DF244
:103880002D5001F0EBF903214DF22E5001F0E6F935
:1038900010214DF22F5001F0E1F903214DF230508B
:1038A00001F0DCF933214DF2315001F0D7F9032159
:1038B0004DF2325001F0D2F96D214DF2335001F04A
:1038C000CDF900214FF4564001F0C8F933214DF2F3
:1038D000016001F0C3F900214DF2026001F0BEF970
:1038E00034214DF2036001F0B9F900214DF204607A
:1038F00001F0B4F93A214DF2056001F0AFF9002171
:103900004DF2066001F0AAF94A214DF2076001F07C
:10391000A5F900214DF2086001F0A0F95C214DF2FB
:10392000096001F09BF900214DF20A6001F096F95F
:1039300081214DF20B6001F091F900214DF20C60F4
:1039400001F08CF9A6214DF20D6001F087F90021FC
:103950004DF20E6001F082F9E5214DF20F6001F0A9
:103960007DF901214DF2106001F078F913214DF23B
:10397000116001F073F901214DF2126001F06EF94E
:1039800054214DF2136001F069F901214DF21460E8
:1039900001F064F982214DF2156001F05FF9012117
:1039A0004DF2166001F05AF9CA214DF2176001F08C
:1039B00055F902214DF2186001F050F900214DF245
:1039C000196001F04BF902214DF21A6001F046F93D
:1039D00001214DF21B6001F041F902214DF21C6002
:1039E00001F03CF934214DF21D6001F037F902215C
:1039F0004DF21E6001F032F967214DF21F6001F0B7
:103A00002DF902214DF2206001F028F984214DF2B8
:103A1000216001F023F902214DF2226001F01EF92C
:103A2000A4214DF2236001F019F902214DF2246026
:103A300001F014F9B7214DF2256001F00FF90221D0
:103A40004DF2266001F00AF9CF214DF2276001F016
:103A500005F902214DF2286001F000F9DE214DF256
:103A6000296001F0FBF802214DF22A6001F0F6F81E
:103A7000F2214DF22B6001F0F1F802214DF22C60A1
:103A800001F0ECF8FE214DF22D6001F0E7F8032182
:103A90004DF22E6001F0E2F810214DF22F6001F09E
:103AA000DDF803214DF2306001F0D8F833214DF2FA
:103AB000316001F0D3F803214DF2326001F0CEF80D
:103AC0006D214DF2336001F0C9F855214FF470407B
:103AD00001F0C4F8AA214FF2010001F0BFF8522111
:103AE0004FF2020001F0BAF808214FF2030001F092
:103AF000B5F800214FF2040001F0B0F8CC214FF4EA
:103B0000314001F0ABF800214BF2011001F0A6F8B2
:103B100005214FF4364001F0A1F870214FF43740F1
:103B200001F09CF870214BF2017001F097F801212F
:103B30004FF4384001F092F803214BF6010001F0F8
:103B40008DF803214BF6020001F088F803214BF6B3
:103B5000030001F083F802214FF43C4001F07EF8AD
:103B600000214BF6014001F079F800214BF60240AC
:103B700001F074F8D0214FF4494001F06FF80221B0
:103B80004CF6011001F06AF850214CF6021001F0D9
:103B900065F850214CF6031001F060F850214CF606
:103BA000041001F05BF800214FF4545001F056F876
:103BB00055214FF4685001F051F84FF4885001F04E
:103BC00037F87820EDF7E2FD4FF4245001F030F89B
:103BD00010BD10B5E22001F02BF81D2001F01CF8FB
:103BE000022001F019F8042001F016F86420EDF726
:103BF000CDFDE02001F01CF8012001F00DF80A20B5
:103C0000EDF797FDE02001F013F8032001F004F830
:103C10000C20EDF78EFD012001F00AF80A20EDF7E7
:103C200088FDE62001F004F82F2000F0F5FFFF20CA
:103C300000F0F2FFFF2000F0EFFFB02000F0F8FFEF
:103C4000202000F0E9FF002000F0E6FF032000F054
:103C5000E3FF40F21F3000F0DFFF012000F0DCFF47
:103C600040F2DF1000F0D8FF002000F0D5FFB420B4
:103C700000F0DEFF042000F0CFFF40F21F4000F014
:103C8000CBFF002000F0C8FF2E2000F0C5FF002071
:103C900000F0C2FF002000F0BFFF002000F0BCFFDA
:103CA000002000F0B9FFB62000F0C2FF022000F0B3
:103CB000B3FF4FF4037000F0AFFF002000F0ACFF43
:103CC000172000F0A9FF152000F0A6FF002000F04B
:103CD000A3FF002000F0A0FFF02000F0A9FF0320C8
:103CE00000F09AFF292000F0A3FFD02000F0A0FFF1
:103CF000002000F091FFBE2000F09AFF052000F0A8
:103D00008BFFFE2000F088FF012000F085FF0020DF
:103D100000F082FF002000F07FFF002000F07CFF19
:103D2000B82000F085FF032000F076FF012000F0AE
:103D300073FFBA2000F07CFF012000F06DFF10BD82
:103D400010B5112000F074FF7820EDF7F2FC36205A
:103D500000F06EFF002000F05FFF3A2000F068FFE7
:103D6000052000F059FFB22000F062FF0C2000F0A7
:103D700053FF0C2000F050FF002000F04DFF3320D7
:103D800000F04AFF332000F047FFB72000F050FF5B
:103D9000352000F041FFBB2000F04AFF322000F048
:103DA0003BFFC02000F044FF0C2000F035FFC22094
:103DB00000F03EFF012000F02FFFC32000F038FF8D
:103DC000102000F029FFC42000F032FF202000F076
:103DD00023FFC62000F02CFF0F2000F01DFFD02095
:103DE00000F026FFA42000F017FFA12000F014FF30
:103DF000E02000F01DFFD02000F00EFF002000F0BA
:103E00000BFF022000F008FF072000F005FF0A204A
:103E100000F002FF282000F0FFFE322000F0FCFE40
:103E2000442000F0F9FE422000F0F6FE062000F0EB
:103E3000F3FE0E2000F0F0FE122000F0EDFE142044
:103E400000F0EAFE172000F0E7FEE12000F0F0FEAF
:103E5000D02000F0E1FE002000F0DEFE022000F0A5
:103E6000DBFE072000F0D8FE0A2000F0D5FE282057
:103E700000F0D2FE312000F0CFFE542000F0CCFE46
:103E8000472000F0C9FE0E2000F0C6FE1C2000F006
:103E9000C3FE172000F0C0FE1B2000F0BDFE1E2058
:103EA00000F0BAFE2A2000F0C3FE002000F0B4FEAD
:103EB000002000F0B1FE002000F0AEFEEF2000F088
:103EC000ABFE2B2000F0B4FE002000F0A5FE002089
:103ED00000F0A2FE012000F09FFE3F2000F09CFEBB
:103EE000292000F0A5FE10BD10B5112000F0A0FEA5
:103EF0007820EDF71EFC362000F09AFE482000F0F6
:103F00008BFE3A2000F094FE552000F085FEF02054
:103F100000F08EFEC32000F07FFEF02000F088FE4F
:103F2000962000F079FEB42000F082FE012000F01F
:103F300073FEB62000F07CFE0A2000F06DFEA22089
:103F400000F06AFEB72000F073FEC62000F064FEA9
:103F5000B92000F06DFE022000F05EFEE02000F0CF
:103F60005BFEC02000F064FE802000F055FE1620AD
:103F700000F052FEC12000F05BFE192000F04CFE64
:103F8000C22000F055FEA72000F046FEC52000F03C
:103F90004FFE162000F040FEE82000F049FE4020D1
:103FA00000F03AFE8A2000F037FE002000F034FED8
:103FB000002000F031FE292000F02EFE192000F034
:103FC0002BFEA52000F028FE332000F025FEE02087
:103FD00000F02EFEF02000F01FFE072000F01CFE77
:103FE0000D2000F019FE042000F016FE052000F060
:103FF00013FE142000F010FE362000F00DFE5420B9
:1040000000F00AFE4C2000F007FE382000F004FE0D
:10401000132000F001FE142000F0FEFD2E2000F021
:10402000FBFD342000F0F8FDE12000F001FEF0205F
:1040300000F0F2FD102000F0EFFD142000F0ECFD88
:104040000E2000F0E9FD0C2000F0E6FD082000F055
:10405000E3FD352000F0E0FD442000F0DDFD4C20C4
:1040600000F0DAFD262000F0D7FD102000F0D4FD8E
:10407000122000F0D1FD2C2000F0CEFD322000F007
:10408000CBFDF02000F0D4FD3C2000F0C5FDF02079
:1040900000F0CEFD692000F0BFFD7820EDF749FB70
:1040A000212000F0C5FD292000F0C2FD10BD000058
:1040B0002DE9F04F05460E4617469846DDF824A038
:1040C0004FF0000B781B401C1FFA80FB344613E0B6
:1040D0002146284600F012FC00F0B6FD4FF0000922
:1040E00006E00749A1F800A009F101001FFA80F9D4
:1040F000D945F6DB601C84B24445E9DDBDE8F08FAC
:104100000000106000B595B000BF00BFF94800681E
:1041100040F00800F74908600846006800F0080011
:10412000019000BF00BF00BF00BF00BF084600688D
:1041300040F0080008600846006800F008000190A0
:1041400000BF00BF00BF00BF00BF0846006840F0CE
:10415000080008600846006800F00800019000BFF1
:1041600000BF00BF00BF00BF0846006840F010005D
:1041700008600846006800F01000019000BF00BF12
:1041800000BF00BF00BF0846006840F002000860A2
:104190000846006800F00200019000BF00BF00BFA9
:1041A0008020109002201190012012900320139083
:1041B0000C20149010A9D048EDF7A7FA20201090F9
:1041C00010A9CD48EDF7A1FA1020109010A9CA4807
:1041D000EDF79BFA0820109010A9C848EDF795FA62
:1041E000202010900120119010A9C548EDF78DFAFC
:1041F000C448C5490860C54848600020886000215F
:10420000C148C16001611021416100218161C1612A
:1042100001624FF480514162002181624FF480417C
:10422000C1620021016341634FF4801181630F205B
:10423000099000200A904E200B9000200F900F2034
:104240000290002003900F2004900020089002AA02
:1042500009A9AD48F1F758F93220EDF76AFAD320F1
:1042600000F0E6FC00F0D4F9A949888000F0D0F90C
:10427000A749888000F0CCF9A54988800846808845
:104280004FF6FF7101EA0020A149888000F0C0F9D3
:104290009F49898808439E4988800846808849F25A
:1042A000413188427ED0042000F0C2FC00F0B0F919
:1042B0009749888000F0ACF99549888000F0A8F90A
:1042C00093498880084680884FF6FF7101EA0020F4
:1042D0008F49888000F09CF98D49898808438C4972
:1042E00088800846808848F25251884203D147F2BC
:1042F0008970874988808648808847F2897188421A
:10430000D0D0D42000F094FC00F082F9804988805D
:1043100000F07EF97E49888000F07AF97C49888037
:10432000084680884FF6FF7101EA002078498880AE
:1043300000F06EF9764989880843754988800846F7
:10434000808845F210318842ACD0D32000F070FC58
:1043500000F05EF96E49888000F05AF96C49888057
:1043600000F056F96A498880084680884FF6FF7148
:1043700001EA00206649888000F04AF9644989888A
:104380000843634988800846808847F296718842CE
:1043900088D055214FF4704000F060FCAA214FF204
:1043A000010000E07CE000F059FC52214FF20200D5
:1043B00000F054FC08214FF2030000F04FFC0121F3
:1043C0004FF2040000F04AFC4FF4454000F030FC8E
:1043D00000F01EF94E498880084680884FF6FF712C
:1043E00001EA00204A4988804CF2015000F020FC8C
:1043F00000F00EF946498988084345498880052020
:10440000EDF797F94248808845F21051884247D02D
:10441000D32000F00DFC00F0FBF83D49888000F04F
:10442000F7F83B49888000F0F3F83949888008465E
:1044300080884FF6FF7101EA00203549888000F03E
:10444000E7F83349898808433149888008468088DD
:1044500049F60601884223D0A12000F0E9FB00F0D4
:10446000D7F82B49888000F0D3F82949888008467E
:1044700080884FF6FF7101EA00202549888000F00E
:10448000C7F82349898808432149888008468088DD
:1044900045F26171884203D141F663101C4988805E
:1044A0001B4881881BA0EBF7E3FD1948808847F281
:1044B0008971884202D1FFF743FC4EE0144880889E
:1044C00049F24131884202D1FDF7D6F945E0104862
:1044D000808845F21031884202D1FDF783FC3CE030
:1044E0000B48808847F29671884219D1FFF7FCFC8F
:1044F00033E00000E0440258000C0258001002585B
:104500000004025800400052E821002404410052F7
:10451000342200244C43442049443A25780D0A00B3
:104520003548808845F21051884202D1FEF7D3FB0E
:1045300013E03148808849F60601884202D1FDF730
:10454000B1FA0AE02C48808841F66311884204D110
:10455000FFF73FFB642000F037FB2748808847F2D5
:10456000897188420BD02448808847F2967188422E
:1045700005D02148808849F6060188420AD10520E5
:10458000029004901D49CB6A8A68486802A9EDF739
:1045900029F921E01848808849F24131884211D038
:1045A0001548808841F6631188420BD012488088F4
:1045B00045F21031884205D00F48808845F21051ED
:1045C000884209D10320029004900C49CB6A8A6882
:1045D000486802A9EDF706F90120FCF7DBFF00BFF0
:1045E000012220210648EDF79FF800BF4FF6FF702B
:1045F000FCF7B6FF15B000BD34220024E8210024EA
:104600000004025800BF011EA0F10100FBD1704759
:1046100008B50220FFF7F6FF024800880090BDF8B9
:10462000000008BD000010602DE9F04105460E466F
:1046300000240027A04621480088A84203DD1F4827
:104640004088B04202DC0020BDE8F08131462846B7
:1046500000F054F91948808845F21051884204D17D
:104660004FF4385000F0E4FA02E02E2000F0E0FAB7
:10467000FFF7CEFF04461148808841F66311884257
:1046800001D12046E0E7FFF7C3FF04460B488088CE
:1046900047F29671884201D12046D5E7FFF7B8FF6F
:1046A0008046E7B24FF6FF7000EA0727E012C0022B
:1046B000B91240EA411040EAE820C5E7342200245C
:1046C000F0B50546002400278B488079012805D1E4
:1046D0008948808841F66311884208D186488079EC
:1046E000F0B98548808841F66311884218D1082DB9
:1046F00015D2DFE805F00406080A0C0E1012062594
:104700000DE007250BE0042509E0052507E001255C
:1047100005E0002503E0032501E0022500BF00BFFE
:10472000082D1CD2DFE805F00406090C0F1215183D
:1047300000BF14E044F0800411E044F040040EE0B7
:1047400044F0C0040BE044F0200408E044F06004AE
:1047500005E044F0A00402E044F0E00400BF00BF24
:1047600036276548808845F21051884200D13F02C3
:104770006148808849F2413188420BD05E48808888
:1047800047F28971884205D05B48808847F296716C
:10479000884201D144F008042146384600F05EFA10
:1047A0005548808841F6631188421DD004F02000EE
:1047B00068B15148008850494988884214DA4E4807
:1047C000068840884C490880084646800CE04A48E4
:1047D000008849494988884206DD4748068840885C
:1047E00045490880084646804348808845F2105174
:1047F000884252D14049488900F01AFA002000F05E
:104800000BFA3D494989491C88B200F011FA002091
:1048100000F002FA38494989891C88B200F008FA88
:1048200035490988491EC1F30F2000F0F5F93249D6
:104830004989C91C88B200F0FBF92F490978491E43
:10484000C8B200F0E9F92C49888900F0F1F900209C
:1048500000F0E2F928498989491C88B200F0E8F99A
:10486000002000F0D9F924498989891C88B200F018
:10487000DFF921494988491EC1F30F2000F0CCF926
:104880001D498989C91C88B200F0D2F91A49897872
:10489000491EC8B200F0C0F92DE01749488900F060
:1048A000C7F9002000F0B8F9002000F0B5F912496E
:1048B0000988491EC1F30F2000F0AEF90E490978AE
:1048C000491EC8B200F0A8F90B49888900F0B0F978
:1048D000002000F0A1F9002000F09EF90649498867
:1048E000491EC1F30F2000F097F903498978491E4A
:1048F000C8B200F091F9F0BD3422002410B5024690
:104900000C464548808841F66311884247D14248A9
:104910008079A8B940480088401E801A82B23E497A
:10492000488900F085F9002000F076F9002000F0B9
:1049300073F9101200F070F9D0B200F06DF916E0C2
:104940003549488900F074F9101200F065F9D0B2C9
:1049500000F062F930490988491EC1F30F2000F0C8
:104960005BF92D490978491EC8B200F055F92A496A
:10497000888900F05DF9201200F04EF9E0B200F0F5
:104980004BF925494988491EC1F30F2000F044F92D
:1049900021498978491EC8B200F03EF93AE01E4824
:1049A000808845F21051884220D11B49488900F087
:1049B0003FF9101200F030F917494989491C88B2B3
:1049C00000F036F9D0B200F027F91349888900F0D9
:1049D0002FF9201200F020F90F498989491C88B26B
:1049E00000F026F9E0B200F017F913E00A4948890F
:1049F00000F01EF9101200F00FF9D0B200F00CF91F
:104A00000549888900F014F9201200F005F9E0B298
:104A100000F002F910BD0000342200242DE9FC4F03
:104A200080460E4615461C46B34600200190009075
:104A30002046E31704EB5373DB1021464FEAE47C76
:104A400004EB5C7C4FEAEC0CA4EBCC0CBCF1000F4B
:104A500002D04FF0010C01E04FF0000C63442246FD
:104A600004EBD27C4FEA6C0C03FB0CF3DBB201933A
:104A7000A5F12000C5B20C2C06D0102C0BD0182CA0
:104A80000ED0202C18D112E005EB45002D4901EB8A
:104A90008000009012E02C4800EB051000900DE023
:104AA00005EBC500294901EB8000009006E028488D
:104AB00000EBC510009001E0BDE8FC8F00BF0027AF
:104AC0003AE0009810F807904FF0000A2EE009F045
:104AD000800028B1314640460C9AFCF7BDFE07E045
:104AE0000B9828B91B48314602684046FCF7B4FED3
:104AF0004FEA49604FEA1069701C86B21648408838
:104B0000B04200DCD8E7A6EB0B00A0420AD15E461B
:104B100008F101001FFA80F80F480088404500DCCA
:104B2000CAE706E00AF1010000F0FF0ABAF1080F37
:104B3000CDDB00BF781CC7B201988742C1DB00BF44
:104B4000BAE70000A05C0190146101900467019035
:104B5000607401906C000024342200242DE9FC4F85
:104B600004460D4690469946DDE90C7A0B9E04F00A
:104B7000FF0B08EB04001FFA80F809EB05001FFA91
:104B800080F917E0444502DB5C46A81985B24D4523
:104B900000DB15E00020CDE9000A3A7833462946CB
:104BA0002046FFF73BFF304606EBD07104EB610176
:104BB0008CB27F1C38787E2802DC38782028E1DA35
:104BC00000BFBDE8FC8F000000B50246BE2000F02B
:104BD0002FF8052000F020F800EE102AB8EE400B68
:104BE0009FED0B1B20EE010BBCEEC00B10EE101A5C
:104BF00088B200F011F8012000F00EF8FF2000F05C
:104C00000BF8002000F008F8002000F005F800BDC7
:104C1000666666666666044001B5BDF800000090F1
:104C2000BDF800000149088008BD000000001060C8
:104C300001B5BDF800000090BDF8000001490880F2
:104C400008BD0000FEFF0F6002480089024908808D
:104C50007047000034220024FEFF0F60024A1080DB
:104C6000921C118070470000FEFF0F6008B500BF66
:104C70000BE000BF10210548ECF792FD00BF6A462B
:104C800000214FF4FA70F2F7B9FAF2E70004025883
:104C900000B587B000BF00BF2C48006840F002009C
:104CA0002A4908600846006800F00200019000BF31
:104CB00000BF00BF00BF00BF0846006840F0100002
:104CC00008600846006800F01000019000BF00BFB7
:104CD00000BF00BF00BF0846006840F01000086039
:104CE0000846006800F01000019000BF00BF00BF40
:104CF00010200290012003900490059002A914480E
:104D0000ECF703FD4020029002A91248ECF7FDFCED
:104D10002020029002A90F48ECF7F7FC00BF012207
:104D200010210B48ECF700FD00BF00BF012240211D
:104D30000848ECF7F9FC00BF00BF0122202105481C
:104D4000ECF7F2FC00BF07B000BD0000E0440258E1
:104D500000040258001002581FB50120002203234E
:104D6000CDE901200093039013460246102140072D
:104D700000F04FF8012000220323CDE90120009329
:104D80000390134602221221480600F042F8012047
:104D900000220323CDE90120009303901346032250
:104DA0001221100700F035F8012000220323CDE97D
:104DB000012000930390134604220F214FF060500E
:104DC00000F027F800200323CDE9003002900346CD
:104DD0000522192103904FF0C04000F01AF801207D
:104DE00000220323CDE901200093039013460622FD
:104DF0001921500700F00DF800200323CDE9003001
:104E00000290012307221B210390C80700F001F83C
:104E10001FBD2DE9FF5F04460D4616461F46DDE91E
:104E200010ABDDE90E89ECF7C0FC01208DF8000025
:104E3000F0B28DF801000194E8B28DF8080000206E
:104E40008DF809008DF80A008DF80B808DF80C7034
:104E50008DF80D908DF80EA08DF80FB06846ECF728
:104E6000A9FC0420ECF7ABFC002004B0BDE8F09FE7
:104E700030B504460225084951F8241001FB05F21B
:104E8000064951F82400002100F02AF801210348C6
:104E90001430015530BD0000E0A301908C000024C7
:104EA00010B501460023002207E00B4850F821000E
:104EB00030F8120000B15B1C521C084850F8210069
:104EC0009042F2D84FF47A705843044C54F8214081
:104ED000B0FBF4F080B210BD8C000024E0A3019080
:104EE00030B5034601E003F8011B141EA2F10102D4
:104EF000F9D130BD30B58BB0044600BFECF76FFC84
:104F0000ECF762FC34490968B0FBF1F52846F2F78A
:104F10000FFA0AAA00210120F1F726FE00BF2F4850
:104F2000006840F400202D4908600846006800F43D
:104F30000020099000BF00BFEDF7C8FF0AA80321B9
:104F400000220592CDE90621089010464FF48061B9
:104F50006622234BCDE90132CDE903100420002362
:104F6000204A21A100902348F1F7BEFF0AA803219F
:104F700000220592CDE906210890104680210C22DE
:104F80001D4BCDE90132CDE90310062000231B4A59
:104F90001BA100901D48F1F7A7FF0AA803210022DA
:104FA0000592CDE90621089010464FF40071332296
:104FB000174BCDE90132CDE9031005200023154A36
:104FC00015A100901748F1F78FFF0AA90020F2F70A
:104FD0001FF80BB030BD00009CA40190E0440258C3
:104FE0000C060024655C0190557365722074617332
:104FF0006B000000C8050024941E00246D4C019035
:105000006C6564305F7461736B000000501E002497
:105010005016002429500190546F75636820746104
:10502000736B00000C16002400BFEDF77BFA04E060
:10503000EFF7F2F80520EDF7BFFBF9E72DE9F04FA8
:105040002DED048B89B04FF000080020039000BFC5
:105050004FF6FF70FCF784FA4FF47840DD49096899
:1050600010226423CDE900210290A02228210846C5
:10507000FFF774FD4FF478421421084600F064FAFB
:105080000020D5498886A1E1D3484168012088479E
:10509000D148808E00F44040B0F5804F7ED1002092
:1050A0000390CD48808E20F48040CB498886084606
:1050B000808904A921F82800C748008C01EB8801E9
:1050C000488008F1010000F0FF08B8F1060F13D284
:1050D000DFE808F0120313263C514FF6FF7214214B
:1050E000084600F031FABD490988143988B24FF4F6
:1050F0007842142100F028FA58E1B8490988143997
:1051000088B24FF6FF72142100F01EFAB3484088AF
:10511000143881B24FF47842142000F015FA45E1BA
:10512000AE484088143881B24FF6FF72142000F068
:105130000BFAAA4A5288143A91B2A84A1288143A31
:1051400090B24FF4784200F0FFF92FE14FF6FF7074
:10515000FCF706FAA14AB2F8029009EBD972511095
:105160009E4AB2F800A00AEBDA7250104FF478426F
:1051700000F0EAF91AE1BDF81400BDF81010401A69
:1051800004B2BDF81C00BDF81810401A06B2BDF8F4
:105190001E10BDF81600081A05B200E007E1BDF8C0
:1051A0001A00BDF81210401A07B200EE104AB8EE0D
:1051B000C01B00EE106AB8EEC00B81EE002BB0EE03
:1051C000428B00EE105AB8EEC01B00EE107AB8EE1B
:1051D000C00B81EE002BB0EE429BB5EEC08BF1EE22
:1051E00010FA03D2B1EE480BB0EE408BB5EEC09B87
:1051F000F1EE10FA03D2B1EE490BB0EE409B9FEDF9
:10520000780BB4EEC08BF1EE10FA60D39FED760B05
:10521000B4EEC08BF1EE10FA59DC9FED710BB4EED9
:10522000C09BF1EE10FA52D39FED6F0BB4EEC09B12
:10523000F1EE10FA4BDCB4F1000B01DBDE4601E0CD
:10524000CBF1000EBEF5805F41DAB5F1000A01DB5B
:10525000D64601E0CAF1000EBEF5805F37DAB6F13E
:10526000000901DBCE4601E0C9F1000EBEF5805F0A
:105270002DDAB7F1000C01DBE64601E0CCF1000EBF
:10528000BEF5805F23DA231E01DB9E4601E0C3F1F9
:10529000000EBEF1000F1AD02A1E01DB964601E077
:1052A000C2F1000EBEF1000F11D0311E01DB8E469F
:1052B00001E0C1F1000EBEF1000F08D0381E01DB85
:1052C000864601E0C0F1000EBEF1000F1FD14FF085
:1052D0000008424AB2F8029009EBD97251103F4AD5
:1052E000B2F800A00AEBDA7250104FF6FF7200F02D
:1052F0002BF94FF478421421084600F025F9B0EE5E
:10530000491BB0EE480B04A800F07EF85EE0A0193F
:1053100000EE100AF8EEC00A304800882838400035
:1053200000EE100AB8EEC00A80EE801A2A4880ED1E
:105330000E1AE81900EE100AF8EEC00A2748408855
:105340002838400000EE100AB8EEC00A80EE801A3D
:10535000214880ED0F1ABDF8200000B21E49A1F8C7
:105360004000BDF8220000B2A1F842004FF6FF70E5
:10537000FCF7F6F81F201EA11022CDE900210290B3
:105380001648438802886E212320FFF7E7FB4FF47D
:105390007A70ECF7CEF900F063FB4FF6FF70FCF784
:1053A000DFF809B0BDEC048BBDE8F08F00BF0A2028
:1053B000ECF7BFF90398401C80B203900398B0F556
:1053C0007A7F02DD00F0FCF801E000BF5CE600BF80
:1053D00000BFE6E79C5C01902000002434220024FA
:1053E000666666666666EE3FCDCCCCCCCCCCF03F34
:1053F000546F7563682053637265656E2041646AFB
:10540000757374204F4B210070B52DED048B88B05F
:105410000546B0EE408BB0EE419B002433E035F8FA
:105420002430621C3DA103A8EAF72EFE4FF4784019
:1054300003A91022CDE9002102903A48438802884E
:1054400004EB8400A02606EB80012820FFF786FBF2
:1054500005EB84004388621C33A103A8EAF714FE1D
:105460004FF4784003A91022CDE9002102902D4885
:105470004388028804EB840006EB80017820FFF764
:105480006DFB601CC4B2052CC9DB4FF6FF700090A9
:1054900024480088401E82B204EB8400A02303EB62
:1054A000800110232820FEF703FE53EC182B20A1C7
:1054B00003A8EAF7E9FD00208DF813004FF47840C7
:1054C00003A91022CDE900210290164843880288E2
:1054D00004EB8400A02606EB80012820FFF73EFBAA
:1054E00053EC192B15A103A8EAF7CEFD00208DF887
:1054F00013004FF4784003A91022CDE90021029057
:1055000008484388028804EB840006EB8001782079
:10551000FFF724FB08B0BDEC048B70BD7825643A1E
:1055200025640000342200247925643A25640000B3
:1055300070783A25302E32660000000070793A25E6
:10554000302E326600000000F8B504460D461646BF
:1055500004F10D018AB2193988B22B46294600960A
:10556000FCF723F905F10D0083B2193881B2224608
:1055700020460096FCF719F96A1C91B2621C90B2A1
:105580003246FCF769F96A1C91B2621E90B232464B
:10559000FCF762F96A1E91B2621C90B23246FCF7C7
:1055A0005BF96A1E91B2621E90B23246FCF754F962
:1055B0003346062229462046FCF7A2F8F8BD000033
:1055C00070B5084C00250C2221462820FAF741FF2F
:1055D0003420FAF750FF05460A2D01D1012070BD95
:1055E0000020FCE75800002400B587B00020834964
:1055F00081F84400084690F844008149897901F017
:10560000010108437D4981F844007D48808847F2C4
:10561000967188420FD1FBF79DFB60B979487749B5
:105620004860084690F8440040F0800081F844004B
:10563000002007B000BD7248808845F210518842B2
:1056400017D06F48808849F60601884211D06C480F
:10565000808844F2423188420BD06948808844F205
:105660008431884205D06648808841F2180188421A
:105670000DD1FBF76FFB634860494860084690F81E
:10568000440040F0800081F844000020D1E75C48ED
:10569000808841F6631188420BD05948808847F2D0
:1056A0008401884205D05648808847F21601884216
:1056B00015D1FBF787F918B953485049486004E001
:1056C000FBF748FB4F484D4948604C4890F8440070
:1056D00040F08000494981F844000020A9E700BF5C
:1056E00000BF4A48006840F0020048490860084688
:1056F000006800F00200019000BF00BF00BF00BFC3
:1057000000BF0846006840F00400086008460068D2
:1057100000F00400019000BF00BF00BF00BF00BF49
:105720000846006840F0080008600846006800F07D
:105730000800019000BF00BF00BF00BF00BF0846C7
:10574000006840F0020008600846006800F00200AF
:10575000019000BF00BF00BF00BF00BF0846006847
:1057600040F0020008600846006800F00200019066
:1057700000BF00BF00BF0220029000200390012064
:1057800004900320059002A92148EBF7BEFF4020BA
:10579000029002A91F48EBF7B8FF082002900120F1
:1057A000039004900320059002A91948EBF7ADFF80
:1057B0000120029002A91648EBF7A7FF20200290D3
:1057C00002A91548EBF7A1FF0C492031A1F1140003
:1057D00000F0CCF8FAF739FEFFF7F2FE08B100202E
:1057E00027E74FF6FF70FBF7BBFEFFF727FC00F043
:1057F00037F9FFF7E5FE01201BE700002000002439
:1058000034220024310F01905D0B0190E0440258D6
:1058100000040258000C02580008025870B50646F1
:105820000025002400BF002201212F48EBF77CFF58
:1058300000BF00BF002208212B48EBF775FF00BF17
:1058400000BF002220212948EBF76EFF00BF304641
:1058500000F0AAF90620EBF799FF00BF0022012112
:105860002148EBF761FF00BF0120EBF78FFF00BF7E
:10587000012211461C48EBF757FF00BF0120EBF750
:1058800085FF00BF002201211748EBF74DFF00BF45
:1058900000BF1DE04FF6FF7000EA440400BF002285
:1058A00001211148EBF740FF00BF0120EBF76EFF2D
:1058B00000BF012211460C48EBF736FF00BF402124
:1058C0000B48EBF768FF08B1601C84B2681CC5B2D6
:1058D000102DDFDB241100BF012220210348EBF74C
:1058E00023FF00BF204670BD000402580008025884
:1058F000000C02582DE9FE4380460027002406E0F4
:105900004046FFF78BFF2DF81400601C84B2052C75
:10591000F6DB002416E0601C85B20FE03DF81400B1
:105920003DF81510884207DD3DF814603DF815007C
:105930002DF814002DF81560681C85B2052DEDDBDF
:10594000601C84B2042CE6DB0027012405E03DF84E
:105950001400384487B2601C84B2042CF7DB0320A7
:1059600097FBF0F086B23046BDE8FE832DE9F041AA
:1059700006460F460D4890F8440000F0010040B183
:105980009020FFF7B7FF0546D020FFF7B3FF04468E
:1059900007E0D020FFF7AEFF05469020FFF7AAFFF3
:1059A000044635803C80BDE8F081000020000024E2
:1059B0007FB504460D4602A903A8FFF7D7FF694645
:1059C00001A8FFF7D3FFBDF80400BDF80C10884212
:1059D00006DCBDF80C10BDF80400323081420CDB4F
:1059E000BDF80C00BDF80410884237DCBDF8041087
:1059F000BDF80C003230814230DABDF80000BDF84D
:105A00000810884206DCBDF80810BDF800003230EE
:105A100081420CDBBDF80800BDF8001088421DDC97
:105A2000BDF80010BDF808003230814216DABDF82A
:105A30000C10BDF80420881800EBD071C1F34F01A1
:105A40002180BDF80810BDF80020881800EBD07147
:105A5000C1F34F012980012004B070BD0020FBE795
:105A600010B5054C0C2221462820FAF72DFD0A21FD
:105A70003420FAF73BFD10BD5800002410B5044651
:105A800002214648EBF787FE002866D12CB1444935
:105A9000A1F11400FFF78CFF4EE04149A1F1140081
:105AA000FFF786FFF0B33E49203989893C4A203A06
:105AB000B2F84020891A09B200EE101AB8EEC00AF6
:105AC0003749203991ED0E1AC0EE010A3549088890
:105AD00000EBD071491000EE101AB8EEC00A30EE9B
:105AE000800ABCEEC00A10EE101A2D4A203A9181AD
:105AF0001146098CB2F84220891A09B200EE101A38
:105B0000B8EEC00A2649203991ED0F1AC0EE010AFD
:105B10002449488800EBD071491000EE101AB8EE05
:105B2000C00A00E008E030EE800ABCEEC00A10EEC9
:105B3000101A1B4A203A118419482038808E00F42C
:105B4000004020BB4FF44040154920398886084664
:105B50008189C183018C418619E011482038808EEB
:105B600000F4004040B10E482038808E20F4004000
:105B70000B49203988860AE0002109482038C18372
:105B800041864FF6FF700649203988810884044811
:105B9000203890F83400002010BD000000040258A6
:105BA000400000243422002470B50446002500BFC4
:105BB00025E004F0800030B100BF01220821114827
:105BC000EBF7B2FD06E000BF002208210D48EBF71D
:105BD000ABFD00BF6006040E00BF00220121094892
:105BE000EBF7A2FD00BF0120EBF7D0FD00BF0122C3
:105BF00011460448EBF798FD00BF681CC5B2082D9C
:105C0000D7DB70BD000402588AB0EAF707FA09A88A
:105C1000F0F748FE09A8032100220592CDE90621EC
:105C20000890104680210C22084BCDE90132CDE9C5
:105C3000031003200023064A06A100900848F1F74C
:105C400053F909A8F1F708F900BFFEE7C8030024DB
:105C5000F54E01907374617274207461736B00006F
:105C60008403002408B500BFFAF7CEFD04E06A46BD
:105C700000210520F1F7C2FAF9E7EAF7CFBD0300EA
:105C800009000F0015001B00508158816081688158
:105C90007081788180818881908198815CD1019028
:105CA00000000000000000000000000000000000F4
:105CB0003F400000000000000000300040003000C5
:105CC0004000000009000BC03D000BC03D00090072
:105CD00018C024407FE0224031800000180024C01A
:105CE0001B000D803240018003801C4027401C8037
:105CF00007400040100060000000000000000000AD
:105D00000000000000001F802040402000004020D4
:105D100020401F8000000000090006001F800600D0
:105D200009000000040004003F800400040000009B
:105D300000100060000000000000000004000400EB
:105D40000400040004000000000000400000000007
:105D500000000000002001C00600380040000000E4
:105D60001F802040204020401F8000000000104085
:105D70003FC000400000000018C0214022402440E5
:105D80001840000010802040244024401B80000068
:105D900002000D0011003FC0014000003C80244083
:105DA00024402440238000001F80244024403440AD
:105DB000038000003000200027C0380020000000D1
:105DC0001B802440244024401B8000001C0022C073
:105DD000224022401F800000000000000840000018
:105DE000000000000000000004600000000000004F
:105DF000000004000A001100208040400900090052
:105E00000900090009000000000040402080110046
:105E10000A0004001800200023402400180000009D
:105E20001F802040274029401F400000004007C03D
:105E300039000F0001C0004020403FC024402440F2
:105E40001B8000001F802040204020403080000048
:105E500020403FC0204020401F80000020403FC025
:105E600024402E4030C0000020403FC024402E007F
:105E7000300000000F0010802040224033800200DC
:105E800020403FC0040004003FC02040204020408C
:105E90003FC02040204000000060202020203FC064
:105EA0002000200020403FC024400B0030C0204094
:105EB00020403FC020400040004000C03FC03C00A8
:105EC00003C03C003FC0000020403FC00C40230006
:105ED0003FC020001F802040204020401F80000045
:105EE00020403FC024402400180000001F802140B3
:105EF000214020E01FA0000020403FC02440260099
:105F000019C0004018C024402440224031800000C5
:105F1000300020403FC020403000000020003F8083
:105F2000004000403F80200020003E0001C00700EC
:105F300038002000380007C03C0007C038000000CF
:105F4000204039C0060039C0204000002000384001
:105F500007C0384020000000304021C026403840B3
:105F600020C00000000000007FE040204020000032
:105F7000000070000C000380004000000000402082
:105F800040207FE0000000000000200040002000D2
:105F900000000000001000100010001000100010A1
:105FA000000000004000000000000000000002802F
:105FB0000540054003C0004020003FC004400440AD
:105FC00003800000000003800440044006400000FD
:105FD00000000380044024403FC0004000000380D4
:105FE0000540054003400000000004401FC024405D
:105FF00024402000000002E0055005500650042017
:1060000020403FC00440040003C0004000000440A2
:1060100027C000400000000000100010041027E01E
:106020000000000020403FC00140070004C00440C1
:10603000204020403FC000400040000007C0040056
:1060400007C0040003C00000044007C0044004006F
:1060500003C00040000003800440044003800000AF
:10606000041007F004500440038000000000038087
:106070000440045007F00010044007C00240040030
:1060800004000000000006400540054004C0000078
:10609000000004001F80044000400000040007804E
:1060A0000040044007C000400400070004C0018015
:1060B00006000400060001C0070001C00600000041
:1060C000044006C0010006C0044000000410071090
:1060D00004E00180060004000000044005C0064002
:1060E000044000000000000004007BE040200000AD
:1060F000000000000000FFF0000000000000402051
:106100007BE0040000000000400080004000200010
:10611000200040000000000000000000000000001F
:10612000000000000000000000001FCC000C000078
:10613000000000000000080030006000080030008F
:1061400060000000022003FC1E20022003FC1E2031
:106150000220000000000E1811043FFF10840C788C
:10616000000000000F0010840F3800C0077818846A
:106170000078000000780F8410C411240E9800E409
:1061800000840008080068007000000000000000A3
:106190000000000000000000000007E018182004C4
:1061A00040020000000040022004181807E0000030
:1061B000000000000240024001800FF00180024018
:1061C000024000000080008000800FF80080008006
:1061D000008000000001000D000E00000000000023
:1061E000000000000000008000800080008000802F
:1061F000008000800000000C000C00000000000087
:106200000000000000000006001800600180060089
:1062100018002000000007F0080810041004080807
:1062200007F000000000080408041FFC000400043C
:106230000000000000000E0C101410241044118403
:106240000E0C000000000C18100411041104128838
:106250000C700000000000E00320042408241FFC50
:106260000024000000001F981084110411041088FD
:1062700010700000000007F008881104110418884D
:106280000070000000001C00100010FC13001C0037
:106290001000000000000E381144108410841144D6
:1062A0000E38000000000700088C104410440888D5
:1062B00007F00000000000000000030C030C0000C9
:1062C00000000000000000000001010600000000C6
:1062D00000000000000000800140022004100808B7
:1062E00010040000022002200220022002200220CE
:1062F00002200000000010040808041002200140E1
:106300000080000000000E001200100C106C1080C5
:106310000F00000003E00C1813E4142417C408282D
:1063200007D000000004003C03C41C40074000E408
:10633000001C000410041FFC1104110411040E8839
:106340000070000003E00C18100410041004100882
:106350001C10000010041FFC100410041004080896
:1063600007F0000010041FFC1104110417C41004EE
:106370000818000010041FFC1104110017C01000C1
:106380000800000003E00C181004100410441C78EE
:106390000040000010041FFC108400800080108466
:1063A0001FFC10040000100410041FFC1004100453
:1063B0000000000000030001100110011FFE10008A
:1063C0001000000010041FFC110403801464181C4A
:1063D0001004000010041FFC10040004000400045A
:1063E000000C000010041FFC1F0000FC1F001FFC1D
:1063F0001004000010041FFC0C04030000E010183F
:106400001FFC100007F0080810041004100408080E
:1064100007F0000010041FFC108410801080108012
:106420000F00000007F0081810241024101C080AA0
:1064300007F2000010041FFC1104110011C01130FC
:106440000E0C000400000E1C110410841084104473
:106450001C3800001800100010041FFC100410006D
:106460001800000010001FF81004000400041004BD
:106470001FF8100010001E0011E0001C00701380B7
:106480001C0010001FC0103C00E01F0000E0103C8A
:106490001FC000001004180C163401C001C01634CF
:1064A000180C100410001C00130400FC13041C0042
:1064B000100000000804101C1064108413041C0455
:1064C000101800000000000000007FFE40024002A3
:1064D00040020000000030000C0003800060001C3F
:1064E0000003000000004002400240027FFE000066
:1064F00000000000000000002000400040004000BC
:106500002000000000010001000100010001000165
:1065100000010001000040004000200000000000D9
:1065200000000000000000980124014401440144DF
:1065300000FC000410001FFC008801040104008816
:1065400000700000000000700088010401040104D4
:106550000088000000000070008801040104110898
:106560001FFC0004000000F8014401440144014400
:1065700000C800000000010401040FFC1104110414
:1065800011001800000000D601290129012901C9C4
:106590000106000010041FFC00840100010001043A
:1065A00000FC000400000104190419FC00040004AC
:1065B000000000000000000300010101190119FEA4
:1065C0000000000010041FFC0024004001B4010C76
:1065D000010400000000100410041FFC000400046B
:1065E00000000000010401FC0104010001FC0104A1
:1065F000010000FC010401FC008401000100010411
:1066000000FC0004000000F801040104010401047E
:1066100000F80000010101FF008501040104008869
:1066200000700000000000700088010401040105F2
:1066300001FF00010104010401FC008401040100C8
:1066400001800000000000CC012401240124012469
:106650000198000000000100010007F80104010496
:1066600000000000010001F800040004000401081B
:1066700001FC0004010001800170000C00100160A9
:106680000180010001F0010C003001C00030010C5C
:1066900001F0010000000104018C00740170018C04
:1066A00001040000010101810171000E0018016068
:1066B0000180010000000184010C013401440184C7
:1066C000010C0000000000000000000001003EFC82
:1066D000400240020000000000000000FFFF000038
:1066E000000000000000400240023EFC01000000EB
:1066F00000000000000060008000800040004000BA
:106700002000200000000000000000000000000049
:106710000000000000000000000000000000000079
:106720000000000000000000000000000000000069
:10673000000000000000000F80380FFE380F803886
:106740000000000000000000000000000000000049
:1067500000000100000600000C00003800003100BD
:10676000000600000C0000380000300000000000AF
:106770000000000061800067F807F9800061800078
:1067800061800061800061800067F807F980006126
:106790008000000000000000000001C0E003E0F005
:1067A0000630080418081FFFFE040E080787F003D0
:1067B00081E000000000000001F000060C0004046D
:1067C00008060C7001F9C0000E00003BE000EC1858
:1067D000070808040C180003E00000000001E000B6
:1067E00007F003F818041C0804170807E1D003C0D9
:1067F000E00023B0003C080020080000100000006A
:106800000000000100003100003200001C00000008
:106810000000000000000000000000000000000078
:106820000000000000000000000000000000000068
:10683000000000007F0001FFC00780F00C0018106E
:1068400000042000020000000000002000021000F0
:10685000040C00180780F001FFC0007F000000005A
:106860000000000000000000000000000000000028
:106870004200006600006600003C0000180003FFB4
:10688000C0001800003C00006600006600004200E6
:1068900000000000080000080000080000080000D8
:1068A000080001FFC0000800000800000800000800
:1068B000000008000000000000010000310000326C
:1068C00000001C00000000000000000000000000AC
:1068D00000000000000000000000000008000008A8
:1068E0000000080000080000080000080000080080
:1068F0000008000008000008000000000000000080
:1069000000000000380000380000380000000000DF
:106910000000000000000000000000000000000077
:1069200000000000000600001C0000700001800054
:106930000E0000380000C0000700001C00003000FE
:1069400000000000000000007F8001FFE003807075
:1069500006001804000804000806001803807001EF
:10696000FFE0007F80000000000000000000010048
:106970000801000801000803FFF807FFF8000008FD
:1069800000000800000800000000000000000001F6
:10699000C03802C058040098040118040218040406
:1069A00018061C1803F81801E0F8000000000000A9
:1069B00000000001C0E003C0F0040008040808045F
:1069C000080806180803F41801E7F00001E00000C9
:1069D00000000000000000000300000D0000110096
:1069E00000610000810803010807FFF80FFFF800AD
:1069F00001080001080000000000000000E007FCA2
:106A0000D0060808061008061008061008061838F0
:106A1000060FF00607C000000000000000000000A4
:106A20003F8001FFE00384300208180410080410BE
:106A300008041008071810030FF00007C00000003A
:106A400000000000000003C0000700000600000670
:106A500000F80607F806180006E000070000060028
:106A60000000000000000001E1E003F7F006341030
:106A7000041808041808040C08040C080616180367
:106A8000F3F001C1E000000000000000F80003FC8A
:106A90003003063804020804020804020804041043
:106AA0000308F001FFC0007F0000000000000000AC
:106AB00000000000000000000000000070380070BE
:106AC00038007038000000000000000000000000E6
:106AD00000000000000000000000000000000000B6
:106AE000301A00301C000000000000000000000010
:106AF000000000000000000000000008000014007A
:106B000000220000410000808001004002002004BB
:106B10000010080008000000000000002100002113
:106B200000002100002100002100002100002100C0
:106B300000210000210000210000000000000000F2
:106B4000000008000804001002002001004000803E
:106B50008000410000220000140000080000000036
:106B600000000003C00004C0000400000800380852
:106B70000F380808380810000C300007E00003C088
:106B800000000000000000003F8000FFE003807074
:106B9000020F1006708804C088048308047F8802EE
:106BA000C09003012000FE40000008000018000112
:106BB000F8003E0801C20007020007E20000FE00E4
:106BC000001FC80001F80000380000080400080792
:106BD000FFF807FFF8040808040808040808040878
:106BE0000806180803F41801E7F00001E0000000AF
:106BF000000000003F8001FFE003807002001804E5
:106C000000080400080400080400100600200780A3
:106C1000C000000004000807FFF807FFF8040008A0
:106C2000040008040008040018020010038070012A
:106C3000FFE0007F8000000004000807FFF807FF66
:106C4000F8040808040808040808040808043E08B2
:106C50000400080600180100600000000400080796
:106C6000FFF807FFF80408080408000408000408F7
:106C700000043E0006000006000001800000000045
:106C8000000000003F8001FFE00380700600180450
:106C900000080402080402080203F00783F000025F
:106CA0000000020004000807FFF807FFF8040808C6
:106CB0000008000008000008000008000408080799
:106CC000FFF807FFF80400080000000000000400BF
:106CD0000804000804000807FFF807FFF80400088C
:106CE000040008040008000000000000000000008C
:106CF0000006000007000001040001040001040078
:106D00000307FFFE07FFFC0400000400000400006E
:106D100004000807FFF807FFF8040C08001800003B
:106D20003E0004C7800503C80600F80400380400CC
:106D30001800000804000807FFF807FFF80400081F
:106D4000000008000008000008000008000008001B
:106D5000001800006000000004000807FFF807802A
:106D60000807FC00007FC00003F80007C00078009F
:106D700007800807FFF807FFF80400080400080769
:106D8000FFF807000803C00000E000003800001E04
:106D9000000007000001C00400F007FFF804000035
:106DA000000000007F8001FFE003807006001804EF
:106DB000000804000806001803003001FFE0007F0F
:106DC0008000000004000807FFF807FFF80404082B
:106DD000040400040400040400040400060C00037E
:106DE000F80001F000000000000000007F8001FFBB
:106DF000E00380700600880400880400C806003C98
:106E000003003E01FFE6007F840000000400080745
:106E1000FFF807FFF8040808040800040C00040F3A
:106E200000040BC00610F003F03801E00800000871
:106E300000000001E0F803F03006301004180804E8
:106E40001808040C08040C080206180207F0078151
:106E5000E0000000018000060000040000040000C3
:106E600004000807FFF807FFF80400080400000406
:106E7000000006000001800004000007FFE007FF9B
:106E8000F0040018000008000008000008000008D6
:106E900000000804001007FFE004000004000006E2
:106EA000000007E00007FE00041FE00001F80000FA
:106EB000380001E0043E0007C000060000040000A6
:106EC00004000007E00007FFC0041FF80007C00728
:106ED000F80007FF80043FF80007C004F80007002F
:106EE0000004000000000004000806001807C07835
:106EF00005F1C8003E00001F800463E80780F80623
:106F000000180400080000000400000600000780CC
:106F10000007E008047C08001FF80007F8001808C4
:106F200004E0080700000600000400000000000163
:106F300000080600380400F80403E8040F08047C85
:106F40000805F00807C008070018040060000000EA
:106F50000000000000000000000000000000003FF2
:106F6000FFFE20000220000220000220000220007C
:106F70000200000000000000000008000007000000
:106F800000C0000038000006000001C00000300012
:106F9000000E0000010000000000000000002000C2
:106FA000022000022000022000022000023FFFFE1B
:106FB00000000000000000000000000000000000D1
:106FC0000000000000080000100000300000200059
:106FD0000030000010000008000000000000000069
:106FE000000001000001000001000001000001009C
:106FF000000100000100000100000100000100008C
:10700000010000010000000000000000002000005E
:107010002000001000001000000000000000000030
:1070200000000000000000000000000000F0001957
:10703000F8001B180022080026080024080024106D
:10704000003FF8001FF800000800001800000004CE
:10705000000007FFF80FFFF00018180010080020CC
:1070600008002008003018001FF0000FC0000000CA
:107070000000000007C0001FF000183000200800CA
:107080002008002008003C08001C100000600000E0
:10709000000000000000000007C0001FF0003818CA
:1070A00000200800200800200804101007FFF80F37
:1070B000FFF00000100000000000000000000007CA
:1070C000C0001FF000123000221800220800220821
:1070D000003208001E10000E20000000000000001A
:1070E000200000200800200801FFF803FFF8062018
:1070F0000804200804200807200003000000000006
:1071000000000000000E000E6E001FF30031B10001
:1071100020B10020B1003191001F13002E1E00206D
:107120000E00300000000004000807FFF80FFFF811
:10713000001008002000002000002008003FF80098
:107140001FF8000008000000000000000000002000
:1071500008002008002008063FF8063FF800000855
:10716000000008000008000000000000000000000F
:1071700000000000030000030020010020010020A7
:1071800003063FFE063FFC00000000000000000078
:1071900000000004000807FFF80FFFF80001880056
:1071A0000300002FC00038F800203800200800003D
:1071B00008000000000000000000040008040008AF
:1071C00004000807FFF80FFFF8000008000008009F
:1071D0000008000000000000002008003FF8003F09
:1071E000F8001008002000003FF8003FF8001008E9
:1071F000002000003FF8003FF800000800000000F9
:107200002008003FF8003FF80010080010000020A0
:1072100000002008003FF8001FF8000008000000F0
:107220000000000007C0000FF00018300030080018
:107230002008002008003008001830000FF0000778
:10724000C0000000000000002001003FFF003FFFE1
:10725000001011002009002008002008003038002C
:107260001FF0000FC00000000000000007C0001F5A
:10727000F000381800200800200800200900101134
:10728000001FFF003FFF0000010000000020080079
:107290002008002008003FF8003FF8000808001010
:1072A000080020080020000030000030000000002E
:1072B000000000000000000C78001E1800330800D9
:1072C00023080021080021880021980030F00038B0
:1072D00060000000000000002000002000002000EE
:1072E00000FFF003FFF8002008002008002008003D
:1072F0000030000000000000000000002000003FFF
:10730000F0007FF8000018000008000008002010BE
:10731000003FF8007FF000001000000000000000B7
:107320002000003000003C00003F800023F00000FF
:1073300078000070002380003C0000300000200036
:10734000002000003C00003FE00023F80000E000C7
:107350002700003E00003FE00021F80001E0003E71
:10736000000020000000000020080020080038383D
:10737000003E680027800003C8002CF80038380061
:10738000201800200800000000000000200000304D
:1073900003003C01003F830023EC000070002380C9
:1073A000003C000020000020000000000000000061
:1073B00000000038080020380020F80023E8002FE3
:1073C00088003E0800380800201800007000000007
:1073D00000000000000000000000000000000000AD
:1073E00008000014001FF7FC300006200002000017
:1073F000000000000000000000000000000000008D
:10740000000000000000FFFFFF000000000000007F
:10741000000000000000000000000000000020004C
:10742000023000061FF7FC001400000800000000F6
:107430000000000000000000000000000000001834
:10744000000060000040000040000020000010002C
:10745000000800000400000400000C000010000000
:10746000000000000000000000000000000000001C
:10747000000000000000000000000000000000000C
:1074800000000000000000000000000000000000FC
:1074900000000000000000000000000000000000EC
:1074A00000000000000000000000000000000000DC
:1074B00000000000000000000000000000000000CC
:1074C00000000000000000000000000000000000BC
:1074D00000000000000000000000000000000000AC
:1074E000000000000000000000000000000000009C
:1074F000000000000000000007F000C007FFE1E00E
:1075000007F001E0000000C00000000000000000E3
:10751000000000000000000000000000000000006B
:10752000000000000000000000000000000000005B
:10753000000000000000000000000000000000004B
:10754000000000000000000000000000000000003B
:10755000000000000000000000000000000000002B
:1075600000000000000000000020000001C000003A
:10757000078000001F0000001E0000001C2000000B
:1075800001C00000078000001F0000001E00000076
:107590001C000000000000000000000000000000CF
:1075A00000000000000000000000000000000000DB
:1075B00000000000000000000000000000000000CB
:1075C00000000000000000000000000000000000BB
:1075D00000000000000000000000000000000000AB
:1075E0000000000000180C0000180C0000180FE04C
:1075F000001FFC0003F80C0000180C0000180C0021
:1076000000180C0000180C0000180FE0001FFC0010
:1076100003F80C0000180C0000180C00000000001B
:10762000000000000000000000000000000000005A
:10763000000000000000000000000000000000004A
:10764000000000000000000000000000000000003A
:10765000000000000000000000000000000000002A
:10766000000000000000000000000780007807C054
:1076700000FC0640010E00200307002002038020CA
:107680000FFFFFFC0201C0200200E06001307040EB
:1076900001F03F8000F01F0000000000000000002B
:1076A00000000000000000000000000000000000DA
:1076B00000000000000000000000000000000000CA
:1076C00000000000000000000000000000000000BA
:1076D00000000000000000000000000000000000AA
:1076E00000FE000001FF0000030180000200806036
:1076F000030181C001FF070000FE18000000E00048
:107700000003BF00000CFFC00071806001C10020B9
:10771000030180600000FFC000003F000000000087
:107720000000000000000000000000000000000059
:107730000000000000000000000000000000000049
:107740000000000000000000000000000000000039
:107750000000000000000000000000000000000029
:1077600000001F0000007FC000FCC0C001FF80605F
:107770000303E0200202782002061E2003FC0740DB
:1077800001F00380000103C000011C600001E02043
:107790000001002000010040000001800000000006
:1077A00000000000000000000000000000000000D9
:1077B00000000000000000000000000000000000C9
:1077C00000000000000000000000000000000000B9
:1077D00000000000000000000000000000000000A9
:1077E00000000000002000001C6000001C400000A1
:1077F0001F8000000F0000000000000000000000DB
:107800000000000000000000000000000000000078
:107810000000000000000000000000000000000068
:107820000000000000000000000000000000000058
:107830000000000000000000000000000000000048
:107840000000000000000000000000000000000038
:107850000000000000000000000000000000000028
:107860000000000000000000000000000000000018
:107870000000000000000000000000000007F80009
:10788000003FFF00007807C001C000E003000030A7
:1078900004000008080000041000000200000000BE
:1078A00000000000000000000000000000000000D8
:1078B00000000000000000000000000000000000C8
:1078C00000000000000000000000000000000000B8
:1078D00000000000000000000000000000000000A8
:1078E000000000001000000208000004040000086E
:1078F0000300003001C000E0007807C0003FFF0037
:107900000007F80000000000000000000000000078
:107910000000000000000000000000000000000067
:107920000000000000000000000000000000000057
:107930000000000000000000000000000000000047
:107940000000000000000000000000000000000037
:107950000000000000000000000000000000000027
:107960000000000000000000000C1800000E3800AD
:10797000000E380000063000000360000061438004
:1079800000FFFF800061430000036000000630003C
:10799000000E3800000E3800000C18000000000037
:1079A00000000000000000000000000000000000D7
:1079B00000000000000000000000000000000000C7
:1079C00000000000000000000000000000000000B7
:1079D00000000000000000000000000000000000A7
:1079E0000000000000000000000080000000800097
:1079F0000000800000008000000080000000800087
:107A0000007FFF0000008000000080000000800078
:107A100000008000000080000000800000000000E6
:107A20000000000000000000000000000000000056
:107A30000000000000000000000000000000000046
:107A40000000000000000000000000000000000036
:107A50000000000000000000000000000000000026
:107A60000000000000000001000000E3000000E250
:107A7000000000FC00000078000000000000000092
:107A800000000000000000000000000000000000F6
:107A900000000000000000000000000000000000E6
:107AA00000000000000000000000000000000000D6
:107AB00000000000000000000000000000000000C6
:107AC00000000000000000000000000000000000B6
:107AD00000000000000000000000000000000000A6
:107AE0000000000000008000000080000000800016
:107AF0000000800000008000000080000000800086
:107B00000000800000008000000080000000800075
:107B100000008000000080000000800000000000E5
:107B20000000000000000000000000000000000055
:107B30000000000000000000000000000000000045
:107B40000000000000000000000000000000000035
:107B50000000000000000000000000000000000025
:107B60000000000000000000000000C0000001E074
:107B7000000001E0000000C0000000000000000064
:107B800000000000000000000000000000000000F5
:107B900000000000000000000000000000000000E5
:107BA00000000000000000000000000000000000D5
:107BB00000000000000000000000000000000000C5
:107BC00000000000000000000000000000000000B5
:107BD00000000000000000000000000000000000A5
:107BE000000000000000000C00000038000000E071
:107BF0000000038000000E00000038000000E000DC
:107C000000038000000E00000038000000E00000CB
:107C1000038000000E0000001800000000000000BB
:107C20000000000000000000000000000000000054
:107C30000000000000000000000000000000000044
:107C40000000000000000000000000000000000034
:107C50000000000000000000000000000000000024
:107C60000000000000000000000FF800007FFF008F
:107C700000F00780018000C00300006002000020C7
:107C8000020000200200002003000060018000C00C
:107C900000E00380007FFF00000FF80000000000FC
:107CA00000000000000000000000000000000000D4
:107CB00000000000000000000000000000000000C4
:107CC00000000000000000000000000000000000B4
:107CD00000000000000000000000000000000000A4
:107CE00000000000000000000000000000800020F4
:107CF00000800020008000200080006001FFFFE085
:107D000003FFFFE0000000600000002000000020F2
:107D10000000002000000000000000000000000043
:107D20000000000000000000000000000000000053
:107D30000000000000000000000000000000000043
:107D40000000000000000000000000000000000033
:107D50000000000000000000000000000000000023
:107D60000000000000000000007800E000980160C2
:107D7000010002600200046002000860020010605E
:107D80000200206002004060030080600183006008
:107D900001FE00E0007C0780000000000000000001
:107DA00000000000000000000000000000000000D3
:107DB00000000000000000000000000000000000C3
:107DC00000000000000000000000000000000000B3
:107DD00000000000000000000000000000000000A3
:107DE000000000000000000000F0078001F007C064
:107DF00001000040020000200201002002010020DA
:107E000002010020030380200186804001FCC0C0E5
:107E100000787F8000001E000000000000000000CD
:107E20000000000000000000000000000000000052
:107E30000000000000000000000000000000000042
:107E40000000000000000000000000000000000032
:107E50000000000000000000000000000000000022
:107E6000000000000000080000003800000048008A
:107E70000001880000060800000C081000300810FF
:107E80000040081001FFFFF003FFFFF003FFFFF0C9
:107E9000000008100000081000000810000000009A
:107EA00000000000000000000000000000000000D2
:107EB00000000000000000000000000000000000C2
:107EC00000000000000000000000000000000000B2
:107ED00000000000000000000000000000000000A2
:107EE000000000000000000000000780001F864026
:107EF00003E100200302002003040020030400200B
:107F0000030400200304002003060040030301C013
:107F10000301FF8003007E0000000000000000005D
:107F20000000000000000000000000000000000051
:107F30000000000000000000000000000000000041
:107F40000000000000000000000000000000000031
:107F50000000000000000000000000000000000021
:107F600000000000000000000007FC00003FFF00D0
:107F70000070C380008180C0010100600302002006
:107F80000202002002020020020200200203004040
:107F900001C180C000C0FF8000007E000000000022
:107FA00000000000000000000000000000000000D1
:107FB00000000000000000000000000000000000C1
:107FC00000000000000000000000000000000000B1
:107FD00000000000000000000000000000000000A1
:107FE000000000000000000000F0000003C00000DE
:107FF0000380000003000000030007E003003FE0EF
:108000000301C00003060000031800000360000025
:1080100003800000030000000000000000000000DA
:108020000000000000000000000000000000000050
:108030000000000000000000000000000000000040
:108040000000000000000000000000000000000030
:108050000000000000000000000000000000000020
:108060000000000000001F0000783F8000FC60C09E
:10807000018EC040030780200203002002018020FF
:10808000020180200201C0200301E040018670C08F
:1080900000FC3F8000781F0000000000000000008E
:1080A00000000000000000000000000000000000D0
:1080B00000000000000000000000000000000000C0
:1080C00000000000000000000000000000000000B0
:1080D00000000000000000000000000000000000A0
:1080E00000000000003F000000FF81C001C0C1C0CF
:1080F0000100602002002020020020200200202039
:1081000002002060020040C00100C18000C18F0059
:10811000007FFE00001FF0000000000000000000D3
:10812000000000000000000000000000000000004F
:10813000000000000000000000000000000000003F
:10814000000000000000000000000000000000002F
:10815000000000000000000000000000000000001F
:10816000000000000000000000000000000000000F
:108170000000000000000000000300C0000781E0D4
:10818000000781E0000300C00000000000000000C4
:1081900000000000000000000000000000000000DF
:1081A00000000000000000000000000000000000CF
:1081B00000000000000000000000000000000000BF
:1081C00000000000000000000000000000000000AF
:1081D000000000000000000000000000000000009F
:1081E000000000000000000000000000000000008F
:1081F0000000000000000000000600660006007895
:10820000000000000000000000000000000000006E
:10821000000000000000000000000000000000005E
:10822000000000000000000000000000000000004E
:10823000000000000000000000000000000000003E
:10824000000000000000000000000000000000002E
:10825000000000000000000000000000000000001E
:108260000000000000000000000080000001C000CD
:108270000003600000063000000C180000180C001D
:10828000003006000060030000C0018001000040D3
:1082900002000020040000100000000000000000A8
:1082A00000000000000000000000000000000000CE
:1082B00000000000000000000000000000000000BE
:1082C00000000000000000000000000000000000AE
:1082D000000000000000000000000000000000009E
:1082E0000000000000041000000410000004100052
:1082F000000410000004100000041000000410002E
:10830000000410000004100000041000000410001D
:108310000004100000041000000410000000000021
:10832000000000000000000000000000000000004D
:10833000000000000000000000000000000000003D
:10834000000000000000000000000000000000002D
:10835000000000000000000000000000000000001D
:1083600000000000000000000400001002000020D7
:108370000100004000C001800060030000300600E2
:1083800000180C00000C180000063000000360000C
:108390000001C0000000800000000000000000009C
:1083A00000000000000000000000000000000000CD
:1083B00000000000000000000000000000000000BD
:1083C00000000000000000000000000000000000AD
:1083D000000000000000000000000000000000009D
:1083E00000000000000000000078000001F800001C
:1083F0000238000002000000040000C0040079E020
:10840000040081E0040100C0040300000202000037
:108410000306000001FC000000F80000000000005E
:10842000000000000000000000000000000000004C
:10843000000000000000000000000000000000003C
:10844000000000000000000000000000000000002C
:10845000000000000000000000000000000000001C
:1084600000000000000FF800003FFE0000700780D1
:1084700000C000C00101F8400307FC20021E0420D8
:108480000230082002203020023FFC20013F04403F
:1084900001800CC000E03180001FC200000000001D
:1084A00000000000000000000000000000000000CC
:1084B00000000000000000000000000000000000BC
:1084C00000000000000000000000000000000000AC
:1084D000000000000000000000000000000000009C
:1084E0000000002000000060000003E000003E20CB
:1084F0000003E020003E200003E020000380200075
:1085000007FC2000003FE0000003FE2000003FE0E9
:10851000000001E00000002000000020000000003A
:10852000000000000000000000000000000000004B
:10853000000000000000000000000000000000003B
:10854000000000000000000000000000000000002B
:10855000000000000000000000000000000000001B
:1085600000000000020000200200002003FFFFE0E6
:1085700003FFFFE0020100200201002002010020B1
:108580000201002002010020030300200186806018
:1085900001FCC0C000F87F8000001F000000000048
:1085A00000000000000000000000000000000000CB
:1085B00000000000000000000000000000000000BB
:1085C00000000000000000000000000000000000AB
:1085D000000000000000000000000000000000009B
:1085E000000000000007F800003FFF000070078057
:1085F00000C000C001000040030000200200002075
:1086000002000020020000200200002001000040C3
:10861000018000C003C0018000300600000000009F
:10862000000000000000000000000000000000004A
:10863000000000000000000000000000000000003A
:10864000000000000000000000000000000000002A
:10865000000000000000000000000000000000001A
:1086600000000000020000200200002003FFFFE0E5
:1086700003FFFFE0020000200200002002000020B3
:10868000020000200300006001000040018000C0E3
:1086900000F00780007FFE00000FF80000000000DF
:1086A00000000000000000000000000000000000CA
:1086B00000000000000000000000000000000000BA
:1086C00000000000000000000000000000000000AA
:1086D000000000000000000000000000000000009A
:1086E00000000000020000200200002003FFFFE065
:1086F00003FFFFE002010020020100200201002030
:10870000020100200201002002038020020FE0206D
:108710000300006003C000E00060030000000000F0
:108720000000000000000000000000000000000049
:108730000000000000000000000000000000000039
:108740000000000000000000000000000000000029
:108750000000000000000000000000000000000019
:1087600000000000020000200200002003FFFFE0E4
:1087700003FFFFE0020100200201002002010000CF
:10878000020100000201000002010000020380005B
:10879000030FE0000300000003C0000000600000C1
:1087A00000000000000000000000000000000000C9
:1087B00000000000000000000000000000000000B9
:1087C00000000000000000000000000000000000A9
:1087D0000000000000000000000000000000000099
:1087E000000000000007F800003FFE000070078056
:1087F00001C001C001000040030000200200002071
:108800000200002002000020010020200100204082
:1088100003C03F8000303F800000200000002000A7
:108820000000000000000000000000000000000048
:108830000000000000000000000000000000000038
:108840000000000000000000000000000000000028
:108850000000000000000000000000000000000018
:10886000020000200200002003FFFFE003FFFFE002
:1088700002008020020080200000800000008000B4
:1088800000008000020080200200802003FFFFE043
:1088900003FFFFE0020000200200002000000000B3
:1088A00000000000000000000000000000000000C8
:1088B00000000000000000000000000000000000B8
:1088C00000000000000000000000000000000000A8
:1088D0000000000000000000000000000000000098
:1088E0000000000000000000000000000200002066
:1088F00002000020020000200200002003FFFFE031
:1089000003FFFFE002000020020000200200002020
:108910000200002000000000000000000000000035
:108920000000000000000000000000000000000047
:108930000000000000000000000000000000000037
:108940000000000000000000000000000000000027
:108950000000000000000000000000000000000017
:10896000000000000000000E0000000F0000000FDB
:1089700000000001020000010200000102000003EB
:108980000200000603FFFFFC03FFFFF802000000E7
:1089900002000000020000000200000000000000D1
:1089A00000000000000000000000000000000000C7
:1089B00000000000000000000000000000000000B7
:1089C00000000000000000000000000000000000A7
:1089D0000000000000000000000000000000000097
:1089E00000000000020000200200002003FFFFE062
:1089F00003FFFFE00200C02002010020000780000A
:108A0000000FE0000030F80002603E2003800F20DD
:108A1000030003E0020000E002000020000000204C
:108A20000000000000000000000000000000000046
:108A30000000000000000000000000000000000036
:108A40000000000000000000000000000000000026
:108A50000000000000000000000000000000000016
:108A600000000000020000200200002003FFFFE0E1
:108A700003FFFFE0020000200200002000000020B1
:108A80000000002000000020000000200000002066
:108A900000000060000000E0000003000000000093
:108AA00000000000000000000000000000000000C6
:108AB00000000000000000000000000000000000B6
:108AC00000000000000000000000000000000000A6
:108AD0000000000000000000000000000000000096
:108AE000020000200200002003FFFFE003E000205E
:108AF00003FF0020001FF0000001FF8000000FE0D6
:108B000000001E000003E000003E002003E0002003
:108B100003FFFFE003FFFFE002000020020000204F
:108B20000000000000000000000000000000000045
:108B30000000000000000000000000000000000035
:108B40000000000000000000000000000000000025
:108B50000000000000000000000000000000000015
:108B6000020000200200002003FFFFE0038000203D
:108B700003F0002000FC0000001F00000007C00000
:108B80000001F00000007C0002001F80020007E0EE
:108B900003FFFFE0020000000200000000000000F0
:108BA00000000000000000000000000000000000C5
:108BB00000000000000000000000000000000000B5
:108BC00000000000000000000000000000000000A5
:108BD0000000000000000000000000000000000095
:108BE00000000000000FF800003FFE0000F00780CA
:108BF000018000C0010000400200002002000020AF
:108C0000020000200200002001000040018000C09E
:108C100000F00380003FFE00000FF800000000009D
:108C20000000000000000000000000000000000044
:108C30000000000000000000000000000000000034
:108C40000000000000000000000000000000000024
:108C50000000000000000000000000000000000014
:108C600000000000020000200200002003FFFFE0DF
:108C700003FFFFE00200802002008020020080004D
:108C800002008000020080000200800003018000DA
:108C90000183000000FE0000007C000000000000D6
:108CA00000000000000000000000000000000000C4
:108CB00000000000000000000000000000000000B4
:108CC00000000000000000000000000000000000A4
:108CD0000000000000000000000000000000000094
:108CE00000000000000FF800007FFF0000F003808C
:108CF000018001C00100064002000420020004209F
:108D000002000620020003E0010000F80180005C80
:108D100000E0038C003FFF0C000FFC180000000077
:108D20000000000000000000000000000000000043
:108D30000000000000000000000000000000000033
:108D40000000000000000000000000000000000023
:108D50000000000000000000000000000000000013
:108D600000000000020000200200002003FFFFE0DE
:108D700003FFFFE002010020020100200201800049
:108D80000201E0000201FC0003033F80018607E0CE
:108D900001FC00E000F800200000002000000000BE
:108DA00000000000000000000000000000000000C3
:108DB00000000000000000000000000000000000B3
:108DC00000000000000000000000000000000000A3
:108DD0000000000000000000000000000000000093
:108DE00000000000000000000078060000FE01E026
:108DF000018600C00303004002030020020180201E
:108E0000020180200201C0200200C0200100E060B9
:108E1000018070C003E03F8000001F0000000000E0
:108E20000000000000000000000000000000000042
:108E30000000000000000000000000000000000032
:108E40000000000000000000000000000000000022
:108E50000000000000000000000000000000000012
:108E6000000000000060000003800000030000001C
:108E700002000000020000200200002003FFFFE0CB
:108E800003FFFFE0020000200200002002000000BB
:108E9000020000000380000000E00000000000006D
:108EA00000000000000000000000000000000000C2
:108EB00000000000000000000000000000000000B2
:108EC00000000000000000000000000000000000A2
:108ED0000000000000000000000000000000000092
:108EE000020000000200000003FFFF0003FFFFC0BC
:108EF000020000400200006000000020000000208E
:108F0000000000200000002002000040020000805D
:108F100003FFFF000200000002000000000000004C
:108F20000000000000000000000000000000000041
:108F30000000000000000000000000000000000031
:108F40000000000000000000000000000000000021
:108F50000000000000000000000000000000000011
:108F600000000000020000000200000003C000003A
:108F700003FC0000023FC0000003F80000007F80F7
:108F8000000007E000000780000078000203C00036
:108F9000023C000003C000000200000002000000CC
:108FA00000000000000000000000000000000000C1
:108FB00000000000000000000000000000000000B1
:108FC00000000000000000000000000000000000A1
:108FD0000000000000000000000000000000000091
:108FE0000200000003C0000003FF8000023FFE00FB
:108FF00002007FE000000F000200F00003EF00001D
:1090000003FF8000020FFE0000003FE000001F0091
:109010000207E00003F80000030000000200000067
:109020000000000000000000000000000000000040
:109030000000000000000000000000000000000030
:109040000000000000000000000000000000000020
:109050000000000000000000000000000000000010
:10906000000000000200002002000020038000E059
:1090700003F0032002FC0C20021F30000007C00098
:109080000007F00002187C0002601F20038003E04C
:10909000020000E0020000200000002000000000AC
:1090A00000000000000000000000000000000000C0
:1090B00000000000000000000000000000000000B0
:1090C00000000000000000000000000000000000A0
:1090D0000000000000000000000000000000000090
:1090E00000000000020000000300000003C00000B8
:1090F00003F80000023E0020020FC0200001FFE044
:1091000000007FE000038020021C002002700000AD
:1091100003800000020000000200000000000000C8
:10912000000000000000000000000000000000003F
:10913000000000000000000000000000000000002F
:10914000000000000000000000000000000000001F
:10915000000000000000000000000000000000000F
:109160000000000000000020006000E0038003E039
:1091700003000FA002003E200200F8200203E020BE
:10918000020F8020023E00200278002003E00060F1
:10919000038000E002000300000000000000000067
:1091A00000000000000000000000000000000000BF
:1091B00000000000000000000000000000000000AF
:1091C000000000000000000000000000000000009F
:1091D000000000000000000000000000000000008F
:1091E000000000000000000000000000000000007F
:1091F00000000000000000001FFFFFFC1000000442
:10920000100000041000000410000004100000040E
:109210001000000410000004000000000000000026
:10922000000000000000000000000000000000003E
:10923000000000000000000000000000000000002E
:10924000000000000000000000000000000000001E
:10925000000000000000000000000000000000000E
:1092600000000000000000000000000007000000F7
:1092700003C0000000780000001E00000003C000D2
:109280000000F00000001E0000000780000000F059
:109290000000003C0000000600000000000000008C
:1092A00000000000000000000000000000000000BE
:1092B00000000000000000000000000000000000AE
:1092C000000000000000000000000000000000009E
:1092D000000000000000000000000000000000008E
:1092E0000000000000000000100000041000000456
:1092F000100000041000000410000004100000041E
:10930000100000041FFFFFFC000000000000000030
:10931000000000000000000000000000000000004D
:10932000000000000000000000000000000000003D
:10933000000000000000000000000000000000002D
:10934000000000000000000000000000000000001D
:10935000000000000000000000000000000000000D
:1093600000000000000000000000000000000000FD
:1093700002000000040000000800000018000000C7
:109380001000000018000000180000000400000099
:1093900002000000000000000000000000000000CB
:1093A00000000000000000000000000000000000BD
:1093B00000000000000000000000000000000000AD
:1093C000000000000000000000000000000000009D
:1093D000000000000000000000000000000000008D
:1093E0000000000100000001000000010000000179
:1093F0000000000100000001000000010000000169
:109400000000000100000001000000010000000158
:109410000000000100000001000000010000000148
:10942000000000000000000000000000000000003C
:10943000000000000000000000000000000000002C
:10944000000000000000000000000000000000001C
:10945000000000000000000000000000000000000C
:1094600000000000000000000000000010000000EC
:1094700010000000100000001800000008000000AC
:1094800004000000000000000000000000000000D8
:1094900000000000000000000000000000000000CC
:1094A00000000000000000000000000000000000BC
:1094B00000000000000000000000000000000000AC
:1094C000000000000000000000000000000000009C
:1094D000000000000000000000000000000000008C
:1094E000000000000000038000018FC000038C60BA
:1094F0000006182000041020000410200004202082
:1095000000042040000620400003FFC00001FFE0EF
:109510000000002000000020000000C0000000004B
:10952000000000000000000000000000000000003B
:10953000000000000000000000000000000000002B
:10954000000000000000000000000000000000001B
:10955000000000000000000000000000000000000B
:1095600000000000020000000200000003FFFFE016
:1095700007FFFFC0000180C0000200600002002061
:109580000004002000040020000400200006004029
:10959000000300C00001FF800000FE00000000008A
:1095A00000000000000000000000000000000000BB
:1095B00000000000000000000000000000000000AB
:1095C000000000000000000000000000000000009B
:1095D000000000000000000000000000000000008B
:1095E000000000000000000000007E000001FF807D
:1095F000000381C00002004000060020000400209B
:109600000004002000040020000600200003C040E9
:109610000001C08000000300000000000000000006
:10962000000000000000000000000000000000003A
:10963000000000000000000000000000000000002A
:10964000000000000000000000000000000000001A
:10965000000000000000000000000000000000000A
:10966000000000000000000000007E000001FF80FC
:10967000000380C0000600600004002000040020F9
:1096800000040020020400400202008003FFFFE00B
:1096900007FFFFC000000040000000400000000085
:1096A00000000000000000000000000000000000BA
:1096B00000000000000000000000000000000000AA
:1096C000000000000000000000000000000000009A
:1096D000000000000000000000000000000000008A
:1096E000000000000000000000007E000001FF807C
:1096F000000311C00002104000041060000410209C
:109700000004102000041020000610200003104068
:109710000001F0C000007100000000000000000027
:109720000000000000000000000000000000000039
:109730000000000000000000000000000000000029
:109740000000000000000000000000000000000019
:109750000000000000000000000000000000000009
:1097600000000000000000000004000000040020D1
:109770000004002000040020007FFFE001FFFFE064
:109780000104002003040020020400200204002041
:10979000020400000200000001C0000001C000003F
:1097A00000000000000000000000000000000000B9
:1097B00000000000000000000000000000000000A9
:1097C0000000000000000000000000000000000099
:1097D0000000000000000000000000000000000089
:1097E00000000000000000000000001C0000E33E3C
:1097F0000003FFC200020CC3000404C1000404C142
:10980000000404C1000404C100060CC10003F8C335
:109810000005F0620006007E0006003C000000002B
:109820000000000000000000000000000000000038
:109830000000000000000000000000000000000028
:109840000000000000000000000000000000000018
:109850000000000000000000000000000000000008
:1098600000000000020000200200002003FFFFE0D3
:1098700007FFFFE0000100200002002000060000BA
:109880000004000000040000000400200006002086
:109890000003FFE00001FFE00000002000000020C6
:1098A00000000000000000000000000000000000B8
:1098B00000000000000000000000000000000000A8
:1098C0000000000000000000000000000000000098
:1098D0000000000000000000000000000000000088
:1098E0000000000000000000000000000004002054
:1098F0000004002000040020000400200387FFE093
:10990000038FFFE003800020000000200000002003
:109910000000002000000000000000000000000027
:109920000000000000000000000000000000000037
:109930000000000000000000000000000000000027
:109940000000000000000000000000000000000017
:109950000000000000000000000000000000000007
:1099600000000000000000000000000000000006F1
:1099700000000007000000010000000100040001D9
:109980000004000100040003000400060387FFFC3C
:10999000038FFFF8038000000000000000000000BB
:1099A00000000000000000000000000000000000B7
:1099B00000000000000000000000000000000000A7
:1099C0000000000000000000000000000000000097
:1099D0000000000000000000000000000000000087
:1099E00000000000020000200200002003FFFFE052
:1099F00007FFFFE0000008200000102000003000FA
:109A00000000FC0000058E00000707A0000601E032
:109A1000000400E00004002000000020000000001E
:109A20000000000000000000000000000000000036
:109A30000000000000000000000000000000000026
:109A40000000000000000000000000000000000016
:109A50000000000000000000000000000000000006
:109A600000000000000000000000000002000020D4
:109A700002000020020000200200002003FFFFE09F
:109A800007FFFFE000000020000000200000002091
:109A900000000020000000000000000000000000A6
:109AA00000000000000000000000000000000000B6
:109AB00000000000000000000000000000000000A6
:109AC0000000000000000000000000000000000096
:109AD0000000000000000000000000000000000086
:109AE00000000000000400200007FFE0000FFFE07E
:109AF0000002002000040000000400200007FFE036
:109B00000003FFE000020020000400000004002029
:109B10000007FFE00003FFE000000020000000005D
:109B20000000000000000000000000000000000035
:109B30000000000000000000000000000000000025
:109B40000000000000000000000000000000000015
:109B50000000000000000000000000000000000005
:109B60000000000000040020000400200007FFE0C7
:109B7000000FFFE0000100200002002000020000B2
:109B80000004000000040000000400200006002083
:109B90000003FFE00001FFE00000002000000020C3
:109BA00000000000000000000000000000000000B5
:109BB00000000000000000000000000000000000A5
:109BC0000000000000000000000000000000000095
:109BD0000000000000000000000000000000000085
:109BE000000000000000000000007E000000FF8078
:109BF000000381C000020040000600200004002095
:109C000000040020000400200006002000020040A4
:109C1000000381C00001FF8000007E000000000002
:109C20000000000000000000000000000000000034
:109C30000000000000000000000000000000000024
:109C40000000000000000000000000000000000014
:109C50000000000000000000000000000000000004
:109C60000000000000040001000400010007FFFFE5
:109C7000000FFFFF000100C10002004100040020AE
:109C80000004002000040020000400200006004022
:109C9000000301C00001FF8000007E000000000002
:109CA00000000000000000000000000000000000B4
:109CB00000000000000000000000000000000000A4
:109CC0000000000000000000000000000000000094
:109CD0000000000000000000000000000000000084
:109CE000000000000000000000007E000001FF8076
:109CF000000380C000020060000400200004002077
:109D0000000400200004002000020041000300C104
:109D10000003FFFF0007FFFF00000001000000013B
:109D20000000000000000000000000000000000033
:109D30000000000000000000000000000000000023
:109D40000000000000000000000000000000000013
:109D50000000000000000000000000000000000003
:109D60000000000000040020000400200004002087
:109D700000040020000FFFE0000FFFE00000C02003
:109D80000001002000020020000600200004000066
:109D900000040000000700000003000000000000B5
:109DA00000000000000000000000000000000000B3
:109DB00000000000000000000000000000000000A3
:109DC0000000000000000000000000000000000093
:109DD0000000000000000000000000000000000083
:109DE0000000000000000000000003E00001C0E0EF
:109DF0000003E0400006302000043020000418205A
:109E0000000418200004182000040C2000020C603C
:109E1000000307C00007838000000000000000006E
:109E20000000000000000000000000000000000032
:109E30000000000000000000000000000000000022
:109E40000000000000000000000000000000000012
:109E50000000000000000000000000000000000002
:109E600000000000000000000004000000040000EA
:109E700000040000000C0000001FFF8000FFFFC076
:109E80000004006000040020000400200004002002
:109E900000040040000001800000000000000000FD
:109EA00000000000000000000000000000000000B2
:109EB00000000000000000000000000000000000A2
:109EC0000000000000000000000000000000000092
:109ED0000000000000000000000000000000000082
:109EE0000000000000040000000400000007FF80E4
:109EF000000FFFC0000000600000002000000020F4
:109F00000000002000000020000400400004008049
:109F10000007FFE0000FFFC000000040000000400D
:109F20000000000000000000000000000000000031
:109F30000000000000000000000000000000000021
:109F40000000000000000000000000000000000011
:109F50000000000000000000000000000000000001
:109F60000000000000040000000400000007800062
:109F70000007F0000004FE0000041FC0000003E022
:109F80000000038000001C00000460000007800047
:109F900000060000000400000000000000000000B7
:109FA00000000000000000000000000000000000B1
:109FB00000000000000000000000000000000000A1
:109FC0000000000000000000000000000000000091
:109FD0000000000000000000000000000000000081
:109FE00000040000000600000007C0000007FC009D
:109FF00000043F80000003E000040F800006F00032
:10A000000007F0000007FF8000040FE0000003805D
:10A0100000043C000007C00000060000000400002F
:10A020000000000000000000000000000000000030
:10A030000000000000000000000000000000000020
:10A040000000000000000000000000000000000010
:10A050000000000000000000000000000000000000
:10A060000000000000000020000400200004006048
:10A07000000700E0000783200007E6000004F80066
:10A0800000003C0000045E20000587A0000601E0FF
:10A090000004006000040020000000200000000018
:10A0A00000000000000000000000000000000000B0
:10A0B00000000000000000000000000000000000A0
:10A0C0000000000000000000000000000000000090
:10A0D0000000000000000000000000000000000080
:10A0E000000000000004000000040003000700035B
:10A0F0000007E0010004F80100041F02000007FC53
:10A10000000000E000000700000438000007C00065
:10A110000006000000040000000400000000000031
:10A12000000000000000000000000000000000002F
:10A13000000000000000000000000000000000001F
:10A14000000000000000000000000000000000000F
:10A1500000000000000000000000000000000000FF
:10A16000000000000000000000078060000600E022
:10A17000000403E0000407A000040E2000043C20BB
:10A18000000470200005E020000780200007006028
:10A19000000400E000000380000000000000000058
:10A1A00000000000000000000000000000000000AF
:10A1B000000000000000000000000000000000009F
:10A1C000000000000000000000000000000000008F
:10A1D000000000000000000000000000000000007F
:10A1E000000000000000000000000000000000006F
:10A1F00000000000000000000000000000008000DF
:10A20000000080000001400007FE3FF80800000445
:10A21000100000021000000200000000000000001A
:10A22000000000000000000000000000000000002E
:10A23000000000000000000000000000000000001E
:10A24000000000000000000000000000000000000E
:10A2500000000000000000000000000000000000FE
:10A2600000000000000000000000000000000000EE
:10A2700000000000000000000000000000000000DE
:10A28000FFFFFFFF000000000000000000000000D2
:10A2900000000000000000000000000000000000BE
:10A2A00000000000000000000000000000000000AE
:10A2B000000000000000000000000000000000009E
:10A2C000000000000000000000000000000000008E
:10A2D000000000000000000000000000000000007E
:10A2E000000000000000000010000002100000024A
:10A2F0000800000407FE3FF8000140000000800055
:10A3000000008000000000000000000000000000CD
:10A31000000000000000000000000000000000003D
:10A32000000000000000000000000000000000002D
:10A33000000000000000000000000000000000001D
:10A34000000000000000000000000000000000000D
:10A3500000000000000000000000000000000000FD
:10A360000000000018000000300000004000000065
:10A37000400000004000000020000000300000000D
:10A3800008000000040000000200000002000000BD
:10A39000020000000C000000180000000000000097
:10A3A00000000000000000000000000000000000AD
:10A3B000000000000000000000000000000000009D
:10A3C000000000000000000000000000000000008D
:10A3D000000000000000000000000000000000007D
:10A3E00000190000800F0000E0030000C00700001B
:10A3F000E0030000400000004000000040000000BA
:10A4000040000000400000000040060000E00300A3
:10A4100000F8000000F0010000F80000000000005B
:10A4200029C0009071CA009057CF0090D9D30090F6
:10A4300065E000901FEE00903D010190DDED009081
:10A4400021DE0090D9DE0090E9DD0090F9E0009077
:10A45000C800F00003012B01A4E40624060000005C
:10A460004000000000010000A4E506248000000078
:10A4700000020000000000000000000000000000DA
:10A4800000000000000000000000000000000000CC
:10A49000000000000000000040000000E803000091
:10A4A00000000000000000000000000000000000AC
:10A4B000000000000000000000030000615C00904C
:10A4C000B95C009000006400C80029018801E30124
:10A4D00039028A02D402180353038703B203D40358
:10A4E000EC03FB0300040000290051007900A000E8
:10A4F000C500EA000D012E014E016C018901A30186
:10A50000BD01D501EB010002B9AF00905D5F009085
:10A5100011E000900100000005AF0090FDE1009007
:10A52000000000000000000020202020200020006B
:10A5300048484800000000005050F850F8505000C3
:10A540002078A07028F02000C0C810204098180083
:10A550006090A040A89068006020400000000000CB
:10A5600010204040402010004020101010204000DB
:10A57000005020F820500000002020F8202000008B
:10A580000000000000602040000000F80000000013
:10A590000000000000606000000810204080000003
:10A5A000708898A8C8887000206020202020700043
:10A5B000708808304080F800708808300888700083
:10A5C00010305090F8101000F880F00808887000E3
:10A5D000304080F088887000F8081020404040002B
:10A5E000708888708888700070888878081060008B
:10A5F000006060006060000000006060006020405B
:10A6000010204080402010000000F800F8000000FA
:10A61000804020102040800070880810200020001A
:10A6200070880868A8A87000708888F888888800F2
:10A63000F08888F08888F0007088808080887000BA
:10A64000E09088888890E000F88080F08080F800B2
:10A65000F88080F080808000708880809888780002
:10A66000888888F888888800702020202020700042
:10A6700038101010109060008890A0C0A090880042
:10A68000808080808080F80088D8A8A8888888008A
:10A690008888C8A89888880070888888888870000A
:10A6A000F08888F08080800070888888A890680092
:10A6B000F08888F0A090880070888070088870000A
:10A6C000F820202020202000888888888888700032
:10A6D0008888888888502000888888A8A8A8500082
:10A6E0008888502050888800888888502020200042
:10A6F000F80810204080F800704040404040700052
:10A700000080402010080000701010101010700021
:10A71000205088000000000000000000000000F849
:10A7200040201000000000000000700878887800C9
:10A730008080B0C88888F000000070808088700039
:10A74000080868988888780000007088F880700091
:10A75000304840E040404000000078888878087029
:10A760008080B0C888888800200060202020700089
:10A770001000301010109060808090A0C0A0900059
:10A7800060202020202070000000D0A88888880049
:10A790000000B0C888888800000070888888700031
:10A7A0000000F08888F080800000788888780808A9
:10A7B0000000B0C880808000000078807008F00041
:10A7C0004040E04040483000000088888898680099
:10A7D000000088888850200000008888A8A85000C1
:10A7E0000000885020508800000088888878087011
:10A7F0000000F8102040F800102020402020100019
:10A800002020202020202000402020102020400058
:10A810006890000000000000182000000000000008
:10A82000C020000000000000708800000000000050
:10A8300050000000000000006890000000000000D0
:10A840000000006020207000006090F08888B080D8
:10A8500020007088F88888002000700878887800C8
:10A860003860A0B8E0A0B800704848E848487000D8
:10A87000E0407048487040E00000D02878A05800C0
:10A88000A040A01078887000602030283020700030
:10A89000708898A8C888700000007098A8C87000D8
:10A8A00000007088F88888000000F880E080F800D8
:10A8B00000007020202070000000708888887000E0
:10A8C0000000888888887000000088C8A8988800E0
:10A8D00020002020202020002000204080887000C0
:10A8E0001820000000000000C02000000000000050
:10A8F0002050000000000000500000000000000098
:10A90000689000000000000000000000000000202F
:10A910000000000000000000002070A0A0A870202F
:10A92000304040E04048B00000008870507088001F
:10A930008850F820F820200020202000202020002F
:10A940003048205020906000880000000000000087
:10A95000F888A8B8A888F800700878887000000007
:10A96000002850A050280000000000F8080800004F
:10A970000000007000000000F888A88898A8F8007F
:10A98000F80000000000000020502000000000003F
:10A99000002070200070000060902040F000000057
:10A9A000E0106010E000000018200000000000002F
:10A9B0000000888888C8B08078989878181818009F
:10A9C000000000303000000040C04040E0000000C7
:10A9D000708888887000000000A0502850A00000F7
:10A9E0008890A050B05078108890A040B8081038D7
:10A9F000C040C048D828380800885020508800003F
:10AA0000002000F800200000103070FC70301000B2
:10AA1000203038FC38302000002070F82020000062
:10AA2000002020F87020000000082868F86020004E
:10AA300000040408089050209D00FFFF9E00FFFFC7
:10AA40009F00FFFFA000FFFFA100FFFFA200FFFF8C
:10AA5000FFFFFFFFFFFFFFFFFFFFFFFFFFFFFFFF06
:10AA6000FFFFFFFFFFFFFFFFFFFFFFFFFFFFFFFFF6
:10AA7000FFFFFFFFFFFFFFFF7E00FFFF7600FFFFEE
:10AA80007F00FFFF8000FFFF8100FFFF8200FFFFCC
:10AA90008300FFFF8400FFFF8500FFFF8600FFFFAC
:10AAA0008700FFFF8800FFFF8900FFFF8A00FFFF8C
:10AAB0008B00FFFF8C00FFFF8D00FFFF8E00FFFF6C
:10AAC0008F00FFFF9000FFFF9100FFFF9200FFFF4C
:10AAD0009300FFFF9400FFFF7D00FFFF9500FFFF45
:10AAE0009600FFFF9700FFFF9800FFFF9900FFFF10
:10AAF0009A00FFFF7700FFFF700079007000780078
:10AB000070007A0070007C0070007B006600FFFF20
:10AB10006800FFFF23007D0071007900710078005C
:10AB200071007A0071007B00720079007200780079
:10AB300072007A0072007B006900FFFF75007C00E4
:10AB4000730079007300780073007A0073007C0052
:10AB500073007B009B00FFFF6E00FFFF7400790015
:10AB60007400780074007A0074007B00390078006B
:10AB70006A00FFFF6500FFFF4100600041005F00C9
:10AB80004100610041006300410062006700FFFF77
:10AB90006B00FFFF43007D004500600045005F0043
:10ABA00045006100450062006400600064005F00D1
:10ABB00064006100640062006C00FFFF4E006300EF
:10ABC0004F0060004F005F004F0061004F006300C6
:10ABD0004F0062009C00FFFF6F00FFFF5500600008
:10ABE00055005F00550061005500620059005F008C
:10ABF0006D00FFFF590062009000FF0038AA01902D
:10AC000020A5019020A50190F8AB019020007E00C6
:10AC100006060100F91D00902D1F0090451F0090B1
:10AC20004B1F009000000000000000000808010118
:10AC300000AC0190070507000000000000000000C4
:10AC400000000000000000000000183C3C3C181808
:10AC50001800181800000000006666662400000056
:10AC600000000000000000000000006C6CFE6C6C36
:10AC70006CFE6C6C0000000018187CC6C2C07C061C
:10AC80000686C67C1818000000000000C2C60C181A
:10AC90003060C686000000000000386C6C3876DC3E
:10ACA000CCCCCC76000000000030303060000000DA
:10ACB000000000000000000000000C1830303030B0
:10ACC0003030180C00000000000030180C0C0C0C88
:10ACD0000C0C1830000000000000000000663CFF73
:10ACE0003C66000000000000000000000018187E14
:10ACF0001818000000000000000000000000000024
:10AD0000001818183000000000000000000000FECD
:10AD10000000000000000000000000000000000033
:10AD200000001818000000000000000002060C18C7
:10AD30003060C080000000000000386CC6C6C6C687
:10AD4000C6C66C38000000000000183878181818C3
:10AD50001818187E0000000000007CC6060C183091
:10AD600060C0C6FE0000000000007CC606063C066F
:10AD70000606C67C0000000000000C1C3C6CCCFEEB
:10AD80000C0C0C1E000000000000FEC0C0C0FC0641
:10AD90000606C67C0000000000003860C0C0FCC68B
:10ADA000C6C6C67C000000000000FEC606060C18E1
:10ADB000303030300000000000007CC6C6C67CC6C3
:10ADC000C6C6C67C0000000000007CC6C6C67E0663
:10ADD00006060C78000000000000000018180000B3
:10ADE0000018180000000000000000001818000003
:10ADF0000018183000000000000000060C18306039
:10AE000030180C060000000000000000007E00006A
:10AE10007E000000000000000000006030180C06FA
:10AE20000C1830600000000000007CC6C60C18182A
:10AE300018001818000000000000007CC6C6DEDE06
:10AE4000DEDCC07C00000000000010386CC6C6FECE
:10AE5000C6C6C6C6000000000000FC6666667C66CA
:10AE6000666666FC0000000000003C66C2C0C0C010
:10AE7000C0C2663C000000000000F86C66666666B2
:10AE800066666CF8000000000000FE666268786884
:10AE9000606266FE000000000000FE66626878687E
:10AEA000606060F00000000000003C66C2C0C0DED0
:10AEB000C6C6663A000000000000C6C6C6C6FEC68A
:10AEC000C6C6C6C60000000000003C1818181818B6
:10AED0001818183C0000000000001E0C0C0C0C0C94
:10AEE000CCCCCC78000000000000E666666C787878
:10AEF0006C6666E6000000000000F0606060606064
:10AF0000606266FE000000000000C6EEFEFED6C6CF
:10AF1000C6C6C6C6000000000000C6E6F6FEDECECD
:10AF2000C6C6C6C60000000000007CC6C6C6C6C6AF
:10AF3000C6C6C67C000000000000FC6666667C6039
:10AF4000606060F00000000000007CC6C6C6C6C697
:10AF5000C6D6DE7C0C0E00000000FC6666667C6CCB
:10AF6000666666E60000000000007CC6C660380C1D
:10AF700006C6C67C0000000000007E7E5A18181825
:10AF80001818183C000000000000C6C6C6C6C6C699
:10AF9000C6C6C67C000000000000C6C6C6C6C6C63F
:10AFA000C66C3810000000000000C6C6C6C6D6D663
:10AFB000D6FEEE6C000000000000C6C66C7C38387F
:10AFC0007C6CC6C6000000000000666666663C1821
:10AFD0001818183C000000000000FEC6860C18304F
:10AFE00060C2C6FE0000000000003C30303030304F
:10AFF0003030303C0000000000000080C0E07038BD
:10B000001C0E06020000000000003C0C0C0C0C0C96
:10B010000C0C0C3C0000000010386CC60000000056
:10B020000000000000000000000000000000000020
:10B030000000000000FF00000030180C00000000BD
:10B0400000000000000000000000000000780C7C00
:10B05000CCCCCC76000000000000E06060786C662C
:10B060006666667C0000000000000000007CC6C030
:10B07000C0C0C67C0000000000001C0C0C3C6CCC66
:10B08000CCCCCC760000000000000000007CC6FEA6
:10B09000C0C0C67C0000000000001C363230783092
:10B0A0003030307800000000000000000076CCCC8A
:10B0B000CCCCCC7C0CCC78000000E060606C766678
:10B0C000666666E6000000000000181800381818D0
:10B0D0001818183C0000000000000606000E0606C6
:10B0E0000606060666663C000000E06060666C7856
:10B0F000786C66E600000000000038181818181870
:10B100001818183C000000000000000000ECFED6FB
:10B11000D6D6D6C6000000000000000000DC66663F
:10B12000666666660000000000000000007CC6C67F
:10B13000C6C6C67C000000000000000000DC666699
:10B140006666667C6060F000000000000076CCCC93
:10B15000CCCCCC7C0C0C1E000000000000DC766621
:10B16000606060F00000000000000000007CC6602D
:10B17000380CC67C000000000000103030FC30307D
:10B180003030361C000000000000000000CCCCCCA9
:10B19000CCCCCC76000000000000000000C6C6C683
:10B1A000C6C66C38000000000000000000C6C6D60D
:10B1B000D6D6FE6C000000000000000000C66C380F
:10B1C00038386CC6000000000000000000C6C6C68B
:10B1D000C6C6C67E060CF8000000000000FECC18B3
:10B1E0003060C6FE0000000000000E18181870182D
:10B1F0001818180E00000000000018181818181869
:10B2000018181818000000000000701818180E1800
:10B2100018181870000000000076DC000000000024
:10B22000000000000000000000001C3000000000D2
:10B230000000000000000000000070180000000086
:10B2400000000000000000000010386C000000004A
:10B25000000000000000000000C6C6000000000062
:10B2600000000000000000000076DC00000000008C
:10B270000000000000000000000000000038181866
:10B280001818183C000000000000386C6C6C786CDA
:10B290006666666C60C00000102810007CC6C6FEA2
:10B2A000C6C6C6C6000000000030483000780C7CDE
:10B2B000CCCCCC760000000000001E7AD8D8D8FE96
:10B2C000D8D8DADE000000000000FC666666F6F6FC
:10B2D000666666FC000000000000F0607C66666642
:10B2E000667C60F0000000000000000000CC323EF0
:10B2F00070B0B26C000000000000D060B0187CC6D6
:10B30000C6C6C67C000000000000E06060786C6C7F
:10B31000786060F00000000000007CC6CECED6D67B
:10B32000E6E6C67C0000000000000000003A44CEC3
:10B33000D6E644B800000000000000386CC6C6FE27
:10B34000C6C6C6C600000000000000FE666268783F
:10B35000686266FE000000000000003C1818181823
:10B360001818183C000000000000007CC6C6C6C6C5
:10B37000C6C6C67C00000000000000C6C6C6C6C621
:10B38000C6C6C67C00000000000000C6E6F6FEDE71
:10B39000CEC6C6C600000000000018180018181815
:10B3A0003C3C3C18000000000000303000303030E1
:10B3B00060C6C67C000000001C30000000000000D9
:10B3C00000000000000000007018000000000000F5
:10B3D0000000000000000000386C000000000000C9
:10B3E0000000000000000000C6C6000000000000D1
:10B3F000000000000000000076DC000000000000FB
:10B40000000000000000000000000000000000003C
:10B4100000000000183000000000000000000000E4
:10B42000000000000000000000000010107CD0D0E0
:10B43000D0D0D67C1010000000001C3030307830A6
:10B440003030325C0000000000000000423C242448
:10B450003C420000000000000000663C187E181806
:10B460007E181818000000000000181818180000B6
:10B47000181818180000000000003C6460384444AC
:10B48000380C4C780000000000C6C6000000000028
:10B490000000000000000000000000007E425A5E34
:10B4A0005A427E000000000000007008788888740E
:10B4B00000000000000000000000000000366CD812
:10B4C0006C3600000000000000000000000000FCDE
:10B4D0000404000000000000000000000000007CE8
:10B4E0000000000000000000000000007C44544404
:10B4F0004C547C0000000000FE0000000000000032
:10B5000000000000000000000070D888D870000023
:10B5100000000000000000000000000010107C107F
:10B5200010007C0000000000788C0C183060FC00DB
:10B530000000000000000000788C0C780C8C780073
:10B540000000000000000000000E182000000000B5
:10B5500000000000000000000000000000666666B9
:10B560006666667C6060C00000007ED4D4D474142B
:10B570001414143E000000000000000000003838E1
:10B58000380000000000000060E060606060F000D3
:10B59000000000000000000000003C6666663C0001
:10B5A00000000000000000000000000000D86C3621
:10B5B0006CD8000000000000000040C04448102487
:10B5C0004C941E0400000000000040C04448102CB1
:10B5D0005284081E000000000000C0204428D0242F
:10B5E0004C941E04000000000000000000663C189F
:10B5F0003C66000000000000000000001818007EFB
:10B6000000181800000000000000000000081838B2
:10B610007FFF7F3818080000000000000010181C91
:10B62000FEFFFE1C18100000000000000000103893
:10B630007CFE383838380000000000000000383840
:10B640003838FE7C3810000000000006060606169A
:10B65000367EFE7C30100000000000000000030376
:10B6600006060CCC783800009D00FFFF9E00FFFF0F
:10B670009F00FFFFA000FFFFA100FFFFA200FFFF50
:10B68000FFFFFFFFFFFFFFFFFFFFFFFFFFFFFFFFCA
:10B69000FFFFFFFFFFFFFFFFFFFFFFFFFFFFFFFFBA
:10B6A000FFFFFFFFFFFFFFFF7E00FFFF7600FFFFB2
:10B6B0007F00FFFF8000FFFF8100FFFF8200FFFF90
:10B6C0008300FFFF8400FFFF8500FFFF8600FFFF70
:10B6D0008700FFFF8800FFFF8900FFFF8A00FFFF50
:10B6E0008B00FFFF8C00FFFF8D00FFFF8E00FFFF30
:10B6F0008F00FFFF9000FFFF9100FFFF9200FFFF10
:10B700009300FFFF9400FFFF7D00FFFF9500FFFF08
:10B710009600FFFF9700FFFF9800FFFF9900FFFFD3
:10B720009A00FFFF7700FFFF70007900700078003B
:10B7300070007A0070007C0070007B006600FFFFE4
:10B740006800FFFF23007D00710079007100780020
:10B7500071007A0071007B0072007900720078003D
:10B7600072007A0072007B006900FFFF75007C00A8
:10B77000730079007300780073007A0073007C0016
:10B7800073007B009B00FFFF6E00FFFF74007900D9
:10B790007400780074007A0074007B00390078002F
:10B7A0006A00FFFF6500FFFF4100600041005F008D
:10B7B0004100610041006300410062006700FFFF3B
:10B7C0006B00FFFF43007D004500600045005F0007
:10B7D00045006100450062006400600064005F0095
:10B7E00064006100640062006C00FFFF4E006300B3
:10B7F0004F0060004F005F004F0061004F0063008A
:10B800004F0062009C00FFFF6F00FFFF55005F00CC
:10B8100055006000550061005500620059005F004E
:10B820006D00FFFF590062009000FF0068B60190B4
:10B8300038AC019038AC019028B8019020007F000E
:10B8400008080100F91D00902D1F0090451F009071
:10B850004B1F0090000000000000000010100101CC
:10B8600030B801900C070A00000000000000000042
:10B8700000000000000000000000000000000000C8
:10B8800000000000303030303030303030303000A8
:10B8900000303000000000000000000066666666B0
:10B8A0006600000000000000000000000000000032
:10B8B00000000000000000000C600C600CE018C0EC
:10B8C000FFF0FFF018C031803180FFF0FFF03180D1
:10B8D000730063006300000000000000000000002F
:10B8E00000000000000004001F003F8075C064C01D
:10B8F000640074003E000F8005C004C004C064C032
:10B9000075C03F801F00040004000000000000001C
:10B910000000000000000000000000001C060036CF
:10B920000C00630C0063180063180063300036607D
:10B93000001C670000CD8000D8C00198C00198C0ED
:10B940000318C0060D80060700000000000000007C
:10B9500000000000000000000000000000000000E7
:10B9600007800FC01860186018C00D800F001F00FE
:10B97000339861D860F0606070F03FD81F08000015
:10B980000000000000000000000000006060606037
:10B990006000000000000000000000000000000047
:10B9A00000000000040818103030606060606060C3
:10B9B00060303010180804000000000040203010F3
:10B9C00018180C0C0C0C0C0C0C1818103020400023
:10B9D000000000001818FF183C660000000000007E
:10B9E0000000000000000000000000000000000057
:10B9F00000000000000006000600060006007FE0D0
:10BA00007FE00600060006000600000000000000BF
:10BA10000000000000000000000000000000000026
:10BA20000000000000000000003030101020000076
:10BA3000000000000000000000000000FCFC00000E
:10BA400000000000000000000000000000000000F6
:10BA50000000000000000000003030000000000086
:10BA6000000000000C0C18181818303030606060AE
:10BA700060C0C000000000000000000000000000E6
:10BA80001F003FC030C060606060606060606060E8
:10BA9000606060606060606030C03FC00F80000028
:10BAA0000000000000000000000000000000000096
:10BAB000030003000F001F00330003000300030016
:10BAC0000300030003000300030003000300000061
:10BAD0000000000000000000000000000000000066
:10BAE0001F803FC070E060600060006000C000C068
:10BAF000018007000E00180030007FE07FE00000AA
:10BB00000000000000000000000000000000000035
:10BB10001F003F8071C060C000C00180070007C0E7
:10BB200000E000600060606070C03FC01F00000067
:10BB30000000000000000000000000000000000005
:10BB400000800180038007800D800D801980318086
:10BB500061807FE07FE00180018001800180000042
:10BB600000000000000000000000000000000000D5
:10BB70001FC01FC030003000300037807FC060E041
:10BB8000006000600060606070C03FC01F00000087
:10BB900000000000000000000000000000000000A5
:10BBA0000F801FC030E03060600067807FC070E0B1
:10BBB000606060606060606030C01FC00F000000A7
:10BBC0000000000000000000000000000000000075
:10BBD0007FE07FE000C001800180030003000600D9
:10BBE00006000C000C000C001800180018000000E3
:10BBF0000000000000000000000000000000000045
:10BC00000F001F8030C030C030C030C01F801F8088
:10BC100030C060606060606070E03FC01F80000006
:10BC20000000000000000000000000000000000014
:10BC30000F003F8030C0606060606060606030E036
:10BC40003FE01E60006060C070C03F801F000000C9
:10BC500000000000000000000000000000000000E4
:10BC60003030000000000000003030000000000014
:10BC70000000000000000000303000000000000064
:10BC80000030301010200000000000000000000014
:10BC900000000000002000E003C00F00380060003A
:10BCA00038000F0003C000E000200000000000008A
:10BCB0000000000000000000000000000000000084
:10BCC00000000000000000007FE07FE000000000B6
:10BCD00000007FE07FE000000000000000000000A6
:10BCE0000000000000000000000000000000000054
:10BCF00000000000400070003C000F0001C0006028
:10BD000001C00F003C007000400000000000000077
:10BD10000000000000000000000000000000000023
:10BD20001F803FC070E06060006000C001C0038001
:10BD300007000600060000000000060006000000E4
:10BD400000000000000000000000000000000000F3
:10BD50000000000000FE0007FF800F03C01C00E091
:10BD600018736031FB70338E3063063066063066C0
:10BD70000630660470660C60671CC033FF8039EFC4
:10BD8000301C00600F01C007FF8001FE00000000B2
:10BD90000000000000000000070007000D800D807B
:10BDA0000D8018C018C018C03FE03FE06030603020
:10BDB0006030C018C0180000000000000000000043
:10BDC00000000000000000003FC03FE03070303055
:10BDD000303030703FE03FE03030301830183018ED
:10BDE00030383FF03FE0000000000000000000009D
:10BDF000000000000000000007E01FF01C38301CAD
:10BE0000700C60006000600060006000700C301812
:10BE10003C381FF007E000000000000000000000B8
:10BE200000000000000000003FC03FF03038301834
:10BE3000300C300C300C300C300C300C300C301816
:10BE400030383FF03FC0000000000000000000005C
:10BE500000000000000000003FF83FF83000300014
:10BE6000300030003FF03FF0300030003000300054
:10BE700030003FF83FF80000000000000000000024
:10BE800000000000000000003FF03FF030003000F4
:10BE9000300030003FE03FE0300030003000300044
:10BEA0003000300030000000000000000000000002
:10BEB000000000000000000007F00FF81C1C300E0E
:10BEC00030046000600060FE60FE600630063006F0
:10BED0001C1E0FFC03F0000000000000000000002A
:10BEE0000000000000000000601860186018601872
:10BEF000601860187FF87FF8601860186018601884
:10BF000060186018601800000000000000000000C9
:10BF100000000000303030303030303030303030E1
:10BF20003030300000000000000000000000000081
:10BF300001800180018001800180018001800180F9
:10BF4000018001806180618073803F001E000000DD
:10BF500000000000000000000000000000000000E1
:10BF60003038307030E031C03380370037003F0068
:10BF70003B8031C030E0306030703038301C000021
:10BF800000000000000000000000000000000000B1
:10BF90003000300030003000300030003000300021
:10BFA000300030003000300030003FE03FE0000063
:10BFB0000000000000000000000000000000000081
:10BFC00000000000700700780F00780F00680B0079
:10BFD0006C1B006C1B006413006633006633006248
:10BFE000230063630063630061430061C30061C3B6
:10BFF0000000000000000000000000000000000041
:10C000000000000000000000601870187818781810
:10C010006C186618661863186198619860D8607823
:10C020006078603860180000000000000000000028
:10C03000000000000000000007E00FF01C38300C8A
:10C04000700E60066006600660066006700E300CBA
:10C050001C380FF007E000000000000000000000A6
:10C0600000000000000000003FE03FF030383018D2
:10C070003018301830383FF03FE0300030003000EA
:10C080003000300030000000000000000000000020
:10C09000000000000000000007E00FF81C3C300C1E
:10C0A000700E60066006600660066006700C30EC7C
:10C0B0001C380FFC07EE000200000000000000002A
:10C0C00000000000000000003FE03FF03038301872
:10C0D000301830383FF03FE030C030E03060307032
:10C0E00030383018301C0000000000000000000054
:10C0F000000000000000000007C01FF038383018B2
:10C10000300038001F8007E00070001860187018B9
:10C1100038381FF00FC000000000000000000000D1
:10C120000000000000000000FFF0FFF00600060025
:10C1300006000600060006000600060006000600CF
:10C1400006000600060000000000000000000000DD
:10C1500000000000000000006018601860186018FF
:10C1600060186018601860186018601860187038DF
:10C1700038701FE00FC00000000000000000000049
:10C180000000000000000000C018E038603060309F
:10C1900070703060306038E018C018C01DC00D806D
:10C1A0000D800F800700000000000000000000006C
:10C1B000000000000000000000000000C07018C077
:10C1C000701860D83060D83060D83070C870318C4A
:10C1D00060318C60318C601B06C01B06C01B06C022
:10C1E0001B06C00E03800E0380000000000000004C
:10C1F000000000000000000000000000000000003F
:10C200007038387018600CC00CC0078003000780BD
:10C2100007800DC01CE0186030307038E01C000052
:10C22000000000000000000000000000000000000E
:10C23000E01C6018303038701CE00CC007800780AC
:10C2400003000300030003000300030003000000D9
:10C2500000000000000000000000000000000000DE
:10C260007FF07FF0006000C00180018003000600C5
:10C270000C001800180030006000FFF0FFF0000014
:10C2800000000000000000000000000078786060FE
:10C2900060606060606060606060606060787800CE
:10C2A00000000000C0C060606060303030181818B6
:10C2B000180C0C000000000000000000787818182E
:10C2C0001818181818181818181818181878780046
:10C2D00000000000183C3C3C666666C3000000009D
:10C2E000000000000000000000000000000000004E
:10C2F000000000000000000000000000000000003E
:10C30000000000000000000000000000000000002D
:10C310000000FFF0FFF0000000000000603010009F
:10C32000000000000000000000000000000000000D
:10C3300000000000000000000000000000000000FD
:10C340001F807FC060C000C007C03FC078C060C011
:10C3500061C07FC03E6000000000000000000000DF
:10C36000000000000000000060006000600060004D
:10C370006F007F80718060C060C060C060C060C0BE
:10C3800071807F806F00000000000000000000004E
:10C39000000000000000000000000000000000009D
:10C3A0000F003F8031C060C060006000600060C06E
:10C3B00031C03F801F0000000000000000000000AE
:10C3C000000000000000000000C000C000C000C06D
:10C3D0001EC03FC031C060C060C060C060C060C0EF
:10C3E00031C03FC01EC0000000000000000000007F
:10C3F000000000000000000000000000000000003D
:10C400000F003FC030C060607FE07FE060006000F0
:10C4100030E03FC00F80000000000000000000007E
:10C42000000000001C3C3030FCFC3030303030303C
:10C43000303030000000000000000000000000006C
:10C4400000000000000000001EC03FC031C060C0FE
:10C4500060C060C060C060C031C03FC01EC000C0CE
:10C4600061C07F801F00000000000000000000008D
:10C4700060006000600060006F007F8071C060C07D
:10C4800060C060C060C060C060C060C060C00000CC
:10C4900000000000000000000000000060600000DC
:10C4A000606060606060606060606000000000006C
:10C4B00000000000606000006060606060606060BC
:10C4C0006060606060E0C0000000000000000000EC
:10C4D000600060006000600061C0638067006E0003
:10C4E0007C007E00660063006380618061C00000A4
:10C4F00000000000000000000000000060606060BC
:10C50000606060606060606060606000000000000B
:10C51000000000000000000000000000000000001B
:10C520006F3C7F7E71C661866186618661866186A9
:10C530006186618661860000000000000000000046
:10C5400000000000000000000000000000000000EB
:10C550006F007F8071C060C060C060C060C060C09C
:10C5600060C060C060C0000000000000000000006B
:10C5700000000000000000000000000000000000BB
:10C580000F003FC030C060606060606060606060ED
:10C5900030C03FC00F00000000000000000000009D
:10C5A000000000000000000000000000000000008B
:10C5B0006F007F80718060C060C060C060C060C07C
:10C5C00071807F806F00600060006000600000008C
:10C5D000000000000000000000000000000000005B
:10C5E0001EC03FC031C060C060C060C060C060C0DD
:10C5F00031C03FC01EC000C000C000C000C000006D
:10C6000000000000000000006E7E706060606060EE
:10C6100060606000000000000000000000000000FA
:10C6200000000000000000001F003F8060C06000AC
:10C630007C003F8003C000C060C03F801F0000003E
:10C6400000000000000000000000000020606060AA
:10C65000F8F860606060606060783800000000009A
:10C6600000000000000000000000000000000000CA
:10C6700060C060C060C060C060C060C060C060C0BA
:10C6800071C03FC01EC0000000000000000000009C
:10C69000000000000000000000000000000000009A
:10C6A000C060C06060C060C0318031801B001B0072
:10C6B0000E000E000400000000000000000000005A
:10C6C000000000000000000000000000000000006A
:10C6D000C106C3864384628C66CC36D836D81450E3
:10C6E0001C701C700C6000000000000000000000C6
:10C6F000000000000000000000000000000000003A
:10C70000E1C06180330033001E000C001E003300C6
:10C7100033006180E1C00000000000000000000064
:10C720000000000000000000000000000000000009
:10C7300060C060C031803180398019801B000F00DB
:10C740000F000600060006000C007C0078000000C8
:10C7500000000000000000000000000000000000D9
:10C760007F807F80038007000E001C00380070006F
:10C77000E000FF80FF8000000000000000000000DB
:10C78000000000001C3C303030303070E0E06030A1
:10C7900030303030303C1C00000000003030303091
:10C7A0003030303030303030303030303030303089
:10C7B00000000000707818181818181C0E0E1C18AD
:10C7C0001818181818787000000000000000000009
:10C7D00000000000000000000000000038007E2083
:10C7E00047E001C000000000000000000000000061
:10C7F00000000000000000000606010068B801907B
:10C800000606010080B801900707010098B8019062
:10C810000C0C0200B0B801900C0C0200E0B80190C2
:10C820001313030010B901900E0E020058B90190C5
:10C830000404010088B9019007070100A0B9019024
:10C8400007070100B8B9019008080100D0B90190AC
:10C850000C0C0200E8B901900606010018BA01901C
:10C860000707010030BA01900606010048BA01909E
:10C870000606010060BA01900C0C020078BA019023
:10C880000C0C0200A8BA01900C0C0200D8BA01905E
:10C890000C0C020008BB01900C0C020038BB01908C
:10C8A0000C0C020068BB01900C0C020098BB0190BC
:10C8B0000C0C0200C8BB01900C0C0200F8BB0190EC
:10C8C0000C0C020028BC01900606010058BC019027
:10C8D0000606010070BC01900C0C020088BC01909F
:10C8E0000C0C0200B8BC01900C0C0200E8BC0190DA
:10C8F0000C0C020018BD01901515030048BD0190F5
:10C900000D0D020090BD01900E0E0200C0BD019001
:10C910000F0F0200F0BD01900F0F020020BE01902A
:10C920000E0E020050BE01900D0D020080BE01905F
:10C9300010100200B0BE01900E0E0200E0BE019089
:10C940000606010010BF01900B0B020028BF0190EA
:10C950000E0E020058BF01900C0C020088BF01901F
:10C9600011110300B8BF01900E0E020000C001902B
:10C970001010020030C001900E0E020060C0019045
:10C980001010020090C001900F0F0200C0C0019073
:10C990000E0E0200F0C001900C0C020020C10190AC
:10C9A0000E0E020050C101900D0D020080C10190D9
:10C9B00015150300B0C101900E0E0200F8C10190E0
:10C9C0000E0E020028C201900D0D020058C2019007
:10C9D0000606010088C2019006060100A0C201906F
:10C9E00006060100B8C2019008080100D0C20190FB
:10C9F0000C0C0200E8C201900707010018C3019067
:10CA00000C0C020030C301900B0B020060C30190BC
:10CA10000B0B020090C301900B0B0200C0C30190EE
:10CA20000C0C0200F0C301900606010020C4019026
:10CA30000B0B020038C401900B0B020068C401907C
:10CA40000505010098C4019004040100B0C40190E0
:10CA50000A0A0200C8C4019004040100F8C401904D
:10CA60001010020010C501900B0B020040C5019090
:10CA70000C0C020070C501900B0B0200A0C50190C8
:10CA80000B0B0200D0C501900707010000C6019002
:10CA90000B0B020018C601900606010048C6019063
:10CAA0000B0B020060C601900B0B020090C60190B8
:10CAB0000F0F0200C0C601900A0A0200F0C60190E2
:10CAC0000B0B020020C701900909020050C701901A
:10CAD0000707010080C701900606010098C7019072
:10CAE00007070100B0C701900C0C0200C8C70190F5
:10CAF00020007E00F8C7019000000000851F009014
:10CB00005D200090A9200090AF2000900000000060
:10CB10000000000018180101F0CA0190130B0F006B
:10CB200000000000010000000200000003000000FF
:10CB300004000000050000000600000007000000DF
:10CB400008000000090000000A0000000B000000BF
:10CB50000C0000000D0000000E0000000F0000009F
:10CB60000400000025C100908BCA009071CF009096
:10CB700035D400907FE0009039EE00906D01019077
:10CB8000FBED009075DE009047DF0090FDDD00902A
:10CB900013E10090000810192129313A424A525BF2
:10CBA000636B737B848C949CA5ADB5BDC5CED6DE7E
:10CBB000E6EFF7FF0004080C1014181C2024282DA1
:10CBC0003135393D4145494D5155595D6165696D75
:10CBD0007175797D82868A8E92969A9EA2A6AAAE59
:10CBE000B2B6BABEC2C6CACED2D7DBDFE3E7EBEF3E
:10CBF000F3F7FBFF0000000000010101010101014A
:10CC000001020202020202020203030303030303FE
:10CC100003040404040404040405050505050505CE
:10CC200005050606060606060606070707070707A0
:10CC30000707080808080808080809090909090970
:10CC40000909090A0A0A0A0A0A0A0A0B0B0B0B0B42
:10CC50000B0B0B0C0C0C0C0C0C0C0C0D0D0D0D0D12
:10CC60000D0D0D0D0E0E0E0E0E0E0E0E0F0F0F0FE4
:10CC70000F0F0F0F101010101010101011111111B4
:10CC80001111111112121212121212121213131385
:10CC90001313131313141414141414141415151556
:10CCA0001515151515161616161616161616171727
:10CCB00017171717171718181818181818181919F8
:10CCC0001919191919191A1A1A1A1A1A1A1A1B1BC8
:10CCD0001B1B1B1B1B1B1B1C1C1C1C1C1C1C1C1D9A
:10CCE0001D1D1D1D1D1D1D1E1E1E1E1E1E1E1E1F6A
:10CCF0001F1F1F1F000000010101010202020203A9
:10CD000003030304040404050505050606060607D7
:10CD100007070708080808090909090A0A0A0A0B87
:10CD20000B0B0B0C0C0C0C0D0D0D0D0E0E0E0E0F37
:10CD30000F0F0F10101010111111111212121213E7
:10CD40001313131414141415151515151616161699
:10CD50001717171718181818191919191A1A1A1A4B
:10CD60001B1B1B1B1C1C1C1C1D1D1D1D1E1E1E1EFB
:10CD70001F1F1F1F202020202121212122222222AB
:10CD8000232323232424242425252525262626265B
:10CD90002727272728282828292929292A2A2A2A0B
:10CDA0002A2B2B2B2B2C2C2C2C2D2D2D2D2E2E2EBF
:10CDB0002E2F2F2F2F30303030313131313232326F
:10CDC000323333333334343434353535353636361F
:10CDD000363737373738383838393939393A3A3ACF
:10CDE0003A3B3B3B3B3C3C3C3C3D3D3D3D3E3E3E7F
:10CDF0003E3F3F3F61E0009055CF009051E00090F2
:10CE0000A5CE0090FF00000000000000FFFFFF0023
:10CE1000030000000100000004CE0190400000501B
:10CE200000006400006900006A40006A90006AA483
:10CE3000006AA9006AAA406AAA906AAAA46AA955C7
:10CE400069A900646A40506A40401A90001A900034
:10CE500006A40006A40001500C0014000300020008
:10CE60001CCE019010CE01900000000058CE019021
:10CE7000000000000000000003000000DDC300907F
:10CE800095CA009029D00090E1D400908DE00090E8
:10CE900081EE0090C101019009EE009085DE0090C6
:10CEA0005FDF00900DDE009047E10090CDDB009049
:10CEB000D1DB0090EDAE009089D20090F9EC0090AB
:10CEC00041EC009019ED0090008040C020A060E08F
:10CED000109050D030B070F0088848C828A868E892
:10CEE000189858D838B878F8048444C424A464E462
:10CEF000149454D434B474F40C8C4CCC2CAC6CEC32
:10CF00001C9C5CDC3CBC7CFC028242C222A262E231
:10CF1000129252D232B272F20A8A4ACA2AAA6AEA31
:10CF20001A9A5ADA3ABA7AFA068646C626A666E601
:10CF3000169656D636B676F60E8E4ECE2EAE6EEED1
:10CF40001E9E5EDE3EBE7EFE018141C121A161E1E9
:10CF5000119151D131B171F1098949C929A969E901
:10CF6000199959D939B979F9058545C525A565E5D1
:10CF7000159555D535B575F50D8D4DCD2DAD6DEDA1
:10CF80001D9D5DDD3DBD7DFD038343C323A363E3A1
:10CF9000139353D333B373F30B8B4BCB2BAB6BEBA1
:10CFA0001B9B5BDB3BBB7BFB078747C727A767E771
:10CFB000179757D737B777F70F8F4FCF2FAF6FEF41
:10CFC0001F9F5FDF3FBF7FFF0000000001000000E8
:10CFD00061AF009063E20090B9DF009000000000B4
:10CFE0000000000000000000B5AF0090595F009005
:10CFF0000BE000900000000051AF009055E200905F
:10D00000000000000100000002000000030000001A
:10D0100004000000050000000600000007000000FA
:10D0200008000000090000000A0000000B000000DA
:10D030000C0000000D0000000E0000000F000000BA
:10D0400004000000C9C700905DCC0090DDD10090C5
:10D05000D1D60090EBE0009041EF00909D0201904E
:10D0600017EE0090C9DE00906DDF009011DE009099
:10D0700055E1009021450090AD4400904D45009051
:10D0800000000000DDDA0090B94500903031323305
:10D0900034353637383941424344454640305800EC
:10D0A000303132333435363738396162636465661E
:10D0B000403078000400000800000000000000027A
:10D0C000000100001000000002400000000000A06D
:10D0D0000000000005400000000000C80000000043
:10D0E0000C4000000000409C0000000019400000BF
:10D0F0000020BCBE0000000034400000BFC91B8EF1
:10D1000000000004B5400000504BCFD06607E2CFCE
:10D11000010000006C4100003E8251AADFEEA734FE
:10D1200001000000D9420000DCB5A0E23A301F97B0
:10D13000FFFFFFFFB4450000FD25A0C8E9A3C14FD4
:10D14000FFFFFFFFFF3F0000000000800000000025
:10D15000FF3F00000000008000000000506C65618F
:10D1600073652075736520746865207374796C75B8
:10D170007320636C69636B207468652063726F73DE
:10D1800073206F6E207468652073637265656E2E00
:10D190005468652063726F73732077696C6C2061CB
:10D1A0006C77617973206D6F766520756E74696C2C
:10D1B000207468652073637265656E2061646A75AA
:10D1C00073746D656E7420697320636F6D706C6528
:08D1D0007465642E00000000EC
:040000050800029954
:00000001FF
