:020000040800F2
:1000000060B1072479030008A92C0008A52C00087A
:10001000F50B0090AB05000851310008000000000E
:100020000000000000000000000000008D3000080B
:10003000AF05000800000000AB2C00088F3000085E
:100040009303000893030008930300089303000838
:100050009303000893030008930300089303000828
:100060009303000893030008930300089303000818
:100070009303000893030008930300089303000808
:1000800093030008930300089303000893030008F8
:1000900093030008930300089303000893030008E8
:1000A00093030008930300089303000893030008D8
:1000B0009303000893030008950C00909303000835
:1000C00093030008930300089303000893030008B8
:1000D00093030008413100089303000893030008CC
:1000E0009303000893030008000000009303000836
:1000F0009303000893030008930300089303000888
:100100009303000893030008930300089303000877
:100110009303000893030008930300089303000867
:100120009303000893030008930300089303000857
:100130009303000893030008930300089303000847
:1001400000000000000000000000000000000000AF
:100150009303000893030008930300089303000827
:100160009303000893030008930300089303000817
:100170009303000893030008930300089303000807
:1001800093030008930300089303000893030008F7
:1001900093030008930300089303000893030008E7
:1001A00093030008930300089303000893030008D7
:1001B00093030008930300089303000893030008C7
:1001C00093030008930300089303000893030008B7
:1001D00093030008930300089303000893030008A7
:1001E0009303000893030008930300089303000897
:1001F0009303000893030008930300089303000887
:100200009303000893030008930300089303000876
:100210009303000893030008930300089303000866
:1002200093030008930300089303000800000000F4
:1002300093030008930300080000000093030008E4
:100240009303000893030008930300089303000836
:100250009303000893030008930300089303000826
:100260009303000893030008930300089303000816
:1002700093030008930300089303000800000000A4
:100280009303000893030008930300080000000094
:10029000000000009303000800F002F800F05CF892
:1002A0000AA090E8000C82448344AAF10107DA45D1
:1002B00001D100F051F8AFF2090EBAE80F0013F0C7
:1002C000010F18BFFB1A43F001031847C0370000A5
:1002D000E03700000A444FF0000C10F8013B13F027
:1002E000070408BF10F8014B1D1108BF10F8015B8F
:1002F000641E05D010F8016B641E01F8016BF9D182
:1003000013F0080F1EBF10F8014BAD1C0C1B09D1D8
:100310006D1E58BF01F801CBFAD505E014F8016B4A
:1003200001F8016B6D1EF9D59142D6D370470000DC
:100330000023002400250026103A28BF78C1FBD8EE
:10034000520728BF30C148BF0B6070471FB503F08C
:1003500075FB1FBD10B510BD00F0AAF81146FFF7E0
:10036000F5FF02F057FF00F0C8F803B4FFF7F2FF03
:1003700003BC02F00BFF0000094880470948004712
:10038000FEE7FEE7FEE7FEE7FEE7FEE7FEE7FEE745
:10039000FEE7FEE704480549054A064B70470000A2
:1003A000993000089902000860A7072460B107246B
:1003B00060A9072460A90724704753EA020C00F0E3
:1003C00069802DE9F04B4FF00006002B1FBFB3FAF8
:1003D00083F503FA05F424FA05F65E4012BF1643CE
:1003E000B2FA82F502FA05F4C5F120051EBF22FA21
:1003F00005FC44EA0C04203556EA044C4FEA144448
:1004000018BF641C4FF000084FF00009904271EBD8
:10041000030C39D3002919BFB1FA81F701FA07F6A5
:10042000B0FA80F700FA07F6C7F120071EBF20FADE
:1004300007FC46EA0C062037B6FBF4FCA7EB0507E1
:10044000103F07F01F0BCBF120060CFA0BFB2CFA28
:1004500006F644BFB3460026202FA4BF5E464FF0E9
:10046000000B5BEA060C08BF4FF0010B19EB0B0900
:10047000ABFB027C48EB0608C01B06FB02CC0BFB67
:1004800003CC71EB0C01C1E70B46024641464846DE
:10049000BDE8F08B13B54FF000004FF00001AFF353
:1004A0000080BDE81C407047704770477047704738
:1004B000754600F02BF8AE4605006946534620F01D
:1004C0000700854618B020B5FFF764FFBDE820405F
:1004D0004FF000064FF000074FF000084FF0000B00
:1004E00021F00701AC46ACE8C009ACE8C009ACE8B3
:1004F000C009ACE8C0098D46704710B50446AFF39B
:1005000000802046BDE81040FFF72FBF004870472D
:1005100000A7072440F6B52CC9F2000C604740F64E
:10052000310CC9F2000C604746F2A10CC9F2000C74
:10053000604745F6D97CC9F2000C604745F2095C7A
:10054000C9F2000C604742F6751CC9F2000C604706
:1005500046F2252CC9F2000C604745F6C96CC9F279
:10056000000C604742F61D2CC9F2000C604746F2B1
:10057000753CC9F2000C604740F23D0CC9F2000C1A
:10058000604746F2513CC9F2000C604745F2B54C59
:10059000C9F2000C604746F2FD2CC9F2000C60471E
:1005A00040F63D2CC9F2000C604700BFFEE77047E3
:1005B00070B504460CB9012070BD94F835000228CE
:1005C00003D0802060650120F6E7DC49206888427E
:1005D00049D0DA4918312068884244D0D7493031AF
:1005E000206888423FD0D5494831206888423AD0B7
:1005F000D24960312068884235D0D04978312068AE
:10060000884230D0CD499031206888422BD0CB49E8
:10061000A8312068884226D0C9492068884222D063
:10062000C7491831206888421DD0C549303120683B
:10063000884218D0C24948312068884213D0C04946
:100640006031206888420ED0BD49783120688842E8
:1006500009D0BB4990312068884204D0B849A831FC
:100660002068884201D1012000E00020F0B304207E
:1006700084F83500B149206888424BD0AF49183121
:100680002068884246D0AD4930312068884241D048
:10069000AA494831206888423CD0A8496031206886
:1006A000884237D0A54978312068884232D0A349A2
:1006B0009031206888422DD0A049A8312068884216
:1006C00028D09F492068884224D09D49183120684D
:1006D00088421FD09A493031206888421AD0984900
:1006E00048312068884215D0954900E020E060310B
:1006F000206888420ED0924978312068884209D01B
:100700008F4990312068884204D08D49A8312068F3
:10071000884206D12068006820F001002168086046
:1007200009E12068006820F001002168086002E10A
:100730002068006820F00E00216808607F4920686A
:10074000884249D07D4918312068884244D07B498D
:100750003031206888423FD078494831206888424B
:100760003AD0764960312068884235D07349783173
:100770002068884230D071499031206888422BD05F
:100780006E49A8312068884226D06D492068884289
:1007900022D06B491831206888421DD06849303119
:1007A0002068884218D0664948312068884213D0B2
:1007B00063496031206888420ED0614978312068F1
:1007C000884209D05E4990312068884204D05C4953
:1007D000A8312068884206D12068006820F0010016
:1007E0002168086005E02068006820F001002168A9
:1007F000086052492068884270D0504918312068FA
:1008000088426BD04D4930312068884266D04B49D0
:1008100048312068884261D0484960312068884268
:100820005CD0464978312068884257D0434990319E
:100830002068884252D04149A831206888424DD072
:100840003F492068884249D03D4918312068884294
:1008500044D03B493031206888423FD03849483144
:10086000206888423AD0364960312068884235D0C5
:10087000334978312068884230D03149903120683E
:1008800088422BD02E49A8312068884226D02D4995
:100890002068884222D02B491431206888421DD01C
:1008A000284928312068884218D026493C312068E0
:1008B000884213D023495031206888420ED0214904
:1008C00064312068884209D01E4978312068884206
:1008D00004D01C498C312068884201D1012000E0FD
:1008E0000020D8B1206E006820F48070216E08606E
:1008F000A56D94F85C0000F01F010120884068603D
:10090000D4E919104860E06E40B1E06E006820F450
:100910008070E16E0860D4E91C10486000BF0020C0
:1009200084F8340000BF012084F83500206D10B138
:100930002046216D884700203EE60000100002405E
:1009400010040240085402580348006840F00100B7
:10095000014908607047000020040058F8B50246BD
:100960000023734DDEE001279F400E6806EA07046E
:10097000002C71D04E68022E02D04E68122E13D178
:10098000DF0802F1200656F827005E07F70E0F2653
:10099000BE40B0435F07FF0E0E69BE403043DF0824
:1009A00002F1200646F8270010685F000326BE40CB
:1009B000B0430E7906F003065F00BE40304310607E
:1009C0004E68012E08D04E68022E05D04E68112EBA
:1009D00002D04E68122E13D190685F000326BE40ED
:1009E000B0435F00CE68BE4030439060506801263F
:1009F0009E40B0430E79C6F300169E4030435060CF
:100A0000D0685F000326BE40B0435F008E68BE40E2
:100A10003043D0604E6806F08056B6F1805F1BD13F
:100A200000BF444E366846F00206424F3E603E46E6
:100A3000366806F00206009600BF00BF3E4E9F08D3
:100A400056F827009E07370F0F26BE40B0433B4E97
:100A5000B24202D100262EE063E0394EB24201D10B
:100A6000012628E0374EB24201D1022623E0364E5D
:100A7000B24201D103261EE0344EB24201D1042617
:100A800019E0334EB24201D1052614E0314EB24294
:100A900001D106260FE0304EB24201D107260AE00E
:100AA0002E4EB24201D1082605E02D4EB24201D1B0
:100AB000092600E00A269F073F0FBE4030431E4E26
:100AC0009F0846F827002868A0434E6806F4803641
:100AD000B6F5803F00D1204328606868A0434E6887
:100AE00006F40036B6F5003F00D1204368604FF0B1
:100AF000B0463068A0434E6806F48016B6F5801FF5
:100B000000D120434FF0B04630607068A0434E687B
:100B100006F40016B6F5001F00D120434FF0B04692
:100B200070605B1C0E68DE40002E7FF41CAFF8BDC9
:100B300080000058F444025808040058000002588D
:100B40000004025800080258000C02580010025815
:100B50000014025800180258001C025800200258C5
:100B600000240258024613690B400BB1012000E03B
:100B70000020704742690A408A4202D10A04826119
:100B800000E0816170470AB1816101E00B0483617B
:100B90007047000001480068000C70470010005CBE
:100BA00001480068704700002800002403480068DE
:100BB0000349097808440149086070472800002467
:100BC0003000002410B5052000F00AF901F0CCFA3D
:100BD00010490968C1F303210F4A515C01F01F015C
:100BE000C8400E4908600B48006800F00F0011462D
:100BF000085C00F01F0109480068C8400849086007
:100C00000F2000F00FF808B1012010BD00F09AF895
:100C10000020FAE718440258463A0008140000245D
:100C20001800002470B504461148007808B9012066
:100C300070BD0F4800784FF47A71B1FBF0F00D49A8
:100C40000968B1FBF0F5284601F064FF08B1012006
:100C5000EEE7102C07D200222146501E00F083F848
:100C60000548046001E00120E2E70020E0E7000021
:100C700030000024140000242C0000244178154A80
:100C800011600178F9B1121D41681160017B0907FB
:100C9000C27A41EA0261827A41EAC241427B41EA78
:100CA0008241827B41EA4241C27B41EA0241427A6F
:100CB00041EA0221027A41EA420102781143054ADF
:100CC0000832116005E00021024A121D1160121D58
:100CD0001160704798ED00E000BF00BF00BFBFF398
:100CE0005F8F00BF00BF00BF0548006820F4803060
:100CF0000349086000200249703108607047000015
:100D000024ED00E040F001010D4A11600C497039FA
:100D1000096841F480310A4A703A116000BF00BF8F
:100D200000BFBFF34F8F00BF00BF00BF00BF00BFB9
:100D300000BFBFF36F8F00BF00BF00BF7047000050
:100D400094ED00E0704701460846002809DB00F0FA
:100D50001F0301229A4043099B0003F1E023C3F8DB
:100D6000002100BF70472DE9F05F80460D46164612
:100D700002F0F0F9074639462A46334601F00700EB
:100D8000C0F1070ABAF1040F02D94FF0040A01E0DA
:100D9000C0F1070AD14600F1040ABAF1070F02D2E6
:100DA0004FF0000A01E0A0F1030AD4464FF0010A17
:100DB0000AFA09FAAAF1010A0AEA020A0AFA0CFA7C
:100DC0004FF0010B0BFA0CFBABF1010B0BEA030B21
:100DD0004AEA0B042146404602F0C4F9BDE8F09F00
:100DE00000BF00F00702064B19684FF6FF031940D9
:100DF000044B0B4343EA0221014B196000BF7047CB
:100E00000CED00E00000FA050348006840F0807037
:100E100001490860704700000C48025810B501F005
:100E2000A3F907490968C1F30321064A515C01F09F
:100E30001F01C840044908600846006810BD000052
:100E400018440258463A00081400002410B501F076
:100E50004FF905490968C1F30211044A515C01F0D8
:100E60001F01C84010BD000020440258463A000847
:100E700070B50146844D2D6805F00303824D2D6841
:100E8000C5F30530804D2D1D2D68C5F300147E4D32
:100E900014352D68C5F3CC0515FB04F501EE105A89
:100EA000B8EE411AF0EE410A00286FD023B1012BB1
:100EB0004ED0022B6BD16BE0734D283D2D68C5F3EE
:100EC00040153DB3704D283D2D68C5F3C1066F4DEB
:100ED00025FA06F201EE102AF8EE411A01EE100A88
:100EE000B8EE411A81EE812A9FED691AC0EE811A8F
:100EF000654D10352D68C5F3080501EE105AB8EEA2
:100F0000411A31EE811AF7EE001A31EE211A22EE63
:100F1000010A1CE001EE100AB8EE411ADFED5D1A7D
:100F200081EE812A9FED5A1AC0EE811A564D103576
:100F30002D68C5F3080501EE105AB8EE411A31EEDE
:100F4000811AF7EE001A31EE211A22EE010A5BE057
:100F500001EE100AB8EE411ADFED4F1A81EE812A38
:100F60009FED4B1AC0EE811A474D10352D68C5F321
:100F7000080501EE105AB8EE411A31EE811AF7EE6B
:100F8000001A31EE211A22EE010A3DE077E01DE061
:100F900001EE100AB8EE411A9FED402AC2EE011A86
:100FA0009FED3B1A80EE812A374D10352D68C5F331
:100FB000080501EE105AB8EE411A32EE011AB7EEEA
:100FC000002A31EE021A21EE810A1DE001EE100A1C
:100FD000B8EE411ADFED301A81EE812A9FED2C1A0E
:100FE000C0EE811A284D10352D68C5F3080501EEB5
:100FF000105AB8EE411A31EE811AF7EE001A31EEAE
:10100000211A22EE010A00BF00BF1F4D10352D68C6
:10101000C5F3462501EE105AB8EE411AF7EE001A54
:1010200031EE211AC0EE011ABCEEE11A81ED001A70
:10103000154D10352D68C5F3064501EE105AB8EE72
:10104000411AF7EE001A31EE211AC0EE011ABCEE79
:10105000E11A81ED011A0C4D10352D68C5F30665B6
:1010600001EE105AB8EE411AF7EE001A31EE211ACD
:10107000C0EE011ABCEEE11A81ED021A03E0002570
:101080000D604D608D6070BD284402580090D00303
:10109000000000460024744C0024744A0024F44AE2
:1010A00070B50146844D2D6805F00303824D2D680F
:1010B000C5F30550804D2D1D2D68C5F300247E4DD0
:1010C0001C352D68C5F3CC0515FB04F501EE105A4F
:1010D000B8EE411AF0EE410A00286FD023B1012B7F
:1010E0004ED0022B6BD16BE0734D283D2D68C5F3BC
:1010F00040153DB3704D283D2D68C5F3C1066F4DB9
:1011000025FA06F201EE102AF8EE411A01EE100A55
:10111000B8EE411A81EE812A9FED691AC0EE811A5C
:10112000654D18352D68C5F3080501EE105AB8EE67
:10113000411A31EE811AF7EE001A31EE211A22EE31
:10114000010A1CE001EE100AB8EE411ADFED5D1A4B
:1011500081EE812A9FED5A1AC0EE811A564D18353C
:101160002D68C5F3080501EE105AB8EE411A31EEAC
:10117000811AF7EE001A31EE211A22EE010A5BE025
:1011800001EE100AB8EE411ADFED4F1A81EE812A06
:101190009FED4B1AC0EE811A474D18352D68C5F3E7
:1011A000080501EE105AB8EE411A31EE811AF7EE39
:1011B000001A31EE211A22EE010A3DE077E01DE02F
:1011C00001EE100AB8EE411A9FED402AC2EE011A54
:1011D0009FED3B1A80EE812A374D18352D68C5F3F7
:1011E000080501EE105AB8EE411A32EE011AB7EEB8
:1011F000002A31EE021A21EE810A1DE001EE100AEA
:10120000B8EE411ADFED301A81EE812A9FED2C1ADB
:10121000C0EE811A284D18352D68C5F3080501EE7A
:10122000105AB8EE411A31EE811AF7EE001A31EE7B
:10123000211A22EE010A00BF00BF1F4D18352D688C
:10124000C5F3462501EE105AB8EE411AF7EE001A22
:1012500031EE211AC0EE011ABCEEE11A81ED001A3E
:10126000154D18352D68C5F3064501EE105AB8EE38
:10127000411AF7EE001A31EE211AC0EE011ABCEE47
:10128000E11A81ED011A0C4D18352D68C5F306657C
:1012900001EE105AB8EE411AF7EE001A31EE211A9B
:1012A000C0EE011ABCEEE11A81ED021A03E000253E
:1012B0000D604D608D6070BD284402580090D003D1
:1012C000000000460024744C0024744A0024F44AB0
:1012D0002DE9F04104460025A846206800F0006092
:1012E000B0F1006F30D1606E48B1B0F5801F0DD005
:1012F000B0F5001F10D0B0F5401F15D113E0F9482C
:10130000006840F40030F74908600FE00221201D1A
:1013100001F0CCFC054609E0022104F1240001F0B3
:1013200077FD054602E001E0012500BF00BF55B989
:10133000EC482430006820F44010616E0843E9490D
:101340002431086000E0A846208800F48070B0F5E1
:10135000807F2DD1606D05281AD2DFE800F0030AE6
:1013600010171800DF48006840F40030DD490860BD
:1013700010E00021201D01F099FC05460AE0002143
:1013800004F1240001F044FD054603E002E001E021
:10139000012500BF00BF55B9D2482430006820F0B5
:1013A0000700616D0843CF492431086000E0A8467A
:1013B000208800F40070B0F5007F33D1A06D802844
:1013C00017D003DC40B140281CD10CE0C02817D056
:1013D000B0F5807F16D114E0C248006840F40030B8
:1013E000C049086010E00021201D01F05FFC0546A7
:1013F0000AE0002104F1240001F00AFD054603E0A3
:1014000002E001E0012500BF00BF55B9B548243016
:10141000006820F4E070A16D0843B24924310860EF
:1014200000E0A846208800F48060B0F5806F38D1D5
:10143000D4F8A400B0F5800F19D004DC50B1B0F599
:10144000001F1DD10DE0B0F5C00F17D0B0F5000F93
:1014500016D114E0A348006840F40030A1490860A8
:1014600010E00021201D01F021FC05460AE00021CA
:1014700004F1240001F0CCFC054603E002E001E0A9
:10148000012500BF00BF5DB996482C30006820F4EC
:101490006000D4F8A410084392492C31086000E0A1
:1014A000A846208800F40060B0F5006F38D1D4F869
:1014B000A800B0F1007F19D004DC50B1B0F1807FFA
:1014C0001DD10DE0B0F1407F17D0B0F1806F16D183
:1014D00014E08448006840F400308249086010E05D
:1014E0000021201D01F0E2FB05460AE0002104F185
:1014F000240001F08DFC054603E002E001E0012537
:1015000000BF00BF5DB977482C30006820F0E06074
:10151000D4F8A810084373492C31086000E0A846AD
:10152000206800F00070B0F1007F27D1A06CA0B15E
:10153000102804D0202809D030280FD10CE06948A9
:10154000006840F400306749086009E00221201D6E
:1015500001F0ACFB054603E002E001E0012500BF1D
:1015600000BF55B95F482030006820F03000A16C02
:1015700008435C492031086000E0A846208800F458
:101580008050B0F5805F36D1E06DB0F5005F19D0C6
:1015900004DC50B1B0F5805F1DD10DE0B0F5405FC7
:1015A00017D0B0F5804F16D114E04E48006840F4D3
:1015B00000304C49086010E00021201D01F076FB4E
:1015C00005460AE0002104F1240001F021FC054653
:1015D00003E002E001E0012500BF00BF55B941482A
:1015E0002430006820F4E040E16D08433D49243197
:1015F000086000E0A846208800F40050B0F5005FC5
:1016000034D1206EB0F5403F1DD007DC68B1B0F595
:10161000803F0BD0B0F5003F18D10DE0B0F5802F22
:1016200012D0B0F5A02F11D10FE011E00121201D43
:1016300001F03CFB05460BE0012104F1240001F020
:10164000E7FB054604E003E002E001E0012500BFFE
:1016500000BF55B923482430006820F4E020216EF3
:10166000084320492431086000E0A846208800F49F
:101670008040B0F5804F38D1D4F8AC00B0F1405F75
:101680001DD007DC68B1B0F1805F0BD0B0F1005F16
:1016900018D10DE0B0F1804F12D0B0F1A04F11D1B0
:1016A0000FE011E00121201D01F000FB05460BE0D9
:1016B000012104F1240001F0ABFB054604E003E046
:1016C00002E001E0012500BF00BF6DB905482C30E4
:1016D000006820F0E040D4F8AC10084301492C31F8
:1016E000086002E02C440258A846208800F400401C
:1016F000B0F5004F26D1E06E98B1B0F1805F03D015
:10170000B0F1005F0ED106E0F948006840F4003007
:10171000F749086008E00121201D01F0C7FA0546DD
:1017200002E001E0012500BF00BF55B9F0482430B8
:10173000006820F04050E16E0843ED492431086014
:1017400000E0A846206800F08070B0F1807F27D1CB
:10175000606CA0B1012804D0022809D003280FD161
:101760000CE0E348006840F40030E149086009E01B
:101770000221201D01F09AFA054603E002E001E093
:10178000012500BF00BF55B9D9482030006820F0BE
:101790000300616C0843D6492031086000E0A84688
:1017A000206800F48000B0F5800F7DD1D14800683A
:1017B00040F48070CF490860FFF7F2F9064606E072
:1017C000FFF7EEF9801B642801D9032505E0C9481D
:1017D000006800F480700028F2D000BF85BBC448C8
:1017E0004430006800F44070B4F8B01001F4407167
:1017F000884213D0BE484430006820F44077BC488B
:101800004430006840F48030B949443108600846EB
:10181000006820F48030086008460760D4F8B00003
:10182000B0F5807F15D1FFF7BBF9064609E0FFF759
:10183000B7F9801B41F28831884202D9032507E0BD
:1018400038E0AB4844300068C0F340000028EED0D8
:1018500000BF55BB00BFB4F8B00000F44070B0F555
:10186000407F0ED1A2481C38006820F47C51A24A67
:10187000D4F8B000104041EA10109D491C390860AE
:1018800007E09B481C38006820F47C5098491C39BC
:101890000860974844300068B4F8B010C1F30B01F9
:1018A00008439349443101E005E001E0086002E0AB
:1018B000A84600E0A846207800F0010068B3A06FB9
:1018C000182819D005DC48B1082808D0102816D1EE
:1018D0000BE0202811D0282811D10FE011E00121C0
:1018E000201D01F0E3F905460BE0012104F124007D
:1018F00001F08EFA054604E003E002E001E0012574
:1019000000BF00BF55B97A482830006820F0380081
:10191000A16F084376492831086000E0A846207886
:1019200000F00200022828D1606F062815D2DFE8F7
:1019300000F003040A11121311E00121201D01F02F
:10194000B5F905460BE0012104F1240001F060FA2D
:10195000054604E003E002E001E0012500BF00BF0E
:1019600055B963482830006820F00700616F0843CC
:101970005F492831086000E0A846207800F00400A4
:1019800004282AD1D4F89000062815D2DFE800F008
:1019900003040A11121311E00121201D01F086F940
:1019A00005460BE0012104F1240001F031FA05465F
:1019B00004E003E002E001E0012500BF00BF5DB9E3
:1019C0004B482C30006820F00700D4F890100843F2
:1019D00047492C31086000E0A846207800F020003C
:1019E000202836D1D4F88C00B0F1405F1DD007DC40
:1019F00068B1B0F1805F0BD0B0F1005F18D10DE09D
:101A0000B0F1804F12D0B0F1A04F11D10FE011E032
:101A10000021201D01F04AF905460BE0022104F1E6
:101A2000240001F0F5F9054604E003E002E001E0DE
:101A3000012500BF00BF5DB92D482830006820F0A7
:101A4000E040D4F88C10084329492831086000E0B0
:101A5000A846207800F04000402836D1D4F89800FD
:101A6000B0F5406F1DD007DC68B1B0F5806F0BD0CA
:101A7000B0F5006F18D10DE0B0F5805F12D0B0F571
:101A8000A05F11D10FE011E00021201D01F00EF93F
:101A900005460BE0022104F1240001F0B9F90546E6
:101AA00004E003E002E001E0012500BF00BF5DB9F2
:101AB0000F482C30006820F4E050D4F89810084308
:101AC0000B492C31086000E0A846207800F0800027
:101AD00080283AD1D4F89C00B0F5C04F23D00DDC5B
:101AE00098B1B0F5005F11D0B0F5804F1ED113E072
:101AF0002C44025800480258FFFCFF0FB0F5004F7D
:101B000012D0B0F5204F11D10FE011E00021201DBF
:101B100001F0CCF805460BE0022104F1240001F0AD
:101B200077F9054604E003E002E001E0012500BF8B
:101B300000BF4DB9AD48006820F46040D4F89C1057
:101B40000843AA49086000E0A846207800F0080091
:101B5000082817D1D4F88000B0F5805F07D10221A2
:101B600004F1240001F054F908B14FF001089F4836
:101B7000001F006820F44050D4F8801008439B49AF
:101B8000091F0860207800F01000102815D1D4F843
:101B90009400B0F5807F07D1022104F1240001F008
:101BA00037F908B14FF001089048006820F4407000
:101BB000D4F8941008438D490860206800F4002090
:101BC000B0F5002F26D1D4F8A00030B1B0F5803F99
:101BD00009D0B0F5003F0ED10CE00021201D01F02E
:101BE00065F8054609E0022104F1240001F010F92E
:101BF000054602E001E0012500BF00BF4DB97B486A
:101C0000006820F44030D4F8A010084377490860F9
:101C100000E0A846206800F48020B0F5802F2DD188
:101C2000D4F88400B0F5801F06D0B0F5001F0CD0AA
:101C3000B0F5401F11D10FE06C482C38006840F41B
:101C400000306A492C39086009E0012104F12400C0
:101C500001F0DEF8054602E001E0012500BF00BF0B
:101C60005DB96248001F006820F44010D4F8841069
:101C700008435E49091F086000E0A846206800F498
:101C80008030B0F5803F24D1E06C18B1B0F5803FD2
:101C90000FD108E055482C38006840F40030534913
:101CA0002C39086007E00221201D00F0FFFF0546E7
:101CB00001E0012500BF00BF55B94C480C38006851
:101CC00020F48030E16C084348490C39086000E09A
:101CD000A846206800F00050B0F1005F07D1022153
:101CE00004F1240001F094F808B14FF001082068D5
:101CF00000F40030B0F5003F27D1E06FA0B1B0F59F
:101D0000807F06D0B0F5007F0CD0B0F5407F0CD1BD
:101D100009E036482C38006840F4003033492C394B
:101D2000086004E003E002E001E0012500BF00BF1D
:101D300055B92E48001F006820F44070E16F084339
:101D40002A49091F086000E0A846206800F48010B6
:101D5000B0F5801F09D125480838006820F0004000
:101D6000216F0843214908390860206800F40010F9
:101D7000B0F5001F09D11D480838006820F08070B8
:101D8000A16E0843194908390860206800F08040B6
:101D9000B0F1804F11D100BF14484838006820F4DA
:101DA000004012494839086008460068D4F8B81065
:101DB00008430E494839086000BF206800F0004021
:101DC000B0F1004F09D109480C38006820F04050AC
:101DD000216D084305490C390860B8F1000F02D1A4
:101DE0000020BDE8F0810120FBE7000058440258C4
:101DF0002DE9F04104460D4614B90120BDE8F081FB
:101E0000B648006800F00F00A8420ED2B348006840
:101E100020F00F002843B14908600846006800F030
:101E20000F00A84201D00120E8E7207800F004006C
:101E300004280ED1AA492069096801F0700188427E
:101E400007D9A748006820F0700021690843A44919
:101E50000860207800F00800082811D1A049091D69
:101E60006069096801F07001884209D99C48001D29
:101E7000006820F07000616908439949091D0860F5
:101E8000207800F01000102811D19549091DA06993
:101E9000096801F4E061884209D99148001D006891
:101EA00020F4E060A16908438D49091D086020788D
:101EB00000F02000202811D189490831E069096823
:101EC00001F07001884209D985480830006820F087
:101ED0007000E1690843824908310860207800F009
:101EE000020002280ED17E49E068096801F00F0166
:101EF000884207D97A48006820F00F00E16808435B
:101F000077490860207800F00100002850D074481C
:101F1000006820F47060A168084371490860606837
:101F2000022807D16E4818380068C0F34040F8B95D
:101F3000012063E76068032807D169481838006802
:101F4000C0F34060A0B9012058E76068012807D1BC
:101F5000634818380068C0F3002048B901204DE7F5
:101F60005F4818380068C0F3800008B9012045E7D1
:101F70005B480838006820F007006168084358494A
:101F800008390860FEF70CFE064608E0FEF708FE7A
:101F9000801B41F28831884201D903202EE7504846
:101FA0000838006800F038006168B0EBC10FEDD16F
:101FB000207800F0020002280ED14949E068096843
:101FC00001F00F01884207D24548006820F00F0059
:101FD000E1680843424908604048006800F00F008B
:101FE000A8420ED93D48006820F00F0028433B4925
:101FF00008600846006800F00F00A84201D00120E8
:10200000FCE6207800F0040004280ED13449206951
:10201000096801F07001884207D23148006820F059
:102020007000216908432E490860207800F00800FC
:10203000082811D12A49091D6069096801F0700159
:10204000884209D22648001D006820F070006169AE
:1020500008432349091D0860207800F0100010286B
:1020600011D11F49091DA069096801F4E061884286
:1020700009D21B48001D006820F4E060A1690843F4
:102080001749091D0860207800F02000202811D190
:1020900013490831E069096801F07001884209D2EA
:1020A0000F480830006820F07000E16908430C49CF
:1020B0000831086000F058F809490968C1F30321A4
:1020C000084A515C01F01F01C840074908600748F1
:1020D0000068FEF7A7FD074638468FE6002000524D
:1020E00018440258463A0008140000242C0000242A
:1020F00010B5FEF793FE0749096801F00F01064A83
:10210000515C01F01F01C84004490860084600689E
:1021100010BD000018440258463A00081800002478
:1021200010B5FFF7E5FF05490968C1F30211044A3C
:10213000515C01F01F01C84010BD00001C44025852
:10214000463A000810B5FFF7D3FF05490968C1F307
:102150000221044A515C01F01F01C84010BD00007B
:102160001C440258463A0008F0B5824E366806F024
:10217000380636B1082E15D0102E15D0182E7DD168
:1021800014E07C4E103E3668C6F3401646B1794ED8
:10219000103E3668C6F3C107774E26FA07F000E016
:1021A0007548E5E07548E3E07548E1E0714E1836A2
:1021B000366806F003046F4E18363668C6F305110C
:1021C0006C4E1C36366806F001056A4E24363668B9
:1021D000C6F3CC0616FB05F601EE106AB8EE410A0E
:1021E000002971D024B1012C50D0022C6DD16DE0AA
:1021F000604E103E3668C6F340163EB35D4E103E4C
:102200003668C6F3C1075C4E26FA07F301EE103AB2
:10221000F8EE411A01EE101AB8EE411A81EE812A49
:102220009FED581AC0EE011A524E20363668C6F39A
:10223000080601EE106AB8EE411A31EE811AF7EE87
:10224000001A31EE211A62EE010A1EE001EE101AA8
:10225000B8EE411ADFED4C1A81EE812A9FED491A42
:10226000C0EE011A434E20363668C6F3080601EE6A
:10227000106AB8EE411A31EE811A00E076E0F7EE0E
:10228000001A31EE211A62EE010A5BE001EE101A2B
:10229000B8EE411A9FED3D2AC2EE011A9FED391AA0
:1022A00080EE012A334E20363668C6F3080601EE6A
:1022B000106AB8EE411A32EE011AB7EE002A31EE7A
:1022C000021A61EE810A3DE04EE01DE001EE101AB7
:1022D000B8EE411ADFED2E1A81EE812A9FED291A00
:1022E000C0EE011A234E20363668C6F3080601EE0A
:1022F000106AB8EE411A31EE811AF7EE001A31EE8B
:10230000211A62EE010A1DE001EE101AB8EE411A20
:102310009FED1E2AC2EE011A9FED1A1A80EE012AC5
:10232000144E20363668C6F3080601EE106AB8EE81
:10233000411A32EE011AB7EE002A31EE021A61EEAE
:10234000810A00BF00BF0B4E20363668C6F3462612
:10235000721C01EE102AB8EE411AC0EE811ABCEED2
:10236000E11A11EE100A00E0002001E0034800BF6E
:1023700000BFF0BD104402580090D00300093D009A
:1023800000127A00000000460024744C0024744AB5
:102390000024F44A2DE9F047044614B90120BDE8B1
:1023A000F087207800F00100002872D0F94800681A
:1023B00000F03808F7481830D0F80090B8F1100F46
:1023C00006D0B8F1180F0FD109F0030002280BD185
:1023D000F04810380068C0F3404000286ED06068B4
:1023E00000286BD10120DAE700BF6068B0F5803FBC
:1023F00008D1E8481038006840F48030E5491039C9
:1024000008602EE0606868B9E2481038006820F47F
:102410008030E049103908600846006820F48020C8
:1024200008601EE06068B0F5A02F0DD1D9481038C3
:10243000006840F48020D7491039086008460068D9
:1024400040F4803008600CE0D2481038006820F476
:102450008030D049103908600846006820F4802098
:10246000086000BF6068A8B1FEF79AFB054608E067
:10247000FEF796FB401B41F28831884201D90320C8
:102480008DE7C44810380068C0F340400028EFD002
:1024900014E014E0FEF784FB054608E0FEF780FB3D
:1024A000401B41F28831884201D9032077E7B948BF
:1024B00010380068C0F340400028EFD100BF2078FA
:1024C00000F0020002286BD1B248006800F0380822
:1024D000B0481830D0F80090B8F1000F05D0B8F12E
:1024E000180F2BD109F0030040BBAA481038006830
:1024F000C0F3800018B1E06808B901204FE700BFC1
:10250000FEF748FB41F2030188420BD8A1480C3882
:10251000006820F47C30216940EA01309D490C3983
:1025200008600AE09B480C38006820F0FE40217CDF
:1025300040EA016097490C39086058E0E06870B3E0
:1025400094481038006820F01900E1680843914968
:1025500010390860FEF724FB054606E0FEF720FB75
:10256000401B022801D9032019E78A481038006867
:10257000C0F380000028F1D000BFFEF70BFB41F252
:10258000030188420DD883480C38006820F47C3061
:10259000216940EA01307F490C3908600CE00CE009
:1025A00026E07C480C38006820F0FE40217C40EAA0
:1025B000016078490C39086019E0764810380068E5
:1025C00020F00100734910390860FEF7E9FA05466A
:1025D00006E0FEF7E5FA401B022801D90320DEE6FB
:1025E0006C4810380068C0F380000028F1D100BFAB
:1025F000207800F0100010286ED16648006800F0C6
:10260000380864481830D0F80090B8F1080F06D0A8
:10261000B8F1180F2FD109F0030001282BD15D4824
:1026200010380068C0F3002020B1E069802801D094
:102630000120B4E600BFFEF7ADFA41F20301884283
:102640000CD854480C38006820F0F84094F820105A
:1026500040EA81604F490C3908600BE04D48001F8B
:10266000006820F07C5094F8201040EA016049494D
:10267000091F086058E0E06968B3464810380068F0
:1026800040F08000434910390860FEF789FA05469A
:1026900006E0FEF785FA401B022801D903207EE6FA
:1026A0003C4810380068C0F300200028F1D000BF7B
:1026B000FEF770FA41F2030188420ED835480C3813
:1026C000006820F0F84094F8201040EA8160314919
:1026D0000C3908600DE00DE027E02E48001F00686F
:1026E00020F07C5094F8201040EA01602949091F2D
:1026F000086019E027481038006820F0800025495C
:1027000010390860FEF74CFA054606E0FEF748FA75
:10271000401B022801D9032041E61E4810380068FA
:10272000C0F300200028F1D100BF207800F008009D
:10273000082837D16069D0B116486430006840F08D
:102740000100144964310860FEF72AFA054606E0E4
:10275000FEF726FA401B022801D903201FE60D4888
:1027600064300068C0F340000028F1D01AE0094846
:102770006430006820F00100064964310860FEF70B
:102780000FFA054608E0FEF70BFA401B022803D9B2
:10279000032004E610440258DC480068C0F34000FF
:1027A0000028F0D1207800F02000202836D1A06940
:1027B000D0B1D6487438006840F48050D349743999
:1027C0000860FEF7EDF9054606E0FEF7E9F9401B63
:1027D000022801D90320E2E5CC4874380068C0F330
:1027E00040300028F1D019E0C8487438006820F45F
:1027F0008050C64974390860FEF7D2F9054606E0F4
:10280000FEF7CEF9401B022801D90320C7E5BF48D7
:1028100074380068C0F340300028F1D1207800F00F
:10282000040004287DD1BA48006840F48070B8499B
:102830000860FEF7B5F9054606E0FEF7B1F9401B62
:10284000642801D90320AAE5B148006800F480702B
:102850000028F2D000BFA068012808D1AB48001FB3
:10286000006840F00100A949091F08602DE0A06838
:1028700068B9A648001F006820F00100A349091F9D
:1028800008600846006820F0040008601DE0A068A9
:1028900005280DD19D48001F006840F004009B49A9
:1028A000091F08600846006840F0010008600CE05D
:1028B0009648001F006820F001009449091F086035
:1028C0000846006820F00400086000BFA068A0B1BE
:1028D000FEF766F9054608E0FEF762F9401B41F293
:1028E0008831884201D9032059E58848001F0068D3
:1028F000C0F340000028EFD013E0FEF751F9054681
:1029000008E0FEF74DF9401B41F28831884201D9B9
:10291000032044E57D48001F0068C0F34000002804
:10292000EFD1606A00287DD078486438006800F0F4
:102930003800182877D0606A022875D17348743837
:10294000006820F08070714974390860FEF728F93A
:10295000054606E0FEF724F9401B022801D90320B2
:102960001DE56A4874380068C0F340600028F1D162
:1029700000BFD4E90A1041EA001064494C390968E3
:1029800040F2F3329143084360494C390860208E8D
:10299000401EC0F30800616B491E4FF47E4202EAFC
:1029A00041210843218F491ED20102EA0141084317
:1029B0003C21095D491E120202EA016108435349A4
:1029C0004439086000BF081F006820F00100091F9B
:1029D00008604E48403800684FF6F8718843A16C93
:1029E00040EAC10049494039086048484838006811
:1029F00020F00C00216C084344494839086008461F
:102A0000006820F00200616C0843404948390860C2
:102A10000846006840F4803008600846006840F4CA
:102A2000003002E06FE041E025E008600846006801
:102A300040F4802008600846006840F0010008600B
:102A400032487438006840F080703049743908604A
:102A5000FEF7A6F8054606E0FEF7A2F8401B02289E
:102A600001D903209BE4294874380068C0F3406012
:102A70000028F1D047E025487438006820F08070C5
:102A8000224974390860FEF78BF8054606E0FEF728
:102A900087F8401B022801D9032080E41B487438C2
:102AA0000068C0F340600028F1D12CE017484C3892
:102AB0000768164844380668606A012821D007F084
:102AC0000301A06A81421CD1C7F30511E06A884264
:102AD00017D1C6F30801206B401E814211D1606BF3
:102AE000401EC6F3462188420BD1A06B401EC6F3A0
:102AF0000641884205D1E06B401EC6F3066188425C
:102B000001D001204BE4002049E400007444025845
:102B10000048025870B504462546681EB0F1807F13
:102B200001D301200FE0681E4FF0E02148610F2122
:102B30004FF0FF3000F016FB00204FF0E0218861DD
:102B400007200861002070BD10B586B004462B49EF
:102B50002068884250D100BF00BF2948006840F07B
:102B60001000274908600846006800F01000009037
:102B700000BF00BF00BF00BF00BF21481038006881
:102B800040F001001E49103908600846006800F056
:102B90000100009000BF00BF00BF00BF00BF08469B
:102BA000006840F0010008600846006800F001007D
:102BB000009000BF00BF00BF4FF4007001900220E2
:102BC000029001200390022004900720059001A9A3
:102BD0000C48FDF7C3FE4FF480600190072005907C
:102BE00001A90848FDF7BAFE2520FEF7ACF803223C
:102BF00011462520FEF7B7F806B010BD00100140C1
:102C0000F04402580000025810B5044620492068DC
:102C100088423BD11F48008800F4004088BB1D4813
:102C2000008800F4804070B11B4800780A2803D067
:102C300000201849088024E01648008840F400402D
:102C4000144908801DE0144800780D2806D1114869
:102C5000008840F480400F49088012E00E48007858
:102C60000C490988C1F30D010C4A505409480088E9
:102C7000401C0849088008460088C72801DD00205C
:102C80000880012204490648FDF744FC10BD0000FD
:102C9000001001402400002426000024B401002478
:102CA0007C02002400BFFEE7704770472DE9F04129
:102CB00004460E4600275548006800F0030003282C
:102CC00002D10120BDE8F08150482838006820F08A
:102CD00080604E4928390860FDF762FF054606E02E
:102CE000FDF75EFF401B022801D90320EAE74748B1
:102CF00028380068C0F3C0600028F1D100BF434805
:102D0000006820F47C30216840EA01303F490860C7
:102D1000A088401EC0F30800A168491E4FF47E42FF
:102D200002EA41210843A189491ED20102EA014178
:102D30000843217C491E120202EA0161084333491B
:102D40001031086000BF3148001D006820F0C0004D
:102D5000616908432D49091D08600846006820F094
:102D60002000A16908432949091D08600846006838
:102D700020F0100008602548143000684FF6F87104
:102D80008843E16940EAC1002049143108601F48C6
:102D9000001D006840F010001C49091D08602EB994
:102DA0000846006840F40020086012E0012E08D1B7
:102DB0001648001D006840F480101449091D086081
:102DC00007E01248001D006840F400100F49091D7B
:102DD00008600E482838006840F080600B492839A8
:102DE0000860FDF7DDFE054606E0FDF7D9FE401B55
:102DF000022801D9032065E7044828380068C0F399
:102E0000C0600028F1D038465CE700002844025832
:102E10002DE9F04104460E4600275548006800F0B1
:102E20000300032802D10120BDE8F0815048283872
:102E3000006820F080504E4928390860FDF7B0FE48
:102E4000054606E0FDF7ACFE401B022801D9032031
:102E5000EAE7474828380068C0F340700028F1D1FD
:102E600000BF4348006820F07C70218840EA015090
:102E70003F490860A088401EC0F30800A168491EB1
:102E80004FF47E4202EA41210843A189491ED20142
:102E900002EA01410843217C491E120202EA016153
:102EA000084333491831086000BF3148001D0068ED
:102EB00020F44060616908432D49091D08600846F7
:102EC000006820F40070A16908432949091D0860C1
:102ED0000846006820F48070086025481C300068AF
:102EE0004FF6F8718843E16940EAC10020491C317E
:102EF00008601F48001D006840F480701C49091DCF
:102F000008602EB90846006840F48000086012E0AE
:102F1000012E08D11648001D006840F40000144935
:102F2000091D086007E01248001D006840F080702D
:102F30000F49091D08600E482838006840F080508D
:102F40000B4928390860FDF72BFE054606E0FDF722
:102F500027FE401B022801D9032065E704482838D2
:102F60000068C0F340700028F1D038465CE70000EC
:102F70002844025810B50023234C236000BF00BF33
:102F800000BFBFF34F8F00BF00BF00BF231F1868F3
:102F9000C0F34E3100BFC0F3C90200BF43F6E07377
:102FA00003EA41134FF0404404EA82742343174C70
:102FB000236000BF00BF131EA2F10102EED10B1E61
:102FC000A1F10101E7D100BF00BF00BFBFF34F8FE8
:102FD00000BF00BF00BF0C4B703B1B6843F4803345
:102FE000094C703C236000BF00BF00BFBFF34F8F90
:102FF00000BF00BF00BF00BF00BF00BFBFF36F8FA7
:1030000000BF00BF00BF10BD84ED00E060EF00E036
:1030100000BF00BF00BFBFF34F8F00BF00BF00BFA6
:1030200000BF00BF00BFBFF36F8F00BF00BF00BF76
:1030300000201449086000BF00BF00BFBFF34F8FDE
:1030400000BF00BF00BF00BF00BF00BFBFF36F8F56
:1030500000BF00BF00BF0C48006840F400300A49C0
:10306000086000BF00BF00BFBFF34F8F00BF00BFAD
:1030700000BF00BF00BF00BFBFF36F8F00BF00BF26
:1030800000BF704750EF00E014ED00E0704710B54E
:10309000FDF78CFD10BD00002448006840F470006E
:1030A000224908602248006840F001002049086079
:1030B00000201F49103108601D4800681D49084064
:1030C0001B49086000201A4918310860091D086072
:1030D000091D0860164928310860091D0860091D8E
:1030E0000860091D0860091D0860091D0860091DA8
:1030F0000860091D08600E48006820F480200C4913
:10310000086000200A49603108600B4800686FF3CE
:103110000F00B0F1005F02D20120084908604FF0B3
:1031200000600249803908607047000088ED00E0C7
:10313000004402587FEDF6EA0010005C088100515F
:1031400010B50248FDF7EBF910BD00007C02002429
:1031500000BFFEE702480068C0F30220704700008D
:103160000CED00E010B5002804DB0A07130E054A39
:10317000135406E00A07140E034A00F00F031B1F46
:10318000D45410BD00E400E018ED00E000BF70472B
:1031900001490860704700001C00002410B5044677
:1031A0004FF47A7104FB01F000F002F810BD00004A
:1031B00070B5034600224FF0E02675690D4E366863
:1031C00003FB06F44FF0E026B16910E04FF0E02673
:1031D000B06988420BD0884202D20E1A324402E013
:1031E0002E1A0E4432440146A24200D300E0EDE71D
:1031F00000BF70BD1C00002400BF054AD26902F068
:103200004002002AF9D0C2B2014B9A627047000016
:103210000010014088B00024A0460025A1460026E9
:1032200000F042FAFDF7CEFC042302221146F02002
:1032300000F034FB4FF4F070FFF7AAFF4FF4E130D9
:1032400000F0E0FBDD484168F0208847FDF76CF9AD
:10325000FDF76FF9FDF772F9FDF775F90020FDF73D
:1032600077F90120FDF774F90220FDF771F90320C9
:10327000FDF76EF90420FDF76BF94FF47840D0A10B
:1032800010221346CDE900210290C82228211E20D9
:10329000FDF763F94FF47840CBA110221346CDE936
:1032A00000210290C8223C211E20FDF756F94FF460
:1032B0007840C8A110221346CDE900210290C8220F
:1032C00050211E20FDF749F94FF47840C5A1102286
:1032D0001346CDE900210290C82264211E20FDF78B
:1032E0003CF94FF47840C5A110221346CDE90021E6
:1032F0000290C82278211E20FDF72FF91F20C5A1BA
:1033000010221346CDE900210290C8228C211E20F4
:10331000FDF723F91F20C1A110221346CDE900219A
:103320000290C8229C211E20FDF717F91F20BFA183
:1033300010221346CDE900210290C822AC211E20A4
:10334000FDF70BF91F20BDA110221346CDE9002186
:103350000290C822BC211E20FDF7FFF81F20BBA150
:1033600010221346CDE900210290C822CC211E2054
:10337000FDF7F3F81F20B9A110221346CDE9002173
:103380000290C822DC211E20FDF7E7F814E100209E
:10339000FDF7E8F807463846012F04D002281BD075
:1033A000032833D11EE04FF400613046FDF7DFF80B
:1033B000054685B14246ADA12846FDF7DDF81F2040
:1033C00010210B46D122CDE9001502904FF48C71EB
:1033D0001E20FDF7C2F819E029463046FDF7D1F866
:1033E000002513E0701CC6B2042E00DD00261F214C
:1033F000A44850F8260010221346CDE9002002917F
:10340000C8228C211E20FDF7A8F800BF00BFA945E7
:103410002CD0FDB1A9464A469BA103A8FDF7ACF804
:103420001F2003A910221346CDE900210290D122CA
:103430004FF482711E20FDF790F865B11F20102116
:103440000B464FF48C72CDE90015029011461E20F8
:10345000FDF783F80AE04FF6FF704FF49473D12222
:103460004FF48C7100901E20FDF790F80A20FFF7B2
:1034700095FE08F1010000F0FF08142098FBF0F120
:1034800000FB118000287CD1FDF785F804460A2056
:1034900094FBF0F100FB114A94FBF0FB53465A46B3
:1034A0007DA103A8FDF768F81F2003A91022134689
:1034B000CDE900210290C8229C218E20FDF74DF815
:1034C0000120FDF768F804460A2094FBF0F100FBA8
:1034D000114A94FBF0FB53465A466FA103A8FDF72F
:1034E0004BF81F2003A910221346CDE900210290BA
:1034F000C822AC218E20FDF730F80220FDF74BF8F2
:1035000004460A2094FBF0F100FB114A94FBF0FB07
:1035100053465A4660A103A8FDF72EF81F2003A9C1
:1035200010221346CDE900210290C822BC218E2032
:10353000FDF713F80320FDF72EF804460A2094FB4C
:10354000F0F100FB114A94FBF0FB53465A4652A19E
:1035500003A8FDF711F81F2003A910221346CDE997
:1035600000210290C822CC218E20FCF7F6FF042017
:10357000FDF711F804460A2094FBF0F100FB114A14
:1035800000E019E094FBF0FB53465A4642A103A821
:10359000FCF7F2FF1F2003A910221346CDE90021FA
:1035A0000290C822DC218E20FCF7D7FF00BF10213B
:1035B0003C48FDF7DFFA00BFE9E60000C000002448
:1035C00053544D33320000004D414C4C4F43205476
:1035D0004553540041544F4D40414C49454E54458C
:1035E0004B0000004B4559303A4D616C6C6F6320C5
:1035F0002620575220262053686F77004B45595F8D
:1036000055503A5352414D78204B4559313A467204
:10361000656500005352414D494E20005352414DC3
:10362000494E202020555345443A00005352414D05
:103630003132202020555345443A00005352414D29
:103640003420202020555345443A00005352414D28
:103650004454434D20555345443A00005352414D84
:103660004954434D20555345443A00004D656D6F14
:103670007279204D616C6C6F6320546573742530D2
:1036800033640000000000245020416464723A302A
:10369000582530385800000025642E253031642527
:1036A000250000000004025810B5FFF7B1FCFFF739
:1036B00061FC0348006840F004000149086010BD47
:1036C0009CEF00E030B587B00546002400BF6A4893
:1036D000006840F00200684908600846006800F091
:1036E0000200019000BF00BF00BF0846006840F024
:1036F000080008600846006800F00800019000BF5C
:1037000000BF00BF0846006840F01000086008468F
:10371000006800F01000019000BF00BF00BF5648D5
:103720000C38006840F4804053490C390860084662
:10373000006800F48040019000BF00BF402002906C
:103740000220039003200590012004900A20069097
:1037500002A94A48FDF702F90420029009200690C8
:1037600002A94648FDF7FAF84FF46050029009208C
:10377000069002A94248FDF7F1F8042002900920C2
:10378000069002A93F48FDF7E9F83B486438006815
:1037900040F480403849643908600846006820F4E5
:1037A0008040086000BF3848806800F02000002892
:1037B000F9D1364834490860354848600846006801
:1037C00040F00100086000BF2F48806800F0200032
:1037D0000028F9D14FF483702B49486100BF2A4873
:1037E000806800F002000028F9D02748C06840F047
:1037F00002002549C86000BF2348806800F020000F
:103800000028F9D12049C861EB2444F4807444F4C1
:103810004064A81C44EA003444F4404400BF44F42B
:10382000801444F0407444F04064084644611948F0
:10383000006820F48030174908601648703000682E
:1038400020F001001349703108600020091D086054
:103850004FF01040091D08600F48091D0860052041
:103860000C49703108600B48006840F48030094909
:10387000086007B030BD0000E04402580004025860
:10388000000C0258001002580050005210030001B2
:103890000102180024ED00E02D0003032DE9F041A2
:1038A000CCB080460D4616461F460024514800689D
:1038B00020F004004F49086000BF002001904D48EF
:1038C0000C30006840F440404A490C31086008461A
:1038D000006800F4404001904748006840F0010053
:1038E000454908600846006800F00100019000BFEB
:1038F00000BF00BF3F480C30006800F40050B0F536
:10390000005FF7D1212039904FF480303A900020A9
:103910003C90409001203F9002204290022139A823
:103920008162CDF81481C5624663876300214164DA
:103930000821016400218164FEF72CFD04461CB1BE
:1039400001204CB0BDE8F0813F203190032032903F
:1039500000203390082034904020369000013790AA
:10396000402035903890042131A8FEF741FA0446F2
:103970000CB10120E5E721480290082003904FF4A4
:10398000DC710491022105910691079100210891B3
:1039900009910A91022013902020149000201F907A
:1039A00020904FF44010239002A8FDF791FC0446AC
:1039B0000CB10120C5E70020FFF784FEFDF724FAD3
:1039C0000F48006840F080000D49086000BF0C48B7
:1039D000F430006840F002000949F43108600846FC
:1039E000006800F00200019000BF00BFFCF7ACFFD0
:1039F0000020A6E70C4802582C04005803000403DA
:103A00000044025810B5044609480A4908600846AF
:103A1000446000218160C160016181610C214161CC
:103A2000FCF7BEFD012204490248FCF773FD10BDFE
:103A3000001001407C020024260000244FF040705A
:103A4000E1EE100A704700000000010203040102C9
:103A500003040607080900005352414D342020207A
:103A6000000000005352414D313200005352414D8D
:103A70004454434D000000005352414D4954434DBE
:103A8000000000005352414D494E0000AC3A00087E
:103A900000000024B4010000D4020008443B0008E8
:103AA000B4010024ACAF07003003000813843A1BB4
:103AB0000864041A58041A6C041A7804113C90D053
:103AC0000304F1321033010122F823FFFF132562B2
:103AD0001B90FD041380033224323032384220150B
:103AE000806B07241CE003302C12382CF0012034AA
:103AF000811324BD1B9038041A40041A2C041A4860
:103B0000041A28041A3004139D631B90A408136937
:103B1000752B90781012311B08F0081AB108130C9D
:103B2000BE1B9075201A4C101A51081AC8081A901A
:103B30004F13496B1B90A5101355641B90890C1AE9
:043B400006A701DCF7
:0200000490006A
:10000000642900F07F80752900F07C80782900F059
:10001000B580632900F02382732900F02882002034
:10002000704700000FB4044910B503AA029800F00D
:1000300023FA10BC5DF814FB200000240FB41CB59B
:10004000074B06AA7B4469460090059800F0E5F945
:100050000020694600F0F4F91CBC5DF814FB0000B8
:10006000F903000070B5044685690068C10601D532
:10007000302600E02026C00707D070BDD4E901215A
:1000800030469047206A401C20626D1EF6D570BD38
:1000900070B5044685690078C00707D170BDD4E902
:1000A000012120209047206A401C20626D1EF6D559
:1000B00070BD70B50C460546012A05D0287880062B
:1000C00000D5EA69002302E0012305E05B1C9342AE
:1000D00002D2E05C0028F9D1A869E618C01AA8612C
:1000E000286A184428622846FFF7BCFF04E0D5E9D7
:1000F000012114F8010B9047B442F8D32846FFF7CA
:10010000C7FF70BD2DE9F04106460024106875292F
:10011000314616A510D0AFF30080002802DA404225
:1001200013A507E031688A0701D512A502E0490747
:1001300004D511A5012401E0AFF3008000210A22BB
:1001400006F1240709E0B0FBF2FCB0FBF2F302FB7E
:100150001C00303078541846491C0028F3D123463F
:100160002A463046BDE8F04100F0F8B80000000033
:100170002D0000002B0000002000000070B5044698
:100180000D4621461068AFF300802188090502D58D
:100190000F4A7A4402E00E4A7A440E32002104F1FA
:1001A000240305E000F00F060009965D5E54491C2B
:1001B0000028F7D120780023000704D5702D02D045
:1001C00009B1022311322046BDE8704000F0C6B8E4
:1001D00052BB00002DE9F05F894604464FF0000A4B
:1001E000DFF874B1FB44C0F820A02046E1688847DE
:1001F000002874D0252806D0D4E901219047206A30
:10020000401C2062F1E700265F462046E1688847EF
:100210002028054607DB312D05D2781910F8200C6F
:1002200008B10643F1E7B00701D526F00406C4F88B
:100230001CA00027C4F818A02A2D09D0284602F0D7
:1002400092FB38B304EB8708303DC8F8185019E02A
:1002500059F8041B204604EB87029161E168884746
:10026000012F054618D1E069002820DA26F0200683
:100270001DE0D8F8180000EB800005EB4000303896
:10028000C8F818002046E1688847054602F06BFB75
:100290000028EED1012F0AD02E2D08D12046E1688A
:1002A00088477F1C0546022F46F02006C4DBA06964
:1002B000002803DA404246F00106A061F00701D0B1
:1002C00026F010066C2D0BD0682D09D04C2D39D09E
:1002D0006A2D35D0742D35D07A2D33D016E038E024
:1002E000E1682F4620468847B842054609D16C2F61
:1002F00026D04FF48060E1680643204688470546D3
:1003000004E06C2F1AD04FF4807006430DB3A5F1B2
:100310004100192802D8203546F400664A4629468D
:10032000204626604E46FFF76BFE80B101280BD0B9
:10033000F61D26F0070000F1080956E74020E4E723
:100340008020D8E70020D6E706F104094DE72846CB
:1003500052E7206ABDE8F09F28BB00002DE9F04776
:100360000D4699469246044600F124080168880625
:1003700004D5E06921F01001216000E00120A842CD
:1003800001DD471B00E00027A1697A1902EB090093
:10039000081AA0612078C00602D42046FFF762FE4A
:1003A000002608E0D4E901211AF806009047206AE7
:1003B000401C761C20624E45F4DB2078C0060AD52E
:1003C0002046FFF74FFE06E0D4E901213020904798
:1003D000206A401C2062381EA7F10107F4DC07E008
:1003E000D4E9012118F805009047206A401C2062DA
:1003F000281EA5F10105F3DC2046FFF749FE207811
:10040000000602D50220BDE8F0870120FBE70000CE
:1004100001694A1C02610878704700B58FB0CDE9C8
:1004200001310021059105497944CDE903101146B8
:100430006846FFF7CFFE0FB000BD0000E5FFFFFFED
:100440000A6802F8010B0A60704710B5436913B1DE
:10045000AFF3008001E0FFF72CFE012010BD127801
:1004600000F124010A7000224A700122EDE71168B0
:100470004FF0FF32E9E70000074B70B50D467B44B3
:10048000FFF7CBFF0446284600F008F810B14FF004
:10049000FF3070BD204670BD772D0078007B00F0E6
:1004A0008000704740F65D1CC0F6000C604740F2CB
:1004B000B15CC0F6000C604742F6493CC0F6000C47
:1004C000604740F6873CC0F6000C604743F29D1C35
:1004D000C0F6000C604740F6A13CC0F6000C604737
:1004E00042F6094CC0F6000C604740F64D6CC0F671
:1004F000000C604740F6716CC0F6000C604741F29A
:10050000A10CC0F6000C604740F2BB3CC0F6000CEA
:10051000604742F2211CC0F6000C604742F2451CC5
:10052000C0F6000C604740F6653CC0F6000C604722
:1005300043F2B11CC0F6000C604740F6D94CC0F63F
:10054000000C604740F67D4CC0F6000C604740F65A
:10055000055CC0F6000C604740F6675CC0F6000C16
:10056000604740F6475CC0F6000C604770B5044633
:10057000B3F5804F13D1D1E9000540EA05108D682D
:1005800040EA05208D6928438D8940EA054054F8EA
:100590002250064E3540284344F8220003E06FF015
:1005A000704044F82200002070BD00000000F0CF31
:1005B00030B50246086852F8200020F001000C68AF
:1005C00042F824008868082801D1402300E0002375
:1005D000486818438C682043CC6820430C6920434A
:1005E0004C6920438C692043CC6920430C6A20432A
:1005F0004C6A20438C6A2043CC6A20430C6B204316
:100600004C6B20438C6B20430C6852F824400D4DFA
:100610002C4020430C6842F82400086BB0F5801F82
:1006200007D1086828B1106820F480100C6B2043B3
:100630001060086818B110684C6B204310600020EF
:1006400030BD00008004C0FF30B50346D1E900058D
:1006500040EA05108D6840EA05208D8940EA05458D
:10066000088A401E45EA0055087D801E45EA006064
:100670008D692843551C53F8255005F04045284303
:10068000551C43F82500186800F48010B0F5801F51
:100690000BD1586820F47004088A401E44EA0054C4
:1006A000586820F4700020435860002030BD0000DE
:1006B00070B504460E4615460CB9012070BD94F87D
:1006C000450028B9002084F84400204600F028F8AE
:1006D00004F108012068FFF76BFF3146A26820682B
:1006E000FFF7B2FF2946E36AD4E90102FFF73EFFB4
:1006F000A168206850F8210040F00100A26821683C
:1007000041F822000548006840F0004003490860B5
:10071000012084F845000020D0E70000004000528E
:1007200010B586B0044600BF2048006840F48050F1
:100730001E4908600846006800F48050009000BF21
:1007400000BF00BF19480C30006840F0080017498E
:100750000C3108600846006800F00800009000BFF7
:1007600000BF00BF0846006840F01000086008465F
:10077000006800F01000009000BF00BF4CF2037052
:1007800001900220029001200390032004900C208D
:10079000059001A90648FFF785FE4FF6807001908D
:1007A00001A90448FFF77EFE06B010BDD4440258EC
:1007B000000C02580010025810B504460CB9012074
:1007C00010BD94F83D0028B9002084F83C00204674
:1007D00000F00CF8022084F83D00211D206800F094
:1007E0007BFA012084F83D000020E9E77047000013
:1007F00001460868C06840F001000B68D8600868CE
:100800008068084B00EA0302062A08D0B2F5803F50
:1008100005D00868006840F001000B6818600020EF
:10082000704700000700010070477047704770472D
:100830002DE9F04704462068C569206806682068ED
:10084000876840F60F0005EA0008B8F1000F0FD1E5
:1008500005F0200060B106F0200010B907F08050CC
:1008600030B1E06E10B12046E16E8847BDE8F087F8
:10087000B8F1000F7ED06E48384018B96D4830404E
:100880000028F7D005F0010058B106F4807040B19F
:10089000012021680862D4F8880040F00100C4F803
:1008A000880005F0020058B107F0010040B10220B5
:1008B00021680862D4F8880040F00400C4F8880079
:1008C00005F0040058B107F0010040B10420216890
:1008D0000862D4F8880040F00200C4F8880005F0EF
:1008E000080070B106F0200010B95148384040B1FE
:1008F000082021680862D4F8880040F00800C4F895
:10090000880005F4006060B106F0806048B14FF4E3
:10091000006021680862D4F8880040F02000C4F824
:100920008800D4F88800002844D005F0200050B199
:1009300006F0200010B907F0805020B1E06E10B131
:100940002046E16E8847D4F888902068806800F0DF
:100950004000402802D009F0280028B3204600F0CB
:10096000E3FA2068806800F04000402818D1206831
:10097000806800E01FE020F0400021688860A06FE0
:1009800050B12D48A16F0865A06FFFF790FD88B1A9
:10099000A06F016D88470DE02046FFF748FF09E092
:1009A0002046FFF744FF05E02046FFF740FF002008
:1009B000C4F888005AE705F4801050B107F48000AD
:1009C00038B14FF48010216808622046FFF72EFFEF
:1009D0004CE705F0800058B106F0800010B907F42C
:1009E000000028B1206F10B12046216F88473DE7F5
:1009F00005F0400030B106F0400018B1204600F08C
:100A0000A7FA33E705F4000030B106F0804018B1D2
:100A10002046FFF70AFF29E705F0807030B106F0A5
:100A2000004018B12046FFF7FFFE1FE700BF1DE79B
:100A30000100001020010004110F009010B50446C1
:100A40000CB9012010BDA06900B100E000BFD4F8CE
:100A5000800028B9002084F87C002046FFF72CFD98
:100A60002420C4F880002068006820F0010021687C
:100A70000860204600F0A0FB012800D1E2E7A06A50
:100A800010B1204600F08EF92068406820F49040B4
:100A9000216848602068806820F02A00216888600A
:100AA0002068006840F0010021680860204600F0DE
:100AB000F5F9C7E710B50346D3F88400202874D1B0
:100AC00001B10AB9012010BD00BF93F87C000128D4
:100AD00001D10220F7E7012083F87C0000BF99656F
:100AE000A3F85C20A3F85E200020D86600BF9868B9
:100AF000B0F5805F0AD1186920B940F2FF10A3F861
:100B0000600020E0FF20A3F860001CE0986848B96E
:100B1000186918B9FF20A3F8600014E07F20A3F83B
:100B2000600010E09868B0F1805F09D1186918B9C9
:100B30007F20A3F8600006E03F20A3F8600002E0F9
:100B40000020A3F8600000BF0020C3F88800222026
:100B5000C3F884001868806840F001001C68A06039
:100B6000586EB0F1005F21D1B3F8680090421DDCEF
:100B70009868B0F5805F04D1186910B91848D86634
:100B800001E01848D86600BF002083F87C0000BF51
:100B90001868006840F480701C68206018688068DD
:100BA00040F080501C68A06016E017E09868B0F52F
:100BB000805F04D1186910B90B48D86601E00B4872
:100BC000D86600BF002083F87C0000BF186800686A
:100BD00040F490701C682060002074E7022072E7E7
:100BE000E50F009005110090730F00909910009090
:100BF0007047000000BF002240211848FFF761FC49
:100C000000BF17A0FFF70EFA4FF47A70FFF75EFCF3
:100C100019A0FFF707FA4FF47A70FFF757FC00BFEF
:100C200000BF00BF00BF00BFBFF34F8F00BF00BFBA
:100C300000BF1648006800F4E06015490843001D35
:100C40001249086000BF00BF00BFBFF34F8F00BF55
:100C500000BF00BF00BF00BFFDE70000001002584A
:100C60004D656D20416363657373204572726F72C9
:100C700021210D0A00000000536F66742052657335
:100C80006574696E672E2E2E0D0A00000CED00E0D3
:100C90000000FA0510B50E480068C06800F00100B9
:100CA00078B10C4908698047002009490968486201
:100CB00000BF642006490968C86264210448C16015
:100CC00000BF6FF0010002490968086110BD000013
:100CD000C0A60724C000002410B50268294B984222
:100CE0000ED0B0F1804F0BD0274B984208D0274B45
:100CF000984205D0264B984202D0264B984203D109
:100D000022F070024B681A431E4B984217D0B0F184
:100D1000804F14D01C4B984211D01C4B98420ED0DF
:100D20001B4B98420BD01B4B984208D01A4B984251
:100D300005D01A4B984202D0194B984203D122F4A5
:100D40004072CB681A4322F080034C6943EA0402E4
:100D500002608B68C3620B6883620A4B98420BD0B7
:100D60000C4B984208D00C4B984205D00B4B984244
:100D700002D00B4B984201D10B69036301234361FD
:100D800010BD0000000001400004004000080040C9
:100D9000000C0040000401400040014000440140BC
:100DA0000048014090F8281001F0010139B10168B4
:100DB000496821F40031C26A11430268516090F819
:100DC000281001F00201022907D10168496821F4C5
:100DD0008031026B11430268516090F8281001F0D5
:100DE0000401042907D10168496821F48021426B7C
:100DF00011430268516090F8281001F00801082999
:100E000007D10168496821F40041826B11430268EF
:100E1000516090F8281001F01001102907D10168E5
:100E2000896821F48051C26B11430268916090F887
:100E3000281001F02001202907D10168896821F4D8
:100E40000051026C11430268916090F8281001F083
:100E50004001402913D10168496821F48011426C96
:100E6000114302685160416CB1F5801F07D10168E0
:100E7000496821F4C001826C11430268516090F806
:100E8000281001F08001802907D10168496821F408
:100E90000021C26C114302685160704738B50446A6
:100EA0000020C4F88800FFF716FB0546206800689C
:100EB00000F0080008280CD16FF07E402B4600227D
:100EC0004FF400110090204601F0EEFC08B1032021
:100ED00038BD2068006800F0040004280CD16FF0D1
:100EE0007E402B4600224FF480010090204601F006
:100EF000DBFC08B10320EBE72020C4F88000C4F835
:100F0000840000BF002084F87C0000BF00BFDFE742
:100F100070B50546AC6B0020A4F85E00A4F856003E
:100F20002046FFF784FC70BD0168096821F49071C8
:100F30000268116001688968044A11400268916082
:100F40002021C0F884100021C1667047FEFFFFEF2A
:100F500010B504462068006820F040002168086051
:100F60002020C4F88000002020672046FFF740FEC4
:100F700010BD2DE9F0410446B4F86070D4F8840047
:100F8000222826D12068406A86B2A56D06EA0700AD
:100F90002880A06D801CA065B4F85E00401EA4F8F7
:100FA0005E00B4F85E00D0B92068006820F490704C
:100FB000216808602068806820F00100216888604E
:100FC0002020C4F884000020E0662046FFF788FA5D
:100FD00005E02068806940F0080021688861BDE86C
:100FE000F08100002DE9F0470446B4F86090D4F891
:100FF0008400222843D1B4F8685028E02068406A71
:101000001FFA80F8A76D08EA09003880A06D801CDF
:10101000A065B4F85E00401EA4F85E00B4F85E005F
:1010200098B92068006820F4807021680860206802
:10103000806817490840216888602020C4F884002F
:101040000020E0662046FFF74BFA681E85B2002DAF
:10105000D4D1B4F85E60C6B1B4F86800B04214DD13
:101060002068806820F08050216888600948E06628
:101070002068006840F020002168086005E02068D2
:10108000806940F0080021688861BDE8F0870000B1
:10109000FEFFFFEF730F009070B50446B4F8606078
:1010A000D4F88400222826D12068406A85B2F0B2A4
:1010B0002840A16D0870A06D401CA065B4F85E00CA
:1010C000401EA4F85E00B4F85E00D0B92068006845
:1010D00020F49070216808602068806820F001008A
:1010E000216888602020C4F884000020E066204643
:1010F000FFF7F6F905E02068806940F008002168F4
:10110000886170BD2DE9F0410446B4F86080D4F8E0
:101110008400222843D1B4F8685028E02068406A4F
:1011200087B208F0FF003840A16D0870A06D401C28
:10113000A065B4F85E00401EA4F85E00B4F85E003E
:1011400098B92068006820F48070216808602068E1
:10115000806817490840216888602020C4F884000E
:101160000020E0662046FFF7BBF9681E85B2002D1F
:10117000D4D1B4F85E60C6B1B4F86800B04214DDF2
:101180002068806820F08050216888600948E06607
:101190002068006840F020002168086005E02068B1
:1011A000806940F0080021688861BDE8F081000096
:1011B000FEFFFFEF991000902DE9F04F89B0044633
:1011C0004FF00009002007908346F94920688842C3
:1011D00000D100E000BF2169A068084361690843AD
:1011E000E16940EA010A606E40EA0A0A2068006884
:1011F000F049084040EA0A00216808602068406819
:1012000020F44050E168084321684860D4F818A0F1
:10121000E7492068884202D0206A40EA0A0A20682A
:101220008068E549084040EA0A0021688860206833
:10123000C06A20F00F00616A08432168C86200BFDD
:10124000DE492068884220D1DD48006800F038007F
:10125000182811D005DC48B1082809D0102811D170
:1012600008E020280AD028280CD109E001250BE04D
:10127000042509E0082507E0102505E0202503E006
:10128000402501E0802500BFF8E0CE492068884273
:1012900019D1CB48006800F00700062810D2DFE81B
:1012A00000F0030507090B0D00250BE0042509E0FC
:1012B000082507E0102505E0202503E0402501E092
:1012C000802500BFDAE0C0492068884219D1BC48B7
:1012D000006800F00700062810D2DFE800F00305E0
:1012E00007090B0D00250BE0042509E0082507E0A0
:1012F000102505E0202503E0402501E0802500BF02
:10130000BCE0B2492068884219D1AD48006800F0BD
:101310000700062810D2DFE800F0030507090B0DCF
:1013200000250BE0042509E0082507E0102505E06D
:10133000202503E0402501E0802500BF9EE0A44970
:101340002068884219D19E48006800F007000628EE
:1013500010D2DFE800F0030507090B0D00250BE0B4
:10136000042509E0082507E0102505E0202503E015
:10137000402501E0802500BF80E096492068884232
:1013800020D18F48006800F03800182811D005DC03
:1013900048B1082809D0102811D108E020280AD027
:1013A00028280CD109E001250BE0042509E00825D7
:1013B00007E0102505E0202503E0402501E0802519
:1013C00000BF5BE084492068884219D17C480068EE
:1013D00000F00700062810D2DFE800F00305070937
:1013E0000B0D00250BE0042509E0082507E010257A
:1013F00005E0202503E0402501E0802500BF3DE019
:1014000076492068884219D16D48006800F00700CD
:10141000062810D2DFE800F0030507090B0D0025B0
:101420000BE0042509E0082507E0102505E020254C
:1014300003E0402501E0802500BF1FE05C492068F3
:1014400088421AD15E48001D006800F00700062897
:1014500010D2DFE800F0030507090B0D02250BE0B1
:10146000042509E0082507E0102505E0202503E014
:10147000402501E0802500BF00E0802500BF4C49E9
:101480002068884271D1102D70D006DC022D09D061
:10149000042D49D0082D6AD1A6E0202D68D0402D1A
:1014A000F9D1B3E1FFF721F8616A09B9012138E008
:1014B000616A012901D1022133E0616A022901D167
:1014C00004212EE0616A032901D1062129E0616A25
:1014D000042901D1082124E0616A052901D10A21EA
:1014E0001FE0616A062901D10C211AE0616A07290F
:1014F00001D1102115E0616A082901D1202110E0F5
:10150000616A092901D140210BE0616A0A2901D1F0
:10151000802106E0616A0B2902D14FF4807100E05E
:101520000121B0FBF1FBB6E104A8FEF7E3FF05984B
:10153000616A09B9012154E0616A012901D10221DE
:101540004FE0616A022901D104214AE0616A03295E
:1015500001D1062145E0616A042901D1082140E05A
:10156000616A052905D10A213BE0FDE380E08FE1B6
:101570000BE1616A062901D10C2132E0616A072979
:1015800001D110212DE0616A082901D1202128E034
:10159000616A092901D1402123E0616A0A2901D148
:1015A00080211EE0616A0B291AD14FF4807118E086
:1015B000000C0058F369FFCFFFF4FF110010014049
:1015C000544402580044004000480040004C004091
:1015D000005000400014014000780040007C0040B2
:1015E0000121B0FBF1FB56E101A8FEF788FF02984C
:1015F000616A09B9012138E0616A012901D102213A
:1016000033E0616A022901D104212EE0616A0329D5
:1016100001D1062129E0616A042901D1082124E0D1
:10162000616A052901D10A211FE0616A062901D1F9
:101630000C211AE0616A072901D1102115E0616AC5
:10164000082901D1202110E0616A092901D1402136
:101650000BE0616A0A2901D1802106E0616A0B2949
:1016600002D14FF4807100E00121B0FBF1FB12E1E7
:10167000FA480068C0F3401088B3F8480068C0F327
:10168000C101F748C840616A09B9012139E0616ABE
:10169000012901D1022134E0616A022901D104212A
:1016A0002FE0616A032901D106212AE0616A042939
:1016B00001D1082125E0616A052901D10A2120E034
:1016C000616A062901D10C211BE0616A072901D159
:1016D000102116E0616A082902D1202111E013E0EF
:1016E000616A092901D140210BE0616A0A2901D10F
:1016F000802106E0616A0B2902D14FF4807100E07D
:101700000121B0FBF1FB3FE0606A08B9012038E03D
:10171000606A012801D1022033E0606A022801D109
:1017200004202EE0606A032801D1062029E0606AC7
:10173000042801D1082024E0606A052801D10A208C
:101740001FE0606A062801D10C201AE0606A0728B1
:1017500001D1102015E0606A082801D1202010E096
:10176000606A092801D140200BE0606A0A2801D193
:10177000802006E0606A0B2802D14FF4807000E000
:101780000120B749B1FBF0FB85E0606A08B9012090
:1017900038E0606A012801D1022033E0606A022843
:1017A00001D104202EE0606A032801D1062029E03F
:1017B000606A042801D1082024E0606A052801D16C
:1017C0000A201FE0606A062801D10C201AE0606A36
:1017D000072801D1102015E0606A082801D12020D7
:1017E00010E0606A092801D140200BE0606A0A28F5
:1017F00001D1802006E0606A0B2802D14FF480708E
:1018000000E001209749B1FBF0FB44E0606A08B9B1
:10181000012038E0606A012801D1022033E0606ACB
:10182000022801D104202EE0606A032801D106209D
:1018300029E0606A042801D1082024E0606A0528B4
:1018400001D10A201FE0606A062801D10C201AE0AD
:10185000606A072801D1102015E0606A082801D1CC
:10186000202010E0606A092801D140200BE0606A66
:101870000A2801D1802006E0606A0B2802D14FF4CB
:10188000807000E001204FF40041B1FBF0FB02E06A
:101890000120079000BF00BFBBF1000F00F0F287EE
:1018A000606800EB4000584503D860680003584565
:1018B00003D20120079000F0E5BF102D75D006DCA3
:1018C000022D09D0042D67D0082D6FD1CCE0202D3A
:1018D0006DD0402DF9D14DE2FEF707FE8046606ADB
:1018E00008B9012238E0606A012801D1022233E000
:1018F000606A022801D104222EE0606A032801D127
:10190000062229E0606A042801D1082224E0606AE6
:10191000052801D10A221FE0606A062801D10C22A5
:101920001AE0606A072801D1102215E0606A0828D1
:1019300001D1202210E0606A092801D140220BE089
:10194000606A0A2801D1802206E0606A0B2802D171
:101950004FF4807200E0012294460023404619466D
:10196000FEF7D2FD4FF4807300228C46A0FB031ECD
:101970000CFB03E300FB0233606840088C461CEB61
:10198000000643EB0201D4F804C06246002330464F
:10199000FEF7BAFD81464EE204A8FEF7ABFDDDF886
:1019A00014E0606A20B901223BE0BFE040E282E13E
:1019B000606A012801D1022233E0606A022801D165
:1019C00004222EE0606A032801D1062229E0606A21
:1019D000042801D1082224E0606A052801D10A22E6
:1019E0001FE0606A062801D10C221AE0606A07280D
:1019F00001D1102215E0606A082801D1202210E0F0
:101A0000606A092801D140220BE0606A0A2801D1EE
:101A1000802206E0606A0B2802D14FF4807200E059
:101A200001229446002370461946FEF76DFD4FF4DF
:101A3000807C0022A0FB0C3E01FB0CE100FB0211AC
:101A4000606840081E185141D4F804C06246002363
:101A50003046FEF759FD8146EDE100000044025892
:101A60000090D00300093D0001A8FEF748FDDDF815
:101A700008C0606A08B9012238E0606A012801D113
:101A8000022233E0606A022801D104222EE0606A5B
:101A9000032801D1062229E0606A042801D1082226
:101AA00024E0606A052801D10A221FE0606A062846
:101AB00001D10C221AE0606A072801D1102215E03A
:101AC000606A082801D1202210E0606A092801D14B
:101AD00040220BE0606A0A2801D1802206E0606A99
:101AE0000B2802D14FF4807200E0012296460023B9
:101AF00060461946FEF708FD4FF4807300228C46BD
:101B0000A0FB031E0CFB03E300FB023360684008EC
:101B10008C461CEB000643EB0201D4F804C062467D
:101B200000233046FEF7F0FC814684E1F848006867
:101B3000C0F3401090B3F6480068C0F3C101F54807
:101B400020FA01FE606A08B9012239E0606A0128C2
:101B500001D1022234E0606A022801D104222FE080
:101B6000606A032801D106222AE0606A042801D1B4
:101B7000082225E0606A052801D10A2220E0606A77
:101B8000062801D10C221BE0606A072801D110222F
:101B900016E0606A082802D1202211E030E0606A75
:101BA000092801D140220BE0606A0A2801D1802275
:101BB00006E0606A0B2802D14FF4807200E0012237
:101BC0009446002370461946FEF79EFC4FF480733E
:101BD00000228C46A0FB031E0CFB03E300FB023338
:101BE000606840088C461CEB000643EB0201D4F809
:101BF00004C0624600233046FEF786FC814659E069
:101C0000606A08B9012238E0606A012801D1022225
:101C100033E0606A022801D104222EE0606A0328C2
:101C200001D1062229E0606A042801D1082224E0BB
:101C3000606A052801D10A221FE0606A062801D1E6
:101C40000C221AE0606A072801D1102215E0606AB0
:101C5000082801D1202210E0606A092801D1402221
:101C60000BE0606A0A2801D1802206E0606A0B2836
:101C700002D14FF4807200E0012294460023A5486F
:101C80001946FEF741FC4FF4807300228C46A0FBFE
:101C9000031E0CFB03E300FB0233606840080E18D0
:101CA00043EB0201D4F804C0624600233046FEF73D
:101CB0002BFC8146BFE0606A08B9012238E0606A07
:101CC000012801D1022233E0606A022801D10422F6
:101CD0002EE0606A032801D1062229E0606A042808
:101CE00001D1082224E0606A052801D10A221FE000
:101CF000606A062801D10C221AE0606A072801D127
:101D0000102215E0606A082801D1202210E0606AE4
:101D1000092801D140220BE0606A0A2801D1802203
:101D200006E0606A0B2802D14FF4807200E00122C5
:101D30009446002378481946FEF7E6FB4FF480737B
:101D400000228C46A0FB031E0CFB03E300FB0233C6
:101D5000606840088C461CEB000643EB0201D4F897
:101D600004C06246002300E073E03046FEF7CCFB7F
:101D7000814660E0606A08B9012238E0606A0128A3
:101D800001D1022233E0606A022801D104222EE050
:101D9000606A032801D1062229E0606A042801D183
:101DA000082224E0606A052801D10A221FE0606A47
:101DB000062801D10C221AE0606A072801D11022FE
:101DC00015E0606A082801D1202210E0606A092825
:101DD00001D140220BE0606A0A2801D1802206E08E
:101DE000606A0B2802D14FF4807200E00122944611
:101DF00000234FF400401946FEF786FB4FF4807332
:101E000000228C46A0FB031E0CFB03E300FB023305
:101E1000606840088C461CEB000643EB0201D4F8D6
:101E200004C0624600233046FEF76EFB814602E0A6
:101E30000120079000BF00BFB9F5407F06D3B9F578
:101E4000801F03D22068C0F80C9034E50120079071
:101E500031E5E069B0F5004F71D1082D70D005DC97
:101E60005DB1012D5AD0042D6BD1A7E0102D69D0A2
:101E7000202D68D0402DF7D11EE2FEF74AFB8046A8
:101E8000606A08B9012038E0606A012801D10220A7
:101E900033E0606A022801D104202EE0606A032842
:101EA00001D1062029E0606A042801D1082024E03D
:101EB000606A052801D10A201FE0606A062801D166
:101EC0000C201AE0606A072801D1102015E0606A32
:101ED000082801D1202010E0606A092801D14020A3
:101EE0000BE0606A0A2801D1802006E0606A0B28B6
:101EF00002D14FF4807000E00120B8FBF0F0400008
:101F0000616800EB5100B0FBF1F01FFA80F920E2AC
:101F1000004402580090D00300093D00FEF7FEFA8D
:101F20008046606A08B901203DE0606A012801D15D
:101F3000022038E0606A022806D1042033E020E263
:101F400088E003E2D2E06EE1606A032801D1062056
:101F500029E0606A042801D1082024E0606A05288D
:101F600001D10A201FE0606A062801D10C201AE086
:101F7000606A072801D1102015E0606A082801D1A5
:101F8000202010E0606A092801D140200BE0606A3F
:101F90000A2801D1802006E0606A0B2802D14FF4A4
:101FA000807000E00120B8FBF0F04000616800EBB9
:101FB0005100B0FBF1F01FFA80F9CAE104A8FEF766
:101FC00099FA0598616A09B9012138E0616A012925
:101FD00001D1022133E0616A022901D104212EE0FE
:101FE000616A032901D1062129E0616A042901D12E
:101FF000082124E0616A052901D10A211FE0616AF4
:10200000062901D10C211AE0616A072901D11021AA
:1020100015E0616A082901D1202110E0616A0929CF
:1020200001D140210BE0616A0A2901D1802106E03B
:10203000616A0B2902D14FF4807100E00121B0FBED
:10204000F1F04000616800EB5100B0FBF1F01FFAC5
:1020500080F97EE101A8FEF752FA0298616A09B997
:10206000012138E0616A012901D1022133E0616A6E
:10207000022901D104212EE0616A032901D1062140
:1020800029E0616A042901D1082124E0616A052957
:1020900001D10A211FE0616A062901D10C211AE051
:1020A000616A072901D1102115E0616A082901D16F
:1020B000202110E0616A092901D140210BE0616A09
:1020C0000A2901D1802106E0616A0B2902D14FF46F
:1020D000807100E00121B0FBF1F04000616800EB8D
:1020E0005100B0FBF1F01FFA80F932E1F9480068C5
:1020F000C0F3401088B3F7480068C0F3C101F64848
:10210000C840616A09B9012139E0616A012901D138
:10211000022134E0616A022901D104212FE0616AC1
:10212000032901D106212AE0616A042901D108218D
:1021300025E0616A052901D10A2120E0616A0629AA
:1021400001D10C211BE0616A072901D1102116E0A1
:10215000616A082902D1202111E01BE0616A092986
:1021600001D140210BE0616A0A2901D1802106E0FA
:10217000616A0B2902D14FF4807100E00121B0FBAC
:10218000F1F04000616800EB5100B0FBF1F01FFA84
:1021900080F947E0606A08B9012038E0606A0128E8
:1021A00001D1022033E0606A022801D104202EE030
:1021B000606A032801D1062029E0606A042801D161
:1021C000082024E0606A052801D10A201FE0606A27
:1021D000062801D10C201AE0606A072801D11020DE
:1021E00015E0606A082801D1202010E0606A092803
:1021F00001D140200BE0606A0A2801D1802006E06E
:10220000606A0B2802D14FF4807000E00120B249CF
:10221000B1FBF0F04000616800EB5100B0FBF1F061
:102220001FFA80F995E0606A08B9012038E0606A19
:10223000012801D1022033E0606A022801D1042084
:102240002EE0606A032801D1062029E0606A042894
:1022500001D1082024E0606A052801D10A201FE08E
:10226000606A062801D10C201AE0606A072801D1B3
:10227000102015E0606A082801D1202010E0606A73
:10228000092801D140200BE0606A0A2801D1802092
:1022900006E0606A0B2802D14FF4807000E0012054
:1022A0008E49B1FBF0F04000616800EB5100B0FBDB
:1022B000F1F01FFA80F94CE0606A08B9012038E0BB
:1022C000606A012801D1022033E0606A022801D14E
:1022D00004202EE0606A032801D1062029E0606A0C
:1022E000042801D1082024E0606A052801D10A20D1
:1022F0001FE0606A062801D10C201AE0606A0728F6
:1023000001D1102015E0606A082801D1202010E0DA
:10231000606A092801D140200BE0606A0A2801D1D7
:10232000802006E0606A0B2802D14FF4807000E044
:1023300001204FF40041B1FBF0F04000616800EB78
:102340005100B0FBF1F01FFA80F902E00120079084
:1023500000BF00BFB9F1100F10D3B9F5803F0DD207
:102360004FF6F07009EA00000890C9F3420108989E
:102370000843089008982168C86083E2012007900C
:1023800080E2082D72D005DC5DB1012D53D0042D03
:102390006DD1A5E0102D6BD0202D6AD0402D66D1D7
:1023A00017E2FEF7B6F88046606A08B9012038E007
:1023B000606A012801D1022033E0606A022801D15D
:1023C00004202EE0606A032801D1062029E0606A1B
:1023D000042801D1082024E0606A052801D10A20E0
:1023E0001FE0606A062801D10C201AE0606A072805
:1023F00001D1102015E0606A082801D1202010E0EA
:10240000606A092801D140200BE0606A0A2801D1E6
:10241000802006E0606A0B2802D14FF4807000E053
:102420000120B8FBF0F0616800EB5100B0FBF1F067
:102430001FFA80F919E2FEF771F88046606A08B960
:1024400001203CE0606A012801D1022037E0606A87
:10245000022801D1042032E0606A032801D106205D
:102460002DE0606A042805D1082028E083E0F9E126
:10247000CCE066E1606A052801D10A201FE0606AAD
:10248000062801D10C201AE0606A072801D110202B
:1024900015E0606A082801D1202010E0606A092850
:1024A00001D140200BE0606A0A2801D1802006E0BB
:1024B000606A0B2802D14FF4807000E00120B8FB65
:1024C000F0F0616800EB5100B0FBF1F01FFA80F909
:1024D000CBE10000004402580090D00300093D0009
:1024E00004A8FEF707F80598616A09B9012138E0E8
:1024F000616A012901D1022133E0616A022901D117
:1025000004212EE0616A032901D1062129E0616AD4
:10251000042901D1082124E0616A052901D10A2199
:102520001FE0616A062901D10C211AE0616A0729BE
:1025300001D1102115E0616A082901D1202110E0A4
:10254000616A092901D140210BE0616A0A2901D1A0
:10255000802106E0616A0B2902D14FF4807100E00E
:102560000121B0FBF1F0616800EB5100B0FBF1F02C
:102570001FFA80F979E101A8FDF7C1FF0298616AAD
:1025800009B9012138E0616A012901D1022133E052
:10259000616A022901D104212EE0616A032901D177
:1025A000062129E0616A042901D1082124E0616A39
:1025B000052901D10A211FE0616A062901D10C21F8
:1025C0001AE0616A072901D1102115E0616A082922
:1025D00001D1202110E0616A092901D140210BE0DD
:1025E000616A0A2901D1802106E0616A0B2902D1C2
:1025F0004FF4807100E00121B0FBF1F0616800EB65
:102600005100B0FBF1F01FFA80F92EE1A3480068F9
:10261000C0F3401088B3A1480068C0F3C101A048CE
:10262000C840616A09B9012139E0616A012901D113
:10263000022134E0616A022901D104212FE0616A9C
:10264000032901D106212AE0616A042901D1082168
:1026500025E0616A052901D10A2120E0616A062985
:1026600001D10C211BE0616A072901D1102116E07C
:10267000616A082902D1202111E01AE0616A092962
:1026800001D140210BE0616A0A2901D1802106E0D5
:10269000616A0B2902D14FF4807100E00121B0FB87
:1026A000F1F0616800EB5100B0FBF1F01FFA80F926
:1026B00046E0606A08B9012038E0606A012801D16B
:1026C000022033E0606A022801D104202EE0606A13
:1026D000032801D1062029E0606A042801D10820DE
:1026E00024E0606A052801D10A201FE0606A0628FC
:1026F00001D10C201AE0606A072801D1102015E0F2
:10270000606A082801D1202010E0606A092801D100
:1027100040200BE0606A0A2801D1802006E0606A50
:102720000B2802D14FF4807000E001205C49B1FB1E
:10273000F0F0616800EB5100B0FBF1F01FFA80F996
:1027400093E0606A08B9012038E0606A012801D18D
:10275000022033E0606A022801D104202EE0606A82
:10276000032801D1062029E0606A042801D108204D
:1027700024E0606A052801D10A201FE0606A06286B
:1027800001D10C201AE0606A072801D1102015E061
:10279000606A082801D1202010E0606A092801D170
:1027A00040200BE0606A0A2801D1802006E0606AC0
:1027B0000B2802D14FF4807000E001203949B1FBB1
:1027C000F0F0616800EB5100B0FBF1F01FFA80F906
:1027D0004BE0606A08B9012038E0606A012801D145
:1027E000022033E0606A022801D104202EE0606AF2
:1027F000032801D1062029E0606A042801D10820BD
:1028000024E0606A052801D10A201FE0606A0628DA
:1028100001D10C201AE0606A072801D1102015E0D0
:10282000606A082801D1202010E0606A092801D1DF
:1028300040200BE0606A0A2801D1802006E0606A2F
:102840000B2802D14FF4807000E001204FF40041CA
:10285000B1FBF0F0616800EB5100B0FBF1F01FFA42
:1028600080F902E00120079000BF00BFB9F1100F0E
:1028700006D3B9F5803F03D22068C0F80C9001E080
:10288000012007900120A4F86A00A4F86800002045
:10289000E0662067079809B0BDE8F08F0044025851
:1028A0000090D00300093D002DE9F04104460D469B
:1028B00017469846069E4AE0701C002847D0FDF750
:1028C0000AFEA0EB0800B04200D8C6B92068006834
:1028D00020F4D070216808602068806820F0010032
:1028E000216888602020C4F88000C4F8840000BFFC
:1028F000002084F87C0000BF0320BDE8F081206840
:10290000006800F0040010B32068C069C0F3C02064
:10291000E8B14FF40060216808622068006820F484
:10292000D070216808602068806820F0010021686C
:1029300088602020C4F88000C4F88400C4F88800AF
:1029400000BF002084F87C0000BF0320D5E720688A
:10295000C0692840A84201D1012000E00020B8420F
:10296000AAD00020C9E730380A2801D201207047D8
:102970000020704700B587B000BF00BF2548006841
:1029800040F00100234908600846006800F001009B
:10299000019000BF00BF00BF00BF00BF0846006835
:1029A00040F0010008600846006800F00100019056
:1029B00000BF00BF00BF00BF00BF0846006840F076
:1029C000010008600846006800F00100019000BFA7
:1029D00000BF00BF0220029000200390012004905D
:1029E0000320059002A90C48FDF75CFD4FF4004060
:1029F00002900120049002A90748FDF753FD012031
:102A000002900220049002A90348FDF74BFD07B095
:102A100000BD0000E04402580000025870B50446B2
:102A2000002514B10120234908702248007858B3CA
:102A300002212148FDF777FD58B14FF400411E48AF
:102A4000FDF771FD28B101211B48FDF76CFD012840
:102A50001AD10A20FDF73AFD00201649087002211C
:102A60001548FDF760FD00B901254FF400411248FB
:102A7000FDF759FD00B9022501210F48FDF753FD6F
:102A8000012815D1032513E002210B48FDF74BFD6A
:102A900001280DD1C1030848FDF745FD012807D1E4
:102AA00001210548FDF73FFD10B9012001490870DB
:102AB000284670BD310000240000025870B504465D
:102AC000002609480588408845430021084603F050
:102AD000CBF803F06FFA00BF02E004480480761CD4
:102AE000AE42FAD370BD0000540300240000106011
:102AF00010B5044658488471002C58D1F02056492E
:102B000008804FF4A07048800846808845F2105134
:102B1000884210D14FF430504F4908814FF428506B
:102B200048814FF42C5088814FF4F07008804FF4A6
:102B3000487048801AE04848808841F6631188420E
:102B40000DD12C20444908812B2048812A208881DE
:102B50004FF4F07008804FF44870488006E02C2055
:102B60003D4908812A2048812B2088813A48808865
:102B700045F21031884205D03748808847F2967177
:102B8000884206D14FF4A070334908804FF4F070AA
:102B900048803148808849F60601884258D14FF470
:102BA000F0702D4908804FF44870488050E04FF491
:102BB000A07029490880F02048800846808845F2A6
:102BC0001051884210D14FF43050234908814FF4FE
:102BD000285048814FF42C5088814FF44870088069
:102BE0004FF4F070488020E01B48808841F6631164
:102BF000884205D01848808849F6060188420DD1E0
:102C00002C20154908812A2048812B2088814FF4E7
:102C1000487008804FF4F070488006E02C200E4980
:102C200008812A2048812B2088810B48808845F222
:102C30001031884205D00848808847F29671884252
:102C400006D14FF4F070044908804FF4A07048801A
:102C5000002002F0EBFE10BD5403002470B50546C1
:102C60000E4614463146284602F0FEFF03F0A2F954
:102C700001490C8070BD00000000106010B5CF202D
:102C800003F08CF9002003F07DF9C12003F07AF9FC
:102C9000302003F077F9ED2003F080F9642003F091
:102CA00071F9032003F06EF9122003F06BF9812013
:102CB00003F068F9E82003F071F9852003F062F968
:102CC000102003F05FF97A2003F05CF9CB2003F0C9
:102CD00065F9392003F056F92C2003F053F9002050
:102CE00003F050F9342003F04DF9022003F04AF9C3
:102CF000F72003F053F9202003F044F9EA2003F011
:102D00004DF9002003F03EF9002003F03BF9C0200C
:102D100003F044F91B2003F035F9C12003F03EF91C
:102D2000012003F02FF9C52003F038F9302003F01B
:102D300029F9302003F026F9C72003F02FF9B72036
:102D400003F020F9362003F029F9482003F01AF99E
:102D50003A2003F023F9552003F014F9B12003F0D1
:102D60001DF9002003F00EF91A2003F00BF9B6202C
:102D700003F014F90A2003F005F9A22003F002F988
:102D8000F22003F00BF9002003F0FCF8262003F0FA
:102D900005F9012003F0F6F8E02003F0FFF80F201A
:102DA00003F0F0F82A2003F0EDF8282003F0EAF809
:102DB000082003F0E7F80E2003F0E4F8082003F001
:102DC000E1F8542003F0DEF8A92003F0DBF84320FB
:102DD00003F0D8F80A2003F0D5F80F2003F0D2F85A
:102DE000002003F0CFF8002003F0CCF8002003F01F
:102DF000C9F8002003F0C6F8E12003F0CFF8002066
:102E000003F0C0F8152003F0BDF8172003F0BAF85E
:102E1000072003F0B7F8112003F0B4F8062003F000
:102E2000B1F82B2003F0AEF8562003F0ABF83C20AD
:102E300003F0A8F8052003F0A5F8102003F0A2F88D
:102E40000F2003F09FF83F2003F09CF83F2003F091
:102E500099F80F2003F096F82B2003F09FF800203C
:102E600003F090F8002003F08DF8012003F08AF8B9
:102E70003F2003F087F82A2003F090F8002003F0A9
:102E800081F8002003F07EF8002003F07BF8EF20AB
:102E900003F078F8112003F081F87820FDF716FB95
:102EA000292003F07BF810BD10B5FF2003F076F861
:102EB000FF2003F067F8982003F064F8062003F081
:102EC00061F8BC2003F06AF8012003F05BF80F20E2
:102ED00003F058F8612003F055F8FF2003F052F892
:102EE000012003F04FF8012003F04CF80B2003F011
:102EF00049F8102003F046F8372003F043F8632028
:102F000003F040F8FF2003F03DF8FF2003F03AF80B
:102F1000012003F037F8012003F034F8002003F01B
:102F200031F8002003F02EF8FF2003F02BF8522098
:102F300003F028F8012003F025F8002003F022F820
:102F4000402003F01FF8BD2003F028F8012003F013
:102F500019F8232003F016F8452003F013F8672032
:102F600003F010F8012003F00DF8232003F00AF815
:102F7000452003F007F8672003F004F8BE2003F0B3
:102F80000DF8002002F0FEFF012002F0FBFFAB2055
:102F900002F0F8FF602002F0F5FF222002F0F2FFBD
:102FA000222002F0EFFF222002F0ECFF222002F0AC
:102FB000E9FF222002F0E6FFC72002F0EFFF3620F3
:102FC00002F0E0FFED2002F0E9FF7F2002F0DAFFDF
:102FD0000F2002F0D7FFC02002F0E0FF0F2002F028
:102FE000D1FF0B2002F0CEFF0A2002F0CBFFFC2025
:102FF00002F0D4FF082002F0C5FFDF2002F0CEFF70
:10300000002002F0BFFF002002F0BCFF002002F011
:10301000B9FF002002F0B6FF002002F0B3FF20202D
:1030200002F0B0FFF32002F0B9FF742002F0AAFF13
:10303000B42002F0B3FF002002F0A4FF002002F051
:10304000A1FF002002F09EFFF72002F0A7FF8220E0
:1030500002F098FFB12002F0A1FF002002F092FFE1
:10306000132002F08FFF132002F08CFFF22002F0F9
:1030700095FF802002F086FF042002F083FF4020AD
:1030800002F080FF282002F07DFFC12002F086FFC1
:10309000172002F077FF882002F074FF882002F0EA
:1030A00071FF202002F06EFFE02002F077FF002089
:1030B00002F068FF0A2002F065FF122002F062FFB2
:1030C000102002F05FFF0E2002F05CFF202002F0D3
:1030D00059FFCC2002F056FF072002F053FF0620D4
:1030E00002F050FF0B2002F04DFF0E2002F04AFFCD
:1030F0000F2002F047FF0D2002F044FF152002F0E0
:1031000041FF102002F03EFF002002F03BFFE120D3
:1031100002F044FF002002F035FF0B2002F032FFE6
:10312000132002F02FFF0D2002F02CFF0E2002F0E2
:1031300029FF1B2002F026FF712002F023FF06204A
:1031400002F020FF062002F01DFF0A2002F01AFF05
:103150000F2002F017FF0E2002F014FF0F2002F0E4
:1031600011FF152002F00EFF0C2002F00BFF0020D3
:1031700002F008FF2A2002F011FF002002F002FFF7
:10318000002002F0FFFE012002F0FCFEDF2002F032
:10319000F9FE2B2002F002FF002002F0F3FE0020D7
:1031A00002F0F0FE032002F0EDFE1F2002F0EAFE26
:1031B0003A2002F0F3FE552002F0E4FE362002F041
:1031C000EDFE002002F0DEFE112002F0E7FE782086
:1031D000FDF77CF9292002F0E1FE1420FDF776F9D5
:1031E0002C2002F0DBFE10BD10B5ED2002F0D6FE63
:1031F000012002F0C7FEFE2002F0C4FEEE2002F025
:10320000CDFEDE2002F0BEFE212002F0BBFEF1204A
:1032100002F0C4FE012002F0B5FEDF2002F0BEFE87
:10322000102002F0AFFEC42002F0B8FE8F2002F0A2
:10323000A9FEC62002F0B2FE002002F0A3FEE220AA
:1032400002F0A0FEE22002F09DFEE22002F09AFED3
:10325000BF2002F0A3FEAA2002F094FEB02002F0EC
:103260009DFE0D2002F08EFE002002F08BFE0D2050
:1032700002F088FE002002F085FE112002F082FE9E
:10328000002002F07FFE192002F07CFE002002F0F8
:1032900079FE212002F076FE002002F073FE2D2040
:1032A00002F070FE002002F06DFE3D2002F06AFE8A
:1032B000002002F067FE5D2002F064FE002002F0B4
:1032C00061FE5D2002F05EFE002002F05BFEB12098
:1032D00002F064FE802002F055FE002002F052FE53
:1032E0008B2002F04FFE002002F04CFE962002F0F0
:1032F00049FE002002F046FEB22002F04FFE002000
:1033000002F040FE002002F03DFE022002F03AFEF4
:10331000002002F037FE032002F034FE002002F00D
:1033200031FEB32002F03AFE002002F02BFE002016
:1033300002F028FE002002F025FE002002F022FE0E
:10334000002002F01FFE002002F01CFE002002F010
:1033500019FE002002F016FE002002F013FE0020ED
:1033600002F010FE002002F00DFE002002F00AFE26
:10337000002002F007FE002002F004FE002002F010
:1033800001FE002002F0FEFD002002F0FBFD002007
:1033900002F0F8FD002002F0F5FD002002F0F2FD41
:1033A000002002F0EFFD002002F0ECFD002002F012
:1033B000E9FD002002F0E6FDB42002F0EFFD8B20D5
:1033C00002F0E0FD002002F0DDFD962002F0DAFDC3
:1033D000002002F0D7FDA12002F0D4FD002002F071
:1033E000D1FDB52002F0DAFD022002F0CBFD002075
:1033F00002F0C8FD032002F0C5FD002002F0C2FD6E
:10340000042002F0BFFD002002F0BCFDB62002F057
:10341000C5FD002002F0B6FD002002F0B3FDB7208C
:1034200002F0BCFD002002F0ADFD002002F0AAFD7C
:103430003F2002F0A7FD002002F0A4FD5E2002F074
:10344000A1FD002002F09EFD642002F09BFD002003
:1034500002F098FD8C2002F095FD002002F092FD14
:10346000AC2002F08FFD002002F08CFDDC2002F089
:1034700089FD002002F086FD702002F083FD00200F
:1034800002F080FD902002F07DFD002002F07AFD28
:10349000EB2002F077FD002002F074FDDC2002F04A
:1034A00071FD002002F06EFDB82002F077FD0020D3
:1034B00002F068FD002002F065FD002002F062FDD0
:1034C000002002F05FFD002002F05CFD002002F011
:1034D00059FD002002F056FD002002F053FDBA20F5
:1034E00002F05CFD242002F04DFD002002F04AFDB8
:1034F000002002F047FD002002F044FDC12002F050
:103500004DFD202002F03EFD002002F03BFD542046
:1035100002F038FD002002F035FDFF2002F032FD00
:10352000002002F02FFDC22002F038FD0A2002F038
:1035300029FD002002F026FD042002F023FD0020DA
:1035400002F020FDC32002F029FD3C2002F01AFD0C
:10355000002002F017FD3A2002F014FD002002F0D6
:1035600011FD392002F00EFD002002F00BFD372086
:1035700002F008FD002002F005FD3C2002F002FDF3
:10358000002002F0FFFC362002F0FCFC002002F0DC
:10359000F9FC322002F0F6FC002002F0F3FC2F20B0
:1035A00002F0F0FC002002F0EDFC2C2002F0EAFC1E
:1035B000002002F0E7FC292002F0E4FC002002F0E9
:1035C000E1FC262002F0DEFC002002F0DBFC2420DF
:1035D00002F0D8FC002002F0D5FC242002F0D2FC3E
:1035E000002002F0CFFC232002F0CCFC002002F0EF
:1035F000C9FC3C2002F0C6FC002002F0C3FC3620CF
:1036000002F0C0FC002002F0BDFC322002F0BAFC47
:10361000002002F0B7FC2F2002F0B4FC002002F0E2
:10362000B1FC2C2002F0AEFC002002F0ABFC292003
:1036300002F0A8FC002002F0A5FC262002F0A2FC6B
:10364000002002F09FFC242002F09CFC002002F0ED
:1036500099FC242002F096FC002002F093FC232029
:1036600002F090FC002002F08DFCC42002F096FCD9
:10367000622002F087FC002002F084FC052002F0AA
:1036800081FC002002F07EFC842002F07BFC002004
:1036900002F078FCF02002F075FC002002F072FCD1
:1036A000182002F06FFC002002F06CFCA42002F055
:1036B00069FC002002F066FC182002F063FC002088
:1036C00002F060FC502002F05DFC002002F05AFC89
:1036D0000C2002F057FC002002F054FC172002F0EE
:1036E00051FC002002F04EFC952002F04BFC002023
:1036F00002F048FCF32002F045FC002002F042FCFE
:10370000E62002F03FFC002002F03CFCC52002F065
:1037100045FC322002F036FC002002F033FC44204D
:1037200002F030FC002002F02DFC652002F02AFCA3
:10373000002002F027FC762002F024FC002002F09A
:1037400021FC882002F01EFC002002F01BFCC62099
:1037500002F024FC202002F015FC002002F012FCF4
:10376000172002F00FFC002002F00CFC012002F0F8
:1037700009FC002002F006FCC72002F00FFC00202C
:1037800002F000FC002002F0FDFB002002F0FAFB3A
:10379000002002F0F7FBC82002F000FC002002F03D
:1037A000F1FB002002F0EEFB002002F0EBFB00201A
:1037B00002F0E8FBC92002F0F1FB002002F0E2FB7E
:1037C000002002F0DFFB002002F0DCFB002002F012
:1037D000D9FB002002F0D6FB002002F0D3FB002032
:1037E00002F0D0FB002002F0CDFB002002F0CAFB6B
:1037F000002002F0C7FB002002F0C4FB002002F012
:10380000C1FB002002F0BEFB002002F0BBFB002049
:1038100002F0B8FB002002F0B5FBE02002F0BEFB96
:10382000162002F0AFFB002002F0ACFB1C2002F0DF
:10383000A9FB002002F0A6FB212002F0A3FB002040
:1038400002F0A0FB362002F09DFB002002F09AFB64
:10385000462002F097FB002002F094FB522002F079
:1038600091FB002002F08EFB642002F08BFB002015
:1038700002F088FB7A2002F085FB002002F082FB38
:103880008B2002F07FFB002002F07CFB992002F0ED
:1038900079FB002002F076FBA82002F073FB0020E9
:1038A00002F070FBB92002F06DFB002002F06AFB11
:1038B000C42002F067FB002002F064FBCA2002F083
:1038C00061FB002002F05EFBD22002F05BFB0020D7
:1038D00002F058FBD92002F055FB002002F052FB09
:1038E000E02002F04FFB002002F04CFBF32002F03E
:1038F00049FB002002F046FBE12002F04FFB1620BE
:1039000002F040FB002002F03DFB1C2002F03AFBDD
:10391000002002F037FB222002F034FB002002F0EE
:1039200031FB362002F02EFB002002F02BFB45205D
:1039300002F028FB002002F025FB522002F022FBBF
:10394000002002F01FFB642002F01CFB002002F0AC
:1039500019FB7A2002F016FB002002F013FB8B20EB
:1039600002F010FB002002F00DFB992002F00AFB90
:10397000002002F007FBA82002F004FB002002F068
:1039800001FBB92002F0FEFA002002F0FBFAC4208D
:1039900002F0F8FA002002F0F5FACA2002F0F2FA7A
:1039A000002002F0EFFAD22002F0ECFA002002F040
:1039B000E9FAD82002F0E6FA002002F0E3FAE0206B
:1039C00002F0E0FA002002F0DDFAF32002F0DAFA69
:1039D000002002F0D7FAE22002F0E0FA052002F01F
:1039E000D1FA002002F0CEFA0B2002F0CBFA002030
:1039F00002F0C8FA1B2002F0C5FA002002F0C2FA59
:103A0000342002F0BFFA002002F0BCFA442002F099
:103A1000B9FA002002F0B6FA4F2002F0B3FA002003
:103A200002F0B0FA612002F0ADFA002002F0AAFA2A
:103A3000792002F0A7FA002002F0A4FA882002F010
:103A4000A1FA002002F09EFA972002F09BFA0020D3
:103A500002F098FAA62002F095FA002002F092FAFD
:103A6000B72002F08FFA002002F08CFAC22002F098
:103A700089FA002002F086FAC72002F083FA0020BB
:103A800002F080FAD12002F07DFA002002F07AFAEA
:103A9000D62002F077FA002002F074FADD2002F05E
:103AA00071FA002002F06EFAF32002F06BFA0020A7
:103AB00002F068FAE32002F071FA052002F062FADF
:103AC000002002F05FFA0A2002F05CFA002002F007
:103AD00059FA1C2002F056FA002002F053FA332063
:103AE00002F050FA002002F04DFA442002F04AFAA7
:103AF000002002F047FA502002F044FA002002F0C1
:103B000041FA622002F03EFA002002F03BFA7820EF
:103B100002F038FA002002F035FA882002F032FA7A
:103B2000002002F02FFA972002F02CFA002002F079
:103B300029FAA62002F026FA002002F023FAB72084
:103B400002F020FA002002F01DFAC22002F01AFA58
:103B5000002002F017FAC72002F014FA002002F049
:103B600011FAD12002F00EFA002002F00BFAD52053
:103B700002F008FA002002F005FADD2002F002FA55
:103B8000002002F0FFF9F32002F0FCF9002002F01F
:103B9000F9F9E42002F002FA012002F0F3F9002022
:103BA00002F0F0F9012002F0EDF9002002F0EAF94C
:103BB000022002F0E7F9002002F0E4F92A2002F0E6
:103BC000E1F9002002F0DEF93C2002F0DBF90020F0
:103BD00002F0D8F94B2002F0D5F9002002F0D2F91A
:103BE0005D2002F0CFF9002002F0CCF9742002F041
:103BF000C9F9002002F0C6F9842002F0C3F90020C0
:103C000002F0C0F9932002F0BDF9002002F0BAF9E9
:103C1000A22002F0B7F9002002F0B4F9B32002F0BC
:103C2000B1F9002002F0AEF9BE2002F0ABF900209D
:103C300002F0A8F9C42002F0A5F9002002F0A2F9D0
:103C4000CD2002F09FF9002002F09CF9D32002F071
:103C500099F9002002F096F9DD2002F093F9002096
:103C600002F090F9F32002F08DF9002002F08AF9B9
:103C7000E52002F093F9002002F084F9002002F020
:103C800081F9002002F07EF9002002F07BF9022089
:103C900002F078F9002002F075F9292002F072F99B
:103CA000002002F06FF93C2002F06CF9002002F0D5
:103CB00069F94B2002F066F9002002F063F95D20FB
:103CC00002F060F9002002F05DF9742002F05AF968
:103CD000002002F057F9842002F054F9002002F08D
:103CE00051F9932002F04EF9002002F04BF9A22086
:103CF00002F048F9002002F045F9B32002F042F941
:103D0000002002F03FF9BE2002F03CF9002002F052
:103D100039F9C42002F036F9002002F033F9CD2041
:103D200002F030F9002002F02DF9D32002F02AF938
:103D3000002002F027F9DC2002F024F9002002F034
:103D400021F9F32002F01EF9002002F01BF9E62011
:103D500002F024F9112002F015F9002002F012F906
:103D6000342002F00FF9002002F00CF9562002F086
:103D700009F9002002F006F9762002F003F900208C
:103D800002F000F9772002F0FDF8002002F0FAF8C6
:103D9000662002F0F7F8002002F0F4F8882002F024
:103DA000F1F8002002F0EEF8992002F0EBF8002084
:103DB00002F0E8F8BB2002F0E5F8002002F0E2F89B
:103DC000992002F0DFF8002002F0DCF8662002F013
:103DD000D9F8002002F0D6F8552002F0D3F80020E0
:103DE00002F0D0F8552002F0CDF8002002F0CAF819
:103DF000452002F0C7F8002002F0C4F8432002F08A
:103E0000C1F8002002F0BEF8442002F0BBF8002008
:103E100002F0B8F8E72002F0C1F8322002F0B2F860
:103E2000002002F0AFF8552002F0ACF8002002F0BC
:103E3000A9F8762002F0A6F8002002F0A3F8662088
:103E400002F0A0F8002002F09DF8672002F09AF836
:103E5000002002F097F8672002F094F8002002F0AA
:103E600091F8872002F08EF8002002F08BF899205C
:103E700002F088F8002002F085F8BB2002F082F8FA
:103E8000002002F07FF8992002F07CF8002002F078
:103E900079F8772002F076F8002002F073F84420D9
:103EA00002F070F8002002F06DF8562002F06AF877
:103EB000002002F067F8232002F064F8002002F0EE
:103EC00061F8332002F05EF8002002F05BF8452034
:103ED00002F058F8002002F055F8E82002F05EF8F1
:103EE000002002F04FF8002002F04CF8992002F078
:103EF00049F8002002F046F8872002F043F800203D
:103F000002F040F8882002F03DF8002002F03AF874
:103F1000772002F037F8002002F034F8662002F033
:103F200031F8002002F02EF8882002F02BF8002053
:103F300002F028F8AA2002F025F8002002F022F86A
:103F4000BB2002F01FF8002002F01CF8992002F0BC
:103F500019F8002002F016F8662002F013F800208D
:103F600002F010F8552002F00DF8002002F00AF8D7
:103F7000552002F007F8002002F004F8442002F077
:103F800001F8002001F0FEFF442001F0FBFF0020BB
:103F900001F0F8FF552001F0F5FF002001F0F2FFDD
:103FA000E92001F0FBFFAA2001F0ECFF002001F066
:103FB000E9FF002001F0E6FF002001F0E3FF002010
:103FC00001F0ECFFAA2001F0DDFFCF2001F0E6FFB9
:103FD000002001F0D7FF002001F0D4FF002001F005
:103FE000D1FF002001F0CEFF002001F0CBFF002028
:103FF00001F0C8FF002001F0C5FF002001F0C2FF62
:10400000002001F0BFFF002001F0BCFF002001F004
:10401000B9FF002001F0B6FF002001F0B3FF00203F
:1040200001F0B0FF002001F0ADFF002001F0AAFF79
:10403000002001F0A7FFF02001F0B0FF002001F008
:10404000A1FF502001F09EFF002001F09BFF002007
:1040500001F098FF002001F095FFF32001F09EFF92
:10406000002001F08FFFF92001F098FF062001F0F9
:1040700089FF102001F086FF292001F083FF002036
:1040800001F080FF3A2001F089FF552001F07AFF0E
:10409000112001F083FF6420FCF718FA292001F0B9
:1040A0007DFF352001F07AFF002001F06BFF5120E9
:1040B00001F074FFFF2001F065FF532001F06EFF57
:1040C0002C2001F05FFF552001F068FF822001F0F5
:1040D00059FF2C2001F062FF10BD10B555214FF49F
:1040E000704001F071FFAA214FF2010001F06CFF56
:1040F00052214FF2020001F067FF08214FF2030046
:1041000001F062FF01214FF2040001F05DFF0D217B
:104110004FF4304001F058FF0D214BF2010001F047
:1041200053FF0D214BF2020001F04EFF34214FF4FA
:10413000364001F049FF34214BF2016001F044FFA9
:1041400034214BF2026001F03FFF0D214FF431406A
:1041500001F03AFF0D214BF2011001F035FF0D2166
:104160004BF2021001F030FF34214FF4374001F0E0
:104170002BFF34214BF2017001F026FF34214BF26A
:10418000027001F021FF00214FF4324001F01CFFCA
:1041900000214BF2012001F017FF00214BF2022019
:1041A00001F012FF24214FF4384001F00DFF2421CB
:1041B0004BF6010001F008FF24214BF6020001F04C
:1041C00003FF01214FF43F4001F0FEFE0F214FF4A9
:1041D000334001F0F9FE0F214BF2013001F0F4FE03
:1041E0000F214BF2023001F0EFFE34214FF4394041
:1041F00001F0EAFE34214BF6011001F0E5FE342116
:104200004BF6021001F0E0FE08214FF4354001F0BA
:10421000DBFE08214BF2015001F0D6FE08214BF2E3
:10422000025001F0D1FE03214FF4424001F0CCFED8
:1042300024214FF43A4001F0C7FE24214BF601201F
:1042400001F0C2FE24214BF6022001F0BDFE002148
:104250004FF43C4001F0B8FE78214BF6014001F0EC
:10426000B3FE00214BF6024001F0AEFE00214FF4F8
:104270003D4001F0A9FE78214BF6015001F0A4FE6B
:1042800000214BF6025001F09FFE00214FF43E400A
:1042900001F09AFE64214BF6016001F095FE0021C9
:1042A0004FF4514001F090FE33214DF2011001F026
:1042B0008BFE00214DF2021001F086FE34214DF2FA
:1042C000031001F081FE00214DF2041001F07CFE8C
:1042D0003A214DF2051001F077FE00214DF2061053
:1042E00001F072FE4A214DF2071001F06DFE00212F
:1042F0004DF2081001F068FE5C214DF2091001F04A
:1043000063FE00214DF20A1001F05EFE81214DF2A4
:104310000B1001F059FE00214DF20C1001F054FE7B
:10432000A6214DF20D1001F04FFE00214DF20E10AE
:1043300001F04AFEE5214DF20F1001F045FE01218A
:104340004DF2101001F040FE13214DF2111001F05A
:104350003BFE01214DF2121001F036FE54214DF2C8
:10436000131001F031FE01214DF2141001F02CFE6A
:1043700082214DF2151001F027FE01214DF2161099
:1043800001F022FECA214DF2171001F01DFE02219C
:104390004DF2181001F018FE00214DF2191001F035
:1043A00013FE02214DF21A1001F00EFE01214DF212
:1043B0001B1001F009FE02214DF21C1001F004FE59
:1043C00034214DF21D1001F0FFFD02214DF21E10AF
:1043D00001F0FAFD67214DF21F1001F0F5FD0221F9
:1043E0004DF2201001F0F0FD84214DF2211001F07A
:1043F000EBFD02214DF2221001F0E6FDA4214DF269
:10440000231001F0E1FD02214DF2241001F0DCFD4A
:10441000B7214DF2251001F0D7FD02214DF22610F3
:1044200001F0D2FDCF214DF2271001F0CDFD022188
:104430004DF2281001F0C8FDDE214DF2291001F0E7
:10444000C3FD02214DF22A1001F0BEFDF2214DF212
:104450002B1001F0B9FD02214DF22C1001F0B4FD3A
:10446000FE214DF22D1001F0AFFD03214DF22E1073
:1044700001F0AAFD10214DF22F1001F0A5FD03213E
:104480004DF2301001F0A0FD33214DF2311001F05A
:104490009BFD03214DF2321001F096FD6D214DF28E
:1044A000331001F091FD00214FF4524001F08CFDDA
:1044B00033214DF2012001F087FD00214DF2022051
:1044C00001F082FD34214DF2032001F07DFD002139
:1044D0004DF2042001F078FD3A214DF2052001F063
:1044E00073FD00214DF2062001F06EFD4A214DF2D0
:1044F000072001F069FD00214DF2082001F064FD64
:104500005C214DF2092001F05FFD00214DF20A20EF
:1045100001F05AFD81214DF20B2001F055FD0021E3
:104520004DF20C2001F050FDA6214DF20D2001F0BE
:104530004BFD00214DF20E2001F046FDE5214DF22C
:104540000F2001F041FD01214DF2102001F03CFD52
:1045500013214DF2112001F037FD01214DF21220FF
:1045600001F032FD54214DF2132001F02DFD012107
:104570004DF2142001F028FD82214DF2152001F0AA
:1045800023FD01214DF2162001F01EFDCA214DF23E
:10459000172001F019FD02214DF2182001F014FD41
:1045A00000214DF2192001F00FFD02214DF21A20D9
:1045B00001F00AFD01214DF21B2001F005FD022151
:1045C0004DF21C2001F000FD34214DF21D2001F0C0
:1045D000FBFC02214DF21E2001F0F6FC67214DF29A
:1045E0001F2001F0F1FC02214DF2202001F0ECFC33
:1045F00084214DF2212001F0E7FC02214DF222201E
:1046000001F0E2FCA4214DF2232001F0DDFC0221A7
:104610004DF2242001F0D8FCB7214DF2252001F005
:10462000D3FC02214DF2262001F0CEFCCF214DF229
:10463000272001F0C9FC02214DF2282001F0C4FC22
:10464000DE214DF2292001F0BFFC02214DF22A208B
:1046500001F0BAFCF2214DF22B2001F0B5FC022151
:104660004DF22C2001F0B0FCFE214DF22D2001F086
:10467000ABFC03214DF22E2001F0A6FC10214DF2DF
:104680002F2001F0A1FC03214DF2302001F09CFC11
:1046900033214DF2312001F097FC03214DF23220FD
:1046A00001F092FC6D214DF2332001F08DFC0021D0
:1046B0004FF4534001F088FC33214DF2013001F0FA
:1046C00083FC00214DF2023001F07EFC34214DF2DA
:1046D000033001F079FC00214DF2043001F074FC4C
:1046E0003A214DF2053001F06FFC00214DF2063009
:1046F00001F06AFC4A214DF2073001F065FC00210F
:104700004DF2083001F060FC5C214DF2093001F0FF
:104710005BFC00214DF20A3001F056FC81214DF284
:104720000B3001F051FC00214DF20C3001F04CFC3B
:10473000A6214DF20D3001F047FC00214DF20E3064
:1047400001F042FCE5214DF20F3001F03DFC01216A
:104750004DF2103001F038FC13214DF2113001F010
:1047600033FC01214DF2123001F02EFC54214DF2A8
:10477000133001F029FC01214DF2143001F024FC2A
:1047800082214DF2153001F01FFC01214DF216304F
:1047900001F01AFCCA214DF2173001F015FC02217C
:1047A0004DF2183001F010FC00214DF2193001F0EB
:1047B0000BFC02214DF21A3001F006FC01214DF2F2
:1047C0001B3001F001FC02214DF21C3001F0FCFB1A
:1047D00034214DF21D3001F0F7FB02214DF21E3065
:1047E00001F0F2FB67214DF21F3001F0EDFB0221D9
:1047F0004DF2203001F0E8FB84214DF2213001F030
:10480000E3FB02214DF2223001F0DEFBA4214DF248
:10481000233001F0D9FB02214DF2243001F0D4FB0A
:10482000B7214DF2253001F0CFFB02214DF22630A9
:1048300001F0CAFBCF214DF2273001F0C5FB022168
:104840004DF2283001F0C0FBDE214DF2293001F09D
:10485000BBFB02214DF22A3001F0B6FBF2214DF2F2
:104860002B3001F0B1FB02214DF22C3001F0ACFBFA
:10487000FE214DF22D3001F0A7FB03214DF22E3029
:1048800001F0A2FB10214DF22F3001F09DFB03211E
:104890004DF2303001F098FB33214DF2313001F010
:1048A00093FB03214DF2323001F08EFB6D214DF26E
:1048B000333001F089FB00214FF4544001F084FBB8
:1048C00033214DF2014001F07FFB00214DF2024007
:1048D00001F07AFB34214DF2034001F075FB002119
:1048E0004DF2044001F070FB3A214DF2054001F019
:1048F0006BFB00214DF2064001F066FB4A214DF2B0
:10490000074001F061FB00214DF2084001F05CFB23
:104910005C214DF2094001F057FB00214DF20A40A5
:1049200001F052FB81214DF20B4001F04DFB0021C3
:104930004DF20C4001F048FBA6214DF20D4001F074
:1049400043FB00214DF20E4001F03EFBE5214DF20C
:104950000F4001F039FB01214DF2104001F034FB12
:1049600013214DF2114001F02FFB01214DF21240B5
:1049700001F02AFB54214DF2134001F025FB0121E7
:104980004DF2144001F020FB82214DF2154001F060
:104990001BFB01214DF2164001F016FBCA214DF21E
:1049A000174001F011FB02214DF2184001F00CFB01
:1049B00000214DF2194001F007FB02214DF21A408F
:1049C00001F002FB01214DF21B4001F0FDFA022132
:1049D0004DF21C4001F0F8FA34214DF21D4001F077
:1049E000F3FA02214DF21E4001F0EEFA67214DF27A
:1049F0001F4001F0E9FA02214DF2204001F0E4FAF3
:104A000084214DF2214001F0DFFA02214DF22240D3
:104A100001F0DAFAA4214DF2234001F0D5FA022187
:104A20004DF2244001F0D0FAB7214DF2254001F0BB
:104A3000CBFA02214DF2264001F0C6FACF214DF209
:104A4000274001F0C1FA02214DF2284001F0BCFAE2
:104A5000DE214DF2294001F0B7FA02214DF22A4041
:104A600001F0B2FAF2214DF22B4001F0ADFA022131
:104A70004DF22C4001F0A8FAFE214DF22D4001F03C
:104A8000A3FA03214DF22E4001F09EFA10214DF2BF
:104A90002F4001F099FA03214DF2304001F094FAD1
:104AA00033214DF2314001F08FFA03214DF23240B3
:104AB00001F08AFA6D214DF2334001F085FA0021B0
:104AC0004FF4554001F080FA33214DF2015001F0CE
:104AD0007BFA00214DF2025001F076FA34214DF2BA
:104AE000035001F071FA00214DF2045001F06CFA0C
:104AF0003A214DF2055001F067FA00214DF20650BF
:104B000001F062FA4A214DF2075001F05DFA0021EE
:104B10004DF2085001F058FA5C214DF2095001F0B5
:104B200053FA00214DF20A5001F04EFA81214DF264
:104B30000B5001F049FA00214DF20C5001F044FAFB
:104B4000A6214DF20D5001F03FFA00214DF20E501A
:104B500001F03AFAE5214DF20F5001F035FA01214A
:104B60004DF2105001F030FA13214DF2115001F0C6
:104B70002BFA01214DF2125001F026FA54214DF288
:104B8000135001F021FA01214DF2145001F01CFAEA
:104B900082214DF2155001F017FA01214DF2165005
:104BA00001F012FACA214DF2175001F00DFA02215C
:104BB0004DF2185001F008FA00214DF2195001F0A1
:104BC00003FA02214DF21A5001F0FEF901214DF2D3
:104BD0001B5001F0F9F902214DF21C5001F0F4F9DB
:104BE00034214DF21D5001F0EFF902214DF21E501B
:104BF00001F0EAF967214DF21F5001F0E5F90221B9
:104C00004DF2205001F0E0F984214DF2215001F0E5
:104C1000DBF902214DF2225001F0D6F9A4214DF228
:104C2000235001F0D1F902214DF2245001F0CCF9CA
:104C3000B7214DF2255001F0C7F902214DF226505F
:104C400001F0C2F9CF214DF2275001F0BDF9022148
:104C50004DF2285001F0B8F9DE214DF2295001F053
:104C6000B3F902214DF22A5001F0AEF9F2214DF2D2
:104C70002B5001F0A9F902214DF22C5001F0A4F9BA
:104C8000FE214DF22D5001F09FF903214DF22E50DF
:104C900001F09AF910214DF22F5001F095F90321FE
:104CA0004DF2305001F090F933214DF2315001F0C6
:104CB0008BF903214DF2325001F086F96D214DF24E
:104CC000335001F081F900214FF4564001F07CF996
:104CD00033214DF2016001F077F900214DF20260BD
:104CE00001F072F934214DF2036001F06DF90021F9
:104CF0004DF2046001F068F93A214DF2056001F0CF
:104D000063F900214DF2066001F05EF94A214DF28F
:104D1000076001F059F900214DF2086001F054F9E3
:104D20005C214DF2096001F04FF900214DF20A605B
:104D300001F04AF981214DF20B6001F045F90021A3
:104D40004DF20C6001F040F9A6214DF20D6001F02A
:104D50003BF900214DF20E6001F036F9E5214DF2EC
:104D60000F6001F031F901214DF2106001F02CF9D2
:104D700013214DF2116001F027F901214DF212606B
:104D800001F022F954214DF2136001F01DF90121C7
:104D90004DF2146001F018F982214DF2156001F016
:104DA00013F901214DF2166001F00EF9CA214DF2FE
:104DB000176001F009F902214DF2186001F004F9C1
:104DC00000214DF2196001F0FFF802214DF21A6046
:104DD00001F0FAF801214DF21B6001F0F5F8022113
:104DE0004DF21C6001F0F0F834214DF21D6001F02D
:104DF000EBF802214DF21E6001F0E6F867214DF25A
:104E00001F6001F0E1F802214DF2206001F0DCF8B2
:104E100084214DF2216001F0D7F802214DF2226089
:104E200001F0D2F8A4214DF2236001F0CDF8022167
:104E30004DF2246001F0C8F8B7214DF2256001F071
:104E4000C3F802214DF2266001F0BEF8CF214DF2E9
:104E5000276001F0B9F802214DF2286001F0B4F8A2
:104E6000DE214DF2296001F0AFF802214DF22A60F7
:104E700001F0AAF8F2214DF22B6001F0A5F8022111
:104E80004DF22C6001F0A0F8FE214DF22D6001F0F2
:104E90009BF803214DF22E6001F096F810214DF29F
:104EA0002F6001F091F803214DF2306001F08CF891
:104EB00033214DF2316001F087F803214DF2326069
:104EC00001F082F86D214DF2336001F07DF855213B
:104ED0004FF4704001F078F8AA214FF2010001F080
:104EE00073F852214FF2020001F06EF808214FF2E0
:104EF000030001F069F800214FF2040001F064F8AA
:104F0000CC214FF4314001F05FF800214BF2011049
:104F100001F05AF805214FF4364001F055F87021A0
:104F20004FF4374001F050F870214BF2017001F05E
:104F30004BF801214FF4384001F046F803214BF6BD
:104F4000010001F041F803214BF6020001F03CF8AA
:104F500003214BF6030001F037F802214FF43C40E7
:104F600001F032F800214BF6014001F02DF800214C
:104F70004BF6024001F028F8D0214FF4494001F0EF
:104F800023F802214CF6011001F01EF850214CF6D6
:104F9000021001F019F850214CF6031001F014F83A
:104FA00050214CF6041001F00FF800214FF454503A
:104FB00001F00AF855214FF4685001F005F84FF45C
:104FC000885000F0EBFF7820FBF7B2FA4FF4245042
:104FD00000F0E4FF10BD10B5E22000F0DFFF1D205F
:104FE00000F0D0FF022000F0CDFF042000F0CAFF47
:104FF0006420FBF79DFAE02000F0D0FF012000F0D4
:10500000C1FF0A20FBF762FAE02000F0C7FF03208F
:1050100000F0B8FF0C20FBF759FA012000F0BEFFAA
:105020000A20FBF753FAE62000F0B8FF2F2000F02B
:10503000A9FFFF2000F0A6FFFF2000F0A3FFB02093
:1050400000F0ACFF202000F09DFF002000F09AFF50
:10505000032000F097FF40F21F3000F093FF012083
:1050600000F090FF40F2DF1000F08CFF002000F015
:1050700089FFB42000F092FF042000F083FF40F28B
:105080001F4000F07FFF002000F07CFF2E2000F08A
:1050900079FF002000F076FF002000F073FF002071
:1050A00000F070FF002000F06DFFB62000F076FFEA
:1050B000022000F067FF4FF4037000F063FF002050
:1050C00000F060FF172000F05DFF152000F05AFF90
:1050D000002000F057FF002000F054FFF02000F007
:1050E0005DFF032000F04EFF292000F057FFD02085
:1050F00000F054FF002000F045FFBE2000F04EFFFE
:10510000052000F03FFFFE2000F03CFF012000F0F2
:1051100039FF002000F036FF002000F033FF0020B0
:1051200000F030FFB82000F039FF032000F02AFF24
:10513000012000F027FFBA2000F030FF012000F02E
:1051400021FF10BD10B5112000F028FF7820FBF7DB
:10515000BDF9362000F022FF002000F013FF3A20B6
:1051600000F01CFF052000F00DFFB22000F016FF3C
:105170000C2000F007FF0C2000F004FF002000F0DE
:1051800001FF332000F0FEFE332000F0FBFEB720CD
:1051900000F004FF352000F0F5FEBB2000F0FEFE1D
:1051A000322000F0EFFEC02000F0F8FE0C2000F0EE
:1051B000E9FEC22000F0F2FE012000F0E3FEC32071
:1051C00000F0ECFE102000F0DDFEC42000F0E6FE52
:1051D000202000F0D7FEC62000F0E0FE0F2000F0F7
:1051E000D1FED02000F0DAFEA42000F0CBFEA120FA
:1051F00000F0C8FEE02000F0D1FED02000F0C2FE9A
:10520000002000F0BFFE022000F0BCFE072000F0EE
:10521000B9FE0A2000F0B6FE282000F0B3FE3220CE
:1052200000F0B0FE442000F0ADFE422000F0AAFEE7
:10523000062000F0A7FE0E2000F0A4FE122000F0D1
:10524000A1FE142000F09EFE172000F09BFEE1203E
:1052500000F0A4FED02000F095FE002000F092FEA9
:10526000022000F08FFE072000F08CFE0A2000F0E4
:1052700089FE282000F086FE312000F083FE5420B5
:1052800000F080FE472000F07DFE0E2000F07AFE48
:105290001C2000F077FE172000F074FE1B2000F0A9
:1052A00071FE1E2000F06EFE2A2000F077FE002026
:1052B00000F068FE002000F065FE002000F062FEB5
:1052C000EF2000F05FFE2B2000F068FE002000F0D1
:1052D00059FE002000F056FE012000F053FE3F2052
:1052E00000F050FE292000F059FE10BD10B511202D
:1052F00000F054FE7820FBF7E9F8362000F04EFE6F
:10530000482000F03FFE3A2000F048FE552000F013
:1053100039FEF02000F042FEC32000F033FEF02002
:1053200000F03CFE962000F02DFEB42000F036FE8A
:10533000012000F027FEB62000F030FE0A2000F029
:1053400021FEA22000F01EFEB72000F027FEC6209E
:1053500000F018FEB92000F021FE022000F012FE3D
:10536000E02000F00FFEC02000F018FE802000F0CA
:1053700009FE162000F006FEC12000F00FFE1920E5
:1053800000F000FEC22000F009FEA72000F0FAFDA8
:10539000C52000F003FE162000F0F4FDE82000F028
:1053A000FDFD402000F0EEFD8A2000F0EBFD002026
:1053B00000F0E8FD002000F0E5FD292000F0E2FD0E
:1053C000192000F0DFFDA52000F0DCFD332000F007
:1053D000D9FDE02000F0E2FDF02000F0D3FD072031
:1053E00000F0D0FD0D2000F0CDFD042000F0CAFD3E
:1053F000052000F0C7FD142000F0C4FD362000F0A9
:10540000C1FD542000F0BEFD4C2000F0BBFD382053
:1054100000F0B8FD132000F0B5FD142000F0B2FD3F
:105420002E2000F0AFFD342000F0ACFDE12000F0B4
:10543000B5FDF02000F0A6FD102000F0A3FD142023
:1054400000F0A0FD0E2000F09DFD0C2000F09AFD64
:10545000082000F097FD352000F094FD442000F076
:1054600091FD4C2000F08EFD262000F08BFD1020D9
:1054700000F088FD122000F085FD2C2000F082FD58
:10548000322000F07FFDF02000F088FD3C2000F08D
:1054900079FDF02000F082FD692000F073FD782096
:1054A000FBF714F8212000F079FD292000F076FDAB
:1054B00010BD00002DE9F04F05460E4617469846F0
:1054C000DDF824A04FF0000B781B401C1FFA80FB76
:1054D000344613E02146284600F0C6FB00F06AFD82
:1054E0004FF0000906E00749A1F800A009F101000A
:1054F0001FFA80F9D945F6DB601C84B24445E9DD2A
:10550000BDE8F08F0000106000B595B000BF00BF8F
:10551000F948006840F00800F7490860084600684C
:1055200000F00800019000BF00BF00BF00BF00BF37
:105530000846006840F0080008600846006800F06F
:105540000800019000BF00BF00BF00BF00BF0846B9
:10555000006840F0080008600846006800F0080095
:10556000019000BF00BF00BF00BF00BF0846006839
:1055700040F0100008600846006800F0100001903C
:1055800000BF00BF00BF00BF00BF0846006840F07A
:10559000020008600846006800F00200019000BFA9
:1055A00000BF00BF802010900220119001201290B7
:1055B000032013900C20149010A9D048FAF772FF22
:1055C0002020109010A9CD48FAF76CFF1020109001
:1055D00010A9CA48FAF766FF0820109010A9C84819
:1055E000FAF760FF202010900120119010A9C54803
:1055F000FAF758FFC448C5490860C548486000200C
:1056000088600021C148C160016110214161002111
:105610008161C16101624FF4805141620021816268
:105620004FF48041C1620021016341634FF4801156
:1056300081630F20099000200A904E200B900020DB
:105640000F900F200290002003900F200490002064
:10565000089002AA09A9AD48FBF72AF83220FAF708
:1056600035FFD32000F09AFC00F0D4F9A9498880D6
:1056700000F0D0F9A749888000F0CCF9A5498880CE
:10568000084680884FF6FF7101EA0020A149888012
:1056900000F0C0F99F49898808439E4988800846E0
:1056A000808849F2413188427ED0042000F076FCA7
:1056B00000F0B0F99749888000F0ACF995498880EE
:1056C00000F0A8F993498880084680884FF6FF715A
:1056D00001EA00208F49888000F09CF98D49898873
:1056E00008438C4988800846808848F25251884295
:1056F00003D147F28970874988808648808847F2BD
:1057000089718842D0D0D42000F048FC00F082F9A2
:105710008049888000F07EF97E49888000F07AF91F
:105720007C498880084680884FF6FF7101EA002096
:105730007849888000F06EF9764989880843754970
:1057400088800846808845F210318842ACD0D3204A
:1057500000F024FC00F05EF96E49888000F05AF9F0
:105760006C49888000F056F96A498880084680882C
:105770004FF6FF7101EA00206649888000F04AF97F
:10578000644989880843634988800846808847F2CD
:105790009671884288D055214FF4704000F014FC77
:1057A000AA214FF2010000E07CE000F00DFC522144
:1057B0004FF2020000F008FC08214FF2030000F055
:1057C00003FC01214FF2040000F0FEFB4FF44540C2
:1057D00000F0E4FB00F01EF94E49888008468088FE
:1057E0004FF6FF7101EA00204A4988804CF20150CF
:1057F00000F0D4FB00F00EF946498988084345497A
:1058000088800520FAF762FE4248808845F21051F0
:10581000884247D0D32000F0C1FB00F0FBF83D499F
:10582000888000F0F7F83B49888000F0F3F83949A8
:105830008880084680884FF6FF7101EA00203549CC
:10584000888000F0E7F83349898808433149888027
:105850000846808849F60601884223D0A12000F03E
:105860009DFB00F0D7F82B49888000F0D3F8294938
:105870008880084680884FF6FF7101EA002025499C
:10588000888000F0C7F82349898808432149888027
:105890000846808845F26171884203D141F6631061
:1058A0001C4988801B4881881BA0FAF7BBFB19485C
:1058B000808847F28971884202D1FFF743FC4EE0AD
:1058C0001448808849F24131884202D1FDF7D6F967
:1058D00045E01048808845F21031884202D1FDF73A
:1058E00083FC3CE00B48808847F29671884219D1CE
:1058F000FFF7FCFC33E00000E0440258000C0258C3
:10590000001002580004025800400052080300240E
:1059100004410052540300244C43442049443A2596
:10592000780D0A003548808845F21051884202D12E
:10593000FEF7D3FB13E03148808849F60601884220
:1059400002D1FDF7B1FA0AE02C48808841F66311D4
:10595000884204D1FFF73FFB642000F0EBFA2748B0
:10596000808847F2897188420BD02448808847F2AA
:105970009671884205D02148808849F60601884200
:105980000AD10520029004901D49CB6A8A684868B4
:1059900002A9FAF7EBFD21E01848808849F241316D
:1059A000884211D01548808841F6631188420BD097
:1059B0001248808845F21031884205D00F4880880F
:1059C00045F21051884209D10320029004900C49FD
:1059D000CB6A8A68486802A9FAF7C8FD0020FDF77B
:1059E00087F800BF012220210648FAF76AFD00BFB0
:1059F0004FF6FF70FDF762F815B000BD54030024A8
:105A0000080300240004025800BF011EA0F1010099
:105A1000FBD1704708B50220FFF7F6FF0248008867
:105A20000090BDF8000008BD00001060F0B505460C
:105A3000002400278B488079012805D18948808877
:105A400041F66311884208D186488079F0B98548CB
:105A5000808841F66311884218D1082D15D2DFE8FD
:105A600005F00406080A0C0E101206250DE00725A5
:105A70000BE0042509E0052507E0012505E00025E8
:105A800003E0032501E0022500BF00BF082D1CD262
:105A9000DFE805F00406090C0F12151800BF14E02A
:105AA00044F0800411E044F040040EE044F0C004EF
:105AB0000BE044F0200408E044F0600405E044F00A
:105AC000A00402E044F0E00400BF00BF36276548B0
:105AD000808845F21051884200D13F026148808899
:105AE00049F2413188420BD05E48808847F2897183
:105AF000884205D05B48808847F29671884201D180
:105B000044F008042146384600F05EFA5548808883
:105B100041F6631188421DD004F0200068B151485D
:105B2000008850494988884214DA4E4806884088DF
:105B30004C490880084646800CE04A48008849499C
:105B40004988884206DD47480688408845490880DC
:105B5000084646804348808845F21051884252D119
:105B60004049488900F01AFA002000F00BFA3D493C
:105B70004989491C88B200F011FA002000F002FAAD
:105B800038494989891C88B200F008FA35490988E2
:105B9000491EC1F30F2000F0F5F932494989C91CAB
:105BA00088B200F0FBF92F490978491EC8B200F00D
:105BB000E9F92C49888900F0F1F9002000F0E2F9B8
:105BC00028498989491C88B200F0E8F9002000F0D2
:105BD000D9F924498989891C88B200F0DFF9214963
:105BE0004988491EC1F30F2000F0CCF91D4989896D
:105BF000C91C88B200F0D2F91A498978491EC8B286
:105C000000F0C0F92DE01749488900F0C7F90020DD
:105C100000F0B8F9002000F0B5F912490988491ED2
:105C2000C1F30F2000F0AEF90E490978491EC8B241
:105C300000F0A8F90B49888900F0B0F9002000F0C5
:105C4000A1F9002000F09EF906494988491EC1F3D8
:105C50000F2000F097F903498978491EC8B200F077
:105C600091F9F0BD5403002410B502460C46454896
:105C7000808841F66311884247D142488079A8B9AB
:105C800040480088401E801A82B23E49488900F090
:105C900085F9002000F076F9002000F073F9101269
:105CA00000F070F9D0B200F06DF916E0354948897E
:105CB00000F074F9101200F065F9D0B200F062F94A
:105CC00030490988491EC1F30F2000F05BF92D49C6
:105CD0000978491EC8B200F055F92A49888900F0B0
:105CE0005DF9201200F04EF9E0B200F04BF92549C1
:105CF0004988491EC1F30F2000F044F921498978F1
:105D0000491EC8B200F03EF93AE01E48808845F2CC
:105D10001051884220D11B49488900F03FF91012E8
:105D200000F030F917494989491C88B200F036F96A
:105D3000D0B200F027F91349888900F02FF920121A
:105D400000F020F90F498989491C88B200F026F932
:105D5000E0B200F017F913E00A49488900F01EF993
:105D6000101200F00FF9D0B200F00CF90549888943
:105D700000F014F9201200F005F9E0B200F002F989
:105D800010BD0000540300242DE9FC4F80460E4650
:105D900015461C46B3460020019000902046E317AC
:105DA00004EB5373DB1021464FEAE47C04EB5C7C8C
:105DB0004FEAEC0CA4EBCC0CBCF1000F02D04FF07E
:105DC000010C01E04FF0000C6344224604EBD27C4E
:105DD0004FEA6C0C03FB0CF3DBB20193A5F120003E
:105DE000C5B20C2C06D0102C0BD0182C0ED0202CA9
:105DF00018D112E005EB45002D4901EB8000009021
:105E000012E02C4800EB051000900DE005EBC500FA
:105E1000294901EB8000009006E0284800EBC510FE
:105E2000009001E0BDE8FC8F00BF00273AE0009839
:105E300010F807904FF0000A2EE009F0800028B11A
:105E4000314640460C9AFCF709FF07E00B9828B949
:105E50001B48314602684046FCF700FF4FEA4960A4
:105E60004FEA1069701C86B216484088B04200DCC8
:105E7000D8E7A6EB0B00A0420AD15E4608F101006C
:105E80001FFA80F80F480088404500DCCAE706E0AA
:105E90000AF1010000F0FF0ABAF1080FCDDB00BFE4
:105EA000781CC7B201988742C1DB00BFBAE7000087
:105EB0006C750090E0790090D07F00902C8D009060
:105EC00038000024540300242DE9FC4F04460D46FD
:105ED00090469946DDE90C7A0B9E04F0FF0B08EB27
:105EE00004001FFA80F809EB05001FFA80F917E09B
:105EF000444502DB5C46A81985B24D4500DB15E040
:105F00000020CDE9000A3A78334629462046FFF7BB
:105F10003BFF304606EBD07104EB61018CB27F1C75
:105F200038787E2802DC38782028E1DA00BFBDE826
:105F3000FC8F000000B50246BE2000F02FF80520BF
:105F400000F020F800EE102AB8EE400B9FED0B1B7E
:105F500020EE010BBCEEC00B10EE101A88B200F060
:105F600011F8012000F00EF8FF2000F00BF80020DF
:105F700000F008F8002000F005F800BD66666666CF
:105F80006666044001B5BDF800000090BDF8000051
:105F90000149088008BD00000000106001B5BDF88F
:105FA00000000090BDF800000149088008BD000015
:105FB000FEFF0F6002480089024908807047000018
:105FC00054030024FEFF0F60024A1080921C1180CF
:105FD00070470000FEFF0F6000B587B000BF00BF34
:105FE0002C48006840F002002A4908600846006812
:105FF00000F00200019000BF00BF00BF00BF00BF63
:106000000846006840F0100008600846006800F08C
:106010001000019000BF00BF00BF00BF00BF0846D6
:10602000006840F0100008600846006800F01000AA
:10603000019000BF00BF00BF10200290012003901C
:106040000490059002A91448FAF72CFA4020029017
:1060500002A91248FAF726FA2020029002A90F4856
:10606000FAF720FA00BF012210210B48FAF729FAAB
:1060700000BF00BF012240210848FAF722FA00BF02
:1060800000BF012220210548FAF71BFA00BF07B024
:1060900000BD0000E04402580004025800100258FD
:1060A0001FB5012000220323CDE9012000930390B6
:1060B000134602461021400700F04FF8012000224D
:1060C0000323CDE9012000930390134602221221FD
:1060D000480600F042F8012000220323CDE9012008
:1060E00000930390134603221221100700F035F8A5
:1060F000012000220323CDE90120009303901346E1
:1061000004220F214FF0605000F027F800200323F5
:10611000CDE90030029003460522192103904FF08B
:10612000C04000F01AF8012000220323CDE901202D
:1061300000930390134606221921500700F00DF832
:1061400000200323CDE900300290012307221B2108
:106150000390C80700F001F81FBD2DE9FF5F04465A
:106160000D4616461F46DDE910ABDDE90E89FAF74C
:10617000E4F901208DF80000F0B28DF801000194DF
:10618000E8B28DF8080000208DF809008DF80A00AB
:106190008DF80B808DF80C708DF80D908DF80EA099
:1061A0008DF80FB06846FAF7CDF90420FAF7CFF969
:1061B000002004B0BDE8F09F2DE9F04104460E46F2
:1061C0001548005D38B914483038016820468847C2
:1061D0000120BDE8F081114850F82400B04219D9DF
:1061E0000F4850F82400B6FBF0F10B48143850F873
:1061F000240030F81120002508E000230648143858
:1062000050F824004F1920F817306D1C9542F4DB2C
:106210000020DEE70220DCE76C000024D4BC009004
:10622000C0BC009030B504460225084951F824103E
:1062300001FB05F2064951F82400002100F07EF828
:10624000012103481430015530BD0000ACBC009062
:10625000580000242DE9F04704460F460025A946C2
:106260002348005D20B9224830380168204688471D
:106270001FB94FF0FF30BDE8F0871E4850F82400EA
:10628000B7FBF0F61B4850F82400B7FBF0F100FB19
:10629000117000B1761C184850F82400451E22E009
:1062A0001348143850F8240030F8150010B909F1DB
:1062B000010901E04FF00009B14513D14FF000088A
:1062C00009E00B48143850F8240005EB080220F8C8
:1062D000126008F10108B045F3D3064850F82400D5
:1062E0006843C8E76D1E002DDADA4FF0FF30C2E7D1
:1062F0006C000024C0BC0090ACBC009010B50146FE
:106300000023002207E00B4850F8210030F812006B
:1063100000B15B1C521C084850F821009042F2D892
:106320004FF47A705843044C54F82140B0FBF4F019
:1063300080B210BD58000024ACBC009030B50346BC
:1063400001E003F8011B141EA2F10102F9D130BDD6
:1063500070B505460C4604B970BD054850F82500D7
:10636000261A31462846FFF727FF00BFF4E7000052
:106370004400002470B504460E4631462046FFF71F
:1063800069FF0546681C08B9002070BD024850F836
:1063900024002844F9E7000044000024014608686E
:1063A0007047000030B595B0054613AB12AA09A995
:1063B000284600F03FFA044614B1204615B030BD1F
:1063C0000020149026E0224909689DF8502001EB36
:1063D000C20113AB11AA486801A900F02BFA0446C8
:1063E0000CB12046EAE709A901A800F0AFFC60B9AA
:1063F0009DF844009DF84810884201DD0220DDE749
:106400009DF85000124988750AE09DF85000401C24
:10641000C0B214900E48007D9DF850108842D2DC26
:1064200000BF0B48007D9DF85010884201D1042028
:10643000C4E714A9284600F0DDFA04460CB1204652
:10644000BCE79DF85000024948750020B6E70000FF
:10645000C00000242DE9F0419AB09C48847D007D65
:10646000A04202DC1AB0BDE8F0819849096801EB4E
:10647000C40106AB07AA486808A900F0DBF908A91F
:1064800093A0F9F7CFFD002644E09048008B01214E
:10649000B1400840D8B122218FA0F9F7C3FD3046A2
:1064A00000F042FB89492431471839468BA0F9F79F
:1064B000B9FD222188A0F9F7B5FD304600F034FB84
:1064C00082492431084410A941F8260018E03046DA
:1064D00000F02AFB7D492431085810A941F8260014
:1064E0007A48C07D30B910A850F826107CA0F9F782
:1064F00099FD05E010A850F826107AA0F9F792FD52
:106500009DF81C00401EB04202D078A0F9F78AFD29
:10651000701CC6B29DF81C008642B6DB74A0F9F769
:1065200081FD01F007F86948407D0B280DD2DFE8B6
:1065300000F0060D151E27323F4E5F72870063493B
:10654000096851F834008047054690E05F4A1268B8
:1065500052F8341010988847054688E05B4B1B685A
:1065600053F83420DDE91001904705467FE0574F8E
:106570003F6857F8343010A807C89847054676E0BA
:10658000DFF848C1DCF800C05CF8347010A80FC810
:10659000B84705466BE01498DFF830C10090DCF88E
:1065A00000C05CF8347010A80FC8B84705465EE01C
:1065B000DDE91401DFF814C1CDE90001DCF800C009
:1065C0005CF8347010A80FC8B84705464FE0DDE905
:1065D00014121698DFF8F4C0CDE900120290DCF82E
:1065E00000C05CF8347010A80FC8B84705463EE0FC
:1065F000DDE91423DDE91610DFF8D0C0CDE9002372
:10660000CDE90210DCF800C05CF8347010A80FC8A7
:10661000B84705462BE0DDE91523DDE91710CDE984
:106620000123CDE903101498DFF8A0C00090DCF836
:1066300000C05CF8347010A80FC8B847054616E0D3
:10664000DDE91623DDE91810CDE90223CDE90410B8
:10665000DDE91401DFF874C0CDE90001DCF800C009
:106660005CF8347010A80FC8B847054600BF00BFDB
:1066700000F00EFF9DF8180001280CD11348C07DD2
:1066800020B929461BA0F9F7CDFC07E029461BA03D
:10669000F9F7C8FC02E018A0F9F7C4FC0B4890F821
:1066A000EC0088B10948D0F8F0000A21B0FBF1F203
:1066B00001FB12070548D0F8F000B0FBF1F83A46AC
:1066C000414611A0F9F7AEFC00BFCBE6C0000024A4
:1066D0000D0A2573280000002563000025730000C3
:1066E000256C640030582558000000002C00000084
:1066F000290000003D256C753B0D0A003D305825F2
:10670000583B0D0A0000000046756E6374696F6E99
:106710002052756E2054696D653A25642E253164CA
:106720006D730D0A00000000F0B503461546002009
:106730000022002600245BE01F782C2F01D104B931
:1067400001221F78292F01D01F780FB904B950E01A
:10675000002E3AD11F78302F02DB1F78392F17DD3A
:106760001F782D2F14D01F782B2F11D01F78612F59
:1067700002DB1F78662F0BDD1F78412F02DB1F78AD
:10678000462F05DD1F78582F02D01F78782F0CD1A7
:1067900002B12EE01F78612F03DB1F78203F0F70BE
:1067A00001E01F780F70491C1FE01F78222F04D1D1
:1067B00002B11EE00126012417E01F78202F14D01B
:1067C0001F782C2F11D0FF2613E01F78222F00D125
:1067D000002402B10DE044B11F785C2F02D15B1C94
:1067E000471CF8B21F780F70491C471CF8B25B1C9D
:1067F000A2E700BF00270F702E70F0BD10B5044651
:10680000002010700BE020780870641C491C107880
:10681000401C10701078984201DB012010BD2078D8
:10682000202802D020780028EDD10020087000BF79
:10683000F4E700002DE9FF4F85B080468946002728
:10684000002004900390012002904FF0000B0025DF
:1068500044461DE02078202816D005F07F0005284A
:1068600012DA0DB945F0800505F07F00042803D148
:1068700020782A2800D00EE0207805F07F010DF85E
:106880000100681CC5B202E0852D00D103E0641C44
:1068900020780028DED100BF8DB1002005F07F01F7
:1068A0000DF8010051A1684600F050FA18B9002116
:1068B0000898017002E001210898017000254FF04E
:1068C000000A444614E0641C0AF1010000F0FF0ACB
:1068D0002078202802D020782A2809D1204600F0EC
:1068E000A7F90646282E03D02A2E01D0CDF810A0F5
:1068F0002078282802D020780028E4D14446049843
:1069000010B10498401C04444FF0000A002654E0E3
:10691000207810B94FF0010A50E02078282803D1E0
:1069200016B9781CC7B213E02078292808D13EB9DF
:1069300017B1781EC7B201E04FF0010A47B93DE038
:106940002078222804D10EB9012000E0002006465C
:1069500047B9207820282FD0207889F8000009F145
:10696000010929E020782C2804D101200290681C1C
:10697000C5B214E02078202811D0207828280ED025
:106980004DB9BBF1050F06DA20780DF80B000BF1BD
:10699000010000F0FF0B0298401CC0B20290012FD2
:1069A0000AD10298022807D10298401CC0B2029076
:1069B0000398401CC0B20390641CA9E700BF039871
:1069C000012809D100200DF80B0008A1684600F04D
:1069D000BDF908B9002003900799039808700020BA
:1069E00089F80000504609B0BDE8F08F766F696401
:1069F000000000002DE9F043B5B005460F46002425
:106A0000002604E000213D488155701CC6B20A2EC4
:106A1000F8DB06E06D1C287818B9012035B0BDE818
:106A2000F08328782828F5D16D1C61E034AA6946E6
:106A30002846FFF779FE064635449DF8D00020B180
:106A4000012827D0FF284CD149E09DF8000000B371
:106A500033A9684600F0F7F806460EB10220DDE7DC
:106A6000204600F061F825490A31339A0A50A1F115
:106A70002400008B0121A140884320491A39088352
:106A800004211E480155601CC4B20A2C01DD0320FC
:106A9000C4E726E0684600F075F9401C00F0FF08E6
:106AA000204600F041F815490A3100EB010949463A
:106AB000684600F05CF911481A38018B0120A040AB
:106AC000014388B20D491A3908830C4800F8048044
:106AD000601CC4B20A2C01DD03209FE701E0022004
:106AE0009CE700BF2878292801D0287800B900E069
:106AF0009CE700BF3C70002090E70000DA00002413
:106B00000020074A128802F400423AB1044A117880
:106B10000022044B5A541846014B1A80704700005B
:106B200024000024B401002402460020002105E0D6
:106B3000044B5B5C0344D8B24B1CD9B29142F7DBE7
:106B400070470000DA00002410B5044604EBC400CE
:106B500000EB04100122C2EB800081B24FF47A7086
:106B600000F0B8FC01200149C87510BDC000002428
:106B700010B50246012000E050430B1EA1F10104B4
:106B8000E1B2F9D110BD000070B50026FFF7B8FFE3
:106B9000064606B970BD17488168304688470446E6
:106BA0001CB91449C868804721E0304600F0F6F867
:106BB0000546012D00D02C46CCB1012C06D0022C6C
:106BC00008D0032C0AD0042C10D10BE00AA0F9F74E
:106BD00029FA0BE00BA0F9F725FA07E00CA0F9F76A
:106BE00021FA03E00DA0F9F71DFA00BF00BF00BFB6
:106BF000D0E70000C0000024BAAFCAFDB4EDCEF368
:106C0000210D0A00B2CECAFDB4EDCEF3210D0A006B
:106C1000B2CECAFDCCABB6E0210D0A00CEB4D5D2BF
:106C2000B5BDC6A5C5E4B5C4BAAFCAFD210D0A00FD
:106C30000146491C00E0491C0878202801D10029A0
:106C4000F9D1087870472DE9F04F05460F46002628
:106C50004FF00A09B3462C460020386034E0207813
:106C6000392802DC2078302811DA28782D2802D043
:106C700028782B2800D156B12078462802DC2078CD
:106C8000412804DA2078582817D1012E15D1207810
:106C9000412801DB4FF0100928782D2803D14FF04F
:106CA000020B6D1C0FE028782B2803D14FF0010B4D
:106CB0006D1C08E0701CC6B205E0207800B904E045
:106CC0000120BDE8F08F641CC9E700BF2C46B9F174
:106CD000100F0FD1032E01DA0220F2E720783028BE
:106CE00006D16078582803D1A41CB01EC6B204E0B7
:106CF0000320E6E70EB90420E3E71BE00EB1701EA7
:106D0000C6B22078392806DC2078302803DB2078CA
:106D1000A0F1300A02E02078A0F1370A3146484657
:106D2000FFF726FF39680AFB00103860641C2078E2
:106D300000B900E0E2E700BFBBF1020F04D1386800
:106D4000C0F10008C7F800800020BAE702460AE058
:106D500010780B78984201D001207047107800B964
:106D600002E0521C491CF3E700BF0020F5E706E0F3
:106D700002780A70027802B902E0401C491CF7E769
:106D800000BF70470146002005E00A7802B903E021
:106D9000421CD0B2491CF8E700BF704710B58CB058
:106DA00004461E230BAA03A92046FFF727FD0090E7
:106DB000009810B101200CB010BD9DF82C000444C7
:106DC00000200B900EE040489DF82C2050F8221037
:106DD00003A8FFF7BBFF00B908E09DF82C00401C9A
:106DE000C0B20B909DF82C000728ECD300BF9DF893
:106DF0002C00072863D2DFE800F004053C5E6564E0
:106E0000630000BF31A0F9F70DF931A0F9F70AF9D5
:106E10003FA0F9F707F94EA0F9F704F95CA0F9F7DC
:106E200001F96BA0F9F7FEF879A0F9F7FBF887A054
:106E3000F9F7F8F88CA0F9F7F5F894A0F9F7F2F85B
:106E400098A0F9F7EFF89DA0F9F7ECF8A2A0F9F7F0
:106E5000E9F8A8A0F9F7E6F8B4A0F9F7E3F8C1A0BB
:106E6000F9F7E0F8CCA0F9F7DDF8D8A0F9F7DAF8EF
:106E7000A2E216A0F9F7D6F8E4A0F9F7D3F80020BB
:106E80000B900EE0F14800689DF82C2000EBC2004A
:106E90004168EFA0F9F7C6F89DF82C00401CC0B27D
:106EA0000B90EA48007D9DF82C108842EADC07A090
:106EB000F9F7B8F880E205A0F9F7B4F8CCE179E287
:106EC0004DE221E2F4E10000740000240D0A00000C
:106ED0002D2D2D2D2D2D2D2D2D2D2D2D2D2D2D2DE2
:106EE0002D2D2D2D2D2D2D2D55534D4152542056E8
:106EF000332E352D2D2D2D2D2D2D2D2D2D2D2D2DB3
:106F00002D2D2D2D2D2D2D2D2D2D2D200D0A00005B
:106F10002020202055534D415254CAC7D3C9414C5B
:106F200049454E54454BBFAAB7A2B5C4D2BBB8F62B
:106F3000C1E9C7C9B5C4B4AEBFDAB5F7CAD4BBA5F9
:106F4000BDBBD7E9BCFE2CCDA8B9FD200D0A0000C1
:106F5000CBFC2CC4E3BFC9D2D4CDA8B9FDB4AEBF1D
:106F6000DAD6FACAD6B5F7D3C3B3CCD0F2C0EFC3E2
:106F7000E6B5C4C8CEBACEBAAFCAFD2CB2A2D6B45A
:106F8000D0D02ED2F2B4CB2CC4E3BFC90D0A00007E
:106F9000D2D4CBE6D2E2B8FCB8C4BAAFCAFDB5C40D
:106FA000CAE4C8EBB2CECAFD28D6A7B3D6CAFDD76D
:106FB000D62831302F3136BDF8D6C62CD6A7B3D659
:106FC000B8BACAFD29A1A2D7D6B7FBB4AE0D0A0044
:106FD000A1A2BAAFCAFDC8EBBFDAB5D8D6B7B5C85B
:106FE000D7F7CEAAB2CECAFD292CB5A5B8F6BAAF4E
:106FF000CAFDD7EEB6E0D6A7B3D63130B8F6CAE4AC
:10700000C8EBB2CECAFD2CB2A2D6A7B3D60D0A00E9
:10701000BAAFCAFDB7B5BBD8D6B5CFD4CABE2ED687
:10702000A7B3D6B2CECAFDCFD4CABEBDF8D6C6C9A4
:10703000E8D6C3B9A6C4DC2CD6A7B3D6BDF8D6C64D
:10704000D7AABBBBB9A6C4DC2E0D0A00BCBCCAF5CE
:10705000D6A7B3D63A7777772E6F70656E6564766C
:107060002E636F6D0D0A000055534D415254D3D01D
:1070700037B8F6CFB5CDB3C3FCC1EE28B1D8D0EB4D
:10708000D0A1D0B4293A0D0A000000003F3A2020D8
:1070900020202020BBF1C8A1B0EFD6FAD0C5CFA2E6
:1070A0000D0A000068656C703A202020BBF1C8A171
:1070B000B0EFD6FAD0C5CFA20D0A00006C69737488
:1070C0003A202020BFC9D3C3B5C4BAAFCAFDC1D0CE
:1070D000B1ED0D0A0A00000069643A20202020204A
:1070E000BFC9D3C3BAAFCAFDB5C44944C1D0B1ED1D
:1070F0000D0A0A006865783A20202020B2CECAFD29
:107100003136BDF8D6C6CFD4CABE2CBAF3B8FABF52
:10711000D5B8F12BCAFDD7D6BCB4D6B4D0D0BDF803
:10712000D6C6D7AABBBB0D0A0A0000006465633A45
:1071300020202020B2CECAFD3130BDF8D6C6CFD433
:10714000CABE2CBAF3B8FABFD5B8F12BCAFDD7D650
:10715000BCB4D6B4D0D0BDF8D6C6D7AABBBB0D0A36
:107160000A00000072756E74696D653A312CBFAA11
:10717000C6F4BAAFCAFDD4CBD0D0BCC6CAB13B307E
:107180002CB9D8B1D5BAAFCAFDD4CBD0D0BCC6CA01
:10719000B13B0D0A0A000000C7EBB0B4D5D5B3CCA3
:1071A000D0F2B1E0D0B4B8F1CABDCAE4C8EBBAAF0E
:1071B000CAFDC3FBBCB0B2CECAFDB2A2D2D4BBD80A
:1071C000B3B5BCFCBDE1CAF82E0D0A002D2D2D2D46
:1071D0002D2D2D2D2D2D2D2D2D2D2D2D2D2D2D2DDF
:1071E0002D2D2D2D2D2DD5FDB5E3D4ADD7D32D2DA2
:1071F0002D2D2D2D2D2D2D2D2D2D2D2D2D2D2D2DBF
:107200002D2D2D2D2D2D2D200D0A00002D2D2D2D58
:107210002D2D2D2D2D2D2D2D2D2D2D2D2D2D2D2D9E
:107220002D2D2D2D2DBAAFCAFDC7E5B5A52D2D2DC0
:107230002D2D2D2D2D2D2D2D2D2D2D2D2D2D2D2D7E
:107240002D2D2D2D2D2D2D2D200D0A00C0000024BB
:1072500025730D0A0000000059A0F8F7E3FE002096
:107260000B901AE0664909689DF82C2001EBC201D9
:1072700001AB02AA486803A9FFF7DCFA604800687E
:107280009DF82C1050F8312003A95EA0F8F7CAFE33
:107290009DF82C00401CC0B20B905948007D9DF811
:1072A0002C108842DEDCAFF2DC30F8F7BBFE83E066
:1072B000AFF2E830F8F7B6FE0BAA03A92046FFF7B5
:1072C00033FA9DF82C00C8B9694603A8FFF7BBFC48
:1072D0000B909DF82C0020B94FA00099F8F7A2FE62
:1072E0000EE09DF82C00042801D0022063E54DA09B
:1072F000F8F798FE01204249C87501E002205AE5DE
:1073000047A0F8F78FFE57E045A0F8F78BFE0BAAD1
:1073100003A92046FFF708FA9DF82C00C8B9694672
:1073200003A8FFF790FC0B909DF82C0020B942A019
:107330000099F8F777FE0EE09DF82C00042801D0A4
:10734000022038E53FA0F8F76DFE00202C49C875F3
:1073500001E002202FE532A0F8F764FE2CE030A017
:10736000F8F760FE0BAA03A92046FFF7DDF99DF8A8
:107370002C00C8B9694603A8FFF765FC0B909DF87F
:107380002C0078B91E49009881F8EC00084690F866
:10739000EC0018B130A0F8F745FE07E035A0F8F78B
:1073A00041FE03E0022006E5022004E51CA0F8F7F8
:1073B00039FE01E00120FEE400BF0020FBE40000F4
:1073C0002D2D2D2D2D2D2D2D2D2D2D2D2D2D2D2DED
:1073D0002D2D2D2D2D2D2D2D2DBAAFCAFD2049443B
:1073E000202D2D2D2D2D2D2D2D2D2D2D2D2D2D2DDA
:1073F0002D2D2D2D2D2D2D2D2D2D2D2D200D0A003A
:10740000C000002425732069642069733A0D0A3096
:1074100058253038580D0A004845583A30582558F4
:107420000D0A00003136BDF8D6C6B2CECAFDCFD4A3
:10743000CABE210D0A0000004445433A256C750D73
:107440000A0000003130BDF8D6C6B2CECAFDCFD496
:10745000CABE210D0A00000052756E2054696D6588
:107460002043616C63756C6174696F6E204F4E0DC3
:107470000A00000052756E2054696D652043616CEE
:1074800063756C6174696F6E204F46460D0A00008B
:107490000E480068006900F0010040B10C48D0F8C7
:1074A000F0004FF6FF7108440949C1F8F0000848A0
:1074B000D0F8F00005490968496A08440449C1F850
:1074C000F0000846D0F8F00070470000C0A607247E
:1074D000C000002438B504460D4600BF00BF124866
:1074E000006840F00400104908600846006800F099
:1074F0000400009000BF00BF00BF0C480C490860AA
:107500000846456000218160C4600161F9F754F9C3
:107510000748F9F76DF9032211461E20F9F71CF808
:107520001E20F9F71EF838BDE84402580008004054
:10753000C0A607246FF0010009490968086100BF6F
:10754000000C07490968C86201460548C16000BFD0
:1075500000200349096848620249C1F8F0007047F9
:10756000C0A60724C000002401607047000000008E
:107570000000000000000000000000003F4000008C
:10758000000000000000300040003000400000001B
:1075900009000BC03D000BC03D00090018C024408D
:1075A0007FE0224031800000180024C01B000D80C5
:1075B0003240018003801C4027401C80074000406F
:1075C000100060000000000000000000000000004B
:1075D00000001F80204040200000402020401F80ED
:1075E00000000000090006001F80060009000000DE
:1075F000040004003F80040004000000001000604C
:10760000000000000000000004000400040004006A
:107610000400000000000040000000000000000026
:10762000002001C006003800400000001F802040FC
:10763000204020401F800000000010403FC000405C
:107640000000000018C021402240244018400000E3
:1076500010802040244024401B80000002000D00C8
:1076600011003FC0014000003C80244024402440E1
:10767000238000001F802440244034400380000009
:107680003000200027C03800200000001B8024406C
:10769000244024401B8000001C0022C022402240C5
:1076A0001F800000000000000840000000000000F3
:1076B0000000000004600000000000000000040062
:1076C0000A0011002080404009000900090009005B
:1076D0000900000000004040208011000A00040062
:1076E0001800200023402400180000001F802040C4
:1076F000274029401F400000004007C039000F000C
:1077000001C0004020403FC0244024401B800000B6
:107710001F802040204020403080000020403FC09B
:10772000204020401F80000020403FC024402E40C9
:1077300030C0000020403FC024402E003000000038
:107740000F001080204022403380020020403FC0C4
:10775000040004003FC02040204020403FC02040A3
:10776000204000000060202020203FC0200020009A
:1077700020403FC024400B0030C0204020403FC08C
:1077800020400040004000C03FC03C0003C03C001F
:107790003FC0000020403FC00C4023003FC02000FD
:1077A0001F802040204020401F80000020403FC01C
:1077B00024402400180000001F802140214020E0C8
:1077C0001FA0000020403FC02440260019C00040F8
:1077D00018C0244024402240318000003000204066
:1077E0003FC020403000000020003F8000400040AB
:1077F0003F80200020003E0001C00700380020002C
:10780000380007C03C0007C038000000204039C0E5
:10781000060039C0204000002000384007C0384032
:1078200020000000304021C02640384020C0000029
:10783000000000007FE040204020000000007000B9
:107840000C000380004000000000402040207FE04A
:1078500000000000000020004000200000000000A8
:1078600000100010001000100010001000000000B8
:1078700040000000000000000000028005400540BC
:1078800003C0004020003FC00440044003800000CB
:107890000000038004400440064000000000038014
:1078A000044024403FC000400000038005400540E4
:1078B00003400000000004401FC02440244020007A
:1078C000000002E0055005500650042020403FC053
:1078D0000440040003C000400000044027C00040F2
:1078E0000000000000100010041027E0000000005D
:1078F00020403FC00140070004C004402040204019
:107900003FC000400040000007C0040007C0040062
:1079100003C00000044007C00440040003C000404E
:10792000000003800440044003800000041007F0BE
:107930000450044003800000000003800440045011
:1079400007F00010044007C00240040004000000DB
:10795000000006400540054004C00000000004008F
:107960001F800440004000000400078000400440E5
:1079700007C000400400070004C0018006000400A6
:10798000060001C0070001C006000000044006C058
:10799000010006C0044000000410071004E001804C
:1079A000060004000000044005C00640044000003A
:1079B0000000000004007BE0402000000000000008
:1079C0000000FFF000000000000040207BE0040009
:1079D0000000000040008000400020002000400027
:1079E0000000000000000000000000000000000097
:1079F0000000000000001FCC000C00000000000090
:107A00000000080030006000080030006000000046
:107A1000022003FC1E20022003FC1E200220000086
:107A200000000E1811043FFF10840C7800000000C5
:107A30000F0010840F3800C0077818840078000009
:107A400000780F8410C411240E9800E4008400080C
:107A50000800680070000000000000000000000046
:107A600000000000000007E0181820044002000099
:107A7000000040022004181807E000000000000089
:107A80000240024001800FF00180024002400000ED
:107A90000080008000800FF80080008000800000DF
:107AA0000001000D000E00000000000000000000BA
:107AB0000000008000800080008000800080008046
:107AC0000000000C000C000000000000000000009E
:107AD0000000000600180060018006001800200069
:107AE000000007F0080810041004080807F0000060
:107AF0000000080408041FFC00040004000000004B
:107B000000000E0C10141024104411840E0C000000
:107B100000000C1810041104110412880C700000ED
:107B2000000000E00320042408241FFC00240000BF
:107B300000001F98108411041104108810700000B8
:107B4000000007F008881104110418880070000074
:107B500000001C00100010FC13001C0010000000AE
:107B600000000E3811441084108411440E380000B7
:107B700000000700088C10441044088807F000003B
:107B8000000000000000030C030C000000000000D7
:107B900000000000000101060000000000000000DD
:107BA00000000080014002200410080810040000BA
:107BB00002200220022002200220022002200000D7
:107BC000000010040808041002200140008000009A
:107BD00000000E001200100C106C10800F0000004E
:107BE00003E00C1813E4142417C4082807D000007D
:107BF0000004003C03C41C40074000E4001C0004D7
:107C000010041FFC1104110411040E880070000000
:107C100003E00C1810041004100410081C100000DD
:107C200010041FFC100410041004080807F00000E2
:107C300010041FFC1104110417C4100408180000DC
:107C400010041FFC1104110017C0100008000000F0
:107C500003E00C181004100410441C7800400000CD
:107C600010041FFC10840080008010841FFC10048E
:107C70000000100410041FFC100410040000000099
:107C800000030001100110011FFE10001000000091
:107C900010041FFC110403801464181C100400005D
:107CA00010041FFC1004000400040004000C000079
:107CB00010041FFC1F0000FC1F001FFC100400002C
:107CC00010041FFC0C04030000E010181FFC10003F
:107CD00007F00808100410041004080807F000005A
:107CE00010041FFC10841080108010800F00000012
:107CF00007F0081810241024101C080A07F20000CE
:107D000010041FFC1104110011C011300E0C0004EE
:107D100000000E1C11041084108410441C38000054
:107D20001800100010041FFC1004100018000000C0
:107D300010001FF810040004000410041FF81000C5
:107D400010001E0011E0001C007013801C001000C9
:107D50001FC0103C00E01F0000E0103C1FC00000EE
:107D60001004180C163401C001C01634180C10048D
:107D700010001C00130400FC13041C001000000081
:107D80000804101C1064108413041C041018000054
:107D90000000000000007FFE4002400240020000A0
:107DA000000030000C0003800060001C0003000095
:107DB00000004002400240027FFE00000000000080
:107DC00000000000200040004000400020000000B3
:107DD000000100010001000100010001000100019B
:107DE00000004000400020000000000000000000F3
:107DF00000000098012401440144014400FC0004F7
:107E000010001FFC008801040104008800700000BD
:107E100000000070008801040104010400880000D3
:107E20000000007000880104010411081FFC000418
:107E3000000000F8014401440144014400C800006E
:107E40000000010401040FFC1104110411001800CA
:107E5000000000D601290129012901C901060000FD
:107E600010041FFC008401000100010400FC000458
:107E700000000104190419FC0004000400000000C3
:107E80000000000300010101190119FE00000000BB
:107E900010041FFC0024004001B4010C0104000088
:107EA0000000100410041FFC000400040000000087
:107EB000010401FC0104010001FC0104010000FCBB
:107EC000010401FC008401000100010400FC000425
:107ED000000000F8010401040104010400F800009E
:107EE000010101FF00850104010400880070000009
:107EF00000000070008801040104010501FF000179
:107F00000104010401FC008401040100018000005F
:107F1000000000CC01240124012401240198000068
:107F200000000100010007F8010401040000000046
:107F3000010001F8000400040004010801FC000431
:107F4000010001800170000C00100160018001003F
:107F500001F0010C003001C00030010C01F0010003
:107F600000000104018C00740170018C0104000008
:107F7000010101810171000E001801600180010002
:107F800000000184010C013401440184010C000053
:107F9000000000000000000001003EFC4002400222
:107FA0000000000000000000FFFF000000000000D3
:107FB0000000400240023EFC010000000000000002
:107FC0000000600080008000400040002000200091
:107FD00000000000000000000000000000000000A1
:107FE0000000000000000000000000000000000091
:107FF0000000000000000000000000000000000081
:108000000000000F80380FFE380F8038000000009D
:10801000000000000000000000000000000001005F
:10802000000600000C0000380000310000060000CF
:108030000C000038000030000000000000000000CC
:1080400061800067F807F98000618000618000614D
:10805000800061800067F807F980006180000000FF
:1080600000000000000001C0E003E0F0063008045A
:1080700018081FFFFE040E080787F00381E00000C8
:108080000000000001F000060C00040408060C705B
:1080900001F9C0000E00003BE000EC1807080804DE
:1080A0000C180003E00000000001E00007F003F8F6
:1080B00018041C0804170807E1D003C0E00023B02F
:1080C000003C080020080000100000000000000133
:1080D00000003100003200001C0000000000000021
:1080E0000000000000000000000000000000000090
:1080F0000000000000000000000000000000000080
:108100007F0001FFC00780F00C0018100004200061
:10811000020000000000002000021000040C001803
:108120000780F001FFC0007F000000000000000099
:108130000000000000000000000000004200006697
:1081400000006600003C0000180003FFC00018009B
:10815000003C0000660000660000420000000000D5
:10816000080000080000080000080000080001FFE7
:10817000C000080000080000080000080000080017
:1081800000000000000100003100003200001C006F
:1081900000000000000000000000000000000000DF
:1081A00000000000000000000800000800000800B7
:1081B0000008000008000008000008000008000097
:1081C000080000080000000000000000000000009F
:1081D00038000038000038000000000000000000F7
:1081E000000000000000000000000000000000008F
:1081F000000600001C000070000180000E00003826
:108200000000C0000700001C00003000000000005B
:10821000000000007F8001FFE0038070060018046A
:10822000000804000806001803807001FFE0007FCA
:1082300080000000000000000000010008010008AC
:1082400001000803FFF807FFF8000008000008001D
:10825000000800000000000000000001C03802C05B
:1082600058040098040118040218040418061C1885
:1082700003F81801E0F80000000000000000000111
:10828000C0E003C0F0040008040808040808061849
:108290000803F41801E7F00001E00000000000000E
:1082A000000000000300000D00001100006100004C
:1082B000810803010807FFF80FFFF800010800011B
:1082C000080000000000000000E007FCD0060808DD
:1082D000061008061008061008061838060FF006E3
:1082E00007C0000000000000000000003F8001FF08
:1082F000E003843002081804100804100804100871
:10830000071810030FF00007C00000000000000075
:10831000000003C0000700000600000600F8060782
:10832000F806180006E00007000006000000000044
:1083300000000001E1E003F7F0063410041808041F
:108340001808040C08040C0806161803F3F001C101
:10835000E000000000000000F80003FC30030638D5
:108360000402080402080402080404100308F001CF
:10837000FFC0007F000000000000000000000000BF
:1083800000000000000000007038007038007038F5
:1083900000000000000000000000000000000000DD
:1083A000000000000000000000000000301A003053
:1083B0001C000000000000000000000000000000A1
:1083C000000000000000000800001400002200006F
:1083D00041000080800100400200200400100800DD
:1083E0000800000000000000210000210000210022
:1083F00000210000210000210000210000210000D8
:108400002100002100000000000000000000080022
:10841000080400100200200100400080800041009C
:10842000002200001400000800000000000000030B
:10843000C00004C000040000080038080F38080815
:10844000380810000C300007E00003C000000000F6
:10845000000000003F8000FFE0038070020F100664
:10846000708804C088048308047F8802C0900301D8
:108470002000FE400000080000180001F8003E083F
:1084800001C20007020007E20000FE00001FC80052
:1084900001F800003800000804000807FFF807FF93
:1084A000F80408080408080408080408080618085E
:1084B00003F41801E7F00001E000000000000000F4
:1084C0003F8001FFE00380700200180400080400F0
:1084D000080400080400100600200780C000000007
:1084E00004000807FFF807FFF80400080400080468
:1084F000000804001802001003807001FFE0007FF4
:108500008000000004000807FFF807FFF8040808CF
:10851000040808040808040808043E0804000806C3
:10852000001801006000000004000807FFF807FFC2
:10853000F8040808040800040800040800043E00C9
:10854000060000060000018000000000000000009E
:108550003F8001FFE0038070060018040008040259
:10856000080402080203F00783F000020000020082
:1085700004000807FFF807FFF804080800080000D7
:10858000080000080000080004080807FFF807FFBB
:10859000F8040008000000000000040008040008BF
:1085A00004000807FFF807FFF804000804000804A7
:1085B00000080000000000000000000000060000AD
:1085C0000700000104000104000104000307FFFE8E
:1085D00007FFFC040000040000040000040008077A
:1085E000FFF807FFF8040C08001800003E0004C75D
:1085F000800503C80600F8040038040018000008CD
:1086000004000807FFF807FFF8040008000008004E
:108610000008000008000008000008000018000022
:108620006000000004000807FFF807800807FC004E
:10863000007FC00003F80007C0007800078008072B
:10864000FFF807FFF804000804000807FFF8070018
:108650000803C00000E000003800001E0000070012
:108660000001C00400F007FFF80400000000000053
:108670007F8001FFE00380700600180400080400FA
:108680000806001803003001FFE0007F80000000B2
:1086900004000807FFF807FFF804040804040004B6
:1086A0000400040400040400060C0003F80001F0B8
:1086B00000000000000000007F8001FFE0038070E8
:1086C0000600880400880400C806003C03003E0140
:1086D000FFE6007F8400000004000807FFF807FFA2
:1086E000F8040808040800040C00040F00040BC080
:1086F0000610F003F03801E0080000080000000157
:10870000E0F803F030063010041808041808040CD0
:1087100008040C080206180207F00781E0000000B8
:1087200001800006000004000004000004000807A7
:10873000FFF807FFF804000804000004000006002A
:108740000001800004000007FFE007FFF0040018AC
:1087500000000800000800000800000800000804ED
:10876000001007FFE004000004000006000007E01E
:108770000007FE00041FE00001F80000380001E0DF
:10878000043E0007C00006000004000004000007CB
:10879000E00007FFC0041FF80007C007F80007FF4C
:1087A00080043FF80007C004F80007000004000040
:1087B00000000004000806001807C07805F1C80092
:1087C0003E00001F800463E80780F80600180400DC
:1087D0000800000004000006000007800007E00811
:1087E000047C08001FF80007F800180804E00807D8
:1087F0000000060000040000000000010008060060
:10880000380400F80403E8040F08047C0805F008A5
:1088100007C0080700180400600000000000000006
:1088200000000000000000000000003FFFFE2000EC
:1088300002200002200002200002200002000000AE
:1088400000000000000008000007000000C0000059
:1088500038000006000001C000003000000E0000DB
:1088600001000000000000000000200002200002C3
:108870002000022000022000023FFFFE0000000056
:1088800000000000000000000000000000000000E8
:108890000008000010000030000020000030000040
:1088A00010000008000000000000000000000100AF
:1088B00000010000010000010000010000010000B3
:1088C00001000001000001000001000001000001A2
:1088D0000000000000000000002000002000001048
:1088E0000000100000000000000000000000000078
:1088F000000000000000000000F00019F8001B1844
:10890000002208002608002408002410003FF80078
:108910001FF800000800001800000004000007FF16
:10892000F80FFFF0001818001008002008002008B9
:10893000003018001FF0000FC00000000000000011
:1089400007C0001FF0001830002008002008002099
:1089500008003C08001C100000600000000000003F
:108960000000000007C0001FF000381800200800B9
:10897000200800200804101007FFF80FFFF0000087
:10898000100000000000000000000007C0001FF001
:1089900000123000221800220800220800320800CD
:1089A0001E10000E2000000000000000200000202B
:1089B0000800200801FFF803FFF80620080420083B
:1089C0000420080720000300000000000000000051
:1089D000000E000E6E001FF30031B10020B1002028
:1089E000B1003191001F13002E1E00200E00300038
:1089F00000000004000807FFF80FFFF8001008004F
:108A00002000002000002008003FF8001FF80000B0
:108A100008000000000000000000002008002008FE
:108A2000002008063FF8063FF80000080000080094
:108A3000000800000000000000000000000000002E
:108A400003000003002001002001002003063FFE78
:108A5000063FFC00000000000000000000000004D1
:108A6000000807FFF80FFFF8000188000300002F3F
:108A7000C00038F80020380020080000080000007E
:108A800000000000000004000804000804000807BB
:108A9000FFF80FFFF80000080000080000080000C1
:108AA00000000000002008003FF8003FF800100818
:108AB000002000003FF8003FF800100800200000F0
:108AC0003FF8003FF8000008000000002008003FC9
:108AD000F8003FF8001008001000002000002008F7
:108AE000003FF8001FF80000080000000000000030
:108AF00007C0000FF00018300030080020080020E8
:108B000008003008001830000FF00007C000000017
:108B1000000000002001003FFF003FFF0010110097
:108B20002009002008002008003038001FF0000F46
:108B3000C00000000000000007C0001FF00038184F
:108B4000002008002008002009001011001FFF006D
:108B50003FFF000001000000002008002008002066
:108B600008003FF8003FF80008080010080020083F
:108B70000020000030000030000000000000000075
:108B80000000000C78001E180033080023080021A4
:108B9000080021880021980030F0003860000000B3
:108BA00000000000200000200000200000FFF00373
:108BB000FFF8002008002008002008000030000016
:108BC00000000000000000002000003FF0007FF8DF
:108BD000000018000008000008002010003FF80006
:108BE0007FF00000100000000000000020000030B6
:108BF00000003C00003F800023F00000780000707F
:108C0000002380003C000030000020000020000015
:108C10003C00003FE00023F80000E0002700003E99
:108C200000003FE00021F80001E0003E00002000CD
:108C3000000000002008002008003838003E6800CE
:108C400027800003C8002CF80038380020180020C6
:108C500008000000000000002000003003003C017C
:108C6000003F830023EC000070002380003C0000E4
:108C7000200000200000000000000000000000387C
:108C8000080020380020F80023E8002F88003E0864
:108C900000380800201800007000000000000000EC
:108CA00000000000000000000000000008000014A8
:108CB000001FF7FC3000062000020000000000004A
:108CC00000000000000000000000000000000000A4
:108CD0000000FFFFFF000000000000000000000097
:108CE000000000000000000000002000023000062C
:108CF0001FF7FC0014000008000000000000000046
:108D000000000000000000000000001800006000EB
:108D1000004000004000002000001000000800009B
:108D20000400000400000C0000100000000000001F
:108D30000000000000000000000000000000000033
:108D40000000000000000000000000000000000023
:108D50000000000000000000000000000000000013
:108D60000000000000000000000000000000000003
:108D700000000000000000000000000000000000F3
:108D800000000000000000000000000000000000E3
:108D900000000000000000000000000000000000D3
:108DA00000000000000000000000000000000000C3
:108DB00000000000000000000000000000000000B3
:108DC0000000000007F000C007FFE1E007F001E04D
:108DD000000000C0000000000000000000000000D3
:108DE0000000000000000000000000000000000083
:108DF0000000000000000000000000000000000073
:108E00000000000000000000000000000000000062
:108E10000000000000000000000000000000000052
:108E20000000000000000000000000000000000042
:108E3000000000000020000001C0000007800000CA
:108E40001F0000001E0000001C20000001C00000E8
:108E5000078000001F0000001E0000001C00000032
:108E60000000000000000000000000000000000002
:108E700000000000000000000000000000000000F2
:108E800000000000000000000000000000000000E2
:108E900000000000000000000000000000000000D2
:108EA00000000000000000000000000000000000C2
:108EB00000180C0000180C0000180FE0001FFC0048
:108EC00003F80C0000180C0000180C0000180C002F
:108ED00000180C0000180FE0001FFC0003F80C0045
:108EE00000180C0000180C0000000000000000003A
:108EF0000000000000000000000000000000000072
:108F00000000000000000000000000000000000061
:108F10000000000000000000000000000000000051
:108F20000000000000000000000000000000000041
:108F30000000000000000780007807C000FC064029
:108F4000010E002003070020020380200FFFFFFC1A
:108F50000201C0200200E0600130704001F03F805B
:108F600000F01F00000000000000000000000000F2
:108F700000000000000000000000000000000000F1
:108F800000000000000000000000000000000000E1
:108F900000000000000000000000000000000000D1
:108FA00000000000000000000000000000FE0000C3
:108FB00001FF00000301800002008060030181C006
:108FC00001FF070000FE18000000E0000003BF00E2
:108FD000000CFFC00071806001C1002003018060AF
:108FE0000000FFC000003F00000000000000000083
:108FF0000000000000000000000000000000000071
:109000000000000000000000000000000000000060
:109010000000000000000000000000000000000050
:1090200000000000000000000000000000001F0021
:1090300000007FC000FCC0C001FF80600303E0208F
:109040000202782002061E2003FC074001F0038084
:10905000000103C000011C600001E02000010020AD
:10906000000100400000018000000000000000003E
:1090700000000000000000000000000000000000F0
:1090800000000000000000000000000000000000E0
:1090900000000000000000000000000000000000D0
:1090A00000000000000000000000000000000000C0
:1090B000002000001C6000001C4000001F80000019
:1090C0000F00000000000000000000000000000091
:1090D0000000000000000000000000000000000090
:1090E0000000000000000000000000000000000080
:1090F0000000000000000000000000000000000070
:10910000000000000000000000000000000000005F
:10911000000000000000000000000000000000004F
:10912000000000000000000000000000000000003F
:10913000000000000000000000000000000000002F
:1091400000000000000000000007F800003FFF00E2
:10915000007807C001C000E00300003004000008F0
:1091600008000004100000020000000000000000E1
:1091700000000000000000000000000000000000EF
:1091800000000000000000000000000000000000DF
:1091900000000000000000000000000000000000CF
:1091A00000000000000000000000000000000000BF
:1091B0001000000208000004040000080300003052
:1091C00001C000E0007807C0003FFF000007F80082
:1091D000000000000000000000000000000000008F
:1091E000000000000000000000000000000000007F
:1091F000000000000000000000000000000000006F
:10920000000000000000000000000000000000005E
:10921000000000000000000000000000000000004E
:10922000000000000000000000000000000000003E
:1092300000000000000C1800000E3800000E38007E
:1092400000063000000360000061438000FFFF80E3
:10925000006143000003600000063000000E38008B
:10926000000E3800000C1800000000000000000094
:1092700000000000000000000000000000000000EE
:1092800000000000000000000000000000000000DE
:1092900000000000000000000000000000000000CE
:1092A00000000000000000000000000000000000BE
:1092B000000000000000800000008000000080002E
:1092C000000080000000800000008000007FFF00A0
:1092D000000080000000800000008000000080008E
:1092E000000080000000800000000000000000007E
:1092F000000000000000000000000000000000006E
:10930000000000000000000000000000000000005D
:10931000000000000000000000000000000000004D
:10932000000000000000000000000000000000003D
:1093300000000001000000E3000000E2000000FC6B
:1093400000000078000000000000000000000000A5
:10935000000000000000000000000000000000000D
:1093600000000000000000000000000000000000FD
:1093700000000000000000000000000000000000ED
:1093800000000000000000000000000000000000DD
:1093900000000000000000000000000000000000CD
:1093A00000000000000000000000000000000000BD
:1093B00000008000000080000000800000008000AD
:1093C000000080000000800000008000000080009D
:1093D000000080000000800000008000000080008D
:1093E000000080000000800000000000000000007D
:1093F000000000000000000000000000000000006D
:10940000000000000000000000000000000000005C
:10941000000000000000000000000000000000004C
:10942000000000000000000000000000000000003C
:1094300000000000000000C0000001E0000001E0AA
:10944000000000C00000000000000000000000005C
:10945000000000000000000000000000000000000C
:1094600000000000000000000000000000000000FC
:1094700000000000000000000000000000000000EC
:1094800000000000000000000000000000000000DC
:1094900000000000000000000000000000000000CC
:1094A00000000000000000000000000000000000BC
:1094B0000000000C00000038000000E00000038005
:1094C00000000E00000038000000E00000038000F3
:1094D000000E00000038000000E0000003800000E3
:1094E0000E00000018000000000000000000000056
:1094F000000000000000000000000000000000006C
:10950000000000000000000000000000000000005B
:10951000000000000000000000000000000000004B
:10952000000000000000000000000000000000003B
:1095300000000000000FF800007FFF0000F007802F
:10954000018000C003000060020000200200002033
:109550000200002003000060018000C000E00380E2
:10956000007FFF00000FF800000000000000000076
:1095700000000000000000000000000000000000EB
:1095800000000000000000000000000000000000DB
:1095900000000000000000000000000000000000CB
:1095A00000000000000000000000000000000000BB
:1095B000000000000000000000800020008000206B
:1095C000008000200080006001FFFFE003FFFFE05B
:1095D00000000060000000200000002000000020CB
:1095E000000000000000000000000000000000007B
:1095F000000000000000000000000000000000006B
:10960000000000000000000000000000000000005A
:10961000000000000000000000000000000000004A
:10962000000000000000000000000000000000003A
:1096300000000000007800E0009801600100026076
:109640000200046002000860020010600200206056
:1096500002004060030080600183006001FE00E0C2
:10966000007C0780000000000000000000000000F7
:1096700000000000000000000000000000000000EA
:1096800000000000000000000000000000000000DA
:1096900000000000000000000000000000000000CA
:1096A00000000000000000000000000000000000BA
:1096B0000000000000F0078001F007C0010000403A
:1096C000020000200201002002010020020100200F
:1096D000030380200186804001FCC0C000787F80A9
:1096E00000001E000000000000000000000000005C
:1096F000000000000000000000000000000000006A
:109700000000000000000000000000000000000059
:109710000000000000000000000000000000000049
:109720000000000000000000000000000000000039
:109730000000080000003800000048000001880018
:1097400000060800000C0810003008100040081047
:1097500001FFFFF003FFFFF003FFFFF00000081020
:1097600000000810000008100000000000000000C9
:1097700000000000000000000000000000000000E9
:1097800000000000000000000000000000000000D9
:1097900000000000000000000000000000000000C9
:1097A00000000000000000000000000000000000B9
:1097B0000000000000000780001F864003E1002039
:1097C00003020020030400200304002003040020FF
:1097D0000304002003060040030301C00301FF80CF
:1097E00003007E00000000000000000000000000F8
:1097F0000000000000000000000000000000000069
:109800000000000000000000000000000000000058
:109810000000000000000000000000000000000048
:109820000000000000000000000000000000000038
:10983000000000000007FC00003FFF000070C38034
:10984000008180C0010100600302002002020020AC
:1098500002020020020200200203004001C180C079
:1098600000C0FF8000007E0000000000000000003B
:1098700000000000000000000000000000000000E8
:1098800000000000000000000000000000000000D8
:1098900000000000000000000000000000000000C8
:1098A00000000000000000000000000000000000B8
:1098B0000000000000F0000003C000000380000072
:1098C00003000000030007E003003FE00301C000C5
:1098D000030600000318000003600000038000007E
:1098E0000300000000000000000000000000000075
:1098F0000000000000000000000000000000000068
:109900000000000000000000000000000000000057
:109910000000000000000000000000000000000047
:109920000000000000000000000000000000000037
:1099300000001F0000783F8000FC60C0018EC04026
:109940000307802002030020020180200201802002
:109950000201C0200301E040018670C000FC3F808E
:1099600000781F0000000000000000000000000060
:1099700000000000000000000000000000000000E7
:1099800000000000000000000000000000000000D7
:1099900000000000000000000000000000000000C7
:1099A00000000000000000000000000000000000B7
:1099B000003F000000FF81C001C0C1C00100602065
:1099C000020020200200202002002020020020604F
:1099D000020040C00100C18000C18F00007FFE0076
:1099E000001FF00000000000000000000000000068
:1099F0000000000000000000000000000000000067
:109A00000000000000000000000000000000000056
:109A10000000000000000000000000000000000046
:109A20000000000000000000000000000000000036
:109A30000000000000000000000000000000000026
:109A400000000000000300C0000781E0000781E083
:109A5000000300C000000000000000000000000043
:109A600000000000000000000000000000000000F6
:109A700000000000000000000000000000000000E6
:109A800000000000000000000000000000000000D6
:109A900000000000000000000000000000000000C6
:109AA00000000000000000000000000000000000B6
:109AB00000000000000000000000000000000000A6
:109AC00000000000000600660006007800000000AC
:109AD0000000000000000000000000000000000086
:109AE0000000000000000000000000000000000076
:109AF0000000000000000000000000000000000066
:109B00000000000000000000000000000000000055
:109B10000000000000000000000000000000000045
:109B20000000000000000000000000000000000035
:109B300000000000000080000001C0000003600081
:109B400000063000000C180000180C000030060061
:109B50000060030000C001800100004002000020FE
:109B600004000010000000000000000000000000E1
:109B700000000000000000000000000000000000E5
:109B800000000000000000000000000000000000D5
:109B900000000000000000000000000000000000C5
:109BA00000000000000000000000000000000000B5
:109BB0000004100000041000000410000004100055
:109BC0000004100000041000000410000004100045
:109BD0000004100000041000000410000004100035
:109BE000000410000004100000000000000000004D
:109BF0000000000000000000000000000000000065
:109C00000000000000000000000000000000000054
:109C10000000000000000000000000000000000044
:109C20000000000000000000000000000000000034
:109C300000000000040000100200002001000040AD
:109C400000C00180006003000030060000180C0016
:109C5000000C180000063000000360000001C00086
:109C60000000800000000000000000000000000074
:109C700000000000000000000000000000000000E4
:109C800000000000000000000000000000000000D4
:109C900000000000000000000000000000000000C4
:109CA00000000000000000000000000000000000B4
:109CB000000000000078000001F8000002380000F9
:109CC00002000000040000C0040079E0040081E00C
:109CD000040100C0040300000202000003060000AB
:109CE00001FC000000F8000000000000000000007F
:109CF0000000000000000000000000000000000064
:109D00000000000000000000000000000000000053
:109D10000000000000000000000000000000000043
:109D20000000000000000000000000000000000033
:109D3000000FF800003FFE000070078000C000C068
:109D40000101F8400307FC20021E04200230082015
:109D500002203020023FFC20013F044001800CC063
:109D600000E03180001FC200000000000000000081
:109D700000000000000000000000000000000000E3
:109D800000000000000000000000000000000000D3
:109D900000000000000000000000000000000000C3
:109DA0000000000000000000000000000000002093
:109DB00000000060000003E000003E200003E020FF
:109DC000003E200003E020000380200007FC20006C
:109DD000003FE0000003FE2000003FE0000001E043
:109DE0000000002000000020000000000000000033
:109DF0000000000000000000000000000000000063
:109E00000000000000000000000000000000000052
:109E10000000000000000000000000000000000042
:109E20000000000000000000000000000000000032
:109E3000020000200200002003FFFFE003FFFFE01C
:109E40000201002002010020020100200201002086
:109E500002010020030300200186806001FCC0C0D5
:109E600000F87F8000001F000000000000000000DC
:109E700000000000000000000000000000000000E2
:109E800000000000000000000000000000000000D2
:109E900000000000000000000000000000000000C2
:109EA00000000000000000000000000000000000B2
:109EB0000007F800003FFF000070078000C000C0EE
:109EC00001000040030000200200002002000020EA
:109ED000020000200200002001000040018000C0BC
:109EE00003C00180003006000000000000000000F8
:109EF0000000000000000000000000000000000062
:109F00000000000000000000000000000000000051
:109F10000000000000000000000000000000000041
:109F20000000000000000000000000000000000031
:109F3000020000200200002003FFFFE003FFFFE01B
:109F40000200002002000020020000200200002089
:109F50000300006001000040018000C000F00780A5
:109F6000007FFE00000FF80000000000000000006D
:109F700000000000000000000000000000000000E1
:109F800000000000000000000000000000000000D1
:109F900000000000000000000000000000000000C1
:109FA00000000000000000000000000000000000B1
:109FB000020000200200002003FFFFE003FFFFE09B
:109FC0000201002002010020020100200201002005
:109FD0000201002002038020020FE0200300006045
:109FE00003C000E00060030000000000000000006B
:109FF0000000000000000000000000000000000061
:10A000000000000000000000000000000000000050
:10A010000000000000000000000000000000000040
:10A020000000000000000000000000000000000030
:10A03000020000200200002003FFFFE003FFFFE01A
:10A0400002010020020100200201000002010000C4
:10A05000020100000201000002038000030FE00083
:10A060000300000003C000000060000000000000CA
:10A0700000000000000000000000000000000000E0
:10A0800000000000000000000000000000000000D0
:10A0900000000000000000000000000000000000C0
:10A0A00000000000000000000000000000000000B0
:10A0B0000007F800003FFE000070078001C001C0EB
:10A0C00001000040030000200200002002000020E8
:10A0D00002000020010020200100204003C03F803A
:10A0E00000303F8000002000000020000000000041
:10A0F0000000000000000000000000000000000060
:10A10000000000000000000000000000000000004F
:10A11000000000000000000000000000000000003F
:10A12000000000000000000000000000020000200D
:10A130000200002003FFFFE003FFFFE00200802099
:10A1400002008020000080000000800000008000ED
:10A15000020080200200802003FFFFE003FFFFE0F9
:10A1600002000020020000200000000000000000AB
:10A1700000000000000000000000000000000000DF
:10A1800000000000000000000000000000000000CF
:10A1900000000000000000000000000000000000BF
:10A1A00000000000000000000000000000000000AF
:10A1B000000000000000000002000020020000205B
:10A1C000020000200200002003FFFFE003FFFFE089
:10A1D00002000020020000200200002002000020F7
:10A1E000000000000000000000000000000000006F
:10A1F000000000000000000000000000000000005F
:10A20000000000000000000000000000000000004E
:10A21000000000000000000000000000000000003E
:10A22000000000000000000000000000000000002E
:10A230000000000E0000000F0000000F00000001F1
:10A2400002000001020000010200000302000006FB
:10A2500003FFFFFC03FFFFF8020000000200000004
:10A2600002000000020000000000000000000000EA
:10A2700000000000000000000000000000000000DE
:10A2800000000000000000000000000000000000CE
:10A2900000000000000000000000000000000000BE
:10A2A00000000000000000000000000000000000AE
:10A2B000020000200200002003FFFFE003FFFFE098
:10A2C0000200C0200201002000078000000FE00013
:10A2D0000030F80002603E2003800F20030003E0FE
:10A2E000020000E00200002000000020000000004A
:10A2F000000000000000000000000000000000005E
:10A30000000000000000000000000000000000004D
:10A31000000000000000000000000000000000003D
:10A32000000000000000000000000000000000002D
:10A33000020000200200002003FFFFE003FFFFE017
:10A340000200002002000020000000200000002089
:10A35000000000200000002000000020000000603D
:10A36000000000E00000030000000000000000000A
:10A3700000000000000000000000000000000000DD
:10A3800000000000000000000000000000000000CD
:10A3900000000000000000000000000000000000BD
:10A3A000000000000000000000000000020000208B
:10A3B0000200002003FFFFE003E0002003FF002075
:10A3C000001FF0000001FF8000000FE000001E00F1
:10A3D0000003E000003E002003E0002003FFFFE058
:10A3E00003FFFFE002000020020000200000000048
:10A3F000000000000000000000000000000000005D
:10A40000000000000000000000000000000000004C
:10A41000000000000000000000000000000000003C
:10A42000000000000000000000000000020000200A
:10A430000200002003FFFFE00380002003F0002063
:10A4400000FC0000001F00000007C0000001F00039
:10A4500000007C0002001F80020007E003FFFFE015
:10A4600002000000020000000000000000000000E8
:10A4700000000000000000000000000000000000DC
:10A4800000000000000000000000000000000000CC
:10A4900000000000000000000000000000000000BC
:10A4A00000000000000000000000000000000000AC
:10A4B000000FF800003FFE0000F00780018000C0A0
:10A4C00001000040020000200200002002000020E5
:10A4D0000200002001000040018000C000F0038065
:10A4E000003FFE00000FF800000000000000000028
:10A4F000000000000000000000000000000000005C
:10A50000000000000000000000000000000000004B
:10A51000000000000000000000000000000000003B
:10A52000000000000000000000000000000000002B
:10A53000020000200200002003FFFFE003FFFFE015
:10A5400002008020020080200200800002008000C3
:10A5500002008000020080000301800001830000EF
:10A5600000FE0000007C0000000000000000000071
:10A5700000000000000000000000000000000000DB
:10A5800000000000000000000000000000000000CB
:10A5900000000000000000000000000000000000BB
:10A5A00000000000000000000000000000000000AB
:10A5B000000FF800007FFF0000F00380018001C061
:10A5C00001000640020004200200042002000620D0
:10A5D000020003E0010000F80180005C00E0038C51
:10A5E000003FFF0C000FFC180000000000000000FE
:10A5F000000000000000000000000000000000005B
:10A60000000000000000000000000000000000004A
:10A61000000000000000000000000000000000003A
:10A62000000000000000000000000000000000002A
:10A63000020000200200002003FFFFE003FFFFE014
:10A640000201002002010020020180000201E0005E
:10A650000201FC0003033F80018607E001FC00E0EB
:10A6600000F80020000000200000000000000000B2
:10A6700000000000000000000000000000000000DA
:10A6800000000000000000000000000000000000CA
:10A6900000000000000000000000000000000000BA
:10A6A00000000000000000000000000000000000AA
:10A6B000000000000078060000FE01E0018600C0F6
:10A6C00003030040020300200201802002018020D9
:10A6D0000201C0200200C0200100E060018070C0C3
:10A6E00003E03F8000001F000000000000000000A9
:10A6F000000000000000000000000000000000005A
:10A700000000000000000000000000000000000049
:10A710000000000000000000000000000000000039
:10A720000000000000000000000000000000000029
:10A730000060000003800000030000000200000031
:10A74000020000200200002003FFFFE003FFFFE003
:10A7500002000020020000200200000002000000B1
:10A760000380000000E00000000000000000000086
:10A7700000000000000000000000000000000000D9
:10A7800000000000000000000000000000000000C9
:10A7900000000000000000000000000000000000B9
:10A7A00000000000000000000000000002000000A7
:10A7B0000200000003FFFF0003FFFFC00200004093
:10A7C00002000060000000200000002000000020C7
:10A7D00000000020020000400200008003FFFF0094
:10A7E0000200000002000000000000000000000065
:10A7F0000000000000000000000000000000000059
:10A800000000000000000000000000000000000048
:10A810000000000000000000000000000000000038
:10A820000000000000000000000000000000000028
:10A83000020000000200000003C0000003FC000052
:10A84000023FC0000003F80000007F80000007E026
:10A8500000000780000078000203C000023C0000F6
:10A8600003C0000002000000020000000000000021
:10A8700000000000000000000000000000000000D8
:10A8800000000000000000000000000000000000C8
:10A8900000000000000000000000000000000000B8
:10A8A00000000000000000000000000002000000A6
:10A8B00003C0000003FF8000023FFE0002007FE0B3
:10A8C00000000F000200F00003EF000003FF800013
:10A8D000020FFE0000003FE000001F000207E00042
:10A8E00003F8000003000000020000000000000068
:10A8F0000000000000000000000000000000000058
:10A900000000000000000000000000000000000047
:10A910000000000000000000000000000000000037
:10A920000000000000000000000000000000000027
:10A930000200002002000020038000E003F003205A
:10A9400002FC0C20021F30000007C0000007F000CE
:10A9500002187C0002601F20038003E0020000E078
:10A9600002000020000000200000000000000000A5
:10A9700000000000000000000000000000000000D7
:10A9800000000000000000000000000000000000C7
:10A9900000000000000000000000000000000000B7
:10A9A00000000000000000000000000000000000A7
:10A9B000020000000300000003C0000003F80000D4
:10A9C000023E0020020FC0200001FFE000007FE0F7
:10A9D00000038020021C00200270000003800000A1
:10A9E0000200000002000000000000000000000063
:10A9F0000000000000000000000000000000000057
:10AA00000000000000000000000000000000000046
:10AA10000000000000000000000000000000000036
:10AA20000000000000000000000000000000000026
:10AA300000000020006000E0038003E003000FA09E
:10AA400002003E200200F8200203E020020F8020D6
:10AA5000023E00200278002003E00060038000E056
:10AA600002000300000000000000000000000000E1
:10AA700000000000000000000000000000000000D6
:10AA800000000000000000000000000000000000C6
:10AA900000000000000000000000000000000000B6
:10AAA00000000000000000000000000000000000A6
:10AAB0000000000000000000000000000000000096
:10AAC000000000001FFFFFFC100000041000000445
:10AAD0001000000410000004100000041000000426
:10AAE0001000000400000000000000000000000052
:10AAF0000000000000000000000000000000000056
:10AB00000000000000000000000000000000000045
:10AB10000000000000000000000000000000000035
:10AB20000000000000000000000000000000000025
:10AB300000000000000000000700000003C000004B
:10AB400000780000001E00000003C0000000F000BC
:10AB500000001E0000000780000000F00000003C24
:10AB600000000006000000000000000000000000DF
:10AB700000000000000000000000000000000000D5
:10AB800000000000000000000000000000000000C5
:10AB900000000000000000000000000000000000B5
:10ABA00000000000000000000000000000000000A5
:10ABB0000000000010000004100000041000000459
:10ABC0001000000410000004100000041000000435
:10ABD0001FFFFFFC0000000000000000000000005C
:10ABE0000000000000000000000000000000000065
:10ABF0000000000000000000000000000000000055
:10AC00000000000000000000000000000000000044
:10AC10000000000000000000000000000000000034
:10AC20000000000000000000000000000000000024
:10AC30000000000000000000000000000200000012
:10AC400004000000080000001800000010000000D0
:10AC500018000000180000000400000002000000BE
:10AC600000000000000000000000000000000000E4
:10AC700000000000000000000000000000000000D4
:10AC800000000000000000000000000000000000C4
:10AC900000000000000000000000000000000000B4
:10ACA00000000000000000000000000000000001A3
:10ACB0000000000100000001000000010000000190
:10ACC0000000000100000001000000010000000180
:10ACD0000000000100000001000000010000000170
:10ACE0000000000100000001000000010000000061
:10ACF0000000000000000000000000000000000054
:10AD00000000000000000000000000000000000043
:10AD10000000000000000000000000000000000033
:10AD20000000000000000000000000000000000023
:10AD300000000000000000001000000010000000F3
:10AD400010000000180000000800000004000000CF
:10AD500000000000000000000000000000000000F3
:10AD600000000000000000000000000000000000E3
:10AD700000000000000000000000000000000000D3
:10AD800000000000000000000000000000000000C3
:10AD900000000000000000000000000000000000B3
:10ADA00000000000000000000000000000000000A3
:10ADB0000000038000018FC000038C600006182093
:10ADC0000004102000041020000420200004204073
:10ADD000000620400003FFC00001FFE0000000204B
:10ADE00000000020000000C0000000000000000083
:10ADF0000000000000000000000000000000000053
:10AE00000000000000000000000000000000000042
:10AE10000000000000000000000000000000000032
:10AE20000000000000000000000000000000000022
:10AE3000020000000200000003FFFFE007FFFFC068
:10AE4000000180C000020060000200200004002019
:10AE5000000400200004002000060040000300C0A1
:10AE60000001FF800000FE00000000000000000064
:10AE700000000000000000000000000000000000D2
:10AE800000000000000000000000000000000000C2
:10AE900000000000000000000000000000000000B2
:10AEA00000000000000000000000000000000000A2
:10AEB0000000000000007E000001FF80000381C050
:10AEC00000020040000600200004002000040020D2
:10AED00000040020000600200003C0400001C080E4
:10AEE000000003000000000000000000000000005F
:10AEF0000000000000000000000000000000000052
:10AF00000000000000000000000000000000000041
:10AF10000000000000000000000000000000000031
:10AF20000000000000000000000000000000000021
:10AF30000000000000007E000001FF80000380C0D0
:10AF4000000600600004002000040020000400202F
:10AF5000020400400202008003FFFFE007FFFFC081
:10AF60000000004000000040000000000000000061
:10AF700000000000000000000000000000000000D1
:10AF800000000000000000000000000000000000C1
:10AF900000000000000000000000000000000000B1
:10AFA00000000000000000000000000000000000A1
:10AFB0000000000000007E000001FF80000311C0BF
:10AFC0000002104000041060000410200004102053
:10AFD0000004102000061020000310400001F0C003
:10AFE00000007100000000000000000000000000F0
:10AFF0000000000000000000000000000000000051
:10B000000000000000000000000000000000000040
:10B010000000000000000000000000000000000030
:10B020000000000000000000000000000000000020
:10B0300000000000000400000004002000040020C4
:10B0400000040020007FFFE001FFFFE0010400207A
:10B050000304002002040020020400200204000077
:10B060000200000001C0000001C00000000000005C
:10B0700000000000000000000000000000000000D0
:10B0800000000000000000000000000000000000C0
:10B0900000000000000000000000000000000000B0
:10B0A00000000000000000000000000000000000A0
:10B0B000000000000000001C0000E33E0003FFC28F
:10B0C00000020CC3000404C1000404C1000404C154
:10B0D000000404C100060CC10003F8C30005F062BF
:10B0E0000006007E0006003C00000000000000009A
:10B0F0000000000000000000000000000000000050
:10B10000000000000000000000000000000000003F
:10B11000000000000000000000000000000000002F
:10B12000000000000000000000000000000000001F
:10B13000020000200200002003FFFFE007FFFFE005
:10B1400000010020000200200006000000040000B2
:10B150000004000000040020000600200003FFE0BF
:10B160000001FFE0000000200000002000000000BF
:10B1700000000000000000000000000000000000CF
:10B1800000000000000000000000000000000000BF
:10B1900000000000000000000000000000000000AF
:10B1A000000000000000000000000000000000009F
:10B1B0000000000000000000000400200004002047
:10B1C00000040020000400200387FFE0038FFFE05D
:10B1D000038000200000002000000020000000206C
:10B1E000000000000000000000000000000000005F
:10B1F000000000000000000000000000000000004F
:10B20000000000000000000000000000000000003E
:10B21000000000000000000000000000000000002E
:10B22000000000000000000000000000000000001E
:10B230000000000000000000000000060000000701
:10B2400000000001000000010004000100040001F2
:10B2500000040003000400060387FFFC038FFFF8CF
:10B26000038000000000000000000000000000005B
:10B2700000000000000000000000000000000000CE
:10B2800000000000000000000000000000000000BE
:10B2900000000000000000000000000000000000AE
:10B2A000000000000000000000000000000000009E
:10B2B000020000200200002003FFFFE007FFFFE084
:10B2C0000000082000001020000030000000FC00FA
:10B2D00000058E00000707A0000601E0000400E062
:10B2E000000400200000002000000000000000001A
:10B2F000000000000000000000000000000000004E
:10B30000000000000000000000000000000000003D
:10B31000000000000000000000000000000000002D
:10B32000000000000000000000000000000000001D
:10B3300000000000000000000200002002000020C9
:10B34000020000200200002003FFFFE007FFFFE0F3
:10B35000000000200000002000000020000000206D
:10B3600000000000000000000000000000000000DD
:10B3700000000000000000000000000000000000CD
:10B3800000000000000000000000000000000000BD
:10B3900000000000000000000000000000000000AD
:10B3A000000000000000000000000000000000009D
:10B3B000000400200007FFE0000FFFE00002002073
:10B3C00000040000000400200007FFE00003FFE08D
:10B3D0000002002000040000000400200007FFE03D
:10B3E0000003FFE00000002000000000000000005B
:10B3F000000000000000000000000000000000004D
:10B40000000000000000000000000000000000003C
:10B41000000000000000000000000000000000002C
:10B42000000000000000000000000000000000001C
:10B4300000040020000400200007FFE0000FFFE0F0
:10B4400000010020000200200002000000040000B3
:10B450000004000000040020000600200003FFE0BC
:10B460000001FFE0000000200000002000000000BC
:10B4700000000000000000000000000000000000CC
:10B4800000000000000000000000000000000000BC
:10B4900000000000000000000000000000000000AC
:10B4A000000000000000000000000000000000009C
:10B4B0000000000000007E000000FF80000381C04B
:10B4C00000020040000600200004002000040020CC
:10B4D000000400200006002000020040000381C09C
:10B4E0000001FF8000007E0000000000000000005E
:10B4F000000000000000000000000000000000004C
:10B50000000000000000000000000000000000003B
:10B51000000000000000000000000000000000002B
:10B52000000000000000000000000000000000001B
:10B5300000040001000400010007FFFF000FFFFFEF
:10B54000000100C1000200410004002000040020AE
:10B55000000400200004002000060040000301C099
:10B560000001FF8000007E000000000000000000DD
:10B5700000000000000000000000000000000000CB
:10B5800000000000000000000000000000000000BB
:10B5900000000000000000000000000000000000AB
:10B5A000000000000000000000000000000000009B
:10B5B0000000000000007E000001FF80000380C04A
:10B5C00000020060000400200004002000040020AD
:10B5D0000004002000020041000300C10003FFFF3F
:10B5E0000007FFFF00000001000000010000000054
:10B5F000000000000000000000000000000000004B
:10B60000000000000000000000000000000000003A
:10B61000000000000000000000000000000000002A
:10B62000000000000000000000000000000000001A
:10B63000000400200004002000040020000400207A
:10B64000000FFFE0000FFFE00000C020000100201D
:10B65000000200200006002000040000000400009A
:10B6600000070000000300000000000000000000D0
:10B6700000000000000000000000000000000000CA
:10B6800000000000000000000000000000000000BA
:10B6900000000000000000000000000000000000AA
:10B6A000000000000000000000000000000000009A
:10B6B00000000000000003E00001C0E00003E040E3
:10B6C0000006302000043020000418200004182058
:10B6D0000004182000040C2000020C60000307C0C6
:10B6E0000007838000000000000000000000000050
:10B6F000000000000000000000000000000000004A
:10B700000000000000000000000000000000000039
:10B710000000000000000000000000000000000029
:10B720000000000000000000000000000000000019
:10B7300000000000000400000004000000040000FD
:10B74000000C0000001FFF8000FFFFC0000400602D
:10B750000004002000040020000400200004004039
:10B760000000018000000000000000000000000058
:10B7700000000000000000000000000000000000C9
:10B7800000000000000000000000000000000000B9
:10B7900000000000000000000000000000000000A9
:10B7A0000000000000000000000000000000000099
:10B7B00000040000000400000007FF80000FFFC02D
:10B7C00000000060000000200000002000000020B9
:10B7D0000000002000040040000400800007FFE09B
:10B7E000000FFFC00000004000000040000000000B
:10B7F0000000000000000000000000000000000049
:10B800000000000000000000000000000000000038
:10B810000000000000000000000000000000000028
:10B820000000000000000000000000000000000018
:10B830000004000000040000000780000007F00082
:10B840000004FE0000041FC0000003E000000380AD
:10B8500000001C00000460000007800000060000DB
:10B8600000040000000000000000000000000000D4
:10B8700000000000000000000000000000000000C8
:10B8800000000000000000000000000000000000B8
:10B8900000000000000000000000000000000000A8
:10B8A0000000000000000000000000000004000094
:10B8B000000600000007C0000007FC0000043F80F5
:10B8C000000003E000040F800006F0000007F00015
:10B8D0000007FF8000040FE00000038000043C002C
:10B8E0000007C00000060000000400000000000087
:10B8F0000000000000000000000000000000000048
:10B900000000000000000000000000000000000037
:10B910000000000000000000000000000000000027
:10B920000000000000000000000000000000000017
:10B93000000000200004002000040060000700E078
:10B94000000783200007E6000004F80000003C0028
:10B9500000045E20000587A0000601E000040060EE
:10B960000004002000000020000000000000000093
:10B9700000000000000000000000000000000000C7
:10B9800000000000000000000000000000000000B7
:10B9900000000000000000000000000000000000A7
:10B9A0000000000000000000000000000000000097
:10B9B0000004000000040003000700030007E0018A
:10B9C0000004F80100041F02000007FC000000E072
:10B9D00000000700000438000007C0000006000057
:10B9E000000400000004000000000000000000004F
:10B9F0000000000000000000000000000000000047
:10BA00000000000000000000000000000000000036
:10BA10000000000000000000000000000000000026
:10BA20000000000000000000000000000000000016
:10BA30000000000000078060000600E0000403E052
:10BA4000000407A000040E2000043C200004702025
:10BA50000005E0200007802000070060000400E0EF
:10BA60000000038000000000000000000000000053
:10BA700000000000000000000000000000000000C6
:10BA800000000000000000000000000000000000B6
:10BA900000000000000000000000000000000000A6
:10BAA0000000000000000000000000000000000096
:10BAB0000000000000000000000000000000000086
:10BAC0000000000000000000000080000000800076
:10BAD0000001400007FE3FF80800000410000002CB
:10BAE0001000000200000000000000000000000044
:10BAF0000000000000000000000000000000000046
:10BB00000000000000000000000000000000000035
:10BB10000000000000000000000000000000000025
:10BB20000000000000000000000000000000000015
:10BB30000000000000000000000000000000000005
:10BB4000000000000000000000000000FFFFFFFFF9
:10BB500000000000000000000000000000000000E5
:10BB600000000000000000000000000000000000D5
:10BB700000000000000000000000000000000000C5
:10BB800000000000000000000000000000000000B5
:10BB900000000000000000000000000000000000A5
:10BBA0000000000000000000000000000000000095
:10BBB0000000000010000002100000020800000455
:10BBC00007FE3FF8000140000000800000008000F8
:10BBD0000000000000000000000000000000000065
:10BBE0000000000000000000000000000000000055
:10BBF0000000000000000000000000000000000045
:10BC00000000000000000000000000000000000034
:10BC10000000000000000000000000000000000024
:10BC20000000000000000000000000000000000014
:10BC3000180000003000000040000000400000003C
:10BC4000400000002000000030000000080000005C
:10BC500004000000020000000200000002000000DA
:10BC60000C000000180000000000000000000000B0
:10BC700000000000000000000000000000000000C4
:10BC800000000000000000000000000000000000B4
:10BC900000000000000000000000000000000000A4
:10BCA000000000000000000000000000A01D0000D7
:10BCB000800F0000E0030000C0070000E003000068
:10BCC0004000000040000000400000004000000074
:10BCD000400000000068070000E0030000F80000DA
:10BCE00000F0010000F800003031323334353637CF
:10BCF00038394142434445464030580030313233B0
:10BD000034353637383961626364656640307800AF
:10BD10000400000800000000000000020001000014
:10BD2000100000003F0000006465630069640000CB
:10BD300072756E74696D650068656C700000000056
:10BD40006C6973740000000068657800766F696440
:10BD5000202A6D796D616C6C6F632875696E74381B
:10BD60005F74206D656D782C2075696E7433325F59
:10BD7000742073697A652900766F69642077726927
:10BD800074655F616464722875696E7433325F74C0
:10BD900020616464722C75696E7433325F7420762E
:10BDA000616C290075696E7433325F74207265614D
:10BDB000645F616464722875696E7433325F7420E5
:10BDC0006164647229000000766F6964206D796691
:10BDD0007265652875696E74385F74206D656D785D
:10BDE0002C20766F6964202A70747229000000008C
:10BDF000766F69642064656C61795F6D732875691D
:10BE00006E7431365F74206E6D732900766F6964CD
:10BE10002064656C61795F75732875696E7433325F
:08BE20005F74206E75732900A8
:040000050800029954
:00000001FF
