:020000040800F2
:10000000C072072489030008452D0008412D00080F
:10001000B51E0090310600083532000800000000CF
:100020000000000000000000000000001D00009023
:100030003506000800000000790000902931000812
:10004000A3030008A3030008A3030008A3030008F8
:10005000A3030008A3030008A3030008A3030008E8
:10006000A3030008A3030008A3030008A3030008D8
:10007000A3030008A3030008A3030008A3030008C8
:10008000A3030008A3030008A3030008A3030008B8
:10009000A3030008A3030008A3030008A3030008A8
:1000A000A3030008A3030008A3030008A303000898
:1000B000A3030008A3030008A3030008A303000888
:1000C000A3030008A3030008A3030008A303000878
:1000D000A3030008E5310008A3030008A3030008F8
:1000E000A3030008A303000800000000A303000806
:1000F000A3030008A3030008A3030008A303000848
:10010000A3030008A3030008A3030008A303000837
:10011000A3030008A3030008551F0090A3030008D1
:10012000A3030008A3030008A3030008A303000817
:10013000A3030008A3030008A3030008A303000807
:1001400000000000000000000000000000000000AF
:10015000A3030008A3030008A3030008A3030008E7
:10016000A3030008A3030008A3030008A3030008D7
:10017000A3030008A3030008A3030008A3030008C7
:10018000A3030008A3030008A3030008A3030008B7
:10019000A3030008A3030008A3030008A3030008A7
:1001A000A3030008A3030008A3030008A303000897
:1001B000A3030008A3030008A3030008A303000887
:1001C000A3030008A3030008A3030008A303000877
:1001D000A3030008A3030008A3030008A303000867
:1001E000A3030008A3030008A3030008A303000857
:1001F000A3030008A3030008A3030008A303000847
:10020000A3030008A3030008A3030008A303000836
:10021000A3030008A3030008A3030008A303000826
:10022000A3030008A3030008A303000800000000C4
:10023000A3030008A303000800000000A3030008B4
:10024000A3030008A3030008A3030008A3030008F6
:10025000A3030008A3030008A3030008A3030008E6
:10026000A3030008A3030008A3030008A3030008D6
:10027000A3030008A3030008A30300080000000074
:10028000A3030008A3030008A30300080000000064
:1002900000000000A303000800F002F800F064F87A
:1002A0000AA090E8000C82448344AAF10107DA45D1
:1002B00001D100F059F8AFF2090EBAE80F0013F0BF
:1002C000010F18BFFB1A43F001031847DC4300007D
:1002D000FC4300000A444FF0000C10F8013B13F0FF
:1002E000070408BF10F8014B1D1108BF10F8015B8F
:1002F000641E05D010F8016B641E01F8016BF9D182
:1003000013F0080F1EBF10F8014BAD1C0C1B09D1D8
:100310006D1E58BF01F801CBFAD505E014F8016B4A
:1003200001F8016B6D1EF9D59142D6D370470000DC
:100330000023002400250026103A28BF78C1FBD8EE
:10034000520728BF30C148BF0B6070471FB504F08B
:100350009DF900F0B5F804000020002104F080F9B8
:10036000E0601FBD10B510BD00F0B2F81146FFF7F8
:10037000EDFF02F0D9FF00F0D0F803B4FFF7F2FF71
:1003800003BC02F075FF0000094880470948004798
:10039000FEE7FEE7FEE7FEE7FEE7FEE7FEE7FEE735
:1003A000FEE7FEE704480549054A064B7047000092
:1003B0003D31000899020008C0680724C072072474
:1003C000C06A0724C06A0724704753EA020C00F091
:1003D00069802DE9F04B4FF00006002B1FBFB3FAE8
:1003E00083F503FA05F424FA05F65E4012BF1643BE
:1003F000B2FA82F502FA05F4C5F120051EBF22FA11
:1004000005FC44EA0C04203556EA044C4FEA144437
:1004100018BF641C4FF000084FF00009904271EBC8
:10042000030C39D3002919BFB1FA81F701FA07F695
:10043000B0FA80F700FA07F6C7F120071EBF20FACE
:1004400007FC46EA0C062037B6FBF4FCA7EB0507D1
:10045000103F07F01F0BCBF120060CFA0BFB2CFA18
:1004600006F644BFB3460026202FA4BF5E464FF0D9
:10047000000B5BEA060C08BF4FF0010B19EB0B09F0
:10048000ABFB027C48EB0608C01B06FB02CC0BFB57
:1004900003CC71EB0C01C1E70B46024641464846CE
:1004A000BDE8F08B13B54FF000004FF00001AFF343
:1004B0000080BDE81C407047704770477047704728
:1004C000004870477C680724004870475C68072430
:1004D0007546FFF7F9FFAE4605006946534620F022
:1004E0000700854618B020B5FFF75CFFBDE8204047
:1004F0004FF000064FF000074FF000084FF0000BE0
:1005000021F00701AC46ACE8C009ACE8C009ACE892
:10051000C009ACE8C0098D46704710B50446AFF37A
:1005200000802046BDE81040FFF727BF46F6816CEB
:10053000C9F2030C604741F6F12CC9F2000C604788
:1005400041F6DF2CC9F2000C604741F6755CC9F238
:10055000000C604749F2D13CC9F2010C604740F2FF
:10056000B50CC9F2030C604748F6790CC9F2010CCE
:10057000604745F6957CC9F2010C604740F2653C46
:10058000C9F2030C60474FF67D1CC9F2020C6047AC
:1005900046F2D77CC9F2030C604746F61F0CC9F23D
:1005A000030C604746F66D0CC9F2030C604746F633
:1005B0000D1CC9F2030C604746F6911CC9F2030CEE
:1005C000604740F2415CC9F2000C604740F2E10C28
:1005D000C9F2000C604746F6190CC9F2030C6047DB
:1005E00041F2A11CC9F2030C604746F2FF7CC9F23C
:1005F000030C604741F6FD4CC9F2000C604746F61B
:10060000530CC9F2030C604747F2C51CC9F2030C36
:10061000604746F6195CC9F2030C604740F6457C1A
:10062000C9F2030C604740F2A15CC9F2000C6047BC
:1006300000BFFEE77047000070B504460CB901200A
:1006400070BD94F83500022803D080206065012039
:10065000F6E7DC492068884249D0DA491831206839
:10066000884244D0D7493031206888423FD0D549AC
:100670004831206888423AD0D249603120688842A7
:1006800035D0D04978312068884230D0CD4990317A
:10069000206888422BD0CB49A8312068884226D0D8
:1006A000C9492068884222D0C74918312068884249
:1006B0001DD0C54930312068884218D0C249483120
:1006C0002068884213D0C0496031206888420ED02B
:1006D000BD4978312068884209D0BB4990312068F3
:1006E000884204D0B849A8312068884201D101204D
:1006F00000E00020F0B3042084F83500B149206800
:1007000088424BD0AF4918312068884246D0AD4965
:1007100030312068884241D0AA4948312068884257
:100720003CD0A84960312068884237D0A54978314B
:100730002068884232D0A3499031206888422DD069
:10074000A049A8312068884228D09F492068884263
:1007500024D09D491831206888421FD09A493031F1
:10076000206888421AD0984948312068884215D0BC
:10077000954900E020E06031206888420ED092491F
:1007800078312068884209D08F49903120688842AA
:1007900004D08D49A8312068884206D120680068BD
:1007A00020F001002168086009E12068006820F05D
:1007B00001002168086002E12068006820F00E0056
:1007C000216808607F492068884249D07D491831F6
:1007D0002068884244D07B493031206888423FD02D
:1007E00078494831206888423AD07649603120689B
:1007F000884235D0734978312068884230D07149B9
:100800009031206888422BD06E49A83120688842F8
:1008100026D06D492068884222D06B491831206863
:1008200088421DD0684930312068884218D0664916
:1008300048312068884213D063496031206888427B
:100840000ED0614978312068884209D05E499031E4
:100850002068884204D05C49A8312068884206D1CB
:100860002068006820F001002168086005E0206829
:10087000006820F001002168086052492068884221
:1008800070D050491831206888426BD04D493031C2
:100890002068884266D04B4948312068884261D040
:1008A00048496031206888425CD0464978312068E8
:1008B000884257D0434990312068884252D04149FC
:1008C000A831206888424DD03F492068884249D0ED
:1008D0003D4918312068884244D03B493031206876
:1008E00088423FD038494831206888423AD036495A
:1008F00060312068884235D0334978312068884299
:1009000030D031499031206888422BD02E49A8310F
:100910002068884226D02D492068884222D02B4961
:100920001431206888421DD0284928312068884227
:1009300018D026493C312068884213D023495031D1
:10094000206888420ED0214964312068884209D04D
:100950001E4978312068884204D01C498C312068B7
:10096000884201D1012000E00020D8B1206E00684B
:1009700020F48070216E0860A56D94F85C0000F092
:100980001F01012088406860D4E919104860E06EBA
:1009900040B1E06E006820F48070E16E0860D4E938
:1009A0001C10486000BF002084F8340000BF012004
:1009B00084F83500206D10B12046216D8847002055
:1009C0003EE60000100002401004024008540258A5
:1009D0000348006840F001000149086070470000CA
:1009E00020040058F8B502460023734DDEE00127CD
:1009F0009F400E6806EA0704002C71D04E68022E54
:100A000002D04E68122E13D1DF0802F1200656F8EC
:100A100027005E07F70E0F26BE40B0435F07FF0EAC
:100A20000E69BE403043DF0802F1200646F8270079
:100A300010685F000326BE40B0430E7906F003063F
:100A40005F00BE40304310604E68012E08D04E68F3
:100A5000022E05D04E68112E02D04E68122E13D1F0
:100A600090685F000326BE40B0435F00CE68BE4082
:100A700030439060506801269E40B0430E79C6F323
:100A800000169E4030435060D0685F000326BE4091
:100A9000B0435F008E68BE403043D0604E6806F0C1
:100AA0008056B6F1805F1BD100BF444E366846F0D9
:100AB0000206424F3E603E46366806F00206009649
:100AC00000BF00BF3E4E9F0856F827009E07370F15
:100AD0000F26BE40B0433B4EB24202D100262EE06C
:100AE00063E0394EB24201D1012628E0374EB242CE
:100AF00001D1022623E0364EB24201D103261EE088
:100B0000344EB24201D1042619E0334EB24201D133
:100B1000052614E0314EB24201D106260FE0304ED8
:100B2000B24201D107260AE02E4EB24201D1082678
:100B300005E02D4EB24201D1092600E00A269F07AA
:100B40003F0FBE4030431E4E9F0846F827002868DE
:100B5000A0434E6806F48036B6F5803F00D12043AE
:100B600028606868A0434E6806F40036B6F5003F7A
:100B700000D1204368604FF0B0463068A0434E6813
:100B800006F48016B6F5801F00D120434FF0B04622
:100B900030607068A0434E6806F40016B6F5001F7A
:100BA00000D120434FF0B04670605B1C0E68DE4001
:100BB000002E7FF41CAFF8BD80000058F4440258AA
:100BC00008040058000002580004025800080258A7
:100BD000000C025800100258001402580018025865
:100BE000001C0258002002580024025802461369D3
:100BF0000B400BB1012000E00020704742690A4021
:100C00008A4202D10A04826100E0816170470AB120
:100C1000816101E00B0483617047000001480068B6
:100C2000000C70470010005C01480068704700002D
:100C3000200000240348006803490978084401495A
:100C400008607047200000242800002410B503200D
:100C500000F00AF901F0CCFA10490968C1F3032148
:100C60000F4A515C01F01F01C8400E4908600B4853
:100C7000006800F00F001146085C00F01F010948F1
:100C80000068C840084908600F2000F00FF808B15C
:100C9000012010BD00F09AF80020FAE7184402582D
:100CA00096460008000000240400002470B50446A5
:100CB0001148007808B9012070BD0F4800784FF442
:100CC0007A71B1FBF0F00D490968B1FBF0F52846E7
:100CD00001F078FF08B10120EEE7102C07D20022C6
:100CE0002146501E00F083F80548046001E0012011
:100CF000E2E70020E0E700002800002400000024D4
:100D0000240000244178154A11600178F9B1121DC0
:100D100041681160017B0907C27A41EA0261827A67
:100D200041EAC241427B41EA8241827B41EA42413F
:100D3000C27B41EA0241427A41EA0221027A41EA57
:100D4000420102781143054A0832116005E0002192
:100D5000024A121D1160121D1160704798ED00E0EB
:100D600000BF00BF00BFBFF35F8F00BF00BF00BF69
:100D70000548006820F480300349086000200249DB
:100D8000703108607047000024ED00E040F0010180
:100D90000D4A11600C497039096841F480310A4AE2
:100DA000703A116000BF00BF00BFBFF34F8F00BF9C
:100DB00000BF00BF00BF00BF00BFBFF36F8F00BF09
:100DC00000BF00BF7047000094ED00E0704701468F
:100DD0000846002809DB00F01F0301229A4043095E
:100DE0009B0003F1E023C3F8002100BF70472DE909
:100DF000F05F80460D46164602F01EFA0746394659
:100E00002A46334601F00700C0F1070ABAF1040F81
:100E100002D94FF0040A01E0C0F1070AD14600F1FF
:100E2000040ABAF1070F02D24FF0000A01E0A0F164
:100E3000030AD4464FF0010A0AFA09FAAAF1010A94
:100E40000AEA020A0AFA0CFA4FF0010B0BFA0CFB41
:100E5000ABF1010B0BEA030B4AEA0B0421464046B7
:100E600002F0F2F9BDE8F09F00BF00F00702064B68
:100E700019684FF6FF031940044B0B4343EA022164
:100E8000014B196000BF70470CED00E00000FA054F
:100E90000348006840F08070014908607047000016
:100EA0000C48025810B501F0A3F907490968C1F3CD
:100EB0000321064A515C01F01F01C8400449086043
:100EC0000846006810BD0000184402589646000805
:100ED0000000002410B501F04FF905490968C1F37D
:100EE0000211044A515C01F01F01C84010BD00000E
:100EF000204402589646000870B50146844D2D687E
:100F000005F00303824D2D68C5F30530804D2D1D7E
:100F10002D68C5F300147E4D14352D68C5F3CC053E
:100F200015FB04F501EE105AB8EE411AF0EE410A35
:100F300000286FD023B1012B4ED0022B6BD16BE078
:100F4000734D283D2D68C5F340153DB3704D283DC8
:100F50002D68C5F3C1066F4D25FA06F201EE102A81
:100F6000F8EE411A01EE100AB8EE411A81EE812A1C
:100F70009FED691AC0EE811A654D10352D68C5F3D5
:100F8000080501EE105AB8EE411A31EE811AF7EE5B
:100F9000001A31EE211A22EE010A1CE001EE100ABD
:100FA000B8EE411ADFED5D1A81EE812A9FED5A1AE3
:100FB000C0EE811A564D10352D68C5F3080501EEB7
:100FC000105AB8EE411A31EE811AF7EE001A31EEDE
:100FD000211A22EE010A5BE001EE100AB8EE411A76
:100FE000DFED4F1A81EE812A9FED4B1AC0EE811A78
:100FF000474D10352D68C5F3080501EE105AB8EEBF
:10100000411A31EE811AF7EE001A31EE211A22EE62
:10101000010A3DE077E01DE001EE100AB8EE411A4A
:101020009FED402AC2EE011A9FED3B1A80EE812A05
:10103000374D10352D68C5F3080501EE105AB8EE8E
:10104000411A32EE011AB7EE002A31EE021A21EEF1
:10105000810A1DE001EE100AB8EE411ADFED301AE8
:1010600081EE812A9FED2C1AC0EE811A284D103591
:101070002D68C5F3080501EE105AB8EE411A31EE9D
:10108000811AF7EE001A31EE211A22EE010A00BF92
:1010900000BF1F4D10352D68C5F3462501EE105ACF
:1010A000B8EE411AF7EE001A31EE211AC0EE011A1D
:1010B000BCEEE11A81ED001A154D10352D68C5F30F
:1010C000064501EE105AB8EE411AF7EE001A31EE5D
:1010D000211AC0EE011ABCEEE11A81ED011A0C4D85
:1010E00010352D68C5F3066501EE105AB8EE411AA9
:1010F000F7EE001A31EE211AC0EE011ABCEEE11A29
:1011000081ED021A03E000250D604D608D6070BD19
:10111000284402580090D003000000460024744C7C
:101120000024744A0024F44A70B50146844D2D68A9
:1011300005F00303824D2D68C5F30550804D2D1D2C
:101140002D68C5F300247E4D1C352D68C5F3CC05F4
:1011500015FB04F501EE105AB8EE411AF0EE410A03
:1011600000286FD023B1012B4ED0022B6BD16BE046
:10117000734D283D2D68C5F340153DB3704D283D96
:101180002D68C5F3C1066F4D25FA06F201EE102A4F
:10119000F8EE411A01EE100AB8EE411A81EE812AEA
:1011A0009FED691AC0EE811A654D18352D68C5F39B
:1011B000080501EE105AB8EE411A31EE811AF7EE29
:1011C000001A31EE211A22EE010A1CE001EE100A8B
:1011D000B8EE411ADFED5D1A81EE812A9FED5A1AB1
:1011E000C0EE811A564D18352D68C5F3080501EE7D
:1011F000105AB8EE411A31EE811AF7EE001A31EEAC
:10120000211A22EE010A5BE001EE100AB8EE411A43
:10121000DFED4F1A81EE812A9FED4B1AC0EE811A45
:10122000474D18352D68C5F3080501EE105AB8EE84
:10123000411A31EE811AF7EE001A31EE211A22EE30
:10124000010A3DE077E01DE001EE100AB8EE411A18
:101250009FED402AC2EE011A9FED3B1A80EE812AD3
:10126000374D18352D68C5F3080501EE105AB8EE54
:10127000411A32EE011AB7EE002A31EE021A21EEBF
:10128000810A1DE001EE100AB8EE411ADFED301AB6
:1012900081EE812A9FED2C1AC0EE811A284D183557
:1012A0002D68C5F3080501EE105AB8EE411A31EE6B
:1012B000811AF7EE001A31EE211A22EE010A00BF60
:1012C00000BF1F4D18352D68C5F3462501EE105A95
:1012D000B8EE411AF7EE001A31EE211AC0EE011AEB
:1012E000BCEEE11A81ED001A154D18352D68C5F3D5
:1012F000064501EE105AB8EE411AF7EE001A31EE2B
:10130000211AC0EE011ABCEEE11A81ED011A0C4D52
:1013100018352D68C5F3066501EE105AB8EE411A6E
:10132000F7EE001A31EE211AC0EE011ABCEEE11AF6
:1013300081ED021A03E000250D604D608D6070BDE7
:10134000284402580090D003000000460024744C4A
:101350000024744A0024F44A2DE9F0410446002593
:10136000A846206800F00060B0F1006F30D1606ED8
:1013700048B1B0F5801F0DD0B0F5001F10D0B0F50A
:10138000401F15D113E0F948006840F40030F749D8
:1013900008600FE00221201D01F0D6FC054609E09F
:1013A000022104F1240001F081FD054602E001E084
:1013B000012500BF00BF55B9EC482430006820F477
:1013C0004010616E0843E9492431086000E0A846F6
:1013D000208800F48070B0F5807F2DD1606D0528E5
:1013E0001AD2DFE800F0030A10171800DF4800687F
:1013F00040F40030DD49086010E00021201D01F0BC
:10140000A3FC05460AE0002104F1240001F04EFD92
:10141000054603E002E001E0012500BF00BF55B929
:10142000D2482430006820F00700616D0843CF499E
:101430002431086000E0A846208800F40070B0F570
:10144000007F33D1A06D802817D003DC40B1402845
:101450001CD10CE0C02817D0B0F5807F16D114E065
:10146000C248006840F40030C049086010E0002124
:10147000201D01F069FC05460AE0002104F124006A
:1014800001F014FD054603E002E001E0012500BF84
:1014900000BF55B9B5482430006820F4E070A16D54
:1014A0000843B2492431086000E0A846208800F4CF
:1014B0008060B0F5806F38D1D4F8A400B0F5800F0B
:1014C00019D004DC50B1B0F5001F1DD10DE0B0F50E
:1014D000C00F17D0B0F5000F16D114E0A348006874
:1014E00040F40030A149086010E00021201D01F007
:1014F0002BFC05460AE0002104F1240001F0D6FC93
:10150000054603E002E001E0012500BF00BF5DB930
:1015100096482C30006820F46000D4F8A4100843EA
:1015200092492C31086000E0A846208800F4006051
:10153000B0F5006F38D1D4F8A800B0F1007F19D011
:1015400004DC50B1B0F1807F1DD10DE0B0F1407FDF
:1015500017D0B0F1806F16D114E08448006840F4D1
:1015600000308249086010E00021201D01F0ECFBF2
:1015700005460AE0002104F1240001F097FC05462D
:1015800003E002E001E0012500BF00BF5DB977483C
:101590002C30006820F0E060D4F8A81008437349AC
:1015A0002C31086000E0A846206800F00070B0F11F
:1015B000007F27D1A06CA0B1102804D0202809D02A
:1015C00030280FD10CE06948006840F400306749CA
:1015D000086009E00221201D01F0B6FB054603E08A
:1015E00002E001E0012500BF00BF55B95F4820308F
:1015F000006820F03000A16C08435C49203108608D
:1016000000E0A846208800F48050B0F5805F36D115
:10161000E06DB0F5005F19D004DC50B1B0F5805F2B
:101620001DD10DE0B0F5405F17D0B0F5804F16D159
:1016300014E04E48006840F400304C49086010E067
:101640000021201D01F080FB05460AE0002104F185
:10165000240001F02BFC054603E002E001E0012537
:1016600000BF00BF55B941482430006820F4E04075
:10167000E16D08433D492431086000E0A846208818
:1016800000F40050B0F5005F34D1206EB0F5403F5B
:101690001DD007DC68B1B0F5803F0BD0B0F5003F3E
:1016A00018D10DE0B0F5802F12D0B0F5A02F11D1D8
:1016B0000FE011E00121201D01F046FB05460BE083
:1016C000012104F1240001F0F1FB054604E003E0F0
:1016D00002E001E0012500BF00BF55B923482430D6
:1016E000006820F4E020216E08432049243108607E
:1016F00000E0A846208800F48040B0F5804F38D143
:10170000D4F8AC00B0F1405F1DD007DC68B1B0F197
:10171000805F0BD0B0F1005F18D10DE0B0F1804FC9
:1017200012D0B0F1A04F11D10FE011E00121201D26
:1017300001F00AFB05460BE0012104F1240001F051
:10174000B5FB054604E003E002E001E0012500BF2F
:1017500000BF6DB905482C30006820F0E040D4F897
:10176000AC10084301492C31086002E02C440258B7
:10177000A846208800F40040B0F5004F26D1E06E66
:1017800098B1B0F1805F03D0B0F1005F0ED106E0F8
:10179000F948006840F40030F749086008E001218A
:1017A000201D01F0D1FA054602E001E0012500BF4D
:1017B00000BF55B9F0482430006820F04050E16E79
:1017C0000843ED492431086000E0A846206800F095
:1017D0008070B0F1807F27D1606CA0B1012804D067
:1017E000022809D003280FD10CE0E348006840F438
:1017F0000030E149086009E00221201D01F0A4FA4F
:10180000054603E002E001E0012500BF00BF55B935
:10181000D9482030006820F00300616C0843D649A5
:101820002031086000E0A846206800F48000B0F590
:10183000800F7DD1D148006840F48070CF490860A6
:10184000FFF7F2F9064606E0FFF7EEF9801B642881
:1018500001D9032505E0C948006800F4807000281C
:10186000F2D000BF85BBC4484430006800F440702B
:10187000B4F8B01001F44071884213D0BE4844302F
:10188000006820F44077BC484430006840F4803061
:10189000B949443108600846006820F48030086087
:1018A00008460760D4F8B000B0F5807F15D1FFF787
:1018B000BBF9064609E0FFF7B7F9801B41F2883112
:1018C000884202D9032507E038E0AB48443000687D
:1018D000C0F340000028EED000BF55BB00BFB4F8F5
:1018E000B00000F44070B0F5407F0ED1A2481C3823
:1018F000006820F47C51A24AD4F8B000104041EABC
:1019000010109D491C39086007E09B481C3800688E
:1019100020F47C5098491C3908609748443000688E
:10192000B4F8B010C1F30B0108439349443101E00E
:1019300005E001E0086002E0A84600E0A846207843
:1019400000F0010068B3A06F182819D005DC48B179
:10195000082808D0102816D10BE0202811D02828FC
:1019600011D10FE011E00121201D01F0EDF9054634
:101970000BE0012104F1240001F098FA054604E08F
:1019800003E002E001E0012500BF00BF55B97A483D
:101990002830006820F03800A16F084376492831CC
:1019A000086000E0A846207800F00200022828D154
:1019B000606F062815D2DFE800F003040A11121345
:1019C00011E00121201D01F0BFF905460BE00121C6
:1019D00004F1240001F06AFA054604E003E002E0A5
:1019E00001E0012500BF00BF55B9634828300068F9
:1019F00020F00700616F08435F492831086000E06C
:101A0000A846207800F0040004282AD1D4F89000D9
:101A1000062815D2DFE800F003040A11121311E0C2
:101A20000121201D01F090F905460BE0012104F190
:101A3000240001F03BFA054604E003E002E001E087
:101A4000012500BF00BF5DB94B482C30006820F075
:101A50000700D4F89010084347492C31086000E093
:101A6000A846207800F02000202836D1D4F88C0039
:101A7000B0F1405F1DD007DC68B1B0F1805F0BD0E2
:101A8000B0F1005F18D10DE0B0F1804F12D0B0F18D
:101A9000A04F11D10FE011E00021201D01F054F9F9
:101AA00005460BE0022104F1240001F0FFF9054690
:101AB00004E003E002E001E0012500BF00BF5DB9E2
:101AC0002D482830006820F0E040D4F88C100843FE
:101AD00029492831086000E0A846207800F040003D
:101AE000402836D1D4F89800B0F5406F1DD007DCFF
:101AF00068B1B0F5806F0BD0B0F5006F18D10DE074
:101B0000B0F5805F12D0B0F5A05F11D10FE011E009
:101B10000021201D01F018F905460BE0022104F117
:101B2000240001F0C3F9054604E003E002E001E00F
:101B3000012500BF00BF5DB90F482C30006820F4BC
:101B4000E050D4F8981008430B492C31086000E0AD
:101B5000A846207800F0800080283AD1D4F89C0074
:101B6000B0F5C04F23D00DDC98B1B0F5005F11D0B7
:101B7000B0F5804F1ED113E02C44025800480258A3
:101B8000FFFCFF0FB0F5004F12D0B0F5204F11D180
:101B90000FE011E00021201D01F0D6F805460BE012
:101BA000022104F1240001F081F9054604E003E07C
:101BB00002E001E0012500BF00BF4DB9AD4800685B
:101BC00020F46040D4F89C100843AA49086000E063
:101BD000A846207800F00800082817D1D4F8800023
:101BE000B0F5805F07D1022104F1240001F05EF915
:101BF00008B14FF001089F48001F006820F44050D2
:101C0000D4F8801008439B49091F0860207800F031
:101C10001000102815D1D4F89400B0F5807F07D1BA
:101C2000022104F1240001F041F908B14FF001084C
:101C30009048006820F44070D4F8941008438D490F
:101C40000860206800F40020B0F5002F26D1D4F8F9
:101C5000A00030B1B0F5803F09D0B0F5003F0ED103
:101C60000CE00021201D01F06FF8054609E002217B
:101C700004F1240001F01AF9054602E001E0012513
:101C800000BF00BF4DB97B48006820F44030D4F855
:101C9000A01008437749086000E0A846206800F4D7
:101CA0008020B0F5802F2DD1D4F88400B0F5801FAE
:101CB00006D0B0F5001F0CD0B0F5401F11D10FE0D9
:101CC0006C482C38006840F400306A492C390860B0
:101CD00009E0012104F1240001F0E8F8054602E0E2
:101CE00001E0012500BF00BF5DB96248001F006828
:101CF00020F44010D4F8841008435E49091F08609E
:101D000000E0A846206800F48030B0F5803F24D180
:101D1000E06C18B1B0F5803F0FD108E055482C3881
:101D2000006840F4003053492C39086007E0022174
:101D3000201D01F009F8054601E0012500BF00BFA4
:101D400055B94C480C38006820F48030E16C0843E9
:101D500048490C39086000E0A846206800F00050AF
:101D6000B0F1005F07D1022104F1240001F09EF8D8
:101D700008B14FF00108206800F40030B0F5003FD2
:101D800027D1E06FA0B1B0F5807F06D0B0F5007F1D
:101D90000CD0B0F5407F0CD109E036482C380068F3
:101DA00040F4003033492C39086004E003E002E0DD
:101DB00001E0012500BF00BF55B92E48001F006893
:101DC00020F44070E16F08432A49091F086000E0D1
:101DD000A846206800F48010B0F5801F09D125487E
:101DE0000838006820F00040216F08432149083975
:101DF0000860206800F40010B0F5001F09D11D48EC
:101E00000838006820F08070A16E0843194908392D
:101E10000860206800F08040B0F1804F11D100BF11
:101E200014484838006820F40040124948390860D6
:101E300008460068D4F8B81008430E4948390860CD
:101E400000BF206800F00040B0F1004F09D1094800
:101E50000C38006820F04050216D084305490C39CA
:101E60000860B8F1000F02D10020BDE8F081012028
:101E7000FBE70000584402582DE9F04104460D46A6
:101E800014B90120BDE8F081B648006800F00F00E9
:101E9000A8420ED2B348006820F00F002843B14991
:101EA00008600846006800F00F00A84201D0012039
:101EB000E8E7207800F0040004280ED1AA49206940
:101EC000096801F07001884207D9A748006820F02E
:101ED000700021690843A4490860207800F00800D8
:101EE000082811D1A049091D6069096801F0700135
:101EF000884209D99C48001D006820F07000616983
:101F000008439949091D0860207800F01000102846
:101F100011D19549091DA069096801F4E061884261
:101F200009D99148001D006820F4E060A1690843C8
:101F30008D49091D0860207800F02000202811D16B
:101F400089490831E069096801F07001884209D9BE
:101F500085480830006820F07000E1690843824934
:101F600008310860207800F0020002280ED17E4976
:101F7000E068096801F00F01884207D97A480068D3
:101F800020F00F00E168084377490860207800F0EE
:101F90000100002850D07448006820F47060A168E7
:101FA0000843714908606068022807D16E481838F4
:101FB0000068C0F34040F8B9012063E76068032877
:101FC00007D1694818380068C0F34060A0B9012003
:101FD00058E76068012807D1634818380068C0F3E3
:101FE000002048B901204DE75F4818380068C0F369
:101FF000800008B9012045E75B480838006820F0F8
:10200000070061680843584908390860FEF70CFE6C
:10201000064608E0FEF708FE801B41F28831884240
:1020200001D903202EE750480838006800F0380036
:102030006168B0EBC10FEDD1207800F002000228FA
:102040000ED14949E068096801F00F01884207D2C2
:102050004548006820F00F00E168084342490860E5
:102060004048006800F00F00A8420ED93D480068C3
:1020700020F00F0028433B4908600846006800F044
:102080000F00A84201D00120FCE6207800F00400F7
:1020900004280ED134492069096801F07001884292
:1020A00007D23148006820F07000216908432E49AA
:1020B0000860207800F00800082811D12A49091D7D
:1020C0006069096801F07001884209D22648001D44
:1020D000006820F07000616908432349091D086009
:1020E000207800F01000102811D11F49091DA069A7
:1020F000096801F4E061884209D21B48001D0068AC
:1021000020F4E060A16908431749091D08602078A0
:1021100000F02000202811D113490831E069096836
:1021200001F07001884209D20F480830006820F0A1
:102130007000E16908430C490831086000F058F864
:1021400009490968C1F30321084A515C01F01F01E4
:10215000C8400749086007480068FEF7A7FD074622
:1021600038468FE600200052184402589646000870
:10217000000000242400002410B5FEF793FE074958
:10218000096801F00F01064A515C01F01F01C840C7
:10219000044908600846006810BD00001844025851
:1021A000964600080400002410B5FFF7E5FF054936
:1021B0000968C1F30211044A515C01F01F01C840D3
:1021C00010BD00001C4402589646000810B5FFF7E9
:1021D000D3FF05490968C1F30221044A515C01F0AB
:1021E0001F01C84010BD00001C440258964600085C
:1021F000F0B5824E366806F0380636B1082E15D096
:10220000102E15D0182E7DD114E07C4E103E36686D
:10221000C6F3401646B1794E103E3668C6F3C10784
:10222000774E26FA07F000E07548E5E07548E3E0F0
:102230007548E1E0714E1836366806F003046F4EBB
:1022400018363668C6F305116C4E1C36366806F033
:1022500001056A4E24363668C6F3CC0616FB05F631
:1022600001EE106AB8EE410A002971D024B1012CA8
:1022700050D0022C6DD16DE0604E103E3668C6F332
:1022800040163EB35D4E103E3668C6F3C1075C4E45
:1022900026FA07F301EE103AF8EE411A01EE101A91
:1022A000B8EE411A81EE812A9FED581AC0EE011A4C
:1022B000524E20363668C6F3080601EE106AB8EEB4
:1022C000411A31EE811AF7EE001A31EE211A62EE50
:1022D000010A1EE001EE101AB8EE411ADFED4C1AA9
:1022E00081EE812A9FED491AC0EE011A434E203635
:1022F0003668C6F3080601EE106AB8EE411A31EEF0
:10230000811A00E076E0F7EE001A31EE211A62EE53
:10231000010A5BE001EE101AB8EE411A9FED3D2A6A
:10232000C2EE011A9FED391A80EE012A334E203693
:102330003668C6F3080601EE106AB8EE411A32EEAE
:10234000011AB7EE002A31EE021A61EE810A3DE071
:102350004EE01DE001EE101AB8EE411ADFED2E1A24
:1023600081EE812A9FED291AC0EE011A234E2036F4
:102370003668C6F3080601EE106AB8EE411A31EE6F
:10238000811AF7EE001A31EE211A62EE010A1DE001
:1023900001EE101AB8EE411A9FED1E2AC2EE011A84
:1023A0009FED1A1A80EE012A144E20363668C6F3C5
:1023B000080601EE106AB8EE411A32EE011AB7EEC5
:1023C000002A31EE021A61EE810A00BF00BF0B4EF7
:1023D00020363668C6F34626721C01EE102AB8EE87
:1023E000411AC0EE811ABCEEE11A11EE100A00E0AB
:1023F000002001E0034800BF00BFF0BD10440258B8
:102400000090D00300093D0000127A000000004651
:102410000024744C0024744A0024F44A2DE9F04747
:10242000044614B90120BDE8F087207800F00100CF
:10243000002872D0F948006800F03808F7481830D2
:10244000D0F80090B8F1100F06D0B8F1180F0FD1E6
:1024500009F0030002280BD1F04810380068C0F3DF
:10246000404000286ED0606800286BD10120DAE778
:1024700000BF6068B0F5803F08D1E84810380068B8
:1024800040F48030E549103908602EE0606868B992
:10249000E2481038006820F48030E04910390860C4
:1024A0000846006820F4802008601EE06068B0F5EF
:1024B000A02F0DD1D9481038006840F48020D749AA
:1024C000103908600846006840F4803008600CE06D
:1024D000D2481038006820F48030D04910390860A4
:1024E0000846006820F48020086000BF6068A8B13A
:1024F000FEF79AFB054608E0FEF796FB401B41F20B
:102500008831884201D903208DE7C448103800681B
:10251000C0F340400028EFD014E014E0FEF784FB45
:10252000054608E0FEF780FB401B41F288318842F7
:1025300001D9032077E7B94810380068C0F340405C
:102540000028EFD100BF207800F0020002286BD1F4
:10255000B248006800F03808B0481830D0F8009051
:10256000B8F1000F05D0B8F1180F2BD109F0030016
:1025700040BBAA4810380068C0F3800018B1E0687A
:1025800008B901204FE700BFFEF748FB41F2030105
:1025900088420BD8A1480C38006820F47C302169AF
:1025A00040EA01309D490C3908600AE09B480C382C
:1025B000006820F0FE40217C40EA016097490C3918
:1025C000086058E0E06870B394481038006820F064
:1025D0001900E1680843914910390860FEF724FBAF
:1025E000054606E0FEF720FB401B022801D9032028
:1025F00019E78A4810380068C0F380000028F1D03D
:1026000000BFFEF70BFB41F2030188420DD883485F
:102610000C38006820F47C30216940EA01307F49A1
:102620000C3908600CE00CE026E07C480C380068AF
:1026300020F0FE40217C40EA016078490C390860B6
:1026400019E076481038006820F00100734910390D
:102650000860FEF7E9FA054606E0FEF7E5FA401BDA
:10266000022801D90320DEE66C4810380068C0F368
:1026700080000028F1D100BF207800F01000102861
:102680006ED16648006800F0380864481830D0F809
:102690000090B8F1080F06D0B8F1180F2FD109F04B
:1026A000030001282BD15D4810380068C0F30020DA
:1026B00020B1E069802801D00120B4E600BFFEF718
:1026C000ADFA41F2030188420CD854480C38006836
:1026D00020F0F84094F8201040EA81604F490C390E
:1026E00008600BE04D48001F006820F07C5094F813
:1026F000201040EA01604949091F086058E0E0697C
:1027000068B346481038006840F0800043491039EB
:102710000860FEF789FA054606E0FEF785FA401BD9
:10272000022801D903207EE63C4810380068C0F337
:1027300000200028F1D000BFFEF770FA41F203013B
:1027400088420ED835480C38006820F0F84094F8DC
:10275000201040EA816031490C3908600DE00DE03D
:1027600027E02E48001F006820F07C5094F82010CD
:1027700040EA01602949091F086019E0274810381C
:10278000006820F08000254910390860FEF74CFAF7
:10279000054606E0FEF748FA401B022801D903204F
:1027A00041E61E4810380068C0F300200028F1D12F
:1027B00000BF207800F00800082837D16069D0B148
:1027C00016486430006840F0010014496431086024
:1027D000FEF72AFA054606E0FEF726FA401B022815
:1027E00001D903201FE60D4864300068C0F34000A3
:1027F0000028F1D01AE009486430006820F0010098
:10280000064964310860FEF70FFA054608E0FEF756
:102810000BFA401B022803D9032004E61044025897
:10282000DC480068C0F340000028F0D1207800F0B8
:102830002000202836D1A069D0B1D648743800686D
:1028400040F48050D34974390860FEF7EDF905462D
:1028500006E0FEF7E9F9401B022801D90320E2E572
:10286000CC4874380068C0F340300028F1D019E03B
:10287000C8487438006820F48050C649743908602C
:10288000FEF7D2F9054606E0FEF7CEF9401B022816
:1028900001D90320C7E5BF4874380068C0F3403051
:1028A0000028F1D1207800F0040004287DD1BA4836
:1028B000006840F48070B8490860FEF7B5F9054635
:1028C00006E0FEF7B1F9401B642801D90320AAE510
:1028D000B148006800F480700028F2D000BFA06802
:1028E000012808D1AB48001F006840F00100A94949
:1028F000091F08602DE0A06868B9A648001F00689D
:1029000020F00100A349091F08600846006820F074
:10291000040008601DE0A06805280DD19D48001F37
:10292000006840F004009B49091F086008460068E1
:1029300040F0010008600CE09648001F006820F09D
:1029400001009449091F08600846006820F004004F
:10295000086000BFA068A0B1FEF766F9054608E070
:10296000FEF762F9401B41F28831884201D9032009
:1029700059E58848001F0068C0F340000028EFD0E8
:1029800013E0FEF751F9054608E0FEF74DF9401B4C
:1029900041F28831884201D9032044E57D48001F77
:1029A0000068C0F340000028EFD1606A00287DD0A5
:1029B00078486438006800F03800182877D0606ADA
:1029C000022875D173487438006820F0807071490E
:1029D00074390860FEF728F9054606E0FEF724F989
:1029E000401B022801D903201DE56A48743800689D
:1029F000C0F340600028F1D100BFD4E90A1041EAD9
:102A0000001064494C39096840F2F332914308439D
:102A100060494C390860208E401EC0F30800616B8D
:102A2000491E4FF47E4202EA41210843218F491E8C
:102A3000D20102EA014108433C21095D491E12020C
:102A400002EA0161084353494439086000BF081F86
:102A5000006820F00100091F08604E4840380068F7
:102A60004FF6F8718843A16C40EAC10049494039EA
:102A7000086048484838006820F00C00216C084382
:102A80004449483908600846006820F00200616C3B
:102A900008434049483908600846006840F48030DF
:102AA00008600846006840F4003002E06FE041E052
:102AB00025E008600846006840F480200860084669
:102AC000006840F00100086032487438006840F047
:102AD0008070304974390860FEF7A6F8054606E0B4
:102AE000FEF7A2F8401B022801D903209BE42948E5
:102AF00074380068C0F340600028F1D047E02548F2
:102B00007438006820F08070224974390860FEF73C
:102B10008BF8054606E0FEF787F8401B022801D92E
:102B2000032080E41B4874380068C0F3406000282C
:102B3000F1D12CE017484C3807681648443806682D
:102B4000606A012821D007F00301A06A81421CD1EC
:102B5000C7F30511E06A884217D1C6F30801206B5C
:102B6000401E814211D1606B401EC6F3462188424F
:102B70000BD1A06B401EC6F30641884205D1E06B25
:102B8000401EC6F30661884201D001204BE40020BC
:102B900049E400007444025800480258042808D14F
:102BA0004FF0E021096941F004014FF0E02211618A
:102BB00007E04FF0E021096921F004014FF0E02225
:102BC0001161704770B504462546681EB0F1807FDC
:102BD00001D301200FE0681E4FF0E02148610F2172
:102BE0004FF0FF3000F030FB00204FF0E021886113
:102BF00007200861002070BD10B586B004462B493F
:102C00002068884250D100BF00BF2948006840F0CA
:102C10001000274908600846006800F01000009086
:102C200000BF00BF00BF00BF00BF214810380068D0
:102C300040F001001E49103908600846006800F0A5
:102C40000100009000BF00BF00BF00BF00BF0846EA
:102C5000006840F0010008600846006800F00100CC
:102C6000009000BF00BF00BF4FF400700190022031
:102C7000029001200390022004900720059001A9F2
:102C80000C48FDF7AFFE4FF48060019007200590DF
:102C900001A90848FDF7A6FE2520FEF798F80322B3
:102CA00011462520FEF7A3F806B010BD0010014024
:102CB000F0440258000002581D4A0168914236D182
:102CC0001C49098801F4004189BB1A49098801F4AB
:102CD000804171B1184909780A2903D00021154AA9
:102CE000118024E01349098841F40041114A118000
:102CF0001DE0114909780D2906D10E49098841F4D2
:102D000080410C4A118012E00B490978094A128867
:102D1000C2F30D02094B995406490988491C054A1A
:102D2000118011460988C72901DD002111807047F3
:102D3000001001401C0000241E0000244403002455
:102D400000BFFEE7704700002DE9F04104460E4643
:102D500000275548006800F00300032802D1012035
:102D6000BDE8F08150482838006820F080604E4966
:102D700028390860FDF758FF054606E0FDF754FFC7
:102D8000401B022801D90320EAE747482838006899
:102D9000C0F3C0600028F1D100BF4348006820F4B0
:102DA0007C30216840EA01303F490860A088401E1D
:102DB000C0F30800A168491E4FF47E4202EA412197
:102DC0000843A189491ED20102EA01410843217C3E
:102DD000491E120202EA01610843334910310860BA
:102DE00000BF3148001D006820F0C0006169084341
:102DF0002D49091D08600846006820F02000A169DF
:102E000008432949091D08600846006820F01000A1
:102E100008602548143000684FF6F8718843E1696E
:102E200040EAC1002049143108601F48001D0068B5
:102E300040F010001C49091D08602EB908460068C2
:102E400040F40020086012E0012E08D11648001D51
:102E5000006840F480101449091D086007E012481A
:102E6000001D006840F400100F49091D08600E485D
:102E70002838006840F080600B4928390860FDF769
:102E8000D3FE054606E0FDF7CFFE401B022801D920
:102E9000032065E7044828380068C0F3C0600028B4
:102EA000F1D038465CE70000284402582DE9F04193
:102EB00004460E4600275548006800F0030003282A
:102EC00002D10120BDE8F08150482838006820F088
:102ED00080504E4928390860FDF7A6FE054606E0F9
:102EE000FDF7A2FE401B022801D90320EAE747486C
:102EF00028380068C0F340700028F1D100BF434873
:102F0000006820F07C70218840EA01503F49086049
:102F1000A088401EC0F30800A168491E4FF47E42FD
:102F200002EA41210843A189491ED20102EA014176
:102F30000843217C491E120202EA01610843334919
:102F40001831086000BF3148001D006820F440605F
:102F5000616908432D49091D08600846006820F48E
:102F60000070A16908432949091D086008460068E6
:102F700020F48070086025481C3000684FF6F87116
:102F80008843E16940EAC10020491C3108601F48BC
:102F9000001D006840F480701C49091D08602EB9AE
:102FA0000846006840F48000086012E0012E08D155
:102FB0001648001D006840F400001449091D08600F
:102FC00007E01248001D006840F080700F49091D9D
:102FD00008600E482838006840F080500B492839B6
:102FE0000860FDF721FE054606E0FDF71DFE401BCB
:102FF000022801D9032065E7044828380068C0F397
:1030000040700028F1D038465CE7000028440258A0
:1030100010B50023234C236000BF00BF00BFBFF3E7
:103020004F8F00BF00BF00BF231F1868C0F34E3191
:1030300000BFC0F3C90200BF43F6E07303EA4113C7
:103040004FF0404404EA82742343174C236000BFCE
:1030500000BF131EA2F10102EED10B1EA1F101016E
:10306000E7D100BF00BF00BFBFF34F8F00BF00BF5D
:1030700000BF0C4B703B1B6843F48033094C703C21
:10308000236000BF00BF00BFBFF34F8F00BF00BF72
:1030900000BF00BF00BF00BFBFF36F8F00BF00BF06
:1030A00000BF10BD84ED00E060EF00E000BF00BF96
:1030B00000BFBFF34F8F00BF00BF00BF00BF00BF06
:1030C00000BFBFF36F8F00BF00BF00BF00201449D7
:1030D000086000BF00BF00BFBFF34F8F00BF00BF3D
:1030E00000BF00BF00BF00BFBFF36F8F00BF00BFB6
:1030F00000BF0C48006840F400300A49086000BF77
:1031000000BF00BFBFF34F8F00BF00BF00BF00BFB5
:1031100000BF00BFBFF36F8F00BF00BF00BF70478D
:1031200050EF00E014ED00E010B5FDF783FD00F076
:103130008FFF012801D0FDF7F9F910BD2448006880
:1031400040F47000224908602248006840F0010005
:103150002049086000201F49103108601D480068A0
:103160001D4908401B49086000201A4918310860B1
:10317000091D0860091D0860164928310860091DED
:103180000860091D0860091D0860091D0860091D07
:103190000860091D0860091D08600E48006820F4D9
:1031A00080200C49086000200A49603108600B4803
:1031B00000686FF30F00B0F1005F02D201200849F0
:1031C00008604FF0006002498039086070470000D5
:1031D00088ED00E0004402587FEDF6EA0010005C44
:1031E0000881005170B500240F4D1048FDF7A3F978
:1031F00000BF03E0641CAC4200D904E00B48FDF7BB
:103200009FF92028F6D100BF002403E0641CAC42E3
:1032100000D906E0012206490448FDF796F9002886
:10322000F4D100BF70BD0000FFFF01000C040024BA
:103230001E00002400BFFEE702480068C0F3022021
:10324000704700000CED00E010B5002804DB0A0711
:10325000130E054A135406E00A07140E034A00F041
:103260000F031B1FD45410BD00E400E018ED00E074
:1032700000BF704770B504460420FFF78FFC0A4872
:10328000046025464FF47A7045434FF0E020006912
:1032900040F002004FF0E0210861084645610069F6
:1032A00040F00100086170BD1400002430B50446F0
:1032B000002504E04FF47A7000F004F86D1CA5427C
:1032C000F8D330BD70B5034600224FF0E026756993
:1032D0000D4E366803FB06F44FF0E026B16910E0AE
:1032E0004FF0E026B06988420BD0884202D20E1A15
:1032F000324402E02E1A0E4432440146A24200D368
:1033000000E0EDE700BF70BD1400002400BF054AD7
:10331000D26902F04002002AF9D0C2B2014B9A628F
:10332000704700000010014010B500F00BFAFDF7E7
:103330008DFC042302221146F02000F0FDFA4FF428
:10334000F070FFF797FF4FF4E13000F0A9FBFDF7B5
:1033500001F9FDF704F9FDF707F9FDF70AF9002077
:10336000FDF70CF9FDF70FF9002010BD2DE9F04134
:1033700005460E462948076800202949096881F852
:10338000590027480068001DFDF702F950B924488C
:10339000006890F82C100120884022490968814378
:1033A00020480160681CD8B9D6B11F4948681C493B
:1033B000096888601A4982680968CA6018490968FA
:1033C000091D8268516016490968091D8160164A05
:1033D000134909684A6111460968491C11601AE0DD
:1033E0007C190F4800684460BC4207D20C48016851
:1033F000091D0E480068FDF7D0F80CE00848016888
:10340000091D0B480068FDF7C8F80A4800688442A7
:1034100001D208480460BDE8F0810000CC0000241F
:10342000B8000024D0000024D0DD0424C000002413
:10343000BC000024E800002410B50446FDF7B2F8F3
:1034400031480068401C304908603048006840B985
:103450002E4804600846006801280DD100F026F9C6
:103460000AE02B48006838B928480068C06AE16A59
:10347000884201D82548046026480068401C254938
:10348000086008460068606494F82C1001208840A9
:1034900021490968084320490860E16A01EB81017C
:1034A0001E4A02EB81014868A0608268E260211D2B
:1034B000826851608160E16A01EB8101174A02EB89
:1034C00081026261E16A01EB8101144A52F8211024
:1034D000491CE26A02EB8202104B43F82210FDF70E
:1034E00066F80B48006868B108480068C06AE16A7D
:1034F000884207D24FF0805009490860BFF34F8FD0
:10350000BFF36F8F10BD0000C8000024B800002476
:10351000D4000024E4000024D000002400DB0424B4
:1035200004ED00E010B516E0FDF73CF80C48C0686B
:10353000C468201DFDF72CF80A480068401E0949A0
:10354000086009480068401E07490860FDF72FF829
:10355000204600F00BF8044800680028E4D110BDB4
:10356000BCDD0424C8000024C400002410B50446B7
:10357000206BFDF721F82046FDF71EF810BD000076
:1035800000BFFFF7CFFF064800680128F9D94FF0C8
:10359000805004490860BFF34F8FBFF36F8FF0E78F
:1035A00000DB042404ED00E02DE9F05F82460F46C5
:1035B00090469B460A9E0C9C4FEA8801A522206BF0
:1035C000FCF7FFFFA8F10100216B01EB800929F056
:1035D000070909F0070008B9012000E0002028B918
:1035E0004FF4587224A12DA0FCF7F0FF87B10025FD
:1035F00007E0795D04F134004155785D00B902E0DF
:103600006D1C102DF5D300BF00214320015502E0B1
:10361000002084F83400202E01D2012000E0002098
:1036200028B940F2973214A11CA0FCF7CFFF202E3E
:1036300000D31F26E662E66400202065201DFCF70B
:10364000CAFF04F11800FCF7C6FF2461C6F1200090
:10365000A06164620020606584F8580084F8590015
:103660005A4651464846FCF7BBFF20600B9808B10C
:103670000B980460BDE8F09F2E2E5C2E2E5C4D69E9
:1036800064646C6577617265735C467265655254FB
:103690004F535C7461736B732E6300004572726FDD
:1036A000723A2025732C2025640D0A0010B50024E1
:1036B00007E004EB84010F4A02EB8100FCF795FF61
:1036C000641C202CF5D30C48FCF78FFF0B48FCF74B
:1036D0008CFF0B48FCF789FF0A48FCF786FF0A4875
:1036E000FCF783FF0448094908600448084908605A
:1036F00010BD000000DB042480DD042494DD0424DC
:10370000A8DD0424BCDD0424D0DD0424BC00002496
:10371000C000002409480068006808B9012000E0E2
:10372000002020B14FF0FF300549086005E0034854
:103730000068C0680068024908607047BC00002447
:10374000E800002410B5FFF7B1FCFFF761FC034867
:10375000006840F004000149086010BD9CEF00E0E3
:1037600030B587B00546002400BF6A48006840F0C5
:103770000200684908600846006800F002000190F5
:1037800000BF00BF00BF0846006840F008000860A6
:103790000846006800F00800019000BF00BF00BFAD
:1037A0000846006840F0100008600846006800F015
:1037B0001000019000BF00BF00BF56480C380068E1
:1037C00040F4804053490C3908600846006800F412
:1037D0008040019000BF00BF402002900220039073
:1037E00003200590012004900A20069002A94A486F
:1037F000FDF7F8F8042002900920069002A9464837
:10380000FDF7F0F84FF4605002900920069002A9ED
:103810004248FDF7E7F8042002900920069002A92B
:103820003F48FDF7DFF83B486438006840F48040CB
:103830003849643908600846006820F48040086010
:1038400000BF3848806800F020000028F9D13648D1
:1038500034490860354848600846006840F0010077
:10386000086000BF2F48806800F020000028F9D1D0
:103870004FF483702B49486100BF2A48806800F0EC
:1038800002000028F9D02748C06840F0020025490E
:10389000C86000BF2348806800F020000028F9D1EC
:1038A0002049C861EB2444F4807444F44064A81CAB
:1038B00044EA003444F4404400BF44F4801444F02B
:1038C000407444F04064084644611948006820F49C
:1038D00080301749086016487030006820F00100F9
:1038E0001349703108600020091D08604FF0104036
:1038F000091D08600F48091D086005200C4970313A
:1039000008600B48006840F480300949086007B03F
:1039100030BD0000E044025800040258000C025878
:10392000001002580050005210030001010218005C
:1039300024ED00E02D0003032DE9F041CCB08046DA
:103940000D4616461F4600245148006820F004002A
:103950004F49086000BF002001904E48006820F0E9
:1039600001004C4908600846006800F00100019021
:1039700047480C30006840F4404045490C3108602D
:103980000846006800F44040019000BF00BF00BF3F
:103990003F480C30006800F40050B0F5005FF7D1EC
:1039A000212031904FF480303290002034903890B4
:1039B0000120379002203A90022131A88162CDF88F
:1039C000F480C56246638763002141640821016475
:1039D00000218164FEF722FD04461CB101204CB099
:1039E000BDE8F0813F2044900320459000204690A0
:1039F000082047904020499000014A90402048907C
:103A00004B90042144A8FEF737FA04460CB101207C
:103A1000E5E721480290082003904FF4DC710491FF
:103A200002210591069107910021089109910A91BF
:103A3000022013902020149000201F9020904FF41B
:103A40004010239002A8FDF787FC04460CB101202A
:103A5000C5E70020FFF784FEFDF71AFA0F4800685B
:103A600040F080000D49086000BF0C48F430006849
:103A700040F002000949F43108600846006800F08F
:103A80000200019000BF00BFFCF7A2FF0020A6E7E4
:103A90000C4802582C040058030004030044025848
:103AA00010B5044609480A490860084644600021E8
:103AB0008160C160016181610C214161FCF79AFD67
:103AC000012204490248FCF740FD10BD00100140EE
:103AD0000C0400241E00002470B504460025ACB17F
:103AE0000F48006808B9012000E0002028B940F222
:103AF00049520CA114A0FCF769FD00F0AFF90021B8
:103B00002046FFF733FC00F0DBFC05463DB94FF0E3
:103B1000805011490860BFF34F8FBFF36F8F70BDA6
:103B2000F40000242E2E5C2E2E5C4D6964646C65BE
:103B300077617265735C4672656552544F535C746D
:103B400061736B732E6300004572726F723A2025A9
:103B5000732C2025640D0A0004ED00E070B50546C5
:103B6000FCF720FD15B92F48006800E02846044600
:103B7000201DFCF70DFD78B9E06A00EB80002A49B2
:103B800051F8200040B994F82C10012088402749B2
:103B90000968814325480160A06A18B104F1180042
:103BA000FCF7F6FC22480068401C214908601D48CB
:103BB0000068844209D1211D1E48FCF720FD1E48E3
:103BC0000068401C1C49086006E01C480068401E54
:103BD0001A490860FFF79EFDFCF7E9FC11480068F0
:103BE000844202D02046FFF7C1FC15480068C0B1EE
:103BF0000C480068844214D11248006808B90120BA
:103C000000E0002028B940F2DC420FA117A0FCF729
:103C1000DDFC4FF0805019490860BFF34F8FBFF3B0
:103C20006F8F70BDB800002400DB0424D000002496
:103C3000E4000024BCDD0424C4000024C8000024E7
:103C4000D4000024F40000242E2E5C2E2E5C4D693E
:103C500064646C6577617265735C46726565525425
:103C60004F535C7461736B732E6300004572726F07
:103C7000723A2025732C2025640D0A0004ED00E023
:103C80000349096801600349096841607047000001
:103C9000E0000024CC0000240120014908607047A6
:103CA000DC00002470B504460D462CB940F61C42D9
:103CB00007A110A0FCF78AFC1248016818312046C1
:103CC000FCF76BFC01212846FFF750FB70BD00009C
:103CD0002E2E5C2E2E5C4D6964646C657761726576
:103CE000735C4672656552544F535C7461736B73B9
:103CF0002E6300004572726F723A2025732C2025C6
:103D0000640D0A00B800002470B504460E4615463E
:103D10002CB940F6524211A119A0FCF757FC60687B
:103D20001B490968C8611A49826809680A6218490A
:103D30000968183182685160154909681831816035
:103D4000134909688C622168491C21600DB14FF04C
:103D5000FF3629463046FFF709FB70BD2E2E5C2E3C
:103D60002E5C4D6964646C6577617265735C467244
:103D7000656552544F535C7461736B732E6300001E
:103D80004572726F723A2025732C2025640D0A004B
:103D9000B80000241CB51C4800210B468022CDE948
:103DA00000101AA11B4800F023F90446012C02D18F
:103DB000FCF72AFC0446012C17D100BF502072B634
:103DC00080F31188BFF34F8FBFF36F8F62B600BFD0
:103DD0004FF0FF30104908600120104908600020B2
:103DE0000F490860FCF715FC0BE0601C08B10120CE
:103DF00000E0002028B94FF404620AA112A0FCF7E9
:103E0000E5FB154800681CBDEC00002449444C4506
:103E10000000000081350008E8000024D4000024E0
:103E2000CC0000242E2E5C2E2E5C4D6964646C65E3
:103E300077617265735C4672656552544F535C746A
:103E400061736B732E6300004572726F723A2025A6
:103E5000732C2025640D0A00F0000024024800683D
:103E6000401C014908607047F400002410B51B484D
:103E7000006818B101201A4908602DE00020184997
:103E8000086018480068B0FA80F0C0F11F0404EB25
:103E90008400154951F8200008B1012000E00020FD
:103EA00028B940F6024211A119A0FCF78FFB04EBE0
:103EB00084010D4A02EB810041684968416000F1CC
:103EC000080142688A4202D14168496841604168FC
:103ED000C968134A116000BF10BD0000F40000243F
:103EE000DC000024D000002400DB04242E2E5C2EF5
:103EF0002E5C4D6964646C6577617265735C4672B3
:103F0000656552544F535C7461736B732E6300008C
:103F10004572726F723A2025732C2025640D0A00B9
:103F2000B800002470B506460C462EB940F6FD4296
:103F30001FA128A0FCF74AFB2CB940F6FE421CA1A9
:103F400024A0FCF743FBFCF72DFB264802687068B1
:103F5000131A2548006890F8590030B10020224912
:103F6000096881F8590001251EE02068401C08B945
:103F7000002519E01D4930680968884206D070683C
:103F8000904203D80125002020600DE0206898426F
:103F900007D92068C01A20603046FFF771FE00255F
:103FA00002E0002020600125FCF701FB284670BDDF
:103FB0002E2E5C2E2E5C4D6964646C657761726593
:103FC000735C4672656552544F535C7461736B73D6
:103FD0002E6300004572726F723A2025732C2025E3
:103FE000640D0A00CC000024B8000024E000002486
:103FF0002DE9FF4F85B0804689461746DDE912ABB3
:10400000B800FCF70BFB064656B15C20FCF706FB3C
:1040100004460CB1266304E03046FCF7CDFA00E01C
:1040200000247CB10020CDE900ABCDE902403A4646
:1040300049464046089BFFF7B7FA2046FFF7FCF9D0
:10404000012501E04FF0FF35284609B0BDE8F08FAB
:104050000549096809B9012005E00449096809B959
:10406000022000E000207047D4000024F400002467
:104070000149086870470000CC0000242DE9F04198
:104080004FF000085F48006800287DD15E48006856
:10409000451C5D480560002D1DD15C480068006826
:1040A00008B9012000E0002028B940F6C72258A135
:1040B00060A0FCF78BFA55480768624800685349CE
:1040C00008606048076060480068401C5E490860FE
:1040D000FFF720FB00BF5D480068854277D300BF33
:1040E0004A480068006808B9012000E0002020B1BB
:1040F0004FF0FF305549086068E044480068C068E8
:10410000C4686668B54202D2504806605EE06069E5
:10411000D4E902128A60D4E902214A60211D426872
:104120008A4201D1E1684160002262610168491E52
:104130000160A06A98B1A06AD4E907128A60D4E944
:1041400007214A6004F1180142688A4201D1216ABC
:1041500041600022A2620168491E016000BF94F81C
:104160002C10012088403A49096808433849086002
:10417000E16A01EB8101374A02EB81014868A060E6
:104180008268E260211D00E033E082685160816056
:10419000E16A01EB81012F4A02EB81026261E16A6F
:1041A00001EB81012B4A52F82110491CE26A02EB13
:1041B0008202284B43F822102749E06A0968C96A3D
:1041C00088428DD34FF001088AE700E000BF224803
:1041D0000068C06A00EB80001E4951F820000128E9
:1041E00001D94FF001081D48006808B14FF00108DF
:1041F00004E01B480068401C194908604046BDE8BF
:10420000F0810000F4000024CC000024BC00002455
:104210002E2E5C2E2E5C4D6964646C657761726530
:10422000735C4672656552544F535C7461736B7373
:104230002E6300004572726F723A2025732C202580
:10424000640D0A00C0000024E0000024E8000024FF
:10425000D000002400DB0424B8000024DC0000248B
:10426000D800002470B505462C460026002D5ED0EF
:1042700030480068844201D1012000E0002028B9C4
:1042800041F24F022CA135A0FCF7A0F9206D28B90E
:1042900041F2500228A131A0FCF798F9206D401E90
:1042A0002065E16CE06A884241D0206D00283ED153
:1042B000201DFCF76DF940B994F82C1001208840BE
:1042C0002A490968814329480160E06CE062E06A9C
:1042D000C0F12000A06194F82C10012088402349EF
:1042E0000968084321490860E16A01EB8101204A1D
:1042F00002EB81014868A0608268E260211D82684B
:1043000051608160E16A01EB8101194A02EB81028F
:104310006261E16A01EB8101154A52F82110491CE2
:10432000E26A02EB8202124B43F822100126304669
:1043300070BD0000B80000242E2E5C2E2E5C4D694E
:1043400064646C6577617265735C4672656552542E
:104350004F535C7461736B732E6300004572726F10
:10436000723A2025732C2025640D0A00D000002409
:1043700000DB042470B50646F068C4682CB940F62A
:1043800082423CA144A0FCF721F9A06AD4E90712BB
:104390008A60D4E907214A6004F1180142688A4220
:1043A00001D1216A41600022A2620168491E0160B8
:1043B0003D48006800283DD16069D4E902128A6056
:1043C000D4E902214A60211D42688A4201D1E16894
:1043D0004160002262610168491E016094F82C105E
:1043E0000120884031490968084330490860E16A82
:1043F00001EB81012E4A02EB81014868A0608268CE
:10440000E260211D826851608160E16A01EB8101F7
:10441000274A02EB81026261E16A01EB8101244AD1
:1044200052F82110491CE26A02EB8202204B43F849
:10443000221010E01F494868E0618268226204F19E
:1044400018018268516081601A4AA26211460968A7
:10445000491C116000BF1849E06A0968C96A8842AE
:1044600004D9012501201549086000E000252846EF
:1044700070BD00002E2E5C2E2E5C4D6964646C6550
:1044800077617265735C4672656552544F535C7414
:1044900061736B732E6300004572726F723A202550
:1044A000732C2025640D0A00F4000024D0000024A1
:1044B00000DB0424A8DD0424B8000024DC00002470
:1044C00070B5002400265048006828B940F6B302B1
:1044D0004EA157A0FCF77AF8FCF764F84A48006848
:1044E000401E494908600846006800287ED15448AB
:1044F000006800287AD05BE05248C068C468A06AAF
:10450000D4E907128A60D4E907214A6004F118014E
:1045100042688A4201D1216A41600022A262016898
:10452000491E01606069D4E902128A60D4E902215F
:104530004A60211D42688A4201D1E168416000223F
:1045400062610168491E016094F82C1001208840C6
:104550003D49096808433C490860E16A01EB810173
:104560003A4A02EB81014868A0608268E260211D3E
:10457000826851608160E16A01EB8101334A02EB9C
:1045800081026261E16A01EB8101304A52F8211037
:10459000491CE26A02EB82022C4B43F822102C49A0
:1045A000E06A0968C96A884202D301202949086083
:1045B0002448006808B9012000E0002000289BD0B2
:1045C0000CB1FFF7A7F82448056865B100BFFFF7F5
:1045D00055FD10B101201F4908606D1E002DF6D158
:1045E00000201D4908601B48006800E008E038B161
:1045F0000126300719490860BFF34F8FBFF36F8F53
:10460000FBF7D5FF304670BDF40000242E2E5C2E43
:104610002E5C4D6964646C6577617265735C46728B
:10462000656552544F535C7461736B732E63000065
:104630004572726F723A2025732C2025640D0A0092
:10464000C8000024A8DD0424D000002400DB0424DA
:10465000B8000024DC000024D800002404ED00E0B1
:1046600010B500290AD00878002807D005487844FA
:10467000FBF7D9FF002801D0002010BD0248784484
:1046800010BD00005A000000520000004FF04070C2
:10469000E1EE100A7047000000000102030401026D
:1046A0000304060708090000E4460008000000248F
:1046B00044030000D4020008E44700084403002437
:1046C0007C6F0700300300081C000000430000005E
:1046D000F8FFFFFF0C0000000E0000000F000000BC
:1046E0002E000000113C90D00304011B3210330156
:1046F0000122F833FFFF2205000D3C655C0390A505
:10470000600390B95603901E65030390950413400F
:104710000532243230323842201540B504241CE0E2
:1047200003307812382CF00120800140023B1F1A20
:10473000AA01011402202D021E011EA0AA049098B5
:10474000041AA4041A90041A94041A9C041A8C04DF
:10475000111DAB049008041AB00C1AB8041AF40422
:104760001AA8041AF8041AEC041ACC041AE4041A5D
:10477000D8041AC0041E7CAD049014306112FF1FCF
:1047800044BC039044BD041ABE041ABF0429109906
:1047900004411AF4081AF4241AF4241A982439103B
:1047A000990401B40617D4C3B2A16F180E9DF80284
:1047B0009079F502901DF60290F5041A3D101A69E1
:1047C000081AA5041ACD041E30AF049038041A400C
:1047D000041EA0AD049048081A50041A2C040110BD
:0447E0001A5814004F
:0200000490006A
:10000000662937F04381642900F0B480782900F034
:10001000ED80732900F0D585002070472D4B1968BD
:100020000868B0E8F04F80F30988BFF36F8F4FF096
:10003000000080F311887047000000000848006845
:10004000006880F308884FF0000080F3148862B6DF
:1000500061B6BFF34F8FBFF36F8F00DF00BF00BFEC
:1000600008ED00E0DFF80C00016841F47001016068
:10007000704700BF88ED00E0EFF30980BFF36F8F9A
:10008000144B1A681EF0100F08BF20ED108A20E9EB
:10009000F04F106009B44FF0500072B680F3118831
:1000A000BFF34F8FBFF36F8F62B601F041FA4FF08D
:1000B000000080F3118809BC19680868B0E8F04FA7
:1000C0001EF0100F08BFB0EC108A80F30988BFF350
:1000D0006F8F7047B8000024EFF305807047000071
:1000E0000FB4044910B503AA029800F06FFD10BCCC
:1000F0005DF814FB180000240FB41CB5074B06AACA
:100100007B4469460090059800F031FD0020694667
:1001100000F040FD1CBC5DF814FB0000910A0000DB
:1001200070B50C460546012A05D02878800600D512
:10013000EA69002302E0012305E05B1C934202D23E
:10014000E05C0028F9D1A869E618C01AA861286AFD
:10015000184428622846AFF3008004E0D5E9012165
:1001600014F8010B9047B442F8D32846AFF300804F
:1001700070BD00002DE9F041064600241068752985
:10018000314616A510D0AFF30080002802DA4042B5
:1001900013A507E031688A0701D512A502E04907D7
:1001A00004D511A5012401E0AFF3008000210A224B
:1001B00006F1240709E0B0FBF2FCB0FBF2F302FB0E
:1001C0001C00303078541846491C0028F3D12346CF
:1001D0002A463046BDE8F04100F05BBA000000005E
:1001E0002D0000002B0000002000000070B5044628
:1001F0000D4621461068AFF300802188090502D51D
:100200000F4A7A4402E00E4A7A440E32002104F189
:10021000240305E000F00F060009965D5E54491CBA
:100220000028F7D120780023000704D5702D02D0D4
:1002300009B1022311322046BDE8704000F029BA0E
:100240003AA704002DE9F05F894604464FF0000A02
:10025000DFF874B1FB44C0F820A02046E16888476D
:10026000002874D0252806D0D4E901219047206ABF
:10027000401C2062F1E700265F462046E16888477F
:100280002028054607DB312D05D2781910F8200CFF
:1002900008B10643F1E7B00701D526F00406C4F81B
:1002A0001CA00027C4F818A02A2D09D0284603F066
:1002B00070FC38B304EB8708303DC8F8185019E0DB
:1002C00059F8041B204604EB87029161E1688847D6
:1002D000012F054618D1E069002820DA26F0200613
:1002E0001DE0D8F8180000EB800005EB4000303826
:1002F000C8F818002046E1688847054603F049FC25
:100300000028EED1012F0AD02E2D08D12046E16819
:1003100088477F1C0546022F46F02006C4DBA069F3
:10032000002803DA404246F00106A061F00701D040
:1003300026F010066C2D0BD0682D09D04C2D39D02D
:100340006A2D35D0742D35D07A2D33D016E038E0B3
:10035000E1682F4620468847B842054609D16C2FF0
:1003600026D04FF48060E168064320468847054662
:1003700004E06C2F1AD04FF4807006430DB3A5F142
:100380004100192802D8203546F400664A4629461D
:10039000204626604E46FFF733FE80B101280BD081
:1003A000F61D26F0070000F1080956E74020E4E7B3
:1003B0008020D8E70020D6E706F104094DE728465B
:1003C00052E7206ABDE8F09F10A7040040EA01034D
:1003D000024630B59B0710D14FF0013400E008C24F
:1003E00008C91D1B9D4315EAC41FF8D013F0FF0177
:1003F00002F8011B0DD01B0AF8E711F8013B002B96
:1004000002F8013B05D011F8013B002B02F8013B3B
:10041000F3D130BD10B5431C02E010F8011B71B1DF
:100420008107FAD14FF0013202C88C1A8C4314EACA
:10043000C211F9D0C01A0A0603D0C01E10BDC01ADE
:1004400010BD0A0401D0801E10BD0902FCD0401E60
:1004500010BD032A40F2308010F0030C00F015802C
:1004600011F8013BBCF1020F624498BF11F801CBB7
:1004700000F8013B38BF11F8013BA2F1040298BF1C
:1004800000F801CB38BF00F8013B11F0030300F086
:100490002580083AC0F0088051F8043B083A51F82A
:1004A00004CBA0E80810F5E7121D5CBF51F8043B2F
:1004B00040F8043BAFF30080D20724BF11F8013BA2
:1004C00011F801CB48BF11F8012B24BF00F8013B04
:1004D00000F801CB48BF00F8012B704710B5203A57
:1004E000C0F00B80B1E81850203AA0E81850B1E8ED
:1004F0001850A0E81850BFF4F5AF5FEA027C24BFA3
:10050000B1E81850A0E8185044BF18C918C0BDE899
:1005100010405FEA827C24BF51F8043B40F8043B62
:1005200008BF7047D20728BF31F8023B48BF11F817
:10053000012B28BF20F8023B48BF00F8012B704771
:1005400002F0FF0343EA032242EA024200F052BBF8
:100550004FF0000200B5134694469646203922BF5C
:10056000A0E80C50A0E80C50B1F12001BFF4F7AFA7
:10057000090728BFA0E80C5048BF0CC05DF804EB89
:10058000890028BF40F8042B08BF704748BF20F8F7
:10059000022B11F0804F18BF00F8012B70470000AC
:1005A0004FF0013C50F8042B51F8043B9A4215D10E
:1005B000A2EB0C03934313EACC130BD150F8042B9A
:1005C00051F8043B9A4209D1A2EB0C03934313EA7E
:1005D000CC13E7D04FF00000704700BFD01A01BA2B
:1005E000B1FA81F101F0180122FA01F0CB40C1F11A
:1005F0002001DBB2C0B2C01A2CFA01F3D11A914328
:1006000011EAC311E6D1704730B5B0F10A024FEAE2
:10061000900E71F100034EEA817EB0EB0E0061EBAB
:1006200091014FEA101E4EEA017E10EB0E0041EBE5
:1006300011114FEA102E4EEA016E10EB0E0041EB45
:1006400011214FEA104E4EEA014E10EB0E0041EB25
:100650001141401841F100014FEAD00040EA4170D9
:100660004FEAD10110EB80054FEA810444EA90740F
:1006700044EB01046D1944EB0404521BA3414FF0F9
:10068000000348BF0A3200D530BD401C41F10001D3
:1006900030BD2DE9F0470D4699469246044600F1DB
:1006A00024080168880604D5E06921F01001216062
:1006B00000E00120A84201DD471B00E00027A169FE
:1006C0007A1902EB0900081AA0612078C00602D44A
:1006D0002046AFF30080002608E0D4E901211AF893
:1006E00006009047206A401C761C20624E45F4DBD1
:1006F0002078C0060AD52046AFF3008006E0D4E992
:10070000012130209047206A401C2062381EA7F14A
:100710000107F4DC07E0D4E9012118F8050090474F
:10072000206A401C2062281EA5F10105F3DC20464A
:10073000AFF300802078000602D50220BDE8F087E4
:100740000120FBE770472DE9FF4F0C461E464FF096
:10075000FF378BB0D2E90001DDF860800A908A464D
:10076000C1F30A5505B93D46002108464FF0000087
:10077000BAF1000F00F4400005DA00EB80004FF4FE
:10078000400101EA50004FEA9059B9F1010F00DD34
:10079000B9460A9850EA4A000ED044F61050A5F225
:1007A000FF3545432F14B8F1000F1ED07542291EA6
:1007B0001EDDC9F100021CE0B8F1010F4FF000008E
:1007C00001D0302103E0F24305E02154401CB04247
:1007D000FBDB30460022002121540B99C1F8088030
:1007E000C1E900200FB0BDE8F08FBD1B6D1CDEE736
:1007F0004A4600DA694206A800F05CFA06AB93E8C4
:10080000070003AB83E8070050460A9900F0C8FAD6
:100810008DE80700A0F500501F3800900398002DC8
:100820000ADD42F21F014A460844002303A903904F
:10083000684600F031FD09E0A0F500504A461F3837
:10084000002303A90390684600F03BFD8DE80700F4
:100850000004000C03D04FF0FF30410800E01046C8
:10086000B8F1000F03D00022009215461EE0751E5D
:1008700005D4FFF7C9FE303262556D1EF9D5B34677
:100880000122084302D000227F1C04E02078302897
:1008900001D100227F1E002A099784D01DE0112D6E
:1008A00007DAFFF7B1FE303262556D1C50EA0102E3
:1008B000F5D1084302D00098C8B10EE00021681EAF
:1008C00005E0235C625C63542254401E491C814253
:1008D000F7DBAB46A81B401E0990002004F80B0074
:1008E0000B98099AC0F80880C0E9002B7AE7112616
:1008F0004FF0000857E72DE9F04F88460446D21D17
:1009000022F0070191B0D1E90001CDE90A0103F01D
:100910000AF902460B98C00F01D02D2007E020688D
:10092000810701D52B2002E0202101EAC000032A23
:10093000099001D0072A05DB03464146204600F016
:1009400079F90BE12078800601D5E06900E0062006
:10095000B8F1650F814606D0B8F1660F18D0B8F12E
:10096000670F70D131E00020B9F1110F009001DB69
:10097000112301E009F101030AAA01A90CA8FFF75C
:10098000E2FEDDE90C70002609F10105834647E02F
:1009900001204B4600904FF000470AAA01A90CA87D
:1009A000FFF7D1FEDDE90DB00C995D46002610B9C8
:1009B00009F101000D18B9EB050003D4C0F1FF36B1
:1009C00009F10105A5EB09002BE0B9F1010F01DAEE
:1009D0004FF001090020B9F1110F0090484601DDE8
:1009E000112300E003460AAA01A90CA8FFF7ABFEF9
:1009F000DDE90C704D4600268346207800070AD4B6
:100A0000AB4500DA5D4601A8012D04DD411911F85E
:100A1000011C302907D04F4502DA17F1040F04DA20
:100A2000012082460FE06D1EEEE7002F02DCED1B79
:100A30003E4403E0781CA84200DD7D1CB81B00F199
:100A4000010A4FF000472078000703D4AA4501DBD4
:100A50004FF0FF3A0021B7F1004F0DF143088DF838
:100A6000431024D002202B23002F01DA7F422D23B4
:100A70000A21021EA0F1010000DC5FB197FBF1FC2E
:100A800097FBF1F201FB1C7C17460CF1300C08F8C7
:100A900001CDEEE7A8F1010003702188090501D519
:100AA000452100E06521A0F1010800F8011C09982A
:100AB0000FA9A1EB0807FF1D00B10120411901EBAF
:100AC000EA70A1693844081A401EA0612078C00667
:100AD00002D42046AFF30080099828B1D4E901215F
:100AE0009047206A401C20622078C00622D520460C
:100AF000AFF300801EE0002E04DBB34502DD01A849
:100B0000805D00E03020D4E901219047206A401C3C
:100B10002062761CAAF101005FEA000A0AD100F007
:100B20000CFDC0680168405CD4E901219047206A4F
:100B3000401C2062281EA5F10105DCDC07E0D4E999
:100B4000012118F8010B9047206A401C2062381ED2
:100B5000A7F10107F3DC2046AFF30080032011B0BA
:100B600041E6000001694A1C02610878704700B53F
:100B70008FB0CDE901310021059105497944CDE9D6
:100B8000031011466846FFF75DFB0FB000BD000083
:100B9000E5FFFFFF0A6802F8010B0A60704710B515
:100BA000436913B1AFF3008001E0FFF7B9FA012008
:100BB00010BD127800F124010A7000224A7001224F
:100BC000EDE711684FF0FF32E9E70000074B70B521
:100BD0000D467B44FFF7CBFF0446284600F0DCF8C7
:100BE00010B14FF0FF3070BD204670BD3727007840
:100BF0004FF000020429C0F0128010F0030C3FF403
:100C0000A9ACCCF1040CBCF1020F18BF00F8012B09
:100C1000A8BF20F8022BA1EB0C01FFF79BBC5FEAF9
:100C2000C17C24BF00F8012B00F8012B48BF00F85D
:100C3000012B70472DE9F0411F4604460326016849
:100C4000072A01F4006004DB08B116A505E016A52B
:100C500003E008B115A500E015A521F01000206003
:100C6000A069C01EA0610FB1401EA0612046AFF375
:100C700000804FB1D4E9012138469047206A401CDA
:100C80002062C01C206206E0206AFAE7D4E9012154
:100C900015F8010B9047761EF8D22046AFF300807E
:100CA000BDE8F0814E414E006E616E00494E460037
:100CB000696E66002DE9F047814616468AB03548D0
:100CC00078440DC88DE80D0032487844801C03AC90
:100CD0000DC884E80D0041F69B300844372190FB95
:100CE000F1F290FBF1F5A5F1800501FB12041B3C2C
:100CF00002D56442012000E00020DFF898A0804681
:100D00000027FA44AAF1BE0A0EE0E0070AD03246F4
:100D1000684607EB470101230AEB810100F0D1FA95
:100D20008DE8070064107F1C002CEED1194F7F4422
:100D3000AE3F19E0E80715D007EB04100DF1180AD3
:100D400090E80E008AE80E00C068F04201D19819C0
:100D500008903246012306A903A800F0B2FA03ABBB
:100D600083E807006D10641C002DE3D14FF00103F0
:100D700032466946B8F1000F03A802D000F08CFAA1
:100D800001E000F09EFAC9E90001C9F808200AB0A4
:100D9000BDE8F087349D0400007B00F080007047C0
:100DA0005FEA400C08BF91F0000F4FEA8C234FEA36
:100DB000C12243EA51514FEA1C5018BF00F5F040E0
:100DC0004FEA300018BF41F000415FEA6C5C00F070
:100DD0002980BCF1FF3F08BF40F080407047130CF2
:100DE00006BF12044FF0100C4FF0000C130E04BF9E
:100DF00012020CF1080C130F04BF12010CF1040CC9
:100E0000930F04BF92000CF1020CD30F04BF5200E9
:100E10000CF1010C11464FF00002A0F11F00A0EBF5
:100E20000C00704711F0004F08BF704731F00041CF
:100E30003FF4D5AF0B0C06BF09044FF0100C4FF078
:100E4000000C0B0E04BF09020CF1080C0B0F04BFC1
:100E500009010CF1040C8B0F04BF89000CF1020C8A
:100E6000CB0F04BF49000CF1010CCCF12003A0EB27
:100E70000C0022FA03F302FA0CF241EA030100F13A
:100E80000100704720F07F4C80EA030023F07F4789
:100E9000ACEB070303F57C5300F0004003F1FF03C4
:100EA0002DE980494FEA154B09B44FEA144325EA6E
:100EB0000B4E24EA03480FF2042606EB13274908D9
:100EC0003E785FEA320203FB0667C7F5000707FBBF
:100ED00006F64FEA54374FEAD64606F1020607FBFC
:100EE000066CCCF1005C4FEA1C472CEA074C07FB70
:100EF00006F40CFB06F504EB15464FEA961634BFD4
:100F000000204FF000404FEAD13706FB07FC4FEAC4
:100F10001C4C0CFB0BF7D21B03FB0CF761EB07011E
:100F20000CFB0EF7B0EB074072EB17420CFB08F717
:100F300034BFA2EB0742B2EB074261EB17414FEA25
:100F40000C444FEA910706FB07FC4FEA1C4C0CFBD4
:100F50000BF7B0EBC74072EB573203FB0CF734BF13
:100F6000A2EBC742B2EBC74261EB57310CFB0EF765
:100F7000B0EBC70072EB57720CFB08F734BFA2EB63
:100F8000C702B2EBC70261EB5771039F4FEA816161
:100F900041EA921104EBCC044FEAD1374FEA826266
:100FA00006FB07FC42EA90124FEA80604FEA1C4CB5
:100FB0000CFB0BF7D21B03FB0CF761EB07010CFBDF
:100FC0000EF7B0EB074072EB17420CFB08F734BF8B
:100FD000A2EB0742B2EB074261EB17414FEA8C5597
:100FE0004FEA910704EB9C2406FB07FC4FEA1C4CDC
:100FF0000CFB0BF7B0EBC74072EB573203FB0CF75F
:1010000034BFA2EBC742B2EBC74261EB57310CFBD6
:101010000EF7B0EBC70072EB57720CFB08F734BF4A
:10102000A2EBC702B2EBC70261EB577115EB4C257F
:101030004FEA816141EA92114FEA82624FEAD13769
:1010400042EA901206FB07FC44F100044FEA80607C
:101050004FEA1C4C0CFB0BF7D21B03FB0CF761EBAC
:1010600007010CFB0EF7B0EB074072EB17420CFBCD
:1010700008F734BFA2EB0742B2EB074261EB17411E
:1010800015EB1C154FEA813141EA92414FEA823259
:1010900042EA90424FEA80304FEA0C7644F1000475
:1010A00048EA03434EEA0B484FF0000EB2EB080C3F
:1010B00071EB030724BF624639464EEB0E0E4FF02C
:1010C000000B0018524149414BEB0B0BB2EB080CE3
:1010D00071EB03077BF1000B24BF624639464EEBF0
:1010E0000E0E4FF0000B0018524149414BEB0B0B19
:1010F000B2EB080C71EB03077BF1000B24BF6246D7
:1011000039464EEB0E0E51EA020718BF46F00106B3
:1011100016EB0E7655F1000254F1000103D5BDE83F
:101120008901BDE80088BDE88901BDE80048B6191D
:10113000524141EB0101A3F10103704780807F7EA2
:101140007D7C7B7A7978777676757473727171703D
:101150006F6E6E6D6C6C6B6A6A69686867666665EF
:101160006464636362616160605F5F5E5E5D5D5C7D
:101170005C5B5B5A5A5959585857575656555555EE
:101180005454535352525251515050504F4F4F4E4E
:101190004E4D4D4D4C4C4C4B4B4B4A4A4A4949499C
:1011A00048484847474747464646454545444444DE
:1011B000444343434342424242414141002B9C4607
:1011C00030D477002BD01CB54FEA370703B44FF06B
:1011D00010004FF01001BAF1000F06D0BCF1000F63
:1011E000DCBF40F0080040F008014FF000000FBCE9
:1011F000BDE810400BF1010BBBF1010F08BF5FEA26
:10120000170722BF12F1010211F101014FF0004155
:1012100043F1000300F0004043EA00007047F9D3B7
:101220005708D0E746EA064613F1400F4FEA164644
:101230001FDD13F1200FDFBF16430A4600212033C4
:101240005B42BED0C3F1200746EA064602FA07F722
:101250004FEA164646EA0706C3F1200722FA03F2D0
:1012600001FA07F721FA03F14FF0000342EA0702FF
:10127000A7E746EA020646EA06464FEA164646EA67
:101280000106BCBF46EA0646360C4FF000034FF09D
:1012900000024FF0000194E72DE9804C9A469346F6
:1012A00070B491E8380007C831EA400C48BF34EA0E
:1012B000430C03D5FFF7E6FDFFF780FFF0BCBDE868
:1012C000008C2DE9804C9A46934670B491E8380022
:1012D00007C810F0804F08BF13F0804F03D100F013
:1012E00005F8FFF76BFFF0BCBDE8008C20F07F47EE
:1012F00080EA030023F07F4C07EB0C03A3F57C533B
:1013000000F00040A3F1FE0392F0000F00F0B38064
:1013100095F0000F00F077802DE901494FEA114068
:101320004FEA144621EA004800FB06FC24EA06477F
:1013300008FB06F607FB08F800FB07F718EB064862
:101340004CEB164C4FEA124B18EB07484FEA154688
:101350004CEB174022EA0B4E0BFB06FC25EA064736
:101360000EFB06F607FB0EFE0BFB07F71EEB064E09
:101370004CEB164C4FF000061EEB074E4CEB174B98
:1013800018EB0B0840F1000018EB0E0B58EB0008AF
:1013900040F100008F1A4FF000013CBFC943661BAB
:1013A00014BFB5EB040C00213CBFC943F61B4FEA48
:1013B00017444EEA8E0E27EA04454FEA1C4704FB09
:1013C00007622CEA074C05FB07F70CFB05F604FB4C
:1013D0000CFC16EB074642EB174216EB0C4642EBB1
:1013E0001C421BEB060658EB0202414146EA9E06F0
:1013F00001D5BDE80189B619524141EB0101A3F1C4
:101400000103BDE801894FEA14454FEA114724EA78
:10141000054621EA074C05FB07F406FB07F70CFB22
:1014200006F105FB0CFC11EB074144EB17444FEAB6
:10143000124711EB0C4144EB1C4422EA074C05FB1C
:1014400007F206FB07F70CFB06F605FB0CFC16EB98
:10145000074642EB174216EB0C4642EB1C456A1856
:1014600054F1000148BF7047B619524141EB0101E8
:10147000A3F10103704795F0000F37D04FEA1142F6
:101480004FEA144721EA024624EA074C02FB07F11F
:1014900006FB07F70CFB06F402FB0CFC14EB0744FD
:1014A00041EB17414FEA154714EB0C4441EB1C414B
:1014B00025EA074C02FB07F506FB07F70CFB06F6CF
:1014C00002FB0CFC16EB074645EB174516EB0C46EA
:1014D00045EB1C42121951F1000148BF7047B61983
:1014E000524141EB0101A3F1010370474FEA14455A
:1014F0004FEA114724EA054621EA074C05FB07F1AC
:1015000006FB07F70CFB06F24FF0000605FB0CFC90
:1015100012EB074241EB174112EB0C4251EB1C411D
:1015200048BF7047921841EB0101A3F101037047D6
:1015300043F66D6CC0F6000C604740F2C14CC0F63B
:10154000000C604740F6E51CC0F6000C604740F612
:10155000FD3CC0F6000C604740F2396CC0F6000C50
:10156000604742F6F93CC0F6000C604740F60F4C6D
:10157000C0F6000C604743F2AD2CC0F6000C60478B
:1015800040F6294CC0F6000C604742F6B94CC0F654
:10159000000C604740F6D56CC0F6000C604740F682
:1015A000F96CC0F6000C604741F2291CC0F6000C33
:1015B000604740F2CB3CC0F6000C604742F2A91CE9
:1015C000C0F6000C604742F2CD1CC0F6000C60472C
:1015D00043F2C52CC0F6000C604740F6ED3CC0F667
:1015E000000C604743F6D92CC0F6000C604744F26B
:1015F000710CC0F6000C604743F6F17CC0F6000C9D
:10160000604743F6955CC0F6000C604740F6615CAD
:10161000C0F6000C604740F6055CC0F6000C604761
:1016200040F68D5CC0F6000C604744F2652CC0F6B5
:10163000000C604744F2753CC0F6000C604743F66E
:101640005D6CC0F6000C604744F2C14CC0F6000C63
:10165000604743F6994CC0F6000C604743F65D3C8A
:10166000C0F6000C604743F6095CC0F6000C60470A
:1016700044F27D0CC0F6000C604744F2510CC0F6F9
:10168000000C604743F6814CC0F6000C604743F6FF
:10169000257CC0F6000C604743F6A54CC0F6000C54
:1016A0006047000070B50446B3F5804F13D1D1E90F
:1016B000000540EA05108D6840EA05208D69284341
:1016C0008D8940EA054054F82250064E35402843A3
:1016D00044F8220003E06FF0704044F8220000203C
:1016E00070BD00000000F0CF30B50246086852F827
:1016F000200020F001000C6842F8240088680828C7
:1017000001D1402300E00023486818438C6820433F
:10171000CC6820430C6920434C6920438C692043EA
:10172000CC6920430C6A20434C6A20438C6A2043D6
:10173000CC6A20430C6B20434C6B20438C6B2043C2
:101740000C6852F824400D4D2C4020430C6842F8A0
:101750002400086BB0F5801F07D1086828B1106815
:1017600020F480100C6B20431060086818B11068DA
:101770004C6B20431060002030BD00008004C0FF8F
:1017800030B50346D1E9000540EA05108D6840EA0E
:1017900005208D8940EA0545088A401E45EA005526
:1017A000087D801E45EA00608D692843551C53F86A
:1017B000255005F040452843551C43F8250018687E
:1017C00000F48010B0F5801F0BD1586820F470042D
:1017D000088A401E44EA0054586820F470002043F0
:1017E0005860002030BD000070B504460E46154616
:1017F0000CB9012070BD94F8450028B9002084F888
:101800004400204600F028F804F108012068FFF7A2
:101810006BFF3146A2682068FFF7B2FF2946E36AF2
:10182000D4E90102FFF73EFFA168206850F82100CB
:1018300040F00100A268216841F8220005480068D4
:1018400040F0004003490860012084F84500002072
:10185000D0E700000040005210B586B0044600BF3B
:101860002048006840F480501E490860084600681F
:1018700000F48050009000BF00BF00BF19480C303A
:10188000006840F0080017490C31086008460068FD
:1018900000F00800009000BF00BF00BF08460068CD
:1018A00040F0100008600846006800F0100000904A
:1018B00000BF00BF4CF20370019002200290012093
:1018C0000390032004900C20059001A90648FFF71F
:1018D00039FE4FF68070019001A90448FFF732FEEF
:1018E00006B010BDD4440258000C02580010025833
:1018F000704770477047704710B50446206800690C
:10190000C0F34000D8B12068C068C0F34000B0B157
:101910006FF002002168086101202077206880694B
:1019200000F0030018B12046FFF7E5FF05E0204670
:1019300000F0BEF8204600F0BCF8002020772068B8
:101940000069C0F38000D8B12068C068C0F380008F
:10195000B0B16FF004002168086102202077206890
:10196000806900F4407018B12046FFF7C4FF05E01D
:10197000204600F09DF8204600F09BF800202077DC
:1019800020680069C0F3C000D8B12068C068C0F307
:10199000C000B0B16FF00800216808610420207712
:1019A0002068C06900F0030018B12046FFF7A3FFCC
:1019B00005E0204600F07CF8204600F07AF8002090
:1019C000207720680069C0F30010D8B12068C06893
:1019D000C0F30010B0B16FF010002168086108205A
:1019E00020772068C06900F4407018B12046FFF7E6
:1019F00082FF05E0204600F05BF8204600F059F831
:101A0000002020772068006900F0010058B12068AC
:101A1000C06800F0010030B16FF00100216808617A
:101A2000204600F047F820680069C0F3C01058B1A4
:101A30002068C068C0F3C01030B16FF0800021682A
:101A400008612046FFF755FF20680069C0F30020B9
:101A500058B12068C068C0F3C01030B16FF4807016
:101A6000216808612046FFF743FF20680069C0F342
:101A7000801058B12068C068C0F3801030B16FF09A
:101A8000400021680861204600F024F820680069C1
:101A9000C0F3401058B12068C068C0F3401030B1A6
:101AA0006FF02000216808612046FFF723FF10BD7A
:101AB0007047704710B504460448844205D100BF02
:101AC00040210348FFF743FD00BF10BDF40400248C
:101AD00000100258704770477047704770470146C2
:101AE000D1F88030D1F8842043EA0200704700002A
:101AF0002DE9F04704462068C5692068066820681B
:101B0000876840F60F0005EA0008B8F1000F0FD112
:101B100005F0200060B106F0200010B907F08050F9
:101B200030B1E06E10B12046E16E8847BDE8F08725
:101B3000B8F1000F7ED06E48384018B96D4830407B
:101B40000028F7D005F0010058B106F4807040B1CC
:101B5000012021680862D4F8880040F00100C4F830
:101B6000880005F0020058B107F0010040B10220E2
:101B700021680862D4F8880040F00400C4F88800A6
:101B800005F0040058B107F0010040B104202168BD
:101B90000862D4F8880040F00200C4F8880005F01C
:101BA000080070B106F0200010B95148384040B12B
:101BB000082021680862D4F8880040F00800C4F8C2
:101BC000880005F4006060B106F0806048B14FF411
:101BD000006021680862D4F8880040F02000C4F852
:101BE0008800D4F88800002844D005F0200050B1C7
:101BF00006F0200010B907F0805020B1E06E10B15F
:101C00002046E16E8847D4F888902068806800F00C
:101C10004000402802D009F0280028B3204600F0F8
:101C200063FA2068806800F04000402818D12068DE
:101C3000806800E01FE020F0400021688860A06F0D
:101C400050B12D48A16F0865A06FFFF785FC88B1E2
:101C5000A06F016D88470DE02046FFF73FFF09E0C8
:101C60002046FFF73BFF05E02046FFF737FF002047
:101C7000C4F888005AE705F4801050B107F48000DA
:101C800038B14FF48010216808622046FFF725FF25
:101C90004CE705F0800058B106F0800010B907F459
:101CA000000028B1206F10B12046216F88473DE722
:101CB00005F0400030B106F0400018B1204600F0B9
:101CC00027FA33E705F4000030B106F0804018B180
:101CD0002046FFF701FF29E705F0807030B106F0DC
:101CE000004018B12046FFF7F6FE1FE700BF1DE7D2
:101CF0000100001020010004D120009010B504461E
:101D00000CB9012010BDA06900B100E000BFD4F8FB
:101D1000800028B9002084F87C002046FFF721FCD1
:101D20002420C4F880002068006820F001002168A9
:101D30000860204600F020FB012800D1E2E7A06AFD
:101D400010B1204600F00EF92068406820F4904061
:101D5000216848602068806820F02A002168886037
:101D60002068006840F0010021680860204600F00B
:101D700075F9C7E710B50346D3F88400202874D15D
:101D800001B10AB9012010BD00BF93F87C00012801
:101D900001D10220F7E7012083F87C0000BF99659C
:101DA000A3F85C20A3F85E200020D86600BF9868E6
:101DB000B0F5805F0AD1186920B940F2FF10A3F88E
:101DC000600020E0FF20A3F860001CE0986848B99C
:101DD000186918B9FF20A3F8600014E07F20A3F869
:101DE000600010E09868B0F1805F09D1186918B9F7
:101DF0007F20A3F8600006E03F20A3F8600002E027
:101E00000020A3F8600000BF0020C3F88800222053
:101E1000C3F884001868806840F001001C68A06066
:101E2000586EB0F1005F21D1B3F8680090421DDC1C
:101E30009868B0F5805F04D1186910B91848D86661
:101E400001E01848D86600BF002083F87C0000BF7E
:101E50001868006840F480701C682060186880680A
:101E600040F080501C68A06016E017E09868B0F55C
:101E7000805F04D1186910B90B48D86601E00B489F
:101E8000D86600BF002083F87C0000BF1868006897
:101E900040F490701C682060002074E7022072E714
:101EA000A5210090C5220090332100905922009076
:101EB0007047000000BF002240211848FFF756FB82
:101EC00000BF17A0FEF70CF94FF47A70FFF753FB31
:101ED00019A0FEF705F94FF47A70FFF74CFB00BF2D
:101EE00000BF00BF00BF00BFBFF34F8F00BF00BFE8
:101EF00000BF1648006800F4E06015490843001D63
:101F00001249086000BF00BF00BFBFF34F8F00BF82
:101F100000BF00BF00BF00BFFDE700000010025877
:101F20004D656D20416363657373204572726F72F6
:101F300021210D0A00000000536F66742052657362
:101F40006574696E672E2E2E0D0A00000CED00E000
:101F50000000FA0510B50248FFF7CEFC10BD0000E6
:101F6000F404002490F8281001F0010139B101684F
:101F7000496821F40031C26A11430268516090F847
:101F8000281001F00201022907D10168496821F4F3
:101F90008031026B11430268516090F8281001F003
:101FA0000401042907D10168496821F48021426BAA
:101FB00011430268516090F8281001F008010829C7
:101FC00007D10168496821F40041826B114302681E
:101FD000516090F8281001F01001102907D1016814
:101FE000896821F48051C26B11430268916090F8B6
:101FF000281001F02001202907D10168896821F407
:102000000051026C11430268916090F8281001F0B1
:102010004001402913D10168496821F48011426CC4
:10202000114302685160416CB1F5801F07D101680E
:10203000496821F4C001826C11430268516090F834
:10204000281001F08001802907D10168496821F436
:102050000021C26C114302685160704738B50446D4
:102060000020C4F88800FFF78BFA05462068006856
:1020700000F0080008280CD16FF07E402B460022AB
:102080004FF400110090204601F0EEFC08B103204F
:1020900038BD2068006800F0040004280CD16FF0FF
:1020A0007E402B4600224FF480010090204601F034
:1020B000DBFC08B10320EBE72020C4F88000C4F863
:1020C000840000BF002084F87C0000BF00BFDFE771
:1020D00070B50546AC6B0020A4F85E00A4F856006D
:1020E0002046FFF7FBFC70BD0168096821F4907180
:1020F0000268116001688968044A114002689160B1
:102100002021C0F884100021C1667047FEFFFFEF58
:1021100010B504462068006820F04000216808607F
:102120002020C4F88000002020672046FFF7C0FE72
:1021300010BD2DE9F0410446B4F86070D4F8840075
:10214000222826D12068406A86B2A56D06EA0700DB
:102150002880A06D801CA065B4F85E00401EA4F825
:102160005E00B4F85E00D0B92068006820F490707A
:10217000216808602068806820F00100216888607C
:102180002020C4F884000020E0662046FFF7FDF917
:1021900005E02068806940F0080021688861BDE89A
:1021A000F08100002DE9F0470446B4F86090D4F8BF
:1021B0008400222843D1B4F8685028E02068406A9F
:1021C0001FFA80F8A76D08EA09003880A06D801C0E
:1021D000A065B4F85E00401EA4F85E00B4F85E008E
:1021E00098B92068006820F4807021680860206831
:1021F000806817490840216888602020C4F884005E
:102200000020E0662046FFF7C0F9681E85B2002D69
:10221000D4D1B4F85E60C6B1B4F86800B04214DD41
:102220002068806820F08050216888600948E06656
:102230002068006840F020002168086005E0206800
:10224000806940F0080021688861BDE8F0870000DF
:10225000FEFFFFEF3321009070B50446B4F86060D4
:10226000D4F88400222826D12068406A85B2F0B2D2
:102270002840A16D0870A06D401CA065B4F85E00F8
:10228000401EA4F85E00B4F85E00D0B92068006873
:1022900020F49070216808602068806820F00100B8
:1022A000216888602020C4F884000020E066204671
:1022B000FFF76BF905E02068806940F008002168AD
:1022C000886170BD2DE9F0410446B4F86080D4F80F
:1022D0008400222843D1B4F8685028E02068406A7E
:1022E00087B208F0FF003840A16D0870A06D401C57
:1022F000A065B4F85E00401EA4F85E00B4F85E006D
:1023000098B92068006820F480702168086020680F
:10231000806817490840216888602020C4F884003C
:102320000020E0662046FFF730F9681E85B2002DD8
:10233000D4D1B4F85E60C6B1B4F86800B04214DD20
:102340002068806820F08050216888600948E06635
:102350002068006840F020002168086005E02068DF
:10236000806940F0080021688861BDE8F0810000C4
:10237000FEFFFFEF592200902DE9F04F89B004468F
:102380004FF00009002007908346F94920688842F1
:1023900000D100E000BF2169A068084361690843DB
:1023A000E16940EA010A606E40EA0A0A20680068B2
:1023B000F049084040EA0A00216808602068406847
:1023C00020F44050E168084321684860D4F818A020
:1023D000E7492068884202D0206A40EA0A0A206859
:1023E0008068E549084040EA0A0021688860206862
:1023F000C06A20F00F00616A08432168C86200BF0C
:10240000DE492068884220D1DD48006800F03800AD
:10241000182811D005DC48B1082809D0102811D19E
:1024200008E020280AD028280CD109E001250BE07B
:10243000042509E0082507E0102505E0202503E034
:10244000402501E0802500BFF8E0CE4920688842A1
:1024500019D1CB48006800F00700062810D2DFE849
:1024600000F0030507090B0D00250BE0042509E02A
:10247000082507E0102505E0202503E0402501E0C0
:10248000802500BFDAE0C0492068884219D1BC48E5
:10249000006800F00700062810D2DFE800F003050E
:1024A00007090B0D00250BE0042509E0082507E0CE
:1024B000102505E0202503E0402501E0802500BF30
:1024C000BCE0B2492068884219D1AD48006800F0EC
:1024D0000700062810D2DFE800F0030507090B0DFE
:1024E00000250BE0042509E0082507E0102505E09C
:1024F000202503E0402501E0802500BF9EE0A4499F
:102500002068884219D19E48006800F0070006281C
:1025100010D2DFE800F0030507090B0D00250BE0E2
:10252000042509E0082507E0102505E0202503E043
:10253000402501E0802500BF80E096492068884260
:1025400020D18F48006800F03800182811D005DC31
:1025500048B1082809D0102811D108E020280AD055
:1025600028280CD109E001250BE0042509E0082505
:1025700007E0102505E0202503E0402501E0802547
:1025800000BF5BE084492068884219D17C4800681C
:1025900000F00700062810D2DFE800F00305070965
:1025A0000B0D00250BE0042509E0082507E01025A8
:1025B00005E0202503E0402501E0802500BF3DE047
:1025C00076492068884219D16D48006800F00700FC
:1025D000062810D2DFE800F0030507090B0D0025DF
:1025E0000BE0042509E0082507E0102505E020257B
:1025F00003E0402501E0802500BF1FE05C49206822
:1026000088421AD15E48001D006800F007000628C5
:1026100010D2DFE800F0030507090B0D02250BE0DF
:10262000042509E0082507E0102505E0202503E042
:10263000402501E0802500BF00E0802500BF4C4917
:102640002068884271D1102D70D006DC022D09D08F
:10265000042D49D0082D6AD1A6E0202D68D0402D48
:10266000F9D1B3E1FEF796FF616A09B9012138E0BB
:10267000616A012901D1022133E0616A022901D195
:1026800004212EE0616A032901D1062129E0616A53
:10269000042901D1082124E0616A052901D10A2118
:1026A0001FE0616A062901D10C211AE0616A07293D
:1026B00001D1102115E0616A082901D1202110E023
:1026C000616A092901D140210BE0616A0A2901D11F
:1026D000802106E0616A0B2902D14FF4807100E08D
:1026E0000121B0FBF1FBB6E104A8FEF758FF059805
:1026F000616A09B9012154E0616A012901D102210D
:102700004FE0616A022901D104214AE0616A03298C
:1027100001D1062145E0616A042901D1082140E088
:10272000616A052905D10A213BE0FDE380E08FE1E4
:102730000BE1616A062901D10C2132E0616A0729A7
:1027400001D110212DE0616A082901D1202128E062
:10275000616A092901D1402123E0616A0A2901D176
:1027600080211EE0616A0B291AD14FF4807118E0B4
:10277000000C0058F369FFCFFFF4FF110010014077
:10278000544402580044004000480040004C0040BF
:10279000005000400014014000780040007C0040E0
:1027A0000121B0FBF1FB56E101A8FEF7FDFE029806
:1027B000616A09B9012138E0616A012901D1022168
:1027C00033E0616A022901D104212EE0616A032904
:1027D00001D1062129E0616A042901D1082124E000
:1027E000616A052901D10A211FE0616A062901D128
:1027F0000C211AE0616A072901D1102115E0616AF4
:10280000082901D1202110E0616A092901D1402164
:102810000BE0616A0A2901D1802106E0616A0B2977
:1028200002D14FF4807100E00121B0FBF1FB12E115
:10283000FA480068C0F3401088B3F8480068C0F355
:10284000C101F748C840616A09B9012139E0616AEC
:10285000012901D1022134E0616A022901D1042158
:102860002FE0616A032901D106212AE0616A042967
:1028700001D1082125E0616A052901D10A2120E062
:10288000616A062901D10C211BE0616A072901D187
:10289000102116E0616A082902D1202111E013E01D
:1028A000616A092901D140210BE0616A0A2901D13D
:1028B000802106E0616A0B2902D14FF4807100E0AB
:1028C0000121B0FBF1FB3FE0606A08B9012038E06C
:1028D000606A012801D1022033E0606A022801D138
:1028E00004202EE0606A032801D1062029E0606AF6
:1028F000042801D1082024E0606A052801D10A20BB
:102900001FE0606A062801D10C201AE0606A0728DF
:1029100001D1102015E0606A082801D1202010E0C4
:10292000606A092801D140200BE0606A0A2801D1C1
:10293000802006E0606A0B2802D14FF4807000E02E
:102940000120B749B1FBF0FB85E0606A08B90120BE
:1029500038E0606A012801D1022033E0606A022871
:1029600001D104202EE0606A032801D1062029E06D
:10297000606A042801D1082024E0606A052801D19A
:102980000A201FE0606A062801D10C201AE0606A64
:10299000072801D1102015E0606A082801D1202005
:1029A00010E0606A092801D140200BE0606A0A2823
:1029B00001D1802006E0606A0B2802D14FF48070BC
:1029C00000E001209749B1FBF0FB44E0606A08B9E0
:1029D000012038E0606A012801D1022033E0606AFA
:1029E000022801D104202EE0606A032801D10620CC
:1029F00029E0606A042801D1082024E0606A0528E3
:102A000001D10A201FE0606A062801D10C201AE0DB
:102A1000606A072801D1102015E0606A082801D1FA
:102A2000202010E0606A092801D140200BE0606A94
:102A30000A2801D1802006E0606A0B2802D14FF4F9
:102A4000807000E001204FF40041B1FBF0FB02E098
:102A50000120079000BF00BFBBF1000F00F0F2871C
:102A6000606800EB4000584503D860680003584593
:102A700003D20120079000F0E5BF102D75D006DCD1
:102A8000022D09D0042D67D0082D6FD1CCE0202D68
:102A90006DD0402DF9D14DE2FEF77CFD8046606A95
:102AA00008B9012238E0606A012801D1022233E02E
:102AB000606A022801D104222EE0606A032801D155
:102AC000062229E0606A042801D1082224E0606A15
:102AD000052801D10A221FE0606A062801D10C22D4
:102AE0001AE0606A072801D1102215E0606A082800
:102AF00001D1202210E0606A092801D140220BE0B8
:102B0000606A0A2801D1802206E0606A0B2802D19F
:102B10004FF4807200E0012294460023404619469B
:102B2000FEF747FD4FF4807300228C46A0FB031E86
:102B30000CFB03E300FB0233606840088C461CEB8F
:102B4000000643EB0201D4F804C06246002330467D
:102B5000FEF72FFD81464EE204A8FEF720FDDDF8CA
:102B600014E0606A20B901223BE0BFE040E282E16C
:102B7000606A012801D1022233E0606A022801D193
:102B800004222EE0606A032801D1062229E0606A4F
:102B9000042801D1082224E0606A052801D10A2214
:102BA0001FE0606A062801D10C221AE0606A07283B
:102BB00001D1102215E0606A082801D1202210E01E
:102BC000606A092801D140220BE0606A0A2801D11D
:102BD000802206E0606A0B2802D14FF4807200E088
:102BE00001229446002370461946FEF7E2FC4FF49A
:102BF000807C0022A0FB0C3E01FB0CE100FB0211DB
:102C0000606840081E185141D4F804C06246002391
:102C10003046FEF7CEFC8146EDE10000004402584C
:102C20000090D00300093D0001A8FEF7BDFCDDF8CF
:102C300008C0606A08B9012238E0606A012801D141
:102C4000022233E0606A022801D104222EE0606A89
:102C5000032801D1062229E0606A042801D1082254
:102C600024E0606A052801D10A221FE0606A062874
:102C700001D10C221AE0606A072801D1102215E068
:102C8000606A082801D1202210E0606A092801D179
:102C900040220BE0606A0A2801D1802206E0606AC7
:102CA0000B2802D14FF4807200E0012296460023E7
:102CB00060461946FEF77DFC4FF4807300228C4677
:102CC000A0FB031E0CFB03E300FB0233606840081B
:102CD0008C461CEB000643EB0201D4F804C06246AC
:102CE00000233046FEF765FC814684E1F848006821
:102CF000C0F3401090B3F6480068C0F3C101F54836
:102D000020FA01FE606A08B9012239E0606A0128F0
:102D100001D1022234E0606A022801D104222FE0AE
:102D2000606A032801D106222AE0606A042801D1E2
:102D3000082225E0606A052801D10A2220E0606AA5
:102D4000062801D10C221BE0606A072801D110225D
:102D500016E0606A082802D1202211E030E0606AA3
:102D6000092801D140220BE0606A0A2801D18022A3
:102D700006E0606A0B2802D14FF4807200E0012265
:102D80009446002370461946FEF713FC4FF48073F7
:102D900000228C46A0FB031E0CFB03E300FB023366
:102DA000606840088C461CEB000643EB0201D4F837
:102DB00004C0624600233046FEF7FBFB814659E023
:102DC000606A08B9012238E0606A012801D1022254
:102DD00033E0606A022801D104222EE0606A0328F1
:102DE00001D1062229E0606A042801D1082224E0EA
:102DF000606A052801D10A221FE0606A062801D115
:102E00000C221AE0606A072801D1102215E0606ADE
:102E1000082801D1202210E0606A092801D140224F
:102E20000BE0606A0A2801D1802206E0606A0B2864
:102E300002D14FF4807200E0012294460023A5489D
:102E40001946FEF7B6FB4FF4807300228C46A0FBB8
:102E5000031E0CFB03E300FB0233606840080E18FE
:102E600043EB0201D4F804C0624600233046FEF76B
:102E7000A0FB8146BFE0606A08B9012238E0606AC1
:102E8000012801D1022233E0606A022801D1042224
:102E90002EE0606A032801D1062229E0606A042836
:102EA00001D1082224E0606A052801D10A221FE02E
:102EB000606A062801D10C221AE0606A072801D155
:102EC000102215E0606A082801D1202210E0606A13
:102ED000092801D140220BE0606A0A2801D1802232
:102EE00006E0606A0B2802D14FF4807200E00122F4
:102EF0009446002378481946FEF75BFB4FF4807335
:102F000000228C46A0FB031E0CFB03E300FB0233F4
:102F1000606840088C461CEB000643EB0201D4F8C5
:102F200004C06246002300E073E03046FEF741FB38
:102F3000814660E0606A08B9012238E0606A0128D1
:102F400001D1022233E0606A022801D104222EE07E
:102F5000606A032801D1062229E0606A042801D1B1
:102F6000082224E0606A052801D10A221FE0606A75
:102F7000062801D10C221AE0606A072801D110222C
:102F800015E0606A082801D1202210E0606A092853
:102F900001D140220BE0606A0A2801D1802206E0BC
:102FA000606A0B2802D14FF4807200E0012294463F
:102FB00000234FF400401946FEF7FBFA4FF48073EC
:102FC00000228C46A0FB031E0CFB03E300FB023334
:102FD000606840088C461CEB000643EB0201D4F805
:102FE00004C0624600233046FEF7E3FA814602E061
:102FF0000120079000BF00BFB9F5407F06D3B9F5A7
:10300000801F03D22068C0F80C9034E5012007909F
:1030100031E5E069B0F5004F71D1082D70D005DCC5
:103020005DB1012D5AD0042D6BD1A7E0102D69D0D0
:10303000202D68D0402DF7D11EE2FEF7BFFA804662
:10304000606A08B9012038E0606A012801D10220D5
:1030500033E0606A022801D104202EE0606A032870
:1030600001D1062029E0606A042801D1082024E06B
:10307000606A052801D10A201FE0606A062801D194
:103080000C201AE0606A072801D1102015E0606A60
:10309000082801D1202010E0606A092801D14020D1
:1030A0000BE0606A0A2801D1802006E0606A0B28E4
:1030B00002D14FF4807000E00120B8FBF0F0400036
:1030C000616800EB5100B0FBF1F01FFA80F920E2DB
:1030D000004402580090D00300093D00FEF773FA47
:1030E0008046606A08B901203DE0606A012801D18C
:1030F000022038E0606A022806D1042033E020E292
:1031000088E003E2D2E06EE1606A032801D1062084
:1031100029E0606A042801D1082024E0606A0528BB
:1031200001D10A201FE0606A062801D10C201AE0B4
:10313000606A072801D1102015E0606A082801D1D3
:10314000202010E0606A092801D140200BE0606A6D
:103150000A2801D1802006E0606A0B2802D14FF4D2
:10316000807000E00120B8FBF0F04000616800EBE7
:103170005100B0FBF1F01FFA80F9CAE104A8FEF794
:103180000EFA0598616A09B9012138E0616A0129DE
:1031900001D1022133E0616A022901D104212EE02C
:1031A000616A032901D1062129E0616A042901D15C
:1031B000082124E0616A052901D10A211FE0616A22
:1031C000062901D10C211AE0616A072901D11021D9
:1031D00015E0616A082901D1202110E0616A0929FE
:1031E00001D140210BE0616A0A2901D1802106E06A
:1031F000616A0B2902D14FF4807100E00121B0FB1C
:10320000F1F04000616800EB5100B0FBF1F01FFAF3
:1032100080F97EE101A8FEF7C7F90298616A09B951
:10322000012138E0616A012901D1022133E0616A9C
:10323000022901D104212EE0616A032901D106216E
:1032400029E0616A042901D1082124E0616A052985
:1032500001D10A211FE0616A062901D10C211AE07F
:10326000616A072901D1102115E0616A082901D19D
:10327000202110E0616A092901D140210BE0616A37
:103280000A2901D1802106E0616A0B2902D14FF49D
:10329000807100E00121B0FBF1F04000616800EBBB
:1032A0005100B0FBF1F01FFA80F932E1F9480068F3
:1032B000C0F3401088B3F7480068C0F3C101F64876
:1032C000C840616A09B9012139E0616A012901D167
:1032D000022134E0616A022901D104212FE0616AF0
:1032E000032901D106212AE0616A042901D10821BC
:1032F00025E0616A052901D10A2120E0616A0629D9
:1033000001D10C211BE0616A072901D1102116E0CF
:10331000616A082902D1202111E01BE0616A0929B4
:1033200001D140210BE0616A0A2901D1802106E028
:10333000616A0B2902D14FF4807100E00121B0FBDA
:10334000F1F04000616800EB5100B0FBF1F01FFAB2
:1033500080F947E0606A08B9012038E0606A012816
:1033600001D1022033E0606A022801D104202EE05E
:10337000606A032801D1062029E0606A042801D18F
:10338000082024E0606A052801D10A201FE0606A55
:10339000062801D10C201AE0606A072801D110200C
:1033A00015E0606A082801D1202010E0606A092831
:1033B00001D140200BE0606A0A2801D1802006E09C
:1033C000606A0B2802D14FF4807000E00120B249FE
:1033D000B1FBF0F04000616800EB5100B0FBF1F090
:1033E0001FFA80F995E0606A08B9012038E0606A48
:1033F000012801D1022033E0606A022801D10420B3
:103400002EE0606A032801D1062029E0606A0428C2
:1034100001D1082024E0606A052801D10A201FE0BC
:10342000606A062801D10C201AE0606A072801D1E1
:10343000102015E0606A082801D1202010E0606AA1
:10344000092801D140200BE0606A0A2801D18020C0
:1034500006E0606A0B2802D14FF4807000E0012082
:103460008E49B1FBF0F04000616800EB5100B0FB09
:10347000F1F01FFA80F94CE0606A08B9012038E0E9
:10348000606A012801D1022033E0606A022801D17C
:1034900004202EE0606A032801D1062029E0606A3A
:1034A000042801D1082024E0606A052801D10A20FF
:1034B0001FE0606A062801D10C201AE0606A072824
:1034C00001D1102015E0606A082801D1202010E009
:1034D000606A092801D140200BE0606A0A2801D106
:1034E000802006E0606A0B2802D14FF4807000E073
:1034F00001204FF40041B1FBF0F04000616800EBA7
:103500005100B0FBF1F01FFA80F902E001200790B2
:1035100000BF00BFB9F1100F10D3B9F5803F0DD235
:103520004FF6F07009EA00000890C9F342010898CC
:103530000843089008982168C86083E2012007903A
:1035400080E2082D72D005DC5DB1012D53D0042D31
:103550006DD1A5E0102D6BD0202D6AD0402D66D105
:1035600017E2FEF72BF88046606A08B9012038E0C0
:10357000606A012801D1022033E0606A022801D18B
:1035800004202EE0606A032801D1062029E0606A49
:10359000042801D1082024E0606A052801D10A200E
:1035A0001FE0606A062801D10C201AE0606A072833
:1035B00001D1102015E0606A082801D1202010E018
:1035C000606A092801D140200BE0606A0A2801D115
:1035D000802006E0606A0B2802D14FF4807000E082
:1035E0000120B8FBF0F0616800EB5100B0FBF1F096
:1035F0001FFA80F919E2FDF7E6FF8046606A08B914
:1036000001203CE0606A012801D1022037E0606AB5
:10361000022801D1042032E0606A032801D106208B
:103620002DE0606A042805D1082028E083E0F9E154
:10363000CCE066E1606A052801D10A201FE0606ADB
:10364000062801D10C201AE0606A072801D1102059
:1036500015E0606A082801D1202010E0606A09287E
:1036600001D140200BE0606A0A2801D1802006E0E9
:10367000606A0B2802D14FF4807000E00120B8FB93
:10368000F0F0616800EB5100B0FBF1F01FFA80F937
:10369000CBE10000004402580090D00300093D0037
:1036A00004A8FDF77CFF0598616A09B9012138E09B
:1036B000616A012901D1022133E0616A022901D145
:1036C00004212EE0616A032901D1062129E0616A03
:1036D000042901D1082124E0616A052901D10A21C8
:1036E0001FE0616A062901D10C211AE0616A0729ED
:1036F00001D1102115E0616A082901D1202110E0D3
:10370000616A092901D140210BE0616A0A2901D1CE
:10371000802106E0616A0B2902D14FF4807100E03C
:103720000121B0FBF1F0616800EB5100B0FBF1F05A
:103730001FFA80F979E101A8FDF736FF0298616A66
:1037400009B9012138E0616A012901D1022133E080
:10375000616A022901D104212EE0616A032901D1A5
:10376000062129E0616A042901D1082124E0616A67
:10377000052901D10A211FE0616A062901D10C2126
:103780001AE0616A072901D1102115E0616A082950
:1037900001D1202110E0616A092901D140210BE00B
:1037A000616A0A2901D1802106E0616A0B2902D1F0
:1037B0004FF4807100E00121B0FBF1F0616800EB93
:1037C0005100B0FBF1F01FFA80F92EE1A348006828
:1037D000C0F3401088B3A1480068C0F3C101A048FD
:1037E000C840616A09B9012139E0616A012901D142
:1037F000022134E0616A022901D104212FE0616ACB
:10380000032901D106212AE0616A042901D1082196
:1038100025E0616A052901D10A2120E0616A0629B3
:1038200001D10C211BE0616A072901D1102116E0AA
:10383000616A082902D1202111E01AE0616A092990
:1038400001D140210BE0616A0A2901D1802106E003
:10385000616A0B2902D14FF4807100E00121B0FBB5
:10386000F1F0616800EB5100B0FBF1F01FFA80F954
:1038700046E0606A08B9012038E0606A012801D199
:10388000022033E0606A022801D104202EE0606A41
:10389000032801D1062029E0606A042801D108200C
:1038A00024E0606A052801D10A201FE0606A06282A
:1038B00001D10C201AE0606A072801D1102015E020
:1038C000606A082801D1202010E0606A092801D12F
:1038D00040200BE0606A0A2801D1802006E0606A7F
:1038E0000B2802D14FF4807000E001205C49B1FB4D
:1038F000F0F0616800EB5100B0FBF1F01FFA80F9C5
:1039000093E0606A08B9012038E0606A012801D1BB
:10391000022033E0606A022801D104202EE0606AB0
:10392000032801D1062029E0606A042801D108207B
:1039300024E0606A052801D10A201FE0606A062899
:1039400001D10C201AE0606A072801D1102015E08F
:10395000606A082801D1202010E0606A092801D19E
:1039600040200BE0606A0A2801D1802006E0606AEE
:103970000B2802D14FF4807000E001203949B1FBDF
:10398000F0F0616800EB5100B0FBF1F01FFA80F934
:103990004BE0606A08B9012038E0606A012801D173
:1039A000022033E0606A022801D104202EE0606A20
:1039B000032801D1062029E0606A042801D10820EB
:1039C00024E0606A052801D10A201FE0606A062809
:1039D00001D10C201AE0606A072801D1102015E0FF
:1039E000606A082801D1202010E0606A092801D10E
:1039F00040200BE0606A0A2801D1802006E0606A5E
:103A00000B2802D14FF4807000E001204FF40041F8
:103A1000B1FBF0F0616800EB5100B0FBF1F01FFA70
:103A200080F902E00120079000BF00BFB9F1100F3C
:103A300006D3B9F5803F03D22068C0F80C9001E0AE
:103A4000012007900120A4F86A00A4F86800002073
:103A5000E0662067079809B0BDE8F08F004402587F
:103A60000090D00300093D002DE9F04104460D46C9
:103A700017469846069E4AE0701C002847D0FDF77E
:103A80007FFDA0EB0800B04200D8C6B920680068EE
:103A900020F4D070216808602068806820F0010060
:103AA000216888602020C4F88000C4F8840000BF2A
:103AB000002084F87C0000BF0320BDE8F08120686E
:103AC000006800F0040010B32068C069C0F3C02093
:103AD000E8B14FF40060216808622068006820F4B3
:103AE000D070216808602068806820F0010021689B
:103AF00088602020C4F88000C4F88400C4F88800DE
:103B000000BF002084F87C0000BF0320D5E72068B8
:103B1000C0692840A84201D1012000E00020B8423D
:103B2000AAD00020C9E703B401984100009850EAE8
:103B3000C12018BF04204A0D18BF40F0010040F218
:103B4000FF72B2EB515F08BF40F00200012808BFCE
:103B5000052002B0704770B50446002508E02168D2
:103B6000481C20600878303805EB850100EB4105E2
:103B70002168087800F004F80028F0D1284670BDCC
:103B80000146302903DB392901DC01207047002080
:103B9000FCE730380A2801D2012070470020704726
:103BA00010B54021074801F0E3FA0022042106483D
:103BB0002BF0A0F80549086002F000FE002004493F
:103BC000087010BD90D6052489680090BC020024BE
:103BD000B802002430B50346B1F90040B2F90050F4
:103BE000AC4202DDB1F9004001E0B2F900401C80B6
:103BF000B1F90240B2F90250AC4202DDB1F9024023
:103C000001E0B2F902405C80B1F90440B2F904501D
:103C1000AC4202DAB1F9044001E0B2F904409C8000
:103C2000B1F90640B2F90650AC4202DAB1F90640E9
:103C300001E0B2F90640DC800120B3F90040B3F99D
:103C40000450AC4205DCB3F90240B3F90650AC4273
:103C500000DD002030BDF8B504460D4616460027AD
:103C6000B4F90000B5F90010884212DBB4F9020083
:103C7000B5F9021088420CDBB4F90400B5F9041060
:103C8000884206DCB4F90600B5F90610884200DC6B
:103C900001270FB90020F8BD0EB90120FBE72088ED
:103CA000ADF800006088ADF802003246694628464B
:103CB00000F0A7F808B90020EDE7A088ADF80000F3
:103CC0006088ADF8020032466946284600F099F84F
:103CD00008B90020DFE72088ADF80000E088ADF8E3
:103CE000020032466946284600F08BF808B90020E9
:103CF000D1E7A088ADF80000E088ADF802003246B8
:103D00006946284600F07DF808B90020C3E7012085
:103D1000C1E70246B2F90000B1F90430984213DC61
:103D2000B2F90400B1F9003098420DDBB2F902009B
:103D3000B1F90630984207DCB2F90600B1F9023059
:103D4000984201DB012070470020FCE7F8B50446EB
:103D50000D461646B4F90400B5F90010884211DB8F
:103D6000B4F90600B5F9021088420BDBB4F9000083
:103D7000B5F90410884205DCB4F90200B5F9061063
:103D8000884201DD0120F8BD0EB90020FBE7208844
:103D9000ADF800006088ADF802003246694628465A
:103DA00000F02FF808B10020EDE7A088ADF8000082
:103DB0006088ADF8020032466946284600F021F8D6
:103DC00008B10020DFE72088ADF80000E088ADF8FA
:103DD000020032466946284600F013F808B1002078
:103DE000D1E7A088ADF80000E088ADF802003246C7
:103DF0006946284600F005F808B10020C3E7012015
:103E0000C1E72DE9FC5F05460E4614464FF0000A57
:103E1000B6F90000B5F90010884213DBB6F90000CE
:103E2000B5F9041088420DDCB6F90200B5F90210AC
:103E3000884207DBB6F90200B5F90610884201DCBA
:103E40004FF0010ABAF1000F02D10020BDE8FC9F3B
:103E5000002C01DC0120F9E7284616F078FD8346A6
:103E600000EBDB704710284616F0E9FC834600EBB8
:103E7000DB704FEA6008474501DA384600E040460B
:103E800081464C4500DD4C462888ADF80000288866
:103E9000204400B2ADF804006888ADF802006888DC
:103EA000204400B2ADF80600002231466846FFF714
:103EB000A8FF80B1BDF80400204400B2ADF80400B2
:103EC000BDF80600204400B2ADF806003146684651
:103ED00027F0DAFABAE7E888001B00B2ADF8020072
:103EE000E888ADF80600002231466846FFF789FFF2
:103EF00080B1BDF80400204400B2ADF80400BDF864
:103F00000200001B00B2ADF802003146684627F0FF
:103F1000BBFA9BE7A888001B00B2ADF80000A88898
:103F2000ADF80400002231466846FFF76AFF80B111
:103F3000BDF80000001B00B2ADF80000BDF80200A3
:103F4000001B00B2ADF802003146684627F09CFA2B
:103F50007CE76888ADF802006888204400B2ADF8BC
:103F60000600002231466846FFF74BFF80B1BDF8DE
:103F70000000001B00B2ADF80000BDF806002044B0
:103F800000B2ADF806003146684627F07DFA5DE7DD
:103F900001205BE710B5B1F90030B2F90040A3424F
:103FA00002DAB1F9003001E0B2F900300380B1F972
:103FB0000230B2F90240A34202DAB1F9023001E064
:103FC000B2F902304380B1F90430B2F90440A3429F
:103FD00002DDB1F9043001E0B2F904308380B1F9B7
:103FE0000630B2F90640A34202DDB1F9063001E025
:103FF000B2F90630C38010BD2DE9FF4104462AF016
:104000001AFE05460020039034B14749E068086075
:1040100020462AF087FF03E019F0F6FA42490860CB
:1040200041490968086927F08DF93F4800684069EF
:1040300020B13D490968486927F084F93A4909687F
:10404000C86927F07FF938490968086A27F07AF9C2
:1040500035480068006940B9002033490968A1F873
:10406000500100BF00BFBDE8FF8127F00DFD27F024
:1040700053FC2D480068B0F8500100284BD02A4866
:1040800000680068007CC0F34000E8B12648006882
:1040900019F038FB401E06B22348006819F0CCFA2C
:1040A000401E07B23B460022114601A8009616F0BA
:1040B00093FC01A81C4909680968896B48601A4883
:1040C000006805F0B7FD00BF4FF480711648006826
:1040D000303021F0B6FB20211348006800F59870BD
:1040E00021F0AFFB002010490968A1F850012846D3
:1040F0002AF094FD03900C4800680068406A50B1B3
:104100000949096808680849096809684B6A074944
:104110000A680399984721F0CBF800F03FF800F0C7
:1041200007F800BF9FE700006C010024680100242D
:1041300010B5002416E0C4EBC4000C4951F820006F
:1041400030B1C4EBC401094A52F8210021F062F9F0
:10415000C4EBC401054A02EB81001C2121F071FB74
:10416000601CC4B2042CE6DB10BD00006CD7052433
:104170000146094A10680BE042688A4202D0026890
:104180008A4204D1027E22F00102521C027640696A
:104190000028F1D170470000400100247047000062
:1041A00010B50421014800F0E3FF10BD84D60524BA
:1041B00010B51C21014800F0DBFF10BD9CD6052482
:1041C0002DE9FF4F8BB004469A46199DBAF1000FB6
:1041D00011D11898B0F5807F0DD10020208060802B
:1041E0000C98401E00B2A0800D98401E00B2E080E6
:1041F0000FB0BDE8F08FB5F9000040421899484370
:104200000121C1EB202000B22080B5F9020040421C
:10421000189948430121C1EB202000B26080B5F914
:1042200000100C98401A18994843022101EB2020F5
:1042300000B2A080B5F902100D98401A18994843B1
:10424000022101EB202000B2E080BAF1000F14D16E
:1042500020882988084400B2208060886988084442
:1042600000B26080A0882988084400B2A080E0885D
:104270006988084400B2E080BAE70A209AFBF0F0AF
:104280000A900A98401C09900A9800EB8000AAEB5B
:10429000400B0A9800B22AF0CBFF0890099800B2B0
:1042A0002AF0C6FF07900A985A3000B22AF0C0FFE1
:1042B000069009985A3000B22AF0BAFF0590CBF167
:1042C0000A0108984143079800FB0B100A2190FB54
:1042D000F1F6CBF10A0106984143059800FB0B105B
:1042E0000A2190FBF1F776117F11B4F90080B4F93F
:1042F000029007FB08F006FB1900298801EBA020BB
:1043000000B2ADF8100006FB08F007FB0900698851
:1043100001EBA02000B2ADF81200B4F90480B4F9AA
:10432000029007FB08F006FB1900298801EBA0208A
:1043300000B2ADF80C0006FB08F007FB0900698825
:1043400001EBA02000B2ADF80E00B4F90080B4F982
:10435000069007FB08F006FB1900298801EBA02056
:1043600000B2ADF8080006FB08F007FB09006988F9
:1043700001EBA02000B2ADF80A00B4F90480B4F952
:10438000069007FB08F006FB1900298801EBA02026
:1043900000B2ADF8040006FB08F007FB09006988CD
:1043A00001EBA02000B2ADF80600BDF90800BDF990
:1043B0001010884202DABDF9080001E0BDF91000D2
:1043C000BDF90410BDF90C20914202DABDF90410C8
:1043D00001E0BDF90C1088420BDABDF90800BDF907
:1043E0001010884202DABDF908000DE0BDF9100096
:1043F0000AE0BDF90400BDF90C10884202DABDF9EB
:10440000040001E0BDF90C002080BDF90800BDF9F1
:104410001010884202DDBDF9080001E0BDF910006E
:10442000BDF90410BDF90C20914202DDBDF9041064
:1044300001E0BDF90C1088420BDDBDF90800BDF9A3
:104440001010884202DDBDF908000DE0BDF9100032
:104450000AE0BDF90400BDF90C10884202DDBDF987
:10446000040001E0BDF90C00A080BDF90A00BDF90F
:104470001210884202DABDF90A0001E0BDF912000B
:10448000BDF90610BDF90E20914202DABDF9061001
:1044900001E0BDF90E1088420BDABDF90A00BDF942
:1044A0001210884202DABDF90A000DE0BDF91200CF
:1044B0000AE0BDF90600BDF90E10884202DABDF926
:1044C000060001E0BDF90E006080BDF90A00BDF9EB
:1044D0001210884202DDBDF90A0001E0BDF91200A8
:1044E000BDF90610BDF90E20914202DDBDF906109E
:1044F00001E0BDF90E1088420BDDBDF90A00BDF9DF
:104500001210884202DDBDF90A000DE0BDF912006B
:104510000AE0BDF90600BDF90E10884202DDBDF9C2
:10452000060001E0BDF90E00E08000BF60E62DE965
:10453000F74F86B0044620680590B4F90810079834
:10454000A0EB0108B4F90A100898A0EB0109E08972
:10455000B0F5807F13D1206B00FB08F0E16A01FB0E
:104560001901606A00EBA10BE06A00FB08F0216B07
:1045700001FB0901A06A00EBA10004902FE0A089D3
:1045800080B9A06B00FB08F04FEA6018A06B00FB3D
:1045900009F04FEA6019606A00EB080BA06A484412
:1045A00004901CE0A06B00FB08F04FEA6018A06BC1
:1045B00000FB09F04FEA6019206B00FB08F0E16A8C
:1045C00001FB1901606A00EBA12BE06A00FB08F017
:1045D000216B01FB0901A06A00EBA12004904FEAC6
:1045E0002B2604980712B4F90400B04203DC002023
:1045F00009B0BDE8F08F002E01DA0020F8E7B4F929
:104600000600B84201DC0020F2E7002F01DA0020AA
:10461000EEE73420005DC0F3800050B33420005D2D
:10462000C0F3400078B90225B4F904007843684328
:1046300006FB050A059800EB0A012A4604F114005E
:1046400021F0ADF82CE00325B4F904007843684369
:1046500006FB050A6A1E059800EB0A0104F1140026
:1046600021F09DF80AEB0500401E0599095CA17533
:1046700016E04FF0000A0025208A03463AB231B214
:10468000019004F118001DF071FD0290BDF80800C2
:10469000A0823AB231B204F118001DF0C7FCA07537
:1046A0003420005D00F00100B0B14FF47F400021E4
:1046B00000F47C4241EA5211C0F3C402114301915B
:1046C000BDF8042011460291A08ABDF80810884266
:1046D00001D100208CE700BFE07C08B9012087E70A
:1046E0000FFA8BF1A187049801B2E18731B2402023
:1046F000015339B242200153C4F844A084F8485011
:10470000204600F003F80390039871E72DE9F04F7D
:104710008DB00446D4F8009094F83C000C9094F8C6
:104720003E000B900C9870280BDA4FF0FF35B4F96F
:1047300040002844002800DA00250C988030C7B2D9
:1047400013E00C9890280EDD0125B4F940002844B0
:10475000B4F90410884200DB00250C98C0F1FF007A
:104760008030C7B201E00025FF270B9870280CDAD3
:104770004FF0FF36B4F942003044002800DA00263A
:104780000B98803000F0FF0815E00B9890280FDDA3
:104790000126B4F942003044B4F90610884200DB27
:1047A00000260B98C0F1FF00803000F0FF0802E007
:1047B00000264FF0FF08A08A0A90A07D06900020F6
:1047C0000590049003903420005DC0F38000002821
:1047D0005BD094F84800626C00FB052000EB0901F7
:1047E000022209A820F0DBFFA28894F8480012FBFF
:1047F00000F2606C02FB060000EB0901022208A82F
:1048000020F0CDFFA28894F8480012FB00F2606C03
:1048100002FB060294F8480000FB052000EB0901AA
:10482000022207A820F0BBFF3420005DC0F3400047
:1048300000287ED094F84800616C00FB0511084404
:10484000401E19F800000590A18894F8480011FB5B
:1048500000F1606C01FB060194F848000844401E1A
:1048600019F800000490A18894F8480011FB00F1A9
:10487000606C01FB060194F8480000FB0511084438
:10488000401E19F80000039053E0208A0090B4F90C
:1048900042204020005B284401B204F11800009B34
:1048A0001DF064FC0990208A00904220005B304497
:1048B00002B2B4F9401004F11800009B1DF056FC40
:1048C0000890208A00904220005B304402B24020D1
:1048D000005B284401B204F11800009B1DF046FC67
:1048E00007903420005DC0F3400010B3B4F94220BB
:1048F0004020005B284401B204F118001DF096FB33
:1049000005904220005B304402B2B4F9401004F13B
:1049100018001DF08BFB04904220005B304402B273
:104920004020005B284401B204F118001DF07EFB1A
:104930000390BA46BB463420005DC0F34000E0B3AC
:1049400006987843C7F1FF0C059B03FB0C00C0F3EE
:10495000072104987843C7F1FF0C039B03FB0C006D
:10496000C0F3072201FB08F0C8F1FF0302FB0300BC
:10497000030AA375022905DC022A03DC00200DB01E
:10498000BDE8F08F022901DC4FF00008022A01DCAB
:104990004FF0FF080698022801DC4FF0000A059846
:1049A000022801DC4FF0FF0A0498022801DC4FF0D6
:1049B000000B0398022803DC00E002E04FF0FF0B3D
:1049C00003E0BA46BB46FF21A175BAF1000F02D140
:1049D000099802900BE0BAF1FF0F02D10A980290F9
:1049E00005E05246DDE9091018F07CF80290BBF1B1
:1049F000000F02D1079801900BE0BBF1FF0F02D12D
:104A00000898019005E05A46DDE9071018F06AF8A9
:104A10000190B8F1000F03D1BDF80400A0820FE0AF
:104A2000B8F1FF0F03D1BDF80800A08208E04246AC
:104A3000DDE9011018F056F80090BDF80000A082E2
:104A400001209CE72DE9F05F0446B4F9080001025B
:104A50006162B4F90A000102A162B4F90C000A21F2
:104A600090FBF1F56F1CB4F90C0005EB8501A0EB90
:104A70004106684200B22AF0DBFB8046784200B271
:104A80002AF0D6FB8146C5F15A0000B22AF0D0FBCD
:104A90008246C7F15A0000B22AF0CAFB8346C6F12B
:104AA0000A0000FB08F009FB06000A2190FBF1F167
:104AB000E162C6F10A0000FB0AF00BFB06000A21C6
:104AC00090FBF1F12163E06A4111E162206B411139
:104AD0002163A07C1DF059FC3421095D60F30001C5
:104AE00034200155A07C1DF033FC3421095D60F3B6
:104AF000410134200155A07C042805D0A07C052864
:104B000002D0A07C062807D13420005D20F00400EC
:104B1000001D3421085505E03420005D20F004011B
:104B20003420015521682162A06920F0E000A061D5
:104B3000A17CA06961F30400A061A188A06961F370
:104B40009420A061E188A06961F35F50A061E089D1
:104B500000EBD071491001F5001191FBF0F2A26356
:104B6000FF21A175208AA082BDE8F09F2DE9F743BF
:104B7000054616460024134C2AF05DF8804633465D
:104B800029462046019A1EF0AFF807465FB900BFDC
:104B900000BF2C21204620F054FE4FF00040A062C0
:104BA0000020BDE8FE830020A062E06918B94046FD
:104BB0002AF034F8E061E06908B90120E06120469C
:104BC000EFE70000C0D6052410B51421114800F00D
:104BD000CFFA1EF03BF8044600BF1CB900BF00BF6F
:104BE00000BFFEE700BF14B900BF00BF10BD0A49F7
:104BF00020461EF013F9094920461EF011F9084914
:104C000020461EF00FF9074920461EF005F900BFA7
:104C1000ECE70000A8D60524692402903D29029003
:104C2000592B02903124029070B504460D46102194
:104C3000284620F006FE20680078012804D1208A4A
:104C40002880608A68800CE020680078022802D101
:104C5000E068686005E020680078042801D10A2037
:104C600068602068406820B1206829464268904703
:104C700001E000BF00BF70BD2DE9FE430446A66AF7
:104C8000EEB9A18A208A084401B2A182E18A608A31
:104C9000084401B2E18220460CF003FD06460EB93D
:104CA000BDE8FE83204610F0E5FB002209213046D6
:104CB0001CF0A2F96078C0F3400000B1F0E7208A50
:104CC00010B9608A002870D000200290019094F8FA
:104CD0003C0000F00F00032812D1304622F06AFE9B
:104CE0000746304622F0EEFD804603200090B4F9DE
:104CF00010103B46424630460BF0CAFF029012E0CD
:104D0000304622F0D9FE0746304622F04DFD80465F
:104D10000C200090B4F9121043463A4630460BF08E
:104D2000B7FF019000BF304622F09EFD054605F01A
:104D3000010028B9BDF90800002801DD002002901B
:104D400005F0020028B9BDF90800002801DA0020AA
:104D5000029005F0040028B9BDF90400002801DD27
:104D60000020019005F0080028B9BDF904000028D2
:104D700001DA0020019001AA02A920462DF016F8C0
:104D80000023BDF90420BDF90810304625F072FD5E
:104D9000A08ABDF80810084401B2A182E08ABDF8DB
:104DA0000410084401B2E18200BF00BF78E72DE99A
:104DB000F84F0446D4F828B0BBF1000F01D1BDE88C
:104DC000F88F94F83C0000F00F0000B9F7E71EF0F0
:104DD0000DFB06463068477E4021584624F074FAA1
:104DE00010B9002161832183584622F051FE80468C
:104DF000584622F057FE054694F83C0000F00F009C
:104E00000C2843D1002121831DBBB4F91A00C7F13E
:104E100064014843642190FBF1F001B2618358467C
:104E200022F0C2FC8146584622F046FE82460C2003
:104E30000090B4F91A104B46524658460BF028FF22
:104E40006083B4F91A2000231946584625F012FD54
:104E500069E020462DF001F80090002161836A4648
:104E600020462CF0A3FFBDF9003041F6FF725142FD
:104E700058460CF0BFFD8146BDF80000484402B220
:104E800001230021584625F0F5FC4CE094F83C0045
:104E900000F00F00032846D100216183B8F1000F14
:104EA00023D1B4F91800C7F164014843642190FB91
:104EB000F1F001B22183584622F004FD81465846A4
:104EC00022F078FD824603200090B4F91810534672
:104ED0004A4658460BF0DCFE2083B4F91810002334
:104EE0001A46584625F0C6FC1DE020462CF09AFFD5
:104EF0000090002121830022694620462CF056FFB5
:104F0000BDF9003041F6FF72514258460CF0D8FC12
:104F10008146BDF80000484401B2012300225846F2
:104F200025F0A8FC00BF208B002860D1608B0028F2
:104F30005DD11DBB584622F0BFFD8146584622F088
:104F400033FC8246B9F1000F02DCBAF1000F14DD28
:104F5000B9F1000F06DA01234A460021584625F030
:104F600089FC0AE0BAF1000F07DA0123CAF1000058
:104F700002B20021584625F07DFC00BFB8F1000FB9
:104F800023D1584622F09EFC8146584622F012FD5D
:104F90008246B9F1000F02DCBAF1000F14DDB9F15D
:104FA000000F06DA012300224946584625F062FC2C
:104FB0000AE0BAF1000F07DA01230022CAF100006B
:104FC00001B2584625F056FC00BF32460A21584629
:104FD0001CF012F86078C0F3400000B1EFE694F8DE
:104FE0003C0020F00F0184F83C100021A16200BFBA
:104FF000E5E62DE9FF4104460F4614B918F004FB1D
:1050000004460CB9BDE8FF811FB90020A4F8500187
:10501000F8E70020ADF80800ADF80A00204618F0C7
:105020000BFB401E00B2ADF80C00204618F06AFBE6
:10503000401E00B2ADF80E0002AA39466846FEF7DF
:10504000C9FD064606B9DDE72068007CC0F34000D4
:1050500060B102982063039860630120A4F85001B6
:10506000606810B1606829F069FFCBE7206880694B
:1050700018B1206869468269904700250BE004F169
:10508000300000EBC50100226846FEF7E4FD00B1E8
:10509000B8E7681C85B2B4F85001A842EFDCB4F858
:1050A0005001202809DAB4F8502104F1300101EB55
:1050B000C200694615F033FB0BE00020A4F8500154
:1050C000B4F8502104F1300101EBC20002A915F03F
:1050D00026FBB4F85001401CA4F85001606810B1E0
:1050E000606829F02BFF00BF8CE770B505462846A5
:1050F00000F013F8044600260CE02146284600F094
:1051000024F806462146284600F086F8204620F07E
:1051100081F93446002CF0D170BD014609B9002058
:1051200070474868FCE770B5064600243046FFF734
:10513000F4FF054605E0641C2946304600F005F8FA
:105140000546002DF7D1204670BD02460B4610687B
:10515000001D03441868704702460B46106803445C
:1051600018687047014609B9002070478868FCE755
:10517000002242608260CA1C22F003010160704775
:1051800070B50446216801F1080020F075F8054665
:10519000A5B10022294620462BF070F92946204669
:1051A00062682BF05DF9606820B12A46204661688C
:1051B0002BF064F96560A06800B9A560284670BD51
:1051C00070B50446216801F1080020F055F8054645
:1051D000A5B10022294620462BF042F92946204657
:1051E000A2682BF04BF9A06820B12A462046A1689E
:1051F0002BF036F9A560606800B96560284670BD7F
:10520000014609B901207047486818B9886808B98B
:105210000120F8E70020F6E72DE9F04104460D46AD
:105220000CB9BDE8F0812046FFF777FFA8420FD107
:1052300029462046FFF789FF6060606810B90020AA
:10524000A0602FE00022204661682BF017F929E0CA
:105250002046FFF787FFA8420FD129462046FFF7D7
:105260007BFFA060A06810B9002060601AE00022F7
:105270002046A1682BF0F4F814E029462046FFF7F9
:105280006BFF064629462046FFF75FFF07463A4672
:10529000314620462BF0E4F83246394620462BF0C2
:1052A000EDF800BF00BFBCE710B504462068806879
:1052B00018B120682146826890472068006828B1AC
:1052C0002068006820602046FFF7EEFF10BD014611
:1052D000886818B18868B0F9160070470020FCE7AC
:1052E0002DE9F04F93B005468B4691469A461C9E99
:1052F000688C20F00400001D6884A5F82090328995
:105300005946284623F05CFD1290A5F820A032896A
:105310005946284623F054FD1190688C20F0040073
:105320006884DDE9111088420CD1DDE91110884252
:1053300008D1BDF84800BDF84410884202D113B02E
:10534000BDE8F08FA5F8209032895946284623F011
:1053500037FD1290A5F820A0594628460EF061FAB4
:1053600010903189109A1068129A28F020F930892B
:10537000602833D147F6FF711298884202D0119805
:1053800088422BD1284623F042FF0F9000EBD070CB
:105390004710284623F03BFF0F9000EBD0704FEAF8
:1053A000600847F6FF711298884208D1781C08F10E
:1053B0000101884200DA01E008F10100129047F68D
:1053C000FF711198884208D1781C08F101018842C8
:1053D00000DA01E008F10100119000BF2448FFF756
:1053E000CFFE044600BF1CB900BF00BF00BFFEE7F0
:1053F00000BF04B9A3E71298E06011982061ACB334
:1054000025603089A080C4F808B0684614F04EFBCF
:105410002146684614F0FDFB1649684614F0C9FBA6
:105420001548029000BF1549684614F0D0FBFF22D2
:105430000021684614F0DDFB3188684614F0CFFB8C
:105440007188684614F0B0FBF068069000BF6846AB
:10545000002190F83E2061F3000280F83E2000BF5A
:1054600030690590684614F0EBFB00BF00BF66E7AB
:10547000B4D6052431620390DD6403900D6403907B
:1054800010B514210148FFF773FE10BDB4D60524F2
:105490002DE9FE4F04460F4690464FF000090025C7
:1054A0006BE1E06800EBC5004068C0F3406000B10C
:1054B00062E1E16801EBC501496821F07F4025F018
:1054C0003EFF064626EA070008B9012000E000205A
:1054D000029026EA080008B9012000E000200190AF
:1054E000DDE90101814272D0E06850F835A04FF04B
:1054F000000B6A4641F61001504627F0F1FC10B14E
:105500004FF0010BA9E06A4641F61101504627F021
:10551000E7FC10B14FF0010B9FE06A4641F6120123
:10552000504627F0DDFC10B14FF0010B95E06A46C4
:1055300041F61301504627F0D3FC10B14FF0010B98
:105540008BE06A4641F61501504627F0C9FC10B1C0
:105550004FF0010B81E06A4641F61401504627F0F6
:10556000BFFC10B14FF0010B77E06A4641F26901D0
:10557000504627F0B5FC10B14FF0010B6DE06A46C4
:1055800043F20C01504627F0ABFC10B14FF0010B79
:1055900063E06A4643F20D01504627F0A1FC10B1CA
:1055A0004FF0010B59E06A4641F20101504627F0E5
:1055B00097FC10B14FF0010B4FE06A4641F2040135
:1055C000504627F08DFC18B14FF0010B45E0D2E0BA
:1055D0006A4641F20201504627F082FC10B14FF0BA
:1055E000010B3AE06A4641F20301504627F078FC8D
:1055F00010B14FF0010B30E06A4641F20501504610
:1056000027F06EFC10B14FF0010B26E06A4641F224
:105610000601504627F064FC10B14FF0010B1CE06E
:105620006A4641F23201504627F05AFC10B14FF061
:10563000010B12E06A4643F60F01504627F050FC7A
:1056400010B14FF0010B08E06A4643F60E015046D8
:1056500027F046FC08B14FF0010BBBF1000F02D060
:105660000320BDE8FE8F6A4640F60A01504627F047
:1056700037FC10B14FF002097CE06A4640F60B019E
:10568000504627F02DFC10B14FF0020972E06A4637
:1056900043F60F01504627F023FC10B14FF00209EA
:1056A00068E06A4643F60E01504627F019FC10B137
:1056B0004FF002095EE06A4640F63C01504627F092
:1056C0000FFC10B14FF0020954E06A4640F63D016C
:1056D000504627F005FC10B14FF002094AE06A4637
:1056E00040F63A01504627F0FBFB10B14FF002099B
:1056F00040E06A464FF40461504627F0F1FB10B1D8
:105700004FF0020936E06A4640F64501504627F060
:10571000E7FB10B14FF002092CE06A4640F6410168
:10572000504627F0DDFB10B14FF0020922E06A4637
:1057300040F64201504627F0D3FB10B14FF002096A
:1057400018E06A4640F64301504627F0C9FB10B105
:105750004FF002090EE06A4640F64901504627F034
:10576000BFFB10B14FF0020904E0B9F1000F01D105
:105770004FF0010900BF00BF6D1C608CC0F3C50075
:10578000A8423FF68EAE48466BE70000014800682D
:10579000704700006C01002470470146C1F30412F9
:1057A000072A00DD0722D0B27047000010B518218B
:1057B0000348FFF7DDFC012029F0D8FA10BD0000F6
:1057C00060D605242DE9F04105460F4616460DB971
:1057D000BDE8F0812846FAF71DFE80463946284686
:1057E0000A4A126890470746E8193146074A126884
:1057F000904706463C4603E0A019285C2855641CE7
:10580000A8EB0600A042F7D200BFE1E7080300249E
:105810002DE9F04106460C4617461D4629463046FE
:10582000084A126890472060206830B129688819BA
:105830000021044A1268904700E000203860BDE86B
:10584000F0810000000300242DE9F04F87B00446EA
:105850000F4692469846DDE910560DB1002028808B
:105860001CB9002007B0BDE8F08F207808B90020EF
:10587000F8E70FB90020F5E74FF0000906F0020045
:1058800010B906F0040098B1002000E0401C215C33
:105890000A2905D0215C0D2902D0215C0029F5D10F
:1058A000215C01B1401C15B14FF0FF312980D9E7CF
:1058B00006F0020008B141F6FF780020069005903E
:1058C00038E000200490059808B9012000E000208D
:1058D00006A904AACDE90062CDE902100599601875
:1058E00043465246394629F0DBFC83460498A8EB30
:1058F00000000FFA80F8049848440FFA80F9BBF1D1
:10590000000F00D11CE005985844059020780A2823
:1059100002D020780D2800D112E00598205C0A28DA
:1059200003D00598205C0D2803D10598401C0590F4
:1059300006E000BF0598205C10B1B8F1000FC0DC94
:1059400000BF059870B905A92046094A126890471A
:10595000834635B10022594638461BF022FE0FFA25
:1059600080F900BF0DB1A5F8009005987AE7000016
:10597000000300242DE9F04706468846174606B185
:105980000FB9BDE8F0873046FAF744FD8146384646
:10599000FAF740FD044604B9F3E704EB090A41466F
:1059A00030460B4A126890478046554603E0281B54
:1059B000305C70556D1E08EB0400A842F7D906EB69
:1059C0000800224639461FF0F6FE00BFD9E7000066
:1059D00008030024024600200FA31B788B4211D13C
:1059E00013781BB90123137001200BE01378012BEE
:1059F00002D10023137005E01378022B02D100239B
:105A0000137001201378012B04D1202901D1022326
:105A100013700120704700002300000073B582B0AE
:105A2000064603980190324600210846019B29F062
:105A300053FF0546002001900024681C1FF01CFC49
:105A4000044600BF1CB900BF00BF00BFFEE700BF97
:105A500014B9002004B070BD002060553246691CA6
:105A60002046039B29F038FF2046F3E72DE9F04755
:105A700081460E4614461F46DDF820A035461BE041
:105A8000600800FB075529464846D047B0F100089A
:105A900009DD04F0010080F00100C0EB5404E819B6
:105AA0000546064608E0B8F1000F02DA64083546FC
:105AB00002E02846BDE8F087002CE1D10020F9E79C
:105AC0002DE9FF4F85B08346DDE9158ADDE91349ED
:105AD000DDE91775129E05F00200F8B94FB105F027
:105AE000010030B1B9F1000F02D105F00C0000B196
:105AF0007F1E03E030222046641C3254544501D2FC
:105B0000202CF7D303E030222046641C325405F0E9
:105B1000010018B1BC4201D2202CF4D305F01000D2
:105B2000B0B305F4806050B94CB1544501D0BC42CB
:105B300005D1641E1CB1B8F1100F00D1641EB8F17C
:105B4000100F09D105F0200030B9202C04D27822A2
:105B50002046641C325415E0B8F1100F09D105F04D
:105B6000200030B1202C04D258222046641C32542C
:105B700008E0B8F1020F05D1202C03D262222046A2
:105B8000641C3254202C03D230222046641C325430
:105B9000202C16D2B9F1000F04D02D222046641C0F
:105BA00032540EE005F0040020B12B222046641C84
:105BB000325406E005F0080018B120222046641C8B
:105BC0003254CDE90275CDE90064584606A90EC9E4
:105BD00000F0A2F809B0BDE8F08F2DE9FF4F8FB0BB
:105BE0008046DDE91FABDDE91D96219D1C9C002749
:105BF0000CB925F0100505F4806000B1E4B100BFD8
:105C0000B4FBF6F106FB1141C8B20A2802DA00F132
:105C1000300107E005F0200109B1412100E06121D8
:105C200001440A39CBB239467F1C07AA5354B4FB4E
:105C3000F6F40CB1202FE3D307A8CDE904AB8DE82F
:105C4000810203960695404610A90EC9FFF738FF5A
:105C500013B0BDE8F08F2DE9FF4F8FB0DDE9217B58
:105C6000DDF89080209EDDE91C454FF00009002101
:105C700084EA01006940084301D128F0100808F4C3
:105C8000806028B1002184EA0100694008432DD0DA
:105C900000BF32463B4620462946FBF78AFC02F00D
:105CA000FF0ABAF10A0F02DA0AF1300007E008F041
:105CB000200008B1412000E0612050440A38C2B2FF
:105CC000484609F1010907A90A5432463B462046D5
:105CD0002946FBF76EFC04460D46002184EA0100CC
:105CE0006940084302D0B9F1200FD2D32398CDE9FF
:105CF000036BCDE9050807A91E98CDE900190290AC
:105D00000FA80FC8FFF7DCFE13B0BDE8F08F9A4272
:105D100000D28854704770472DE9FF5F054614464E
:105D2000DDE90EA6DDE91087A34607F0020078B989
:105D300007F0010060B9B14607E02246641C20204C
:105D4000039B0199A84709F10109C145F5D300BF9B
:105D500008E02246641C711E0E461AF80100039BDF
:105D60000199A847002EF4D107F0020050B105E0D8
:105D70002246641C2020039B0199A847A4EB0B003A
:105D80004045F5D3204604B0BDE8F09F2DE9FF4F14
:105D90008BB0074600250C9800B9FA4FEAE20E983E
:105DA000007825280AD02A466D1C0E990878DDE96E
:105DB0000C13B8470E98401C0E90DBE20E98401C66
:105DC0000E90002400BF0E9800782B2819D004DC18
:105DD00020281ED023282CD123E02D2809D03028BC
:105DE00027D144F001040E98401C0E9001200A9027
:105DF00022E044F002040E98401C0E9001200A900C
:105E00001AE044F004040E98401C0E9001200A9001
:105E100012E044F008040E98401C0E9001200A90F5
:105E20000AE044F010040E98401C0E9001200A90E5
:105E300002E000200A9000BF00BF0A980028C2D1EB
:105E400080460E990878FDF79BFE20B10EA8FDF75D
:105E500082FE804612E00E9800782A280ED118990A
:105E600001C91891002804DA44F00204C0F10008C6
:105E700000E080460E99491C0E9100BF4FF00009CA
:105E80000E9800782E281FD144F480640E98401C90
:105E90000E900E990878FDF773FE20B10EA8FDF75D
:105EA0005AFE814610E00E9800782A280CD11899E5
:105EB00001C91891002801DD014600E00021894652
:105EC0000E99491C0E9100BF0E9800786C280AD0DC
:105ED00004DC682816D06A2835D128E0742820D040
:105EE0007A2830D129E044F480740E98401C0E903A
:105EF0000E9800786C2804D144F400740E98401C6D
:105F00000E9021E044F080040E98401C0E900E98F4
:105F10000078682804D144F040040E98401C0E908C
:105F200012E044F480740E98401C0E900CE044F48F
:105F300000740E98401C0E9006E044F480740E9895
:105F4000401C0E9000E000BF00BF0E98007869284A
:105F50001DD00EDC622821D006DC25287ED05028FA
:105F60001AD058287BD115E0632879D06428F9D15C
:105F70000CE0732875D004DC6F280ED07028F1D1A6
:105F800009E0752804D07828ECD102E000BF00BFFA
:105F900000BF00BF00BF00BF00BF00BF0E98007869
:105FA000782803D00E980078582801D1102623E0D5
:105FB0000E980078702803D00E98007850280CD1E5
:105FC000102644F0100444F480740E98407856284B
:105FD00012D10E98401C0E900EE00E9800786F289B
:105FE00001D1082608E00E980078622801D1022627
:105FF00002E00A2624F010040E980078582803D0F6
:106000000E980078502801D144F020040E980078B2
:10601000692805D00E980078642801D024F00C047B
:1060200004F4806008B124F001040E980078692817
:1060300003D00E98007864287CD104F40070B8B3C3
:106040001898C01D20F007001890D0E900AB189AEE
:10605000083218920020CDE9069803E073E17CE154
:10606000F2E01CE1CDE904600894BAEB00017BEB9F
:10607000000001DA012000E0002000210290084623
:10608000B1EB0A0170EB0B0002DA5046594605E00D
:1060900000200146B0EB0A0061EB0B01CDE90001E5
:1060A0002A463846DDE90C13FFF7D5FD0546C7E063
:1060B000FFE704F48070D0B1189850F804AB189042
:1060C0004FEADA70CDE9039802960594BAF1000F11
:1060D00001DD514601E0CAF10001CDE900102A4678
:1060E0003846DDE90C13FFF778FD0546A8E004F01B
:1060F000400028B1189810F8041B1890C8B20DE0A1
:1061000004F0800028B1189830F8041B189008B2E9
:1061100004E0189800681899091D189182464FEA02
:10612000DA70CDE9039802960594BAF1000F02DD0A
:10613000514602E00BE0CAF10001CDE900102A4609
:106140003846DDE90C13FFF748FD054678E00E9868
:106150000078562818D1189850F804AB1890DAF83F
:1061600004000068099009980090DAF800300D9852
:10617000421B0C9841193846FFF708FE05440020E1
:1061800009905DE0175D009004F40070D0B118989C
:10619000C01D20F00700CDE9069808941890002053
:1061A000CDE904600290189903C9189A0832189230
:1061B000CDE900012A463846DDE90C13FFF74BFD17
:1061C00005463DE004F4807098B10022CDE90398C3
:1061D00002960594189800681899091DCDE90002E7
:1061E00018912A463846DDE90C13FFF7F6FC054600
:1061F00026E004F0400028B1189810F8041B18900D
:10620000C8B20DE004F0800028B1189830F8041BE3
:10621000189088B204E0189800681899091D189120
:1062200082460020CDE900A0CDE9039802960594AE
:106230002A463846DDE90C13FFF7CFFC054600BFC0
:106240000E98401C0E9093E0012604F0020050B915
:1062500005E02A466D1C2020DDE90C13B8473046C6
:10626000761C4045F5D3189911F8043BD8B22A465C
:106270006D1C1891DDE90C13B84704F0020050B111
:1062800005E02A466D1C2020DDE90C13B847304696
:10629000761C4045F5D30E98401C0E9068E0189887
:1062A00050F804AB18905046B9F1000F01D04946A0
:1062B00001E04FF0FF310A46014600E0491C0B782F
:1062C0001BB1131EA2F10102F8D10E1A04F4806072
:1062D00028B14E4501D2304600E04846064604F05B
:1062E000020050B905E02A466D1C2020DDE90C13A0
:1062F000B8473046761C4045F5D306E01AF8010B46
:106300002A466D1CDDE90C13B8479AF8000040B12D
:1063100004F480600028F1D0B9F10000A9F101096E
:10632000ECD104F0020050B105E02A466D1C20209B
:10633000DDE90C13B8473046761C4045F5D30E987E
:10634000401C0E9014E02A466D1C2520DDE90C133C
:10635000B8470E98401C0E900AE02A466D1C0E9914
:106360000878DDE90C13B8470E98401C0E9000BF6A
:1063700000BF00BF0E98007800287FF410AD0D9884
:10638000854201D2284601E00D98401E02460020B9
:10639000DDE90C13B84728460FB0BDE8F08F2DE9B2
:1063A000F04104460E46002774B13146204600F005
:1063B0002DF80546B5F5003F05D20C2D01D928462C
:1063C00000E00C20074600BF3846BDE8F0810246D9
:1063D00000BF481E084018B100BF00BF00BFFEE765
:1063E00000BF481E1040101A704710B502464B1EE1
:1063F00013444C1E23EA040000BF4B1E0B401BB18C
:1064000000BF00BF00BFFEE700BF10BD024600BFD7
:10641000481E084018B100BF00BF00BFFEE700BF24
:10642000481E10444B1E9843704700002DE9F04170
:1064300080460E46444601206086002500270DE078
:1064400056F8270025A1FAF7ABF810B1681C85B201
:1064500002E0608E401C6086781C87B256F82700E8
:1064600020B156F8270000780028E9D1208EA842F4
:1064700001D1BDE8F081A06A20B1A06A1EF0CAFF78
:106480000020A062E06A20B1E06A1EF0C3FF002095
:10649000E062E8001EF0F0FEA06200BFA06A18B93A
:1064A00000BF00BF00BFFEE700BF68001EF0E4FEB3
:1064B000E06200BFE06A18B900BF00BF00BFFEE79E
:1064C00000BFA06A08B1E06A00B900256900E06A6F
:1064D0001FF0B7F9258600BFCBE700000A000000D7
:1064E0002DE9F84F81460E46924699F8090000F0D2
:1064F0000700022801D1304600E050468346564549
:1065000001DD304600E050460746032000EB47001F
:1065100020F0030000F11005394800683949096886
:10652000A0EB0108002405EB080037490968884200
:1065300006D233480468606820F0004060603AE0AA
:1065400031480068854221D813E04FF0FF300090B9
:10655000002269462D480FF0DDFC002269462C48D8
:106560000FF0D8FC2648006826490968A0EB01080E
:1065700000BF08EB0500244909688842E5D8204897
:106580000468606820F00040606014E028461EF057
:1065900073FE044600BF1CB900BF00BF00BFFEE78A
:1065A00000BF14B90020BDE8F88F606820F00040FB
:1065B00000F10040606032465946484601F0E2FE74
:1065C0002060606800F04040401C6060606820F01F
:1065D00080406060A781A4F80EB06068C00F20B151
:1065E000204600F11001A16008E005480068103065
:1065F000A060034800682844014908602046D2E7AB
:1066000074010024D002002470010024851601903A
:10661000DD600190F0B585B006460D463446002099
:1066200004900390029094F83C0000F0030020B125
:10663000012838D0022866D000BF94F83C0000F052
:1066400003005A49097888421BD02620005D00EBE0
:10665000001000EB4000142190FBF1F05449087049
:106660002720005D00EB001000EB4000142190FBA0
:10667000F1F05049087094F83C0000F003004B49D9
:10668000087002A803A9CDE9001005EB45014FF6FB
:10669000FF7202EA410004AB46490A78444909788E
:1066A0000AF0C6FC5FE094F83C0000F003003F49AC
:1066B000097888421AD0A08C00EB400040024FF4C9
:1066C000B471B0FBF1F03C4908802720005D00EB7D
:1066D000001000EB4000142190FBF1F035490870E8
:1066E00094F83C0000F003003049087002A803A9A8
:1066F000CDE90010E9B204AB2E4802782E4800889C
:106700000AF096FC2FE094F83C0000F003002749C3
:10671000097888421AD0A08C00EB400040024FF468
:10672000B471B0FBF1F0244908802620005D00EB35
:10673000001000EB4000142190FBF1F01C490870A0
:1067400094F83C0000F003001849087002A803A95F
:10675000EAB204ABCDE9001015480178164800886C
:106760000AF066FC00BF00BF9DF810009DF80C10F9
:106770009DF80820D708BDF8003067F304038F08A0
:106780000093BDF8003067F34A13C7080093BDF8C3
:10679000003067F3CF230093BDF800703B460193B0
:1067A000BDF80410084605B0F0BD0000DE0100246D
:1067B000DC010024DD010024DA01002410B50120F1
:1067C000074908700748FEF7A8FC20B9064800688A
:1067D00028F0A8FB03E00448006828F0AFFB10BDD8
:1067E000B802002490D60524BC02002410B504464B
:1067F00094F83E00C0F3400050B9A08F002807DD98
:10680000A08F4FF6FF71884202D0A08F401EA08754
:10681000A08FA8B9606B20B194F83E00C0F340008F
:1068200070B121461748FEF7F7FCFFF7C7FFE06895
:1068300010B12046E168884720461EF0EBFD1FE0BE
:10684000A06B4042E062606BD0B194F83E10C1F39F
:10685000400111B9216B4942E16294F83E104908A8
:10686000C94394F83E2061F3410284F83E20E06978
:10687000616AE1616062A06A616BA162606300BFEE
:1068800010BD000090D605242DE9F0418046424815
:10689000006828F0C3F906464048007880F00100FF
:1068A0003E4908703E48FEF738FC04466BE0002085
:1068B0003C49087094F83E00C0F3800037490978DD
:1068C000884253D0354801782C34A07C61F3820093
:1068D000A07420688719A07C2C3CC0F3C00010BBBA
:1068E000E06A00281FDC002F1DDB94F83E0000F05A
:1068F000010060B9206950B12046216988470546EA
:10690000E0692844E061606A2844606200BFA068D2
:1069100010B12046A168884794F83E0020F0080096
:10692000083084F83E00E06A3044E062E06A002803
:106930001BDBD4E90A10884201DDA06AE062204630
:10694000A16988470546206AA84206D0256260688A
:1069500018B12946D4E900029047D4E90A108842C8
:1069600002DB2046FFF742FF00BF00BF0D48007862
:1069700020B10B48FEF7D1FB044604E0214608484D
:10698000FEF7E3FB0446002C91D128F054F90249AC
:106990000860BDE8F0810000B4020024B9020024C0
:1069A00090D60524B8020024F7B582B004460E46FE
:1069B00014B9049805B0F0BD00BF632231462046EB
:1069C00022F0FEF90190019D00BFBDB12868A8B179
:1069D00000BF64223146204622F0F2F9019001986E
:1069E000C0B207464FB13A462B68284604999847EB
:1069F0000190BDF80400ADF8100000BF0498D9E77D
:106A000070B504460D46606818B129466068FFF706
:106A1000F7FF206818B1294620462268904770BDCC
:106A200070B505460C46A1B2284613F0A5FD70BD11
:106A300070B505460C46A1B2284613F0EEFD70BDB8
:106A400010B50DF02FFC10BD70B505460C4616466E
:106A500006E028466A1C95B200F008F804F8010B1D
:106A6000301EA6F101018EB2F3D170BD70B504469F
:106A700000260DF0DDFC2112A02202EB4101C8B27C
:106A80000DF09EFC0DF01CFD2546E11704EB116195
:106A90000912A4EB0121C8B20DF092FC0DF010FD1B
:106AA0000DF0C6FCA1200DF08BFC0DF009FD0020BF
:106AB0000DF056FC06460DF0E3FC304670BD70B597
:106AC00005460C46164606E02178284600F009F8EF
:106AD000681C85B2641C301EA6F101018EB2F3D190
:106AE00070BD70B504460E460DF0A2FC2112A02226
:106AF00002EB4101C8B20DF063FC0DF0E1FC25464C
:106B0000E11704EB11610912A4EB0121C8B20DF0E9
:106B100057FC0DF0D5FC30460DF052FC0DF0D0FCCA
:106B20000DF0AEFC0A20FAF726FD70BD70B50446E4
:106B30000D4600BF204600F03BF818B100BF00BF73
:106B400000BFFEE700BF284600F050F9001D616855
:106B500008446060204600F03AF8204670BD70B5E9
:106B600005460C46284600F041F904F11001884220
:106B700001D3012070BD0020FCE70146A1F108000F
:106B800070477CB505460C46204600F02FF90646B6
:106B90006A4601A929F0C0F921462846DDE90032FC
:106BA0000EF03AFD7CBD0146087900F00100704707
:106BB00010B50446204600F019F908B9012010BDAF
:106BC0000020FCE70146087900F00200704770B52C
:106BD0000446204600F097F805462C60284670BD14
:106BE0007CB506460C4600200190009000256CB153
:106BF0006A4601A9204629F0ACF901980B2805DA6C
:106C00006A4601A930462BF00FFA054685B100BF50
:106C1000284600F0EBF8A04203D200BF00BF00BF3F
:106C2000FEE700BF29463046DDE900322AF064FE67
:106C300028467CBD70B504462046FFF7C8FF0546D0
:106C4000284600F0BEF8204600F0B6F870BD70B5DA
:106C50000446204600F057F80546284600F0B6F8EE
:106C6000204600F0BEF870BD70B506460D462846B9
:106C700000F049F8044600BF1CB900BF00BF00BFC8
:106C8000FEE700BF2046FFF78EFF90B100BF284609
:106C9000FFF78EFF18B100BF00BF00BFFEE700BFC7
:106CA0002146304600F076F821462846FFF73EFFA1
:106CB0000546284670BD70B506460D462846FFF7C6
:106CC00081FFF0B1284600F057F8044600BF1CB918
:106CD00000BF00BF00BFFEE700BF00BF2046FFF7B8
:106CE00062FF18B900BF00BF00BFFEE700BF21462A
:106CF000304600F04FF829462046FFF717FF0546BB
:106D000000BF284670BD2DE9F0410446204600F042
:106D10006DF8061F204600F0B8F80746314629F006
:106D200061FC054600BF2046FFF742FF18B100BFD7
:106D300000BF00BFFEE700BF2846BDE8F0812DE997
:106D4000F04106460C461546002794B100BF1DB918
:106D500000BF00BF00BFFEE700BF2A462146304605
:106D600000F097F82046FFF772FF204600F08DF8FC
:106D700007463846BDE8F08110B5044600BF2046FE
:106D8000FFF720FF18B900BF00BF00BFFEE700BF3C
:106D9000206810BD7CB505460C46204600F026F85C
:106DA00006466A4601A929F0B7F821462846DDE9DA
:106DB00000322AF0A1FD7CBD416841F00101416033
:106DC0007047416841F0020141607047416821F01D
:106DD000020141607047426802F003030B434360C5
:106DE0007047416821F001014160704701464868E1
:106DF00020F0030070472DE9F04706460C46304668
:106E000000F043F88046211F29F0ECFB074630468E
:106E1000FFF7ECFF211D451A00BF384600F035F89A
:106E20008146384600F031F880460421FFF7DDFA4C
:106E3000814503D000BF00BF00BFFEE700BF00BF19
:106E40003046FFF7D3FF2919091D884203D000BF40
:106E500000BF00BFFEE700BF29463846FFF7BBFF73
:106E600000BF3846FFF7C2FF0C2803D200BF00BFA7
:106E700000BFFEE700BF21463046FFF7ACFF3846B3
:106E8000FFF7D8FE3846BDE8F087014601F108005B
:106E900070472DE9F04106460C46154600BF2046D6
:106EA000FFF781FE18B900BF00BF00BFFEE700BFBB
:106EB00029462046FFF753FE78B129462046FFF7C2
:106EC0009AFF07462046FFF782FE3846FFF779FF14
:106ED00039463046FFF755FE00BFBDE8F0812DE989
:106EE000F04106460C46154600BF2046FFF75BFE04
:106EF00018B100BF00BF00BFFEE700BF2946204613
:106F0000FFF72DFE88B129462046FFF774FF07469C
:106F10003846FFF75BFF39463046FFF7A5FE0746C8
:106F200039463046FFF72DFE00BFBDE8F0812DE960
:106F3000F843064634461CF059FA804640461CF099
:106F40009AFA78BB304619F046FD38B3304619F04E
:106F5000BEFB208FE18E884212D0E08E2087E08E2B
:106F600000906A461C2130461AF046F80746012F69
:106F700002D03846BDE8F883304622F042FD00BF1B
:106F800040461CF088FA0546042D06D1304620F014
:106F900099FB074600211BF01CF809E0304619F068
:106FA0007DFD05E0FFE7208FE086304622F029FDD9
:106FB0000120DFE72DE9F041044620461AF015F8DC
:106FC0000546284620F0D8FB0646284614F082FBEA
:106FD000074601223946304626F0D8FFBDE8F08149
:106FE0000146C1F3C01070470146C1F380107047DD
:106FF0000146C1F3C01070470146C1F3002070473D
:107000000146C1F3C00070470146C1F3401070470C
:107010000146C1F3402070470146C1F3003070477C
:107020000146C1F3001070472DE9F04F89B00446C6
:107030000D460021204620F03AFA30B91C2128469E
:107040001EF0FFFB09B0BDE8F08F2946204600F096
:107050000BFB2946204600F07DF80021204621F058
:1070600066FC08900021204621F0DAFD07900021FF
:10707000204621F01CFA012800D100E000208146C2
:107080000021204622F08FF807460021204621F0FB
:10709000FCFA064642F2D170874205D1608CC0F3FB
:1070A000802008B9012000E000208246204620F020
:1070B0009EFA069000BF4FF000082448028841461F
:1070C000204621F07DFE03900398C0B200BF8346A6
:1070D000AA6829692868CDE90209CDE900125A4653
:1070E0005146089B06980CF029FC288342F2D17087
:1070F000864205D1608CC0F3402008B9012000E031
:1071000000200590204620F053FA049000BF4FF075
:1071100000080F4802884146204621F051FE0390A6
:107120000398C0B200BF83460023EA6869686869B3
:10713000CDE90213CDE900025A46079BDDE90401BF
:107140000CF0FCFB688300BF7CE700007A0200249F
:107150007E0200242DE9F34F87B00C4607980BF010
:107160000BFC8046079820F042FA0690404601F05A
:1071700084F92061216948001EF0B8F82060216977
:1071800048001EF0B3F8A060002548E0584802907F
:1071900038F9150041F69A7188423FD100200190DC
:1071A00029E00199079820F082F900905149009850
:1071B00022F095F800B11BE000980BF0FBFB824633
:1071C000BAF1010F00D013E000980BF0E3FB834607
:1071D000AB4500D00CE0009822F019F802998842E3
:1071E00001DA029802E0009822F011F8029000BF44
:1071F0000198401C0190079820F077F90199884286
:10720000CFD80298002804DB0298A16821F8150065
:1072100003E00021A06820F8151000BF6D1C206954
:10722000A842B3D80026B14600251BE038F9150066
:1072300041F69B71884202DB411A0E4411E041F68F
:107240009A71884206D1A16831F8151049440FFAA5
:1072500081F906E0A16821F8150009EB00010FFA99
:1072600081F96D1C2069A842E0D80021079821F01F
:107270005EFB05902169491EDDE9050200FB112036
:1072800000B206900698A0EB090007B2002F00DAC2
:1072900000274FF0FF30049000200390002513E0FA
:1072A00038F9150041F69B7188420CDB421A11B285
:1072B00007FB01F2B2FBF6F212B2A36823F8152025
:1072C0000495039100BF6D1C2069A842E8D804987A
:1072D00000280ADB0398301A7843B0FBF6F0381A1E
:1072E00001B2A268049822F8101009B0BDE8F08F2E
:1072F00001E0FFFF010006002DE9FC5F05460022CA
:107300001146284623F042FC0021284621F029F9A5
:1073100081460021284621F0AAFC484407B20021FA
:10732000284621F05BFA48440FFA80FA284621F0FB
:1073300017F8384450440FFA80FB3B4E284620F0A3
:10734000D4F801904FF000085CE0A868006850F89D
:1073500028403649204621F0C2FF00B150E02046C7
:1073600022F0CCFB002839D10021204621F02AF858
:107370000090009830B1012807D0022804D00328DB
:1073800015D100E000BF00BF00BFB4F91A10B5F975
:107390001600081A401CB04201DA304605E0B4F984
:1073A0001A10B5F91600081A401C06B214E00021A4
:1073B000204621F01FFF70B904F1140013F007FA02
:1073C0003844B04201DA304604E004F1140013F00E
:1073D000FEF9384406B200BF00BF10E0B4F91A103D
:1073E000B5F91600081A401CB04201DA304605E033
:1073F000B4F91A10B5F91600081A401C06B200BFFD
:1074000008F10108019880459FD30748864209D0BA
:1074100006EB0A0006B25E4502DD3046BDE8FC9F81
:107420005846FBE75846F9E701E0FFFF010004007A
:107430002DE9FC5F054600221146284623F08AFB11
:107440000021284621F08DF882460021284621F0AF
:107450004BFB50440FFA80F80021284621F09BFA9C
:1074600050440FFA80F9284620F08AFF48444044EF
:1074700000B20190724C284620F037F88346002174
:10748000284620F0E0FF012866D100265BE0A868CE
:10749000006850F826706B49384621F020FF00B193
:1074A00050E0384622F02AFB002839D10021384626
:1074B00020F088FF0090009830B1032805D00628FE
:1074C00004D0082815D102E000BF00BF00BFB5F905
:1074D0001800B7F91410401A401CA04201DA2046E7
:1074E00005E0B5F91800B7F91410401A401C04B2B1
:1074F00014E00021384621F070FE70B907F1140045
:1075000013F0D8F94044A04201DA204604E007F124
:10751000140013F0CFF9404404B200BF00BF10E0E4
:10752000B5F91800B7F91410401A401CA04201DA4E
:10753000204605E0B5F91800B7F91410401A401CB0
:1075400004B200BF761C5E45A1D33D48844269D099
:1075500004EB090004B265E000265BE0A86800685F
:1075600050F826703749384621F0B9FE00B150E096
:10757000384622F0C3FA80BB0021384620F022FFB3
:107580000090009830B1012805D0042804D00728C5
:1075900015D102E000BF00BF00BFB7F91800B5F970
:1075A0001410401A401CA04201DA204605E0B7F949
:1075B0001800B5F91410401A401C04B215E000215F
:1075C000384621F017FE78B907F1140013F072F96C
:1075D0004844A04202DA204605E008E007F1140022
:1075E00013F068F9484404B200BF00BF10E0B7F9D7
:1075F0001800B5F91410401A401CA04201DA2046C8
:1076000005E0B7F91800B5F91410401A401C04B28F
:1076100000BF761C5E45A1D30948844202D004EB2A
:10762000080004B20648844202D10198BDE8FC9FDC
:107630000198844201DD2046F8E70198F6E7000052
:1076400001E0FFFF0100040010B5044620681DF0B2
:10765000C9FE60681DF0C6FEA0681DF0C3FEE068AC
:107660001DF0C0FE10BD00002DE9F34F87B00C46A1
:1076700007980BF071FF8046404600F0FEFE606107
:10768000616948001DF032FE6060616948001DF0CC
:107690002DFEE060002548E05948029038F91500B9
:1076A00041F69A7188423FD10020019029E001996A
:1076B00007981FF0FCFE00905249009821F00FFE41
:1076C00000B11BE000980CF00FF88246BAF1010FF0
:1076D00000D013E000980BF0F7FF8346AB4500D0D5
:1076E0000CE000981FF0F8FF0299884201DA029836
:1076F00002E000981FF0F0FF029000BF0198401CCC
:10770000019007981FF0F1FE01998842CFD80298A6
:10771000002804DB0298E16821F8150003E000204E
:10772000E16821F8150000BF6D1C6069A842B3D85C
:107730000026B14600251BE038F9150041F69B7183
:10774000884202DB411A0E4411E041F69A718842E8
:1077500006D1E16831F8151049440FFA81F906E0C5
:10776000E16821F8150009EB00010FFA81F96D1CA1
:107770006069A842E0D80021079821F051FA0690EC
:1077800007981FF015FF01466269521E069800FB1C
:10779000121000B205900598A0EB090007B2002F67
:1077A00000DA00274FF0FF300490002003900025FE
:1077B00011E038F9150041F69B7188420ADB421A44
:1077C00011B207FB01F2B2FBF6F212B2E36823F842
:1077D000152000BF6D1C6069A842EAD804980028F3
:1077E0000ADB0398301A7843B0FBF6F0381A01B27E
:1077F000E268049822F8101009B0BDE8F08F00008C
:1078000001E0FFFF010006007CB504460D46164668
:1078100028882189084400B2ADF800006888618991
:10782000084400B2ADF80200A8882189084400B2DB
:10783000ADF80400E8886189084400B2ADF806009C
:10784000324669462046636998477CBDF8B50546CF
:107850000E462C46206B10B1206B007818B9606B77
:1078600008B90120F8BD606B58B1284626F083FFA7
:107870000746104909688847616B884201D3002098
:10788000F0E7206B98B1002000900AE069460A4AB0
:10789000206B126890470746B74201D10120E1E70B
:1078A00000BF206B0099405C0028EFD1DAE701208F
:1078B000D8E7000010030024000300242DE9FF4F47
:1078C0008FB00F46209DF87800F0010008B1FA480B
:1078D00000E0FA480E90F87800F0010008B1F8488E
:1078E00000E0F8480D90F87800F0010008B9F4487D
:1078F00000E0F4480C9001200B90B5E000220B92C0
:1079000000206A88B5F804C0A2EB0C0211B2002670
:107910001AE006EB860CEA6802EB8C02127C02F09D
:10792000010242B906EB860CEA6802EB8C029289EE
:10793000024410B207E006EB860CEA6802EB8C0208
:1079400012898A1A11B2761C2A69B242E1D800263D
:1079500085E006EB860CEA6802EB8C02127C02F0F2
:107960000102002A7AD191FBF0F80FFA88F306EBB6
:107970008609D5F80C8008EB8908B8F80C8008FB5C
:1079800003F80FFA88F206EB8609D5F80C8008EBAD
:107990008908B8F9049006EB860AD5F80C8008EB44
:1079A0008A08B8F90680904501DD904607E006EBAD
:1079B000860AD5F80C8008EB8A08B8F90680C1451C
:1079C00008DD06EB8609D5F80C8008EB8908B8F9C4
:1079D000048013E006EB8609D5F80C8008EB8908D3
:1079E000B8F90680904501DD904607E006EB860970
:1079F000D5F80C8008EB8908B8F90680C446944590
:107A00000BD04FF0010806EB860AD5F80C9009EB75
:107A10008A09C9F81080CDF82C8006EB8609D5F8C4
:107A20000C8008EB8908A8F808C006EB8609D5F891
:107A30000C8008EB8908B8F80C80A0EB08080FFA56
:107A400088F006EB8609D5F80C8008EB8908B8F8B1
:107A50000880A1EB08080FFA88F100BF761C2A699C
:107A6000B2423FF676AF00BF0B9800287FF446AFD6
:107A700000210F9820F00EFD012800D100E0002029
:107A80000A9000200990089008A809A9CDE90010E3
:107A900029890BB2B5F9022038781E9928F0A5FD86
:107AA000F87800F0010048B10A9838B10F981FF03B
:107AB0009EFDBDF82410084400B2099011990F985A
:107AC0001FF0F5FC04468AE17F49204621F007FCBF
:107AD00040B1F878C0F3800111AA0F980BF077FB42
:107AE00004467CE10021204620F098FD079007988D
:107AF000002858D000200390002610E006EB8601F5
:107B0000E86850F82100A04208D106EB8600E96839
:107B100001EB8000B0F90800039003E0761C2869AF
:107B2000B042EBD800BFF87800F0010030B1608CB3
:107B300020F4806000F58060608405E0608C20F4B3
:107B4000007000F50070608404F114000D998847FE
:107B50000399884226D0204621F053FF00BFA08A17
:107B6000ADF80400E08AADF80600208BADF80800FF
:107B7000608BADF80A0000BF04F114000E9A03995F
:107B8000904701AA2921204619F036FA20461FF015
:107B9000F3FD22462221009019F02EFA204621F012
:107BA00030FF00BF07E0608C20F480606084608C50
:107BB00020F400706084002006907878012812D0AC
:107BC000022819D104F114000C998847B5F9001066
:107BD000491C21F00101081A039000EBD0704010FD
:107BE00000B2069009E004F114000C998847298836
:107BF000081A00B2069000E000BF00BFF87800F05D
:107C0000010050B10A9840B104F114000D99884761
:107C1000BDF82410081A00B209900020039043F226
:107C20000C022046039921F0CBF8029002980FFA3B
:107C300080F800BF0020039043F20D022046039914
:107C400021F0BEF8029002980FFA80F900BF20469A
:107C500021F0DDFA059020461FF03EFD049008F467
:107C6000C040B0F5005F01D1012000E0002030B13C
:107C700028F4C040B0F5FA6F01DC012000E00020DC
:107C800090B128F4C040B0F57A7F04DD28F4C040FC
:107C9000C0F57A7001E028F4C0400599484364219A
:107CA00090FBF1F00FFA80F809F4C040B0F5005FE6
:107CB0000CD101200BE00000F3A90190E7A901908D
:107CC00041A9019031A8019001000600002030B1C7
:107CD00029F4C040B0F5FA6F01DC012000E000207B
:107CE00090B129F4C040B0F57A7F04DD29F4C0409A
:107CF000C0F57A7001E029F4C0400499484364213A
:107D000090FBF1F00FFA80F9A18A1C98401A4044C8
:107D10000FFA80FAE18A1D98401A48440FFA80FB56
:107D2000F87800F0010010B1BDF9240000E00698D9
:107D300050440FFA80FAF87800F0010008B1069874
:107D400001E0BDF9240058440FFA80FBBAF1000F9E
:107D500002D1BBF1000F1BD0204621F052FEA08AB9
:107D6000504400B2A082208B504401B22183E08AAB
:107D7000584401B2E182608B584401B261832046CD
:107D800021F03FFE01235A465146204621F016FFBE
:107D9000F87800F0010008B10A9870B904F11400F5
:107DA0000D9988471F990844BDF820100844BDF874
:107DB0002410084400B2099008E0BDF820101F9874
:107DC0000844BDF82410081A00B20990F878C0F3EE
:107DD000800111AA0F980BF0FAF9044600BF24B1F4
:107DE000DDE9111081427FF46FAE13B0BDE8F08F72
:107DF0002DE9F04F8DB005468946B9F1000F02D14B
:107E00000DB0BDE8F08FA5F81890286810B128686B
:107E10001DF000FB09EB4901062202EB41001DF0B9
:107E20002BFA286000BF286818B900BF00BF00BF48
:107E3000FEE700BF286868600221286801FB09008E
:107E4000801CE8600421286801FB0900001DA8606F
:107E5000B9F1010F0CD1B420696808700020E968FD
:107E600008800120E96848800020A9680880C7E7E9
:107E700009F10101C8001DF039FA074609F10100B6
:107E800007EB80084FF0000A4FEA890002B20BA905
:107E90000CA800F067F90024BDF9300080100790AD
:107EA00000200390CCE0002616E00BA90CA800F0FF
:107EB00061F90CA800F04BF900B90FE0BDF93000F2
:107EC000801007A941F82600BDF8300000F003003B
:107ED00003A941F82600761C042EE6DB00BF042E21
:107EE00000D0B3E00A990798884219D1079800B2E8
:107EF00027F814000FFA8AF028F81400DDE90301CE
:107F00000844059908440699084469680855686852
:107F1000005D0007000E69680855601C04B28DE022
:107F2000DDE9070188422CD0079800B227F8140039
:107F30000FFA8AF028F814000398696808556868F1
:107F4000005D0007000E69680855601C04B20798C0
:107F5000401E00B227F814000FFA8AF028F8140027
:107F60000498001D05990844069908446968085555
:107F70006868005D0007000E69680855601C04B25F
:107F80005CE00999079888422CD0079800B227F83E
:107F900014000FFA8AF028F81400DDE90301084400
:107FA000696808556868005D0007000E6968085533
:107FB000601C04B20798401E00B227F814000FFAA4
:107FC0008AF028F814000598083006990844696872
:107FD00008556868005D0007000E69680855601C58
:107FE00004B22BE0079800B227F814000FFA8AF0C9
:107FF00028F81400DDE9030108440599084469687C
:1080000008556868005D0007000E69680855601C27
:1080100004B20798401E00B227F814000FFA8AF045
:1080200028F8140006980C30696808556868005DE7
:108030000007000E69680855601C04B20AF1010AC5
:108040000CA800F084F800287FF42DAF00BF40F2A8
:10805000D32109FB01F00290029880120190601E6A
:1080600037F910100198814205D1601E38F91010BF
:108070000198814226D0DDE90121A1EB8220B0F5F3
:10808000007F04DC00FB00F14800001407E0C0F5AD
:10809000806000FB00F148000014C0F10F0001995E
:1080A00009B227F81410019909B228F814106A6867
:1080B00010556968095D0907090E6A681155611C48
:1080C0000CB200BFA61E0EE038F8160027F8140008
:1080D00037F8160028F814006868805D696808554C
:1080E000761E601C04B2002EEEDA4FF0000B002664
:1080F0000020E968088023E0E96821F81B6037F870
:108100001600A96821F81B0010E0A86830F81B00D1
:1081100037F91610884203DAA86830F81B0001E02E
:1081200037F91600A96821F81B00761C38F91600EB
:10813000584501D1A642E8DB0BF101000FFA80FBA4
:10814000A642D9DB38461DF04DF900BF58E601467E
:10815000B1F90200B1F90020904201DC0120704722
:108160000020FCE7028000234380C2F101031BB220
:108170000B807047B1F90020002A07DC0B88428889
:108180005200D21C1A4412B20A800CE042880388C2
:10819000D21A5200521D0B881A4412B20A80028869
:1081A000521E12B202804288521C12B242807047A4
:1081B00037B582B01546022D04DCBDF80C10084618
:1081C00005B030BDBDF80C00C00ABDF8081000EBCA
:1081D000D1241F2C01D2204600E01F20BDF808103A
:1081E00060F3CF210291BDF80C00C0F34510BDF83B
:1081F0000810C1F3451144183F2C01D2204600E07D
:108200003F20BDF8081060F34A110291BDF80C0040
:1082100000F01F00BDF8081001F01F0144181F2CCA
:1082200001D2204600E01F20BDF8081060F30401D1
:108230000291FF2D03D1BDF808100846C0E72A4679
:10824000DDE9020114F070FC0190BDF8041008464D
:10825000B6E717B581B01446022C04DCBDF808104F
:10826000084604B010BDBDF80400C00ABDF80810EF
:10827000C90A10FB01F04109BDF8040061F3CF20E9
:108280000190BDF8040000F01F00BDF8081001F0D7
:108290001F0110FB01F04109BDF8040061F3040067
:1082A0000190BDF80400C0F34510BDF80810C1F3FB
:1082B000451110FB01F08109BDF8040061F34A107B
:1082C0000190FF2C03D1BDF804100846C9E72246EF
:1082D000DDE9010114F028FC0090BDF8001008460B
:1082E000BFE737B582B01546022D04DCBDF80C108F
:1082F000084605B030BDBDF80C00C00ABDF8081036
:10830000A0EBD124002C01DD204600E00020BDF8C8
:10831000081060F3CF210291BDF80C00C0F34510A6
:10832000BDF80810C1F34511441A002C01DD2046A8
:1083300000E00020BDF8081060F34A110291BDF87A
:108340000C0000F01F00BDF8081001F01F01441AD6
:10835000002C01DD204600E00020BDF8081060F38D
:1083600004010291FF2D03D1BDF808100846C0E7B3
:108370002A46DDE9020114F0D7FB0190BDF8041094
:108380000846B6E708B5034600930098484080EADF
:10839000620008BD2DE9F84F8046404618F025FEE2
:1083A0008246404618F0C0FD064650461FF0E4F9EC
:1083B00081462B2E09D1484625F0DBFD04460022DC
:1083C0002146484625F0E2FD3AE00A2E38D16946BA
:1083D00050461FF053FA50461FF009F90446002199
:1083E000484620F04AF801280AD1204604EBD07113
:1083F000BDF90020C2EB610191FBF4F10DB209E07F
:10840000204604EBD071BDF9002002EB610191FB25
:10841000F4F10DB2002D00DA00250027484625F0C2
:10842000A8FDA84200D0012701222946484625F090
:10843000ADFD27B100221C21484618F0DDFD00BF2C
:10844000BDE8F88F10B58060C06000230361002193
:1084500010E0002400F1140343F82140002206E05C
:1084600000F1400303EBC11343F82200521C202A01
:10847000F6DB491C0B29ECDB10BD0146002000E0B7
:10848000401C31F9102041F6FF739A42F8D1704731
:1084900010B500BF002208211048F9F767F800BFA7
:1084A00000F01EF800BF012211460C48F9F75EF8F3
:1084B00000BF00F015F800BF002201210748F9F7BE
:1084C00055F800BF00F00CF800BF01220821034856
:1084D000F9F74CF800BF00F003F810BD0004025893
:1084E00010B50220F9F774F810BD000000B587B090
:1084F00000BF00BF1948006840F00200174908603B
:108500000846006800F00200019000BF00BF00BFF5
:1085100000BF00BF0846006840F00200086008463F
:10852000006800F00200019000BF00BF00BF012002
:10853000029011200390012004900320059002A9CD
:108540000748F8F7FFFF0820029002A90448F8F74F
:10855000F9FF00F0B1F807B000BD0000E044025898
:108560000004025810B500BF012208210C48F8F79A
:10857000FDFF00BFFFF7B4FF00BF0122114608480E
:10858000F8F7F4FF00BFFFF7ABFF00BF00220121A7
:108590000348F8F7EBFF00BFFFF7A2FF10BD000094
:1085A0000004025870B50546002400261CE0600651
:1085B000040E00BF012211461048F8F7D7FF00BF94
:1085C000FFF78EFF08210D48F9F707F808B1601C86
:1085D000C4B200BF002201210848F8F7C7FF00BF5E
:1085E000FFF77EFF701CC6B2082EE0DB15B9FFF75F
:1085F000B9FF01E0FFF74CFF204670BD00040258B0
:1086000070B50446002524E000BFE00928B101222E
:1086100008211548F8F7AAFF04E0002208211248B3
:10862000F8F7A4FF00BFFFF75BFF00BF0122114670
:108630000D48F8F79BFF00BFFFF752FF00BF002275
:1086400001210948F8F792FF00BF6006040E681C7C
:10865000C5B2082DD8DB00BF012208210248F8F777
:1086600085FF00BF70BD00000004025810B500BFB8
:10867000012208210F48F8F779FF00BF00BF01224F
:1086800011460C48F8F772FF00BFFFF729FF00BF43
:10869000002208210748F8F769FF00BFFFF720FF15
:1086A00000BF002201210348F8F760FF00BFFFF779
:1086B00017FF10BD0004025810B500BF00220821AA
:1086C0000C48F8F753FF00BFFFF70AFF00BF012275
:1086D00011460848F8F74AFF00BFFFF701FF00BF47
:1086E000012208210348F8F741FF00BFFFF7F8FE19
:1086F00010BD00000004025870B50024002500BF22
:10870000012208211548F8F731FF00BFFFF7E8FE06
:1087100000BF012211461148F8F728FF00BFFFF7FC
:10872000DFFE09E0601CC4B2FA2C03DDFFF7C4FFD2
:10873000012507E0FFF7D4FE08210848F8F74DFFB0
:108740000028EFD100BF00BF002201210348F8F745
:108750000DFF00BFFFF7C4FE284670BD000402589D
:108760007CB506460D4634465020005D00F0010001
:10877000A84233D00DB1012000E000205021095D56
:1087800060F300015020015504F14401684612F0E5
:108790000EF8BDF80000616A898A084400B2ADF89D
:1087A0000000BDF80210606AC08A084400B2ADF84B
:1087B0000200BDF80400616A898A084400B2ADF87D
:1087C0000400BDF80610606AC08A084400B2ADF823
:1087D00006006946304621F04EF900BF7CBD37B532
:1087E00082B0054614462146039814F005F801901E
:1087F000BDF80410084605B030BD2DE9FF4F8DB01F
:1088000005460E461446F07A022803DC012011B01A
:10881000BDE8F08F3089326901460C901098FCF762
:10882000A5F907460FB90020F1E7397D01F01F00D7
:1088300019F0ABFD10B14FF006080AE0397D01F0E8
:108840001F0019F085FD10B14FF0050801E04FF051
:108850000408386A38B100BF00BF214628463A6A8A
:1088600029F0E3FDDEE0B869002859D021460BA8C5
:1088700011F05EFF308818B97088B0F5807F32D073
:10888000204612F025F8834600BFE0886188401A30
:10889000401C00B20890301D7188CDE9001030886E
:1088A00003B259460BA8089AFBF78AFCBDF82C00C6
:1088B0002188084400B2ADF82C00BDF82E00618874
:1088C000084400B2ADF82E00BDF8300021880844FD
:1088D00000B2ADF83000BDF832006188084400B243
:1088E000ADF8320000BF0BAA09A8A968FBF772F91E
:1088F0008146B9F1000F04D1384601F0EEFB0120AA
:1089000085E7D5F808A009A8A860CDF80080224620
:1089100031462846BB6915F0B1F9C5F808A081E0D9
:1089200022460BA8A968FBF755F90A900A9820B9C6
:10893000384601F0D2FB012069E70BA811F0C8FF0F
:1089400009900BA811F0C4FF00EB400003901CF04D
:10895000CDFC8146D5F808A00BA907A811F0E8FEC8
:10896000012107A812F03FF8BDF92C00B4F900105E
:10897000401A0690BDF92E00B4F90210A0EB010BCD
:10898000BDF92E00059042E007AA514602A8FBF768
:1089900021F90A900A9800B936E0CDF800900998BC
:1089A00003B20FFA8BF2069801B238461AF01AFA9F
:1089B0000490049801280ED038461AF033F900BF0D
:1089C00000BF48461CF00EFD384601F086FBC5F896
:1089D00008A000201BE702A8A8604B4607AA314662
:1089E0002846CDF8008015F049F9BDF81E00401C5E
:1089F00000B2ADF81E00BDF82200401C00B2ADF878
:108A000022000BF1010B00BF0598401C0590BDF939
:108A1000321005988142B7DAC5F808A048461CF024
:108A2000E1FC00BF384601F058FB0120EFE600BF33
:108A300000BF7047F8B506460C4615460095B4F9D8
:108A40000630B4F90420B4F90210B4F900000DF0B6
:108A5000C2FC304614F0D2FDF8BD10B50FF00CFF8B
:108A600001200DF0CBFB10BDF8B505462C461AF0E1
:108A7000BDFC0646206B26F0D1F83168898B884210
:108A80002CD2606A009094F83C0000F0030020B102
:108A9000012806D002280CD107E00020ADF8000024
:108AA00007E064208DF8020003E064208DF80300E5
:108AB00000BF00BF30461AF05DFE2846009914F052
:108AC00034FC50B100221C21284618F095FA0746C4
:108AD000012F01D03846F8BD00BF00BF26F0ABF82B
:108AE00020630120F7E700002DE9F04F9BB0074617
:108AF00089461646BA4617A814F03DFE4FF4A02149
:108B000038461FF077FC9DF8691060F382018DF8FC
:108B10006910304611F00DFF054600EBD5704FEAA5
:108B200060083088404400B2ADF858007088404476
:108B300000B2ADF85A00002138461FF00EFE159025
:108B4000494603A81EF068FA17A80B904FF40030AE
:108B5000109033480490002005900AF13000FCF793
:108B600001FB044657E02079032800D04DE0208B1C
:108B7000ADF85C00208A00B2ADF85E006079FD2897
:108B800001DD159803E060791599484300128DF8CE
:108B900068002568B5F92000E98B08440090B5F914
:108BA0002030D5E90512A0681CF052FB8346B5F9C8
:108BB0002000E98B08440090B5F92030D5E9051272
:108BC000E0681CF045FB0290608B404400B2ADF8B9
:108BD0004800149416A80C9003AA1A21384618F0DD
:108BE0000BFA029880B21FFA8BF1CDE90010BDF8A4
:108BF000480083B216AA17A9484614F09EFD03AA9E
:108C00001B21384618F0F8F900BF21460AF1300060
:108C1000FCF7A2FA0446002CA5D11BB0BDE8F08FEA
:108C200028C1039070B504460D460022294620460F
:108C300007F082FE01222946204607F07DFE02222F
:108C40002946204607F096FC04222946204607F0D4
:108C500091FC70BD2DE9F74F9EB00C46E0780228DC
:108C600002DC21B0BDE8F08F1CA8209911F072FD44
:108C7000B4F9200001282EDD94F82200FD282ADB1B
:108C8000208840B3BDF8700014F8231F4908C1F3D1
:108C90008001084400B2ADF87000BDF87200217880
:108CA0004908C1F34001084400B2ADF87200BDF8B4
:108CB000740021784908C1F3C001401A00B2ADF830
:108CC0007400BDF8760014F82319C1F34001401A6E
:108CD00000B2ADF876001E981CA982681AA8FAF7AF
:108CE00079FF00B9BDE7E07B00F0070616B9A08860
:108CF000199001E0E0881990BDF864106089814204
:108D000000D100261CA815F01FFF18901C2111A8E7
:108D1000F7F71EFCA0788DF85D00BDF86400ADF893
:108D20004C00189860B9208850B94EB91CA8119011
:108D3000E0788DF85C0011A91E9816F0B5FD90E75B
:108D4000E078FD2801DBFF2000E0E07810901CA80F
:108D500011F0E8FD0F901CA811F05CFD0E90DDE90C
:108D60000E01814201DA0F9800E00E980D90B4F9DF
:108D700000100D98B1EB600F02DAB4F9000001E0C9
:108D80000D98401007461AA811F0CCFD81464FF00F
:108D9000FF300C9000200B90002F01DC189870B170
:108DA00048461CF0A3FA0B9000233AB21CA905A870
:108DB00016F042FA002105A815F0C0FB0C90BDF892
:108DC0006800ADF80C00BDF86C00ADF810000B9811
:108DD000149003A811901690FF208DF85C00A01D40
:108DE000DDE90E2118F0A4FE8046B8F1000F0CD08A
:108DF000022E0AD1BDF96810D8F8080000EB410036
:108E0000BDF97010A0EB410012901898A0B3BDF905
:108E10006A502CE028B2ADF80E0028B2ADF812006E
:108E20004A4610990B981CF0D2FCBDF968100FFA55
:108E300089F32AB20B9815F037FE8DF854009DF88F
:108E40005400012802D102208DF85400012E09D1CE
:108E5000BDF97210691AD8F8080000EB41000088CB
:108E6000ADF84C0011A91E9816F01EFD6D1CBDF941
:108E70006E00A842CEDACCE0FFE700255CE0BDF84A
:108E8000720028440FFA80FABDF87600401B0FFAF2
:108E900080FBBDF96A00504504DDBDF96E00584500
:108EA00000DA48E04A4610990B981CF090FCBDF996
:108EB0000C100FFA89F352460B9815F0F5FD8DF85A
:108EC00054009DF85400012802D102208DF854006E
:108ED000BDF96A00504514DCADF80EA0ADF812A043
:108EE000012E0AD1BDF97210AAEB0101D8F80800D1
:108EF00000EB41000088ADF84C0011A91E9816F057
:108F0000D3FCBDF96E00584514DBADF80EB0ADF8DA
:108F100012B0012E0AD1BDF97210ABEB0101D8F8E5
:108F2000080000EB41000088ADF84C0011A91E9824
:108F300016F0BAFC00BF6D1CBD42A0DBBDF870008E
:108F4000ADF80400BDF87400ADF80800BDF872007B
:108F5000384400B2ADF80600BDF87600C01B00B280
:108F6000ADF80A0001A815F0EFFD00900098B0B927
:108F7000AEB9BDF87200384400B2ADF80E00BDF8CD
:108F80007600C01B00B2ADF8120010988DF85C009E
:108F90000020149011A91E9816F086FC38E0109855
:108FA0008DF85C0001208DF85400BDF97600A0EB2F
:108FB000070ABDF97200C51927E0009870B14A464A
:108FC00010990B981CF003FCBDF968100FFA89F397
:108FD0002AB20B9815F068FD8DF8540028B2ADF850
:108FE0000E0028B2ADF81200012E09D1BDF97210A1
:108FF000691AD8F8080000EB41000088ADF84C0071
:1090000011A91E9816F050FC6D1C5545D5DD00BF0A
:1090100000BF0B9810B10B981CF0E4F90C98401CA1
:1090200028B10C9816F0F0F905A815F069FDB8F113
:10903000000F02D0404618F072FD00BF11E62DE986
:10904000F0478EB007460C461546206910B90EB0A1
:10905000BDE8F087A07E022800DCF8E720691AF05E
:1090600065F90646022E55D1002041F6FF71CDE983
:109070000001029003460DA8D4E9041226F0C6F9B7
:10908000284611F04FFC814600EBD970298801EB8E
:109090006000BDF9348008EBD871A0EB610000B22C
:1090A000ADF82C00BDF82C00BDF834100844401E6B
:1090B00000B2ADF83000284611F0ACFB814600EB61
:1090C000D970698801EB6000BDF9368008EBD87172
:1090D000A0EB610000B2ADF82E00BDF82E00BDF887
:1090E00036100844401E00B2ADF8320003A815F057
:1090F000ADF960690390208BADF81800A07E8DF863
:109100002600002000900BAA03A93846236914F01A
:10911000E9FDAEE00DA9206919F0B0FD8046B8F177
:10912000010F02D000BF00BF91E707A814F0BDFDFA
:10913000A0788DF82800208BADF82400E07E8DF813
:109140002600A07E8DF82700207FE8BB284611F07E
:10915000E9FB824600EBDA70298801EB60000D998B
:10916000C1F38A2909EBD971A0EB610000B2ADF817
:109170001400284611F04EFB824600EBDA70698835
:1091800001EB60000D994FEA515909EBD971A0EB41
:10919000610000B2ADF81600BDF814000D99C1F3DE
:1091A0008A210844401E00B2ADF81800BDF8160030
:1091B0000D9900EB5150401E00B2ADF81A0005AAFF
:1091C00007A93846236900E002E014F01FFD4FE0D4
:1091D0006888ADF81600BDF816000D9900EB5150E7
:1091E000401E00B2ADF81A003BE02888ADF814002C
:1091F000BDF814000D99C1F38A210844401E00B245
:10920000ADF8180017E005AA07A93846236914F03D
:10921000FDFCBDF814000D99C1F38A21084400B289
:10922000ADF81400BDF818000D99C1F38A21084467
:1092300000B2ADF81800BDF91400B5F90410884269
:10924000E1DDBDF816000D9900EB515000B2ADF80C
:109250001600BDF81A000D9900EB515000B2ADF8A0
:109260001A00BDF91600B5F906108842BDDD00BF31
:1092700000BF00BFEBE62DE9F04F87B083460C46F8
:10928000164694F82200022802DC07B0BDE8F08FF1
:10929000208C00B9F9E794F82300C0F3440000B92A
:1092A000F3E794F8230000F0010000B1EDE7304649
:1092B00011F038FB8146304611F0ACFA0746B4F99C
:1092C0000050B94501DA484600E038468246B5EB21
:1092D0006A0F01DD4FEA6A05314605A811F03AFA36
:1092E000BDF9141094F82300400800F0040010B1F8
:1092F000B4F9200003E0B4F92000284440420844B7
:1093000000B2ADF81400BDF9181094F8230040081D
:1093100000F0080010B1B4F9200003E0B4F9200017
:1093200028444042081A00B2ADF81800BDF91610E2
:1093300094F82300400800F0020010B1B4F92000B6
:1093400003E0B4F9200028444042084400B2ADF8DC
:109350001600BDF91A1094F82300C0F3400010B1B4
:10936000B4F9200003E0B4F9200028444042081A70
:1093700000B2ADF81A00208C281A0FFA80F8B8F164
:10938000000F01DA4FF00008A07894F82210CDE920
:109390000210E08BADF804002BB205AA3146584606
:1093A000CDF8008000F002F800BF6EE72DE9FF4F16
:1093B000A3B00D4616461F463298FF2801DBFF205A
:1093C00000E032983290284615F0BEFB2290229899
:1093D00068B967B9309850B932980090324629463A
:1093E000319B239800F0A9FA27B0BDE8F08F2398AD
:1093F0002946826820A8FAF7EDFB00B9F4E720A817
:1094000011F090FA81461C2119A81CF01AFA48465E
:109410001BF06CFF1C904FF0FF301890002F0ADDFE
:1094200000233A46294612A815F006FF002112A88B
:1094300015F084F81890012331460CA8309A15F0E5
:10944000FBFE00210CA815F079F80B9009A81990E3
:109450001E90BDF8C400ADF86C0032988DF87C0009
:1094600033988DF87D00B5F900003844B6F9001046
:10947000884203DDB5F90000384401E0B6F9000088
:1094800000B2ADF81C00B5F90400C01BB6F9041019
:10949000884203DAB5F90400C01B01E0B6F9040004
:1094A00000B2ADF82000B5F902003844B6F9021058
:1094B000884203DDB5F90200384401E0B6F9020044
:1094C00000B2ADF81E00B5F90600C01BB6F90610D3
:1094D000884203DAB5F90600C01B01E0B6F90600C0
:1094E00000B2ADF8220007A811F01CFA0690B5F9F9
:1094F0000200B6F90210884201DC012000E00020E1
:109500008246B5F90600B6F90610884201DB012053
:1095100000E000208346229800284CD0BDF880004F
:10952000ADF82400BDF88400ADF82800BDF98240F4
:1095300029E0BAF1000F04D1BDF91E00A04200DD00
:1095400020E0BBF1000F04D1BDF92200A04200DAF7
:109550001DE020B2ADF8260020B2ADF82A00494641
:109560001C981CF0A5F9BDF980100FFA89F322B2FE
:109570001C9815F099FA8DF8740019A9239816F023
:1095800093F900BF641CBDF98600A042D1DA00BF88
:109590000CA815F0B5FA0B9815F036FF1898401C7A
:1095A00028B112A815F0ACFA189815F02DFF1C98E8
:1095B0001BF018FF18E7B5F90000B6F90010884253
:1095C00001DC012000E000200590B5F90400B6F9A7
:1095D0000410884201DB012000E0002004900120FB
:1095E0000390059860B1049850B1BAF1000F07D00C
:1095F000BBF1000F04D00698322801DA0020039056
:1096000001208DF87400BAF1000F15D0039898B1BD
:10961000BDF81C00ADF82400BDF82000ADF828000E
:109620006888ADF826007088401E00B2ADF82A00A8
:1096300019A9239816F038F9BBF1000F15D003983B
:1096400098B1BDF81C00ADF82400BDF82000ADF8BD
:109650002800F088401C00B2ADF82600E888ADF87C
:109660002A0019A9239816F01FF9059898B128889F
:10967000ADF824003088401E00B2ADF82800BDF8D7
:109680001E00ADF82600BDF82200ADF82A0019A989
:10969000239816F009F9049898B1B088401C00B2DC
:1096A000ADF82400A888ADF82800BDF81E00ADF87C
:1096B0002600BDF82200ADF82A0019A9239816F05B
:1096C000F3F80398F0BBBDF88000ADF82400BDF8B6
:1096D0008400ADF82800B5F90200B6F90210401A6E
:1096E000B84201DA384604E0B5F90200B6F90210D2
:1096F000401A00B20290002442E06888204400B280
:109700000190E888001B00B20090BDF9821001981A
:10971000814205DDBDF986100098814200DA2EE015
:1097200049461C981CF0C4F8BDF924100FFA89F3BF
:10973000019A1C9815F0B8F98DF87400BDF98210E3
:10974000019800E020E0814209DC0198ADF8260094
:109750000198ADF82A0019A9239816F0A5F8BDF9CB
:1097600086100098814209DB0098ADF82600009829
:10977000ADF82A0019A9239816F096F800BF641CCA
:1097800002988442B9DBC7E0BDF88000ADF8240040
:10979000BDF98410BDF91C00401E814202DABDF9FA
:1097A000840002E0BDF91C00401E00B2ADF82800A4
:1097B00009A811F0B7F88046B8F1000F48DD059808
:1097C00010B9BAF1000F1ED0BDF9824017E020B2E7
:1097D000ADF8260020B2ADF82A0041461C981CF0D6
:1097E00067F8BDF92410434622B21C9815F05CF9C5
:1097F0008DF8740019A9239816F056F8641CBDF969
:109800001E00A042E3DC059810B9BBF1000F1FD089
:10981000BDF92200441C17E020B2ADF8260020B2AA
:10982000ADF82A0041461C981CF042F8BDF92410FE
:10983000434622B21C9815F037F98DF8740019A927
:10984000239816F031F8641CBDF98600A042E3DAD3
:10985000BDF98010BDF92000401C814202DDBDF938
:10986000800002E0BDF92000401C00B2ADF82400E9
:10987000BDF88400ADF8280009A811F053F880461F
:10988000B8F1000F48DD049810B9BAF1000F1ED0EE
:10989000BDF9824017E020B2ADF8260020B2ADF845
:1098A0002A0041461C981CF003F8BDF924104346D9
:1098B00022B21C9815F0F8F88DF8740019A92398B5
:1098C00015F0F2FF641CBDF91E00A042E3DC049811
:1098D00010B9BBF1000F1FD0BDF92200441C17E0E6
:1098E00020B2ADF8260020B2ADF82A0041461C98FF
:1098F0001BF0DEFFBDF92410434622B21C9815F080
:10990000D3F88DF8740019A9239815F0CDFF641CC5
:10991000BDF98600A042E3DA0CA815F0F1F80B9827
:1099200015F072FD12A815F0EBF8189815F06CFD03
:109930001C981BF057FD00BF56E52DE9FF4F89B07D
:1099400080460C461546DDF858901C2168461BF0F1
:1099500078FF07A80090BDF83000ADF808008DF83A
:109960001890B4F90200B5F90210884201DC012018
:1099700000E000200646B4F90600B5F9061088425A
:1099800001DB012000E000200746B4F90000B5F932
:109990000010884201DC012000E000208246B4F97A
:1099A0000400B5F90410884201DB012000E000202A
:1099B00083462088ADF81C00A088ADF820006088A0
:1099C000ADF81E006888401E00B2ADF822001EB13E
:1099D0006946404615F068FFE888401C00B2ADF8C3
:1099E0001E00E088ADF822001FB16946404615F020
:1099F0005BFF2088ADF81C002888401E00B2ADF83F
:109A0000200016B1B5F9020001E0B4F90200ADF88A
:109A10001E0017B1B5F9060001E0B4F90600ADF873
:109A20002200BAF1000F03D06946404615F03CFF12
:109A3000A888401C00B2ADF81C00A088ADF820003A
:109A4000BBF1000F03D06946404615F02DFF0DB065
:109A5000BDE8F08F2DE9FF4F93B007469046994639
:109A60004FF6FF70804502D117B0BDE8F08F3E463B
:109A7000746A208C1290208C484506D0A4F820905F
:109A8000608C20F00400001D60844FF4802120468B
:109A90001FF063FA11904FF4802120461FF0CDFA99
:109AA0000546119817F098FD8246384609F095FA58
:109AB0008346BBF81600ADF83E00BDF93E000AEB48
:109AC000050108FB010000B2ADF83E00284605EB99
:109AD000D071BDF83E20A2EB610109B2ADF83E1095
:109AE000BDF83E0050442844401E00B2ADF842008C
:109AF000706A808AADF83C00706A008BADF8400057
:109B000001A815F0AFFC01AA4FF4802120461FF0F8
:109B1000C9FD0FAA01A9149815F088FC1298208499
:109B2000608C20F00400608400BF9DE72DE9F04FB9
:109B300091B007460D46904699464FF6FF70804516
:109B400002D111B0BDE8F08F1097109F7C6A208C75
:109B50000F90208C484506D0A4F82090608C20F00F
:109B60000400001D608407A814F070FC07AA4FF4DD
:109B7000802120461FF0BBFC4FF4802120461FF0BF
:109B80005CFAADF82E00384609F027FA064606B909
:109B9000D7E7079817F020FD8246F08AADF8160047
:109BA000BDF91600BDF92E10514408FB010000B2AA
:109BB000ADF81600BDF92E0000EBD071BDF81620EF
:109BC000A2EB610109B2ADF81610BDF816005044C1
:109BD000BDF82E100844401E00B2ADF81A00A08A4D
:109BE000ADF81400208BADF8180005AA03A8A968E9
:109BF000F9F7F0FF8346BBF1000F13D0A86802907D
:109C000003A8A86030461AF025FB019000200090C0
:109C100006F1140207A92846019B14F063F8029884
:109C2000A86000BF0F982084608C20F0040060843E
:109C300000BF86E72DE9F04105463548006813F07E
:109C4000F7FC04462868866BF06A10B13046F16A6A
:109C50008847206890B1606880B10CE02C480068AB
:109C60000068806A38B12A4A12681068284A126867
:109C70001268916A884720690028EFD1012020618D
:109C8000234800680068C068806900F0010050B196
:109C90001F4800680068C0688069C0F3400010B1C8
:109CA0000120606101E000206061606908B101206D
:109CB00000E0002007462868406998B12868007CC9
:109CC000C0F3011048B12868007CC0F3800020B1C7
:109CD000D6E9001000F01EF804E0D6E9002128685B
:109CE000FDF792FD206880B1606870B12868007C43
:109CF00000F0010000B147B12168A068884202D19C
:109D00006068A06001E02068A060BDE8F08100000C
:109D10006C0100242DE9F34F83B0044688480068A5
:109D20000568874800680068007CC0F3400040B1C7
:109D3000287CC0F3800020B100BF00BF05B0BDE8A3
:109D4000F08F287CC0F3011002280AD12146284652
:109D5000049A00F004F921462846049AFDF754FDC0
:109D6000EBE0287CC0F30110012804D0287CC0F36C
:109D700001100328F4D1002002907148006813F00C
:109D800057FC8246204610F09CFD0646204610F007
:109D900025FD83464FF4A050B0FBF6F000B25845C5
:109DA00005DA4FF4A050B0FBF6F000B200E05846E0
:109DB0000190B4F90280287CC0F3011001280BD176
:109DC00068882188401A401E00B2E080E088801B2D
:109DD000401C00B2608006E02088608060883044CB
:109DE000401E00B2E08000279EE0ABEB0701019827
:109DF000814201DD019801E0ABEB07000FFA80F929
:109E00000120CAF8100047BBB34526DBB146297CC8
:109E1000C1F30111032901D1012100E0002108460D
:109E20003146049A00F00FF9287CC0F30110012894
:109E300007D1A4F8008008EB0600401E00B2A08005
:109E40003FE02888401EA0EB080000B2A080A08858
:109E5000801B401C00B2208033E0029820B94FF4F0
:109E600020501BF043FA029002980090297CC1F325
:109E70000111032901D1012100E0002108464A46D1
:109E80003146049B00F0B2F8287CC0F30110012891
:109E90000AD108EB070000B2208008EB0700484415
:109EA000401E00B2A0800CE02888401EA0EB0800F5
:109EB000C01B00B2A080A088A0EB0900401C00B22B
:109EC000208007EB090058450DDBDAF8180000F098
:109ED000010040B1DAF81800C0F3400018B10120C9
:109EE000CAF8140002E00020CAF81400029808B969
:109EF000049800E00298024621462846FDF784FCBB
:109F000004E0A86A10B12846A96A8847DAF8100068
:109F10000028F6D106FB09F1049800EB41000490FB
:109F200007EB090007B200BF5F45FFF65EAF02987E
:109F300010B102981BF056FA00BF00BFFEE6000009
:109F40006C01002418B5048800940C8804801488DF
:109F50000C801C881480BDF800401C8018BD2DE9C1
:109F6000FC5F05460C461646204610F0AAFC8246C9
:109F7000204610F033FC83461AFB0BF00190019849
:109F8000471E4FF0000811E006EB470000880090E4
:109F900006EB470006EB48010988018006EB480004
:109FA000BDF8001001807F1E08F101084745EBD87D
:109FB000B4F9069068886188401A401E00B2E080BB
:109FC0006888A0EB0900401E00B26080B4F90490DC
:109FD00028882188401A401E00B2A0802888A0EB63
:109FE0000900401E00B22080BDE8FC9F2DE9F0472B
:109FF00004461D46089F01FB02F0A0F1010C481E1B
:10A0000000FB02F800231AE008EB03000CB1ACEBF4
:10A01000000000260FE0A946AD1C07EB400AB9F886
:10A020000090AAF800900CB1104400E0801A06F1EC
:10A0300001090FFA89F68E42EDDB581C03B29342F8
:10A04000E2DBBDE8F0872DE9F04782460C46154675
:10A0500000263BE0002731E0601E801B0FFA80F8ED
:10A06000601EC01B0FFA80F9BAF1000F12D007FB77
:10A07000048C05EB4C0308FB049C05EB4C0209FB2C
:10A08000046C05EB4C0106FB047C05EB4C00FFF770
:10A0900059FF11E009FB046C05EB4C0308FB049C21
:10A0A00005EB4C0207FB048C05EB4C0106FB047C22
:10A0B00005EB4C00FFF746FF781C07B2601C00EB75
:10A0C000D071B7EB610FC7DB701C06B204EBD47123
:10A0D000B6EB610FBEDBBDE8F08710B50446204645
:10A0E00018F0A0FD10BD00002DE9F14F9EB01E98A4
:10A0F00016F07BFF05462C461E9816F01DFF1D909E
:10A10000606A1AF0A7F807465020005D00F00100D1
:10A1100010B91FB0BDE8F08F0FA815F0A3F90FAA72
:10A120004FF4E02128461FF0BDFA04F144010DA8C8
:10A1300010F03DFBBDF83400616A898A084400B222
:10A14000ADF83400BDF83610606AC08A084400B229
:10A15000ADF83600BDF83800616A898A084400B25B
:10A16000ADF83800BDF83A10606AC08A084400B201
:10A17000ADF83A000DAA0FA91D9815F057F94FF444
:10A18000E02128461EF02EFA06464FF4E02128462C
:10A190001EF090FC30440FFA80F84FF4E02128467E
:10A1A0001EF001FE30440FFA80F900200B900C9055
:10A1B000E16CC8191F49096888478246E06CC119DB
:10A1C00052460BA81BF0AFF9BDF83400404400B272
:10A1D000ADF83400BDF83600484400B2ADF83600A2
:10A1E0004FF0000BD4F824A040F257425946504695
:10A1F0001EF0E6FD019001980A9002A814F026F9DD
:10A2000002AA4FF4E02128461FF071F99DF83F00A3
:10A21000022805DCBDF81400BDF82810884207D0DC
:10A2200000200BAB0DAA02A900901D9813F05AFD57
:10A2300000BF6EE7F40200242DE9F04FBDB00546E3
:10A240000E4600BF00BFAB460BF13000FAF7D8FF57
:10A2500010B13DB0BDE8F08F05F114023BA8B16824
:10A26000F9F7B8FC00B9F4E7B0683A903BA8B060E1
:10A2700035A814F037F935AA4FF4E02128461FF02D
:10A280009DF927A815F0EEF89DF8DC008DF89F00E9
:10A2900047F6FF70ADF89C004FF4E02128461EF011
:10A2A00068FF074600EBD7704FEA60094FF4E021E2
:10A2B00028461EF05EFF074600EBD7704FEA600AA3
:10A2C000314604A81CF0A8FE24A80A9016A80890FD
:10A2D0004FF4E020119069480590052006900BF19D
:10A2E0003000FAF73FFF0446C0E00A2235A924A84F
:10A2F0001BF019F9382227A916A81BF014F9E088D9
:10A30000ADF89000E088ADF85C0039A80D9038A851
:10A310000E90607B00F0010020B1B4F90070B4F938
:10A32000028010E0A08847F6FF71884200D197E0D4
:10A33000A28801AB2846A16811F024FEBDF9047083
:10A34000BDF9068000BFA88A384407B2E88A4044B5
:10A350000FFA80F8B9F1000F19D0BAF1000F16D03A
:10A36000A7EB090000B2ADF8080007EB090000B246
:10A37000ADF80C00A8EB0A0000B2ADF80A0008EB3B
:10A380000A0000B2ADF80E0002A8079001E000201C
:10A390000790207B00F0030070B3207B00F00100E9
:10A3A00010B1B5F9140000E03846ADF8E400ADF89E
:10A3B000E680207B00F0020010B1B5F9180000E043
:10A3C0003846ADF8E000BDF8E600ADF8E20004AABA
:10A3D0001A21284616F010FE38AB39AA24A93046B7
:10A3E00014F069F802AA16A9304615F01FF804AA5D
:10A3F0001B21284616F000FE207B00F00C0070B3F5
:10A40000ADF8E470207B00F0040010B1B5F916003F
:10A4100000E04046ADF8E600BDF8E400ADF8E0002D
:10A42000207B00F0080010B1B5F91A0000E04046AA
:10A43000ADF8E20004AA1A21284616F0DDFD38AB7B
:10A4400039AA24A9304614F036F802AA16A93046D3
:10A4500014F0ECFF04AA1B21284616F0CDFD00BF26
:10A4600021460BF13000FAF777FE0446002C7FF40A
:10A470003CAF3A98B06000BFEBE60000F0BB039041
:10A480002DE9F14F9AB01A9816F0AFFD04461A98CC
:10A4900016F052FD199020461EF0B9FE07462046E0
:10A4A0001DF01AF9834607EBD771A28A02EB61010E
:10A4B00009B218910BEBDB714A10E18A114409B221
:10A4C000179107EBD7714E1014A814F00BF814AACB
:10A4D000002120461FF072F84FF41D7016FB00F0AB
:10A4E000552190FBF1F0642190FBF1F000B2ADF842
:10A4F0005200BDF85200801C00B2ADF8520000209E
:10A500001390002120461DF084FF0546002347F6E6
:10A51000FF7204F114010DA814F08EFE00210DA8A5
:10A5200014F00CF80C9000BFA08AADF82800E08A67
:10A53000ADF82A00208BADF82C00608BADF82E0012
:10A5400000BFBDF82800284400B2ADF82800BDF8CF
:10A550002C00401B00B2ADF82C00BDF82A002844A6
:10A5600000B2ADF82A00BDF82E00401B00B2ADF8D5
:10A570002E00012347F6FF720AA904A814F05CFE1E
:10A58000002104A813F0DAFF0390BDF952804FF0C8
:10A59000000A4FE051462046FCF73CF80090BDF819
:10A5A0000000ADF850001398C0F30F290FFA89F09E
:10A5B00024F03EFE06EB08014843189901EBE03019
:10A5C00000B2ADF804000FFA89F024F021FE06EB8A
:10A5D00008014843179901EBE03000B2ADF80600DE
:10A5E0000FFA89F024F024FE711BA1EB0801484307
:10A5F000189901EBE03000B2ADF808000FFA89F0CD
:10A6000024F006FE711BA1EB08014843179901EBEA
:10A61000E03001B2ADF80A1002AB01AA14A91998F2
:10A6200013F049FF0AF103001FFA80FA139800F5AE
:10A6300087601390BAF5807FACDD0DA814F060FA46
:10A6400004A814F05DFA0C9814F0DEFE039814F0E0
:10A65000DBFE1BB0BDE8F08F2DE9F04FA5B004463E
:10A660000F46254604F1140123A8BA68F9F7B2FA97
:10A670002290229810B925B0BDE8F08FB8682190DB
:10A6800023A8B860002120461DF085FF1E90002100
:10A6900020461EF09AF901461E98084400B21D900B
:10A6A000002120461EF0FDFA01461E98084400B223
:10A6B0001C9020461CF09BFF7E35E9884843001221
:10A6C00000B21B9020461CF073FF298948430012FA
:10A6D00000B21A9017A813F005FF17AA0021204610
:10A6E0001EF06CFF394605A81CF096FC0020129065
:10A6F0008C4806900020079017A80B904FF0FF3071
:10A70000139000200E900F9005AA1A21204616F0F3
:10A7100073FC002001903122204601991EF050FB6D
:10A720000090009800F0FF0B00BF002120461DF0B4
:10A7300032FF0490002001903322204601991EF040
:10A740003FFB0090009800F0FF0800BF20461DF07E
:10A75000B9F8039020461DF0AFF9029035F87E0954
:10A76000002865D0E18A1C9801440298081A00B2BA
:10A770000190A08AADF88000208BADF87C004FF0EE
:10A780000009B5F87E000FFA80FABBF1020F1ADD5E
:10A790000498002817DD08F0020040B1002120468F
:10A7A0001EF07FFA18B909F101000FFA80F908F0DC
:10A7B000010040B1002120461EF02AF818B9AAF184
:10A7C00001000FFA80FA4E462FE01A987043B5F850
:10A7D0007E10491E90FBF1F000B2ADF88200BDF88A
:10A7E00082100198084400B2ADF88200BDF88200E2
:10A7F000ADF87E004B4806900120079020A80E90EF
:10A800001FA80F90139605AA1A21204616F0F4FBF4
:10A810001FAB20AA17A9384613F04DFE05AA1B212D
:10A82000204616F0E9FB701C06B25645CDDB00BF92
:10A83000B5F88000002865D0A18A1D9801440398CE
:10A84000081A00B20190E08AADF88200608BADF882
:10A850007E004FF00009B5F880000FFA80FABBF1D6
:10A86000020F1ADD0498002817DD08F0040040B13B
:10A87000002120461EF0A9F818B909F101000FFACD
:10A8800080F908F0080040B1002120461EF046F98A
:10A8900018B9AAF101000FFA80FA4E462FE01B9872
:10A8A0007043B5F88010491E90FBF1F000B2ADF88E
:10A8B0008000BDF880100198084400B2ADF8800017
:10A8C000BDF88000ADF87C00164806900220079085
:10A8D00020A80E901FA80F90139605AA1A212046B3
:10A8E00016F08AFB1FAB20AA17A9384613F0E3FD28
:10A8F00005AA1B21204616F07FFB701C06B25645A8
:10A90000CDDB00BF4FF0FF30139000200E900F9072
:10A9100005AA1B21204616F06FFB2198B86000BFE6
:10A92000A9E60000F0BB03902DE9F14F9AB01A9808
:10A9300016F0FAFA07461A9816F057FB05462C4609
:10A94000122F7DD11A9816F04DFB0646307802285A
:10A9500002D11BB0BDE8F08F94F8380000F003007E
:10A96000032805D094F8380000F00300022802D133
:10A9700001203070EDE794F83800C0F3840004281B
:10A9800008D094F83800C0F38400012802D00120D8
:10A990003070DEE74FF0000A4622514628461EF08E
:10A9A0000FFA19901998C0B2FF2802D00120307018
:10A9B000CFE7002128461EF081FB8146208E81448E
:10A9C000B9F1000F02D001203070C2E70021284603
:10A9D0001EF0B5FB8046E08E00FB08F04FEA202811
:10A9E0001A9816F0FFFA8346B8F5807F09D1002245
:10A9F00005F114015846F9F72EF9E8BB0120307033
:10AA0000A7E728461CF068FE824628461EF0FFFB9A
:10AA1000179004F132001FFA88F100235246CDE965
:10AA2000001018A81799F9F7CBFBBDF86000A98AA8
:10AA3000084400B2ADF86000BDF86210E88A00E09A
:10AA40001DE0084400B2ADF86200BDF86400A98AB8
:10AA5000084400B2ADF86400BDF86610E88A084406
:10AA600000B2ADF86600002218A95846F9F7F3F8CD
:10AA700018B9012030706CE700E000BF19E2152F13
:10AA800001D0182FFAD1002128461EF058FB80462D
:10AA9000E08E00FB08F04FEA2028002128461EF037
:10AAA0000DFB8246208E824428461EF0B0FB199092
:10AAB00028461CF011FE1890002641F23202314661
:10AAC00028461EF07DF90E900E9800B2814600BF18
:10AAD00041F61202314628461EF072F90E900E9889
:10AAE00048440FFA80FB00BF41F613023146284666
:10AAF0001EF066F90E900E98484400B2179000BF01
:10AB000041F61002314628461EF05AF90E900E9872
:10AB1000484400B2169000BF41F611023146284663
:10AB20001EF04EF90E900E98484400B21590608EBB
:10AB3000584400B2ADF85000A18E1698084400B2F7
:10AB4000ADF8520094F8390000F00300012804D158
:10AB500012A928461CF06AFD27E014A91FFA88F004
:10AB60000FFA8AF3CDE9000112A8DDE91821F9F7FF
:10AB700027FBBDF84800A98A084400B2ADF8480098
:10AB8000BDF84A10E88A084400B2ADF84A00BDF8A2
:10AB90004C00A98A084400B2ADF84C00BDF84E1034
:10ABA000E88A084400B2ADF84E0005F1140110A87F
:10ABB0000FF0EBFD12A905F114000FF0E6FDBE4801
:10ABC0001A991CF04FFC0F900F98012800D0C0E696
:10ABD00010A905F114000FF0D8FD152F7ED1E08DDE
:10ABE00008B1A08D00B9B4E6B8F1000F00D1B0E60D
:10ABF0001A9816F0A1F9064605F114010DA80FF0F8
:10AC0000C4FD284618F080FA0C9094F8390000F042
:10AC1000030001283CD1B4F92C10BDF93020891A69
:10AC2000481C00EBD071BDF83420A2EB610109B2E1
:10AC3000ADF83410B4F92C10BDF93020891A481C35
:10AC400000EBD071BDF83820A2EB610109B2ADF87C
:10AC50003810B4F92E10BDF93220891A481C00EBC7
:10AC6000D071BDF83620A2EB610109B2ADF8361003
:10AC7000B4F92E10BDF93220891A481C00EBD071AE
:10AC8000BDF83A20A2EB610109B2ADF83A1013E029
:10AC900012A80FF071FEBDF834100844401E00B237
:10ACA000ADF8380012A80FF0DFFDBDF836100844EB
:10ACB000401E00B2ADF83A00BDF83400584400B26E
:10ACC000ADF83400BDF836101698084400B2ADF85F
:10ACD0003600BDF838101798081A00E0E8E000B216
:10ACE000ADF83800BDF83A101598081A00B2ADF862
:10ACF0003A0094F8380000F00300012805D094F8D9
:10AD0000380000F0030000287AD106A812F0CDFF29
:10AD100006AA002128461EF08BFB1FFA88F0ADF82A
:10AD20001A001FFA8AF0ADF81800608EADF81C000A
:10AD3000A18EADF81E1094F83800C0098DF82C00D3
:10AD4000BDF84800584400B2ADF81000BDF84A10F4
:10AD50001698084400B2ADF81200BDF84C101798D0
:10AD6000081A00B2ADF81400BDF84E101598081A74
:10AD700000B2ADF81600B068039004AA04A8B16848
:10AD8000F8F728FF00B9E4E504A8B060BDF8361074
:10AD9000608D084400B2ADF80600BDF90600BDF9AB
:10ADA0003610884206DDBDF80600E18D401A00B27B
:10ADB000ADF80600BDF80600E18D0844401E00B263
:10ADC000ADF80A0049E0BDF83400218D084400B216
:10ADD000ADF80400BDF90400BDF93410884206DD69
:10ADE000BDF80400A18D401A00B2ADF80400BDF812
:10ADF0000400A18D0844401E00B2ADF8080016E022
:10AE000034E001AA06A93046636A12F0FFFEBDF8DD
:10AE10000400BDF83010084400B2ADF80400BDF8DD
:10AE20000800BDF83010084400B2ADF80800BDF9C4
:10AE30000400BDF938108842E3DBBDF80600BDF818
:10AE40003210084400B2ADF80600BDF80A00BDF8A3
:10AE50003210084400B2ADF80A00BDF90600BDF991
:10AE60003A108842AFDB0398B06020E094F83800D5
:10AE700000F00300022811D104A813F0E7FA04AA95
:10AE8000002128461EF033FB0020009005F114023B
:10AE900004A93046636A12F025FF08E000BF00BF36
:10AEA000002305F114021946304612F0AFFE00BF30
:10AEB00000BF00BF4DE5000044A804902DE9F14F0C
:10AEC000DCB05C9816F091F805462C465C9816F0BC
:10AED00033F85B9059A928461CF0A8FB0020CDE967
:10AEE000105040F60A02DDE910011DF069FF0F90D5
:10AEF0000F9800B258900020CDE9105040F60B0298
:10AF0000DDE910011DF05CFF0F900F9800B2579023
:10AF1000BDF864115898081A00B2ADF86401BDF884
:10AF200068115898084400B2ADF86801BDF8661180
:10AF30005798081A00B2ADF86601BDF86A11579823
:10AF4000084400B2ADF86A0159A80FF007FD834626
:10AF500059A80FF07BFC5690D4E90A10A0EB010928
:10AF60005698834501DB012000E000208046002048
:10AF7000559094F85C0000F0030001280BD1A06A02
:10AF8000002808DAE06A002805DDA16A206B884203
:10AF900001D101205590002128461DF03DFD54901F
:10AFA000002128461DF0E1FD5390002128461DF0A8
:10AFB0009FFE5290002128461DF051FC519059A946
:10AFC00004F134000FF0CFFBA18E5498084400B276
:10AFD000A086218F5398081A01B22187E18E5298DA
:10AFE000084401B2E186618F5198081A01B2618765
:10AFF000B8F1000F13D004F134000FF027FC04283F
:10B000000DDA569800EBD0714A10E98A1144891E76
:10B010000AB2E286E08E001D01B2618715E0B8F148
:10B02000000F12D104F134000FF098FC04280CDA60
:10B0300058460BEBD071AA8A02EB6101891E09B256
:10B04000A186A08E001D01B2218704F134000FF00B
:10B0500085FC509004F134000FF0F8FB4F90B8F1EC
:10B06000000F01D0509800E04F988246B8F1000FD1
:10B0700005D004F13406371DFE484C9004E004F17D
:10B080003606371DFC484C90A06D401CF8B1A36AF1
:10B09000216DC91A01FB0AF191FBF9F108B2A36A0B
:10B0A000616DC91A01FB0AF191FBF9F10AB2131A99
:10B0B000D4F858C003FB0CF1CB1701EB13631B1240
:10B0C0001BB24D934D99014409B24D9108E0A16A1C
:10B0D000206B401A00FB0AF090FBF9F000B24D9093
:10B0E000A06C401CE0B1A36A216CC91A01FB0AF1F3
:10B0F00091FBF9F108B2A36A616CC91A01FB0AF16C
:10B1000091FBF9F10AB2131AD4F848C003FB0CF111
:10B11000CB1701EB136300EB23231BB24E9308E024
:10B12000D4E90901401A00FB0AF090FBF9F000B2E3
:10B130004E900020119041F26A42284611991DF06C
:10B140003FFE10901098C0B24B90B8F1000F0ED097
:10B150004B9801280BD130463E4607464E9949424E
:10B1600009B24E914D99494209B24D9100BFB8F1D3
:10B17000000F0AD031884E98084400B238803188D8
:10B180004D98084400B230800AE039884E98081A79
:10B19000401C00B2308039884D98081A00B23880BF
:10B1A000559878B3A26A524202FB0AF292FBF9F276
:10B1B00011B2B8F1000F0CD032880A4410B2B7F9BE
:10B1C0000020824201DD30801BE03A8832803880E6
:10B1D00017E03A88521A521C10B2B6F90020824287
:10B1E00001DD388002E032883A803080B7F90020F3
:10B1F000B6F900309A4204DAB6F900003A88328093
:10B20000388000BF559800BB04F134004C99884742
:10B2100001281ADC68465B991BF0FEFE4FF40030F3
:10B220000D90964801900020029004F134000390A4
:10B230006A461A21284615F0DFFE6A461B21284679
:10B2400015F0DAFE5DB0BDE8F08F04F1340149A8D5
:10B250000FF089FA3BA814F005F93BAA4FF400312E
:10B2600028461EF01FFA29A85B991BF0D5FE4FF463
:10B270000030369081482A9000202B903BA82D90DA
:10B2800004F134002C9029AA1A21284615F0B4FEA6
:10B29000002011906022284611991DF091FD109018
:10B2A000109800B228905698834501DA584600E07D
:10B2B00056982790DDE92701B1EB600F02DD279852
:10B2C00040102890BDF9EC0026904F995098884284
:10B2D00001DA509800E04F982790DDE92601B0EBA5
:10B2E000610F02DD279840102690B8F1000F08D0BA
:10B2F00004F134000FF032FB01462698B1EB400F09
:10B300000BDCB8F1000F28D104F134000FF09EFAE5
:10B3100001462698B1EB400F1FDD9DF8EF0011901C
:10B320009DF8060110909DF80E010F9000208DF8F9
:10B33000EF008DF806018DF80E0104F134023BA9EF
:10B340005B9814F073F811988DF8EF0010988DF851
:10B3500006010F988DF80E0100BFA98A5498084481
:10B3600000B2ADF87800298B5398081A00B2ADF8F6
:10B370007C00E98A5298084400B2ADF87A00698BE3
:10B380005198081A00B2ADF87E0000231EA920A82B
:10B39000289A13F051FF002120A813F0CFF81D9038
:10B3A0009DF822011C909DF80E011B9000208DF845
:10B3B0000E018DF8220159A919A80FF0D4F9BDF892
:10B3C00064105498084400B2ADF86400BDF86610EB
:10B3D0005298084400B2ADF86600BDF86810539862
:10B3E000081A00B2ADF86800BDF86A105198081A42
:10B3F00000B2ADF86A00B8F1000F15D019A80FF02F
:10B4000025FA042810DA569800EBD0714A10E98A20
:10B410001144891E09B2ADF86610BDF86600001D22
:10B4200000B2ADF86A0017E0B8F1000F14D119A806
:10B430000FF094FA04280FDA58460BEBD071AA8A61
:10B4400002EB6101891E09B2ADF86410BDF8640019
:10B45000001D00B2ADF86800BDF9EC20002304F136
:10B46000340113A813F0E8FE002113A813F066F8C6
:10B47000129005E05DA901904DA801909CA7049051
:10B4800019AA3BA95B9813F0D1FF1B988DF80E0108
:10B490001C988DF8220100208DF8EF008DF8060130
:10B4A0008DF8220104F134023BA95B9813F0BEFF32
:10B4B00013A813F025FB20A813F022FB129813F019
:10B4C000A3FF1D9813F0A0FF29AA1B21284615F001
:10B4D00093FD00BFB6E6F0B591B00546284615F0DD
:10B4E00084FD0446284615F027FD0746264603A896
:10B4F00013F0B8FF03AA4FF4403120461EF0D2F8F3
:10B5000047F6FF70ADF80C002C20805D00F00100C4
:10B5100038B1204611F0F7FE0090BDF80000ADF8FC
:10B520001000214601A807F071FC01AA03A93846C2
:10B5300013F07CFF11B0F0BD2DE9F04FB3B08146A0
:10B54000484615F052FD80464446484615F0F4FC46
:10B550003290002140461CF0B7FF054640461DF0E2
:10B5600056FE824640461CF0B7F88346DA4501DBBA
:10B57000012000E0002006460EB1584600E050468B
:10B580003190002794F85C0000F00300012806D1F8
:10B59000A06A002803DAE06A002800DD0127002EF7
:10B5A0003CD097B93EB1012D02D1B4F9340009E085
:10B5B000B4F9380006E0012D02D1B4F9360001E0FB
:10B5C000B4F93A00ADF8BC0037E0606A002812DB3D
:10B5D0003EB1012D02D1B4F9340009E0B4F93800CC
:10B5E00006E0012D02D1B4F9360001E0B4F93A00C9
:10B5F000ADF8BC0021E03EB1012D02D0B4F9340019
:10B6000009E0B4F9380006E0012D02D0B4F93600A3
:10B6100001E0B4F93A00ADF8BC000EE01FB9E08ECD
:10B62000ADF8BE0009E0606A002803DBE08EADF8EB
:10B63000BE0002E0608FADF8BE0021A813F012FF3B
:10B6400021AA4FF4403140461EF02CF833462FA972
:10B650004046319A25F024F82FA904F168000FF034
:10B660009DF80FA832991BF0D7FC4FF440301C9086
:10B670003C481090002011901D9004F16800129039
:10B6800021A81390404621F038F9022810D00FAAC3
:10B690001A21404615F0B0FC04F1680221A9329845
:10B6A00013F0C4FE0FAA1B21404615F0A5FC55E07F
:10B6B000382221A901A819F036FF0FAA1A21404605
:10B6C00015F09AFC04F1680221A9329813F0AEFE3D
:10B6D0000FAA1B21404615F08FFC96B13EB1012DFB
:10B6E00002D0B4F9340009E0B4F9380006E0012DC5
:10B6F00002D0B4F9360001E0B4F93A00ADF8BC006C
:10B7000002E0608FADF8BE0033462FA94046319A63
:10B7100024F0C6FF2FA904F160000FF03FF8382293
:10B7200001A921A819F0FFFE0120119004F1600089
:10B73000129021A8139001201D900FAA1A214046B3
:10B7400015F05AFC04F1600221A9329813F06EFE44
:10B750000FAA1B21404615F04FFC00BF33B0BDE8D7
:10B76000F08F0000D0A804902DE9F04790B0074674
:10B77000384615F03AFC054628461BF0FDFF064604
:10B7800008A812F063FE08AA002130461DF0AFFEA3
:10B79000384615F0D1FB0446D4F8088006F11402AF
:10B7A00006A8A168F8F716FA10B910B0BDE8F0873E
:10B7B00006A8A06004A9304607F0A6FFA88AADF845
:10B7C0000800E88AADF80A00288BADF80C00BDF837
:10B7D0001200ADF80E0002AA02A8A168F8F7FAF963
:10B7E00098B1D4F8089002A8A060284618F032FD5D
:10B7F00082460020534605F1140208A90090204615
:10B8000012F070FAC4F8089000BFA88AADF80800DA
:10B81000BDF81600ADF80A00288BADF80C00688B57
:10B82000ADF80E0002AA02A8A168F8F7D3F998B102
:10B83000D4F8089002A8A060284618F00BFD8246B4
:10B840000020534605F1140208A90090204612F08A
:10B8500049FAC4F8089000BFC4F8088000BFA4E704
:10B860002DE9FF4FA1B0064614462498807B00F0D6
:10B870000F052298807E1F90032D00D10425012DF5
:10B8800006D0022D0BD0042D10D0082D1DD114E0B0
:10B89000DFF86C834FF0800A02201E901AE0DFF878
:10B8A00064834FF0C00A04201E9013E0DFF8588331
:10B8B0004FF0F00A10201E900CE0DFF850834FF09C
:10B8C000FF0A4FF480701E9004E000BF00BF25B057
:10B8D000BDE8F08F00BF1F98FD2823DACC4801781F
:10B8E0001F98814203D1CB480068A84213D00020A2
:10B8F0000DE018F80010FF2901D11F9904E018F895
:10B9000000101F9A51430912C34A1154401C1E993A
:10B910008842EED300BFDFF80083BD491F9808704E
:10B92000BC4805602498B0F806B0249800891B90A4
:10B930000BFB05F01A90B4F90000B168B1F90010E2
:10B94000884201DB002005E0B068B0F90000B4F9DE
:10B950000010401A1990B4F900005844B168B1F9C8
:10B960000410884201DC584606E0B068B0F90400D3
:10B97000B4F90010401A401C1890B4F90200B168E4
:10B98000B1F90210884201DB002005E0B068B0F98F
:10B990000200B4F90210401A1790B4F902101B9873
:10B9A0000844B168B1F90610884201DC1B9806E032
:10B9B000B068B0F90600B4F90210401A401C1690A5
:10B9C0001A9917984843199901FB050015902E996B
:10B9D000159801EBD0002E90159800F007071C2158
:10B9E0000DA819F02EFF22988089ADF83C0022980E
:10B9F000807E8DF84C002298807FC0F3C2008DF8C5
:10BA00004D00F9F7C3FE019011F016FE0C901B9843
:10BA10000BFB00F10C98814201DD0C9802E01B99B0
:10BA20000BFB01F00B900B9819F060FC8146CDF8F0
:10BA3000409000200A9021881998084400B2ADF87F
:10BA40002000218818980844401E00B2ADF8240058
:10BA500061881798084400B2ADF82200BDF82200B2
:10BA6000ADF8260000BFBDF82400BDF82010401A34
:10BA7000401C00B2079000BFBDF82000ADF81400D4
:10BA8000BDF82200ADF81600BDF82400ADF818008E
:10BA9000BDF82600ADF81A0000BFBDF816101698C4
:10BAA000084400B2ADF81A0005A813F04DF8049050
:10BAB00008A80D901290C5F10800039019980BEB9F
:10BAC00000011898081A6843029017981C9078E0B3
:10BAD0000A9801902AFA07F0209019981D9028E002
:10BAE0002E980078209908400399C91BC8401490EB
:10BAF000149830B1149818F800100A9809F800103A
:10BB000003E000210A9809F800100398874204D244
:10BB10002F442098E840209005E00027CDF880A031
:10BB20002E98401C2E900A98401C0A901D98401C8C
:10BB30001D9018991D988842D2DB0498A0B1BDF9D8
:10BB40002620BDF92010019B09EB0300079B12F092
:10BB5000ABFF8DF844009DF8440028B9019909EB2A
:10BB60000100079919F06DFEDDE91801411A0A98E4
:10BB700001440B98814206D2BDF82600401C00B259
:10BB8000ADF8260012E002208DF844000DA93046E1
:10BB900013F08AFEBDF82600401C00B2ADF822006A
:10BBA000BDF82200ADF8260000200A900298074454
:10BBB0002E9800EBD7002E9007F007071C98401C2A
:10BBC0001C9016991C98884282DBBDF92200BDF9B1
:10BBD000261088420ED0BDF82600401E00B2ADF8F7
:10BBE000260002208DF844000DA9304613F05CFEBB
:10BBF00000200A90484619F0F5FB00BF67E60000F8
:10BC000054BA039056BA039062BA039072BA039082
:10BC10007C0100248001002414D505242DE9FF4F68
:10BC20008FB00C4615461E46B4F90200401E0E9019
:10BC30000E9840100D900E9800F001010D980844E8
:10BC40000C90B5F90000B6F90010884202DAB5F997
:10BC5000000001E0B6F90000ADF82800B5F90000D9
:10BC6000B6F90010884202DDB5F9000001E0B6F92E
:10BC70000000401E00B2ADF82C0069880C98081A2C
:10BC800000B2ADF82A0069880D98084400B2ADF8FA
:10BC90002E000F980AA982680AA8F7F79BFF824630
:10BCA000BAF1000F02D113B0BDE8F08FE08818B1EF
:10BCB000A08808B1012000E00020834601200990FF
:10BCC0000AA812F041FF10B10020099004E0BBF176
:10BCD000000F01D0002009901C2102A819F0B1FD2D
:10BCE0000AA802902088ADF81000207A8DF8200074
:10BCF000099820B102A90F9813F0D6FD78E00AA8A0
:10BD00000EF009FE0746BDF92E000190BDF82A008D
:10BD1000ADF82E0000200090BBF1000F0BD0B4F95D
:10BD20000600B4F904100844BDF9281091FBF0F2A4
:10BD300000FB12100090384619F0D8FA8046CDF872
:10BD400014800AA80790BDF92A904AE03946404677
:10BD500019F0AEFDBDF928103BB20FFA89F240464A
:10BD600012F0A2FE8DF81800BBF1000F27D09DF84D
:10BD7000180020B3009800211BE0B4F9042082428F
:10BD800007DBA3881B1A1AB28B1819B2831818B2D2
:10BD90000BE0B4F90620B4F904301A44824201DC05
:10BDA000002002E0002208F801204A1C11B2421CC7
:10BDB00010B2B942E1DB02228DF8182000BF02A9BF
:10BDC0000F9813F071FDBDF82A00401C00B2ADF8C9
:10BDD0002A00BDF82E00401C00B2ADF82E0009F17B
:10BDE000010901988145B1DD404619F0FBFA00BF19
:10BDF00000BF58E72DE9FF4FC7B08B4691469A46E2
:10BE0000B9F90200BAF90210884210DAB9F8020052
:10BE1000ADF81A01BAF80200ADF81601B9F8000041
:10BE2000ADF81801BAF80000ADF814010FE0BAF847
:10BE30000200ADF81A01B9F80200ADF81601BAF81F
:10BE40000000ADF81801B9F80000ADF81401BDF913
:10BE50001401BDF91811441ABDF91601BDF91A11E2
:10BE6000451A002C01DD204600E06042002D01DD76
:10BE7000294600E06942884201DD012000E00020FF
:10BE80004490BBF9026000204390449870B1002DAB
:10BE900001DD284600E068424101002C01DD20461A
:10BEA00000E0604291FBF0F043900DE0002C01DDDA
:10BEB000204600E060424101002D01DD284600E0FF
:10BEC000684291FBF0F04390E0494398085C70436E
:10BED0003F30C611771006F0010000EB0708BDF9EE
:10BEE0001801BDF91411884202DABDF9180101E008
:10BEF000BDF91401801B00B2ADF80401BDF91801B1
:10BF0000BDF91411884202DDBDF9180101E0BDF947
:10BF10001401304400B2ADF80801BDF91A01BDF9B1
:10BF20001611884202DABDF91A0101E0BDF91601C5
:10BF3000801B00B2ADF80601BDF91A01BDF916115A
:10BF4000884202DDBDF91A0101E0BDF91601304455
:10BF500000B2ADF80A01479841A9826841A8F7F7F5
:10BF600039FE4090409810B94BB0BDE8F08F44982E
:10BF7000F0B3002C24DD0021BDF81601C01B00B277
:10BF8000CDE90001BDF91431BDF81A01C01B02B2A0
:10BF9000BDF9181135A812F0D1FE0121BDF8160126
:10BFA000404400B2CDE90001BDF91431BDF81A01D9
:10BFB000404402B2BDF918112AA812F0BFFE4AE0AF
:10BFC0000021BDF81601404400B2CDE90001BDF9E1
:10BFD0001431BDF81A01404402B2BDF9181135A858
:10BFE00012F0ACFE0121BDF81601C01B00B200E04A
:10BFF0000DE0CDE90001BDF91431BDF81A01C01BF7
:10C0000002B2BDF918112AA812F098FE23E000210F
:10C01000BDF91601CDE90001BDF81401404403B299
:10C02000BDF91A21BDF81801404401B235A812F03B
:10C0300085FE0121BDF91601CDE90001BDF814010D
:10C04000C01B03B2BDF91A21BDF81801C01B01B213
:10C050002AA812F073FE002135A812F06FFA13908F
:10C0600000212AA812F06AFA12904FF0FF301190C6
:10C0700010909BF80900C0F3001068BB0321BDF8C5
:10C080001A01204400B2CDE90001BDF81801401B9F
:10C0900003B2BDF91A21BDF918111FA812F04EFE06
:10C0A0000221BDF81601204400B2CDE90001BDF81F
:10C0B0001401401B03B2BDF91621BDF9141114A8D7
:10C0C00012F03CFE00211FA812F038FA1190002156
:10C0D00014A812F033FA109041A80EF01CFC0F9037
:10C0E000F9F754FB019011F0A7FA0D9041A80EF05A
:10C0F000C9FB01460D98814203D241A80EF0C2FB54
:10C1000000E00D980C900C9819F0F0F80B90BDF928
:10C110000A010A90BDF80601ADF80A010020099055
:10C12000DDE90B0119F0C4FB1C2102A819F089FB01
:10C1300041A80290BBF80000ADF810009BF8080081
:10C140008DF820000B98059041A80790BDF90601D5
:10C150000E9040E0BDF90411099B0B9AD0180F9A7C
:10C1600013B20E9A12B212F09FFC8DF818009DF8CF
:10C17000180028B9099A0B9988180F9919F061FBD2
:10C180000F990998084409900F99099801440C984F
:10C19000814206D2BDF80A01401C00B2ADF80A0186
:10C1A00016E002208DF8180002A9479813F07CFBD6
:10C1B000BDF80A01401C00B2ADF80601BDF8060149
:10C1C000ADF80A0100200990DDE90B0119F070FBC0
:10C1D0000E98401C0E900A990E988842BADDBDF95F
:10C1E0000601BDF90A1188420CD0BDF80A01401EB3
:10C1F00000B2ADF80A0102208DF8180002A9479894
:10C2000013F052FB0B9819F0EDF835A812F078FCFA
:10C210002AA812F075FC1198401C10B11FA812F04A
:10C220006FFC1098401C10B114A812F069FC139810
:10C2300013F0EAF8129813F0E7F8119813F0E4F805
:10C24000109813F0E1F800BF8EE6000072BB039077
:10C250002DE9FF4F91B00C4615461E46B4F9020079
:10C26000401E1090109840100F90109800F001019F
:10C270000F9808440E9029880E98081A00B2ADF85D
:10C28000300029880F98084400B2ADF83400B5F9A1
:10C290000200B6F90210884202DAB5F9020001E0A4
:10C2A000B6F90200ADF83200B5F90200B6F9021095
:10C2B000884202DDB5F9020001E0B6F90200401E35
:10C2C00000B2ADF8360011980CA982680CA8F7F7F7
:10C2D00081FC8146B9F1000F02D115B0BDE8F08FA5
:10C2E000E08818B1A08808B1012000E00020824653
:10C2F00001200B900CA812F027FC10B100200B902D
:10C3000004E0BAF1000F01D000200B901C2104A81A
:10C3100019F097FA0CA804902088ADF81800207A3C
:10C320008DF828000B9820B104A9119813F0BCFADD
:10C3300066E00CA80EF0EFFA8346BDF936000390D4
:10C34000BDF83200ADF83600584618F0CFFF029025
:10C35000029807900CA8099000200190BAF1000FF4
:10C360000BD0B4F90600B4F904100844BDF932103A
:10C3700091FBF0F200FB12100190019FBDF9328099
:10C3800037E05946029819F093FABDF930100FFAC8
:10C390008BF30FFA88F2029812F086FB8DF82000DA
:10C3A000BAF1000F13D09DF8200070B1B4F9040069
:10C3B000B84202DA00208DF82000B4F90600B4F982
:10C3C00004100844B84200DC0027781C07B204A916
:10C3D000119813F069FABDF83200401C00B2ADF8B4
:10C3E0003200BDF83600401C00B2ADF8360008F14E
:10C3F000010803988045C4DD029818F0F3FF00BFE0
:10C4000000BF6AE72DE9FC5F8046404614F0EDFD71
:10C410000746B946D9F824603446404614F08CFDEE
:10C420000546606A00F114026846A968F7F7D2FB76
:10C430008246BAF1000F41D0D5F808B0C5F808D04F
:10C4400094F83C00C0F3401048B3608FE18E8842FE
:10C450000CD1628F212329463046FDF7FBFA628F0B
:10C46000212329463046FDF761FB24E0628F20231B
:10C4700029463046FDF7EEFA628F202329463046E2
:10C48000FDF754FBE28E012329463046FDF7E2FA20
:10C49000E28E012329463046FDF748FB0BE0628F10
:10C4A000202329463046FDF7D5FA628F20232946FE
:10C4B0003046FDF73BFBC5F808B000BFBDE8FC9F68
:10C4C0002DE9F14FD0B0509814F08FFD0446254669
:10C4D000288E10B951B0BDE8F08F509814F02CFDA3
:10C4E0004F90608C20F00400001D60844DA9204610
:10C4F0001BF09CF80026B246B4F82080002020846F
:10C50000608C20F00400001D608427A812F0AAFFB0
:10C510001FA811F09BFF27AA4FF4A02120461DF071
:10C52000C1F81FAA4FF4A02120461CF0E0FF608C48
:10C5300020F004006084A4F82080002120461CF034
:10C54000E4FB1E90002120461CF096F91D9000216E
:10C5500020461CF06EFA1C90002120461CF012FBB5
:10C560001B9009A84F991AF057FD4FF4A020169080
:10C57000D7480A9000200B903DA80D9035A80E904A
:10C5800000BF9BE103E00AF101001FFA80FA696A2B
:10C5900051F82A00CFA1F4F703F80028F3D0E96A94
:10C5A00031F81600FAF72CFD00B181E10027E96AA5
:10C5B00031F81600FAF714FD08B147F00107E96AEF
:10C5C00031F81600FAF720FD10B147F0800716E0A9
:10C5D000A88EB04213D108F0200008B147F0200720
:10C5E00008F0020008B147F0020708F0040008B1A3
:10C5F00047F0040708F0080008B147F00807A86AE8
:10C6000000EBC6014BA80EF0B7F8BDF82C01BDF841
:10C610003411084400B2ADF82C01BDF82E01BDF86C
:10C620003611084400B2ADF82E01BDF83001BDF856
:10C630003411084400B2ADF83001BDF83201BDF844
:10C640003611084400B2ADF8320157B9382227A993
:10C650003DA818F068FF20221FA935A818F063FF35
:10C660001DE02784608C20F00400001D60843DA83C
:10C6700012F0F8FE35A811F0E9FE3DAA4FF4A02112
:10C6800020461DF00FF835AA4FF4A02120461CF0DB
:10C690002EFFA4F82080608C20F004006084E96AFA
:10C6A00031F81600FAF7B8FC8346BBF1000F06D04C
:10C6B0009DF8F10040F001008DF8F10005E09DF8D3
:10C6C000F10020F001008DF8F1004BA80C901796B6
:10C6D00009AA1A21204614F08FFC9DF81701400882
:10C6E00000F01000F0B39DF8170120F03E001E305E
:10C6F0008DF81701BDF92C11B4F914201C981044C1
:10C7000081420AD19DF81701400820F004009DF8ED
:10C71000171160F345018DF81711BDF93011B4F907
:10C7200018201B98101A81420AD19DF81701400861
:10C7300020F008009DF8171160F345018DF81711DE
:10C74000BDF92E11B4F916201E98104481420CD167
:10C750009DF81701400820F002009DF8171160F3C2
:10C76000450100E014E08DF81711BDF93211B4F95C
:10C770001A201D98101A81420AD19DF8170140080D
:10C7800020F001009DF8171160F345018DF8171195
:10C790004BA80EF062F8814607F0200060B1E86A0D
:10C7A00030F8160000F4007030B1BDF82E01A0EB97
:10C7B000090000B2ADF82E014BAA3DA94F9812F026
:10C7C00035FE35980890BDF9E8000790BDF9E60000
:10C7D0000690686A50F82A0005904DA80EF0C5F83A
:10C7E00003909DF8F11002460698CDE901210090D2
:10C7F00004A8DDE90732059922F008FE4BA80EF0E7
:10C80000B4F8BDF91010401A039000EBD070BDF8D9
:10C810002C1101EB600000B2ADF82C014BA80EF01A
:10C820001CF8BDF91210401A039000EBD070BDF84F
:10C830002E1101EB600000B2ADF82E01BDF82C0105
:10C84000BDF81010084400B2ADF83001BDF82E015B
:10C85000BDF81210084400B2ADF8320107F0200014
:10C86000C0B1E86A30F8160000F4007090B1484694
:10C8700009EBD071BDF82E21A2EB610109B2ADF830
:10C880002E1109EBD071BDF83221A2EB610109B282
:10C89000ADF83211002000904BAA35A9059B4F98A6
:10C8A00011F020FA09AA1B21204614F0A5FB00BFB5
:10C8B000701C86B20AF101001FFA80FA288EB0427D
:10C8C0003FF760AE608C20F00400608400BF01E69A
:10C8D000D4A704900A0000002DE9F14FA2B02298DD
:10C8E00014F083FB04462546229814F025FB219082
:10C8F000002120461BF05CFE81462646002741F6BB
:10C900001202394630461CF05BFA0A900A984844F5
:10C9100000B2209000BF41F61302394630461CF0A9
:10C920004FFA0A900A98484400B21F90002120460E
:10C930001CF005FA484400B21E9016A811F086FDBE
:10C9400016AA4FF4003120461CF0D1FDA86A10B1A0
:10C95000D5F828800AE0802018F0C8FC064680221E
:10C960003146204613F0F8FFB04600BF4FF0000AF2
:10C9700095F83C0000F00F00012800D18246002607
:10C9800041F26A42314620461CF01AFA0A900A988F
:10C99000C0B2012800D18246E86A00287ED0E86A49
:10C9A00016F0C4FC0A900A98022814D19DF875006C
:10C9B00041F6FF72BDF96A10CDE900120290BDF98F
:10C9C0006C30169A07A8E96A22F020FDBDF91C60B8
:10C9D000BDF91E7011E007A9E86A16F04FF9834609
:10C9E000BBF1010F05D10798C0F38A260798470DC0
:10C9F00002E04FF0FF36374600BFBAF1000F0DD00E
:10CA0000A18A2098084400B2ADF82000BDF82000AB
:10CA10003044401E00B2ADF824000DE0218B1F9879
:10CA2000081A801B00B2ADF82000BDF82000304489
:10CA3000401E00B2ADF824000A98022815D1E18A00
:10CA40001E98084400B2ADF82200BDF82200384418
:10CA5000401E00B2ADF826000020009008AA16A9DA
:10CA6000EB6A219811F03EF940E020461AF034FEBE
:10CA7000A0EB070B0BEBDB704110E08A084400B21F
:10CA8000ADF82200BDF822003844401E00B2ADF8D7
:10CA9000260002A811F009F902AA00E027E04FF4ED
:10CAA000003120461CF0C4FC304606EBD071491022
:10CAB00009B2ADF80C10384607EBD07149100AB234
:10CAC000ADF80E204FF4003B43F60F0259462046C6
:10CAD0001CF076F90190019880B2ADF8080008AA20
:10CAE00002A9EB6A219811F091F800BF00BF0EA8CF
:10CAF00011F0ACFC0EAA002120461CF0F8FC9DF8B9
:10CB0000550041F6FF72BDF94A10CDE900120290BE
:10CB1000BDF94C3041460DA80E9A22F077FCE18A0F
:10CB20001E98084400B2ADF82E00BDF82E00BDF8E6
:10CB30003610084400B2ADF83200E86AB0B92046B9
:10CB40001CF065FBBDF93410461A06EBD670A18ABD
:10CB500001EB600000B2ADF82C00BDF82C00BDF870
:10CB60003410084400B2ADF8300022E0BAF1000FF2
:10CB700011D0218B1F98081ABDF83410401A00B24A
:10CB8000ADF82C00BDF82C00BDF83410084400B2FC
:10CB9000ADF830000DE0A18A2098084400B2ADF84D
:10CBA0002C00BDF82C00BDF83410084400B2ADF8DC
:10CBB0003000002043460BAA0EA90090219811F0E6
:10CBC00091F8A86A10B9404618F00CFC23B0BDE8F3
:10CBD000F08F2DE9F14F90B0109814F006FA054649
:10CBE0002C46109814F0A8F906460EA928461AF00B
:10CBF000A9FC002794F84800C0F3001008B147F0E2
:10CC0000010794F84800C0F3401008B147F002074C
:10CC1000002128461CF0D4FA42F2D171884205D195
:10CC2000688CC0F3802008B947F0040706A811F00B
:10CC30000DFCB4F84400ADF82E004620005BADF8C2
:10CC400030008DF8357006AA002128461CF04FFCF4
:10CC50000DA8411E626A03780BB90123037000BF5F
:10CC6000284617F003FB0790284617F0F9FA0890BA
:10CC70004FF6FF71079888421ED0089888421BD053
:10CC80004FF4802B44F25742594628461CF098F83E
:10CC9000029002980390BDF80C00ADF8260000BF8A
:10CCA0002022594628461CF08BF8029002980390E7
:10CCB000BDF80C00ADF8280094F8480000F007001B
:10CCC000022805D094F8480000F0070003281FD17F
:10CCD0009DF83400022803D09DF83400032817D1B2
:10CCE00041F6FF71BDF92A008DE88300BDF92C30B3
:10CCF000069A03A8616A22F089FB0EA80DF043FE94
:10CD0000BDF90C10884202DA01208DF8340000BF12
:10CD100004F1300894F8480000F00700032805D01B
:10CD20000EA80DF0A8FDB0F5806F01DA4FF00008F5
:10CD30000EA904A8B268F6F74DFF8146B9F1000FBD
:10CD400002D111B0BDE8F08F94F8480000F0070060
:10CD500070B928461AF0B0FE8346CBF1000002B24B
:10CD600000210EA80DF027FE688BADF83E0000BF35
:10CD700094F8480000F00700022805D094F8480015
:10CD800000F0070003280ED1D6F808B004A8B06060
:10CD9000CDF800800EAA06A93046636A10F0A2FF03
:10CDA000C6F808B007E0CDF800800EAA06A9304604
:10CDB000636A10F097FFD6F808A004A8B06094F852
:10CDC000480000F0070003284FD141F6FF71BDF97C
:10CDD0002A008DE88300BDF92C30069A03A8616A09
:10CDE00022F014FB0EA80DF0CEFDBDF90C10884208
:10CDF0001BDA20221146069814F0D3FB00EB40000A
:10CE0000B4F84410BDF80C201144084400B2ADF849
:10CE10002E004620005BADF83000CDF800800EAA51
:10CE200006A93046636A10F05DFF0EA80DF023FDE1
:10CE3000BDF90E10884217DAB4F84400ADF82E00A0
:10CE4000069814F0CDFB4621095BBDF80E20114475
:10CE5000084400B2ADF83000CDF800800EAA06A953
:10CE60003046636A10F03EFF00BFC6F808A000BF5E
:10CE700067E72DE9F14F9AB01A9814F055F88046FB
:10CE80001A9814F0B2F80446B8F1150F16D11A9892
:10CE900014F052F8054618A9204606F035FC0AA8F9
:10CEA00012F0E0FA0AAA4FF4802120461CF0FAFBA7
:10CEB00018AA0AA9284612F0B9FAC5E0B8F1180F65
:10CEC000FBD11A9814F038F8054612A811F0BEFAF2
:10CED00012AA4FF4802120461CF009FB10A920461D
:10CEE00006F012FC10AA0EA8A968F6F773FE0D90C2
:10CEF0000D9800287DD0204606F07BF8814620461C
:10CF00001CF085F98346484617F0A4F902210390E6
:10CF1000BDF95A00CDE901B10090BDF95C300CA813
:10CF2000129A039922F072FA20461AF0D5FB0646AF
:10CF3000304606EBD0714A10B4F916100A44B9F91C
:10CF40001610891A0B9148461AF0C6FB0B998903F3
:10CF500091FBF0F00B90002120461CF016F80A908F
:10CF60001299B1F908200A99B1F90810501A00EB8A
:10CF7000D071491009B20991BDF832100998081A08
:10CF800000B2ADF83200304606EBD0714A10B4F969
:10CF900016105718BDF932000B99484307EBA0371C
:10CFA00009983F1A002120461BF00FFB82464FF0E4
:10CFB000000B41F61202594620461BF001FF039078
:10CFC000039800B2089000BF41F61302594620466C
:10CFD0001BF0F6FE0390039800B20790A18A089810
:10CFE0000844504400B2ADF8140038B2ADF8160051
:10CFF00000E028E0218B0798081AA0EB0A0000B295
:10D00000ADF81800BDF81600BDF83210084400B2A3
:10D01000ADF81A009DF8650040F002008DF865003B
:10D02000A86804900EA8A860484617F013F9834634
:10D0300000205B4605AA12A90090284610F052FE77
:10D040000498A86000BF00BF1BB0BDE8F08F2DE9B9
:10D05000F14FA8B0289813F0C8FF04462546289839
:10D0600013F06AFF2790002120461BF009FD26904F
:10D07000002120461BF0ADFD2590002120461BF02D
:10D0800078FE2490002120461BF01DFC239000BF59
:10D09000A08AADF88400E08AADF88600208BADF858
:10D0A0008800608BADF88A0000BFBDF88410269818
:10D0B000084400B2ADF88400BDF888102598081A1D
:10D0C00000B2ADF88800BDF886102498084400B27C
:10D0D000ADF88600BDF88A102398081A00B2ADF8A2
:10D0E0008A0013A812F0BEF913AA4FF400312046AB
:10D0F0001CF0D8FA21AA13A9279812F097F9002654
:10D1000020461AF0E9FA074600BF208BA18A401A90
:10D11000401CC01B0FFA80F8686A401C40B1696A65
:10D1200001FB08F0C11700EB116109120EB20CE00F
:10D1300020461BF035F900F0010BBBF1000F01D0C8
:10D14000404600E00020064600BF4FF0000B41F2D1
:10D150006A42594620461BF033FE00900098C0B248
:10D16000012802D1A8EB060006B2A08A304400B222
:10D17000ADF84400BDF84400384400B2ADF84800B2
:10D18000E08AADF84600608BADF84A004FF44031BC
:10D1900020461BF075FC81464FF4403120461BF0C1
:10D1A00018FD82464FF4403120461BF0E2FD1090FE
:10D1B0004FF4403120461BF086FB0F90BDF8440031
:10D1C000A0EB090000B2ADF84400BDF8480050449F
:10D1D00000B2ADF84800BDF846101098081A00B229
:10D1E000ADF84600BDF84A100F98084400B2ADF8FB
:10D1F0004A0001A812F036F901AA4FF44031204646
:10D200001CF050FA11AA01A9279812F00FF929B0C1
:10D21000BDE8F08F2DE9F14FE0B0609813F0E5FE26
:10D2200004462546609813F087FE814604F11401F8
:10D230005EA8D9F80820F6F7CDFC10B961B0BDE8BA
:10D24000F08FD9F808005D905EA8C9F808004FF08B
:10D25000000841F23202414620461BF0B1FD0C901D
:10D260000C9800B25690002120461BF08FFD55907F
:10D27000002120461BF034FB5490002120461BF077
:10D280000CFC5390002120461BF0B0FC52904FF450
:10D29000A02120461BF001FC51904FF4A021204614
:10D2A0001BF0A4FC50904FF4A02120461BF06EFD13
:10D2B0004F904FF4A02120461BF012FB4E90208C83
:10D2C0004D9000202084608C20F00400001D6084BC
:10D2D0003FA812F0C7F83FAA4FF4A02120461CF047
:10D2E000E1F929A811F0B2F829AA4FF4A0212046AB
:10D2F0001CF0FDF84D982084608C20F004006084C0
:10D30000002720461AF0ECFB0146E28A55981044AB
:10D31000401E411A5698084400B2ADF86E012046EE
:10D320001AF0D4FB2090002120461BF0DAF80128E7
:10D3300000D100E000201F9049460DA819F06CFEB6
:10D340004FF4A0201A90FE480E9000200F9031A8B4
:10D35000119021A812904FF0000B33E2E86A30F9E7
:10D360001B000C90BDF86E01401C00B2ADF86A01C4
:10D37000BDF86A110C980844401E00B2ADF86E0169
:10D38000BDF96A01BDF97E11884200DD1EE21F98D9
:10D3900058B1218B5298081A401E2099411A56986C
:10D3A000081A00B2ADF868010AE0A18A539808444F
:10D3B000401E2099411A5698084400B2ADF86C01FD
:10D3C0000026F7E100200B90A86A50F8270020B152
:10D3D000A86A50F8270000780B901F9880B1BDF81C
:10D3E0006801401E00B2ADF86C01286B30F81600E1
:10D3F000BDF86C11081A401C00B2ADF868010FE0CE
:10D40000BDF86C01401C00B2ADF86801286B30F823
:10D410001600BDF868110844401E00B2ADF86C015A
:10D420004FF0000800BF34E007EB0801A86A50F88D
:10D43000210048B307EB0802A96A51F8220008B19D
:10D4400001780B910B9901F00101D9B11F9961B1DC
:10D4500006EB0801491C2A6B32F81110BDF868214F
:10D46000511A09B2ADF868110DE006EB0801491C2C
:10D470002A6B32F81110BDF86C21114409B2ADF8D5
:10D480006C1100E00BE000E009E008F101001FFA78
:10D4900080F808EB0601A88C401E8142C4DB00BF67
:10D4A000BDF96E01BDF97A11884207DA08F1010071
:10D4B000384487B206EB080086B279E100BFBDF8B8
:10D4C0006801ADF82400BDF86A01ADF82600BDF88A
:10D4D0006C01ADF82800BDF86E01ADF82A0000BF60
:10D4E0009DF81F01400800F0040090B1BDF9241020
:10D4F000B4F914205398104481420ADDBDF91C018F
:10D5000000EBD071BDF82420A2EB610109B2ADF8A7
:10D5100024109DF81F01400800F0020090B1BDF9F1
:10D520002610B4F916205598104481420ADDBDF941
:10D530001C0100EBD071BDF82620A2EB610109B2FD
:10D54000ADF826109DF81F01400800F00800B8B1A2
:10D55000BDF92810B4F918205298101A401E8142C3
:10D560000EDABDF91C0100EBD07182B202F00102AB
:10D5700002EB6101BDF82820114409B2ADF8281072
:10D580009DF81F01C0F34000B8B1BDF92A10B4F9ED
:10D590001A205498101A401E81420EDABDF91C015F
:10D5A00000EBD07182B202F0010202EB6101BDF822
:10D5B0002A20114409B2ADF82A104FF0000AE88E73
:10D5C000584523D1A88EB04220D194F8200000F015
:10D5D000400030B994F8200000F0200008B14AF073
:10D5E000200A94F8200000F0020008B14AF0020A74
:10D5F00094F8200000F0040008B14AF0040A94F8FE
:10D60000200000F0080008B14AF0080ABAF1000F43
:10D610000AD138223FA931A817F085FF202229A975
:10D6200021A817F080FF1EE0A4F820A0608C20F055
:10D630000400001D608431A811F014FF21A810F02F
:10D6400005FF31AA4FF4A02120461CF02BF821AA97
:10D650004FF4A02120461BF04AFF4D982084608C97
:10D6600020F00400608409A81090A88C0BFB0060D7
:10D670001B900DAA1A21204613F0BEFC09AA31A95D
:10D68000484611F0D3FEA86A50F8270000287DD044
:10D69000BDF868115198084400B2ADF86001BDF8BA
:10D6A0006C115098081A00B2ADF86401BDF86A1107
:10D6B0004F98084400B2ADF86201BDF86E114E9863
:10D6C000081A00B2ADF866010B98C0F3400008904C
:10D6D000089810B10220579001E00020579000BF39
:10D6E000BDF86401BDF86011401A401C00B20490FE
:10D6F000BDF9962004995798CDE900210290A86AB7
:10D7000050F82700411CBDF998305CA8299A21F0F7
:10D710007DFE089818BB0C9901EBD172BDF86A31F7
:10D7200003EB6202BDF9720100EBD073A2EB63025E
:10D7300012B2ADF862210C9901EBD17202E0000047
:10D7400008A90490BDF86A3103EB6202BDF97201C9
:10D7500000EBD07302EB630212B2ADF866215AAA55
:10D760005EA906A8F6F736FA0590059890B106A8C6
:10D77000C9F8080000200090A86A50F82700431C50
:10D7800058AA21A9484610F0ADFA00E003E05EA8CF
:10D79000C9F8080000BF0DAA1B21204613F02CFC7D
:10D7A00008F10100384487B206EB080086B200BFDA
:10D7B000701C86B2A88CB0423FF704AE0BF101009A
:10D7C0001FFA80FBE88C58453FF7C8AD00BF5D9855
:10D7D000C9F8080000BF31E52DE9F04FA3B00746B6
:10D7E00089461646229730460DF0A3F8054600EB11
:10D7F000D5704FEA60083088404400B2ADF884002C
:10D800007088404400B2ADF886001EA810F06AFE91
:10D810001EAA4FF4A02138461BF0D0FE18A810F025
:10D8200044FA18AA4FF4A02138461BF001FE00214B
:10D8300038461AF092FF1790494605A819F0ECFBFC
:10D840007048069021A80E9022983030F7F78AFC95
:10D850000446D1E025681694207901285CD1B5F9F9
:10D860002000E98B08440090B5F92030D5E9051275
:10D87000E06817F0EDFC8246A88B00EB0801608A97
:10D8800008440FFA80FB0FFA8AF021F0D1FC10FB5C
:10D890000BF047F6FF7190FBF1F0BDF886100844DD
:10D8A00000B2ADF812000FFA8AF021F0B9FC10FBBB
:10D8B0000BF047F6FF7190FBF1F0BDF884100844BF
:10D8C00000B2ADF81000A08AADF87800208A00B24E
:10D8D000ADF87A006079FD2801DD179803E06079E2
:10D8E0001799484300128DF88000012013901EA85C
:10D8F0000B9004A80F9005AA1A21384613F07CFB60
:10D9000004AB21AA1EA9484610F0D5FD05AA1B218B
:10D91000384613F071FB68E02079002865D1206952
:10D9200000B963E0B5F92000E98B08440090B5F92F
:10D930002030D5E90512E06817F08AFC824604A978
:10D94000206915F09BF9BDF88410A08A081A00B26E
:10D95000ADF80800BDF88610E08A081A00B2ADF8EC
:10D960000A00BDF808000499C1F38A210844401E4A
:10D9700000B2ADF80C00BDF80A00049900EB51505C
:10D98000401E00B2ADF80E006079FD2801DD179849
:10D9900003E060791799484300128DF86B00A08A64
:10D9A000ADF86400E18A18A8C1800AEB8A004FEA4A
:10D9B000400ABAF5616F01DDAAF5616A1FFA8AF0C3
:10D9C000ADF8600018A80C9005AA1A21384613F08B
:10D9D00013FB02AA18A94846236910F017F905AAF3
:10D9E0001B21384613F008FB00BF00BF21462298D8
:10D9F0003030F7F7B1FB0446002C7FF42BAF23B097
:10DA0000BDE8F08F28C103902DE9F74F8AB00C468E
:10DA1000904694F82A00022802DC0DB0BDE8F08F91
:10DA2000E08C00B9F9E794F82A90B9F1FD0F01DD17
:10DA30004FF0FF09414608A80CF08CFE208D401ED7
:10DA400005B2BDF82000401B00B2ADF82000BDF8C3
:10DA50002200401B00B2ADF82200BDF8240028448B
:10DA600000B2ADF82400BDF82600284400B2ADF89D
:10DA7000260008A906A80CF06DFEBDF81800E18C80
:10DA8000401A00B2ADF81800BDF81C00E18C084443
:10DA900000B2ADF81C00BDF81A00E18C401A00B2CB
:10DAA000ADF81A00BDF81E00E18C084400B2ADF8D4
:10DAB0001E0008A80CF036FF824608A80CF0AAFE4B
:10DAC0000746B4F90060BA4501DA504600E038462E
:10DAD0008346B6EB6B0F01DD4FEA6B06E08C3044FA
:10DAE00000B20590A07894F82A10CDE90210A08C1D
:10DAF000ADF8040030B2009008AA06A9059B0A9868
:10DB0000FBF754FC00BF88E7F8B50546284613F03C
:10DB10006CFA0646284613F065FA0446606BB0F5C9
:10DB2000A02F54D1A06B072806D200202169C8700D
:10DB3000216981F8220014E0208F81B22022304632
:10DB40000DF0CEFD68B100202169C870216981F80F
:10DB5000220012201DF074FC0090BDF800106069D6
:10DB60008181208F81B24FF4004230460DF0B8FD24
:10DB700098B166202169C870304621F02FF80090D6
:10DB8000BDF800102069818030460DF0A3FDA16B27
:10DB9000884202D1B2202169C870208F81B24FF42F
:10DBA000804230460DF09CFD88B1FF20216981F84C
:10DBB0002200304621F012F80090BDF800102069D4
:10DBC000C1832069008C401C00B221690884F8BD23
:10DBD0002DE9F04F8BB08146484613F006FA054612
:10DBE0002C46484613F0A8F98346606A16F032FBCB
:10DBF00082469AF8000000283ED1A06A00283BD057
:10DC0000A06A0078C0B303A810F020FC03AA4FF468
:10DC1000002128461BF06BFC94F85C00C0F3C000A8
:10DC200028B19DF8290040F002008DF8290000215C
:10DC300028461AF03FFF0746002128461BF0B3F89C
:10DC40008046002128461AF0CDFC064605F1140155
:10DC500001A80CF0ACFD08EB060002B2B81901B245
:10DC600001A80CF0A8FE0020009001AA03A95846C4
:10DC7000A36A10F037F800BF0BB0BDE8F08F7CB599
:10DC80000446A06985686089002856D1A0890028CB
:10DC900053D1E088218988424FDAE18808B221F027
:10DCA000C7FAB4F90410B4F90E20891A4843216860
:10DCB000498801EBE03000B2ADF80200E1885A314A
:10DCC00008B221F0B5FAA18810FB01F0216809889B
:10DCD00001EBE03000B2ADF80400218908B221F078
:10DCE000A7FAA18810FB01F02168498801EBE03018
:10DCF00000B2ADF8060021895A3108B221F098FA35
:10DD0000B4F90410B4F90E20891A4843216809882F
:10DD100001EBE03000B2ADF800002A4669466846E3
:10DD2000F5F758FF06463EB1A169C1F808D06A462A
:10DD30002169A06911F07AFBC2E0608910B1A08965
:10DD400000287BD16089D0BB20680088ADF8000036
:10DD500020684088A188084400B2ADF80600E18838
:10DD600008B221F065FAB4F90410B4F90E20891A4A
:10DD700048432168498801EBE03000B2ADF8020069
:10DD8000E1885A3108B221F053FAA18810FB01F062
:10DD90002168098801EBE03000B2ADF804002A46A2
:10DDA00069466846F5F716FF06463EB1A169C1F817
:10DDB00008D06A462169A06911F038FB00BFA0892C
:10DDC00000287DD120680088A188084400B2ADF801
:10DDD000040020684088ADF80200218908B221F0D3
:10DDE00027FAA18810FB01F02168498801EBE03097
:10DDF00000B2ADF8060021895A3108B221F018FAB4
:10DE0000B4F90410B4F90E20891A4843216809882E
:10DE100001EBE03000B2ADF800002A4669466846E2
:10DE2000F5F7D8FE06463EB1A169C1F808D06A46AA
:10DE30002169A06911F0FAFA42E0FFE76089A1893F
:10DE4000884205D1608918B12089E188884211DBB8
:10DE50006089022802D1A08901280BD0608903289B
:10DE600002D1A089022805D06089032828D1A08981
:10DE7000012825D120680088ADF80000206840887E
:10DE8000ADF8020020680088A188084400B2ADF80F
:10DE9000040020684088A188084400B2ADF806005C
:10DEA0002A4669466846F5F795FE06463EB1A169E1
:10DEB000C1F808D06A462169A06911F0B7FA00BF1D
:10DEC000A06985607CBD7CB50446A06985686089D1
:10DED000012856D1A089012853D1E08821898842A0
:10DEE0004FDAE18808B221F0A3F9A18810FB01F014
:10DEF0002168498801EBE03000B2ADF80600E18806
:10DF00005A3108B221F094F9B4F90410B4F90E2092
:10DF1000891A48432168098801EBE03000B2ADF866
:10DF20000400218908B221F083F9B4F90410B4F98E
:10DF30000E20891A48432168498801EBE03000B27D
:10DF4000ADF8020021895A3108B221F071F9A18897
:10DF500010FB01F02168098801EBE03000B2ADF858
:10DF600000002A4669466846F5F734FE06463EB18B
:10DF7000A169C1F808D06A462169A06911F056FA72
:10DF8000C7E06089012802D0A08901287ED160897C
:10DF900001283AD120680088A188401A00B2ADF863
:10DFA000000020684088ADF80200E18808B221F046
:10DFB0003FF9A18810FB01F02168498801EBE030AE
:10DFC00000B2ADF80600E1885A3108B221F030F90C
:10DFD000B4F90410B4F90E20891A4843216809885D
:10DFE00001EBE03000B2ADF804002A46694668460D
:10DFF000F5F7F0FD06463EB1A169C1F808D06A46C2
:10E000002169A06911F012FA00BFA0890128B7D1D7
:10E0100020680088401E00B2ADF8040020684088E7
:10E02000A188084400B2ADF80600218908B221F0A9
:10E03000FFF8B4F90410B4F90E20891A4843216896
:10E04000498801EBE03000B2ADF8020021895A3175
:10E0500008B221F0EDF8A18810FB01F021680988D1
:10E0600001EBE03000B2ADF800002A466946684690
:10E07000F5F7B0FD06463EB1A169C1F808D06A4681
:10E080002169A06911F0D2F943E0FFE76089A18915
:10E09000884206D16089012803D02089E18888421E
:10E0A0000FDB608910B9A08902280AD0608910B9F5
:10E0B000A089032805D0608903282AD1A0890228D5
:10E0C00027D120680088A188401A00B2ADF800006E
:10E0D00020684088ADF8020020680088401E00B229
:10E0E000ADF8040020684088A188084400B2ADF86B
:10E0F00006002A4669466846F5F76CFD06463EB1BD
:10E10000A169C1F808D06A462169A06911F08EF9A9
:10E1100000BFA06985607CBD7CB50446A0698568A8
:10E120006089022856D1A089022853D1E08821892C
:10E1300088424FDAE1885A3108B221F079F8A18893
:10E1400010FB01F02168098801EBE03000B2ADF866
:10E150000000E18808B221F06BF8B4F90410B4F9BA
:10E160000E20891A48432168498801EBE03000B24B
:10E17000ADF80600218908B221F05AF8A18810FBF9
:10E1800001F02168498801EBE03000B2ADF80200EF
:10E1900021895A3108B221F04BF8B4F90410B4F9CE
:10E1A0000E20891A48432168098801EBE03000B24B
:10E1B000ADF804002A4669466846F5F70BFD0646A9
:10E1C0003EB1A169C1F808D06A462169A06911F081
:10E1D0002DF9CCE06089022802D0A08902287DD1E7
:10E1E000608902283CD120680088401E00B2ADF84A
:10E1F000040020684088A188401A00B2ADF80200EF
:10E20000E1885A3108B221F013F8A18810FB01F01F
:10E210002168098801EBE03000B2ADF80000E18828
:10E2200008B221F005F8B4F90410B4F90E20891AE7
:10E2300048432168498801EBE03000B2ADF80600A0
:10E240002A4669466846F5F7C5FC06463EB1A1690F
:10E25000C1F808D06A462169A06911F0E7F800BF4B
:10E26000A0890228B5D120680088A188401A00B290
:10E27000ADF8000020684088401E00B2ADF80600EE
:10E2800021895A3108B220F0D3FFB4F90410B4F94F
:10E290000E20891A48432168098801EBE03000B25A
:10E2A000ADF80400218908B220F0C2FFA18810FB5C
:10E2B00001F02168498801EBE03000B2ADF80200BE
:10E2C0002A4669466846F5F785FC06464EB1A169BF
:10E2D000C1F808D06A462169A06900E002E011F0A7
:10E2E000A5F844E06089A189884206D160890228A6
:10E2F00003D02089E18888420FDB608910B9A089AA
:10E3000003280AD06089012802D1A089032804D0FB
:10E31000608901282BD1A08948BB20680088A1888A
:10E32000401A00B2ADF8000020684088A188401A69
:10E3300000B2ADF8020020680088401E00B2ADF8BF
:10E34000040020684088401E00B2ADF806002A464E
:10E3500069466846F5F73EFC06463EB1A169C1F83C
:10E3600008D06A462169A06911F060F800BFA06971
:10E3700085607CBD7CB50446A069856860890328FA
:10E3800056D1A089032853D1E088218988424FDAE9
:10E39000E1885A3108B220F04BFFB4F90410B4F907
:10E3A0000E20891A48432168098801EBE03000B249
:10E3B000ADF80000E18808B220F03AFFA18810FB18
:10E3C00001F02168498801EBE03000B2ADF80200AD
:10E3D00021895A3108B220F02BFFA18810FB01F0EF
:10E3E0002168098801EBE03000B2ADF80400218912
:10E3F00008B220F01DFFB4F90410B4F90E20891AF8
:10E4000048432168498801EBE03000B2ADF80600CE
:10E410002A4669466846F5F7DDFB06463EB1A16926
:10E42000C1F808D06A462169A06910F0FFFFC7E073
:10E430006089032802D0A08903287ED1608903283F
:10E440003CD120680088A188084400B2ADF80400DF
:10E4500020684088401E00B2ADF80600E1885A31BD
:10E4600008B220F0E5FEB4F90410B4F90E20891AC0
:10E4700048432168098801EBE03000B2ADF80000A4
:10E48000E18808B220F0D4FEA18810FB01F02168D9
:10E49000498801EBE03000B2ADF802002A46694637
:10E4A0006846F5F797FB06463EB1A169C1F808D06A
:10E4B0006A462169A06910F0B9FF00BFA08903284E
:10E4C0007ED120680088ADF8000020684088A188CF
:10E4D000401A00B2ADF8020021895A3108B220F08A
:10E4E000A7FEA18810FB01F02168098801EBE0304C
:10E4F00000B2ADF80400218908B220F099FEB4F909
:10E500000410B4F90E20891A48432168498801EBA8
:10E51000E03000B2ADF806002A4669466846F5F7D5
:10E5200059FB06463EB1A169C1F808D06A46216987
:10E53000A06910F07BFF43E0FFE76089A189884272
:10E5400006D16089032803D02089E18888420FDB47
:10E550006089022801D1A08950B16089012801D1C8
:10E56000A08928B1608902282AD1A089012827D151
:10E5700020680088ADF8000020684088A188401A13
:10E5800000B2ADF8020020680088A188084400B2FB
:10E59000ADF8040020684088401E00B2ADF80600C7
:10E5A0002A4669466846F5F715FB06463EB1A1695D
:10E5B000C1F808D06A462169A06910F037FF00BF92
:10E5C000A06985607CBD000070B5A4B006460D460C
:10E5D00020AA22A9304619F08DFA22A80CF052F98F
:10E5E00028B920A80CF04EF908B924B070BD12A9C2
:10E5F000304623F069FC0446012C00D0F5E729469B
:10E60000684618F009FD1B4801900220029012A8EC
:10E6100004904FF480300D9022A80CF033F980B1B3
:10E6200022A803906A461A21304612F0E5FC22AA7D
:10E6300012A9284610F0FAFE6A461B21304612F055
:10E64000DBFC20A80CF01EF990B120A803906A46CC
:10E650001A21304612F0D0FC20A8039020AA12A95B
:10E66000284610F0E3FE6A461B21304612F0C4FC37
:10E6700000BFBAE730BA03902DE9F04FB1B00546BC
:10E680000F4605F114012FA8BA68F5F7A3FA10B9DF
:10E6900031B0BDE8F08FB8682E902FA8B8602C4636
:10E6A000002128461AF091F92B90002128461AF0F3
:10E6B000F8FA2A90284618F09AFFB4F884104843D4
:10E6C00000120FFA80FA284618F072FFB4F886108C
:10E6D000484300120FFA80FB04F12400F6F723FDF3
:10E6E0002890002128461AF008F9823461884843AE
:10E6F000001227902188491E279801FB10A021882D
:10E7000090FBF1F000B2269028992698B0FBF1F02A
:10E7100000B225904FF4A02128461AF0EEF8618847
:10E72000823C484300122490284619F0CBF8014659
:10E730002B98401A00B22390284619F0BDF90146E3
:10E740002A98401A00B2229014A810F08BFE14AA46
:10E750004FF4A02128461AF0A5FF14A8C07B20F092
:10E76000070114A8C173FF208DF85300688BBDF812
:10E770005010084400B2ADF8B600394602A818F0AF
:10E780004BFC4FF4A0200F905D48039004200490B0
:10E790004FF00008AAE02798504400FB08F0B4F8B6
:10E7A000821090FBF1F0A98A01442398084400B23A
:10E7B0000190CDF8408004F12400F6F7D3FC064622
:10E7C0008CE0307B00F0010000B181E094F888001B
:10E7D000C0F3C00008B9708900E0002000B20090CA
:10E7E0000198ADF8B000BDF8B01025980144249808
:10E7F000081A401E00B2ADF8B400259901980844EB
:10E8000000B20190BDF9B400BDF9BC10884200DA35
:10E810005EE0BDF9B000BDF9C010884200DD60E0E7
:10E820003089ADF8540000984044B4F8821090FB51
:10E83000F1F201FB12000FFA80F9706830F919103B
:10E84000307BC0F3001204F16C0030F91200081A9A
:10E8500000FB0BF02990307BC0F3001104F1700035
:10E8600030F91110307BC0F3001204F16C0030F964
:10E870001200091A299890FBF1F029902998ABEB26
:10E880000001E88A01442298084400B2ADF8B200C1
:10E89000706830F9190047F6FF71884217D02CA82C
:10E8A000059014A806901396706830F9190012901C
:10E8B00002AA1A21284612F09FFB2CAA14A9384656
:10E8C00010F0B4FD02AA1B21284612F095FB00BFF0
:10E8D000314604F12400F6F73FFC0646002E7FF493
:10E8E00070AF00BF08F101001FFA80F8B4F8820091
:10E8F00040453FF750AF2E98B86000BFC8E6000013
:10E90000F0BB03902DE9F34FB9B083463A980BF171
:10E910001401826837A8F5F75DF910B93BB0BDE87E
:10E92000F08F3A988068369037A93A9881605D46B2
:10E93000B5F88200022800DAF0E70021584619F005
:10E940002AFE3390002158461AF03FF801463398CA
:10E95000084400B23290002158461AF0A2F901464C
:10E960003398084400B23190584618F040FEB5F88C
:10E9700084104843001200B23090584618F018FE38
:10E98000B5F886104843001200B22F90584618F090
:10E9900099FF0146BBF8142032981044401A00B287
:10E9A0002E90584619F088F80146BBF81620319889
:10E9B0001044401A00B22D903A980BF1140182686D
:10E9C0002BA8F5F707F92A902A9800B9A6E727A8F7
:10E9D0000FF088FD27AA4FF4A02158461AF0EEFD4B
:10E9E00019A810F03FFD19AA4FF4003158461AF04B
:10E9F00059FE4FF4003158461AF0BBFB064600EBB7
:10EA0000D67047104FF40031584619F024FE0646E0
:10EA100000EBD6704FEA600ABDF99E00574501DA57
:10EA2000394600E0514600EBD072B1EB620F06DDD3
:10EA30009DF8A50020F0100010308DF8A500BDF85D
:10EA40009E00012806D19DF8A50020F0100010308E
:10EA50008DF8A500B5F882103098814201DB0120C5
:10EA600000E00020189005F12400F6F77BFB044637
:10EA7000D4E1207B00F0010000B1C9E12089ADF8AC
:10EA80009C002089ADF8680095F88800C0F3C000AC
:10EA900008B9608900E0002006B217962E98ADF8FC
:10EAA000D4002E98ADF8D000179E179EB04660682F
:10EAB00030F91810207BC0F3001205F16C0030F91A
:10EAC0001200081A2F9948431690207BC0F30011BA
:10EAD00005F1700030F91110207BC0F3001205F130
:10EAE0006C0030F91200091A169890FBF1F016909C
:10EAF00016992F98411A2D98084400B2ADF8D2000B
:10EB000004A83A9918F088FAC8480590032006909E
:10EB10004FF4A020119027A80A9019A808901594E6
:10EB2000BDF9D2000390BDF9D20002904FF0000968
:10EB300023E1BDF8D000ADF8D400BDF8D200ADF8A7
:10EB4000D600BDF9D4103698B0F904003844401C02
:10EB5000814200DD16E1309800FB09F0B5F8821023
:10EB6000491E90FBF1F12E98084400B2ADF8D00098
:10EB700017984844B5F8821090FBF1F201FB12009F
:10EB800006B2606830F91610207BC0F3001205F160
:10EB90006C0030F91200081A2F9948431690207B18
:10EBA000C0F3001105F1700030F91110207BC0F3A3
:10EBB000001205F16C0030F91200091A169890FB4A
:10EBC000F1F0169016992F98411A2D98084400B22A
:10EBD000ADF8D200BDF9D0103698B0F90000C01BD6
:10EBE000401E814201DAB046C3E0B9F1000F58D0AF
:10EBF0001898E8B3606830F9180047F6FF7188424A
:10EC0000F5D0606830F916008842F0D0BDF9D21016
:10EC10000298814201DA029801E0BDF9D200029027
:10EC2000BDF9D2100398814201DD039801E0BDF9DE
:10EC3000D2000390BDF9D400BDF9D010884230D085
:10EC4000BDF9D2000190BDF8D000401E00B2ADF871
:10EC5000D000BDF8D000ADF8D4000398ADF8D600D0
:10EC60000298ADF8D200BDF9D600BDF9D21000E08F
:10EC700018E0884205D1BDF8D200401C00B2ADF8C2
:10EC8000D20034AB35AA27A93A980FF014FCBDF88E
:10EC9000D000401C00B2ADF8D0000198039001985C
:10ECA000029064E0BDF8D400C01B00B2ADF80000D3
:10ECB000BDF8D400384400B2ADF80400BDF8D60069
:10ECC000A0EB0A0000B2ADF80200BDF8D600504437
:10ECD00000B2ADF80600A9F101001290606830F9A9
:10ECE000180047F6FF71884201D035A800E00020E7
:10ECF0000D90606830F9160047F6FF71884201D028
:10ED000034A800E000200E90CDF81CD0606830F9E7
:10ED10001800149004AA1A21584612F06DF9606880
:10ED200030F9180047F6FF7188420AD0606830F960
:10ED30001600884205D034AB35AA27A93A980FF0BF
:10ED4000BAFB77B1BAF1000F0BD0606830F9180048
:10ED500047F6FF71884204D06A4619A93A9810F024
:10ED600065FB04AA1B21584612F046F900BFB046C5
:10ED700000BF09F101001FFA80F9B5F8820048458B
:10ED80003FF7D7AE00BF1898E8BBB5F882004845FA
:10ED90003DD1606830F9160047F6FF71884236D0E1
:10EDA000BDF8D000C01B00B2ADF80000BDF8D00027
:10EDB000384400B2ADF80400BDF8D200A0EB0A0060
:10EDC00000B2ADF80200BDF8D200504400B2ADF878
:10EDD0000600A9F10100129000200D900E90CDF8D0
:10EDE0001CD0606830F91600149004AA1A21584605
:10EDF00012F002F96A4619A93A9810F017FB04AA12
:10EE00001B21584600E002E012F0F6F800BF00BFF8
:10EE1000214605F12400F6F79FF90446002C7FF403
:10EE200028AE3A993698886000BF77E5F0BB03902A
:10EE30002DE9F34FB3B08146349809F1140182688B
:10EE400031A8F4F7C7FE10B935B0BDE8F08F34989B
:10EE50008068309031A9349881604D460021484641
:10EE600019F099FB2D900021484619F0AEFD2C9029
:10EE70000021484619F015FF2B90484618F0B7FBC3
:10EE8000B5F884104843001200B22A90484618F0A2
:10EE90008FFBB5F886104843001200B2299048460F
:10EEA00018F010FD0146B9F814202C9802442D9852
:10EEB0001044401A00B22890484618F0FDFD014663
:10EEC000B9F816202B9802442D981044401A00B22D
:10EED000279024A80FF006FB24AA4FF4A02148464F
:10EEE0001AF06CFB16A810F0BDFA16AA4FF4003108
:10EEF00048461AF0D7FB4FF4003148461AF039F96A
:10EF0000064600EBD67047104FF40031484619F022
:10EF1000A2FB064600EBD6704FEA6008BDF99200EE
:10EF2000474501DA394600E0414600EBD072B1EBCB
:10EF3000620F06DD9DF8990020F0100010308DF86A
:10EF40009900BDF89200012806D19DF8990020F0A3
:10EF5000100010308DF8990005F12400F6F702F941
:10EF6000044698E1207B00F0010000B18DE120898A
:10EF7000ADF890002089ADF85C0095F88800C0F3EA
:10EF8000C00008B9608900E0002006B215962898F4
:10EF9000ADF8BC002898ADF8B800159E159EB34694
:10EFA000606830F816000A2847D02A980090236835
:10EFB00033F91600237BC3F3C00C05F1780333F952
:10EFC0001C20237BC3F3C00C05F1740333F91C1020
:10EFD000002316F03DF900B2ADF8B800BDF8B81046
:10EFE0002898084400B2ADF8B800299800906368EA
:10EFF00033F91600237BC3F3001C05F1700333F9CA
:10F000001C20237BC3F3001C05F16C0333F91C1097
:10F01000002316F01DF900B2ADF8BA00BDF8BA1021
:10F020002998401A00B2ADF8BA00BDF8BA10279876
:10F03000084400B2ADF8BA0005E04EF20100ADF8A8
:10F04000B800ADF8BA0003A8349917F0E5FF4FF403
:10F05000A0201090944804900320059024A80990C3
:10F0600016A8079014944FF0000AC8E0BDF8B80045
:10F07000ADF8BC00BDF8BA00ADF8BE00159850441C
:10F08000B5F8821090FBF1F201FB120006B2606845
:10F0900030F9160047F6FF71884247D02998009052
:10F0A000636833F91600237BC3F3001C05F170037A
:10F0B00033F91C20237BC3F3001C05F16C0333F9E7
:10F0C0001C10002316F0C4F800B2ADF8BA00BDF869
:10F0D000BA102998401A00B2ADF8BA00BDF8BA10BB
:10F0E0002798084400B2ADF8BA002A980090236827
:10F0F00033F91600237BC3F3C00C05F1780333F911
:10F100001C20237BC3F3C00C05F1740333F91C10DE
:10F11000002316F09DF800B2ADF8B800BDF8B810A5
:10F120002898084400B2ADF8B80001E0B34662E0A8
:10F13000BAF1000F5DD0BDF8BC00C01B00B2ADF845
:10F140000400BDF8BC00384400B2ADF80800BDF8BA
:10F15000BE00A0EB080000B2ADF80600BDF8BE008E
:10F16000404400B2ADF80A00AAF1010011906068B5
:10F1700030F91B0047F6FF71884201D02FA800E04C
:10F1800000200C90606830F9160047F6FF71884245
:10F1900001D02EA800E000200D9001A80690606824
:10F1A00030F91B00139003AA1A21484611F024FFDE
:10F1B000606830F91B0047F6FF71884213D0606821
:10F1C00030F9160088420ED02EAB2FAA24A934980D
:10F1D0000FF071F93FB1B8F1000F04D001AA16A9E0
:10F1E000349810F023F903AA1B21484611F004FFBC
:10F1F00000BFB34600BF0AF101001FFA80FAB5F85C
:10F20000820050453FF732AFB5F8820050453BD100
:10F21000606830F9160047F6FF71884234D0BDF8B7
:10F22000B800C01B00B2ADF80400BDF8B800384407
:10F2300000B2ADF80800BDF8BA00A0EB080000B2BB
:10F24000ADF80600BDF8BA00404400B2ADF80A00BF
:10F25000AAF10100119000200C900D9001A80690D9
:10F26000606830F91600139003AA1A21484611F07D
:10F27000C3FE01AA16A9349810F0D8F803AA1B21DE
:10F28000484611F0B9FE00BF00BF214605F1240039
:10F29000F5F762FF0446002C7FF464AE3499309891
:10F2A000886000BFD0E50000F0BB03902DE9F74F68
:10F2B000A2B00F46F88D10B925B0BDE8F08F97F8D1
:10F2C0003600022800DCF7E7F88D012808D1B7F9ED
:10F2D0003400002804DC388E10B9788E00B9EBE7D2
:10F2E00024980088398E0844B98E401A00B2ADF8CF
:10F2F000800024988088398E0844B98E084400B272
:10F30000ADF8840024984088798E0844B98E401A5C
:10F3100000B2ADF882002498C088798E0844B98E76
:10F32000084400B2ADF88600B7F92E0000EBD071AA
:10F33000BDF88020A2EB6101491E09B2ADF878103A
:10F34000B7F92E0000EBD071BDF8842002EB61010B
:10F35000491C09B2ADF87C10B7F92E0000EBD07152
:10F36000BDF88220A2EB6101491E09B2ADF87A1006
:10F37000B7F92E0000EBD071BDF8862002EB6101D9
:10F38000491C09B2ADF87E1097F836001D901D9803
:10F39000FD2801DDFF201D9022981EA982681BA870
:10F3A000F4F718FC00B987E719A824990BF0D2F9F3
:10F3B0004FF0FF32114619A80BF0ECFAB7F90080B4
:10F3C00019A80BF0AFFA834619A80BF023FA83456E
:10F3D00003DA19A80BF0A6FA02E019A80BF01AFA42
:10F3E00018901898B8EB600F02DD18984FEA600883
:10F3F000B7F90000179020A80BF094FA834620A8D4
:10F400000BF008FA834503DA20A80BF08BFA02E030
:10F4100020A80BF0FFF91890DDE91701B0EB610FA0
:10F4200002DD189840101790B7F92E1017980C1895
:10F4300004FB04F1480015F059FF8246B7F92E206D
:10F44000179803B2514620A822F00CFF1EA80FF017
:10F450007BFB16904FF00109169820B9F878FF2829
:10F4600001DBB87808B14FF000094FF0FF300F9082
:10F47000B9F1000F0BD101230FFA88F219A910A8D6
:10F480000FF0DAFE002110A80FF058F80F901EA818
:10F490000BF048FA834615F029FF0E901C2102A8B4
:10F4A00016F0CFF90CA8029007900E980590B88D31
:10F4B000ADF8100097F836008DF82000B8788DF878
:10F4C00021001EA80BF02EFA834600EBDB70BDF87E
:10F4D000781001EB600000B201901EA80BF09AF9C1
:10F4E000834600EBDB70BDF87A1001EB600000B2E0
:10F4F0000090BDF87C00ADF83400BDF87C00001B26
:10F50000401C00B2ADF83000BDF87A00ADF8320012
:10F51000BDF87A002044401E00B2ADF83600BDF9B7
:10F5200030100198814202DDBDF9300000E0019801
:10F53000ADF83000BDF936100098814202DABDF90D
:10F54000360000E00098ADF8360022980CA98268D9
:10F550000AA8F4F73FFB002866D00FFA88F219A931
:10F560000AA8F4F778FB00285ED10AA80BF0DAF9B4
:10F5700083465646BDF92A00BDF97A10401A00FBB1
:10F580000466BDF92810BDF97C00001B401C081A58
:10F590000644B9F1000F09D00FFA88F219A90AA898
:10F5A000F4F7D4FB10B10120099001E0CDF82490CC
:10F5B000BBF1000F37DD0E980590BDF82800ADF8BF
:10F5C0003000BDF82C00ADF8340002208DF8180092
:10F5D000BDF92A5023E0ADF83250ADF83650099805
:10F5E000A8B9224631460E9815F09DFFBDF92810A6
:10F5F0005B462A460E980FF057FA8DF818009DF8D2
:10F600001800012804D102208DF8180000E00596AA
:10F6100002A9229810F048F92644681C05B2BDF9E9
:10F620002E00A842D7DA00BFBDF87C00ADF8340048
:10F63000BDF87C00001B401C00B2ADF83000BDF8E6
:10F640007E00001B401C00B2ADF83200BDF87E0009
:10F65000ADF83600BDF930100198814202DDBDF9E8
:10F66000300000E00198ADF83000BDF9321000988C
:10F67000401C814202DDBDF9320001E00098401CCF
:10F6800000B2ADF8320022980CA982680AA8F4F7FB
:10F69000A1FA002866D00FFA88F219A90AA8F4F78F
:10F6A000DAFAA8BB0AA80BF03DF983465646BDF925
:10F6B0003600BDF92E10401A00FB0466BDF9281073
:10F6C000BDF97C00001B401C081A0644B9F1000F6C
:10F6D00009D00FFA88F219A90AA8F4F737FB10B17C
:10F6E0000120099001E0CDF82490BBF1000F38DD36
:10F6F0000E980590BDF82800ADF83000BDF82C003C
:10F70000ADF8340002208DF81800BDF92E5024E029
:10F7100028E0ADF83250ADF836500998A8B9224625
:10F7200031460E9815F0FFFEBDF928105B462A46BB
:10F730000E980FF0B9F98DF818009DF818000128FF
:10F7400004D102208DF8180000E0059602A9229845
:10F7500010F0AAF82644681E05B2BDF92A00A84296
:10F76000D7DD00BFBDF87800204400B2ADF830000E
:10F77000BDF87C00001B00B2ADF83400BDF87A0083
:10F78000ADF83200BDF87A002044401E00B2ADF85A
:10F790003600BDF936100098814202DABDF9360014
:10F7A00000E00098ADF8360022980CA982680AA8FB
:10F7B000F4F710FA002870D00FFA88F219A90AA8F5
:10F7C000F4F749FA002868D10AA80BF0ABF8834691
:10F7D0005646BDF92A00BDF93210401A00FB0466F6
:10F7E000B9F1000F09D00FFA88F219A90AA8F4F7A5
:10F7F000ADFA10B10120099001E0CDF82490BBF1E1
:10F80000000F49DD099810B90E98059001E000201D
:10F810000590BDF82800ADF83000BDF82C00ADF81B
:10F820003400BDF92A5033E0ADF83250ADF836500F
:10F830000998C8B931785A460E9815F0C8FFBDF935
:10F8400028105B462A460E980FF02EF98DF8180006
:10F850009DF81800012802D102208DF8180002A995
:10F86000229810F021F810E01D98FF2801D130787F
:10F8700005E0307897F8361010FB01F000128DF893
:10F88000200002A9229810F00FF82644681C05B247
:10F89000BDF92E00A842C7DA00BF97F836008DF8F0
:10F8A0002000BDF87800204400B2ADF83000BDF86B
:10F8B0007C00001B00B2ADF83400BDF87E00001BD8
:10F8C000401C00B2ADF83200BDF87E00ADF8360045
:10F8D000BDF932100098401C814202DDBDF93200B2
:10F8E00001E00098401C00B2ADF8320022980CA94B
:10F8F00082680AA8F4F76EF900287DD00FFA88F222
:10F9000019A90AA8F4F7A7F900287AD10AA80BF0D8
:10F9100009F883465646BDF93600BDF92E10401A47
:10F9200000FB0466BBF1000F6ADDB9F1000F09D0DE
:10F930000FFA88F219A90AA8F4F708FA10B1012001
:10F94000099001E0CDF82490099810B90E9805901F
:10F9500001E000200590BDF82800ADF83000BDF8AA
:10F960002C00ADF83400BDF92E5042E0ADF8325015
:10F97000ADF83650B9F1000F09D00FFA88F219A985
:10F980000AA8F4F7E3F910B10120099001E0CDF8DD
:10F9900024900998C8B931785A460E9815F017FF87
:10F9A000BDF928105B462A460E980FF07DF88DF8B9
:10F9B00018009DF81800012802D102208DF81800C7
:10F9C00002A922980FF070FF10E01D98FF2801D1C6
:10F9D000307805E0307897F8361010FB01F000120F
:10F9E0008DF8200002A922980FF05EFF2644681EC1
:10F9F00005B2BDF92A0001E003E001E0A842B5DD4F
:10FA000000BF97F836008DF82000BDF87C00001B81
:10FA1000401C00B2ADF83000BDF87C00ADF83400F9
:10FA2000BDF87A00204400B2ADF83200BDF87E0087
:10FA3000001B00B2ADF83600BDF932100098401C32
:10FA4000814202DABDF9320001E00098401C00B2A8
:10FA5000ADF83200BDF936100098814202DDBDF9E3
:10FA6000360000E00098ADF83600BDF9301001987E
:10FA7000814202DDBDF9300000E00198ADF83000B0
:10FA800022980CA982680AA8F4F7A4F8E0B30FFA48
:10FA900088F219A90AA8F4F7DEF8A8BB0AA80AF0A8
:10FAA00041FF83465646601E00FB0466BDF92810E0
:10FAB000BDF97C00001B401C081A0644B9F1000F78
:10FAC00009D00FFA88F219A90AA8F4F73FF910B182
:10FAD0000120099001E0CDF82490099808B1304642
:10FAE00000E00E980590BBF1000F33DDBDF8280053
:10FAF000ADF83000BDF82C00ADF8340002208DF8D0
:10FB00001800BDF92A5021E025E0ADF83250ADF8DB
:10FB100036500998A0B95A4631460E9815F003FDA3
:10FB2000BDF928105B462A460E980EF0BDFF8DF8F1
:10FB300018009DF81800012802D102208DF8180045
:10FB400002A922980FF0B0FE681C05B2BDF92E0084
:10FB5000A842DADA00BF5646002515E030463319D0
:10FB6000591E002208E0037891F800C080F800C018
:10FB70000B70401C491E521C04EBD47CB2EB6C0F82
:10FB8000F1DB2644681C05B2A542E7DBBDF878002E
:10FB9000ADF83000BDF878002044401E00B2ADF84A
:10FBA0003400BDF87A00204400B2ADF83200BDF850
:10FBB0007E00001B00B2ADF83600BDF9321000988F
:10FBC000401C814202DABDF9320001E00098401C7D
:10FBD00000B2ADF83200BDF936100098814202DD66
:10FBE000BDF9360000E00098ADF83600BDF93410DC
:10FBF0000198401E814202DABDF9340001E001980B
:10FC0000401E00B2ADF8340022980CA982680AA800
:10FC1000F3F7E0FFD0B30FFA88F219A90AA8F4F7B6
:10FC20001AF898BB0AA80AF07DFE83465646601E65
:10FC300000FB0466BDF92800BDF93010401A0644E7
:10FC4000B9F1000F09D00FFA88F219A90AA8F4F740
:10FC50007DF810B10120099001E0CDF824900998B9
:10FC600008B1304600E00E980590BBF1000F33DD7F
:10FC7000BDF82800ADF83000BDF82C00ADF8340018
:10FC800002208DF81800BDF92A5021E025E0ADF8DA
:10FC90003250ADF836500998A0B95A4631460E9800
:10FCA00015F041FCBDF928105B462A460E980EF06F
:10FCB000FBFE8DF818009DF81800012802D10220E3
:10FCC0008DF8180002A922980FF0EEFD681C05B20D
:10FCD000BDF92E00A842DADA00BFBDF87800ADF811
:10FCE0003000BDF878002044401E00B2ADF834006A
:10FCF000BDF87A00ADF83200BDF87A002044401E0D
:10FD000000B2ADF83600BDF934100198401E8142B2
:10FD100002DABDF9340001E00198401E00B2ADF8EE
:10FD20003400BDF936100098814202DABDF9360080
:10FD300000E00098ADF8360022980CA982680AA865
:10FD4000F3F748FFD0B30FFA88F219A90AA8F3F71E
:10FD500082FF98BB0AA80AF0E5FD83465646BDF926
:10FD60002A00BDF93210401A00FB0466BDF92800D4
:10FD7000BDF93010401A0644B9F1000F09D00FFA4E
:10FD800088F219A90AA8F3F7E1FF10B10120099040
:10FD900001E0CDF824900E980590BBF1000F36DD00
:10FDA000BDF82800ADF83000BDF82C00ADF83400E7
:10FDB00002208DF81800BDF92A5024E028E0ADF8A3
:10FDC0003250ADF836500998A8B9224631460E98FF
:10FDD00015F0A9FBBDF928105B462A460E980EF0D7
:10FDE00063FE8DF818009DF81800012804D1022048
:10FDF0008DF8180000E0059602A922980FF054FD36
:10FE00002644681C05B2BDF92E00A842D7DA00BF0F
:10FE1000BDF87800ADF83000BDF878002044401EF1
:10FE200000B2ADF83400BDF87E00001B401C00B2EB
:10FE3000ADF83200BDF87E00ADF83600BDF93210E5
:10FE40000098401C814202DDBDF9320001E00098BB
:10FE5000401C00B2ADF83200BDF934100198401ECC
:10FE6000814202DABDF9340001E00198401E00B27F
:10FE7000ADF8340022980CA982680AA8F3F7AAFE0C
:10FE8000D0B30FFA88F219A90AA8F3F7E4FE98BBD9
:10FE90000AA80AF047FD83465646BDF93600BDF96B
:10FEA0002E10401A00FB0466BDF92800BDF9301081
:10FEB000401A0644B9F1000F09D00FFA88F219A9C7
:10FEC0000AA8F3F743FF10B10120099001E0CDF833
:10FED00024900E980590BBF1000F36DDBDF8280088
:10FEE000ADF83000BDF82C00ADF8340002208DF8DC
:10FEF0001800BDF92E5024E028E0ADF83250ADF8DE
:10FF000036500998A8B9224631460E9815F00BFBD9
:10FF1000BDF928105B462A460E980EF0C5FD8DF8F7
:10FF200018009DF81800012804D102208DF818004F
:10FF300000E0059602A922980FF0B6FC2644681E40
:10FF400005B2BDF92A00A842D7DD00BFBDF8780090
:10FF5000204400B2ADF83000BDF87C00001B00B2B8
:10FF6000ADF83400BDF87A00204400B2ADF832009C
:10FF7000BDF87E00001B00B2ADF836000E9805906B
:10FF800022980CA982680AA8F3F724FEA0B30FFAFE
:10FF900088F219A90AA8F3F75EFE68BB0AA80AF05E
:10FFA000C1FC8346BBF1000F25DDBDF82800ADF88C
:10FFB0003000BDF82C00ADF83400BDF92A5016E031
:10FFC000ADF83250ADF8365059460E9815F070FC29
:10FFD000BDF928105B462A460E980EF065FD8DF897
:10FFE000180002A922980FF05FFC681C05B2BDF949
:10FFF0002E00A842E4DA00BFB9F1000F05D110A825
:02000004900169
:100000000EF07EFD0F980FF0FFF9504615F0EAF95B
:100010000E9815F0E7F900BFFFF74EB92DE9F74F3D
:10002000DEB05E985D9060980AF083FC804600EB3D
:10003000D8704FEA600A60980AF0F3FB074600EBBD
:10004000D7704010824507DA60980AF072FC0646C5
:1000500006EBD670401006E060980AF0E2FB054619
:1000600005EBD570401000B25B90609801885B98FA
:10007000084400B2ADF87001609841885B9808446C
:1000800000B2ADF8720158A80EF02CFA58AA4FF43D
:10009000C0215E9819F092FA9DF8690120F01000D5
:1000A00010308DF8690150A80EF0D0F950AA4FF425
:1000B000C0215E9819F01BFA2CA85F9916F0ACFFCE
:1000C000FE482D904FF4C020399003202E9058A860
:1000D00032905D982430F5F745F8044643E23D94AC
:1000E000A18B5B98084406B2A088301A00B22B900E
:1000F000A089301A0FFA80FABDF870112B98081AEF
:1001000000B2ADF8A400BDF872112B98081A00B225
:10011000ADF8A600BDF870112B98084400B2ADF8F8
:10012000A800BDF872112B98084400B2ADF8AA00DF
:10013000012347F6FF7229A94AA80FF07DF8BDF800
:100140007001A0EB0A0000B2ADF89C00BDF872018E
:10015000A0EB0A0000B2ADF89E00BDF8700150445B
:10016000401E00B2ADF8A000BDF872015044401E20
:1001700000B2ADF8A200012347F6FF7227A944A8F8
:100180000FF05AF8BDF87001801B00B2ADF8940072
:10019000BDF87201801B00B2ADF89600BDF8700189
:1001A0003044401E00B2ADF89800BDF872013044F2
:1001B000401E00B2ADF89A00002347F6FF7225A951
:1001C0003EA80FF039F800213EA80EF0B7F92490B0
:1001D0004FF0FF302390608910B16089401E01E02C
:1001E0004FF6FF7022904FF00009A6E12298401CC4
:1001F00022900020219061892298814203D1002021
:10020000229001202190A06900906088421E002168
:100210004846636915F01CF807463C97219810B1D1
:100220002089209001E02068209020981F9021983C
:1002300008B1E08900E0E0880FFA80F8CDF8788016
:10024000DDF878805D983030F4F78CFF05465FE08C
:100250002879022800D055E0A868B84251DCE86847
:10026000B8424EDB288A40440FFA80F8698AA88A8F
:10027000814202D1688A209043E0A87D00F001000D
:1002800050B1FF20009000233846D5E9021214F047
:10029000DFFFC0B2139009E0FF2000900023384632
:1002A000D4E9051214F0D4FFC0B21390A98A1191B9
:1002B000698A1291139800F1040C4FEAEC00BDF822
:1002C00048C04CEA0C4CDFF8F8E10CEA0E01BDF82E
:1002D00044C04CEA0C4C0CEA0E02A2EB010C0CFBE5
:1002E00000FC01EB5C1C0CEA0E0343EA134C1FFA02
:1002F0008CFCCDF840C0BDF840E0F446CDF880C09D
:1003000000BF00BF29465D983030F4F725FF054651
:10031000002D9DD1E08B00FB09F001026088401E9A
:1003200091FBF0F01D901D9800121C901C98401C31
:100330001B901D9800F0FF0B228C1C99114408B2F1
:100340001EF076FF1A90228C1B99114408B21EF001
:100350006FFF1990CBF580711A9811FB00F1199875
:1003600010FB0B1000121890228C1C99114408B23B
:100370001EF056FF1790228C1B99114408B21EF0F4
:100380004FFF1690CBF58071179811FB00F116986E
:1003900010FB0B1000121590BDF88000ADF8600145
:1003A000ADF86281BDF8702106EB0801159848434D
:1003B0007F3002EBE03000B2ADF85000BDF87221A2
:1003C00006EB0801189848437F3002EBE03000B29A
:1003D000ADF8520014A835905CA83590CDF8E8909F
:1003E00050A83190219800287CD024980FF00CF868
:1003F000B4F91000AAEB00001390BDF87021139916
:10040000159848437F3002EBE03000B2ADF8480069
:10041000BDF872211399189848437F3002EBE03001
:1004200000B2ADF84A00202250A90AA815F07BF8C6
:100430000AA831903B4623A2102106A81CF086FA98
:1004400006A837902CAA1A215E9810F0D5FD00213D
:1004500041F6FF72BDF95201CDE901210090BDF9CD
:10046000543105A8509A37991EF0D0FFBDF91400F9
:1004700000EBD071BDF84820A2EB610109B2ADF8E4
:100480000C10BDF9160000EBD071BDF84A20A2EBAC
:10049000610109B2ADF80E10BDF80C00BDF81410E2
:1004A000084400B2ADF81000BDF80E00BDF81610FB
:1004B000084400B2ADF81200002006E028C1039005
:1004C0001FF8E007256400000CE0009003AA379BAA
:1004D00031995F980DF006FC00213EA80EF02EF831
:1004E000249007E00020319037902CAA1A215E98C2
:1004F00010F082FD219909B144A900E04AA90846FB
:1005000000210EF01BF823905CAB14AA58A95F9849
:100510000DF0D1FF23980EF077FF2CAA16215E98DC
:1005200010F06AFDBDF87C00ADF860011E98ADF8D2
:10053000620109F1010000F0FF09608848453FF7BA
:1005400055AE4AA80EF0DCFA44A80EF0D9FA3EA83F
:100550000EF0D6FA24980EF057FF21465D9824300D
:10056000F4F7FAFD0446002C7FF4B9AD61B0BDE8A4
:10057000F08F00002DE9F04FB1B005468B46904654
:100580002E464146284603F033F904462089C0F33D
:100590000E00012802DC31B0BDE8F08F2089C0F3E5
:1005A000C03020B9208810B9608800B9F3E7002175
:1005B000284618F00AFA82460021284617F0EBFF79
:1005C000504400B22E90284617F011F8B6F8841067
:1005D0004843001200B22D9025A80DF037FF25AA40
:1005E0004FF4C021284618F082FF284617F06AF918
:1005F0000146AA8A2E981044401A00B22490B8F1FD
:10060000020F0ED12089C0F3C03028B14FF4C021B1
:10061000284618F0FDF800E000202390B5F91A9064
:100620000DE02089C0F3C03028B14FF4C021284626
:1006300018F037FB00E000202390B5F91690B8F1D0
:10064000020F16D1DBF80800B0F90600484500DAC1
:10065000A1E7239848442599B1F908100844B4F952
:1006600000100844DBF80810B1F90210884200DAE3
:1006700091E720A80DF036FF20AA4FF4C0212846AC
:1006800018F09CFF0020ADF88600ADF884005946B4
:100690000EA816F0C1FCA6480F900620109002206C
:1006A0001C904FF4C0201B9025A8139020A81490F4
:1006B000B8F1020F01D0012000E000200D9096F863
:1006C000880000F00700022822D10021284618F0F7
:1006D00014F9B6F8841048434FEA202A2D98504464
:1006E000B6F8821090FBF1F000B20B900B99A1EBE1
:1006F0000A0000EBD0714A102499114409B22491E8
:100700000B98A0EB0A012D98401A00B22D9000BF63
:10071000ADF8C2902089C0F30E00401E6168C1F39D
:100720000E4148430C900027FBE000200B906068CE
:10073000C0F30E40B7FBF0F100FB117008B90120C7
:100740000B90BDF982102D98401A78430C99B0FB9C
:10075000F1F12498084400B2ADF8C000ADF8BC0037
:100760000D9868B1BDF9C2100B9810B1B4F9000032
:1007700001E0B4F90200081A00B2ADF8BE000CE0C6
:10078000BDF9C2100B9810B1B4F9000001E0B4F942
:100790000200084400B2ADF8BE0030A817902FA8A0
:1007A000189096F8880000F00700032810D106F191
:1007B00078000D9930F91100009006F1740030F9BD
:1007C0001130002138460C9A14F042FD824604E0B4
:1007D0006068C0F30E40B7FBF0FACDF878A00B9834
:1007E000002871D02089C0F3C03000286CD0534657
:1007F00050A2102107A81CF0A9F825A8139007A85B
:10080000199010201A900EAA1A21284610F0F4FB15
:10081000002141F6FF72BDF9A600CDE9012100904B
:10082000BDF9A83006A8259A19991EF0EFFDBDF96B
:10083000180000EBD071BDF8BC20A2EB610109B239
:10084000ADF81010BDF9180000EBD071BDF8BC2058
:1008500002EB610109B2ADF814100D9878B1BDF842
:10086000BE102398081A00B2ADF81600BDF81600A5
:10087000BDF81A10401A00B2ADF812000EE0BDF833
:10088000BE102398084400B2ADF81200BDF8120063
:10089000BDF81A10084400B2ADF81600BDF91400F6
:1008A000B5F9141088420DDBBDF91010B5F9180028
:1008B000814207DC0020009004AA25A95846199B14
:1008C0000DF010FA09E0FFE70020139019901A903C
:1008D0000EAA1A21284610F08FFBBDF9821001EBF9
:1008E000D172BDF9C03003EB6202B5F914309A42FF
:1008F00011DBBDF9820000EBD072BDF9BC30A3EB77
:100900006203B5F91820934205DC2FAB30AA20A969
:1009100058460DF0D0FD0EAA1B21284610F06CFBA6
:100920007F1C0C9887427FF600AF00BF33E60000C3
:10093000F0BB0390256400002DE9F74FB2B00546E7
:10094000164631953146284602F052FF044620896A
:10095000C0F30E00012802DC35B0BDE8F08F20891D
:10096000C0F3C03020B9208810B9608800B9F3E71F
:100970000EB1012000E0002083460021284617F038
:100980000AFE2E900021284618F08BF92D9028465B
:1009900016F00EFE3199B1F886104843001200B2ED
:1009A0002C90284617F088F80146EA8A2D980244D0
:1009B0002E981044401A00B22B904EB94FF4C0212B
:1009C000284618F002F80746B5F914002A9008E006
:1009D0004FF4C021284618F0A1F80746B5F91800D1
:1009E0002A90B4F900002990B4F902002890012E51
:1009F00007D12998404200B229902898404200B27D
:100A0000289025A80DF06EFD25AA4FF4C021284698
:100A100018F0D4FD1DA80DF019FD1DAA4FF4C0213A
:100A2000284618F064FD0BA8339916F0F5FA8948AA
:100A30000C9006200D9019960004189025A811908E
:100A40001DA810902089C0F30E00401E6168C1F3FC
:100A50000E4100FB01F94FF00008F6E0BDF99610D9
:100A60002C98401A00FB08F0B0FBF9F12B980844D1
:100A700000B2ADF8C200ADF8BE002A98ADF8C000D3
:100A800036B9BDF8C000401E00B2ADF8C00005E0A8
:100A9000BDF8C000401C00B2ADF8C00000200A90B4
:100AA0006068C0F30E40B8FBF0F100FB118008B99C
:100AB00001200A900A9838B1BDF8C0102998081A88
:100AC00000B2ADF8BC0006E0BDF8C0102898081AC6
:100AD00000B2ADF8BC0030A814902FA81590319842
:100AE000703030F91B00009031996C3131F91B30B6
:100AF000A9EB08004A46002114F0AAFB8246CDF873
:100B00006CA00A98002872D02089C0F3C030002859
:100B10006DD0534650A2102106A81BF017FF1DA848
:100B2000109006A81690102017900BAA1A2128469C
:100B300010F062FA002141F6FF72BDF98600CDE99E
:100B400001210090BDF9883005A81D9A16991EF064
:100B50005DFCBDF9160000EBD071BDF8BE20A2EB24
:100B6000610109B2ADF80E10BDF9160000EBD071AD
:100B7000BDF8BE2002EB610109B2ADF81210BBF165
:100B8000000F0FD1BDF8BC00BDF81410401AC01BF7
:100B900000B2ADF80C00BDF8BC00C01B00B2ADF84F
:100BA00010000EE0BDF8BC00384400B2ADF80C00F7
:100BB000BDF8BC00BDF814100844384400B2ADF8CC
:100BC0001000BDF91210B5F9160081420DDBBDF918
:100BD0000E10B5F91A00814207DC0020009003AA2C
:100BE0001DA9169B33980DF07DF809E0FFE7002062
:100BF0001090169017900BAA1A21284610F0FCF9B5
:100C0000BDF9961001EBD172BDF9C23003EB62035E
:100C1000B5F91620934211DBBDF9960000EBD072B6
:100C2000BDF9BE30A3EB6203B5F91A20934205DC8F
:100C30002FAB30AA25A933980DF03DFC0BAA1B2140
:100C4000284610F0D9F908F10108C8457FF606AF2B
:100C500000BF81E6F0BB039025640000FEB50446AA
:100C6000204610F061F90546204610F0BEF9064610
:100C70001C2D0AD10A22694630460FF06DFE6946E6
:100C80000248006813F0CCFF00BFFEBD340300240F
:100C90002DE9FE4F06460C46174698462021304661
:100CA00018F012FB00287DD00C98032803D13046A1
:100CB00016F0EEFE02E0304616F0F4FE814612F029
:100CC000A9FB05464FF0000A002002900C9803286B
:100CD00043D10021304617F051FE834600213046B3
:100CE00017F0F5FE0190B9F1010F23D0B9F1020F11
:100CF00028D0B9F1030F2ED106F1140009F0D3FD6D
:100D0000A0EB0B010198081A009000EBD0700BEBE0
:100D10006000B18A08440FFA80FA05F1140009F066
:100D2000C2FD009000EBD070A98A01EB600000B218
:100D3000029010E0B08A58440FFA80FAB5F9140016
:100D4000029008E0318B0198081A0FFA80FAB5F981
:100D50001800029000BF00BF45E00021304617F0A8
:100D600079FF83460021304617F02BFD0190B9F141
:100D7000010F25D0B9F1020F2AD0B9F1030F30D1FC
:100D800006F1140009F01CFDA0EB0B010198081AF4
:100D9000009000EBD0700BEB6001F08A08440FFA72
:100DA00080FA00E054E005F1140009F009FD00901C
:100DB00000EBD0704110E88A084400B2029010E0C5
:100DC000F08A58440FFA80FAB5F91600029008E04C
:100DD000718B0198081A0FFA80FAB5F91A0002907F
:100DE00000BF00BF00BFB8F1000F17DAB9F1000F64
:100DF00005D00298504502DD2046BDE8FE8F002C4C
:100E000001DAA01E04B2002C01DDA01C04B22146B0
:100E1000E01704EB9070801000B2EEE7002F16DAB6
:100E2000B9F1000F04D00298504501DA2046E4E7FA
:100E3000002C01DAA01E04B2002C01DDA01C04B2BB
:100E40002246E01704EB9070801000B2D5E709E06D
:100E500008EB0400002802DAC8F1000004B2381BD5
:100E600000D53C462046C8E710B50446207EC0F3B6
:100E7000800008B1002010BD207A232802D0242849
:100E800003D100E000BF0120F5E700BF00BF4FF431
:100E90008041606818F018FA08B90020EBE7207A62
:100EA00011381C2823D2DFE800F00E0F10111213A6
:100EB000141516171822221922221A1D1B1C222271
:100EC00022221E1F222000BF00BF00BF00BF00BFA4
:100ED00000BF00BF00BF00BF00BF00BF00BF00BF1A
:100EE00000BF00BF00BF00BF00BF0020C3E701205C
:100EF000C1E72DE9F041044612F078FA07469FB1A8
:100F00003868806818B1217A386882689047207EF6
:100F1000C0F3400010B10120BDE8F081207E00F058
:100F2000010008B10020F7E701260EB9002003E018
:100F30000021606816F0B2FB05464FF0000827E07C
:100F40002868F0B1287A00F08000802819D1287A2A
:100F5000802805D0287A20F08000217A884210D19C
:100F60006868E060204629688847207EC0F340001A
:100F700008B10120D0E7207E00F0010008B1002078
:100F8000CAE708F101084146606816F087FB05468C
:100F90000DB1012ED4D02146002016F063FA06468A
:100FA0000EB9002003E00021606816F077FB0546CB
:100FB0004FF0000823E02868D0B1287A00F08000C4
:100FC000B0B9287A18B1287A217A884210D1686895
:100FD000E060204629688847207EC0F3400008B1C1
:100FE000012099E7207E00F0010008B1002093E77E
:100FF00008F101084146606816F050FB05460DB146
:10100000012ED8D0012E11D16068406870B1204601
:10101000FFF72AFF50B16068406860602046FFF724
:1010200068FF0646012E01D0002075E7304673E7C1
:101030002DE9F0438046DDE9074521B92A70227089
:101040001A70BDE8F0834FEA282000F00209B9F1D8
:10105000000F04D000BF99462B464D4600BF00F05C
:101060000409B9F1000F04D000BFA1462C464D463B
:1010700000BF00F00609B9F1000F09D100F0010925
:10108000B9F1000F0ED100BF994623464C4609E046
:1010900000F00109B9F1000F04D000BF99462346C2
:1010A0004C4600BF22706FEA010909F0FF0602FBFF
:1010B00006F74FEA272985F8009008F0FF0C00F0AA
:1010C0000109B9F1000F0DD1BCF1000F02D14FEAB7
:1010D000012905E0CCF1000909F0FF0909FB01F93C
:1010E0004F4601E001FB0CF73E126FEA060909F0DA
:1010F000FF0602FB06F74FEA272983F8009000BF9E
:101100009FE700002DE9FF4F87B005468B469146CB
:10111000DDE914A6584609F0F0FB0690584609F0A0
:101120006BFB05901798012804D0022804D00328EF
:1011300006D103E0494F08E0494F06E0494F04E07B
:1011400000BF00BF0BB0BDE8F08F00BF8EBB28888A
:10115000049028885246014602900A98B8470390A6
:101160004FF0000821E0002418E0BDF8100035F829
:10117000141088420CD005EB44000088049005EB65
:10118000440000885246014602900A98B8470390EE
:1011900005EB4400BDF80C100180641C06988442E5
:1011A000E3DB05EB490508F1010805988045DADB2A
:1011B00051E0FFE700200290288804903078FD2855
:1011C00001DB504603E0307800FB0AF0000A019092
:1011D000019A04990A98B84703904FF0000836E046
:1011E00000242BE0305D00B927E0315D0298814298
:1011F00005D1BDF8100035F81410884217D0305DC5
:10120000FD2801DB504603E0305D00FB0AF0000AD8
:10121000019005EB4400008800900146019A0A986D
:10122000B8470390305D029035F81400049005EB48
:101230004400BDF80C10018000BF641C0698844275
:10124000D0DB05EB49051698064408F1010805981E
:101250008045C5DB00BF00BF74E70000B18100908E
:10126000E3820090538200902DE9FF4F89B004463D
:101270009246DDE91685F4F789FA08900A9809F094
:101280003CFB81460A9809F0B7FA8346002D78D1D5
:10129000B8F1FD0F0CDB002707E04A4620460C9909
:1012A0000BF0BAFA04EB4A047F1C5F45F5DB7DE1E5
:1012B00000BF0020014602464FEAD20CBDF80430C0
:1012C0006CF304034FEA910C0193BDF804306CF306
:1012D0004A134FEAD00C0193BDF804306CF3CF23CE
:1012E0000193BDF804C063460293BDF80810084698
:1012F0000790424607990C980BF016FC06900C9943
:1013000004A80291BDF80810C90A01FB08F1018088
:10131000BDF80810C1F3451101FB08F14180BDF88B
:10132000081001F01F0101FB08F1818000BFC8F126
:10133000FF000390002720E0002619E0BDF81C0004
:1013400034F8161088420DD004EB46000088079050
:1013500004EB460000880290014604A8039A0BF0B3
:101360006BFC069004EB4600BDF818100180761C5B
:101370004E45E3DB04EB4A047F1C5F45DCDB15E1F3
:10138000FFE7BDF8300000EB00400790B8F1FD0F1B
:101390006FDBA9F1040006900027B4E0002614E0FA
:1013A0002878FF2803D1BDF8300020800AE02A7891
:1013B0002088014604900C980BF0B6FB0590BDF810
:1013C000140020806D1CA41C761C4E4503DA05F029
:1013D00003000028E4D172E0286805900598401CBD
:1013E000A8B904F0030048B1BDF830102180A01C5A
:1013F00007990160BDF83010E18005E020460799AB
:1014000001600799416000BF08342D1D56E0059822
:10141000002851D02878FF2803D1BDF83000208063
:101420000AE02A782088014603900C980BF07CFB98
:101430000490BDF8100020806D1CA41C2878FF28A3
:1014400003D1BDF8300020800AE02A7820880146C8
:1014500003900C980BF068FB0490BDF810002080FE
:101460006D1CA41C2878FF2804D1BDF83000208012
:101470000BE04CE02A782088014603900C980BF092
:1014800053FB0490BDF8100020806D1CA41C28782C
:10149000FF2803D1BDF8300020800AE02A78208898
:1014A000014603900C980BF03FFB0490BDF8100030
:1014B00020806D1CA41C01E02D1D0834361D0698EB
:1014C000864289DD14E02878FF2803D1BDF830007A
:1014D00020800AE02A782088014604900C980BF0BE
:1014E00023FB0590BDF8140020806D1CA41C761C05
:1014F0004E45E8DBAAEB090004EB40041898A0EB8A
:10150000090005447F1C5F45FFF648AF4DE0002011
:1015100004902088069020880590002003900027E2
:1015200040E0002635E0287888B329780498814285
:1015300009D02878FF2801D1404603E0287800FB35
:1015400008F0000A039029780498814205D1BDF87B
:10155000180034F81610884214D00398FF2802D1DE
:101560000C98059009E004EB4600008802900146C3
:10157000039A0C980BF0D8FA05902878049034F868
:101580001600069004EB4600BDF8141001806D1C97
:10159000761C4E45C7DB04EB4A041898A0EB090003
:1015A00005447F1C5F45BCDB00BF00BF0DB0BDE83C
:1015B000F08F2DE9FF4F85B081460C46DDE912A77B
:1015C000F4F7E4F8804607BBB4F9026018E0B4F918
:1015D000005010E0CDF808A0BDF82000ADF80400E0
:1015E00030B20090D8F800002BB2D0F81CC04946A9
:1015F000079AE0476D1CB4F90400A842EADA761CA9
:10160000B4F90600B042E2DA2EE0204609F075F99E
:101610008346204609F0F0F80490002620E00025DB
:1016200019E0785DB0B1785D00FB0AF0000A029025
:10163000BDF82000ADF804006088304400B200908E
:10164000218829440BB2D8F80000D0F81CC04946C4
:10165000079AE0476D1C5D45E3DB14980744761C50
:1016600004988642DBDB00BF09B0BDE8F08F10B5FF
:1016700002460B4610681C68A04201D1012010BD33
:101680000020FCE710B502460B46506820F04040B1
:101690001C68A04203D2506820F04040186000202F
:1016A00010BD2DE9F04F89B0044600200890079046
:1016B00011F09CFE069006980068057ED4F8208004
:1016C0000027B946B4F91400002802DDB4F914006B
:1016D00002E0B4F914004042B4F91610002902DD0A
:1016E000B4F9161002E0B4F916104942884201DD3F
:1016F000012701E04FF00109CAE01021404617F030
:10170000E3FDB0B94FF48071404617F0DDFD08B934
:1017100007B1C1E04FF40071404617F0D5FD18B98C
:10172000B9F1000F00D0B7E0404616F025F880462A
:10173000AEE0CA46CDF814900497BB46404616F07A
:1017400093F8064606F0010008B90020049006F060
:10175000020008B94FF0000B06F0040008B94FF082
:10176000000A06F0080008B900200590404616F06F
:10177000A3F90390404616F017F80290404616F081
:10178000A1F80190404616F015F900900398002842
:1017900002DC0298002811DDBAF1000F03D0B4F981
:1017A0001600A84206DA059840B1B4F9160069425D
:1017B000884203DCCDF820800C2007900198002897
:1017C00002DC0098002811DD049818B1B4F9140067
:1017D000A84207DABBF1000F08D0B4F9140069423F
:1017E000884203DCCDF8208003200790039800286E
:1017F00001DC4FF0000A0298002801DC002005906F
:101800000198002801DC002004900098002801DCE9
:101810004FF0000B049818B1B4F91400A84215DA7F
:10182000BBF1000F04D0B4F91400694288420DDD09
:10183000BAF1000F03D0B4F91600A84206DA0598F1
:1018400078B1B4F91600694288420ADC0FB103206E
:1018500000E00C2094F83C1060F3030184F83C1085
:101860001AE04FF48071404617F02EFD08B907B119
:1018700012E04FF40071404617F026FD18B9B9F197
:10188000000F00D008E0404615F076FF804600BF0C
:10189000B8F1000F7FF431AF00BF089858B194F849
:1018A0003C10079860F3030184F83C100898A0628C
:1018B0000021A182E182089809B0BDE8F08F000004
:1018C0002DE9FF4F83B00446204616F0E1F8029060
:1018D000029818B9002007B0BDE8F08F41F6FF75F7
:1018E0000021204617F04AF807460021204617F04D
:1018F000EEF88246204615F0F8FD83464FF00008CA
:101900006AE0A068006850F828603949304617F04E
:10191000E6FC00B15EE04FF48051304617F0D4FC95
:10192000002856D04FF000090020019002980128AD
:1019300004D0022809D003282CD10EE0B6F9149067
:10194000A08A384400B2019025E0B6F91890208BA7
:10195000A0EB0A0000B201901DE006F1140008F0AF
:10196000A2FF009000EBD070B18A01EB60000FFA8B
:1019700080F904F1140008F096FFC01BA0EB0A00E8
:10198000009000EBD070A18A394401EB600000B2F6
:10199000019000E01EE000BF069848440FFA80F96D
:1019A0000498814514DB0598814511DC0199A9EB68
:1019B000010108B2002801DD014600E04142002D8E
:1019C00001DD2A4600E06A42914200DA054600BF86
:1019D00000BF00BF08F10108D84592D341F6FF705F
:1019E000854201D1002000E0684200B273E70000A8
:1019F000010004002DE9FF4F83B00446204616F095
:101A000051F80290029818B9002007B0BDE8F08F95
:101A100041F6FF750021204617F01CF9074600210A
:101A2000204616F0CEFE8246204615F05EFD834627
:101A30004FF000086AE0A068006850F82860394953
:101A4000304617F04CFC00B15EE04FF48051304658
:101A500017F03AFC002856D04FF000090020019002
:101A60000298012804D0022809D003282CD10EE0C6
:101A7000B6F91690E08A384400B2019025E0B6F934
:101A80001A90608BA0EB0A0000B201901DE006F1F5
:101A9000140008F095FE009000EBD0704110F08A21
:101AA00008440FFA80F904F1140008F089FEC01B05
:101AB000A0EB0A00009000EBD0704110E08A38449F
:101AC000084400B2019000E01EE000BF06984844C0
:101AD0000FFA80F90498814514DB0598814511DCE3
:101AE0000199A9EB010108B2002801DD014600E0DF
:101AF0004142002D01DD2A4600E06A42914200DAAF
:101B0000054600BF00BF00BF08F10108D84592D3C9
:101B100041F6FF70854201D1002000E0684200B22A
:101B200073E70000010004002DE9FF4F87B00E4667
:101B30009046DDE914940021079817F027FB0690E2
:101B40000021079816F094FD0590F078C0F340004E
:101B5000A8B1F07800F0010020B142F2D1710698EE
:101B6000884208D0F07800F0010040B942F2D1710B
:101B70000598884203D1F07820F00200F070F078E8
:101B800000F0010008B1964800E096480490F07813
:101B900000F0010008B9924800E092488246002017
:101BA0006080A08020612080A060E060CDF80C8083
:101BB0000399079815F07BFC0546E0E00398404543
:101BC00006D04FF40001284617F07EFB00B1D9E0A3
:101BD0008549284617F083FB00287CD10021284640
:101BE00016F01CFD02900298002875D02069401C58
:101BF0002061A088484400B2A080207D00F0010050
:101C000000286AD0216901EB8101880013F06EFB86
:101C1000074600BF1FB900BF00BF00BFFEE700BFFF
:101C20001FB903980BB0BDE8F08FE06858B1206988
:101C3000401E00EB800082003846E16813F073FC20
:101C4000E06813F0CFFB2069401E00EB800047F8EE
:101C50002050F07800F0010058B14FF0000B41F235
:101C600002025946284617F0ABF80190019800B2DD
:101C70000BE04FF0000B41F205025946284617F0E1
:101C80009FF80190019800B200BF2169491E01EB45
:101C9000810107EB81018880F07800F0010058B1E4
:101CA0004FF0000B41F203025946284617F088F81E
:101CB0000190019800B20BE04FF0000B41F20602D8
:101CC0005946284617F07CF80190019800B200BFF1
:101CD0002169491E02E03EE017E02CE001EB8101A2
:101CE00007EB8101C88002982169491E01EB81013F
:101CF00007EB8101C86000212069401E00EB8000D5
:101D000007EB80000161E76015E0284604998847E9
:101D10000746F078C0F3400030B1B4F90400C119AF
:101D20000A98814200DD2DE0A08807EB09010844F4
:101D300000B2A08000BF2846D047B4F90010884206
:101D400002DD2846D04701E0B4F900002080A068F9
:101D5000401CA06000BFF078C0F3800010B14FF0CD
:101D6000FF3000E001200399084403900398002805
:101D700000DA07E00399079815F099FB0546002D56
:101D80007FF41CAF00BFB4F90400002804DDA08874
:101D9000A0EB090000B2A080206908B10A9801E018
:101DA000B4F904006080CDB10398404516D107987E
:101DB00080680068039950F82150F078C0F38001E2
:101DC00003AA079801F003FA45B12846D0472080BE
:101DD00028460499884760800120A060039821E785
:101DE0000F920290D9760290010006002DE9F04F83
:101DF00097B0044600BF00BF4FF0000BDE480288DA
:101E00005946204616F0DCFF0A900A98C6B200BF79
:101E1000F0439DF85B1060F300018DF85B10B00893
:101E20009DF85B1060F341018DF85B10F0089DF8A0
:101E30005B1060F382018DF85B1000BFCF48028811
:101E40005946204616F0BCFF0A900A98C0B28DF899
:101E5000580000BFCA4802885946204616F0B0FF15
:101E60000A900A98C0B28DF8590000BFC548028890
:101E70005946204616F0A4FF0A900A98C0B28DF881
:101E80005A000021204616F005FB012800D100E091
:101E9000002015909DF85B0000F0010020B90021A2
:101EA000204616F037FD03E00021204616F0ABFE79
:101EB00014909DF85B0000F0010020B10021204645
:101EC00016F028FD03E00021204616F09CFE13903A
:101ED0009DF85B0000F0010018B1204615F087FB6B
:101EE00002E0204615F064FB12904FF0000B41F227
:101EF00032025946204616F063FF0A900A9800B253
:101F0000119000BF41F610025946204616F058FFC6
:101F10000A900A98E18A0144119801EB000B2046CF
:101F200015F0DEFDABEB000000B210904FF0000B9F
:101F300041F612025946204616F042FF0A900A98CE
:101F4000A18A0144119801EB000B204615F0BEFD5B
:101F5000ABEB000000B20F909DF85A709DF85B004B
:101F600000F0010008B110A800E00FA8054600210C
:101F7000204617F00BF90E900021204616F078FB52
:101F80000D909DF85B0000F0010040B142F2D1716C
:101F90000D98884203D1608CC0F3402068B19DF851
:101FA0005B0000F0010048B942F2D1710E988842FE
:101FB00004D1608CC0F3802000B90027159850B17F
:101FC0009DF85B0000F0010028B90FB9012702E07D
:101FD000012F00D100274FF0000800200C900B903B
:101FE000002F49D09DF85B00C0F3800018B1A068B5
:101FF0004068401E00E00020814617E000200A9063
:1020000005A91398CDE900014A4616A92046129B5E
:10201000FFF78AFD8246BDF8141014980844404426
:102020000FFA80F80B98401C0B90D146A0684068CE
:10203000484502DDB9F1000FE0DA0B9820B11498A1
:10204000A8EB00000FFA80F89DF85B0000F001009B
:1020500018B1204615F0ACFA02E0204615F0C7FA98
:1020600083460CA8CDE900500B9803B2424659466E
:1020700038461EF0BAFA00BF9DF85B00C0F380003E
:1020800018B1A0684068401E00E000208146159805
:1020900040B19DF85B0000F0010018B92888404469
:1020A00000B228804DE001200A9005A91398CDE9DF
:1020B00000014A4616A92046129BFFF735FD8246CD
:1020C000159850B19DF85B0000F0010028B92888F0
:1020D000BDF81410401A00B2288005AABDF940309E
:1020E000DDE91210CDE90131CDE90302BDF93C0073
:1020F00053464A4616A900902046F5F7DFFBD14625
:10210000089813F06FF900200890159868B19DF8B1
:102110005B0000F0010040B92988BDF83020149818
:102120001044081A00B228800AE02988BDF814007B
:10213000BDF83020024414981044084400B22880AE
:1021400000BFA0684068484502DDB9F1000FAADA77
:1021500042F2D1710E98884202D00D98884202D185
:10216000204618F028F800222B2120460EF044FFCC
:1021700017B0BDE8F08F0000680200246A02002456
:102180006C0200246E0200242DE9FC5F044689469F
:102190009246207E00F0010008B1BDE8FC9FE56892
:1021A00000264FF0010B0120019000BF85B9207E71
:1021B000C0F3C00000B956B9019800B9EDE7204658
:1021C000C84705464FF0000B0020019000E0E4E70F
:1021D00016B92E4606B9E0E7BBF1000F06D0294636
:1021E0002046D0470546B54200D1D6E74FF0010B57
:1021F00005B9DBE7286816F0D3F800F0800000B1DD
:10220000D4E72F6809E00121384617F05DF800B1E6
:1022100005E0384615F0B0FA0746002FF3D100BFAD
:102220002FB10121384617F04FF800B1BEE700BFCB
:1022300000BFE068A84200D1AFE7E06890B1204657
:1022400000F0FBFC0090E16808680F21009A0EF096
:10225000D3FE0746012F00D09FE7E168086817F01A
:10226000D0FB00BFE560204600F0E7FC0746E168D0
:102270003A4608680E210EF0BFFE8046B8F1010F05
:1022800000D08AE7E168086817F0BBFB206910B14D
:1022900020462169884700BF7FE700002DE9F04113
:1022A0000446204600F012FB054611480068001B5A
:1022B000461B0F480068401B0D490860B6B1274611
:1022C00061193246204613F02EF906E0A068401B43
:1022D000A060204600F0FAFA0444054800688442F1
:1022E000F4D1B819294613F0ACFA00BFBDE8F0816B
:1022F0007401002400B587B000BF00BF44480068E7
:1023000040F00400424908600846006800F00400FC
:10231000009000BF00BF00BF00BF00BF08460068BC
:1023200040F0020008600846006800F002000090DB
:1023300000BF00BF00BF2020029001200390049046
:102340000320059002A93348EFF7FCF80220029021
:1023500000200390012004900320059002A92E483C
:10236000EFF7F0F8F6F7C2F800BF00222021294865
:10237000EFF7FCF800BF1420EFF7FDF800BF0122D3
:1023800020212448EFF7F2F800BF3220EFF7F3F8EE
:1023900000208DF80400012201A900F041F901227A
:1023A00001A9A42000F03CF916208DF804000122B8
:1023B00001A9802000F034F90C208DF804000122DE
:1023C00001A9882000F02CF9022201A9A12000F027
:1023D0002BF89DF80400302803D19DF80500032850
:1023E00007D09DF80500012803D09DF805000228BC
:1023F0000BD19DF805009DF8042000EB022107A0F9
:10240000EDF76EFE002007B000BD0120FBE70000E5
:10241000E044025800080258000402584354502077
:1024200049443A25780D0A002DE9F04106460F4649
:102430001546F6F71BF97020F6F7E2F8F6F75CF9A7
:10244000F0B2F6F7DDF8F6F757F9F6F70FF9712065
:10245000F6F7D6F8F6F750F900240BE0691EA14212
:1024600001D0012100E000210846F6F79BF838551D
:10247000601CC4B2AC42F1DBF6F71EF9BDE8F08196
:102480002DE9FC4107460020019000240026604809
:102490000078401C5E490870084600780A2190FBCD
:1024A000F1F201FB120018B1594800780A2866DAE7
:1024B000012201A90220FFF7B7FF9DF8040000F0F8
:1024C0000F0000287ED09DF8040000F00F000628C1
:1024D00078DA9DF8040000F00F014FF6FF70884095
:1024E00085B2E84380B240F440404A4988860024DF
:1024F0005AE04848808E0121A1400840F0B3464987
:1025000031F8140004226946FFF78EFF414890F825
:10251000440000F00100C0B19DF801009DF80010DA
:1025200001F00F0100EB01203A49203121F814009D
:102530009DF803009DF8021001F00F0100EB01214E
:1025400034480C3020F814101EE09DF801009DF86E
:10255000001001F00F0100EB012030490988081A32
:1025600081B22C480C3020F814109DF803009DF81F
:10257000021001F00F0100EB012001E012E021E068
:102580002449203121F814009DF8000000F0F000EB
:10259000802807D000211F48203020F8141014385C
:1025A00020F81410601CC4B2052CA2DB01261948C7
:1025B000808920B91748008C08B9002001900020BC
:1025C000134908709DF8040000F01F00A8B91148D5
:1025D000808E00F4004030B10E48808E20F4004020
:1025E0000C49888609E04FF6FF700A498881088403
:1025F0000846808E00F46040888605480078F02800
:1026000002DD0A20024908703046BDE8FC81000066
:102610003400002438000024D0B90390E4040024DE
:102620002DE9F04105460E4617464FF00008F6F733
:102630001DF87020F5F7E4FFF6F75EF8E8B2F5F75D
:10264000DFFFF6F759F800240BE0305DF5F7D8FF0F
:10265000F6F752F88046B8F1000F00D003E0601C96
:10266000C4B2BC42F1DB00BFF6F726F84046BDE835
:10267000F08110B50246114691F83C3003F0030397
:1026800023B1012B04D0022B0DD000BF888C15E0A4
:1026900026235B5C4FF4B47413FB04F3642493FBB4
:1026A000F4F398B20AE027235B5C4FF4B47413FB95
:1026B00004F3642493FBF4F398B200BF00BF10BD91
:1026C0002DE9F34F87B083465F4605A9584614F0BD
:1026D000ADFF584616F09BFD0290584614F0FCFFE3
:1026E00001900021584616F0A4F9009000215846A8
:1026F00016F048FA80460021584616F006FB81463F
:102700000021584616F0B8F882460021584616F0C7
:1027100094FA05460021584616F016F90646284652
:1027200005EBD0714910491C05F0010211440DB2AE
:10273000304606EBD0714910491C06F001021144E5
:102740000EB20D2D01DA284600E00D2005460D2EB3
:1027500001DA304600E00D200646B8F10D0F01DA2F
:10276000404600E00D208046B9F10D0F01DA4846E1
:1027700000E00D208146BAF10D0F01DA504600E06D
:102780000D20824600248BE0B86A00EBC40103A848
:1027900007F0F2FFBDF90C10009881420FDCBDF983
:1027A000141000980D2801DA009800E00D20081A96
:1027B000BDF80C10084400B2ADF80C0008E0BDF8FC
:1027C0000C00BDF81410891B084400B2ADF80C00D1
:1027D000BDF90E0048450FDCBDF91600B9F10D0F2B
:1027E00001DA494600E00D21401ABDF80E100844F8
:1027F00000B2ADF80E0008E0BDF80E00BDF81610EE
:10280000491B084400B2ADF80E00BDF91010029843
:10281000A0EB0800801E81420FDBBDF91400B8F167
:102820000D0F01DA414600E00D210844BDF81010FB
:10283000084400B2ADF8100008E0BDF81000BDF883
:1028400014103144084400B2ADF81000BDF9121064
:102850000198A0EB0A00801E81420FDBBDF9160033
:10286000BAF10D0F01DA514600E00D210844BDF820
:102870001210084400B2ADF8120008E0BDF81200D2
:10288000BDF816102944084400B2ADF81200002229
:1028900003A80899F1F7B5FA00B105E0601C84B20D
:1028A000388EA0423FF770AF00BF388EA04201D1F2
:1028B0004FF6FF74204609B0BDE8F08F014601F0E5
:1028C00007020AB1104670470120FCE70146B1F942
:1028D0000C20032303EB420222F0030202F110005A
:1028E00070472DE9FC5F05460E4617460021284635
:1028F00016F085F880460021284616F029F9824610
:102900000021284616F0E7F981460021284615F0F7
:1029100099FF0190284616F07AFCA0EB0800A0EB86
:102920000A0B284614F0D8FEA0EB09010198081AFA
:10293000834507DA284616F06AFCA0EB0800A0EBF6
:102940000A0006E0284614F0C7FEA0EB0901019832
:10295000081A009000EBD070401004B2A88A2044FE
:10296000404400B23080E88A2044484400B270807D
:1029700007B13C80BDE8FC9F38B5044600250448FB
:1029800002882946204616F01BFA0090009838BDB0
:102990007802002438B504460025054802882946F7
:1029A000204616F00DFA00900098C0B238BD000025
:1029B0008002002438B504460025054802882946CF
:1029C000204616F0FDF900900098C0B238BD000016
:1029D00082020024F0B504460B46032B01D20120ED
:1029E00000E000200546611B981E0C2707FB050030
:1029F000C0EB4010B0FBF7F01044084400EB91002E
:102A00006427B1FBF7F7C01B4FF4C877B1FBF7F7AA
:102A100038440727B0FBF7FC07FB1C06F0B2F0BDFB
:102A20002DE9FC4781460E4616B90020BDE8FC871B
:102A3000D9F81040606930B160690068B04202D1D5
:102A400060694068F2E70025B1E005EB8501A06808
:102A500050F82100371A05EB8501A06800EB8100D2
:102A60008088B84200D2A0E04FF0000805EB850155
:102A7000A06800EB8100807C022808D105EB85016D
:102A8000A06800EB8100C08800EB070884E005EB3C
:102A90008501A06800EB8100807C78B905EB850298
:102AA000A16801EB8201C86805EB8502A16801EB12
:102AB0008201C988C25D01EB02086DE005EB85016A
:102AC000A06800EB8100807C03282AD1B8B2019075
:102AD0003E48009005EB8503A06800EB8300028A66
:102AE00005EB8503A06800EB83000223816801A841
:102AF000F2F7BCFF8246BAF1000F11D005EB850258
:102B0000A16801EB82018968AAEB0101481005EB7D
:102B10008502A16801EB8201C98801EB000800BFB2
:102B20003AE005EB8501A06800EB8100807C01287C
:102B300032D1B8B201902548009005EB8503A0681A
:102B400000EB8300028A05EB8503A06800EB83009D
:102B50000223816801A8F2F789FF8246BAF1000FCB
:102B600019D005EB8503A26802EB83029268AAEBF9
:102B70000202501005EB8503A26802EB8302D168C4
:102B800005EB8503A26802EB8302D28831F810308E
:102B900002EB030800BF00BF606920B160690660F6
:102BA0006069C0F80480404640E7681C85B2608ACE
:102BB000C0F30800A8423FF748AF606920B16069E0
:102BC000066000206169486000202FE7DD65039002
:102BD0002DE9F84F80460D46C146404600F0FDF90C
:102BE000064616B90020BDE8F88FF08A281A05B20B
:102BF0000021304616F0B1F9009000980EF0ECFC80
:102C000082460021304616F018FA0446204604EBAE
:102C1000D07105EB61010DB20AEB04000FFA80FBE5
:102C200095FBFBF087B2B9F83400B84203DCB9F881
:102C30003400401E87B23846D5E72DE9F0410546FD
:102C400000260027002010F0D7FB044616E020469F
:102C500010F021FC8046206DA8420AD1B8F1020F85
:102C600002D12046BDE8F081B8F1040F00D126461C
:102C70002746204610F0C0FB044600BF002CE6D1DA
:102C80000EB13046EEE70FB13846EBE7002010F00A
:102C9000B3FBE7E72DE9F04107460C463D463846D1
:102CA00014F0A5FCB5F884104843001206B20021C8
:102CB000384615F08AFE8046A4EB080004B2002CCA
:102CC00002DA0020BDE8F081B44203DDB5F88200ED
:102CD000401EF7E795F8880000F0070001280BD1A7
:102CE000314606EBD1704210B5F88200401E04FB5D
:102CF000002090FBF6F0E5E795F8880000F007006B
:102D0000022805D1B5F88200604390FBF6F0D9E7C0
:102D10000020D7E70246114600E0096821B1886922
:102D2000C0F30F100028F8D009B900207047886957
:102D3000C0F30F10FAE700002DE9FC5F80460D4656
:102D40001646D8F810704FF0000A788AC0F3403069
:102D5000002840D1FC68A068800FD8B9D4F8009052
:102D600005EB062080B2019026480090A06820F074
:102D700040420223494601A8F2F778FE8346BBF1A0
:102D8000000F06D0ABEB09014810616811F900A0F3
:102D900000BF1FE00121A068B1EB907F1AD1D4F8E9
:102DA000009005EB0640019017480090A06820F0C5
:102DB00040420423494601A8F2F758FE8346BBF17E
:102DC000000F06D0ABEB09018810616811F900A073
:102DD00000BF00BF12E0F8684368595D83689A5DE0
:102DE00000290ADD002A08DD531E4C1E90F80DC094
:102DF00004FB0C33046814F903A000BF5046BDE87F
:102E0000FC9F0000755F0190555F01902DE9FE4F1A
:102E100007460C46254600260021204615F0F9FA03
:102E2000834600EBDB70C0F34F064FF44031204681
:102E300015F0D8FD80464FF44031204615F07BFE5A
:102E400081464FF44031204615F038FF82464FF45A
:102E50004031204615F0E9FC0290A08A298D0844F3
:102E6000801BA0EB080000B2ADF80000E18A688D7D
:102E70000844801BA0EB090000B2ADF80200A08A54
:102E8000298D08443044504400B2ADF80400E18A72
:102E9000688D084481190298084400B2ADF8060014
:102EA0000098386001987860BDE8FE8F2DE9F04FFA
:102EB00087B081460F469246984600BF00BF4C46F9
:102EC0004FF40031484615F0B1FA834658460BEBF3
:102ED000D0714D10AAEB05000FFA80FAA68C94F879
:102EE0003400C0F3410018B9208D304486B223E08D
:102EF00094F83400C0F34100022803D1E08C304440
:102F000086B219E094F83400C0F34100012813D1CF
:102F1000B4F93020B4F93230D11801EBD17250102D
:102F2000B4F92E10814203DAE18C31448EB202E012
:102F3000218D31448EB200BF06F15A0000B21CF060
:102F400077F900FB0AF0C01300B2069030B21CF013
:102F50006FF900FB0AF0C01300B205904FF4403146
:102F6000484615F04CFD04904FF44031484615F0AA
:102F7000EFFD03904FF44031484615F0ACFE02904F
:102F80004FF44031484615F05DFC019039880698B1
:102F900001440498081A401B00B2A8F800003988C0
:102FA0000698014403980844284400B2A8F8040095
:102FB0007988059801440298081A401B00B2A8F8C5
:102FC000020079880598014401980844284400B219
:102FD000A8F8060007B0BDE8F08F70B50446254696
:102FE000686A08B9002070BD0021686A14F05FFAB1
:102FF000F9E710B504460021204614F058FA10BD38
:1030000070B504460E46002513E0E06800EBC500ED
:103010004068C0F3006058B1E06800EBC50040684C
:1030200020F07F40B04203D1E06850F8350070BD19
:103030006D1C608CC0F3C500A842E6D8608CC00847
:10304000401C618C60F3C8016184628CC2F3C502CC
:10305000D100E06812F032FAE06000BFE06818B911
:1030600000BF00BF00BFFEE700BF608CC0F3C5001B
:10307000451E1AE0681EE16801EBC0004068C0F31D
:10308000006038B9681EE16801EBC0004068C0F319
:10309000406000B10BE0E06800EBC5010246681E2D
:1030A00002EBC00205CA05C16D1E002DE2D100BFB2
:1030B000E16801EBC500082112F0C3FB082012F003
:1030C000DBF8E16841F83500E16851F8350019F0A6
:1030D00087FFE06800EBC500406820F0807000F1D9
:1030E0008070E16801EBC5014860E06800EBC50055
:1030F000406866F31700E16801EBC5014860E068CD
:1031000050F8350093E700002DE9FC41074688465A
:1031100016463868C068C068B0FBF8F4B44200DDF9
:103120003446194800680068806958B30020ADF83B
:103130000000ADF80400ADF8020025B200BF681E23
:1031400000B2ADF806001049096808680E49096820
:1031500009688A6969469047684607F03FFBA042C4
:1031600000DC03E0681E05B2002DE8DC00BF002D86
:1031700004DC00BF00BF0020BDE8FC81BDF90600F3
:10318000441C00BF2046F7E76C01002470B50546DB
:103190000C46641E002C01DA6D1E0C340C2C01DB75
:1031A0006D1C0C3C012C04D1284602F0ADFC1C30F7
:1031B0000BE0072094FBF0F100FB114606EBD67004
:1031C0004010A6EB4000C0F11F00C0B270BD10B5AA
:1031D000034669B11068401E10601068002805DBC6
:1031E00098680068146850F8240010BD0020FCE7BF
:1031F0001068401C106010689C686468A04205DA82
:1032000098680068146850F82400EEE70020ECE7A6
:1032100030B50446481CE56835F8100035F8115003
:10322000401B00B21080A06830F8110000B2188076
:10323000E06830F811006568284430BD2DE9F84F8A
:1032400006460C461546B04610F0D0F8814610F000
:1032500022F98246BAF1010F0DD0BAF1030F0AD05C
:1032600015B14FF6FF70288014B14FF6FF70208023
:103270000020BDE8F88F10F0B9F88146694610F0DB
:10328000CFF8002D3ED0304614F020FCBDF80010E1
:1032900008440FFA80F90021304615F022F9012880
:1032A0000AD10021304615F0A1FC318B081AA0EBA1
:1032B00009000FFA80F90CE0B08AA9EB00000FFAC0
:1032C00080F90021304615F0E8FBA9EB00000FFA69
:1032D00080F900202880002728800CE02988D8F871
:1032E000300030F81100384407B2B94500DA07E081
:1032F0002888401C28802888B8F824108842EDDBF4
:1033000000BF00BF6CB3304614F0EAFBBDF80210FA
:1033100008440FFA80F9F08AA9EB00000FFA80F94F
:103320000021304615F032FDA9EB00000FFA80F9BC
:1033300000202080002720800CE02188D8F82C0075
:1033400030F81100384407B2B94500DA07E02088A8
:10335000401C20802088B8F826108842EDDB00BF92
:1033600000BF012085E72DE9F04F87B0044688466D
:1033700091461E464846F2F710FA01218140C8B234
:1033800006904FF0FF3A208C05900598C04380B21C
:10339000049094F82200C0F380000290002530E0F1
:1033A000E06800EBC5077868C0F3406000B92DE025
:1033B000029800B124E0E16801EBC501496821F001
:1033C0007F4017F0B8FF8346C34500D018E0386847
:1033D00080790699084000B912E003AA4946386886
:1033E00019F07EFD08B1012000E000200190019855
:1033F00028B103983060012007B0BDE8F08F00BF0E
:103400006D1C608CC0F3C500A842C9D800BF41E064
:10341000E06800EBC50BE16801EBC501496821F0EC
:103420007F4017F088FF0090E16801EBC501496813
:1034300021F07F4017F083FF07460098404500D0F9
:1034400027E0DBF8000080790699084000B920E009
:103450000498384000B11CE0574500DC19E003AA8D
:103460004946DBF8000019F03BFD08B1012000E0FF
:1034700000200190019858B10598874203D1039824
:1034800030600120B8E7BA4502DABA4603983060E6
:1034900000BF6D1C608CC0F3C500A842B8D8BAF15B
:1034A000000F03DB039830600120A5E70020A3E7AD
:1034B0002DE9FC5F83468A4690461D460820019010
:1034C0007F200090404608EBD0714C1008F00100BE
:1034D00080F00109CBF15A0108B21BF0A9FEAAEB5A
:1034E00004014843C61158461BF0A2FEAAEB040192
:1034F0004843C711002E0ADDA6F17F000612301BDB
:10350000484400B22880301900B2A8800AE006F1D1
:103510007F000612301B00B228803019A0EB090092
:1035200000B2A880002F0ADDA7F17F000712381B28
:10353000484400B26880381900B2E8800AE007F118
:103540007F000712381B00B268803819A0EB090011
:1035500000B2E880BDE8FC9F38B504460025044869
:1035600002882946204615F02BFC0090009838BDB3
:103570007C0200242DE9FF4F89B083469246DDE9A5
:1035800019785C46A08C0A99484380B2069000BF27
:10359000BAF808003844404400B20590069D4FF048
:1035A000000986E0A06A50F8250000287BD0206B37
:1035B00030F919000790002600BF1EE0A919A06A83
:1035C00050F82100B0B10021AB19A26A52F82300D3
:1035D00000B1017801F0010252B109EB0602521C60
:1035E000236B33F81230079A1A4412B2079200E0A4
:1035F00009E000E007E0701C86B206EB0901A08C30
:10360000401E8142DADB00BF00200490A06A50F81F
:10361000250020B1A06A50F8250000780490049895
:1036200000F0020090B100BFBAF90800384400EB86
:1036300008010598814205DD00BFBAF90800384449
:10364000404400E0059800B205902BE0DDE9170149
:1036500001440798401A00B2079000220799169873
:103660008DE80700A06A50F82500411C524608A8C2
:103670000C9B1BF0CBFEBDF92200384400EB080187
:103680000598814205DDBDF922003844404401E03F
:1036900009E0059800B20590A81985B209EB06006B
:1036A0001FFA80F900BF681C85B209F101001FFAFA
:1036B00080F9A18C06980844A8423FF773AF05989B
:1036C0000DB0BDE8F08F000038B504460025054870
:1036D00002882946204615F073FB00900098C0B27E
:1036E00038BD00008602002438B504460025054890
:1036F00002882946204615F063FB00900098C0B26E
:1037000038BD0000880200242DE9FF5F06460C4604
:103710000021304615F039FC03904FF480213046EB
:1037200015F033FC029003980DF05EFF07460298F7
:103730000DF05AFF80460021304615F098FC814676
:1037400008EB070000EBD07109EB61010DB23046C8
:1037500013F0C2FF834600EBDB704110F08A08448F
:10376000AA4605EBDA71A0EB610000B260806088C8
:10377000284400B2E0806946304613F057FFBDF898
:1037800000002080BDF80400A080BDE8FF9F2DE967
:10379000FF4705462846FFF72CFC06461EB90020C9
:1037A00004B0BDE8F0874FF48021284615F0EDFB0A
:1037B00080464FF4802741F25A423946284615F098
:1037C000FFFA0290029804B200BF304610F042FDAA
:1037D0008146002041F6FF71CDE9000123464246B3
:1037E0004946029003A81BF011FEBDF90C00D7E773
:1037F00002460B46114633B1012B0AD0022B05D0ED
:10380000042B0CD108E001F13C00704701F14800A5
:10381000FBE701F15400F8E701F16000F5E7002053
:10382000F3E770B504460E46002510E0E06800EBB3
:10383000C5004068C0F3406040B1E06800EBC500DF
:10384000406820F07F40B04200D105E06D1C608CE4
:10385000C0F3C500A842E9D800BF608CC0F3C50022
:10386000A84203D0E06800EBC50070BD608CC008C2
:10387000401C618C60F3C8016184628CC2F3C50294
:10388000D100E06811F01AFEE060608CC0F3C50062
:10389000451E09E0E06800EBC5010246681E02EB28
:1038A000C00205CA05C16D1E002DF3D10821E068D4
:1038B00011F0C7FF082011F0DFFCE1680860E16843
:1038C000086819F08DFBE068406820F0007000F196
:1038D0000070E1684860E068406866F31700E168DE
:1038E0004860E068C1E7000037B584B0054614467B
:1038F000114890F8200000F0010070B10221122060
:1039000017F048FD22460390059909F051F90290FD
:10391000BDF80810084607B030BD0221122017F08C
:1039200063FD22460190059909F042F90090BDF827
:1039300000100846EFE7000014D605242DE9F04FEB
:10394000064688461746DDE9095CDDE90B49002299
:10395000B8F1000F03D09246A4F800A069E0052F4B
:1039600003D0062F01D0042F03D10023012D00D155
:103970000127002106E03CF811A09A4492440FFA76
:103980008AF2491CA942F6D3A2EB030A0FFA8AF283
:10399000072F4DD2DFE807F00409144C3E2C1B0022
:1039A0004FF0000AA4F800A042E0A6EB020A0AEBDE
:1039B000DA7B4FEA6B0B0FFA8BFBA4F800B037E011
:1039C000A6EB020A0FFA8AFAA4F800A030E04FF042
:1039D000000AA4F800A0A6EB020A0FFA8AFBA5F1E0
:1039E000010A0FFA8AFA9BFBFAFA0FFA8AF31FE030
:1039F000A6EB020A0FFA8AFA0FFA85FB9AFBFBFA8A
:103A00000FFA8AF39A4603EBDA7B4FEA6B0BA4F8C2
:103A100000B00DE0A6EB020A0FFA8AFB05F1010ADD
:103A20000FFA8AFA9BFBFAFA0FFA8AF3238000BF97
:103A300000BF00210CE034F811A03CF811B0DA44CA
:103A40009A440FFA8AFA01F1010B24F81BA0491CD1
:103A5000A5F1010A8A45EED834F81AB03CF81AA04C
:103A6000DA44B4F800B0AAEB0B0A0FFA8AF0B9F105
:103A7000000F10D000210CE034F811A0A6EB0A0AC8
:103A80003CF811B0AAEB0B0A0FFA8AFA24F811A03D
:103A9000491CA942F0D3BDE8F08F2DE9F04F8DB05D
:103AA000044600BF00BF2046FEF766FF8146204661
:103AB000FFF752FD0746B9F1000F00D017B90DB05E
:103AC000BDE8F08F06A92046F3F7AEFA0C2103A853
:103AD00011F0B7FE4FF0000B41F23202594620467A
:103AE00015F06EF90090009805B200BF00BF41F6D6
:103AF00012025946204615F063F9009000982844B8
:103B00000FFA80FA00BF41F610025946204615F020
:103B100057F900900098284400B20290204613F014
:103B2000D5FFA18A5144081A00B2ADF8140020460E
:103B300013F0D6FF0146E28A02981044401A01B2FF
:103B4000ADF81610002609E0A068006850F826B00D
:103B500003AA06A9584601F0EDFF761CA06840684C
:103B6000B042F1D806A8F3F76FFD0021204615F00A
:103B70001AFB01900021204614F087FD804642F296
:103B8000D1710198884202D00846804502D1204672
:103B900016F011FB00222B2120460DF02DFA00BF5C
:103BA0008DE7000000B589B000BF00BF4248006843
:103BB00040F00400404908600846006800F0040036
:103BC000019000BF00BF00BF00BF00BF08460068F3
:103BD00040F0020008600846006800F00200019012
:103BE00000BF00BF00BF2020049001200590069078
:103BF0000320079004A93148EDF7A4FC02200490AB
:103C000000200590012006900320079004A92C486D
:103C1000EDF798FCF4F76AFC00BF0022202127484A
:103C2000EDF7A4FC00BF0A20EDF7A5FC00BF0122C0
:103C300020212248EDF79AFC00BF0A20EDF79BFCFB
:103C4000022004900020059006900320079004A90C
:103C50001B48EDF777FC6420EDF78DFC042202A9E8
:103C600048F2401000F03AF800208DF80C0002A94C
:103C700014A0ECF735FA16A102A8ECF791FC10B9E4
:103C80000A201549087002208DF80800012202A9B7
:103C900048F2400000F008FA0A20EDF76CFC002022
:103CA0008DF80800012202A948F2400000F0FCF95A
:103CB000002009B000BD0000E0440258000802588E
:103CC000000402584354502049443A25730D0A0019
:103CD0003932373100000000350000242DE9F04171
:103CE00005460F461646F4F7C1FC2820F4F788FC79
:103CF000F4F702FD2812F4F783FCF4F7FDFCE8B2B8
:103D0000F4F77EFCF4F7F8FCF4F7B0FC2920F4F7A4
:103D100077FCF4F7F1FC00240BE0711EA14201D006
:103D2000012100E000210846F4F73CFC3855601CF6
:103D3000C4B2B442F1DBF4F7BFFCBDE8F08100008F
:103D400071B583B0002001900026D2480078401C55
:103D5000D0490870084600780A2190FBF1F201FB77
:103D6000120018B1CB4800780A287DDA012203A995
:103D700048F24E10FFF7B2FF9DF80C0000F08000F3
:103D800078B19DF80C0000F00F00C3490978884213
:103D900007DC00200190012201A948F24E1000F03A
:103DA00083F99DF80C0000F00F0000285CD09DF80E
:103DB0000C0000F00F00B8490978884254DC9DF8E7
:103DC0000C0000F00F014FF6FF70884084B2B3483A
:103DD000858EE04380B240F44040B0498886084672
:103DE0008289AD480078401E0C3121F81020AB4884
:103DF000028CA9480078401E143121F810200020C0
:103E00000190E3E0A548808E9DF8042001219140B7
:103E10000840002832D0A2499DF8042031F8120051
:103E2000042202A9FFF75AFF9E48808845F21051EC
:103E300088423FD1994890F8440000F00100F0B169
:103E40009DF808009DF8091000EB012081B293480D
:103E500020309DF8042020F812109DF80A009DF8EB
:103E60000B1000EB012000E0EEE0C0F5487081B2DD
:103E70008A480C309DF8042020F81210A1E09DF82B
:103E800008009DF8091000EB012081B283480C3036
:103E90009DF8042020F812109DF80A009DF80B10E0
:103EA00000EB012081B27D4820309DF8042020F8ED
:103EB000121086E07B48808844F2423188423DD12E
:103EC000764890F8440000F00100D0B19DF8080059
:103ED0009DF8091000EB012081B270480C309DF86C
:103EE000042020F812109DF80A009DF80B1000EB3A
:103EF000012081B2694820309DF8042020F812107A
:103F00005FE09DF808009DF8091000EB012081B2E8
:103F1000624820309DF8042020F812109DF80A0015
:103F20009DF80B1000EB0120C0F5887081B25B4852
:103F30000C309DF8042020F8121042E05948808887
:103F400041F2180188423CD1544890F8440000F0F6
:103F50000100D0B19DF80A009DF80B1000EB012084
:103F600081B24E4820309DF8042020F812109DF8B0
:103F700008009DF8091000EB012081B247480C3081
:103F80009DF8042020F812101BE09DF80A009DF80F
:103F90000B1000EB0120C0F5487081B23F480C3097
:103FA0009DF8042020F812109DF808009DF80910D3
:103FB00000EB012081B2394820309DF8042020F820
:103FC00012109DF80400401CC0B201909DF804003E
:103FD000314909788842FFF615AF01262F488089BC
:103FE00030490988884205DC2C48008C2D494988D5
:103FF000884226DD9DF80C0000F00F0001280ADD44
:104000002648C089254988810846408C08840020BC
:104010002049087018E020480078401E1F490C31E4
:1040200031F810000C3988811B480078401E20317F
:1040300031F81000203908848020039008468586D6
:1040400002E00020134908709DF80C0000F08F007A
:10405000802815D11148808E00F4004030B10F48FF
:10406000808E20F400400D49888609E04FF6FF70ED
:104070000A49888108840846808E00F4604088865A
:1040800004480078F02802DD0A2002490870304612
:1040900004B070BD36000024350000243800002430
:1040A000DAB90390E40400242DE9F04104460E46F9
:1040B00017464FF00008F4F7D9FA2820F4F7A0FAD1
:1040C000F4F71AFB2012F4F79BFAF4F715FBE0B2B1
:1040D000F4F796FAF4F710FB00250BE0705DF4F7A7
:1040E0008FFAF4F709FB8046B8F1000F00D003E027
:1040F000681CC5B2BD42F1DB00BFF4F7DDFA4046F3
:10410000BDE8F0812DE9F04106463746788E00285B
:1041100002DC0020BDE8F0817D6A002409E0F96A34
:1041200031F81400F2F774FF08B10120F2E7601CC7
:1041300084B255F8240050B155F8240005A1ECF7DD
:104140002FFA20B155F8240000780028E7D100208C
:10415000E0E700000A00000001460020302905DBEE
:10416000392903DCA1F13002D0B21CE0612902DB65
:10417000A1F12002D1B2A1F14102062A10D2DFE85A
:1041800002F0030507090B0D0A200BE00B2009E0E4
:104190000C2007E00D2005E00E2003E00F2001E0D9
:1041A000002000BF00BF70472DE9F04105462C46B6
:1041B0004FF44041606A06F0ADFE94F92E10A08DD8
:1041C0000122FEF707FC0746206B18B300261EE00D
:1041D000206B30F82600A18D884216D1206B00EBB1
:1041E000860090F9021094F92E0081420DD1226BC5
:1041F00002EB860292F90320521E3A44D21D91B27C
:104200004FF40042606A07F07FFA701C86B2A08EFD
:10421000B042DDDCA08D218D884210D194F92E10A2
:1042200094F92A0081420AD194F92B20521E3A4473
:10423000D21D91B24FF48042606A07F065FABDE882
:10424000F081000010B500BF00224FF4006111485A
:10425000EDF78CF900BF00F01FF800BF01229102BA
:104260000C48EDF783F900BF00F016F800BF0022FC
:104270004FF480610748EDF779F900BF00F00CF8C2
:1042800000BF0122D1020348EDF770F900BF00F032
:1042900003F810BD0004025810B50220EDF798F99C
:1042A00010BD000000B587B000BF00BF1A4800680D
:1042B00040F00200184908600846006800F002005B
:1042C000019000BF00BF00BF00BF00BF08460068EC
:1042D00040F0020008600846006800F0020001900B
:1042E00000BF00BF00BF4FF4806002901120039018
:1042F000012004900320059002A90848EDF722F957
:104300004FF40060029002A90448EDF71BF900F099
:10431000B7F807B000BD0000E0440258000402589E
:1043200010B500BF0122D1020C48EDF71FF900BF04
:10433000FFF7B2FF00BF012291020848EDF716F91E
:1043400000BFFFF7A9FF00BF00224FF480610348C0
:10435000EDF70CF900BFFFF79FFF10BD00040258F6
:1043600070B50546002400261EE06006040E00BF5E
:10437000012291021148EDF7F9F800BFFFF78CFF19
:104380004FF400610D48EDF728F908B1601CC4B284
:1043900000BF00224FF480610848EDF7E7F800BF46
:1043A000FFF77AFF701CC6B2082EDEDB15B9FFF7E7
:1043B000B7FF01E0FFF746FF204670BD000402583A
:1043C00070B50446002526E000BFE00928B10122AF
:1043D000D1021648EDF7CAF805E000224FF400615B
:1043E0001248EDF7C3F800BFFFF756FF00BF0122E8
:1043F00091020E48EDF7BAF800BFFFF74DFF00BF7E
:1044000000224FF480610948EDF7B0F800BF600664
:10441000040E681CC5B2082DD6DB00BF0122D102F4
:104420000248EDF7A3F800BF70BD00000004025879
:1044300010B500BF0122D1021048EDF797F800BF78
:1044400000BF012291020D48EDF790F800BFFFF781
:1044500023FF00BF00224FF400610848EDF786F803
:1044600000BFFFF719FF00BF00224FF4806103482F
:10447000EDF77CF800BFFFF70FFF10BD00040258F6
:1044800010B500BF00224FF400610C48EDF76EF844
:1044900000BFFFF701FF00BF012291020748EDF7BF
:1044A00065F800BFFFF7F8FE00BF0122D102034804
:1044B000EDF75CF800BFFFF7EFFE10BD00040258F7
:1044C00070B50024002500BF0122D1021548EDF788
:1044D0004DF800BFFFF7E0FE00BF01229102114836
:1044E000EDF744F800BFFFF7D7FE07E0601CC4B249
:1044F000FA2C03DDFFF7C4FF012506E04FF400614D
:104500000848EDF76AF80028F0D100BF00BF00228C
:104510004FF480610348EDF729F800BFFFF7BCFEB8
:10452000284670BD000402582DE9F04104460D46AE
:10453000606D18B900BF00BFBDE8F081606DA9686B
:1045400030F92160606DA96800EB8100B0F902705C
:10455000A87B1A490978884206D0A87B012801D196
:1045600000BF01E000BF00BFA87B01280AD1B4F959
:104570000C00B04203D1B4F90E00B84202D0201DA5
:1045800000F094FE201D00F00FFF00B1D4E726815B
:104590006781A87B012803D1201D00F027FD02E0E0
:1045A000201D00F083FE201D00F0FEFE00B1C3E7D9
:1045B0002189A1816189E18100BFBDE75401002407
:1045C00070B5044604214048006814F07DFE20B117
:1045D0003D49E06A0968884200D170BD3A480068E8
:1045E00013F070F80546E06A18B1E06A13F06AF853
:1045F00000E000200646B54224D14DB132480068A3
:104600000DF0D6FB204600F0CFFE002857D0E4E79F
:10461000E06A50B12D49E06A0A680F210CF0ECFC09
:10462000204600F0C1FE00B1D7E728480E210268FD
:10463000254800680CF0E0FC204600F0B5FE00289C
:104640003DD0CAE766B9E06A50B12049E06A0A681D
:104650000F210CF0D1FC204600F0A6FEC8B1BCE74B
:10466000E06AB0B156B91949E06A0A680F210CF046
:10467000C3FC204600F098FE58B1AEE71349E06A4B
:104680000A6810210CF0B8FC204600F08DFE00B145
:10469000A3E745B10C4800680DF08AFB204600F006
:1046A00083FE60B199E709480E2102680648006858
:1046B0000CF0A2FC204600F077FE00B18DE7024826
:1046C0000168E16200BF88E7500100244C0100242A
:1046D0002DE9F04704460D46A87B012805D16079F5
:1046E000C0F3C00008B1BDE8F0876079C0F3C00036
:1046F00058B1607920F0080161710021616460792E
:1047000020F00101617100212172277AA97B2172B9
:104710006968E160D4F85080B8F1000F00D1E2E799
:1047200040460DF0BBFBED4908600846006800B943
:10473000D9E7A87B08B10020A88140460DF0AEFB68
:10474000E64908600846006800B9CCE7A87B012864
:1047500053D1002F51D100BF00BF1AF06CFA606432
:1047600068680A2820D1DD48006815F09DF928B94D
:104770001021DA48006814F0A7FD08B1012000E01C
:104780000020064640460DF081FB00B95EB9D448D2
:1047900001210268D14800680CF02EFC201D00F0B9
:1047A00003FE00B19FE74AE16868142804D1A88994
:1047B000401E00B2A88142E16868132804D1A8898C
:1047C000401C00B2A8813AE168681B2810D11B2167
:1047D00040460DF0EFFBC24820210268BF48006848
:1047E0000CF00AFC201D00F0DFFD0028DBD07AE78A
:1047F000404669680DF0DEFB21E1A87B012870D1FD
:10480000012FFCD1607900F00100B8BB606C1AF098
:1048100005FA2168898B884244D9607920F001002B
:10482000401C60711AF007FAA06468680A2833D146
:10483000AA48006815F038F928B91021A74800687F
:1048400014F042FD08B1012000E000200646B6B198
:1048500040460DF02EFB01281DD900BF00BF404689
:104860000DF014FB80F00109494640460DF0B1FB04
:1048700020219A48006812F02CF90CE012E09848C8
:1048800005210268954800680CF0B6FB201D00F079
:104890008BFD00B127E700BF607920F00100401CCC
:1048A0006071CCE0607900F0010000288BD0A06C32
:1048B0001AF0B4F92168C98B884284D91AF0BBF97F
:1048C000A06468680A280DD18548062102688348DB
:1048D00000680CF091FB201D00F066FD00288BD0D5
:1048E00001E719E06868142804D1A889401E00B2C5
:1048F000A881A4E06868132804D1A889401C00B2EC
:10490000A8819CE0404669680DF054FB201D00F032
:104910004BFD0028C5D0E6E6A87B002870D1012F0A
:104920006ED100BF00BF68680A286BD16B48006871
:1049300015F0BAF828B910216848006814F0C4FCD2
:1049400008B1012000E0002006463EBB6448082173
:104950000268624800680CF04FFB201D00F024FD47
:1049600000B1C0E6607900F0010030B95C48042174
:1049700002685A4800680CF03FFB201D00F014FD4F
:1049800000B1B0E6564807210268544800680CF0B0
:1049900033FB201D00F008FD88B3A4E640460DF06F
:1049A00075FA70B3607900F0010020B140460DF057
:1049B00080FA01282CD84A48082102684748006834
:1049C0000CF01AFB201D00F0EFFC00B18BE6444810
:1049D00004210268414800680CF00EFB201D00F025
:1049E000E3FC00B17FE63E48072102683B480068CF
:1049F0000CF002FB201D00F0D7FC20B173E617E09D
:104A00001DE00BE015E00A2140460DF0D3FA0FE05F
:104A100020213248006812F05CF809E0607900F06B
:104A2000010028B900BF00BF012140460DF0D1FAB6
:104A300000BF00216164607920F0010161710020F4
:104A400026490860A88928B340460DF01FFA10B324
:104A500000BF00BFB5F90C0000280CDA002604E006
:104A6000142140460DF0A6FA761CB5F90C00404220
:104A7000B042F5DC0EE0B5F90C0000280ADD002696
:104A800004E0132140460DF095FA761CB5F90C00B0
:104A9000B042F6DC20E000BF00BFB5F90C000028F2
:104AA0000BDA002603E040460DF0DEF9761CB5F97E
:104AB0000C004042B042F6DC0DE0B5F90C000028D5
:104AC00009DD002603E040460DF066F9761CB5F9D5
:104AD0000C00B042F7DC00BF00BF04E65001002428
:104AE0004C01002470B50446A06A00B170BD94F872
:104AF0003D0000F0010000B1F8E7256A03E0284618
:104B000012F03AFE054635B14FF40041284614F044
:104B1000DBFB0028F3D105B9E8E7B4F91000002861
:104B200002DDB4F9100002E0B4F910004042484937
:104B300009680968897E884212DAB4F912000028EF
:104B400002DDB4F9120002E0B4F91200404240491B
:104B500009680968897E884202DA00212187618715
:104B6000218F208A084401B22187618F608A08441E
:104B700001B26187B4F93800002802DDB4F93800C9
:104B800002E0B4F938004042314909680968C97E39
:104B900088420FDCB4F93A00002802DDB4F93A008B
:104BA00002E0B4F93A004042294909680968C97E1F
:104BB00088424ADD012184F83D10B4F9380000280C
:104BC00002DDB4F9380002E0B4F938004042B4F92B
:104BD0003A10002902DDB4F93A1002E0B4F93A10B3
:104BE0004942884213DDB4F93800002807DD94F803
:104BF0003C0020F0F000203084F83C001AE094F8EB
:104C00003C0020F0F000103084F83C0012E0B4F9D1
:104C10003A00002807DD94F83C0020F0F0008030D6
:104C200084F83C0006E094F83C0020F0F0004030AE
:104C300084F83C0006480C21026828460CF0DCF998
:104C4000204600F0B1FB00B150E700BF4EE7000086
:104C50004C0100242DE9F04104460D46A87B0128B3
:104C600005D16079C0F3C00008B1BDE8F08160797A
:104C7000C0F3C00058B1607920F0080161710021D3
:104C80006164607920F00101617100212172276D5A
:104C900007B9EAE738460DF001F99149086008467E
:104CA000006800B9E1E7D4F80C806968E160267A11
:104CB000A97B2172A87B012853D1002E51D100BFBE
:104CC00000BF19F0B8FF606468680A2810D10A2193
:104CD00038460DF06FF9834801210268804800686A
:104CE0000CF08AF9201D00F05FFB002838D0BCE7EB
:104CF00068681B2810D11B2138460DF05BF97948F4
:104D000020210268764800680CF076F9201D00F03A
:104D10004BFB0028EAD0A8E7686809280CD10021DD
:104D200038460DF056F938460DF036F8201D00F0E3
:104D30003BFB0028DAD098E768680B280CD10021EB
:104D400038460DF046F938460DF08EF8201D00F07B
:104D50002BFB0028CAD088E7384669680DF02AF98D
:104D6000B8E0A87B01287BD1012E79D168680A2898
:104D70000BD15C4802210268594800680CF03CF9EC
:104D8000201D00F011FB00B16FE7607900F0010019
:104D9000F0B9606C19F042FF2168898B884217D9FD
:104DA000607920F00100401C607168680A28D7D142
:104DB00019F041FFA0644B4805210268484800688B
:104DC0000CF01AF9201D00F0EFFA0028C8D04CE7CB
:104DD000607900F0010000287CD0A06C19F01EFF63
:104DE0002168C98B884275D919F025FFA0646868CD
:104DF0000A280CD13B4806210268394800680CF0AB
:104E0000FBF8201D00F0D0FA002863D02DE7686879
:104E100009280CD1002138460DF0DBF838460CF09B
:104E2000BBFF201D00F0C0FA002853D01DE76868C2
:104E30000B280CD1002138460DF0CBF838460DF088
:104E400013F8201D00F0B0FA88B30EE708E03846EA
:104E500069680DF0AFF8201D00F0A6FA38B304E73A
:104E6000A87B20BB012E35D100BF00BFC5F8048050
:104E700068680A2828D11B48082102681848006879
:104E80000CF0BAF8201D00F08FFA00B1EDE6607961
:104E900000F0010060B9134804210268104800685E
:104EA0000CF0AAF8201D00F07FFA08B1DDE611E051
:104EB0000C48072102680A4800680CF09DF8201D84
:104EC00000F072FA00B1D0E600216164607920F050
:104ED0000101617100200249086000BFC5E60000C1
:104EE000500100244C01002470B505460C4628688A
:104EF000066921882982618869823068007CC0F354
:104F00000110022805D03068007CC0F3011003288E
:104F10000DD1306800882188401A401E00B22080E0
:104F2000306840886188401A401E00B26080306856
:104F3000007CC0F30110012805D03068007CC0F36C
:104F4000011003280AD1B4F9020021886180316878
:104F50004988091A491E09B2218000BFB4F900002E
:104F6000002801DA00BF00BF2968086908F064FB67
:104F7000B4F90010884201DC00BF00BFB4F90200A0
:104F8000002801DA00BF00BF2968086908F0BAFBF1
:104F9000B4F90210884201DC00BF00BFE86C90B198
:104FA000B5F90C00B4F90010884205D1B5F90E002E
:104FB000B4F90210884206D0B4F90220B4F9001006
:104FC000E86C15F02CFF2188298161886981287996
:104FD000012803D1281D00F009F802E0281D00F087
:104FE00065F92989A9816989E98170BD2DE9F041B7
:104FF000044600BF00BFAB49206A08606078C0F378
:10500000C00008B1BDE8F081A748006800680569E4
:105010000026A448006810BB284608F028FB074675
:10502000211D0EF06CFB9F4908600846006840B9DE
:10503000284608F029FB0746211D0EF060FB994920
:1050400008609848006840B9284608F039FB0746D0
:10505000211D0EF054FB9349086001262AE0A06A46
:1050600040BB4FF400518F48006814F02DF908BB85
:10507000284608F0FCFA0746211D0EF040FB89493E
:1050800008600846006840B9284608F0FDFA07465F
:10509000211D0EF034FB834908608248006840B946
:1050A000284608F00DFB0746211D0EF028FB7D4920
:1050B0000860012666B1606A50B1002121836183D6
:1050C0002046EFF774FE204600F06EF900B199E734
:1050D0007449206A0968884254D0A1882181E188F6
:1050E0006181206A60B1276A6F48032102683846EF
:1050F0000BF082FF204600F057F900B182E700BFB5
:10510000684801682162016861620068002839D03E
:1051100019F091FD2064607820F00100607000219A
:10512000A182E18294F83C0020F00F0184F83C1049
:1051300094F83C0020F0F00184F83C10002184F841
:105140003D102187618721826182574801210268D1
:10515000544800680BF050FF204600F025F900B1DC
:1051600050E7514800684079C0F3C00000B149E7FA
:105170004D480068001DFFF723FA204600F014F99F
:1051800000B13FE7A1882089081A01B22182E18895
:105190006089081A01B26182B4F9180040F35C001A
:1051A0002083B4F91A0040F35C016183218BB4F9C8
:1051B0001000800001EBE00001B22183618BB4F9A3
:1051C0001200800001EBE00001B26183A169E1619E
:1051D00034480068002863D033480221026831480F
:1051E00000680BF009FF204600F0DEF800B109E787
:1051F0002D4800684079C0F3C00000B102E72046A6
:10520000EFF73AFD204600F0CFF800B1FAE620466D
:10521000FFF768FC204600F0C7F800B1F2E6A06A8C
:1052200000BB607800F00100E0B9206C19F0F6FCDA
:105230001D4909680968898B884213D91A480521D4
:105240000268184800680BF0D7FE204600F0ACF862
:1052500000B1D7E6607820F00100401C607019F0C2
:10526000EAFC6064A06AD8B9607800F00100B8B1C7
:10527000606C19F0D3FC0C4909680968C98B884235
:105280000ED9094806210268064800680BF0B4FEF2
:10529000204600F089F800B1B4E619F0CCFC606457
:1052A00000BFAFE6500100244C01002470B5044655
:1052B0006078C0F3C00048B1002121626162002023
:1052C00020646064607820F0080060702049206AE3
:1052D0000860A56A0846006878B300BF00BF1D4893
:1052E000082102681A4800680BF086FE204600F08C
:1052F0005BF800B170BDDDB9607800F0010058B90D
:10530000144804210268124800680BF075FE20461C
:1053100000F04AF800B1EDE70E48072102680C489A
:1053200000680BF069FE204600F03EF800B1E1E7AE
:10533000002121620020206460643DB12046EFF727
:1053400036FD204600F030F800B1D3E700BFD1E7CA
:10535000500100244C0100244179C1F3400100298F
:105360001ED0002242628262C262417921F00102B3
:1053700042710022426482640283428390F84010AA
:1053800021F00F0280F8402000228283C2838287AE
:10539000C287417921F0020242710021014A116065
:1053A000704700005001002401464878C0F34000D7
:1053B00010B10020024A10604878C0F340007047E6
:1053C000500100242DE9FE4F0646344694F82A0089
:1053D00000F0010000284AD0A08C072190FBF1F0DA
:1053E00085B2E08C90FBF5F105FB1100E084E08CC8
:1053F000032101FB0500E084E08C90FBF5F105FB47
:1054000011002085208D032101FB0500208500214E
:10541000304613F0BAFD02900021304613F027FE0B
:10542000814602980CF0E0F80746304612F0C0F8CA
:1054300080463046FDF7DDFD0190E08C07EB090169
:1054400048430FFA80FA414608EBD17252103846B1
:1054500007EBD073A2EB63020FFA82FBABEB0A00FF
:1054600000B20090DDE9001015F04CFF00BFBDE870
:10547000FE8F0000F8B50446A56A8021284613F087
:1054800023FF50B941F6FF70034642421146009097
:1054900004F1300005F0A0FAA7E0284612F002FB64
:1054A000012804D0022816D0032843D125E0E88A39
:1054B000401C01B2002341F6FF722846FCF79AFA1D
:1054C0006086E88A401E02B2002352492846FCF753
:1054D00091FAE08635E0B5F91A10002341F6FF7223
:1054E0002846FCF787FA6086B5F91A200023494957
:1054F0002846FCF77FFAE08623E005F1140005F06A
:105500005FF9074600EBD7704110E88A084406B2FD
:10551000002341F6FF72701C01B22846FCF76AFABC
:105520006086701E02B200233A492846FCF762FAF0
:10553000E08606E04EF20101618641F6FF71E186E8
:1055400000BF00BF284612F0A3FA012804D00228A9
:1055500014D0032841D123E0B5F91410002341F6FB
:10556000FF722846FCF7ACF92086B5F91420002319
:1055700028492846FCF7A4F9A08635E0B5F91810AB
:10558000002341F6FF722846FCF79AF92086B5F908
:10559000182000231F492846FCF792F9A08623E033
:1055A00005F1140005F07FF9074600EBD770A98AD2
:1055B00001EB600006B2002341F6FF72701C01B2DD
:1055C0002846FCF77DF92086701E02B2002311499F
:1055D0002846FCF775F9A08606E04EF20101218607
:1055E00041F6FF71A18600BF00BF208E10B94EF2B8
:1055F00001012186A08E10B941F6FF71A186608E4F
:1056000010B94EF201016186E08E10B941F6FF71CA
:10561000E186F8BD01E0FFFF2DE9F04704460D46A5
:1056200016461F4604F1400000EBC61050F82780D4
:1056300000BFB8F1000F03D100BF00BF00BFFEE7FD
:1056400000BF00BF1DB900BF00BF00BFFEE700BF25
:10565000C5F80880EC60C8F80C5000BF2846F1F788
:1056600014FC82462846F1F710FC81460421F0F72D
:10567000BCFE824503D000BF00BF00BFFEE700BFF5
:1056800004F1400000EBC61040F827500121B14062
:1056900020690843206104F1140050F8260001211C
:1056A000B940084304F1140141F82600BDE8F08731
:1056B00070B505460C4600200F49086022461D21A2
:1056C00028460BF099FC0C48006890B10A48006825
:1056D000007808B9002070BD214607480068EAF745
:1056E0005FFF30B104480168284618F04FFD0020E4
:1056F000F1E70120EFE70000300300242DE9F04F2F
:1057000089B006460C4615461F4600BF00BF30460E
:1057100014F010FA10B909B0BDE8F08FB046AC42F1
:1057200000D1F8E7B4F5B47F02DDA4F5B47084B21B
:10573000B5F5B47F02DDA5F5B47085B2B8F82400E4
:10574000204484B2B8F82400284485B2B4F5B47F6C
:1057500002DDA4F5B47084B2B5F5B47F02DDA5F521
:10576000B47085B208AA07A93046FDF7BAF83946E1
:10577000304612F05BFE8146B246BB465122594686
:10578000504613F01DFB0390039808B1012000E080
:105790000020069004A9069808B1012000E000202E
:1057A000CDE90059CDE90201BDF820309AB2BDF92A
:1057B0001E10BDF91C00234608F009F804A9304664
:1057C00014F059F900BFA6E71FB5044602AA03A9C1
:1057D0002046FDF786F86B46BDF9082003A9204650
:1057E000FDF764FB6946204614F045F91FBD2DE91D
:1057F000FF4781460C464FF6FF70844201D1BDE859
:10580000FF874E46308EA04200DCF8E7B06A00EB1E
:10581000C40102A804F0B0FF6946484611F006FF33
:105820000021484613F009FA07460021484613F0C4
:105830008BF88046484611F005FF824607F0EAFEE5
:1058400005460A2195FBF1F0B84201DA384602E03C
:105850000A2095FBF0F007B20A2095FBF0F04045D6
:1058600001DA404602E00A2095FBF0F00FFA80F8DA
:10587000BDF80800BDF80010C91B084400B2ADF81F
:105880000800BDF80A00BDF80210A1EB08010844A9
:1058900000B2ADF80A00BDF80C00BDF800103944A4
:1058A000084400B2ADF80C00BDF80E00BDF80210BF
:1058B0004144084400B2ADF80E00B08EA0420ED1B3
:1058C000F06A30F8140000F4007040B102A804F04F
:1058D000C4FFBDF80A10081A00B2ADF80A0002A908
:1058E000484614F0C8F800BF89E71CB504462146B5
:1058F0006846FDF78BFA6946204614F0BCF81CBDDB
:105900002DE9F04F87B005460E462C46B4F88200CC
:10591000B04202DC07B0BDE8F08F284611F067FE08
:10592000B4F884104843001207B2284611F0CAFFA9
:10593000824694F88800C0F3C00018B9284614F0D5
:1059400060F8E7E794F8880000F0070001287CD1B0
:105950000021284612F01FFE06900021284613F071
:1059600034F80590A98A0598014406980844A0EBEC
:105970000A000FFA80FB4FF4A020029040F6490283
:105980002846029913F01CFA0190019800B2804653
:105990004FF40031284613F0ECFB814600BFA88A83
:1059A000ADF80C00E88AADF80E00288BADF81000B9
:1059B000688BADF8120000BFBDF80E0008EB0901BE
:1059C000401A00B2ADF80E00BDF8120008EB090154
:1059D000084400B2ADF81200B4F88200401EB04294
:1059E0001FDD07FB06F0B4F88210491E90FBF1F0B2
:1059F0005844A0EB0800A0EB090000B2ADF80C0081
:105A0000701C7843B4F88210491E90FBF1F05844A2
:105A10004044484400B2ADF8100003A9284614F0F1
:105A20002AF8002E21DD701E7843B4F88210491E3A
:105A300090FBF1F05844A0EB0800A0EB090000B285
:105A4000ADF80C0007FB06F000E00FE0B4F88210A0
:105A5000491E90FBF1F058444044484400B2ADF870
:105A6000100003A9284614F006F84BE094F88800CB
:105A700000F00700022838D10021284612F03DFF2F
:105A8000B4F8841048434FEA202807EB0800B4F824
:105A9000821090FBF1F00FFA80F909FB06F00FFA83
:105AA00080FB0021284612F090FFA98A0844584440
:105AB0000FFA80FB05A9284611F0B8FDABEB0A00F0
:105AC00000B2ADF81400BDF81400484400B2ADF8BF
:105AD0001800BDF81400A0EB080000B2ADF81400E7
:105AE00005A9284613F0C7FF0CE094F8880000F0E1
:105AF0000700032803D1284613F083FF02E028465D
:105B000013F07FFF00BF05E7014601F0030070B905
:105B10006420B1FBF0F200FB121030B94FF4C870F2
:105B2000B1FBF0F200FB121008B901207047002011
:105B3000FCE700002DE9F74F94B004460D46F2490A
:105B4000204613F0CCFB10B117B0BDE8F08F204613
:105B5000FCF730FF13902046FDF7C6FD1290129817
:105B600008B1139800B9EFE72046FCF713FF06468B
:105B70002046FDF7A9FD074600BF00200390E3483B
:105B800002882046039913F01BF902900298C0B2D4
:105B9000119000BF00200390DD4802882046039941
:105BA00013F00EF902900298C0B21090286830F9F4
:105BB00016100F91296813983044401E31F81010C8
:105BC000AA6813983044401E32F81000084400B20E
:105BD0000E90DDE90E01401A00B20D90686830F9B0
:105BE00017100C91696812983844401E31F8101053
:105BF000EA6812983844401E32F81000084400B297
:105C00000B90DDE90B01401A00B20A9000212046FA
:105C100012F04DFC012809D1119810B90220119001
:105C200004E01198022801D10020119000BF208BC0
:105C3000A18A401A401C00B2099000BF608BE18A23
:105C4000401A401C00B20890119830B1012818D0B9
:105C5000022827D0032808D000BF286830F916A0F2
:105C6000608C20F4806060842CE0286830F916A0F5
:105C70000D980990608C20F4806000F5806060844D
:105C800020E0296831F81630099A0D99881A00EB3E
:105C9000D07103EB61010FFA81FA608C20F480600F
:105CA00060840FE0204613F0B2FA296831F816201C
:105CB0000D991144081A0FFA80FA608C20F4806064
:105CC000608400BF00BF109830B1012818D00228AE
:105CD00027D0032808D000BF686830F917B0608C5F
:105CE00020F4007060842CE0686830F917B00A98DE
:105CF0000890608C20F4007000F50070608420E053
:105D0000696831F81730089A0A99881A00EBD0713F
:105D100003EB61010FFA81FB608C20F4007060845A
:105D20000FE0204611F0D8FC696831F817200A9975
:105D30001144081A0FFA80FB608C20F40070608414
:105D400000BF00BF204613F062FA0999884205D1CE
:105D5000204611F0C1FC089988422BD000BFA08AD0
:105D6000ADF80800E08AADF80A00208BADF80C0011
:105D7000608BADF80E0000BF204613F042FE04F128
:105D80001400099904F035FE04F11400089904F098
:105D90002AFE204613F035FE02AA292120460BF0E8
:105DA0002BF9204611F0E8FC2246222101900BF04D
:105DB00023F900BF0020039043F20C022046039910
:105DC00012F0FEFF029002980FFA80F800BF002048
:105DD000039043F20D022046039912F0F1FF029066
:105DE00002980FFA80F900BF204613F010FA0790CE
:105DF000204611F071FC069008F4C040B0F5005F39
:105E000001D1012000E0002030B128F4C040B0F5FD
:105E1000FA6F01DC012000E0002090B128F4C040BE
:105E2000B0F57A7F04DD28F4C040C0F57A7001E057
:105E300028F4C04007994843642190FBF1F00FFA21
:105E400080F809F4C040B0F5005F01D1012000E006
:105E5000002030B129F4C040B0F5FA6F01DC012018
:105E600000E0002090B129F4C040B0F57A7F04DD55
:105E700029F4C040C0F57A7001E029F4C0400699C9
:105E80004843642190FBF1F00FFA80F90AEB080017
:105E90000FFA80FA0BEB09000FFA80FB16980089C5
:105EA0005044A18A401A00B205901698408900EB30
:105EB0000B01E08A081A00B20490059808B904980A
:105EC000F8B1204613F09DFDA18A0598084400B260
:105ED000A082218B0598084401B22183E18A0498AD
:105EE000084401B2E182618B0498084401B26183E5
:105EF000204613F086FD01232046DDE9042113F03E
:105F00005DFE00BF20E600000100060084020024C0
:105F10008A0200242DE9F04106460F46154600206E
:105F20001AF07CFA04460DE039462046B0470128B5
:105F300004D105B12C600120BDE8F08120461AF0A3
:105F40006DFA044624B1606820F040400028EBD18F
:105F50000020F1E730B5024614460B4620881D8824
:105F6000A84203D020881D88401B30BD60885D8812
:105F7000401BFAE730B5024614460B4620781D78E0
:105F8000A84203D020781D78401B30BD60785D7832
:105F9000401BFAE700B587B000BF00BF2548006886
:105FA00040F00100234908600846006800F0010045
:105FB000019000BF00BF00BF00BF00BF08460068DF
:105FC00040F0010008600846006800F00100019000
:105FD00000BF00BF00BF00BF00BF0846006840F020
:105FE000010008600846006800F00100019000BF51
:105FF00000BF00BF02200290002003900120049007
:106000000320059002A90C48EBF79CFA4FF40040DE
:1060100002900120049002A90748EBF793FA0120AF
:1060200002900220049002A90348EBF78BFA07B014
:1060300000BD0000E04402580000025870B504465C
:10604000002514B10120234908702248007858B374
:1060500002212148EBF7C1FA58B14FF400411E4824
:10606000EBF7BBFA28B101211B48EBF7B6FA012880
:106070001AD10A20EBF77FFA002016490870022196
:106080001548EBF7AAFA00B901254FF40041124870
:10609000EBF7A3FA00B9022501210F48EBF79DFAAF
:1060A000012815D1032513E002210B48EBF795FADF
:1060B00001280DD1C1030848EBF78FFA012807D159
:1060C00001210548EBF789FA10B901200149087050
:1060D000284670BD290000240000025870B505460E
:1060E0000C462646686820F040403168884204D15A
:1060F0002846FCF7D3F8012070BD0020FCE72DE90D
:10610000F041054628460AF00FFF044628460AF0EB
:106110006CFF0746384611F02FFB06462A2C01D0AB
:10612000292C09D1002138460EF07AFD30461BF0AB
:106130004DF830461CF0A2F9BDE8F0812DE9F041A0
:106140000446204611F0D1F90746002607E0A06872
:10615000006850F826502846FFF7F0FF761CBE4234
:10616000F5D394F8220000F0010008B9BDE8F081F1
:10617000608C20F001006084204614F01CF820465A
:1061800013F0A8FED7B10021204612F098FA054678
:106190009DB10B48006885420FD8681E09490968FF
:1061A00001EBC000D0F80480681E0649096851F868
:1061B000302041462046904700BF00BF00BFD5E7D2
:1061C00060010024C002002470B50446002609487E
:1061D0000588408845430021084602F089FE03F007
:1061E000E5F800BF02E004480480761CAE42FAD312
:1061F00070BD0000E40400240000106010B50446E7
:1062000049488471002C45D1F020474908804FF45B
:10621000A07048800846808845F21051884210D10D
:106220004FF43050404908814FF4285048814FF4D2
:106230002C5088814FF4F07008804FF448704880EB
:106240001AE03948808841F6631188420DD12C202C
:10625000354908812B2048812A2088814FF4F0702D
:1062600008804FF44870488006E02C202E490881B1
:106270002A2048812B2088812B48808845F21031C4
:1062800088424CD14FF4A070274908804FF4F07039
:10629000488044E04FF4A07023490880F0204880F3
:1062A0000846808845F21051884210D14FF4305092
:1062B0001D4908814FF4285048814FF42C508881A3
:1062C0004FF4487008804FF4F07048801AE0164888
:1062D000808841F6631188420DD12C201249088133
:1062E0002A2048812B2088814FF4487008804FF481
:1062F000F070488006E02C200B4908812A20488154
:106300002B2088810848808845F21031884206D1C8
:106310004FF4F070044908804FF4A07048800020CA
:1063200002F0CEFC10BD0000E40400242DE9F0478B
:1063300006460F4690469A46002445460320A0EBA9
:10634000480944E07A1B91B2321990B2524600F0EB
:10635000C1F83A1B91B2721990B2524600F0BAF8E5
:106360003A1991B2721990B2524600F0B3F87A1904
:1063700091B2321990B2524600F0ACF87A1991B24B
:10638000321B90B2524600F0A5F83A1991B2721B36
:1063900090B2524600F09EF87A1B91B2321B90B236
:1063A000524600F097F83A1B91B2721B90B25246D7
:1063B00000F090F8641CB9F1000F03DAA000801D12
:1063C000814404E0601B80000A3081446D1EAC42B1
:1063D000B8DDBDE8F0872DE9F84F04460D461746B5
:1063E0009846DDF828B0381B401C1FFA80F9A8EB4E
:1063F0000500401C1FFA80FAA9B2A0B253464A46D3
:1064000002F006FE09FB0AF0009002F0CFFF002622
:1064100004E03BF8160002F0B1FF761C00988642BB
:10642000F7D3BDE8F88F2DE9FF4F84B081468A4647
:106430000020029083460698A0EB09050798A0EB80
:106440000A06CDF80490CDF800A0002D01DD01274B
:1064500005E00DB9002702E04FF0FF376D42002E36
:1064600002DD4FF0010806E016B94FF0000802E027
:106470004FF0FF387642B54201DD2C4600E034464D
:10648000002003901EE0009A91B2019A90B2119AF6
:1064900000F020F8029828440290B3440298A042E9
:1064A00005DD0298001B0290019838440190A34535
:1064B00004DDABEB040B0098404400900398401CB3
:1064C00080B20390611C03988842DCDD08B0BDE80F
:1064D000F08F000070B505460E461446314628463A
:1064E00002F006FD02F062FF01490C8070BD000061
:1064F0000000106010B5CF2002F04CFF002002F029
:106500003DFFC12002F03AFF302002F037FFED20BE
:1065100002F040FF642002F031FF032002F02EFF62
:10652000122002F02BFF812002F028FFE82002F069
:1065300031FF852002F022FF102002F01FFF7A2099
:1065400002F01CFFCB2002F025FF392002F016FFDD
:106550002C2002F013FF002002F010FF342002F084
:106560000DFF022002F00AFFF72002F013FF2020A7
:1065700002F004FFEA2002F00DFF002002F0FEFE10
:10658000002002F0FBFEC02002F004FF1B2002F0FE
:10659000F5FEC12002F0FEFE012002F0EFFEC52054
:1065A00002F0F8FE302002F0E9FE302002F0E6FEB4
:1065B000C72002F0EFFEB72002F0E0FE362002F026
:1065C000E9FE482002F0DAFE3A2002F0E3FE552010
:1065D00002F0D4FEB12002F0DDFE002002F0CEFE7B
:1065E0001A2002F0CBFEB62002F0D4FE0A2002F000
:1065F000C5FEA22002F0C2FEF22002F0CBFE002077
:1066000002F0BCFE262002F0C5FE012002F0B6FE1C
:10661000E02002F0BFFE0F2002F0B0FE2A2002F0C0
:10662000ADFE282002F0AAFE082002F0A7FE0E20F0
:1066300002F0A4FE082002F0A1FE542002F09EFE0B
:10664000A92002F09BFE432002F098FE0A2002F0EF
:1066500095FE0F2002F092FE002002F08FFE002037
:1066600002F08CFE002002F089FE002002F086FE7F
:10667000E12002F08FFE002002F080FE152002F0E3
:106680007DFE172002F07AFE072002F077FE11202F
:1066900002F074FE062002F071FE2B2002F06EFE66
:1066A000562002F06BFE3C2002F068FE052002F04E
:1066B00065FE102002F062FE0F2002F05FFE3F2018
:1066C00002F05CFE3F2002F059FE0F2002F056FE61
:1066D0002B2002F05FFE002002F050FE002002F0AE
:1066E0004DFE012002F04AFE3F2002F047FE2A2024
:1066F00002F050FE002002F041FE002002F03EFEBB
:10670000002002F03BFEEF2002F038FE112002F0E4
:1067100041FE7820EAF72FFF292002F03BFE10BD52
:1067200010B5ED2002F036FE012002F027FEFE201B
:1067300002F024FEEE2002F02DFEDE2002F01EFE0E
:10674000212002F01BFEF12002F024FE012002F0C5
:1067500015FEDF2002F01EFE102002F00FFEC42006
:1067600002F018FE8F2002F009FEC62002F012FE91
:10677000002002F003FEE22002F000FEE22002F020
:10678000FDFDE22002F0FAFDBF2002F003FEAA2088
:1067900002F0F4FDB02002F0FDFD0D2002F0EEFD50
:1067A000002002F0EBFD0D2002F0E8FD002002F0D9
:1067B000E5FD112002F0E2FD002002F0DFFD1920CE
:1067C00002F0DCFD002002F0D9FD212002F0D6FD10
:1067D000002002F0D3FD2D2002F0D0FD002002F0B9
:1067E000CDFD3D2002F0CAFD002002F0C7FD5D2076
:1067F00002F0C4FD002002F0C1FD5D2002F0BEFDEC
:10680000002002F0BBFDB12002F0C4FD802002F0A8
:10681000B5FD002002F0B2FD8B2002F0AFFD00209C
:1068200002F0ACFD962002F0A9FD002002F0A6FDCA
:10683000B22002F0AFFD002002F0A0FD002002F027
:106840009DFD022002F09AFD002002F097FD03203A
:1068500002F094FD002002F091FDB32002F09AFDB9
:10686000002002F08BFD002002F088FD002002F0E5
:1068700085FD002002F082FD002002F07FFD002057
:1068800002F07CFD002002F079FD002002F076FD90
:10689000002002F073FD002002F070FD002002F0E5
:1068A0006DFD002002F06AFD002002F067FD00206F
:1068B00002F064FD002002F061FD002002F05EFDA8
:1068C000002002F05BFD002002F058FD002002F0E5
:1068D00055FD002002F052FD002002F04FFD002087
:1068E00002F04CFD002002F049FD002002F046FDC0
:1068F000B42002F04FFD8B2002F040FD002002F09A
:106900003DFD962002F03AFD002002F037FDA12067
:1069100002F034FD002002F031FDB52002F03AFD16
:10692000022002F02BFD002002F028FD032002F0DF
:1069300025FD002002F022FD042002F01FFD0020B2
:1069400002F01CFDB62002F025FD002002F016FD2D
:10695000002002F013FDB72002F01CFD002002F021
:106960000DFD002002F00AFD3F2002F007FD00208F
:1069700002F004FD5E2002F001FD002002F0FEFCAA
:10698000642002F0FBFC002002F0F8FC8C2002F0F6
:10699000F5FC002002F0F2FCAC2002F0EFFC00203D
:1069A00002F0ECFCDC2002F0E9FC002002F0E6FC46
:1069B000702002F0E3FC002002F0E0FC902002F0E6
:1069C000DDFC002002F0DAFCEB2002F0D7FC002016
:1069D00002F0D4FCDC2002F0D1FC002002F0CEFC5E
:1069E000B82002F0D7FC002002F0C8FC002002F022
:1069F000C5FC002002F0C2FC002002F0BFFC002019
:106A000002F0BCFC002002F0B9FC002002F0B6FC51
:106A1000002002F0B3FCBA2002F0BCFC242002F0FB
:106A2000ADFC002002F0AAFC002002F0A7FC002030
:106A300002F0A4FCC12002F0ADFC202002F09EFC7C
:106A4000002002F09BFC542002F098FC002002F091
:106A500095FCFF2002F092FC002002F08FFCC22087
:106A600002F098FC0A2002F089FC002002F086FC6B
:106A7000042002F083FC002002F080FCC32002F01E
:106A800089FC3C2002F07AFC002002F077FC3A20DE
:106A900002F074FC002002F071FC392002F06EFC60
:106AA000002002F06BFC372002F068FC002002F0AE
:106AB00065FC3C2002F062FC002002F05FFC362006
:106AC00002F05CFC002002F059FC322002F056FC7F
:106AD000002002F053FC2F2002F050FC002002F0B6
:106AE0004DFC2C2002F04AFC002002F047FC29203B
:106AF00002F044FC002002F041FC262002F03EFCA3
:106B0000002002F03BFC242002F038FC002002F0C0
:106B100035FC242002F032FC002002F02FFC232060
:106B200002F02CFC002002F029FC3C2002F026FCA4
:106B3000002002F023FC362002F020FC002002F0AE
:106B40001DFC322002F01AFC002002F017FC2F205E
:106B500002F014FC002002F011FC2C2002F00EFCCC
:106B6000002002F00BFC292002F008FC002002F0BB
:106B700005FC262002F002FC002002F0FFFB24208E
:106B800002F0FCFB002002F0F9FB242002F0F6FBEF
:106B9000002002F0F3FB232002F0F0FB002002F0C3
:106BA000EDFBC42002F0F6FB622002F0E7FB0020C0
:106BB00002F0E4FB052002F0E1FB002002F0DEFB26
:106BC000842002F0DBFB002002F0D8FBF02002F072
:106BD000D5FB002002F0D2FB182002F0CFFB0020F2
:106BE00002F0CCFBA42002F0C9FB002002F0C6FB9F
:106BF000182002F0C3FB002002F0C0FB502002F07E
:106C0000BDFB002002F0BAFB0C2002F0B7FB002015
:106C100002F0B4FB172002F0B1FB002002F0AEFB43
:106C2000952002F0ABFB002002F0A8FBF32002F05D
:106C3000A5FB002002F0A2FBE62002F09FFB002053
:106C400002F09CFBC52002F0A5FB322002F096FB6F
:106C5000002002F093FB442002F090FB002002F0A1
:106C60008DFB652002F08AFB002002F087FB762076
:106C700002F084FB002002F081FB882002F07EFB02
:106C8000002002F07BFBC62002F084FB202002F0F3
:106C900075FB002002F072FB172002F06FFB002052
:106CA00002F06CFB012002F069FB002002F066FBA1
:106CB000C72002F06FFB002002F060FB002002F012
:106CC0005DFB002002F05AFB002002F057FBC820B9
:106CD00002F060FB002002F051FB002002F04EFBAE
:106CE000002002F04BFB002002F048FBC92002F01C
:106CF00051FB002002F042FB002002F03FFB00208D
:106D000002F03CFB002002F039FB002002F036FBD1
:106D1000002002F033FB002002F030FB002002F0E4
:106D20002DFB002002F02AFB002002F027FB0020B0
:106D300002F024FB002002F021FB002002F01EFBE9
:106D4000002002F01BFB002002F018FB002002F0E4
:106D500015FBE02002F01EFB162002F00FFB0020C6
:106D600002F00CFB1C2002F009FB002002F006FBE5
:106D7000212002F003FB002002F000FB362002F08D
:106D8000FDFA002002F0FAFA462002F0F7FA00209D
:106D900002F0F4FA522002F0F1FA002002F0EEFACA
:106DA000642002F0EBFA002002F0E8FA7A2002F008
:106DB000E5FA002002F0E2FA8B2002F0DFFA002070
:106DC00002F0DCFA992002F0D9FA002002F0D6FA9B
:106DD000A82002F0D3FA002002F0D0FAB92002F085
:106DE000CDFA002002F0CAFAC42002F0C7FA00204F
:106DF00002F0C4FACA2002F0C1FA002002F0BEFA82
:106E0000D22002F0BBFA002002F0B8FAD92002F03A
:106E1000B5FA002002F0B2FAE02002F0AFFA00204A
:106E200002F0ACFAF32002F0A9FA002002F0A6FA70
:106E3000E12002F0AFFA162002F0A0FA002002F0E2
:106E40009DFA1C2002F09AFA002002F097FA222004
:106E500002F094FA002002F091FA362002F08EFA45
:106E6000002002F08BFA452002F088FA002002F0A0
:106E700085FA522002F082FA002002F07FFA6420A4
:106E800002F07CFA002002F079FA7A2002F076FA19
:106E9000002002F073FA8B2002F070FA002002F05A
:106EA0006DFA992002F06AFA002002F067FAA82031
:106EB00002F064FA002002F061FAB92002F05EFAF2
:106EC000002002F05BFAC42002F058FA002002F021
:106ED00055FACA2002F052FA002002F04FFAD220EE
:106EE00002F04CFA002002F049FAD82002F046FAEB
:106EF000002002F043FAE02002F040FA002002F005
:106F00003DFAF32002F03AFA002002F037FAE220CC
:106F100002F040FA052002F031FA002002F02EFAC9
:106F20000B2002F02BFA002002F028FA1B2002F0BE
:106F300025FA002002F022FA342002F01FFA002085
:106F400002F01CFA442002F019FA002002F016FAAE
:106F50004F2002F013FA002002F010FA612002F034
:106F60000DFA002002F00AFA792002F007FA002058
:106F700002F004FA882002F001FA002002F0FEF983
:106F8000972002F0FBF9002002F0F8F9A62002F0A9
:106F9000F5F9002002F0F2F9B72002F0EFF9002035
:106FA00002F0ECF9C22002F0E9F9002002F0E6F963
:106FB000C72002F0E3F9002002F0E0F9D12002F04E
:106FC000DDF9002002F0DAF9D62002F0D7F900202E
:106FD00002F0D4F9DD2002F0D1F9002002F0CEF960
:106FE000F32002F0CBF9002002F0C8F9E32002F010
:106FF000D1F9052002F0C2F9002002F0BFF90A2001
:1070000002F0BCF9002002F0B9F91C2002F0B6F938
:10701000002002F0B3F9332002F0B0F9002002F0B2
:10702000ADF9442002F0AAF9002002F0A7F950209F
:1070300002F0A4F9002002F0A1F9622002F09EF90A
:10704000002002F09BF9782002F098F9002002F06D
:1070500095F9882002F092F9002002F08FF997202C
:1070600002F08CF9002002F089F9A62002F086F9DE
:10707000002002F083F9B72002F080F9002002F02E
:107080007DF9C22002F07AF9002002F077F9C720DA
:1070900002F074F9002002F071F9D12002F06EF9CB
:1070A000002002F06BF9D52002F068F9002002F010
:1070B00065F9DD2002F062F9002002F05FF9F320AB
:1070C00002F05CF9002002F059F9E42002F062F9C4
:1070D000012002F053F9002002F050F9012002F0E3
:1070E0004DF9002002F04AF9022002F047F9002091
:1070F00002F044F92A2002F041F9002002F03EF9A2
:107100003C2002F03BF9002002F038F94B2002F05D
:1071100035F9002002F032F95D2002F02FF900204D
:1071200002F02CF9742002F029F9002002F026F96F
:10713000842002F023F9002002F020F9932002F0CD
:107140001DF9002002F01AF9A22002F017F9002020
:1071500002F014F9B32002F011F9002002F00EF948
:10716000BE2002F00BF9002002F008F9C42002F062
:1071700005F9002002F002F9CD2002F0FFF800200E
:1071800002F0FCF8D32002F0F9F8002002F0F6F843
:10719000DD2002F0F3F8002002F0F0F8F32002F016
:1071A000EDF8002002F0EAF8E52002F0F3F8002004
:1071B00002F0E4F8002002F0E1F8002002F0DEF82E
:1071C000002002F0DBF8022002F0D8F8002002F0E4
:1071D000D5F8292002F0D2F8002002F0CFF83C20A8
:1071E00002F0CCF8002002F0C9F84B2002F0C6F8FB
:1071F000002002F0C3F85D2002F0C0F8002002F089
:10720000BDF8742002F0BAF8002002F0B7F884202C
:1072100002F0B4F8002002F0B1F8932002F0AEF8CA
:10722000002002F0ABF8A22002F0A8F8002002F043
:10723000A5F8B32002F0A2F8002002F09FF8BE20CB
:1072400002F09CF8002002F099F8C42002F096F8B1
:10725000002002F093F8CD2002F090F8002002F018
:107260008DF8D32002F08AF8002002F087F8DC20A5
:1072700002F084F8002002F081F8F32002F07EF89A
:10728000002002F07BF8E62002F084F8112002F0E2
:1072900075F8002002F072F8342002F06FF8002038
:1072A00002F06CF8562002F069F8002002F066F84F
:1072B000762002F063F8002002F060F8772002F0F8
:1072C0005DF8002002F05AF8662002F057F800201E
:1072D00002F054F8882002F051F8002002F04EF835
:1072E000992002F04BF8002002F048F8BB2002F091
:1072F00045F8002002F042F8992002F03FF8002003
:1073000002F03CF8662002F039F8002002F036F86E
:10731000552002F033F8002002F030F8552002F03A
:107320002DF8002002F02AF8452002F027F800206E
:1073300002F024F8432002F021F8002002F01EF8A9
:10734000442002F01BF8002002F018F8E72002F0B9
:1073500021F8322002F012F8002002F00FF8552038
:1073600002F00CF8002002F009F8762002F006F88E
:10737000002002F003F8662002F000F8002001F07F
:10738000FDFF672001F0FAFF002001F0F7FF672002
:1073900001F0F4FF002001F0F1FF872001F0EEFF83
:1073A000002001F0EBFF992001F0E8FF002001F040
:1073B000E5FFBB2001F0E2FF002001F0DFFF992094
:1073C00001F0DCFF002001F0D9FF772001F0D6FFAB
:1073D000002001F0D3FF442001F0D0FF002001F095
:1073E000CDFF562001F0CAFF002001F0C7FF232087
:1073F00001F0C4FF002001F0C1FF332001F0BEFF07
:10740000002001F0BBFF452001F0B8FF002001F093
:10741000B5FFE82001F0BEFF002001F0AFFF002023
:1074200001F0ACFF992001F0A9FF002001F0A6FFB8
:10743000872001F0A3FF002001F0A0FF882001F0C9
:107440009DFF002001F09AFF772001F097FF0020B8
:1074500001F094FF662001F091FF002001F08EFF03
:10746000882001F08BFF002001F088FFAA2001F0A6
:1074700085FF002001F082FFBB2001F07FFF00208C
:1074800001F07CFF992001F079FF002001F076FFE8
:10749000662001F073FF002001F070FF552001F01D
:1074A0006DFF002001F06AFF552001F067FF00200A
:1074B00001F064FF442001F061FF002001F05EFF55
:1074C000442001F05BFF002001F058FF552001F03F
:1074D00055FF002001F052FFE92001F05BFFAA20D8
:1074E00001F04CFF002001F049FF002001F046FFB1
:1074F000002001F043FF002001F04CFFAA2001F022
:107500003DFFCF2001F046FF002001F037FF0020B3
:1075100001F034FF002001F031FF002001F02EFFC8
:10752000002001F02BFF002001F028FF002001F0D7
:1075300025FF002001F022FF002001F01FFF0020A6
:1075400001F01CFF002001F019FF002001F016FFE0
:10755000002001F013FF002001F010FF002001F0D7
:107560000DFF002001F00AFF002001F007FFF020CE
:1075700001F010FF002001F001FF502001F0FEFE9D
:10758000002001F0FBFE002001F0F8FE002001F0D9
:10759000F5FEF32001F0FEFE002001F0EFFEF920E1
:1075A00001F0F8FE062001F0E9FE102001F0E6FEF1
:1075B000292001F0E3FE002001F0E0FE3A2001F076
:1075C000E9FE552001F0DAFE112001F0E3FE64200F
:1075D000E9F7D1FF292001F0DDFE352001F0DAFEC8
:1075E000002001F0CBFE512001F0D4FEFF2001F07D
:1075F000C5FE532001F0CEFE2C2001F0BFFE552029
:1076000001F0C8FE822001F0B9FE2C2001F0C2FE7C
:1076100010BD10B555214FF4704001F0D1FEAA21E4
:107620004FF2010001F0CCFE52214FF2020001F0B6
:10763000C7FE08214FF2030001F0C2FE01214FF204
:10764000040001F0BDFE0D214FF4304001F0B8FE02
:107650000D214BF2010001F0B3FE0D214BF20200AF
:1076600001F0AEFE34214FF4364001F0A9FE342182
:107670004BF2016001F0A4FE34214BF2026001F0F4
:107680009FFE0D214FF4314001F09AFE0D214BF287
:10769000011001F095FE0D214BF2021001F090FE59
:1076A00034214FF4374001F08BFE34214BF201704E
:1076B00001F086FE34214BF2027001F081FE0021C0
:1076C0004FF4324001F07CFE00214BF2012001F02A
:1076D00077FE00214BF2022001F072FE24214FF4CC
:1076E000384001F06DFE24214BF6010001F068FEE8
:1076F00024214BF6020001F063FE01214FF43F40CC
:1077000001F05EFE0F214FF4334001F059FE0F21CE
:107710004BF2013001F054FE0F214BF2023001F028
:107720004FFE34214FF4394001F04AFE34214BF62C
:10773000011001F045FE34214BF6021001F040FE2D
:1077400008214FF4354001F03BFE08214BF2015077
:1077500001F036FE08214BF2025001F031FE032108
:107760004FF4424001F02CFE24214FF43A4001F046
:1077700027FE24214BF6012001F022FE24214BF6A6
:10778000022001F01DFE00214FF43C4001F018FEE4
:1077900078214BF6014001F013FE00214BF6024028
:1077A00001F00EFE00214FF43D4001F009FE78216A
:1077B0004BF6015001F004FE00214BF6025001F09F
:1077C000FFFD00214FF43E4001F0FAFD64214BF62D
:1077D000016001F0F5FD00214FF4514001F0F0FD92
:1077E00033214DF2011001F0EBFD00214DF20210AA
:1077F00001F0E6FD34214DF2031001F0E1FD00211E
:107800004DF2041001F0DCFD3A214DF2051001F0BB
:10781000D7FD00214DF2061001F0D2FD4A214DF2B4
:10782000071001F0CDFD00214DF2081001F0C8FD58
:107830005C214DF2091001F0C3FD00214DF20A1048
:1078400001F0BEFD81214DF20B1001F0B9FD0021C8
:107850004DF20C1001F0B4FDA6214DF20D1001F017
:10786000AFFD00214DF20E1001F0AAFDE5214DF211
:107870000F1001F0A5FD01214DF2101001F0A0FD47
:1078800013214DF2111001F09BFD01214DF2121058
:1078900001F096FD54214DF2131001F091FD0121EC
:1078A0004DF2141001F08CFD82214DF2151001F003
:1078B00087FD01214DF2161001F082FDCA214DF223
:1078C000171001F07DFD02214DF2181001F078FD36
:1078D00000214DF2191001F073FD02214DF21A1032
:1078E00001F06EFD01214DF21B1001F069FD022136
:1078F0004DF21C1001F064FD34214DF21D1001F019
:107900005FFD02214DF21E1001F05AFD67214DF27C
:107910001F1001F055FD02214DF2201001F050FD25
:1079200084214DF2211001F04BFD02214DF2221075
:1079300001F046FDA4214DF2231001F041FD02218A
:107940004DF2241001F03CFDB7214DF2251001F05D
:1079500037FD02214DF2261001F032FDCF214DF20C
:10796000271001F02DFD02214DF2281001F028FD15
:10797000DE214DF2291001F023FD02214DF22A10E3
:1079800001F01EFDF2214DF22B1001F019FD022134
:107990004DF22C1001F014FDFE214DF22D1001F0DE
:1079A0000FFD03214DF22E1001F00AFD10214DF2C2
:1079B0002F1001F005FD03214DF2301001F000FD04
:1079C00033214DF2311001F0FBFC03214DF2321056
:1079D00001F0F6FC6D214DF2331001F0F1FC0021B5
:1079E0004FF4524001F0ECFC33214DF2012001F044
:1079F000E7FC00214DF2022001F0E2FC34214DF2BF
:107A0000032001F0DDFC00214DF2042001F0D8FC40
:107A10003A214DF2052001F0D3FC00214DF2062061
:107A200001F0CEFC4A214DF2072001F0C9FC0021F3
:107A30004DF2082001F0C4FC5C214DF2092001F058
:107A4000BFFC00214DF20A2001F0BAFC81214DF269
:107A50000B2001F0B5FC00214DF20C2001F0B0FC30
:107A6000A6214DF20D2001F0ABFC00214DF20E20BD
:107A700001F0A6FCE5214DF20F2001F0A1FC01214F
:107A80004DF2102001F09CFC13214DF2112001F069
:107A900097FC01214DF2122001F092FC54214DF28D
:107AA000132001F08DFC01214DF2142001F088FC1F
:107AB00082214DF2152001F083FC01214DF21620A8
:107AC00001F07EFCCA214DF2172001F079FC022161
:107AD0004DF2182001F074FC00214DF2192001F044
:107AE0006FFC02214DF21A2001F06AFC01214DF2D7
:107AF0001B2001F065FC02214DF21C2001F060FC0E
:107B000034214DF21D2001F05BFC02214DF21E20BC
:107B100001F056FC67214DF21F2001F051FC0221BB
:107B20004DF2202001F04CFC84214DF2212001F087
:107B300047FC02214DF2222001F042FCA4214DF22B
:107B4000232001F03DFC02214DF2242001F038FCFD
:107B5000B7214DF2252001F033FC02214DF2262001
:107B600001F02EFCCF214DF2272001F029FC02214B
:107B70004DF2282001F024FCDE214DF2292001F0F5
:107B80001FFC02214DF22A2001F01AFCF2214DF2D5
:107B90002B2001F015FC02214DF22C2001F010FCED
:107BA000FE214DF22D2001F00BFC03214DF22E2081
:107BB00001F006FC10214DF22F2001F001FC032101
:107BC0004DF2302001F0FCFB33214DF2312001F069
:107BD000F7FB03214DF2322001F0F2FB6D214DF253
:107BE000332001F0EDFB00214FF4534001F0E8FB9E
:107BF00033214DF2013001F0E3FB00214DF2023060
:107C000001F0DEFB34214DF2033001F0D9FB0021FD
:107C10004DF2043001F0D4FB3A214DF2053001F071
:107C2000CFFB00214DF2063001F0CAFB4A214DF294
:107C3000073001F0C5FB00214DF2083001F0C0FB18
:107C40005C214DF2093001F0BBFB00214DF20A30FE
:107C500001F0B6FB81214DF20B3001F0B1FB0021A8
:107C60004DF20C3001F0ACFBA6214DF20D3001F0CD
:107C7000A7FB00214DF20E3001F0A2FBE5214DF2F1
:107C80000F3001F09DFB01214DF2103001F098FB07
:107C900013214DF2113001F093FB01214DF212300E
:107CA00001F08EFB54214DF2133001F089FB0121CC
:107CB0004DF2143001F084FB82214DF2153001F0B9
:107CC0007FFB01214DF2163001F07AFBCA214DF203
:107CD000173001F075FB02214DF2183001F070FBF6
:107CE00000214DF2193001F06BFB02214DF21A30E8
:107CF00001F066FB01214DF21B3001F061FB022116
:107D00004DF21C3001F05CFB34214DF21D3001F0CE
:107D100057FB02214DF21E3001F052FB67214DF25C
:107D20001F3001F04DFB02214DF2203001F048FBE5
:107D300084214DF2213001F043FB02214DF222302B
:107D400001F03EFBA4214DF2233001F039FB02216A
:107D50004DF2243001F034FBB7214DF2253001F013
:107D60002FFB02214DF2263001F02AFBCF214DF2EC
:107D7000273001F025FB02214DF2283001F020FBD5
:107D8000DE214DF2293001F01BFB02214DF22A3099
:107D900001F016FBF2214DF22B3001F011FB022114
:107DA0004DF22C3001F00CFBFE214DF22D3001F094
:107DB00007FB03214DF22E3001F002FB10214DF2A2
:107DC0002F3001F0FDFA03214DF2303001F0F8FAC6
:107DD00033214DF2313001F0F3FA03214DF232300C
:107DE00001F0EEFA6D214DF2333001F0E9FA002195
:107DF0004FF4544001F0E4FA33214DF2014001F018
:107E0000DFFA00214DF2024001F0DAFA34214DF29E
:107E1000034001F0D5FA00214DF2044001F0D0FA00
:107E20003A214DF2054001F0CBFA00214DF2064017
:107E300001F0C6FA4A214DF2074001F0C1FA0021D3
:107E40004DF2084001F0BCFA5C214DF2094001F00E
:107E5000B7FA00214DF20A4001F0B2FA81214DF249
:107E60000B4001F0ADFA00214DF20C4001F0A8FAF0
:107E7000A6214DF20D4001F0A3FA00214DF20E4073
:107E800001F09EFAE5214DF20F4001F099FA01212F
:107E90004DF2104001F094FA13214DF2114001F01F
:107EA0008FFA01214DF2124001F08AFA54214DF26D
:107EB000134001F085FA01214DF2144001F080FADF
:107EC00082214DF2154001F07BFA01214DF216405E
:107ED00001F076FACA214DF2174001F071FA022141
:107EE0004DF2184001F06CFA00214DF2194001F0FA
:107EF00067FA02214DF21A4001F062FA01214DF2B7
:107F00001B4001F05DFA02214DF21C4001F058FACD
:107F100034214DF21D4001F053FA02214DF21E4072
:107F200001F04EFA67214DF21F4001F049FA02219B
:107F30004DF2204001F044FA84214DF2214001F03D
:107F40003FFA02214DF2224001F03AFAA4214DF20B
:107F5000234001F035FA02214DF2244001F030FABD
:107F6000B7214DF2254001F02BFA02214DF22640B7
:107F700001F026FACF214DF2274001F021FA02212B
:107F80004DF2284001F01CFADE214DF2294001F0AB
:107F900017FA02214DF22A4001F012FAF2214DF2B5
:107FA0002B4001F00DFA02214DF22C4001F008FAAD
:107FB000FE214DF22D4001F003FA03214DF22E4037
:107FC00001F0FEF910214DF22F4001F0F9F90321E3
:107FD0004DF2304001F0F4F933214DF2314001F01F
:107FE000EFF903214DF2324001F0EAF96D214DF233
:107FF000334001F0E5F900214FF4554001F0E0F97C
:1080000033214DF2015001F0DBF900214DF2025015
:1080100001F0D6F934214DF2035001F0D1F90021DD
:108020004DF2045001F0CCF93A214DF2055001F027
:10803000C7F900214DF2065001F0C2F94A214DF274
:10804000075001F0BDF900214DF2085001F0B8F9D8
:108050005C214DF2095001F0B3F900214DF20A50B4
:1080600001F0AEF981214DF20B5001F0A9F9002188
:108070004DF20C5001F0A4F9A6214DF20D5001F083
:108080009FF900214DF20E5001F09AF9E5214DF2D1
:108090000F5001F095F901214DF2105001F090F9C7
:1080A00013214DF2115001F08BF901214DF21250C4
:1080B00001F086F954214DF2135001F081F90121AC
:1080C0004DF2145001F07CF982214DF2155001F06F
:1080D00077F901214DF2165001F072F9CA214DF2E3
:1080E000175001F06DF902214DF2185001F068F9B6
:1080F00000214DF2195001F063F902214DF21A509E
:1081000001F05EF901214DF21B5001F059F90221F5
:108110004DF21C5001F054F934214DF21D5001F084
:108120004FF902214DF21E5001F04AF967214DF23C
:108130001F5001F045F902214DF2205001F040F9A5
:1081400084214DF2215001F03BF902214DF22250E1
:1081500001F036F9A4214DF2235001F031F902214A
:108160004DF2245001F02CF9B7214DF2255001F0C9
:1081700027F902214DF2265001F022F9CF214DF2CC
:10818000275001F01DF902214DF2285001F018F995
:10819000DE214DF2295001F013F902214DF22A504F
:1081A00001F00EF9F2214DF22B5001F009F90221F4
:1081B0004DF22C5001F004F9FE214DF22D5001F04A
:1081C000FFF803214DF22E5001F0FAF810214DF284
:1081D0002F5001F0F5F803214DF2305001F0F0F886
:1081E00033214DF2315001F0EBF803214DF23250C2
:1081F00001F0E6F86D214DF2335001F0E1F8002175
:108200004FF4564001F0DCF833214DF2016001F0EB
:10821000D7F800214DF2026001F0D2F834214DF27E
:10822000036001F0CDF800214DF2046001F0C8F8C0
:108230003A214DF2056001F0C3F800214DF20660CD
:1082400001F0BEF84A214DF2076001F0B9F80021B3
:108250004DF2086001F0B4F85C214DF2096001F0C4
:10826000AFF800214DF20A6001F0AAF881214DF229
:108270000B6001F0A5F800214DF20C6001F0A0F8B0
:10828000A6214DF20D6001F09BF800214DF20E6029
:1082900001F096F8E5214DF20F6001F091F801210F
:1082A0004DF2106001F08CF813214DF2116001F0D5
:1082B00087F801214DF2126001F082F854214DF24D
:1082C000136001F07DF801214DF2146001F078F89F
:1082D00082214DF2156001F073F801214DF2166014
:1082E00001F06EF8CA214DF2176001F069F8022121
:1082F0004DF2186001F064F800214DF2196001F0B0
:108300005FF802214DF21A6001F05AF801214DF296
:108310001B6001F055F802214DF21C6001F050F88D
:1083200034214DF21D6001F04BF802214DF21E6028
:1083300001F046F867214DF21F6001F041F802217B
:108340004DF2206001F03CF884214DF2216001F0F3
:1083500037F802214DF2226001F032F8A4214DF2EB
:10836000236001F02DF802214DF2246001F028F87D
:10837000B7214DF2256001F023F802214DF226606D
:1083800001F01EF8CF214DF2276001F019F802210B
:108390004DF2286001F014F8DE214DF2296001F061
:1083A0000FF802214DF22A6001F00AF8F2214DF295
:1083B0002B6001F005F802214DF22C6001F000F86D
:1083C000FE214DF22D6000F0FBFF03214DF22E60E7
:1083D00000F0F6FF10214DF22F6000F0F1FF0321B5
:1083E0004DF2306000F0ECFF33214DF2316000F0CF
:1083F000E7FF03214DF2326000F0E2FF6D214DF204
:10840000336000F0DDFF55214FF4704000F0D8FFDD
:10841000AA214FF2010000F0D3FF52214FF20200D7
:1084200000F0CEFF08214FF2030000F0C9FF002149
:108430004FF2040000F0C4FFCC214FF4314000F0B3
:10844000BFFF00214BF2011000F0BAFF05214FF4ED
:10845000364000F0B5FF70214FF4374000F0B0FF18
:1084600070214BF2017000F0ABFF01214FF4384056
:1084700000F0A6FF03214BF6010000F0A1FF03214D
:108480004BF6020000F09CFF03214BF6030000F0C6
:1084900097FF02214FF43C4000F092FF00214BF681
:1084A000014000F08DFF00214BF6024000F088FFF4
:1084B000D0214FF4494000F083FF02214CF6011017
:1084C00000F07EFF50214CF6021000F079FF5021A1
:1084D0004CF6031000F074FF50214CF6041000F02D
:1084E0006FFF00214FF4545000F06AFF55214FF404
:1084F000685000F065FF4FF4885000F04BFF782083
:10850000E9F766F84FF4245000F044FF10BD10B5B1
:10851000E22000F03FFF1D2000F030FF022000F0BD
:108520002DFF042000F02AFF6420E9F751F8E02035
:1085300000F030FF012000F021FF0A20E9F71BF8CE
:10854000E02000F027FF032000F018FF0C20E9F7DF
:1085500012F8012000F01EFF0A20E9F70CF8E620CF
:1085600000F018FF2F2000F009FFFF2000F006FFA9
:10857000FF2000F003FFB02000F00CFF202000F0EF
:10858000FDFE002000F0FAFE032000F0F7FE40F2AE
:108590001F3000F0F3FE012000F0F0FE40F2DF108B
:1085A00000F0ECFE002000F0E9FEB42000F0F2FE46
:1085B000042000F0E3FE40F21F4000F0DFFE002048
:1085C00000F0DCFE2E2000F0D9FE002000F0D6FEE8
:1085D000002000F0D3FE002000F0D0FE002000F0CC
:1085E000CDFEB62000F0D6FE022000F0C7FE4FF40C
:1085F000037000F0C3FE002000F0C0FE172000F062
:10860000BDFE152000F0BAFE002000F0B7FE0020ED
:1086100000F0B4FEF02000F0BDFE032000F0AEFE3E
:10862000292000F0B7FED02000F0B4FE002000F0BA
:10863000A5FEBE2000F0AEFE052000F09FFEFE204D
:1086400000F09CFE012000F099FE002000F096FE54
:10865000002000F093FE002000F090FEB82000F013
:1086600099FE032000F08AFE012000F087FEBA2068
:1086700000F090FE012000F081FE10BD10B5112029
:1086800000F088FE7820E8F776FF362000F082FEC2
:10869000002000F073FE3A2000F07CFE052000F080
:1086A0006DFEB22000F076FE0C2000F067FE0C207C
:1086B00000F064FE002000F061FE332000F05EFE5A
:1086C000332000F05BFEB72000F064FE352000F0A0
:1086D00055FEBB2000F05EFE322000F04FFEC020B1
:1086E00000F058FE0C2000F049FEC22000F052FEBF
:1086F000012000F043FEC32000F04CFE102000F0EB
:108700003DFEC42000F046FE202000F037FEC620CB
:1087100000F040FE0F2000F031FED02000F03AFEC5
:10872000A42000F02BFEA12000F028FEE02000F0A5
:1087300031FED02000F022FE002000F01FFE0220BB
:1087400000F01CFE072000F019FE0A2000F016FEC3
:10875000282000F013FE322000F010FE442000F02C
:108760000DFE422000F00AFE062000F007FE0E205B
:1087700000F004FE122000F001FE142000F0FEFDC7
:10878000172000F0FBFDE12000F004FED02000F0F7
:10879000F5FD002000F0F2FD022000F0EFFD0720C3
:1087A00000F0ECFD0A2000F0E9FD282000F0E6FDD5
:1087B000312000F0E3FD542000F0E0FD472000F000
:1087C000DDFD0E2000F0DAFD1C2000F0D7FD1720A3
:1087D00000F0D4FD1B2000F0D1FD1E2000F0CEFDE6
:1087E0002A2000F0D7FD002000F0C8FD002000F096
:1087F000C5FD002000F0C2FDEF2000F0BFFD2B20E2
:1088000000F0C8FD002000F0B9FD002000F0B6FD2A
:10881000012000F0B3FD3F2000F0B0FD292000F062
:10882000B9FD10BD2DE9F04F05460E461746984696
:10883000DDF824A04FF0000B781B401C1FFA80FBD2
:10884000344613E02146284600F052FB00F0AEFD0E
:108850004FF0000906E00749A1F800A009F1010066
:108860001FFA80F9D945F6DB601C84B24445E9DD86
:10887000BDE8F08F0000106000B595B000BF00BFEC
:10888000FE48006840F00800FC490860084600689F
:1088900000F00800019000BF00BF00BF00BF00BF94
:1088A0000846006840F0080008600846006800F0CC
:1088B0000800019000BF00BF00BF00BF00BF084616
:1088C000006840F0080008600846006800F00800F2
:1088D000019000BF00BF00BF00BF00BF0846006896
:1088E00040F0100008600846006800F01000019099
:1088F00000BF00BF00BF00BF00BF0846006840F0D7
:10890000020008600846006800F00200019000BF05
:1089100000BF00BF80201090022011900120129013
:10892000032013900C20149010A9D548E8F70AFEF4
:108930002020109010A9D248E8F704FE10201090D3
:1089400010A9CF48E8F7FEFD0820109010A9CD48E7
:10895000E8F7F8FD202010900120119010A9CA48D6
:10896000E8F7F0FDC948CA490860CA4848600020D5
:1089700088600021C648C160016110214161002169
:108980008161C16101624FF48051416200218162C5
:108990004FF48041C1620021016341634FF48011B3
:1089A00081631520099000200A9078200B90002008
:1089B0000F901520029000200390152004900020B5
:1089C000089002AA09A9B248E8F70EFF3220E8F79A
:1089D000D2FDD32000F0DEFC00F068F9AE498880BB
:1089E00000F064F9AC49888000F060F9AA498880F9
:1089F000084680884FF6FF7101EA0020A64988806A
:108A000000F054F9A44989880843A349888008469E
:108A1000808849F2413188427DD0042000F0BAFCC0
:108A200000F044F99C49888000F040F99A49888018
:108A300000F03CF998498880084680884FF6FF711D
:108A400001EA00209449888000F030F99249898831
:108A50000843914988800846808848F252518842EC
:108A600003D147F289708C4988808B48808847F20F
:108A700089718842D0D0D42000F08CFC00F016F927
:108A80008549888000F012F98349888000F00EF94A
:108A900081498880084680884FF6FF7101EA0020EE
:108AA0007D49888000F002F97B49898808437A492A
:108AB00088800846808845F2103188425FD0552171
:108AC0004FF4704000F07CFCAA214FF2010000F04E
:108AD00077FC52214FF2020000F072FC08214FF2A5
:108AE000030000F06DFC01214FF2040000F068FC6F
:108AF0004FF4454000F04EFC00F0D8F866498880FD
:108B0000084680884FF6FF7101EA0020624988809C
:108B10004CF2015000E032E000F03CFC00F0C6F8FE
:108B20005D49898808435C4988800846808845F209
:108B30001051884223D0A12000F02CFC00F0B6F8A0
:108B40005549888000F0B2F85349888008468088EB
:108B50004FF6FF7101EA00204F49888000F0A6F827
:108B60004D49898808434C4988800846808845F2E9
:108B70006171884203D141F66310474988804648B5
:108B8000818846A0E7F7ACFA4348808847F28971AC
:108B9000884202D1FFF772FD25E03F48808849F204
:108BA0004131884202D1FDF7A5FC1CE03A4880889B
:108BB00045F21031884202D1FDF7B2FD13E036488C
:108BC000808845F21051884202D1FEF722FD0AE06A
:108BD0003148808841F66311884204D1FFF797FC41
:108BE000642000F0A3FB2C48808847F289718842FA
:108BF00009D10520029004902549CB6A8A6848680B
:108C000002A9E8F74FFD2448808849F241318842A3
:108C100005D02148808841F66311884209D103209C
:108C2000029004901A49CB6A8A68486802A9E8F75A
:108C300039FD1948808845F21031884205D0164820
:108C4000808845F21051884209D102200290049098
:108C50000F49CB6A8A68486802A9E8F723FD00201B
:108C6000FDF7CCFA00BF012220210748E8F77EFC7F
:108C700000BF4FF6FF70FDF7A7FA15E0E044025879
:108C8000000C025800100258000402580040005224
:108C90009804002404410052E40400244C4344207E
:108CA00049443A25780D0A0015B000BD08B50348BF
:108CB00000880090BDF8000008BD000000001060B2
:108CC000F0B505460024002788488079012805D1A1
:108CD0008648808841F66311884208D183488079AC
:108CE000F0B98248808841F66311884218D1082D76
:108CF00015D2DFE805F00406080A0C0E101206254E
:108D00000DE007250BE0042509E0052507E0012516
:108D100005E0002503E0032501E0022500BF00BFB8
:108D2000082D1CD2DFE805F00406090C0F121518F7
:108D300000BF14E044F0800411E044F040040EE071
:108D400044F0C0040BE044F0200408E044F0600468
:108D500005E044F0A00402E044F0E00400BF00BFDE
:108D600036276248808845F21051884200D13F0280
:108D70005E48808849F24131884205D05B4880884E
:108D800047F28971884201D144F0080421463846EF
:108D900000F016FB5548808841F6631188421DD0CB
:108DA00004F0200068B15148008850494988884241
:108DB00014DA4E48068840884C49088008464680A8
:108DC0000CE04A48008849494988884206DD4748FE
:108DD0000688408845490880084646804348808880
:108DE00045F21051884252D14049488900F0D2FAE8
:108DF000002000F0C3FA3D494989491C88B200F0BF
:108E0000C9FA002000F0BAFA38494989891C88B2A9
:108E100000F0C0FA35490988491EC1F30F2000F05F
:108E2000ADFA32494989C91C88B200F0B3FA2F491A
:108E30000978491EC8B200F0A1FA2C49888900F0CF
:108E4000A9FA002000F09AFA28498989491C88B2B9
:108E500000F0A0FA002000F091FA24498989891CC9
:108E600088B200F097FA21494988491EC1F30F20C2
:108E700000F084FA1D498989C91C88B200F08AFA79
:108E80001A498978491EC8B200F078FA2DE01749CE
:108E9000488900F07FFA002000F070FA002000F00E
:108EA0006DFA12490988491EC1F30F2000F066FAD5
:108EB0000E490978491EC8B200F060FA0B4988894A
:108EC00000F068FA002000F059FA002000F056FA8D
:108ED00006494988491EC1F30F2000F04FFA0349A3
:108EE0008978491EC8B200F049FAF0BDE4040024B4
:108EF00010B502460C464548808841F66311884209
:108F000047D142488079A8B940480088401E801A5D
:108F100082B23E49488900F03DFA002000F02EFA66
:108F2000002000F02BFA101200F028FAD0B200F066
:108F300025FA16E03549488900F02CFA101200F0A5
:108F40001DFAD0B200F01AFA30490988491EC1F35F
:108F50000F2000F013FA2D490978491EC8B200F01D
:108F60000DFA2A49888900F015FA201200F006FA55
:108F7000E0B200F003FA25494988491EC1F30F20E9
:108F800000F0FCF921498978491EC8B200F0F6F9D1
:108F90003AE01E48808845F21051884220D11B4992
:108FA000488900F0F7F9101200F0E8F917494989EB
:108FB000491C88B200F0EEF9D0B200F0DFF9134995
:108FC000888900F0E7F9201200F0D8F90F49898963
:108FD000491C88B200F0DEF9E0B200F0CFF913E0EE
:108FE0000A49488900F0D6F9101200F0C7F9D0B24A
:108FF00000F0C4F90549888900F0CCF9201200F08E
:10900000BDF9E0B200F0BAF910BD0000E40400249C
:109010002DE9F04104460D461E46A018401E87B2B9
:10902000A819401E1FFA80F85448808841F6631141
:10903000884231D15148807901282DD04F4800888D
:10904000801A001B84B2A819401E86B24B49488979
:1090500000F0A0F9201200F091F9E0B200F08EF9D2
:10906000A118491EC1F30F2000F088F9A118491E6C
:10907000C8B200F083F94149888900F08BF92812C1
:1090800000F07CF9E8B200F079F9301200F076F9DE
:10909000F0B200F073F96EE03848808845F2105164
:1090A000884246D13549488900F074F9201200F011
:1090B00065F932494989491C88B200F06BF9E0B280
:1090C00000F05CF92D494989891C88B200F062F9E9
:1090D000381200F053F929494989C91C88B200F0B7
:1090E00059F9F8B200F04AF92449888900F052F998
:1090F000281200F043F921498989491C88B200F0FF
:1091000049F9E8B200F03AF91C498989891C88B20A
:1091100000F040F94FEA282000F030F9174989891A
:10912000C91C88B200F036F908F0FF0000F026F9FB
:1091300021E01249488900F02DF9201200F01EF9B3
:10914000E0B200F01BF9381200F018F9F8B200F0A4
:1091500015F90A49888900F01DF9281200F00EF966
:10916000E8B200F00BF94FEA282000F007F908F008
:10917000FF0000F003F9BDE8F0810000E4040024E2
:109180002DE9FC4F80460E4615461C46B34600208E
:10919000019000902046E31704EB5373DB10214647
:1091A0004FEAE47C04EB5C7C4FEAEC0CA4EBCC0CC7
:1091B000BCF1000F02D04FF0010C01E04FF0000CA9
:1091C0006344224604EBD27C4FEA6C0C03FB0CF3A5
:1091D000DBB20193A5F12000C5B20C2C06D0102CF7
:1091E0000BD0182C0ED0202C18D112E005EB450026
:1091F0002D4901EB8000009012E02C4800EB051097
:1092000000900DE005EBC500294901EB80000090BE
:1092100006E0284800EBC510009001E0BDE8FC8F97
:1092200000BF00273AE0009810F807904FF0000ABE
:109230002EE009F0800028B1314640460C9AFDF737
:1092400049F907E00B9828B91B48314602684046A7
:10925000FDF740F94FEA49604FEA1069701C86B289
:1092600016484088B04200DCD8E7A6EB0B00A042CD
:109270000AD15E4608F101001FFA80F80F48008805
:10928000404500DCCAE706E00AF1010000F0FF0AF1
:10929000BAF1080FCDDB00BF781CC7B20198874236
:1092A000C1DB00BFBAE7000090720390047703901F
:1092B000F47C0390508A039030000024E4040024DE
:1092C0002DE9FC4F04460D4690469946DDE90C7A9F
:1092D0000B9E04F0FF0B08EB04001FFA80F809EB6B
:1092E00005001FFA80F917E0444502DB5C46A81927
:1092F00085B24D4500DB15E00020CDE9000A3A7843
:10930000334629462046FFF73BFF304606EBD07137
:1093100004EB61018CB27F1C38787E2802DC38783F
:109320002028E1DA00BFBDE8FC8F000000B502464E
:10933000BE2000F02FF8052000F020F800EE102AE3
:10934000B8EE400B9FED0B1B20EE010BBCEEC00BEB
:1093500010EE101A88B200F011F8012000F00EF89B
:10936000FF2000F00BF8002000F008F8002000F0CB
:1093700005F800BD666666666666044001B5BDF820
:1093800000000090BDF800000149088008BD000001
:109390000000106001B5BDF800000090BDF80000AD
:1093A0000149088008BD0000FEFF0F6002480089E7
:1093B0000249088070470000E4040024FEFF0F60AB
:1093C000024A1080921C118070470000FEFF0F605F
:1093D00000B587B000BF00BF2C48006840F0020015
:1093E0002A4908600846006800F00200019000BFAA
:1093F00000BF00BF00BF00BF0846006840F010007B
:1094000008600846006800F01000019000BF00BF2F
:1094100000BF00BF00BF0846006840F010000860B1
:109420000846006800F01000019000BF00BF00BFB8
:1094300010200290012003900490059002A9144886
:10944000E8F780F84020029002A91248E8F77AF87D
:109450002020029002A90F48E8F774F800BF01220B
:1094600010210B48E8F782F800BF00BF012240211D
:109470000848E8F77BF800BF00BF0122202105481B
:10948000E8F774F800BF07B000BD0000E0440258E0
:10949000000402580010025809E000BF10210448DF
:1094A000E8F755F800BF4FF47A70E8F79BF8F4E757
:1094B000000402582DE9F04F85B007468B469146CF
:1094C0001E460E9DE86900FB0BF080120490E869CF
:1094D00000280DDD0498484516DD95F82800C0F3F6
:1094E000400018B1012005B0BDE8F08F0020FAE778
:1094F0000498484508DA95F82800C0F3400008B100
:109500000120F0E70020EEE70BEB0601E869484395
:1095100080120490E86900280BDD0498484514DAAD
:1095200095F82800C0F3400008B10020DBE70120D7
:10953000D9E70498484508DD95F82800C0F34000B5
:1095400008B10020CFE70120CDE7E869002806DD5B
:109550004FEA0920A96948438012039006E009F107
:1095600001000002A9694843801203900398001289
:1095700002900398C0B20190019810B94FF0FF0813
:1095800007E00198C0F1FF00696A4843FF21A1EBA1
:1095900020280298A0EB0B040198D8B1002C18DB0E
:1095A000B44216DA0198C0F1FF00C8F1FF01484348
:1095B000FF21A1EB602000F0FF0A95F82800C0F31E
:1095C000400008B1CAF1FF0A385D514616F0D9FCD7
:1095D0003855641C1BE0002C12DBB44210DAA88C56
:1095E000A8EB600000F0FF0A95F82800C0F34000E7
:1095F00008B1CAF1FF0A385D514616F0C2FC385571
:10960000686AA8EB0008641CB44200DB02E0686AE8
:109610004045E0DB00BFB4421DDA002C1BDBA8692B
:1096200000FB08F080120090009800FB08F0C0F3E7
:10963000472AE869002801DACAF1FF0A95F82800EC
:10964000C0F3400008B1CAF1FF0A385D514616F078
:1096500098FC385500BF95F82800C0F3400068B169
:109660000298A0EB0B04B44201DD00203BE7002C84
:109670000FDB214638460CF0E4F80AE0641C002CAD
:1096800001DA00202FE7B44203DC311B38190CF05B
:10969000D8F8022027E72DE9FF4F87B007468A4612
:1096A0001E46149DA8690999484380120690A8692E
:1096B000002802DD0698401C0690069850450ADAFC
:1096C00095F82800C0F3400018B101200BB0BDE8A8
:1096D000F08F0020FAE7A8690999484380120690A4
:1096E0000AEB06010698814208DA95F82800C0F3D3
:1096F000400008B10020E9E70120E7E709980002EF
:10970000A96948438012059005984FEA202B0598D7
:10971000C0B204900998401C0002A9694843801215
:1097200003900398001202900398C0B20190ABEB33
:109730000A040298834509D0A869002806DA04982B
:1097400020B9FF200490DDF808B0641E029883451C
:1097500034D1002C12DBB44210DA01990498084489
:10976000C0F3470895F82800C0F3400008B1C8F1DD
:10977000FF08385D414616F004FC3855641C95F826
:109780002800C0F3400060B1ABEB0A04B44201DB37
:1097900000209BE7002C03DB214638460CF051F8F3
:1097A000C9E0B44200DD34460CB900208EE7002C3D
:1097B000F6DD311B38190CF044F8BCE0A86900282C
:1097C0005ADAE8694042049948434FEAA029002C3C
:1097D00012DBB44210DA049809FB00F0C0F347280A
:1097E00095F82800C0F3400008B1C8F1FF08385DC3
:1097F000414616F0C6FB3855641EC9F1FF00A96941
:109800004942484380120090002C16DBB44214DA1F
:10981000C9F1FF0000994843FF21A1EB602000F04F
:10982000FF0895F82800C0F3400008B1C8F1FF0810
:10983000385D414616F0A5FB3855A41C95F8280064
:10984000C0F3400068B1ABEB0A00441EB44201DD36
:10985000344610E0002C0EDD214638460BF0F1FFB7
:1098600009E0B44201DD012030E7002C03DB311BAD
:1098700038190BF0E6FF5DE00498C0F1FF00E969DC
:1098800048434FEAA029002C17DBB44215DA0498AC
:10989000C0F1FF0000FB09F0FF21A1EB602000F008
:1098A000FF0895F82800C0F3400008B1C8F1FF0890
:1098B000385D414616F065FB3855641CC9F1FF0060
:1098C000A969484380120090002C13DBB44211DADE
:1098D000C9F1FF0000994843C0F3472895F82800D4
:1098E000C0F3400008B1C8F1FF08385D414616F0EA
:1098F00048FB3855641C95F82800C0F3400060B15F
:10990000ABEB0A04B44201DD0020DFE6002C10DBE3
:10991000214638460BF095FF0BE0B44200DD34469B
:109920000CB90020D2E6002C03DD311B38190BF0F6
:1099300088FF00BF00BF0220C8E62DE9F8430446B7
:1099400027467D6AA84609F051FD0646C6B1304655
:1099500009F0A1FD012804D0304609F09CFD032840
:109960000ED16946304609F05BFDBDF9021028466C
:10997000F9F72EF9A8F83A00204610F042F800BF97
:10998000BDE8F8832DE9FC470546A846D8F82470C1
:109990003C4609F02BFD8146484609F07CFD042831
:1099A0000ED1E08E208738460DF08CFE8246504660
:1099B00008F06CFA18B10021504608F00AFB00BF0D
:1099C000484609F068FD012804D0484609F063FDC7
:1099D00003280CD16946484609F022FDBDF9021062
:1099E0003846F9F7F5F8E086E08E208700BF384664
:1099F00006F06DFEA06A10B9384610F002F8E08E4D
:109A0000019001AA1C21384607F0F6FA0646012EFD
:109A100002D03046BDE8FC870120FBE72DE9F0418C
:109A200005460E464FF000081148EBF776FB04465A
:109A300018E021460E48EBF788FB07462068A8424D
:109A400000D075B96068B04200D056B921460848C8
:109A5000EBF7E2FB20460BF0DDFCECF7AFFE4FF03E
:109A600001083C46002CE4D14046BDE8F0810000EE
:109A700090D6052470B506460D460B48EBF74DFB16
:109A800004460DE02068B04205D16068A84200D0CD
:109A90000DB9204670BD21460348EBF756FB04463E
:109AA000002CEFD10020F5E790D6052410B5044630
:109AB000402120460BF0C5FE4FF4FA70A062002052
:109AC000E061642060620120A0870548A06194F8ED
:109AD0003E0020F00100401C84F83E0010BD000054
:109AE0006B9B0190F8B504464FF480600090002312
:109AF0001946D4E90A200BF0ABFB06464FF4806010
:109B00004FF46E73322200210090304601F096F936
:109B10000746E169606A401A00FB07F5AD12E0698B
:109B200005442846F8BDF8B504464FF4806000901F
:109B300000231946D4E90A200BF08AFB06464FF4AD
:109B4000806040F2B6334FF46172002100903046DD
:109B500001F074F90746E169606A401A00FB07F5F5
:109B6000AD12E06905442846F8BDF8B504464FF447
:109B70008060009000231946D4E90A200BF068FBAE
:109B80000646E169606A401A00FB06F5AD12E0691D
:109B900005442846F8BD0146D1E90A20904201DB80
:109BA000486A7047C869FCE74A42C2627047416030
:109BB0007047416070474160704741607047416045
:109BC0007047816170478161704741637047C16030
:109BD0007047C160704781877047816270478162BA
:109BE00070478162704781627047C1610162426261
:109BF0007047C161016242627047C16101624262A5
:109C00007047C161016242627047C1610162426294
:109C1000704701607047016070470160704730B560
:109C200003468D1A002D01DD8D1A00E0551A2C46D1
:109C30004FF47A756543B5FBF3F000B9401C30BDB5
:109C400070B50546686818B1D5E90001FFF7E6FE72
:109C50002148EBF7D5FA18B114F0EDFF1F49086061
:109C60001D48EBF78DFA044600BF1CB900BF00BFCA
:109C700000BFFEE700BF0CB9002070BD402229469E
:109C800020460BF050FC2868A84200D124601448FC
:109C9000017814F83E0F61F38200207014F83E0939
:109CA00000F00100A0B1206950B120462169884729
:109CB0000646E0693044E061606A3044606200BF9B
:109CC000606828B1206818B1D4E90002E1699047C2
:109CD000ECF774FD2046D0E790D60524B4020024AA
:109CE000B902002470B506460C4625460020A8841B
:109CF000872068852D20A8858720E8844000288556
:109D0000A88E20F00600A8864FF40040E885A88EB3
:109D100020F008000830A886002028866420688685
:109D2000A88E20F00100A8864FF43470E88614F065
:109D300082FFA863288D00B2A887022120460CF07C
:109D40006BF94FF4407120460CF082FE0D21204645
:109D500010F05AFF70BD00002DE9F04FABB0834604
:109D6000584607F042F982465446584607F0E4F850
:109D70002A9028AA29A95046F8F7B3FD16A82A99CF
:109D80000DF04AF9BDF9A000002831DD12A803F05A
:109D9000F2FC12AA002150460FF0E8FA00202390AE
:109DA000634817900020189029A81F90BDF9A000C3
:109DB000ADF8940012A81E9016AA1A21504607F07A
:109DC0001BF9A08DA18C084480B2618DA28C114436
:109DD00089B2CDE90010BDF8940083B229AA12A976
:109DE0002A9803F0AAFC16AA1B21504607F004F992
:109DF0004FF4003150460EF002FE06464FF400319B
:109E000050460EF0A5FE07464FF4003150460EF0C6
:109E100062FF80464FF4003150460EF013FD0546B8
:109E2000BE4201DD304600E03846A84501DD41462E
:109E300000E02946884205DDBE4201DD304606E0ED
:109E4000384604E0A84501DD404600E02846BDF85C
:109E5000A010081A0FFA80F9B9F1000F3BDD12A823
:109E600003F089FC12AA4FF4003150460FF07EFA3D
:109E70004FF4003023902E4817900120189029A805
:109E80001F90ADF8949012A81E9016AA1A21504661
:109E900007F0B2F8BDF94A00BDF99410884203DD1D
:109EA000BDF89400ADF84A00208DA18C084480B222
:109EB000E18CA28C114489B2CDE90010BDF8940068
:109EC00083B229AA12A92A9803F037FC16AA1B21EB
:109ED000504607F091F810ABBDF9A02029A95046D3
:109EE000F8F7E4FF02A805F0BDFA02AA4FF44031EA
:109EF00050460FF0D7FB4FF4403023900C4817909A
:109F00000220189010A8199002A81A9016AA1A21D7
:109F1000504607F071F810AA02A92A9805F086FAAF
:109F200016AA1B21504607F067F82BB0BDE8F08F4A
:109F300080A704902DE9F34F8DB0FB480E990DF0EA
:109F400091FA0C900C98012802D00FB0BDE8F08F68
:109F50000E9806F0E9FF06460E9807F046F80B90BB
:109F60000E9807F042F80446022E7DD109F03EFA21
:109F70000A900A9800B9E8E70A9809F08CFA099063
:109F80000998012800D0E0E708A90A9809F048FAE2
:109F900006AA07A90B98F8F7A4FCBDF82000BDF8A5
:109FA0001C10401A00B2ADF82000BDF82200BDF828
:109FB0001E10401A00B2ADF8220094F8340000F0F0
:109FC000010000284BD14FF400310B980EF02EFA0F
:109FD0000190BDF818100198081A00B206904FF4CD
:109FE00080310B980FF070F930B1BDF8181001985E
:109FF000081A00B2069015E0BDF91810CA1701EB57
:10A0000092729310019A934206DDBDF91800C217AF
:10A0100000EB9272921000E0019ABDF818309A1A83
:10A0200012B20692BDF91800012801DA012006904B
:10A03000BDF8200010FB00F0BDF8221011FB01005C
:10A04000BDF8181011FB01F1884207DDA08E20F049
:10A050000100401CA08614F0EEFDA06300BF94F840
:10A06000340000F0010000E0BBE000B96DE7BDF88E
:10A07000200018B9BDF8220000B966E7A08D0FFADC
:10A0800080FAA08D618D884204DAA08D00F5B4704D
:10A090000FFA80FABDF92010BDF9220000F0AFFCE4
:10A0A00005B2A08C281A05B2608D281A05B2002DC1
:10A0B00002DA05F5B47005B2608DAAEB00000FFA64
:10A0C00080FBA08F618D401A00B205900598281A78
:10A0D00007B2002F01DD384600E07842B0F58C7FF2
:10A0E00008DD94F83400C0F3C00008B1002510E08A
:10A0F0005D460EE00BEBDB71B5EB610F05DAA08E70
:10A1000020F008000830A08603E0A08E20F00800B0
:10A11000A0860598281A07B2A06B14F07FFD049062
:10A12000E18E049841434FF47A70B1FBF0F00FFADE
:10A1300080F94F4501DD4F4606E0C9F10000874236
:10A1400002DAC9F1000007B20598384405B2B4F943
:10A150003200B4F93010401A618DAAEB0101C90038
:10A1600091FBF0F003900398001D001103900398F9
:10A17000284405B2608D284405B2B4F92E0002903F
:10A18000B4F932000090B4F93030618D524628465F
:10A190000BF05EF80FFA80F80B9800F04BF9404591
:10A1A00013D014F048FDA06341460B9800F07BFAF1
:10A1B0000298804509D000221C210B9806F01CFF54
:10A1C0000C900C98012800D0BFE6B4F9300040454F
:10A1D00003D0B4F93200404502D114F02CFDA06345
:10A1E00026E1082E01D0032E19D1A08E20F0010007
:10A1F000A0860B980DF066FA8046404607F046FEB2
:10A20000074609F0F3F8814609F045F90546042DA3
:10A2100004D11FB10021404607F0DBFE08E10D2EFE
:10A2200031D10E9806F0DEFE0578B4F92E70132DAC
:10A2300001D0112D0AD10B9800F0FCF8401C0FFA48
:10A2400080F841460B9800F02EFA0DE0142D01D055
:10A25000122D09D10B9800F0EDF8401E0FFA80F88E
:10A2600041460B9800F01FFAB4F92E00B84209D00D
:10A2700000221C210B9806F0BFFE0C900C980128C0
:10A2800000D062E6D4E0112E50D10E9806F0AAFE5E
:10A29000074609AA0AA90B98F8F723FB00250B9893
:10A2A000806818B10B988068B0F9145000210B98A1
:10A2B0000EF0BCF8804608EB0500BDF82410081A23
:10A2C00000B20990BDF82A00BDF82410084400B27D
:10A2D0000090BDF82800084403B2BDF82A00401AD7
:10A2E00002B2BDF82800401A01B207A800F074FBC2
:10A2F00047F6FF7207A83968E9F783FD10B100201F
:10A30000387122E608EB450002B208EB450001B2C5
:10A3100007A800F03FFB47F6FF7207A83968E9F786
:10A3200070FD387184E0000080A70490132E7AD16C
:10A3300000210B980EF063FB0A9000210B980EF0A1
:10A3400007FC099000210B980EF0C5FC0890002135
:10A350000B980EF077FA0790DDE90910884201DDCD
:10A360000A9A00E0099ADDE90710884201DD0898A1
:10A3700000E00798824207DDDDE90910884201DD2F
:10A380000A9808E0099806E0DDE90710884201DD37
:10A39000089800E0079806904FF440310B980EF0B3
:10A3A0002EFB80464FF440310B980EF0D1FB8146D6
:10A3B0004FF440310B980EF08EFC82464FF4403142
:10A3C0000B980EF03FFA0746C84501DD404600E015
:10A3D0004846BA4501DD514600E03946884205DD70
:10A3E000C84501DD404606E0484604E0BA4501DDC7
:10A3F000504600E03846801C0FFA80FB0E9806F0AD
:10A40000F1FD0546B5F900100698ABEB000081425E
:10A4100003DDB5F9000003E005E00698ABEB0000B2
:10A4200000B2288004E0152E02D10E98FFF794FCAC
:10A4300000BF8AE5014600BF00BFB1F92E0070479A
:10A4400070B505460E4614462146284600F094F89D
:10A450003146284600F0E1F870BD70B505460E465D
:10A4600014462146284600F005F83146284600F0FB
:10A4700042F870BD2DE9F04180460F4600BF00BF95
:10A480004646B7F5B47F02DDA7F5B47087B2B08D4C
:10A49000718D401A04B2708D381A05B2002C02DAA0
:10A4A00004F5B47004B2002D02DA05F5B47005B2FB
:10A4B000281B002801DD281B00E0601BB42803DDF9
:10A4C00040460FF09EFA10E0A54206DAB28D002356
:10A4D00039464046FBF712F907E0AC4205DAB18D88
:10A4E00000233A464046FBF709F9B78540461CF081
:10A4F0008DFBBDE8F0812DE9F04180460F4600BF9D
:10A5000000BF4646B7F5B47F02DDA7F5B47087B249
:10A51000B08D718D401A04B2B08DC01B05B2002CF5
:10A5200002DA04F5B47004B2002D02DA05F5B47055
:10A5300005B2281B002801DD281B00E0601BB428A1
:10A5400003DD40460FF05DFA10E0A54206DA718D9A
:10A5500000233A464046FBF7D1F807E0AC4205DA63
:10A56000728D002339464046FBF7C8F87785404690
:10A570001CF04CFBBDE8F0812DE9F04180460F4610
:10A5800000BF00BF4646B7F5B47F02DDA7F5B47043
:10A5900087B2308DF18C401A04B2F08C381A05B2B3
:10A5A000002C02DA04F5B47004B2002D02DA05F5CD
:10A5B000B47005B2281B002801DD281B00E0601BD9
:10A5C000B42803DD40460FF01CFA12E0A54207DA7A
:10A5D000328D4FF4003339464046FBF78FF808E0E0
:10A5E000AC4206DA318D4FF400333A464046FBF771
:10A5F00085F84046FBF7E8F837854046FBF7E4F876
:10A60000BDE8F08170B504460D4600BF00BF264688
:10A61000B58420460FF0F5F970BD2DE9F041804674
:10A620000F4600BF00BF4646B7F5B47F02DDA7F571
:10A63000B47087B2308DF18C401A04B2308DC01BDB
:10A6400005B2002C02DA04F5B47004B2002D02DA6F
:10A6500005F5B47005B2281B002801DD281B00E0B9
:10A66000601BB42803DD40460FF0CBF912E0A54291
:10A6700007DAF18C4FF400333A464046FBF73EF8D8
:10A6800008E0AC4206DAF28C4FF40033394640461B
:10A69000FBF734F84046FBF797F8F7844046FBF7A2
:10A6A00093F8BDE8F0812DE9F04107460D4600BF63
:10A6B00000BF3C46B4F92E00A84201D1BDE8F081AC
:10A6C000B4F93200A84202DAB4F9320000E02846B8
:10A6D0000646B4F93000B04202DDB4F9300000E0C3
:10A6E00030460646B4F92E00B04200D1E6E7E685D2
:10A6F00038461CF08BFA00BFE0E70A8802804A88DF
:10A7000042808A888280CA88C28070470A88028014
:10A710004A8842808A888280CA88C28070470A88B4
:10A7200002804A8842808A888280CA88C2807047B4
:10A730000A8802804A8842808A888280CA88C280C9
:10A7400070470A8802804A8842808A888280CA8844
:10A75000C28070470A8802804A8842808A88828044
:10A76000CA88C28070470A8802804A8842808A88E4
:10A770008280CA88C28070470A8802804A884280E4
:10A780008A888280CA88C28070470A8802804A8884
:10A7900042808A888280CA88C28070470A88028084
:10A7A0004A8842808A888280CA88C28070470A8824
:10A7B00002804A8842808A888280CA88C280704724
:10A7C0000146C8884A88801A401C00B2704701467A
:10A7D000C8884A88801A401C00B270470146C88861
:10A7E0004A88801A401C00B270470146C8884A88CF
:10A7F000801A401C00B270470146C8884A88801AF7
:10A80000401C00B270470146C8884A88801A401C24
:10A8100000B270470146C8884A88801A401C00B2BE
:10A8200070470146C8884A88801A401C00B27047A9
:10A830000146C8884A88801A401C00B27047014609
:10A84000C8884A88801A401C00B270470146C888F0
:10A850004A88801A401C00B270470146C8884A885E
:10A86000801A401C00B270470146C8884A88801A86
:10A87000401C00B270470146C8884A88801A401CB4
:10A8800000B2704710B50146B1F90420B1F90030AB
:10A89000D21A521CB1F90630B1F902401B1B5B1CE5
:10A8A00002FB03F010BD014688880A88801A401C0C
:10A8B00000B27047014688880A88801A401C00B29E
:10A8C0007047014688880A88801A401C00B2704789
:10A8D000014688880A88801A401C00B270470146E9
:10A8E00088880A88801A401C00B270470146888810
:10A8F0000A88801A401C00B27047014688880A887E
:10A90000801A401C00B27047014688880A88801A65
:10A91000401C00B27047014688880A88801A401C93
:10A9200000B27047014688880A88801A401C00B22D
:10A930007047014688880A88801A401C00B2704718
:10A94000014688880A88801A401C00B27047014678
:10A9500088880A88801A401C00B27047014688889F
:10A960000A88801A401C00B27047014688880A880D
:10A97000801A401C00B27047014688880A88801AF5
:10A98000401C00B27047014688880A88801A401C23
:10A9900000B2704703885B1A1BB2038083880B44A4
:10A9A0001BB2838043889B1A1BB24380C388134425
:10A9B0001BB2C380704703880B441BB2038083889B
:10A9C0000B441BB28380438813441BB24380C3886B
:10A9D00013441BB2C380704710B5029C01804280B3
:10A9E0008380C48010BD42880A44521E12B2C280C5
:10A9F000704702880A44521E12B282807047F0B536
:10AA000006460D460024002E02DA601CC4B27642CF
:10AA10003746002D02DAA01CC4B26D42AC46674531
:10AA200009D9CCEB0C1000EB4000B0FBF7F304F1BC
:10AA30001000C4B205E0C7EB071000EB4000B0FB0C
:10AA4000FCF30022D9B2162910DD2C2901DC501CA0
:10AA5000C2B2292901DC501CC2B2252901DC501CDC
:10AA6000C2B2202912DC501CC2B20FE0022901DB65
:10AA7000501CC2B2062901DB501CC2B20A2901DBFC
:10AA8000501CC2B20F2901DB501CC2B2134404F0A7
:10AA9000100008B1C3F15A0304F0020038B104F009
:10AAA000010008B1B43307E0C3F1B40304E004F0DB
:10AAB000010008B1C3F5B47398B2F0BD70B5044697
:10AAC0000D462646F56030680EF09BFF70BD2DE9FF
:10AAD000F0410646346827683D464FF0FF30E0609D
:10AAE00005F13C00844202D1A068686205E005F1EE
:10AAF0004C00844201D1A068286320680EF081FFD9
:10AB0000BDE8F08170B506460C4625460020A862D7
:10AB10006420E862002028636862A88600212987F3
:10AB2000E986698785F85C0005F13C01204600F064
:10AB3000C8F805F14C01204600F0C3F80821204672
:10AB40000BF086FF102120460BF082FF00221146F9
:10AB5000204600F0F3F870BD70B506460C46254659
:10AB6000002105F13C00FEF759FF002105F14C00E2
:10AB7000FEF754FF70BD00002DE9F34F83B03C4851
:10AB800004990CF06FFC02900298012802D005B0E5
:10AB9000BDE8F08F049806F0C7F90546049806F062
:10ABA00024FA0646132D50D14FF4003130460BF0F5
:10ABB000D6FD0190049806F015FA0446B4F9001089
:10ABC0000198814202DDB4F9000000E00198208084
:10ABD000002130460DF020FF8046002130460DF068
:10ABE000C4FF8146002130460EF082F882460021E3
:10ABF00030460DF034FE0746C84501DA404600E015
:10AC00004846BA4501DA514600E03946884205DA3D
:10AC1000C84501DA404606E0484604E0BA4501DA94
:10AC2000504600E038468346BBF1000F0CDAB4F919
:10AC30000000CBF10001884202DDB4F9000001E020
:10AC4000CBF1000000B220800FE0012D01D0082DD3
:10AC500006D1344604F1340130460EF00CFF04E016
:10AC6000152D02D10498F0F729F900BF8FE70000F5
:10AC70009CA70490014600BF00BF0A4692F85C0002
:10AC800000F003007047024600BF00BF114691F874
:10AC90005C0000F00300022801D0886A7047886DCC
:10ACA000401C08B1486DF9E7086BF7E7024600BFA2
:10ACB00000BF1146886C401C08B1486C7047486A58
:10ACC000FCE7086000224A608A60521ECA60704732
:10ACD000F8B506460D46174600BF00BF344694F847
:10ACE0005C0000F00300022800D0F8BDD4E90A108F
:10ACF000A84201DD284600E0E06A814201DDA06A49
:10AD000005E0E06AA84201DD284600E0E06A054669
:10AD1000606AA84201DA606A00E028460546206BB6
:10AD2000A84200D1E1E704F14C0304F130022946C6
:10AD30003046009700F036F800BFD6E7F8B5064673
:10AD40000D46174600BF00BF3446606AA84200D1D6
:10AD5000F8BDD4E90A10A84201DD284600E0E06A07
:10AD6000814201DDA06A05E0E06AA84201DD2846D3
:10AD700000E0E06A0546206BA84201DD206B00E0A0
:10AD800028460546606AA84200D1E1E704F13C0389
:10AD900004F1240229463046009700F003F800BF72
:10ADA000D6E700002DE9F04792B007460D4616465B
:10ADB0001C46DDF86890B9F1000F04D135603846C3
:10ADC0000EF01FFE33E0E068401C18B93068606088
:10ADD000A56002E0A0686060A560356000212046A3
:10ADE000FEF71CFE02A8FEF761FE00BF029400BF42
:10ADF0001048039000BF00204FF4807109900A9022
:10AE00000B9100BF0C48059000BF4FF0000A65226F
:10AE1000514638460DF0D4FF0190DDF8048000BFA4
:10AE2000CDF8308000BF02A8FEF70AFF00BF12B0C5
:10AE3000BDE8F087BDAA0190CFAA01902DE9F04F9F
:10AE400004460D46C4F5806101FB01F0860A06FB4D
:10AE500001F04FEA902C04FB04F0870A07FB04F092
:10AE60004FEA90280CFB05F04FEA902906EB4600CC
:10AE7000604350434FEA105A01EB41007843584376
:10AE80004FEA105B099808FB00F04FEA902E09EB9F
:10AE90000A0058447044BDE8F08F70B505460C4672
:10AEA000102120460BF0D4FD4FF4806120460BF0BA
:10AEB000B3F870BD70B5044600BF00BF214604481A
:10AEC0000BF017FD054628460BF088FD284670BD9F
:10AED000B8A704902DE9F04107460C46164600BF7E
:10AEE00000BF3D46288EA04201DCBDE8F081E86A43
:10AEF00030F81400B043E96A21F8140021463846BE
:10AF0000FAF775FC06F4007010B138460FF0F6FA47
:10AF100000BFEAE72DE9F04105460E4600BF00BF3D
:10AF20002F46002406E0324621462846FFF7D2FF8E
:10AF3000601C84B2388EA042F5DCBDE8F0810000D0
:10AF400070B506460C4625460020288668864FF6D2
:10AF5000FF70A8860020A862E862686285F8360063
:10AF60000249204600F022FC70BD000014030024BA
:10AF700070B5044600BF00BF214604480BF0B9FC81
:10AF8000054628460BF02AFD284670BDD4A704903C
:10AF900070B506460C462546A86A0AF03BFAE86AF0
:10AFA0000AF038FA0020A862E86270BD2DE9F34F7C
:10AFB00083B0FB4804990CF055FA0746012F02D0E4
:10AFC00005B0BDE8F08F049805F0AEFF0546049883
:10AFD00006F00BF880464446132D18D1049806F06D
:10AFE00001F806464046F9F78DF868B1608E0028F2
:10AFF00006DD40460CF0DCFA618E90FBF1F000E0DB
:10B00000002000B2308001E00020308000BF2A2DF7
:10B0100004D14046616A00F0C9FB29E3292D04D11F
:10B020004046616A00F0C2FB22E3012D60D1049822
:10B0300005F0D8FF8246A18E4046FAF7D8FB08F00B
:10B04000D5F9064608F027FA8146B9F1010F02D07A
:10B05000B9F1030F1ED102A9504608F0E1F902A987
:10B060004046F7F72DFB06464FF6FF70864210D09C
:10B07000E16A31F81600EBF7C7FF50B9E16A31F821
:10B080001600EBF7BDFF20B9A686A18E4046FAF761
:10B09000AEFB00BFA08E4FF6FF71884227D0A28E74
:10B0A000E16A31F81200EBF7A7FF00BBA28EE16A5C
:10B0B00031F81200EBF7ACFFC8B9A28EE16A31F8A3
:10B0C0001200EBF7A1FF90B9A28EE16A31F81200ED
:10B0D000EBF796FF58B9A08E019001AA1C214046BB
:10B0E00005F08AFF0746012F00D069E700BFBFE2E5
:10B0F000022D59D1049805F075FF82464FF6FF7670
:10B1000008F074F98346584608F0C5F98146B9F14C
:10B11000040F02D0B9F1020F00D151E702A958463D
:10B1200008F07EF902A94046F7F7CAFA0646A08E53
:10B13000B04238D0A08E4FF6FF71884203D0A18E66
:10B140004046FAF754FBA686504608F0A7FA4FF699
:10B15000FF70864227D0E16A31F81600EBF754FF02
:10B1600008BBE16A31F81600EBF74AFFD8B931465F
:10B170004046FAF73CFBE16A31F81600EBF73CFF7A
:10B1800088B9A28EE16A31F81200EBF741FF50B99D
:10B19000019601AA1C21404605F02EFF0746012F0B
:10B1A00000D00DE700BF63E2082D69D1A08E4FF6F5
:10B1B000FF7188425FD0A28EE16A31F81200EBF78E
:10B1C00013FF80B3A28EE16A31F81200EBF71CFF87
:10B1D00048BBA28EE16A31F81200EBF701FF78B1AB
:10B1E00094F8360000F0010050B9A18EE06A30F802
:10B1F000110020F08000A28EE16A21F8120009E01F
:10B20000A18EE06A30F8110040F08000A28EE16A61
:10B2100021F8120094F8360000F0010018B1A18E58
:10B22000404614F0C9FBA28EE16A31F81200EBF738
:10B23000E3FE30B9A28EE16A31F81200EBF7E8FEC6
:10B24000C8B1A28EE16A31F81200EBF7DDFE90B9C9
:10B25000A28EE16A31F81200EBF7D2FE58B9A08E47
:10B26000019001AA1C21404605F0C6FE0746012FA9
:10B2700000D0A5E600BFA18E4046FAF7B8FAF7E184
:10B28000062D28D1A08E4FF6FF7188428BD0A28E5A
:10B29000E16A31F81200EBF7C3FE0028EFD1A28E6D
:10B2A000E16A31F81200EBF7AFFE0028E7D1A28E79
:10B2B000E16A31F81200EBF7A3FE0028DFD1A08E7F
:10B2C000019001AA1C21404605F096FE0746012F79
:10B2D00000D075E6CCE1032D07D1A18E4046FAF7E8
:10B2E00086FA4FF6FF70A086C2E10E2D5ED104985B
:10B2F00005F078FE8246504608F0CDF88346BAF154
:10B30000000F07D1002008F077F88246504608F079
:10B31000C2F8834640460CF0D5F9064606F0B6FD65
:10B320008146A08E4FF6FF7188423ED1BBF1020FDD
:10B3300005D0BBF1040F35D1B9F1000F32D0002692
:10B3400094F8360000F00100B8B100E0761CE16A24
:10B3500031F81600EBF754FE0028F7D1E16A31F816
:10B360001600EBF751FE0028F0D1E16A31F8160023
:10B37000EBF73EFE0028E9D00FE000E0761CE16A22
:10B3800031F81600EBF73CFE0028F7D1E16A31F8FE
:10B390001600EBF739FE0028F0D1A68605E0000084
:10B3A000D4A704904FF6FF70A08661E10F2D01D065
:10B3B000102D0CD1A08E4FF6FF71884203D0A18EC4
:10B3C0004046FAF714FA4FF6FF70A08650E10D2DB3
:10B3D00079D1A18E4046FAF70AFA049805F002FEE8
:10B3E00090F80090B9F1130F2BD1A08E4FF6FF719A
:10B3F000884202D10020A08602E0A08E401CA086D8
:10B40000A08E218E884201DB0020A08608E0A08E5D
:10B41000401CA086A08E218E884201DB0020A086E1
:10B42000A28EE16A31F81200EBF7EAFD0028EED1B6
:10B43000A28EE16A31F81200EBF7E6FD0028E6D1B2
:10B440000CE1B9F1140F2ED1A08E4FF6FF71884296
:10B4500001D10020A086A08E18B9208E401EA086A3
:10B4600005E0A08E002802DDA08E401EA08609E027
:10B47000A08E002803DDA08E401EA08602E0208E54
:10B48000401EA086A28EE16A31F81200EBF7B8FDEB
:10B490000028EDD1A28EE16A31F81200EBF7B4FD7D
:10B4A0000028E5D1DAE0B9F1120F6AD10021404657
:10B4B0000DF04AFA8346A08E4FF6FF7188421DD1E7
:10B4C0000020A08609E0CEE0A08E401CA086A08EC1
:10B4D000218E884201DB0020A086A28EE16A31F82D
:10B4E0001200EBF78DFD0028EED1A28EE16A31F853
:10B4F0001200EBF789FD0028E6D141E0A28EA16A97
:10B5000001EBC200FFF731FAA28EA16A31F83210C6
:10B5100001EB60000FFA80FAA68E28E0A06A00EB2B
:10B52000C600B0F90200A28EA16A01EBC201B1F916
:10B530000210884219DDA06A30F93600504514DC4B
:10B54000A06A00EBC600B0F90400584450450CDB7B
:10B55000E16A31F81600EBF757FD30B9E16A31F8CE
:10B560001600EBF74DFD00B904E0701C86B2208E8A
:10B57000B042D3DC00BF208EB04200DDA68600BF03
:10B580006CE0B9F1110F69D1002140460DF0DCF9F2
:10B590008346A08E4FF6FF7188421CD10020A08602
:10B5A00008E0A08E401CA086A08E218E884201DB80
:10B5B0000020A086A28EE16A31F81200EBF720FD90
:10B5C0000028EED1A28EE16A31F81200EBF71CFDE3
:10B5D0000028E6D141E0A28EA16A01EBC200FFF78C
:10B5E000C4F9A28EA16A31F8321001EB60000FFAA3
:10B5F00080FAA08E06B229E0A06A00EBC600B0F97E
:10B600000200A28EA16A01EBC201B1F902108842C8
:10B610001ADAA06A30F93600A0EB0B00504513DCB3
:10B62000A06A00EBC600B0F9040050450CDBE16AEB
:10B6300031F81600EBF7E8FC30B9E16A31F8160092
:10B64000EBF7DEFC00B903E0701E06B2002ED3DA81
:10B6500000BF002E00DBA68600BF00BFA18E4046C3
:10B66000FAF7C5F804E0152D02D10498F0F728FF89
:10B6700000BFA5E42DE9F04180460E4600BF00BFA3
:10B680004FF6FF70864202D10020BDE8F0814446AB
:10B69000208EB04201DA0020F7E7002500270CE0F9
:10B6A000781C87B2681C85B2616A51F8250008A130
:10B6B000E4F776FF08B9681C85B2B742F0D1208E56
:10B6C000B84201D10020E0E7606A50F82500DCE7CD
:10B6D0000A000000014600BF00BF0A46908E704776
:10B6E00010B5034600BF00BF1C46208E884201DC17
:10B6F000002010BDE06A30F811001040904201D1E6
:10B700000120F6E70020F4E72DE9F04107460D4659
:10B71000164600BF00BF3C46208EA84201DCBDE8B3
:10B72000F08194F8360000F0010030B106F080009E
:10B7300018B180213846FFF7EDFBE06A30F81500BC
:10B740003043E16A21F8150029463846FAF74FF8E8
:10B7500006F4007010B138460EF0D0FE00BFDEE7F0
:10B760002DE9F04105460E4600BF00BF2F460024DC
:10B7700006E0324621462846FFF7C6FF601C84B229
:10B78000388EA042F5DCBDE8F08170B504460E4667
:10B7900000BF00BF2546298E4A003146E86A09F0FD
:10B7A000C2FE2046696A00F001F870BD2DE9F34F32
:10B7B00091B0804600BF00BF129810B913B0BDE829
:10B7C000F08F444640461299EAF730FE129E6662B8
:10B7D000002541F26A42294620460DF0F1FA089010
:10B7E0000898C0B21090002140460DF022F90F9049
:10B7F000002140460DF089FA0E90002140460DF0E0
:10B800001CFA0D90002140460DF09EF883464046FC
:10B810000BF0EDFE0C9040460BF0CAFE0B90628ED2
:10B82000521E0D990B9801FB120000B20A900020E5
:10B8300009908146129E0027A1E000200890002573
:10B840000CE009EB0502E16A31F81200F7F736F86F
:10B850000899084480B20890681C85B256F8250003
:10B8600050B156F825004CA1E4F79AFE20B156F8E5
:10B87000250000780028E4D11DB9681C06EB80067D
:10B880007CE00A987843618EB0FBF1F10E98014498
:10B890000D9807FB001000B20790791C0A984843E6
:10B8A000618EB0FBF1F10E9801440D9807FB00107A
:10B8B000401E00B20690691E0C980BFB110000B2EE
:10B8C00005900598002801DA0020059000200490DA
:10B8D00082464DE0E16A31F81900F6F7EFFF039078
:10B8E000DDE9041048430899B0FBF1F00AFB0B00B6
:10B8F00000B20290DDE90310084405994843089915
:10B90000B0FBF1F00AFB0B00401E00B20190109852
:10B9100001280ED10298019902910190029A0C9986
:10B92000891A09B202910C990198091A09B2019178
:10B9300000BF0F990298084400B202900F99019835
:10B94000084400B2019006980090A16A01EBC9007A
:10B95000DDE90131079AFFF73FF8DDE903100844FC
:10B9600004900AF1010A09F101090998401C0990A3
:10B97000AA45AFD3681C06EB800600BF7F1C608E13
:10B98000B8423FF65AAF40460EF0B8FD40460EF0C2
:10B9900038F800BF12E700000A00000070B5044646
:10B9A0000D4600BF00BF264686F8365000212046CF
:10B9B00014F002F870BD70B506460C4600BF00BF1B
:10B9C0003546288EA04204DC4FF6FF70844200D03A
:10B9D00070BDA98E3046F9F70AFFAC862146304685
:10B9E000F9F705FF00BFF3E72DE9F04781460D4663
:10B9F0002C4640F2E470208501212A2001552B209D
:10BA0000015540F2E470A0852E2001552F200155EC
:10BA100000202063A086A82104F58C7009F011FF96
:10BA20000027002626E06EB1701CC11700EB517193
:10BA3000C910A0EBC10129B931A104F1380040F8C7
:10BA4000261015E0082E07DA2E4850F8261004F1CB
:10BA5000380040F826100BE0782104F58C7000F8CF
:10BA6000271000EB8701E03840F82610781CC7B299
:10BA7000701CC6B2382ED6DB23A1C4F81411284698
:10BA8000FFF776FA606204F13801606AFFF78EFE14
:10BA90004FF48871606AFFF763FE00231A221B4986
:10BAA000606A0AF071FA6420002804DAC0F57A713D
:10BAB00041F4005101E040F400510FFA81F8414691
:10BAC000606A0FF0EDFB012128460FF0C9F8012153
:10BAD000606A0FF0D7F894F92E20A18D284600F067
:10BAE0001FF894F92B3094F92A20218D284600F074
:10BAF000D9F84FF48041606A0AF08EFABDE8F08709
:10BB00000A000000840100240000000009DB00900E
:10BB1000014600BF00BF0A4602F12C00704700003A
:10BB20002DE9F74F82B0064600BF00BF34460398A8
:10BB3000A085049841B22E20015501212F200155E6
:10BB4000A08DADF804002E20005D8DF806002F209A
:10BB5000005D8DF807002021606AFFF7DBF9002502
:10BB600006E020222946606AFFF7CEFD681CC5B2B8
:10BB7000072DF6DB9DF90610BDF80400F7F706FB6C
:10BB800081469DF90610BDF804000122F6F722FF58
:10BB900007463D464FF001080EE004F58C7101EBBD
:10BBA000850043463EA2042110F0D0FE681CC5B2B9
:10BBB00008F1010000F0FF0809EB0700A842ECDCE7
:10BBC0009DF90620511EBDF80400F7F7DFFA824602
:10BBD0000025AAEB0700401C00F0FF0813E004F565
:10BBE0008C7101EB850043462DA2042110F0AEFEBE
:10BBF0002022E91D606AFFF787FD681CC5B208F1C5
:10BC0000010000F0FF08BD42E9DB07EB0900C5B207
:10BC10004FF0010813E004F58C7101EB85004346F9
:10BC20001FA2042110F092FE2022E91D606AFFF796
:10BC30006BFD681CC5B208F1010000F0FF082A2D59
:10BC4000E9DB3046F8F7B0FA606AFFF743FD4FF6DC
:10BC5000FF71884203D0F91D606AFFF7ACFE3046E1
:10BC60000DF0CFFE30460BF040FC8346002511E07E
:10BC7000294630460BF01BFC0090616A0098814217
:10BC800000D105E032461C21009805F0B5F900BF4F
:10BC9000681CC5B25D45EBD305B0BDE8F08F000070
:10BCA000256400002DE9F04104460E4617469846EB
:10BCB00000BF00BF25462E8579B22C462A2041556B
:10BCC0004FFA88F12B2041552046F8F76DFABDE870
:10BCD000F08170B506460C462546102105F124007A
:10BCE000E9F746FA102105F13000E9F741FA0020A2
:10BCF000A5F86C00A5F8740000216E204153762051
:10BD000041536420A5F87000A5F8780064217220E2
:10BD100041537A20415303207C3568800520A88058
:10BD20000A20E88047F6FF702880287B20F0070073
:10BD3000401C2873287B20F0080028734FF4807083
:10BD4000288168817C3D70BD2DE9F04180460E461A
:10BD5000344613E004F12400E9F7DFF90546287BB7
:10BD6000C0F3800010B9686809F054FB294604F15B
:10BD70002400E9F751FA284609F04CFBA06A002894
:10BD8000E8D104F12400E9F7B0F90CE004F1300047
:10BD9000E9F7C3F90746394604F13000E9F73CFA00
:10BDA000384609F037FB606B0028EFD104F1300012
:10BDB000E9F79BF9BDE8F0812DE9F84F8846414647
:10BDC0006F480BF04FFB8146B9F1010F01D0BDE880
:10BDD000F88F404605F0A8F80546404605F005F9FD
:10BDE00006463446012D2FD107F000FB83466946F5
:10BDF000584607F015FBBDF80000B18A401A00B2A2
:10BE0000ADF8000030460BF05DFDBDF800100844B1
:10BE10000FFA80FA51463046F6F73CFF0746B4F871
:10BE20007C00B8420FD0B9B23046F9F769FDB4F8DA
:10BE30007C103046F9F764FDA4F87C7000221C21C8
:10BE4000304605F0D9F898E0082D09D1B4F87C10F7
:10BE50003046F9F755FD47F6FF70A4F87C008CE0FA
:10BE6000292D03D130460EF078FB86E0132D33D117
:10BE7000B4F94020B4F94C00824202DDB4F940002C
:10BE800001E0B4F94C00B4F95830B4F9642093429D
:10BE900002DDB4F9582001E0B4F9642090420BDDD2
:10BEA000B4F94020B4F94C00824202DDB4F94000FC
:10BEB0000DE0B4F94C000AE0B4F95820B4F964007C
:10BEC000824202DDB4F9580001E0B4F96400014691
:10BED000404605F0C7F850E02C2D16D1404605F03D
:10BEE00081F8074630460BF082FBB4F884104843D3
:10BEF000001200B2388030460BF05AFBB4F88610BE
:10BF00004843001200B2788037E0152D35D1404605
:10BF100005F012F8074639463046EEF79DFB3946E4
:10BF20003046ECF77FFE04F12400E9F769F9F8B92F
:10BF300094F8880000F00700012804D13946304603
:10BF4000F2F7E0FC14E094F8880000F00700022803
:10BF500004D139463046F2F78FFB09E094F88800A7
:10BF600000F00700032803D139463046F2F760FF9E
:10BF700039463046EEF760F900BF00BF27E7000002
:10BF8000F0BB03902DE9F04F87B081460E4617466F
:10BF90001D4600BFB9F1000F03D100BF00BF00BFB5
:10BFA000FEE700BF00BF1EB900BF00BF00BFFEE735
:10BFB00000BF00BF00BF4C46B4F88200B84207DCA7
:10BFC00000BF00BF00202880688007B0BDE8F08F68
:10BFD00048460BF00CFB34F8841F484300120FFA5C
:10BFE00080F848460BF0E4FA6188484300120FFAE3
:10BFF00080FA2079843C00F00700012809D108FB71
:10C0000007F0B4F88210491E90FBF1F000B22880CE
:10C0100079E094F8880000F00700032818D1CDF8E3
:10C020000080336833F91700337BC3F3C00C04F18D
:10C03000780333F91C20337BC3F3C00C04F1740381
:10C0400033F91C10002309F003F900B228805AE0EC
:10C0500094F8880000F00700022854D104F124006D
:10C06000E9F761F805904FF4A02148460CF045FC33
:10C0700082346188484300120490002148460CF045
:10C080003CFC61884843001203902188491E0398B4
:10C0900001FB1081208891FBF0F000B2029005991D
:10C0A0000298B0FBF1F000B2019008FB07F034F801
:10C0B000821990FBF1F000B228800020009004F17A
:10C0C0002400E9F74FF800900EE00098B04200D14C
:10C0D0000DE029880198084400B2288004F124006A
:10C0E0000099E9F739F8009000980028EDD100BFD9
:10C0F000049A0199881A00EBD0712A8802EB610139
:10C1000009B2298000BF002148460CF044FA83465A
:10C11000002148460CF059FC58442988084400B2D4
:10C12000288048460BF0CEFB2988081A00B22880E8
:10C1300000200690706830F91710307BC0F30012B1
:10C1400004F16C0030F91200081A00FB0AF00690A6
:10C15000307BC0F3001104F1700030F91110307B16
:10C16000C0F3001204F16C0030F91200091A0698AD
:10C1700090FBF1F006900698AAEB000000B26880F0
:10C18000002148460CF08DFD58446988084400B2EF
:10C19000688048460BF090FC6988081A00B26880F5
:10C1A00000BF12E770B506460C46254608A0686237
:10C1B0000120A8620221204609F02EFF0821204616
:10C1C00009F02AFF4FF48061204609F025FF70BD79
:10C1D000436865636B20626F7800000070B50646A7
:10C1E0000C46254695F8280000F0010020B9686A41
:10C1F00009F010F90020686270BD00002DE9F14FD0
:10C20000BEB03E9804F0F1FE044625463E9804F088
:10C2100093FE3D90002120460CF093FE074600BFA0
:10C22000B7F908000646A2464FF0000B41F2320271
:10C23000594650460CF0C4FD0290029800B2804668
:10C24000002120460CF06EFD40440FFA80F90021D9
:10C2500020460CF0FBFB404400B23C9000212046FD
:10C260000CF07FFB3B904FF4003120460CF0EEFBCE
:10C270003A904FF4003120460CF091FC39904FF485
:10C28000003120460CF04EFD38904FF4003120462E
:10C290000CF0FFFA37904FF4003B40F60A02594683
:10C2A00050460CF08DFD0290029800B2369000BF0F
:10C2B00040F60B02594650460CF082FD029002985F
:10C2C00000B2359027A803F0CDF827AA594620469A
:10C2D0000DF0E8F9A18A3C98084400B2ADF894004A
:10C2E000BDF8940081193A98014439980844401ED9
:10C2F00000B2ADF89800E08A484400B2ADF896006C
:10C30000BDF8960081193898014437980844401EBA
:10C3100000B2ADF89A0000BFBDF89400ADF88C00F3
:10C32000BDF89600ADF88E00BDF89800ADF890000D
:10C33000BDF89A00ADF8920000BFBDF88C10369899
:10C34000081A00B2ADF88C00BDF890103698084479
:10C3500000B2ADF89000BDF88E103598081A00B202
:10C36000ADF88E00BDF892103598084400B2ADF8D3
:10C37000920011A83D990AF04FFE27A81590374862
:10C3800012900020139023A8149058461E9011AAD2
:10C390001A21204604F030FE23AA27A93D9803F075
:10C3A00045F811AA1B21204604F026FE0021204654
:10C3B0000CF036FE1090002120460CF00AFE0F9083
:10C3C000002141F6FF721098CDE901210090696AC1
:10C3D0003A460EA80F9B13F019F806A802F036F89B
:10C3E00006AA002120460DF082F800BFBDF89A1081
:10C3F000BDF89620891A491C09B2881B00EBD07140
:10C40000491009B20591BDF898103B98084400B254
:10C41000ADF80C00BDF80C00BDF83810084400B2AF
:10C42000ADF81000E08A00EB09010598084400B25D
:10C43000ADF80E00BDF80E00BDF83A10084400B289
:10C44000ADF812000020009003AA06A96B6A3D987F
:10C4500001F048FC3FB0BDE8F08F0000F0A7049069
:10C460002DE9F04F8DB00F4639464C480AF0FAFFDF
:10C470000C900C98012802D00DB0BDE8F08F384622
:10C4800004F052FD0446384604F0AFFD05462C2C5E
:10C4900067D1384604F0A6FD0646AA460021284684
:10C4A0000CF04FFD804600BFB8F90800814600211E
:10C4B00028460CF0B5FD8346002128460CF089FD86
:10C4C0000B90002041F6FF71CDE900B10290DAF83F
:10C4D000241042460AA80B9B12F098FF0021284620
:10C4E0000CF03FFA09904FF4003128460CF0AEFAF8
:10C4F00008904FF4003128460CF051FB07904FF4A0
:10C50000003128460CF00EFC06904FF4003128460E
:10C510000CF0BFF90590089809EB00010798084452
:10C5200000B2ADF81000069809EB00010598084428
:10C5300000B2ADF81200BDF81000BDF8281001449B
:10C540000998084400B23080BDF91200BDF92A10E4
:10C55000884202DDBDF9120001E0BDF92A007080B9
:10C560001AE0132C13D1384604F03CFD06464FF474
:10C57000003128460AF0F3F88046B6F9000040453D
:10C5800002DDB6F9000000E04046308004E0152CE2
:10C5900002D13846FFF732FE00BF6DE7F0A70490E6
:10C5A00030B5044601F4C040B0F5005F01D1012070
:10C5B00000E0002030B121F4C040B0F5FA6F01DC9A
:10C5C000012000E0002080B121F4C040B0F57A7F66
:10C5D00004DD21F4C040C0F57A7001E021F4C040D0
:10C5E0005843642590FBF5F001B202F4C040B0F569
:10C5F000005F01D1012000E0002030B122F4C040F2
:10C60000B0F5FA6F01DC012000E0002080B122F4D7
:10C61000C040B0F57A7F04DD22F4C040C0F57A70E6
:10C6200001E022F4C0405843642590FBF5F002B2CB
:10C63000944201DA204600E01046884201DA0846BA
:10C6400030BD944201DA2046FAE71046F8E730B5EB
:10C65000044601F4C040B0F5005F01D1012000E0C4
:10C66000002030B121F4C040B0F5FA6F01DC0120A8
:10C6700000E0002080B121F4C040B0F57A7F04DDF5
:10C6800021F4C040C0F57A7001E021F4C040584365
:10C69000642590FBF5F001B202F4C040B0F5005FF4
:10C6A00001D1012000E0002030B122F4C040B0F5FB
:10C6B000FA6F01DC012000E0002080B122F4C040CC
:10C6C000B0F57A7F04DD22F4C040C0F57A7001E055
:10C6D00022F4C0405843642590FBF5F002B2944226
:10C6E00001DA204600E01046884201DA084630BDF3
:10C6F000944201DA2046FAE71046F8E708B500222E
:10C700001146104600F05DF90090BDF80010084693
:10C7100008BD08B500221146104600F06AF90090E5
:10C72000BDF80010084608BD1CB5002001460246B1
:10C73000D408BDF8003064F304038C080093BDF8FE
:10C74000003064F34A13C4080093BDF8003064F36A
:10C75000CF230093BDF8004023460193BDF8041099
:10C7600008461CBD08B500221146104600F089F9A4
:10C770000090BDF80010084608BD01B583B00398CD
:10C780000190BDF80400C00AC0EBC00202EB00201B
:10C79000C01DC0F347108DF80200BDF80400C0F3BF
:10C7A000451000EB400202EB0020C01CC0F38710D4
:10C7B0008DF80100BDF8040000F01F00C0EBC002BE
:10C7C00002EB0020C01DC0F347108DF80000FF20D1
:10C7D0008DF80300009802909DF808009DF80A204B
:10C7E000032313FB02009DF80920042313FB02011D
:10C7F000C1F3C70004B000BD13B582B00C46FFF70B
:10C80000B1FF22460190029900F0F4F90090BDF8C2
:10C810000010084604B010BD37B503461C4604F0AE
:10C82000030525B1BDF804501D809B1C521EBDF8A8
:10C83000045005EB0541184610E00160001D016041
:10C84000001D0160001D0160001D0160001D0160F0
:10C85000001D0160001D0160001D103A102AECD877
:10C86000034604E0BDF804501D809B1C521E002AA4
:10C87000F8D13EBD0160704708B5014601F478006B
:10C88000000A01F47C4240EA5210C1F3C402104392
:10C890000090BDF80020104608BD2DE9F04F85B08E
:10C8A000824689461446CAEB0A204FF4B471B0FBA5
:10C8B000F1F01FFA80FAC9EB0920642190FBF1F036
:10C8C00000F0FF09C4EB042090FBF1F0C4B2B9F111
:10C8D000000F0BD122462146204600F0D2F80090EE
:10C8E000BDF80010084605B0BDE8F08F2B209AFB7C
:10C8F000F0F0C0B204902B21049810FB01F0AAEBD9
:10C90000000000EB40004006000E0390C9F1FF005C
:10C9100060434FEA2028039809FB00F0FF21A1EBB8
:10C9200020206043001202900398C0F1FF0000FB3A
:10C9300009F0A1EB202060434FEA202B0498052842
:10C9400018D2DFE800F003070B0F130025465E4600
:10C95000474613E0029D264647460FE045462646D9
:10C960005F460BE04546029E274607E05D46464689
:10C97000274603E025464646029F00BF00BF3A46D1
:10C980003146284600F07DF80190BDF804100846B5
:10C99000A9E718B50346D408BDF8000064F3040005
:10C9A0008C080090BDF8000064F34A10DC08009089
:10C9B000BDF8000064F3CF200090BDF80040204691
:10C9C00018BD18B50346D408BDF8000064F3040090
:10C9D0008C080090BDF8000064F34A10DC08009059
:10C9E000BDF8000064F3CF200090BDF80040204661
:10C9F00018BD18B50346D408BDF8000064F3040060
:10CA00008C080090BDF8000064F34A10DC08009028
:10CA1000BDF8000064F3CF200090BDF80040204630
:10CA200018BD18B50346D408BDF8000064F304002F
:10CA30008C080090BDF8000064F34A10DC080090F8
:10CA4000BDF8000064F3CF200090BDF80040204600
:10CA500018BD18B50346D408BDF8000064F30400FF
:10CA60008C080090BDF8000064F34A10DC080090C8
:10CA7000BDF8000064F3CF200090BDF800402046D0
:10CA800018BD18B50346D408BDF8000064F30400CF
:10CA90008C080090BDF8000064F34A10DC08009098
:10CAA000BDF8000064F3CF200090BDF800402046A0
:10CAB00018BD18B50346D408BDF8000064F304009F
:10CAC0008C080090BDF8000064F34A10DC08009068
:10CAD000BDF8000064F3CF200090BDF80040204670
:10CAE00018BD000037B581B0101DC210BDF8080098
:10CAF00040EA00400B4D00EA0501BDF8040040EAA1
:10CB0000004000EA0503581A504301EB501000EAB8
:10CB1000050444EA144080B20090BDF80050284655
:10CB200004B030BD1FF8E00737B581B0101DC2104A
:10CB3000BDF8080040EA00400B4D00EA0501BDF8D1
:10CB4000040040EA004000EA0503581A504301EB94
:10CB5000501000EA050444EA144080B20090BDF889
:10CB60000050284604B030BD1FF8E00737B581B04B
:10CB7000101DC210BDF8080040EA00400B4D00EA4D
:10CB80000501BDF8040040EA004000EA0503581A18
:10CB9000504301EB501000EA050444EA144080B20F
:10CBA0000090BDF80050284604B030BD1FF8E007E3
:10CBB00037B581B0101DC210BDF8080040EA004032
:10CBC0000B4D00EA0501BDF8040040EA004000EA10
:10CBD0000503581A504301EB501000EA050444EADB
:10CBE000144080B20090BDF80050284604B030BD1B
:10CBF0001FF8E00737B581B0101DC210BDF808005E
:10CC000040EA00400B4D00EA0501BDF8040040EA8F
:10CC1000004000EA0503581A504301EB501000EAA7
:10CC2000050444EA144080B20090BDF80050284644
:10CC300004B030BD1FF8E00707B581B0034618887F
:10CC4000BDF80810C90A01FB0200803000EBC011DA
:10CC500001EBC030C00DBDF8001060F3CF21009192
:10CC60005888BDF80810C1F3451101FB020080305F
:10CC700000EBC01101EBC030C00DBDF8001060F337
:10CC80004A1100919888BDF8081001F01F0101FBBE
:10CC90000200803000EBC01101EBC030C00DBDF8C8
:10CCA000001060F30401009100BF00BFBDF8001048
:10CCB000084604B000BD07B581B003461888BDF82A
:10CCC0000810C90A01FB0200803000EBC01101EB23
:10CCD000C030C00DBDF8001060F3CF21009158881E
:10CCE000BDF80810C1F3451101FB0200803000EBD4
:10CCF000C01101EBC030C00DBDF8001060F34A1147
:10CD000000919888BDF8081001F01F0101FB020096
:10CD1000803000EBC01101EBC030C00DBDF8001039
:10CD200060F30401009100BF00BFBDF80010084689
:10CD300004B000BD01B581B0BDF80400C00AC0EB6D
:10CD4000C00101EB0020C01DC0F347108DF80200A8
:10CD5000BDF80400C0F3451000EB400101EB0020DA
:10CD6000C01CC0F387108DF80100BDF8040000F06E
:10CD70001F00C0EBC00101EB0020C01DC0F3471035
:10CD80008DF80000FF208DF8030000980CBD08B559
:10CD9000FF2211461046FFF72CFE0090BDF8001050
:10CDA000084608BD1CB5FF2001460246D408BDF860
:10CDB000003064F304038C080093BDF8003064F382
:10CDC0004A13C4080093BDF8003064F3CF230093E6
:10CDD000BDF8004023460193BDF8041008461CBD71
:10CDE00070B506460C4625460020A88464212620FE
:10CDF0004155272041553035287B20F0030028730A
:10CE0000287B20F004002873002028606860303DF3
:10CE1000084800782C2148554FF48031204609F00D
:10CE2000FBF84FF44071204609F012FE204614F042
:10CE30000FFB70BDD80100242DE9F34F89B0F948EC
:10CE40000A990AF00FFB8046B8F1010F02D00BB02F
:10CE5000BDE8F08F0A9804F067F805460A9804F0D8
:10CE6000C4F806463446132D42D14FF440313046C3
:10CE70000BF0B8FD81464FF4403130460BF05BFEBD
:10CE800082464FF4403130460BF018FF83464FF492
:10CE9000403130460BF0C9FC0890D14501DD4946D0
:10CEA00000E051460898834501DD584600E00898A7
:10CEB000814205DDD14501DD484607E0504605E0E9
:10CEC0000898834501DD584600E00898801C00B2B0
:10CED00007900A9804F086F80746B7F900100798FB
:10CEE000814202DDB7F9000000E00798388008E2CF
:10CEF000292D1BD10A9804F075F8074630460CF02E
:10CF000086F9B9883A88891A491C09B2884209D138
:10CF100030460AF0E1FBF9887A88891A491C09B27F
:10CF2000884202D0304614F093FAEAE12A2D03D168
:10CF3000304614F08DFAE4E10D2D71D10A9804F019
:10CF400051F80768132F01D0112F40D1606A089063
:10CF500094F83C0000F0030020B101280ED0022814
:10CF600024D117E0A08C401C4FF4B47190FBF1F277
:10CF700001FB120080B2ADF8200017E02620005D12
:10CF8000401C642190FBF1F201FB1200C0B28DF84D
:10CF900022000BE02720005D401C642190FBF1F291
:10CFA00001FB1200C0B28DF8230000BF00BF304665
:10CFB000089900F0BAF948B100221C21304604F06B
:10CFC0001BF88046B8F1010F00D040E747E0142F6E
:10CFD00001D0122F43D1606A089094F83C0000F011
:10CFE000030020B101280ED0022827D119E0A08C1F
:10CFF000002802DDA08C401E01E04FF4B47080B226
:10D00000ADF820001AE02620005D002803DD262070
:10D01000005D401E00E06420C0B28DF822000DE0EB
:10D020001EE02720005D002803DD2720005D401E54
:10D0300000E06420C0B28DF8230000BF00BF30467E
:10D04000089900F072F948B100221C21304603F023
:10D05000D3FF8046B8F1010F00D0F8E600BF50E1E1
:10D06000012D11D111F0E7FD606306F0BFF907460D
:10D0700004F1380106F0D4F93046EBF7F5FC8046B0
:10D08000B8F1010FEBD0E2E6022D7CD106F0AEF94B
:10D090008246BAF1000F00D1D9E6504606F0FBF9FE
:10D0A0008346BBF1040F02D0BBF1020F18D130460A
:10D0B0000CF0ADF8019000EBD070B18A01EB60008C
:10D0C00000B2ADF8200030460AF006FB019000EBFC
:10D0D000D0704110F08A084400B2ADF8220003E09D
:10D0E00008A9504606F09CF9DAF80000007E079087
:10D0F000BDF92000B4F93810401A002805DDBDF94B
:10D100002000B4F93810401A04E0B4F93800BDF931
:10D110002010401A0799884214DCBDF92210B4F996
:10D120003A00081A002805DDBDF92210B4F93A00CA
:10D13000081A04E0B4F93A00BDF92210401A079920
:10D14000884208DD11F077FD6063BDF8200020877C
:10D15000BDF822106187BDF82000B18A401A00B2E4
:10D16000ADF82000BDF82210F08A081A00B2ADF820
:10D17000220030460CF04BF880B20690002005905B
:10D180000021304600E098E00BF043F98146069814
:10D1900000EBD07149100FB2BDF82000C01B00B2E7
:10D1A000ADF82000BDF82200C01B00B2ADF822008F
:10D1B00001200490A7EB090007B2412F0ADD494680
:10D1C00009EBD172521010B2391A0FB2412F00DAA6
:10D1D000412700BFBDF8200010FB00F0BDF8221071
:10D1E00011FB010107FB07F0814201DA00200490E6
:10D1F000606B11F013FD03900498A8B9DAF80000F1
:10D20000818B039881420FD294F83C00C0F38000D8
:10D2100050B9304613F0E8F806F0E8F8019006F04F
:10D22000A9FA14E60CBC0390049800B90FE6BDF906
:10D230002210BDF92000FDF7E2FB4FF4B47190FB22
:10D24000F1F201FB120000B20590606A029094F8BE
:10D250003C0000F0030020B1012807D002281BD1B8
:10D260000FE0059880B2ADF8080015E0642105983C
:10D2700048434FF4B47190FBF1F0C0B28DF80A004E
:10D280000AE06421059848434FF4B47190FBF1F033
:10D29000C0B28DF80B0000BF00BF3046029900F00D
:10D2A00044F848B100221C21304603F0A5FE804618
:10D2B000B8F1010F00D0CAE523E0112D0CD10A9876
:10D2C00003F090FE074647F6FF7206F11400396836
:10D2D000E6F797FD387114E0152D06D10A98EDF7A1
:10D2E000CFF80A98EEF7F7F80BE0122D09D10A985B
:10D2F00003F078FE07463878022801D00120387004
:10D3000000BF00BFA3E538B5044600BF00BF2546F7
:10D3100027235A5D2C462623595DA88CFFF7BDFABA
:10D320000090BDF80010084638BD73B50546BDF83D
:10D330000400B0F5B47F0ADDBDF804004FF4B47109
:10D3400090FBF1F201FB120080B2ADF804009DF8F1
:10D350000600642802DD64208DF806009DF80700B1
:10D36000642802DD64208DF8070000BF00BF2C4652
:10D37000A08CBDF8041088420DD12620005D9DF8D8
:10D380000610884207D12720005D9DF807108842CB
:10D3900001D100207CBD01986062284614F058F845
:10D3A00028460CF02EFB0120F4E707F04BFF04E0C9
:10D3B00011F00EFD0520E4F715F9F9E770B5054603
:10D3C0000C460CB9002013E0284600F023F9604316
:10D3D0005030A02190FBF1F0012808DD284600F034
:10D3E00019F960435030A02190FBF1F000E00120DA
:10D3F00000B270BD2DE9F04104460F4615461E46A9
:10D400001C21204608F01DFA276065602068A06096
:10D41000E660BDE8F08100001CB504464C212046C2
:10D4200008F00FFA4FF4A0702080F02060804FF0D9
:10D43000FF30A080E080002020816081206920F002
:10D44000080008302061206920F04000206182211E
:10D45000206961F3D01020614FF47F40002100F477
:10D460007C4241EA5211C0F3C40211430091BDF85D
:10D47000002011460191BDF80400A0860248E06337
:10D480002064382060641CBDA5FF0190FEB50546F0
:10D490005648E7F775FE044644B900BF1CB900BF03
:10D4A00000BF00BFFEE700BF0020FEBDA86B98B91B
:10D4B000686C07F0E1FE064600BF1EB900BF00BF62
:10D4C00000BFFEE700BF0EB90020EEE73146284658
:10D4D000EA6B9047AE6300BF4FF4AC71204608F092
:10D4E000B0F925604248076804602246042141489B
:10D4F00011F000FC606000BF606818B900BF00BF99
:10D5000000BFFEE700BF606820B9204607F082FF39
:10D510000020CAE7287CC0F3400068B128886988E9
:10D5200010FB01F0E968C968884205D9286920F034
:10D530000200286100BF00BF00BFFF221146104655
:10D54000FFF787FA0190BDF8041008460290BDF875
:10D5500008006085FF2084F8290011F035FB88B9A8
:10D5600000200DF06DFF029005200DF069FF019085
:10D570002148002300902046DDE9011211F0C4FA91
:10D58000A06002E011F0B6FAA060002009F026FBCE
:10D590002061002009F022FBE061002009F01EFB61
:10D5A0002062E0690DF03AF9206A0DF037F90221A6
:10D5B000E06909F04DFA0221206A09F049FA0021D8
:10D5C000E0690DF064FC0021206A0DF060FC206928
:10D5D0000CF017FA06480760006808B904480460B0
:10D5E000606811F0A2FC20465FE700006CD60524BD
:10D5F000A4020024F93F009080F703900021C26844
:10D600001161C268516170470148006870470000AD
:10D61000A402002400B5014611B9FFF7F5FF014649
:10D6200009B9822000BD08680069C0F3C910F9E794
:10D6300001460868C068704700B5014611B9FFF798
:10D64000E3FF014609B9002000BD0868007CC0F373
:10D650000110012802D0032805D100E000BF0868AE
:10D66000B0F90200F0E70868B0F90000ECE710B587
:10D67000044614B9FFF7C8FF04461CB900BF00BF39
:10D68000002010BD206AFCE710B5044614B9FFF76E
:10D69000BBFF04461CB900BF00BF002010BDE069FD
:10D6A000FCE7000010B504461CB90448E7F735FD57
:10D6B00010BD21460148E7F748FDF9E76CD605247F
:10D6C00010B5044614B9FFF79FFF04461CB900BF0C
:10D6D00000BF002010BD2069FCE710B5044614B956
:10D6E000FFF792FF04461CB900BF00BF002010BD29
:10D6F0006069FCE710B5044614B9FFF785FF0446DE
:10D70000A06810BD00B5014611B9FFF77DFF0146C5
:10D7100009B9002000BD0868007CC0F30110012891
:10D7200002D0032805D100E000BF0868B0F900006E
:10D73000F0E70868B0F90200ECE72DE9FC47054680
:10D740000C4690469946DDE90A67207B022801DCF9
:10D75000BDE8FC87608800B9FAE7BE4200D1F7E770
:10D76000CDE900674B46424621462846D5F810C011
:10D77000E04700BFECE73EB504461021204608F024
:10D7800060F801206080FF20207300BF0020014668
:10D790000246D508BDF8003065F304038D080093F8
:10D7A000BDF8003065F34A13C5080093BDF800309A
:10D7B00065F3CF230093BDF800502B460193BDF8CD
:10D7C000041008460290BDF8080020803EBD2DE9F7
:10D7D000FF4F83B081468A461F46DDF84080139C88
:10D7E000059806B207F5B470804512D1A9EB060082
:10D7F00000B22080AAEB060000B2608009EB0600B0
:10D8000000B2A0800AEB060000B2E08007B0BDE8DD
:10D81000F08FB7F5B47F02DDA7F5B47087B2B8F525
:10D82000B47F03DDA8F5B4701FFA80F8119905984C
:10D83000401A00B20290129929B1119800EBD071F0
:10D840004910491C00E000210DB25A2097FBF0F06E
:10D85000C0B201905A2098FBF0F0C0B2009001983D
:10D86000042801D1032001900098042801D103204D
:10D870000090DDE9001088427CD147457ADC0198B0
:10D8800058BB38B211F0D4FC029948430AEBE0309F
:10D89000401B00B2608007F15A0000B211F0C8FCD2
:10D8A000704309EBE030284400B2A0800FFA88F002
:10D8B00011F0BEFC70430AEBE030284400B2E08077
:10D8C00008F15A0000B211F0B3FC0299484309EB89
:10D8D000E030401B00B2208096E1019801282BD156
:10D8E00038B211F0A5FC70430AEBE030284400B2D6
:10D8F000E08007F15A0000B211F09AFC0299484307
:10D9000009EBE030284400B2A0800FFA88F011F053
:10D910008FFC029948430AEBE030401B00B2608064
:10D9200008F15A0000B211F083FC704309EBE030BB
:10D93000401B00B2208067E1019802282DD107F139
:10D940005A0000B211F074FC704309EBE030401B48
:10D9500000B2208038B211F06BFC029948430AEB08
:10D96000E030284400B2E0800FFA88F011F060FC4B
:10D97000704300E040E00AEBE030401B00B2608002
:10D9800008F15A0000B211F053FC0299484309EB28
:10D99000E030284400B2A08036E1019803289BD1F2
:10D9A00007F15A0000B211F043FC0299484309EB19
:10D9B000E030401B00B2208038B211F039FC7043D7
:10D9C0000AEBE030401B00B2608008F15A0000B260
:10D9D00011F02EFC704309EBE030284400B2A08027
:10D9E0000FFA88F011F024FC029948430AEBE0306A
:10D9F000284400B2E08007E10198B8BB00980128F4
:10DA000035D108F15A0000B211F012FC704309EB55
:10DA1000E030401B00B220800FFA88F011F008FCC3
:10DA2000834638B211F004FC834504DA0FFA88F01B
:10DA300011F0FEFB02E038B211F0FAFB0299484304
:10DA40000AEBE030401B00B2608007F15A0000B2E0
:10DA500011F0EEFB704309EBE030284400B2A080E7
:10DA60000AEB0600284400B2E080CDE0FFE7019811
:10DA700001283AD10098022837D1A9EB0600401BB3
:10DA800000B220800FFA88F011F0D2FB70430AEB4D
:10DA9000E030401B00B2608007F15A0000B211F084
:10DAA000C7FB834608F15A0000B211F0C1FB834561
:10DAB00005DD07F15A0000B211F0BAFB04E008F1ED
:10DAC0005A0000B211F0B4FB0299484309EBE03070
:10DAD000284400B2A08038B211F0AAFB70430AEBD0
:10DAE000E030284400B2E0808EE0019802283DD169
:10DAF000009803283AD107F15A0000B211F098FBC0
:10DB0000704309EBE030401B00B22080AAEB060016
:10DB1000401B00B2608008F15A0000B211F088FB8F
:10DB2000704309EBE030284400B2A0800FFA88F07F
:10DB300011F07EFB029900FB01FB38B211F078FB7B
:10DB400002994843834506DD0FFA88F011F070FB17
:10DB50000299484304E038B211F06AFB0299484345
:10DB60000AEBE030284400B2E0804DE00198032841
:10DB70003AD10098B8BB08F15A0000B211F058FB36
:10DB8000834607F15A0000B211F052FB834505DAD3
:10DB900008F15A0000B211F04BFB04E007F15A0003
:10DBA00000B211F045FB0299484309EBE030401BFD
:10DBB00000B2208038B211F03BFB70430AEBE0303A
:10DBC000401B00B2608009EB0600284400B2A08030
:10DBD0000FFA88F011F02CFB70430AEBE030284478
:10DBE00000B2E08010E0FFE7A9EB060000B2208061
:10DBF000AAEB060000B2608009EB060000B2A0802C
:10DC00000AEB060000B2E08000BFFFE52DE9F0411D
:10DC100005460E4617469846B8F1000F08D100BFDA
:10DC200000BF14A23946284614F0FFFBBDE8F0817E
:10DC3000F07A022800DCF9E7A86940B143463A4689
:10DC400031462846D5F818C0E047044606E043466A
:10DC50003A4631462846EAF7D0FD04463CB900BFB3
:10DC600000BF04A23946284614F0DFFBDEE700BF00
:10DC7000DCE700004E6F0A64617461002DE9F8432F
:10DC800004460D4616461F46DDF82080606908B937
:10DC9000BDE8F883CDF800803B4632462946204651
:10DCA000D4F814C0E04700BFF2E71CB504461821C1
:10DCB000204607F0C6FD00BF002211461046FEF7C1
:10DCC00068FE0090BDF8001008460190BDF8040001
:10DCD0002081FF20E072401C6080012020751CBD67
:10DCE000704700001FB5C0B04198807E022801DC5B
:10DCF00044B010BD4198006810B900BF00BFF7E7FD
:10DD00004098C06910B900BF00BFF1E7202238A8D1
:10DD10004199E2F7E3FB419800683790439810B1CE
:10DD20004398007800B9E3E74098806802460D9078
:10DD300034A84299E5F74EFF3390339800B9D7E7FE
:10DD40004198007F32904198C07E319000BF9DF88D
:10DD5000C80008B90120329000BF4198407F00F010
:10DD6000020020B94298FCF7BAFD36901AE04198BB
:10DD7000407F41F6FF724199B1F91210CDE90012CE
:10DD800002904198B0F914000C90419800680B90F3
:10DD900002460DA80C9B439911F038FBBDF93400E5
:10DDA000369000BF00BF3798B0F908003090419816
:10DDB000B0F91210309808442F9000202E9042980D
:10DDC0000088ADF8B40042984088ADF8B600002055
:10DDD0002C902B904198B0F916002C904198B0F9F6
:10DDE00018002B90BDF8B6102B98084400B2ADF87F
:10DDF000B60000202A90401E2990469840B32B98E8
:10DE000030BB4298B0F90200002821DA46988168B8
:10DE10004298B0F90200081A002806DD4698816889
:10DE20004298B0F90200081A05E04298B0F90210D1
:10DE300046988068081A2F994900C1F58061884288
:10DE400003DD4FF0FF314698016046980068299045
:10DE5000469860B12998002809DB29982A90BDF8D6
:10DE6000B61046988088084400B2ADF8B6004198D4
:10DE7000407F0021CDE900104198B0F914000D90C9
:10DE80002A99439808440C90369803B2DDE90C02B5
:10DE90003799E7F7D9FC2A990844289040E0289858
:10DEA0002A904198407F0021CDE900104198B0F9B7
:10DEB00014000D9043992A9808440C90369803B2A8
:10DEC000DDE90C023799E7F7BFFC014628980844C2
:10DED0002890BDF8B6102F98084400B2ADF8B600EF
:10DEE0004698C0B1BDF9B60010F5806F13DB4698B7
:10DEF000006800280FDA46992A980860BDF9B61024
:10DF00004298B0F90200091A469841604298B0F967
:10DF10000210469881602A994398405C00B9E7E670
:10DF2000BDF9B6103098014440988068B0F90200FD
:10DF30008142B4DB9DF8C800022823D14198407F7C
:10DF400000904198B0F914000D902A992898401A31
:10DF50000C90439808440B90DDE90C13379A11F0AC
:10DF6000C7FA2E904298FCF7BAFC2E99401A0D90F1
:10DF700000EBD070BDF8B41001EB600000B2ADF85A
:10DF8000B40022E09DF8C80003281ED14198407FCC
:10DF900000904198B0F914000D902A992898401AE1
:10DFA0000C90439808440B90DDE90C13379A11F05C
:10DFB0009FFA2E904298FCF792FC2E99401ABDF8D9
:10DFC000B410084400B2ADF8B400419840682790FE
:10DFD000419881682691DDE92610884206D9279864
:10DFE0000D90269827900D98269000BF4198807F2D
:10DFF00000F0010020B94198807F00F00200E8B1F4
:10E0000023A800F06FFA41988089ADF88C0037980A
:10E01000807B18B1379890F90E0000E00120ADF830
:10E020008E004198807E8DF894004198807FC108D1
:10E030009DF8950061F301008DF895000020229075
:10E040002090FEF75BFB1E900FA801F00BFA4198A1
:10E05000008AADF84000BDF9B4000E90EAE1BDF8C9
:10E06000B4102C98084400B2ADF8B40000202290FF
:10E0700021902A99439808440D90FCE000200C90D0
:10E080004FF6FF71279888420CD02698884209D015
:10E0900021992A98084401460990EA4A439812684F
:10E0A00090470C9021AB0AAA0BA90D98E7F7B0FB9B
:10E0B0004198407F00F0010000287BD0E2A000786A
:10E0C0000B99884212D1229820B9219820900120E2
:10E0D0002290D0E02298012802D10020229005E071
:10E0E0002298022802D100202290C4E02298012820
:10E0F00067D10B98202863D1DDE92001081A072891
:10E1000059D108A8029020990D9808440390062040
:10E11000049002980190039800900CE00098017818
:10E12000019801700198401C01900098401C0090DB
:10E130000498401E049004980028EFD100BF8DF889
:10E1400026009DF821000490F6F706F804469DF895
:10E1500020000490F6F700F804EB001007909DF8FB
:10E1600023000490F5F7F8FF04469DF82200049080
:10E17000F5F7F2FF04EB001006909DF825000490DF
:10E18000F5F7EAFF04469DF824000490F5F7E4FF54
:10E1900004EB001005900598C0B204900698C0B238
:10E1A00003900798C0B20290DDE90312FEF709FC64
:10E1B0001F9003E005E0419880891F900220229083
:10E1C00059E0419880891E902298022801D11F9819
:10E1D0001E90DDE90A21379803F0E3F91D904FF610
:10E1E000FF71279888422ED0269888422BD02799F5
:10E1F0000C98884227D326990C98884223D2BDF8E0
:10E20000B400ADF82000BDF8B600ADF82200BDF8AE
:10E21000B4101D9801444198808A0844401E00B201
:10E22000ADF82400BDF8B6102F980844401E00B287
:10E23000ADF8260008AA0FA9409801F0F7F8419818
:10E24000C0891E9000BFBDF87800ADF8EC002DAA83
:10E2500038A90B9B409800F01FF91D98002809DD94
:10E26000BDF8B4104198828A1D981044084400B249
:10E27000ADF8B40000BF2A992898401A2199884225
:10E280003FF6FCAE4198807F00F0020058B30E9834
:10E2900000B2ADF8300041980068B0F9080009906C
:10E2A00000EBD070BDF8B61001EB6001BDF98E0037
:10E2B0000A9000EBD07001EB600000B2ADF83200C4
:10E2C000BDF8B400ADF82C00BDF83200ADF82E005A
:10E2D000BDF87800ADF88C000BAB0CAA23A94098D0
:10E2E00000F0E9F800BF4198807F00F0010038B3EA
:10E2F0000E9800B2ADF83000BDF8B6104198006835
:10E3000000890144419800684089091A379890F9BA
:10E310000D00081A00B2ADF83200BDF8B400ADF837
:10E320002C00BDF83200ADF82E00BDF87800ADF835
:10E330008C000BAB0CAA23A9409800F0BCF800BFDE
:10E3400028982A904198407F0021CDE900104198FB
:10E35000B0F914000C9043992A9808440B90369811
:10E3600003B2DDE90B023799E7F76EFA0146289808
:10E370000844289042980088ADF8B4009DF8C80081
:10E38000022823D14198407F00904198B0F91400B1
:10E390000C902A992898401A0B90439808440A90A8
:10E3A000DDE90B13379A11F0A3F82E904298FCF791
:10E3B00096FA2E99401A0C9000EBD070BDF8B4106C
:10E3C00001EB600000B2ADF8B40022E09DF8C80097
:10E3D00003281ED14198407F00904198B0F9140065
:10E3E0000C902A992898401A0B90439808440A9058
:10E3F000DDE90B13379A11F07BF82E904298FCF769
:10E400006EFA2E99401ABDF8B410084400B2ADF867
:10E41000B400BDF8B6102F98084400B2ADF8B600AD
:10E42000BDF9B61040988068B0F90600814200DD61
:10E430005EE400BF2A994398405C00287FF40FAE49
:10E4400000BF55E40C0300242300000038B5044647
:10E450002021204607F0F5F9FF20A076FEF74EF9BF
:10E460000090BDF80000A0810A4820604FF6FF70C0
:10E470006060A060FEF742F90090BDF80000E08106
:10E4800005200CF0DDFF0090BDF800002082002088
:10E49000E07638BD80F703902DE9F04104460D4643
:10E4A00016461F463B46324629462046D4F81CC035
:10E4B000E047BDE8F0812DE9F04105460C461646DF
:10E4C0001F46608808B9BDE8F081207A022800DC88
:10E4D000F9E73B46324621462846D5F820C0E047BA
:10E4E00000BFF0E73EB504460A21204607F0A9F92F
:10E4F00001206080FF20207200BF002001460246FC
:10E50000D508BDF8003065F304038D080093BDF80D
:10E51000003065F34A13C5080093BDF8003065F379
:10E52000CF230093BDF800502B460193BDF8041093
:10E5300008460290BDF8080020803EBD02460B460A
:10E54000002106E00C4850F8310000B903E0481CF7
:10E55000C1B21029F6DB00BF102904DB00BF00BFE9
:10E560004FF0FF307047044840F8312000EBC10005
:10E5700043600846F6E70000DCD705242DE9F04F9C
:10E5800087B081468A4616461D46109CB4F90A009B
:10E59000301A0690B4F90800AAEB00000590B4F90F
:10E5A0000C00B4287EDAB4F90E00B428FADAA08997
:10E5B000002877D0E0890028FBD0B4F90C10B4F91A
:10E5C0000E0081426EDDB4F90A00B04203DD012085
:10E5D00007B0BDE8F08F606D069948438012049043
:10E5E000A16A0698401C41434FEAA128B4F90C00E7
:10E5F000B0F5877F0ADDB4F90C00B0F5B47F05DA19
:10E60000B8F1000F02DA4FF000081BE0B4F90C007B
:10E61000002809DDB4F90C005A2805DCB8F1000F18
:10E6200002DA4FF000080DE0B4F90C005A2809DDB9
:10E63000B4F90C00B0F5877F04DAB8F1000F01DD02
:10E640004FF00008B4F90E00B0F5877F0ADDB4F989
:10E650000E00B0F5B47F05DAB8F1000F02DA4FF022
:10E6600000081BE0B4F90E00002809DDB4F90E0023
:10E670005A2805DCB8F1000F02DA4FF000080DE06F
:10E68000B4F90E005A2809DDB4F90E00B0F5877F01
:10E6900004DAB8F1000F01DD4FF000080498A0EB98
:10E6A000080000E042E0401003904FF0010B012011
:10E6B0000290039808EB000105980F1AAF4200DDA5
:10E6C0002F46002F10DD04F110003BB232465146B8
:10E6D0000090484600F076FA8346BBF1000F03D164
:10E6E0003946484607F0ADF8AF4200DD2F46002F0F
:10E6F00000DA002704F13C00EA1B13B20AEB070220
:10E7000011B2009009EB0700324600F05BFA02906C
:10E71000029820B9E91B09EB070007F092F802986C
:10E72000834501D1584653E7022051E7B4F90C0064
:10E73000B4287DDDB4F90E00B428FADDB4F90C106C
:10E74000B4F90E008142F4DDB4F90A00B04201DAF6
:10E7500001203DE7606D0699484380120490A16A4C
:10E760000698401C41434FEAA128B4F90C00B0F5CB
:10E77000877F0ADDB4F90C00B0F5B47F05DAB8F193
:10E78000000F02DA4FF000081BE0B4F90C0000287B
:10E7900009DDB4F90C005A2805DCB8F1000F02DAE3
:10E7A0004FF000080DE0B4F90C005A2809DDB4F967
:10E7B0000C00B0F5877F04DAB8F1000F01DD4FF0EF
:10E7C0000008B4F90E00B0F5877F0ADDB4F90E0039
:10E7D000B0F5B47F05DAB8F1000F02DA4FF00008A7
:10E7E0001BE0B4F90E00002809DDB4F90E005A2828
:10E7F00005DCB8F1000F02DA4FF000080DE0B4F9C3
:10E800000E005A2809DDB4F90E00B0F5877F04DA4E
:10E81000B8F1000F01DD4FF000080498A0EB0800EC
:10E82000401003904FF0010B01200290039800E08C
:10E830003BE008EB000105980F1AAF4200DD2F46C0
:10E84000002F10DD04F13C003BB2324651460090EF
:10E85000484600F0B7F98346BBF1000F03D13946B3
:10E86000484606F0EEFFAF4200DD2F46002F00DAEB
:10E87000002704F11000EA1B13B20AEB070211B2E1
:10E88000009009EB0700324600F09CF902900298D4
:10E8900020B9E91B09EB070006F0D3FF0298834576
:10E8A00001D1584694E6022092E60127B846B4F911
:10E8B0000C00B42806D1B4F90A00B04200DD27E00C
:10E8C000032725E0A08938B9B4F90A00B04201DD78
:10E8D00003271DE001271BE0B4F90C00B42803DA7C
:10E8E000B4F90A00B04207DCB4F90C00B42805DD25
:10E8F000B4F90A00B04201DC032709E004F110007A
:10E900002B46324651460090484600F05BF90746D8
:10E91000B4F90E00B42809D1B4F90A00B04202DDFE
:10E920004FF003082BE04FF0010828E0E08948B9D8
:10E93000B4F90A00B04202DD4FF001081FE04FF0C9
:10E9400003081CE0B4F90E00B42803DAB4F90A0095
:10E95000B04207DCB4F90E00B42806DDB4F90A00B1
:10E96000B04202DC4FF0030809E004F13C002B4602
:10E97000324651460090484600F024F9804617B1CF
:10E98000B8F1000F01D1002022E6032F04D1B8F125
:10E99000030F01D100201BE6012F04D1B8F1010FB4
:10E9A00001D1012014E6022012E600002DE9F84F03
:10E9B0000646894692461C460A9D002C01DA002430
:10E9C00004E0B4F5B47F01DB40F26714002D01DAF6
:10E9D000002504E0B5F5B47F01DB40F26715A542E0
:10E9E00005DAC4F5B4702844A6F8680007E0281BCF
:10E9F000002801DD281B00E0601BA6F86800B48138
:10EA0000F581A6F80890A6F80AA0264830600120F3
:10EA1000307100BF002C02DBB4F5B47F03DD00BF12
:10EA200000BF00BFFEE700BF002C03DBB42C01DAFF
:10EA3000002707E0B42C04DBB4F5B47F01DA01272A
:10EA400000E0012700BF002D02DBB4F5B47F03DD39
:10EA500000BF00BF00BFFEE700BF002D04DBB42DE8
:10EA600002DA4FF0010809E0B42D05DBB5F5B47FFB
:10EA700002DA4FF0000801E04FF001082346524649
:10EA8000494606F11000009700F032F92B46524635
:10EA9000494606F13C00CDF8008000F029F9BDE8B8
:10EAA000F88F00007DE501902DE9F84F0746884674
:10EAB00091469A464FF0000B104C15E02568012650
:10EAC0002068009053464A4641463846D5F800C073
:10EAD000E047064616B90020BDE8F88F022E01D1A6
:10EAE0004FF0010B083400BF20680028E6D1BBF1CD
:10EAF000000F01D00220EFE70120EDE7DCD705246D
:10EB000070B5044626463079022814D12546686936
:10EB100080B168690069002807DA6969486806F009
:10EB200079FC686906F076FC04E068694069401E7B
:10EB30006969486107E03079052804D12546A8684D
:10EB400006F068FC00BF70BD2DE9F04106463EB9F5
:10EB50001B48006810B10120BDE8F0810020FBE7F0
:10EB6000002428E0164850F8347007B921E03879BD
:10EB700002281BD1124850F83450A87C00F0010044
:10EB800048B1B5F9102005F108013046E5F7DEF887
:10EB900058B90120E0E7B5F9102005F10801304629
:10EBA000E5F759F808B90120D6E701E00120D3E7DD
:10EBB00000BF601CC4B2102CD4DB0020CCE70000E6
:10EBC000DCD705242DE9F84F82460D4690461E46B7
:10EBD0000A9CA08AA8EB00000FFA80F8608A281A25
:10EBE00005B2206A00286BD194F8280000F00100DB
:10EBF00010B3207C00F0030020B1207C00F0030063
:10EC0000012802D10120BDE8F88F207C00F003002C
:10EC1000022805D108F10100002801DA0120F2E7FD
:10EC2000207C00F00300032804D1B8F1000F01DDBF
:10EC30000120E8E70020E6E7207C00F0030002283E
:10EC400004D0207C00F00300032801D10120DAE782
:10EC5000207C00F00300012802D1002D00DDD2E766
:10EC6000207C00F00300A0B9A819002801DA0120D7
:10EC7000C9E76F42002F01DA0020C4E7002F06DB4E
:10EC8000B74204DAF11B0AEB070006F0DAFD0220B6
:10EC9000B9E7A819002801DA0020B4E76F42002F75
:10ECA00000DA0027B74201DB0020ACE7002F05DBCC
:10ECB000B74203DA3946504606F0C3FD0220A2E708
:10ECC00094F8280000F0010040B13346424629463E
:10ECD00050460094FAF7EEFB814607E03346424681
:10ECE000294650460094FAF7D6FC814648468AE702
:10ECF0002DE9FC4781460D4616461C46DDF828A046
:10ED0000B42C02DDA4F1B40004B204F15A0000B244
:10ED100010F08EFA05EB6017204610F089FA06EB2A
:10ED200060180FFA88F03BB232462946CDE9000A56
:10ED3000484600F003F8BDE8FC8700002DE9F05FCD
:10ED400004460F4615469846DDE90A6B2C212046FD
:10ED500006F077FDB54206D1BBF1030F03D1681E63
:10ED600005B2701E06B2B54206DD4046B8460746FB
:10ED700030462E46054600BF27816581A4F80C80E9
:10ED8000E68184F810B06782A582A8EB070000280E
:10ED900002DDA8EB070001E0A7EB0800711B0029CA
:10EDA00001DD711B00E0A91B884201DD012000E0AC
:10EDB000002094F8281060F3000184F82810002047
:10EDC000E061A0614748206000202071A8EB07099E
:10EDD000A6EB050A94F8280000F00100C0B1B9F1D3
:10EDE000000F07D04FF4801191FBF9F000FB0AF1FE
:10EDF0008912E161BAF1000F07D04FF4801191FB45
:10EE0000FAF000FB09F18912A161E169216218E0C1
:10EE1000BAF1000F07D04FF4801191FBFAF000FB1C
:10EE200009F18912A161B9F1000F07D04FF48011E7
:10EE300091FBF9F000FB0AF18912E161A1692162FD
:10EE400000BF207C00F0030030B994F8280020F0C7
:10EE5000020084F8280039E0207C00F0030001283B
:10EE600007D194F8280020F00200801C84F82800C4
:10EE70002CE0207C00F00300022811D1206A002839
:10EE800007DD94F8280020F00200801C84F8280098
:10EE90001CE094F8280020F0020084F8280015E017
:10EEA000207C00F00300032810D1206A002806DD32
:10EEB00094F8280020F0020084F8280006E094F876
:10EEC000280020F00200801C84F82800206A8010AE
:10EED0006062206A002802DA606A40426062BDE82F
:10EEE000F09F0000C5EB01902DE9F04F8DB08046FA
:10EEF0008B4691461D461698807C00F001000C90D0
:10EF00001698B0F910000B901699083109A8FBF774
:10EF100018FC0C9858B9BDF92600484503DCBDF92A
:10EF20002A0048450DDA00200DB0BDE8F08FBDF98C
:10EF30002600484503DCBDF92A00484501DA0120D6
:10EF4000F2E7BDF924100B980844584507DC0BEB99
:10EF50000501BDF928200B98101A81420BDDBDF97F
:10EF600026100B980844484559DCBDF92A100B9827
:10EF7000081A484553DB0C9858BBBDF92400A0EB98
:10EF80000B0001900198A84201DD0020CCE7019818
:10EF9000002803DB4046019906F053FCBDF9280028
:10EFA000A0EB0B0000F1010ABAF1000F01DC002018
:10EFB000BAE7AA4505DAA5EB0A0108EB0A0006F054
:10EFC00040FC019818B9AA4501D10120ACE7022004
:10EFD000AAE7BDF92400A0EB0B0ABAF1000F01DA91
:10EFE0004FF0000AAA4517DCBDF92800A0EB0B0082
:10EFF000A0EB0A00401C019001985044A84202DD99
:10F00000A5EB0A0001900198002804DB08EB0A0038
:10F01000019906F016FC00BF00BF022084E7BDF98D
:10F020002400A0EB0B00089009A8FBF75FFC0790F9
:10F0300009A8FBF7DAFB0690BDF82400ABEB000053
:10F040000FFA80FBBDF82600A9EB00000FFA80F94B
:10F050000B98814506DA0B98A0EB0900401E00B220
:10F06000039006E00B990698401AA9EB000000B245
:10F070000390169904AB05AA48690399F4F7C8F8F8
:10F080000290DDE9071001440B98081ABDF8101032
:10F09000084406B20B9908980844BDF81010401AAD
:10F0A000401E07B20C98002863D1002425E0BDF96A
:10F0B0001400001B401E029911F800A0301900280E
:10F0C0000BDB3019A84208DA301918F80010504646
:10F0D00010F057FF311908F80100381B0BD4381B0A
:10F0E000A84208DA381B18F80010504610F049FF03
:10F0F000391B08F80100601C04B2BDF914008442F9
:10F10000D5DB3019A84201DA301900E02846002882
:10F1100001DA002005E03019A84201DA301900E0D8
:10F12000284606B2A91B08EB060006F08AFBBDF9CB
:10F130001400381A401CA84204DABDF91400381A29
:10F14000401C00E02846002801DA00200BE0BDF951
:10F150001400381A401CA84204DABDF91400381A09
:10F16000401C00E0284607B23946404606F069FBDD
:10F170005FE0002427E0BDF91400401E011B029847
:10F18000405CC0F1FF000090301900280BDB301903
:10F19000A84208DA301918F80010009810F0F1FEB3
:10F1A000311908F80100381B0BD4381BA84208DAC3
:10F1B000381B18F80010009810F0E3FE391B08F80F
:10F1C0000100601C04B2BDF914008442D3DB781C3A
:10F1D000A84200DA00E02846002801DA002004E016
:10F1E000781CA84200DA00E028460FFA80FAA6EB65
:10F1F0000A00A5EB0A01884202DAA6EB0A0001E048
:10F20000A5EB0A00002801DA00200AE0A6EB0A00BC
:10F21000A5EB0A01884202DAA6EB0A0001E0A5EBA1
:10F220000A0000B2019008EB0A00019906F009FB00
:10F2300000BF022078E600002DE9F84F0746884617
:10F24000154699464046FBF751FB83464046FBF77F
:10F25000CCFA00900098834501DA584600E0009807
:10F260008246B5EB6A0F02DD4FEA6A0005B2002D57
:10F2700000DA0025414607F10800FBF762FA3D82FB
:10F2800087F8129051483860022038711DB900206B
:10F290007861BDE8F88F002440E0C4EBC4004C491D
:10F2A00001EB8000B0F91800A84236D1C4EBC400CD
:10F2B00001EB80004069401CC4EBC401444A02EBEE
:10F2C00081014861C4EBC400114601EB8000016973
:10F2D000102D01DA012000E028110844B0F57A7FF2
:10F2E0000CDAC4EBC4003A4901EB80000169102D2F
:10F2F00001DA012000E02811084401E04FF47A709F
:10F30000C4EBC401324A02EB81010861C4EBC400C2
:10F31000114601EB80007861BBE7641C042CBCD370
:10F32000002600241BE0C4EBC400294901EB800047
:10F33000406998B926B9C4EBC40001EB80060DE022
:10F34000C4EBC400224901EB8000006931698842A6
:10F3500004DAC4EBC4001E4901EB8006641C042CD3
:10F36000E1D396B91C2005F087FF064600BF1EB901
:10F3700000BF00BF00BFFEE700BF1C21304606F003
:10F3800060FA4FF0FF30306119E07069401C706125
:10F39000002030613169102D01DA012000E02811D0
:10F3A0000844B0F57A7F07DA3169102D01DA0120BF
:10F3B00000E02811084401E04FF47A7030617E616A
:10F3C00029467869E8F714FD00BF62E7E9EE01908D
:10F3D0006CD7052470B50546002600240DE00948C9
:10F3E00000EBC4004068A84205D1064850F83460DC
:10F3F000204600F009F8601CC4B2102CEFDB304648
:10F4000070BD0000DCD70524014600204A1C4AB12B
:10F41000054A52F831000022034B43F8312003EB38
:10F42000C1035A6070470000DCD7052470B505465B
:10F430000E46144600BFE0886188401A401C00B2A6
:10F44000012807DB00BFA0882188401A401C00B2B9
:10F45000012800DA70BD224631462846EB689847FD
:10F4600000BFF7E738B504463821204606F0E9F931
:10F47000FDF78DFC0090BDF80000A080FDF787FC33
:10F480000090BDF80000E080FDF743F90090A01D5A
:10F49000BDF800106181FF2121730221A173FDF7E6
:10F4A00038F90090BDF800000C346082FDF731F9A6
:10F4B0000090BDF8000020840848A060FF2004F8F8
:10F4C000090CA073A077A07584F82A00E07D20F0D5
:10F4D0003E001E30E0750C3C38BD000080F7039004
:10F4E0002DE9F04FC9B081460D4614469846539F0A
:10F4F000529E287B022802DC49B0BDE8F08F688864
:10F5000000B9F9E7BE4200D1F6E7B5F902A0C2455D
:10F5100001DD0FFA88FA3BA8FFF7A4FF687B00F033
:10F5200003008DF8EE00A86840B100208DF8EF00D0
:10F53000A8683F90287B8DF8060105E0287B8DF8B0
:10F54000EF002888ADF8F0002088A0EB080000B29A
:10F55000ADF8E4006088A0EB080000B2ADF8E6006A
:10F5600020884044401E00B2ADF8E8006088404466
:10F57000401E00B2ADF8EA0000BFBDF8E400ADF8EF
:10F58000DC00BDF8E600ADF8DE00BDF8E800ADF83F
:10F59000E000BDF8EA00ADF8E20000BFBDF8DC0015
:10F5A0006988084400B2ADF8DC00BDF8DE00698867
:10F5B000084400B2ADF8DE00BDF8E0006988401AEA
:10F5C00000B2ADF8E000BDF8E2006988401A00B270
:10F5D000ADF8E2004FF0FF3B00BFBDF8E000BDF822
:10F5E000DC10401A401C00B2002815DD00BFBDF839
:10F5F000E200BDF8DE10401A401C00B200280BDD0E
:10F60000012347F6FF7237A931A8FFF715FE002145
:10F6100031A8FEF793FF8346002347F6FF7239A90E
:10F620002BA8FFF709FE00212BA8FEF787FF2A90E1
:10F6300006F5B470B84203D007F5B470864218D10D
:10F6400047F6FF70ADF8EC0039AA3BA94846FFF732
:10F65000EDFE2A98FFF7D8FE0BF1010010B15846D5
:10F66000FFF7D2FE2BA8FFF74BFA31A8FFF748FAB5
:10F6700042E702E0A6F5B47086B2B6F5B47FF9DAD7
:10F6800002E0A7F5B47087B2B7F5B47FF9DA38B203
:10F690000090B4F90220B4F9001033B20FA8FFF7BC
:10F6A00085F900210FA8FEF749FF0E90B74204DD4F
:10F6B000B81BC0F5B4700D9001E0F01B0D90D9F8A7
:10F6C00008000C900D983C282EDDB8F10A0F2BDDB8
:10F6D00005940FFA88F0ADF81800ADF81A60ADF88F
:10F6E0001C705A2096FBF0F000F00300ADF81E00ED
:10F6F0005A2097FBF0F000F00300ADF82000ADF8C1
:10F7000022A03BA8099039A80A90CDF82C9005A812
:10F71000EEF7B5FA05A8EEF7D6FB05A8EEF7FCFC68
:10F7200005A8EEF727FE04E039AA3BA94846FFF7F3
:10F730007DFE0FA8FFF7E4F92BA8FFF7E1F931A848
:10F74000FFF7DEF90E98FFF75FFE2A98FFF75CFEE1
:10F750000BF1010010B15846FFF756FE687BC0F36D
:10F76000800000287ED00AF0FF0204AB0FFA88F177
:10F7700030B2F3F79DFEBDF810002188084400B2B6
:10F78000ADF81000BDF814002188084400B2ADF8AF
:10F790001400BDF812006188084400B2ADF81200F0
:10F7A000BDF816006188084400B2ADF8160004AA3E
:10F7B00002A80C99E4F70EFAD0B1002347F6FF72C5
:10F7C00004A906A8FFF738FD002106A8FEF7B6FE3B
:10F7D000019002A8C9F8080039AA3BA94846FFF7DA
:10F7E00025FE0198FFF710FE06A8FFF789F900BF74
:10F7F0000AF0FF0204AB0FFA88F138B2F3F758FEB3
:10F80000BDF810002188084400B2ADF81000BDF822
:10F8100014002188084400B2ADF81400BDF81200AD
:10F820006188084400B2ADF81200BDF81600618886
:10F83000084400B2ADF8160004AA02A80C99E4F737
:10F84000C9F9E0B1002347F6FF7204A906A8FFF743
:10F85000F3FC002106A8FEF771FE019002A8C9F88A
:10F86000080000E00FE039AA3BA94846FFF7DEFD9B
:10F870000198FFF7C9FD06A8FFF742F900BF0C98F1
:10F88000C9F8080000BF00BF36E670B504460D4653
:10F890001646324629462046E9F7DCF93246294623
:10F8A0002046E9F7CCFB70BD7CB504460D46287EAA
:10F8B000022800DC7CBDA26868462968E4F78AF962
:10F8C00000B9F7E7E06A10B12046E16A88472946A7
:10F8D0002046626B904700BFECE72DE9F04F89B0FE
:10F8E00007460C46E06800B90026E06820B1207C9D
:10F8F00010B909B0BDE8F08F207C012801D10026A5
:10F9000000E0E6687868FAF7F8FF8346BA6807A867
:10F910002168E4F75FF900B9EBE7E5F737FF8146C7
:10F9200038680690D9F80000C06988B9BDF91C0094
:10F930007968B1F90010401ABDF91E107A68B2F961
:10F940000220891A0BFB0101069800EB410006908A
:10F95000D4F804A0BAF1000F14D02068FAF7CDFF54
:10F960008046BDF91C002168B1F90010411ABDF9AB
:10F970001E002268B2F90220821A08FB02100AEB6C
:10F98000400A01E04FF000089EB16069FAF7B5FF48
:10F9900005466069B0F90000BDF91C10411A6069A4
:10F9A000B0F90200BDF91E20821A05FB02100644C0
:10F9B00000E0002578684088404202B278680088FC
:10F9C000404201B207A8FAF7F6FFD9F80000C06973
:10F9D000D0B1606860B9207ECDE9016500902089D2
:10F9E00003465A4607A905900698F1F7E2FD46E05E
:10F9F000207E53465A4607A9CDE90080CDE902652D
:10FA0000069810F01EFA3AE06068E8B9607E60B9C6
:10FA1000207ECDE901650090208903465A4607A95A
:10FA200005900698F1F720FC29E0607E217ECDE963
:10FA3000016500910390208903465A4607A9059065
:10FA40000698F1F75FFB1AE0607E58B9207E5346B6
:10FA50005A4607A9CDE90080CDE90265069810F065
:10FA600049F80CE0607E217E53465A46CDE900817C
:10FA7000CDE90265049007A906980FF0B1FF00BF19
:10FA800037E72DE9FF4FB1B00C461746DDF8F88097
:10FA9000319988680188ADF8BC104188ADF8BE1076
:10FAA0008188ADF8C010C188ADF8C21000BF2FA882
:10FAB000FFF74AF82E901C2127A805F0C2FEE07A35
:10FAC0008DF8B400207B00F00F008DF8B5002E9863
:10FAD00090B9208880B96088B0F5807F0CD1B8F1EA
:10FAE000040F09D1A07A38B927973498289027A90C
:10FAF0003198FFF7D9FE51E2B8F1050F01D103208B
:10FB000000E0022081463846FAF7FEFE26904FF4C8
:10FB10007F40002100F47C4241EA5211C0F3C4024C
:10FB200011431F91BDF87C201146249100252FA878
:10FB3000FAF769FE23902FA8FAF7E6FE8346BDF890
:10FB4000BC00ADF88400BDF8C000ADF88800BDF879
:10FB5000BE00ADF88600BDF88600ADF88A0021A889
:10FB60002790208818B96088B0F5807F01D00120E7
:10FB700000E0002020902E9800287ED120980028B8
:10FB8000FBD1B8F1050FF8D1A07A0028F5D1E5F73F
:10FB9000FDFD1990FDF750FD1F902FA8FAF772FE9A
:10FBA0001F99884201D91F9802E02FA8FAF76AFE30
:10FBB0001E901E99480005F099FB1D901E9805F0B7
:10FBC00095FB1C901C982A9021A82C9002208DF85F
:10FBD000AC001D982890349EBDF9BE00B7F9021004
:10FBE000401A2699484300FB0966BDF9BC00B7F9E5
:10FBF0000010401A00FB096600201A903BE0B24654
:10FC000000201B9013E09AF802001C99485548B157
:10FC10009AF800109AF8012001EB02218AB21D998E
:10FC200021F815201B98401C1B90CA446D1C1B9882
:10FC30005845E8DB269800FB096605EB0B011E988A
:10FC4000814206D8BDF88A00401C00B2ADF88A0097
:10FC50000EE027A93198FFF727FEBDF88A00401C67
:10FC600000B2ADF88600BDF88600ADF88A00002528
:10FC70001A98401C1A90239900E019E01A988842BB
:10FC8000BDDBBDF98600BDF98A10884209D0BDF8F8
:10FC90008A00401E00B2ADF88A0027A93198FFF70C
:10FCA00003FE1C9805F09EFB1D9805F09BFB74E17C
:10FCB000E5F76CFD0290FDF7BFFC1F902FA8FAF747
:10FCC000E1FD1F99884201D91F9802E02FA8FAF799
:10FCD000D9FD1E901E99480005F008FB1D901E9846
:10FCE00005F004FB06462A9621A82C9002208DF8E8
:10FCF000AC001D98289000201C904C2109A805F00C
:10FD0000A0FD209828B3208800B2ADF830006088AC
:10FD1000ADF8320034980990269800B2ADF828006A
:10FD20003846FAF770FDADF82A008DF83680A088C5
:10FD3000ADF82C00E088ADF82E002089ADF8340035
:10FD4000207D00F001008DF8370009A8E4F77AFE65
:10FD500015E034981C90BDF9BE00B7F90210411AA5
:10FD6000269841431C9801FB09001C90BDF9BC007A
:10FD7000B7F90010411A1C9801FB09001C900020E3
:10FD800007900890A07AC0F1FF000690A07AC8B151
:10FD900022890292A07A07A9BDF80820D20A12FB94
:10FDA00000F20A80BDF80820C2F3451212FB00F2EF
:10FDB0004A80BDF8082002F01F0212FB00F28A8080
:10FDC00000BF00BFB8F1040F05D1208818B96088C2
:10FDD000B0F5807F01D0022000E001208DF8AC005A
:10FDE0002E9818B130461E9905F062FDBDF98600C7
:10FDF000B7F90210401A039000200490B1E0DDF83A
:10FE000070A00295BDF98400B7F90010401A019066
:10FE1000002005904BE02098B8B1DDE903031844B9
:10FE200002B2059B0198184401B209A8E4F77FFBD0
:10FE30000090009810B90020705533E009A8807D2B
:10FE40007055BDF8380025901EE0B8F1050F05D1BA
:10FE50009AF80200705500B924E001E0FF207055C7
:10FE60009AF800009AF8011000EB012080B225906A
:10FE7000B8F1060F08D1BDF89400BDF89010884283
:10FE800002D1002070550DE0A07A28B107A8069A8B
:10FE90002599FCF710FF2590BDF894101D9820F8C7
:10FEA000151000BF0598401C05906D1CCA440598AC
:10FEB0005845B0DB2E98E8B1BDF8BEC0049B634442
:10FEC0001AB2BDF98410029BF0185B46FEF7ECFDF8
:10FED0000090009840B902997018594605F0B1FC9D
:10FEE00002208DF8AC0004E00098022801D18DF8C2
:10FEF000AC0000BF26991C9801FB09001C9005EB83
:10FF00000B011E98814206D2BDF88A00401C00B247
:10FF1000ADF88A0022E027A93198FFF7C5FCBDF8AB
:10FF20008A00401C00B2ADF88600BDF88600ADF82E
:10FF30008A000025B8F1040F05D1208818B960881F
:10FF4000B0F5807F01D0022000E001208DF8AC00E8
:10FF50002E9818B130461E9905F0AAFC0498401C52
:10FF60000490239904988842FFF649AFBDF98600B2
:10FF7000BDF98A10884209D0BDF88A00401E00B23F
:10FF8000ADF88A0027A93198FFF78EFC304605F0BE
:10FF900029FA1D9805F026FA00BF00BF35B0BDE86C
:10FFA000F08F000070B506460C46254638212846DD
:10FFB00005F047FC094828610948E8600948A8623B
:10FFC0000948E86109486861094828620948686287
:10FFD0000948E8620948686370BD0000E1F40190D7
:10FFE000910602908BF801900100029083FA019033
:10FFF000F9000290FD020290CD060290DBF801901C
:02000004900268
:100000002DE9F04387B005460E4690461C46002376
:10001000224603A9306801F032FA8146B9F1000F97
:100020000ED1202C09D34FF6FF00844205D042F2B6
:100030000C00844201D000BF00BF07B0BDE8F083D0
:10004000BDF8140010B1BDF8120000B9F5E7B8F81A
:100050000000BDF81610084400B2ADF80800306882
:10006000008931684989401AB8F802100844BDF87F
:100070001410401ABDF81810401A00B2ADF80A006A
:10008000BDF90800BDF812100844A968B1F90010C4
:10009000884217DBBDF90800A968B1F9041088424D
:1000A00010DCBDF90A00BDF814100844A968B1F9C4
:1000B0000210884206DBBDF90A00A968B1F90610F2
:1000C000884200DDB9E72146039801F0C9F90746E7
:1000D00017B900BF00BFB0E70398007B00F0030032
:1000E00008B100BF06E003AB02AA314628460097DC
:1000F000EBF7B6FB00BFA0E72DE9F04F93B08046C9
:100100000E4614461D46708810B913B0BDE8F08F36
:10011000307A022800DCF8E7B4F90000B5F90010E5
:10012000884206D1B4F90200B5F90210884200D124
:10013000EBE7B4F90010B5F90020914202DAB4F906
:10014000001001E0B5F90010B6F9020000EBD07222
:10015000A1EB620109B2ADF84410B4F90010B5F991
:100160000020914202DDB4F9001001E0B5F9001061
:10017000B6F9020000EBD07201EB620109B2ADF8F2
:100180004810B4F90210B5F90220914202DAB4F92C
:10019000021001E0B5F90210B6F9020000EBD072CE
:1001A000A1EB620109B2ADF84610B4F90210B5F93D
:1001B0000220914202DDB4F9021001E0B5F902100B
:1001C000B6F9020000EBD07201EB620109B2ADF8A2
:1001D0004A1011A911A8D8F80820E3F7FBFC8246C1
:1001E000BAF1000F00D190E7D8F808B011A8C8F80C
:1001F0000800B4F90200B5F90210884206D12B4676
:10020000224631464046EBF709FD12E0B4F9000002
:10021000B5F90010884206D12B46224631464046A9
:10022000ECF716F805E02B46224631464046EBF740
:10023000E1FD707AC0F3C00020B9707AC0F380008D
:10024000002857D003A8FFF70DF93088ADF810004B
:1002500047F6FF70ADF80C00307A8DF80F00B6F954
:1002600002004710B07800F0010080F00109707AB8
:10027000C0F38000E0B12088C01B00B2ADF80400DC
:100280006088C01B00B2ADF8060020883844A0EB9F
:10029000090000B2ADF8080060883844A0EB0900FE
:1002A00000B2ADF80A0001AA03A94046FFF7BEF864
:1002B000707AC0F3C000E0B12888C01B00B2ADF86E
:1002C00004006888C01B00B2ADF8060028883844D6
:1002D000A0EB090000B2ADF8080068883844A0EB34
:1002E000090000B2ADF80A0001AA03A94046FFF7D1
:1002F0009DF800BFC8F808B000BF06E72DE9FF4F22
:1003000093B090461E46032E02DA17B0BDE8F08F78
:10031000B8F1000F00D1F8E7B00004F0E7FF0446A1
:1003200004B9F2E700201290D8F800002060002500
:100330001EE038F92510681C38F9200081420AD1E6
:1003400008EB8500B0F90210681C08EB8000B0F9DA
:10035000020081420AD0129804EB800008EB85016C
:10036000096801601298401C80B21290681C85B226
:10037000701EA842DDDCB8F9001038F92000814277
:1003800008D1B8F90210701E08EB8000B0F9020025
:1003900081420BD0129804EB8001701E08EB8000A4
:1003A000006808601298401C80B21290129E032EC2
:1003B00003DA204605F016F8A7E7B44903C9CDE9EA
:1003C000100100253DE0BDF9400034F925108842B8
:1003D00002DABDF9400001E034F92500ADF8400033
:1003E000BDF9420004EB8501B1F90210884202DA3E
:1003F000BDF9420003E004EB8500B0F90200ADF85E
:100400004200BDF9440034F92510884202DDBDF9EF
:10041000440001E034F92500ADF84400BDF9460080
:1004200004EB8501B1F90210884202DDBDF94600F6
:1004300003E004EB8500B0F90200ADF84600681C4B
:1004400085B2B542BFDB139810A982680DA8E3F707
:10045000C1FB0F900F9818B9204604F0C3FF54E772
:10046000139880680C900DA913988160B4F902006C
:100470000B9000200A9001250FE004EB8500B0F9F5
:1004800002100B98814206DA04EB8500B0F90200F5
:100490000B9028B20A90681C85B2B542EDDB2C2186
:1004A00006FB01F004F022FF099009980890DDF89E
:1004B00028A0DDF828A0D34600200790DDF828A06A
:1004C000AAF10107002F00DA37440A9800F1010968
:1004D000701E484501DA4FF0000934F827100A98D9
:1004E00034F82000081A01B2069134F829100A984D
:1004F00034F82000081A01B2059104EB8700418806
:100500000A9804EB80004088081A00B2049004EBBB
:10051000890041880A9804EB80004088081A00B2DC
:10052000039000200290DDE9040110FB01F206991E
:10053000039810FB01F0824201DA0120029000BF13
:10054000029860B9AAF10107002F00DA37440BF1D5
:100550000109701E48450EDA4FF000090BE00AF160
:100560000107701EB84200DA0027ABF10109B9F1AA
:10057000000F00DAB14404EB8700B0F9020004EB8D
:100580008A01B1F9021088422CDB04EB8700B0F934
:10059000020004EB8A01B1F9021088421ED034F93E
:1005A000270034F92A10884218D0012104EB870073
:1005B000B0F90200CDE9000134F9273004EB8A00DC
:1005C000B0F9022034F92A100898FEF7B7FBDDE9EC
:1005D0000801FDF7B3FF08982C3008900798401CDD
:1005E0000790BA460798B04200D13AE004EB890080
:1005F000B0F9020004EB8B01B1F9021088422CDB48
:1006000004EB8900B0F9020004EB8B01B1F9021090
:1006100088421ED034F9290034F92B10884218D0B2
:10062000002104EB8900B0F90200CDE9000134F9A2
:10063000293004EB8B00B0F9022034F92B10089814
:10064000FEF77CFBDDE90801FDF778FF08982C3008
:1006500008900798401C0790CB460798B042FFF4DB
:100660006FAF00BF10AADDE91301FEF7DFFE0998A6
:10067000FEF7B0FE099804F0B5FE204604F0B2FE85
:1006800013990C98886000BF3FE6000094BB03906C
:1006900070B504460D461646324629462046EEF70A
:1006A00005FE324629462046E8F7D4FA3246294666
:1006B0002046E8F7C4FC324629462046E8F7DBFD31
:1006C000324629462046EDF79FF970BD704770B558
:1006D000044600BF00BF0121204606F0FAF9254676
:1006E0004FF6FF7068870121686A05F095FC0022CB
:1006F0002021204600F080FC70BD00002DE9F04173
:1007000080460C462546002045F8240FE86018A0D6
:10071000A86000206860287E20F010001030287645
:10072000287E20F020002030287600206882A882D1
:100730004FF6FF70E88200202882287E20F00F000C
:10074000083028764FF48061204605F065FC09A149
:10075000204600F064FB204607F016F8074600F03C
:1007600047F9286055F824697462BDE8F0810000FB
:10077000EF81B8004F7074696F6E20310A4F70744A
:10078000696F6E20320A4F7074696F6E20330000FB
:1007900070B5044600BF00BF2146044806F0A9F822
:1007A0000546284606F01AF9284670BD0CA80490A4
:1007B00070B506460D462C46606A20B1606A06F0A8
:1007C0001DFA0020606294F83C00C0F3001020B9CC
:1007D000206B04F01FFE0020206370BD2DE9F84F50
:1007E00089464946584806F03DFE8046B8F1010F5B
:1007F00001D0BDE8F88F484600F096FB0546484614
:1008000000F0F3FB07463C460E2D1BD1384606F0A0
:1008100059FF8346584601F039FB064602F0E6FDD3
:10082000009002F038FE8246BAF1040F09D11EB1E1
:10083000384600F033F904E0208FE0863846FFF7B1
:1008400046FF7FE00F2D01D0102D03D13846FFF772
:100850003EFF77E0082D07D13846E6F768FB804673
:10086000B8F1010F6ED0C4E72A2D03D1384609F044
:1008700074FE67E0292D03D1384609F06EFE61E071
:100880002C2D0DD1484600F0ADFB06460021384620
:1008900008F063FB8246504600F09EFE708051E0F7
:1008A0000D2D4AD1484600F09DFB0678132E01D04D
:1008B000122E13D1384600F08EF818B9384600F0E1
:1008C000EDF839E0E08E401CA18E884234DAE08EEB
:1008D000401CE08638460FF047FF2DE0142E01D073
:1008E000112E11D1384600F076F818B9384600F0CC
:1008F000D5F821E0E08E00281EDDE08E401EE08667
:1009000038460FF031FF17E01B2E05D1208FE0860F
:100910003846FFF7DCFE0FE00A2E0DD102F07AFD1B
:100920008246BA4507D03846E6F701FB8046B8F163
:10093000010F00D05DE700BF04E0152D02D148464D
:10094000EBF7CAFF00BF54E70CA80490014600BFB4
:1009500000BF0A46D08E70472DE9F05F81460F46F2
:10096000924600BF00BF4D464FF0000B286B20B1F0
:10097000286BDFF74FFD804603E000203870BDE8AC
:10098000F09F002406E0286B005D0A2801D10BF1DE
:10099000010B641C444502D2288F5845F3D1002630
:1009A0000EE0BAF1000F06D0AAF10100B04202D861
:1009B00000BF00BF0AE0286B005DB855761C641CC0
:1009C000444503D2286B005D0A28EAD100BF00200D
:1009D000B85500BFD3E770B5044600BF00BF254639
:1009E0000121686A08F070FC80F0010070BD000011
:1009F00070B5044600BF00BF2146044805F079FFEA
:100A00000546284605F0EAFF284670BD28A8049050
:100A10002DE9F05F83468846404600F085FA04469B
:100A2000182C08D041461C4806F01CFD0546012D37
:100A300001D0BDE8F09F404600F0D7FA0646D6F850
:100A400024904F46082C09D102F0D0FC824602F0D7
:100A500012FDF8B93046F8F795FF1BE0012C03D1E1
:100A60003046F8F76AFF15E0092C06D14FF6FF7003
:100A70007887304608F0C5FF0CE0182C0AD14046B4
:100A8000EBF7C0FC4146044806F0ECFC0546012D9E
:100A900000D0CEE700BFCCE728A804902DE9F04FA6
:100AA00087B0054600BF00BF2C460121284605F04F
:100AB000F0FA284606F068FE83465946606A0AF056
:100AC0002DF94FF0FF31606A09F05AF90121606A8F
:100AD00005F0BEFF00221F21284600F08DFA2846AF
:100AE000F2F77BFA0690216B069804F040F942F287
:100AF000D171606A0AF0D4FB06980AF023FC606AA0
:100B000008F085FB8346284608F081FB834513DC0B
:100B100094F83C0000F00F00042805D094F83C0045
:100B200000F00F00082807D1284608F070FB834624
:100B30005946606A0AF0B4FB069806F0CDFD0590B0
:100B40000021606A07F034FD81460021606A08F0E8
:100B5000F6F8484401B204910020D4F824B0029081
:100B600041F611025846029908F02AF901900198BD
:100B7000484400B20390DDE904100144039808449E
:100B80000FFA80F8464694F83C0000F00F0794F8FE
:100B90003C0000F00F00082824D1FCF735FD834607
:100BA000FCF7B0FDB5F91A10314488423CDAFCF785
:100BB0002BFD8346FCF7A6FDB5F91A10411AB5F9CD
:100BC0001600814204DA0427E88A401E06B22BE0B0
:100BD000FCF71AFD8346FCF795FD698B401A401E11
:100BE00006B221E094F83C0000F00F0004281BD16D
:100BF000B5F91600801B17D5FCF706FD8346FCF7F8
:100C000081FDB5F91A10411AB5F91600814209DDC6
:100C10000827FCF7F9FC8346FCF774FD698B401A42
:100C200006B201E0B5F91660464500DD464631469C
:100C3000606A0AF036F828460FF096FD082F08D1B2
:100C40000020009000230D222946606A05F0A4FAD6
:100C50001FE0042F08D10020009000230A2229461B
:100C6000606A05F099FA14E0012F08D10020009085
:100C7000002310222946606A05F08EFA09E0022F4F
:100C800007D100200090002313222946606A05F056
:100C900083FA606A0AF056FB94F83C0000F00F00FB
:100CA000012805D094F83C0000F00F0002281FD165
:100CB000606A08F0D8FA0290606A08F0F7FA834692
:100CC000FCF7A2FC0190FCF71DFD58450FDCFCF77A
:100CD0009BFC0090FCF716FDABEB00010298401A5C
:100CE000401E00B20190606A01990AF00BFB00BF40
:100CF0000021226B069805F0CDFD82465046BAF1E0
:100D0000010F04D0022810D0032807D000BF002311
:100D10001A460121069805F02DFA0DE000231A4627
:100D20000321069805F026FA06E000231A46092159
:100D3000069805F01FFA00BF00BF07B0BDE8F08FAE
:100D400070B506460D4600BF00BF344694F83C001F
:100D500000F00F00A84200D170BD94F83C0065F38C
:100D6000030084F83C00304608F04BFE00BFF3E778
:100D70002DE9F04107460D4600BF00BF00BF1DB979
:100D800000BF00BF00BFFEE700BF3C460020A086BA
:100D9000002606E0A85D0A2802D1A08E401CA0868D
:100DA000761CA85D0028F5D1A08E401CA0860020EE
:100DB000E08620872846DFF72DFB00F10108206B35
:100DC00048B194F83C00C0F3001020B9206B04F047
:100DD00021FB00202063404604F04EFA206300BF50
:100DE000206B18B900BF00BF00BFFEE700BF206B3B
:100DF00008B9BDE8F0812946206BDFF7E7FA94F8DF
:100E00003C0020F0100084F83C00384608F0F9FD62
:100E1000606A10B1606A08F0F4FD00BFE9E72DE9EF
:100E2000F04107460D4600BF00BF00BF1DB900BF1F
:100E300000BF00BFFEE700BF3C460020A0860026A2
:100E400006E0A85D0A2802D1A08E401CA086761C70
:100E5000A85D0028F5D1A08E401CA0860020E08669
:100E6000208794F83C00C0F3001030B9206B20B10B
:100E7000206B04F0CFFA0020206394F83C0020F0AF
:100E80001000103084F83C002563384608F0B9FDA6
:100E9000606A10B1606A08F0B4FDBDE8F08170B519
:100EA00006460D4600BF00BF3446E08EA84200D182
:100EB00070BDA08EA84201DD284601E0A08E401E34
:100EC000E086E08E2087304608F09BFD00BFEFE70C
:100ED00070B504460D4600BF00BF2646F5622046A9
:100EE00008F08FFD70BD70B505460C464FF480616B
:100EF000204605F0ADFD0421204605F0A9FD4FF484
:100F00000031204605F088F80121204605F084F8DC
:100F1000204602F07DFE70BD30B504460B46586A8F
:100F200002460025556230BD0146087A20F0800057
:100F3000704701464868704700B50246107A152888
:100F40000ED0107A14280BD0107A162808D0107AF8
:100F5000182805D0107A172802D0107A192803D142
:100F6000104600F03FF800BD00BF00BF0020FAE7C8
:100F700000B50246107A01282CD0107A022829D018
:100F8000107A032826D0107A042823D0107A052856
:100F900020D0107A06281DD0107A07281AD0107A8F
:100FA000082817D0107A092814D0107A0A2811D0EE
:100FB000107A0B280ED0107A0C280BD0107A0D283E
:100FC00008D0107A0E2805D0107A0F2802D0107A97
:100FD000102803D1104600F005F800BD00BF00BF87
:100FE0000020FAE701460869704701460868704723
:100FF0000146C86870470000F0B587B004460D464A
:10100000164614B9012007B0F0BD00BF00BF009420
:1010100001948DF808500020039004969DF8180064
:1010200020F001008DF818009DF8180020F0040051
:101030008DF818009DF8180020F002008DF81800B7
:101040000748006805900649C1F800D06846EFF7E8
:1010500050FF07460249059808603846D3E700006C
:101060004001002410B503460C46187A13280DD110
:101070001846FFF7B7FF0246B2F90000A04202DDB2
:10108000B2F9000000E02046108001E000BF00BF80
:1010900010BD0000F8B50BF04AF8054608F0B7F8A7
:1010A000B0F5A07F06DC3B483B4908605A203B492D
:1010B000088014E00BF03BF8054608F0A8F8B0F5FE
:1010C000F07F06DC364834490860782033490880D0
:1010D00005E03448304908609620304908800BF01C
:1010E00026F80546FFF754FB04462F4801682046C2
:1010F000FFF795FE00222848016820460AF09CF878
:101100002648B0F9001020460AF0CAF80BF00FF894
:10111000064608F07CF84042032190FBF1F005B24E
:1011200000232A460921204605F024F80AF0FFFF93
:10113000054602F06DFD1D49086000221648016851
:101140001A4800680AF078F81448B0F900101748F7
:1011500000680AF0A5F80AF0EAFF074606F0BCFAB4
:101160004542E81705EB5070C6100F230B222146AD
:101170000E480096006805F00FF80DA10B480068B6
:1011800003F04EFD00231C220C49204604F0FCFE17
:10119000F8BD000080F70390380300243C030024CE
:1011A000CC41049030A50490400300243403002473
:1011B0006F7074696F6E2031000000005D0C01904B
:1011C0002DE9F0470AF0B3FF0446FFF7E1FA0646BF
:1011D000734801683046FFF722FE0022714801681B
:1011E00030460AF029F87048B0F9001030460AF08D
:1011F00057F808213046FFF7A3FD6CA13046FFF7F2
:1012000067FE0AF094FF814606F066FAA0EB8004C0
:10121000E01704EB5070C01007B20AF088FF814657
:1012200007F0F5FF0546C01705EB50704FEAE008E0
:101230003B4642460921304604F09CFF0AF077FF06
:101240000446FFF7A5FA0646554801683046FFF701
:10125000E6FD002253480168304609F0EDFF524890
:10126000B0F9001030460AF01BF801213046FFF7B4
:1012700067FD4FA13046FFF72BFE0AF058FF81466D
:1012800006F02AFA4442E01704EB5070C7100AF047
:101290004EFF814607F0BBFF0546C01705EB5070B7
:1012A0004FEAE0083B4642460921304604F062FF1F
:1012B0000AF03DFF0446FFF76BFA0646384801681E
:1012C0003046FFF7ACFD002236480168304609F091
:1012D000B3FF3548B0F90010304609F0E1FF0221B4
:1012E0003046FFF72DFD33A13046FFF7F1FD0AF040
:1012F0001EFF814606F0F0F90446C01704EB50705B
:10130000C7100AF014FF814607F081FF0546C01799
:1013100005EB50704FEAE0083B4642460921304653
:1013200004F028FF0AF003FF0446FFF731FA0646EF
:101330001B4801683046FFF772FD0022194801681A
:10134000304609F079FF1848B0F90010304609F02E
:10135000A7FF04213046FFF7F3FC17A13046FFF743
:10136000B7FD0AF0E4FE814606F0B6F900EB400452
:10137000E01704EB5070C7100AF0D9FE814607F061
:1013800046FF0546C01705EB50704FEAE0083B46A4
:1013900042460921304604F0EDFEBDE8F08700002A
:1013A00040030024380300243C030024EF81B800EC
:1013B000EF819300EF819400EF81B70010B500F04A
:1013C00003F800F03BFC10BD10B500210D4803F000
:1013D000EDFC0D4908600BF0B5FE0C4908800BF0E0
:1013E000B1FE40F480500A4908800BF0ABFE40F497
:1013F0008050084908800BF0A5FE40F48050064953
:10140000088010BDED1D01906402002468020024D4
:101410006A0200246C0200246E0200242DE9F041CF
:1014200006460F46092F00D1202734693946304639
:10143000F1F7F6FA054615B90020BDE8F0816068BD
:1014400000EBC508608A800B30B92068D8F800101E
:10145000C1F313010844F0E700BF00BF0020ECE730
:1014600070B504460D4600BF1CB900BF00BF00BFE9
:10147000FEE700BF294620466268904770BD2DE90F
:10148000F04706460D469046994600BF1EB900BF7C
:1014900000BF00BFFEE700BF00BF1DB900BF00BF17
:1014A00000BFFEE700BF00202860344600270FE0A1
:1014B0004B46424629462046D4F800C0E04707463E
:1014C0002FB1A87BC0F3001008B92C6002E064695A
:1014D000002CEDD100BF3846BDE8F0872DE9FF4F65
:1014E00083B00C4691464FF0000AB9F1090F03D1C1
:1014F0004FF020094FF0010A039806694946039806
:10150000F1F78EFA07461FB9002007B0BDE8F08F4B
:101510004FF0000BF06868B106990398F1F780FA74
:101520000190019828B13946019A0398F1F704FC1B
:10153000834600BF706800EBC705308A00FB0BF0E4
:101540000011029028684FEA1058BAF1000F01D03C
:101550004FEA48080298804408F108004FEA101842
:10156000A4F80480687920812879E08095F9060044
:10157000608195F90700A081708A400AA17B60F321
:101580000301A173A07B20F01000A073BAF1000F3B
:1015900005D0E0884FF6FF7101EA4000E0800120AD
:1015A000B3E72DE9FF4105460E46174600BF1DB9BA
:1015B00000BF00BF00BFFEE700BF3B4632466946A2
:1015C0002846FFF75CFF044624B1BDF8040004B0D0
:1015D000BDE8F0810020FAE70146B1F90800704744
:1015E0000146B1F9080070470146B1F9080070479B
:1015F0000146B1F90800704770B50446606808B943
:101600000B2070BD6068C06808B90920F9E7D4E90B
:101610000010C268904705466068408858B1A068CD
:1016200048B1A068C06818B1A168C86803F0F2FEAC
:10163000A06803F0EFFE002020606060A0602846F4
:10164000DFE7000070B505460948E3F766FD04468C
:101650000AE020680078A84201D1206870BD2146C8
:101660000348E3F772FD0446002CF2D10020F5E7B1
:1016700084D6052470B505462846DEF7CBFE044621
:101680000EE0285D2E2802D1601C284470BD285D24
:101690002F2802D0285D5C2801D103A0F6E7641E44
:1016A000002CEED100A0F1E700000000401C017802
:1016B0003A2900D1401C70472DE9F04705460F46F6
:1016C000914627B900BF00BF0B20BDE8F08797F80F
:1016D00000804046FFF7B6FF04461CB900BF00BFBC
:1016E0000320F2E7606838B120466168884718B97E
:1016F00000BF00BF0120E8E7A06818B900BF00BF25
:101700000920E2E73846FFF7D1FF82464A465146B4
:101710002046A368984706460EB1701C08B90C20F5
:10172000D3E76C602E60608878B1102003F0A4FDD0
:10173000A86000BFA86818B900BF00BF00BFFEE7DF
:1017400000BF1021A86804F07CF80020BDE72DE957
:10175000FC4104460F4690461D460DB1002028600E
:10176000606810B90B20BDE8FC816068006908B9A9
:101770000920F8E7002001906068408838B101AB8B
:1017800042463946204600F011F8064609E001A815
:101790000090D4E9001043463A46D0F810C0E04724
:1017A00006460DB1019828603046DCE72DE9F04F80
:1017B00087B004460F4615469A4600200690A0685A
:1017C000D0F808B0A06800680590A0684068049050
:1017D000A068D0F80C806068B0F802900598584571
:1017E0004AD80498834547D20598ABEB000080B2F5
:1017F00003900398A9EB000086B2B54207D803987E
:1018000008EB00012A46384603F08DFE33E00398CA
:1018100008EB00013246384603F085FE4D450AD9F3
:10182000AB1BBA19CDF800A0D4E90010D0F810C055
:10183000E04706901FE00020029002A80090D4E943
:1018400000104B464246D0F810C0E0470690A06812
:101850004068401CA1680860A068006802990844BC
:10186000A1684860A81B80B20190B8194146019A4E
:10187000DEF7EFFD00BF39E04D4509D9CDF800A0F6
:10188000D4E900102B463A460669B04706902DE091
:10189000B8F1000F10D1484603F0EEFCA168C86013
:1018A00000BFA068C06818B900BF00BF00BFFEE756
:1018B00000BFA068D0F80C800020039003A800901F
:1018C000D4E900104B4642460669B0470690A0682E
:1018D000C0F800B0A068006803990844A168486097
:1018E0002A4641463846DEF7B4FD00BF069830B9B7
:1018F000CAF80050A06880682844A16888600698EB
:1019000007B0BDE8F08FF8B504460D46174660688D
:1019100008B90B20F8BD6068806908B90920F9E7AB
:1019200000266068408800284ED027B1012F1AD0C9
:10193000022F48D132E0A0688560A0688068A16865
:101940000968884205D3A0688068A1684968884210
:1019500008D9A3689A68D4E900100023D0F818C009
:10196000E04706462FE0A06880682844A1688860A8
:10197000A0688068A1680968884205D3A06880686B
:10198000A1684968884208D9A3689A68D4E9001018
:101990000023D0F818C0E047064614E0D4E9001050
:1019A0003B462A46D0F818C0E047064656B9D4E967
:1019B00000106A46C3699847064616B90098A168A0
:1019C000886000BF00BF07E0D4E900103B462A460C
:1019D000D0F818C0E047064630469BE72DE9F04FA7
:1019E00087B004460E461746A07870434FEA202A77
:1019F000574507DC20880690BDF81810084607B048
:101A0000BDE8F08F207A401E04EB800080787043A0
:101A10004FEA202B5F4509DB207A401E04EB800053
:101A200000880690BDF818100846E8E700200390EB
:101A300001252AE004EB85008078704300120190B4
:101A4000019887421FDC681E04EB8000008800902C
:101A5000FBF770F9059004EB850000880090FBF718
:101A600069F90490681E04EB8000807870434FEAA7
:101A7000202A04EB8500807870434FEA202BABEBE3
:101A80000A00039004E0681CC5B2207AA842D1DCA9
:101A900000BFA7EB0A0007B2C7EB0721039891FB31
:101AA000F0F000F0FF08C8F1FF099DF8100010FBEE
:101AB00008F09DF8141011FB090000EBC01101EBB8
:101AC000C030800EBDF8081060F3040102919DF84B
:101AD000110010FB08F09DF8151011FB090000EB38
:101AE000C01101EBC030400EBDF8081060F34A1180
:101AF00002919DF8120010FB08F09DF8161011FBE2
:101B0000090000EBC01101EBC030800EBDF80810D9
:101B100060F3CF210291BDF8081008466FE710B5B9
:101B200004466068C00F10B1204603F073FC10BD7E
:101B30002DE9FE4305460E461746687A00F0070079
:101B400010B90020BDE8FE832848007828B900209D
:101B500000F050F8012025490870687A00F007006D
:101B6000022801D1304600E03846804632464146E0
:101B70002846E6F707FC02900020019001AA02A97E
:101B80001B48F4F7C7F901280AD101984068401CA6
:101B90000199496860F31D01019841600198D1E7FE
:101BA0003A4631462846E4F79BFC0190019818B963
:101BB00000BF00BF0198C5E7002410E00198B0F90C
:101BC0000E1022462846FFF709FF00900198806812
:101BD00000EB4400BDF800100180601C04B20198C5
:101BE000B0F90E00A042E9DC0198ABE778010024CF
:101BF0006F16019010B504460D48006803F00AFC0A
:101C0000204603F039FB0A4908600A49086000BF12
:101C10000748006818B900BF00BF00BFFEE700BF5B
:101C200021460348006803F00CFE0348046010BD21
:101C3000D0020024740100247001002410B500219A
:101C4000204803F0B3F8204908600BF07BFA40F419
:101C500080501E4908800BF075FA40F480501C49F2
:101C600008800BF06FFA40F480501A4908800BF09E
:101C700069FA40F48050184908800BF063FA40F488
:101C80008050164908800BF05DFA40F480501449EA
:101C900008800BF057FA40F48050124908800BF08E
:101CA00051FA40F48050104908800BF04BFA40F490
:101CB00080500E4908800BF045FA40F480500C49E2
:101CC000088010BD9B3A0190740200247802002421
:101CD0007C0200247A0200247E0200248802002470
:101CE0008602002482020024800200248402002450
:101CF0008A0200242DE9F04107460C460FB9BDE8E1
:101D0000F08100BF00BF3846E3F707FA06460AE055
:101D10003068A04202D100BF00BFF0E7314638462C
:101D2000E3F713FA0646002EF2D1204605F0CAFC6E
:101D30008046B8F1000F0DD0A068806850B1A0684F
:101D40008068C0680068A04204D1404600F0B7F83F
:101D500000BF00BFA06810B9204604F057FCA0687F
:101D600087603846E3F72CFA054600BF1DB900BF6F
:101D700000BF00BFFEE700BF05B9C0E72C603846D2
:101D8000E3F7CBF9A84202D1384600F098F800BF3B
:101D900000BF00BFB3E7000010B50446024A034984
:101DA0002046F0F7F1F910BD4B5100901B51009007
:101DB0002DE9F04106460EB9BDE8F081304605F048
:101DC00081FC044604B9F7E7207E00F0010000B171
:101DD000F2E70021204600F0FCF82046E3F79DF9E9
:101DE00005463CE02868B04234D1E068B0B1E06814
:101DF0000068B04212D02046F0F71FFF8046E1682D
:101E0000424608680F21FFF7F7F80746012F00D078
:101E1000D2E7E168086807F0F4FD00BFE560E0681C
:101E2000B8B1206910B12046216988472046F0F7F3
:101E300004FF8046E168424608680E21FFF7DCF89F
:101E40000746012F00D0B7E7E168086807F0D9FD21
:101E500000BF06E029462046E3F777F90546002D46
:101E6000C0D100BF00BFA7E710B50446024A03492E
:101E70002046F0F789F910BD595100906551009046
:101E8000014800687047000048010024014609B974
:101E900000207047087EC0F34000FAE7014609B908
:101EA00000207047C86808B90020FAE7C8680068D1
:101EB000F7E710B504462046E3F735F910BD70B5D5
:101EC0000446207EC0F3C005207E20F008000830C4
:101ED0002076207EC0F3800018B92046FFF75CFF13
:101EE00006E0207EC0F3800010B12046FFF7BCFF63
:101EF000207E65F3C300207670BD2DE9F0410546D4
:101F0000284605F0DFFB04460CB9BDE8F08100BFB0
:101F100000BFE06808B3E0680068A84221D1207ED5
:101F200000F0010018B1207E20F00100207620464C
:101F3000E3F7F3F8E168884210D12046E3F712F99D
:101F4000E16888420AD12046F0F777FE0746E1684B
:101F50003A4608680F21FFF74FF802E02046FFF7E6
:101F6000AEFFE06828B1E0680068A84201D1002017
:101F7000E0602046E3F7D1F8064614E03068A84256
:101F80000CD131462046E3F747F9304603F042FAD8
:101F9000A86810B10020A968886006E03146204694
:101FA000E3F7D3F80646002EE8D100BF00BF00BF1C
:101FB00000BFAAE773B505462846FFF76FFF044642
:101FC0000CB901207CBD01AA0D212046FFF714F8B1
:101FD000F8E72DE9F04704460D460CB9BDE8F08757
:101FE0002E46207EC0F340003546A84200D1F5E7DA
:101FF000207E66F3410020762046FFF74FFF07461C
:1020000097B12046F0F719FE8146E1684A46086814
:102010000E21FEF7F1FF8046B8F1010F00D0DDE799
:10202000384607F0EEFC00BF00BFD7E72DE9FF43BD
:1020300003469C68187800F01F0005280DD1186829
:10204000C0F38A20504300EB400001EB41068519A4
:10205000A81C205C04B0BDE8F083187800F01F00D5
:102060000B281BD101F00705C9101868C0F38A209E
:10207000C01DC01000FB0216A05DC5F107084FF09F
:10208000010C0CFA08FC00EA0C00C5F1070C40FA40
:102090000CF70FB10020DDE7FF20DBE7187800F038
:1020A0001F000C281CD12CA0006803908807450F46
:1020B00089101868C0F38A20C01C801000FB02162B
:1020C000A05DC5F106084FF0030C0CFA08FC00EA0D
:1020D0000C00C5F1060C40FA0CF703A8C05DB9E787
:1020E000187800F01F000D2826D10FF27009D9E9E9
:1020F00001C8D9F80000D9F80C90CDE901C8CDF895
:102100000C900090C807450F49101868C0F38A204A
:10211000401C401000FB0216A05DC5F104084FF002
:102120000F0C0CFA08FC00EA0C00C5F1040C40FA94
:102130000CF71DF807008DE7187800F01F000E2837
:1021400006D11868C0F38A2000FB0215605D81E7A4
:1021500000BFFF207EE700000055AAFF00112233D8
:10216000445566778899AABBCCDDEEFF2DE9FF4385
:1021700083B004460D46174600BF002001460246C4
:102180004FEAD20CBDF800306CF304034FEA910C17
:102190000093BDF800306CF34A134FEAD00C009363
:1021A000BDF800306CF3CF230093BDF800C0634648
:1021B0000193BDF8041008460290A668207800F04C
:1021C0001F00042809D0207800F01F00062804D042
:1021D000207800F01F00052815D1217801F01F009C
:1021E00000F090F84FEAE0082068C0F38A207843B6
:1021F00000FB08F005FB080906EB0901022202A812
:1022000003F0CDFA78E0207800F01F00072816D1FF
:10221000083605F00700ED102268C2F38A22D21DAD
:10222000D21002FB0751725CC0F1070C012303FAC4
:102230000CF31A40C0F107031A4102925CE02078C7
:1022400000F01F00082816D11036AA07500FAD1055
:102250002268C2F38A22D21C921002FB0751725CE0
:10226000C0F1060C032303FA0CF31A40C0F1060375
:102270001A41029240E0207800F01F00092816D190
:102280004036EA07500F6D102268C2F38A22521CB2
:10229000521002FB0751725CC0F1040C0F2303FAC9
:1022A0000CF31A40C0F104031A41029224E0207892
:1022B00000F01F000A2809D106F580662168C1F3E5
:1022C0008A2101FB0750315C029115E0207800F073
:1022D0001F000B280ED0207800F01F000C2809D01A
:1022E000207800F01F000D2804D0207800F01F0097
:1022F0000E2801D106980290BDF80810084607B0D4
:10230000BDE8F083014600200F291DD2DFE801F06F
:1023100008091C1C0B0E0C101316191114171A00A7
:1023200000BF002012E000BF10200FE018200DE0D9
:1023300000BF01200AE000BF022007E000BF042028
:1023400004E000BF082001E0002000BF00BF70478C
:10235000014600208A1E0D2A13D2DFE802F008127F
:10236000120712090A0B0C0D0E0F100000BF00BF60
:1023700000BF00BF00BF00BF00BF00BF00BF012003
:1023800001E0002000BF00BF704701460020032984
:1023900002D0062902D100BF012001E0002000BFC9
:1023A00000BF704770B506460C462546002045F82C
:1023B000240F287D20F00300C01C2875287D20F004
:1023C0007C002875204606F022FF2881204605F073
:1023D00083F968810020A8814FF480706882287D8D
:1023E00020F08000803028750020A880243D002146
:1023F00069856886A98685F839000221204604F09F
:1024000027FB4FF48031204603F006FE70BD00002C
:1024100070B5044600BF00BF2146044804F069FAC5
:102420000546284604F0DAFA284670BD44A8049010
:1024300070B506460D466C6AA4B1287C012802D10D
:102440002046FFF7D9F8E06810B1E06802F0E2FF3B
:10245000206910B1206902F0DDFF204602F0DAFFAA
:102460000020686270BD00002DE9FF4781460D46DF
:102470001446284600F05AFF0746E7B9287800F0CE
:102480001F01042901DB0E2903DD002004B0BDE893
:10249000F0872868820A206862F394202060286808
:1024A000420D206862F35F5020602878226860F354
:1024B0000402226049E0012F30D12846FFF7DAF804
:1024C000804623A1DEF76CF808B10020DEE7022287
:1024D000294601A8FFF7F0F8064696B96B46042294
:1024E000214601A8FFF733F9064601A8FFF784F853
:1024F00016B90098042803D000BF00BF0020C5E72C
:1025000000BF207800F01F00042804DB207800F0D2
:102510001F000E2801DD0020B8E716E0022F10D1C1
:102520000121206861F3942020602068C0F314002A
:1025300000F500102060206820F01F000B302060A4
:1025400003E000BF00BF0020A0E701209EE70000DD
:1025500062696E002DE9FF4F8DB004460D4691462D
:102560006BA000680C906BA000680B906AA30FCB67
:1025700007AE0FC620890690002610E0BDF81800AF
:10258000C1B206EB46021A988154BDF81800020A3F
:1025900006EB4600401C1A990A54701C06B21098AB
:1025A0008642EBDB00200590217D01F01F00FFF744
:1025B000A9FE8246012101FA0AF0401E80B2049071
:1025C00000274FF0000800200390207D00F01F003E
:1025D0000B2806D00C2816D00D2827D00E2841D164
:1025E00037E06069C0F38A20C01DC71007FB09F0FF
:1025F00000EBE500804405F00700C0F10700039000
:102600000CA805902EE06069C0F38A20C01C8710DA
:1026100007FB09F000EBA500804405F0030006214C
:10262000A1EB400003900BA805901BE06069C0F38C
:102630008A20401C471007FB09F000EB650080442E
:1026400005F001000421A1EB8000039007A805908C
:1026500008E06069C0F38A2707FB09508044002026
:10266000039000BF00BF606A0290384602F03EFE51
:102670008346BBF1000F03D1002011B0BDE8F08FFD
:1026800000200190207C20B960688168414401915C
:102690000DE0002208F104010298FFF734F900234D
:1026A0003A4659460298FFF752F8CDF804B0002692
:1026B00025E001990978039A1141049A01EA020080
:1026C000217D01F01F010E2901D1024601E005998B
:1026D0000A5C06EB4601891C1A9B5A540399A1EB2C
:1026E0000A0149B203910399002906DACAF10801E7
:1026F00049B203910199491C0191701C06B21098CE
:102700008642D6DB584602F06DFE0120B5E7000098
:1027100000FF00000055AAFF0011223344556677E0
:102720008899AABBCCDDEEFF2DE9FF4F85B00446AA
:102730000E469146217D01F01F00FFF7E3FD049056
:102740000121049801FA00F0401E80B20390002796
:10275000002002900025207D00F01F00072806D0F1
:10276000082815D0092825D00A2840D134E060690E
:10277000C0F38A20C01DC71007FB09F000EBE6007C
:102780000544083506F00700C0F1070002902EE06E
:102790006069C0F38A20C01C871007FB09F000EBBA
:1027A000A6000544103506F003000621A1EB400009
:1027B00002901CE06069C0F38A20401C471007FBB0
:1027C00009F000EB66000544403506F001000421E5
:1027D000A1EB800002900AE06069C0F38A2707FB42
:1027E0000960054405F580650020029000BF00BF28
:1027F000D4F824B0384602F079FD8246BAF1000FD1
:1028000003D1002009B0BDE8F08F00200190207CAA
:1028100020B960688168294401910CE00022291DDB
:102820005846FFF770F800233A4651465846FEF7DF
:102830008EFFCDF804A04FF0000837E00199097829
:10284000029A1141039A01EA0200DBF80C1001EB35
:10285000400109880091BDF80010CAB208EB480396
:102860001299CA54BDF800100B0A08EB4801491C24
:10287000129A5354DBF810100B5C08EB4801891CCA
:10288000129A5354049A0299891A49B202910299F0
:10289000002907DA0499C1F1080149B202910199AE
:1028A000491C019108F101000FFA80F80898804551
:1028B000C4DB504602F096FD0120A3E72DE9FC5F42
:1028C00004460E4617469846606A0190217D01F045
:1028D0001F00FFF717FD82466069C0F38A2007FBDF
:1028E000006000FB0AF04FEAE00B0BF1040B002242
:1028F00059460198FFF707F88146B9F1000F04D057
:1029000000BF00BF0020BDE8FC9F4FEAEA0000FBCB
:1029100008F5002000906B462A460C990198FEF7B6
:1029200016FF8146B9F1000F02D10098854203D00D
:1029300000BF00BF0020E6E70120E4E72DE9FE4FDD
:1029400082460C46207C012843D16068FEF792FE47
:10295000804680A1DDF724FE10B10020BDE8FE8F87
:10296000022268466168FEF7A7FE06461EB100BF58
:1029700000BF0020F2E7606AC0B9142002F07CFCBE
:10298000606200BF606A18B900BF00BF00BFFEE709
:1029900000BF606A30B900BF00BF6846FEF72CFE7A
:1029A0000020DBE71421606A02F04BFF676A3846BB
:1029B0006A460C210346944607E09CF8008083F8A1
:1029C00000805B1C0CF1010C491E0029F5D100BFF1
:1029D00006E0207C20B96068806808B90020BDE767
:1029E000207D00F01F05042D03D0052D01D0062DFC
:1029F00008D1207C20B960688068A0610120ADE723
:102A00000120ABE7072D05D0082D03D0092D01D0FB
:102A10000A2D70D12846FFF775FC8346012000FA85
:102A20000BF8606AA8B9142002F026FC606200BFAF
:102A3000606A18B900BF00BF00BFFEE700BF606A50
:102A400018B900BF00BF002088E71421606A02F0B7
:102A5000F8FE666A4FEA480002F00EFCF06000BF24
:102A6000F06818B900BF00BF00BFFEE700BF4046D6
:102A700002F002FC306100BF306918B900BF00BF2E
:102A800000BFFEE700BFF06808B1306938B900BF89
:102A900000BF21465046FFF7CBFC00205EE7207CBC
:102AA000012823D1002204213046FEF72CFF002705
:102AB00019E00023042202A93046FEF748FE9DF8E3
:102AC00008209DF809109DF80A00F9F7AAFF019067
:102AD000F06800EB4700BDF8041001809DF80B0082
:102AE0003169C8557F1C4745E3D31FE06068D0F8C3
:102AF0000890002717E01BE019F8272009EB87034F
:102B0000597809EB87039878F9F78BFF0290F06802
:102B100000EB4700BDF80810018009EB8700C07882
:102B20003169C8557F1C4745E6D300BF012015E732
:102B30000B2D05D00C2D03D00D2D01D00E2D01D164
:102B400001200BE721465046FFF772FC00BF00BF93
:102B5000002003E762696E002DE9F84F82460C46BB
:102B600016461F46DDE90A854FF00009207D00F07A
:102B70001F00042809D0207D00F01F00052804D084
:102B8000207D00F01F0006280BD1207C012847D1B2
:102B900043463A46314620460095FFF78FFE814670
:102BA0003EE0207D00F01F000B280ED0207D00F0BD
:102BB0001F000C2809D0207D00F01F000D2804D034
:102BC000207D00F01F000E2808D143463A463146CA
:102BD00020460095FFF7BEFC814621E0207D00F0F5
:102BE0001F0007280ED0207D00F01F00082809D004
:102BF000207D00F01F00092804D0207D00F01F0078
:102C00000A2808D143463A46314620460095FFF748
:102C10008BFD814604E000BF00BF0020BDE8F88FB7
:102C20004846FBE710B50446206870B12068C068CC
:102C300018B120682146C2689047207C012804D141
:102C4000606802F0E7FB0020606010BD10B50A4824
:102C5000E2F796FA044600BF1CB900BF00BF00BFF0
:102C6000FEE700BF0CB9002010BD1421204602F081
:102C7000E8FD2046F8E70000A8D605242DE9F0413C
:102C800005460E460421304602F0DBFD15B9002052
:102C9000BDE8F081284600F049FB07462FB92946D8
:102CA000886808B90020F3E700BF4FF000080D481E
:102CB000E2F733FA044610E0206848B1324629466C
:102CC0002046236898478046B8F1010F00D106E0FE
:102CD00021460448E2F739FA0446002CECD100BF43
:102CE0004046D5E7A8D605242DE9FF4704460E4601
:102CF00099462821204602F0A4FD1EB9002004B008
:102D0000BDE8F087304600F011FB07462FB9314689
:102D1000886808B90020F2E700BFBDF808002081EC
:102D20002774C4F80C90207C01281BD13046DDF7B5
:102D300071FB82460AF1010002F09EFA606000BF5A
:102D4000606818B900BF00BF00BFFEE700BF606841
:102D500018B900BF00BF0020D1E731466068DDF739
:102D600035FB00E066604FF000081D48E2F7D5F93A
:102D700005462AE0286808B1686800B920E004F137
:102D80001402314628462B6898478046B8F1010F57
:102D900000D015E02560214628466A6890478046A5
:102DA000B8F1010F01D14046A9E7042104F1140054
:102DB00002F047FD00202062A0616062E06100BF78
:102DC00029460748E2F7C1F90546002DD2D1207CFB
:102DD000012802D1606802F01DFB40468FE7000029
:102DE000A8D605242DE9FC4704460D4616461F4685
:102DF000DDF828804FF000092068806848B1CDE9EF
:102E00000078206833462A462146D0F808C0E047BB
:102E100081464846BDE8FC87C16070470160704745
:102E2000416070478160704770B506460D462C467C
:102E300094F8380000F00300012805D094F8380019
:102E400000F0030002280BD1606A02F0E3FA0020D0
:102E5000606294F8380020F00300C01C84F8380049
:102E600070BD00002DE9F34F85B00698FEF75CF8C1
:102E70000646152E0CD0182E0AD0A248069904F04A
:102E8000F1FA0546012D02D007B0BDE8F08F00BF72
:102E90000698FEF7AAF8804644462A2E0ED194F8EA
:102EA000380000F00300022804D14046616A00F0B7
:102EB00058F925E1404607F021FB21E1132E7AD194
:102EC0000698FEF78FF805460021404606F037F9D0
:102ED0008146E08E00FB09F000120FFA80F9002114
:102EE000404606F0EBF88246208E50440FFA80FAF6
:102EF000BAF1000F02D1B9F5807F5BD0404606F0F1
:102F000086F98346404604F0E7FB029004F1320064
:102F10001FFA89F15346CDE90010594603A8029AD9
:102F2000E1F74EF9B5F90070B5F90000BDF90C10E4
:102F3000791A884202DDB5F9000002E0BDF90C0003
:102F4000381A00B22880B5F90000BDF90E10791AC0
:102F5000884202DDB5F9000002E0BDF90E00381A22
:102F600000B22880B5F90000BDF910103944A1EB7A
:102F70000B01884202DDB5F9000004E0BDF9100044
:102F80003844A0EB0B0000B22880B5F90010BDF961
:102F90001200C2190298101A814203DDB5F900002F
:102FA00005E008E0BDF91200C1190298081A00B244
:102FB000288000BFA4E0112E75D10698FEF712F804
:102FC00005460021404606F0BAF80746E08E7843F1
:102FD000001207B20021404606F070F88146208EAC
:102FE00048440FFA80F9404606F011F9B4F92C1064
:102FF000884259D1404604F06FFBB4F92E10884244
:1030000052D1B7F5807F14D1B9F1000F11D1B4F9C5
:103010002CB00BEBDB704010B4F93210884208D1B1
:10302000B4F92EA00AEBDA704110B4F934008142F1
:103030003AD0404606F0EBF88246404604F04CFB9E
:10304000834604F13200B9B24B465A46CDE900102E
:10305000514603A8E1F7B4F8BDF80C00B8F8141015
:10306000084400B2ADF80C00BDF80E10B8F8160018
:10307000084400B2ADF80E00BDF81000B8F8141006
:10308000084400B2ADF81000BDF81210B8F81600F0
:10309000084400B2ADF81200002203A82968E0F746
:1030A000B0FE28710BE00BE003A9404604F027FABC
:1030B000002203A82968E0F7A4FE287100BF1FE0E2
:1030C0002C2E14D10698FDF78DFF054694F8390093
:1030D00000F00300012805D1404600F015F80490E7
:1030E000286003E0A08D2880E08D688008E0152E20
:1030F00003D0182E01D0122E02D10698E7F714FC47
:1031000000BFC1E644A80490F0B585B0044625464A
:103110000021204606F013F80646E88E704306129A
:103120000021204605F0CAFF0746288E074405F116
:103130003200B1B2CDE90010B5F92E20B5F92C104E
:103140003BB202A8E1F73CF802A8F7F715FCADF88E
:10315000100002A8F7F788FBADF81200049805B03C
:10316000F0BD2DE9F04F85B00546884600BF00BF91
:10317000284606F046FC404600F0D8F806462C46A5
:10318000032E1CD100BF00BF94F8380000F00300EC
:10319000022805D094F8380000F00300012802D17D
:1031A000606A02F037F90020606294F8380020F07D
:1031B0000300C01C84F8380005B0BDE8F08F04A9F6
:1031C0004046FFF75BFD8EB994F8380000F003002D
:1031D000012805D094F8380000F00300022802D13D
:1031E000606A02F017F9C4F8248034E0012E01D09F
:1031F000022E30D1606A40452DD04FF0000994F87E
:10320000380000F00300012805D094F8380000F0E1
:103210000300022801D1D4F824904046DDF7FAF8E3
:1032200000F1010A504602F027F8074600BF1FB917
:1032300000BF00BF00BFFEE700BF07B9BCE74146C3
:103240003846DDF7C3F86762B9F1000F02D048468F
:1032500002F0E0F800BF022E38D1002741F25942B7
:103260003946284605F0ACFD02900298814600BF21
:1032700041F25A423946284605F0A2FD02900298D2
:1032800000B2824600BF41F25B423946284605F053
:1032900097FD0290029800B28346002041F6FF712C
:1032A00053464A46CDE900B10290414603A80CF0CE
:1032B000ADF8BDF80C10049861F394200490BDF8AB
:1032C0000E10049861F35F50049000BF2C34207BF3
:1032D00066F3010020730498C0F38A2020800498CC
:1032E000400D6080217B049860F38601217304996E
:1032F000C1F38A2000EBD0714910E1802C3C049985
:10330000480D00EBD0714910A186284607F025F939
:10331000208E18B9E08EB0F5807F02D0284607F0E5
:10332000EDF8284606F06DFB00BF45E70146032097
:1033300001B970470A461378202B04DB13787F2BE2
:1033400001DC012005E01378802B01DB022000E086
:103350000020032801D100BF00BF00BFE9E710B57E
:1033600004462021204602F06CFA002020700A203A
:10337000207660764FF4C870A0836420E08332200A
:10338000E0760320A07610BD70B50546286910B917
:10339000FAF73AF92861286918B900BF00BF002080
:1033A00070BD1048E1F7ECFE044644B900BF1CB9FB
:1033B00000BF00BF00BFFEE700BF0020F0E75821BC
:1033C000204602F03EFA2560607920F00200801C61
:1033D00060712246042104480BF08CFC216848618E
:1033E0002046DDE778D60524CD34029001480068F8
:1033F000704700004C01002410B504461CB9044875
:10340000E1F78BFE10BD21460148E1F79EFEF9E78A
:1034100078D6052401480068704700005001002458
:1034200018B900220A804A80704702681278012A7F
:1034300008D002681278032A04D04FF0FF320A80C5
:103440004A8003E002890A8042894A8000BFEBE794
:10345000014609B90020704708680078012805D0A6
:1034600008680078032801D00020F4E791F84000B4
:1034700000F00F00EFE7014609B900207047086827
:103480000078012805D008680078032801D00020C2
:10349000F4E7C86AF2E7014609B9002070470868F6
:1034A0000078FBE700220A804A8000B97047026872
:1034B0001278012A03D002681278032A03D1828A83
:1034C0000A80C28A4A8000BFF0E700007FB5044648
:1034D0004149E0680860084600680068006900B972
:1034E0007FBD3D480068F1F737FF3B4800684079F1
:1034F000C0F3800000B1F3E700BF694636480068BA
:10350000E1F792FB9DF80F5033480068F1F724FF74
:103510000020324908609DF80E002F4909680871A3
:103520002D4800680079012808D10BF084FB2A4956
:10353000096809680969C1F8540110E02648006863
:103540000068007804280AD1BDF80C0038B10BF0EF
:1035500072FB2149096809680969C1F854011E48CC
:10356000006800680078012805D169461A4800689B
:10357000F1F7BAFC22E018480068006800780228D9
:1035800005D1694614480068F1F764FB16E012485B
:10359000006800680078042805D169460E48006874
:1035A000F1F796F80AE00C480068006800780328F4
:1035B00004D1694608480068F0F7B6FF064800687D
:1035C000F1F7CAFE002D98D1002003490860034995
:1035D000086000BF84E700004C0100245001002473
:1035E00070B504460D4634B3607920F00200801CAB
:1035F000607128480068A04202D100202649086076
:1036000020680078012803D020680078022840D183
:1036100015B1206BA84201D10021216315B1606A68
:10362000A84201D10021616215B1A06AA84230D13F
:103630000021A1622DE00020FFF7DEFE064622E019
:10364000707920F00200801C7071306800780128C9
:1036500003D030680078022811D115B1306BA84230
:1036600001D10021316315B1706AA84201D1002156
:10367000716215B1B06AA84201D10021B162304631
:10368000FFF7BAFE0646002EDAD100200249086094
:1036900000BF70BD4C0100245001002410B5044649
:1036A000607920F0010161710BF0C5FAA0640BF0A4
:1036B000C2FA606410BD70B502460C460AB900201B
:1036C00070BD032C04D00C2C05D1B2F9221004E0FB
:1036D000B2F9201001E00020F2E700BF1068457E3B
:1036E000002308E0581803B2C5F16400484364267B
:1036F00090FBF6F001B20029F4D11846E0E72DE97D
:10370000F0470446884600260121204605F0DCFDEE
:1037100010B10020BDE8F0874146204605F0F3FDDA
:1037200007460022414604F11400E0F76AFB28B97D
:103730004FF40021204605F0C7FDB0B1204603F04C
:10374000D4FE8146A9F101050CE0A068006850F89C
:1037500025A041465046FFF7D2FF06460EB130463F
:10376000D8E76D1E002DF0DA00BF0FB12046D1E77B
:103770000020CFE700B97047417921F008010831F6
:10378000417100BFF7E70000F8B52548007810B197
:1037900000BF00BFF8BD00BF00BF01F04FFEE2F761
:1037A00005F8E0F7FDFCE0F7FBF9E0F701FDFAF7BB
:1037B00097FAE1F765FE4FF4AC711A48E1F7D8FCCF
:1037C00058211948E1F7D4FCE1F7E6FFE1F7FCF9ED
:1037D00016A52C462078C32804D16078812801D111
:1037E000A07808B100BF00BF114800906E46307845
:1037F000112801D1012000E00020074627B100BFB9
:1038000000BF00BF00BFFEE700BF00BFFDF7D6FD51
:1038100001200349087000BF00BF00BFBAE70000E5
:10382000580100246CD6052478D60524C3810000F5
:103830004433221170B506460C460421204603F09D
:1038400007F925460020A86385F83C0085F83D006F
:1038500000231A460521204602F08CFC00231C227E
:103860000649204602F090FB00221146204607F050
:1038700044FC204600F07CF970BD000081380290C5
:103880002DE9F04782465046FDF7AFFB074600BFE3
:1038900000BF3C463846F7F71DFF06464FF6FF715E
:1038A0008E4201D1BDE8F0873846F7F713FF804616
:1038B00041463846F7F7DEFE054605B9F2E77FA137
:1038C0002846DCF76DFE68B9002084F83C007C488F
:1038D00001683846F7F76AFF7A4801683846F7F713
:1038E00054FFDFE778A12846DCF75AFE68B90120CB
:1038F00084F83C00724841683846F7F757FF714832
:1039000041683846F7F741FFCCE770A12846DCF75D
:1039100047FE68B9022084F83C006948816838464F
:10392000F7F744FF674881683846F7F72EFFB9E795
:1039300067A12846DCF734FE20B166A12846DCF7F3
:103940002FFEB0B9002220213846FDF755FB8046F6
:10395000B8F1010F00D0A5E7A06B48B100222021EB
:10396000A06BFDF749FB8046B8F1010F00D099E745
:1039700098E759A12846DCF713FEB0B900221F21B1
:103980003846FDF739FB8046B8F1010F00D089E7D2
:10399000A06B48B100221F21A06BFDF72DFB8046D4
:1039A000B8F1010F00D07DE77CE700BFA06B00B944
:1039B00078E74AA12846DCF7F3FD20B149A1284663
:1039C000DCF7EEFD98B90A21A06B0AF02DFBA06B85
:1039D0000AF0C8FE00286ED000221F21A06BFDF760
:1039E0000BFB8046B8F1010F00D05BE763E03EA11E
:1039F0002846DCF7D5FD18B9A06B0AF042FD5AE065
:103A00003AA12846DCF7CCFD18B9A06B0AF048FDB6
:103A100051E037A12846DCF7C3FD18B9A06B0AF0C6
:103A200085FD48E033A12846DCF7BAFD80BBA06BDA
:103A30000AF08CFE1FFA80F8A06B0AF09CFE81460B
:103A400099F800002D280FD10121A06B0AF0B0FEDB
:103A5000A06B0AF06BFD2B21A06B0AF0E5FA414642
:103A6000A06B0AF0A5FE21E099F800002B2810D1E8
:103A70000121A06B0AF09CFEA06B0AF057FD2D21DE
:103A8000A06B0AF0D1FA4146A06B0AF091FE0DE05E
:103A90000DE00021A06B0AF08BFE2D21A06B0AF037
:103AA000C3FA08F10101A06B0AF082FE03E0294687
:103AB000A06B0AF06BFB00BFF4E6000061626300DC
:103AC000E0010024040200244142430031230000AD
:103AD000EF808D00EF849C00EF808C00456E746554
:103AE00072000000EFA2A200EF819300EF8194002A
:103AF000EF959A002B2F2D002DE9F0410446264624
:103B000096F83D0000F0010040B196F83C00174ADD
:103B100052F820102046F7F738FE24E02746398E69
:103B2000480001F0A9FB0546388E420096F83C009B
:103B30000E4B53F82010284601F0F5FC002007E05A
:103B400035F8101021F4007125F81010411C88B2CE
:103B5000398E8142F4DC29462046F7F716FE2846C6
:103B600001F058FC00BFBDE8F08100000402002411
:103B700070B50446254695F83C00054A52F82010D9
:103B80002046F7F713FE2046FFF7B6FF70BD000092
:103B9000E001002470B506460C46254600202C3571
:103BA00045F8080C287F20F008002877287F20F0AF
:103BB000100028774FF0FF302860287F20F00700A2
:103BC0002877002028832C3D002146204153481EA1
:103BD0002863A9636963000CE86328640020A86275
:103BE00095F8480020F0400085F848000221204662
:103BF00002F02EFF0021204600F0D0FF02A1204657
:103C000001F00EF870BD00005465787400000000EB
:103C100070B5044600BF00BF2146044802F069FEAB
:103C20000546284602F0DAFE284670BD60A80490DA
:103C300070B506460C462546204600F00BF895F870
:103C40004800C0F3C00010B9686A01F0E3FB00202F
:103C5000686270BD70B505462C4694F84800C0F304
:103C6000801020B1A06A10B1A06A01F0D3FB94F8D3
:103C7000480020F0400084F848000020A06270BD99
:103C80002DE9F04F87B0894649464F4803F0EAFBDB
:103C90008246BAF1010F02D007B0BDE8F08F484666
:103CA000FDF742F905464846FDF79FF906462A2DDD
:103CB00006D1304600F006FF304600F02DFC81E0D2
:103CC000132D11D10021304605F053F980464046AE
:103CD000FDF786FC04462746E01704EB9070811040
:103CE0004846FDF7BFF96DE0292D06D1304600F0BA
:103CF000E9FE304600F010FC64E02C2D5DD1374623
:103D00000021304605F035F905900021304605F0D8
:103D10006DF904900021304605F09CF903904FF0B6
:103D2000000897F84800C0F3001008B148F00108F7
:103D300097F84800C0F3401008B148F00208304638
:103D400003F055FC83460021304605F039FA42F273
:103D5000D171884206D1708CC0F3802010B941F631
:103D6000FF7B03E0304603F042FC83460398CDE935
:103D700001B80090796A06A8DDE904320BF046FB31
:103D80004846FDF72FF90446B4F90000BDF91810B4
:103D9000884202DDB4F9000001E0BDF9180020807E
:103DA000B4F90200BDF91A10884202DDB4F902002C
:103DB00001E0BDF91A00608004E0152D02D14846EB
:103DC000E8F707FF00BF67E760A8049001460A46CE
:103DD00092F84800C0F3801008B1906A704702F171
:103DE0002800FBE72DE9F04F93B006468B4600BF55
:103DF00000BF00BFBBF1000F03D100BF00BF00BF79
:103E0000FEE700BF37460020039041F6120230461D
:103E1000039904F0D5FF02900298BBF80010081A2D
:103E200000B2ADF848000020039041F61002304681
:103E3000039904F0C5FF02900298BBF80210081A1B
:103E400000B2ADF84A0010A9304603F07BFB3046C3
:103E500000F000FA81460025002410A8F6F793FD33
:103E60000F900021304605F084F80E900021304676
:103E700005F0F0F80D900021304605F0B7F80C90F1
:103E80000E98FDF7ADFB0B9000200A9080463E4651
:103E900097F84800C0F3001008B148F0010897F8FF
:103EA0004800C0F3401008B148F002080021304635
:103EB00005F086F942F2D171884205D1708CC0F3C9
:103EC000802008B948F00408002130467A6A02F0E0
:103ED000E1FC079028E00020CDE9000809EB05008F
:103EE000DDE90E130C9AE1F7AFFC0444BDF94A205A
:103EF000DDE90A01084482420EDC039403A9484626
:103F0000504A12689047029002980A2803D019F884
:103F1000040000B9641C0BE00D990B9801440A9849
:103F2000084400B20A90254619F805000028D2D1AD
:103F300000BF09EB050008904FF0000A079802281F
:103F400019D1611BCDF800800C9B0E9A08980BF0DC
:103F5000CFFA039010A8F6F716FD019000EBD07091
:103F600041100398029000EBD070A1EB6000504428
:103F70000FFA80FA14E00798032811D1611BCDF8DD
:103F800000800C9B0E9A08980BF0B2FA039010A8D0
:103F9000F6F7F9FC0399401A50440FFA80FA00BF73
:103FA00000200690059005980490D4B334E005AB4A
:103FB00002AA03A90898E1F72BFC08F0010038B128
:103FC000059A0898815C06A8E1F704FD00B123E09A
:103FD000DDE902210E98FDF7E4FA00B20190BDF987
:103FE000481001985044814208DB05982844A042BB
:103FF00004D00498284419F8000010B904980590DA
:104000000EE0019850440FFA80FA0C9850440FFAD1
:1040100080FA0598049000BF05982844A042C6D3B2
:1040200000BF094A059908981268904709902946E7
:104030004846054A1268904701460998084413B05B
:10404000BDE8F08F040300240C0300242DE9F74F92
:104050008EB0164600BF00BF00BF1EB900BF00BF34
:1040600000BFFEE700BF0E980D900E9800F0F2F82A
:104070000446224600210E9802F00CFC834620786C
:1040800000BB00207080BBF1010F06D0BBF1020F16
:104090000BD0BBF1030F11D102E0002030800DE006
:1040A0000E9803F0A4FA308008E00E9803F09FFA0F
:1040B000029000EBD0704010308000BF00BF11B004
:1040C000BDE8F08F0BA90E9803F03CFA4FF0000901
:1040D00000270BA8F6F757FC0A9000210E9804F071
:1040E00048FF099000210E9804F0B4FF08900021C9
:1040F0000E9804F07BFF07900998FDF771FA06907F
:104100000020059080460D9890F84800C0F30010FC
:1041100008B148F001080D9890F84800C0F340102D
:1041200008B148F0020800210E9805F049F842F263
:10413000D171884206D10E98408CC0F3802008B916
:1041400048F004082046424A0F99126890470546F5
:1041500017E00020CDE9000804EB0900DDE90913B0
:10416000079AE1F771FB0744BD4201D3E05D00B956
:104170000AE00899069801440598084400B20590A1
:10418000B946E05D0028E4D100BF8DB1681E205C17
:104190000A2803D0681E205C0D2809D1605D38B95B
:1041A0000899069801440598084400B20590A9466C
:1041B00004EB09000490A5EB09000390CDF8008002
:1041C000079B099ADDE903100BF092F982460F98DC
:1041D000484503D0079850440FFA80FABBF1020F0C
:1041E0001AD1A7EB0901CDF80080079B099A049822
:1041F0000BF07EF902900BA8F6F7C5FB009000EBE0
:10420000D07041100298019000EBD070A1EB6000DB
:1042100050440FFA80FA15E0BBF1030F12D1A7EB5F
:104220000901CDF80080079B099A04980BF060F90A
:1042300002900BA8F6F7A7FB0299401A50440FFA18
:1042400080FA00BFA6F800A00598708000BF36E78E
:1042500008030024014600BF00BF0A46506A7047A9
:10426000014600BF00BF0A46106C7047014600BF00
:1042700000BF0A46D06B70472DE9F04705460F4650
:10428000164600BF00BF00BF1EB900BF00BF00BF81
:10429000FEE700BF2C4694F84800C0F3C00008B108
:1042A000BDE8F087284605F0ACFB606ADCF7B2F8A1
:1042B00080463046DCF7AEF8814609EB080A0AF181
:1042C0000101606A01F0FAF8606200BF606A18B923
:1042D00000BF00BF00BFFEE700BF606A00B9DFE7B4
:1042E0004FF6FF70874204D10749606A0968884722
:1042F000074632463946606AE1F73CFB0021284612
:1043000000F08EFC00BFCBE7100300242DE9F04F36
:1043100093B08346894600BF00BF00BFB9F1000FCC
:1043200003D100BF00BF00BFFEE700BF11A9584680
:1043300003F008F95846FFF78DFF0646CDF840B068
:104340000024002711A8F6F71EFB0F900021584605
:1043500004F00FFE0E900021584604F07BFE0D90F5
:104360000021584604F042FE82460E98FDF738F9C7
:104370000C90DDF840B000215846DBF8242002F014
:1043800089FA0B9000200A900025DDF840B09BF8D8
:104390004800C0F3001008B145F00105109890F8EE
:1043A0004800C0F3401008B145F00205002158460E
:1043B00004F006FF42F2D171884206D1BBF8220018
:1043C000C0F3802008B945F0040519E00020CDE9CC
:1043D000000530195246DDE90E13E1F735FA0744BE
:1043E000B9F902200C990A980844824200DC0AE0DC
:1043F000DDE90C0101440A98084400B20A903C46E9
:10440000305D0028E2D100BF4FF000080020099085
:104410000B98022818D1391B3019534600950E9A73
:104420000BF066F8029011A8F6F7ADFA009000EBD9
:10443000D07041100298019000EBD070A1EB6000A9
:1044400040440FFA80F813E00B98032810D1391B71
:104450003019534600950E9A0BF04AF8029011A8B5
:10446000F6F791FA0299401A40440FFA80F800BF1B
:10447000002008900794079806900020059004906B
:104480006FB327E007AB04AA05A93046E1F7C0F9EE
:1044900005F0010030B10798315C08A8E1F79AFAFD
:1044A00000B117E0CDF82480DDE904210E98FDF776
:1044B00078F840440FFA80F8B9F90000404502DA74
:1044C000069807900AE008EB0A000FFA80F80798B0
:1044D000069000BF781E07998842D3D200BFDDE95D
:1044E00004210E98FDF75DF85044401C0390B9F983
:1044F00000100998A0EB0A0081420ADBB9F90020FC
:10450000039909980844824203DC012013B0BDE8F6
:10451000F08F0020FAE700002DE9F04F99B0064631
:104520003446606A10B919B0BDE8F08F4FF0FF3023
:10453000206317A9304603F005F817A8F6F723FA09
:1045400016900021304604F014FD159000213046ED
:1045500004F080FD80460021304604F047FD81468E
:10456000002794F84800C0F3001008B147F0010795
:1045700094F84800C0F3401008B147F0020700214A
:10458000304604F01DFE42F2D171884205D1708C94
:10459000C0F3802008B947F004071698CDE90080E1
:1045A00002974B46616A14A8159A0AF02FFF30460D
:1045B00005F0D3FF94F8480000F0070002287CD1F2
:1045C0000021304603F00BFF80B21390139850B9CE
:1045D000304603F037F80546F9F71CF8032190FB45
:1045E000F1F080B2139003A8F5F760FA314603A802
:1045F000F5F711FB4FF6FF7103A8F5F7ECFA4FF44E
:1046000096700F9000BF0F98119000BF002002908D
:1046100017A8F6F7B8F9BDF95010884253DA17A871
:10462000F6F7B1F9BDF95010A0EB010B5A46002185
:1046300003A8F5F7E6FAFE4903A8F5F7BEFAFC4928
:1046400003A8F5F7BAFAFA493046F5F713FA054622
:104650004FF0000A0020019035B1D5F82CA095F854
:104660003E00C0F3400001900D98504515DDCDF897
:1046700038A09DF84A0020F001008DF84A0001980A
:1046800058B19DF84A1021F00201891C8DF84A109A
:104690000A980C990A910C9000BF0C9A0A991398E9
:1046A000F5F7BDFA8346594603A8F5F79AFA03A829
:1046B0000D99F5F78AFA03A800E06FE0F5F7C0FA64
:1046C0000120029006E0DA493046F5F7A7F900200C
:1046D000A4F8440017A8F6F7CEF8BDF952108842A6
:1046E00054DA0298002851D117A8F6F7C4F8BDF99A
:1046F0005210A0EB010B1598FCF772FFABEB00001A
:1047000002460021009003A8F5F77BFAC94903A8E7
:10471000F5F753FAC7493046F5F7ACF905464FF0BF
:10472000000A0020019035B1D5F82CA095F83E0084
:10473000C0F3400001900D98504515DDCDF838A02C
:104740009DF84A0020F001008DF84A00019858B108
:104750009DF84A1021F00201891C8DF84A100A9830
:104760000C990A910C9000BF0C9A0A991398F5F7CE
:1047700056FA8346594603A8F5F733FA03A80D996C
:10478000F5F723FA03A8F5F75BFA06E0A9493046E6
:10479000F5F744F90021462001538AE194F84800D6
:1047A00000F0070003287DD10021304603F017FEFA
:1047B00085B24DB9304602F045FF8246F8F72AFF30
:1047C000032190FBF1F085B204A8F5F76FF93146AB
:1047D00004A8F5F720FA4FF6FF7104A8F5F7FBF9E6
:1047E0000020039017A8F6F7CEF8BDF950108842C4
:1047F0003CDA202211461598FCF7D3FE00EB40006E
:10480000BDF950104942081A02460021029004A83E
:10481000F5F7F7F9864904A8F5F7CFF928460D9A78
:104820000B99F5F7FCF90146029004A8F5F7D9F9C0
:104830007F493046F5F71EF98246BAF1000F02D0E3
:10484000DAF82C0000E0002083460E98584507DD7A
:10485000CDF83CB09DF84E0020F001008DF84E00E0
:1048600004A8F5F7EDF90120039006E07049304601
:10487000F5F7D4F80020A4F8440017A8F5F7FBFFDB
:10488000BDF9521088423BDA0398C0BB1598FCF77B
:10489000A7FEBDF952104942081A024600210290B3
:1048A00004A800E034E0F5F7ACF9624904A8F5F794
:1048B00084F928460D9A0B99F5F7B1F90146029053
:1048C00004A8F5F78EF95B493046F5F7D3F8824630
:1048D000BAF1000F02D0DAF82C0000E00020834685
:1048E0000E98584507DDCDF83CB09DF84E0020F0FD
:1048F00001008DF84E0004A8F5F7A2F907E0FFE7E4
:104900004C493046F5F78AF8002146200153D0E0A3
:1049100094F8480000F00700012875D117A8F5F7B2
:10492000AAFFBDF95210884203DB4FF0FF30E0626E
:10493000BFE01598FCF754FEBDF95210884203DB26
:104940004FF0FF30E062B4E03B49606A0968884795
:10495000032803D84FF0FF30E062AAE017A8F6F76B
:1049600012F883462E2211461598FCF71AFE484489
:1049700000EB4000ABEB000000B2ADF84C0017A814
:10498000F5F779FFADF84E001598FCF729FE404485
:10499000BDF94E1091FBF0F200FB12101290159829
:1049A000FCF71EFE1299884210DCBDF84E101298DA
:1049B000081A00B2ADF84E001598FCF711FEBDF8CC
:1049C0004E10084400B2ADF84E000DE0BDF84E1098
:1049D0001298081A00B2ADF84E00BDF84E00A0EBD8
:1049E000080000B2ADF84E0013A93046FFF7FAF9FF
:1049F0001190606ADBF70EFD1090606A0F4A119902
:104A0000126890470F9008E052E00FA90C4A606AC4
:104A1000126890471198401E11900F98C01C109971
:104A20008842F2D8DDF83CA000200E90002521E05D
:104A3000AD200390C320039010030024080300243A
:104A400004030024616A0F9A88181C490968884782
:104A50000E990844C0B20E900FA9194A606A1268F4
:104A600090470E98032803DCDDE90F10814200D93E
:104A700002E06D1C032DE5D900BF606A00EB0A015E
:104A800030460E9A00F056F888B1002505E02E2039
:104A90000AEB0502616A88546D1C032DF7D30021CF
:104AA0000AF10300626A11541198C01CE06200E030
:104AB00000BF304604F0A5FF00BF34E5F402002437
:104AC000000300242DE9F0478046444694F848004E
:104AD00000F00700012801D0BDE8F087E06A401C23
:104AE00000B9F9E7E06AA0F103094946104A606A93
:104AF00012689047064600254046FFF767F90746CB
:104B000005E0785D7219616A8854681CC5B2711934
:104B1000606A405C0028F4D1785D7219616A88543B
:104B20004046FFF797F84FF0FF30E06200BFD3E751
:104B3000080300242DE9F04106460F461546344689
:104B40003046FFF787F8042D1AD9681C00F094FB53
:104B5000A062A06A20B900BF00BF0020BDE8F081BC
:104B60002A463946A06A00F0DEFC0020A16A4855BA
:104B700094F8480020F04000403084F848000BE0F2
:104B800094F8480020F0400084F848002A4639464E
:104B900004F1280000F0C7FC0120DFE770B50646ED
:104BA0000D4600BF00BF34461B493046F4F736FFC0
:104BB0001A493046F4F732FF0020A4F844000021DF
:104BC00046200153022D03D0032D01D0042D07D11F
:104BD00094F8480020F02000203084F8480005E0D8
:104BE00094F8480020F0200084F8480094F8480029
:104BF00000F00700012805D1E06A401C10B13046E2
:104C0000FFF760FF94F8480065F3020084F848005D
:104C10003046FFF781FC70BDAD200390C3200390A8
:104C20002DE9F04106460D4600BF00BF3446304630
:104C300004F0E7FE05B9656A606AA84219D194F8E4
:104C40004800C0F3C000A0B9606ADBF7E3FB471C73
:104C50003946606A00F032FC606200BF606A18B9D1
:104C600000BF00BF00BFFEE700BF606A58BBBDE8E1
:104C7000F081606A48B194F84800C0F3C00020B9E0
:104C8000606A00F0C7FB002060622846DBF7C2FBC9
:104C9000471C384600F0F0FA606200BF606A18B93D
:104CA00000BF00BF00BFFEE700BF606A00B9DEE7DB
:104CB0002946606ADBF78AFB94F8480020F0080078
:104CC00084F8480000BF3046FFF726FC00BFCEE75F
:104CD0000FB438B5054600BF00BF00BF059818B92E
:104CE00000BF00BF00BFFEE700BF284604F089FEFA
:104CF0002C46059828B92846FFF70EFC38BC5DF80D
:104D000014FB606A48B194F84800C0F3C00020B9B1
:104D1000606A00F07FFB0020606206A800900099A6
:104D20000598E0F77BFE60620020009094F8480050
:104D300020F0080084F848002846FFF7EDFB00BF8C
:104D4000DCE770B504460D4600BF00BF264635645B
:104D5000204604F056FE70BD70B504460D4600BFF7
:104D600000BF2646F563204604F04BFE70BD70B5CB
:104D700005460E4600BF00BF2C4694F84800C0F31D
:104D8000C00030B9606A20B1606A00F043FB0020C7
:104D900060623EB194F8480020F00800083084F8C2
:104DA000480066622846FFF7B7FB70BD70B5044641
:104DB0000D4614480068401C124908600846006807
:104DC000C1001148006800F079FB0F49086000BF7E
:104DD0000846006818B900BF00BF00BFFEE700BF6B
:104DE00008480068401E0849096841F830400548F5
:104DF0000068401E0449096801EBC0004560014895
:104E0000006870BD60010024C0020024F8B50646A9
:104E10000C462546204609F0E1FE0090BDF8000052
:104E2000A884FF2085F82600F8BD00002DE9F04F8A
:104E3000A3B0824688464046FCF776F80746152F11
:104E40000BD0162F09D04146814802F00BFB0646D5
:104E5000012E02D023B0BDE8F08F4046FCF7C5F824
:104E60000446152F7ED1254615A8FAF7FBFA15AA98
:104E70000021204604F016FCBDF85A000090F7F718
:104E80007CFC8346F7F750FC029035F8240F5A4615
:104E900000900299F7F76AFE0190BDF80400ADF8A2
:104EA0005A00BDF85E000090F7F767FC8346F7F7FD
:104EB0003BFC029028885A4600900299F7F756FE6C
:104EC000019015A8BDF80410ADF85E102098F7F712
:104ED00054FC8346F7F728FC029028885A46009035
:104EE0000299F7F743FE0190BDF80400ADF8800089
:104EF000BDF872000090F7F740FC8346F7F714FC0A
:104F0000029028885A4600900299F7F72FFE0190E8
:104F1000BDF80400ADF872001E98F7F72EFC83462A
:104F2000F7F702FC029028885A4600900299F7F79A
:104F30001DFE0190BDF80400ADF87800F7F7F4FB12
:104F40000290AA78BDF85A0000900299F7F70EFE79
:104F50000190BDF80400ADF85A00F7F7E5FB0290A8
:104F6000AA7800E071E0BDF85E0000900299F7F7C2
:104F7000FDFD019015A8BDF80410ADF85E10F7F71F
:104F8000D3FB0290AA78BDF8720000900299F7F75F
:104F9000EDFD0190BDF80400ADF87200F7F7C4FB19
:104FA0000290AA7801462098F7F7E0FD0190BDF83D
:104FB0000400ADF88000F7F7B7FB0290AA7801462D
:104FC0001E98F7F7D3FD0190BDF80400ADF8780006
:104FD000A8785038BDF8821010FB01F0AF2190FB8B
:104FE000F1F000B2ADF88200A878243D5038BDF849
:104FF000881010FB01F0AF2190FBF1F000B2ADF88A
:1050000088004046FBF798FF8146494603A802F016
:1050100003F804F1140006900D4804900020059058
:1050200015A807900020109003AA1A212046FBF72C
:10503000E3FF04F1140215A94846FAF7F7F903AAA9
:105040001B212046FBF7D8FF00BF00BF02E700008E
:10505000BCBF039070B506460C4625460020288547
:10506000686285F82A000221204601F0F1FC70BD3B
:105070002DE9F34F89B072480A9902F0F3F90890CC
:105080000898012802D00BB0BDE8F08F0A98FBF712
:105090004BFF80460A98FBF7A8FF0646B8F1130FAE
:1050A0000ED10021304603F017FB04460A98FBF7A7
:1050B00099FF0546B5F90000A04200DA2C80BDE05A
:1050C000B8F12C0F3ED134460A98FBF78BFF83468C
:1050D0004FF00009CA46208D002832DD00251BE074
:1050E000606A30F92500484503DD606A30F9250023
:1050F00000E048468146606A00EB8500B0F9020096
:10510000504505DD606A00EB8500B0F9020000E063
:1051100050468246681C85B2208DA842E0DC002102
:10512000304603F0D9FA074609EB07000FFA80F979
:105130000AEB07000FFA80FAABF80090ABF802A078
:1051400000BF7BE0B8F1150F78D134460A98FBF721
:10515000F3FE8346208D08B1606A00B993E706A983
:10516000304602F063FA304602F0B0FCBDF8181089
:10517000081A0FFA80F9304602F0B2FCBDF81A1096
:10518000081A07B2304602F0A7FA824601A8F9F7DA
:10519000A9F901AA0021304604F010FA002548E0E0
:1051A000606A30F82500484400B2ADF81400681C6D
:1051B000616A31F82000484400B2ADF8100094F85C
:1051C0002A0000F0010088B9606A00EB8500408881
:1051D000384400B2ADF81600681C616A01EB80002B
:1051E0004088384400B2ADF8120014E0606A00EB69
:1051F00085004088AAEB0000384400B2ADF81600E4
:10520000681C616A01EB80004088AAEB000038440A
:1052100000B2ADF8120004AB05AA01A95846F9F78F
:105220004AF99DF80D0020F004008DF80D00681C6F
:1052300085B2208D401EA842B2DC00BF00BF22E72D
:105240007CA8049010B5FBF725FFFBF7B9FF10BD54
:10525000F0B50446059D944201DB2846F0BD8C4222
:1052600001DC1846FAE7571AEE1A601A704390FBF1
:10527000F7F01844F2E7000030B587B0044614B9DF
:10528000094807B030BD21460848006809F005FF0D
:1052900005463DB900BF00BF684600F0DDF800BF1D
:1052A00000BF00BF2846ECE7D8020024D402002447
:1052B00010B5002415E00C4850F8340078B10A49C4
:1052C00051F8340000F0A6F80020074941F83400F6
:1052D00001EBC4018871044901EBC4018880601CA2
:1052E000C4B2102CE7DB10BDECD605242DE9F0414B
:1052F000054615B90020BDE8F0814FF0FF360021CA
:105300002CE0374800EBC100807900F0010018BBA9
:10531000334800EBC1008088A8421DD3304800EB21
:10532000C1008088A84208D101202D4A02EBC102A9
:1053300090712B4850F83100DDE7002E01DA4EB2B3
:105340000AE0274800EBC1008088254A02EBC6022C
:105350009288904200DA4EB2481CC1B21029D0DBCC
:10536000002E08DB01201E4901EBC60188711C4894
:1053700050F83600BFE7002428E0194800EBC400CD
:10538000807900F00100F8B9154951F83400294638
:1053900000F094F8074600BF1FB900BF00BF00BF70
:1053A000FEE700BF0FB90020A5E701200C4901EB83
:1053B000C40188710A4901EBC4018D80084840F896
:1053C000347050F8340096E7601CC4B2102CD4DB63
:1053D00000BF00BF00BF00BF00BF00BFFEE700006E
:1053E000ECD60524014600200CE0094A52F8302092
:1053F0008A4205D10022064B03EBC0039A71704725
:10540000421CD0B21028F0DB00BF00BF00BFF6E79F
:10541000ECD6052410B504460648844200D110BDE0
:1054200004B9FCE721460448006809F008FE00BF03
:10543000F5E70000D8020024D402002410B54FF490
:10544000C831034809F0E4FD0249086010BD0000BE
:105450005CD80524D402002470B504461C22002127
:10546000204600F0B4F91348006809F010FE054624
:105470002246114909F098FE4FF4C830206064219B
:10548000A06848432168B0FBF1F0C0F164002076C9
:10549000A06858B16421E0684843A168B0FBF1F00E
:1054A0006076607EC0F16400607601E00020607686
:1054B00070BD0000D40200240155029070B505466D
:1054C0000C4624B92846FFF7A5FF0B4870BD0A48D3
:1054D000854203D12046FFF7CFFEF7E72246294653
:1054E0000648006809F0F1FD06461EB900BF00BF7E
:1054F0000020EBE73046E9E7D8020024D40200247C
:1055000030B5044618461AB105696D1C056109E0FD
:1055100045686D1C456085680D448560C5688D4291
:1055200000D2C16030BD2DE9F0410F46154601465D
:105530003A4601F0030602F0030CB4457DD0C2E008
:1055400092F8008081F80080491C521C92F800807B
:1055500081F80080491C521C92F8008081F800807C
:10556000491C521C92F8008081F80080491C521C92
:1055700092F8008081F80080491C521C92F800804B
:1055800081F80080491C521C92F8008081F800804C
:10559000491C521C92F8008081F80080491C521C62
:1055A00092F8008081F80080491C521C92F800801B
:1055B00081F80080491C521C92F8008081F800801C
:1055C000491C521C92F8008081F80080491C521C32
:1055D00092F8008081F80080491C521C92F80080EB
:1055E00081F80080491C521C92F8008081F80080EC
:1055F000491C521C92F8008081F80080491C521C02
:1056000092F8008081F80080491C521C92F80080BA
:1056100081F80080491C521C92F8008081F80080BB
:10562000491C521C92F8008081F80080491C521CD1
:1056300092F8008081F8008000E053E0491C521C81
:1056400092F8008081F80080491C521C92F800807A
:1056500081F80080491C521C92F8008081F800807B
:10566000491C521C92F8008081F80080491C521C91
:1056700092F8008081F80080491C521C92F800804A
:1056800081F80080491C521C92F8008081F800804B
:10569000491C521C92F8008081F80080491C521C61
:1056A00092F8008081F80080491C521C92F800801A
:1056B00081F80080491C521C92F8008081F800801B
:1056C000491C521C203D202D3FF63AAF06E092F8CF
:1056D000008081F80080491C521C6D1E002DF6D1FF
:1056E000BDE8F0816EB1C6F1040607E092F80080D3
:1056F00081F80080491C521C761E6D1E0EB1002DD3
:10570000F4D10B46144630E0D4F80080C3F8008092
:105710001B1D241DD4F80080C3F800801B1D241D10
:10572000D4F80080C3F800801B1D241DD4F800802D
:10573000C3F800801B1D241DD4F80080C3F800802E
:105740001B1D241DD4F80080C3F800801B1D241DE0
:10575000D4F80080C3F800801B1D241DD4F80080FD
:10576000C3F800801B1D241D203D202DCCD806E051
:10577000D4F80080C3F800801B1D241D2D1F042DAC
:10578000F6D81946224606E092F8008081F800809B
:10579000491C521C6D1E002DF6D100BFA0E730B58C
:1057A00004460B4604E01D782570641C5B1C521EE9
:1057B000002AF8D130BD30B504460B4604E01D7810
:1057C0002570641C5B1C521E002AF8D130BDF0B558
:1057D00006460B46344604F003054DB1C5F10405F9
:1057E00003E02370641C521E6D1E0DB1002AF8D117
:1057F00003EB032707EB034707EB0361204610E0A9
:105800000160001D0160001D0160001D0160001DA0
:105810000160001D0160001D0160001D0160001D90
:10582000203A202AECD802E00160001D121F042A51
:10583000FAD8044602E02370641C521E002AFAD1F2
:10584000F0BD30B50446224602F0030353B1C3F164
:10585000040304E000251570521C491E5B1E0BB1A9
:105860000029F7D1104611E000250560001D0560F4
:10587000001D0560001D0560001D0560001D056020
:10588000001D0560001D0560001D20392029EBD892
:1058900003E000250560001D091F0429F9D8024610
:1058A00003E000251570521C491E0029F9D130BDB6
:1058B00030B50446224602F0030353B1C3F104039A
:1058C00004E0FF251570521C491E5B1E0BB1002918
:1058D000F7D1104612E04FF0FF350560001D05605E
:1058E000001D0560001D0560001D0560001D0560B0
:1058F000001D0560001D0560001D20392029EAD823
:1059000004E04FF0FF350560001D091F0429F8D899
:10591000024603E0FF251570521C491E0029F9D1EB
:1059200030BD024600BF00BF906C884201D101200B
:105930007047506B884205D192F86100012801DC64
:105940000120F5E70020F3E72DE9F04780464046C7
:10595000FBF7EAFA8146B9F1070F40D14046FBF761
:1059600044FB06464046FBF743FB0446606BB042EF
:1059700004D0A06CB04201D0BDE8F08794F860007C
:1059800084F8610031462046FFF7CBFF00B1F3E712
:1059900004F154073846DFF7C0FB824651463846CB
:1059A000DFF7D3FB0546CDB151463846DFF734FC6F
:1059B0005046FFF72FFD14F8600F401E2070294657
:1059C0003846DFF729FC2078401E04F8600920469D
:1059D000296800F06CF92846FFF71CFD00BF00BFE6
:1059E000CAE770B5044600BF00BF25462C4605F146
:1059F00054063046DFF779FB002085F8600070BD63
:105A00002DE9F05F83460C4650480168204605F0BA
:105A100061F90021204605F023F925466035A87874
:105A200020F00600A870A87820F00800A8700020D8
:105A300028706870A87820F00100A870603D0421EB
:105A400005F15400DFF794FB204601F0C7F86862C7
:105A50000121686A00F0E0FA0020E8636864A86445
:105A6000E864286421463A4800F043FF0646304681
:105A700000F0B4FF42F26401304605F012F9012152
:105A8000304605F0FFF80121304605F0E9F84FF403
:105A90008041304600F0C0FA0221304600F0D8FFC5
:105AA000AE6231462B4800F024FF0746384600F02E
:105AB00095FF42F2D17242F26401384605F001FAD4
:105AC0000021384605F0CCF802231A46002138465A
:105AD00005F0A6F80221384600F0BAFF4FF48041E5
:105AE000384600F099FA2F63286BF5F7E3F9804602
:105AF0002B4607221849404600F046FA4FF48041F1
:105B0000404600F089FA0021404605F0A9F8C5F8A2
:105B10003480686BFCF77CFC824610A15046FDF790
:105B200020FB286BFEF774F881460121484600F0FF
:105B300073FAC5F838900020E86228652B461C22CD
:105B40000749204600F020FABDE8F09F64020024D7
:105B5000D4C00390F0C0039049590290EF819300A4
:105B6000C15D029070B505460C460021204605F047
:105B700077F802231A460021204605F051F8022149
:105B8000204600F065FF70BD2DE9F04107460C4648
:105B9000264606F154052846DFF7A7FABDE8F0814E
:105BA000014600BF00BF0A46D06A7047014600BFE9
:105BB00000BF0A46106C704770B506460C4620467A
:105BC00001F0DAFD05462046696A05F0A7F80121D3
:105BD000204605F045F802231A460021204605F02C
:105BE0001FF84FF48041204600F016FA70BD70B5E2
:105BF00006460C462546686A20B1686AFFF70AFC2B
:105C00000020686270BD70B5054600BF00BF2C461D
:105C1000206B08B1E06A00B970BD94F86200C0F36F
:105C2000410020B101280BD002281BD111E0002136
:105C3000206B04F0A5F80121E06A05F023F811E0DB
:105C40000021206B04F09CF80021E06A05F01AF8AE
:105C500008E00121206B04F093F80121E06A05F0CF
:105C600011F800BF00BF206B04F0A5FAE06A04F051
:105C7000A2FA206B05F066FB206B01F099FC20B9BD
:105C80000121206B00F0C8F903E00121206B00F036
:105C9000DFFE00BFC0E770B505460C460121204677
:105CA00004F0DEFF0221204600F0D2FE70BD2DE997
:105CB000F04106460D4600BF00BF3446E06A18B109
:105CC000616AE06A05F02AF88DB104F1540738469C
:105CD000DFF756FA8046C8F8005094F86000401C80
:105CE00084F860002846A16A05F018F802E0304602
:105CF000FFF777FEE562206D50B1206C20B10121E5
:105D0000206D00F0C6F903E00121206D00F0E1FEF6
:105D1000206C80B394F8620000F00100A8B194F800
:105D20006200C0F3C00040B10121A06C00F090FE01
:105D30000221A06C00F070F907E00121A06C00F0D6
:105D40006BF90221A06C00F083FE94F86000022839
:105D500008DB0121606B00F07BFE0221606B00F02C
:105D60005BF923E00121606B00F056F90221606BC2
:105D700000F06EFE1AE0FFE794F86000022804DAF3
:105D800094F86200C0F3C00040B10121606B00F0E4
:105D90005FFE0221606B00F03FF907E00121606BBC
:105DA00000F03AF90221606B00F052FE00221C2143
:105DB0002046FBF721F93046FFF725FFBDE8F081CB
:105DC0002DE9F04180464046FBF712F907463C4674
:105DD0003846FFF7E5FE064686B1A06B70B1706AE3
:105DE00040B1716AA06BFEF71BFF0121A06B00F0B0
:105DF0002FFE03E00121A06B00F00EF93846FFF7FB
:105E0000D5FE054685B1E06C70B1686A40B1696A3B
:105E1000E06CFEF705FF0121E06C00F019FE03E0E5
:105E20000121E06C00F0F8F8BDE8F08170B506469D
:105E30000C462546242105F12400DFF799F91C21A1
:105E400005F13000DFF794F970BD70B506460C46D9
:105E500000BF00BF254605F13000DFF746F905F128
:105E60002400DFF742F970BD2DE9F04F97B00D46E1
:105E70002946444801F0F6FA16901698012802D0F7
:105E800017B0BDE8F08F2846FBF74EF806462846C7
:105E9000FBF7ABF80446152E71D12846FBF74CF8FA
:105EA000159013A9204601F04DFB13AA2046159921
:105EB000E2F71AFE13AA20461599EAF7AFF813AADB
:105EC00020461599E7F788FC13A8F4F732FD8246BF
:105ED00000EBDA704710BDF84C00384400B2ADF862
:105EE0004800BDF84E00384400B2ADF84A0004A89E
:105EF000F9F7B8FA04AA4FF40031204603F0D2FBB8
:105F00004FF4003A41F201025146204602F058FF98
:105F10000190019800B2834600EBDB704FEA600805
:105F200000BF41F204025146204602F049FF0190B1
:105F3000019800B2834600EBDB704FEA6009BDF8C0
:105F40004800A0EB080000B2ADF80800BDF84A0018
:105F5000A0EB090000B2ADF80A00BDF848004044CB
:105F600000B2ADF80C00BDF84A00484400B2ADF8EC
:105F70000E0002AA04A91598F9F758FA00BF00BF4D
:105F80007EE7000028C103902DE9F04104460D464C
:105F900016461F4600BF00BF204600F037FBA06832
:105FA000807E401CA1688876A268927E02EB420245
:105FB0009100A268D068FFF781FAA168C86000BFAD
:105FC000A068C06818B900BF00BF00BFFEE700BFEF
:105FD000A068C168807E401E00EB400041F8205060
:105FE000A068C268807E401E00EB400002EB80008B
:105FF0000672A068C168807E401E00EB400001EB85
:1060000080004760A068C168807E401E00EB4000B1
:1060100001EB8000BDE8F0812DE9FF4105460C460B
:1060200000BF00BF284603F069FD064604F00100EA
:1060300010B1284603F0E5FCE8692043E86104F06C
:10604000010010B1284603F0DCFC284603F056FDA1
:10605000B04202D104F0C07040B1284601F08CFB80
:10606000074603F091FD284603F08EFD04F0100072
:1060700068B16A4602A9284601F03CFD02A92846FB
:1060800003F0F9FC6946284603F0F5FC00BFBDE8C3
:10609000FF8170B504460E4600BF00BF208C40EA69
:1060A0000605208CA84203D02946204604F018FF9C
:1060B00070BD2DE9F04104468846174600234FF68F
:1060C000FF723946204610F02DFA002511E0E068F5
:1060D00000EBC5004068C0F3406000B108E0E06834
:1060E00000EBC5004068C0F3006000B100E005E0CF
:1060F0006D1C608CC0F3C500A842E8D800BF608C5E
:10610000C008401C618C60F3C8016184628CC2F3DA
:10611000C502D100E068FFF7D1F9E060608CC0F300
:10612000C500461E09E0E06800EBC6010246701E8D
:1061300002EBC00205CA05C1761EAE42F3D8E16883
:1061400001EBC5000821FFF77CFBE06840F83580D3
:10615000E06800EBC500406867F31700E16801EBF9
:10616000C50148604FF6FF723946204604F00EFA2A
:10617000BDE8F0812DE9F04106460F4614461D4664
:1061800000223946304604F0ABFF2A46214630460D
:1061900004F045FEBDE8F0812DE9FF4F87B00E46C3
:1061A00090469A4600BF00BF079805F0CBF81EB98D
:1061B000079801F0E1FA064600BF00BF4FF0000962
:1061C00000200690079801F0D7FA074600213846CC
:1061D00002F0C7F905900021384602F0DCFB0146C9
:1061E0000598084400B204900021384602F03FFDB3
:1061F00001460598084400B203900021304602F0A1
:10620000B0F902900021304602F0C5FB0146029829
:10621000084404B20021304602F029FD01460298EC
:10622000084405B2B8F1000F0AD10021304602F04F
:106230000AF9012802D14FF0030801E04FF00108EC
:10624000B8F1160F32D2DFE808F03132354A58661D
:10625000869FB40BD4DDFEFDFCFBFAF9F8F7F6F5EA
:10626000304601F0C4F9009000EBD0704FEA600BAB
:10627000079802F0CCFF019000EBD070ABEB600010
:1062800020440FFA80F9304601F092F9009000EBBB
:10629000D0704FEA600B079801F01EFA019000EBF6
:1062A000D070ABEB6000284400B2069070E1A146CC
:1062B00006956DE1304601F09AF9009000EBD07040
:1062C0004FEA600B079802F0A2FF019000EBD0703C
:1062D000ABEB600020440FFA80F9069558E1304698
:1062E00001F085F98346079802F091FFABEB0000BF
:1062F00020440FFA80F906954AE1A146304601F0A4
:1063000057F98346079801F0E7F9ABEB0000284402
:1063100000B206903CE1304601F069F9009000EBD4
:10632000D0704FEA600B079802F071FF019000EB0C
:10633000D070ABEB600020440FFA80F9304601F0DA
:1063400037F98346079801F0C7F9ABEB0000284402
:1063500000B206901CE1304601F049F983460798E7
:1063600002F055FFABEB000020440FFA80F93046F5
:1063700001F01EF98346079801F0AEF9ABEB00007F
:10638000284400B2069003E1A146304601F010F91E
:10639000009000EBD0704FEA600B079801F09CF979
:1063A000019000EBD070ABEB6000284400B2069087
:1063B000EEE0304601F01BF98346079802F027FF14
:1063C000ABEB000020440FFA80F9304601F0F0F802
:1063D000009000EBD0704FEA600B079801F07CF959
:1063E000019000EBD070ABEB6000284400B2069047
:1063F000CEE04FF00009079801F06EF9404200B27C
:106400000690C5E0304602F002FF009000EBD0702D
:106410004FEA600B079802F0FAFE019000EBD07093
:10642000ABEB60000FFA80F9079801F055F9404294
:1064300000B209E09CE084E07CE069E04FE045E0E8
:1064400034E01CE014E001E00690A1E0304602F0E8
:10645000DEFE8346079802F0DAFEABEB00000FFA8F
:1064600080F9079801F038F9404200B206908FE0B9
:106470004FF00009304601F02FF9069088E03046D1
:1064800002F0C5FE009000EBD0704FEA600B079859
:1064900002F0BDFE019000EBD070ABEB60000FFA94
:1064A00080F9304601F018F9069071E0304602F0AC
:1064B000AEFE8346079802F0AAFEABEB00000FFA8F
:1064C00080F9304601F008F9069061E0079802F083
:1064D0009EFE40420FFA80F90020069058E007988F
:1064E00002F095FE40420FFA80F9304601F0F4F8D0
:1064F000009000EBD0704FEA600B079801F0ECF8C9
:10650000019000EBD070ABEB600000B206903FE072
:10651000079802F07CFE40420FFA80F9304601F005
:10652000DBF88346079801F0D7F8ABEB000000B228
:1065300006902DE0304602F06AFE8146002006906B
:1065400026E0304602F063FE8146304601F0C4F892
:10655000009000EBD0704FEA600B079801F0BCF898
:10656000019000EBD070ABEB600000B206900FE042
:10657000304602F04CFE8146304601F0ADF88346CD
:10658000079801F0A9F8ABEB000000B2069000BF3D
:1065900000BF0021384601F056FF01280DD13846D2
:1065A00001F008FAB18A5144BA8A891A0144049860
:1065B000081A48440FFA80F90CE0384601F082F9D5
:1065C000B18A5144BA8A891A01440498081A484485
:1065D0000FFA80F9384601F06FFAF28A14990A44EA
:1065E000F98A511A01440398091A0698084400B21E
:1065F000069000220121079804F072FD4946DDE96A
:10660000062004F00CFC0BB0BDE8F08F10B504467A
:1066100000BF00BFA06808BB11480068401C1049BB
:1066200008601C20FEF728FEA06000BFA06818B913
:1066300000BF00BF00BFFEE700BFA06800B910BDEB
:106640001C21A068FFF7FDF80F20A1684876A0681C
:10665000007E20F00300C01CA168087600BFEEE7B2
:106660005C0100242DE9FC4780460F46012140468D
:1066700002F02AFE10B10020BDE8FC87404601F080
:1066800083F80446204600F0DDFF81464846F7F7D0
:1066900017F8A04210D04846F7F71FF8A0420BD0D9
:1066A0004846F6F7F1FFA04206D04846F6F7DFFF6E
:1066B000A04201D00020DFE74FF40021404602F065
:1066C00003FE48BB4046DEF702FE064608F1140111
:1066D0006846F4F71BF8BDF80000801B00B2ADF867
:1066E0000000BDF80200801B00B2ADF80200BDF84A
:1066F0000400304400B2ADF80400BDF80600304498
:1067000000B2ADF806006A4639463846DDF762FA4F
:1067100008B90020B0E700BF404601F02DF805465B
:1067200019E00121284602F0CFFD08B10020A3E7BF
:106730004FF40021284602F0C7FD40B905F11402CC
:1067400039463846DDF746FA08B9002094E728466E
:1067500001F012F80546002DE3D101208CE72DE968
:10676000FE4F05460E464FF000083146284602F01F
:10677000C3FB0446002C46D03146284602F0A2FB5B
:106780000090009802283DDD204604EBD0714910AE
:10679000491C0CB23146284602F0A1FB204404B249
:1067A0003146284602F074FB81463146284602F005
:1067B0007CFB8246B9F1000F01DD484601E0C9F1DA
:1067C0000000BAF1000F01DD514601E0CAF10001FD
:1067D000884207DDB9F1000F01DD484609E0C9F143
:1067E000000006E0BAF1000F01DD504601E0CAF1F9
:1067F0000000204404B2A04501DD404600E02046F0
:10680000804600BF00BF3146284601F0CDFF074655
:10681000C7B13146284601F0ADFF8246BAF1020FFA
:106820000FDD3146284601F0B2FF814609EB070033
:10683000404501DA404601E009EB07000FFA80F815
:1068400000BF00BF00BF40F60A023146284602F0F2
:10685000B7FA009000980FFA80FB00BF00BF40F627
:106860000B023146284602F0ABFA0090009800B2C5
:1068700002900298834501DD584600E0029801909D
:106880000198002803DD019840440FFA80F8404643
:10689000BDE8FE8FFEB504460D46164600BF41F228
:1068A0005D422946204602F08BFA00900098C0B263
:1068B000029000BF41F26A422946204602F080FA67
:1068C00000900098C0B2019000BF9DF8080008B980
:1068D0000120029000BF9DF80800FEBD02460AB9E3
:1068E000002070471068884201D10120F9E700209C
:1068F000F7E72DE9F04107460C463846ECF70AFA6F
:1069000080464046FEF7B8FC054615B90020BDE8B4
:10691000F08141462846FEF794FF2F606C60002C02
:1069200030D1F6F771FE06461EB900BF00BF002049
:10693000EDE7F06840B90420FEF79EFCF060F068D7
:106940000560012070620DE0706A401C7062726A1E
:106950009100F068FEF7B2FDF060706A401EF168C9
:1069600041F820500020A8820021E982F6F764FE59
:10697000401E01B229830020F6F7C4FE401E01B27A
:10698000698329E000BF00BFA06810B92046FFF767
:106990003DFEA068006858B90420FEF76DFCA168B0
:1069A0000860A068006805600120A168486013E0E5
:1069B000A0684068401CA1684860A26852689100C5
:1069C000A2681068FEF77AFDA1680860A068D0E9A7
:1069D0000010401E41F82050284698E770B5044644
:1069E000204603F0D1F8002000F020FB204608F0FC
:1069F00069F8204600F07DF8012000F017FB4FF603
:106A0000FF724FF47021204603F0C0FD204603F0D2
:106A1000A4FDFBF735FA06463EB1204603F059F8CF
:106A200018B121463046FBF765F9204600F0A4FE78
:106A3000054665B1224622212846FAF7DDFA2246AC
:106A400023212846FAF7D8FA204602F0DAFF70BD73
:106A50002DE9FF4105460C4600BF00BF284603F064
:106A60004DF8064604F0100068B16A4602A92846AF
:106A700001F040F802A9284602F0FDFF69462846C9
:106A800002F0F9FF00BFE869A043E86104F00100EB
:106A900078B1284602F0B5FF284603F02FF840B140
:106AA000284600F069FE074603F06EF8284603F01A
:106AB0006BF8284603F022F8B04202D104F0C0700F
:106AC00028B1284600F058FE074603F05DF8BDE8FF
:106AD000FF8170B504460E4600BF00BF208C20EA3F
:106AE0000605208CA84203D02946204604F0F8F978
:106AF00070BD70B5044625682068006828B120681C
:106B0000006820602046FFF7F4FF25602068406899
:106B100018B1206821464268904770BD2DE9F843BE
:106B200081460C4665686DB3284600F0CBFE0746EB
:106B3000284600F0C1FF8046002641F6100231468B
:106B4000284602F03DF900900098E98A0844A0EB3D
:106B5000080001B2E182E08A401E01B2618300BFF9
:106B600041F612023146284602F02AF900900098B8
:106B7000A98A0844C01B00B2A082A08A401E01B2AC
:106B8000218300BF0220E061E06940F48050E061B1
:106B90001DB1E06940F40050E0611DB1E06940F4CE
:106BA0004070E061E06940F00400E061E06940F0BD
:106BB0001000E061E06940F02000E061E06940F031
:106BC0004000E061E06940F40060E0611DB1E0690F
:106BD00040F40040E061BDE8F883000070B5044671
:106BE00000BF00BF21460448FFF783FE0546284644
:106BF000FFF7F4FE284670BD30BA03902DE9F0414E
:106C0000064600BF00BF00BF00BF304602F0F9FEDD
:106C1000304600F0B1FD044614B1204603F0D2FF27
:106C20000025002754B9304600F00CFD05460DB98B
:106C3000BDE8F0812869B04200D10127304609F053
:106C40002AFC84B10021204603F0EAF8204603F034
:106C5000B9FF002222212046FAF7CEF90022242192
:106C60002046FAF7C9F91FB100BF00BF0020286114
:106C700000BF00BF00BFDBE770B506460C462046EC
:106C8000DDF776FA002000F0D1F900BF184A0021A4
:106C9000204603F024FD00BF012000F0C7F90021C9
:106CA0002046F2F7BBFE204600F00CFD054615B16C
:106CB0002046FBF722F9A068C0B1A068006830B197
:106CC000A1680868FEF7A6FB0020A1680860A0681C
:106CD000C06830B1A168C868FEF79CFB0020A168BD
:106CE000C860A068FEF796FB0020A06070BD0000A1
:106CF000FFFF0F002DE9F04FA3B082465046FAF790
:106D000013F906465046FAF770F90446122E6AD176
:106D10005046FAF767F905462878022802D123B0D1
:106D2000BDE8F08F0021204601F069FC10B102207F
:106D30002870F4E70021204602F09EF883460021E7
:106D4000204602F0E2F907460021204602F0C3F98E
:106D5000804604F1140121A8F3F7CFFCBDF88400AC
:106D6000C01B00B2ADF88400BDF88800384400B202
:106D7000ADF88800BDF88600A0EB080000B2ADF8C1
:106D80008600BDF88A00404400B2ADF88A005A4639
:106D900021A96868DCF75FFF10B901202870BEE701
:106DA0000021204601F0B6FBFD2802DA0120287000
:106DB000B5E74FF0000968224946204602F000F886
:106DC00020902098C0B210B101202870A7E70021C0
:106DD000204601F0A8FCFD2802DA012028709EE779
:106DE0000020287014E1152E7ED15046FAF7A4F841
:106DF000834615A8F8F736FB0021204601F0A2FBD8
:106E000030B19DF8770020F00100401C8DF877002C
:106E100015AA0021204602F045FC0021204602F080
:106E200074F905460021204602F055F9074604F1A1
:106E3000140113A8F3F761FCBDF84C00401B00B22D
:106E4000ADF84C00BDF85000284400B2ADF8500039
:106E5000BDF84E00C01B00B2ADF84E00BDF85200A8
:106E6000384400B2ADF85200594601A800F0D4F8F9
:106E7000684802900020039015A8059013A804907C
:106E800000200E9001AA1A212046FAF7B5F8002139
:106E9000204601F0B4FB20B1BDF8540008B1012038
:106EA00000E000208146DDF86480B9F1000F01D0D8
:106EB0000020199013AA15A95846F8F7B7FAB9F1A6
:106EC000000F26D01820FEF711FA0090BDF95420CB
:106ED000002304F114010098F8F7AEF904F590715D
:106EE0000098F7F72BFB00E019E0B8F1000F0FD086
:106EF00000208DF857008DF876008DF87E008DF813
:106F00008A00CDF8648013AA15A95846F8F78EFABE
:106F100000BF01AA1B212046FAF76EF878E0182E70
:106F200076D15046FAF708F8804641462046E7F702
:106F30004BFB0021204601F062FB60B104F590702C
:106F4000F8F748FA05462DB12846F7F7D9FD284647
:106F5000FEF748FA00BF0021204601F0F3FA0028AE
:106F600055D015A8F8F77EFA00208DF857008DF857
:106F70006E008DF87E008DF88A0015AA002120464B
:106F800002F090FB0021204602F0BFF805460021E8
:106F9000204602F0A0F8074604F1140113A8F3F705
:106FA000ACFBBDF84C00401B00B2ADF84C00BDF886
:106FB0005000284400B2ADF85000BDF84E00C01B90
:106FC00000B2ADF84E00BDF85200384400B2ADF842
:106FD0005200414601A800F01FF80E48029001201F
:106FE000039015A8059013A8049000200E9001AA04
:106FF0001A212046FAF700F813AA15A94046F8F717
:1070000015FA01AA1B212046F9F7F6FF00BF00BFC1
:1070100000BF84E630BA039070B504460D4648219F
:107020002046FEF70EFC256070BD00000149087087
:1070300070470000650100242DE9FF5F8846404647
:10704000F9F772FF04464046F9F773FF0546012C35
:1070500004D120212846FFF71CF801E2082C2BD18F
:1070600020212846FFF735FD4046F9F7BBFF0746CC
:107070003846FCF700FAF0B90821284602F024F956
:10708000C8B1284601F08CF900F0010020B90121B7
:107090002846FEF7FEFF03E001212846FFF719FD11
:1070A00000221C212846F9F7A7FF0646012E01D031
:1070B000BDE8FF9F00BFD3E1032C04D12021284667
:1070C000FFF707FDCCE12A2C10D1284600F00DFA7D
:1070D0000746002607E0A868006850F82690484652
:1070E00002F052FD761CBE42F5D3B9E10D2C7CD1E5
:1070F0000821284602F0E8F808B34046F9F772FF85
:107100000678132E01D0112E04D101212846FEF756
:10711000C0FF07E0142E01D0122E03D10121284612
:10712000FFF7D7FC0A2E09D000221C212846F9F7C8
:1071300063FF0746012F00D0BAE700BF90E14FF48C
:107140000161284602F0C0F8002886D0284602F0E7
:10715000ABFC0028AFD10390284600F0B3FB0746F4
:10716000284600F027FC81464046F9F73BFF0678A9
:10717000122E14D1284600F0B3FC8346284600F0B6
:10718000ABFA8246C0170AEB90700BEBA00000B27E
:10719000029001462846039A03F0F8FC85E0112E80
:1071A00014D1284600F09CFC8346284600F094FA4F
:1071B0008246C0170AEB9070ABEBA00000B20290C1
:1071C00001462846039A03F0E1FC6EE0132E36D107
:1071D000284600F049FB00F0030020B1002F19DC25
:1071E000B9F1000F16DC284600E05FE000F078FC03
:1071F0008346284600F070FA8246C0170AEB90706A
:107200000BEBA00000B2029001462846039A03F05F
:10721000BDFC4AE0284600F059FC8346284601F0B0
:10722000F6FF8246C0170AEB90700BEBA00000B28D
:10723000029001462846039A03F08CFC35E0142E98
:1072400033D1284600F010FB00F0030020B1002FDE
:1072500017DCB9F1000F14DC284600F041FC83462E
:10726000284600F039FA8246C0170AEB9070ABEB63
:10727000A00000B2029001462846039A03F086FC63
:1072800013E0284600F022FC8346284601F0BFFFA9
:107290008246C0170AEB9070ABEBA00000B20290E0
:1072A00001462846039A03F055FCD9E00E2C3AD14A
:1072B0004FF48061284602F007F818B101212846F2
:1072C00003F02BFC4FF0000A284600F0FBF9834640
:1072D000FAF7DCFD82460226FCF788F88146B9F110
:1072E000000F03D14046F9F743FE81464846FCF7BC
:1072F000D2F80746022F01D0042F01D146F0040630
:10730000BAF1000F06D046F0080631462846FEF7CF
:10731000C0FE07E031462846FEF7BBFE082128469E
:10732000FFF7D7FB9CE0092C04D140212846FEF74B
:10733000B0FE95E00A2C16D140212846FFF7C9FB84
:10734000284601F003F802280CD16A4602A9284613
:1073500000F0D0FB02A9284602F08DFB69462846C2
:1073600002F089FB7CE00F2C04D10E212846FFF7A8
:10737000B0FB75E0292C23D10021284601F015F837
:1073800081460021284601F08DF98246BAF1000FAE
:1073900002D1B9F1000F02D0284602F0F5FB2846D1
:1073A00000F0A3F80746002607E0A868006850F838
:1073B00026B0584602F0E8FB761CBE42F5D34FE0FB
:1073C000222C2FD1002641F201023146284601F03D
:1073D000F7FC0390039800B2074600BF41F2040295
:1073E0003146284601F0ECFC0390039800B2814638
:1073F0000021284600F0D9FF82460021284601F0EE
:1074000051F98346BBF1000F08D1BAF1000F05D145
:1074100042F2D170874201D0814502D1284602F064
:10742000B3FB1DE0132C12D14046F9F7DBFD0646F5
:1074300000212846FFF793F90746B6F90000B84245
:1074400002DDB6F9000000E03846308008E0152C77
:1074500003D0182C01D0122C02D14046FFF74AFC71
:1074600000BF25E62DE9F04106460D4616B96868CD
:10747000046800E0346800E0246814B12069002842
:10748000FAD014B90120BDE8F081206908B90120C3
:10749000F9E70020E8602946204622699047012745
:1074A000287E00F0010000B100273846EBE70246D5
:1074B00000BF00BF906808B900207047002908DAB3
:1074C000906840680144002901DA0020F5E70B4686
:1074D00000E00B4690684068984201D80020ECE735
:1074E0009068006850F82100E7E7014600BF00BF40
:1074F000886808B90020704788684068FBE770B565
:1075000005460C4605F114012046F3F7FFF8A8687C
:10751000B8B12088A968898A401A00B22080A08862
:10752000A968898A084400B2A0806088A968898A0D
:10753000401A00B26080E088A968898A084400B2D5
:10754000E08070BD70B506460C4600BF00BF00214C
:10755000304601F006F805462146304600F066F850
:10756000684202B2684201B22046F3F713FA0021E2
:10757000304601F010FA2188084400B22080002132
:10758000304601F0B1FAA188081A00B2A0800021AB
:10759000304601F06CFB6188084400B26080002135
:1075A000304601F01BF9E188081A00B2E08070BD96
:1075B0002DE9F041074600BF00BF0021384601F029
:1075C00056FB04460021384601F008F90546002123
:1075D000384600F0C6FF0646384600F07DF8001B2E
:1075E000401B022101FB160000B2BDE8F0812DE92D
:1075F000F041074600BF00BF0021384601F0CBF93B
:1076000004460021384601F06FFA0546002138464D
:1076100000F0A7FF0646384601F0F9FD001B401BAD
:10762000022101FB160000B2BDE8F08170B50546ED
:107630000C4600BF00BF05F114012046F3F766F8C1
:1076400070BD000070B5064600BF00BF706808B985
:10765000354603E0304600F097F805460E48DDF762
:107660005CFD044611E0002107E0E06850F82100CD
:10767000A84201D1204670BD491C606A8842F4D8F6
:1076800021460548DDF761FD0446002CEBD100BF23
:1076900000BF0020EFE700006CD60524024600BFC3
:1076A00000BF906808B9002070479068807E8842CB
:1076B00001D80020F8E79068C06801EB410300EBB7
:1076C0008300F1E7014600BF00BF886810B18868F9
:1076D000806870470020FCE710B5044600BF00BF7B
:1076E00004F11400F3F773F810BD70B5064600BF3F
:1076F00000BF304600F040F805460DB9002070BDCF
:10770000002400BF08E021462846FFF7D0FEB04223
:1077100001D12046F3E7641C2846FFF7E6FEA042AD
:10772000F1D84FF0FF30EAE72DE9F04104460F466B
:1077300090461E46002518E0E06800EBC500406852
:10774000C0F3006080B1E06800EBC500406820F045
:107750007F40B04208D1E16851F8350042463946D1
:1077600005F0BEFBBDE8F0816D1C608CC0F3C50068
:10777000A842E1D80020F5E7014609B9002070478A
:1077800000BF00BF4868FAE710B5044600BF00BF5D
:10779000224600BF13461846FFF7EEFF0246002AB6
:1077A000F8D1184610BD00002DE9F84F074600BF7C
:1077B00000BF2B4C3846FFF798FE8046002514E0AA
:1077C000B868006850F825B02649584601F087FD92
:1077D00000B109E0BBF91A00A04201DA204601E03D
:1077E000BBF91A00044600BF6D1C4545E8D30021D3
:1077F000384601F049FA00900021384600F0FBFFBE
:1078000081460021384600F0B9FE064614488442FD
:1078100005D0788BA0EB0900801B201A04B23846F3
:1078200000F09EFD82463846FFF756FF0099401A49
:10783000A0EB0900022101FB1600AAEB00000FFAE1
:1078400080FA384600F04CF9AAEB00000FFA80FAF3
:10785000544502DD2046BDE8F88F5046FBE70000A6
:1078600001E0FFFF010004000146886820B188683C
:10787000407E00F00F0070470F20FCE770B5064611
:107880000D460E493046F2F7F5F8044614B1606A29
:10789000404202E0304600F019F900B22880084961
:1078A0003046F2F7E7F8044614B1606A404202E05D
:1078B000304600F015F900B2688070BD911E03904B
:1078C000AD1E03902DE9FC5F044600BF00BF002100
:1078D000204600F0C5FD012809D0A06810B900209D
:1078E000BDE8FC9FA068008A404200B2F8E7002192
:1078F000204601F006F901900021204601F058F8D9
:1079000007460021204600F039FE80464FF000096E
:1079100041F6FF752046FFF7E8FD8246002617E096
:10792000A068006850F8260000902049009801F0F7
:10793000D6FC00B10BE00098B0F91400A84201DDBC
:10794000284602E00098B0F91400054600BF761CF6
:107950005645E5D341F6FF70854208D0A946A08A76
:1079600038444044A0EB09000FFA80F901E0DFF849
:107970004090204600F004FD8346204601F047FC7D
:107980000199401AC01B022101FB1800ABEB00005B
:107990000FFA80FB204600F099F858440FFA80FB5C
:1079A000D94501DD48469BE7584699E701000400A8
:1079B00001E0FFFF2DE9F84F044600BF00BF0021A2
:1079C000204600F04DFD012808D1A06810B9002024
:1079D000BDE8F88FA068B0F91000F9E72A4D2046FD
:1079E000FFF783FD8046002614E0A068006850F889
:1079F00026B02649584601F072FC00B109E0BBF9F7
:107A00001800A84201DA284601E0BBF91800054633
:107A100000BF761C4645E8D30021204601F071F8EE
:107A200081460021204600F0C3FF0090002120463F
:107A300000F0A4FD07461448854205D0208BA0EB3A
:107A40000900C01B281A05B2204600F099FC8246A6
:107A5000204601F0DCFBA0EB09010098081A022186
:107A600001FB1700AAEB00000FFA80FA204600F095
:107A70002DF8AAEB00000FFA80FA554501DD2846E3
:107A8000A6E75046A4E7000001E0FFFF0100040064
:107A90000146886820B18868007EC0F38100704785
:107AA0000020FCE70146886820B18868007EC0F3AA
:107AB000011070470020FCE70146886808B90020E3
:107AC00070478868408A404200B2F9E701468868FA
:107AD00008B9002070478868008A404200B2F9E780
:107AE0000146886808B9002070478868408A40428B
:107AF00000B2F9E72DE9F04F95B005460C46164661
:107B00004FF0FF3003460022114600902046F2F766
:107B100063FF4FF0FF3003460022114600903046CD
:107B2000F2F75AFF1021284601F0CEFB10B915B02C
:107B3000BDE8F08F284600F009FC8046B8F1000F40
:107B400000D1F4E70020FBF757FC1490B8F1020FC6
:107B500011D109E01498FBF78EFCA84200D106E091
:107B60001498FBF749FC149014980028F2D100BF38
:107B7000149800B9DBE72846FFF79EFF13902846CC
:107B8000FFF712FE12902846FFF79CFE1190284640
:107B9000FFF710FF10902846FFF766FE0F900020B9
:107BA0000E900F9800F00C00A8B1B8F1010F10D0A2
:107BB000B8F1030F05D1139800280ADC12980028A9
:107BC00007DCB8F1020F06D11498FBF741FC0C2832
:107BD00001D101200E9000200D900F9800F00300BD
:107BE000A8B1B8F1010F10D0B8F1030F05D1119869
:107BF00000280ADC1098002807DCB8F1020F06D133
:107C00001498FBF725FC032801D101200D900D9855
:107C100010B90E9800B98AE74FF48031284600F079
:107C20001FFC012800D100E000200C904FF48031AF
:107C3000284601F029F883464FF48031284600F0A9
:107C4000DAFD0B904FF48031284600F0B1FE074674
:107C50004FF48031284600F054FF81464FF48030C5
:107C6000039041F201022846039901F0A9F802901D
:107C7000029800B20A902846FFF72EFD0990284688
:107C800001F0C5FA08900E9808B10A9800E00020AB
:107C900082460D9808B10A9800E0002007904FF442
:107CA0008030039021222846039901F089F8029040
:107CB0000298C0B202280DDA4FF4803003903122CE
:107CC0002846039901F07CF802900298C0B202287D
:107CD00000DA2CE71399099801441298084400B27D
:107CE00005900E9800287DD005980028FBD0E88AE2
:107CF0007080688BF0800C9850B1A88A384400B22C
:107D0000308031880A980844401E00B2B0800AE0F2
:107D1000288BA0EB090000B2B080B1880A98081A3D
:107D2000401C00B230800998A0EB0B010B98091A97
:107D30000798081A09994843059990FBF1F000B299
:107D400003900020F5F766FC00EB8000502101EB6A
:107D50004000A02190FBF1F001280BDD0020F5F799
:107D600059FC00EB8000502101EB4000A02190FB6A
:107D7000F1F000E001200399884201DA039819E04C
:107D80000020F5F747FC00EB8000502101EB40009C
:107D9000A02190FBF1F001280BDD0020F5F73AFC63
:107DA00000EB8000502101EB4000A02190FBF1F09E
:107DB00000E0012000B203900998A0EB0B010B98A2
:107DC000091A0798091A0398081A00B20690099927
:107DD0000598401A00B20290029800280EDCE88A4A
:107DE000584400E0BFE000B27080698B0B98091A1C
:107DF0000798081A401E00B2F080B3E01299069866
:107E00004843029990FBF1F000B201900199069865
:107E1000401A00B20190E98A01980844584400B21F
:107E20007080718803980844401E00B2F080B6F953
:107E30000210B5F916005844814242DAE88A5844E3
:107E400000B270800020F5F7E5FB00EB80005021C8
:107E500001EB4000A02190FBF1F001280BDD002098
:107E6000F5F7D8FB00EB8000502101EB4000A0218A
:107E700090FBF1F000E00120B6F902100844B6F9D9
:107E8000061088421DDD0020F5F7C4FB00EB8000E2
:107E9000502101EB4000A02190FBF1F001280BDD07
:107EA0000020F5F7B7FB00EB8000502101EB40000C
:107EB000A02190FBF1F000E001207188084400B29D
:107EC000F080B6F90610B5F91A200798121A0B9827
:107ED000101A814245DD698B0798091A0B98081A18
:107EE00000B2F0800020F5F795FB00EB80005021F8
:107EF00001EB4000A02190FBF1F001280BDD0020F8
:107F0000F5F788FB00EB8000502101EB4000A02139
:107F100090FBF1F000E00120B6F90610081AB6F95E
:107F2000021088421DDA0020F5F774FB00EB800098
:107F3000502101EB4000A02190FBF1F001280BDD66
:107F40000020F5F767FB00EB8000502101EB4000BB
:107F5000A02190FBF1F000E00120F188081A00B2A6
:107F6000708000BF00BF1199089801441098084420
:107F700000B204900D98002879D004980028FBD016
:107F8000698B0B98081A00B2E080E1880A98081AF9
:107F9000401C00B26080A88A2080288BA0800898AE
:107FA000C01BA0EB0900A0EB0A0008994843049904
:107FB00090FBF1F000B203900020F5F72BFB00EBF3
:107FC0008000502101EB4000A02190FBF1F001283E
:107FD0000BDD0020F5F71EFB00EB8000502101EBCC
:107FE0004000A02190FBF1F000E0012003998842BD
:107FF00001DA039819E00020F5F70CFB00EB800094
:10800000502101EB4000A02190FBF1F001280BDD95
:108010000020F5F7FFFA00EB8000502101EB400053
:10802000A02190FBF1F000E0012000B2039008983D
:10803000C01BA0EB0900A0EB0A010398081A00B2CC
:10804000069008990498401A00B2029002980028FD
:108050001BDC0C9860B1A88A38445044401E00B222
:108060002080288BA0EB090000B2A0806BE16BE1BF
:10807000A88A384400B22080288BA0EB0900A0EB2E
:108080000A00401E00B2A0805DE1109906984843A6
:10809000029990FBF1F000B2019001990698401A04
:1080A00000B201900C9800287ED0A98A019808445B
:1080B0003844504400B22080218803980844401E70
:1080C00000B2A080B4F90000B5F91410394451444D
:1080D000884243DAA88A3844504400B22080002005
:1080E000F5F798FA00EB8000502101EB4000A02149
:1080F00090FBF1F001280BDD0020F5F78BFA00EB87
:108100008000502101EB4000A02190FBF1F000E045
:108110000120B4F900100844B4F9041088421DDDB0
:108120000020F5F777FA00EB8000502101EB4000CA
:10813000A02190FBF1F001280BDD0020F5F76AFA91
:1081400000EB8000502101EB4000A02190FBF1F0FA
:1081500000E001202188084400B2A080B4F9041096
:10816000B5F91800A0EB0900814244DD288BA0EB93
:10817000090000B2A0800020F5F74CFA00EB800067
:10818000502101EB4000A02190FBF1F001280CDD13
:108190000020F5F73FFA00EB8000502101EB400092
:1081A000A02190FBF1F001E026E00120B4F90410D9
:1081B000081AB4F9001088421DDA0020F5F72AFAEF
:1081C00000EB8000502101EB4000A02190FBF1F07A
:1081D00001280BDD0020F5F71DFA00EB800050218F
:1081E00001EB4000A02190FBF1F000E00120A1880C
:1081F000081A00B22080A5E0A98A019808443844F2
:1082000000B22080218803980844401E00B2A0805C
:10821000B4F90000B5F914103944884242DAA88A4A
:10822000384400B220800020F5F7F4F900EB80001C
:10823000502101EB4000A02190FBF1F001280BDD63
:108240000020F5F7E7F900EB8000502101EB40003A
:10825000A02190FBF1F000E00120B4F900100844E7
:10826000B4F9041088421DDD0020F5F7D3F900EBC6
:108270008000502101EB4000A02190FBF1F001288B
:108280000BDD0020F5F7C6F900EB8000502101EB73
:108290004000A02190FBF1F000E00120218808447B
:1082A00000B2A080B4F90410B5F91800A0EB0A00E0
:1082B000A0EB0900814245DD288BA0EB0A00A0EB72
:1082C000090000B2A0800020F5F7A4F900EB8000BF
:1082D000502101EB4000A02190FBF1F001280BDDC3
:1082E0000020F5F797F900EB8000502101EB4000EA
:1082F000A02190FBF1F000E00120B4F90410081A6D
:10830000B4F9001088421DDA0020F5F783F900EB7C
:108310008000502101EB4000A02190FBF1F00128EA
:108320000BDD0020F5F776F900EB8000502101EB22
:108330004000A02190FBF1F000E00120A188081A84
:1083400000B2208000BF00BF00BF13E40146886870
:1083500020B18868007E00F0030070470320FCE72E
:1083600038B504460548006800906A462C2120462E
:10837000F8F742FEBDF9020038BD000050BA039084
:1083800038B504460548006800906A462C2120460E
:10839000F8F732FEBDF9000038BD00004CBA03907A
:1083A000014600BF00BF088C704738B504460D4633
:1083B00041F209022946204600F002FD0090009893
:1083C000C0B238BD38B504460D4641F2090229460F
:1083D000204600F0F5FC00900098C0B238BD38B5DA
:1083E00004460D4666222946204600F0E9FC00902E
:1083F000009838BD38B504460D465122294620461E
:1084000000F0DEFC0090009808B1012038BD00208B
:10841000FCE738B504460D464FF405622946204670
:1084200000F0CEFC0090009800B238BD38B504468C
:108430000D464FF405622946204600F0C1FC00902D
:10844000009800B238BD38B504460D4641F26A4284
:108450002946204600F0B4FC00900098C0B238BD18
:1084600038B504460D4641F26A422946204600F0DE
:10847000A7FC00900098C0B238BD38B504460D4640
:1084800041F26A422946204600F09AFC009000988A
:10849000C0B238BD38B504460D4641F26A4229469D
:1084A000204600F08DFC00900098C0B238BD38B571
:1084B00004460D4641F26A422946204600F080FCFF
:1084C00000900098C0B238BD38B504460D4641F260
:1084D0006A422946204600F073FC00900098C0B222
:1084E00038BD38B504460D4641F26A422946204659
:1084F00000F066FC00900098C0B238BD38B5044664
:108500000D4644F220022946204600F059FC009016
:10851000009838BD38B504460D462122294620462C
:1085200000F04EFC00900098C0B238BD38B504464B
:108530000D4668222946204600F042FC0090009833
:10854000C0B238BD38B504460D463422294620460F
:1085500000F036FC0090009808B1012038BD0020E2
:10856000FCE738B504460D4641F232022946204662
:1085700000F026FC0090009800B238BD38B50446E3
:108580000D4641F232022946204600F019FC0090C7
:10859000009800B238BD38B504460D4641F23202AB
:1085A0002946204600F00CFC0090009800B238BD2F
:1085B00038B504460D4641F232022946204600F005
:1085C000FFFB0090009800B238BD38B504460D4658
:1085D00041F232022946204600F0F2FB009000985A
:1085E00000B238BD38B504460D4641F23202294684
:1085F000204600F0E5FB0090009800B238BD38B589
:1086000004460D4661222946204600F0D9FB009021
:10861000009808B1012038BD0020FCE738B50446B9
:108620000D46054802882946204600F0C9FB009007
:108630000098C0B238BD00007002002438B504466E
:108640000D4641F204022946204600F0B9FB009095
:10865000009800B238BD38B504460D4641F2040218
:108660002946204600F0ACFB0090009800B238BDCF
:1086700038B504460D4641F204022946204600F072
:108680009FFB0090009800B238BD38B504460D46F7
:1086900041F204022946204600F092FB0090009827
:1086A00000B238BD38B504460D4641F2690229468C
:1086B000204600F085FB0090009880B238BD38B5A8
:1086C00004460D4641F269022946204600F078FB37
:1086D0000090009880B238BD38B504460D4640F68B
:1086E00049022946204600F06BFB0090009800B23A
:1086F00038BD38B504460D4641F2060229462046EB
:1087000000F05EFB0090009800B238BD38B504461A
:108710000D4641F205022946204600F051FB00902B
:10872000009800B238BD38B504460D4640F26242AA
:108730002946204600F044FB00900098C0B238BDA6
:1087400038B504460D4640F262422946204600F004
:1087500037FB00900098C0B238BD38B504460D46CE
:1087600040F262422946204600F02AFB0090009821
:10877000C0B238BD38B504460D4640F63C02294625
:10878000204600F01DFB00900098C0B238BD38B5FF
:1087900004460D4640F63D022946204600F010FBF7
:1087A0000090009800B238BD38B504460D4640F63A
:1087B0003A022946204600F003FB0090009800B2E0
:1087C00038BD38B504460D4641F61102294620460B
:1087D00000F0F6FA0090009800B238BD38B50446B3
:1087E0000D4641F611022946204600F0E9FA0090B4
:1087F000009800B238BD38B504460D4641F6110266
:108800002946204600F0DCFA0090009800B238BDFE
:1088100038B504460D4641F611022946204600F0BF
:10882000CFFA0090009800B238BD38B504460D4626
:1088300041F611022946204600F0C2FA0090009845
:1088400000B238BD38B504460D4641F6110229463E
:10885000204600F0B5FA0090009800B238BD38B557
:1088600004460D4641F611022946204600F0A8FABA
:108870000090009800B238BD38B504460D4641F668
:1088800011022946204600F09BFA0090009800B2A1
:1088900038BD38B504460D4641F61102294620463A
:1088A00000F08EFA0090009800B238BD38B504464A
:1088B0000D4641F611022946204600F081FA00904B
:1088C000009800B238BD38B504460D4641F6110295
:1088D0002946204600F074FA0090009800B238BD96
:1088E00038B504460D4641F611022946204600F0EF
:1088F00067FA0090009800B238BD38B504460D46BE
:1089000041F615022946204600F05AFA00900098D8
:1089100000B238BD38B504460D4641F61502294669
:10892000204600F04DFA0090009800B238BD38B5EE
:1089300004460D4641F615022946204600F040FA4D
:108940000090009800B238BD38B504460D4641F697
:1089500015022946204600F033FA0090009800B234
:1089600038BD38B504460D4641F615022946204665
:1089700000F026FA0090009800B238BD38B50446E1
:108980000D4641F612022946204600F019FA0090E1
:10899000009800B238BD38B504460D4641F61202C3
:1089A0002946204600F00CFA0090009800B238BD2D
:1089B00038B504460D4641F612022946204600F01D
:1089C000FFF90090009800B238BD38B504460D4656
:1089D00041F612022946204600F0F2F90090009874
:1089E00000B238BD38B504460D4641F6120229469C
:1089F000204600F0E5F90090009800B238BD38B587
:108A000004460D4641F612022946204600F0D8F9E8
:108A10000090009800B238BD38B504460D4641F6C6
:108A200012022946204600F0CBF90090009800B2CF
:108A300038BD38B504460D4641F612022946204697
:108A400000F0BEF90090009800B238BD38B5044679
:108A50000D4641F612022946204600F0B1F9009079
:108A6000009800B238BD38B504460D4641F61202F2
:108A70002946204600F0A4F90090009800B238BDC5
:108A800038B504460D4641F612022946204600F04C
:108A900097F90090009800B238BD38B504460D46ED
:108AA00041F612022946204600F08AF9009000980B
:108AB00000B238BD38B504460D4641F612022946CB
:108AC000204600F07DF90090009800B238BD38B51E
:108AD00004460D4641F613022946204600F070F97F
:108AE0000090009800B238BD38B504460D4641F6F6
:108AF00013022946204600F063F90090009800B266
:108B000038BD38B504460D4641F6130229462046C5
:108B100000F056F90090009800B238BD38B5044610
:108B20000D4641F613022946204600F049F900900F
:108B3000009800B238BD38B504460D4641F6130220
:108B40002946204600F03CF90090009800B238BD5C
:108B500038B504460D4641F613022946204600F07A
:108B60002FF90090009800B238BD38B504460D4684
:108B700041F613022946204600F022F900900098A1
:108B800000B238BD38B504460D4641F613022946F9
:108B9000204600F015F90090009800B238BD38B5B5
:108BA00004460D4641F613022946204600F008F916
:108BB0000090009800B238BD38B504460D4641F625
:108BC00013022946204600F0FBF80090009800B2FE
:108BD00038BD38B504460D4641F6130229462046F5
:108BE00000F0EEF80090009800B238BD38B50446A9
:108BF0000D4641F613022946204600F0E1F80090A8
:108C0000009800B238BD38B504460D4641F614024E
:108C10002946204600F0D4F80090009800B238BDF4
:108C200038B504460D4641F614022946204600F0A8
:108C3000C7F80090009800B238BD38B504460D461C
:108C400041F614022946204600F0BAF80090009838
:108C500000B238BD38B504460D4641F6100229462B
:108C6000204600F0ADF80090009800B238BD38B54D
:108C700004460D4641F610022946204600F0A0F8B1
:108C80000090009800B238BD38B504460D4641F654
:108C900010022946204600F093F80090009800B298
:108CA00038BD38B504460D4641F610022946204627
:108CB00000F086F80090009800B238BD38B5044640
:108CC0000D4641F610022946204600F079F8009042
:108CD000009800B238BD38B504460D4641F6100282
:108CE0002946204600F06CF80090009800B238BD8C
:108CF00038B504460D4641F610022946204600F0DC
:108D00005FF80090009800B238BD38B504460D46B3
:108D100041F610022946204600F052F800900098D3
:108D200000B238BD38B504460D4641F6100229465A
:108D3000204600F045F80090009800B238BD38B5E4
:108D400004460D4641F610022946204600F038F848
:108D50000090009800B238BD38B504460D4641F683
:108D600010022946204600F02BF80090009800B22F
:108D700038BD38B504460D4641F610022946204656
:108D800000F01EF80090009800B238BD38B50446D7
:108D90000D4641F610022946204600F011F80090D9
:108DA000009800B238BD38B504460D4641F61002B1
:108DB0002946204600F004F80090009800B238BD23
:108DC0002DE9F84305460E461446C4F38029C4F342
:108DD0008038B8F1000F01D024F48044002714E05B
:108DE0006B46224631462846EAF7BDFA074607B1E8
:108DF0000DE0B9F1000F00D109E00EB1002604E04A
:108E00002846FEF7B9FC054600BF002DE8D100BF9B
:108E10000FBB0EBB41F20100844202D0C01C844251
:108E20001AD128680AE041F201018C4202D1818AFC
:108E300019B105E0C18A01B102E000680028F2D151
:108E400000BF41F201018C4202D1B0F9141001E0DF
:108E5000B0F91610009103E0204604F0D1F800901C
:108E6000B8F1000F05D031462846009ADDF79CFD89
:108E700000900098BDE8F88338B504460D4660229E
:108E800029462046FFF79CFF0090009800B238BDAD
:108E900038B504460D4640F6410229462046FFF704
:108EA0008FFF0090009800B238BD38B504460D46DB
:108EB00040F6420229462046FFF782FF00900098C4
:108EC00000B238BD38B504460D4640F64502294685
:108ED0002046FFF775FF00900098C0B238BD38B546
:108EE00004460D4640F6430229462046FFF768FF38
:108EF0000090009800B238BD38B504460D464FF4D6
:108F0000046229462046FFF75BFF0090009800B2FC
:108F100038BD38B504460D4644F25742294620462E
:108F2000FFF74EFF0090009838BD38B504460D4657
:108F300041F2594229462046FFF742FF009000982F
:108F400038BD38B504460D4641F2594229462046FF
:108F5000FFF736FF0090009838BD38B504460D463F
:108F600041F2594229462046FFF72AFF0090009817
:108F700038BD38B504460D4641F2594229462046CF
:108F8000FFF71EFF0090009838BD38B504460D4627
:108F900041F2594229462046FFF712FF00900098FF
:108FA00038BD38B504460D4641F25942294620469F
:108FB000FFF706FF0090009838BD38B504460D460F
:108FC00041F2594229462046FFF7FAFE00900098E8
:108FD00038BD38B504460D4641F25A42294620466E
:108FE000FFF7EEFE0090009800B238BD38B5044699
:108FF0000D4641F25A4229462046FFF7E1FE009015
:10900000009800B238BD38B504460D4641F25A42C8
:1090100029462046FFF7D4FE0090009800B238BDE4
:1090200038B504460D4641F25B4229462046FFF71B
:10903000C7FE0090009800B238BD38B504460D4612
:1090400041F25B4229462046FFF7BAFE00900098A5
:1090500000B238BD38B504460D4641F25B422946A0
:109060002046FFF7ADFE0090009800B238BD38B53D
:1090700004460D4641F25B4229462046FFF7A0FE1A
:109080000090009800B238BD38B504460D4641F254
:109090005B4229462046FFF793FE0090009800B2FD
:1090A00038BD38B504460D4641F25B42294620469C
:1090B000FFF786FE0090009800B238BD38B5044630
:1090C0000D4643F60F0229462046FFF779FE009031
:1090D000009800B238BD38B504460D4640F60B0284
:1090E00029462046FFF76CFE0090009800B238BD7C
:1090F00038B504460D4640F60B0229462046FFF7D8
:109100005FFE0090009800B238BD38B504460D46A9
:1091100040F60A0229462046FFF752FE00900098CA
:1091200000B238BD38B504460D4640F60A0229465D
:109130002046FFF745FE0090009800B238BD38B5D4
:1091400004460D4643F60E0229462046FFF738FE38
:109150000090009800B238BD38B504460D4641F283
:10916000010229462046FFF72BFE0090009800B22E
:1091700038BD38B504460D4641F201022946204665
:10918000FFF71EFE0090009800B238BD38B50446C7
:109190000D4641F2010229462046FFF711FE0090DC
:1091A000009800B238BD38B504460D4641F20102C0
:1091B00029462046FFF704FE0090009800B238BD13
:1091C00038B504460D4641F2010229462046FFF714
:1091D000F7FD0090009800B238BD38B504460D4642
:1091E00041F2070229462046FFF7EAFD0090009869
:1091F00000B238BD38B504460D4641F20802294692
:109200002046FFF7DDFD0090009800B238BD10B594
:10921000044600BF00BF04F11400F1F74BFB10BD82
:1092200070B5064600BF00BF3046FEF7A5FA0546FA
:10923000ADB1B08AA98A401A04B22846FEF746FCAE
:10924000204404B200212846FFF7A5FB201A04B2EF
:1092500000212846FFF785F9201A04B201E0B6F98B
:109260001440204670BD70B5064600BF00BF3046B2
:10927000FEF782FA0546ADB1F18AE88A081A04B20F
:109280002846FEF72DFC204404B200212846FFF7B3
:10929000EEFC201A04B200212846FFF762F9201ADA
:1092A00004B201E0B6F91640204670BD70B5044620
:1092B00000BF00BF2046FFF7D6FF05462046FEF759
:1092C0000BFA284400B270BD024600BF00BFD0694F
:1092D0000840884201D1012070470020FCE7024687
:1092E00000BF00BFD069084008B1012070470020CE
:1092F000FCE7024600BF00BF108C084008B1012007
:1093000070470020FCE77FB506460D460221304637
:10931000FFF7DAFF10B9002004B070BD802130469D
:10932000FFF7E7FF08B10020F6E702A93046FEF795
:10933000E6F80022294602A8DAF763FD04460CB9D4
:109340000020E9E74FF480313046FFF7BDFF58B108
:10935000009501208DF804006A4611213046F7F788
:109360004BFE9DF80400D7E72046D5E72DE9FC47E2
:1093700005460E46144600BF4FF4056231462846A6
:10938000FFF71EFD0190019800B26080608808B967
:10939000BDE8FC8700BF532231462846FFF710FD89
:1093A00001900198C0B22073207B022800DCEFE717
:1093B00031462846FFF7C4F90746FD2F03DA207B24
:1093C000784300122073207B022800DCE0E700BF16
:1093D00044F2520231462846FFF7F2FC0090009812
:1093E0000190BDF80400208000BF54223146284679
:1093F000FFF7E6FC01900198A060A846B146512213
:1094000049464046FFF7DCFC0190019808B1012075
:1094100000E00020617B60F38201617331462846E1
:10942000FFF784F8617B60F30101617300BFAFE770
:109430002DE9FC4105460E46144600BF4622314642
:109440002846FFF7BDFC01900198C0B2E072E07AB7
:10945000022801DCBDE8FC8131462846FFF770F99F
:109460000746FD2F03DAE07A78430012E072E07AD3
:10947000022800DCEEE7002020804FF4807060803E
:1094800000BF298BAA8A891A491C09B2084601EB38
:10949000D0714910A18000BF698BEA8A891A491CE2
:1094A00009B2084601EBD0714910E18000BF4822A3
:1094B00031462846FFF784FC01900198C0B2A072A3
:1094C000A07A00280CDD00BF44F24702314628464E
:1094D000FFF776FC009000980190BDF80400208111
:1094E00031462846FFF722F8207300BFB2E7F8B5EF
:1094F00005460E46144600BF4FF48B62314628469F
:10950000FFF75EFC00900098C0B2A076A07E022813
:1095100000DCF8BD31462846FFF712F90746FD2F5B
:1095200003DAA07E78430012A076A07E022800DC39
:10953000EFE731462846FFF7ECFC0090BDF800004D
:10954000A08100BF41F25A4231462846FFF738FC5D
:109550000090009800B2A08200BF41F25B42314609
:109560002846FFF72DFC0090009800B2608200BFF3
:1095700040F25C4231462846FFF722FC00900098FA
:10958000A17F60F30201A17731462846FEF7CEFFA6
:10959000A17F60F3C501A17731462846FFF7C5FCDE
:1095A000206000BF41F25D4231462846FFF708FCCB
:1095B00000900098C0B2207700BFAAE72DE9FC47D1
:1095C00005460E46144600BF40F64902314628467D
:1095D000FFF7F6FB0190019800B26080608808B93F
:1095E000BDE8FC8700BF4E2231462846FFF7E8FB66
:1095F00001900198C0B22072207A022800DCEFE7C7
:1096000031462846FFF79CF80746FD2F03DA207AFB
:10961000784300122072207A022800DCE0E700BFC5
:1096200044F24D0231462846FFF7CAFB00900098ED
:109630000190BDF80400208000BF4A223146284630
:10964000FFF7BEFB0190019800B2A080A08848B14E
:1096500000BF4B2231462846FFF7B2FB019001982C
:1096600000B2E080A846B1464C2249464046FFF78A
:10967000A7FB0190019808B1012000E00020617A69
:1096800060F382016172607A810861F3C3006072E5
:1096900031462846FEF74AFF617A60F301016172A4
:1096A00000BF9DE72DE9FC4706460D46144600BF66
:1096B000602229463046FFF783FB0190019800B2F3
:1096C000208025B129463046FFF73AF800E0FF2018
:1096D000804629463046FFF733F80746022F02DD61
:1096E000B8F1020F09DC0020E07084F8220084F851
:1096F000360084F82A00BDE8FC8729463046FEF78C
:1097000015FFA070E078002870D000BF2122294604
:109710003046FFF755FB01900198C0B2E070E07849
:10972000022863DD29463046FEF7E8FE0190BDF8C9
:109730000400A08000BF262229463046FFF740FBE8
:10974000019001988146B9F1000F0AD099F80900FB
:1097500000F0070028B10A224946A01DFBF7E3FEEE
:1097600043E000BF232229463046FFF729FB019042
:109770000198E17B60F30201E173E07B00F00700F8
:1097800038B329463046FEF7B9FE0190BDF8040013
:10979000E08000BF44F2220229463046FFF710FB6A
:1097A000009000980190A01DBDF80410618100BFD9
:1097B000242229463046FFF703FB019001982072CE
:1097C00000BF252229463046FFF7FAFA019001989A
:1097D000207300BF272229463046FFF7F1FA019097
:1097E0000198E17B60F3C501E17300BF00BF41F266
:1097F000320229463046FFF7E3FA0190019800B2A1
:109800002084208C60B394F8220048B300BF31223A
:1098100029463046FFF7D4FA01900198C0B284F887
:10982000220094F8220002281ADD00BF33222946C4
:109830003046FFF7C5FA0190019894F8231060F3C1
:10984000450184F8231000BF44F230022946304617
:10985000FFF7B6FA009000980190BDF80400E0838D
:1098600029463046FEF7A0FFE084E08CF0B194F882
:109870002A00D8B129463046FEF77CFF84F82A003A
:1098800094F82A00022811DD29463046FEF77FFFB2
:10989000208500BF44F23B0229463046FFF790FA8C
:1098A000009000980190BDF80400A084A07E0028DC
:1098B00051D000BF40F6280229463046FFF780FA13
:1098C0000190019820612069002844D000BF29221E
:1098D00029463046FFF774FA01900198C0B2A0768D
:1098E000A07E022837DD2069F9F720FD02280DD17E
:1098F00029463046FFF719FB606129463046FFF7DD
:1099000008FB0190BDF80400208324E000BF44F26E
:109910002A0229463046FFF753FA0090009801903A
:10992000BDF80400208300BF2B2229463046FFF7F4
:1099300047FA01900198C0B2E076B146AA462C22BF
:1099400051464846FFF73CFA0190019808B10120C2
:1099500000E00020207794F8360080B32946304696
:10996000FFF7CAFAE085E08D48B394F83600022884
:1099700025DD29463046FFF7A5FA84F8360094F82D
:10998000360002281BDD29463046FFF781FA208683
:1099900029463046FFF789FA608629463046FFF7A8
:1099A0009EFAA08600BF44F2440229463046FFF7E3
:1099B00007FA009000980190BDF80400A085B8F166
:1099C000FD0F02DA08FB07F00712FD2F17DA173434
:1099D00014F8140C7843001204F8140CE07878435F
:1099E0000012E070E07A78430012E072E07F784382
:1099F0000012E077E07C78430012E074173C00BF6F
:109A000079E67CB5054600BF00BF03E02846FDF7B8
:109A1000B3FE05462846FDF7AFFE30B14FF40021F6
:109A20002846FFF751FC0028F0D12846DBF74FFC11
:109A3000044605F114016846F0F768FEBDF8000021
:109A4000001B00B2ADF80000BDF80200001B00B220
:109A5000ADF80200BDF80400204400B2ADF80400E7
:109A6000BDF80600204400B2ADF80600694628465D
:109A700000F001F87CBD2DE9FC4105460E4600BF13
:109A800000BF31466846F0F741FE69462846FCF7BC
:109A9000E9FD044634B12846FDF7D4FD0746694682
:109AA000DBF7A7FABDE8FC810246116800E009680F
:109AB00021B1087E00F003000028F8D009B9002089
:109AC0007047087E00F00300012800D1F8E700206D
:109AD000F6E70246116800E0096821B1087EC0F38C
:109AE00081000028F8D009B900207047087EC0F333
:109AF0008100012800D1F8E70020F6E770B506469E
:109B00000B493046FFF7EBFB08B1002070BD304633
:109B1000FDF732FE04460CB90020F7E7002120468D
:109B2000FEF7CDFD05460DB10120EFE70020EDE782
:109B3000010006007CB5054600BF00BF2846DBF7E4
:109B4000C6FB044605F114016846F0F7DFFDBDF8D9
:109B50000000001B00B2ADF80000BDF80200001BC1
:109B600000B2ADF80200BDF80400204400B2ADF828
:109B70000400BDF80600204400B2ADF806006946B6
:109B80002846FCF76FFD7CBD70B50446608C20F064
:109B90000100401C60842046FDF7F6FD0546688CF8
:109BA00020F00200801C68842846FDF74BFD064625
:109BB000706810B1706805F0C1F970BD2DE9F0470B
:109BC00080460D46164699464046FDF78EFC824675
:109BD000002726E0D8F80800006850F82740B9F1BF
:109BE000000F06D04FF480212046FFF76DFB00B137
:109BF00016E0A08A284400B2A082E08A304401B274
:109C0000E182208B284401B22183608B304401B271
:109C100061830023324629462046FFF7CFFF00BF6D
:109C20007F1C5745D6D3BDE8F0872DE9F04F85B0AE
:109C300004460E4617466568002D34D0002128469C
:109C4000FEF7A9FE824600212846FFF710F883465A
:109C50004FF480212046FFF737FB40B1A88A5044DB
:109C6000304406B2E88A5844384407B20FE0284628
:109C7000FDF72CFFA98A5144081A304406B2284641
:109C8000FDF72EFFE98A5944081A384407B200212B
:109C90002846FEF766FC814606EB090006B207EB94
:109CA000090007B200BFA08A301A00B2ADF8100058
:109CB000E08A381A00B2ADF81200BDF8100028B9D9
:109CC000BDF8120010B905B0BDE8F08F2046FFF7CF
:109CD00098FE02A92046FDF7A9FC4FF000087DB1CF
:109CE00069462846FDF72EFC0022694602A8D9F7EE
:109CF000B2FF8046B8F1000F02D1284600F062FFA3
:109D0000A08ABDF81010084400B2A082E08ABDF815
:109D10001210084401B2E182208BBDF810100844F3
:109D200001B22183608BBDF81210084401B2618337
:109D3000BDF91220BDF9101000232046FFF73EFFA9
:109D400025B1224622212846F7F756F92046FFF78B
:109D500058FE9DB10022694604F11400D9F77BFF3B
:109D60008146B8F1000F05D1B8F1000F05D1B9F166
:109D7000000F02D0284600F025FF00BF00BFA2E779
:109D80002DE9F04180460C4600BF00BF002C06DAEA
:109D90004046FDF7F1FC0246FDF7A7FB04444046B0
:109DA000FDF7A3FC07464046FDF7E6FC0646002CFF
:109DB00001DABDE8F0813046FDF797FBA04200DCF8
:109DC000F7E7BC4200D1F4E73D46BC420DDA09E0BA
:109DD000B0680168681E51F82000B168096841F850
:109DE00025006D1EA542F3DC0CE009E0B0680168B7
:109DF000681C51F82000B168096841F825006D1C05
:109E0000A542F3DBB068006840F8248000222221DC
:109E10003046F7F7F1F83046FFF7F3FD00BFC8E72B
:109E20002DE9F04107460E463846FDF73BFEC8B91E
:109E30003846FDF741FE05463846FDF7B5FC0446B9
:109E4000002C0EDA002D0CDD6042854201DA284636
:109E500000E0604204B2334622460021384600F05A
:109E600009FD00BF3846FDF713FE88BB3846FDF7F5
:109E700029FD04463846FDF79DFD0546002138467C
:109E8000FEF7EEFA012811D0002D20DA002C1EDD9D
:109E90006842844201DA204600E0684205B2334657
:109EA00000222946384600F0E5FC10E0002C0EDACE
:109EB000002D0CDD6042854201DA284600E0604258
:109EC00005B2334600222146384600F0D3FC00BFDD
:109ED000BDE8F0812DE9F14F86B00698FFF70EFE40
:109EE00010B107B0BDE8F08F0698FDF745FC05906E
:109EF00000210698FFF771F9054600210698FFF743
:109F000079F90446059828B9224629460698FFF7AC
:109F10008CFEE6E70598FDF76AFB80460598FDF79D
:109F200047FB064605F4C040B0F5005F01D10120B3
:109F300000E0002030B125F4C040B0F5FA6F01DC3C
:109F4000012000E0002088B125F4C040B0F57A7F00
:109F500004DD25F4C040C0F57A7001E025F4C0406E
:109F600000FB08F0642190FBF1F005B204F4C0405E
:109F7000B0F5005F01D1012000E0002030B124F4F1
:109F8000C040B0F5FA6F01DC012000E0002080B194
:109F900024F4C040B0F57A7F04DD24F4C040C0F55D
:109FA0007A7001E024F4C0407043642190FBF1F02A
:109FB00004B2069802900020039043F20C02DDE9FF
:109FC0000201FEF7FDFE019001980FFA80FA00BF32
:109FD000069802900020039043F20D02DDE9020191
:109FE000FEF7EEFE019001980FFA80FB00BF069885
:109FF000FFF70DF981460698FDF76EFB07460AF458
:10A00000C040B0F5005F01D1012000E0002030B178
:10A010002AF4C040B0F5FA6F01DC012000E0002016
:10A0200090B12AF4C040B0F57A7F04DD2AF4C04034
:10A03000C0F57A7001E02AF4C04000FB09F0642109
:10A0400090FBF1F00FFA80FA0BF4C040B0F5005F1E
:10A0500001D1012000E0002030B12BF4C040B0F568
:10A06000FA6F01DC012000E0002088B12BF4C04031
:10A07000B0F57A7F04DD2BF4C040C0F57A7001E0C2
:10A080002BF4C0407843642190FBF1F00FFA80FB81
:10A0900005EB0A0005B204EB0B0004B200210698A0
:10A0A000FEF790F90490049850B900210598FEF746
:10A0B000CAF9012802D10320049001E00120049094
:10A0C0000498012805D1224629460698FFF7ADFDE0
:10A0D0006FE00498801E082864D2DFE800F00410C6
:10A0E000212534153C4C414608EBD17252104846AC
:10A0F00009EBD073A2EB63022A4415B253E0A8EB3C
:10A100000900284405B24EE0314606EBD1725210E8
:10A11000384607EBD073A2EB6302224414B242E04C
:10A12000F01B204404B23EE0414608EBD1725210CD
:10A13000484609EBD073A2EB63022A4415B2F01B28
:10A14000204404B22FE0A8EB0900284405B2F01B1C
:10A15000204404B227E0A8EB0900284405B23146A8
:10A1600006EBD1725210384607EBD073A2EB6302B4
:10A17000224414B217E0414608EBD172521048460F
:10A1800009EBD073A2EB63022A4415B2314606EB09
:10A19000D1725210384607EBD073A2EB630222440F
:10A1A00014B200E000BF00BF224629460698FFF720
:10A1B0003CFD00BF95E62DE9F04F8DB0044600BF91
:10A1C00000BF608CC0F3802038B1608CC0F34020A9
:10A1D00018B100200DB0BDE8F08F2046FDF7CCFA95
:10A1E00007460FB90020F5E72046FDF76BFB0C9002
:10A1F00000200B900A90608CC0F3802020B1204694
:10A20000FFF705F8054680E000212046FEF7A4FF91
:10A21000054642F2D1718D4201D1012000E00020BB
:10A220000B9005F4C040B0F5005F01D1012000E0C3
:10A23000002030B125F4C040B0F5FA6F01DC0120F8
:10A2400000E000200A903846FDF7D1F981460B98CE
:10A2500020B12046DDF7ECF8054634E00A98F8B165
:10A26000788CC0F38020E0B900213846FEF774FFF7
:10A2700042F2D171884214D100212046FEF771F9D3
:10A28000019000212046FEF786FB0199084405B2A3
:10A2900000212046FEF728FC01990844284405B215
:10A2A00011E025F4C040B0F57A7F04DD25F4C0400C
:10A2B000C0F57A7001E025F4C04000FB09F064218C
:10A2C00090FBF1F005B20020019041F2020220461D
:10A2D0000199FEF775FD009000980FFA80FA00BF13
:10A2E0000020019041F2030220460199FEF768FD2B
:10A2F000009000980FFA80FB00BF4B465A4651462B
:10A300002846F2F7A4F9054600BF2046FDF7D4FB26
:10A310000990002008900790608CC0F3402020B185
:10A320002046FDF7D9F9064680E000212046FEF7D9
:10A3300085F9064642F2D1718E4201D1012000E03A
:10A340000020089006F4C040B0F5005F01D1012064
:10A3500000E0002030B126F4C040B0F5FA6F01DC17
:10A36000012000E0002007903846FDF721F98146E2
:10A37000089820B12046DCF7BFFF064634E0079876
:10A38000F8B1788CC0F34020E0B900213846FEF7E0
:10A3900055F942F2D171884214D100212046FEF7CE
:10A3A000E0F8019000212046FEF761FC0199084485
:10A3B00006B200212046FEF711FA01990844304404
:10A3C00006B211E026F4C040B0F57A7F04DD26F431
:10A3D000C040C0F57A7001E026F4C04000FB09F0EF
:10A3E000642190FBF1F006B20020019041F20502D9
:10A3F00020460199FEF7E4FC009000980FFA80FADD
:10A4000000BF0020019041F2060220460199FEF7AC
:10A41000D7FC009000980FFA80FB00BF4B465A46CD
:10A4200051463046F2F7BCF8064600BF0B9808B913
:10A43000089828B100232046099A0C9900F05BFB8C
:10A440002046FEF7E4FEA84206D12046FDF744F977
:10A45000B04201D10020BDE62046FFF7D2FA05A99F
:10A460002046FDF7E3F803A93846FDF76BF8002214
:10A4700003A905A8D9F7EFFB8046B8F1000F02D178
:10A48000384600F09FFBE08A3044401E01B26183F1
:10A4900000212046FDF7D7FF012805D1208B401B66
:10A4A000401C00B2A08204E0A08A2844401E01B2F1
:10A4B000218305AA29212046F6F79EFD2246222166
:10A4C0003846F6F799FD2046FFF79BFA0021204613
:10A4D000FFF7A6FC002203A904F11400D9F7BBFB87
:10A4E0000290B8F1000F04D1B8F1000F04D1029826
:10A4F00010B1384600F066FB01206BE638B5044623
:10A5000000BF00BF2046DAF7E2FE054600200090BB
:10A510006A4613212046F6F76FFDBDF90000A842F8
:10A5200002D02046FFF76DFAA06820B1BDF9000007
:10A53000A168C88209E0BDF8000030B12046FCF7F0
:10A5400065F8BDF90000A168C882BDF90000A84205
:10A5500002D02046FFF755FA38BD70B504460021F9
:10A560002046FEF7F9FD054600212046FEF766F875
:10A57000064642F2D170854203D0864201D00020C7
:10A5800070BD2046FFF700FB0120F9E72DE9F843F5
:10A5900006460F46144600BF00BF3848007808B989
:10A5A000BDE8F8833046FFF72CFA384600F0C3FECA
:10A5B000054604F4805040B3B5F5702F1DD0E5B1C9
:10A5C0004FF0000841F2040241463046FEF7F8FB26
:10A5D0000090009800B242F2D17188420DD000BFC5
:10A5E00041F2010241463046FEF7EAFB0090009836
:10A5F00000B242F2D171884207D100222A213046AE
:10A60000F6F7FAFC3046FFF7BFFAB5F5702F00D029
:10A610008DB94FF6FF70844202D004F4005050B15F
:10A620003046FDF7A9F88046B8F1000F02D0404649
:10A63000FFF7AAFA00BF4FF6FF70844202D004F47D
:10A64000006010B13046FFF759FF3046FFF7D9F9E7
:10A650004FF6FF70844208D004F4806058B104F4CF
:10A66000006010B904F4805028B1B5F5803F02D0E5
:10A67000304607F05AF800BF92E700006501002459
:10A680002DE9F04105460F46164600BF00BF0024E5
:10A6900010E0E86800EBC4004068C0F3006040B11F
:10A6A000E86800EBC400406820F07F40B04200D171
:10A6B00005E0641C688CC0F3C500A042E9D800BF67
:10A6C000688CC0F3C500A04202D10020BDE8F08133
:10A6D000E96851F83400394602F03EFDF6E72DE90D
:10A6E000FE4F04460E469146484600F028FE82463C
:10A6F000484600F020FE80464FF6FF7002901EB1E3
:10A70000F07908B9002002900025AB4674E0E168BA
:10A7100001EBC501496821F07F4000F010FE019077
:10A72000E16801EBC501496821F07F4000F003FEBC
:10A7300000904FF6FF70824502D0019850450BD132
:10A74000B8F5702F02D00098404505D136B1E068C9
:10A7500050F83500B04201D06D1C4DE0E06800EBD0
:10A76000C5004068C0F3406030B100234FF6FF726F
:10A77000414620460BF0D6FEE06800EBC50040687D
:10A78000C0F3006030B9E06800EBC5004068C0F37A
:10A79000406068B1E16851F8350002F062FDE1689F
:10A7A00051F83500FAF736FE0020E16841F835002F
:10A7B0002F4609E0E06800EBC7010246781C02EB77
:10A7C000C00205CA05C17F1C608CC0F3C500401ED5
:10A7D000B842EFD8608CC008401E618C60F3C8019D
:10A7E0006184628CC2F3C502D100E068FAF766FEAC
:10A7F000E0604FF0010B00BF608CC0F3C500A842C1
:10A8000085D8BBF1000F06D0029820B14146204602
:10A81000029AFFF7BBFEBDE8FE8F000010B50446AC
:10A82000024A00212046FFF75AFF10BDFFFF0F002C
:10A8300070B506460E48007800B970BD0020F2F7EA
:10A8400031FF044610E0002506E0E06850F82510CE
:10A85000304607F08AF86D1C606AA842F5D8204699
:10A86000F2F720FF044600BF002CECD100BFE4E764
:10A87000650100242DE9F04F91B005460C461646BF
:10A880009A461CB916B911B0BDE8F08FBAF1010FA4
:10A890007ED12846FCF7D6FE10906846EFF706F901
:10A8A00000BF009500BF4E48039000BF002C38D079
:10A8B0001098F2F7C1FE40F35D0B22460021584686
:10A8C000EFF7ADF90746C82F00D2C827B7F5C87F04
:10A8D00001D94FF4C87739466846EFF77EF9284624
:10A8E000FDF7F4F88046C8F100000219C8F1000134
:10A8F0006846EFF77AF93B496846EFF758F93A4965
:10A900006846EFF75EF96A4609212846F6F774FBB8
:10A910008146B9F1010F00D0B5E76846EFF790F92D
:10A9200000BF002E39D01098F2F7ECFE40F35D0B1B
:10A93000324600215846EFF772F90746C82F00D279
:10A94000C827B7F5C87F01D94FF4C877394668469C
:10A95000EFF743F92846FDF7C3F88046C8F1000039
:10A960008219C8F100016846EFF73FF91F496846B0
:10A97000EFF71DF91C496846EFF723F96A460921EC
:10A980002846F6F739FB8146B9F1010F01D07AE785
:10A9900004E06846EFF754F900BF1EE0134928466B
:10A9A000EFF73CF807460F492846EFF737F880469F
:10A9B00032462146284607F0CDF917B9B8F1000F05
:10A9C0000AD000220A212846F6F716FB8146B9F183
:10A9D000010F00D057E700BF00BF00BF53E70000E2
:10A9E000C5190390911E0390279B0190AD1E039003
:10A9F0002DE9FF5F0E46174616B90FB9BDE8FF9F58
:10AA0000009800F09FFC0098FDF760F840420FFAB4
:10AA100080F808EB060004B200210098FDF720FD45
:10AA200001281BD0002C00DD0024002C2EDA009819
:10AA3000FCF748FF83460098FCF7BCFF58440FFA28
:10AA400080FABAF1000F01DA4FF0000ACAF10000F3
:10AA5000844202DACAF1000004B217E0002C00DAE6
:10AA60000024002C12DD0098FCF72CFF8346009890
:10AA7000FCF7A0FF58440FFA80FABAF1000F01DA90
:10AA80004FF0000A544500DD544600BF0098FDF722
:10AA900027F840420FFA80F909EB070005B2002DB4
:10AAA00000DD0025002D16DA0098FDF705F8834635
:10AAB0000098FCF779FE58440FFA80FABAF1000FBB
:10AAC00001DA4FF0000ACAF10000854202DACAF149
:10AAD000000005B200BFA4EB080006B2A5EB090018
:10AAE00007B206B92FB13A463146039B0098FFF7EB
:10AAF000C1FE00BF82E72DE9F04106460F4614462D
:10AB00001D462A463946304600F024F82A4621469A
:10AB1000304600F03BF8BDE8F081F8B504460E463B
:10AB2000204600F00FFC0020009027463846FCF736
:10AB300023FE05460BE033466A46394604F114000D
:10AB400006F052FF2F462846FCF716FE0546002D5C
:10AB5000F1D1F8BD2DE9F04106460C4615460A49EB
:10AB60003046EEF75BFF3046FCF7B0FF0746604229
:10AB700038440FFA80F82B46002241463046FFF752
:10AB800037FFBDE8F0810000911E03902DE9F041F0
:10AB900006460C4615460A493046EEF73FFF30465A
:10ABA000FCF79EFF0746604238440FFA80F82B46B8
:10ABB000424600213046FFF71BFFBDE8F081000050
:10ABC000AD1E03901FB504466A4602A92046FCF755
:10ABD00091FF02A8EFF756FE20B96846EFF752FE44
:10ABE00000B91FBD02A8EFF74DFE18B102A920461B
:10ABF000FEF741FF6846EFF745FE18B1694620466B
:10AC0000FEF739FF00BFECE770B504460D4600BF04
:10AC100000BF2046FBF7FAFCA068858270BD0000EB
:10AC20002DE9F04106460F4614461D4600223946DE
:10AC3000304600F0ADFA00222146304600F078FAA6
:10AC400000222946304600F0B3FA0448008881B259
:10AC50000022304600F0C9FABDE8F0816402002409
:10AC600070B504460D4600222946204600F070FAD1
:10AC70000348008881B20022204600F0B6FA70BD79
:10AC80006402002470B504460D4600222946204681
:10AC900000F06EFA2046FCF76FFD0646FEF774FFE3
:10ACA00070BDF8B506460D4600BF00BF00236A46DA
:10ACB00041F204013046FCF737FD0446012C02D175
:10ACC0000098A84200D124B900222946304600F05D
:10ACD0007FFAF8BD70B505460C4600BF00BFA1B2B3
:10ACE0000022284600F081FA2846FEF74DFF70BD8D
:10ACF0002DE9FF4106460C461D4629463046E8F739
:10AD00007FF9074621463846029A02F050FC224657
:10AD100029463046FFF73AFCBDE8FF812DE9F041B6
:10AD200006460D4600BF00BF00BF00BF706818B9DF
:10AD300000BF00BFBDE8F08115B900BF00BFF9E753
:10AD40003046FEF75EFE2846FBF760FC746830462E
:10AD5000FCF7CBFC074609E0A0680168781C51F8B5
:10AD60002000A168096841F827007F1C2046FCF7F5
:10AD7000BCFB801EB842EFDAA0684068401EA168A4
:10AD80004860A068406848B1A26852689100A26813
:10AD90001068FAF793FBA168086006E0A1680868EC
:10ADA000FAF738FB0020A1680860A8684068401CDA
:10ADB000A9684860AA6852689100AA681068FAF702
:10ADC0007DFBA96808602846FCF78FFB401EA96838
:10ADD000096841F82060756000212046FFF720F8DF
:10ADE0002046FFF7EFFE324622212046F6F704F90F
:10ADF000002224212046F6F7FFF832462221284679
:10AE0000F6F7FAF8002223212846F6F7F5F830463F
:10AE1000FEF7BAFE3046FEF7F4FD00BF8AE770B5D4
:10AE200005460E46144600BF00BF3146284600F0D6
:10AE300050FA2146284600F065FA70BD70B5054607
:10AE40000C462846FBF7E2FBA868407E00F00F00A6
:10AE5000A04201D0A9684C7670BD70B504460D467D
:10AE60002046FBF7D3FBA068007E65F38300A16852
:10AE7000087670BD70B504460D462046FBF7C6FB4C
:10AE8000A068007E65F30510A168087670BD70B5F6
:10AE900004460D4600BF00BF2046FBF7B7FBA06885
:10AEA000007E00F00300A84200D170BDA068007EC3
:10AEB00065F30100A16808762046FEF7A2FD00BFF9
:10AEC000F3E770B505460E46144600BF00BF314695
:10AED000284600F0E5F921462846FFF7E2FE70BD5E
:10AEE0002DE9F04F89B007468946388C484502D194
:10AEF00009B0BDE8F08F00BF00BF388C0890A7F8FC
:10AF000020904A4638460899DAF7C2FA8246BAF1E2
:10AF1000000F00D1ECE74FF42070FAF7E7F905468F
:10AF20004FF420712846FAF78CFC0024002697E0A5
:10AF3000F86800EBC6000790F96801EBC6014968A4
:10AF400021F07F4000F0FBF90690F96801EBC601A3
:10AF5000496821F07F4000F0EEF90590069820EA5C
:10AF6000090000B17BE007984068C0F3406000B181
:10AF700075E0079904AA0868672101F0BBFF00B9D2
:10AF80006DE0DDF810804FF0000B60E000200390D2
:10AF900026E0039800EB800005EB800040680290FB
:10AFA000029800F0CCF90190029800F0C4F90090EA
:10AFB000D8F8000030F81B10039800EB800005EB78
:10AFC00080000089814208D105990098884204D107
:10AFD00006990198884200DB05E00398401C039025
:10AFE0000398A042D5D300BF0398A0422DD1B8F852
:10AFF0000C0004EB840125F82100B8F8100004EBE4
:10B00000840105EB8101488004EB840105EB81019B
:10B01000D8F80800C860D8F8000030F81B0004EB2E
:10B02000840105EB8101088104EB840105EB8101BA
:10B03000D8F8040008610798406820F07F4004EBCE
:10B04000840105EB81014860641C0BF1010BD8F809
:10B05000000030F81B0008B1202C97D300BF761CED
:10B06000788CC0F3C500B04202D9202CFFF460AF49
:10B07000002613E006EB860105EB8101486800F02D
:10B080005AF9804606EB860005EB80004B4600909F
:10B0900041463846089ADAF723F9761CA642E9D3E6
:10B0A0002846FAF79FF9BAF1010F03D13846FEF7A7
:10B0B000A8FC13E0BAF1030F07D14FF6FF724FF46B
:10B0C00070213846FFF762FA08E0BAF1020F05D1A5
:10B0D0003846FEF796FC3846FFF710FA00BF07E740
:10B0E000F8B506460C46154600942B4641F2090178
:10B0F0003046009AFFF7FCFDF8BDF8B506460C4651
:10B10000154600942B4641F26A413046009AFFF7FB
:10B11000EFFDF8BDF8B506460C46154600942B46E3
:10B1200040F628013046009AFFF7E2FDF8BD000026
:10B13000F8B506460C46154600942B460348018890
:10B140003046009AFFF7D4FDF8BD00006C020024E1
:10B15000F8B506460C46154600942B460348018870
:10B160003046009AFFF7C4FDF8BD000068020024D5
:10B17000F8B506460C46154600942B460348018850
:10B180003046009AFFF7B4FDF8BD000070020024BD
:10B19000F8B506460C46154600942B460348018830
:10B1A0003046009AFFF7A4FDF8BD00006A020024B3
:10B1B000F8B506460C46154600942B460348018810
:10B1C0003046009AFFF794FDF8BD00006E0200249F
:10B1D000F8B506460C46154600942B4641F204018C
:10B1E0003046009AFFF784FDF8BDF8B506460C46D8
:10B1F000154600942B4641F269013046009AFFF74C
:10B2000077FDF8BDF8B506460C46154600942B466A
:10B2100041F202013046009AFFF76AFDF8BDF8B529
:10B2200006460C46154600942B4641F25D413046D9
:10B23000009AFFF75DFDF8BDF8B506460C461546C9
:10B2400000942B4641F259413046009AFFF750FDD9
:10B25000F8BDF8B506460C46154600942B4641F25B
:10B2600001013046009AFFF743FDF8BDF8B50646E8
:10B270000C46154600942B4641F207013046009AD1
:10B28000FFF736FDF8BDF8B506460C4615460094A6
:10B290002B4641F208013046009AFFF729FDF8BD20
:10B2A000F8B506460D4600BF00BF00236A4641F2CE
:10B2B00001013046FCF738FA0446012C02D100980F
:10B2C000A84200D124B9002229463046FFF7C1FF29
:10B2D000F8BDF8B506460D4600BF00BF00236A461C
:10B2E00041F207013046FCF71FFA0446012C02D157
:10B2F0000098A84200D124B9002229463046FFF721
:10B30000B5FFF8BDF8B506460D4600BF00BF0023E7
:10B310006A4641F208013046FCF706FA0446012C61
:10B3200002D10098A84200D124B900222946304613
:10B33000FFF7A9FFF8BD014601F47F007047014601
:10B3400088B2704770B505461148007810B100BF4B
:10B3500000BF70BD01200E4908702846FCF714FAA2
:10B3600004460AE000BF00BF608C20F00200608449
:10B370002046EAF7E3FE00BF00BF94F82200C0F3C6
:10B3800040000028EED10249087000BFE1E700004C
:10B39000640100243EB505460C46132D08DB00BFB2
:10B3A00000BFF1F7DFF90290BDF8081008463EBD76
:10B3B0000CB1042C08DD00BF00BFF1F7D3F90190F8
:10B3C000BDF804100846F2E7601EC4B2054800EB61
:10B3D000C50000EB440000880090BDF8001008464E
:10B3E000E5E7000030A604903EB505460C46132D57
:10B3F00008DB00BF00BFF1F7B5F90290BDF80810F7
:10B4000008463EBD0CB1052C08DD00BF00BFF1F7BA
:10B41000A9F90190BDF804100846F2E7601EC4B215
:10B4200005EB8500054901EB400000EB4400008876
:10B430000090BDF800100846E3E7000072A50490F4
:10B440001CB50446132C08DB00BF00BFF1F78AF9D6
:10B450000190BDF8041008461CBD044800EB4400F0
:10B4600000880090BDF800100846F5E74CA5049050
:10B470000146002904DAC1F57A7040F4005001E079
:10B4800041F4005000B270472DE9F0470246B2F98E
:10B490000490B2F900A0A9EB0A0000EBD0794FEAC2
:10B4A00069090FFA89F31088184405B250881844C6
:10B4B00006B20888401B07B24888801B04B213FB01
:10B4C00003FC17FB07F014FB0408E04502D8012039
:10B4D000BDE8F0870020FBE710B5DDF7BEFA4FF4BA
:10B4E000FA5300220B490C48F1F784FF0B48F1F79F
:10B4F00093FF0B48008800B208490880084840883C
:10B5000000B24880074848610348C8600846F1F720
:10B51000BDFF10BD289605240C960524A8D405244B
:10B52000E4040024358A009010B50AF085F8074835
:10B53000F7F715FF012005490870054848600846DF
:10B54000F7F722FF0349086010BD0000F4D405247A
:10B550008156039038010024F0B503460C460120C3
:10B56000002113E002F001053DB10546A5FB037C77
:10B5700001FB03C600FB0461384652101E46A6FBC1
:10B58000067C04FB06CC04FB03C43B46002AE9D13D
:10B59000F0BD00002DE9F04F87B005467348006804
:10B5A0000068846B714800680068C068806820602B
:10B5B0006E4800680068007CC0F3400038B96B48F2
:10B5C00000680068007C00F00100002849D067484E
:10B5D0000068F2F797F8401E0FFA80FA6348006897
:10B5E000F2F72AF8401E0FFA80FB5B460022114654
:10B5F00001A8CDF800A0EFF7EFF901A860605B4863
:10B6000000680068007CC0F3400090B157480068B3
:10B610000068C068806920F00200801C53490968F6
:10B620000968C968886101A8A060204600F0A0F8F8
:10B6300014E04E4800680068C06880694B4909689A
:10B640000968C968896960F3410148480068006871
:10B65000C0688161A560204600F08AF807B0BDE8A7
:10B66000F08F2846EFF72DF906902846EFF7B6F849
:10B6700005903E480068F2F745F8B5F90610884293
:10B6800005DC3A480068F2F73DF8401E01E0B5F9E4
:10B69000060006B23548DDE905210068E7F734FD0C
:10B6A00080464FF00009B5F9027033E02888ADF804
:10B6B0000C00A888ADF81000ADF80E7007EB08007C
:10B6C000401E00B2ADF8120003A86060A0602748D9
:10B6D00000680068C06880682060BDF91200B04250
:10B6E00001DDADF81260BDF912904E450CD11F4836
:10B6F00000680068C068806920F00200801C1B4957
:10B7000009680968C9688861204600F031F807EBCC
:10B71000080007B207EB0800401EB042C6DD4E45E8
:10B7200022D02888ADF80C00A888ADF81000ADF83C
:10B730000E70ADF8126003A86060A0600B4800684E
:10B740000068C06880682060084800680068C068B9
:10B75000806920F00200801C044909680968C968F2
:10B760008861204600F004F800BF77E76C010024F0
:10B770002DE9F0418EB0044666480068F1F758FFA5
:10B780000646306890B1706880B90CE06148006886
:10B790000068806A38B15F4A126810685D4A1268B2
:10B7A0001268916A884730690028EFD10027002588
:10B7B00058480068F1F784FF80464146606800F011
:10B7C00023F9074653480068406930B1514A12686E
:10B7D0005169606800F018F90546002F66D1002D08
:10B7E00064D1A06AE8B16846F3F73CFE49480068B6
:10B7F000C06A04904748006890F829008DF81A0044
:10B8000044480068408DADF804004248006890F854
:10B8100029008DF8030069462046A36A62689847AC
:10B8200044E03C480068C06A60B33A490968C86AA5
:10B830000DA9F7F723FA8046B8F1010F1FD10121B6
:10B840000D98C1EB505000900D98C0F38A20431E14
:10B85000002211460BA8EFF7BFF805A8F2F725FA6A
:10B860002C48006890F829008DF81F0029480068CE
:10B870000BAA05A9C36A2046F2F7C8F901E000BF88
:10B8800000BF13E06846F3F7EDFD22480068408DE5
:10B89000ADF804001F48006890F829008DF80300F7
:10B8A000694620466268F3F7C1FD00BF1948006889
:10B8B000406938B115B917480068456929462046DE
:10B8C00000F0C0F917B913480068076939462046E7
:10B8D00000F0B8F90F480068F1F7D6FE80464146FF
:10B8E000204600F0AFF90B480068F1F7C0FE804633
:10B8F0004146204600F0A6F9064800680068007C32
:10B90000C0F3400018B903480068DEF793F90EB0A1
:10B91000BDE8F0816C01002470B500203849086052
:10B9200038480068B0F8500100B970BD00253548AE
:10B930000068B0F85001441E08E03248006800F585
:10B940009870005D08B9254602E0641E002CF4DA08
:10B9500000BF2C4800680068C068806920F00100C2
:10B96000284909680968C96888612648006800682C
:10B97000C068806920F00200224909680968C96826
:10B980008861002434E01F48006800F59870005D6D
:10B9900068BBAC420CD11B4800680068C068806975
:10B9A00020F00100401C174909680968C9688861CE
:10B9B000144800680068C068806920F002001149DE
:10B9C00009680968C96888610E490968303101EB66
:10B9D000C400FFF7DFFD0B490968303101EBC400FB
:10B9E000EEF750FF06490968084405490860641CE1
:10B9F00004480068B0F85001A042C4DC00BF94E7DE
:10BA0000680100246C0100242DE9FC4780460C46A7
:10BA10000026002204F114014046D8F71CF980B337
:10BA200001212046FDF750FC58BB00208DF8000096
:10BA3000CDF804806A4612212046F5F7DDFA9DF81C
:10BA40000000022802D10020BDE8FC872046FBF759
:10BA50004CFD074600250BE0A068006850F82590D3
:10BA600049464046FFF7D0FF064606B102E06D1C8E
:10BA7000BD42F1D300BF1EB99DF8000000B92646B3
:10BA800000BF3046E0E700002DE9FC4100255AE008
:10BA90003148006800F59870405D00B152E0002424
:10BAA00049E02D48006800F59870005D08B9A5428E
:10BAB00000D13FE0284A1268303202EBC401264A26
:10BAC0001268303202EBC500D8F723F900B931E033
:10BAD00021480068303000EBC4021F480068303055
:10BAE00000EBC5016846D8F755FA6846EEF7CAFE7E
:10BAF000064619490968303101EBC500EEF7C2FE70
:10BB0000074615490968303101EBC400EEF7BAFE6B
:10BB1000384486420DD210490968303101EBC50026
:10BB20006946EEF7FCFD01210B48006800F59870AE
:10BB3000015500BF641C08480068B0F85001A042DD
:10BB4000AFD800BF6D1C04480068B0F85001A8428F
:10BB50009ED8BDE8FC8100006C0100242DE9F04F67
:10BB600087B004460D4601212846FDF7ADFB10B114
:10BB700007B0BDE8F08FA66803A92846FBF756FD7D
:10BB80002846D9F7A4FB83465A46594603A8EEF740
:10BB900001FF03AA314605A8D8F71CF800B9E7E76A
:10BBA00005A8A060224614212846F5F725FA22466A
:10BBB00015212846F5F720FA224616212846F5F7E2
:10BBC0001BFA4FF001084FF400212846FDF77CFBDB
:10BBD00020B1306801907068029008E005F114020D
:10BBE000314601A8D7F7F6FF08B94FF00008B8F1C1
:10BBF000000F13D001A8A0602846FBF776FC814611
:10BC0000002708E0A868006850F827A051462046A1
:10BC1000FFF7A4FF7F1C4F45F4D300BF05A8A06029
:10BC2000224617212846F5F7E7F92246182128462B
:10BC3000F5F7E2F9224619212846F5F7DDF9A66065
:10BC400000BF95E72DE9F05F07460C4624B923486D
:10BC50000068F1F735FD04460CB9BDE8F09F2146B8
:10BC60003846FFF77BFFA0462046FBF785FD0546DB
:10BC70002FE04FF0000A2846FBF737FC83460026EA
:10BC800010E0A868006850F82690BAF1000F04D1BF
:10BC9000C14506D14FF0010A03E049463846FFF797
:10BCA0005DFF761C5E45ECD33A4617212846F5F732
:10BCB000A3F93A4618212846F5F79EF93A46192184
:10BCC0002846F5F799F9A8462846FBF755FD05469D
:10BCD00000BF002DCDD100BFBFE700006C010024E4
:10BCE0002DE9F04107460C46254695F82A0020F03C
:10BCF000010085F82A000020A884E8842885102106
:10BD00002046FAF7A5FE4FF400712046FAF7A0FE90
:10BD100000BF00BF21460848FAF7EBFD0646304653
:10BD2000FAF75CFE002205A1204600F057F900BF9B
:10BD300000BFBDE8F0810000B4A804904F707469A2
:10BD40006F6E20310A4F7074696F6E20320A4F7027
:10BD500074696F6E20330A4F7074696F6E20340AF5
:10BD60004F7074696F6E2035000000002DE9F84FA8
:10BD7000884641467248FBF775FB8146B9F1010FD1
:10BD800001D0BDE8F88F4046F5F7CEF805464046AD
:10BD9000F5F72BF907463C462C2D08D14046F5F720
:10BDA00021F906463846E7F7F2FC3080C5E02A2D37
:10BDB00011D13846E7F71DF9064626B100222A219F
:10BDC0003046F5F719F93846FEF7C7FB002138462B
:10BDD00005F07EFBB1E0292D04D10021384605F0A5
:10BDE00077FBAAE0012D0BD1A06A20F40030A062FD
:10BDF0003846E7F7FEF806465249EDF70FFE9CE09D
:10BE0000022D20D1F7F7F2FA824669465046F7F73D
:10BE100049FBBDF80200A8B13846E7F7EAF88346C7
:10BE20005846FDF720FABDF80210084406B2314624
:10BE30005846FFF767FAA06A20F4003000F500309A
:10BE4000A06200BF79E0082D01D0032D03D1384650
:10BE500005F08CFC71E00E2D22D13846FBF732FC48
:10BE600083465846F6F712F80646F7F7BFFA0090F1
:10BE7000F7F711FB8246BAF1040F0ED156B9E08CE8
:10BE8000218D88420BD0208DE0840121384605F0B9
:10BE90001FFB04E0E08C208501E0E08C20854CE075
:10BEA0000F2D0AD1E08C218D884246D0208DE08470
:10BEB0000121384605F00CFB3FE00D2D2CD140460A
:10BEC000F5F790F80678132E01D0122E10D1E08CE1
:10BED000401CA18C88421EDAB4F828A0E08C401CDB
:10BEE00081B20122384600F0F6F8A4F828A012E04A
:10BEF000142E01D0112E0ED1E08C00280BDDB4F8E9
:10BF000028A0E08C401E81B20122384600F0E3F800
:10BF1000A4F828A000BF10E0132D07D13846E7F79A
:10BF200068F806463046FEF7E9FA06E0152D01D01E
:10BF3000182D02D14046E0F79CFF00BF21E700002A
:10BF400098A80490D92003902DE9F05F0F46384659
:10BF5000F4F7EAFF0446152C08D039461E48FBF7D3
:10BF600081FA0546012D01D0BDE8F09F3846F5F76E
:10BF70003CF88246132C1DD13846F5F733F80646B7
:10BF80005046FBF7F9FB83465846E7F700FC80462E
:10BF90005046FDF73CF98146B6F90000A8EB0901CF
:10BFA000884202DDB6F9000001E0A8EB090000B20A
:10BFB00030800EE0292C07D15046FBF7DDFB06460A
:10BFC000002105F085FA04E0152C02D13846DFF790
:10BFD000CBFB00BFC8E70000B4A804902DE9F84FE0
:10BFE00005460E46934600BF00BF00BF1EB900BF06
:10BFF00000BF00BFFEE700BF2C462846E6F7F9FF6A
:10C0000000900020E0842085A084804608E016F897
:10C0100008000A2802D1A08C401CA08408F1010865
:10C0200016F808000028F2D1A08C401CA084BBF1B7
:10C03000000F0AD194F82A0020F0010084F82A00A9
:10C0400031460098F8F7ECFD3EE094F82A0020F025
:10C050000100401C84F82A003046D4F7DBF900F1D7
:10C060000109C9EBC900F9F741F907464FF0000A89
:10C070000FE009FB0A703146D4F7A8F90A210AF14A
:10C08000010009FB00F0401E39540AF1010000F0E4
:10C09000FF0ABAF1070FECDB0021C9EBC900401E13
:10C0A000395439460098F8F7BBFD3846F9F79AF944
:10C0B000A08C00EB4000E084A08CC0EBC000A0840A
:10C0C0002846E9F77FF900BFE08C20850098FEF74D
:10C0D00015FABDE8F88F2DE9F04105460E461746E2
:10C0E00000BF00BF2C4694F82A0000F0010070B198
:10C0F0003146E28C072392FBF3F290B210B1C0EB11
:10C10000C002891AC0EBC0020A4496B200BFA08CDC
:10C11000B04201DD304601E0A08C401EE084E08C9E
:10C1200020853946284605F0D3F9BDE8F08110B5E1
:10C13000F1F76AFA0446F1F7C3FA10BD2DE9F041B0
:10C1400007460C462546002045F8700F287920F058
:10C1500001002871287920F002002871703D4FF409
:10C1600040712046FAF774FC10212046FAF770FC63
:10C170000020F1F74FFA502101EBC000A02190FB05
:10C18000F1F0012809DD0020F1F744FA502101EB1C
:10C19000C000A02190FBF1F000E0012006B2314682
:10C1A0002046FEF731FDBDE8F08100002DE9F34F98
:10C1B0008BB0FE480C99FBF755F90A900A980128B4
:10C1C00002D00DB0BDE8F08F0C98F4F7ADFE054637
:10C1D0000C98F4F70AFF06463446304600F08DFB13
:10C1E0008046112D31D10C98F4F7FCFE0746B0685B
:10C1F00018B1B068B0F9140000E00020814604F1E5
:10C20000680108A8EEF7CAFA4A46494608A8EEF7B8
:10C21000C1FB002208A83968D7F7F3FD38713879D7
:10C2200090B9B8F1020F0FD104F1600108A8EEF740
:10C23000B5FA4A46494608A8EEF7ACFB002208A822
:10C240003968D7F7DEFD38714FE3012D78D13046DC
:10C25000FDF7D7FB94F8740020F00100401C84F82F
:10C260007400B8F1000F02D0B8F1010F03D104F14E
:10C270002400206757E1B8F1020FFBD1F7F7B6F8B9
:10C28000834609A9F7F7CCF83046FCF7C0FF834690
:10C290003046FBF721FA834501DB012000E0002056
:10C2A000089000213046FCF70FF90746089800284F
:10C2B00076D0012F05D0BDF92410B4F96C0081426D
:10C2C00007DC012F09D1BDF92400B4F968108842B8
:10C2D00003DA04F12400206724E1012F05D0BDF921
:10C2E0002400B4F96010884207DB012F09D1BDF9A1
:10C2F0002410B4F96400814203DD04F130002067AA
:10C3000010E1B4F96430B4F960C0A3EB0C0202EBA5
:10C31000D2730CEB6303BDF924C0A3EB0C03002B19
:10C320000FDDB4F96430B4F960C0A3EB0C0101EB8C
:10C33000D1730CEB6303BDF924C0A3EB0C030EE037
:10C34000F2E0B4F96430B4F960C0A3EB0C0000EB88
:10C35000D0730CEB6303BDF924C0ACEB03030FFAFD
:10C3600083F9B4F96C30B4F968C0A3EB0C0202EBAA
:10C37000D2730CEB6303BDF924C0A3EB0C03002BB9
:10C380000FDDB4F96C30B4F968C0A3EB0C0101EB1C
:10C39000D1730CEB6303BDF924C0A3EB0C030EE0D7
:10C3A00026E0B4F96C30B4F968C0A3EB0C0000EBE4
:10C3B000D0730CEB6303BDF924C0ACEB03030FFA9D
:10C3C00083FACA4509DA04F12400206794F874005E
:10C3D00020F0020084F87400A4E004F1300020672B
:10C3E00094F8740020F00200801C84F8740099E036
:10C3F000BDF92610B4F96A00814203DA04F1240081
:10C4000020678FE0BDF92610B4F96600814203DD94
:10C4100004F13000206785E0B4F966C0B4F96230F9
:10C42000ACEB030202EBD2734FEA630CB4F9623057
:10C430006344BDF926C0A3EB0C03002B11DDB4F956
:10C4400066C0B4F96230ACEB030101EBD1734FEA83
:10C45000630CB4F962306344BDF926C0A3EB0C034E
:10C4600010E0B4F966C0B4F96230ACEB030000EB45
:10C47000D0734FEA630CB4F962306344BDF926C04F
:10C48000ACEB03030FFA83F9B4F96EC0B4F96A3068
:10C49000ACEB030202EBD2734FEA630CB4F96A30DF
:10C4A0006344BDF926C0A3EB0C03002B11DDB4F9E6
:10C4B0006EC0B4F96A30ACEB030101EBD1734FEA03
:10C4C000630CB4F96A306344BDF926C0A3EB0C03D6
:10C4D00010E0B4F96EC0B4F96A30ACEB030000EBC5
:10C4E000D0734FEA630CB4F96A306344BDF926C0D7
:10C4F000ACEB03030FFA83FACA4509DA04F124000E
:10C50000206794F8740020F0020084F8740009E0B9
:10C5100004F13000206794F8740020F00200801CC1
:10C5200084F8740000BFE0E1022D78D1206F00286C
:10C5300075D0F6F75BFF09900998F6F7ACFF012874
:10C5400000D03EE608A90998F6F76AFF00213046B8
:10C55000FBF7BAFF07903046FCF759FE824630469B
:10C56000FBF7BAF8834600213046FCF77CFA0690C8
:10C5700000213046FCF720FB059000213046FCF7F7
:10C58000EBFB049000213046FCF790F98146D4E99A
:10C590000A10401A03900027E06A0290A06A0190F6
:10C5A000DA4521DB0699AAEB010201E0D0A804904C
:10C5B0000599511A08B20799012907D1B6F918202F
:10C5C0000599511ABDF920208F1A06E0BDF92020E7
:10C5D000B6F9143006991944571A0399794391FB17
:10C5E000F0F7A16A0F4412E0ABEB09020499511A6B
:10C5F00008B2BDF92220B6F91A104944571A7942F7
:10C60000039A514391FBF0F7A16A0F4400BF04F174
:10C610003000216F814203D1606A029002E01EE087
:10C62000206B01900198874201DA019F03E0029894
:10C63000874200DD029F206F0068B8420ED0206F55
:10C6400007603046FDF7DDF900221C213046F4F783
:10C65000D3FC0A900A98012800D0B2E545E1082DE4
:10C6600001D0032D3ED194F8740020F0010084F82D
:10C670007400002020673046FDF7C3F93046FBF711
:10C6800021F882465046F5F701FC0746F6F7AEFE64
:10C690008346F6F700FF8146B9F1040F21D107B3B5
:10C6A000304600F02AF9022817D194F87400C0F33C
:10C6B000400038B994F8740020F00200801C84F81F
:10C6C00074000EE094F8740020F0020084F8740006
:10C6D00000215046F5F77DFC03E000215046F5F7B8
:10C6E00078FC02E10E2D10D1F6F780FE8146F6F7B8
:10C6F000D2FE0746042F01D0022F05D194F8740012
:10C7000020F0020084F87400EFE0292D03D13046B8
:10C71000FDF7F4FEE9E0132D7ED14FF440313046B1
:10C72000FCF7A1F909904FF440313046FCF744FA88
:10C7300008904FF440313046FCF70EFB82464FF430
:10C7400040313046FCF7B2F807904FF4403B43F6D7
:10C750000E0259463046FCF733FB0390039800B2B3
:10C76000069059463046FCF7DDFC059059463046A8
:10C77000FCF7BEFC04903046FCF749FD0222059907
:10C7800012FB010B3046FAF7A7FF0222049912FBB5
:10C790000100834507DA3046FCF739FD022205998E
:10C7A00002FB010006E03046FAF796FF02220499E8
:10C7B00002FB0100401007B206987843001207B24E
:10C7C000DDE90810884201DD099900E00899079821
:10C7D000504501DD079800E05046814207DDDDE964
:10C7E0000810884201DD099807E0089805E00798DD
:10C7F000504501DD079800E05046384407B2B81CA8
:10C8000007B24FF440313046F9F7A9FF384407B278
:10C810000C98F4F7E7FB00E00BE08146B9F9000063
:10C82000B84202DDB9F9000000E03846A9F800007E
:10C830005BE00D2D54D10C98F4F7D4FB0778132F3F
:10C8400001D0112F23D194F87400C0F3400050B9E7
:10C85000304600F061F800F10109012249463046F6
:10C8600000F06AF809E0304600F041F800F10109F3
:10C8700001224946304600F055F800221C2130467E
:10C88000F4F7BAFB0A900A98012828D099E4142FEB
:10C8900001D0122F23D194F87400C0F3400050B996
:10C8A000304600F039F8A0F101090122494630462E
:10C8B00000F042F809E0304600F019F8A0F1010953
:10C8C00001224946304600F02DF800221C21304656
:10C8D000F4F792FB0A900A98012800D071E404E072
:10C8E000152D02D10C98DEF727FE00BF69E410B5C4
:10C8F00004462046EEF7C7F910BD70B50546284638
:10C90000EEF7B8F90446012C00D170BD022C01D11C
:10C910000220FAE70020F8E710B504462046EEF7BB
:10C92000C5F910BD70B504460D4616463246294677
:10C930002046EEF7CDF970BD70B504460D4616469B
:10C94000324629462046EEF7F9F970BD0FB47CB5A2
:10C9500004460D4609A80190019800902A462146F8
:10C960000548089BD9F712FA064600200190304688
:10C970007CBC5DF814FB00000F5D009070B50646AE
:10C980000C4600BF00BF2546002045F8600F288AEE
:10C9900020F0F0002882288A20F00F00401D288215
:10C9A0000120E860104868604042A860288A20F4AE
:10C9B00080702882288A20F4C06000F58060288278
:10C9C000603D0121204601F079FF0121204601F060
:10C9D000E4FE82212046FEF763FC204600F08EF93B
:10C9E00000BF00BF70BD00009F86010070B5054606
:10C9F00000BF00BF2C46E16E206E401AA16E884237
:10CA00000EDBE16E206E401A05D5206E002802DD97
:10CA1000206E40422066E16E206E401A20660DE0D6
:10CA2000B4F87000C0F3002030B1A16E206E8842CF
:10CA300002D1606E206601E0A06E2066284600F0FC
:10CA40005DF970BD2DE9F34F83B001200290774866
:10CA50000499FAF707FD02900298012802D005B068
:10CA6000BDE8F08F0498F4F75FFA06460498F4F7EF
:10CA7000BCFA07463C46082E7ED1F6F7B7FC01907B
:10CA80000198F6F708FD042840D13846FAF71AFE57
:10CA90000546F5F7FBF9002811D094F8700000F076
:10CAA0000F0001280BDDB4F87000C0F3412002280C
:10CAB00014D1E06E012803DD384600F0E6F87AE094
:10CAC00094F8700000F00F00821E0A200021FEF78B
:10CAD00043FDE066384600F0EBF86CE094F8700037
:10CAE00000F00F00421E0A200021FEF735FDE26E25
:10CAF000D317101A8B4103DA384600F0D9F85AE000
:10CB00000A20E066384600F0C0F854E0384601F0EC
:10CB100032FE82465046D3F77DFC8346206C1AF8DD
:10CB200000002E2803D1384601F0ABFC11E0206C48
:10CB3000584505D1ABF10101384601F039FE08E056
:10CB4000206C30B9A06E002803DA0121384601F0CC
:10CB50002FFE94F8700000F00F00401E009040205F
:10CB6000005B85B294F87010C1F30311206C884209
:10CB700008D994F8700000E01EE0C0F3031008B17B
:10CB8000681E85B20098A0EB0508A06E002801DAA7
:10CB900008F101080120E0664FF0000908E0E06EAE
:10CBA00000EB80004000E06609F101001FFA80F907
:10CBB000C145F4D300BF36E00D2E34D1F6F716FC94
:10CBC0008146F6F768FC80460498F4F70BFA05688E
:10CBD000132D0AD1B8F1040F03D1384600F028F81C
:10CBE00020E0384600F051F81CE0142D0AD1B8F1CD
:10CBF000040F03D13846FFF7F9FE13E0384600F082
:10CC000057F80FE0112D03D1384600F011F809E074
:10CC1000122D03D13846FFF7E9FE03E029463846D6
:10CC200001F002FA00BF00BF19E7000098C10390AD
:10CC300070B5054600BF00BF2C46E16E206E08446B
:10CC4000616E88420FDCE16E206E0844002805DD2D
:10CC5000206E002802DA206E40422066E16E206ECF
:10CC6000084420660DE0B4F87000C0F3002030B135
:10CC7000D4E91801884202D1A06E206601E0606EFE
:10CC80002066284600F03AF870BD70B5064600BF31
:10CC900000BF34460A21E06E90FBF1F5002D01DD66
:10CCA000E56601E00120E066304600F027F870BD3F
:10CCB0002DE9F041054600BF00BF2C46D4E919100C
:10CCC000002802DAA06E404200E0A06E814201DD41
:10CCD000606E06E0A06E002802DAA06E404200E01E
:10CCE000A06E0746E06E00EB80004600BE4200DC0E
:10CCF000E666284600F002F8BDE8F0812DE9F04F25
:10CD00008BB081464D46122106A8F8F79AFD06AE73
:10CD10004FF0000BA86E002808DA286E002801DB0F
:10CD20002B2000E02D203070761C03E00BF1010079
:10CD300000F0FF0B286E002801DD286E01E0286E50
:10CD4000404203463EA20E2102A8FFF7FFFD02A8C3
:10CD5000D3F760FB95F8701001F00F01A1EB00080C
:10CD6000B8F1000F15DD02A8D3F754FB84B206E03A
:10CD700002A8005D04EB080102AA5054641E002CB6
:10CD8000F6DA002403E0302002A90855641C44456B
:10CD9000F9DB95F87000C0F3031020B995F8700026
:10CDA00000F00F0003E095F87000C0F3031001904D
:10CDB000002404E002A8005D3070761C641C019819
:10CDC000844203DA02A8005D0028F3D195F87000D0
:10CDD000C0F3031090B12E203070761C04E002A83E
:10CDE000005D3070761C641C95F8700000F00F0038
:10CDF000A04203DD02A8005D0028F0D106A9484644
:10CE000001F0AEFDD5F86CA095F8700000F00F07AA
:10CE100004E00A209AFBF0FA781EC7B2BAF10A0FB2
:10CE2000F7DA0198874201DD781CC7B2A7EB0B0047
:10CE3000C7B23946484601F0BBFC0BB0BDE8F08FE5
:10CE40002564000030B591B005460C46022120460D
:10CE5000F9F7FEFD01A8ECF729FE00BF019400BF21
:10CE60001A4901A8ECF7A7FE01A84FF6FF718187C8
:10CE700000BF174908680B9000BF1648006800F50E
:10CE8000B4721448016801A8ECF7B7FE01A8ECF7EA
:10CE9000D7FE1148079000BF4FF4B472002101A8DB
:10CEA000ECF7ABFE0D4901A8ECF785FE01A8ECF705
:10CEB000C7FE4FF4B47200212046EDF7CEFA4FF4CE
:10CEC00087712046EDF79EFB11B030BD216A0090BE
:10CED000280200242C020024E59A0190316A009077
:10CEE00070B504460D46164632462946204600F0E7
:10CEF0003CF870BDF0B503469888C00B68B11C685B
:10CF000007E02088884203D1606810600120F0BDEE
:10CF1000083420880028F4D1F9E7D87908B900202E
:10CF2000F5E7D879012815DDD8791F6807EB80056A
:10CF30002E4600240AE036F81400884205D11F6806
:10CF400057F8240010600120E1E7641CD879A04262
:10CF5000F1D808E09888C0F30E00884203D1186821
:10CF600010600120D3E70020D1E7F0B50346988890
:10CF7000C00B68B11C6807E02088884203D1606854
:10CF800010600120F0BD083420880028F4D1F9E7B2
:10CF9000D87908B90020F5E7D879012815DDD879C6
:10CFA0001F6807EB80052E4600240AE036F81400BF
:10CFB000884205D11F6857F8240010600120E1E77E
:10CFC000641CD879A042F1D808E09888C0F30E001C
:10CFD000884203D1186810600120D3E70020D1E710
:10CFE00010B5044608212046F8F72BFC10BD014679
:10CFF00000BF00BFC87908B9012070470020FCE7D6
:10D000003EB504464E2C75D01EDC332C73D00EDC9E
:10D01000292C78D006DC202C45D0222C53D0252C6E
:10D020006CD177E0302C4FD0312C67D168E0462CA2
:10D0300068D004DC3B2C49D0442C79D145E0472C06
:10D0400048D04D2C74D143E040F63C01601A8C422C
:10D050005AD010DC40F25741A4EB01008C4238D08A
:10D0600004DC522C33D0532C62D150E0012848D03C
:10D070000B285DD143E040F2CA72811A904253D02E
:10D0800006DC092841D0A0F2C770002850D14AE040
:10D09000A1F2534088B3A0F50C50B53870BB4FF4E3
:10D0A0008070029048E000BFFF2211461046EFF763
:10D0B00000FD0090BDF8001008460190BDF8040086
:10D0C000ADF8080038E000BF00BF00BF00BF00BFE0
:10D0D00000BF00BF00BF002211461046EFF7E9FC79
:10D0E0000090BDF8001008460190BDF80400ADF8AE
:10D0F000080021E00AE010E005E011E018E000BFC0
:10D1000000BF00BF00BF00BF00BF00BF00BFFF20C7
:10D11000029011E0FF2002900EE00F2002900BE041
:10D120000748029008E000BF41F6FF70029003E05C
:10D1300000200290029000BF00BF02983EBD000098
:10D1400080F7039003480088401C02490880084685
:10D1500000887047DC0200242DE9FE4F0446884613
:10D1600000BF00BFA088C00B20B100BF00BF0020DF
:10D17000BDE8FE8FE07908B90020F9E7E0790128E1
:10D180000ED1A088C0F30E00404507D1A0886FF3F0
:10D190000E00A0800020E0710120E9E70020E7E711
:10D1A000E079216801EB80060296029E002553E09B
:10D1B00036F8150040454ED1D4F80090E0790228A9
:10D1C00012D10120E0710DB9708800E03088A1888B
:10D1D00060F30E01A1801DB9D9F80400206035E08C
:10D1E000D9F80000206031E0E079401E00EB4000FB
:10D1F000400001900198F8F73FF88246BAF1000F1D
:10D2000001D10020B4E7C4F800A0E079401EE0712D
:10D21000E0790AEB8000029002980090D346002744
:10D220003D460FE036F8170040450AD059F8271060
:10D230004BF8251036F8172028466D1C009921F868
:10D2400010207F1CE079B842ECD200BF4846F8F7C6
:10D25000E1F801208CE76D1CE079A842A8D80020F5
:10D2600086E710B5044600BF00BFA088C00B10B110
:10D2700000BF00BF10BDE079012802DD2068F8F78B
:10D28000C9F808212046F8F7DCFA00BFF2E738B504
:10D2900005460C46009465212846009A00F087F95F
:10D2A00038BD13B582B00446BDF80C00ADF80400DB
:10D2B00052212046019A00F07AF91FBD38B5054683
:10D2C0000C46009451212846009A00F070F938BDB0
:10D2D00038B505460C4600944FF405612846009A7F
:10D2E00000F065F938BD13B582B00446BDF80C00F6
:10D2F000ADF8040020212046019A00F058F91FBD26
:10D3000013B582B00446BDF80C00ADF8040022212C
:10D310002046019A00F04BF91FBD38B505460C4672
:10D32000009440F628012846009A00F040F938BDE4
:10D3300038B505460C46009421212846009A00F095
:10D3400036F938BD13B582B00446BDF80C00ADF80F
:10D35000040030212046019A00F029F91FBD38B59C
:10D3600005460C46009431212846009A00F01FF92A
:10D3700038BD38B505460C46009434212846009A3D
:10D3800000F015F938BD38B505460C460094332138
:10D390002846009A00F00BF938BD38B505460C4612
:10D3A000009441F232012846009A00F000F938BD9D
:10D3B00038B505460C46009461212846009A00F0D5
:10D3C000F6F838BD38B505460C460094632128466A
:10D3D000009A00F0ECF838BD38B505460C460094CC
:10D3E00064212846009A00F0E2F838BD38B50546B9
:10D3F0000C46009441F204012846009A00F0D7F848
:10D4000038BD13B582B00446BDF80C00ADF8040079
:10D410004D212046019A00F0CAF81FBD38B50546D7
:10D420000C46009440F649012846009A00F0BFF8E7
:10D4300038BD38B505460C46009441F20601284631
:10D44000009A00F0B4F838BD38B505460C46009493
:10D4500041F203012846009A00F0A9F838BD13B53F
:10D4600082B00446BDF80C00ADF804003B21204614
:10D47000019A00F09CF81FBD38B505460C46009493
:10D4800040F63C012846009A00F091F838BD38B5C6
:10D4900005460C46009440F63D012846009A00F0EF
:10D4A00086F838BD38B505460C46009440F63A017A
:10D4B0002846009A00F07BF838BD70B504460D464A
:10D4C0002946204600F03BF82946204600F042F865
:10D4D0002946204600F054F82946204600F001F87D
:10D4E00070BD38B505460C46009441F6110128463A
:10D4F000009A00F05CF838BD38B505460C4600943B
:10D5000041F615012846009A00F051F838BD70B573
:10D5100004460D462946204600F027F829462046B5
:10D52000FFF7EAFF70BD70B504460D462946204658
:10D5300000F005F82946204600F00CF870BD38B51B
:10D5400005460C46009441F612012846009A00F068
:10D550002EF838BD38B505460C46009441F6130147
:10D560002846009A00F023F838BD38B505460C4629
:10D57000009441F614012846009A00F018F838BDCE
:10D5800038B505460C46009441F610012846009A2D
:10D5900000F00DF838BD70B504460D46294620460A
:10D5A000FFF7EEFF29462046FFF79BFF70BD2DE9F0
:10D5B000F74F82B004460F4600BF00BFA088C00BE3
:10D5C00020B100BF00BF05B0BDE8F08FE0790128B1
:10D5D00043DDE079216801EB8008C246E079451E11
:10D5E00009E03AF81500B84204D12068049A40F8DE
:10D5F0002520E8E76D1E002DF3DAE079401C00EBF2
:10D6000040004000019020680199F7F757FF064657
:10D6100006B9D8E72660E07906EB8008C246E079D3
:10D62000451E05E03AF81510A81C2AF810106D1ECA
:10D63000002DF7DAE079401CE071E07906EB800814
:10D64000C246B346E079401E2AF81070E079401EC9
:10D650005E4604994BF8201037E0E07901282CD180
:10D66000A088C0F30E00B84202D104982060AAE757
:10D67000E079401C00EB40004FEA400B5846F7F7BA
:10D68000FBFD054605B99EE7206801902560E0791D
:10D69000401CE071E07905EB8008C2462E46A08868
:10D6A000C0F30E00D046AAF80000AAF80270354672
:10D6B000019830600498706007E00120E071A08854
:10D6C00067F30E00A080049820603846D8F765F80C
:10D6D0008146A179012202FA09F21143A17100BF2A
:10D6E00071E738B505460C46009460212846009A3B
:10D6F000FFF75DFF38BD13B582B00446BDF80C00DE
:10D70000ADF8040044212046019AFFF750FF1FBDE9
:10D7100038B505460C46009440F642012846009A6A
:10D72000FFF745FF38BD38B505460C46009440F676
:10D7300045012846009AFFF73AFF38BD38B505463F
:10D740000C46009440F643012846009AFFF72FFF4D
:10D7500038BD38B505460C4600944FF404612846A0
:10D76000009AFFF724FF38BD70B504460D462946E0
:10D77000204600F054F829462046FFF737FE70BDDA
:10D7800038B505460C46009441F25D412846009AA2
:10D79000FFF70DFF38BD13B582B00446BDF80C008D
:10D7A000ADF8040040F257412046019AFFF7FFFE12
:10D7B0001FBD38B505460C46009441F25941284634
:10D7C000009AFFF7F4FE38BD38B505460C460094C4
:10D7D00041F25B412846009AFFF7E9FE38BD38B5B3
:10D7E00005460C46009440F60B012846009AFFF7C8
:10D7F000DEFE38BD38B505460C46009440F60A01F9
:10D800002846009AFFF7D3FE38BD38B505460C46CA
:10D81000009467212846009AFFF7C9FE38BD38B545
:10D8200005460C46009441F201012846009AFFF794
:10D83000BEFE38BD2DE9F04704460D4616461F468C
:10D84000DDE9088914212046F7F7FBFF25600EB9B2
:10D85000054800E03046A060E760C4F81080C4F8D6
:10D860000490BDE8F08700006B9B019070B5044602
:10D870000D46264675623046FCF7C3F870BD70B59C
:10D88000044625684FF0FF3068622846FCF7B9F877
:10D8900070BD70B506460C4625464FF0FF306862F5
:10D8A00010212046F9F7D4F808212046F8F7B4FBF8
:10D8B0004FF480612046F8F7AFFB70BD70B50646A7
:10D8C0000C46254600212846ECF7A8F870BD00005C
:10D8D0002DE9FC5F0F4639463D48F9F7C3FD01903D
:10D8E0000198012801D0BDE8FC9F3846F3F71CFBE6
:10D8F00005463846F3F779FB0090132D58D14FF4C5
:10D9000040310098FBF7BCF880464FF44031009856
:10D91000FBF75FF981464FF440310098FBF729FA95
:10D9200082464FF440310098FAF7CDFF8346C84550
:10D9300001DD404600E04846D34501DD594600E0A0
:10D940005146884205DDC84501DD404606E04846AF
:10D9500004E0D34501DD584600E050460646B01CC1
:10D9600006B24FF440310098F8F7F9FE304406B2A1
:10D970003846F3F737FB0446B4F90000B04202DD45
:10D98000B4F9000000E0304620804FF400310098E8
:10D99000F8F7E5FEB4F90010884202DAB4F90000A5
:10D9A00004E04FF400310098F8F7D9FE20800DE034
:10D9B0001C2D06D1009800F00DF80098FCF721F816
:10D9C00004E0152D02D13846DFF741FB00BF8AE79E
:10D9D000ECA804902DE9F04790B0804600BF00BF4E
:10D9E00044460025652229462046FBF7E9F90F90B9
:10D9F0000F9F00BF002F47D04046FAF7D1FC00F040
:10DA0000010A606A401C80B9BAF1000F01D0002001
:10DA100001E04FF480700546BAF1000F02D04FF4D8
:10DA2000807000E00020064608E0656ABAF1000F49
:10DA300002D04FF4807000E000200646A81B0028AA
:10DA400001DDA81B00E0701B78434FEA102900217C
:10DA50002046EBF7E3FF6846ECF728F800BF009498
:10DA600000BF0B48019000BF00BF079508950996BD
:10DA700000BF0848039000BF00BFCDF8289000BF4A
:10DA80006846ECF7DDF800BF10B0BDE8F087000095
:10DA90006DD802907FD8029070B506460C46254698
:10DAA0000120A884E884A98C4800F7F7E5FB2863E7
:10DAB000E98C4800F7F7E0FBE8628220296B0880D8
:10DAC000E96A0880EA8CAB8C5A439100A86AF7F7A0
:10DAD000F5FCA8620020A96A086070BD2DE9F0413C
:10DAE00007460E46344600250EE0A06A50F8250091
:10DAF00040B1A16A51F82500F7F78CFC0020A16A1B
:10DB000041F82500681C85B2A08CE18C4843A842EE
:10DB1000EBDCA06A10B1A06AF7F77CFCE06A10B1F8
:10DB2000E06AF7F777FC206B10B1206BF7F772FC17
:10DB3000BDE8F0812DE9F34F83B083480499F9F7EC
:10DB400091FC8146B9F1010F02D005B0BDE8F08F1C
:10DB50000498F3F7E9F906460498F3F746FA824683
:10DB600054462A2E04D10021504603F069FDE9E015
:10DB70002C2E27D10498F3F735FA80464FF0000B8E
:10DB8000002506E0206B30F8150058440FFA80FBA2
:10DB90006D1CA08CA842F5D80027002505E0E06A9E
:10DBA00030F81500384407B26D1CE08CA842F6D856
:10DBB000ABF1010000B2A8F80000781E00B2A8F88E
:10DBC0000200BFE0012E01D0022E1BD102AA01A942
:10DBD0005046E5F733FB0546012D12D1A08EBDF866
:10DBE0000810884204D1E08EBDF80410884208D0A5
:10DBF000BDF80800A086BDF80400E0865046FBF79B
:10DC000000FF9FE0082E2BD15046FBF7FAFEF5F7F8
:10DC1000EDFB80464046F5F72EFC0746A08E4FF6FA
:10DC2000FF7188420DD0E08E88420AD04FB90022A1
:10DC30001C215046F3F7E0F98146B9F1010F00D0FD
:10DC400083E7F5F7D3FB8346F5F725FC0546012D61
:10DC500001D0032D03D14FF6FF70A086E08671E05E
:10DC60000E2E03D15046FBF7CCFE6BE00D2E64D197
:10DC70000498F3F7B7F9D0F80080A78EE58E4FF639
:10DC8000FF70874201D0854206D10020A086E08641
:10DC90005046FBF7B6FE58E7A08CB84200DC0027E0
:10DCA000E08CA84200DC0025B8F1140F01D17F1EE2
:10DCB0000FE0B8F1130F01D17F1C0AE0B8F1110F8A
:10DCC00001D16D1E05E0B8F1120F01D16D1C00E00D
:10DCD0003BE7A08CB84209DCE08C401EA84202DD84
:10DCE00000276D1C0AE0A08C471E07E0002F05DA14
:10DCF0001DB1A08C471E6D1E00E00027E08CA842DD
:10DD000002DCE08C451E02E0002D00DA0025A08E2A
:10DD1000B84202D1E08EA8420ED0A786E5865046D2
:10DD2000FBF76FFE00221C215046F3F765F9814690
:10DD3000B9F1010F00D008E704E0152E02D10498D4
:10DD4000DFF768FA00BF00E708A904902DE9F04763
:10DD500081460D462C465148007884F82C0094F8F2
:10DD60002C00012810D0022813D0042802D0082843
:10DD700014D104E001212846FCF772FF0EE00921CE
:10DD80002846FCF76DFF09E000212846FCF768FFF4
:10DD900004E008212846FCF763FF00BF00BF42F201
:10DDA000640211462846FDF78CF82846EDF7E0F8A6
:10DDB00007462846F8F712FF804601213846EDF75E
:10DDC000EDFD0420F7F758FA606235A0616A08603B
:10DDD0003846616AEDF7EAFC00231C2231493846D7
:10DDE000F8F7D2F84FF480413846F8F715F90023D8
:10DDF0001A462D494046F8F7C7F800214046FDF77E
:10DE000046F894F82C00012819D0022818D00428CC
:10DE100002D0082826D100E000BF2448B0F9002035
:10DE200042F264013846FDF74CF842F26401404684
:10DE3000FDF736FA01214046FCF724FF12E000BF4F
:10DE400042F264021948B0F900103846FDF739F87B
:10DE500042F264014046FCF724FF01214046FCF7F2
:10DE600011FF00BF00BFF4F70BF806461EB139469C
:10DE70003046F3F73FFF00214046FCF7F1FE032157
:10DE80004046FCF7EAFF80214046F8F7C5F84FF41A
:10DE900080614046F8F7DCFDBDE8F08730020024E1
:10DEA00000000000B56F00909583009032020024BE
:10DEB0002DE9F04107460E46344694F82C0000F058
:10DEC0000C0070B1002509E0616A51F82500F7F7F0
:10DED000A1FA0020616A41F825006D1C208DA8423E
:10DEE000F2D894F82C0000F0030080B100250BE07C
:10DEF0006A00616A51F82200F7F78CFA00206A0084
:10DF0000616A41F822006D1C208DA842F0D8606A39
:10DF1000F7F780FA00206062BDE8F0812DE9F04754
:10DF200081460C4621460E48F9F79CFA0646012E1A
:10DF300001D0BDE8F0872046F2F7F6FF05462046FF
:10DF4000F3F753F80746292D08D1384600F011F8A9
:10DF5000804600224146384600F018F800BFE8E746
:10DF6000D0C1039010B5044601212046F9F79FFA6D
:10DF700010BD014600BF00BF0A46508D704710B566
:10DF8000044600212046F9F792FA10BD2DE9FC5F06
:10DF900080460C46934600BF00BF4646308DA042E7
:10DFA00001D8308D441E4046FDF7CCF94046FFF7BE
:10DFB000D9FF05460DB9BDE8FC9F4FF0000A41F6B8
:10DFC000150251462846FAF7FBFE0090009807B26A
:10DFD00000BF2846F9F70BFB814600214046FAF7BF
:10DFE0004CFA012808D007EB0900604301B25A46F9
:10DFF0002846FCF7AFFD0BE0C4F1000A07EB09006F
:10E0000000FB0AF001B25A462846FCF7A3FD00BF08
:10E010004046FFF7B4FF0190A1B280220198EDF7CE
:10E0200073FB748500BFC6E72DE9F34792B007463E
:10E0300000BF00BF3C46139810900020119010AD17
:10E0400029463846E7F734FB0646012E02D014B0C5
:10E05000BDE8F08794F85C00C0F3C00040B11398AD
:10E060000A2802D013980D2802D100BF00BFEEE7A6
:10E07000002113A8414A1268904781464946384614
:10E08000D9F7E4FB10B900BF00BFE0E794F85C00EB
:10E09000C0F3800010B1384603F01EF8A06A50B1FA
:10E0A000606AF6F7D7F8804698F8000010B938464D
:10E0B000FBF7A7FC00BF2A46216C606AF6F7DCF884
:10E0C000384600F025F994F85C00C0F38000002881
:10E0D00044D0E06AD2F79EF982462846D2F79AF9F0
:10E0E000504400F101084146E06AF7F7E7F9E062C1
:10E0F00000BFE06A18B900BF00BF00BFFEE700BF65
:10E10000E06A00B9A3E72A46216CE06AD7F732FC3F
:10E11000208F18B9384602F0DFFF1FE06846EBF7A2
:10E12000C5FC21466846EBF778FD15496846EBF7D4
:10E1300046FD218F6846EBF756FD01220021684617
:10E14000EBF763FD0F496846EBF73DFD0E49684666
:10E15000EBF73FFD6846EBF773FD00BF384600F074
:10E16000F5FA00F101084146384600F021FB002293
:10E170001C213846F2F740FF00BF68E70003002487
:10E1800091110390979B0190931103902DE9F04317
:10E1900091B006460D4600BF00BF00BF1DB900BFCD
:10E1A00000BF00BFFEE700BF344694F85C00C0F338
:10E1B000800010B1304602F08FFF304600F0C0FA08
:10E1C00018B9304600F0C8FAC8B1002010900FE02E
:10E1D00010A92846484A1268904780464046474959
:10E1E00009688847814649463046FFF71DFF00BF52
:10E1F0001098285C0028EBD111B0BDE8F0832946C7
:10E200003046E7F755FA0746012F00D0F4E7A06A39
:10E2100050B1606AF6F71EF8804698F8000010B911
:10E220003046FBF7EEFB00BF2A46216C606AF6F72A
:10E2300023F8304600F06CF894F85C00C0F38000DE
:10E24000002844D0E06AD2F7E5F881462846D2F7A4
:10E25000E1F8484400F101084146E06AF7F72EF979
:10E26000E06200BFE06A18B900BF00BF00BFFEE770
:10E2700000BFE06A00B9BFE72A46216CE06AD7F721
:10E2800079FB208F18B9304602F026FF1FE001A865
:10E29000EBF70CFC214601A8EBF7BFFC184901A8DD
:10E2A000EBF78DFC218F01A8EBF79DFC01220021EB
:10E2B00001A8EBF7AAFC134901A8EBF784FC12496B
:10E2C00001A8EBF786FC01A8EBF7BAFC00BF3046CB
:10E2D00000F03CFA814628460C490968884709EB5A
:10E2E00000084146304600F063FA00221C21304607
:10E2F000F2F782FE00BF7FE700030024F80200244B
:10E3000091110390979B01909311039010030024A7
:10E3100070B5054600BF00BF2C46606AF5F7A6FF42
:10E320004FF6FF71884206D1606AF5F799FF4FF604
:10E33000FF71884209D04FF6FF71606AF6F70CFD55
:10E340004FF6FF71606AF6F7FCFC70BD2DE9F041F5
:10E3500007460C46254695F85C0020F0040085F839
:10E360005C000020E86240F2DC502887002028632F
:10E3700068635020405D20F00100401C502148554A
:10E38000012129645020405D20F00200801C5021B2
:10E3900048550020A88795F85C0020F0080085F813
:10E3A0005C0095F85C0020F0020085F85C0000201D
:10E3B0006862A8622046F5F72BFC68626420FDF7CE
:10E3C00057F806463146686AFCF76AFF0BA1686A8F
:10E3D000F6F726FC00231A460949686AF7F7D4FDC8
:10E3E0004FF480612046F7F717FE0021204600F029
:10E3F000DFF9204604F042F8BDE8F081000000009B
:10E40000FF6001902DE9F84F054600BF00BF2C4684
:10E41000284600F09BF980466A464146606AF5F757
:10E4200015FE00212846FAF73CFE06460021284644
:10E43000FAF7C3FD81464846F3F7DAF80746BDF818
:10E440000210B819401C084400B2ADF80200A08FB9
:10E45000ADF80000606AF9F73FF9BDF90210884293
:10E460000DDD6946606AF5F7BDFC8246B4F93C8073
:10E470005146284600F09CF9A4F83C8000BFBDE856
:10E48000F88F70B5054600BF00BF284600F05EF962
:10E49000044624B1641E2146284600F089F970BD67
:10E4A00070B5054600BF00BF284600F04FF904468E
:10E4B000641C2146284600F07BF970BD2DE9F84F19
:10E4C000044600BF00BF2546204600F03FF98346C2
:10E4D0002C466A465946686AF5F7B8FD0021204681
:10E4E000FAF7DFFD064600212046FAF766FD814671
:10E4F0004846F3F77DF80746BDF80210B819401EEC
:10E50000081A00B2ADF80200A88FADF80000694605
:10E51000686AF5F767FC8246B5F93C8051462046AB
:10E5200000F046F9A5F83C80BDE8F88F2DE9F843E6
:10E53000054600BF00BF2C46276C0FB9BDE8F88325
:10E540002AA00068009069462846E7F7B1F8064619
:10E55000012E00D0F2E7606AF5F77CFE8146206C60
:10E56000411E01224846D7F72DF94946606AF6F761
:10E5700057FB2846FFF7CCFEA06A50B1606AF5F75A
:10E5800069FE804698F8000010B92846FBF739FA72
:10E5900000BF94F85C00C0F38000D0B1226C511E23
:10E5A0000122E06AD7F70EF9E06AD1F733FF00F1F4
:10E5B00001084146E06AF6F781FFE06200BFE06AC9
:10E5C00018B900BF00BF00BFFEE700BFE06A00B996
:10E5D000B4E7206C411E284600F0EAF800221C2116
:10E5E0002846F2F709FD00BFA8E700007F00000001
:10E5F00070B5054600BF00BF284600F0A7F80446E6
:10E60000611C284600F0D4F8284600F09FF8A0428C
:10E6100002D02846FFF78AFF70BD70B506460D464A
:10E620002C46E06A20B1E06AF6F7F4FE0020E062D2
:10E63000A06A20B1A06AF6F7EDFE0020A06270BDCE
:10E640002DE9F04781460E4631463C48F8F70AFF6F
:10E650000746012F01D0BDE8F0873046F2F764FC91
:10E6600005463046F2F7C1FC80460E2D03D14046E8
:10E6700003F004FF60E00D2D47D13046F2F7B2FC05
:10E680000468132C03D14046FFF70AFF3CE0142C2A
:10E6900003D14046FFF7F5FE36E0112C03D140468A
:10E6A000FFF70CFF30E0122C03D14046FFF7AAFE23
:10E6B0002AE0082C03D14046FFF738FF24E07F2CE6
:10E6C00003D14046FFF794FF1EE0022C04D1002145
:10E6D000404600F06DF817E0032C05D147F6FF71B6
:10E6E000404600F065F80FE00A2C09D1404600F0E2
:10E6F00039F828B100221F214046F2F77DFC03E0E3
:10E7000021464046FFF790FC16E0012D05D0022D72
:10E7100003D0032D01D0082D03D1304607F063FF4D
:10E720000AE0152D03D13046DFF752FA04E0182D28
:10E7300002D13046DBF7D8FC00BF8CE724A9049057
:10E74000014600BF00BF0A46106B7047014600BF7C
:10E7500000BF0A46106C7047014600BF00BF0A4662
:10E76000506B7047014600BF00BF0A4692F85C003C
:10E77000C0F3C000704770B5054600BF00BF2C460F
:10E7800094F85C00C0F3800020B9606AF5F762FD80
:10E79000064600E0E66A304670BD10B500BF00BF17
:10E7A000024650239B5C61F341035024A35410BDE7
:10E7B0002DE9FC5F80460C4600BF00BF4546286C33
:10E7C000A04201D1BDE8FC9F686AF5F743FD3A49D4
:10E7D0000090096888470646002C00DA3444B442A9
:10E7E00003DC47F6FF70844200D134462C64404677
:10E7F000FCF7A8FD00214046FAF7DFFB834601AA9B
:10E800002146686AF5F722FC5846F2F7F1FE074602
:10E810004046F9F751F9BDF90610884205DDBDF90A
:10E82000061001224046FCF7B1F94046F8F7C0FE59
:10E8300081464046F9F740F9BDF906103944081AF7
:10E84000484509DDBDF80600A0EB0900384401B2D7
:10E8500001224046FCF79AF94046F9F733F8BDF932
:10E860000410884205DDBDF9041001224046FCF782
:10E8700071F94046F8F7BBFE82464046F9F722F8A8
:10E88000BDF904103944081A504509DDBDF80400EB
:10E89000A0EB0A00384401B201224046FCF75AF9C5
:10E8A000BDF80400A887404603F0E8FD404602F0AA
:10E8B0008DFC00BF86E70000100300242DE9F04125
:10E8C00005460E4600BF00BF2C4694F85C00C0F31E
:10E8D000C000B04201D1BDE8F08106B394F85C00FD
:10E8E00020F00800083084F85C0042F2D171606AC0
:10E8F000FCF7D6FC6420FCF7BBFD07460022394636
:10E90000606AFCF77FFC42F2D1712846FCF7C9F936
:10E9100000231A4619462846FCF7EDF81EE094F845
:10E920005C0020F0080084F85C006420FCF7A0FD87
:10E9300007463946606AFCF7B3FC00221146606A5C
:10E94000FCF760FC002241F204012846FBF798FE28
:10E9500000231A4619462846FCF7CDF800BFBAE74F
:10E960002DE9F04190B006460D4600BF00BF00BF44
:10E970001DB900BF00BF00BFFEE700BF34463046F0
:10E98000FFF7C6FC3046FFF7DBFE18B93046FFF74D
:10E99000E3FE40B345A1606AF6F742F947F6FF711E
:10E9A0003046FFF705FF94F85C00C0F3800010B11B
:10E9B0000020E16A087000200F900FE00FA92846A0
:10E9C0003B4A12689047074638463A4909688847E3
:10E9D000804641463046FFF727FB00BF0F98285C72
:10E9E0000028EBD108E02946606AF6F719F947F6E6
:10E9F000FF713046FFF7DCFEA06A48B1606AF5F7A8
:10EA000029FC0746387810B93046FAF7FAFF00BFFC
:10EA100094F85C00C0F3800000283FD02846D1F76E
:10EA2000F9FC471C3946E06AF6F748FDE06200BF92
:10EA3000E06A18B900BF00BF00BFFEE700BFE06A90
:10EA400010B910B0BDE8F0812946E06AD1F7BEFCEC
:10EA5000208F18B9304602F03FFB1FE06846EBF705
:10EA600025F821466846EBF7D8F813496846EBF7D6
:10EA7000A6F8218F6846EBF7B6F801220021684618
:10EA8000EBF7C3F80D496846EBF79DF80C4968466B
:10EA9000EBF79FF86846EBF7D3F800BF00221C2184
:10EAA0003046F2F7A9FA00BFCBE7000000000000F3
:10EAB00000030024F802002491110390979B019019
:10EAC0009311039070B50446204600F099F805466E
:10EAD00005B970BD00BF064A00212046FBF7FFFDC7
:10EAE00000BF21462846D7F78BFF00BFF1E70000A3
:10EAF000FFFF0F0000B500F067F808B9002000BD67
:10EB00000048FCE714D605242DE9FF4104461E46C3
:10EB10000A9D00F059F860B90020254908704FF4AB
:10EB20001270F6F7A9FB23490860084600682249DD
:10EB30000860EEF769FD0746EEF77EFDB0F5A07FB1
:10EB400003DC03201D4908700EE0EEF75DFD07466B
:10EB5000EEF772FDB0F5347F03DA02201749087032
:10EB600002E00120154908701548C460BDF8041082
:10EB70000182BDF80810418245618561C561114877
:10EB80000F4908600846066203F0F4FC2CB12046E9
:10EB9000EEF7B0FD0A49884202D10020FBF748FE9B
:10EBA000012003490870064804B0BDE8F081000068
:10EBB00052020024C8020024440200244802002417
:10EBC00014D60524354303900348006808B101209A
:10EBD00070470020FCE70000C802002438B5054655
:10EBE000284600F00DF8044614B1208A009003E096
:10EBF0001120FCF725FC0090BDF80010084638BD38
:10EC000070B504461CB12046F8F71CFD01E0EEF794
:10EC1000FBFC05462846EEF76DFD70BD70B5044659
:10EC200000F009F80546A54201D32C1B01E064421F
:10EC30002C44204670BD10B5D2F7D9FC10BD0000A1
:10EC400070B505460C4642F2640211462046FCF7B8
:10EC500038F900231A4608492046F7F795F980212C
:10EC60002046F7F7D9F903212046FCF7F6F80321EF
:10EC70002046FCF7FFF870BD215503902DE9F047C1
:10EC800081460C462046F8F777FD804642F2640242
:10EC900011462046FCF715F92046FCF753FB404689
:10ECA000F8F786FC10490988484306B24046F8F751
:10ECB0009EFC0E490988484307B232463946204631
:10ECC000FCF7ADF825460A48007885F82400074887
:10ECD000006838B90448006820B905480178404602
:10ECE000FCF7ACF8BDE8F0873C02002438020024B1
:10ECF000340200242DE9F04105460E461746002453
:10ED00000F48D6F73DFA044600BF1CB900BF00BF4C
:10ED100000BFFEE700BF14B90020BDE8F081266007
:10ED2000A5604FF0FF30206100206061FFF783FF96
:10ED30006060E7600120034908702046EDE70000AD
:10ED400060D60524E302002410B504462146054898
:10ED5000D6F762FA0120044908702046F6F75AFBFC
:10ED600010BD000060D60524E202002401490870AD
:10ED700070470000E002002470B50446207D00F0DA
:10ED8000010008B1002070BD0025204600F0D9F830
:10ED900088B926692069002802DD2069401E2061AB
:10EDA000FFF749FF6060A06818B116B12046A1685E
:10EDB0008847012500BF0548007820B9206910B9AF
:10EDC0002046FFF7C1FF2846DDE70000E2020024ED
:10EDD0002DE9F0414948007810B10120BDE8F081EB
:10EDE0000120464908704648007818B9002008708C
:10EDF0000120F3E7FFF71FFF074667B941480068A6
:10EE0000401C4049086008460068642803D9002077
:10EE1000086000BF00BF00BF00203B4908703B49AD
:10EE200008703B48D6F779F93A49086013E0394849
:10EE300001683748D6F789F9044636480068FFF775
:10EE40009BFF30B13148007810B92F48007800B1ED
:10EE500005E0304804602F4800680028E7D100BF73
:10EE60002C4800680028D7D1461E2948D6F755F906
:10EE7000044610E0207D00F0010038B9204600F083
:10EE800060F88046B04500D2464600BF2146204883
:10EE9000D6F75BF90446002CECD13846FFF7BEFEEE
:10EEA0001D49096808441C4908601C480068FFF7B0
:10EEB000B5FE0546B5F5FA7F1AD3174800686421F8
:10EEC0004843B0FBF5F016490870084600786428FE
:10EED00001DD002003E012480078C0F16400104911
:10EEE000087000200C490860FFF7A5FE0B49086078
:10EEF000002002490870304670E70000E402002458
:10EF0000E0020024F0020024E2020024E3020024D4
:10EF100060D60524C4020024EC020024E802002488
:10EF2000E102002401214161704710B50446FFF75A
:10EF300082FE2168401A401E606010BD00214161C0
:10EF4000704770B504466068FFF768FE05462068A4
:10EF5000A84201D8002070BD2068401BFBE72DE9C6
:10EF6000F04707460C46164600F0ADF88046A6EB83
:10EF700008000421D7F72BFA0546E11704EB91713D
:10EF80008910A4EB810121B100BF00BF0020BDE8C2
:10EF9000F0870C2D02D3B5F5003F03D900BF00BFA9
:10EFA0000020F4E76FF00301204601F01BFB8146CF
:10EFB00029464846D7F70FFF4846D7F7FDFE484693
:10EFC000D7F704FF49463846D7F7DBFD4846D7F761
:10EFD000FEFD824600215046D7F7FDFE5046D7F78A
:10EFE00000FF5046D7F7EDFE2046D0E710B50446A7
:10EFF000E11704EB91718910A4EB810119B100BFF5
:10F0000000BF002010BD2046D9F71CFA2046F9E7C2
:10F010002DE9F04104460D462046FFF7E7FF06467E
:10F0200000F0BEF82F1A00F0BBF800EB04083A46D7
:10F0300041463046FFF793FF3046BDE8F0812DE9A9
:10F04000F04105460C4604B32F462046D7F795FD00
:10F05000064600BF3046D7F7A6FD18B100BF00BF77
:10F0600000BFFEE700BF3046D7F7E4FD3146384623
:10F07000D7F721FE064631463846D7F7F5FD064656
:10F0800031463846D7F77DFD00BFBDE8F08100B5B9
:10F09000014600F085F8084400BD2DE9F041044622
:10F0A0000D46264604212846D7F779F90746394602
:10F0B0003046D7F795FD80463A4641463046D7F769
:10F0C0003EFEBDE8F081082070472DE9FE4F8046E6
:10F0D0000C461546C2464FF000092CB125B9214611
:10F0E0004046FFF7ACFF58E02CB929464046FFF7F1
:10F0F000D4FF814651E02046D7F73FFD02900298A9
:10F10000D7F701FE01900298D7F770FE06460198E6
:10F11000D7F76CFE3044001D009004212846D7F735
:10F120003EF9074600BF0298D7F73DFD18B100BF72
:10F1300000BF00BFFEE700BFB7421ED90198D7F756
:10F1400032FD10B10098874217D929464046FFF793
:10F15000A4FF8146B9F1000F1ED0AE4201D2304665
:10F1600000E0284683465A4621464846F6F7DBF932
:10F1700021464046FFF763FF0EE0B74206D95046EE
:10F180000299D7F771FD0298D7F761FD3A465046CC
:10F190000299D7F7A4FEA14600BF4846BDE8FE8FFE
:10F1A0004FF4B860704700002DE9F05F07460D4648
:10F1B00016460DB1284600E0144880466FF0030162
:10F1C000384601F00FFA044617E02046D7F7EBFC6B
:10F1D00008B9012000E0002081462046D7F706FE4E
:10F1E00082462046D7F751FE834633464A4651466B
:10F1F000C0472046D7F787FD044624B12046D7F7FD
:10F20000D7FC0028E1D0BDE8F09F00002F8A0090D5
:10F2100010B5044604F15A0000B200F009F810BD20
:10F2200010B5044604F15A0000B200F001F810BD18
:10F23000014600204FF4B47291FBF2F302FB13116C
:10F24000002902DA01F5B47211B25A2903DA134A1D
:10F2500032F9110020E05A2908DBB42906DAC1F19D
:10F26000B40211B20D4A32F9110015E0B4290BDBDA
:10F27000B1F5877F08DAA1F1B40211B2074A32F87A
:10F280001120524210B207E0C1F5B47211B2034A24
:10F2900032F81120524210B270470000C8A6049004
:10F2A0002DE9FF4F85B08346139CBBF1000F02D0C0
:10F2B0009BF8000018B9002009B0BDE8F08F06984F
:10F2C00008B90020F8E7129800F0020010B141F6EA
:10F2D000FF7008904FF00008002004900390002574
:10F2E000814600268246471E019004A95846444A9A
:10F2F0001268904705460498039065E003A95846B4
:10F300003F4A1268904781460AF1010A129800F0BC
:10F31000010050B129461498D6F75CFB28B1DDF8FE
:10F320001080039804904D464EE04A4629460698C0
:10F33000F2F737F900B202900298304406B2029810
:10F34000002802DD0798304406B2781C40B90798BF
:10F35000311A0898814203DD4746AAF10100019065
:10F360000A2D1DD00D2D1BD028460022B0F59C4F34
:10F3700005D349F6A573984201D801230FE0002177
:10F3800007E020A35B5C834201D1012205E04B1C16
:10F39000D9B21CA35B5C002BF3D100BF13464BB169
:10F3A000B8F1000F03D1781C08B904B12660AAF1A6
:10F3B000010A0DE014B1781C00B92660DDF8108058
:10F3C000039804904D4600BF1BF80800002895D113
:10F3D00000BF781C58B9BAF1000F04D00D2D04D12C
:10F3E000B9F10A0F01D1DDF81080404664E71598A5
:10F3F00008B1384660E70CB10020206000205BE7D0
:10F4000000030024202C2E3B3A2D5F002DE9FF4FF6
:10F4100083B004460E469046DDF848B0DDF84090D3
:10F4200000202080608016B907B0BDE8F08FB8F1E9
:10F43000000F00D1F8E70BF0020010B141F6FF70A9
:10F4400011900025AA4600BFB8F8080087B231E045
:10F450000020CDE9000B70194146119B069AD6F7A2
:10F46000F3F98244B4F9020038444844B0F5004F3F
:10F4700002D300BF00BFD7E76088384400B2608085
:10F480006088484400B26080AAEB05017019CDF88D
:10F4900000B04246069B00F02BF80290B4F9001031
:10F4A0000298814201DA029801E0B4F9000020805C
:10F4B000554600BF705D0028CAD16DB1681E305C32
:10F4C0000A2803D0681E305C0D2805D1608807EB40
:10F4D0000901084400B26080608810B938B26080C9
:10F4E00004E06088A0EB090000B2608000BF9BE7E9
:10F4F0002DE9FF4705460E4617469846DDF830A031
:10F500001DB9002004B0BDE8F0870FB90020F9E76D
:10F51000287808B90020F5E7002003900024029025
:10F5200046B31FE003AB6A4601A92846D6F770F937
:10F530000AF0010028B102A80199D6F74BFA00B1F0
:10F5400010E03846DDE90021F2F72BF80FFA80F9D8
:10F55000B9F1000F05DD04EB090004B204EB08006B
:10F5600004B200BF0398B042DCD3002C02DDA4EB50
:10F57000080004B22046C5E708B50146802901D23B
:10F58000084608BDB1F5006F11D2C1F3841040F0F8
:10F59000C0008DF8000001F03F0040F080008DF8C1
:10F5A000010000208DF802008DF8030033E0B1F572
:10F5B000803F15D2C1F3033040F0E0008DF8000029
:10F5C000C1F3851040F080008DF8010001F03F008C
:10F5D00040F080008DF8020000208DF803001AE052
:10F5E000B1F5881F17D2C1F3824040F0F0008DF8CA
:10F5F0000000C1F3053040F080008DF80100C1F338
:10F60000851040F080008DF8020001F03F0040F0CE
:10F6100080008DF803006A461068B2E731B582B009
:10F62000029800F08000E8B1042202A901A8F6F7D0
:10F63000C2F89DF8040000069DF8051000EB01409B
:10F640009DF8061000EB01209DF8071044180025D6
:10F6500004E0E0B200B9240A681CC5B2042DF8DB4E
:10F66000029400BF02983EBD2DE9F04105460E46CA
:10F67000002400270CE028190949096888478046BA
:10F68000B8F1000F01D0404600E0012004447F1C87
:10F69000B74202D2285D0028EDD12046BDE8F081B6
:10F6A000F4020024F8B506460C4600200090002520
:10F6B00005E069463046044A126890476D1C009880
:10F6C000A042F6D32846F8BD0003002438B504460E
:10F6D00000250020009005E069462046044A126893
:10F6E00090476D1C0098205C0028F5D1284638BD55
:10F6F0000003002408B5024600230020009001B951
:10F7000069460868105C00F0800028B90868135C3E
:10F710000868401C08608FE00868105C00F0E0009A
:10F72000C02817D10868105CC006430D0868401C4B
:10F7300008600868105C00F0C000802801D000203C
:10F7400008BD0868105C00F03F0003440868401CD6
:10F75000086071E00868105C00F0F000E02828D133
:10F760000868105C0007030C0868401C0860086803
:10F77000105C00F0C000802801D00020E0E708689D
:10F78000105C00F03F0003EB80130868401C086029
:10F790000868105C00F0C000802801D00020CFE78E
:10F7A0000868105C00F03F0003440868401C0860D3
:10F7B00042E00868105C00F0F800F02839D10868D1
:10F7C000105C4007C30A0868401C08600868105CA9
:10F7D00000F0C000802801D00020B1E70868105C6C
:10F7E00000F03F0003EB00330868401C0860086825
:10F7F000105C00F0C000802801D00020A0E708685D
:10F80000105C00F03F0003EB80130868401C0860A8
:10F810000868105C00F0C000802801D000208FE74D
:10F820000868105C00F03F0003440868401C086052
:10F8300002E00868401C0860184681E72DE9F8439B
:10F8400006460C4600272068401E206000BF042F9B
:10F8500002DB0020BDE8F883216888190D4909689A
:10F86000884705463DB9206818B12068401E2060D1
:10F8700001E00020EEE7781CC7B2002DE7D0206839
:10F88000009069463046044A1268904780464046D8
:10F89000E0E70000F4020024000300240146087899
:10F8A00000F0800008B901207047087800F0E000FF
:10F8B000C02801D10220F7E7087800F0F000E02826
:10F8C00001D10320F0E7087800F0F800F02801D11A
:10F8D0000420E9E70020E7E77FB582B004460D4643
:10F8E0001646059833462A46214600900248D6F728
:10F8F0004DFA06B070BD00000F5D00902DE9F04795
:10F9000082460C462046F7F737FF05462846F7F7AC
:10F91000E3FE80462846F9F77AFC8146424649468E
:10F920002046FBF7CEFA01212046FBF799F9204645
:10F93000F7F754F906461048B0F9002042F2640186
:10F940003046FBF7BEFA00213046FBF789F9022367
:10F950001A4600213046FBF763F92046F7F73EF9D7
:10F96000074601213846FBF78DF942F2640138461B
:10F97000FBF796FCBDE8F087400200241CB5F3F7C6
:10F9800003FFFBF7A9FDFBF7CFFD0648012100238C
:10F990008022CDE9001004A10648D1F72DFED1F751
:10F9A00030FE1CBD0800002473746172745F7461C2
:10F9B000736B00000525039070B504460D46802248
:10F9C00029462046EBF78CFE064680212046EBF7C1
:10F9D000A1FA26B1802229462046EBF795FE70BD9C
:10F9E0002DE9FF4F87B0054692461F46DDF850B01F
:10F9F000DDF858800898EAF780FF06900898EAF743
:10FA0000FBFE05901898012804D0022805D0032891
:10FA100009D105E0DFF8D0900AE0DFF8D09007E0E8
:10FA2000DFF8CC9004E000BF00BF0BB0BDE8F08F62
:10FA300000BFB8F1000F21D100261BE0002411E027
:10FA400005EB44000088039007EB44000088029017
:10FA5000159A0399C847049005EB4400BDF81010AF
:10FA60000180641C06988442EADB05EB4A0507EB3B
:10FA70004B07761C05988642E0DB33E000262EE03B
:10FA8000002422E018F8040000B91DE018F8040072
:10FA9000FD2801DB159804E018F804001599484387
:10FAA0000012049005EB44000088029007EB44002C
:10FAB00000880190049A0299C847039005EB44001E
:10FAC000BDF80C10018000BF641C06988442D9DB8D
:10FAD00005EB4A0507EB4B0717988044761C059801
:10FAE0008642CDDB00BFA0E7B1810090E3820090A9
:10FAF000538200902DE9FF4F85B005461F46DDF883
:10FB000050900698EAF7F9FE83460698EAF774FEE5
:10FB10000490B9F1000F3DD11398FD2814DB4FF08C
:10FB200000080DE04FEA4B0239462846F5F7FBFC8A
:10FB3000079805EB4005129807EB400708F101080C
:10FB400004988045EEDB79E14FF000081EE00024C8
:10FB500012E005EB44000088029007EB44000088A7
:10FB60000190139A0299ECF7DFFF039005EB440034
:10FB7000BDF80C100180641C5C45EADB079805EBBE
:10FB80004005129807EB400708F1010804988045EA
:10FB9000DDDB53E11398FD287DDDABF1040003901C
:10FBA0004FF000080EE14E4600241FE03078D8B137
:10FBB0003078FF2806D105EB440007EB44010988A3
:10FBC000018011E0327805EB44000088019007EBDA
:10FBD0004400008800900199ECF7A6FF029005EB25
:10FBE0004400BDF808100180761C641C5C4503DAF3
:10FBF00006F003000028D9D1B246B1E0DAF80000DF
:10FC000000281ED0DAF80000401CD8B905EB4400EB
:10FC100007EB440109880180601C05EB400107EBFC
:10FC2000400000880880A01C05EB400107EB400065
:10FC300000880880E01C05EB400107EB40000088CD
:10FC400008808AE056463078D8B13078FF2806D14F
:10FC500005EB440007EB44010988018011E032788C
:10FC600005EB44000088019007EB440000880090F9
:10FC70000199ECF759FF029005EB4400BDF808101C
:10FC80000180761C307808B33078FF2809D1601CD9
:10FC900005EB400100E09AE007EB40000088088097
:10FCA00014E03278601C05EB400000880190601C75
:10FCB00007EB4000008800900199ECF735FF0290B7
:10FCC000601C05EB4000BDF808100180761C307800
:10FCD000F8B13078FF2807D1A01C05EB400107EBF5
:10FCE00040000088088014E03278A01C05EB40003A
:10FCF00000880190A01C07EB40000088009001994B
:10FD0000ECF712FF0290A01C05EB4000BDF80810B4
:10FD10000180761C3078F8B13078FF2807D1E01CDC
:10FD200005EB400107EB40000088088014E03278C2
:10FD3000E01C05EB400000880190E01C07EB400050
:10FD4000008800900199ECF7EFFE0290E01C05EBB3
:10FD50004000BDF808100180761C0AF1040A241D39
:10FD600003988442FFF64AAF56461FE03078D8B178
:10FD70003078FF2806D105EB440007EB44010988E1
:10FD8000018011E0327805EB44000088019007EB18
:10FD90004400008800900199ECF7C6FE029005EB44
:10FDA0004400BDF808100180761C641C5C45DDDB56
:10FDB000079805EB4005129807EB4007159881441A
:10FDC00008F1010804988045FFF6EDAE36E04FF0EB
:10FDD000000830E0002422E019F80400F0B119F81E
:10FDE0000400FD2801DB139804E019F804001399BE
:10FDF00048430012064605EB44000088029007EBDA
:10FE000044000088324601900299ECF78DFE039081
:10FE100005EB4400BDF80C10018000BF641C5C457C
:10FE2000DADB079805EB4005129807EB40071598B9
:10FE3000814408F1010804988045CBDB09B0BDE896
:10FE4000F08F2DE9FF4F85B082460E461F46DDF844
:10FE500048B0DDF85080D5F799FC81463046EAF786
:10FE60004CFD04903046EAF7C7FC0390B8F1000F50
:10FE700023D100251DE0002415E01398029007EB24
:10FE800044000088ADF804007088284400B2009057
:10FE9000318821440BB2D9F80000D0F81CC051467B
:10FEA000079AE047641C04988442E6DB07EB4B07A3
:10FEB0006D1C03988542DEDB2BE0002526E0002444
:10FEC0001CE018F80400C0B118F804001399484366
:10FED000000A029007EB44000088ADF80400708827
:10FEE000284400B20090318821440BB2D9F80000B8
:10FEF000D0F81CC05146079AE047641C049884421D
:10FF0000DFDB1598804407EB4B076D1C0398854297
:10FF1000D5DB09B0BDE8F08F2DE9F04104460F466E
:10FF20009046802C06D200252046E11704EB917103
:10FF30008E1009E0204605F068FB0546681F24FA8C
:10FF400000F080F02006AD1F3D60C8F80060BDE8FD
:10FF5000F0812DE9F04104460D461646802C09D368
:10FF6000204605F052FB401F012101FA00F0471E18
:10FF70003C4400BF324629462046FFF7CDFFBDE88E
:10FF8000F0810246FD2901DB10467047022901DCA1
:10FF90000020FAE702FB01F000EBC01303EBC030D6
:10FFA000C0F3C750F1E700002DE9F84305462846A5
:10FFB000F1F71BF804462046F7F7DEFB8046404683
:10FFC000F7F7DAFB81464846EBF7A2FD06463068B4
:10FFD000009000214046F7F76AFAA04214D19DF83C
:10FFE0000200012809D10C208DF80200BDF80000A4
:10FFF000401E80B2ADF800001AE09DF80200401EDD
:02000004900367
:1000000040B28DF8020013E09DF802000C2809D1DF
:1000100001208DF80200BDF80000401C80B2ADF850
:10002000000005E09DF80200401C40B28DF802007F
:100030009DF90220BDF800104846EBF771FD012143
:100040004046F7F734FA07469DF90200401E05497D
:1000500051F82030BDF8002003A13846F4F738FEEF
:10006000BDE8F883A001002425642025730000006A
:100070002DE9F84304462046F0F7B7FF074620462F
:10008000F0F7B6FF80463846F0F760FC054640467C
:10009000EBF73EFD064630680090681C40B28DF8D4
:1000A00002009DF90220BDF800104046EBF738FD34
:1000B000BDE8F8831FB5012000220323CDE901200C
:1000C00000930390134602461021400700F04FF8BA
:1000D000012000220323CDE9012000930390134661
:1000E00002221221480600F042F8012000220323D8
:1000F000CDE901200093039013460322122110073B
:1001000000F035F8012000220323CDE901200093FF
:100110000390134604220F214FF0605000F027F89F
:1001200000200323CDE90030029003460522192167
:1001300003904FF0C04000F01AF801200022032382
:10014000CDE90120009303901346062219215007A0
:1001500000F00DF800200323CDE9003002900123C8
:1001600007221B210390C80700F001F81FBD2DE9ED
:10017000FF5F04460D4616461F46DDE910ABDDE97C
:100180000E89D1F743FA01208DF80000F0B28DF806
:1001900001000194E8B28DF8080000208DF80900F4
:1001A0008DF80A008DF80B808DF80C708DF80D908D
:1001B0008DF80EA08DF80FB06846D1F72CFA042008
:1001C000D1F72EFA002004B0BDE8F09F2DE9F047EA
:1001D00082460D4600212846F9F7D2FD0021284627
:1001E000FAF73EFD0023022219462846FAF718FDC9
:1001F0002846EAF75FFE814600222FA14846FAF71B
:1002000089FF6420002804DAC0F57A7141F40051B6
:1002100001E040F400510CB221464846FAF741FD96
:100220004846FBF78FF84846F7F756FA0646314638
:100230004846FBF735F80023072220494846F5F7E2
:10024000A3FE04214846F6F703FC2846F3F7E0FC3A
:10025000074603213846F4F7A1FC00220221384664
:10026000FAF7DDFF01213846FAF70CFD2846EAF7D8
:1002700021FE8046002212A14046FAF74BFF32468B
:1002800031464046FAF71DFE002307220B4940463F
:10029000F5F77AFE04214046F6F7DAFB00231C222C
:1002A00008492846F5F770FE00221C212846F0F781
:1002B000A3FEBDE8F0870000EF819300A9FF029044
:1002C000EF819400696B03902DE9F04180460C4664
:1002D0002046F7F751FA054600212046F9F750FD70
:1002E00000212046FAF7BCFC2046F0F751FA0646FA
:1002F000174801683046F0F73BFD2B461C22154994
:100300003046F5F741FE01213046FAF7BBFC2046A6
:10031000F0F73EFA0746104801683846F0F728FD26
:100320002B461C220D493846F5F72EFE0121384692
:10033000FAF7A8FC00231C2209492046F5F724FE01
:1003400000221C212046F0F757FEBDE8F081000096
:10035000D401002445720390D00100247100039061
:10036000B96B039030B504460225084951F82410B2
:1003700001FB05F2064951F82400002100F02AF89B
:10038000012103481430015530BD0000F4B9039039
:100390009C00002410B501460023002207E00B4812
:1003A00050F8210030F8120000B15B1C521C0848C4
:1003B00050F821009042F2D84FF47A705843044C20
:1003C00054F82140B0FBF4F080B210BD9C00002432
:1003D000F4B9039030B5034601E003F8011B141E85
:1003E000A2F10102F9D130BD70B50446254615F8D9
:1003F0003C0F00F00300401C032190FBF1F201FBD5
:100400001200297860F3010105F83C19204601F03B
:100410001FF82046F9F7F5FA70BD000070B50446E4
:100420000C48006808B9002070BD14B90A4800687B
:10043000FAE70CB90020F7E72046E2F747FA05464D
:10044000601906490968884201D30020ECE7601969
:10045000EAE7000070010024D002002474010024A7
:1004600037B5034601B93EBD08461D682D1D284419
:10047000024602AC2568156000BFF4E737B50346B5
:1004800001B93EBD08461D682844024602AC2568F5
:10049000156000BFF5E72DE9F05F04460022212139
:1004A0002046F0F7A9FD8246BAF1000F01D1BDE860
:1004B000F09F00212046F6F7FAFF804607E040460D
:1004C000FFF7E9FF00212046F6F7F1FF8046B8F17B
:1004D000000FF4D12046F7F7F5F881460020F2F737
:1004E0008BFF07461DE0786AA04202D0B86AA0429E
:1004F00003D121463846F3F773F8386BA04201D197
:1005000000213963386D484507D1F2F783FFA042D7
:1005100003D121463846F3F763F83846F2F76CFF0B
:100520000746002FDFD12046D4F7BEFE606840BBEF
:100530002046F7F787F80546002606E0E86850F8F9
:100540002600A04200D103E0761C686AB042F5D8CC
:1005500000BFB3465E4606E0701CE96851F8200013
:1005600041F82600761C686A401EB042F4D8686ADA
:10057000401E68626A6A9100E868F4F79FFFE860CD
:100580002BE02046F7F7B1F8064635460BE06068E9
:1005900080680168681C51F82000616889680968F2
:1005A00041F825006D1C606880684068401EA842C4
:1005B000EDD8606880684068401E6168896848605E
:1005C0006268926852689100626892681068F4F7F5
:1005D00075FF61688968086000BF2046F4F71AFF5C
:1005E00000BF64E7024650187047F0B5DDE90554D6
:1005F000012B0BDC032805D0042802D0052803D1E9
:1006000000BF00BF022000E000BF00BF062842D2AA
:10061000DFE800F0410F03332017002626808E1AF2
:1006200006EBD677B5F800C00CEB67073FB22F801A
:1006300034E0002626802E888F1A3E4436B22E8063
:100640002CE08E1A37B25E1E36B297FBF6F636B243
:10065000268023E08E1A36B296FBF3F627883E44B6
:1006600036B22680B4F9006006EBD677B5F800C044
:100670000CEB67073FB22F8010E08E1A37B25E1C7A
:1006800036B297FBF6F636B226802E8827883E448F
:1006900036B22E8002E00026268000BF00BFF0BDEB
:1006A0002DE9FF4F81B005460C461646049870B1FF
:1006B0002088A0EB660000B2208020883044401ED5
:1006C00000B2A080E88A6080688BE0800DE06088DE
:1006D000A0EB660000B2608060883044401E00B22B
:1006E000E080A88A2080288BA0804FF440312846E3
:1006F000F8F7B9F981464FF440312846F8F75CFA2B
:1007000082464FF440312846F8F726FB83464FF4E3
:1007100040312846F8F7CAF800904FF44031284697
:10072000F8F700FD80464FF440312846F8F7E0FC2A
:100730000746208809EB0801401A00B22080A088F3
:100740000AEB0801084400B2A08061880BEB0700A7
:10075000081A00B26080E2880099C819104400B2FB
:10076000E08005B0BDE8F08F2DE9F84F05462C4636
:100770002846E2F732FC06460EB9BDE8F88F30464F
:10078000F6F7AAFF83462846F6F712FF834500DCFA
:10079000F3E700213046F8F7E0FB00900098F0F70F
:1007A0001BFF074600213046F8F747FC804607EB61
:1007B00008000FFA80F9E08E00FB09F00FFA80FACA
:1007C00000225146606AFAF7E1F9606AF9F719F90F
:1007D00000BFD2E710B506F049F810480068D0B95C
:1007E0000F4806F00CF80F4806F009F80C480E49BF
:1007F00008600C480D49086000221021052006F011
:100800005BFB064908600846006820B108A1034860
:10081000006806F03DF906F079F810BD00010024EB
:10082000E4DD0424F8DD0424F8000024FC000024A6
:10083000546D72510000000070B504460D46206CE6
:1008400070B1216CE0680144E160D4E90210884293
:1008500001D32168E1602846226CE168CFF7F9FDF9
:1008600070BD2DE9F04104460F4615464FF00008D3
:10087000A66B206C48B9206800282CD1A068D0F75E
:10088000D4FE80460020A06025E07DB93946226C68
:100890006068CFF7DEFD216C606808446060D4E9D1
:1008A0000101884217D32068606014E03946226C49
:1008B000E068CFF7CEFD216CE068411AE160216865
:1008C000E068884203D2216CA068411AE160022DE1
:1008D00001D106B1761E701CA0634046BDE8F081D0
:1008E0000146084A126812680AB9012200E0002293
:1008F0000A600A6822B9034A1268D268106800E0E8
:1009000000207047F800002430B54FF438431748F2
:1009100000F007042CB1C01D20F00700134C041B8D
:100920001B1B0246124C22600024114D6C60D01833
:10093000083820F007000F4C206000240D4D2D6872
:100940006C600C4D2D682C601146441A4C60094CAB
:1009500024680C60084D4C682C60084D4C682C6075
:100960004FF00044064D2C6030BD00000CDE042426
:100970000C010024140100241C010024180100248F
:10098000280100242DE9F04106460D4617469846F9
:10099000069C0DB9246000E02760E6632564012110
:1009A000204606F0D1FA84F850800020A064BDE80B
:1009B000F081000010B50146164800E000680368A9
:1009C0008B42FBD30246436813448B4204D14368F5
:1009D0004C682344436001460A464B68134404684C
:1009E000A34211D10C4C03682468A34208D04B6881
:1009F0000468646823444B6003681B680B6005E06F
:100A0000054B1B680B6001E003680B60884200D057
:100A1000016010BD0C010024140100242DE9F041F7
:100A200004460D4616461F464FF0000865602461D7
:100A3000B5420CD8F01BA169884202D34FF00108DF
:100A400011E0211D0948006805F0E9FE0BE0BE42F7
:100A500004D2BD4202D34FF0010804E0211D044836
:100A6000006805F0DCFE4046BDE8F081FC00002493
:100A7000F800002470B5054605F0F8FEA86B08B92B
:100A8000012400E0002405F041FF204670BD000075
:100A9000F1B50098846C00262CB940F6D53220A11F
:100AA00028A0CFF71DFBA06BE16B884201D201208B
:100AB00000E0002028B940F6D63219A121A0CFF7D6
:100AC0000FFBA06BE16B884227D294F945500022BE
:100AD00069462046FFF7C5FE0646681C60B9606A95
:100AE00008B9012000E00020B0B904F12400D0F7DB
:100AF000A1FD88B101260FE07F2D01D0012000E08B
:100B0000002028B940F6F63205A10EA0CFF7E8FA8A
:100B1000681C40B284F8450000BF3046F8BD0000B4
:100B20002E2E5C2E2E5C4D6964646C657761726557
:100B3000735C4672656552544F535C71756575659B
:100B40002E6300004572726F723A2025732C2025A7
:100B5000640D0A0070B505460E460E480068C06870
:100B6000C468201D05F037FE94F8280000F004004A
:100B700028B132462946204600F0FEF805E094F8F8
:100B8000280000F0FE0084F828002046216A8847EB
:100B900070BD0000F800002470B586B08AE00298AD
:100BA00000280CDA03AE2EB940F2063247A150A05D
:100BB000CFF796FAD6E90020B168904700BF0298B7
:100BC000002877DB049C606908B9012000E0002060
:100BD00010B9201D05F0FFFD01A800F0E1F8054661
:100BE00002980A2864D2DFE800F06305072E365326
:100BF00006082F3700BF00BF00BF94F8280040F060
:100C0000010084F828000398A269811803462A4647
:100C10002046FFF703FFA8B194F8280000F0040075
:100C200038B10398A26981182A46204600F0A4F83A
:100C300005E094F8280000F0FE0084F82800204623
:100C4000216A884735E000BF94F8280000F0FE00D4
:100C500084F828002DE000BF94F8280040F001003F
:100C600084F828000398A061A06908B1012000E081
:100C7000002028B940F2593214A11DA0CFF730FA54
:100C8000A06941192B462A462046FFF7C7FE10E00F
:100C900094F8280000F0020018B9204605F078FE0C
:100CA00005E094F8280000F0FE0084F8280000E039
:100CB00000BF00BF002202A91148006806F0C2F977
:100CC00000287FF46CAF06B070BD00002E2E5C2EA5
:100CD0002E5C4D6964646C6577617265735C467205
:100CE000656552544F535C74696D6572732E630071
:100CF0004572726F723A2025732C2025640D0A000C
:100D000000010024F8B505460C46D0F798FC68466B
:100D100000F046F80646009820BB44B9B54206D814
:100D2000D0F792FC31462846FFF714FF1CE03CB197
:100D30000E480068006808B9012000E00020044661
:100D4000A91B22460A48006805F0E8FED0F77CFCA3
:100D500050B94FF0805007490860BFF34F8FBFF381
:100D60006F8F01E0D0F770FCF8BD0000FC0000249C
:100D70000001002404ED00E070B504460D4616465F
:100D800004E0A06905442046216A8847A06941190A
:100D90002B4632462046FFF741FE0028F1D170BDB8
:100DA00070B50446D0F723FC054607480068854225
:100DB00004D200F00BF80120206001E00020206048
:100DC00001480560284670BD0801002470B508E0A0
:100DD0000D480068C06804684FF0FF312046FFF7F7
:100DE000B9FE09480068006808B9012000E0002049
:100DF0000028EDD0044805680448006802490860EE
:100E00000248056070BD0000F8000024FC000024CA
:100E10000C480068401C08B9012000E0002020B9FF
:100E2000E32209A118A0CFF75BF900BF502072B6EA
:100E300080F31188BFF34F8FBFF36F8F62B600BF8F
:100E400000BFFEE72C0100242E2E5C2E2E5C4D6987
:100E500064646C6577617265735C46726565525453
:100E60004F535C706F727461626C655C5256445390
:100E70005C41524D5F434D375C723070315C706F36
:100E800072742E63000000004572726F723A202562
:100E9000732C2025640D0A0008B500BF6846FFF7D3
:100EA0001FFD044620460099FFF72CFFFFF774FE54
:100EB000F4E770B5044605F0D9FC94F9455019E003
:100EC000A06C30B12046FFF7E3FD88B1D0F7C1FB3D
:100ED0000EE0606A08B9012000E0002038B904F192
:100EE0002400D0F7A7FB18B1D0F7B3FB00E003E074
:100EF000681E45B2002DE3DC00BFFF2084F84500EA
:100F000005F004FD05F0B2FC94F9445010E02069AE
:100F100008B9012000E0002048B904F11000D0F722
:100F200089FB08B1D0F795FB681E45B200E001E0EF
:100F3000002DECDC00BFFF2084F8440005F0E6FC47
:100F400070BD00002DE9F04104464FF00008D0F7D5
:100F500076FB4948006808B9FFF7D6FC47480068A7
:100F60002040002875D1002C23D004F10800A042B5
:100F70001FD9083404F0070000281BD004F0070034
:100F8000C0F108002044A04211D904F00700C0F1CC
:100F90000800044404F0070008B9012000E0002024
:100FA00040B99C2236A144A0CFF79AF802E0002471
:100FB00000E00024002C4CD043480068844248D80C
:100FC000424E3046056801E02E462D686868A04212
:100FD00002D228680028F7D127480068854238D017
:100FE000306800F10808286830606868001B102825
:100FF00013D92F1907F0070008B9012000E00020DD
:1010000020B9CF221EA12CA0CFF76AF86868001B78
:1010100078606C603846FFF7CDFC2B49686809683A
:10102000081A294908600846006829490968884261
:1010300003D2254800682649086010496868096895
:10104000084368600020286022480068401C21494D
:101050000860D0F7F9FA08F0070008B9012000E0AD
:10106000002028B94FF4887205A113A0CFF738F8F3
:101070004046BDE8F081000014010024280100244E
:101080002E2E5C2E2E5C4D6964646C6577617265F2
:10109000735C4672656552544F535C706F72746135
:1010A000626C655C4D656D4D616E675C6865617015
:1010B0005F342E63000000004572726F723A202583
:1010C000732C2025640D0A00180100240C01002453
:1010D0001C010024200100242DE9F04F87B0804638
:1010E000C14699F85C00C0F38000002847D0D9F8C9
:1010F0002400F3F7AFF8069022490698096888475C
:101100008246BAF1000F02D107B0BDE8F08F00218E
:101110004046F7F752FF0590002342F2220201A950
:101120000598F0F7ACF98346BBF1000F01D016A784
:1011300000E016A73846CFF76DF904460AFB04F124
:10114000481CF4F7D3F80546002606E006FB0450D9
:1011500022463946F4F7E7F9761C5645F6DB0021BE
:1011600006FB04F029542946D9F82400F3F758FD6A
:101170002846F4F737F9404600F028F800BF00BFD2
:10118000C2E7000010030024E280A2002A00000051
:10119000704770B5044625682846FFF79DFF70BD6F
:1011A000001F4FF080730360001F21F001030360F4
:1011B000001F054B036014380260001F6FF002032C
:1011C0000360203870470000110E03902DE9F04FA6
:1011D0008FB00646344600213046F7F7EEFE0E90FB
:1011E00000213046F7F75DFF0D903046FDF7AEFA6F
:1011F0000C90606AF3F72EF881464846914A0C99A4
:1012000012689047074609EB070000218E4A1268D2
:10121000904705460E98F0F7EBF90B901DB10A2D9B
:1012200001D00D2D07D1002220210E98F0F7B9F939
:101230000FFA80FA06E0002229460E98F0F7B1F97D
:101240000FFA80FA0AAA606A0C99F2F7FFFE606A48
:10125000F3F700F80190606A0021019AF5F71AFB94
:101260008346BDF92800616AB1F91410084400EB07
:101270000A01606AB0F91800814235DD94F85C001B
:10128000C0F3C00040BBBBF1030F2DD00020ADF870
:101290002800BDF82A200D990B980844104400B28C
:1012A000ADF82A0065B109EB07006849096888476D
:1012B000074409EB07000021634A1268904705467E
:1012C0001DB10A2D01D00D2D07D1002220210E982D
:1012D000F0F767F90FFA80FA06E0002229460E9827
:1012E000F0F75FF90FFA80FAE7644FF4E021304637
:1012F000F7F778F980464FF4E0213046F7F753FDD1
:10130000404400B209904FF4E020019041F61102F0
:1013100030460199F7F754FD00900098404400B220
:1013200008904FF4E0213046F7F7C4FB404400B288
:1013300007904FF4E020019041F6130230460199E6
:10134000F7F73EFD00900098404400B20690BDF8CB
:1013500028100798081A00B2ADF81000BDF82A103E
:101360000998081A00B2ADF81200BDF828100698C6
:1013700008445044401E00B2ADF81400BDF82A10D5
:10138000089801440B980844401E00B2ADF81600BE
:1013900004F1440102A8E9F70AFABDF80800616AFD
:1013A000898A084400B2ADF80800BDF80A10606AE6
:1013B000C08A084400B2ADF80A00BDF80C00616AAA
:1013C000898A084400B2ADF80C00BDF80E10606ABE
:1013D000C08A084400B2ADF80E0002A93046F8F702
:1013E0004AFB04A904F14400E9F7E1F904F14401DE
:1013F00002A8E9F7DCF9BDF80800616A898A0844A7
:1014000000B2ADF80800BDF80A10606AC08A08444E
:1014100000B2ADF80A00BDF80C00616A898A084480
:1014200000B2ADF80C00BDF80E10606AC08A084426
:1014300000B2ADF80E0002A93046F8F71CFB0FB061
:10144000BDE8F08F0803002400030024F402002408
:101450002DE9F04704462046E4F747FA25462046A2
:10146000F7F7D5FE064600212046F6F7D2FF814663
:10147000A6EB090000EBD07149100FB22046E1F74E
:10148000F8F880460FFA88F0FDF7D2FE10FB07F05F
:10149000C01300B228850FFA88F0FDF7B9FE10FBE3
:1014A00007F0C01301B26985304606EBD0712A8D72
:1014B00002EB610109B2298506EBD0714A10698DF2
:1014C00011440AB26A852046E4F70FFABDE8F087B6
:1014D0002DE9F34F97B007463846E1F78AFD0546F8
:1014E00015B919B0BDE8F08F2846F2F7B3FE824671
:1014F000524600212846F5F7CDF916901698012896
:1015000028D0022802D0032829D113E03846F6F764
:101510006EF882462846F7F77AFEAAEB0000109094
:1015200000EBD070401000B201460F902846F9F74A
:10153000D0FE14E03846F6F75AF882462846F7F708
:1015400066FEAAEB000000B2014610902846F9F7AB
:10155000C0FE04E000212846F9F7BBFE00BF00BF33
:10156000BB4600213846F7F710FD1590002138469C
:10157000F7F77DFD14901598F0F736F88046384659
:10158000F6F716F881464FF0000A652251463846B4
:10159000F7F716FC1090109884B2189800B114B99F
:1015A0003846E3F70FFFBBF826001390149808EBBA
:1015B00000011398414308B21290494609EBD172D9
:1015C0005210404608EBD073A2EB630212B21192A4
:1015D000DDE91120101A06B2189800B144B9154976
:1015E0002846E8F71BFA31462846F9F78BFE1FE03C
:1015F00001A8E8F75BFA00BF019500BF0D48029013
:1016000000BF2846F7F72FFE8246CDF820A0CDF880
:1016100024A00A9600BF00BF0B9400BF06480490A8
:1016200000BF0648079000BF01A8E8F709FB00BF0C
:1016300000BF56E7D9200390D5190390279B01904E
:101640002DE9F04F8BB006460F4635464FF4A021EA
:101650003046F7F722FA81464FF4A0213046F7F7DB
:10166000C5FA82464FF4A0213046F7F78FFB834638
:101670004FF4A0213046F7F733F90A904FF4A02138
:101680003046F7F7C0FC09904FF4A0213046F7F739
:10169000FBFC08904FF4A0213046F7F782FC07903E
:1016A0004FF4A0213046F7F731F806904FF4A0210F
:1016B0003046F7F71EF880463C462DE00A98CDE903
:1016C00002ABCDF8049004900898A1B20090304687
:1016D000099B079AE1F74EFFE96A21F81400E86ACE
:1016E00030F91400404503DAE86A30F9140000E0EC
:1016F00040460699884201DA069809E0E86A30F91E
:101700001400404503DAE86A30F9140000E040466E
:10171000E96A21F81400641CE88CA042CED8304657
:10172000F8F71BFF0BB0BDE8F08F2DE9F04105463F
:101730002846F5F7DAFE0646002412E0A86800689D
:1017400050F824703846F8F75CF900222A21384610
:10175000EFF752FC3846F8F754F93846FFF7E5FF43
:10176000641CB442EAD3BDE8F08100002DE9F04FDB
:1017700087B005462846E1F73CFC06461EB9012025
:1017800007B0BDE8F08FF1F731FE06902C460698C1
:10179000F1F781FE0746042F01D0022F10D1E08C13
:1017A0002085042F0CD12846F5F78CFF8046404653
:1017B000F0F76CFB18B100214046F0F70AFC00BFBF
:1017C0000698F1F768FE012804D00698F1F763FE49
:1017D00003287DD14FF0FF38A06AC0F340400028B5
:1017E00038D1804603A90698F1F71AFEBDF80E100D
:1017F000F08A081A00B2ADF80E00BDF80C00B18AEC
:10180000401A00B2ADF80C0003A93046F2F7EAFA2C
:1018100081463046F2F71EFD83460020029001907B
:10182000824600BF13E002A95846324A1268904728
:10183000009000980A2806D10198484503D008F185
:1018400001000FFA80F8029801900AF1010ACA45D6
:10185000E9D339E000212846F7F797FB03900021F0
:101860002846F7F704FC82460398EFF7BDFE83464F
:101870000BEB0A0000B20290B5F91A20B5F9161068
:10188000501A00EBD0714A10E98A114409B2019153
:101890000C210698F1F70FFFF18A084400B200907E
:1018A000DDE90010411A029891FBF0F9B9F1000F3F
:1018B00001DA4FF00009A08C484502DCA08CA0F1B1
:1018C00001090FFA89F800BFB8F1000F07DB00E04B
:1018D00006E01FFA88F101222846FAF7FCFB00BF58
:1018E000E08C059005AA1C212846EFF785FB0490A3
:1018F000049845E700030024F0B50C46E568A168AC
:1019000000BF1DB900BF00BF00BFFEE700BF00BFA2
:1019100019B900BF00BF00BFFEE700BFCD60A960DE
:1019200000F1400606EBC21656F82360A6421BD112
:1019300000F1400606EBC21646F82310814213D18F
:1019400000F1140656F8226001279F40BE4300F1C3
:10195000140747F822603E4656F8226026B9012750
:1019600097400669BE430661F0BD2DE9F041064689
:101970000D4600240EE026B1E86850F83400B0426D
:1019800007D14FF6FF724FF470212846F8F7FEFD9D
:1019900005E0641C688CC0F3C500A042EBD800BF12
:1019A0002846F5F7A2FD0746002407E0A86800686E
:1019B00050F824103046FFF7D8FF641CBC42F5D322
:1019C000BDE8F08110B5044600220A212068EFF737
:1019D00013FB10BD70B504462068F5F7CDFE054633
:1019E0002846E3F7EFFC70BD2DE9FF4F91B090461C
:1019F0001298F5F7C1FE074610213846F7F764FC48
:101A000010B915B0BDE8F08F3846F5F72DFF1090EE
:101A10004FF00009CA4600253846F6F743F80F9004
:101A20000F9818B1129800F1140400E0119C0021E5
:101A30003846F6F7A3FD0E9000213846F7F724F953
:101A400001460E98084400B20D9000213846F6F782
:101A5000D2FE01460E98084400B20C90F98A0D9807
:101A600008446188401AB8F80210401A00B20B907E
:101A7000798B0C98081AE188401AB8F80210081AF5
:101A800000B20A903846F5F727FE01460D98091A6C
:101A90000C98081A00B209900B98002804DB0A98E9
:101AA000002801DB00251BE00B98002808DD0B9DBA
:101AB0003846F6F701F80246501B00D500250FE026
:101AC0000A9800280CDD0A98404205B23846F5F71E
:101AD0006BFE019001982844002800DA002500BF21
:101AE0000F98012804D0022810D003283AD11BE017
:101AF000F98A0D9808440FFA80F9608828440FFA93
:101B000080FAA9EB0A00284405B22BE0798B0C98E7
:101B1000081A0FFA80F9E08828440FFA80FAA9EB36
:101B20000A00284405B21DE0099800EBD0714A1064
:101B3000FB8A0D99194411440FFA81F900BFE1881D
:101B40006288891A491C09B2084601EBD071628883
:101B500002EB610129440FFA81FAA9EB0A0028443B
:101B600005B200BF00BF00263846F5F791FF089088
:101B7000089818B1129800F1140400E0119C00219B
:101B80003846F6F715FF0E9908440FFA80FB00213E
:101B90003846F6F7B6FF0E99084400B20790B88AA7
:101BA00058442188401AB8F80010401A00B2069034
:101BB000398B0798081AA188401AB8F80010081A3B
:101BC00000B205900698002804DB0598002801DB88
:101BD00000261DE0069800280ADD069E3846F5F727
:101BE00071FE019001983044002800DD00260FE0CE
:101BF000059800280CDD0598404206B23846F5F7F6
:101C0000D9FE019001983044002800DA002600BF78
:101C10003846F7F7FCFAA0EB0B010798081A00B258
:101C200004900898012804D002280FD0032838D146
:101C30001AE0B88A58440FFA80F9208830440FFA25
:101C400080FAA9EB0A00304406B22AE0398B0798E3
:101C5000081A0FFA80F9A08830440FFA80FAA9EB2D
:101C60000A00304406B21CE0049800EBD071BA8A36
:101C70005A4402EB61010FFA81F900BFA188228862
:101C8000891A491C09B2084601EBD071228802EB7F
:101C9000610131440FFA81FAA9EB0A00304406B21F
:101CA00000BF00BF29493846E7F7B8FE039028492E
:101CB0003846E7F7B3FE0290039808B9029850B18E
:101CC00000220A213846EFF797F901900198012880
:101CD00000D096E600BF109800F0010010B9002E69
:101CE00000DA0026109800F0020010B9002E00DD86
:101CF0000026109800F0040010B9002D00DA00252D
:101D0000109800F0080010B9002D00DD0025B8F98A
:101D10000010149808B9002000E03046084400B2D2
:101D2000A8F80000B8F90210149808B9002000E0E3
:101D30002846084400B2A8F802002A463146384630
:101D4000149BF8F797FD00BF5BE60000AD1E039003
:101D5000911E03902DE9F04104460D46164615B933
:101D60000EB9BDE8F0812046F4F750FCA068008A67
:101D7000284400B2A1680882A068408A304401B2B9
:101D8000A06841820123324629462046F7F716FF14
:101D900000220B212046EFF72FF90746012F00D034
:101DA000DFE72046F7F72DFE00BFDAE710B5DAB11E
:101DB000B0F91630B2F900401C44B0F932309C4200
:101DC00004DA448EC38AE31A1BB21380B0F91630CA
:101DD000B2F900401C44B0F936309C4204DDC48E98
:101DE000C38AE31A1BB21380D9B1B0F91430B1F928
:101DF00000401C44B0F930309C4204DA048E838ADF
:101E0000E31A1BB20B80B0F91430B1F900401C4446
:101E1000B0F934309C4204DD848E838AE31A1BB20D
:101E20000B8010BD2DE9F0410546B5F9184000269C
:101E3000F1F7DCFA0746386890F8198008E03019A5
:101E400006B2C8F164006043642190FBF1F004B273
:101E5000002CF4D13046BDE8F0812DE9F041054673
:101E6000B5F91A400026F1F7C1FA0746386890F82C
:101E7000198008E0301906B2C8F16400604364219B
:101E800090FBF1F004B2002CF4D13046BDE8F081B3
:101E900070B505460C462846F5F718FE204406B2F4
:101EA000002231462846FFF755FF70BD70B5054644
:101EB0000C462846F5F714FE204406B232460021AF
:101EC0002846FFF747FF70BD2DE9FC4105460C464B
:101ED0002046EDF7C7FA4FF480312846F6F71AFB93
:101EE000E070E07802280CDD4FF48037202239467C
:101EF0002846F6F765FF009000980190BDF80400B1
:101F0000A0804FF48037312239462846F6F758FF33
:101F100001900198C0B284F8220094F822000228AF
:101F20001EDD00BF41F2320239462846F6F748FF6F
:101F30000190019800B22084B4F9200000280CDD43
:101F400000BF302239462846F6F73AFF0090009845
:101F50000190BDF80400E08302E0002084F8220034
:101F60004FF4803740F6450239462846F6F728FFF9
:101F700001900198C0B284F8360094F83600022827
:101F800029DD00BF4FF4046239462846F6F718FFF2
:101F90000190019800B2E085B4F92E00002817DD09
:101FA00000BF40F6430239462846F6F709FF019084
:101FB000019800B2A08600BF442239462846F6F7B1
:101FC000FFFE009000980190BDF80400A08502E09B
:101FD000002084F836004FF480312846F6F7A3FB42
:101FE0000646FD2E0DDAE07870430012E070E078CE
:101FF0007043001284F82200E0787043001284F8E5
:102000003600E07828B994F8220010B994F8360028
:1020100040B14FF480312846F6F72EFF2080012092
:10202000BDE8FC810020FBE72DE9F04704460E46A1
:1020300017463568D7F8008004F1140050F82500E1
:102040004FF0FF3101FA08F100EA0109B9F1000F80
:1020500016D1691C4FF0FF328A40206900EA020A5B
:10206000BAF1000F02D10020BDE8F087504603F01E
:10207000C1FA0546356004F1140050F8259000BF00
:1020800000BFB9F1000F03D100BF00BF00BFFEE7E2
:1020900000BF484603F0AEFA8046C7F8008004F15E
:1020A000400000EBC51050F82800DDE770B504468D
:1020B0000D46264628B2A6F844002046F7F7A1FCB4
:1020C00070BD70B504460D46264629B246208153A0
:1020D0002046F7F796FC70BD70B505460C4621B258
:1020E0002846F9F70FF970BD2DE9F04F85B0044689
:1020F000894617464FEA690004904FEA6900039049
:1021000009F0010010B90498401E04906000F3F734
:10211000EDF88346B846002631E0601E38F810001E
:1021200000FB09F00090651E1FE0009A2BF81520B7
:102130000021039A2A44A24203DA039A2A4438F877
:102140001210009A521A0092049AAA1A521E002AD9
:1021500002D5B8F8000004E0049AAA1A521E38F812
:102160001200009A024400926D1E002DDDDA62001A
:1021700059464046F3F7D7F908EB4408761CA642C7
:10218000CBDB4FF47F5002900298B0FBF9F0019046
:102190004FF0000A15E037F81A0000B90FE037F8E1
:1021A0001A100298814203D1019827F81A0005E01D
:1021B00037F81A0090FBF9F027F81A0000BF0AF16F
:1021C000010A04FB04F05045E5D8002542E007EB86
:1021D0004508B8F8001001FB09F000262AE00028A5
:1021E00001DA002300E083112BF81630039BF31A69
:1021F000002B02DCB8F8001005E0039BF31A03FB88
:10220000045337F81310401A049B33445B1CA34259
:1022100007DA049B33445B1C03FB045337F8132099
:1022200004E0631E03FB045337F813201044761CAC
:1022300008EB4408A642D2DB07EB4508002606E07F
:102240003BF81610A8F80010761C08EB4408A642CC
:10225000F6DB6D1CA542BADB5846F3F7C3F805B0B0
:10226000BDE8F08F2DE9FF4F8BB00D461446274691
:102270000E983E1809A80B99E8F76CFA204604EB73
:10228000D0714A100E991144491E04F0010282F0E7
:102290000102891A09B2ADF8281004EBD071491077
:1022A000491C09B2ADF826100B98E8F73BFBBDF8C6
:1022B0002810081A00B2ADF824000B98E8F7AAFA23
:1022C000BDF82610084400B2ADF82A00002309A981
:1022D00003A80E9AECF7B0FF012F01D1012401E011
:1022E000781004B23046F3F701F88146A846002082
:1022F00002903BE031464846F3F7DAFA03A8009033
:1023000033B2DDE9020C02B200214846E0478346C1
:10231000BBF1000F04D171004046F3F792FA20E0C0
:1023200099F80010890191FBF4F1A8F80010012040
:1023300014E019F80020411E19F801108A4205D155
:10234000411E38F8111028F8101006E019F8001096
:10235000890191FBF4F128F81010401CB042E8DB31
:1023600000BF08EB46080298401C02900298B04259
:10237000C0DB4846F3F736F803A8ECF7C1FB012CA5
:102380000FD12946002005E035F81020C2F387124E
:102390000A54401C06FB06F28242F5DC0FB0BDE891
:1023A000F08F2A46214630B2FFF79EFE07F001006B
:1023B000204404B2012C27DD4FF47F5090FBF4F051
:1023C00000904FF0000B15E035F81B0000B90FE04E
:1023D00035F81B00FF2803D1009825F81B0006E004
:1023E00035F81B00800190FBF4F025F81B0000BFBE
:1023F0000BF1010B06FB06F05845E5D82A462146AD
:1024000030B2FFF771FE00BF01954FF0000A06E001
:1024100015F81A10019800F80A100AF1010A06FBD3
:1024200006F05045F4DC00BFB8E770B598B006463A
:102430000C4615460AA8EDF715F800BFFF22114615
:102440001046EAF7A6FA0090BDF800100846019081
:10245000BDF80400ADF82C0022460AA93046ECF77E
:10246000E5FF02A8EBF7F2FF00202B46224602A967
:1024700000903046EBF736FC18B070BDF0B591B067
:10248000064635464FF4E027652239463046F6F7D2
:1024900097FC1090109804465CB918493046E7F74D
:1024A000BDFA5020405D20F00100401C50214855ED
:1024B00022E001A8E7F7FAFA294601A8E7F7ADFB01
:1024C0000E4901A8E7F77BFB214601A8E7F78BFB44
:1024D00000BF0E9400BF0022012101A8E7F795FB81
:1024E000074901A8E7F76FFB01A84FF6FF71818745
:1024F00000BFE7F7A5FB00BF11B0F0BD61870090FA
:10250000979B01901CB5044604F0B0F90D480321D7
:1025100000234FF48062CDE900100BA10E48CFF7E5
:102520006BF80E48042100238022CDE900100CA195
:102530000E48CFF761F804F0E9F90D480068CFF7CD
:102540008DF81CBD0C0000246C765F64656D6F5FB8
:102550007461736B00000000ABD301901000002485
:102560006C65645F7461736B000000009994019066
:10257000080000240EB5FE4890F8200000F001008D
:1025800040B1FC48EAF778F90190FB48BDF8041027
:10259000018008E004211220F8F726FF0290F64897
:1025A000BDF808100180F24890F8200000F001000A
:1025B00048B105211220F8F717FF0190EF48BDF848
:1025C0000410018008E004211220F8F7E3FE0290D5
:1025D000EA48BDF808100180E54890F8200000F0B6
:1025E000010040B1E648EAF747F90190E548BDF837
:1025F0000410018006E0EAF7D5FB0290E148BDF83F
:1026000008100180DA4890F8200000F0010040B185
:10261000DD48EAF731F90190DC48BDF8041001808B
:1026200008E002211220F8F7DFFE0290D748BDF83B
:1026300008100180002046215023D54ACDE9001022
:10264000D449D548FBF7F6F8002000905023D04A33
:10265000D0490190D148FBF7EDF8D1480068D0305F
:1026600001F058FECC49CE480068D030FBF7CDF8D9
:10267000CB480068D83001F04DFEC849C848006812
:10268000D830FBF7C2F8C6480068083001F042FEB7
:10269000B74890F8200000F0010028B10221122074
:1026A000F8F778FE029003E01220F8F7C9FE0290D6
:1026B000BB48029900680830FAF715FE47F6FF712B
:1026C000B74800680830FBF70CF8A948C068072134
:1026D0000190EAF773FE01460290B14800680830A5
:1026E000FAF7EBFEA248C06805210190EAF766FE02
:1026F00001460290AA4800680830FBF790F866216E
:10270000A74800680830FAF713FEA449A4480068F7
:102710000830FBF77AF8A2480068103001F0FAFDA3
:10272000FF219F4800681030FAF702FE9C480068BD
:1027300001F0F0FDFF219A480068FAF7F9FD8E4894
:1027400000880146029096480068FAF7CCFD8B4855
:1027500000880146029092480068FBF71CF89148F7
:102760000078012806D18248C0680E210190EAF75E
:1027700025FE10E08B480078022806D17C48C0680E
:102780000C210190EAF71AFE05E07948C0680A2199
:102790000190EAF713FE0146029081480068FAF7BB
:1027A000E4FE80480078012806D17148C0680E21F7
:1027B0000190EAF703FE10E07A480078022806D17B
:1027C0006B48C0680C210190EAF7F8FD05E0684805
:1027D000C0680A210190EAF7F1FD014602907048B5
:1027E0000068FAF789FE6E480068183001F092FD23
:1027F0006C480078012806D15D48C0680C21019022
:10280000EAF7DCFD05E05A48C06808210190EAF7C4
:10281000D5FD01460290624800681830FAF761FF62
:10282000FF215F4800681830FAF782FD554800889C
:10283000014602905A4800681830FAF754FD534890
:10284000008801460290564800681830FAF77AFD71
:102850004748C06802210190EAF7B0FD01460290A6
:102860004F4800681830FAF798FD01214C4800687D
:102870001830FAF77EFD414800880146029048482A
:1028800000681830FAF787FF46480078012806D11B
:102890003748C06818210190EAF790FD10E04148E0
:1028A0000078022806D13248C06814210190EAF766
:1028B00085FD05E02E48C06810210190EAF77EFDF5
:1028C00001460290364800681830FAF7F6FD3548A0
:1028D0000078012806D12648C0680E210190EAF749
:1028E0006DFD10E02F480078022806D12048C0680E
:1028F0000C210190EAF762FD05E01D48C0680A213D
:102900000190EAF75BFD0146029025480068183007
:10291000FAF72BFE23480078012806D11448C06836
:102920000E210190EAF74AFD10E01E4800780228C7
:1029300006D10F48C0680C210190EAF73FFD05E081
:102940000B48C0680A210190EAF738FD0146029061
:10295000134800681830FAF7CFFD1220F8F770FD21
:10296000014602900E4800681830FAF74AFD1BE055
:1029700014D605241A1715004A0200244C0200241C
:10298000302B28004E02002437322F005002002442
:102990006B9B019040C2039038D605244CD6052489
:1029A0004402002448020024F848C0680121019034
:1029B000EAF704FD01460290F54800681830FAF77E
:1029C0002DFDF3480068A03001F0A4FCEF48016938
:1029D000EF480068A030FAF742FDEC48C0680321D8
:1029E0000190EAF7EBFC01460290E9480068A0304C
:1029F000FAF758FDE548C06803210190EAF7DEFCCC
:102A000001460290E2480068A030FAF740FD7F21BD
:102A1000DF480068A030FAF72FFDDD480068A830D5
:102A200001F078FCD948408A01460290D8480068F5
:102A3000A830FAF714FDD548C06803210190EAF7E1
:102A4000BDFC01460290D2480068A830FAF72AFD82
:102A50007F21CF480068A830FAF70EFDCC48006807
:102A6000203001F057FCCB480078012806D1C74838
:102A7000C06810210190EAF7A1FC10E0C548007879
:102A8000022806D1C148C0680C210190EAF796FCE3
:102A900005E0BE48C06808210190EAF78FFC0146B6
:102AA0000290BB4800682030FAF71BFEFF21B848AF
:102AB00000682030FAF73CFCB748008801460290D5
:102AC000B34800682030FAF70EFCB04890F82000B8
:102AD00000F00100E8BB1220F8F7B2FC01460290BA
:102AE000AB4800682030FAF706FE0020EAF792FDB6
:102AF00000EB40005030A02190FBF1F0012809DDEF
:102B00000020EAF787FD00EB40005030A02190FB49
:102B1000F1F000E0012000B2014602909C480068FC
:102B20002030FAF716FE7F21994800682030FAF726
:102B3000FAFD0020EAF76EFD502101EB8000A02194
:102B400090FBF1F001280BDD0020EAF763FD502136
:102B500000E015E001EB8000A02190FBF1F000E027
:102B6000012000B201908948C06800900199EAF7FD
:102B700025FC01460290864800682030FAF7C8FD1F
:102B80008648008801460290814800682030FAF7A4
:102B900002FE80480078012806D17C48C0681821D0
:102BA0000190EAF70BFC10E07A480078022806D181
:102BB0007648C06814210190EAF700FC05E07348EC
:102BC000C06810210190EAF7F9FB014602907048B5
:102BD00000682030FAF7A7FC6E480078012806D17B
:102BE0006A48C0680E210190EAF7E8FB10E06948E6
:102BF0000078022806D16548C0680C210190EAF7E8
:102C0000DDFB05E06148C0680A210190EAF7D6FBC8
:102C1000014602905E4800682030FAF7BCFC5B4831
:102C2000C06805210190EAF7C9FB014602905848A7
:102C300000682030FAF760FC5448C0680521019014
:102C4000EAF7BCFB01460290514800682030FAF7D1
:102C50008CFC53495348E9F70DFE53495348E9F7B3
:102C600009FE4B480068583001F054FB4D49484874
:102C700000685830FAF7A6FB232145480068583011
:102C8000FAF7AAFB42480068603001F043FB47496D
:102C90003F4800686030FAF795FB7F213C480068A8
:102CA0006030FAF799FB3A480068C03001F032FB17
:102CB000012137480068C030FAF77AFB0121344817
:102CC0000068C030FAF755FB31480068803001F0E9
:102CD00021FB30480078012806D12C48C068182113
:102CE0000190EAF76BFB10E02A480078022806D131
:102CF0002648C06814210190EAF760FB05E02348EC
:102D0000C06810210190EAF759FB01460290204863
:102D100000688030FAF7D1FB1E480078012806D100
:102D20001A48C06818210190EAF748FB10E01948DA
:102D30000078022806D11548C06814210190EAF7EE
:102D40003DFB05E01148C06810210190EAF736FB11
:102D5000014602900E4800688030FAF706FC0D48E4
:102D60000078012806D10948C06818210190EAF7C7
:102D700025FB23E007480078022819D10348C068E2
:102D800014210190EAF71AFB18E0000014D605247C
:102D90004402002448020024500200244C02002473
:102DA000DF87009054020024E93801905C0200247F
:102DB000FE48C06810210190EAF700FB014602902E
:102DC000FB4800688030FAF797FBF94800687830D4
:102DD00001F0A0FAF7480078012806D1F348C0684E
:102DE0000E210190EAF7EAFA10E0F2480078022892
:102DF00006D1EE48C0680C210190EAF7DFFA05E041
:102E0000EA48C0680A210190EAF7D8FA0146029020
:102E1000E74800687830FAF750FBE6480078012868
:102E200006D1E248C0680E210190EAF7C7FA10E027
:102E3000E0480078022806D1DC48C0680C210190E7
:102E4000EAF7BCFA05E0D948C0680A210190EAF720
:102E5000B5FA01460290D64800687830FAF757FB79
:102E6000D3480068883001F055FAD048C0680A217C
:102E70000190EAF7A3FA01460290CD480068883035
:102E8000FAF773FBC948C0680A210190EAF796FA7D
:102E900001460290C64800688830FAF72DFBC44806
:102EA0000068903001F036FAC048C06814210190E3
:102EB000EAF784FA01460290BD4800689030FAF7BC
:102EC00083FCBB480068983001F024FA0221B8481E
:102ED00000689830FAF754FCB5480068683001F093
:102EE00019FA0021B24800686830FAF7E6FA0021C2
:102EF000AF4800686830FAF738FB0021AC4800683A
:102F00006830FAF7F9FAAA480068703001F002FA5E
:102F1000A8480078012806D1A448C068082101907B
:102F2000EAF74CFA10E0A3480078022806D19F483F
:102F3000C06806210190EAF741FA05E09B48C068A5
:102F400002210190EAF73AFA014602909848006897
:102F50007030FAF7B2FA97480078012806D1934802
:102F6000C06808210190EAF729FA10E0914800783A
:102F7000022806D18D48C06806210190EAF71EFAA2
:102F800005E08A48C06802210190EAF717FA014675
:102F90000290874800687030FAF7E7FA85480078B1
:102FA000012806D18148C06808210190EAF706FA95
:102FB00010E080480078022806D17C48C0680621CD
:102FC0000190EAF7FBF905E07848C068022101901A
:102FD000EAF7F4F901460290754800687030FAF794
:102FE0008BFA73480068283001F094F96F48016942
:102FF0006F4800682830FAF776F9E9F7D3FE014602
:1030000002906B4800682830FAF7C5FBFF2168483A
:1030100000682830FAF78CF965480068303001F014
:1030200079F962480169624800683030FAF75BF963
:103030005E4801695E4800683030FAF7ACFB332126
:103040005B4800683030FAF773F959480068383047
:1030500001F060F95548408A0146029054480068E2
:103060003830FAF740F9E9F79DFE014602905048E2
:1030700000683830FAF78FFBFF214D480068383080
:10308000FAF756F94A480068403001F043F94748DA
:10309000408A01460290464800684030FAF723F91A
:1030A0004248408A01460290414800684030FAF7A1
:1030B00072FB33213E4800684030FAF739F93C484A
:1030C0000068483001F026F93B480088014602902C
:1030D000374800684830FAF706F9FF21344800689D
:1030E0004830FAF725F93548008801460290304803
:1030F00000684830FAF74FFB2D480068503001F067
:1031000009F92F480088014602902948006850308C
:10311000FAF7E9F8FF21264800685030FAF708F975
:103120002648008801460290214800685030FAF78E
:1031300032FB1F480068B03001F0ECF847F6FF7131
:103140001B480068B030FAF7CCFA19480068B8306C
:1031500001F0E0F8002116480068B830FAF7C1FA2B
:1031600013480068C83001F0D5F81048C068032142
:103170000190EAF723F9014602900D480068C83033
:10318000FAF738FB0948C06803210190EAF716F9FD
:103190000146029006480068C830FAF720FB044850
:1031A0000068F03001F0B6F800480BE014D60524B2
:1031B0004402002448020024500200244C0200244F
:1031C0004E0200240169FE480068F030FAF78BF8DF
:1031D000FF21FB480068F030FAF7AAF8F948C06808
:1031E00006210190EAF7EAF801460290F4480068E7
:1031F000F030FAF762F947F6FF71F1480068F030F5
:10320000FAF76FFAEE480068E03001F083F8C82161
:10321000EB480068E030FAF73AF8E9480068E8302F
:1032200001F078F87821E6480068E830FAF72FF8DE
:10323000E348006800F5807001F06CF8E24800880F
:1032400001460290DE48006800F58070FAF729F820
:10325000DC48C0680F210190EAF7B0F801460290FF
:10326000D748006800F58070FAF732F80121D44899
:10327000006800F58070FAF721F8D148006800F581
:10328000847001F047F8CF480169CD48006800F527
:103290008470FAF706F8CA48006800F5987001F0E3
:1032A00039F84FF48271C648006800F59870FAF753
:1032B000C0F8C348006800F59C7001F02BF8C148C5
:1032C000C06803210190EAF779F801460290BC48F2
:1032D000006800F59C70FAF7F0F8BA48C06802215F
:1032E0000190EAF76BF801460290B548006800F5D6
:1032F0009C70FAF752F8B3480169B148006800F5CC
:103300009C70FAF71FF8B148008801460290AC485B
:10331000006800F59C70F9F7E6FFFF21A8480068F7
:1033200000F59C70FAF704F8A9480078012806D146
:10333000A448C0680C210090EAF740F805E0A148D5
:10334000C06808210090EAF739F8029000EBD070CD
:10335000401000B2014601909948006800F59C7049
:10336000FAF7BFF99648006800F5A07000F0D2FFA8
:1033700098A19348006800F5A070F9F7CEFFE9F72F
:1033800011FD014602908E48006800F5A070FAF722
:1033900002FA8C484069014602908948006800F5AD
:1033A000A070FAF706FA8648006800F5A47000F0ED
:1033B000B1FF8448C06804210190E9F7FFFF404253
:1033C00000B2014602907E48006800F5A470FAF74A
:1033D00074F8E9F7E7FC014602907948006800F5C7
:1033E000A470F9F780FF7648006800F5A87000F037
:1033F00091FF01217248006800F5A870FAF70EF8F5
:1034000075480088014602906D48006800F5A87074
:10341000F9F7F7FF6A48006800F5947000F07AFF4A
:1034200000216748006800F59470F9F7A2FF65482D
:10343000C0680A210190E9F7C1FF01460290604887
:10344000006800F59470FAF757F85F480088014665
:1034500002905B48006800F59470F9F7D2FF584875
:10346000006800F5887000F055FF5648C0680321D9
:103470000190E9F7A3FF014602905148006800F56A
:103480008870F9F7CBFF4F48C06803210190E9F736
:1034900095FF014602904A48006800F58870FAF7E7
:1034A00020F94848C06808210190E9F787FF0146E4
:1034B00002904348006800F58870FAF755F94148D2
:1034C000C06802210190E9F779FF014602903C486B
:1034D000006800F58870FAF70FF83948006800F5C1
:1034E0008C7000F017FF47F6FF713548006800F553
:1034F0008C70FAF7F6F83348C06808210190E9F7B4
:103500005DFF014602902E48006800F58C70FAF7C6
:103510002BF92C4801692A48006800F58C70F9F7EE
:10352000E2FEFF212648006800F58C70F9F700FFE5
:103530002348006800F5907000F0ECFE2148C06858
:1035400001210190E9F73AFF014602901C4800680A
:1035500000F59070F9F762FF1F480088014602905D
:103560001748006800F59070F9F74BFF1548C068E0
:1035700002210190E9F722FF0146029010480068FD
:1035800000F59070F9F799FF1220F7F759FF0146FF
:1035900002900B48006800F59070FAF7FCF80848B4
:1035A000006800F5D07000F0B5FE00210448006806
:1035B00000F5D070F9F781FF0021014800680DE0A7
:1035C0004402002414D60524500200244E02002494
:1035D00048020024EF808C004C02002400F5D070DB
:1035E000F9F795FF0021FE48006800F5D070FAF762
:1035F00078F80121FA48006800F5D070F9F7D8FE94
:103600000021F748006800F5D070F9F7BCFEF448D7
:10361000006800F5EC7000F07DFEF24800780128AB
:1036200006D1F148C0680C210190E9F7C7FE05E01A
:10363000ED48C06808210190E9F7C0FE01460290FC
:10364000E748006800F5EC70FAF74BF80121E44810
:10365000006800F5EC70F9F7ABFEFF21E048006868
:1036600000F5EC70F9F764FEE0480088014602902E
:10367000DB48006800F5EC70F9F735FEDC4800889F
:1036800001460290D648006800F5EC70FAF783F81E
:10369000D348006800F5D47000F03CFED1480078B3
:1036A000012806D1D048C0680E210190E9F786FEB6
:1036B00010E0CC480078022806D1CB48C0680C2125
:1036C0000190E9F77BFE05E0C748C0680A21019038
:1036D000E9F774FE01460290C148006800F5D47015
:1036E000F9F721FFBF480078012806D1BE48C0681D
:1036F0000E210190E9F762FE10E0BA480078022836
:1037000006D1B948C0680C210190E9F757FE05E0E1
:10371000B548C0680A210190E9F750FE01460290C1
:10372000AF48006800F5D470F9F735FFAD48007870
:10373000012806D1AC48C0680E210190E9F73EFE91
:1037400010E0A8480078022806D1A748C0680C21DC
:103750000190E9F733FE05E0A348C0680A21019013
:10376000E9F72CFE014602909D48006800F5D470F0
:10377000F9F7CDFE9C48C06801210190E9F71EFED3
:10378000014602909648006800F5D470F9F705FEEE
:1037900019219348006800F5D470F9F7E0FD9448CA
:1037A0000088014602908E48006800F5D470F9F751
:1037B000C9FD00218A48006800F5D470F9F7E3FDDF
:1037C0008748006800F5D87000F0A4FD0021844807
:1037D000006800F5D870F9F770FE00218048006895
:1037E00000F5D870F9F793FE7F48C0680121019079
:1037F000E9F7E4FD014602907948006800F5D870C9
:10380000F9F7CBFD19217648006800F5D870F9F773
:10381000A6FD77480088014602907148006800F5CF
:10382000D870F9F78FFD08216D48006800F5D87051
:10383000F9F7A9FD6A48006800F5DC7000F06AFD40
:1038400000216748006800F5DC70F9F736FE0021BA
:103850006348006800F5DC70F9F759FE60480068BD
:1038600000F5E47000F056FD5E480078012806D1AE
:103870005D48C0680E210190E9F7A0FD10E05948AD
:103880000078022806D15848C0680C210190E9F759
:1038900095FD05E05448C0680A210190E9F78EFDC6
:1038A000014602904E48006800F5E470F9F73BFECF
:1038B0004C480078012806D14B48C0680821019087
:1038C000E9F77CFD10E047480078022806D1464819
:1038D000C06806210190E9F771FD05E04248C06823
:1038E00002210190E9F76AFD014602903C48006818
:1038F00000F5E470F9F74FFE3A480078012806D148
:103900003948C0680E210190E9F758FD10E03548AC
:103910000078022806D13448C0680C210190E9F7EC
:103920004DFD05E03048C0680A210190E9F746FDE9
:10393000014602902A48006800F5E470F9F7E7FDB7
:103940002748006800F5E87000F0E4FC254800789E
:10395000012806D12448C06808210190E9F72EFD0E
:1039600010E020480078022806D11F48C0680621D0
:103970000190E9F723FD05E01B48C0680221019092
:10398000E9F71CFD014602901548006800F5E87053
:10399000F9F7C9FD13480078012806D11248C0681C
:1039A00008210190E9F70AFD10E00E48007802288E
:1039B00006D10D48C06806210190E9F7FFFC05E03B
:1039C0000948C06802210190E9F7F8FC014602901D
:1039D0000348006800F5E870F9F7DDFD002109E013
:1039E000440200244802002414D605244E02002478
:1039F0004C020024FC48006800F5E870F9F793FEDB
:103A00000021F948006800F5E870F9F791FCF748E3
:103A1000008801460290F448006800F5E870F9F764
:103A2000BAFEF148006800F5E07000F073FC002178
:103A3000ED48006800F5E070F9F775FD0021EA48EF
:103A4000006800F5E070F9F762FDE748006800F5EE
:103A5000F07000F05FFC3321E348006800F5F0707F
:103A6000F9F766FC1220F7F7EBFC01460290DE48FE
:103A7000006800F5F070F9F736FCDB48006800F5E7
:103A8000F47000F047FC0021D748006800F5F4709E
:103A9000F9F74EFCD6480078012806D1D548C06811
:103AA00008210190E9F78AFC10E0D148007802284B
:103AB00006D1D048C06806210190E9F77FFC05E0F7
:103AC000CC48C06802210190E9F778FC01460290D9
:103AD000C548006800F5F470F9F75DFDC24800685C
:103AE00000F5B07000F016FCC248C06805210190D6
:103AF000E9F764FC01460290BB48006800F5B0702D
:103B0000F9F78CFCB948008801460290B648006875
:103B100000F5B070F9F775FCB648C0681421019043
:103B2000E9F74CFC01460290AF48006800F5B07020
:103B3000F9F71AFEAF48C0680F210190E9F73EFC83
:103B400001460290A848006800F5B070F9F7F7FC4C
:103B5000A548006800F5B47000F0DCFB47F6FF7183
:103B6000A148006800F5B470F9F7BBFD9F480088D4
:103B7000014602909C48006800F5B470F9F7B3FB69
:103B8000FF219948006800F5B470F9F7D1FB994816
:103B9000C0680F210190E9F711FC0146029092489C
:103BA000006800F5B470F9F7DFFD8F48006800F594
:103BB000AC7000F0AFFB8F48C06801210190E9F7BD
:103BC000FDFB014602908848006800F5AC70F9F7EB
:103BD000E4FB89480088014602908348006800F5AC
:103BE000AC70F9F7AFFB03217F48006800F5AC70BB
:103BF000F9F7C9FB7C48006800F5B87000F08AFB53
:103C00007A480088014602907748006800F5B8704D
:103C1000F9F798FB7748C06802210190E9F7CEFBDD
:103C2000014602907048006800F5B870F9F7B5FBDE
:103C30007048C06801210190E9F7C0FB404200B222
:103C4000014602906848006800F5B870F9F777FC03
:103C500004216548006800F5B870F9F794FB4FF44B
:103C6000C8716148006800F5B870F9F710FB5E484C
:103C7000006800F5BC7000F04DFB5E4890F8200035
:103C800000F0010028B102211220F7F783FB029017
:103C900004E001211220F7F7A7FB02905248029995
:103CA000006800F5BC70F9F776FD4F48006800F534
:103CB000C07000F02FFB4E480078012806D14D4817
:103CC000C0680E210190E9F779FB10E048480078C0
:103CD000022806D14748C0680C210190E9F76EFB25
:103CE00005E04448C0680A210190E9F767FB0146F6
:103CF00002903D48006800F5C070F9F7DEFB3C48D3
:103D00000078012806D13B48C0680E210090E9F7F1
:103D100055FB10E036480078022806D13548C068C7
:103D20000C210090E9F74AFB05E03248C0680A21FF
:103D30000090E9F743FB029000EBD070401000B216
:103D4000014601902848006800F5C070F9F7DFFBD4
:103D50002548006800F5C47000F0DCFA2548C0680A
:103D600001210190E9F72AFB014602901E480068F4
:103D700000F5C470F9F711FB1F4800880146029056
:103D80001948006800F5C470F9F7DCFA1B48008890
:103D9000014602901448006800F5C470F9F7A3FAD0
:103DA00033211148006800F5C470F9F7C1FA0E48D4
:103DB000006800F5C87000F0ADFA0D4800780128E1
:103DC00006D10C48C0680E210190E9F7F7FA1DE012
:103DD00007480078022813D10648C0680C210190DA
:103DE000E9F7ECFA12E00000440200244C0200243F
:103DF0004802002414D60524500200244E02002458
:103E0000F848C0680A210190E9F7D8FA0146029003
:103E1000F548006800F5C870F9F785FBF3480078AD
:103E2000012806D1EF48C0680E210190E9F7C6FAD3
:103E300010E0EE480078022806D1EA48C0680C215C
:103E40000190E9F7BBFA05E0E648C0680A21019055
:103E5000E9F7B4FA01460290E348006800F5C8703B
:103E6000F9F78EFBE1480078012806D1DD48C068EB
:103E700008210190E9F7A2FA10E0DC480078022856
:103E800006D1D848C06806210190E9F797FA05E005
:103E9000D448C06802210190E9F790FA01460290E7
:103EA000D148006800F5C870F9F71BFBCF480078CF
:103EB000012806D1CB48C0680E210190E9F77EFAAF
:103EC00010E0CA480078022806D1C648C0680C2114
:103ED0000190E9F773FA05E0C248C0680A21019031
:103EE000E9F76CFA01460290BF48006800F5C87017
:103EF000F9F70DFBBC48006800F5CC7000F00AFA39
:103F0000B848C0680A210190E9F758FA01460290C2
:103F1000B548006800F5CC70F9F7DAF9B2480068E6
:103F200000F5FC7000F0F6F9AE48C068042101907D
:103F3000E9F744FA01460290AB48006800F5FC70CE
:103F4000F9F7BBFAA848006800F5F87000F0E2F94C
:103F5000642001900198002805DA0198C0F57A7074
:103F600040F4005002E0019840F4005000B20146D5
:103F700002909D48006800F5F870F9F765FA9A48D4
:103F8000006800F5007000F0C5F91220F7F758FA44
:103F9000014602909448006800F50070F9F7A3F913
:103FA0007F219148006800F50070F9F7C1F98E484B
:103FB000006800F5027000F0ADF900218A48006841
:103FC00000F50270F9F7C5FB88480078032816D180
:103FD00086480078012806D18248C0680C210090EC
:103FE000E9F7ECF905E07F48C06808210090E9F79F
:103FF000E5F90290029800EBD070401010E07B4889
:104000000078012806D17748C0680C210090E9F7B4
:10401000D5F905E07348C06808210090E9F7CEF9AA
:1040200000B2014601907048006800F50270F9F78F
:1040300058FB6D48006800F50E7000F06BF9694898
:1040400001696948006800F50E70F9F77BF9654869
:10405000C06802210190E9F7B1F9400000B20146C1
:1040600002906148006800F50E70F9F796F9012199
:104070005D48006800F50E70F9F785F95A48006848
:1040800000F50C7000F046F95648C0680221019016
:10409000E9F794F9404200B20146029052480068A4
:1040A00000F50C70F9F7F3F94F48006800F504705B
:1040B00000F030F94D480078012806D14948C06821
:1040C00018210190E9F77AF910E0484800780228B1
:1040D00006D14448C06814210190E9F76FF905E062
:1040E0004048C06810210190E9F768F90146029044
:1040F0003D48006800F50470F9F715FA00213A48C8
:10410000006800F50470F9F746FA002136480068A7
:1041100000F50470F9F7FBF901213348006800F558
:104120000470F9F745F93048006800F5067000F0B2
:10413000F1F82C48C06801210190E9F73FF90146E8
:1041400002902948006800F50670F9F726F928481A
:104150000088014602902448006800F50670F9F7CF
:10416000F1F801212048006800F50670F9F70BF915
:104170001E480078012806D11A48C0680E21019017
:10418000E9F71CF910E019480078022806D1154813
:10419000C0680C210190E9F711F905E01148C068E9
:1041A0000A210190E9F70AF9014602900E480068D9
:1041B00000F50670F9F781F90C480078012806D15E
:1041C0000848C0680E210190E9F7F8F818E00748A0
:1041D000007802280ED10348C0680C210190E9F74D
:1041E000EDF80DE014D60524440200244802002412
:1041F000500200244448C0680A210190E9F7DEF823
:10420000014602904148006800F50670F9F774F91C
:104210003E48006800F5087000F07CF83C480078E3
:10422000012806D13848C06818210190E9F7C6F87E
:1042300010E037480078022806D13348C0681421BE
:104240000190E9F7BBF805E02F48C0681021019004
:10425000E9F7B4F8014602902C48006800F50870B0
:10426000F9F7C8FA2948006800F5107000F052F814
:10427000FF212648006800F51070F9F759F8E8F7B3
:1042800091FD014602902148006800F51070F9F791
:104290002AF81220F7F7D4F8014602901B4800686C
:1042A00000F51070F9F72CF847F6FF711748006811
:1042B00000F51070F9F715FA1348C0680F21019046
:1042C000E9F77CF8014602901048006800F510708C
:1042D000F9F73FFAE8F766FD014602900B480068DF
:1042E00000F51070F9F707FA0748C068052101903A
:1042F000E9F764F8014602900448006800F5107080
:10430000F9F71CFA0EBD000014D60524440200245F
:104310004802002410B504460548007818B120462C
:10432000F8F79FFF02E02046F8F75AFE10BD0000A4
:10433000520200242DE9F04107460C462046F3F7CF
:104340001BFAB0B90022FE4801682046F1F7B1FE21
:104350004FF48032FA48016808312046F1F7A9FE8F
:10436000F84AF748016810312046F1F7A2FEBDE88F
:10437000F081F5492046F2F7B1FA002876D02046C0
:10438000F3F7FAF90546F1492846F2F7A7FA00B122
:10439000EDE72846F3F7F0F90646EC49F2F79EFA06
:1043A000B0B10022E648016880312046F1F781FE75
:1043B0004FF48032E248016808312046F1F779FE77
:1043C000E04ADF48016810312046F1F772FECEE77F
:1043D0002046F3F78AF9B0B92046F3F7CDF906463F
:1043E000DB49F2F77BFA70B10022D5480168483109
:1043F0002046F1F75EFE0022D14801687031204668
:10440000F1F757FEB3E72046F3F76FF9012824D1FF
:104410002046F3F7B1F90646CD49F2F75FFAE0B16D
:104420000022C74801682046F1F743FE0022C44835
:10443000016880312046F1F73CFE4FF48032C048DD
:10444000016808312046F1F734FEBE4ABC480168D5
:1044500010312046F1F72DFE89E72046F3F78CF95D
:104460000646BC49F2F73AFA08B180E717E00022A5
:10447000B348016818312046F1F71BFE4FF4803233
:10448000AF48016808312046F1F713FEAD4AAC4849
:10449000016810312046F1F70CFE01F02FB8AE494B
:1044A0002046F2F71BFA002860D00022A4480168D9
:1044B00020312046F1F7FDFD0022A1480168283196
:1044C0002046F1F7F6FD00229D480168D0312046D4
:1044D000F1F7EFFD20229A48016858312046F1F7A4
:1044E000E8FD202296480168D8312046F1F7E1FD29
:1044F000042293480168A0312046F1F7DAFD20221A
:104500008F480168C8312046F1F7D3FD01228C485D
:10451000016838312046F1F7CCFD802288480168D7
:1045200060312046F1F7C5FD2046F3F725F9054631
:104530008A49F2F7D3F940B92046F3F71DF9054649
:104540008749F2F7CBF90028A7D000227C48016800
:1045500001F5E8712046F1F7ACFD202278480168AA
:1045600001F5F0712046F1F7A4FD96E77D4920465C
:10457000F2F7B4F940B100227148016801F5A87161
:104580002046F1F796FD88E777492046F2F7A6F92D
:1045900000287DD02046F3F7EFF805467349F2F77F
:1045A0009DF9E0B300226648016801F5FC712046E0
:1045B000F1F77FFD00226248016888312046F1F75B
:1045C00078FD4FF4A0225E48016820312046F1F7C3
:1045D00070FD674A5A48016858312046F1F769FD75
:1045E000634A60325648016860312046F1F761FD48
:1045F0005F4A1F3A5248016828312046F1F759FDB9
:104600005B4A1C3A4E48016830312046F1F751FDB3
:10461000574A183A4A4801684031204600E002E013
:10462000F1F747FDA3E62046F3F7A6F8054647490C
:10463000F2F754F968B3002241480168503120462E
:10464000F1F737FD04223E480168A0312046F1F71A
:1046500030FD04223A48016801F50C712046F1F75B
:1046600028FD434A3648016858312046F1F721FDBC
:104670003F4A1F3A3248016830312046F1F719FDB0
:104680003B4A1F3A2E48016801F50E71204601E0B1
:10469000C4E01BE0F1F70DFD354A1C3A28480168DB
:1046A000A0312046F1F705FD314A183A2448016847
:1046B000A8312046F1F7FDFC2D4A1C3A204801683C
:1046C00001F50C712046F1F7F4FC50E62046F3F7B3
:1046D00053F805461F49F2F701F978B3002218484C
:1046E000016801F5C0712046F1F7E3FC042214488B
:1046F0000168A0312046F1F7DCFC0822104801686F
:10470000A8312046F1F7D5FC4FF4A0220C480168EF
:1047100001F5C4712046F1F7CCFC154A0848016840
:1047200058312046F1F7C5FC114A6032044801684F
:1047300060312046F1F7BDFC0D4A1BE029E0000086
:10474000440200244000010030BA0390D0C103901D
:1047500024C203909CBB0390B8A704900CC10390A3
:10476000F0C003907CA80490D4A7049044C10390A7
:10477000200005001C3AFE480168A0312046F1F7F0
:1047800098FCFC4AFA480168A8312046F1F791FCF0
:10479000EDE50022F648016818312046F1F789FC62
:1047A0000422F3480168A0312046F1F782FC082278
:1047B000EF480168A8312046F1F77BFC4FF4A022B6
:1047C000EB48016820312046F1F773FCE94A783262
:1047D000E748016860312046F1F76BFCE54A183282
:1047E000E348016858312046F1F763FCE14AD21FE3
:1047F000DF48016828312046F1F75BFCDD4A121FD3
:10480000DB480168A0312046F1F753FCD94AD8486B
:104810000168A8312046F1F74CFC3EE6D649204617
:10482000F2F75CF860B30022D148016830312046CD
:10483000F1F73FFC0022CE480168B0312046F1F785
:1048400038FC0422CA480168A0312046F1F731FC47
:104850000822C7480168A8312046F1F72AFC4FF426
:104860000032C348016828312046F1F722FC4FF49A
:104870000032BF480168B0312046F1F71AFC0CE65F
:10488000BE492046F2F72AF8F0B30022B848016882
:1048900030312046F1F70DFC0022B5480168B031F7
:1048A0002046F1F706FC0422B1480168A0312046F9
:1048B000F1F7FFFB0822AE480168A8312046F1F766
:1048C000F8FB4FF40032AA48016828312046F1F77E
:1048D000F0FB4FF40032A6480168B0312046F1F7F2
:1048E000E8FB4FF44032A2480168F0312046F1F76E
:1048F000E0FBA34A9E480168C8312046F1F7D9FB86
:104900004FF440329A4800E00CE00168D031204674
:10491000F1F7CFFB9A4A96480168D8312046F1F763
:10492000C8FBBAE597492046F1F7D8FF002862D0C6
:1049300000228F48016818312046F1F7BAFB0022A7
:104940008B48016868312046F1F7B3FB00228848A4
:104950000168B8312046F1F7ACFB042284480168B5
:10496000A0312046F1F7A5FB082281480168A83153
:104970002046F1F79EFB4FF480327D4801680831F4
:104980002046F1F796FB804A7948016810312046AD
:10499000F1F78FFB4FF4A022754801685031204693
:1049A000F1F787FB4FF4A0227148016801F5AC7163
:1049B0002046F1F77EFB4FF4A0226D48016880315C
:1049C0002046F1F776FB6B4A183269480168583186
:1049D0002046F1F76EFB674A121F654801682831CF
:1049E0002046F1F766FB634A61480168383120468A
:1049F000F1F75FFB51E565492046F1F76FFFE8B33A
:104A000000225B48016888312046F1F752FB0422FE
:104A100057480168A0312046F1F74BFB5C4A5448E7
:104A2000016860312046F1F744FB4FF400325048F2
:104A3000016801F59C712046F1F73BFB544A7F3A2F
:104A40004B48016828312046F1F733FB504A7F3A42
:104A50004748016801F5A0712046F1F72AFB4C4A4E
:104A6000603A4348016858312046F1F722FB484A32
:104A7000603A3F480168C831204600E012E0F1F793
:104A800018FB434A603A3A480168D8312046F1F7AA
:104A900010FB4FF4003236480168D0312046F1F760
:104AA00008FBFAE43B492046F1F718FF002873D0D1
:104AB00000222F48016848312046F1F7FAFA002217
:104AC0002B480168B0312046F1F7F3FA002228485C
:104AD0000168E8312046F1F7ECFA802224480168A9
:104AE00060312046F1F7E5FA042221480168A0313F
:104AF0002046F1F7DEFA264A7F3A1D480168283140
:104B00002046F1F7D6FA4FF4003219480168B03167
:104B10002046F1F7CEFA1E4A15480168603120465A
:104B2000F1F7C7FA4FF4403211480168F0312046DE
:104B3000F1F7BFFA4FF440320D480168503120467A
:104B4000F1F7B7FA4FF440320948016801F5A47152
:104B50002046F1F7AEFA0A4A603205480168603132
:104B60002046F1F7A6FA0A4A7F3A0148016814E0A4
:104B700044020024080005009CA70490D0A80490DB
:104B80002000030008A9049040000100F0A7049051
:104B900080000200ECA804900CE0D8312046F1F728
:104BA00088FA4FF40032FA480168D8312046F1F70C
:104BB00080FA72E4F7492046F1F790FEF0B3002244
:104BC000F348016818312046F1F773FA0022F048E3
:104BD000016878312046F1F76CFA0022EC48016850
:104BE00001F594712046F1F764FA4FF48032E848F9
:104BF000016808312046F1F75CFAE74AE4480168A9
:104C000010312046F1F755FA4FF4A022E048016830
:104C100001F588712046F1F74CFA4FF40032DC4878
:104C2000016801F58C712046F1F743FA4FF4C02278
:104C3000D748016801F59071204600E00BE0F1F7DC
:104C400038FA4FF4E022D248016801F58871204615
:104C5000F1F72FFA21E4D1492046F1F73FFE90B356
:104C60000022CB48016818312046F1F722FA0022D1
:104C7000C7480168E0312046F1F71BFA0022C4481A
:104C8000016890312046F1F714FA0022C04801680B
:104C900098312046F1F70DFA0422BD480168A03191
:104CA0002046F1F706FA0822B9480168A8312046E3
:104CB000F1F7FFF94FF48022B5480168283120460A
:104CC000F1F7F7F927E2FFE7B5492046F1F706FECD
:104CD000C8B30022AE48016818312046F1F7E9F95F
:104CE0000022AB48016878312046F1F7E2F9002252
:104CF000A7480168D0312046F1F7DBF92022A4480B
:104D00000168D8312046F1F7D4F92022A048016883
:104D100058312046F1F7CDF904229D480168A031B1
:104D20002046F1F7C6F9082299480168A8312046C3
:104D3000F1F7BFF94FF4003295480168D8312046A9
:104D4000F1F7B7F9DAE3FFE796492046F1F7C6FD38
:104D5000F0B300228E48016818312046F1F7A9F916
:104D600000228B480168C0312046F1F7A2F90022E9
:104D70008748016890312046F1F79BF9002284486A
:104D8000016801F598712046F1F793F94FF48032EC
:104D90007F48016808312046F1F78BF97E4A7C484C
:104DA000016810312046F1F784F94FF480227848E9
:104DB000016850312046F1F77CF97B4A744801685C
:104DC00028312046F1F775F9774A1F32704800E024
:104DD00005E0016858312046F1F76BF98EE373491D
:104DE0002046F1F77BFD10B300226948016801F508
:104DF00080712046F1F75DF94FF400326448016894
:104E000001F580712046F1F754F94FF40032604803
:104E1000016801F584712046F1F74BF94FF44032F7
:104E20005B480168F0312046F1F743F966E36049D9
:104E30002046F1F753FDD0B100225548016801F535
:104E400080712046F1F735F94FF40032504801687F
:104E500001F580712046F1F72CF94FF400324C48EF
:104E6000016801F584712046F1F723F946E35149C1
:104E70002046F1F733FDB8B10022454801681831EA
:104E80002046F1F716F9002241480168B03120466A
:104E9000F1F70FF94FF400323D48016801F5B471A4
:104EA0002046F1F706F929E343492046F1F716FDBC
:104EB000E0B300223648016818312046F1F7F9F8CE
:104EC00000223348016878312046F1F7F2F80422D5
:104ED0002F480168A0312046F1F7EBF808222C4852
:104EE0000168A8312046F1F7E4F84FF480322848F1
:104EF000016808312046F1F7DCF8274A24480168A8
:104F000010312046F1F7D5F82C4A2148016801F507
:104F1000B8712046F1F7CDF84FF400221C48016823
:104F200001F5BC712046F1F7C4F8E7E2FFE7244938
:104F30002046F1F7D3FC70B1002215480168183102
:104F40002046F1F7B6F80022114801686831204682
:104F5000F1F7AFF8D2E21B492046F1F7BFFC40B1B0
:104F600000220B48016801F5C8712046F1F7A1F84D
:104F7000C4E215492046F1F7B1FC40B100220448D3
:104F8000016801F5C8712046F1F793F8B6E21DE01B
:104F900044020024F0BB03904000010098A8049054
:104FA0000CA8049028A804900100040080A7049095
:104FB000B4C1039028C1039024A904900200070003
:104FC0009CBB0390B8BB0390D4BB0390F64920462A
:104FD000F1F784FCF0B30022F44801682046F1F7B1
:104FE00068F8F3480078012803D1F0480068783069
:104FF00002E0EE4800687030014600222046F1F7DA
:1050000058F80422E9480168A0312046F1F751F828
:105010000822E6480168A8312046F1F74AF84FF423
:10502000A022E248016820312046F1F742F8E14A27
:10503000DE48016860312046F1F73BF84FF4A022CA
:10504000DA48016850312046F1F733F84FF4A022D6
:10505000D64800E026E0016801F502712046F1F72C
:1050600028F8D44A603AD148016858312046F1F70F
:1050700020F8D04A7F3ACD48016848312046F1F700
:1050800018F8CC4A7C3AC948016830312046F1F71B
:1050900010F8C84A783AC548016840312046F1F70F
:1050A00008F82BE2C4492046F1F718FCF8B10022B9
:1050B000BE48016818312046F0F7FBFF0022BB48CC
:1050C000016801F504712046F0F7F3FF4FF48032D8
:1050D000B648016808312046F0F7EBFFB74AB348FD
:1050E000016810312046F0F7E4FFFFF740B9B449FA
:1050F0002046F1F7F3FB78B10022AC480168483153
:105100002046F0F7D6FF0022A848016801F5087193
:105110002046F0F7CEFFF1E1AA492046F1F7DEFB89
:1051200068B30022A148016850312046F0F7C1FF62
:1051300000229E48016801F506712046F0F7B9FF8C
:1051400004229A48016828312046F0F7B2FF042271
:105150009648016801F508712046F0F7AAFF202261
:105160009248016801F508712046F0F7A2FF20225D
:105170008E48016858312046F0F79BFFBEE1924906
:105180002046F1F7ABFB78B100228848016818315E
:105190002046F0F78EFF00228448016801F5D071A7
:1051A0002046F0F786FFA9E188492046F1F796FBF3
:1051B000B8B100227D48016801F5D8712046F0F7AA
:1051C00078FF4FF480327948016808312046F0F7C3
:1051D00070FF7A4A7548016810312046F0F769FF80
:1051E0008CE17B492046F1F779FBB8B100226F488A
:1051F000016801F5DC712046F0F75BFF4FF4803267
:105200006A48016808312046F0F753FF6B4A674847
:10521000016810312046F0F74CFF6FE16D492046E0
:10522000F1F75CFBF0B100226048016801F5D47130
:105230002046F0F73EFF20225C48016801F5F0713E
:105240002046F0F736FF21225848016830312046C9
:10525000F0F72FFF01225548016830312046F0F762
:1052600028FF4BE15C492046F1F738FB20B95B4948
:105270002046F1F733FB80B100224C48016801F56C
:10528000E4712046F0F715FF20224848016801F537
:10529000F0712046F0F70DFF30E151492046F1F75B
:1052A0001DFBB8B100224148016801F5E0712046BC
:1052B000F0F7FFFE4FF480323C4801680831204689
:1052C000F0F7F7FE3D4A3948016810312046F0F703
:1052D000F0FE13E143492046F1F700FB40B1002204
:1052E0003248016801F5EC712046F0F7E2FE05E175
:1052F0003D492046F1F7F2FA40B100222B480168FF
:1053000001F5F4712046F0F7D4FEF7E03749204666
:10531000F1F7E4FA78B100222448016818312046F8
:10532000F0F7C7FE00222148016801F5F871204618
:10533000F0F7BFFED9E62E492046F1F7CFFA40B18B
:1053400000221A48016801F500712046F0F7B1FE0D
:10535000D4E028492046F1F7C1FA20B300221348CF
:10536000016818312046F0F7A4FE00220F480168BA
:1053700078312046F0F79DFE04220C480168A031E8
:105380002046F0F796FE082208480168A83120461A
:10539000F0F78FFE4FF4E0220448016828312046E0
:1053A000F0F787FEAAE027E028BC0390440200241F
:1053B0004802002480000500D8BF0390400001008F
:1053C00010C00390F4BF03902CC00390B8C00390AA
:1053D000D4C0039064C003900CC10390F0C003904C
:1053E00048C0039080C003909CC0039044C10390C8
:1053F0007CC1039098C1039041492046F1F76EFAB1
:10540000A8B100223F4801682046F0F752FE4FF451
:1054100080323C48016808312046F0F74AFE3A4A9B
:105420003848016810312046F0F743FE66E03749FE
:105430002046F1F753FA78B14FF4803231480168D1
:1054400008312046F0F735FE2F4A2E48016810310A
:105450002046F0F72EFE51E02D492046F1F73EFAA6
:1054600068B10022274801682046F0F722FE00229A
:105470002448016868312046F0F71BFE3EE02549CC
:105480002046F1F72BFA38B100221E480168C031DE
:105490002046F0F70EFE31E01F492046F1F71EFAD4
:1054A000F8B100221748016801F5CC712046F0F7E9
:1054B00000FE00221348016880312046F0F7F9FD14
:1054C0004FF440320F48016850312046F0F7F1FDAB
:1054D0004FF440320B48016880312046F0F7E9FD77
:1054E0000CE00E492046F1F7F9F938B100220548E1
:1054F000016801F510712046F0F7DBFD00BFF4E50F
:10550000ECC10390440200244000010008C2039053
:10551000D0C1039024C203900CBC0390BCBF039085
:105520002DE9F14F88B00898EBF7FEFC079008983A
:10553000EBF75BFD8046CDF8188007980A2856D116
:105540004046F2F754F804464046F2F731F8054673
:1055500005A94046F2F792F9BDF914000490BDF98F
:105560001690204604EBD0714A100499114491FB27
:10557000F4F161430FFA81FA284605EBD07109EB8B
:10558000610191FBF5F1694309B203910F2002908B
:10559000002721E039464046F1F789FF06463046AC
:1055A000F3F73EFE01903046F3F75DFE0090019860
:1055B000504510D10399009888420CD1B346069803
:1055C000C0F824B09BF82400029000221C21404621
:1055D000EBF712FD05E07F1C4046F1F786FFB8426D
:1055E000D8D800BF40460299F5F728FC00BF09B0A3
:1055F000BDE8F08F0146C843401C01EA0002B2FA40
:1056000082F0C0F12003581E7047014621B1B1FA63
:1056100081F0C0F1200000E000200246501E7047DB
:10562000044A928912B20280024A128C12B20A8093
:10563000704700003800002410B50849086880470A
:105640000020E0F7FBFC012807D14FF6FF70E0F7E0
:10565000BBFD00F031F800F017FD10BD380000244C
:1056600010B506484168002088470448808E00F441
:10567000004008B1012010BD0020FCE738000024E4
:1056800070B505460C46FFF7EBFF30B108490948F5
:10569000FFF7C6FF0120A07301E00020A0730548BA
:1056A000B0F9000020800248B0F90000608070BDB1
:1056B0003E0100243C0100242DE9F04F2DED048B28
:1056C00089B04FF000080020039000BF4FF6FF7034
:1056D000E0F77AFD4FF47840DD4909681022642331
:1056E000CDE900210290A02228210846E3F7E8FD39
:1056F0004FF478421421084600F064FA0020D5499E
:105700008886A1E1D348416801208847D148808E2E
:1057100000F44040B0F5804F7ED100200390CD488A
:10572000808E20F48040CB4988860846808904A971
:1057300021F82800C748008C01EB8801488008F157
:10574000010000F0FF08B8F1060F13D2DFE808F0FF
:10575000120313263C514FF6FF721421084600F045
:1057600031FABD490988143988B24FF478421421BE
:1057700000F028FA58E1B8490988143988B24FF680
:10578000FF72142100F01EFAB3484088143881B229
:105790004FF47842142000F015FA45E1AE484088F5
:1057A000143881B24FF6FF72142000F00BFAAA4AA7
:1057B0005288143A91B2A84A1288143A90B24FF41F
:1057C000784200F0FFF92FE14FF6FF70E0F7FCFCA4
:1057D000A14AB2F8029009EBD97251109E4AB2F870
:1057E00000A00AEBDA7250104FF4784200F0EAF9A8
:1057F0001AE1BDF81400BDF81010401A04B2BDF84B
:105800001C00BDF81810401A06B2BDF81E10BDF8F5
:105810001600081A05B200E007E1BDF81A00BDF84D
:105820001210401A07B200EE104AB8EEC01B00EE8C
:10583000106AB8EEC00B81EE002BB0EE428B00EE8A
:10584000105AB8EEC01B00EE107AB8EEC00B81EE15
:10585000002BB0EE429BB5EEC08BF1EE10FA03D2F6
:10586000B1EE480BB0EE408BB5EEC09BF1EE10FAF6
:1058700003D2B1EE490BB0EE409B9FED780BB4EE36
:10588000C08BF1EE10FA60D39FED760BB4EEC08BB7
:10589000F1EE10FA59DC9FED710BB4EEC09BF1EE06
:1058A00010FA52D39FED6F0BB4EEC09BF1EE10FADD
:1058B0004BDCB4F1000B01DBDE4601E0CBF1000E66
:1058C000BEF5805F41DAB5F1000A01DBD64601E0A2
:1058D000CAF1000EBEF5805F37DAB6F1000901DBD0
:1058E000CE4601E0C9F1000EBEF5805F2DDAB7F1BA
:1058F000000C01DBE64601E0CCF1000EBEF5805F56
:1059000023DA231E01DB9E4601E0C3F1000EBEF147
:10591000000F1AD02A1E01DB964601E0C2F1000EEC
:10592000BEF1000F11D0311E01DB8E4601E0C1F146
:10593000000EBEF1000F08D0381E01DB864601E0E4
:10594000C0F1000EBEF1000F1FD14FF00008424A17
:10595000B2F8029009EBD97251103F4AB2F800A098
:105960000AEBDA7250104FF6FF7200F02BF94FF489
:1059700078421421084600F025F9B0EE491BB0EE3C
:10598000480B04A800F07EF85EE0A01900EE100AB3
:10599000F8EEC00A304800882838400000EE100AAF
:1059A000B8EEC00A80EE801A2A4880ED0E1AE81977
:1059B00000EE100AF8EEC00A274840882838400058
:1059C00000EE100AB8EEC00A80EE801A214880ED81
:1059D0000F1ABDF8200000B21E49A1F84000BDF822
:1059E000220000B2A1F842004FF6FF70E0F7ECFB96
:1059F0001F201EA11022CDE90021029016484388E5
:105A000002886E212320E3F75BFC4FF47A70CBF71A
:105A1000B2FD00F039FB4FF6FF70E0F7D5FB09B09F
:105A2000BDEC048BBDE8F08F00BF0A20CBF7A3FDCF
:105A30000398401C80B203900398B0F57A7F02DD92
:105A400000F0FCF801E000BF5CE600BF00BFE6E745
:105A5000F0B9039038000024E4040024666666660A
:105A60006666EE3FCDCCCCCCCCCCF03F546F7563AA
:105A7000682053637265656E2041646A7573742093
:105A80004F4B210070B52DED048B88B00546B0EE6C
:105A9000408BB0EE419B002433E035F82430621C8B
:105AA0003DA103A8CAF728FB4FF4784003A91022B0
:105AB000CDE9002102903A484388028804EB840033
:105AC000A02606EB80012820E3F7FAFB05EB840013
:105AD0004388621C33A103A8CAF70EFB4FF4784039
:105AE00003A91022CDE9002102902D4843880288A5
:105AF00004EB840006EB80017820E3F7E1FB601CF7
:105B0000C4B2052CC9DB4FF6FF7000902448008812
:105B1000401E82B204EB8400A02303EB800110231B
:105B20002820E2F77FFE53EC182B20A103A8CAF728
:105B3000E3FA00208DF813004FF4784003A91022F7
:105B4000CDE90021029016484388028804EB8400C6
:105B5000A02606EB80012820E3F7B2FB53EC192BBB
:105B600015A103A8CAF7C8FA00208DF813004FF456
:105B7000784003A91022CDE900210290084843880B
:105B8000028804EB840006EB80017820E3F798FBA1
:105B900008B0BDEC048B70BD7825643A2564000024
:105BA000E40400247925643A2564000070783A25DD
:105BB000302E32660000000070793A25302E3266B1
:105BC00000000000F8B504460D46164604F10D012C
:105BD0008AB2193988B22B4629460096E0F723FC91
:105BE00005F10D0083B2193881B222462046009695
:105BF000E0F719FC6A1C91B2621C90B23246E0F7E1
:105C000069FC6A1C91B2621E90B23246E0F762FCF7
:105C10006A1E91B2621C90B23246E0F75BFC6A1ECB
:105C200091B2621E90B23246E0F754FC334606222F
:105C300029462046E0F77AFBF8BD000070B5084C15
:105C400000250C2221462820D0F7FEFE3420D0F774
:105C50000DFF05460A2D01D1012070BD0020FCE793
:105C60007000002400B587B000206E4981F8440020
:105C7000084690F844006C49897901F00101084315
:105C8000684981F844006848808845F2105188428C
:105C90000BD06548808844F24231884205D0624882
:105CA000808841F2180188420ED1DDF77BFF5F4802
:105CB0005C494860084690F8440040F0800081F854
:105CC0004400002007B000BD5748808841F66311AA
:105CD00088420BD05448808847F28401884205D01E
:105CE0005148808847F2160188420DD1DCF702FB4B
:105CF0004F484C494860084690F8440040F0800006
:105D000081F844000020DDE700BF00BF494800687B
:105D100040F00200474908600846006800F00200B1
:105D2000019000BF00BF00BF00BF00BF0846006871
:105D300040F0040008600846006800F0040001908C
:105D400000BF00BF00BF00BF00BF0846006840F0B2
:105D5000080008600846006800F00800019000BFD5
:105D600000BF00BF00BF00BF0846006840F002004F
:105D700008600846006800F00200019000BF00BF04
:105D800000BF00BF00BF0846006840F00200086086
:105D90000846006800F00200019000BF00BF00BF8D
:105DA000022002900020039001200490032005901F
:105DB00002A92148CBF7C6FB4020029002A91F4848
:105DC000CBF7C0FB08200290012003900490032031
:105DD000059002A91848CBF7B5FB0120029002A953
:105DE0001548CBF7AFFB2020029002A91448CBF74F
:105DF000A9FB0C492031A1F1140000F0CBF8D0F739
:105E00001FFEFFF71BFF08B100205BE74FF6FF7096
:105E1000E0F7DAF9FFF750FC00F036F9FFF70EFF74
:105E200001204FE738000024E4040024413D0190A4
:105E300081240190E044025800040258000C0258EA
:105E40000008025870B506460025002400BF002255
:105E500001212F48CBF78AFB00BF00BF0022082199
:105E60002B48CBF783FB00BF00BF0022202129482D
:105E7000CBF77CFB00BF304600F0AAF90620CBF739
:105E8000A7FB00BF002201212148CBF76FFB00BF19
:105E90000120CBF79DFB00BF012211461C48CBF728
:105EA00065FB00BF0120CBF793FB00BF002201215F
:105EB0001748CBF75BFB00BF00BF1DE04FF6FF703C
:105EC00000EA440400BF002201211148CBF74EFB39
:105ED00000BF0120CBF77CFB00BF012211460C481C
:105EE000CBF744FB00BF40210B48CBF776FB08B152
:105EF000601C84B2681CC5B2102DDFDB241100BF0A
:105F0000012220210348CBF731FB00BF204670BDA2
:105F10000004025800080258000C02582DE9FE4304
:105F200080460027002406E04046FFF78BFF2DF84F
:105F30001400601C84B2052CF6DB002416E0601C03
:105F400085B20FE03DF814003DF81510884207DDDA
:105F50003DF814603DF815002DF814002DF815607B
:105F6000681C85B2052DEDDB601C84B2042CE6DBD9
:105F70000027012405E03DF81400384487B2601C76
:105F800084B2042CF7DB032097FBF0F086B2304696
:105F9000BDE8FE832DE9F04106460F460D4890F816
:105FA000440000F0010040B19020FFF7B7FF054624
:105FB000D020FFF7B3FF044607E0D020FFF7AEFF85
:105FC00005469020FFF7AAFF044635803C80BDE8D7
:105FD000F0810000380000247FB504460D4602A978
:105FE00003A8FFF7D7FF694601A8FFF7D3FFBDF865
:105FF0000400BDF80C10884206DCBDF80C10BDF89A
:106000000400323081420CDBBDF80C00BDF80410F6
:10601000884237DCBDF80410BDF80C0032308142F4
:1060200030DABDF80000BDF80810884206DCBDF883
:106030000810BDF80000323081420CDBBDF80800CA
:10604000BDF8001088421DDCBDF80010BDF8080046
:106050003230814216DABDF80C10BDF804208818E1
:1060600000EBD071C1F34F012180BDF80810BDF8DD
:106070000020881800EBD071C1F34F012980012066
:1060800004B070BD0020FBE710B5054C0C22214682
:106090002820D0F714FD0A213420D0F722FD10BDAE
:1060A0007000002410B5044602214648CBF795FA4B
:1060B000002866D12CB14449A1F11400FFF78CFFF0
:1060C0004EE04149A1F11400FFF786FFF0B33E49CD
:1060D000203989893C4A203AB2F84020891A09B20D
:1060E00000EE101AB8EEC00A3749203991ED0E1AA9
:1060F000C0EE010A3549088800EBD071491000EE66
:10610000101AB8EEC00A30EE800ABCEEC00A10EEDB
:10611000101A2D4A203A91811146098CB2F842207A
:10612000891A09B200EE101AB8EEC00A26492039C1
:1061300091ED0F1AC0EE010A2449488800EBD07196
:10614000491000EE101AB8EEC00A00E008E030EE88
:10615000800ABCEEC00A10EE101A1B4A203A1184C5
:1061600019482038808E00F4004020BB4FF4404096
:1061700015492039888608468189C183018C41866A
:1061800019E011482038808E00F4004040B10E48DC
:106190002038808E20F400400B49203988860AE0A0
:1061A000002109482038C18341864FF6FF70064917
:1061B0002039888108840448203890F83400002071
:1061C00010BD00000004025858000024E40400241C
:1061D00070B50446002500BF25E004F0800030B112
:1061E00000BF012208211148CBF7C0F906E000BF2B
:1061F000002208210D48CBF7B9F900BF6006040E54
:1062000000BF002201210948CBF7B0F900BF0120EF
:10621000CBF7DEF900BF012211460448CBF7A6F9FF
:1062200000BF681CC5B2082DD7DB70BD0004025842
:106230002DE9F04786B080460D4644462768002683
:10624000D7E0F86800EBC6004068C0F3406040B19A
:10625000F86800EBC600406820F07F40A1688842E3
:1062600000D0C5E0A08847284AD00EDC34281ED0D4
:1062700006DC20283FD030283ED033287CD115E0E2
:106280003B283CD0442877D138E0682810D004DC83
:1062900063281ED067286FD112E0A0F2574060B388
:1062A000A0F580500238002866D10AE000BF00BF88
:1062B000FF2D02DAE068059001E0206905906CE0AE
:1062C00000BFFF2D02DAE068059001E0206905902B
:1062D00063E0E06810B9206905900BE0206910B90F
:1062E000E068059006E0802D02DAE068059001E0A4
:1062F0002069059051E000BF00BF00BF00BF00BF94
:10630000002D03DCA089ADF8140033E0FF2D03DB82
:10631000208AADF814002DE021690191E168E8B20E
:10632000029100F1040C4FEAEC00BDF808C04CEA01
:106330000C4CDFF8D4A00CEA0A01BDF804C04CEA0A
:106340000C4C0CEA0A02A2EB010C0CFB00FC01EB6A
:106350005C1C0CEA0A0343EA134C1FFA8CFCCDF8D0
:1063600000C0BDF800A0D446CDF80CC0BDF80C00AC
:10637000ADF8140011E0FFE715B9E06805900BE0F7
:10638000FF2D02D12069059006E0D4E90310401AE0
:10639000684301EB2020059000BF00BF4FF00109CA
:1063A000FA6852F83600A18804AAF6F799FD78B188
:1063B000DDE9041088420BD1BDF81400BDF81010BF
:1063C000884205D1DDE90410884201D14FF000096F
:1063D000FA6852F83600A188059AF7F7E8F8B9F19B
:1063E000000F04D0A288A1682068F4F7CFF806E077
:1063F000761C788CC0F3C500B0423FF622AF00BFD8
:1064000006B0BDE8F08700001FF8E0072DE9F05F57
:106410008146D9F800402568B4F804A04FF0000B7D
:106420002D48CEF77AFE064615E0A6420ED030681B
:10643000216888420AD1B068A168884206D1B08834
:10644000A188884202D14FF0010B06E03146224874
:10645000CEF77BFE0646002EE7D100BFBBF1000F52
:1064600038D100272FE0E86800EBC7004068C0F390
:10647000406038B3E86800EBC700406820F07F4018
:10648000A16888421ED121461348CEF7C5FE20469A
:10649000EEF7C0FFE86800EBC7085146D8F80000E7
:1064A000F6F75AFEE96851F83700F6F7A0FD40B15B
:1064B000D8F8040020F07F422846D8F80010F4F7FE
:1064C0000EF905E07F1C688CC0F3C500B842CAD83D
:1064D00000BF00BFBDE8F09FB4D605242DE9F04110
:1064E00005462C68A068F4F726FF8046A28841463E
:1064F0002068F2F765FCE060A6880020A0802346B3
:1065000032464146206800F00DF8A680A168206858
:10651000DDF787F90746A1883868E268F7F747F89A
:10652000BDE8F0812DE9F05F05460E4690469A469B
:106530004FF0000B2848CEF715FE044646E05445C0
:1065400000D145E021462448CEF706FE814620686A
:10655000A8423AD1A068B04202D0B6F5702F34D12B
:10656000A088404503D04FF6FF7080452DD100270D
:1065700025E0E86800EBC7004068C0F34060E8B180
:10658000B6F5702F07D0E86800EBC700406820F030
:106590007F40B04212D1EA6852F83700A188F6F77E
:1065A000DBFD00212046E3F739FA21460A48CEF701
:1065B00033FE2046EEF72EFF4FF0010B7F1C688C58
:1065C000C0F3C500B842D4D800BF4C46002CB6D1A9
:1065D00000BF5846BDE8F09FB4D605240246108897
:1065E0000B88C01A70472DE9F14F86B0ECF7FEFE1C
:1065F0008346BBF1000F02D107B0BDE8F08F0698CB
:10660000EAF792FC06460698EAF7EFFC8046444615
:106610005020005DC0F3400000B9EDE75846ECF7AC
:106620003AFF022804D05846ECF735FF042800D181
:10663000E2E704A9606AF0F7F9FF03A95846ECF70E
:10664000EFFE02A95846ECF72DFFBDF90C0000281B
:1066500003DBBDF90E00002800DACDE7BDF80C0021
:10666000BDF81010401A00B2ADF80400BDF80E00DD
:10667000BDF81210401A00B2ADF80600606AF2F7D9
:10668000C6FD8246656ABDF90400002803DA0027CA
:106690004FF0010913E0BDF90400504504DB47F653
:1066A000FF774FF001090AE001A9606AEDF79AFB54
:1066B00087B201A9606AEDF729FE80F0010994F81C
:1066C0005C00C0F3400010B394F85C0000F00100DF
:1066D000A8B9B9F1000F12D1012E10D167654FF69C
:1066E000FF70A06594F85C0020F00100401C84F865
:1066F0005C004FF440714046F0F7AAF916E094F8B8
:106700005C0000F0010018B1022E01D1A7650DE078
:1067100094F85C0000F0010040B1032E01D0082E77
:1067200004D14FF440714046EFF776FC94F85C00DA
:1067300000F0010008B9012E03D139464046F8F7B0
:1067400037F894F85C0000F00100E8B3D4E91501D3
:1067500088420FD9E86BA16D884203D1286C616D26
:1067600088422AD0A06DE863606D28644046F3F744
:1067700048F922E0D4E9150188420FD2E86B616D37
:10678000884203D1286CA16D884216D0606DE86301
:10679000A06D28644046F3F734F90EE04FF6FF7120
:1067A000E86B884202D1286C884206D04FF6FF7011
:1067B000E86328644046F3F724F9032E01D0082E3D
:1067C00007D194F85C0000E003E020F0010084F8B9
:1067D0005C0000BF10E701460A69D1E9013098600A
:1067E000D1E9010358605068884201D1886850603F
:1067F000002008611068401E10601068704700F1AA
:10680000080141604FF0FF31816000F10801C16073
:10681000016100210160704700210161704710B5DE
:1068200002460B685C1C0CB9106907E002F1080015
:1068300000E04068446824689C42FAD944684C608F
:106840004C68A160886041600A611468641C14602F
:1068500010BD42684A6093688B609368596091608C
:10686000086103685B1C03607047000010B500BF3F
:10687000502072B680F31188BFF34F8FBFF36F8F34
:1068800062B600BF0B480068401C0A490860084611
:10689000006801280DD108480068C0B208B901207D
:1068A00000E0002028B94FF4D37204A113A0C9F767
:1068B00017FC10BD2C01002404ED00E02E2E5C2EF0
:1068C0002E5C4D6964646C6577617265735C4672B9
:1068D000656552544F535C706F727461626C655C95
:1068E000525644535C41524D5F434D375C72307099
:1068F000315C706F72742E63000000004572726F1D
:10690000723A2025732C2025640D0A0010B50B481F
:10691000006828B940F2AD1209A119A0C9F7E0FB3F
:1069200006480068401E054908600846006820B90E
:10693000002080F3118800BF00BF10BD2C0100248F
:106940002E2E5C2E2E5C4D6964646C6577617265D9
:10695000735C4672656552544F535C706F7274611C
:10696000626C655C525644535C41524D5F434D37F7
:106970005C723070315C706F72742E6300000000C6
:106980004572726F723A2025732C2025640D0A001F
:1069900070B506463546002E3AD0083D2C461D49B6
:1069A00060680968084008B1012000E0002028B9AB
:1069B0004FF4927218A126A0C9F792FB206808B97B
:1069C000012000E0002028B940F2251212A120A0E9
:1069D000C9F786FB0F49606809680840C0B12068A4
:1069E000B0B90C496068096888436060CAF727FE3F
:1069F0001B49606809680844194908602046F9F78E
:106A0000D9FF18480068401C16490860CAF71CFEE8
:106A100070BD0000280100242E2E5C2E2E5C4D69D6
:106A200064646C6577617265735C46726565525427
:106A30004F535C706F727461626C655C4D656D4D37
:106A4000616E675C686561705F342E6300000000F2
:106A50004572726F723A2025732C2025640D0A004E
:106A6000180100242401002400204FF0E0210861D7
:106A70008861064800684FF47A71B0FBF1F0401E5F
:106A80004FF0E021486107200861704700000024B2
:106A90002DE9F04106460F462EB940F6C82211A155
:106AA00019A0C9F71DFB0025BFB1002412E01A4848
:106AB00000EBC4004068B04203D1174800EBC405A6
:106AC0000AE035B9144850F8340010B9124800EB08
:106AD000C405641C082CEAD300BF0DB12F606E60A2
:106AE000BDE8F0812E2E5C2E2E5C4D6964646C65D1
:106AF00077617265735C4672656552544F535C7181
:106B0000756575652E6300004572726F723A2025B7
:106B1000732C2025640D0A00C0DA04242DE9F0410D
:106B200005460E4617462C46FFF7A0FE94F9440092
:106B3000401C10B9002084F8440094F94500401C22
:106B400010B9002084F84500FFF7E0FEA06B28B9DB
:106B50003A46314604F12400CAF785FD2046FAF78B
:106B6000A8F9BDE8F08100002DE9F041054628466E
:106B7000EAF73BFA06463046F0F7FEFD0746384690
:106B8000E4F7C6FF044601213046F0F790FC80464A
:106B900094F90200401E054951F82030228804A1D2
:106BA0004046EEF795F8BDE8F0810000A001002412
:106BB00025642025730000002DE9F047054628468E
:106BC000EAF713FA06463046F0F7D6FD0746384690
:106BD000E4F79EFF044600213046F0F768FC80464B
:106BE000208840F2E772101A81B24046EAF757F95E
:106BF00001213046F0F75BFC814694F90200401E0B
:106C000081B24846EAF74BF9BDE8F0872DE9F84331
:106C1000814600BF00BF4C46B4F92E0010F5004F6E
:106C200001D1BDE8F883A08D07B2A08D618D8842A7
:106C300003DAA08D00F5B47007B294F83400C0F305
:106C4000410000284FD0012802D002285CD139E051
:106C5000618DC81900EBD07149100EB2B4F9301033
:106C6000B4F93220881800EBD07149100FFA81F87E
:106C7000B4F92E00404512DA0096638DB4F9301055
:106C8000B4F92E004246EEF7E3FA05B2A9B248463F
:106C9000E3F7C3FCB1B24846E3F76EFC11E000979E
:106CA000B4F93220B4F92E0033464146EEF7D0FA5B
:106CB00005B2B1B24846E3F7B0FCA9B24846E3F7E3
:106CC0005BFC24E00097638DB4F93220B4F93010F6
:106CD000B4F92E00EEF7BCFA05B2A28DA9B248466F
:106CE000E3F7AEFB13E00097638DB4F93220B4F9FB
:106CF0003010B4F92E00EEF7ABFA05B2AAB2618DEE
:106D00004846E3F79DFB02E000BF00BF89E700BFF4
:106D1000A58700BF85E700001CB53F4C20460078E2
:106D20000190FF20214608700846007800909DF8E9
:106D3000000000F0F0009DF80010884201D1012011
:106D400000E0002028B940F24D1234A143A0C9F759
:106D5000C7F99DF8000000F0500044490870072072
:106D60004349086009E042480068401E4049086005
:106D70009DF800004006000E00909DF8000000F015
:106D800080008028EFD03A480068C0F1070004284E
:106D900001D1012000E0002028B940F261121FA1BA
:106DA0002EA0C9F79DF932480068C0F107000428F9
:106DB00001D1012000E0002028B94FF4B57217A1DD
:106DC00026A0C9F78DF92A48006800022849086002
:106DD0000846008800F4E06008600F4901980870D8
:106DE0002448006840F470002249086008460068A2
:106DF00040F070400860FFF737FE00201E49086031
:106E0000C9F730F91D48006840F040401B49086050
:106E1000C9F714F900201CBD00E400E02E2E5C2E02
:106E20002E5C4D6964646C6577617265735C467253
:106E3000656552544F535C706F727461626C655C2F
:106E4000525644535C41524D5F434D375C72307033
:106E5000315C706F72742E63000000004572726FB7
:106E6000723A2025732C2025640D0A00300100247D
:106E70003401002420ED00E02C01002434EF00E078
:106E800010B500BF502072B680F31188BFF34F8F4A
:106E9000BFF36F8F62B600BFCAF7EAFB18B14FF0BD
:106EA00080500449086000BF002080F3118800BFB3
:106EB00010BD000004ED00E02DE9F84305460E4644
:106EC00017460024E5B1601EB0FBF5F0B04217D3C1
:106ED00005FB06F010F1550F12D805FB06F909F174
:106EE0005400FAF72FF804468CB1A04608F1540874
:106EF0003B464246314628460094F9F743FD06E0FA
:106F00002CB94FF4E37203A10BA0C9F7E9F82046AE
:106F1000BDE8F8832E2E5C2E2E5C4D6964646C6592
:106F200077617265735C4672656552544F535C714C
:106F3000756575652E6300004572726F723A202583
:106F4000732C2025640D0A002DE9F04105460E46FC
:106F500001272C462CB94FF488722CA134A0C9F714
:106F6000BFF8002C42D0E06B00283FD04FF0FF313B
:106F7000E06BB1FBF0F0216C884237D3FFF776FC71
:106F8000D4E90F12206801FB0200A0600020A0637A
:106F900020686060E06B401E226C216800FB0211DB
:106FA000E160FF2084F8440084F845009EB9206920
:106FB00008B9012000E00020A8B904F11000CAF7C8
:106FC00039FB80B14FF080501D490860BFF34F8FEF
:106FD000BFF36F8F07E004F11000FFF710FC04F11E
:106FE0002400FFF70CFCFFF791FC00E000270FB135
:106FF000012000E0002028B940F2451203A10CA0B6
:10700000C9F76EF83846BDE8F08100002E2E5C2EE0
:107010002E5C4D6964646C6577617265735C467261
:10702000656552544F535C71756575652E6300003C
:107030004572726F723A2025732C2025640D0A0068
:1070400004ED00E02DE9F74183B005460E464FF010
:1070500000082C462CB940F251524CA154A0C9F75B
:107060003FF80EB9206C08B9012000E0002028B9D3
:1070700040F2555245A14EA0C9F732F8CAF7FDFAC1
:1070800008B9059808B9012000E0002028B940F2AD
:107090005A523EA146A0C9F723F800BFFFF7E6FB0E
:1070A000A76BF7B131462046F9F7C6FB781EA063FF
:1070B000206908B9012000E0002060B904F1100047
:1070C000CAF7B8FA38B14FF080503D490860BFF3B5
:1070D0004F8FBFF36F8FFFF719FC012006B0BDE89B
:1070E000F081059818B9FFF711FC0020F6E7B8F118
:1070F000000F04D101A8CAF7C5FA4FF00108FFF745
:1071000005FCCAF79CFAFFF7B1FB94F94400401C58
:1071100010B9002084F8440094F94500401C10B9CF
:10712000002084F84500FFF7F1FB05A901A8CAF784
:10713000AEFAF0B92046F9F79DFCA0B104F12400A5
:107140000599CAF7A9FA2046F9F7B3FECAF77CFAFF
:107150000028A3D14FF0805019490860BFF34F8F2A
:10716000BFF36F8F9AE72046F9F7A3FECAF76CFAD0
:1071700094E72046F9F79DFECAF766FA2046F9F72C
:1071800079FC00288AD00020A8E700002E2E5C2E73
:107190002E5C4D6964646C6577617265735C4672E0
:1071A000656552544F535C71756575652E630000BB
:1071B0004572726F723A2025732C2025640D0A00E7
:1071C00004ED00E01CB50024F9F704FB0B4800684F
:1071D00058B10B481F2100234FF48072CDE90010F5
:1071E00008A10A48CAF708FA04462CB940F2191255
:1071F00007A110A0C8F774FF20461CBD00010024A1
:1072000004010024546D722053766300990E03909C
:107210002E2E5C2E2E5C4D6964646C657761726500
:10722000735C4672656552544F535C74696D657248
:10723000732E63004572726F723A2025732C2025DD
:10724000640D0A002DE9F84304462046E9F7CDFE17
:1072500007462046E9F7CCFE80463846E9F776FB3C
:1072600005464046E4F754FC06463068009040F27C
:10727000E770401B80B2ADF800009DF90220BDF818
:1072800000104046E4F74CFCBDE8F883C9F733BB77
:1072900000000000000000000000000000000000EE
:1072A0003F400000000000000000300040003000BF
:1072B0004000000009000BC03D000BC03D0009006C
:1072C00018C024407FE0224031800000180024C014
:1072D0001B000D803240018003801C4027401C8031
:1072E00007400040100060000000000000000000A7
:1072F0000000000000001F802040402000004020CF
:1073000020401F8000000000090006001F800600CA
:1073100009000000040004003F8004000400000095
:1073200000100060000000000000000004000400E5
:107330000400040004000000000000400000000001
:1073400000000000002001C00600380040000000DE
:107350001F802040204020401F800000000010407F
:107360003FC000400000000018C0214022402440DF
:107370001840000010802040244024401B80000062
:1073800002000D0011003FC0014000003C8024407D
:1073900024402440238000001F80244024403440A7
:1073A000038000003000200027C0380020000000CB
:1073B0001B802440244024401B8000001C0022C06D
:1073C000224022401F800000000000000840000012
:1073D0000000000000000000046000000000000049
:1073E000000004000A00110020804040090009004C
:1073F0000900090009000000000040402080110041
:107400000A00040018002000234024001800000097
:107410001F802040274029401F400000004007C037
:1074200039000F0001C0004020403FC024402440EC
:107430001B8000001F802040204020403080000042
:1074400020403FC0204020401F80000020403FC01F
:1074500024402E4030C0000020403FC024402E0079
:10746000300000000F0010802040224033800200D6
:1074700020403FC0040004003FC020402040204086
:107480003FC02040204000000060202020203FC05E
:107490002000200020403FC024400B0030C020408E
:1074A00020403FC020400040004000C03FC03C00A2
:1074B00003C03C003FC0000020403FC00C40230000
:1074C0003FC020001F802040204020401F8000003F
:1074D00020403FC024402400180000001F802140AD
:1074E000214020E01FA0000020403FC02440260093
:1074F00019C0004018C024402440224031800000C0
:10750000300020403FC020403000000020003F807D
:10751000004000403F80200020003E0001C00700E6
:1075200038002000380007C03C0007C038000000C9
:10753000204039C0060039C02040000020003840FB
:1075400007C0384020000000304021C026403840AD
:1075500020C00000000000007FE04020402000002C
:10756000000070000C00038000400000000040207C
:1075700040207FE0000000000000200040002000CC
:10758000000000000010001000100010001000109B
:107590000000000040000000000000000000028029
:1075A0000540054003C0004020003FC004400440A7
:1075B00003800000000003800440044006400000F7
:1075C00000000380044024403FC0004000000380CE
:1075D0000540054003400000000004401FC0244057
:1075E00024402000000002E0055005500650042011
:1075F00020403FC00440040003C00040000004409D
:1076000027C000400000000000100010041027E018
:107610000000000020403FC00140070004C00440BB
:10762000204020403FC000400040000007C0040050
:1076300007C0040003C00000044007C00440040069
:1076400003C00040000003800440044003800000A9
:10765000041007F004500440038000000000038081
:107660000440045007F00010044007C0024004002A
:1076700004000000000006400540054004C0000072
:10768000000004001F800440004000000400078048
:107690000040044007C000400400070004C001800F
:1076A00006000400060001C0070001C0060000003B
:1076B000044006C0010006C004400000041007108A
:1076C00004E00180060004000000044005C00640FC
:1076D000044000000000000004007BE040200000A7
:1076E000000000000000FFF000000000000040204B
:1076F0007BE004000000000040008000400020000B
:107700002000400000000000000000000000000019
:10771000000000000000000000001FCC000C000072
:107720000000000000000800300060000800300089
:1077300060000000022003FC1E20022003FC1E202B
:107740000220000000000E1811043FFF10840C7886
:10775000000000000F0010840F3800C00778188464
:107760000078000000780F8410C411240E9800E403
:10777000008400080800680070000000000000009D
:107780000000000000000000000007E018182004BE
:1077900040020000000040022004181807E000002A
:1077A000000000000240024001800FF00180024012
:1077B000024000000080008000800FF80080008000
:1077C000008000000001000D000E0000000000001D
:1077D0000000000000000080008000800080008029
:1077E000008000800000000C000C00000000000081
:1077F0000000000000000006001800600180060084
:1078000018002000000007F0080810041004080801
:1078100007F000000000080408041FFC0004000436
:107820000000000000000E0C1014102410441184FD
:107830000E0C000000000C18100411041104128832
:107840000C700000000000E00320042408241FFC4A
:107850000024000000001F981084110411041088F7
:1078600010700000000007F0088811041104188847
:107870000070000000001C00100010FC13001C0031
:107880001000000000000E381144108410841144D0
:107890000E38000000000700088C104410440888CF
:1078A00007F00000000000000000030C030C0000C3
:1078B00000000000000000000001010600000000C0
:1078C00000000000000000800140022004100808B1
:1078D00010040000022002200220022002200220C8
:1078E00002200000000010040808041002200140DB
:1078F0000080000000000E001200100C106C1080C0
:107900000F00000003E00C1813E4142417C4082827
:1079100007D000000004003C03C41C40074000E402
:10792000001C000410041FFC1104110411040E8833
:107930000070000003E00C1810041004100410087C
:107940001C10000010041FFC100410041004080890
:1079500007F0000010041FFC1104110417C41004E8
:107960000818000010041FFC1104110017C01000BB
:107970000800000003E00C181004100410441C78E8
:107980000040000010041FFC108400800080108460
:107990001FFC10040000100410041FFC100410044D
:1079A0000000000000030001100110011FFE100084
:1079B0001000000010041FFC110403801464181C44
:1079C0001004000010041FFC100400040004000454
:1079D000000C000010041FFC1F0000FC1F001FFC17
:1079E0001004000010041FFC0C04030000E0101839
:1079F0001FFC100007F00808100410041004080809
:107A000007F0000010041FFC10841080108010800C
:107A10000F00000007F0081810241024101C080A9A
:107A200007F2000010041FFC1104110011C01130F6
:107A30000E0C000400000E1C11041084108410446D
:107A40001C3800001800100010041FFC1004100067
:107A50001800000010001FF81004000400041004B7
:107A60001FF8100010001E0011E0001C00701380B1
:107A70001C0010001FC0103C00E01F0000E0103C84
:107A80001FC000001004180C163401C001C01634C9
:107A9000180C100410001C00130400FC13041C003C
:107AA000100000000804101C1064108413041C044F
:107AB000101800000000000000007FFE400240029D
:107AC00040020000000030000C0003800060001C39
:107AD0000003000000004002400240027FFE000060
:107AE00000000000000000002000400040004000B6
:107AF0002000000000010001000100010001000160
:107B000000010001000040004000200000000000D3
:107B100000000000000000980124014401440144D9
:107B200000FC000410001FFC008801040104008810
:107B300000700000000000700088010401040104CE
:107B40000088000000000070008801040104110892
:107B50001FFC0004000000F80144014401440144FA
:107B600000C800000000010401040FFC110411040E
:107B700011001800000000D601290129012901C9BE
:107B80000106000010041FFC008401000100010434
:107B900000FC000400000104190419FC00040004A6
:107BA000000000000000000300010101190119FE9E
:107BB0000000000010041FFC0024004001B4010C70
:107BC000010400000000100410041FFC0004000465
:107BD00000000000010401FC0104010001FC01049B
:107BE000010000FC010401FC00840100010001040B
:107BF00000FC0004000000F8010401040104010479
:107C000000F80000010101FF008501040104008863
:107C100000700000000000700088010401040105EC
:107C200001FF00010104010401FC008401040100C2
:107C300001800000000000CC012401240124012463
:107C40000198000000000100010007F80104010490
:107C500000000000010001F8000400040004010815
:107C600001FC0004010001800170000C00100160A3
:107C70000180010001F0010C003001C00030010C56
:107C800001F0010000000104018C00740170018CFE
:107C900001040000010101810171000E0018016062
:107CA0000180010000000184010C013401440184C1
:107CB000010C0000000000000000000001003EFC7C
:107CC000400240020000000000000000FFFF000032
:107CD000000000000000400240023EFC01000000E5
:107CE00000000000000060008000800040004000B4
:107CF0002000200000000000000000000000000044
:107D00000000000000000000000000000000000073
:107D10000000000000000000000000000000000063
:107D2000000000000000000F80380FFE380F803880
:107D30000000000000000000000000000000000043
:107D400000000100000600000C00003800003100B7
:107D5000000600000C0000380000300000000000A9
:107D60000000000061800067F807F9800061800072
:107D700061800061800061800067F807F980006120
:107D80008000000000000000000001C0E003E0F0FF
:107D90000630080418081FFFFE040E080787F003CA
:107DA00081E000000000000001F000060C00040467
:107DB00008060C7001F9C0000E00003BE000EC1852
:107DC000070808040C180003E00000000001E000B0
:107DD00007F003F818041C0804170807E1D003C0D3
:107DE000E00023B0003C0800200800001000000064
:107DF0000000000100003100003200001C00000003
:107E00000000000000000000000000000000000072
:107E10000000000000000000000000000000000062
:107E2000000000007F0001FFC00780F00C00181068
:107E300000042000020000000000002000021000EA
:107E4000040C00180780F001FFC0007F0000000054
:107E50000000000000000000000000000000000022
:107E60004200006600006600003C0000180003FFAE
:107E7000C0001800003C00006600006600004200E0
:107E800000000000080000080000080000080000D2
:107E9000080001FFC00008000008000008000008FA
:107EA0000000080000000000000100003100003266
:107EB00000001C00000000000000000000000000A6
:107EC00000000000000000000000000008000008A2
:107ED000000008000008000008000008000008007A
:107EE000000800000800000800000000000000007A
:107EF00000000000380000380000380000000000DA
:107F00000000000000000000000000000000000071
:107F100000000000000600001C000070000180004E
:107F20000E0000380000C0000700001C00003000F8
:107F300000000000000000007F8001FFE00380706F
:107F400006001804000804000806001803807001E9
:107F5000FFE0007F80000000000000000000010042
:107F60000801000801000803FFF807FFF8000008F7
:107F700000000800000800000000000000000001F0
:107F8000C03802C058040098040118040218040400
:107F900018061C1803F81801E0F8000000000000A3
:107FA00000000001C0E003C0F00400080408080459
:107FB000080806180803F41801E7F00001E00000C3
:107FC00000000000000000000300000D0000110090
:107FD00000610000810803010807FFF80FFFF800A7
:107FE00001080001080000000000000000E007FC9C
:107FF000D0060808061008061008061008061838EB
:10800000060FF00607C0000000000000000000009E
:108010003F8001FFE00384300208180410080410B8
:1080200008041008071810030FF00007C000000034
:1080300000000000000003C000070000060000066A
:1080400000F80607F806180006E000070000060022
:108050000000000000000001E1E003F7F00634102A
:10806000041808041808040C08040C080616180361
:10807000F3F001C1E000000000000000F80003FC84
:10808000300306380402080402080402080404103D
:108090000308F001FFC0007F0000000000000000A6
:1080A00000000000000000000000000070380070B8
:1080B00038007038000000000000000000000000E0
:1080C00000000000000000000000000000000000B0
:1080D000301A00301C00000000000000000000000A
:1080E0000000000000000000000000080000140074
:1080F00000220000410000808001004002002004B6
:10810000001008000800000000000000210000210D
:1081100000002100002100002100002100002100BA
:1081200000210000210000210000000000000000EC
:108130000000080008040010020020010040008038
:108140008000410000220000140000080000000030
:1081500000000003C00004C000040000080038084C
:108160000F380808380810000C300007E00003C082
:1081700000000000000000003F8000FFE00380706E
:10818000020F1006708804C088048308047F8802E8
:10819000C09003012000FE4000000800001800010C
:1081A000F8003E0801C20007020007E20000FE00DE
:1081B000001FC80001F8000038000008040008078C
:1081C000FFF807FFF8040808040808040808040872
:1081D0000806180803F41801E7F00001E0000000A9
:1081E000000000003F8001FFE003807002001804DF
:1081F000000804000804000804001006002007809E
:10820000C000000004000807FFF807FFF80400089A
:108210000400080400080400180200100380700124
:10822000FFE0007F8000000004000807FFF807FF60
:10823000F8040808040808040808040808043E08AC
:108240000400080600180100600000000400080790
:10825000FFF807FFF80408080408000408000408F1
:1082600000043E000600000600000180000000003F
:10827000000000003F8001FFE0038070060018044A
:1082800000080402080402080203F00783F0000259
:108290000000020004000807FFF807FFF8040808C0
:1082A0000008000008000008000008000408080793
:1082B000FFF807FFF80400080000000000000400B9
:1082C0000804000804000807FFF807FFF804000886
:1082D0000400080400080000000000000000000086
:1082E0000006000007000001040001040001040072
:1082F0000307FFFE07FFFC04000004000004000069
:1083000004000807FFF807FFF8040C080018000035
:108310003E0004C7800503C80600F80400380400C6
:108320001800000804000807FFF807FFF804000819
:108330000000080000080000080000080000080015
:10834000001800006000000004000807FFF8078024
:108350000807FC00007FC00003F80007C000780099
:1083600007800807FFF807FFF80400080400080763
:10837000FFF807000803C00000E000003800001EFE
:10838000000007000001C00400F007FFF80400002F
:10839000000000007F8001FFE003807006001804E9
:1083A000000804000806001803003001FFE0007F09
:1083B0008000000004000807FFF807FFF804040825
:1083C000040400040400040400040400060C000378
:1083D000F80001F000000000000000007F8001FFB5
:1083E000E00380700600880400880400C806003C92
:1083F00003003E01FFE6007F840000000400080740
:10840000FFF807FFF8040808040800040C00040F34
:1084100000040BC00610F003F03801E0080000086B
:1084200000000001E0F803F03006301004180804E2
:108430001808040C08040C080206180207F007814B
:10844000E0000000018000060000040000040000BD
:1084500004000807FFF807FFF80400080400000400
:10846000000006000001800004000007FFE007FF95
:10847000F0040018000008000008000008000008D0
:1084800000000804001007FFE004000004000006DC
:10849000000007E00007FE00041FE00001F80000F4
:1084A000380001E0043E0007C000060000040000A0
:1084B00004000007E00007FFC0041FF80007C00722
:1084C000F80007FF80043FF80007C004F800070029
:1084D0000004000000000004000806001807C0782F
:1084E00005F1C8003E00001F800463E80780F8061D
:1084F00000180400080000000400000600000780C7
:108500000007E008047C08001FF80007F8001808BE
:1085100004E008070000060000040000000000015D
:1085200000080600380400F80403E8040F08047C7F
:108530000805F00807C008070018040060000000E4
:108540000000000000000000000000000000003FEC
:10855000FFFE200002200002200002200002200076
:1085600002000000000000000000080000070000FA
:1085700000C0000038000006000001C0000030000C
:10858000000E0000010000000000000000002000BC
:10859000022000022000022000022000023FFFFE15
:1085A00000000000000000000000000000000000CB
:1085B0000000000000080000100000300000200053
:1085C0000030000010000008000000000000000063
:1085D0000000010000010000010000010000010096
:1085E0000001000001000001000001000001000086
:1085F0000100000100000000000000000020000059
:10860000200000100000100000000000000000002A
:1086100000000000000000000000000000F0001951
:10862000F8001B1800220800260800240800241067
:10863000003FF8001FF800000800001800000004C8
:10864000000007FFF80FFFF00018180010080020C6
:1086500008002008003018001FF0000FC0000000C4
:108660000000000007C0001FF000183000200800C4
:108670002008002008003C08001C100000600000DA
:10868000000000000000000007C0001FF0003818C4
:1086900000200800200800200804101007FFF80F31
:1086A000FFF00000100000000000000000000007C4
:1086B000C0001FF00012300022180022080022081B
:1086C000003208001E10000E200000000000000014
:1086D000200000200800200801FFF803FFF8062012
:1086E0000804200804200807200003000000000000
:1086F00000000000000E000E6E001FF30031B100FC
:1087000020B10020B1003191001F13002E1E002067
:108710000E00300000000004000807FFF80FFFF80B
:10872000001008002000002000002008003FF80092
:108730001FF80000080000000000000000000020FA
:1087400008002008002008063FF8063FF80000084F
:108750000000080000080000000000000000000009
:1087600000000000030000030020010020010020A1
:1087700003063FFE063FFC00000000000000000072
:1087800000000004000807FFF80FFFF80001880050
:108790000300002FC00038F8002038002008000037
:1087A00008000000000000000000040008040008A9
:1087B00004000807FFF80FFFF80000080000080099
:1087C0000008000000000000002008003FF8003F03
:1087D000F8001008002000003FF8003FF8001008E3
:1087E000002000003FF8003FF800000800000000F3
:1087F0002008003FF8003FF800100800100000209B
:1088000000002008003FF8001FF8000008000000EA
:108810000000000007C0000FF00018300030080012
:108820002008002008003008001830000FF0000772
:10883000C0000000000000002001003FFF003FFFDB
:108840000010110020090020080020080030380026
:108850001FF0000FC00000000000000007C0001F54
:10886000F00038180020080020080020090010112E
:10887000001FFF003FFF0000010000000020080073
:108880002008002008003FF8003FF800080800100A
:108890000800200800200000300000300000000028
:1088A000000000000000000C78001E1800330800D3
:1088B00023080021080021880021980030F00038AA
:1088C00060000000000000002000002000002000E8
:1088D00000FFF003FFF80020080020080020080037
:1088E0000030000000000000000000002000003FF9
:1088F000F0007FF8000018000008000008002010B9
:10890000003FF8007FF000001000000000000000B1
:108910002000003000003C00003F800023F00000F9
:1089200078000070002380003C0000300000200030
:10893000002000003C00003FE00023F80000E000C1
:108940002700003E00003FE00021F80001E0003E6B
:108950000000200000000000200800200800383837
:10896000003E680027800003C8002CF8003838005B
:108970002018002008000000000000002000003047
:1089800003003C01003F830023EC000070002380C3
:10899000003C00002000002000000000000000005B
:1089A00000000038080020380020F80023E8002FDD
:1089B00088003E0800380800201800007000000001
:1089C00000000000000000000000000000000000A7
:1089D00008000014001FF7FC300006200002000011
:1089E0000000000000000000000000000000000087
:1089F000000000000000FFFFFF000000000000007A
:108A00000000000000000000000000000000200046
:108A1000023000061FF7FC001400000800000000F0
:108A2000000000000000000000000000000000182E
:108A30000000600000400000400000200000100026
:108A4000000800000400000400000C0000100000FA
:108A50000000000000000000000000000000000016
:108A60000000000000000000000000000000000006
:108A700000000000000000000000000000000000F6
:108A800000000000000000000000000000000000E6
:108A900000000000000000000000000000000000D6
:108AA00000000000000000000000000000000000C6
:108AB00000000000000000000000000000000000B6
:108AC00000000000000000000000000000000000A6
:108AD0000000000000000000000000000000000096
:108AE000000000000000000007F000C007FFE1E008
:108AF00007F001E0000000C00000000000000000DE
:108B00000000000000000000000000000000000065
:108B10000000000000000000000000000000000055
:108B20000000000000000000000000000000000045
:108B30000000000000000000000000000000000035
:108B40000000000000000000000000000000000025
:108B500000000000000000000020000001C0000034
:108B6000078000001F0000001E0000001C20000005
:108B700001C00000078000001F0000001E00000070
:108B80001C000000000000000000000000000000C9
:108B900000000000000000000000000000000000D5
:108BA00000000000000000000000000000000000C5
:108BB00000000000000000000000000000000000B5
:108BC00000000000000000000000000000000000A5
:108BD0000000000000180C0000180C0000180FE046
:108BE000001FFC0003F80C0000180C0000180C001B
:108BF00000180C0000180C0000180FE0001FFC000B
:108C000003F80C0000180C0000180C000000000015
:108C10000000000000000000000000000000000054
:108C20000000000000000000000000000000000044
:108C30000000000000000000000000000000000034
:108C40000000000000000000000000000000000024
:108C5000000000000000000000000780007807C04E
:108C600000FC0640010E00200307002002038020C4
:108C70000FFFFFFC0201C0200200E06001307040E5
:108C800001F03F8000F01F00000000000000000025
:108C900000000000000000000000000000000000D4
:108CA00000000000000000000000000000000000C4
:108CB00000000000000000000000000000000000B4
:108CC00000000000000000000000000000000000A4
:108CD00000FE000001FF0000030180000200806030
:108CE000030181C001FF070000FE18000000E00042
:108CF0000003BF00000CFFC00071806001C10020B4
:108D0000030180600000FFC000003F000000000081
:108D10000000000000000000000000000000000053
:108D20000000000000000000000000000000000043
:108D30000000000000000000000000000000000033
:108D40000000000000000000000000000000000023
:108D500000001F0000007FC000FCC0C001FF806059
:108D60000303E0200202782002061E2003FC0740D5
:108D700001F00380000103C000011C600001E0203D
:108D80000001002000010040000001800000000000
:108D900000000000000000000000000000000000D3
:108DA00000000000000000000000000000000000C3
:108DB00000000000000000000000000000000000B3
:108DC00000000000000000000000000000000000A3
:108DD00000000000002000001C6000001C4000009B
:108DE0001F8000000F0000000000000000000000D5
:108DF0000000000000000000000000000000000073
:108E00000000000000000000000000000000000062
:108E10000000000000000000000000000000000052
:108E20000000000000000000000000000000000042
:108E30000000000000000000000000000000000032
:108E40000000000000000000000000000000000022
:108E50000000000000000000000000000000000012
:108E60000000000000000000000000000007F80003
:108E7000003FFF00007807C001C000E003000030A1
:108E800004000008080000041000000200000000B8
:108E900000000000000000000000000000000000D2
:108EA00000000000000000000000000000000000C2
:108EB00000000000000000000000000000000000B2
:108EC00000000000000000000000000000000000A2
:108ED0000000000010000002080000040400000868
:108EE0000300003001C000E0007807C0003FFF0031
:108EF0000007F80000000000000000000000000073
:108F00000000000000000000000000000000000061
:108F10000000000000000000000000000000000051
:108F20000000000000000000000000000000000041
:108F30000000000000000000000000000000000031
:108F40000000000000000000000000000000000021
:108F50000000000000000000000C1800000E3800A7
:108F6000000E3800000630000003600000614380FE
:108F700000FFFF8000614300000360000006300036
:108F8000000E3800000E3800000C18000000000031
:108F900000000000000000000000000000000000D1
:108FA00000000000000000000000000000000000C1
:108FB00000000000000000000000000000000000B1
:108FC00000000000000000000000000000000000A1
:108FD0000000000000000000000080000000800091
:108FE0000000800000008000000080000000800081
:108FF000007FFF0000008000000080000000800073
:1090000000008000000080000000800000000000E0
:109010000000000000000000000000000000000050
:109020000000000000000000000000000000000040
:109030000000000000000000000000000000000030
:109040000000000000000000000000000000000020
:109050000000000000000001000000E3000000E24A
:10906000000000FC0000007800000000000000008C
:1090700000000000000000000000000000000000F0
:1090800000000000000000000000000000000000E0
:1090900000000000000000000000000000000000D0
:1090A00000000000000000000000000000000000C0
:1090B00000000000000000000000000000000000B0
:1090C00000000000000000000000000000000000A0
:1090D0000000000000008000000080000000800010
:1090E0000000800000008000000080000000800080
:1090F0000000800000008000000080000000800070
:1091000000008000000080000000800000000000DF
:10911000000000000000000000000000000000004F
:10912000000000000000000000000000000000003F
:10913000000000000000000000000000000000002F
:10914000000000000000000000000000000000001F
:109150000000000000000000000000C0000001E06E
:10916000000001E0000000C000000000000000005E
:1091700000000000000000000000000000000000EF
:1091800000000000000000000000000000000000DF
:1091900000000000000000000000000000000000CF
:1091A00000000000000000000000000000000000BF
:1091B00000000000000000000000000000000000AF
:1091C000000000000000000000000000000000009F
:1091D000000000000000000C00000038000000E06B
:1091E0000000038000000E00000038000000E000D6
:1091F00000038000000E00000038000000E00000C6
:10920000038000000E0000001800000000000000B5
:10921000000000000000000000000000000000004E
:10922000000000000000000000000000000000003E
:10923000000000000000000000000000000000002E
:10924000000000000000000000000000000000001E
:109250000000000000000000000FF800007FFF0089
:1092600000F00780018000C00300006002000020C1
:10927000020000200200002003000060018000C006
:1092800000E00380007FFF00000FF80000000000F6
:1092900000000000000000000000000000000000CE
:1092A00000000000000000000000000000000000BE
:1092B00000000000000000000000000000000000AE
:1092C000000000000000000000000000000000009E
:1092D00000000000000000000000000000800020EE
:1092E00000800020008000200080006001FFFFE07F
:1092F00003FFFFE0000000600000002000000020ED
:10930000000000200000000000000000000000003D
:10931000000000000000000000000000000000004D
:10932000000000000000000000000000000000003D
:10933000000000000000000000000000000000002D
:10934000000000000000000000000000000000001D
:109350000000000000000000007800E000980160BC
:109360000100026002000460020008600200106058
:109370000200206002004060030080600183006002
:1093800001FE00E0007C07800000000000000000FB
:1093900000000000000000000000000000000000CD
:1093A00000000000000000000000000000000000BD
:1093B00000000000000000000000000000000000AD
:1093C000000000000000000000000000000000009D
:1093D000000000000000000000F0078001F007C05E
:1093E00001000040020000200201002002010020D4
:1093F00002010020030380200186804001FCC0C0E0
:1094000000787F8000001E000000000000000000C7
:10941000000000000000000000000000000000004C
:10942000000000000000000000000000000000003C
:10943000000000000000000000000000000000002C
:10944000000000000000000000000000000000001C
:109450000000000000000800000038000000480084
:109460000001880000060800000C081000300810F9
:109470000040081001FFFFF003FFFFF003FFFFF0C3
:109480000000081000000810000008100000000094
:1094900000000000000000000000000000000000CC
:1094A00000000000000000000000000000000000BC
:1094B00000000000000000000000000000000000AC
:1094C000000000000000000000000000000000009C
:1094D000000000000000000000000780001F864020
:1094E00003E1002003020020030400200304002005
:1094F000030400200304002003060040030301C00E
:109500000301FF8003007E00000000000000000057
:10951000000000000000000000000000000000004B
:10952000000000000000000000000000000000003B
:10953000000000000000000000000000000000002B
:10954000000000000000000000000000000000001B
:1095500000000000000000000007FC00003FFF00CA
:109560000070C380008180C0010100600302002000
:10957000020200200202002002020020020300403A
:1095800001C180C000C0FF8000007E00000000001C
:1095900000000000000000000000000000000000CB
:1095A00000000000000000000000000000000000BB
:1095B00000000000000000000000000000000000AB
:1095C000000000000000000000000000000000009B
:1095D000000000000000000000F0000003C00000D8
:1095E0000380000003000000030007E003003FE0E9
:1095F0000301C00003060000031800000360000020
:1096000003800000030000000000000000000000D4
:10961000000000000000000000000000000000004A
:10962000000000000000000000000000000000003A
:10963000000000000000000000000000000000002A
:10964000000000000000000000000000000000001A
:109650000000000000001F0000783F8000FC60C098
:10966000018EC040030780200203002002018020F9
:10967000020180200201C0200301E040018670C089
:1096800000FC3F8000781F00000000000000000088
:1096900000000000000000000000000000000000CA
:1096A00000000000000000000000000000000000BA
:1096B00000000000000000000000000000000000AA
:1096C000000000000000000000000000000000009A
:1096D00000000000003F000000FF81C001C0C1C0C9
:1096E0000100602002002020020020200200202033
:1096F00002002060020040C00100C18000C18F0054
:10970000007FFE00001FF0000000000000000000CD
:109710000000000000000000000000000000000049
:109720000000000000000000000000000000000039
:109730000000000000000000000000000000000029
:109740000000000000000000000000000000000019
:109750000000000000000000000000000000000009
:109760000000000000000000000300C0000781E0CE
:10977000000781E0000300C00000000000000000BE
:1097800000000000000000000000000000000000D9
:1097900000000000000000000000000000000000C9
:1097A00000000000000000000000000000000000B9
:1097B00000000000000000000000000000000000A9
:1097C0000000000000000000000000000000000099
:1097D0000000000000000000000000000000000089
:1097E000000000000000000000060066000600788F
:1097F0000000000000000000000000000000000069
:109800000000000000000000000000000000000058
:109810000000000000000000000000000000000048
:109820000000000000000000000000000000000038
:109830000000000000000000000000000000000028
:109840000000000000000000000000000000000018
:109850000000000000000000000080000001C000C7
:109860000003600000063000000C180000180C0017
:10987000003006000060030000C0018001000040CD
:1098800002000020040000100000000000000000A2
:1098900000000000000000000000000000000000C8
:1098A00000000000000000000000000000000000B8
:1098B00000000000000000000000000000000000A8
:1098C0000000000000000000000000000000000098
:1098D000000000000004100000041000000410004C
:1098E0000004100000041000000410000004100028
:1098F0000004100000041000000410000004100018
:10990000000410000004100000041000000000001B
:109910000000000000000000000000000000000047
:109920000000000000000000000000000000000037
:109930000000000000000000000000000000000027
:109940000000000000000000000000000000000017
:1099500000000000000000000400001002000020D1
:109960000100004000C001800060030000300600DC
:1099700000180C00000C1800000630000003600006
:109980000001C00000008000000000000000000096
:1099900000000000000000000000000000000000C7
:1099A00000000000000000000000000000000000B7
:1099B00000000000000000000000000000000000A7
:1099C0000000000000000000000000000000000097
:1099D00000000000000000000078000001F8000016
:1099E0000238000002000000040000C0040079E01A
:1099F000040081E0040100C0040300000202000032
:109A00000306000001FC000000F800000000000058
:109A10000000000000000000000000000000000046
:109A20000000000000000000000000000000000036
:109A30000000000000000000000000000000000026
:109A40000000000000000000000000000000000016
:109A500000000000000FF800003FFE0000700780CB
:109A600000C000C00101F8400307FC20021E0420D2
:109A70000230082002203020023FFC20013F044039
:109A800001800CC000E03180001FC2000000000017
:109A900000000000000000000000000000000000C6
:109AA00000000000000000000000000000000000B6
:109AB00000000000000000000000000000000000A6
:109AC0000000000000000000000000000000000096
:109AD0000000002000000060000003E000003E20C5
:109AE0000003E020003E200003E02000038020006F
:109AF00007FC2000003FE0000003FE2000003FE0E4
:109B0000000001E000000020000000200000000034
:109B10000000000000000000000000000000000045
:109B20000000000000000000000000000000000035
:109B30000000000000000000000000000000000025
:109B40000000000000000000000000000000000015
:109B500000000000020000200200002003FFFFE0E0
:109B600003FFFFE0020100200201002002010020AB
:109B70000201002002010020030300200186806012
:109B800001FCC0C000F87F8000001F000000000042
:109B900000000000000000000000000000000000C5
:109BA00000000000000000000000000000000000B5
:109BB00000000000000000000000000000000000A5
:109BC0000000000000000000000000000000000095
:109BD000000000000007F800003FFF000070078051
:109BE00000C000C00100004003000020020000206F
:109BF00002000020020000200200002001000040BE
:109C0000018000C003C00180003006000000000099
:109C10000000000000000000000000000000000044
:109C20000000000000000000000000000000000034
:109C30000000000000000000000000000000000024
:109C40000000000000000000000000000000000014
:109C500000000000020000200200002003FFFFE0DF
:109C600003FFFFE0020000200200002002000020AD
:109C7000020000200300006001000040018000C0DD
:109C800000F00780007FFE00000FF80000000000D9
:109C900000000000000000000000000000000000C4
:109CA00000000000000000000000000000000000B4
:109CB00000000000000000000000000000000000A4
:109CC0000000000000000000000000000000000094
:109CD00000000000020000200200002003FFFFE05F
:109CE00003FFFFE00201002002010020020100202A
:109CF000020100200201002002038020020FE02068
:109D00000300006003C000E00060030000000000EA
:109D10000000000000000000000000000000000043
:109D20000000000000000000000000000000000033
:109D30000000000000000000000000000000000023
:109D40000000000000000000000000000000000013
:109D500000000000020000200200002003FFFFE0DE
:109D600003FFFFE0020100200201002002010000C9
:109D70000201000002010000020100000203800055
:109D8000030FE0000300000003C0000000600000BB
:109D900000000000000000000000000000000000C3
:109DA00000000000000000000000000000000000B3
:109DB00000000000000000000000000000000000A3
:109DC0000000000000000000000000000000000093
:109DD000000000000007F800003FFE000070078050
:109DE00001C001C00100004003000020020000206B
:109DF000020000200200002001002020010020407D
:109E000003C03F8000303F800000200000002000A1
:109E10000000000000000000000000000000000042
:109E20000000000000000000000000000000000032
:109E30000000000000000000000000000000000022
:109E40000000000000000000000000000000000012
:109E5000020000200200002003FFFFE003FFFFE0FC
:109E600002008020020080200000800000008000AE
:109E700000008000020080200200802003FFFFE03D
:109E800003FFFFE0020000200200002000000000AD
:109E900000000000000000000000000000000000C2
:109EA00000000000000000000000000000000000B2
:109EB00000000000000000000000000000000000A2
:109EC0000000000000000000000000000000000092
:109ED0000000000000000000000000000200002060
:109EE00002000020020000200200002003FFFFE02B
:109EF00003FFFFE00200002002000020020000201B
:109F0000020000200000000000000000000000002F
:109F10000000000000000000000000000000000041
:109F20000000000000000000000000000000000031
:109F30000000000000000000000000000000000021
:109F40000000000000000000000000000000000011
:109F5000000000000000000E0000000F0000000FD5
:109F600000000001020000010200000102000003E5
:109F70000200000603FFFFFC03FFFFF802000000E1
:109F800002000000020000000200000000000000CB
:109F900000000000000000000000000000000000C1
:109FA00000000000000000000000000000000000B1
:109FB00000000000000000000000000000000000A1
:109FC0000000000000000000000000000000000091
:109FD00000000000020000200200002003FFFFE05C
:109FE00003FFFFE00200C020020100200007800004
:109FF000000FE0000030F80002603E2003800F20D8
:10A00000030003E0020000E0020000200000002046
:10A010000000000000000000000000000000000040
:10A020000000000000000000000000000000000030
:10A030000000000000000000000000000000000020
:10A040000000000000000000000000000000000010
:10A0500000000000020000200200002003FFFFE0DB
:10A0600003FFFFE0020000200200002000000020AB
:10A070000000002000000020000000200000002060
:10A0800000000060000000E000000300000000008D
:10A0900000000000000000000000000000000000C0
:10A0A00000000000000000000000000000000000B0
:10A0B00000000000000000000000000000000000A0
:10A0C0000000000000000000000000000000000090
:10A0D000020000200200002003FFFFE003E0002058
:10A0E00003FF0020001FF0000001FF8000000FE0D0
:10A0F00000001E000003E000003E002003E00020FE
:10A1000003FFFFE003FFFFE0020000200200002049
:10A11000000000000000000000000000000000003F
:10A12000000000000000000000000000000000002F
:10A13000000000000000000000000000000000001F
:10A14000000000000000000000000000000000000F
:10A15000020000200200002003FFFFE00380002037
:10A1600003F0002000FC0000001F00000007C000FA
:10A170000001F00000007C0002001F80020007E0E8
:10A1800003FFFFE0020000000200000000000000EA
:10A1900000000000000000000000000000000000BF
:10A1A00000000000000000000000000000000000AF
:10A1B000000000000000000000000000000000009F
:10A1C000000000000000000000000000000000008F
:10A1D00000000000000FF800003FFE0000F00780C4
:10A1E000018000C0010000400200002002000020A9
:10A1F000020000200200002001000040018000C099
:10A2000000F00380003FFE00000FF8000000000097
:10A21000000000000000000000000000000000003E
:10A22000000000000000000000000000000000002E
:10A23000000000000000000000000000000000001E
:10A24000000000000000000000000000000000000E
:10A2500000000000020000200200002003FFFFE0D9
:10A2600003FFFFE002008020020080200200800047
:10A2700002008000020080000200800003018000D4
:10A280000183000000FE0000007C000000000000D0
:10A2900000000000000000000000000000000000BE
:10A2A00000000000000000000000000000000000AE
:10A2B000000000000000000000000000000000009E
:10A2C000000000000000000000000000000000008E
:10A2D00000000000000FF800007FFF0000F0038086
:10A2E000018001C001000640020004200200042099
:10A2F00002000620020003E0010000F80180005C7B
:10A3000000E0038C003FFF0C000FFC180000000071
:10A31000000000000000000000000000000000003D
:10A32000000000000000000000000000000000002D
:10A33000000000000000000000000000000000001D
:10A34000000000000000000000000000000000000D
:10A3500000000000020000200200002003FFFFE0D8
:10A3600003FFFFE002010020020100200201800043
:10A370000201E0000201FC0003033F80018607E0C8
:10A3800001FC00E000F800200000002000000000B8
:10A3900000000000000000000000000000000000BD
:10A3A00000000000000000000000000000000000AD
:10A3B000000000000000000000000000000000009D
:10A3C000000000000000000000000000000000008D
:10A3D00000000000000000000078060000FE01E020
:10A3E000018600C003030040020300200201802018
:10A3F000020180200201C0200200C0200100E060B4
:10A40000018070C003E03F8000001F0000000000DA
:10A41000000000000000000000000000000000003C
:10A42000000000000000000000000000000000002C
:10A43000000000000000000000000000000000001C
:10A44000000000000000000000000000000000000C
:10A450000000000000600000038000000300000016
:10A4600002000000020000200200002003FFFFE0C5
:10A4700003FFFFE0020000200200002002000000B5
:10A48000020000000380000000E000000000000067
:10A4900000000000000000000000000000000000BC
:10A4A00000000000000000000000000000000000AC
:10A4B000000000000000000000000000000000009C
:10A4C000000000000000000000000000000000008C
:10A4D000020000000200000003FFFF0003FFFFC0B6
:10A4E0000200004002000060000000200000002088
:10A4F0000000002000000020020000400200008058
:10A5000003FFFF0002000000020000000000000046
:10A51000000000000000000000000000000000003B
:10A52000000000000000000000000000000000002B
:10A53000000000000000000000000000000000001B
:10A54000000000000000000000000000000000000B
:10A5500000000000020000000200000003C0000034
:10A5600003FC0000023FC0000003F80000007F80F1
:10A57000000007E000000780000078000203C00030
:10A58000023C000003C000000200000002000000C6
:10A5900000000000000000000000000000000000BB
:10A5A00000000000000000000000000000000000AB
:10A5B000000000000000000000000000000000009B
:10A5C000000000000000000000000000000000008B
:10A5D0000200000003C0000003FF8000023FFE00F5
:10A5E00002007FE000000F000200F00003EF000017
:10A5F00003FF8000020FFE0000003FE000001F008C
:10A600000207E00003F80000030000000200000061
:10A61000000000000000000000000000000000003A
:10A62000000000000000000000000000000000002A
:10A63000000000000000000000000000000000001A
:10A64000000000000000000000000000000000000A
:10A65000000000000200002002000020038000E053
:10A6600003F0032002FC0C20021F30000007C00092
:10A670000007F00002187C0002601F20038003E046
:10A68000020000E0020000200000002000000000A6
:10A6900000000000000000000000000000000000BA
:10A6A00000000000000000000000000000000000AA
:10A6B000000000000000000000000000000000009A
:10A6C000000000000000000000000000000000008A
:10A6D00000000000020000000300000003C00000B2
:10A6E00003F80000023E0020020FC0200001FFE03E
:10A6F00000007FE000038020021C002002700000A8
:10A7000003800000020000000200000000000000C2
:10A710000000000000000000000000000000000039
:10A720000000000000000000000000000000000029
:10A730000000000000000000000000000000000019
:10A740000000000000000000000000000000000009
:10A750000000000000000020006000E0038003E033
:10A7600003000FA002003E200200F8200203E020B8
:10A77000020F8020023E00200278002003E00060EB
:10A78000038000E002000300000000000000000061
:10A7900000000000000000000000000000000000B9
:10A7A00000000000000000000000000000000000A9
:10A7B0000000000000000000000000000000000099
:10A7C0000000000000000000000000000000000089
:10A7D0000000000000000000000000000000000079
:10A7E00000000000000000001FFFFFFC100000043C
:10A7F0001000000410000004100000041000000409
:10A800001000000410000004000000000000000020
:10A810000000000000000000000000000000000038
:10A820000000000000000000000000000000000028
:10A830000000000000000000000000000000000018
:10A840000000000000000000000000000000000008
:10A8500000000000000000000000000007000000F1
:10A8600003C0000000780000001E00000003C000CC
:10A870000000F00000001E0000000780000000F053
:10A880000000003C00000006000000000000000086
:10A8900000000000000000000000000000000000B8
:10A8A00000000000000000000000000000000000A8
:10A8B0000000000000000000000000000000000098
:10A8C0000000000000000000000000000000000088
:10A8D0000000000000000000100000041000000450
:10A8E0001000000410000004100000041000000418
:10A8F000100000041FFFFFFC00000000000000002B
:10A900000000000000000000000000000000000047
:10A910000000000000000000000000000000000037
:10A920000000000000000000000000000000000027
:10A930000000000000000000000000000000000017
:10A940000000000000000000000000000000000007
:10A9500000000000000000000000000000000000F7
:10A9600002000000040000000800000018000000C1
:10A970001000000018000000180000000400000093
:10A9800002000000000000000000000000000000C5
:10A9900000000000000000000000000000000000B7
:10A9A00000000000000000000000000000000000A7
:10A9B0000000000000000000000000000000000097
:10A9C0000000000000000000000000000000000087
:10A9D0000000000100000001000000010000000173
:10A9E0000000000100000001000000010000000163
:10A9F0000000000100000001000000010000000153
:10AA00000000000100000001000000010000000142
:10AA10000000000000000000000000000000000036
:10AA20000000000000000000000000000000000026
:10AA30000000000000000000000000000000000016
:10AA40000000000000000000000000000000000006
:10AA500000000000000000000000000010000000E6
:10AA600010000000100000001800000008000000A6
:10AA700004000000000000000000000000000000D2
:10AA800000000000000000000000000000000000C6
:10AA900000000000000000000000000000000000B6
:10AAA00000000000000000000000000000000000A6
:10AAB0000000000000000000000000000000000096
:10AAC0000000000000000000000000000000000086
:10AAD000000000000000038000018FC000038C60B4
:10AAE000000618200004102000041020000420207C
:10AAF00000042040000620400003FFC00001FFE0EA
:10AB00000000002000000020000000C00000000045
:10AB10000000000000000000000000000000000035
:10AB20000000000000000000000000000000000025
:10AB30000000000000000000000000000000000015
:10AB40000000000000000000000000000000000005
:10AB500000000000020000000200000003FFFFE010
:10AB600007FFFFC0000180C000020060000200205B
:10AB70000004002000040020000400200006004023
:10AB8000000300C00001FF800000FE000000000084
:10AB900000000000000000000000000000000000B5
:10ABA00000000000000000000000000000000000A5
:10ABB0000000000000000000000000000000000095
:10ABC0000000000000000000000000000000000085
:10ABD000000000000000000000007E000001FF8077
:10ABE000000381C000020040000600200004002095
:10ABF0000004002000040020000600200003C040E4
:10AC00000001C08000000300000000000000000000
:10AC10000000000000000000000000000000000034
:10AC20000000000000000000000000000000000024
:10AC30000000000000000000000000000000000014
:10AC40000000000000000000000000000000000004
:10AC5000000000000000000000007E000001FF80F6
:10AC6000000380C0000600600004002000040020F3
:10AC700000040020020400400202008003FFFFE005
:10AC800007FFFFC00000004000000040000000007F
:10AC900000000000000000000000000000000000B4
:10ACA00000000000000000000000000000000000A4
:10ACB0000000000000000000000000000000000094
:10ACC0000000000000000000000000000000000084
:10ACD000000000000000000000007E000001FF8076
:10ACE000000311C000021040000410600004102096
:10ACF0000004102000041020000610200003104063
:10AD00000001F0C000007100000000000000000021
:10AD10000000000000000000000000000000000033
:10AD20000000000000000000000000000000000023
:10AD30000000000000000000000000000000000013
:10AD40000000000000000000000000000000000003
:10AD500000000000000000000004000000040020CB
:10AD60000004002000040020007FFFE001FFFFE05E
:10AD7000010400200304002002040020020400203B
:10AD8000020400000200000001C0000001C0000039
:10AD900000000000000000000000000000000000B3
:10ADA00000000000000000000000000000000000A3
:10ADB0000000000000000000000000000000000093
:10ADC0000000000000000000000000000000000083
:10ADD00000000000000000000000001C0000E33E36
:10ADE0000003FFC200020CC3000404C1000404C13C
:10ADF000000404C1000404C100060CC10003F8C330
:10AE00000005F0620006007E0006003C0000000025
:10AE10000000000000000000000000000000000032
:10AE20000000000000000000000000000000000022
:10AE30000000000000000000000000000000000012
:10AE40000000000000000000000000000000000002
:10AE500000000000020000200200002003FFFFE0CD
:10AE600007FFFFE0000100200002002000060000B4
:10AE70000004000000040000000400200006002080
:10AE80000003FFE00001FFE00000002000000020C0
:10AE900000000000000000000000000000000000B2
:10AEA00000000000000000000000000000000000A2
:10AEB0000000000000000000000000000000000092
:10AEC0000000000000000000000000000000000082
:10AED000000000000000000000000000000400204E
:10AEE0000004002000040020000400200387FFE08D
:10AEF000038FFFE0038000200000002000000020FE
:10AF00000000002000000000000000000000000021
:10AF10000000000000000000000000000000000031
:10AF20000000000000000000000000000000000021
:10AF30000000000000000000000000000000000011
:10AF40000000000000000000000000000000000001
:10AF500000000000000000000000000000000006EB
:10AF600000000007000000010000000100040001D3
:10AF70000004000100040003000400060387FFFC36
:10AF8000038FFFF8038000000000000000000000B5
:10AF900000000000000000000000000000000000B1
:10AFA00000000000000000000000000000000000A1
:10AFB0000000000000000000000000000000000091
:10AFC0000000000000000000000000000000000081
:10AFD00000000000020000200200002003FFFFE04C
:10AFE00007FFFFE0000008200000102000003000F4
:10AFF0000000FC0000058E00000707A0000601E02D
:10B00000000400E000040020000000200000000018
:10B010000000000000000000000000000000000030
:10B020000000000000000000000000000000000020
:10B030000000000000000000000000000000000010
:10B040000000000000000000000000000000000000
:10B0500000000000000000000000000002000020CE
:10B0600002000020020000200200002003FFFFE099
:10B0700007FFFFE00000002000000020000000208B
:10B0800000000020000000000000000000000000A0
:10B0900000000000000000000000000000000000B0
:10B0A00000000000000000000000000000000000A0
:10B0B0000000000000000000000000000000000090
:10B0C0000000000000000000000000000000000080
:10B0D00000000000000400200007FFE0000FFFE078
:10B0E0000002002000040000000400200007FFE030
:10B0F0000003FFE000020020000400000004002024
:10B100000007FFE00003FFE0000000200000000057
:10B11000000000000000000000000000000000002F
:10B12000000000000000000000000000000000001F
:10B13000000000000000000000000000000000000F
:10B1400000000000000000000000000000000000FF
:10B150000000000000040020000400200007FFE0C1
:10B16000000FFFE0000100200002002000020000AC
:10B17000000400000004000000040020000600207D
:10B180000003FFE00001FFE00000002000000020BD
:10B1900000000000000000000000000000000000AF
:10B1A000000000000000000000000000000000009F
:10B1B000000000000000000000000000000000008F
:10B1C000000000000000000000000000000000007F
:10B1D000000000000000000000007E000000FF8072
:10B1E000000381C00002004000060020000400208F
:10B1F000000400200004002000060020000200409F
:10B20000000381C00001FF8000007E0000000000FC
:10B21000000000000000000000000000000000002E
:10B22000000000000000000000000000000000001E
:10B23000000000000000000000000000000000000E
:10B2400000000000000000000000000000000000FE
:10B250000000000000040001000400010007FFFFDF
:10B26000000FFFFF000100C10002004100040020A8
:10B27000000400200004002000040020000600401C
:10B28000000301C00001FF8000007E0000000000FC
:10B2900000000000000000000000000000000000AE
:10B2A000000000000000000000000000000000009E
:10B2B000000000000000000000000000000000008E
:10B2C000000000000000000000000000000000007E
:10B2D000000000000000000000007E000001FF8070
:10B2E000000380C000020060000400200004002071
:10B2F000000400200004002000020041000300C1FF
:10B300000003FFFF0007FFFF000000010000000135
:10B31000000000000000000000000000000000002D
:10B32000000000000000000000000000000000001D
:10B33000000000000000000000000000000000000D
:10B3400000000000000000000000000000000000FD
:10B350000000000000040020000400200004002081
:10B3600000040020000FFFE0000FFFE00000C020FD
:10B370000001002000020020000600200004000060
:10B3800000040000000700000003000000000000AF
:10B3900000000000000000000000000000000000AD
:10B3A000000000000000000000000000000000009D
:10B3B000000000000000000000000000000000008D
:10B3C000000000000000000000000000000000007D
:10B3D0000000000000000000000003E00001C0E0E9
:10B3E0000003E04000063020000430200004182054
:10B3F000000418200004182000040C2000020C6037
:10B40000000307C000078380000000000000000068
:10B41000000000000000000000000000000000002C
:10B42000000000000000000000000000000000001C
:10B43000000000000000000000000000000000000C
:10B4400000000000000000000000000000000000FC
:10B4500000000000000000000004000000040000E4
:10B4600000040000000C0000001FFF8000FFFFC070
:10B4700000040060000400200004002000040020FC
:10B4800000040040000001800000000000000000F7
:10B4900000000000000000000000000000000000AC
:10B4A000000000000000000000000000000000009C
:10B4B000000000000000000000000000000000008C
:10B4C000000000000000000000000000000000007C
:10B4D0000000000000040000000400000007FF80DE
:10B4E000000FFFC0000000600000002000000020EE
:10B4F0000000002000000020000400400004008044
:10B500000007FFE0000FFFC0000000400000004007
:10B51000000000000000000000000000000000002B
:10B52000000000000000000000000000000000001B
:10B53000000000000000000000000000000000000B
:10B5400000000000000000000000000000000000FB
:10B55000000000000004000000040000000780005C
:10B560000007F0000004FE0000041FC0000003E01C
:10B570000000038000001C00000460000007800041
:10B5800000060000000400000000000000000000B1
:10B5900000000000000000000000000000000000AB
:10B5A000000000000000000000000000000000009B
:10B5B000000000000000000000000000000000008B
:10B5C000000000000000000000000000000000007B
:10B5D00000040000000600000007C0000007FC0097
:10B5E00000043F80000003E000040F800006F0002C
:10B5F0000007F0000007FF8000040FE00000038058
:10B6000000043C000007C000000600000004000029
:10B61000000000000000000000000000000000002A
:10B62000000000000000000000000000000000001A
:10B63000000000000000000000000000000000000A
:10B6400000000000000000000000000000000000FA
:10B650000000000000000020000400200004006042
:10B66000000700E0000783200007E6000004F80060
:10B6700000003C0000045E20000587A0000601E0F9
:10B680000004006000040020000000200000000012
:10B6900000000000000000000000000000000000AA
:10B6A000000000000000000000000000000000009A
:10B6B000000000000000000000000000000000008A
:10B6C000000000000000000000000000000000007A
:10B6D0000000000000040000000400030007000355
:10B6E0000007E0010004F80100041F02000007FC4D
:10B6F000000000E000000700000438000007C00060
:10B70000000600000004000000040000000000002B
:10B710000000000000000000000000000000000029
:10B720000000000000000000000000000000000019
:10B730000000000000000000000000000000000009
:10B7400000000000000000000000000000000000F9
:10B75000000000000000000000078060000600E01C
:10B76000000403E0000407A000040E2000043C20B5
:10B77000000470200005E020000780200007006022
:10B78000000400E000000380000000000000000052
:10B7900000000000000000000000000000000000A9
:10B7A0000000000000000000000000000000000099
:10B7B0000000000000000000000000000000000089
:10B7C0000000000000000000000000000000000079
:10B7D0000000000000000000000000000000000069
:10B7E00000000000000000000000000000008000D9
:10B7F000000080000001400007FE3FF80800000440
:10B800001000000210000002000000000000000014
:10B810000000000000000000000000000000000028
:10B820000000000000000000000000000000000018
:10B830000000000000000000000000000000000008
:10B8400000000000000000000000000000000000F8
:10B8500000000000000000000000000000000000E8
:10B8600000000000000000000000000000000000D8
:10B87000FFFFFFFF000000000000000000000000CC
:10B8800000000000000000000000000000000000B8
:10B8900000000000000000000000000000000000A8
:10B8A0000000000000000000000000000000000098
:10B8B0000000000000000000000000000000000088
:10B8C0000000000000000000000000000000000078
:10B8D0000000000000000000100000021000000244
:10B8E0000800000407FE3FF800014000000080004F
:10B8F00000008000000000000000000000000000C8
:10B900000000000000000000000000000000000037
:10B910000000000000000000000000000000000027
:10B920000000000000000000000000000000000017
:10B930000000000000000000000000000000000007
:10B9400000000000000000000000000000000000F7
:10B95000000000001800000030000000400000005F
:10B960004000000040000000200000003000000007
:10B9700008000000040000000200000002000000B7
:10B98000020000000C000000180000000000000091
:10B9900000000000000000000000000000000000A7
:10B9A0000000000000000000000000000000000097
:10B9B0000000000000000000000000000000000087
:10B9C0000000000000000000000000000000000077
:10B9D000030009000F0015001B0050815881608191
:10B9E0006881708178818081888190819881000050
:10B9F00010AA0490C0120000800F0000E0030000B5
:10BA0000C0070000E003000040000000400000000C
:10BA100040000000400000004000000000B00400B2
:10BA200000E0030000F8000000F0010000F8000052
:10BA3000000000001D6B0290796C02900000000075
:10BA400039700290820082004A020000000001E08A
:10BA500001E0000000FF0055AAFF0024496D92B6E6
:10BA6000DBFF00112233445566778899AABBCCDDF1
:10BA7000EEFF000102030405060708090A0B0C0D7E
:10BA80000E0F101112131415161718191A1B1C1D5E
:10BA90001E1F202122232425262728292A2B2C2D4E
:10BAA0002E2F303132333435363738393A3B3C3D3E
:10BAB0003E3F404142434445464748494A4B4C4D2E
:10BAC0004E4F505152535455565758595A5B5C5D1E
:10BAD0005E5F606162636465666768696A6B6C6D0E
:10BAE0006E6F707172737475767778797A7B7C7DFE
:10BAF0007E7F808182838485868788898A8B8C8DEE
:10BB00008E8F909192939495969798999A9B9C9DDD
:10BB10009E9FA0A1A2A3A4A5A6A7A8A9AAABACADCD
:10BB2000AEAFB0B1B2B3B4B5B6B7B8B9BABBBCBDBD
:10BB3000BEBFC0C1C2C3C4C5C6C7C8C9CACBCCCDAD
:10BB4000CECFD0D1D2D3D4D5D6D7D8D9DADBDCDD9D
:10BB5000DEDFE0E1E2E3E4E5E6E7E8E9EAEBECED8D
:10BB6000EEEFF0F1F2F3F4F5F6F7F8F9FAFBFCFD7D
:10BB7000FEFF808080818182828384858687898A96
:10BB80008C8D8F91939597999B9EA0A2A5A7AAAD06
:10BB9000AFB2B500FF1FFF1F01E001E030BA039014
:10BBA000E9B9019000000000000000000000000062
:10BBB000C300C300041C000030BA0390CD01039001
:10BBC00000000000000000000000000064202B00C6
:10BBD0000000000030BA0390C9020390000000008A
:10BBE00000000000000000006420D12700000000D9
:10BBF00030BA0390D3BC019049BD01900000000011
:10BC0000B9BD019064200401C008000030BA03905F
:10BC1000E1CD0190000000000000000039CE01904D
:10BC20000401040101040000D4A7049035380290F7
:10BC3000000000000000000000000000642032202E
:10BC400001040000B0AD0490E4AE0490FCAE04909A
:10BC5000BCAE0490E8AE0490F0AE049004AF049043
:10BC6000F4AE0490C8AE0490DCAE0490E0AE049054
:10BC700020AF0490A0AD049034AE0490A8AE049020
:10BC8000ECAE0490B8AE0490C0AE0490C4AE049084
:10BC9000B4AA0490CCAE0490D0AE0490BCAA049098
:10BCA00028AF0490A0AD0490A4AE0490DCAD049045
:10BCB00008AF049000AF0490B4AE0490F8AE0490C6
:10BCC000ACAE0490D8AE0490D4AE0490E0AD049035
:10BCD000D4AD049010AE0490A0AD049024AF0490B5
:10BCE00018AF0490A4AD04901CAF049014AF04905E
:10BCF0002CAF049095010402040204020402040221
:10BD000004020402040204020402870096010302F2
:10BD100003020302030203020302030203020302FB
:10BD20008700810281020102010201020102010277
:10BD30000102010281028102810292018200060059
:10BD400082009201B0AD049070AE049088AE049071
:10BD500040AE049074AE04907CAE049090AE04901B
:10BD600080AE049050AE049068AE04906CAE049027
:10BD700020AF0490A0AD0490B0AE04902CAE04901F
:10BD800078AE04903CAE049044AE049048AE04906B
:10BD90004CAE049054AE049058AE04905CAE049047
:10BDA00028AF0490A0AD0490A4AE0490DCAD049044
:10BDB00094AE04908CAE049038AE049084AE04909F
:10BDC00030AE049064AE049060AE0490E0AD049098
:10BDD000D4AD049010AE0490A0AD049024AF0490B4
:10BDE00018AF0490A4AD04901CAF049014AF04905D
:10BDF0002CAF049095010402040204020402040220
:10BE000004020402040204020402870096010302F1
:10BE100003020302030203020302030203020302FA
:10BE20008700810281020102010201020102010276
:10BE30000102010281028102810292018200060058
:10BE400082009201ECAD0490F0AD0490F4AD04904A
:10BE5000F8AD0490FCAD049000AE049004AE0490E4
:10BE600008AE04900CAE0490E8AD049020AF0490AE
:10BE7000A0AD0490B0AE0490D0AD0490DCAD0490C1
:10BE8000E4AD0490CCAD04901CAE0490BCAD049025
:10BE9000A8AD049024AE0490B4AD049018AE049004
:10BEA00020AE0490A0AD04909CAE049028AE049007
:10BEB000B8AD0490C4AD0490C8AD04900CAF04902C
:10BEC00010AF049098AE0490A0AE049014AE04900D
:10BED000ACAD0490C0AD0490A0AD049024AF04902C
:10BEE00018AF0490A4AD04901CAF049014AF04905C
:10BEF0002CAF0490010201020102010201020102C1
:10BF0000010201020102010282009201010201020A
:10BF10000102010201020102010201020102010209
:10BF200001020102010201020102010201020102F9
:10BF300001020102010201020102920182000600D7
:10BF400082009201ECAD0490F0AD0490F4AD049049
:10BF500024AF0490A0AD0490F8AD0490FCAD049023
:10BF600000AE049014AF0490A0AD049004AE049011
:10BF700008AE04900CAE049020AF0490A0AD0490E5
:10BF8000D8AD0490E8AD0490E0AD049018AF0490F3
:10BF90001CAF04902CAF049001000100010092013D
:10BFA00001000100010092010100010001000200F6
:10BFB00001000100010001000100000030BA0390FF
:10BFC0000D4E029000000000000000002D4E029077
:10BFD0001A001A008002000030BA0390000000002E
:10BFE000000000000000000000000000C300040189
:10BFF00000000000B8A7049000000000000000004E
:10C000000000000000000000000000000000000030
:10C0100060A8049000000000000000000000000084
:10C0200000000000000000000000000030BA039093
:10C03000015A0290895B029000000000000000009D
:10C04000C30004014006000030BA0390B95B0290BF
:10C05000EF5B029000000000000000006420D12788
:10C060008002000030BA0390655B0290000000007F
:10C0700000000000000000006420D1270000000044
:10C0800030BA0390975C02900000000000000000AE
:10C09000000000006420D1270000000030BA0390A7
:10C0A0000000000000000000000000000000000090
:10C0B000D127D1270000000030BA03900000000013
:10C0C0000000000000000000000000000000000070
:10C0D0000000000030BA03900000000000000000E3
:10C0E0000000000000000000000000000000000050
:10C0F00030BA0390000000000000000000000000C3
:10C1000000000000000000000000000030BA0390B2
:10C11000000000000000000000000000000000001F
:10C12000000000000000000030BA03902D5E029075
:10C130004B5E029000000000695E0290000000006B
:10C14000C003000030BA03900000000000000000AF
:10C1500000000000000000000401D127800300005F
:10C1600030BA039000000000000000000000000052
:10C17000000000006420D1274002000030BA039084
:10C1800000000000000000000000000000000000AF
:10C19000642064204002000024A904907DC902901C
:10C1A000000000000000000045CA029000000000EE
:10C1B0004107000080A7049045CE029000000000D7
:10C1C000000000000000000000000000000000006F
:10C1D00030BA03904DDD0290B1DE02900000000005
:10C1E0001DDF0290642064200003000030BA039039
:10C1F00041EC029000000000000000000000000080
:10C20000000000008002000030BA03907DEC029034
:10C21000000000000000000000000000000000001E
:10C220008002000030BA0390FDF802900000000088
:10C2300000000000000000006420642040020000B4
:10C24000210020000A080B080D300C300E380F3882
:10C2500064006300000000000EA0D90D90C80C809F
:10C26000B70A60110B80D91F0991F0881F0880F070
:10C2700088000000000D203C00000F0069002FFF27
:10C28000FFFFF7015C11A610006900C300008800E1
:10C29000D2009FFFFFFFF012C523E22000D203C0AF
:10C2A0000000F004B0000000700000000E0000006C
:10C2B00000E0000019EFEA300CD6E6A702F40E0009
:10C2C000001F80E000006FEF50000016FFE5000047
:10C2D0000E0AF00100E05F13F85E6EB005CFFE912C
:10C2E00000000E0000000070000008DD3000A70014
:10C2F0004B02D004C0007700D01D20004B03D0A714
:10C30000000007DC34C4CC3000001D2D22D000001A
:10C31000A63B00B30005C03A00A3001D200D00D0CD
:10C3200000A60004CC40004DFC300000F718C0000F
:10C3300001F205D00000BB6E4000005FF300000773
:10C34000E6DB03802F301DBAA05F0001DF401FB481
:10C3500048FEC003BFFC40B200000000001F01F017
:10C360001F00F0000003F10B900F404F007D009B79
:10C3700000AA00AA009B007D004F000F400B900315
:10C38000F15E000E6008C004F001F300F500E60065
:10C39000E600F501F304F008C00E605E00009300B3
:10C3A00088A6C209FE404DDDB14293500052000004
:10C3B0000450000008A0000008A0001FFFFFF303C6
:10C3C00039B3300008A0000008A0000103F61E6089
:10C3D000E12C00000003FFF90333100003F52E40A9
:10C3E00000000E400004E000009A00000E4000042F
:10C3F000F000009A00000E400003F000009A0000D8
:10C400000E500003F000009A00000E500003F000F0
:10C4100000004CFE70004FB68F900DB0005F32F4FC
:10C420000000E74F20000CA4F20000CA2F40000ECD
:10C4300070DB0005F204FB68F90004CFE700EFFBB6
:10C4400044CB00AB00AB00AB00AB00AB00AB00AB30
:10C4500000AB07DFEA108E857EC0010006F1000008
:10C4600006F000000D900000CC00001CC00001DBB5
:10C4700000001DE544427FFFFFF97FFFFFF02444E9
:10C480005F900000BC000009E100003FD8100004EC
:10C490006DD0000002F4100002F4BD757DD019DFEC
:10C4A000EA1000000DA0000000AC00000007E10051
:10C4B00000004F40100002F600F5001DA000F5003E
:10C4C0007FFFFFFFF3133333F730000000F5000068
:10C4D0000000F50009FFFFF00AB444400C800000A2
:10C4E0000E7000000FFFFC4003345CF2000000F708
:10C4F000100000F78E856CF108DFFB30002AEFD5C5
:10C50000003FD657400CC0000002F40000004F5B13
:10C51000FFA104FE845DD03F80003F30E80003F2BD
:10C5200006F845DC0005DFE9109FFFFFFD9D444450
:10C53000E99C0004F200000BB000002F400000ADA9
:10C54000000001F6000008E000000E8000006F10FF
:10C5500000019EFE9100BE636EC00F60006F00CCB4
:10C56000202BC002EFFFE200DC424CD05F20001F16
:10C5700055F20002F50ED535DE001AEFEA1003BFC2
:10C58000EA202FA44BE18E0000E99D0000DD4F71F1
:10C5900029FF07FFFC9E000210AC000002F60765B1
:10C5A0008FB00AEFD7002E53F50000000000003FC7
:10C5B00052E42E53F50000000000002E52F60D212B
:10C5C000D001000000003100006CF2018ED6000F97
:10C5D000C300000AFB40000017EE70000005C30016
:10C5E0000000001FFFFFF3033333300000000000A2
:10C5F0000000001FFFFFF303333330040000000E80
:10C60000D71000005CF92000002AF20003AFB10649
:10C61000DE82001C6000000000000007DFEA109EC0
:10C62000746EC0010006F0000009C000008E2000FA
:10C6300006F2000008700000000000000B800000FF
:10C640000C900000006CEFDA4000003DA41016D9F9
:10C650000001E509EE98CA900A80BD43AFC0D30F30
:10C6600013F2000CC0693C06D00007C03B4B06D05B
:10C670000007C02C3C03F2000CC04A0F10BD439EC3
:10C68000E3C50A8009EE91CF9001E50000000000AB
:10C69000003DA41028000000007CEFD9100000002D
:10C6A0000CF1000000003FD700000000B96E000050
:10C6B0000002F20E50000009A007D000001F300059
:10C6C000F400007FFFFFFB0000E733334F2005F04D
:10C6D00000000C900C90000006F18FFFFEC408E3F0
:10C6E000334BF28E00001F58E00018F18FFFFFF867
:10C6F00008E33337F68E000009C8E000009D8E3352
:10C70000347F78FFFFFD700007CFFB4000CF966AB3
:10C71000F50AE20000301F600000004F200000001A
:10C720004F200000001F600000000AE200003001FE
:10C73000CF966AF50007DFFB408FFFFEA4008E4412
:10C7400046CF708E000007F38E000000DA8E0000E6
:10C75000009D8E0000009D8E000000DA8E00000714
:10C76000F38E4446BF708FFFFEA4008FFFFFF68E4E
:10C770004444418E0000008E0000008FFFFFC08EF9
:10C780003333208E0000008E0000008E4444428F20
:10C79000FFFFF98FFFFFF68E4444418E0000008EAC
:10C7A0000000008E0000008FFFFFC08E3333208E0C
:10C7B0000000008E0000008E0000000007CFFC503B
:10C7C00000CF966AF60AE20000201F600000004FCA
:10C7D000200000004F200000B91F600000B90AE3EC
:10C7E0000000B900CF966AF80007DFFC608E0000F9
:10C7F00008E8E000008E8E000008E8E000008E8F60
:10C80000FFFFFFE8E333339E8E000008E8E00000FE
:10C810008E8E000008E8E000008E8E8E8E8E8E8E4A
:10C820008E8E8E8E02FFFFC00444BC000009C00043
:10C83000009C000009C000009C000009C02000BA54
:10C840000EB58F603CFE808E00004F508E0004F6C7
:10C85000008E003F70008E03F800008E2EC0000096
:10C860008EECF600008FB07F30008E000AE1008E63
:10C870000000CC008E00001EA08E0000008E000084
:10C88000008E0000008E0000008E0000008E000070
:10C89000008E0000008E0000008E4444408FFFFF99
:10C8A000F28E00000008E8F7000002FE8FF10000A1
:10C8B000BFE8DCA0004F9E8D2F300D87E8D09C068E
:10C8C000E07E8D01E7E507E8D006FC007E8D000ADA
:10C8D0002007E8D00000007E8E100008E8FC000071
:10C8E0008E8FF90008E8E6F6008E8E09F308E8E07E
:10C8F0000CE18E8E001EB8E8E0003FEE8E00006F67
:10C90000E8E00000AE0007CFEB500000CF966BF9D7
:10C91000000AE200005F601F6000000AD04F2000A4
:10C920000006F04F20000006F01F6000000AD00A49
:10C93000E200005F6000CF966BFA000007DFEB506B
:10C94000008FFFFD7008E4458FB08E00005F38E077
:10C950000001F58E00003F48E0014DD08FFFFFB28F
:10C9600008E33310008E00000008E000000000071C
:10C97000CFEB500000CF966BF9000AE200005F6039
:10C980001F6000000AD04F20000006F04F2000007A
:10C9900005F01F6000000AD00AE200005F6001DFBE
:10C9A000855AFA000008DFFC5000000001EC2194D9
:10C9B0000000001BFFC10000000012008FFFFD708F
:10C9C00008E4458FB08E00005F38E00001F58E006E
:10C9D000003F38E0014DD08FFFFFC208E333DA009B
:10C9E0008E0002F608E00005F3019EFDA200CE6471
:10C9F0006B702F40000001F800000006FD9500005C
:10CA0000016AEE500000009F00200005F13FA5479D
:10CA1000EB004BEFE910FFFFFFFF2444BD44400053
:10CA200009C00000009C00000009C00000009C003C
:10CA3000000009C00000009C00000009C0000000C8
:10CA40009C00009C00000BA9C00000BA9C00000BD9
:10CA5000A9C00000BA9C00000BA9C00000BA8E005B
:10CA6000000D94F40003F50CF868FD0009EFE910DF
:10CA70000CB000000AC05F200001F500E900008E44
:10CA80000008F0000E70001F6005F10000AD00C945
:10CA9000000003F43F3000000CBAC00000005FF556
:10CAA00000000000EE00006F10000DB00002F21F49
:10CAB00060003FF10008D00BB0008BE6000D70065F
:10CAC000F000E69B002F2001F503F14F108D0000D0
:10CAD000CA09B00E60D800006F0E6009B2F3000002
:10CAE0001F9F1004F9D000000CFB0000EF80000035
:10CAF00007F600009F30003F50000DA008F2009D97
:10CB00000000CC04F300002F9E70000006FC000023
:10CB10000009FE1000004F4DB00001E802F7000BC5
:10CB2000D0007F207F20000BD00CB000009C002F95
:10CB300050002F30009E000C900000E805F100002E
:10CB400005F3E60000000CFD000000003F4000007F
:10CB50000002F3000000002F3000000002F300008C
:10CB60004FFFFFFF9144444AF3000003F600000129
:10CB7000EA000000CC0000009E1000006F400000A2
:10CB80003F7000001ED4444436FFFFFFFC8FF68D3B
:10CB9000318D008D008D008D008D008D008D008DFC
:10CBA000008D008D008D318FF65D000000F20000D9
:10CBB0000B8000006D000001F200000B8000006D92
:10CBC000000001F200000B7000006D000001F20097
:10CBD000000B7000006D000001F2BFF325F302F3BB
:10CBE00002F302F302F302F302F302F302F302F39D
:10CBF00002F325F3BFF300AD00001EC4000885A0BA
:10CC000000E20E105B00970B5002E0EEEEEEE00B40
:10CC1000C00009B004CFEA100B745DB0000004F04E
:10CC200004CEEEF21F8214F24F1004F21F703DF298
:10CC300004DFD7F2BA000000BA000000BA0000001A
:10CC4000BA8EFC30BFD54BF3BE1000CABA00007ECE
:10CC5000BA00007EBE1000CABFD55BF3B98EFC30AF
:10CC6000007DFD6009F748F42F5000205F000000B0
:10CC70005F0000002F50002009F748F4007DFD60A0
:10CC80000000001F40000001F40000001F4008EFFA
:10CC9000C4F40AF748FF42F50007F45F00002F458F
:10CCA000F00001F42F50006F40AE637EF4008EFC64
:10CCB0004F40008EFC400AD538F42F20008C5FEEE8
:10CCC000EEFF5F2111112F70001009F846E4007D7E
:10CCD000FE80009EE305F44108C000CFFFF029D399
:10CCE0002008D00008D00008D00008D00008D000EC
:10CCF00008D000007EFC4E60AF747FF62F50005FBE
:10CD000065F00000F65F00000F62F60006F609F716
:10CD100047FF5007EFC4F50000003F20CB646EB022
:10CD200003AEFD8000BA000000BA000000BA0000A7
:10CD300000BA8EFB20BFC56DD0BE0003F2BA000062
:10CD4000F4BA0000F5BA0000F5BA0000F5BA000028
:10CD5000F5BAA800BABABABABABABABA000AB000F2
:10CD60009900000000AB000AB000AB000AB000ABB5
:10CD7000000AB000AB000AB000AA064E71DFA0BAEC
:10CD8000000000BA000000BA000000BA001CC0BADF
:10CD900001CC00BA1CD100BBCF6000BFDBE100BDFD
:10CDA00011DC00BA003F70BA0007F3BABABABABAD7
:10CDB000BABABABABABAB99EFA15DFD40BFB45EDC6
:10CDC000E64AF2BE0006F6000E7BA0004F2000C926
:10CDD000BA0003F1000C9BA0003F1000C9BA000389
:10CDE000F1000C9BA0003F1000C9B99EFB20BFB40E
:10CDF0005DD0BE0003F2BA0000F4BA0000F5BA003C
:10CE000000F5BA0000F5BA0000F5007DFD60009F56
:10CE1000748F702F50007F05F00001F35F00002F2A
:10CE200032F50007F009F748F70007DFD600B98EA2
:10CE3000FC30BFC43AF3BE1000CABA00007EBA008C
:10CE4000007EBE1000CABFD55BF3BA7EFC30BA00CC
:10CE50000000BA000000BA000000008EFC3F40AFA6
:10CE6000748EF42F50007F45F00001F45F00002F16
:10CE700042F50007F40AF748FF4008EFC4F4000049
:10CE8000001F40000001F40000001F40B98E4BFD60
:10CE900071BE100BB000BA000BA000BA000BA000CE
:10CEA00005DFEA13F735A06F000001EE9610016A66
:10CEB000EF300000D96C646F62AEFD7008D00008DE
:10CEC000D000CFFFF029D32008D00008D00008D030
:10CED0000008D00005F551009FE3C80002F3C80028
:10CEE00002F3C80002F3C80002F3C90003F3AB0069
:10CEF00007F35F837EF306DFC5F30D90000AA06E93
:10CF00000001F300F5007D0009C00E60003F24F031
:10CF10000000C8B9000006FF3000000FC000C800C4
:10CF200006F1000D56D000CF6003F01F302F9C009B
:10CF30009A00B807B2F10E4005E0D60C74E0000F7D
:10CF40006F007C990000AFA001FF400005F4000BCA
:10CF5000E0004F3007E109D02F4000D9D900003F51
:10CF6000D000004FE10001E7BB000BB01E707E1047
:10CF700005F30D90000AA06F0001F300F6007D009C
:10CF800009C00D60002F34F00000C9A9000005FFA2
:10CF90002000000EC0000000E5000094AD00001B62
:10CFA000FC2000005FFFFFA13337F40001E7000021
:10CFB000CB00008E10004F40001EA33326FFFFFC65
:10CFC000006EA00F9201F4001F4001F4003F303FBB
:10CFD000C0006F3001F4001F4001F4001F4000FA50
:10CFE0002005EA8B8B8B8B8B8B8B8B8B8B8B8B8B23
:10CFF0008BBE5002AE0005F0005F0005F0004F1040
:10D0000000DF104F5005F0005F0005F0005F002AC0
:10D01000E00BE40007EC40B41E25DFC00100000077
:10D0200004CC302B01C05700932B01C005CC300637
:10D03000A10FF60BE200000000000000000000005D
:10D0400000027BFB000000049DFFFFD00003AFFF48
:10D05000FFFFFD0000AFFFFFFFDFD0000AFFFFB6BC
:10D0600010ED0000AF9400000ED0000AF1000000A7
:10D07000ED0000AF1000000ED0000AF1000045FDE9
:10D080000000AF1001EFFFD0179DF1005FFFFC0E15
:10D09000FFFF1000AFFD31FFFFE00000010003BD06
:10D0A000A3000000000050188888888405FABFDDBE
:10D0B000DDDDFDAFE47F100000CA4EE04F10000040
:10D0C000C80EFEEF100000CFEFE03FEEEEEEF80EE0
:10D0D000F68F766666EB6FF8AF100000CC8FE03FFE
:10D0E000100000C80EFCDF655555EECFC25FFFFF94
:10D0F000FFF92C57750577777775FFFF1FFFFFFF47
:10D10000FFFFFF2FFFFFFFFFEFFF0EFFFFFFFE01FF
:10D11000100011111110EFFE0EFFFFFFFEFFFF2F99
:10D12000FFFFFFFFFFFF1FFFFFFFFF6887078888E4
:10D13000888668870788888886FFFF1FFFFFFFFFB4
:10D14000FFFF2FFFFFFFFFDFFD0DFFFFFFFD0000D3
:10D15000000000015000000000001DF80000000069
:10D1600001DFFD000000001DFFE22D600001DFFE79
:10D1700020DFF7001DFFE2008FFF71DFFE200008B7
:10D18000FFFEFFE20000008FFFFE2000000008FF0E
:10D19000E200000000007D20000000000000000010
:10D1A0007F60000BE2EFF600BFF84FFF6BFFD1048A
:10D1B000FFFFFD10005FFFE10000BFFFF6000BFF67
:10D1C000DFFF60BFFD14FFF5CFD1004FF617100051
:10D1D000036000000011000000000000FF000000DC
:10D1E000006F21FF12F70006FF61FF16FF601FF9B5
:10D1F00001FF109FF16FE001FF100EF6AF8001FFFD
:10D200001008FACF6001FF1006FCAF8000AA0008EA
:10D21000FB7FD00000000DF71FF80000008FF10722
:10D22000FF91002AFF70009FFFEEFFF9000005CF7D
:10D23000FFFD50000000024420000000000000003C
:10D24000000000000AFFA0000000000CFFC000006A
:10D2500003D6DFFFFD6D300EFFFFFFFFFFE05FFF36
:10D26000FFAAFFFFF51AFFF4004FFFA103FFD00054
:10D270000DFF3004FFF0000FFF404FFFFB22BFFF08
:10D28000F42FFFFFFFFFFFF209FEFFFFFFEF90000B
:10D29000505EFFE5050000000CFFC0000000000428
:10D2A0007740000000000003100341000000009FD1
:10D2B000F50DF50000001BFDFF8DF5000002DFB14C
:10D2C0002DFFF500004FF83EC2BFF50007FF55FFE8
:10D2D000FE39FE409FE38FFFFFF56FF6AC2AFFFF9C
:10D2E000FFFF73E6005FFFFFFFFFF100006FFFD756
:10D2F0007FFFF200006FFF900DFFF200006FFF90C4
:10D300000DFFF200004FFF700BFFE1000000003343
:10D3100000000000000BFFB0000000000CFFC00088
:10D320000000000CFFC0000000000CFFC000000067
:10D33000000CFFC00000008FFFFFFFF800002EFF71
:10D34000FFFFE2000002EFFFFE200000002DFFE2E1
:10D350000000799982DE289997FFFFFB22BFFFFF2B
:10D36000FFFFFFFFFFFFFFFFFFFFFFFAB3CFACCCD4
:10D37000CCCCCCCCCA0006BBBBBBBA3000004FFF44
:10D38000FFFFFFE10000EF30000006FB0009F8009E
:10D39000000000CF504FD0000000002FE1DF84429A
:10D3A0000000344BF9FFFFFD0001FFFFFBFFFFFF13
:10D3B000988BFFFFFCFFFFFFFFFFFFFFFCFFFFFF5E
:10D3C000FFFFFFFFFB9FFFFFFFFFFFFFF6000000D7
:10D3D0000000003300018DFFC600EF004EFFFFFF8D
:10D3E000E4DF04FFB3004CFFFF0EF90000008FFFE5
:10D3F0006FC00001FFFFFF8E500001DEEEED000068
:10D40000000000000022222200000021FFFFFF1088
:10D410000008F8FFFBBC10001EF4FFFC100001DF49
:10D42000C0FEEFE8448EFE10FE1AFFFFFFC100FDB4
:10D430000028BB940000000002700002EF0002EF21
:10D44000FDFFFFFFFFFFFFFFFFFFFFFFFFFFFFFFEE
:10D45000FFFF3447FFF00005FF000005C00000009B
:10D460000000027000000002EF00000002EFF00078
:10D470000DFFFFFF0220FFFFFFF08E1FFFFFFF00E9
:10D48000E7FFFFFFF03F5FFFFFFF08903447FFF02B
:10D4900000000005FF0000000005C00000000000C3
:10D4A000000000000000000770000000027000058E
:10D4B000FA0000002EF000814F600002EFF001DD65
:10D4C00007F0DFFFFFF0321E80F6FFFFFFF08E2730
:10D4D000E0B9FFFFFFF00E73F19BFFFFFFF03F5439
:10D4E000F09AFFFFFFF0890AC0D83447FFF0007FB1
:10D4F00043F300005FF002F60CB0000005C000002E
:10D50000BF10000000000009E3000000000000025E
:10D51000100037888888888873EFFFFFFFFFFFFEC1
:10D52000FE32DFFFFFFFFFF9007FFFFDFFFFFD1071
:10D53000CFFFA07FFFFFFFFFFA0007FFFFF35FA011
:10D540000000CFFF3003000000CFFC00000000000F
:10D55000CFFFCCCCCCCCCCFFAFFFFFFFFFFFF9005F
:10D56000002000000001FA00000006FF1000000D7E
:10D57000FF7000006FFFF10001EFFFFA000BFFFFEB
:10D58000FF605FFFFFFFE0CFFFFFFFF6FEBFFFFF83
:10D59000F9FD4FFFFFF9BF49FFFFF53FE52EFFD033
:10D5A00006FFFFFD200028BA600004300000311F94
:10D5B000E00006F91FE0007FFA1FE009FFFA1FE014
:10D5C000AFFFFA1FEBFFFFFA1FFFFFFFFA1FFFFF7E
:10D5D000FFFA1FE6FFFFFA1FE05FFFFA1FE004FFFC
:10D5E000FA1FE0003EFA0FD00002D7000000000052
:10D5F0000200000000000CFB2000000000FFFF9074
:10D600000000000FFFFFE6000000FFFFFFFC3000FE
:10D610000FFFFFFFFF9100FFFFFFFFFFE60FFFFF80
:10D62000FFFFFFF2FFFFFFFFFFFD0FFFFFFFFFF810
:10D6300000FFFFFFFFB2000FFFFFFD400000FFFFF4
:10D64000F70000000FFFA1000000006A400000008A
:10D6500000001444200144420DFFFF10DFFFF1FFE2
:10D66000FFF30FFFFF3FFFFF40FFFFF4FFFFF40F4B
:10D67000FFFF4FFFFF40FFFFF4FFFFF40FFFFF4FDF
:10D68000FFFF40FFFFF4FFFFF40FFFFF4FFFFF40DE
:10D69000FFFFF4FFFFF40FFFFF4FFFFF30FFFFF32B
:10D6A0009FFFC009FFFC001444444444420DFFFFA7
:10D6B000FFFFFFF1FFFFFFFFFFFF3FFFFFFFFFFF48
:10D6C000F4FFFFFFFFFFFF4FFFFFFFFFFFF4FFFF30
:10D6D000FFFFFFFF4FFFFFFFFFFFF4FFFFFFFFFF15
:10D6E000FF4FFFFFFFFFFFF4FFFFFFFFFFFF4FFFB5
:10D6F000FFFFFFFFF39FFFFFFFFFFC000210000092
:10D70000420FE20003FB0FFE3004FB0FFFF404FBAB
:10D710000FFFFF54FB0FFFFFFAFB0FFFFFFFFB0F95
:10D72000FFFFFFFB0FFFFFD6FB0FFFFD14FB0FFFFB
:10D73000C104FB0FFB0004FB0CA00003FA00000077
:10D74000000000000012000000000003FF60000065
:10D7500000002EFFF500000001EFFFFF4000001D5C
:10D76000FFFFFFF30000CFFFFFFFFE200AFFFFFFD8
:10D77000FFFFE00EFFFFFFFFFFF2039999999999D0
:10D7800050058888888888700FFFFFFFFFFFF30F20
:10D79000FFFFFFFFFFF40BFFFFFFFFFFD1000000C3
:10D7A000000000003F9000003FFC00003FFD100023
:10D7B0003FFD10003FFD10001FFD100000CFF400E2
:10D7C0000000CFF4000000CFF4000000CFF4000010
:10D7D00000CFE0000000A4000000000000CD100019
:10D7E000001FFD1000003FFD1000003FFD10000075
:10D7F0003FFD1000003FFD000008FF900008FF9073
:10D800000008FF900008FF900002FF9000000780D2
:10D81000000000000004500000000002FF60000053
:10D8200000003FF70000000003FF70000000003F11
:10D83000F7000006999AFFC99980FFFFFFFFFFFFDD
:10D840003DFFFFFFFFFFF201113FF7111000000342
:10D85000FF70000000003FF70000000003FF7000B1
:10D860000000000CD30000006999999999980FFF66
:10D87000FFFFFFFFF3DFFFFFFFFFFF2000000000BF
:10D88000000000000156640000000003BFFEEFF935
:10D890001000007FFA1003DFE40008FFA009B41EA7
:10D8A000FF504FFF200BFF26FFE1EFFF09CFFF6383
:10D8B000FFFABFFF09FFFF54FFF61EFF51DFFB0910
:10D8C000FFB003EFE204305FFC10002CFF956AFF0D
:10D8D0009000000049DFFD92000000000000000001
:10D8E000000000CD20000000000000008FF50014B3
:10D8F000664000000004EFACFFEFFF910000001C49
:10D90000FFA1004DFE300000009FF5AB31EFF400A9
:10D9100007B105FFFFE17FFE100FFE302DFFF54F31
:10D92000FF900CFFE000AFF65FFF6002FFF400061F
:10D93000FFEFFB00004FFD10003EFFC0000002DFC4
:10D94000E85401BFE300000005AEFF6007FF600080
:10D950000000000000004EF6000000000000000182
:10D96000A10000000000000000000000003ED00008
:10D9700000000000000CFF80000000000006FFFF18
:10D98000200000000000EFFFFB00000000008FFC03
:10D99000CFF4000000002FFB00FFD00000000BFFC1
:10D9A000C00FFF70000004FFFD01FFFF100000DF4B
:10D9B000FFE02FFFFA00007FFFFF9BFFFFF3001F38
:10D9C000FFFFB00EFFFFC00AFFFFFE24FFFFFF6056
:10D9D000FFFFFFFFFFFFFFFA06CCCCCCCCCCCCCBBB
:10D9E000300000000000360000000000007F80DDF5
:10D9F000DB00008DEFF8FFFFB007FFFFFD556FF470
:10DA00006FF8AFE2000574FF907E2000003FFA003F
:10DA100000000002EFB2504A00012EFD1DF48FB04D
:10DA2000FFFFD10BFFFFFBFFFE2000CFFFFB12210A
:10DA30000000029FC000000000005B00000007A083
:10DA40000000000008FFB000000008FFFFB0000069
:10DA500008FF95FFB00008FF9005FFB007FF90009A
:10DA600005FFB09F90000005FD004000000003107E
:10DA70004C20000000B60BFE200000CFF02EFE2050
:10DA800000CFF4002EFE20CFF400002EFECFF400D5
:10DA900000002EFFF4000000002EF4000000000043
:10DAA0001300000000083000000000000000BFF379
:10DAB00008BBBBBB90000BFFFF39FFFFFFF1008FDE
:10DAC000CFCFF000000AF100382F948000000AF157
:10DAD00000002F900000000AF100002F90000003CA
:10DAE0000AF130002F9000001FCBF8F8002FEBBB9D
:10DAF000BB39FFFFE2001FFFFFFFB09FFD200000CA
:10DB00000000000008D10037888700000000EFFF08
:10DB1000FFA0000000FFFFFFFDCCCCB6FFFFFFFF22
:10DB2000FFFFFFFFFFFFFFFFFFFFFFFFFFFFFFFF05
:10DB3000FFFFFFFFFFFFFFFFFFFFFFFFFFFFFFFFF5
:10DB4000FFFFFFFFFFFFFFFFFFFFFFFFFFAFFFFF35
:10DB5000FFFFFFF900000000000000000001DD10E1
:10DB6000000000001DFFD100000001DFFFFD1000DC
:10DB7000001DFFFFFFD100009FFFFFFFF900000124
:10DB80001CFFC1100000000CFFC0000000000CFFD3
:10DB9000C0000000000CFFC0000079993BFFB39962
:10DBA00097FFFFB2442BFFFFFFFFFEDDEFFFFFFFFC
:10DBB000FFFFFFFAB3CFACCCCCCCCCCCCA0000007A
:10DBC00000000200000000000004FFC70000000089
:10DBD00000AFFFF0000000001FFFFD000000000686
:10DBE000FFFFC00000000008FFF700000000000C6D
:10DBF000FF300000000004FFC00000000001EFF350
:10DC000000004A3002DFF80005DFFE15EFFB0000E0
:10DC1000EFFFFFFFFA00000BFFFFFFF70000007FA0
:10DC2000FFFFA200000002BA850000000000048689
:10DC30000000001006FFFA0002DFD1EF3CF101DF27
:10DC4000FA0EE0AF21DFFA009FEFF6DFFA00008D59
:10DC5000FFFFFB00000006FFFD00000048EFFFF69D
:10DC600000006FFFFBFFF6000EF3CF23FFF600EE80
:10DC70000AF204FFF609FEFC0004FFF108DA1000C6
:10DC800002620000000000000000006FFFF9870042
:10DC90000008FFFF98F708A68FFFF95990FFA8FF2B
:10DCA000FFFCCC0FFA8FFFFFFFF1FFA8FFFFFFFF84
:10DCB0001FFA8FFFFFFFF1FFA8FFFFFFFF1FFA8F83
:10DCC000FFFFFFF1FFA8FFFFFFFF1FFA7FFFFFFF2E
:10DCD000F0FFE3122222210FFFFFFFF90000ACCC7E
:10DCE000CCCB5000004999999995000EFFFFFFFF9A
:10DCF000F600FD2222224FF60FC0000001FFF3FCC8
:10DD00000000001FFF6FC0000002FFF6FFFFFFFFD3
:10DD1000FFFF6FFFFFDCFFFFF6FFFFB005FFFF6FA8
:10DD2000FFF6000FFFF6FFFFC006FFFF6FFFFFEDDE
:10DD3000FFFFF69FFFFFFFFFFD10CDDDDDDDDDDD29
:10DD40002FFFFFFFFFFFF3122222222222000000FA
:10DD5000000000000000000000000FFFFFFFFFFFB9
:10DD6000F3DEEEEEEEEEEE2000000000000000001C
:10DD7000000000000DEEEEEEEEEEE2FFFFFFFFFF13
:10DD8000FF3000000000000037888888888873EF23
:10DD9000FFFFFFFFFFFEEFFFFFFFFFFFFE1CFFFF88
:10DDA000FFFFFFC1D28FFFFFFFF82DFF64EFFFFEE3
:10DDB00045FFFFFA2BFFB2AFFFFFFFD3553DFFFF3B
:10DDC000FFFFFFBBFFFFFFFFFFFFFFFFFFFFAFFFF7
:10DDD000FFFFFFFFF9000000000001FFFFF000045B
:10DDE000FFFFD00006FFFF800008FFFF30000AFFA2
:10DDF000FFAAA60CFFFFFFF80EFFFFFFE10BDDDF20
:10DE0000FF6000004FFD0000007FF3000000BFA096
:10DE1000000000FF10000003F800000003C0000035
:10DE20000000200000000455EFB5520000FFFD1F68
:10DE3000FFB0000FFFFFFFFC0000FFFF5333200087
:10DE40000FFF97FFFB5700FFF8AFFFC6F80FFF8AE1
:10DE5000FFFC4AA1FFF8AFFFE3220FFF8AFFFFFF9D
:10DE6000F4FFF8AFFFFFFF4FFF8AFFFFFFF43552CB
:10DE7000AFFFFFFF40000AFFFFFFF400007FFFFF3E
:10DE8000FE20000001100000000000AF00000000B4
:10DE9000018FFA30000002EFFFFF500000BFFFFFCC
:10DEA000FF10001FFFFFFFF50003FFFFFFFF7000E3
:10DEB0005FFFFFFFF90008FFFFFFFFC000DFFFFF6C
:10DEC000FFFF209FFFFFFFFFFD0EFFFFFFFFFFF2A1
:10DED000022222222221000008FFC00000000009C7
:10DEE000A20000005BBBBBBBBBBBBBA3FFFFFFFF34
:10DEF000FFFFFFFBFC0C30E11D0D11FCFC0B30E0C3
:10DF00001D0D10FCFFFEFFEFFEFEEFFCFFF15A08B7
:10DF100070A05FFCFFF37B2992C27FFCFFBFCBBBED
:10DF2000BBBFCBFCFC0B2000000D00FCFFCFCCCC1A
:10DF3000CCCFCCFB9FFFFFFFFFFFFFF600000000F0
:10DF400000000200000000000005DFB0000000003B
:10DF500007EFFFD000000018FFFFFF70000029FF4F
:10DF6000FFFFFF00003BFFFFFFFFF8000AFFFFFF7E
:10DF7000FFFFF1000FFFFFFFFFFFA000049AAAAF11
:10DF8000FFFF20000000000EFFFB00000000000E5D
:10DF9000FFF400000000000EFFC000000000000EB3
:10DFA000FF5000000000000DFD0000000000000414
:10DFB000B300000035555502000FFFFFF2F400FFDB
:10DFC000FFFF2FF40FFFFFF2FFF3FFFFFF32221FCF
:10DFD000FFFFFFFFF7FFFFFFFFFF8FFFFFFFFFF8D0
:10DFE000FFFFFFFFFF8FFFFFFFFFF8FFFFFFFFFFB8
:10DFF0008FFFFFFFFFF8FFFFFFFFFF8FFFFFFFFF18
:10E00000F88AAAAAAAAA300000002455310000000C
:10E010000003AFFFFFFFC7000002BFFFFEDEFFFFF0
:10E02000F6005FFFB51000038EFFB0DFD3000000E5
:10E0300000008FF5180005AEFEC81004600002DF76
:10E04000FFFFFFF80000000CFF95347DFF4000004B
:10E0500002A200000077000000000002960000000D
:10E06000000000000DFF500000000000000EFF60E7
:10E0700000000000000005DA000000005BBBBBBB35
:10E08000BBBBBBBA20FFFFFFFFFFFFFFFF90FC12EF
:10E0900022222222220FF7FC5FFFFFFFFFFF2CFA54
:10E0A000FC5FFFFFFFFFFF21FAFC5FFFFFFFFFFFA9
:10E0B00027FAFC2666666666661FFAFEBBBBBBBB1C
:10E0C000BBBBBFB1AFFFFFFFFFFFFFFF5000000072
:10E0D0000000000000005BBBBBBBBBBBBBBA20FFAA
:10E0E000FFFFFFFFFFFFFF90FC1222222221000F03
:10E0F000F7FC5FFFFFFFF8000CFAFC5FFFFFFFF883
:10E100000001FAFC5FFFFFFFF80007FAFC266666D5
:10E110006663000FFAFEBBBBBBBBBBBBBFB1AFFFAF
:10E12000FFFFFFFFFFFF50000000000000000000A5
:10E130005BBBBBBBBBBBBBBA20FFFFFFFFFFFFFF4F
:10E14000FF90FC1222221000000FF7FC5FFFFFD0AF
:10E1500000000CFAFC5FFFFFD0000001FAFC5FFF3B
:10E16000FFD0000007FAFC2666665000000FFAFE9A
:10E17000BBBBBBBBBBBBBFB1AFFFFFFFFFFFFFFF25
:10E18000500000000000000000005BBBBBBBBBBB3D
:10E19000BBBA20FFFFFFFFFFFFFFFF90FC12220032
:10E1A0000000000FF7FC5FFF300000000CFAFC5F7E
:10E1B000FF3000000001FAFC5FFF3000000007FAAA
:10E1C000FC2666100000000FFAFEBBBBBBBBBBBB4E
:10E1D000BFB1AFFFFFFFFFFFFFFF500000000000D7
:10E1E000000000005BBBBBBBBBBBBBBA20FFFFFF9B
:10E1F000FFFFFFFFFF90FC0000000000000FF7FC96
:10E200000000000000000CFAFC000000000000010B
:10E21000FAFC00000000000007FAFC00000000000B
:10E22000000FFAFEBBBBBBBBBBBBBFB1AFFFFFFF69
:10E23000FFFFFFFF50000000000000000000000092
:10E24000000007B20000000000000ADFFA00000032
:10E25000000000A93DF5000000044002E0001000AD
:10E260000000AFF80B600000006C30FFFFFFFFFF05
:10E27000FFFFFFF4AFF9000C5000006D40055000A7
:10E2800004C00000100000000000C43EE8000000D0
:10E290000000002EEFFA000000000000004FFA001E
:10E2A000000000000000000000000000011000005D
:10E2B0000007EFFFB30000AFFD8FFF2004FFFD0953
:10E2C000FFB00AFEFD12AFF00EF55D2C0EF30FFF4E
:10E2D00033129FF50FFFF307FFF60FFFE206FFF67D
:10E2E0000FFE24137FF50DF57D2C0DF30AFFFD11B4
:10E2F000BFF003FFFE0BFFA0007FFEBFFE10000378
:10E30000ACDC810000003443000005667FFFF96645
:10E3100050FFFFFFFFFFFF356666666666501CCC48
:10E32000CCCCCCC402FFFFFFFFFF602FF3FB7F6D5F
:10E33000F602FF2FB7F5DF602FF2FB7F5DF602FFDD
:10E340002FB7F5DF602FF2FB7F5DF602FF2FB7F5E9
:10E35000DF602FF3FB7F6DF601FFFFFFFFFF50072C
:10E36000BCCCCCCC900000000000000120000000DC
:10E37000000004FF500000000002FFFF50000000FA
:10E380000439FFFE00000004FF39FFA0000004FF75
:10E39000FF39B0000004FFFFFF20000004FFFFFF73
:10E3A000B0000004FFFFFFB0000004FFFFFFB0005B
:10E3B0000004FFFFFFB0000000BFFFFFB00000003F
:10E3C0000DFFFFB000000000FFFFB00000000009DB
:10E3D000A860000000000000001788888888874037
:10E3E0000002EFFFFFFFFFFFF4003EFFFFCFFFCF74
:10E3F000FFF703EFFFF908F809FFF83EFFFFFE20E3
:10E40000402EFFF8DFFFFFFFE101EFFFF89FFFFF66
:10E41000FF80008FFFF809FFFFF902C209FFF80033
:10E420009FFFFE4EFE4EFFF80009FFFFFFFFFFFFBC
:10E43000F700008FFFFFFFFFFFC10000000000009A
:10E4400003EFFFFFE203FBFBCEBFA4FF1D03A1FA16
:10E45000FFF1D03A1FAFFFFFFFFFFAFFFFFFFFFF03
:10E46000AFFFFFFFFFFAFFFFFFFFFFAFFFFFFFFF61
:10E47000FAFFFFFFFFFFAFFFFFFFFFFAFFFFFFFF06
:10E48000FFADFFFFFFFFF829AAAAAAA8000000001D
:10E490000000000300000000000004F1000820005C
:10E4A0000001FF100BF70000002FF10CFF94444413
:10E4B00045FF1BFFFFFFFFFFFFF18FFFFFFFFFFF88
:10E4C000FD007FF70000000000006F60000000000A
:10E4D000000030000000000000000000000000000C
:10E4E0000000C003000000000000C003030A000099
:10E4F0000F008005050500051C00D0090A0A000070
:10E500004E00B008090F00FE9200D00B0C0A00006C
:10E51000CE00A0090A0B00FF0501F002030500056B
:10E520000D01B004040E01FD2901C004040E00FD1C
:10E530004501A0050606000557012008080700024E
:10E5400073013003030500FE7B0160050503000332
:10E5500083013003030300008801F004070EFFFF6E
:10E56000B9015009090A0000E6013005040A00005B
:10E57000FA011008080A000022020008080A000038
:10E580004A0260090A0A00007C021008080A00001A
:10E59000A402A008090A0000D1026008080A0000CD
:10E5A000F9020009090A00002603A008080A000071
:10E5B0004E033003030800005A033003030B00FD31
:10E5C0006B032008080800018B03200808060002DE
:10E5D000A303200808080001C3030008080A00007C
:10E5E000EB03800E0E0D00FD4604400A0C0AFF00EE
:10E5F0008204A00A090A0100AF04200A0A0A0000E6
:10E60000E104900B0A0A010013056009080A0100E1
:10E610003B05E008080A01006305D00A0A0A000069
:10E620009505600B090A0100C2055004020A0100A9
:10E63000CC053007070AFF00EF05100A0A0A01009F
:10E6400021065008080A01004906600D0B0A010066
:10E650008006600B090A0100AD06C00B0C0A000021
:10E66000E906200A090A01001607C00B0C0D00FD7F
:10E670006407300A090A01009107B008090A00007E
:10E68000BE073008090A0000EB07100B090A010059
:10E690001808F0090B0AFF004F08C00F100A00000D
:10E6A0009F0870090A0A0000D10810090B0AFF0030
:10E6B00008093009090A00003509B004040E01FDFB
:10E6C0005109F004070EFFFF8209B004040E00FD9B
:10E6D0009E09300807060102B3090007070100FF81
:10E6E000B709600805020109BC09600808080000B4
:10E6F000DC099009080B0100080A0008080800005E
:10E70000280A9009090B00005A0A9008080800001E
:10E710007A0AF004060B00009B0AB009090B00FD01
:10E72000CD0A9009080B0100F90AE003020B010071
:10E73000040B0004050EFEFD270BA008080B0100CA
:10E74000530BE003020B01005E0BD00E0D0801001D
:10E75000920B900908080100B20BE00809080000BC
:10E76000D60B9009080B01FD020C9009090B00FD66
:10E77000340CC00505080100480C0007070800001C
:10E78000640CD005060A0000820C8009080801000C
:10E79000A20CD0070908FF00C60C900C0D08000061
:10E7A000FA0CC007080800001A0DD007090BFFFD7E
:10E7B0004C0D500707080000680DF004050E00FD21
:10E7C0008B0D3004020E01FD990DF004050E00FDC5
:10E7D000BC0D200808030003C80DE005060500066F
:10E7E000D70D600404030003DD0D000E0F0FFFFEC4
:10E7F0004E0E000E0E0B00009B0E000E0E0D00FFC5
:10E80000F60E000E0E0B0000430FA0090A0B0000CD
:10E810007A0F000E0E0F00FEE30F000E0E0F00FE2B
:10E820004C10C00F100D00FFB410000E0E0F00FEB4
:10E830001D11C00F100B00007511000E0E0F00FE11
:10E84000DE110007070C00FF0812800A0B0C00FF06
:10E850004A12C00F100E00FEBA12000E0E0B00007E
:10E860000713A0090A0F00FE5213400C0A0E01FE06
:10E870009813400C0D0F00FEFA13400C0D0D00FF15
:10E880004F14400C0D0D00FFA414400C0A0E01FEA5
:10E89000EA14400C0E0DFFFF4515C008090D00FFDE
:10E8A0008015C008090D00FFBB15400C0D0D00FFC1
:10E8B0001016400C0D0400032A16C00F100B0000A8
:10E8C00082168011120F00FE0917C00F110FFFFEF4
:10E8D0008917000E0E0D00FFE417400C0D08000113
:10E8E0001818400C0D0800014C188011120B000084
:10E8F000AF18000E0E0B0000FC18000E0E0F00FEED
:10E900006519000E0F0FFFFED619400C0D0D00FF0C
:10E910002B1A400C0D0F00FE8D1A400C0D0D00FF40
:10E92000E21A400C0D0C00FF301B000E0E0B000015
:10E930007D1BC0080A0FFFFEC81B400C0D0F00FE18
:10E940002A1C400C0D0F00FE8C1CC00F100B000089
:10E95000E41C000E100FFFFE5C1D800A0B0F00FE72
:10E96000AF1D8011120D00FF241E8011120A00003D
:10E970007E1E8011120A0000D81E8011120A0000AB
:10E98000321F8011120A00008C1F8011120A000031
:10E99000E61F8011120C00FF5220400C0C0F00FEED
:10E9A000AC20400C0D0F00FE0E21000E0F0FFFFEDD
:10E9B0007F218011120B0000E221800A0B0F00FE64
:10E9C0003522100E0F0A00000000721F51EF58EFA1
:10E9D0005BEF5CEF5DEF61EF63EF65EF69EF6CEFAD
:10E9E00071EF76EF77EF78EF8EEF93EF98EF9BEF85
:10E9F0009CEF9DEFA1EFA2EFA3EFA4EFB7EFB8EF6D
:10EA0000BEEFC0EFC1EFC4EFC7EFC8EFC9EFCBEF68
:10EA1000E3EFE5EF14F015F017F019F030F037F0F0
:10EA20003AF043F06CF074F0ABF03BF190F191F1FF
:10EA300092F193F194F1D7F1E3F13DF254F2AAF49B
:10EA400012F7F2F7200000005F0001000000000054
:10EA50000000000000000200B0000000F3F76000BA
:10EA6000C8E90390000000003E000300000001021E
:10EA70000003040502060708090A090A0B0C000D29
:10EA80000E0F101112130C14140000001516171895
:10EA900019161A1B1C1D1D1E1F201D1D16212223A9
:10EAA00003241E2525262728292A2B002C002D2E5D
:10EAB0002F303132332D343435302D2D2E2E363744
:10EAC0003839333A3A3B3A3C290000093D09000005
:10EAD0000000000000000000000000000000000036
:10EAE0000000000000000000000000000000000026
:10EAF0000000000000000000000000000000000016
:10EB000000000000000000000000000001020003FF
:10EB1000040502060708090A090A0B0C0D0E0F105E
:10EB2000110C1213141515000000161718191719D7
:10EB300019191719191A1919191917191719031B5E
:10EB40001C1D1D1E1F2021222300240025262727EF
:10EB500027002726282926262A2A272A272A2B2C57
:10EB60002D2E2E2F2E300000230931090000000029
:10EB70000000000000000000000000000000000095
:10EB80000000000000000000000000000000000085
:10EB90000000000000000000000000000000000075
:10EBA0000000000000000000000100000000000064
:10EBB0000001000002000000000200000000000050
:10EBC0000000000000000000000001000000000044
:10EBD000000000000000000000010A0006FB000029
:10EBE0000000F4F3020B0504F7020B010902070011
:10EBF000000000000000000000000D02FE00000008
:10EC00000000000000000000000400F90000000007
:10EC100000FC04040000FE00FE0200FE00FEFFFCFB
:10EC200000000000FE0000FDFD0000FE00FC0000F2
:10EC300000000000000000FEFE00FD00FA00E500FC
:10EC400000FC0004070000FC02020704FC040000B2
:10EC5000F30000000000000000000000F8000000C9
:10EC60000000000000000000000000FAFDF500F7C1
:10EC7000FE00000000000900F9FEFF0100FC00009A
:10EC8000FEEF0000000000000000000000EEFE09A2
:10EC9000000000000000000000000000F70000007D
:10ECA000000000000000000700020000FC0000005F
:10ECB0000000000000000000000000000000090249
:10ECC0000100000000000000000000000000000043
:10ECD0000000000000000000000000000000000034
:10ECE0000000000000000000F8000000000000002C
:10ECF0000000000000000000000000000000000212
:10ED0000040207FE000004FEF9E102060400FD0013
:10ED1000080007000700EB00FD070007FE040200E3
:10ED20000001FE0000FC12001200070009030407A6
:10ED3000000000F80000000001FE0002FCFDFC02E3
:10ED400000FE000000F700000000000000000000CE
:10ED500000F10000000000000000000000000000C2
:10ED60000001F400F200000000FE0016FDFD0202AA
:10ED7000FE00FD020000F4000000000000000000A2
:10ED80000000EA0002000000000000000000000097
:10ED900000F2000D0000F8000700F1EAF1FC0700A6
:10EDA00000F10003FB00FD00000000000000000077
:10EDB0000000000607E50000000000000000000061
:10EDC00000000B000200000000000202FDFC00FF3A
:10EDD000FFFE0000FE000000FC00FE00FBFC00FA4D
:10EDE000F9F9FC00FC00FC00000000FE000002003D
:10EDF00002FE000100000002FE000000FE0202FF11
:10EE0000000000FC00FF0000000000010003FE0005
:10EE1000FD00FC0000FE00070000FE0000000000F6
:10EE2000FF01FEFE0000FE00FE00000000000000EA
:10EE30000000FFFF00FEFD0000000000010000FEDA
:10EE400000FEFEFE000000000000000000FF0000C9
:10EE50000000FEFD00FD00F9FEF9040000FC0204C4
:10EE60000600FAFFFD00FFF502FE02F402000001B9
:10EE7000F400F4FEEDFE00F50004060003000000BF
:10EE8000000000FCFD00F9000000FE000000FE0094
:10EE900000000000FFFF00FFFD0000000000000078
:10EEA000FEFE00FEFDFE0000FE000000000000006F
:10EEB00000000000FEFE00FD00FE00FC020000FD60
:10EEC000010202000000000000FE0000000000023D
:10EED0000000FE00FEFEFD00000000000000020039
:10EEE000FE00000000FEFD00FC0007FE01F900002E
:10EEF00006F5F4F7FC0200FEF1FC00FC00FC03FC4C
:10EF0000F200FA000001FF02FE000200F9F700F52E
:10EF1000FBFBFBF9FDFA00FCFA01000100FE00001A
:10EF2000000200020000000000000000000000FEDF
:10EF300000FF00FFFE00FCFBFBFF00F900000000EB
:10EF40000000FE0000000001FF00000002000000C1
:10EF500000000000000B00000000000002000000A4
:10EF6000FE0000000000000000000000FC000200A5
:10EF7000000000000000000000000000FE00000093
:10EF8000FC00000000F5F9000000FDF50000FE02A5
:10EF900000FA00000000000000000000FC0000FC7F
:10EFA0000000000000000000000000000200FC0063
:10EFB000000000030002FCFC00FEFEFD000000005B
:10EFC0000000F900FE00FDFE00FBFAF9FE00FC0067
:10EFD000F900000000120000010000FD000200F630
:10EFE0000000000000EBFC0707FEF70002FD00F543
:10EFF000FFFD02F0FE030003F8FDF8F9F70000F34F
:10F00000000D0000FF000000FFFFFEFAF900EB001A
:10F0100000000000000000000100000000000000EF
:10F02000000000000000000000FE00FFFEFD0000E8
:10F03000FC00FE00000000000000000000000000D6
:10F040000000FF00FC000004FF0300FB02FEFFFACB
:10F05000FE00FDFEFE00FDFC0000FEFFFEFCFD00CC
:10F0600000FE0002FE00FB000000FC00FC00FCFCB7
:10F07000020000000000000000FC0200FD00FEFD98
:10F08000F9FEFEFEFFFEFDFF0000000000FEFEFE9A
:10F090000000000003FE00FE000000FEFDFEFEFD7D
:10F0A000FE000209FF00FA00FE0400FEF7FD030067
:10F0B00000F5FC02FC0200FEFEF900FD010000FC70
:10F0C0000000000202FCFC00FCFEFDFEFE00FC0154
:10F0D000FCFC07000000000000000000020000002F
:10F0E0000000000000000000000000000000000020
:10F0F00000000000FC000000000000000000000014
:10F1000000000000000000000000000000000000FF
:10F1100000000000000000000000000000000000EF
:10F12000FE000000000000000000000000000000E1
:10F130000000000000000000000000000000FEFED3
:10F14000000000000000000000000000FD0000FDC5
:10F150000000FEFE00000000FE00000000FF0000B6
:10F16000000000FE00000000FD00FC000000F900AF
:10F1700002FB0400FEF50000FBFE00F7FAFA0000B7
:10F18000F6FEF7F7F500FA00020FFD00FBFEFFFEAA
:10F19000FCFAFCF8F7FBFE0000FE00010000F0FEA8
:10F1A0000705FBF80001F900F5FEFE04EBFD010088
:10F1B00000F1FDF4FEF00000F0000D0100FE000083
:10F1C0000000FFFEF7FE00F100000000F900FE0065
:10F1D000FFFAF50000FFFDF9FE00FE00000000F65A
:10F1E000FEF9F9FEFCFAFEFC00FCFEF9FD00FDFC58
:10F1F000FEFC000100FEF9000400FC00000000031A
:10F200000002FC0900FEFEFD000000000000F90005
:10F21000FE00FDFE00FBFAF9FE00FC020900000002
:10F2200000120000010000FD0002000000000000CC
:10F230000000000000000000FEFC0000000000FFD5
:10F24000000000FEFE0000FCFE0000FC0004FF00C9
:10F2500000000000000100000000030402FE00F9AD
:10F26000FC0007F9F9FCFC090402EDFE04FE00FEB7
:10F2700002FEF800FE02FDFEF9FE0000070400FA9F
:10F2800000F4FD06FDF701FDF9F9FE090200FD009D
:10F29000FA000207FBF8F7FA070001F0FE02FCFE95
:10F2A000FB00FBF8FDFDFE0000FBFBFE000705FE7A
:10F2B000F400F4FD00F8F3FFF9FCF9FA060000FD94
:10F2C00000FCFE00FEFC0004F9020000F400FEFB5E
:10F2D000FCFEF9FAF9FB00F9FEFBFCF9FE00000167
:10F2E0000BFC00F9FE00FEFCFBFAFAF7FDFC040043
:10F2F000FD00F5FD0104F9F8FCF907FE01EBFC0443
:10F30000FBFCF800F9F7FDFEFEFEFBF9FF0000072D
:10F3100006FEF100F3FB05F7F1FCF8F7F5F9040040
:10F32000000000FD000002FD0402FC040000F9FFE3
:10F3300000FF000101FE000000000000FE000000D0
:10F340000002070000FD00000000FEFEFD000000BE
:10F350000102000000000200FE000900040101FD9E
:10F360000004000000020000000000000000000097
:10F370000007000600000000000000000000000080
:10F380000000F300FE04000700001603FCFC02026C
:10F39000FE01F500000BF30000000000000000007B
:10F3A0000000F1091F000000000000000000000044
:10F3B00000F300000000000000000000000000005A
:10F3C000000000000000000000000000FC0000FC45
:10F3D000FE0000000000000000000000000000002F
:10F3E00000000000FE00FA0000010000021DFCFE0B
:10F3F0000706FA0200000202FD0000000000000003
:10F4000000000000E3060000000000000000000013
:10F4100000000000000000FA000000FA00000000F8
:10F42000FBFF000000FB00FD00F5000000000000F5
:10F430000000000000F100000000010000000000DA
:10F4400000FE0000FC00FD00FA000000FC02FD00D0
:10F4500000FAFEFB0000FA00FE00F500FE0000EEE0
:10F46000FCF7FEF80000F100FAFF000000000000C9
:10F470000000FDFCFEFC00000000FB00FB03FE049E
:10F4800000FEFBFEFCFC00FDFFFE02FAFF00000098
:10F49000ECFEFD00FB00FEF5FE0000FEFE0000009D
:10F4A000000200FEFCFE040000000000000000005E
:10F4B000000000000000000000000000000000004C
:10F4C000000000000000000000000000000000003C
:10F4D000000003000000000000FB00FE000000FC34
:10F4E00002000000FAFEFC0000FA00FE00F5000039
:10F4F0000000EA00FCF8F50000F100FEFD0000004D
:10F500000000000000FEFDFFFD01000004FD0007FB
:10F510000BFEFEF9030B0405FA03090306050600BA
:10F52000000000000000000000000E0BFCFE00FECA
:10F53000120A12000000020000080000FC00000097
:10F54000000000000000FE000000000000000003BA
:10F5500000000000EDFDFEF7F50000F100000000E6
:10F5600000000000000000000000000000FC00009F
:10F5700000000000000000FE00000000000000008D
:10F580000300000000EDFDFEF7F50000F7000000AD
:10F59000000000000000000000000000000000006B
:10F5A000FE000000FB0200FE020402F90000FE0261
:10F5B000000200000000FA00FEFEFC00FEF7000E54
:10F5C000FE00FBFE00FEFC00FEFAFCFD000000FC5D
:10F5D000000000000000000000FE0000000000002D
:10F5E00000000300000000EDFDFEF7F50000F10053
:10F5F00000000000000B0000000000000000000000
:10F60000FC00F9FDFE07FEFEF701FF01FEFA000512
:10F6100000020102FBF7FD00F7FCFAF7F700FCFC23
:10F62000FDFDFEFEFDFE00FEFF030003FE000700E1
:10F630000000000000000000000000FEFEFE0000D0
:10F64000FA00FF00FC0000000000000000000000C5
:10F65000F30000000000000000000000FEFE00FDBE
:10F6600000000000FE0000FCFE0200FCFCFE00FAB0
:10F67000FEFBFEFD00FC000000000000000000009A
:10F6800000F100070000FC00000000FD00FE00008B
:10F69000FF0000FE00FB000009FDF9F90202020074
:10F6A000FA020302070207FEFA0000F70000F9FA67
:10F6B0000000FC00FDFC00FD00FD00FE0300FEF963
:10F6C000FE080000FE00FC000003FB0002FE02003A
:10F6D00000F900FEFF00FE02FE000000F7FDFB0047
:10F6E000F90000F50008FE00FC000100FE00FEF934
:10F6F00000FE0200000000FE000002FD010000FD0F
:10F70000FE00FD00000000000000000000000000FE
:10F7100000000000F200050000FE000000000000F4
:10F72000FEFE0000000400050000000000F2F301EE
:10F730000A0704F7020900080004000000000000A6
:10F7400000000000000C00000000000000000000AD
:10F750000000000000000000A8EB03906CEA03909A
:10F760000AEB03903D31000058C20390D8E40390A7
:10F7700044EA039058F70390100002288C020024FA
:10F78000DD1402901D1402901000030000FF010020
:10F7900068F7039000000000000000009F68F68FEB
:10F7A00057F46F46F35F35F24F1000150AF77F40AC
:10F7B000DA09ED909DD908DC808DC808C0000000F2
:10F7C00000E5004F0000000F3006E0000002F100ED
:10F7D0008C0000FFFFFFFFFFF2055AE555DA5500E8
:10F7E000009B000E6000000B9000F4000011D81187
:10F7F0003F31008FFFFFFFFFF90245F6448E4420A2
:10F80000002F1007C0000004F0009A0000005E0006
:10F810000B9000000000072000000000E400000042
:10F82000000E40000002ADFFD92003FFBFCDFC0059
:10F83000BF40E403300ED00E400000DF30E4000093
:10F8400005FFAF50000004BFFFD70000001EBEFB45
:10F85000000000E40BF400000E406F60B400E40B05
:10F86000F31EFDAFBEFA0017CFFFC60000000E402A
:10F8700000000000E4000001BFC300002F4000C9E9
:10F8800016E0000C90002F000C5007E00004D000A0
:10F89000A702F400003F000C60C9000000D704F18B
:10F8A0007E00000003DFE42F41AEB20000100C9098
:10F8B000C928E0000006E13F000D500002F404D02A
:10F8C00000A70000BA003E000C50006E1000D705E3
:10F8D000E1001F500002BFC3000004CFE900000098
:10F8E00003FB57F90000009F000AD0000008F10058
:10F8F000DB0000002FB3CE200000006FFC200000D2
:10F90000004EEFB00010005FA06FB01F500EC0009F
:10F910006FB7F202F800006FFB000FD00001DFB0FC
:10F92000008FE98AFE8FB0005CFFD91068000000EC
:10F9300000000000DAD9D9C8C800006F400DC0042B
:10F94000F6009F100DD000FB002F8003F7004F60E2
:10F9500004F6003F7002F8000FB000DD0008F1006F
:10F960003F6000DC0006F43F7000BE0005F5001F9C
:10F97000A000CE0009F1007F3006F4005F5005F5CD
:10F98000006F4007F3009F100CE001FA005F500B7E
:10F99000E003F700000E200360E2564DDFCE601D4D
:10F9A000FF304ECFBF6360E245000E200000013003
:10F9B0000000008F00000008F00001229F2220CFED
:10F9C000FFFFFF4455AF55510008F00000008F00C5
:10F9D000000008F0000001100EF10FF207E00B909C
:10F9E0000E4088887FFFFE05601FF20CD0000000EB
:10F9F00057000000EA000003F5000009F000000EC7
:10FA0000A000004F4000009E000000E9000004F448
:10FA1000000009E000000E9000004F400000AE0022
:10FA20000000F9000005F300000AE000000F90005C
:10FA3000005F3000000004BEEB4000006FFBBFF62B
:10FA40000002FD1001DF200AF300003FA00EE000DD
:10FA5000000EE00FB000000BF01FA000000AF10F35
:10FA6000B000000BF00EE000000EE009F300003FD4
:10FA70009002FD1001DF20006FFBBFF6000004BE06
:10FA8000EB4000DFFFC8AAFC000FC000FC000FC065
:10FA900000FC000FC000FC000FC000FC000FC00005
:10FAA000FC000FC0018DFEC5004FFDACFF703C3067
:10FAB000002FF00000000BF20000000CF10000002D
:10FAC0003FB0000002EE2000002EF3000002EF30F5
:10FAD00000002EF3000002EF3000002EFCAAAAA7BF
:10FAE0005FFFFFFFFB5FFFFFFFF03AAAAACFC00056
:10FAF0000001EE1000000CF30000009F6000000405
:10FB0000FE61000005DFFF500000003EF200000033
:10FB100007F600000006F66910001DF29FFCBCFF0E
:10FB20008004AEFEB5000000004FB000000001ED03
:10FB3000000000000CF2000000009F5000000005D3
:10FB4000F9000000002FC003C50000DE1004F7001C
:10FB50000BF40004F7004FFFFFFFFFFD3999999B5D
:10FB6000FC9800000005F70000000005F700000009
:10FB70000005F70002FFFFFFF004FCAAAAA005F5AC
:10FB800000000007F300000009F10000000AFFFF79
:10FB9000C70007AAABFFC00000000BF6000000037F
:10FBA000FA00000003FA3C20000BF66FFDBBEFB03B
:10FBB000039DFFC70000018DFEC60004EFCAAD9093
:10FBC00001EE400000008F400000000EE000000049
:10FBD00000FB2AEFD7001FDFD99DFB01FFA0000A21
:10FBE000F50FF200003F90BF200003F804FA000078
:10FBF000AF4009FD99DFA00005CFFC60007FFFFF4B
:10FC0000FFFF07FBAAAAAFE07F400005F806F4005B
:10FC100000CF100000003FA00000000AF300000029
:10FC200001FC000000008F500000000EE00000000A
:10FC300006F700000000DF100000004F90000000F9
:10FC40000BF2000000002AEFFC70003FFB89DFB0E0
:10FC50000AF50000BF30BF100008F404FC4226FD86
:10FC60000006FFFFFE1005FE856AFD10EE1000077E
:10FC7000F82FA000001FB2FB000002FB0DF40000F3
:10FC8000AF703FFB89DFC00029DFFC6000006CFF24
:10FC9000C60000AFD98CFA003FB00007F607F500A8
:10FCA000000FD06F600002FF11FF5104DFF204EF7C
:10FCB000FFFB9F300057730AF100000000DF0000D7
:10FCC00000004FA00000003EF2008EBACFF5000504
:10FCD000BEFD9200000CD01FF20560000000000085
:10FCE00000000005601FF20CD00CD01FF205600070
:10FCF0000000000000000001100EF10FF207E00B01
:10FD0000900E40000000052000018EF4004BFF9390
:10FD100006DFC60000CF80000005CFE710000039E5
:10FD2000FFB40000016DF40000000420CFFFFFFFCE
:10FD30004677777772000000000000000000122272
:10FD400022220CFFFFFFF4455555551062000000BC
:10FD50000CFB40000006CFE710000039FFA10000B7
:10FD600002DF40004BFF9118EFC6000CFA30000094
:10FD70005100000000029DFEC5004FFB9BFF804C20
:10FD800020002FF00000000CF00000001FC0000059
:10FD900001CF3000001DF40000009F50000000ACB7
:10FDA0000000000000000000003300000001FF1010
:10FDB000000000CD00000000029DFFEC710000007B
:10FDC000009FC75458DF6000000CE400000006F9F3
:10FDD0000000AE103BEFB2BD3F6004F404FE97CFCD
:10FDE000ED06E00AC00EE10008FD00E50E604F6080
:10FDF0000000FD00A91F406F300000CD008B2F30A8
:10FE00006F300000CD008B1F403F600000FD009967
:10FE10000E600EE10008FE00E50AC004FE87BFAFD9
:10FE20009BE004F4003BFFB31BFC30009E1000007D
:10FE300000000000000CE400000000000000009F33
:10FE4000C7546AE000000000039DFFDB5000000083
:10FE500000008FB000000000000EFF200000000036
:10FE600006F6F90000000000DD0BF0000000004F76
:10FE7000604F700000000BE000DD00000002F800A1
:10FE800006F50000009F10000EC000001FFFFFFFDE
:10FE9000FF300007F8888888FA0000ED0000000BAA
:10FEA000F1005F600000004F800CF100000000EEE8
:10FEB000001FFFFFFEB4001FD8888AFF701FB0002C
:10FEC000002FF01FB000000CF01FB000002FC01F6B
:10FED000D8888AFE301FFFFFFFFD401FB000014D94
:10FEE000F31FB0000004F91FB0000002FB1FB000B8
:10FEF0000008F81FD88889CFE11FFFFFFFD9100045
:10FF0000004AEFEB500001BFFCACFFB000BFB200F5
:10FF1000019C006FB0000000000DF1000000000027
:10FF2000FC00000000001FA00000000000FC00001A
:10FF30000000000DF100000000006FB000000000A4
:10FF400000BFB20001AC1001BFFCBCFFB000004B11
:10FF5000EFEB50001FFFFFFDA40001FEAAAACFFA9D
:10FF6000001FB000002BFA01FB0000000CF41FB0D2
:10FF70000000003FB1FB00000000EE1FB0000000D9
:10FF80000DF1FB00000000EE1FB00000003FB1FBD0
:10FF90000000000CF41FB000002BFA01FEAAAACF4B
:10FFA000FA001FFFFFFDA400001FFFFFFFFC01FE82
:10FFB000AAAAAA701FB000000001FB000000001FE9
:10FFC000B000000001FD999999001FFFFFFFF001AB
:10FFD000FB000000001FB000000001FB000000005B
:10FFE0001FB000000001FEAAAAAAA01FFFFFFFFF8A
:10FFF000001FFFFFFFFC1FEAAAAAA71FB000000016
:02000004900466
:100000001FB00000001FB00000001FB00000001F64
:10001000FFFFFFF01FE99999901FB00000001FB08B
:100020000000001FB00000001FB00000001FB00063
:10003000000000004ADFEB600001BFFCBBFFC10015
:10004000BFB200007D106FB0000000000DF1000095
:10005000000000FC00000000001FA000000039307C
:10006000FC00000006F50CF10000006F506FB000BE
:100070000006F500BFB200009F5000AFFDBCFFD2EC
:1000800000004AEFEB60001FB0000001FB1FB00052
:100090000001FB1FB0000001FB1FB0000001FB1FAF
:1000A000B0000001FB1FEAAAAAAAFB1FFFFFFFFF87
:1000B000FB1FB0000001FB1FB0000001FB1FB000E0
:1000C0000001FB1FB0000001FB1FB0000001FB1F7F
:1000D000B0000001FB1FB1FB1FB1FB1FB1FB1FB143
:1000E000FB1FB1FB1FB1FB1FB000EFFFFF7008AAA1
:1000F000ABF70000005F70000005F70000005F70C4
:10010000000005F70000005F70000005F700000028
:100110005F70000006F60A7000CF30CFDADFC00053
:100120008DFE90001FB000001DE21FB00001DF3007
:100130001FB0000CF4001FB000BF50001FB00BF741
:1001400000001FB0AF8000001FB9FFB000001FFF0C
:10015000BBF800001FFB01DF50001FD0002FF20092
:100160001FB00004FD101FB000007FB01FB00000E2
:1001700009F81FB00000001FB00000001FB0000011
:10018000001FB00000001FB00000001FB000000002
:100190001FB00000001FB00000001FB00000001FD3
:1001A000B00000001FB00000001FEAAAAAA51FFFB0
:1001B000FFFFF81FA0000000007F41FF300000009B
:1001C0001FF41FFC00000009FF41FFF5000002FEC4
:1001D000F41FADE00000BE8F41FA4F80004F67F47E
:1001E0001FA0AF200DD07F41FA02FA07F407F41FD9
:1001F000A008F5EA007F41FA000EFF2006F41FA0D8
:10020000005F80006F41FA0000600006F41FA0004C
:100210000000006F401FB0000001FB1FF80000014C
:10022000FB1FFF500001FB1FDFF20001FB1FB6FDAB
:100230000001FB1FB09FA001FB1FB00CF601FB1FCC
:10024000B001EF31FB1FB0004FE2FB1FB00007FD14
:10025000FB1FB00000BFFB1FB000001DFB1FB00064
:100260000002FB00004ADFEB50000000AFFCBCFFC7
:10027000C10000BFB20001AFD0006FB00000009F0E
:10028000800CF100000000FE00FC000000000AF2FB
:100290001FA0000000009F30FC000000000AF20CCC
:1002A000F100000000FE006FB00000009F8000BF62
:1002B000B20001AFD00000AFFCBCFFC10000004A9B
:1002C000EFEB5000001FFFFFFC70001FEAAABEFD0D
:1002D000101FB000009F901FB000000EF01FB00074
:1002E000000CF01FB000000EF01FB000009F901F28
:1002F000EAAABEFD101FFFFFFC70001FB000000047
:10030000001FB0000000001FB0000000001FB00080
:1003100000000000004ADFEB50000000AFFCBCFF13
:10032000C10000BFB20001AFD0006FB00000009F5D
:10033000800CF100000000FE00FC000000000AF14B
:100340001FA0000000009F30FC000000000AF20D1A
:10035000F100000000FE007FA00000008F8000CFB1
:10036000A100009FD00001CFFBABFFD10000006CCB
:10037000EFFD6000000000005FE634A70000000011
:100380003CFFFE40000000000243001FFFFFFC7026
:10039000001FEAAABEFD101FB000009F901FB00012
:1003A000000EF01FB000000CF01FB000000EE01FA8
:1003B000B000009F901FD999AEFD101FFFFFFFA056
:1003C000001FB0001FD0001FB00006F9001FB000D2
:1003D00000BF401FB000001EE00029DFFD81003F8C
:1003E000FC9ADFC00BF400002300ED000000000CBD
:1003F000F3000000005FFA610000003BFFFD7000A9
:10040000000048EFB000000000BF4000000006F60A
:100410000B500000CF31DFEB9AEF90006BEFEB5009
:1004200000EFFFFFFFFF89AAADFBAAA500009F20F8
:1004300000000009F2000000009F2000000009F207
:10044000000000009F2000000009F2000000009F53
:100450002000000009F2000000009F2000000009B9
:10046000F2000000009F2000003F90000005F73FD1
:1004700090000005F73F90000005F73F9000000551
:10048000F73F90000005F73F90000005F73F900010
:100490000005F73F90000005F62FB0000007F50EAD
:1004A000F000000BF208FA00007FB000CFFBBEFEA8
:1004B000200007CFFD81000CF200000002F906F8D1
:1004C00000000009F300EF0000001FC0008F600073
:1004D000007F50001FD00000EE00000AF40005F776
:1004E000000003FB000CF1000000DF202FA0000043
:1004F000006F809F300000000EE1FC00000000084B
:10050000FCF50000000001FFE00000000000AF80EB
:1005100000004F9000000CF3000002F80EE0000015
:100520002FF8000008F309F300007FFD00000DD054
:1005300004F80000CD8F20002F8000FE0002F83F5D
:1005400080007F3000AF3007F30ED000DE00005F88
:10055000800CD008F202F900000FD02F8003F707BB
:10056000F400000AF27F3000ED0CE0000005F7DD3A
:1005700000009F4F90000000FEF800003FDF4000A9
:100580000000BFF300000EFF000000006FE000005D
:1005900009FA00002FD000000BF306FA00007F706C
:1005A00000BF5002FC00001EE10DF2000005FB8FB1
:1005B000500000009FFA000000003FF5000000001E
:1005C000DFFE10000009F65FA000004FB00AF60041
:1005D00001EE1001EF200BF500004FC06FA00000EE
:1005E00008F80CF20000005F603FB000000ED00081
:1005F0009F500008F30001EE0002FA000006F80028
:10060000BF1000000CF14F700000003FBDD0000093
:100610000000AFF40000000002FC00000000001F1A
:10062000B00000000001FB00000000001FB000004F
:10063000000001FB0000001FFFFFFFFFF10AAAAA54
:10064000AACFD000000001EF200000000CF5000050
:1006500000009F8000000005FB000000002FE1006B
:10066000000000DF300000000AF6000000007FA05C
:1006700000000004FD000000001EFBAAAAAAA23F81
:10068000FFFFFFFFF41FFFA1FC741FA001FA001F72
:10069000A001FA001FA001FA001FA001FA001FA08C
:1006A00001FA001FA001FA001FA001FA001FC741B4
:1006B000FFFA470000005F3000000F8000000AE0F2
:1006C000000005F3000000F9000000AE0000005F2C
:1006D0004000000F9000000AE0000004F400000059
:1006E000E90000009E0000004F4000000EA0000046
:1006F00009F0000004F5000000EAAFFF147CF100EF
:10070000AF100AF100AF100AF100AF100AF100AF0C
:10071000100AF100AF100AF100AF100AF100AF109B
:100720000AF147CF1AFFF1000AF2000001FE900023
:10073000007D5E00000D70F50004F109C000AB0003
:100740003F201F5000D807E00006E0FFFFFFFFF248
:1007500022222222484000AF40007F40017CFFD689
:100760000009FC99EF800130000DF000000009F253
:10077000019EFFFFF30AF8433AF30FB00008F30FAE
:10078000B0000EF309F946DFF3008DFE87F35F50EA
:1007900000000005F5000000005F5000000005F5B6
:1007A000000000005F56DFEA2005FDFC9BFF305F84
:1007B000F50004FE05FA000008F45F6000004F75C4
:1007C000F6000004F75FA000008F45FF50004FE0E7
:1007D0005FCFC9BFF305F46DFEA2000007DFEB3069
:1007E00000CFD9AFF409F70002C30FD00000003FDB
:1007F000800000003F800000000FC000000009F7EB
:100800000002C300CFD9AFF30007DFEB30000000D8
:10081000001FA000000001FA000000001FA000005F
:100820000001FA0008DFE82FA01DFD9BFDFA0AF881
:100830000002EFA0FD000006FA3F8000002FA3F8A1
:10084000000002FA0FC000005FA0AF60001EFA01B6
:10085000DFB79EDFA0008DFE91FA0008DFE91000EF
:100860001DFB8AFE200AF30003FB00FA000009F1D9
:100870003FFFFFFFFF33FA333333300FD000000068
:10088000009F9000091000DFDAAEF600007DFFC582
:1008900000001AEE900AF98800FB00001F9000BFCC
:1008A000FFFF558FC77201FA00001FA00001FA0078
:1008B000001FA00001FA00001FA00001FA00001FA5
:1008C000A0000008DFE91EC01DFD9BFEEC0AF80039
:1008D00001DFC0FD000004FC3F9000000FC3F800E2
:1008E0000000FC0FD000004FC0AF80001DFC01DFF6
:1008F000D9AFDFC0008DFE91FB000000002F9027D4
:1009000000000BF407FFB9AEFA0004AEFFC6005FAB
:10091000500000005F500000005F500000005F507A
:100920000000005F56DFEA105FEFCADFD05FF4001F
:100930000AF65F900002F95F600000FA5F50000065
:10094000FB5F500000FB5F500000FB5F500000FBAE
:100950005F500000FB6F69F90400005F55F55F55BB
:10096000F55F55F55F55F55F55F50004F70007FA9B
:100970000000400000000004F70004F70004F70046
:1009800004F70004F70004F70004F70004F700047C
:10099000F70004F70004F70006F54B9FE15EFC301A
:1009A0005F5000000005F5000000005F50000000EF
:1009B00005F5000000005F50001DF305F5002DF364
:1009C000005F502EF40005F52EF400005F9EFE003F
:1009D0000005FFFAFA00005FE30CF60005F6001EC2
:1009E000F3005F50004FD005F500007FA05F55F584
:1009F0005F55F55F55F55F55F55F55F55F55F55F4B
:100A000055F55F58DFE8008DFE8005FEFA9DFBDF9F
:100A1000A9DFB05FF2000DFF3000CF35F900007F95
:100A2000A00006F65F600005F700004F75F50000B6
:100A30005F600004F75F500005F600004F75F50099
:100A4000005F600004F75F500005F600004F75F589
:100A500000005F600004F75F57DFEA105FEFA8CF88
:100A6000D05FF30009F65F900002F95F600000FAC2
:100A70005F500000FB5F500000FB5F500000FB5F19
:100A8000500000FB5F500000FB0007DFEA30000D64
:100A9000FD9AFF5009F70002EF10FD000006F73F36
:100AA0008000002F93F8000002F90FD000006F6063
:100AB0009F80002EF100CFD9AFF400007DFEA3008F
:100AC0005F46DFEA2005FDFA8AFF305FF40003FE8F
:100AD00005FA000008F45F6000004F75F60000049E
:100AE000F75FA000009F45FF50004FE05FDFC9BFE8
:100AF000F305F56DFEA2005F5000000005F5000053
:100B000000005F5000000005F5000000000008DF55
:100B1000E81FA01DFD9BFCFA0AF70002EFA0FD00F4
:100B20000006FA3F8000002FA3F8000002FA0FD061
:100B300000006FA0AF80002EFA01DFD9AFDFA00068
:100B40008DFE82FA000000001FA000000001FA00E4
:100B50000000001FA000000001FA5F46DB5FCFD954
:100B60005FF5005FA0005F70005F50005F50005FA6
:100B700050005F50005F5000018DFEC700CFB8AD40
:100B8000D03F90000102FB0000000BFFB8400005C1
:100B90009CFFC00000009F60500005F75FEA9AFECE
:100BA000106CEFD92001FA00001FA000BFFFFF5515
:100BB0008FC77201FA00001FA00001FA00001FA0F9
:100BC0000001FA00000FC00000BFA99001BEE97F3C
:100BD000400003F87F400003F87F400003F87F40A7
:100BE0000003F87F400003F87F400004F86F6000C6
:100BF00006F82FC0001EF80AFD89EEF8008DFE925F
:100C0000F80DE000000DD006F600003F7000FC007B
:100C100000AF10009F3001F900002F9007F3000093
:100C20000BF00EC0000005F65F50000000EDBE00A6
:100C30000000007FF8000000001FF10000BE00006F
:100C40000CF10000AE05F40002FF60000F800F9071
:100C5000008FEB0005F200AE000DB8F100BD0004FE
:100C6000F403F52F701F70000EA09E00CC06F1005B
:100C7000009F1E9006F2CC000003FAF3001FAF6045
:100C800000000DFD0000BFF10000008F700005FBAB
:100C900000003FB0000CF207F7007F6000BF33FA9E
:100CA00000001EDED0000004FF30000006FF5000F0
:100CB000003FBCF20000DE12FC000AF4005F906FFF
:100CC00080000AF50DE000000CD006F600003F7031
:100CD00000FC00009F10009F3001FA00002F9006DA
:100CE000F300000CF00DC0000005F63F60000000AE
:100CF000EDAE000000008FF8000000001FF20000C1
:100D000000000FB0000001007F4000001FAAFB00A0
:100D1000000019EEA10000002FFFFFFF9177777E02
:100D2000F4000006F8000003FC000001EE100000D3
:100D3000BF4000008F7000004FB000001EF87777B2
:100D400054FFFFFFFB007EF03FD707F4008F300811
:100D5000F3008F3008F3009F208EE00FFA000BF2B3
:100D6000008F3008F3008F3008F3007F4004FD70DF
:100D700008EF1F71F71F71F71F71F71F71F71F71D0
:100D8000F71F71F71F71F71F71F71F71F7AFA10000
:100D90004BF90000ED0000DE0000DE0000DE000088
:100DA000DE0000DE0000AF92005FF400CF1000DE36
:100DB0000000DE0000DE0000DE0000ED004AF90069
:100DC000AFB1000000000101DFC100C5AC5CE34F22
:100DD0002D4009FF90300002100001AFD500B8038C
:100DE000E41E0006A2E0006A0C701D502CFF70008B
:100DF00000000005309FF3CFF64EC1000000000058
:100E0000000027BA00000000000048DFFFF20000E9
:100E100000016AFFFFFFFF2000007CFFFFFFFFFFD4
:100E2000F200004FFFFFFFFFFFFF200005FFFFFF65
:100E3000FFB73FF200005FFFFE950001FF200005B5
:100E4000FF730000001FF200005FE000000001FFE0
:100E5000200005FE000000001FF200005FE000001F
:100E60000001FF200005FE000000698FF200005F16
:100E7000E00002EFFFFF200358FE00008FFFFFF2AB
:100E80002DFFFFE00004FFFFFD0BFFFFFE0000044D
:100E9000BDC810AFFFFFB0000000000000AFFFB101
:100EA0000000000000000001000000000000000041
:100EB000510688888888883015F76EFFFFFFFFFF8E
:100EC000B68FFDCFF33333336FECDFF20CE000006D
:100ED000003F702FF20CE00000003F802FFFFFE08A
:100EE0000000003FFFFFF42DF9999999BF924FF24E
:100EF0000CFFFFFFFFFF702FFBAFF11111115FDA45
:100F0000BFF98EE00000003FC89FF20CE000000037
:100F10003F702FF64DE00000003FA46FFEEFFBBBDB
:100F2000BBBBCFFEEFC20CFFFFFFFFFF802C58883A
:100F300070288888888885FFFFF39FFFFFFFFFFFE9
:100F4000FFFFF3AFFFFFFFFFFFFFFFF3AFFFFFFF69
:100F5000FFFFBFFFD16FFFFFFFFFFB00000000009E
:100F600000000000CFFFE17FFFFFFFFFFCFFFFF36A
:100F7000AFFFFFFFFFFFFFFFF3AFFFFFFFFFFFFF2D
:100F8000FFF39FFFFFFFFFFF58886027888888884E
:100F900085477750177777777774FFFFF39FFFFFC9
:100FA000FFFFFFFFFFF3AFFFFFFFFFFFFFFFF3AF09
:100FB000FFFFFFFFFFDFFFF17FFFFFFFFFFD0000EF
:100FC00000000000000000000000000000000520FC
:100FD000000000000000008FF30000000000000887
:100FE000FFFE0000000000008FFFF800000000007E
:100FF00008FFFF9009D20000008FFFF9009FFE203C
:101000000008FFFF9000DFFFE2008FFFF900002ED5
:10101000FFFE28FFFF90000002EFFFFFFFF9000036
:1010200000002EFFFFFF900000000002EFFFF9001C
:1010300000000000002EFF9000000000000002D819
:1010400000000000002DB0000006E60DFFC0000605
:10105000FFF3CFFFC006FFFF31DFFFC7FFFF5001E7
:10106000DFFFFFFF500001DFFFFF50000007FFFF21
:10107000D0000006FFFFFFC00006FFFFDFFFC00635
:10108000FFFF51DFFFC0FFFF5001DFFF58FF50009F
:1010900001DFD00530000001610000000000CD50EC
:1010A000000000000000003FFA000000000007E31D
:1010B00003FFA00BC1000008FFB03FFA04FFD100FE
:1010C00004FFF603FFA01EFFA000DFF7003FFA00B9
:1010D0002EFF403FFC0003FFA0006FFA08FF6000F6
:1010E0003FFA0000EFF0AFF20003FFA0000BFF1B80
:1010F000FF10001FF80000BFF19FF3000024000064
:101100000DFF06FF900000000002FFD01FFF20002F
:10111000000000BFF8009FFD200000009FFE1000AF
:10112000CFFE710004CFFF500001DFFFFEDFFFFFA5
:10113000600000009FFFFFFFFD400000000028CE80
:10114000FDA5000000000000046640000000000053
:10115000003FFFF30000000000004FFFF40000001C
:10116000007817FFFFFF71870004FFFFFFFFFFFFFD
:10117000FF400DFFFFFFFFFFFFFFD03FFFFFFE8897
:10118000EFFFFFF308FFFFD0000DFFFF8000AFFF70
:10119000500005FFFA0000BFFF300003FFFB000115
:1011A000CFFF800008FFFC103EFFFFF6006FFFFF3F
:1011B000E31FFFFFFFFFFFFFFFF109FFFFFFFFFF3F
:1011C000FFFF9000DF8EFFFFFFE8FD000011019F91
:1011D000FFF91011000000004FFFF40000000000B4
:1011E000002CEED200000000000000000000000013
:1011F000000000000892006BB100000000002DFF0D
:10120000E40AFF20000000004EFFFFF6AFF20000EE
:1012100000006FFE31CFFFFF200000009FFD257012
:10122000AFFFF2000001BFFA08FFB07FFF400002ED
:10123000DFF80AFFFFD25FFF5004FFF51DFFFFFF3D
:10124000E42EFF70DFE33EFFFFFFFFF61CFF13B14C
:101250005FFFFFFFFFFFF80960000AFFFFFFFFFFCE
:10126000FFE0000000AFFFFD88BFFFFE0000000AA6
:10127000FFFF7003FFFFE0000000AFFFF7003FFF3C
:10128000FE0000000AFFFF7003FFFFE00000008F78
:10129000FFF5002FFFFC0000000000000000000030
:1012A00000000000000009AA900000000000003FBC
:1012B000FFF30000000000004FFFF40000000000FA
:1012C000004FFFF40000000000004FFFF40000009A
:1012D0000000004FFFF40000000000004FFFF4008A
:1012E0000000000CEEEFFFFEEEC0000008FFFFFF65
:1012F000FFFF900000008FFFFFFFF80000000008D4
:10130000FFFFFF8000000000008FFFF800000024B6
:10131000444407FF70444442FFFFFFC1661DFFFFC6
:10132000FFFFFFFFFE66EFFFFFFFFFFFFFFFFFFF77
:10133000FFFFFFFFFFFFFFFFFF66C4FFDFFFFFFFB1
:10134000FFFFFFFFFD0000000000000000000000A4
:10135000044444444441000000001EFFFFFFFFFF1F
:10136000F40000000BFFFFFFFFFFFFE1000006FF9E
:101370005000000001FFA00001FF900000000005E8
:10138000FF5000BFD000000000000AFE106FF30005
:1013900000000000001EFA0EFFCCCC200000BCCCE8
:1013A000EFF2FFFFFFFA00006FFFFFFF4FFFFFFFAD
:1013B000F8888EFFFFFFF4FFFFFFFFFFFFFFFFFF37
:1013C000FF4FFFFFFFFFFFFFFFFFFFF4FFFFFFFFE8
:1013D000FFFFFFFFFFFF37FFFFFFFFFFFFFFFFFFE5
:1013E000A00000001566400005CB00003BFFFFFF9A
:1013F0009207FF0007FFFFFFFFFF66FF008FFFA4BC
:10140000125BFFFDFF04FFE40000004EFFFF0DFF35
:101410003000004546FFFF4FF7000000DFFFFFFFF1
:101420008FF1000000DFFFFFFF021000000012221A
:10143000222100000000000000000067777775009F
:1014400000000673FFFFFFFE0000003FF6FFFFEE07
:10145000FD000000CFF1FFFF7000000009FFA0FFBA
:10146000FFFB200002BFFE10FF8DFFFCA9CFFFE2B3
:1014700000FF619FFFFFFFFB1000FF70017CEED9B2
:1014800030000056200000000000000000000002B4
:1014900040000002EF000002EFF00003EFFFDFFF6B
:1014A000FFFFFFFFFFFFFFFFFFFFFFFFFFFFFFFF4C
:1014B000FFFFFFFFFFFFFFFFFF7BBBDFFFF0000031
:1014C000BFFF000000BFF0000000BE0000000000F1
:1014D000000000024000000000002EF000000000AC
:1014E00002EFF0000000003EFFF00000DFFFFFFF12
:1014F000F00710FFFFFFFFF03FD0FFFFFFFFF008F6
:10150000F5FFFFFFFFF004F7FFFFFFFFF00DF3FF14
:10151000FFFFFFF03F708BBBDFFFF0000000000B10
:10152000FFF00000000000BFF000000000000BE032
:1015300000000000000000000000000000000000AB
:101540000100000000000000000007F6000000009D
:1015500000024000002DF80000000002EF000040F3
:101560001CF400000002EFF0005FB01EE100000379
:10157000EFFF0000AFA06F70DFFFFFFFF00710BFAD
:1015800030FD0FFFFFFFFF03FD03F90AF0FFFFFF30
:10159000FFF007F50EC08F2FFFFFFFFF004F70DD3C
:1015A00007F3FFFFFFFFF01DF30FB09F2FFFFFFFBB
:1015B000FF03F707F60CF07BBBDFFFF00003FE1222
:1015C000FA000000BFFF0003FF40AF30000000BF83
:1015D000F0003C306FA000000000BE0000006FE192
:1015E00000000000000000006FD2000000000000BA
:1015F0000000039000003ABBBBBBBBBBBBBBA3EF6F
:10160000FFFFFFFFFFFFFFFEFFD56EFFFFFFFFFFA6
:10161000FFFF2004FFFFFFFFFFFFFF0002FFFFFFB0
:10162000BFFFFFFF5007FFFFF508FFFFFFFBBFFFF6
:10163000FF50008FFFFFFFCBFFF5000009FFFFFC0D
:1016400000AF50000004FFFFC0000300000004FFD3
:10165000FF40000000000004FFFF74444444444481
:1016600047FFFFFFFFFFFFFFFFFFFF6FFFFFFFFFD2
:10167000FFFFFFF6000006900000000001FF4000A1
:101680000000006FFA000000000DFFF200000005EE
:10169000FFFF90000000EFFFFF3000009FFFFFFD05
:1016A00000005FFFFFFFF9000EFFFFFFFFF307FFE2
:1016B000FFFFFFFFA0CFFFFFFFFFFF0FFBFFFFFFBD
:1016C000FFF2FF4AFFFFFFFF2CF84FFFFFFFF07F05
:1016D000F25CFFFFFB00EFE508FFFF3002EFFFFFCA
:1016E000FF500001AFFFFB3000000003310000009D
:1016F0006B90000003A29FE000004FF99FE00005FF
:10170000FFFA9FE0006FFFFA9FE007FFFFFA9FE0FC
:101710008FFFFFFA9FE9FFFFFFFA9FFFFFFFFFFA2E
:101720009FFFFFFFFFFA9FFEFFFFFFFA9FE1DFFF32
:10173000FFFA9FE01CFFFFFA9FE000BFFFFA9FE067
:10174000000AFFFA9FE000009FFA9FE0000008F601
:101750000000000000003A70000000000000EFFEF2
:10176000500000000000FFFFFB2000000000FFFF12
:10177000FFF800000000FFFFFFFFE6000000FFFF92
:10178000FFFFFFC30000FFFFFFFFFFFF9100FFFF10
:10179000FFFFFFFFFE60FFFFFFFFFFFFFFF7FFFF01
:1017A000FFFFFFFFFFFAFFFFFFFFFFFFFFE2FFFF6B
:1017B000FFFFFFFFF800FFFFFFFFFFFB2000FFFF21
:1017C000FFFFFD400000FFFFFFFF70000000FFFF74
:1017D000FFA100000000FFFFD30000000000AFE603
:1017E00000000000000002000000000000003ABB02
:1017F000B91003ABBB91EFFFFFA00EFFFFFAFFFF95
:10180000FFC00FFFFFFCFFFFFFC00FFFFFFCFFFF4C
:10181000FFC00FFFFFFCFFFFFFC00FFFFFFCFFFF3C
:10182000FFC00FFFFFFCFFFFFFC00FFFFFFCFFFF2C
:10183000FFC00FFFFFFCFFFFFFC00FFFFFFCFFFF1C
:10184000FFC00FFFFFFCFFFFFFC00FFFFFFCFFFF0C
:10185000FFC00FFFFFFCFFFFFFC00FFFFFFCFFFFFC
:10186000FFB00FFFFFFB7FFFFE4007FFFFE400001C
:101870000000000000003ABBBBBBBBBBBB91EFFF4D
:10188000FFFFFFFFFFFAFFFFFFFFFFFFFFFCFFFF70
:10189000FFFFFFFFFFFCFFFFFFFFFFFFFFFCFFFF5E
:1018A000FFFFFFFFFFFCFFFFFFFFFFFFFFFCFFFF4E
:1018B000FFFFFFFFFFFCFFFFFFFFFFFFFFFCFFFF3E
:1018C000FFFFFFFFFFFCFFFFFFFFFFFFFFFCFFFF2E
:1018D000FFFFFFFFFFFCFFFFFFFFFFFFFFFCFFFF1E
:1018E000FFFFFFFFFFFCFFFFFFFFFFFFFFFB7FFF8F
:1018F000FFFFFFFFFFE400000000000000004A209F
:1019000000000AB4BFE300000FF8CFFF40000FF85B
:10191000CFFFF5000FF8CFFFFF600FF8CFFFFFF705
:101920000FF8CFFFFFFF9FF8CFFFFFFFFFF8CFFFBC
:10193000FFFFFFF8CFFFFFFFDFF8CFFFFFFC1FF82F
:10194000CFFFFFB00FF8CFFFFA000FF8CFFF8000F6
:101950000FF8BFF700000FF87F6000000FF70000DE
:101960000000000000000002CA100000000000009B
:101970002EFFC0000000000001EFFFFB0000000090
:10198000001DFFFFFFA000000000CFFFFFFFF900D8
:1019900000000BFFFFFFFFFF700000AFFFFFFFFF26
:1019A000FFF60008FFFFFFFFFFFFFF400FFFFFFFF5
:1019B000FFFFFFFFB00AFFFFFFFFFFFFFF600034E4
:1019C000444444444442000377777777777777102D
:1019D0000FFFFFFFFFFFFFFFB00FFFFFFFFFFFFF46
:1019E000FFC00FFFFFFFFFFFFFFFB00CFFFFFFFF78
:1019F000FFFFFF700000000000000000000000007A
:101A00000041000000009FD00000009FFF20000068
:101A10009FFF5000009FFF5000009FFF5000009F5D
:101A2000FF5000009FFF5000000EFFD10000003E5D
:101A3000FFC10000003EFFC10000003EFFC10000EA
:101A4000003EFFC10000003EFFC00000003EFF203E
:101A50000000003C600050000000009FC10000003A
:101A60000EFFC10000002EFFC10000002EFFC100CC
:101A700000002EFFC10000002EFFC10000002EFF5D
:101A8000C0000000AFFF2000009FFF5000009FFF3C
:101A90005000009FFF5000009FFF5000009FFF601C
:101AA00000000EFF600000003D500000000000003C
:101AB0003991000000000000CFF800000000000095
:101AC000DFF9000000000000DFF900000000000066
:101AD000DFF9000000000000DFF900000036777732
:101AE000EFFC777761EFFFFFFFFFFFFFFAFFFFFFDC
:101AF000FFFFFFFFFBAEFFFFFFFFFFFFE600000061
:101B0000DFF9000000000000DFF900000000000025
:101B1000DFF9000000000000DFF900000000000015
:101B2000DFF90000000000009FF500000000000049
:101B300001100000003666666666666661EFFFFFAC
:101B4000FFFFFFFFFAFFFFFFFFFFFFFFFBAFFFFFFE
:101B5000FFFFFFFFF6000000036887400000000061
:101B600000008EFFFFFFF92000000004EFFD632559
:101B7000BFFF70000007FFFA0000007FFFA0000613
:101B8000FFFD0008FC209FFFA002FFFF50008FFE1A
:101B900012FFFF60CFFFF2167FFFF50EFFFE1EFF64
:101BA000FF12FFFFFF70DFFFF26FFFF30EFFFFF387
:101BB0000FFFFB00BFFF904FFFF805FFFE1001DF96
:101BC000FF40288401EFFF300001BFFF600004EFF9
:101BD000FD300000006EFFFBBEFFF90000000000BA
:101BE00005ADFFEB710000004A100000000000008E
:101BF0000000000EFE300000000000000000005F4A
:101C0000FF600015787400000000002DFFA6DFFFC4
:101C1000FFFFA2000000000AFFFFE8325BFFF800B0
:101C200000000006FFF6001006FFFB0000000003A6
:101C3000EFF87FD309FFFB00001E7001BFFEFFF22B
:101C40001FFFF70009FFA0008FFFFF70DFFFF1000B
:101C5000CFFFD1005FFFF90CFFFF3005FFFF6000F1
:101C60002DFFB0EFFFB0000AFFFC00000AFFEFFFFE
:101C7000E100000CFFF6000006FFFFF30000000A81
:101C8000FFF8100003EFFA0000000005EFFFCB8023
:101C900001BFFB10000000005ADFFE70008FFE3015
:101CA0000000000000000000005FFF3000000000A6
:101CB00000000000002DE100000000000000000016
:101CC0000001000000000001CD4000000000000005
:101CD00000000AFFE000000000000000004FFFF8D5
:101CE0000000000000000000DFFFFF100000000007
:101CF000000006FFFFFFA00000000000000EFFFF35
:101D0000FFF30000000000008FFB338FFC00000099
:101D1000000002FFF9006FFF60000000000AFFFAF8
:101D2000006FFFE0000000004FFFFB007FFFF800A6
:101D3000000000DFFFFC008FFFFF10000006FFFF28
:101D4000FD009FFFFFA000000EFFFFFFCBFFFFFF86
:101D5000F300008FFFFFFC008FFFFFFC0002FFFF7E
:101D6000FFF9004FFFFFFF600AFFFFFFFE42CFFFBA
:101D7000FFFFE00FFFFFFFFFFFFFFFFFFFF309FF84
:101D8000FFFFFFFFFFFFFFFFD00023333333333369
:101D90003333330000000000000001400000000069
:101DA00000000007F90012221000000129FF90FF37
:101DB000FFE200006FFFFFF8FFFFFE2005FFFFFFBF
:101DC000FD9AADFFD05FFFBDFFE20000CF44FFF9F9
:101DD00008FE200000044FFF9004D200000003FF23
:101DE000FA0000100000003FFFA19106F60000027B
:101DF000EFFB0CFC08FF60EFFFFFB01DFFFFFFF6DD
:101E0000FFFFFC0002EFFFFFFEDDDDB000002DDE76
:101E1000FFF500000000000008FF50000000000077
:101E20000006F500000000000000000000000000B7
:101E300004200000000000005FE200000000000538
:101E4000FFFE20000000006FFFFFE300000006FF20
:101E5000FACFFE3000006FFF900CFFE30006FFF9A1
:101E60000000CFFE305FFF9000000CFFE2AFF900F2
:101E7000000000CFF61B80000000000B9003200044
:101E800000000003206FE2000000005FF2AFFE20C0
:101E9000000005FFF61CFFE300005FFF9001CFFE8E
:101EA0003005FFF900001CFFE35FFF90000001CF49
:101EB000FFFFF9000000001CFFFF90000000000180
:101EC000CFF90000000000001B9000000000002679
:101ED0000000000000000000000002EFA0004444E9
:101EE0004444420000003EFFFA04FFFFFFFFFD00F4
:101EF0000003EFFFFFA0AFFFFFFFFE00000EFDEFAE
:101F0000CFF800000005FE00000BE2DF67F50000DF
:101F10000005FE00000000DF600000000005FE007C
:101F2000000000DF600000000005FE00000000DF90
:101F3000600000000415FE03200000DF60000000C8
:101F40006FD6FE4FF10000DF944444413FFFFFFF96
:101F5000C00000DFFFFFFFFF24FFFFFC1000009F19
:101F6000FFFFFFFE304FFFC0000000000000000038
:101F70000004FC0000000000000000000000100051
:101F800000178888840000000000CFFFFFFF50008A
:101F9000000000FFFFFFFFF644444430FFFFFFFF57
:101FA000FFFFFFFFFAFFFFFFFFFFFFFFFFFFFFFF46
:101FB000FFFFFFFFFFFFFFFFFFFFFFFFFFFFFFFF31
:101FC000FFFFFFFFFFFFFFFFFFFFFFFFFFFFFFFF21
:101FD000FFFFFFFFFFFFFFFFFFFFFFFFFFFFFFFF11
:101FE000FFFFFFFFFFFFFFFFFFFFFFFFFFFFFFFF01
:101FF000FFFFFFFFFFFF7FFFFFFFFFFFFFFFF60079
:10200000000000470000000000000004FF900000F6
:10201000000000004FFFF9000000000004FFFFFF78
:1020200090000000004FFFFFFFF900000004FFFFD9
:10203000FFFFFF9000000CFFFFFFFFFFF10000001B
:10204000112FFFF71110000000001FFFF600000025
:102050000000001FFFF60000000000001FFFF60058
:1020600000000000001FFFF60000002444421FFF94
:10207000F6244442FFFFFC08BBA2CFFFFFFFFFFF97
:10208000A5555AFFFFFFFFFFFFFFFFFFFFFFFFFF09
:10209000FFFFFFFFFF66C4FFDFFFFFFFFFFFFFFF44
:1020A000FD00000000000000000000000000000033
:1020B00002B841000000000000009FFFFB0000008C
:1020C0000000001FFFFFF0000000000007FFFFFE00
:1020D000000000000000DFFFFFC000000000000C57
:1020E000FFFFF90000000000000AFFFF50000000A1
:1020F0000000000CFFF100000000000003FFFA00E8
:10210000000000000000DFFF20000000000000AF22
:10211000FF90000004A50000AFFFD000007DFFF499
:1021200002CFFFE20000DFFFFFE9FFFFF300000D39
:10213000FFFFFFFFFFE20000009FFFFFFFFFA10086
:10214000000006FFFFFFFC40000000002FFFFD83A2
:10215000000000000000232000000000000000003C
:10216000352000000000001CFFFA0000019CA1AF18
:10217000FEFF60002EFFF9EF60AFB003EFFFB0EF9E
:1021800092CF903EFFFA007FFFFFE6FFFFA000081E
:10219000FFFFFFFFFA00000001CFFFFFA0000000DB
:1021A000003FFFFF1000000036EFFFFFD100001CD2
:1021B000FFFFFFFFFD1000AFFEFFC2DFFFD100EF0A
:1021C00060AFA01CFFFD20EF92CFA000CFFFE27F09
:1021D000FFFF40000BFFF908FFE50000005850002A
:1021E0000100000000000000006FFFFFF168000028
:1021F00000AFFFFFF17F800000AFFFFFF17FF836F7
:1022000062AFFFFFF13666FFF6AFFFFFF62222FF57
:10221000F6AFFFFFFFFFFEFFF6AFFFFFFFFFFEFF82
:10222000F6AFFFFFFFFFFEFFF6AFFFFFFFFFFEFF72
:10223000F6AFFFFFFFFFFEFFF6AFFFFFFFFFFEFF62
:10224000F6AFFFFFFFFFFEFFF6AFFFFFFFFFFEFF52
:10225000F6AFFFFFFFFFFEFFF76FFFFFFFFFFAFF85
:10226000FE300000000000FFFFFFFFFFF10000EF65
:10227000FFFFFFFFF0000014444444442000000529
:1022800066666666640000CFFFFFFFFFFF9000FFF9
:10229000EDDDDDDDEFF900FF400000000FFF90FFF6
:1022A000400000000EFFF6FF400000000EFFF9FFA7
:1022B000400000000FFFF9FFFFFFFFFFFFFFF9FFE6
:1022C000FFFFFFFFFFFFF9FFFFFFC57FFFFFF9FFE4
:1022D000FFFE0005FFFFF9FFFFFA0001FFFFF9FF16
:1022E000FFFD0004FFFFF9FFFFFF934DFFFFF9FF24
:1022F000FFFFFFFFFFFFF88FFFFFFFFFFFFFE3017F
:10230000222222222221007999999999999995FF5F
:10231000FFFFFFFFFFFFFCDFFFFFFFFFFFFFFA00F4
:1023200000000000000000000000000000000000AD
:1023300000000000000000EFFFFFFFFFFFFFFAFFBB
:10234000FFFFFFFFFFFFFB6888888888888884007C
:102350000000000000000000000000000000006716
:1023600077777777777774FFFFFFFFFFFFFFFBEF4C
:10237000FFFFFFFFFFFFFA00000000000000000366
:102380004444444444444430AFFFFFFFFFFFFFFF99
:10239000FAFFFFFFFFFFFFFFFFFFCFFFFFFFFFFF82
:1023A000FFFFFC0AFFFFFFFFFFFFFFA0A16FFFFF82
:1023B000FFFFFFF63DFE42DFFFFFFFFD26FFFFF9B7
:1023C00019FFFFFF91BFFFFFFFD35FFFE54EFFFF48
:1023D000FFFFFF719917FFFFFFFFFFFFFD77DFFF93
:1023E000FFFFFFFFFFFFFFFFFFFFFFFFFFFFFFFFFD
:1023F000FFFFFFFF7FFFFFFFFFFFFFFFF600AFFFC5
:10240000FFA000000FFFFFFB000001FFFFFF6000C7
:10241000003FFFFFF1000005FFFFFB0000008FFF02
:10242000FFA555400AFFFFFFFFFF30CFFFFFFFFF73
:10243000C00EFFFFFFFFF300EFFFFFFFFA000122D6
:1024400023FFFF100000004FFF7000000008FFE0B6
:1024500000000000CFF5000000000FFC00000000AD
:1024600003FF30000000007F900000000007E10043
:1024700000000000000000000000008D900000003F
:10248000008BBCFAFDBB900000FFFFD0CFFFF10036
:1024900000FFFFF8FFFFF10000FFFFFFFFFFF1006B
:1024A00000FFFFF30000000000FFFF95FFFFF17940
:1024B00000FFFF88FFFFF17FB0FFFF88FFFFF17F84
:1024C000FAFFFF88FFFFF20221FFFF88FFFFFFDD19
:1024D000DCFFFF88FFFFFFFFFEFFFF88FFFFFFFF1E
:1024E000FEFFFF88FFFFFFFFFE7AAA58FFFFFFFFF6
:1024F000FE000008FFFFFFFFFE000008FFFFFFFFD8
:10250000FE000006FFFFFFFFFC00000000000000CF
:102510000000000008600000000000003FF0000024
:1025200000000006CFFA4000000001CFFFFFF900D5
:1025300000000CFFFFFFFF8000005FFFFFFFFFF1C7
:1025400000009FFFFFFFFFF50000BFFFFFFFFFF749
:102550000000CFFFFFFFFFF80000EFFFFFFFFFFAD3
:102560000002FFFFFFFFFFFE0008FFFFFFFFFFFF6E
:10257000403FFFFFFFFFFFFFD1EFFFFFFFFFFFFF28
:10258000FAAFFFFFFFFFFFFFF700000000000000B1
:1025900000000004FFFF000000000000BFF7000083
:1025A000000000000210000000044444444444447D
:1025B0004444410BFFFFFFFFFFFFFFFFFFE0FFFF72
:1025C000FFFFFFFFFFFFFFFF3FF404D02F00F303E7
:1025D000F00FF4FF405D02F00F404F00FF4FFFFF90
:1025E000FFFFFFFFFFFFFFF4FFFF22B729A24F42CB
:1025F000CFFF4FFFF00A607902F20BFFF4FFFFDD1F
:10260000FEDFFDEFEDFFFF4FF848E444444447F49C
:102610005FF4FF404D000000003E00FF4FF748E42C
:1026200044444447F44FF4FFFFFFFFFFFFFFFFFF69
:10263000FF37FFFFFFFFFFFFFFFFFFA000000000CD
:1026400000000000000000000000000000018B30CE
:1026500000000000000002AFFFD0000000000003F7
:10266000BFFFFFD00000000005CFFFFFFF7000009C
:102670000006DFFFFFFFFE00000017EFFFFFFFFF78
:10268000F8000029FFFFFFFFFFFFF10007FFFFFF3A
:10269000FFFFFFFF90000FFFFFFFFFFFFFFF200086
:1026A0000BFFFFFFFFFFFFFB0000005666667FFF8A
:1026B000FFF30000000000002FFFFFC0000000003B
:1026C00000002FFFFF500000000000002FFFFD0062
:1026D0000000000000002FFFF600000000000000D6
:1026E0002FFFE0000000000000001FFF700000004E
:1026F000000000000CFD00000000000000000030A1
:102700000000000058888887060000FFFFFFFE0FCA
:102710009000FFFFFFFE0FF900FFFFFFFE0FFF908D
:10272000FFFFFFFE0FFFF5FFFFFFFF322221FFFF3C
:10273000FFFFFFFFF8FFFFFFFFFFFFF8FFFFFFFFB7
:10274000FFFFF8FFFFFFFFFFFFF8FFFFFFFFFFFFA7
:10275000F8FFFFFFFFFFFFF8FFFFFFFFFFFFF8FF9E
:10276000FFFFFFFFFFF8FFFFFFFFFFFFF8FFFFFF87
:10277000FFFFFFF8FFFFFFFFFFFFF8EFFFFFFFFF87
:10278000FFF61444444444443000000000000000BC
:1027900000000000000000003689A974100000004D
:1027A000000029EFFFFFFFFFC600000001AFFFFFA1
:1027B000FFFFFFFFFE600006FFFFFC7543469EFF24
:1027C000FFB108FFFE710000000003CFFFE2CFFA67
:1027D000100000000000004EFF40B6000059DEFE71
:1027E000C720001B50000005DFFFFFFFFFA1000016
:1027F000000009FFFFFEDEFFFFE300000000DFFC3A
:102800004000028FFF5000000001B6000000001BD6
:102810006000000000000000350000000000000023
:102820000000007FFE1000000000000000000EFF0E
:10283000F6000000000000000000DFFF5000000074
:10284000000000000004FFB00000000000000000D5
:102850000000100000000000044444444444444488
:102860004444100AFFFFFFFFFFFFFFFFFFFE10FFC2
:10287000FFFFFFFFFFFFFFFFFFF50FF40000000069
:1028800000000000FFF3FF4AFFFFFFFFFFFFFF0F05
:10289000FF5FF4AFFFFFFFFFFFFFF03FF5FF4AFFD1
:1028A000FFFFFFFFFFFF00EF5FF4AFFFFFFFFFFF42
:1028B000FFF08FF5FF45888888888888880FFF5F3C
:1028C000F74444444444444445FFC1FFFFFFFFFF35
:1028D000FFFFFFFFFFF506EFFFFFFFFFFFFFFFFF1B
:1028E000FB0004444444444444444444100AFFFF6D
:1028F000FFFFFFFFFFFFFFFE10FFFFFFFFFFFFFFD8
:10290000FFFFFFF50FF40000000000000000FFF3E0
:10291000FF4DFFFFFFFFFF60000FFF5FF4DFFFFFD2
:10292000FFFFF600003FF5FF4DFFFFFFFFFF6000D8
:1029300000EF5FF4DFFFFFFFFFF600008FF5FF46BB
:10294000888888888830000FFF5FF74444444444F7
:10295000444445FFC1FFFFFFFFFFFFFFFFFFFFF5FF
:1029600006EFFFFFFFFFFFFFFFFFFB0004444444AF
:10297000444444444444100AFFFFFFFFFFFFFFFFAD
:10298000FFFE10FFFFFFFFFFFFFFFFFFFFF50FF44C
:102990000000000000000000FFF3FF4CFFFFFFF10C
:1029A0000000000FFF5FF4CFFFFFFF100000003FAB
:1029B000F5FF4CFFFFFFF100000000EF5FF4CFFFD9
:1029C000FFFF100000008FF5FF4688888880000018
:1029D000000FFF5FF74444444444444445FFC1FFB3
:1029E000FFFFFFFFFFFFFFFFFFF506EFFFFFFFFF0A
:1029F000FFFFFFFFFB000444444444444444444478
:102A0000100AFFFFFFFFFFFFFFFFFFFE10FFFFFFAA
:102A1000FFFFFFFFFFFFFFF50FF4000000000000C5
:102A20000000FFF3FF49FFFE00000000000FFF5F02
:102A3000F49FFFE000000000003FF5FF49FFFE00AB
:102A40000000000000EF5FF49FFFE00000000000C6
:102A50008FF5FF44888700000000000FFF5FF744F8
:102A600044444444444445FFC1FFFFFFFFFFFFFFD0
:102A7000FFFFFFF506EFFFFFFFFFFFFFFFFFFB007C
:102A800004444444444444444444100AFFFFFFFFC8
:102A9000FFFFFFFFFFFE10FFFFFFFFFFFFFFFFFF36
:102AA000FFF50FF40000000000000000FFF3FF40FE
:102AB000000000000000000FFF5FF40000000000B5
:102AC0000000003FF5FF400000000000000000EFA4
:102AD0005FF400000000000000008FF5FF400000E0
:102AE00000000000000FFF5FF744444444444444A6
:102AF00045FFC1FFFFFFFFFFFFFFFFFFFFF506EFF1
:102B0000FFFFFFFFFFFFFFFFFB00000000000000D2
:102B100078100000000000000000269FFD0000006B
:102B200000000000004FEFFFF00000000000000078
:102B30000E802EF70000000000200006E0000000DC
:102B400000000003EFE300D70000000002A100CF67
:102B5000FFD49F55555555557FF70FFFFFFFFFFFDA
:102B6000FFFFFFFFFFF5AFFFA0000BB00000003F2D
:102B7000B2009C9000003F300000015000000000B7
:102B80000000BB02BBB50000000000000002F99F7E
:102B9000FF800000000000000003BDFFF8000000FF
:102BA0000000000000003FFF800000000000000067
:102BB0000000000000000000017BDDB82000005F85
:102BC000FFDFFFF60004FFFF68FFFF400EFFFF601E
:102BD0009FFFD04FFFFF6009FFF38FF6BF61C09FDB
:102BE000F7BFF60B60E25FF9DFFF502033FFFBEF2A
:102BF000FFF5002EFFFCEFFFFC007FFFFCDFFFD1A5
:102C00000009FFFCCFFC145090AFFBAFF24F60F314
:102C10002FF96FFDFF7052EFF61FFFFF702EFFF1CF
:102C200009FFFF72EFFF9000BFFFAEFFFD10000530
:102C3000CFFFFD80000000001100000000000588AB
:102C40008830000056667FFFFFE66663FFFFFFFFE8
:102C5000FFFFFFFBCDDDDDDDDDDDDDD803444444DA
:102C6000444444200EFFFFFFFFFFFFA00EFFFFFFC5
:102C7000FFFFFFA00EFF1FF6AFC4FFA00EFF0FF572
:102C80009FB3FFA00EFF0FF59FB3FFA00EFF0FF540
:102C90009FB3FFA00EFF0FF59FB3FFA00EFF0FF530
:102CA0009FB3FFA00EFF0FF59FB3FFA00EFF0FF520
:102CB0009FB3FFA00EFF1FF6AFC4FFA00DFFFFFFE5
:102CC000FFFFFF9008FFFFFFFFFFFF400024444489
:102CD00044443100000000000000008A3000000081
:102CE00000000000BFFF30000000000000BFFFFF39
:102CF00030000000000034FFFFFD0000000000BFB6
:102D000044FFFFE000000000BFFF44FFF4000000AC
:102D100000BFFFFF44F400000000BFFFFFFF4100C1
:102D2000000000BFFFFFFFF400000000BFFFFFFF37
:102D3000F400000000BFFFFFFFF400000000BFFF31
:102D4000FFFFF400000000BFFFFFFFF400000000E1
:102D50008FFFFFFFF4000000000AFFFFFFF40000F8
:102D6000000000CFFFFFF400000000000EFFFFF4A2
:102D7000000000000000FFFFD4000000000000027F
:102D80003100000000000000000000005788888823
:102D900088888872000000AFFFFFFFFFFFFFFFF28F
:102DA0000000BFFFFFFFFFFFFFFFFF7000BFFFFF3F
:102DB000F8AFFFA8FFFFF800BFFFFFFA00AFA00ABF
:102DC000FFFF80BFFFFFFFF3006003FFFFF8AFFFCF
:102DD000FFFFFFF30003FFFFFF8EFFFFFFFFFF90EA
:102DE000009FFFFFF84FFFFFFFFFA00000AFFFFFB6
:102DF000804FFFFFFFB003E300BFFFF8004FFFFF6E
:102E0000FE23FFF32EFFFF80004FFFFFFEFFFFFEBC
:102E1000FFFFF700004FFFFFFFFFFFFFFFFF500026
:102E2000003DFFFFFFFFFFFFFF900001CFFFFFFE10
:102E300060001CFFFFFFFFF200CF47F4D84FF50CF6
:102E4000FF03E0C50EF5CFFF03E0C50EF5FFFF243D
:102E5000E2C62EF5FFFFFFFFFFFFF5FFFFFFFFFFBD
:102E6000FFF5FFFFFFFFFFFFF5FFFFFFFFFFFFF590
:102E7000FFFFFFFFFFFFF5FFFFFFFFFFFFF5FFFF76
:102E8000FFFFFFFFF5FFFFFFFFFFFFF5FFFFFFFF66
:102E9000FFFFF5FFFFFFFFFFFFF5EFFFFFFFFFFF66
:102EA000F35FFFFFFFFFFFA00134444444420000F2
:102EB000000000000000000300000000000000000F
:102EC00005F10000000000000005FF10003E90002A
:102ED000000000BFF1004FFB000000000BFF105F7F
:102EE000FFB000000000BFF16FFFFFFFFFFFFFFF1B
:102EF000FF1DFFFFFFFFFFFFFFFFF13EFFFECCCCFA
:102F0000CCCCCCCA002EFFB0000000000000001D99
:102F1000FB00000000000000001B6000000000003B
:102F20000000000000000000000000000000D004CD
:102F3000000000000000D004030D01001400100781
:102F4000050601072300A00C0D0D00007800300BD2
:102F50000B1200FEDB00300F0F0D00003D01600C76
:102F60000D0E00FF9801C003020601079E01100626
:102F7000051201FCCB011006051200FCF801300718
:102F8000070700071102800A090901023A0210042A
:102F9000040600FD4602E006050201044B0210048F
:102FA00004030000510250060812FFFE9902000CB3
:102FB0000C0D0000E702B006050D00000803500AE2
:102FC0000A0D00004903500A0A0D00008A03100C84
:102FD0000C0D0000D803500A0A0D00001904200B44
:102FE0000B0D00006104C00A0B0D0000A904900B3A
:102FF0000B0D0000F104200B0B0D0000390510042F
:10300000040A00004D051004040D00FD6705800A48
:10301000090901029005800A09070103B005800A29
:1030200009090102D905500A0A0D00001A06A0126A
:10303000121100FCB306300D0F0DFF001507A00D97
:103040000C0D01006307000D0D0D0000B807E00E28
:103050000D0D01000D08100C0B0D01005508700B33
:103060000A0D01009608E00D0D0D0000EB08A00E02
:103070000C0D010039099005030D01004D094009AF
:10308000090DFF008809F00C0C0D0100D609B00AEB
:103090000A0D0100170A30110F0D0100790AA00E68
:1030A0000C0D0100C70A200F0F0D0000290B000DA9
:1030B0000C0D0100770B200F0F1000FDEF0B100D12
:1030C0000C0D01003D0C300B0B0D0000850C900A1F
:1030D0000B0D0000CD0C400E0C0D01001B0DD00C93
:1030E0000E0DFF00760D4014140D0000F80D200C9D
:1030F0000C0D0000460EA00B0D0DFF009B0ED00B1B
:103100000C0D0000E90E0006051201FC160F50061A
:103110000812FFFE5E0F0006051200FC8B0F800AEE
:1031200009080103AF0F0009090200FEB80FD00A19
:103130000503020BC00FC00A0A0A0000F20F400C80
:103140000B0E01003F10400A0A0A00007110400CEB
:103150000B0E0000BE10000B0B0A0000F5106006FD
:10316000070E00002611700C0B0E00FC7311400CB2
:103170000A0E0100B9110005030E0100CE11200551
:103180000612FEFC0412100B0B0E0100511200057A
:10319000030E010066120013110A0100BB12400C5D
:1031A0000A0A0100ED12700B0B0A00002413400CF8
:1031B0000B0E01FC7113400C0B0E00FCBE136007DC
:1031C000060A0100DC130009090A0000091470074F
:1031D000070C00003314300C0A0A01006514100AB1
:1031E0000C0AFF00A1143010110A0000F614F009B7
:1031F0000A0A00002815100A0C0EFFFC7C15600955
:10320000090A0000A9155006051201FCD615600533
:10321000031201FCF1155006061200FC2716800A65
:10322000090501043E169007070700065716A0057A
:10323000040401035F160012131300FD141700129B
:10324000120E000092170012121100FE2B1800122D
:10325000120E0000A918600C0D0D0000FE180012DF
:10326000131200FEA9190012121300FD541A401483
:10327000151100FE071B0012121300FDB21B4014B3
:10328000150E0000451C0012121300FDF01C000971
:10329000090F00FF341D800D0E0F00FF9D1D40140F
:1032A000151200FE5A1E0012120E0000D81E600CED
:1032B0000D1300FD541FC00F0C1102FEBA1FC00FEA
:1032C000101300FD5220C00F101100FEDA20C00FB5
:1032D000101100FE6221C00F0C1102FEC821C00FA8
:1032E0001211FFFE6122400B0B1000FFB922400BB0
:1032F0000B1000FF1123C00F101100FE9923C00F07
:1033000010040005B9234014150E00004C2480164B
:10331000171300FD272540141613FFFDF825001292
:10332000121100FE9126C00F100A0002E126C00F04
:10333000100A000231278016180FFFFFE527001240
:10334000120E000063280012121300FD0E29001255
:103350001313FFFDC329C00F101100FE4B2AC00F2D
:10336000101300FDE32AC00F101100FE6B2BC00FDD
:10337000100F00FFE32B0012120E0000612C400B17
:103380000D13FFFDDD2CC00F101300FD752DC00FB8
:10339000101300FD0D2E4014150E0000A02E00127B
:1033A0001414FFFD682F800D0E1300FDED2F801605
:1033B000171200FEBC308016170C00014631801633
:1033C000170C0001D0318016170C00015A328016FC
:1033D000170C0001E4328016170C00016E338016C2
:1033E000170F00FF1B34C00F0E1301FDA034C00FD8
:1033F000101300FD383500121313FFFDED35801654
:10340000170E00008E36800D0E1300FD13372012AC
:10341000130C00010000721F51EF58EF5BEF5CEFDF
:103420005DEF61EF63EF65EF69EF6CEF71EF76EFE2
:1034300077EF78EF8EEF93EF98EF9BEF9CEF9DEF98
:10344000A1EFA2EFA3EFA4EFB7EFB8EFBEEFC0EF8D
:10345000C1EFC4EFC7EFC8EFC9EFCBEFE3EFE5EF84
:1034600014F015F017F019F030F037F03AF043F09F
:103470006CF074F0ABF03BF190F191F192F193F1BB
:1034800094F1D7F1E3F13DF254F2AAF412F7F2F716
:10349000200000005F0001000000000000000000AC
:1034A00000000200B0000000F3F760001434049044
:1034B000000000003E0003000000010200030405BC
:1034C00002060708090A090A0B0C000D0E0F10115D
:1034D00012130C14140000001516171819161A1BD5
:1034E0001C1D1D1E1F201D1D1621222303241E2509
:1034F00025262728292A2B002C002D2E2F3031326B
:10350000332D343435302D2D2E2E36373839333A8D
:103510003A3B3A3C290000093D0900000000000048
:10352000000000000000000000000000000000009B
:10353000000000000000000000000000000000008B
:10354000000000000000000000000000000000007B
:103550000000000000000000010200030405020654
:103560000708090A090A0B0C0D0E0F10110C121393
:10357000141515000000161718191719191917191D
:10358000191A1919191917191719031B1C1D1D1EB2
:103590001F20212223002400252627272700272655
:1035A000282926262A2A272A272A2B2C2D2E2E2F79
:1035B0002E30000023093109000000000000000047
:1035C00000000000000000000000000000000000FB
:1035D00000000000000000000000000000000000EB
:1035E00000000000000000000000000000000000DB
:1035F00000000000000100000000000000010000C9
:1036000003000000000200000000000000000000B5
:1036100000000000000001000000000000000000A9
:103620000000000000010D0008FA00000000F0EFAB
:10363000020E0605F4020E010C0309000000000052
:103640000000000000001102FE0000000000000069
:1036500000000000000600F70000000000FA050668
:103660000000FD00FE0300FD00FDFFFA0000000069
:10367000FD0000FCFC0000FD00FA0000000000005E
:10368000000000FDFD00FC00F800DD0000FA00066F
:10369000090000FA03030A06FB060000F000000020
:1036A0000000000000000000F50000000000000025
:1036B00000000000000000F8FDF200F4FE00000031
:1036C00000010B00F7FEFF0100FB0000FEEB000015
:1036D000000000000000000000E9FE0B00000000F8
:1036E0000000000000000000F400000000000000E6
:1036F0000000000A00030000FA00000000000000C3
:10370000000000000000000000000B0201000000AB
:1037100000000000000000000000000000000000A9
:103720000000000000000000000000000000000099
:1037300000000000F5000000000000000000000094
:10374000000000000000000000000002060309FD68
:10375000000006FDF6D902080601FC000A00090077
:103760000900E500FD09000AFD0603000001FD0057
:1037700000FB1700170009000C040509000000F504
:103780000000000001FE0002FBFCFA0200FD000048
:1037900000F40000000000000000000000ED000048
:1037A0000000000000000000000000000001F00028
:1037B000EE00000000FE001DFDFC0303FD00FC0305
:1037C0000000F10000000000000000000000E40024
:1037D00003000000000000000000000000EE0011E7
:1037E0000000F5000A00ECE4ECFA090000ED00032B
:1037F000F900FC00000000000000000000000007CD
:1038000009DD0000000000000000000000000E00C4
:103810000200000000000202FDFA00FFFFFD0000B0
:10382000FE000000FA00FE00F9FA00F9F6F6FB00CF
:10383000FA00FA00000000FE0000030002FD000193
:1038400000000003FE000000FE0303FF000000FB79
:1038500000FF0000000000010004FE00FD00FB006E
:1038600000FE00090000FD0000000000FF01FEFE58
:103870000000FD00FD000000000000000000FFFF50
:1038800000FDFD0000000000010000FE00FDFDFD48
:10389000000000000000000000FE00000000FEFC30
:1038A00000FC00F7FEF7060000FA03060800F9FF27
:1038B000FD00FFF203FE02F103000001F100F1FE42
:1038C000E7FE00F20006080004000000000100FB13
:1038D000FC00F7000000FD000000FD0000000000FB
:1038E000FFFF00FFFC00000000000000FDFD00FEE7
:1038F000FDFE0000FD0000000000000000000000D0
:10390000FEFE00FD00FE00FA030000FD01030300BF
:103910000000000000FE0000000000020000FD00AA
:10392000FDFEFD000000000000000200FE0000009F
:1039300000FDFC00FB0009FE01F7000008F2F1F4B5
:10394000FA0300FEEDFB00FB00FA04FBEE00F800BA
:103950000001FF02FE000300F7F500F2F9FAF9F7A3
:10396000FDF8FFFBF802000100FD0000000200036B
:103970000000000000000000000000FD00FF00FF4C
:10398000FD00FBFAFAFF00F7000000000000FE0057
:1039900000000001FE000000030000000000000025
:1039A000000E00000000000002000000FD0000000A
:1039B0000000000000000000FB0003000000000009
:1039C0000000000000000000FE000000FB000000FE
:1039D00000F2F7000000FCF20000FD0300F8000018
:1039E0000000000000000000FB0000FB00000000E1
:1039F00000000000000000000300FB0000000003C6
:103A00000002FAFA00FDFDFD000000000000F700D2
:103A1000FD00FCFD00FAF9F7FE00FA00F7000000D7
:103A200000170000010000FC000300F4000000008B
:103A300000E5FB0A09FEF40003FC00F2FFFC03ECC6
:103A4000FD040004F6FCF5F6F40000EF00100000A1
:103A5000FF000000FFFFFDF8F6FFE500000000009A
:103A60000000000001000000000000000000000055
:103A70000000000000FD00FFFDFC0000FA00FD005A
:103A80000000000000000000000000000000FF0037
:103A9000FA000006FF0400FA03FEFFF9FD00FCFD3A
:103AA000FE00FCFB0000FEFFFEFBFD0000FD00032E
:103AB000FE00FA000000FA00FB00FBFB0300000020
:103AC0000000000000FA0300FC00FEFDF7FEFEFE11
:103AD000FFFEFDFF0000000000FDFEFE00000000F4
:103AE00003FE00FE000000FEFDFEFDFDFD00020CD9
:103AF000FF00F800FE0600FDF4FC040000F2FB03EA
:103B0000FB0200FEFEF700FC010000FB00000003CA
:103B100003FAFB00FBFDFCFDFD00FB01FBFB0900C4
:103B20000000000000000000030000000000000092
:103B30000000000000000000000000000000000085
:103B4000FB0000000000000000000000000000007A
:103B50000000000000000000000000000000000065
:103B6000000000000000000000000000FE00000057
:103B70000000000000000000000000000000000045
:103B800000000000000000000000FEFD000000003A
:103B90000000000000000000FC0000FC0000FDFD33
:103BA00000000000FD00000000FF0000000000FE1B
:103BB00000000000FC00FA000000F60002FA060116
:103BC000FEF20000FAFD00F4F9F80000F4FDF4F54F
:103BD000F200F9000213FC00F9FDFFFDFBF8FBF514
:103BE000F4F9FD0000FE00010000ECFD0906FAF505
:103BF0000001F700F2FEFD06E6FC010000EDFDF11C
:103C0000FDEB0000EC00110100FE00000000FFFED3
:103C1000F5FE00ED00000000F700FD00FFF8F200E7
:103C200000FFFCF7FD00FE00000000F3FDF6F7FECC
:103C3000FBF9FDFB00FAFDF6FC00FDFBFDFB0001BE
:103C400000FEF6000600FB00000000030002FA0C74
:103C500000FDFDFD000000000000F700FD00FCFD80
:103C600000FAF9F7FE00FA020C000000001700004D
:103C7000010000FC00030000000000000000FF0045
:103C800000000000FEFA0000000000FF000000FD40
:103C9000FD0000FAFD0000FA0005FF000000000032
:103CA000000100000000040602FD00F7FB0009F619
:103CB000F7FAFA0C0503E7FE06FD00FD03FDF6002A
:103CC000FD03FCFEF7FE0000090600F800F0FC080A
:103CD000FCF501FCF6F6FD0C0300FC00F800020AFE
:103CE000F9F5F4F9090001EBFE03FBFEF900FAF522
:103CF000FCFCFE0000F9FAFD000907FDF000F0FCF5
:103D000000F6EFFFF7FBF6F8080000FC00FAFD00F4
:103D1000FDFB0005F6030000F100FDFAFBFEF7F9DC
:103D2000F6F900F7FDF9FBF7FD0000010EFB00F7C7
:103D3000FD00FDFAF9F8F8F5FCFA0600FC00F2FDCA
:103D40000206F7F5FAF60AFD01E5FB06FAFBF500B7
:103D5000F7F4FDFDFEFDFAF7FF00000908FEED0097
:103D6000EFF907F5ECFAF6F4F2F60600000000FDB4
:103D7000000003FD0602FB060000F7FF00FF000144
:103D800001FE000000000000FD000000000209012B
:103D900000FD00000000FEFEFD000000010200002A
:103DA00000000200FE000B00050101FC00060000FF
:103DB00000020000000000000000000000090008F0
:103DC0000000000000000000000000000000EF0004
:103DD000FD05000900001D03FAFA0303FE01F200CD
:103DE000000EEF0000000000000000000000EC0BDF
:103DF00028000000000000000000000000EF0000AC
:103E000000000000000000000000000000000000B2
:103E10000000000000000000FB0000FBFD000000AF
:103E20000000000000000000000000000000000092
:103E3000FE00F800000100000325FAFE0908F8035F
:103E400000000303FC000000000000000000000070
:103E5000DB0800000000000000000000000000007F
:103E6000000000F8000000F800000000FAFF000069
:103E700000FA00FD00F20000000000000000000059
:103E800000ED0000000001000000000000FD000047
:103E9000FB00FC00F8000000FB03FD0000F8FDF94A
:103EA0000000F800FD00F200FD0000E9FBF4FDF663
:103EB0000000ED00F8FF0000000000000000FCFB27
:103EC000FEFB00000000FA00FA04FD0600FEF9FE09
:103ED000FBFB00FDFFFE02F8FF000000E7FEFC0018
:103EE000FA00FEF2FD0000FEFE000000000200FEEF
:103EF000FBFE0500000000000000000000000000C4
:103F000000000000000000000000000000000000B1
:103F1000000000000000000000000000000004009D
:103F20000000000000FA00FE000000FA030000009C
:103F3000F8FDFA0000F800FD00F200000000E400C7
:103F4000FAF5F20000ED00FEFC00000000000000A9
:103F500000FDFCFFFC01000005FC00090EFDFDF763
:103F6000030E0506F8030C03080608000000000015
:103F7000000000000000120EFBFD00FE170C1700F1
:103F800000000300000B0000FB0000000000000028
:103F90000000FE000000000000000004000000001F
:103FA000E8FDFEF4F20000ED00000000000000005B
:103FB000000000000000000000FB00000000000006
:103FC000000000FE000000000000000004000000EF
:103FD00000E8FDFEF4F20000F40000000000000024
:103FE000000000000000000000000000FE000000D3
:103FF000F90300FD020503F700FFFE0300020000C5
:104000000000F900FDFEFA00FDF40012FD00FAFECA
:1040100000FEFB00FDF8FAFD000000FB00000000C0
:104020000000000000FE000000000000000004008E
:10403000000000E8FDFEF4F20000ED0000000000CA
:10404000000E00000000000000000000FB00F7FD73
:10405000FD09FDFDF401FE01FEF801060102010269
:10406000F9F4FD00F5FBF8F4F500FBFAFDFCFEFEAB
:10407000FDFE00FEFF040004FE0009000000000039
:1040800000000000000000FEFDFD0000F800FF0041
:10409000FB0000000000000000000000EF00000036
:1040A0000000000000000000FDFD00FC000000001A
:1040B000FE0000FBFD0300FBFBFE00F8FEFAFEFD28
:1040C00000FB0000000000000000000000ED0009FF
:1040D0000000FB00000000FC00FD0000FF0000FEEF
:1040E00000F900000CFCF6F7020303FFF8020402DB
:1040F00009020AFEF80000F40000F7F80000FA00D8
:10410000FCFB00FC00FC00FE0400FEF7FD0B0000C1
:10411000FD00FA000004F90003FD020000F600FEB5
:10412000FF00FD03FE000000F4FDFA00F70000F2BE
:10413000000BFD00FB000200FD00FDF700FD030089
:10414000000000FE000003FC010000FDFE00FD0079
:10415000000000000000000000000000000000005F
:10416000EE00060000FE000000000100FDFD000062
:10417000000600070000000000EEF0010C0905F445
:10418000020C000B00060000000000000000000010
:10419000000F000000000000000000000000000010
:1041A00000000000F4350490B834049056350490B3
:1041B0003D3100009CF70390242F0490903404902C
:1041C000A44104901000022894020024DD140290FF
:1041D0001D1402901500040000FF0100B44104907A
:1041E00000000000000000004FF23FF23FF12FF10D
:1041F0001FF01FF00FF00FE00FD00FD00A9000005B
:1042000000001BB06FF52DD19F309F39F309F28F5D
:10421000209F28F208F28F108F17F108F10000009C
:104220000000000F90004F40000001F70006F20070
:1042300000003F50008F00000005F3000AE0000B73
:10424000FFFFFFFFFFFFE07AADFAAAAFDAA8000098
:10425000BD0000F80000000DB0002F60000000F964
:104260000003F50000001F70005F30004AABFCAA9D
:10427000ACFAAA16FFFFFFFFFFFFF20006F2000BE9
:10428000D00000008F0000DB0000000AE0000F906B
:10429000000000CC0001F7000000000065000000F5
:1042A00000000CA00000000000CA000000003AEF6F
:1042B000FEC710007FFFFFFFFE003FF81CA04AA0D2
:1042C00009FA00CA000000BF700CA0000009FD0040
:1042D000CA0000002FFE7DA00000004EFFFE9400EB
:1042E000000006BFFFFD30000000CC9FFF20000053
:1042F0000CA01DF9000000CA007FB042000CA0090C
:10430000FA0DF820CA17FF408FFFFFFFFF8000283B
:10431000CFFFEA400000000CA00000000000CA002F
:104320000000000006500000006DFD4000000AF192
:104330000006F85AF300004F60000E9000CB00001A
:10434000EB00001F50008E0009F100002F40007E9E
:10435000004F6000000F8000BC00EC00000008F57A
:1043600016F509F200000000AFFF803F709FFB20B0
:1043700000013100DC09F65DD000000008F21F608A
:1043800002F60000003F704F1000D9000000DC0072
:104390006F0000BB000008F2004F1000C900003F92
:1043A00080001F5001F50000DD000008E53CD00052
:1043B00008F30000008EFB1000004CEEC40000006B
:1043C000007FFAAFF50000000FF2002FC0000001DF
:1043D000FE0000FD0000000FF2006F900000008F53
:1043E000C18FE100000000CFFFC1000000002CFFE2
:1043F000D0000000004FF8DFA00063003FF401DFB1
:10440000A00EE00BF60001DFA4F900FF100001DFB1
:10441000FF300EF4000001EFD0009FE30002AFFF79
:10442000A001CFFECEFFC3DF80006BEFEB5001C2D7
:1044300000000000000000009F39F38F28F28F1762
:10444000F10000008F701FF008F800DF302FE00649
:10445000FA008F800BF500CF400DF300EF200DF335
:1044600000CF400BF5008F7005FA002FE000DF3021
:1044700007F8001FF0008F701FE00009F70002FE30
:104480000000CF40007F90004FC0001FF0000EF2F0
:10449000000DF3000CF4000BF5000CF4000DF3001C
:1044A0000EF2001FF0003FC0007F9000CF4002FEE0
:1044B0000009F7001FE0000004F00000404F00502A
:1044C0005FB6F4DF204DFFFC30008FFF6004EFAFDC
:1044D000AFC22A13F03B00004F0000000160000053
:1044E00000006D4000000008F5000000008F500043
:1044F000000008F500006CCCEFDCCC48FFFFFFFFAC
:10450000F500008F5000000008F5000000008F50FB
:1045100000000008F50000030BFBDFE4FB3F67F140
:10452000BB00ADDDDD2CFFFFF20009F9FFE8F7006D
:10453000000008F60000000DF10000003FB0000090
:10454000009F50000000EF00000004FA0000000986
:10455000F50000000EF00000004F90000000AF409A
:10456000000000FE00000005F90000000AF3000052
:10457000000FE00000005F80000000BF300000017D
:10458000FD00000006F80000000BF20000001FD044
:104590000000007F700000000003AEFD81000007F6
:1045A000FFFFFFE30006FF8103BFF100EF600000A3
:1045B000BFA05FD0000003FF1AF80000000DF5CF88
:1045C00050000000AF7EF400000009F9EF40000049
:1045D000009F9CF50000000AF7AF80000000DF5547
:1045E000FD0000002FF11EF600000BFA006FF7101F
:1045F0002BFF10008FFFFFFE3000003AEFD81000B5
:10460000DFFFFDCFFFFD0005FD0005FD0005FD00FE
:1046100005FD0005FD0005FD0005FD0005FD00058B
:10462000FD0005FD0005FD0005FD0005FD0005FD83
:104630000039DFFD81000AFFFFFFFE206FE7201534
:10464000EFC0062000004FF1000000000FF3000053
:1046500000001FF1000000008FC000000004FF40B8
:104660000000003FF700000003FF900000003FF84B
:1046700000000003FF800000003FF800000004FF7E
:10468000800000001FFFFFFFFFFD3FFFFFFFFFFE59
:104690003FFFFFFFFFF02FFFFFFFFFE000000003E1
:1046A000FF300000001EF600000000CFA000000058
:1046B00009FD000000005FF600000000AFFFF900F8
:1046C0000000468BFFB0000000004FF40000000027
:1046D0000CF8000000000AF8060000001EF68FC566
:1046E0001014CFE06FFFFFFFFE30017BEFED810084
:1046F00000000000AFB000000000006FE10000000B
:1047000000003FF300000000000DF7000000000073
:104710000AFB000000000007FE100000000003FF7D
:10472000300363000001EF70008F800000BFB00015
:1047300008F800007FE100008F80001FFFFFFFFFEF
:10474000FFFF62FFFFFFFFFFFFF70000000009F817
:104750000000000000009F80000000000009F80039
:1047600000000000009F800000BFFFFFFFF000DF9F
:10477000FFFFFFF000FF1000000000FF000000003E
:1047800002FE0000000003FC0000000005FFFFEC3B
:10479000820007FFFFFFFF6000000014BFF300006E
:1047A00000000CFA0000000006FD0000000006FCFE
:1047B000070000000CF94FE72003BFF33DFFFFFFA8
:1047C000FF60005ADFFD920000017CEFDB60003EDD
:1047D000FFFFFFD003FFB30004400DF9000000000D
:1047E0004FE0000000009F8000000000CF506ACB27
:1047F0008200EF6DFFFFFF60EFFF7102AFF4DFF4A7
:1048000000000AFBBFE0000004FE8FD0000003FEA2
:104810002FF2000008FB09FD40006FF400AFFEDF3F
:10482000FF700005BEFEA3005FFFFFFFFFFF45FF17
:10483000FFFFFFFFF35FC0000006FD05FC00000066
:10484000DF604D9000004FF0000000000BF9000009
:10485000000002FF20000000009FB0000000001FC9
:10486000F40000000007FD0000000000EF60000001
:1048700000005FF0000000000CF80000000003FFE3
:104880002000000000AFB0000000001FF400000096
:1048900000029DFFD93000004FFFEEFFF70001FF3F
:1048A000A10019FF2005FE000000BF8007FC0000EA
:1048B000008F9004FE100000CF7000CFC4103BFEAC
:1048C00010001CFFFFFFD200008FFECCEFFA0007A4
:1048D000FE500003DF900EF50000003FF00FF300E4
:1048E00000000FF20EF70000004FF007FF60000518
:1048F000EFA000AFFFEDFFFC100004ADFFEB500098
:104900000007CFFD9100001CFFEDFFF4000BFD3010
:10491000008FF202FF2000009FB05FD0000003FF75
:1049200015FD0000004FF42FF300000BFF60BFE601
:10493000103AFFF701CFFFFFF9BF70005ACC940C7B
:10494000F50000000000FF20000000005FD0000024
:1049500000001EF6000720016EFB0005FFFFFFFAB6
:10496000000018CEFDA400008F8FFE9F8000000085
:10497000000000000009F9FFE8F78F8FFE9F80001C
:104980000000000000000008F8EFE7FC2F76F2AC12
:104990000320000000001730000003AFF500017D88
:1049A000FFC6003AFFE920007FFC50000008FE71BE
:1049B00000000018EFFA400000005BFFE710000065
:1049C000028EFF4000000005B50000000000008FCF
:1049D000FFFFFFFF56CCCCCCCCC400000000000091
:1049E0000000000000000000000006CCCCCCCCC4CD
:1049F0008FFFFFFFFF50560000000008FE920000EE
:104A00000017DFFC500000004AFFE8200000016DA5
:104A1000FF400000028FF500005CFFD70029EFFA8D
:104A200030007FFD71000008A400000000000000BD
:104A3000000000004ADFFD81000AFFFEFFFE308F0C
:104A4000E50004EFC0061000005FF0000000002F3A
:104A5000F0000000007FD000000004FF40000000D4
:104A60004FF600000002FF600000000BF90000009C
:104A7000000DE30000000000000000000000000046
:104A80000000000AC2000000004FF8000000000C07
:104A9000E300000000005ADFFFD9400000000006DC
:104AA000EFEA878AEFD40000000AFC400000004DC6
:104AB000F800000BF8000000000009F70006F900FC
:104AC00005CFFC50FE0AF300EC000AFFDCEF9FE08C
:104AD0000EC06F4007FD20008FFE006F2AF000EF30
:104AE000200000AFE001F6DC004FB0000003FE0044
:104AF0000E9EA006F90000000FE000DAEA006F90B9
:104B0000000000FE000DADC004FB0000003FE0000F
:104B1000E9AF000EF200000AFE002F65F5007FD21B
:104B20000008FFF109F10ED000AFFCCEF99FECF8C0
:104B3000006F90005CFFC501BFE70000AF80000080
:104B400000000000000000AFC400000002000000F0
:104B500000006EFEA889BFE0000000000005ADFF68
:104B6000EC8300000000000004FF50000000000083
:104B7000000BFFC00000000000002FEEF30000005B
:104B80000000009F87FA000000000000FF21FF10D6
:104B90000000000007FB00AF80000000000DF400E3
:104BA0003FE0000000005FD0000CF600000000CFE6
:104BB000600005FD00000002FF000000EF40000063
:104BC00009FFCCCCCCEFB000001FFFFFFFFFFFF2CE
:104BD00000007FB00000000AF90000EF4000000074
:104BE00003FF1005FD0000000000DF700CF700005F
:104BF0000000006FE0BFFFFFFFEB5000BFEDDDDD09
:104C0000FFFA00BF80000007FF50BF80000000BF18
:104C1000A0BF800000008FB0BF80000000BF80BF39
:104C200080000007FF20BFEDDDDDFFF400BFFFFFC8
:104C3000FFFFFB10BF80000014CFD0BF800000003A
:104C40000EF5BF800000000BF8BF800000000DF7DC
:104C5000BF800000019FF2BFEDDDDDEFFF70BFFF01
:104C6000FFFFFD9300000029DFFEA50000008FFF7D
:104C7000FFFFFD2000CFFA41026EFC009FF500000F
:104C80000009202FF5000000000009FC00000000D2
:104C90000000CF7000000000000EF40000000000D3
:104CA00000EF4000000000000CF7000000000000D2
:104CB0009FC0000000000003FF500000000000093A
:104CC000FF4000000092000CFFA41016EFC0000986
:104CD000FFFFFFFFD20000039DFFEA5000BFFFFF70
:104CE000FED9300000BFFFFFFFFFFB1000BF8000B8
:104CF0000038FFE100BF800000002DFC00BF8000F5
:104D0000000002FF60BF80000000009FC0BF800065
:104D10000000004FF0BF80000000002FF1BF8000B6
:104D20000000002FF1BF80000000004FF0BF8000A6
:104D30000000009FB0BF8000000002FF60BF800045
:104D400000002DFC00BF80000038FFE100BFFFFF26
:104D5000FFFFFB1000BFFFFFFED9300000BFFFFFC9
:104D6000FFFFF2BFFFFFFFFFF2BF8000000000BFA8
:104D70008000000000BF8000000000BF8000000035
:104D800000BF8000000000BFFEEEEEEE30BFFFFF70
:104D9000FFFF30BF8000000000BF8000000000BFA8
:104DA0008000000000BF8000000000BF8000000005
:104DB00000BFFFFFFFFFF7BFFFFFFFFFF7BFFFFFD2
:104DC000FFFFF2BFFFFFFFFFF2BF8000000000BF48
:104DD0008000000000BF8000000000BF80000000D5
:104DE00000BF8000000000BF8000000000BFFFFF88
:104DF000FFFF30BFFFFFFFFF30BF8000000000BF9C
:104E00008000000000BF8000000000BF80000000A4
:104E100000BF8000000000BF8000000000000029EB
:104E2000DFFEB60000008FFFFFFFFE3000CFFA412B
:104E3000015CFE009FF500000008302FF500000027
:104E4000000008FC000000000000CF70000000001F
:104E5000000EF4000000000110EF4000000000FF11
:104E60001CF7000000000FF18FC000000000FF12CF
:104E7000FF500000000FF109FF50000000FF100C70
:104E8000FFA41025CFF10008FFFFFFFFF60000028E
:104E90009DFFEB6000BF800000000AF8BF800000AB
:104EA000000AF8BF800000000AF8BF800000000A76
:104EB000F8BF800000000AF8BF800000000AF8BFB9
:104EC000800000000AF8BFFFFFFFFFFFF8BFFFFFF1
:104ED000FFFFFFF8BF800000000AF8BF800000005D
:104EE0000AF8BF800000000AF8BF800000000AF83E
:104EF000BF800000000AF8BF800000000AF8BF80F1
:104F00000000000AF8BF8BF8BF8BF8BF8BF8BF8B8F
:104F1000F8BF8BF8BF8BF8BF8BF8BF8BF800AFFFE3
:104F2000FFFF1009FFFFFFF100000001FF1000006C
:104F3000001FF100000001FF100000001FF1000041
:104F40000001FF100000001FF100000001FF100031
:104F500000001FF100000001FF100000002FF0030F
:104F6000500005FE00EF7003EF9008FFFFFFE10027
:104F700004AEFE9100BF800000009FD1BF80000002
:104F800008FE10BF8000007FE200BF800006FF30F7
:104F900000BF80005FF40000BF8004FF500000BF2E
:104FA000803FF7000000BF83FFF1000000BFAEFFAD
:104FB000FC000000BFFFB4FF900000BFFC005FF6E4
:104FC0000000BFC00008FF3000BF800000BFE1004C
:104FD000BF8000000DFC00BF80000001EF90BF808B
:104FE0000000003FF6BF800000000BF8000000004A
:104FF000BF800000000BF800000000BF8000000030
:105000000BF800000000BF800000000BF80000005B
:1050100000BF800000000BF800000000BF8000000F
:10502000000BF800000000BF800000000BF800003B
:105030000000BFFFFFFFFFCBFFFFFFFFFDBF6000D2
:10504000000000006FABFE00000000000EFABFF889
:105050000000000008FFABFFF200000002FFFABFF3
:10506000EFA0000000AFEFABF7EF3000003FD7FA42
:10507000BF65FC00000CF56FABF60CF60005FC06F6
:10508000FABF603FE000EF306FBBF600AF807F906B
:1050900006FBBF6001FF3FF1006FBBF60007FFF7A3
:1050A0000006FBBF60000EFD00006FBBF600005F56
:1050B000500006FBBF6000001000006FBBF6000050
:1050C00000000006FBBF700000000AF8BFF40000FB
:1050D000000AF8BFFE1000000AF8BFFFC000000A77
:1050E000F8BFBFF900000AF8BF86FF50000AF8BFFA
:1050F000809FF2000AF8BF800CFD000AF8BF800212
:10510000EFB00AF8BF80004FF70AF8BF800008FF31
:105110004AF8BF800000BFEBF8BF8000001EFFF818
:10512000BF80000003FFF8BF800000006FF8BF8061
:105130000000000AF8000028DFFEB6000000008F23
:10514000FFFFFFFD300000BFFA41027EFF40008FED
:10515000F40000001BFE102FF5000000000DFA08FF
:10516000FC00000000005FF1CF700000000000FFB5
:105170004EF400000000000DF6EF400000000000BB
:10518000DF6CF700000000000FF48FC0000000008B
:1051900005FF12FF5000000000DFA008FF400000E4
:1051A00000BFE2000CFFA41026EFF4000008FFFF90
:1051B000FFFFD3000000029DFFEB600000BFFFFF78
:1051C000FEB6000BFFFFFFFFFD20BF8000016EFD5C
:1051D0000BF80000001EF6BF800000009FABF80037
:1051E000000007FBBF800000009FABF80000001E1E
:1051F000F6BF8000016EFD0BFFFFFFFFFD20BFFF2C
:10520000FFFEB6000BF80000000000BF80000000A9
:10521000000BF80000000000BF80000000000BF849
:105220000000000000000028DFFEB60000000008BB
:10523000FFFFFFFFD3000000BFFA41027EFF4000E6
:1052400008FF50000001BFE1002FF5000000000D35
:10525000FA008FC00000000005FF00CF70000000C2
:105260000000FF40EF400000000000DF60EF400062
:1052700000000000DF50CF700000000000FF408FF2
:10528000C00000000005FF002FF5000000000DFA2F
:10529000000AFF30000000AFF20000DFF930016DBE
:1052A000FF5000000BFFFFFFFFE4000000004AEF8B
:1052B000FFD600000000000000BFE50007800000EE
:1052C000000009FFECFFC000000000004AEFD7001B
:1052D000BFFFFFFEB6000BFFFFFFFFFD20BF8000FA
:1052E000016EFD0BF80000001EF6BF800000009F5D
:1052F000ABF800000007FBBF800000009F9BF80098
:1053000000001EF5BF8000015DFD0BFFEEEFFFFD0D
:1053100020BFFFFFFFFA000BF800005FE100BF8035
:105320000000BFA00BF8000001EF50BF8000000696
:10533000FE1BF80000000BFA00029DFFEB60000668
:10534000FFFFEFFFE003FF920004BA009FB00000F0
:1053500000000AF700000000009FC00000000002EB
:10536000FFE72000000004EFFFEA500000006BFFA1
:10537000FFD40000000038FFF20000000001DF90C1
:105380000000000007FB0420000000AF90DF940045
:10539000018FF307FFFFEFFFF700017BEFFD9200A6
:1053A000EFFFFFFFFFFFDDFFFFFFFFFFFC00000A35
:1053B000F80000000000AF80000000000AF80000C4
:1053C000000000AF80000000000AF80000000000AC
:1053D000AF80000000000AF80000000000AF80006D
:1053E0000000000AF80000000000AF80000000008C
:1053F0000AF80000000000AF80000000000AF8007A
:1054000000000000AF800000DF600000000FF3DF4D
:10541000600000000FF3DF600000000FF3DF6000AA
:1054200000000FF3DF600000000FF3DF60000000FA
:105430000FF3DF600000000FF3DF600000000FF3E8
:10544000DF600000000FF3CF600000000FF2BF80AC
:105450000000001FF18FC00000005FE02FF500008A
:1054600000DF800AFF71004DFE1000BFFFFFFFE369
:10547000000005BEFFC710000CF90000000000BFCF
:10548000706FF0000000002FF100EF6000000009D5
:10549000FA0008FD00000000FF30001FF4000000CB
:1054A0006FC00000BFA000000DF5000004FF100059
:1054B00004FE0000000DF80000BF800000006FE057
:1054C000002FF100000000FF5008FA000000000962
:1054D000FC00FF40000000002FF36FD00000000030
:1054E00000BF9DF6000000000004FFFF0000000068
:1054F00000000EFF900000000000007FF20000009E
:105500002FF20000000BFA00000002FE00DF700026
:105510000000FFF00000008F9007FC0000005FFF1C
:105520004000000DF4002FF100000BFCF900000218
:10553000FE0000DF600000FF3FE000007F900008F9
:10554000FB00005FA0DF40000CF400003FF1000B07
:10555000F508F90002FF000000EF5001FF003FE0F6
:10556000007FA0000008FA005FA000DF300CF5000B
:1055700000003FF00BF50008F901FF00000000EF0C
:1055800051FF00003FE06FB000000009FA6FA0007B
:1055900000DF3CF5000000004FFBF5000008FAFFBB
:1055A0001000000000EFFF0000003FFFB00000000F
:1055B000000AFFB0000000EFF600000000004FF509
:1055C00000000008FF1000001EF70000000AFC00A9
:1055D0005FF3000005FF10009FD00001EF500000B6
:1055E000DF9000BFA0000003FF406FE10000000853
:1055F000FE3FF4000000000CFFF800000000002F48
:10560000FD000000000006FFF30000000002FFBFE5
:10561000E000000000CF90DFA00000008FD002FF6C
:105620005000004FF30007FE10001EF800000CFBB6
:10563000000AFD0000001FF705FF200000005FF2D8
:105640000CF8000000002FF103FF20000000BF70E5
:1056500000AFB0000005FD00001FF400000EF400D4
:105660000007FD00008FB0000000DF7001FF200088
:1056700000004FF10AF8000000000BFA4FE00000B4
:10568000000002FFEF5000000000008FFC0000004F
:105690000000000FF40000000000000FF300000005
:1056A0000000000FF30000000000000FF3000000F6
:1056B0000000000FF30000000000000FF3000000E6
:1056C0000EFFFFFFFFFFF80DFFFFFFFFFFF70000DA
:1056D000000000CFC00000000009FE100000000024
:1056E0005FF40000000002FF70000000000DFB00EE
:1056F00000000000AFD10000000007FF30000000F4
:10570000003FF60000000001EF90000000000BFDDC
:1057100000000000008FF20000000004FF500000B5
:1057200000000EFFFFFFFFFFFC0FFFFFFFFFFFFD6D
:10573000BFFFEBFDCBBF600BF600BF600BF600BFF9
:10574000600BF600BF600BF600BF600BF600BF6099
:105750000BF600BF600BF600BF600BF600BF600BDE
:10576000FDCBBFFFE0AF400000005F900000000FE6
:10577000E00000000AF400000004FA00000000EF5E
:10578000000000009F500000004FA00000000EF03D
:1057900000000008F500000003FB00000000DF101F
:1057A0000000008F600000002FB00000000DF1002D
:1057B000000007F700000002FC00000000CF2000FE
:1057C00000007F700000001FD00000000CF29FFF5F
:1057D000F07CCFF0001FF0001FF0001FF0001FF062
:1057E000001FF0001FF0001FF0001FF0001FF0006E
:1057F0001FF0001FF0001FF0001FF0001FF0001F3F
:10580000F0001FF0001FF07CCFF09FFFF000004879
:10581000300000000DFB00000004FCF1000000AEB1
:105820002F8000001F80BE000008F204F50000EB8E
:10583000000EB0005F50008F200BE00001F802F86E
:1058400000000BE011111111111FFFFFFFFFFF44BA
:1058500044444444401BFB000009FB000006FB00DD
:10586000028DFFEA2004FFFEEFFF301D61002CFCDB
:10587000000000001FF100000000EF303AEFFFFFD2
:10588000F34FFC9888FF3CF800000EF3EF30000166
:10589000FF3BF80000BFF33FFC99EFEF302AEFEA3F
:1058A0002CF3FF10000000000FF10000000000FFCB
:1058B00010000000000FF10000000000FF100000C9
:1058C00000000FF14BEFD81000FF9FFFEFFE400FDD
:1058D000FFC3002BFE10FFD000000CF90FF50000F5
:1058E000005FE0FF20000001FF0FF20000001FF04A
:1058F000FF50000005FE0FFD000000DF80FFFC30C0
:1059000003CFE10FF8FFFFFFE300FF04BEFD8100BE
:105910000000007CEFD800003DFFFEFFE201EFC376
:10592000002BF808FC000000500EF5000000000FEE
:10593000F1000000000FF1000000000DF500000074
:105940000008FC0000005001EFC3002CF9002DFFFF
:10595000FFFFD100007CEFD70000000000001FF027
:105960000000000001FF00000000001FF000000028
:105970000001FF00000000001FF00018DFEB41FFF6
:10598000004EFFEFFF9FF01EFC2003CFFF09FD003C
:105990000000DFF0EF50000005FF0FF10000002FC6
:1059A000F0FF10000002FF0EF40000005FF09FC047
:1059B00000000CFF01EFA1001AFFF004EFFCDFF97B
:1059C000FF00018DFFB50FF000018DFEB500000353
:1059D000EFFDEFFA0001EF90003DF8008F9000001E
:1059E0002FF10EF2000000AF50FFFFFFFFFFF70F97
:1059F000F98888888840EF500000000008FD00000A
:105A00000010001EFC40017F50003EFFFEFFF5002D
:105A10000007CEFD92000002BFFC3000EFEDF30066
:105A20007FC0020009F6000000BF60000AFFFFFF10
:105A3000C08CEFDCC9000BF6000000BF6000000B5B
:105A4000F6000000BF6000000BF6000000BF600021
:105A5000000BF6000000BF6000000BF6000000BF66
:105A600060000000028DFEC60DF2005FFFFFFFBD6B
:105A7000F203FFB20019FFF20AFA0000008FF20FE2
:105A8000F30000001FF20FF10000000EF20FF30010
:105A900000001FF20AFB0000009FF203FFA20019A2
:105AA000FFF2005FFFEEFFAFF200029DFFC50FF1B6
:105AB00000000000001FF000200000008FC001EC7B
:105AC000510007FF6002DFFFEEFFF9000005ADFFA8
:105AD000EA4000FF1000000000FF1000000000FF7F
:105AE0001000000000FF1000000000FF1000000088
:105AF00000FF15BEFD8000FFBFFFFFFD00FFFA2085
:105B000006FF80FFC000007FD0FF5000002FF0FF95
:105B10002000000FF0FF1000000FF1FF1000000F39
:105B2000F1FF1000000FF1FF1000000FF1FF100057
:105B3000000FF1FF1000000FF11DE25FF60AA10057
:105B40000000000FF10FF10FF10FF10FF10FF10F46
:105B5000F10FF10FF10FF10FF10FF100000CE30065
:105B6000003FF8000009B200000000000000000043
:105B7000000EF300000EF300000EF300000EF30021
:105B8000000EF300000EF300000EF300000EF30011
:105B9000000EF300000EF300000EF300000EF30001
:105BA000000FF201004FF00BFDFF8008EFE800FF4F
:105BB0001000000000FF1000000000FF10000000B7
:105BC00000FF1000000000FF1000000000FF1000A8
:105BD00002EF80FF10003EF800FF1003FF8000FF7F
:105BE000104FF80000FF15FF900000FF7FFF8000BE
:105BF00000FFFFBFF40000FFF60AFE2000FF600078
:105C0000CFC000FF10002EF900FF100004FF50FF6E
:105C10001000007FF2FF1FF1FF1FF1FF1FF1FF1FB8
:105C2000F1FF1FF1FF1FF1FF1FF1FF1FF1FF10FF39
:105C300006CFFC6003AEFEA200FFBFFDFFFA6FFEC1
:105C4000DFFF30FFF70007FFFE3001CFD0FFA000DD
:105C500000BFF400002FF2FF4000007FE000000DC5
:105C6000F5FF2000006FC000000CF5FF1000006F72
:105C7000B000000CF5FF1000006FB000000CF5FF45
:105C80001000006FB000000CF5FF1000006FB000B6
:105C9000000CF5FF1000006FB000000CF5FF1000C5
:105CA000006FB000000CF5FF06CEFD8000FFBFFDC9
:105CB000EFFD00FFF80004EF80FFB000006FD0FFA1
:105CC0004000002FF0FF2000000FF0FF1000000F39
:105CD000F1FF1000000FF1FF1000000FF1FF1000A6
:105CE000000FF1FF1000000FF1FF1000000FF10096
:105CF000017CFFC71000003EFFEFFFD30001EFB2B1
:105D0000002BFE1008FC000000CF800EF500000004
:105D10005FD00FF10000002FF00FF10000002FF016
:105D20000EF50000005FD008FD000000DF7001EFFD
:105D3000C3003CFD10003DFFFFFFD20000017CFFCF
:105D4000C70000FF05BEFD81000FFAFFDDFFE40084
:105D5000FFFB1001AFE10FFC000000CF90FF5000EF
:105D60000004FE0FF20000001FF0FF20000001FF02
:105D70000FF50000005FE0FFD000000DF80FFFC33B
:105D8000003CFE10FF9FFFFFFE300FF14BEFD810DD
:105D900000FF10000000000FF10000000000FF10E5
:105DA000000000000FF1000000000000018DFEB4B3
:105DB0000FF004EFFEFFF8FF01EFB2003CFFF09F91
:105DC000C000000DFF0EF50000005FF0FF100000A6
:105DD00002FF0FF10000002FF0EF50000005FF0957
:105DE000FD000000DFF01EFC3003CFFF004EFFFF80
:105DF000FF9FF00018DFEB41FF00000000001FF0E4
:105E00000000000001FF00000000001FF000000083
:105E10000001FFFF05BE4FF8FFF4FFFC410FFD003E
:105E200000FF50000FF30000FF10000FF10000FF13
:105E300010000FF10000FF10000FF100000029DF3B
:105E4000FD93005FFFDEFFC00EF800017301FF004D
:105E50000000000EFA200000005FFFEB7200002837
:105E6000CFFFF8000000028FF300000000CF50D8F1
:105E700020004FF34FFFFEFFF90028CFFDB40000D4
:105E8000583000000BF6000000BF60000AFFFFFF63
:105E9000C08CEFDCC9000BF6000000BF6000000BF7
:105EA000F6000000BF6000000BF6000000BF6000BD
:105EB000000AF70000007FC0020001FFFEF40002AC
:105EC000BEEB201FF0000003FE1FF0000003FE1FCA
:105ED000F0000003FE1FF0000003FE1FF0000003AF
:105EE000FE1FF0000003FE1FF0000004FE1FF10083
:105EF0000006FE0EF500000CFE09FE30009FFE01BC
:105F0000DFFEDFFBFE0008DFFC52FE0DF5000000A7
:105F10000EF106FC0000006FA000FF300000DF4023
:105F2000008F900003FD00002FF1000AF600000B27
:105F3000F7001FE0000004FD008F80000000DF403C
:105F4000EF200000006FB5FB000000000FFDF40023
:105F500000000009FFD00000000002FF600000BF49
:105F60005000002FF0000006F75FA000008FF50042
:105F7000000CF10FF00000DFFB00002FB009F6006D
:105F800003FADF10008F5003FB0009F48F7000DF6D
:105F90000000EF100FE02FC003FA00008F605F8059
:105FA0000CF209F400002FC0BF2006F80EE000003C
:105FB0000CF3FC0000FE5F90000007FEF60000AF4F
:105FC000DF30000001FFF100004FFD00000000BFC6
:105FD000A000000EF700002FF400002FF305FE10C4
:105FE00000CF70009FB009FB00000DF74FE10000EB
:105FF00002FFEF300000006FF7000000009FFA0082
:10600000000005FEDF6000002FF42FF30000CF80BA
:1060100006FE1009FC0000AFB05FE100000DF70DB7
:10602000F60000000EF106FC0000006FA000EF403B
:106030000000DF30007FB00004FC00001FF2000B06
:10604000F5000009F9002FD0000002FF009F70004A
:106050000000BF71FF000000004FD7F800000000F3
:106060000CFFF20000000005FFA00000000000FF90
:10607000300000000005FC00000006102EF50000B6
:10608000004FFEFFA000000008EFD7000000000F47
:10609000FFFFFFFF70CCCCCCDFF50000000CF90057
:1060A000000009FC00000005FE20000002FF400087
:1060B0000001DF80000000BFB00000007FD10000C1
:1060C000004FF30000000EFECCCCCC72FFFFFFFFB0
:1060D000FA0009EF4009FFD300EF60000FF2000063
:1060E000FF20000FF20000FF20000FF20001FF1060
:1060F00009EFB000CFF800003FF00000FF10000FE4
:10610000F20000FF20000FF20000FF20000FF2005D
:1061100000DF600008FFD30008EF40BF4BF4BF4B27
:10612000F4BF4BF4BF4BF4BF4BF4BF4BF4BF4BF485
:10613000BF4BF4BF4BF4BF4BF4BF409FD60007EFFB
:10614000F40000AFA00006FB00006FB00006FB00EB
:10615000006FB00006FB00005FD00001EFD5000B20
:10616000FF7004FE10005FB00006FB00006FB0007F
:1061700006FB00006FB00006FB0000AF9007EFF3D6
:10618000009FD50000018950000951EFFFA002F5E2
:106190007F418FD8DF1AB0003CFD40004CFD60000D
:1061A0004F836F800C80005F00F40001F30D6000EE
:1061B0004F107E503DA0008FFFA000000210000095
:1061C0000001CFB07FFF56FFF50BFA000000000082
:1061D00000000000000001000000000000000000BE
:1061E000059EF80000000000000026BFFFFFD00061
:1061F0000000000048DFFFFFFFFD000000015AFF24
:10620000FFFFFFFFFFD0000005FFFFFFFFFFFFFFC5
:10621000FD000000AFFFFFFFFFFFFFFFD000000AFF
:10622000FFFFFFFFFD940EFD000000AFFFFFFC72BB
:106230000000EFD000000AFFEA500000000EFD0051
:106240000000AFF10000000000EFD000000AFF10D6
:10625000000000000EFD000000AFF1000000000093
:10626000EFD000000AFF10000000000EFD0000004B
:10627000AFF10000000354FFD000000AFF1000003F
:106280005EFFFFFD000000AFF100003FFFFFFFD009
:1062900001699DFF100006FFFFFFFC06FFFFFFF1F5
:1062A00000001EFFFFFF61FFFFFFFF1000002AFF3D
:1062B000FC501FFFFFFFF0000000001000009FFFD8
:1062C000FFF700000000000000004ACCA30000001F
:1062D00000000000004200788888888888870024B1
:1062E000F822EFFFFFFFFFFFFE228FFFFFFFB999AC
:1062F00099999BFFFFFFF944FF3000000003FF4422
:106300009FF600EF3000000003FE006FF700EF3053
:1063100000000003FE007FFFFFFF3000000003FFCE
:10632000FFFFFA66FF7444444447FF66AFF600EF90
:10633000FFFFFFFFFFFE006FF600EFDCCCCCCCCD03
:10634000FE006FFFEEFF3000000003FFEEFFFC8851
:10635000FF3000000003FF88CFF600EF30000000A0
:1063600003FE006FF600EF3000000003FE006FFE3A
:10637000CCFF4111111114FFCCEFFDAAFFFFFFFF6D
:10638000FFFFFFAADFC600EFFFFFFFFFFFFE006C6D
:10639000BFFFFE31DFFFFFFFFFFFFBFFFFFF63FFDC
:1063A000FFFFFFFFFFFFFFFFFF63FFFFFFFFFFFF99
:1063B000FFFFFFFF63FFFFFFFFFFFFFFFFFFFF6325
:1063C000FFFFFFFFFFFFFF588887007888888888D5
:1063D00088850000000000000000000000CFFFFFE3
:1063E00031EFFFFFFFFFFFFCFFFFFF63FFFFFFFF3A
:1063F000FFFFFFFFFFFF63FFFFFFFFFFFFFFFFFF49
:10640000FF63FFFFFFFFFFFFFFFFFFFF53FFFFFFE4
:10641000FFFFFFFF478887006888888888887400A6
:1064200000000000000000000000CFFFFF31EFFF80
:10643000FFFFFFFFFCFFFFFF63FFFFFFFFFFFFFF0B
:10644000FFFFFF63FFFFFFFFFFFFFFFFFFFF63FF94
:10645000FFFFFFFFFFFFFFFFFF52FFFFFFFFFFFFF9
:10646000FF377776005777777777777400000000EB
:106470000000000000160000000000000000000204
:10648000EFB000000000000000002EFFFB00000045
:106490000000000002EFFFFE000000000000002EE0
:1064A000FFFFF300000000000002EFFFFF3004E8F0
:1064B000000000002EFFFFF3004FFF80000002EFFE
:1064C000FFFF3000EFFFF800002EFFFFF30000AFEA
:1064D000FFFF8002EFFFFF3000000AFFFFF82EFFF2
:1064E000FFF300000000AFFFFFFFFFFF30000000E0
:1064F000000AFFFFFFFFF3000000000000AFFFFFF6
:10650000FF300000000000000AFFFFF30000000061
:1065100000000000AFFE3000000000000000000995
:10652000D300000000000008C400000002C9009F62
:10653000FF4000002EFFB0FFFFF40002EFFFF17FED
:10654000FFFF402EFFFF9008FFFFF6EFFFFA00006D
:106550008FFFFFFFFFA0000008FFFFFFFA00000011
:10656000009FFFFFB000000002EFFFFFF4000000FB
:106570002EFFFFFFFF400002EFFFFDFFFFF4002EA4
:10658000FFFFA08FFFFF40DFFFFA0008FFFFF0DFF3
:10659000FFA000008FFFE02EFA00000008FF30008F
:1065A0003000000000210000000000013300000066
:1065B0000000000000000DFF60000000000000006F
:1065C000000EFF80000000000000AF500EFF800BA7
:1065D000F40000000BFFE00EFF804FFF5000009F13
:1065E000FFE00EFF805FFFF20003FFFE300EFF8032
:1065F00008FFFC000BFFF3000EFF8000AFFF501FF1
:10660000FF90000EFF80001FFFB06FFF30000EFFF5
:10661000800009FFF08FFF00000EFF800005FFF2F1
:10662000AFFD00000EFF800003FFF39FFD00000C94
:10663000FF500004FFF28FFF00000011000006FF72
:10664000F14FFF5000000000000BFFE00FFFC00003
:10665000000000003FFF9008FFF80000000001EF7D
:10666000FF2001EFFF900000002DFFF900004FFF19
:10667000FD620149FFFFC0000006FFFFFFFFFFFFB3
:10668000FD100000004EFFFFFFFFFFA00000000014
:10669000007DFFFFFFB40000000000000025653012
:1066A00000000000000000000000000000000000EA
:1066B0000000006CEEC70000000000000000BFFFFB
:1066C000FC0000000000000000BFFFFC0000000014
:1066D0000008302AFFFFFFB2038000008FFBFFFF9E
:1066E000FFFFFFBFF80003FFFFFFFFFFFFFFFFFFFC
:1066F000400BFFFFFFFFFFFFFFFFFFB01FFFFFFF8C
:10670000FA55AFFFFFFFF206EFFFFF700007FFFF34
:10671000FF60002FFFFD000000CFFFF300003FFFF0
:10672000FA0000009FFFF300002FFFFB000000AF06
:10673000FFF300008FFFFF200001FFFFF9001EFFA5
:10674000FFFFD3003DFFFFFFE10EFFFFFFFFEEFF66
:10675000FFFFFFE007FFFFFFFFFFFFFFFFFF8000DE
:10676000DFFFFFFFFFFFFFFFFD00002FB29FFFFFD6
:10677000FFFA2AF30000010002DFFFFE30001000E4
:1067800000000000BFFFFC0000000000000000BF90
:10679000FFFB000000000000000014664100000044
:1067A0000000000000001BE90005FFD00000000011
:1067B00000003EFFFC107FFF0000000000006FFFA4
:1067C000FFFE37FFF000000000009FFFB4DFFFBFB7
:1067D000FF0000000001BFFF8001BFFFFFF00000CD
:1067E0000002DFFF508F509FFFFF00000004FFFEFC
:1067F00030BFFF706FFFF1000007FFFC12DFFFFFEB
:10680000A03EFFE3000AFFFA03EFFFFFFFC12DFFE9
:10681000F60CFFF706FFFFFFFFFFE30BFFF89FF506
:1068200009FFFFFFFFFFFFF508FF50930AFFFFFF7F
:10683000FFFFFFFFF605700000EFFFFFFFFFFFFF08
:10684000FFA00000000EFFFFFFCCCFFFFFFA00000B
:106850000000EFFFFF50009FFFFFA00000000EFFB1
:10686000FFF50009FFFFFA00000000EFFFFF5000F6
:106870009FFFFFA00000000EFFFFF50009FFFFFAD9
:1068800000000000DFFFFF40008FFFFF90000000CE
:106890000244444000014444410000000000000262
:1068A000222000000000000000009FFFF90000000F
:1068B0000000000000CFFFFC00000000000000000E
:1068C000CFFFFC0000000000000000CFFFFC000034
:1068D000000000000000CFFFFC00000000000000EE
:1068E00000CFFFFC0000000000000000CFFFFC0014
:1068F00000000000000000CFFFFC000000000003CB
:10690000EEEEFFFFFFEEEE20000002FFFFFFFFFFB5
:10691000FFFF200000003FFFFFFFFFFFF30000002C
:106920000003FFFFFFFFFF3000000000003FFFFFFC
:10693000FFF300000000000003FFFFFF4000000025
:10694000000000004FFFF400000000CFFFFFFC0438
:10695000FF40CFFFFFFCFFFFFFFFC0230CFFFFFF47
:10696000FFFFFFFFFFFC44CFFFFFFFFFFFFFFFFF25
:10697000FFFFFFFFFFFFFFFFFFFFFFFFFFFFF16EC6
:106980000BFFFFFFFFFFFFFFFFF6AF5DFFBFFFFF46
:10699000FFFFFFFFFFFFFFFB000004ABBBBBBBBB68
:1069A000BBA20000000004FFFFFFFFFFFFFFE100AC
:1069B000000000EFFFFFFFFFFFFFFFB00000009FA0
:1069C000FA00000000001DFF5000004FFE10000004
:1069D0000000004FFE10000DFF60000000000000EE
:1069E000AFFA0009FFB000000000000001EFF5035E
:1069F000FFF20000000000000005FFE1DFFA444460
:106A00002000000034444DFF8FFFFFFFFE00000018
:106A10003FFFFFFFFBFFFFFFFFF700000BFFFFFF44
:106A2000FFCFFFFFFFFFE88888FFFFFFFFFCFFFFAE
:106A3000FFFFFFFFFFFFFFFFFFFFCFFFFFFFFFFF96
:106A4000FFFFFFFFFFFFFCFFFFFFFFFFFFFFFFFF59
:106A5000FFFFFFBDFFFFFFFFFFFFFFFFFFFFFFF98E
:106A60004EFFFFFFFFFFFFFFFFFFFFFC10000000D6
:106A70000000000000000676000000059CDDB83034
:106A8000000FFF000006EFFFFFFFFC400FFF0000BC
:106A9000BFFFFFFFFFFFF90FFF000CFFFFA5346BE7
:106AA000FFFFCEFF00AFFFB20000002BFFFFFF058E
:106AB000FFF900000000008FFFFF0DFFB000000095
:106AC0007DDCBFFFFF2FFF20000000AFFFFFFFFFB7
:106AD0006FFB000000009FFFFFFFFF02200000008F
:106AE000000222222221000000000000000000001D
:106AF000000000000000000000000000DEEEEEEEEE
:106B0000E7000000009EE5FFFFFFFFFA0000000124
:106B1000FFF3FFFFFFFFF900000009FFE0FFFFF4B4
:106B200000100000005FFF70FFFFFF700000000713
:106B3000FFFD00FFFFFFFD610005CFFFF200FFE357
:106B4000EFFFFFEEFFFFFE3000FFF019FFFFFFFF3A
:106B5000FFB10000FFF00028DFFFFEA3000000AB44
:106B6000A00000013310000000000000000003300E
:106B700000000006FF00000006FFF0000006FFFF17
:106B8000244447FFFFFEFFFFFFFFFFFFFFFFFFFF64
:106B9000FFFFFFFFFFFFFFFFFFFFFFFFFFFFFFFF05
:106BA000FFFFFFFFFFFFFFFFFFFFFFFFBFFFFFFF35
:106BB000FFF000002EFFFF0000002EFFF00000009D
:106BC0002EFF000000002EC00000000000000000AA
:106BD00000033000000000000006FF00000000007D
:106BE0000006FFF0000000000006FFFF0000002488
:106BF0004447FFFFF000000EFFFFFFFFFF0075009E
:106C0000FFFFFFFFFFF02FF70FFFFFFFFFFF007FEA
:106C1000F0FFFFFFFFFFF000DF3FFFFFFFFFFF0080
:106C20000FF3FFFFFFFFFFF00CFD0FFFFFFFFFFF64
:106C300001FE20BFFFFFFFFFF001000000002EFF5C
:106C4000FF0000000000002EFFF000000000000028
:106C50002EFF000000000000002DC000000000001A
:106C600000000000000000000000000000000073B1
:106C700000000000000000000000004FF7000000CE
:106C800000000003300000009FF700000000000635
:106C9000FF000001007FF50000000006FFF0000586
:106CA000F9009FE100000006FFFF00004FFB00DF3E
:106CB00080244447FFFFF000003FF704FF0EFFFF72
:106CC000FFFFFF0086004FF10DF4FFFFFFFFFFF015
:106CD0002FF700CF609F8FFFFFFFFFFF006FF107CF
:106CE000F906FAFFFFFFFFFFF000DF405FB05FBF74
:106CF000FFFFFFFFFF001FF205FA05FBFFFFFFFF8D
:106D0000FFF00DFC009F807F9FFFFFFFFFFF01FD55
:106D1000201EF30BF6BFFFFFFFFFF001000AFC018E
:106D2000FF2000002EFFFF00000BFF208FC000009F
:106D3000002EFFF00007FF402FF4000000002EFFA0
:106D4000000019201DFA00000000002EC000000005
:106D50002DFD100000000000000000002FFD2000AD
:106D6000000000000000000002FB10000000000016
:106D70000000000000000000000577777777777744
:106D8000777777509FFFFFFFFFFFFFFFFFFFF9FFC0
:106D9000FFFFFFFFFFFFFFFFFFFFFFF601BFFFFF4A
:106DA000FFFFFFFFFFFF90000FFFFFFFFFFFFFFF51
:106DB000FF70000DFFFFFFDBFFFFFFFFC0002FFF95
:106DC000FFFD10AFFFFFFFFB56EFFFFFD1000AFFF3
:106DD000FFFFFFFFFFFFFD100000AFFFFFFFF72EDB
:106DE000FFD10000000DFFFFFF7002ED100000005A
:106DF0000CFFFFF7000021000000000CFFFFC000A7
:106E00000000000000000CFFFFC0000000000000B8
:106E1000000CFFFFFCCCCCCCCCCCCCCCCFFFEFFF1C
:106E2000FFFFFFFFFFFFFFFFFD4EFFFFFFFFFFFF25
:106E3000FFFFFFE400000001000000000000007FF1
:106E400090000000000000EFF1000000000005FFCE
:106E5000F700000000000CFFFD00000000004FFFE5
:106E6000FF6000000000CFFFFFE000000006FFFF12
:106E7000FFF80000002FFFFFFFFF300000CFFFFFF3
:106E8000FFFFD00007FFFFFFFFFFF9001FFFFFFF1D
:106E9000FFFFFF207FFFFFFFFFFFFF90CFFFFFFF00
:106EA000FFFFFFE0EFFBFFFFFFFFFFF0FFC0DFFF93
:106EB000FFFFFFF1DFE09FFFFFFFFFF09FF51EFFE9
:106EC000FFFFFFB03FFE218BFFFFFF500AFFF720BF
:106ED000DFFFFB0000BFFFFFFFFFD1000008FFFF47
:106EE000FFFA0000000017ABA72000000000000020
:106EF00000000001EFC00000000BD32FFE000000D7
:106F00001DFF82FFE000002DFFF92FFE00002EFF85
:106F1000FF92FFE0003EFFFFF92FFE004FFFFFFF53
:106F200092FFE05FFFFFFFF92FFE6FFFFFFFFF9271
:106F3000FFFFFFFFFFFFF92FFFFFFFFFFFFF92FFA4
:106F4000FFFFFFFFFFF92FFFCFFFFFFFFF92FFE0E3
:106F5000BFFFFFFFF92FFE00AFFFFFFF92FFE00032
:106F60008FFFFFF92FFE00007FFFFF92FFE0000080
:106F70006FFFF92FFE0000005FFF92FFE0000000AE
:106F80004FF5044300000000130002200000000041
:106F9000000000008FFB2000000000000000FFFF49
:106FA000F800000000000000FFFFFFE50000000007
:106FB0000000FFFFFFFFC20000000000FFFFFFFF17
:106FC000FF9100000000FFFFFFFFFFFE60000000D8
:106FD000FFFFFFFFFFFFFC300000FFFFFFFFFFFF91
:106FE000FFF91000FFFFFFFFFFFFFFFFF700FFFFAC
:106FF000FFFFFFFFFFFFFFC0FFFFFFFFFFFFFFFFE0
:10700000FFF3FFFFFFFFFFFFFFFFFFF1FFFFFFFFAA
:10701000FFFFFFFFFE40FFFFFFFFFFFFFFFF8000BE
:10702000FFFFFFFFFFFFFFB20000FFFFFFFFFFFFBB
:10703000D4000000FFFFFFFFFFF700000000FFFF8C
:10704000FFFFFA1000000000FFFFFFFD40000000FE
:107050000000FFFFFF70000000000000CFFF910064
:107060000000000000002AA3000000000000000053
:10707000000000000000000000003DFFFFE60003EC
:10708000DFFFFE60DFFFFFFF100DFFFFFFF1FFFFDF
:10709000FFFF300FFFFFFFF3FFFFFFFF400FFFFF7A
:1070A000FFF4FFFFFFFF400FFFFFFFF4FFFFFFFFB5
:1070B000400FFFFFFFF4FFFFFFFF400FFFFFFFF454
:1070C000FFFFFFFF400FFFFFFFF4FFFFFFFF400F39
:1070D000FFFFFFF4FFFFFFFF400FFFFFFFF4FFFF85
:1070E000FFFF400FFFFFFFF4FFFFFFFF400FFFFF19
:1070F000FFF4FFFFFFFF400FFFFFFFF4FFFFFFFF65
:10710000400FFFFFFFF4FFFFFFFF400FFFFFFFF403
:10711000FFFFFFFF400FFFFFFFF4FFFFFFFF400FE8
:10712000FFFFFFF4FFFFFFFF300FFFFFFFF38FFFB5
:10713000FFFB0008FFFFFFB002444430000024447E
:1071400043003DFFFFFFFFFFFFFFFE60DFFFFFFF8C
:10715000FFFFFFFFFFF1FFFFFFFFFFFFFFFFFFF359
:10716000FFFFFFFFFFFFFFFFFFF4FFFFFFFFFFFF3A
:10717000FFFFFFF4FFFFFFFFFFFFFFFFFFF4FFFF35
:10718000FFFFFFFFFFFFFFF4FFFFFFFFFFFFFFFF1A
:10719000FFF4FFFFFFFFFFFFFFFFFFF4FFFFFFFF15
:1071A000FFFFFFFFFFF4FFFFFFFFFFFFFFFFFFF405
:1071B000FFFFFFFFFFFFFFFFFFF4FFFFFFFFFFFFEA
:1071C000FFFFFFF4FFFFFFFFFFFFFFFFFFF4FFFFE5
:1071D000FFFFFFFFFFFFFFF4FFFFFFFFFFFFFFFFCA
:1071E000FFF4FFFFFFFFFFFFFFFFFFF4FFFFFFFFC5
:1071F000FFFFFFFFFFF38FFFFFFFFFFFFFFFFFB06A
:10720000024444444444444443000000000000005D
:107210000002DC10000000BFF37FFD2000000DFF26
:1072200047FFFE300000DFF47FFFFF40000DFF4707
:10723000FFFFFF5000DFF47FFFFFFF600DFF47FF00
:10724000FFFFFF70DFF47FFFFFFFFF8DFF47FFFFB2
:10725000FFFFFFFFF47FFFFFFFFFFFFF47FFFFFF81
:10726000FFFFFFF47FFFFFFFFFCDFF47FFFFFFFFA3
:10727000B0DFF47FFFFFFFA00DFF47FFFFFF90008F
:10728000DFF47FFFFF80000DFF47FFFF700000DF8E
:10729000F47FFF6000000DFF44FF50000000CFF4BA
:1072A00002200000000244000000000008EA100074
:1072B00000000000000009FFFC00000000000000CA
:1072C00007FFFFFB00000000000006FFFFFFFA00C1
:1072D0000000000005FFFFFFFFF90000000004FFB1
:1072E000FFFFFFFFF700000003FFFFFFFFFFFFF6B8
:1072F000000002EFFFFFFFFFFFFFF50001EFFFFFC0
:10730000FFFFFFFFFFF400CFFFFFFFFFFFFFFFFFC7
:10731000E10FFFFFFFFFFFFFFFFFFF309FFFFFFFBA
:10732000FFFFFFFFFFD00056666666666666666111
:1073300000000000000000000000000AFFFFFFFF47
:10734000FFFFFFFFFD00FFFFFFFFFFFFFFFFFFF35A
:107350000FFFFFFFFFFFFFFFFFFF40FFFFFFFFFFEC
:10736000FFFFFFFFF40EFFFFFFFFFFFFFFFFFF2008
:1073700027777777777777777730000000001920C5
:1073800000000001DFE20000001DFFF8000001DF47
:10739000FFD100001DFFFC100001DFFFC100001D38
:1073A000FFFC100001DFFFC100001DFFFC1000000A
:1073B000BFFFD10000007FFFF600000007FFFF6065
:1073C0000000007FFFF600000007FFFF60000000E4
:1073D0007FFFF600000007FFFF600000007FFFF561
:1073E00000000007FFF6000000007F900000000092
:1073F00001000580000000005FFB00000000CFFFDF
:10740000B00000003EFFFB00000003EFFFB00000F3
:10741000003EFFFB00000003EFFFB00000003EFF56
:10742000FB00000003EFFFB00000003FFFF700008B
:10743000009FFFF3000009FFFF4000009FFFF400E2
:107440000009FFFF4000009FFFF4000009FFFF401C
:1074500000008FFFF4000000AFFF400000001CF4AC
:107460000000000000000000000000000001BED38A
:107470000000000000000006FFFA0000000000000D
:107480000007FFFB0000000000000007FFFB0000FA
:10749000000000000007FFFB0000000000000007E4
:1074A000FFFB0000000000000007FFFB00000000E1
:1074B00014555559FFFC55555420DFFFFFFFFFFFC2
:1074C000FFFFFFF1FFFFFFFFFFFFFFFFFFF3FFFFE6
:1074D000FFFFFFFFFFFFFFF36CDDDDDEFFFFDDDD04
:1074E000DC9000000007FFFB000000000000000728
:1074F000FFFB0000000000000007FFFB0000000091
:1075000000000007FFFB0000000000000007FFFB79
:107510000000000000000007FFFB0000000000006A
:107520000004FFF8000000000000000036500000DA
:10753000000002222222222222222200BFFFFFFF7D
:10754000FFFFFFFFFFE1FFFFFFFFFFFFFFFFFFF375
:10755000FFFFFFFFFFFFFFFFFFF38FFFFFFFFFFFB7
:10756000FFFFFFB0000000000023431000000000F8
:10757000000000005BFFFFFFEA4000000000000584
:10758000EFFFFDCEFFFFC3000000001BFFFF7100F7
:10759000029FFFF80000002DFFFE200253005FFF56
:1075A000FB00001EFFFF30006FFC107FFFFB000C94
:1075B000FFFFA00006FFFC00EFFFF806FFFFF5014C
:1075C00003EFFFF409FFFFF3EFFFFF30BFFFFFFF03
:1075D000707FFFFFADFFFFF30AFFFFFFF607FFFF1E
:1075E000F93FFFFF605FFFFFFF10AFFFFE108FFF4F
:1075F000FC00AFFFFF601FFFFF5000AFFFF6006C05
:10760000DB400AFFFF700000AFFFF600000009FF3B
:10761000FF700000006FFFFC52126DFFFE40000083
:10762000000019FFFFFFFFFFF8000000000000014D
:107630005ADEFED9500000000000000000000000EB
:10764000000000000000004E70000000000000007C
:107650000000000000EFFB00000000000000000040
:107660000000006FFFD20000002432000000000084
:107670000003EFFF6028CFFFFFFB60000000000069
:107680001BFFFCFFFFECDFFFFE7000000000008F1F
:10769000FFFFA300006EFFFC200000000004EFFFCE
:1076A00070154001DFFFE300000001001CFFFB1F1D
:1076B000FE502FFFFF2000007E30009FFFEFFFF302
:1076C00008FFFFD00002FFF60005FFFFFFFA03FFEF
:1076D000FFF80008FFFFA0002DFFFFFD01FFFFFFE7
:1076E0000006FFFFFA0000AFFFFB02FFFFFE0000F5
:1076F000DFFFFD000006FFFF55FFFFF500002FFF35
:10770000FF4000003DFFFEFFFF90000004FFFFD0A0
:10771000000000BFFFFFFB000000004FFFFB100058
:107720000007FFFFC00000000002DFFFE83120007B
:107730003EFFF6000000000006EFFFFFFB0001BF68
:10774000FFA00000000000049CEFFD800008FFFD8A
:107750002000000000000000000000004EFFF300C9
:107760000000000000000000000001CFF400000055
:1077700000000000000000000008600000000000A1
:1077800000000000000000000000000000001DFBE1
:1077900000000000000000000000000BFFF70000E8
:1077A000000000000000000004FFFFF100000000E6
:1077B000000000000000DFFFFFA00000000000004C
:1077C0000000007FFFFFFF3000000000000000000D
:1077D0001FFFFFFFFC00000000000000000AFFFF89
:1077E000FFFFF60000000000000003FFFD888FFF90
:1077F000E000000000000000CFFF8000CFFF80000D
:1078000000000000006FFFF9000DFFFF20000000E6
:1078100000000EFFFFA000EFFFFB000000000008CB
:10782000FFFFFB000FFFFFF40000000002FFFFFF5F
:10783000C000FFFFFFD000000000BFFFFFFD001FE2
:10784000FFFFFF700000004FFFFFFFFDCDFFFFFFB8
:10785000FF1000000DFFFFFFFE306FFFFFFFFA007B
:107860000007FFFFFFFF8000BFFFFFFFF30001FFE6
:10787000FFFFFFF8000CFFFFFFFFC0009FFFFFFFAF
:10788000FFF417FFFFFFFFFF500FFFFFFFFFFFFF9A
:10789000FFFFFFFFFFFB00DFFFFFFFFFFFFFFFFF1B
:1078A000FFFFFF9002BCCCCCCCCCCCCCCCCCCCCC95
:1078B0009000000000000000000000000000000038
:1078C00000000000003C500000000000000000002C
:1078D0007FF50012222000000000229FFF50FFFFD2
:1078E000FE2000000CFFFFFFF5FFFFFFE20000CFCE
:1078F000FFFFFFFFFFFFFFFD100BFFFFFFFFF8453E
:1079000055BFFF60AFFFD5AFFF8000000BF80AFF47
:10791000FE108FF800000000709FFFE2004F800013
:1079200000000008FFFE20000000000000007FFFB4
:10793000F310002A3000000006FFFF41DA007FF359
:107940000000005FFFF40DFF908FFF30EFFFFFFF9F
:10795000502EFFFFFFFFF3FFFFFFF60002EFFFFFD8
:10796000FFFEFFFFFF7000003FFFFFFFFA67777524
:107970000000000377BFFFA000000000000000002F
:107980008FFA0000000000000000006FA00000005F
:10799000000000000000020000000000004E700027
:1079A0000000000000004FFF700000000000004FCA
:1079B000FFFF7000000000004FFFFFFF700000009D
:1079C000004FFFFCFFFF700000004FFFFA05FFFFB4
:1079D0007000004FFFFA0005FFFF70004FFFF90035
:1079E0000006FFFF703FFFF900000006FFFF7AFF6F
:1079F000F90000000006FFFF2EF90000000000065D
:107A0000FF5025000000000000044009D3000000E2
:107A1000000001CB18FFE30000000001CFFC9FFF36
:107A2000E300000001CFFFD0BFFFE3000001CFFF64
:107A3000D100BFFFE30001CFFFD10000BFFFE30192
:107A4000CFFFD1000000BFFFE4CFFFD10000000056
:107A5000BFFFFFFFD10000000000BFFFFFD100000B
:107A600000000000BFFFD100000000000000BFD1F7
:107A7000000000000000000061000000000000277E
:107A800010000000000000000000000002EFD10024
:107A9000000000000000000000002EFFFD103FFF6E
:107AA000FFFFFFFFE0000002EFFFFFD13FFFFFFFFE
:107AB000FFFFF100002EFFFFFFFD15BBBBBBBBEFBF
:107AC000F10000DFFBEFDCFFB000000000AFF100D1
:107AD000009FC0EFD1DF7000000000AFF100000395
:107AE00000EFD0030000000000AFF100000000EF45
:107AF000D0000000000000AFF100000000EFD00057
:107B00000000000000AFF100000000EFD000000016
:107B1000000750AFF119300000EFD0000000008FD7
:107B2000F6AFF3DFE00000EFD0000000005FFFEFF2
:107B3000FEFFD00000EFFFFFFFFFFC17FFFFFFFD80
:107B4000100000EFFFFFFFFFFF806FFFFFD100007D
:107B5000006BBBBBBBBBBA3006FFFC1000000000D3
:107B6000000000000000006FC100000000000000E5
:107B70000000000000020000000578888871000005
:107B800000000000AFFFFFFFFD100000000000FF3D
:107B9000FFFFFFFFD10000000000FFFFFFFFFFFE1F
:107BA000CCCCCCCB91FFFFFFFFFFFFFFFFFFFFFC23
:107BB000FFFFFFFFFFFFFFFFFFFFFFFFFFFFFFFFD5
:107BC000FFFFFFFFFFFFFFFFFFFFFFFFFFFFFFFFC5
:107BD000FFFFFFFFFFFFFFFFFFFFFFFFFFFFFFFFB5
:107BE000FFFFFFFFFFFFFFFFFFFFFFFFFFFFFFFFA5
:107BF000FFFFFFFFFFFFFFFFFFFFFFFFFFFFFFFF95
:107C0000FFFFFFFFFFFFFFFFFFFFFFFFFFFFFFFF84
:107C1000FFFFFFFFFFFFFFFFFFFFFFFFFFFFEFFF84
:107C2000FFFFFFFFFFFFFFFFFD4EFFFFFFFFFFFF17
:107C3000FFFFFFE400000000000000000000000063
:107C400000000003FC1000000000000000003FFFE7
:107C5000C10000000000000003FFFFFC1000000056
:107C60000000003FFFFFFFC1000000000003FFFF16
:107C7000FFFFFC10000000003FFFFFFFFFFFC100FF
:107C8000000003FFFFFFFFFFFFFC00000006FFFFF7
:107C9000FFFFFFFFFF100000001111EFFFF91110AF
:107CA000000000000000EFFFF900000000000000ED
:107CB00000EFFFF90000000000000000EFFFF900F6
:107CC00000000000000000EFFFF9000000000000CD
:107CD0000000EFFFF90000000000000000EFFFF9D6
:107CE00000000000CFFFFFE0DFFFF80EFFFFFCFF0A
:107CF000FFFFF32666503FFFFFFFFFFFFFFE52220C
:107D000025EFFFFFFFFFFFFFFFFFFFFFFFFFFFFF6D
:107D1000FFFFFFFFFFFFFFF16E0BFFFFFFFFFFFF06
:107D2000FFFFF6AF5DFFBFFFFFFFFFFFFFFFFFFF9E
:107D3000FB00000000000000000200000000000046
:107D40000000000007FFC851000000000000000014
:107D5000EFFFFFE0000000000000005FFFFFFF00FA
:107D60000000000000000CFFFFFFE000000000002A
:107D70000003FFFFFFFD000000000000008FFFFF79
:107D8000FFA000000000000002DFFFFFF70000007E
:107D90000000000001CFFFFF3000000000000000E5
:107DA00000DFFFD000000000000000003FFFF800EF
:107DB000000000000000000CFFFF100000000000A9
:107DC000000008FFFF800000000000000005FFFF2A
:107DD000D000000005B8000006FFFFF30000018E90
:107DE000FFF60008FFFFF6000009FFFFFFF44DFF5C
:107DF000FFF8000000EFFFFFFFFFFFFFF8000000AB
:107E00000BFFFFFFFFFFFFF6000000007FFFFFFFFB
:107E1000FFFFC20000000004FFFFFFFFFE60000044
:107E20000000000FFFFFFFB5000000000000007B16
:107E3000B9740000000000000000018CDA2000008E
:107E4000000020001DFFFFF30000008FFF80AFFF48
:107E5000FFFD00000AFFFFF1EFE10CFF2000BFFF74
:107E6000FE30FFD00AFF300BFFFFE300BFFCBFFF77
:107E700010CFFFFE30003FFFFFFFDCFFFFE30000FD
:107E800003DFFFFFFFFFFE20000000012DFFFFFFCB
:107E9000E2000000000002FFFFFF300000000000D1
:107EA0000BFFFFFFC0000000018CEFFFFFFFFC0095
:107EB00000001DFFFFFFFFFFFFC00000AFFFFFFF3F
:107EC00033EFFFFC0000EFE10CFF202EFFFFC100AD
:107ED000FFD00AFF3002EFFFFC10BFFCBFFF000025
:107EE0001DFFFFC03FFFFFF7000001CFFFD103DF01
:107EF000FE6000000004750000011000000000009A
:107F0000000000000012222222010000000003FFF6
:107F1000FFFFFE0E7000000005FFFFFFFE0EF700E2
:107F2000000005FFFFFFFE0EFF70012205FFFFFFAF
:107F3000FE0EFFF2DFFF25FFFFFFFF100000FFFF37
:107F400025FFFFFFFFFFFFF3FFFF25FFFFFFFFFF01
:107F5000FFF3FFFF25FFFFFFFFFFFFF3FFFF25FFFD
:107F6000FFFFFFFFFFF3FFFF25FFFFFFFFFFFFF313
:107F7000FFFF25FFFFFFFFFFFFF3FFFF25FFFFFFD1
:107F8000FFFFFFF3FFFF25FFFFFFFFFFFFF3FFFFF3
:107F900025FFFFFFFFFFFFF3FFFF25FFFFFFFFFFB1
:107FA000FFF3FFFF25FFFFFFFFFFFFF3FFFF24FFAE
:107FB000FFFFFFFFFFF2FFFF5056666666666650E2
:107FC000FFFFE400000000000000FFFFFFFFFFFFD5
:107FD000FE000000FFFFFFFFFFFFFE0000008BCC54
:107FE000CCCCCCCCB70000002ACCCCCCCCCCCC9127
:107FF0000000CFFFFFFFFFFFFFFD1000FFFFFFFFAF
:10800000FFFFFFFFD100FFC00000000003FFFD10D5
:10801000FFC00000000001FFFFD0FFC00000000013
:1080200001FFFFF5FFC00000000001FFFFF6FFC0E9
:108030000000000001FFFFF6FFFBBBBBBBBBBCFFAA
:10804000FFF6FFFFFFFFFFFFFFFFFFF6FFFFFFFF52
:10805000FFFFFFFFFFF6FFFFFFFE513BFFFFFFF6B5
:10806000FFFFFFF30000CFFFFFF6FFFFFFE0000080
:108070008FFFFFF6FFFFFFF000009FFFFFF6FFFFFF
:10808000FFF90004FFFFFFF6FFFFFFFFDABFFFFF6E
:10809000FFF6EFFFFFFFFFFFFFFFFFF56FFFFFFFA3
:1080A000FFFFFFFFFFB00022222222222222210016
:1080B000CEEEEEEEEEEEEEEEEED1FFFFFFFFFFFFB7
:1080C000FFFFFFF4FFFFFFFFFFFFFFFFFFF313338F
:1080D000333333333333332000000000000000001B
:1080E0000000000000000000000000000000000090
:1080F000000000000000DFFFFFFFFFFFFFFFFFE2C7
:10810000FFFFFFFFFFFFFFFFFFF4FFFFFFFFFFFF8A
:10811000FFFFFFF31222222222222222221000003D
:10812000000000000000000000000000000000004F
:10813000000000000000000000000000DFFFFFFF63
:10814000FFFFFFFFFFE2FFFFFFFFFFFFFFFFFFF467
:10815000FFFFFFFFFFFFFFFFFFF312222222222279
:108160002222221002444444444444444444207F94
:10817000FFFFFFFFFFFFFFFFFFF7FFFFFFFFFFFF17
:10818000FFFFFFFFFFFFFFFFFFFFFFFFFFFFFFFFFF
:108190007FFFFFFFFFFFFFFFFFFFF704EFFFFFFF82
:1081A000FFFFFFFFFE40B11BFFFFFFFFFFFFFFB11F
:1081B0003EFE507FFFFFFFFFFFF707FFFFF903EFD2
:1081C000FFFFFFFE31BFFFFFFFD31BFFFFFFB14EDD
:1081D000FFFFFFFFFF806FFFF609FFFFFFFFFFFFBD
:1081E000FB129922CFFFFFFFFFFFFFFFF8338FFF46
:1081F000FFFFFFFFFFFFFFFFFFFFFFFFFFFFFFFF8F
:10820000FFFFFFFFFFFFFFFFFFEFFFFFFFFFFFFF8E
:10821000FFFFFFFD4EFFFFFFFFFFFFFFFFFFE4003B
:108220000344444300000008FFFFFFF8000000BFC4
:10823000FFFFFF6000000DFFFFFFF1000000FFFFE8
:10824000FFFC0000002FFFFFFF70000004FFFFFF96
:10825000F20000006FFFFFFE66665108FFFFFFFFA0
:10826000FFFFA0AFFFFFFFFFFFF60CFFFFFFFFFFC9
:10827000FD00FFFFFFFFFFFF400DFFFFFFFFFFB00F
:1082800000012222FFFFF2000000002FFFF8000093
:10829000000006FFFE0000000000AFFF60000000CD
:1082A000000EFFC00000000002FFF300000000000D
:1082B0005FFA000000000009FF100000000000CF7E
:1082C0007000000000000690000000000000001098
:1082D00000000000000000001CFF900000000000F3
:1082E0008CCCDFBCFCCCC6000000FFFFFE01FFFF12
:1082F000FC000000FFFFFFDEFFFFFC000000FFFFAF
:10830000FFFFFFFFFC000000FFFFFF9200000000E6
:108310000000FFFFFC01222222010000FFFFF80EF7
:10832000FFFFFC0E7000FFFFF81FFFFFFC0EF700C1
:10833000FFFFF81FFFFFFC0EFF70FFFFF81FFFFF9E
:10834000FC0EFFF2FFFFF81FFFFFFE100000FFFF13
:10835000F81FFFFFFFFFFFF3FFFFF81FFFFFFFFF07
:10836000FFF3FFFFF81FFFFFFFFFFFF3FFFFF81F03
:10837000FFFFFFFFFFF3FFFFF81FFFFFFFFFFFF30C
:108380005888841FFFFFFFFFFFF30000001FFFFF5F
:10839000FFFFFFF30000001FFFFFFFFFFFF30000E0
:1083A000001FFFFFFFFFFFF300000008AAAAAAAA10
:1083B000AA80000000000000000000000000000093
:1083C0006FA00000000000000000BFF000000000EF
:1083D00000000028EFF940000000000008FFFFFF48
:1083E000FB1000000000AFFFFFFFFFC00000000512
:1083F000FFFFFFFFFFF80000000DFFFFFFFFFFFF83
:108400000000001FFFFFFFFFFFFF5000003FFFFFC6
:10841000FFFFFFFF7000004FFFFFFFFFFFFF800027
:10842000005FFFFFFFFFFFFF9000008FFFFFFFFFD8
:10843000FFFFC00000CFFFFFFFFFFFFFF00002FFC4
:10844000FFFFFFFFFFFFF6000BFFFFFFFFFFFFFF38
:10845000FE109FFFFFFFFFFFFFFFFFC0FFFFFFFFBB
:10846000FFFFFFFFFFF36CDDDDDDDDDDDDDDDD903A
:10847000000000000000000000000000000FFFFFEF
:108480004000000000000009FFFD000000000000A7
:1084900000007B810000000019BBBBBBBBBBBBBBAA
:1084A000BBBBBBB70CFFFFFFFFFFFFFFFFFFFFFFE3
:1084B000F7FFFFFFFFFFFFFFFFFFFFFFFFBFFD0015
:1084C0008F107F105F303F501FFCFFC007E006F0A9
:1084D00004F202F400FFCFFC008F007F105F303FFA
:1084E000501FFCFFFFFFFFFFFFFFFFFFFFFFFFCF5E
:1084F000FFFE66BF66AF768F867FFFFCFFFFD0066C
:10850000F005F103F301FFFFCFFFFD007F005F10D7
:108510003F301FFFFCFFFFFFFFFFFFFFFFFFFFFFDD
:10852000FFCFFE66CF76666666669FA67FFCFFC0BD
:1085300007E00000000002F400FFCFFC007E000016
:108540000000002F400FFCFFFCCEFCCCCCCCCCCDEF
:10855000FDCCFFBDFFFFFFFFFFFFFFFFFFFFFFF9A8
:108560004EFFFFFFFFFFFFFFFFFFFFFC10000000BB
:1085700000000000000000210000000000000000DA
:1085800000005CFF5000000000000000006DFFFFD5
:10859000E0000000000000017EFFFFFFD0000000AF
:1085A0000000029FFFFFFFFF600000000003AFFF1D
:1085B000FFFFFFFE0000000004BFFFFFFFFFFFF80A
:1085C00000000005DFFFFFFFFFFFFFF1000007EFE6
:1085D000FFFFFFFFFFFFFF900004EFFFFFFFFFFF24
:1085E000FFFFFF20000EFFFFFFFFFFFFFFFFFA006E
:1085F000000EFFFFFFFFFFFFFFFFF3000005FFFF7F
:10860000FFFFFFFFFFFFC0000000012222227FFFCB
:10861000FFFF40000000000000006FFFFFFD0000B2
:108620000000000000006FFFFFF6000000000000E7
:1086300000006FFFFFE000000000000000006FFF7F
:10864000FF7000000000000000006FFFFF0000004E
:108650000000000000006FFFF800000000000000B4
:1086600000005FFFF10000000000000000002FFF8D
:108670009000000000000000000005B800000000AD
:108680000037777777740500000FFFFFFFFFA0FA30
:108690000000FFFFFFFFFA0FFA000FFFFFFFFFA030
:1086A000FFFA00FFFFFFFFFA0FFFFA0FFFFFFFFFC8
:1086B000A0FFFFF6FFFFFFFFFA0000000FFFFFFF24
:1086C000FFE3222221FFFFFFFFFFFFFFFF8FFFFFDE
:1086D000FFFFFFFFFFF8FFFFFFFFFFFFFFFF8FFF21
:1086E000FFFFFFFFFFFFF8FFFFFFFFFFFFFFFF8F11
:1086F000FFFFFFFFFFFFFFF8FFFFFFFFFFFFFFFF91
:108700008FFFFFFFFFFFFFFFF8FFFFFFFFFFFFFFF0
:10871000FF8FFFFFFFFFFFFFFFF8FFFFFFFFFFFFE0
:10872000FFFF8FFFFFFFFFFFFFFFF8FFFFFFFFFFD0
:10873000FFFFFF8FFFFFFFFFFFFFFFF7BFFFFFFF01
:10874000FFFFFFFE400000000000000000000000EE
:1087500000000000000000269CDEDCB85000000095
:10876000000000018DFFFFFFFFFFFFB500000000CC
:1087700001AFFFFFFFFFFFFFFFFFD50000006FFF0E
:10878000FFFFDB999ACFFFFFFFB1000AFFFFFC61FB
:108790000000000039EFFFFE40CFFFFB300000007B
:1087A00000000007FFFFF4AFFF60000000000000C2
:1087B00000001BFFF20AD20000049CEFEDB620007F
:1087C000008E3000000006EFFFFFFFFFFA200000E0
:1087D00000000002CFFFFFFFFFFFFFF700000000D7
:1087E000001FFFFFFB8789DFFFFF80000000000BF9
:1087F000FFE600000003AFFF400000000000BA10D9
:108800000000000005D4000000000000000000018E
:1088100000000000000000000000000001CFF60092
:10882000000000000000000000000BFFFF3000000F
:1088300000000000000000000FFFFF7000000000BB
:108840000000000000000DFFFF50000000000000CD
:108850000000000003FFFA0000000000000000001C
:1088600000000015300000000000000000000000C3
:108870000000000000000000004EFFFFFFFFFFFFB0
:10888000FFFFFFFFFFF600EFFFFFFFFFFFFFFFFF10
:10889000FFFFFFFF00FFEBBBBBBBBBBBBBBBBBBB5F
:1088A000BDFF50FFC000000000000000000007FFF7
:1088B000F9FFC0EFFFFFFFFFFFFFFFFF07FFFAFF1A
:1088C000C0EFFFFFFFFFFFFFFFFF037FFAFFC0EFD7
:1088D000FFFFFFFFFFFFFFFF001FFAFFC0EFFFFFDB
:1088E000FFFFFFFFFFFF001FFAFFC0EFFFFFFFFFCB
:1088F000FFFFFFFF05DFFAFFC07888888888888837
:10890000888807FFFAFFC000000000000000000098
:1089100007FFF6FFFFFFFFFFFFFFFFFFFFFFFFFF68
:1089200010CFFFFFFFFFFFFFFFFFFFFFFFFD00195D
:10893000BBBBBBBBBBBBBBBBBBBBBB92000000009C
:1089400000000000000000000000004EFFFFFFFFDD
:10895000FFFFFFFFFFFFFFF600EFFFFFFFFFFFFF3F
:10896000FFFFFFFFFFFF00FFEBBBBBBBBBBBBBBB06
:10897000BBBBBDFF50FFC0000000000000000000B6
:1089800007FFF9FFC0EFFFFFFFFFFFFD000007FF3C
:10899000FAFFC0EFFFFFFFFFFFFD0000037FFAFFBC
:1089A000C0EFFFFFFFFFFFFD0000001FFAFFC0EF59
:1089B000FFFFFFFFFFFD0000001FFAFFC0EFFFFFFA
:1089C000FFFFFFFD000005DFFAFFC0788888888878
:1089D0008886000007FFFAFFC000000000000000CA
:1089E000000007FFF6FFFFFFFFFFFFFFFFFFFFFF96
:1089F000FFFF10CFFFFFFFFFFFFFFFFFFFFFFFFDA8
:108A00000019BBBBBBBBBBBBBBBBBBBBBB920000B2
:108A1000000000000000000000000000004EFFFF0A
:108A2000FFFFFFFFFFFFFFFFFFF600EFFFFFFFFF6E
:108A3000FFFFFFFFFFFFFFFF00FFEBBBBBBBBBBBAD
:108A4000BBBBBBBBBDFF50FFC0000000000000006F
:108A5000000007FFF9FFC0EFFFFFFFFB0000000071
:108A600007FFFAFFC0EFFFFFFFFB00000000037FDE
:108A7000FAFFC0EFFFFFFFFB00000000001FFAFF3E
:108A8000C0EFFFFFFFFB00000000001FFAFFC0EF78
:108A9000FFFFFFFB0000000005DFFAFFC0788888B9
:108AA00088850000000007FFFAFFC00000000000FA
:108AB0000000000007FFF6FFFFFFFFFFFFFFFFFFC3
:108AC000FFFFFFFF10CFFFFFFFFFFFFFFFFFFFFFD5
:108AD000FFFD0019BBBBBBBBBBBBBBBBBBBBBB92E6
:108AE0000000000000000000000000000000004E38
:108AF000FFFFFFFFFFFFFFFFFFFFFFF600EFFFFF9E
:108B0000FFFFFFFFFFFFFFFFFFFF00FFEBBBBBBB54
:108B1000BBBBBBBBBBBBBDFF50FFC0000000000028
:108B20000000000007FFF9FFC0EFFFF900000000A0
:108B3000000007FFFAFFC0EFFFF90000000000008F
:108B4000037FFAFFC0EFFFF9000000000000001FE4
:108B5000FAFFC0EFFFF9000000000000001FFAFF5D
:108B6000C0EFFFF900000000000005DFFAFFC07849
:108B7000888400000000000007FFFAFFC00000002A
:108B800000000000000007FFF6FFFFFFFFFFFFFFF0
:108B9000FFFFFFFFFFFF10CFFFFFFFFFFFFFFFFF04
:108BA000FFFFFFFD0019BBBBBBBBBBBBBBBBBBBB64
:108BB000BB92000000000000000000000000000068
:108BC000004EFFFFFFFFFFFFFFFFFFFFFFF600EF7D
:108BD000FFFFFFFFFFFFFFFFFFFFFFFF00FFEBBBFC
:108BE000BBBBBBBBBBBBBBBBBDFF50FFC0000000E2
:108BF00000000000000007FFF9FFC00000000000B7
:108C00000000000007FFFAFFC000000000000000A5
:108C10000000037FFAFFC000000000000000000019
:108C2000001FFAFFC0000000000000000000001F4D
:108C3000FAFFC000000000000000000005DFFAFF9E
:108C4000C000000000000000000007FFFAFFC000A5
:108C5000000000000000000007FFF6FFFFFFFFFF1D
:108C6000FFFFFFFFFFFFFFFF10CFFFFFFFFFFFFF33
:108C7000FFFFFFFFFFFD0019BBBBBBBBBBBBBBBB0B
:108C8000BBBBBB9200000000000000001892000077
:108C900000000000000000000012DFFE10000000D5
:108CA0000000000000001CFFFFFF5000000000005B
:108CB00000000000CF76FFFF200000000000000051
:108CC0000005F6004CD50000000000003300000D48
:108CD000D000000000000000001CFFD2004F600028
:108CE000000000000C4000AFFFFC01DE00000000AF
:108CF00000001FFA10FFFFFFFFFFFFFFFFFFFFFF56
:108D0000FFFFF5DFFFFF88889FE8888888888FFF4E
:108D1000915FFFF8000007F3000000000FC300049C
:108D2000BB60000000EB0000000004000000000039
:108D30000000008F30088883000000000000000061
:108D4000001EC12FFFF7000000000000000000041B
:108D5000FFFFFFF700000000000000000000279F59
:108D6000FFF700000000000000000000002FFFF6E9
:108D700000000000000000000000000000000000F3
:108D80000000000000110000000000029EFFFFC76D
:108D900000000007FFFFDFFFFD200008FFFFF2DFFC
:108DA000FFFE0003FFFFFF11DFFFF900AFFFFFF140
:108DB00001EFFFF00FFFFFFF1212EFFF53FFF47FF1
:108DC000F13D13FFF86FFF407F13F50CFFB8FFFF75
:108DD0004071350AFFFD9FFFFF400008FFFFEAFFDB
:108DE000FFFF3006FFFFFEAFFFFFF4006FFFFFE95C
:108DF000FFFFF400007FFFFE8FFFF40613508FFF8C
:108E0000D6FFF407F13F409FFB3FFF47FF13D11D03
:108E1000FF90FFFFFFF1211DFFF50AFFFFFF202E4E
:108E2000FFFF002FFFFFF22EFFFF80006FFFFF4EBE
:108E3000FFFFE000004EFFFFFFFFC2000000059CA7
:108E4000DDC94000000000000222221000000000E6
:108E50000000CFFFFFE1000000ACCCCDFFFFFFFD25
:108E6000CCCCC1FFFFFFFFFFFFFFFFFFF4DFFFFFE1
:108E7000FFFFFFFFFFFFE200000000000000000016
:108E80000007CCCCCCCCCCCCCCCA000AFFFFFFFF77
:108E9000FFFFFFFE000AFFFFFFFFFFFFFFFE000ACC
:108EA000FFE1EFF2CFF3BFFE000AFFD0DFF0BFF12A
:108EB0009FFE000AFFD0DFF0BFF19FFE000AFFD047
:108EC000DFF0BFF19FFE000AFFD0DFF0BFF19FFE91
:108ED000000AFFD0DFF0BFF19FFE000AFFD0DFF0F5
:108EE000BFF19FFE000AFFD0DFF0BFF19FFE000A36
:108EF000FFD0DFF0BFF19FFE000AFFD0DFF0BFF12F
:108F00009FFE000AFFE1EFF1CFF3AFFE0009FFFF84
:108F1000FFFFFFFFFFFD0006FFFFFFFFFFFFFFFA60
:108F200000007BCCCCCCCCCCCB910000000000006E
:108F3000000000013000000000000000000004FFFD
:108F4000D1000000000000000004FFFFD10000007D
:108F50000000000003FFFFFFD1000000000000013F
:108F60000CFFFFFFB0000000000004F40CFFFFFF47
:108F7000000000000004FFF40CFFFFA00000000050
:108F800004FFFFF40CFFB00000000004FFFFFFF43B
:108F90000CB00000000004FFFFFFFFF40000000021
:108FA0000004FFFFFFFFFFB00000000004FFFFFF11
:108FB000FFFFB00000000004FFFFFFFFFFB0000054
:108FC000000004FFFFFFFFFFB00000000004FFFFF0
:108FD000FFFFFFB00000000004FFFFFFFFFFB00035
:108FE00000000003FFFFFFFFFFB000000000008F44
:108FF000FFFFFFFFB000000000000AFFFFFFFFB00F
:10900000000000000000CFFFFFFFB00000000000E4
:10901000000EFFFFFFB000000000000000FFFFFF98
:10902000B00000000000000008B97540000000001A
:10903000000000000000000268888888888888880E
:1090400075000000005FFFFFFFFFFFFFFFFFFFC095
:10905000000005FFFFFFFFFFFFFFFFFFFFF5000020
:109060005FFFFFFFFFFFFFFFFFFFFFF70005FFFFB1
:10907000FFFF80CFFFC08FFFFFF8005FFFFFFFFC07
:10908000000CFC000CFFFFF805FFFFFFFFFF500086
:1090900090005FFFFFF85FFFFFFFFFFFF500000597
:1090A000FFFFFFF8EFFFFFFFFFFFFF40004FFFFF55
:1090B000FFF8BFFFFFFFFFFFFC00000CFFFFFFF802
:1090C0000CFFFFFFFFFFC0001000CFFFFFF800CF35
:1090D000FFFFFFFD0005F5000DFFFFF8000CFFFF8F
:1090E000FFFE205FFF502EFFFFF80000CFFFFFFFC5
:1090F000E8FFFFF8EFFFFFF800000CFFFFFFFFFFA6
:10910000FFFFFFFFFFF7000000CFFFFFFFFFFFFFA4
:10911000FFFFFFF200000009EFFFFFFFFFFFFFFF6F
:10912000FD500000000000000000000002EFFFFF03
:10913000FFFE700002EFFFFFFFFFFF5002EFBBFCDE
:10914000BFDBBFF902EFD02F40E701FFA2EFFD0226
:10915000F40E701FFAEFFFD02F40E701FFAFFFFDC5
:1091600024F62E823FFAFFFFFFFFFFFFFFFFAFFF56
:10917000FFFFFFFFFFFFFAFFFFFFFFFFFFFFFFAF54
:10918000FFFFFFFFFFFFFFFAFFFFFFFFFFFFFFFFF4
:10919000AFFFFFFFFFFFFFFFFAFFFFFFFFFFFFFF34
:1091A000FFAFFFFFFFFFFFFFFFFAFFFFFFFFFFFF24
:1091B000FFFFAFFFFFFFFFFFFFFFFAFFFFFFFFFF14
:1091C000FFFFFFAFFFFFFFFFFFFFFFFAFFFFFFFF04
:1091D000FFFFFFFF99FFFFFFFFFFFFFFF409EFFF16
:1091E000FFFFFFFFD50000000000000000000000AE
:1091F0002C000000000000000000002EF100000024
:109200000000000000001EFF100003ED0000000041
:109210000005FFF10004FFF000000000005FFF10F8
:1092200005FFFF000000000005FFF106FFFFF666E6
:10923000666666669FFF17FFFFFFFFFFFFFFFFFFEA
:10924000FFF1DFFFFFFFFFFFFFFFFFFFFF13EFFF58
:10925000FFFFFFFFFFFFFFFFD002EFFFF111111132
:10926000111111100002DFFF0000000000000000DB
:109270000001DFF000000000000000000001B80065
:1092800000000000000000000000000000000000DE
:109290000000F005000000000000E00504100100DF
:1092A0002000A008070701093900700F0F10000007
:1092B000B100B00D0D1600FD40019012121000001B
:1092C000D001100F0F1100FF5002A0040307010985
:1092D0005B027007051502FC90027007061500FC82
:1092E000CF02D00809090008F802D00C0B0A0103CC
:1092F0002F030005030701FD3A037008070201056B
:1093000041030005030401004703C0070A15FFFEDF
:10931000B003B00E0D100100180420080610000064
:109320004804A00C0C100000A804900C0C100000C5
:109330000805B00E0F1000008005A00C0C100000F6
:10934000E005900D0C1001004006200D0D100000EE
:10935000A806300E0E1000001807900D0D1000002A
:1093600080070005030C010092070005031001FCB3
:10937000AA07D00C0B0B0102E707D00C0B07010466
:109380000E08D00C0B0B01024B08A00C0C100000B7
:10939000AB08C016151401FC7D0920101210FF0047
:1093A0000D0AA0100E1002007D0AE00F0F10010040
:1093B000F50A301210100200750BC00E0C100200DE
:1093C000D50B000E0C100200350C00110F1001001F
:1093D000AD0CE0110E1002001D0DD00603100200AE
:1093E000350D500B0B10FF008D0DD00F0E1002002D
:1093F000FD0D100D0B100200550E0015111002008E
:10940000DD0EE0110E1002004D0F80121110010050
:10941000D50FE00F0D1002003D108012121301FD58
:10942000E81000100D1002005011B00D0D100000DA
:10943000B811F00C0D100000201260110E10020087
:109440009012B00F1110FF001813C018191000006F
:10945000E013D00E0F1000005814400E1010FF0043
:10946000D814700E0E10000048155007051502FCA8
:109470007D15C0070A15FFFEE6155007061500FC0E
:109480002516D00C0B0A01035C16000B0B0300FE23
:109490006D16300D0703020E7816200D0B0C01001F
:1094A000BA16000F0D1102002917900C0C0C0000C9
:1094B0007117000F0D110000E017700D0D0C00006A
:1094C0002E18C007091100007B18300F0E1000FC89
:1094D000EB18000F0C1102005119200604110100B5
:1094E000731940060815FDFCC719900D0C110200F8
:1094F0002D1A200603110200471A4017140C02000F
:10950000BF1A000F0C0C0200071B000E0E0C00000F
:109510005B1B000F0D1002FCC31B000F0D1000FCA5
:109520002B1C0009070C0200551C000B0B0C000043
:10953000971C2009090F0000DB1CE00E0C0C010039
:10954000231D500C0E0CFF00771DC013140C0000DF
:10955000EF1D200C0C0C0000371E500C0E10FFFCF1
:10956000A71E700B0B0C0000E91EC007071501FCBD
:10957000331F9006031502FC531FC007071500FC9C
:109580009D1FD00C0B040106B31F30090908000809
:10959000D71FF00605050104E41F00161717FFFD8D
:1095A000ED20001616110000A8210016161400FE6A
:1095B00084220016161100003F23200F1010000017
:1095C000BF230016161700FDBC240016161700FD59
:1095D000B925C018191400FEB3260016161700FD91
:1095E000B027C0181911000085280016161700FDB5
:1095F0008229000B0B1200FFE5298010111200FFD9
:109600007E2AC018191600FD912B001616110000B5
:109610004C2C200F101700FD042D40130F1502FED7
:10962000A22D4013141800FC922E4013141400FEB7
:109630005A2F4013141400FE223040130F1502FE5F
:10964000C03040131514FFFE9231C00D0C1401FE02
:109650000A32C00D0C1401FE82324013141400FEB5
:109660004A334013140500067C33C018191100005A
:109670005134801B1C1700FD9335C0181B17FFFDCC
:10968000CA360016161500FEB1374013130C00023F
:1096900023384013130C00029538801B1C1200FF66
:1096A00091390016161100004C3A0016161700FDED
:1096B000493B00161717FFFD523C4013141400FEDF
:1096C0001A3D4013141700FD003E4013141400FE11
:1096D000C83E4013141200FF7C3F00161611000014
:1096E0003740C00D0F17FFFDE4404013141700FD75
:1096F000CA414013141700FDB042C01819110000F0
:10970000854300161817FFFD99448010111700FDBE
:109710005D45801B1C1500FE8346801B1C0F00014D
:109720005547801B1C0F00012748801B1C0F0001A0
:10973000F948801B1C0F0001CB49801B1C0F000146
:109740009D4A801B1C1200FF994B4013111701FD0D
:109750005D4C4013141700FD434D00161717FFFD15
:109760004C4E801B1C1100003A4F8010111700FD59
:10977000FE4F2016170E00010000721F51EF58EF28
:109780005BEF5CEF5DEF61EF63EF65EF69EF6CEF4F
:1097900071EF76EF77EF78EF8EEF93EF98EF9BEF27
:1097A0009CEF9DEFA1EFA2EFA3EFA4EFB7EFB8EF0F
:1097B000BEEFC0EFC1EFC4EFC7EFC8EFC9EFCBEF0B
:1097C000E3EFE5EF14F015F017F019F030F037F093
:1097D0003AF043F06CF074F0ABF03BF190F191F1A2
:1097E00092F193F194F1D7F1E3F13DF254F2AAF43E
:1097F00012F7F2F7200000005F00010000000000F7
:109800000000000000000200B0000000F3F760005C
:1098100078970490000000003E0003000000010261
:109820000003040502060708090A090A0B0C000DCB
:109830000E0F101112130C14140000001516171837
:1098400019161A1B1C1D1D1E1F201D1D162122234B
:1098500003241E2525262728292A2B002C002D2EFF
:109860002F303132332D343435302D2D2E2E3637E6
:109870003839333A3A3B3A3C290000093D090000A7
:1098800000000000000000000000000000000000D8
:1098900000000000000000000000000000000000C8
:1098A00000000000000000000000000000000000B8
:1098B00000000000000000000000000001020003A2
:1098C000040502060708090A090A0B0C0D0E0F1001
:1098D000110C12131415150000001617181917197A
:1098E00019191719191A1919191917191719031B01
:1098F0001C1D1D1E1F202122230024002526272792
:1099000027002726282926262A2A272A272A2B2CF9
:109910002D2E2E2F2E3000002309310900000000CB
:109920000000000000000000000000000000000037
:109930000000000000000000000000000000000027
:109940000000000000000000000000000000000017
:109950000000000000000000000100000000000006
:1099600000010000040000000002000000000000F0
:1099700000000000000000000000010000000000E6
:109980000000000000000000000110000AF80000C4
:109990000000EDEB02110806F20211010F040B00AA
:1099A000000000000000000000001503FE000000A1
:1099B0000000000000000000000700F500000000AB
:1099C00000F906070000FC00FE0400FC00FCFEF9A4
:1099D00000000000FC0000FBFB0000FC00F90000A0
:1099E00000000000000000FCFC00FB00F600D500B9
:1099F00000F900070B0000F904040C07FA07000047
:109A0000EC0000000000000000000000F300000077
:109A10000000000000000000000000F6FCEF00F273
:109A2000FE00000000010E00F5FDFF0100FA00003D
:109A3000FEE60000000000000000000000E4FD0D54
:109A4000000000000000000000000000F200000024
:109A5000000000000000000C00040000F9000000FD
:109A600000000000000000000000000000000D03E6
:109A700001000000000000000000000000000000E5
:109A800000000000000000000000000000000000D6
:109A90000000000000000000F300000000000000D3
:109AA00000000000000000000000000000000002B4
:109AB00007040BFC000007FCF4D0020A0701FB00BE
:109AC0000D000B000B00DF00FC0B000CFC0704007A
:109AD0000001FC0000FA1C001C000B000F05060B27
:109AE000000000F30000000001FE0002FAFBF90292
:109AF00000FC000000F20000000000000000000078
:109B000000E900000000000000000000000000006C
:109B10000001ED00EA00000000FE0023FCFB04044D
:109B2000FD00FB040000ED0000000000000000004C
:109B30000000DE0004000000000000000000000043
:109B400000EA00150000F3000C00E8DEE8F90B0065
:109B500000E80004F800FB00000000000000000026
:109B6000000000090BD5000000000000000000000C
:109B7000000011000200000000000202FCF900FFDA
:109B8000FFFC0000FE000000F900FD00F8F900F7FE
:109B9000F4F4F900F900F900000000FD00000400F1
:109BA00002FC000100000004FE000000FE0404FFAF
:109BB000000000F900FF0000000000010005FE00A9
:109BC000FC00FA0000FE000B0000FC00000000009A
:109BD000FF01FEFE0000FC00FC0000000000000091
:109BE0000000FEFE00FCFC0000000000010000FE82
:109BF00000FCFCFC000000000000000000FE000073
:109C00000000FEFB00FB00F5FEF5070000F904076D
:109C10000A00F7FFFC00FFEF04FE02ED0400000164
:109C2000EE00EDFDE1FE00EE00070A000500000079
:109C3000000100FAFB00F5000000FC000000FC0041
:109C400000000000FEFE00FEFB000000000000001F
:109C5000FCFC00FEFCFD0000FC0000000000000019
:109C600000000000FDFD00FC00FE00F9040000FC07
:109C7000020404000000000000FE000000000002DA
:109C80000000FC00FCFEFC000000000000000300DF
:109C9000FD00000000FCFB00F9000BFE01F50000D8
:109CA0000AEEEEF1F90400FDE9FA00FA00F905FA0E
:109CB000E900F6000002FF03FE000400F5F300EEE9
:109CC000F8F9F8F5FCF6FFF9F602000100FC0000D7
:109CD000000200040000000000000000000000FC82
:109CE00000FE00FFFC00FAF8F8FF00F5000000009D
:109CF0000000FD0000000001FE0000000400000064
:109D00000000000000110000000000000200000040
:109D1000FC0000000000000000000000FA00040049
:109D2000000000000000000000000000FE00000035
:109D3000F900000000EEF5000000FBEE0000FC045E
:109D400000F600000000000000000000FA0000F92A
:109D50000000000000000000000000000400FA0005
:109D6000000000040002F9F900FCFCFC0000000007
:109D70000000F500FC00FBFC00F8F7F5FD00F90021
:109D8000F5000000001C0000020000FB000400F1D0
:109D90000000000000DFFA0C0BFDF10004FB00EEF8
:109DA000FEFB04E7FC050005F4FBF3F4F10000EB17
:109DB00000140000FE000000FEFEFCF6F4FFDF00D1
:109DC0000000000000000000010000000000000092
:109DD000000000000000000000FC00FEFCFB000092
:109DE000F900FC000000000000000000000000007E
:109DF0000000FF00F9000007FF0500F804FEFFF770
:109E0000FC00FBFCFE00FBFA0000FDFFFEFAFC007C
:109E100000FC0004FE00F8000000F900FA00FAFA65
:109E2000040000000000000000F90400FB00FEFC3C
:109E3000F5FEFEFEFFFEFCFF0000000000FCFDFD45
:109E40000000000004FE00FE000000FEFCFEFDFC21
:109E5000FD00030EFF00F600FE0700FCF1FB05000D
:109E600000EFFA04FA0200FEFDF500FB020000FA22
:109E70000000000404F9F900FAFCFBFCFC00FA0203
:109E8000F9FA0B00000000000000000004000000D0
:109E900000000000000000000000000000000000C2
:109EA00000000000FA0000000000000000000000B8
:109EB00000000000000000000000000000000000A2
:109EC0000000000000000000000000000000000092
:109ED000FE00000000000000000000000000000084
:109EE0000000000000000000000000000000FDFC79
:109EF000000000000000000000000000FB0000FB6C
:109F00000000FCFC00000000FC00000000FE00005F
:109F1000000000FE00000000FB00F9000000F4005B
:109F200002F80701FEEF0000F8FC00F2F7F600006F
:109F3000F1FCF2F3EF00F7000318FB00F8FCFFFC64
:109F4000FAF6FAF3F2F8FC0000FE00010000E7FD6B
:109F50000B08F8F30001F500EEFEFC07E0FB010042
:109F600000E9FCEEFCE60000E700150100FE000041
:109F70000000FEFEF3FE00E900000000F500FD0019
:109F8000FFF6EF0000FEFBF5FC00FE00000000F015
:109F9000FCF4F5FDFAF7FCFA00F9FDF4FB00FCF91E
:109FA000FCF9000200FEF4000700FA0000000004C3
:109FB0000002F90E00FCFCFC000000000000F500AF
:109FC000FC00FBFC00F8F7F5FD00F9030E000000B3
:109FD000001C0000020000FB000400000000000064
:109FE0000000FF0000000000FEF90000000000FE7D
:109FF000000000FCFC0000F9FC0000F90006FE0077
:10A0000000000000000200000000050703FD00F54D
:10A01000FA000BF4F5F9F90E0604E1FE07FC00FC6A
:10A0200004FCF400FC04FBFDF5FD00000B0700F64A
:10A0300000EDFB0AFBF301FBF4F4FC0E0400FB0053
:10A04000F600030CF8F3F2F70B0001E6FD04FAFE4C
:10A05000F800F8F3FBFBFD0000F8F9FC000B08FC2E
:10A06000ED00EDFB00F4ECFFF5FAF4F60A0000FB5E
:10A0700000F9FD00FCFA0006F4040000ED00FCF815
:10A08000FAFEF5F7F4F800F5FCF8F9F5FC0000012C
:10A0900011FA00F5FC00FCF9F8F6F6F3FBF90700FD
:10A0A000FB00EEFC0207F5F3F9F40CFC02DFFA0703
:10A0B000F8FAF300F5F1FCFCFDFCF9F5FF00000BEC
:10A0C0000AFEE900EBF808F3E8F9F4F1EEF4070012
:10A0D000000000FC000004FC0702F9070000F5FF87
:10A0E00000FF000101FD000000000000FC00000076
:10A0F00000030B0100FC00000000FEFEFC0000005D
:10A100000103000000000300FD000D00060101FB3B
:10A110000007000000030000000000000000000035
:10A12000000B000A0000000000000000000000001A
:10A130000000EB00FC06000B00002304F9F9040406
:10A14000FE01EE000011EB00000000000000000026
:10A150000000E80D310000000000000000000000D9
:10A1600000EB000000000000000000000000000004
:10A17000000000000000000000000000FA0000F9EC
:10A18000FD000000000000000000000000000000D2
:10A1900000000000FE00F60000010000042DF9FDA3
:10A1A0000B0AF60400000404FB000000000000009D
:10A1B00000000000D20A00000000000000000000C3
:10A1C00000000000000000F6000000F600000000A3
:10A1D000F8FE000000F800FC00EF000000000000A6
:10A1E0000000000000E80000000001000000000086
:10A1F00000FC0000F900FB00F6000000FA04FC007F
:10A2000000F6FCF80000F600FC00EF00FC0000E3A4
:10A21000F9F2FCF30000E800F6FE00000000000088
:10A220000000FBFAFDFA00000000F800F805FC074A
:10A2300000FEF8FEFAF900FCFEFE02F6FF00000048
:10A24000E1FDFB00F800FEEFFD0000FEFD00000058
:10A25000000200FEFAFE0600000000000000000000
:10A2600000000000000000000000000000000000EE
:10A2700000000000000000000000000000000000DE
:10A28000000005000000000000F800FE000000F9DA
:10A2900004000000F6FCF90000F600FC00EF0000EE
:10A2A0000000DE00F9F3EE0000E800FEFB00000015
:10A2B0000000000000FCFBFEFB01000006FB000BA1
:10A2C00011FCFCF504110608F6040F040A080A0044
:10A2D000000000000000000000001611FAFC00FD64
:10A2E0001C0F1C0000000400000D0000FA0000001C
:10A2F000000000000000FE0000000000000000055B
:10A3000000000000E2FCFDF2EF0000E800000000A9
:10A3100000000000000000000000000000FA000043
:10A3200000000000000000FE00000000000000002F
:10A330000500000000E2FCFDF2EF0000F20000006A
:10A34000000000000000000000000000000000000D
:10A35000FD000000F80400FC030604F500FFFD0406
:10A36000000300000000F700FDFEF900FDF20016FA
:10A37000FC00F8FE00FEFA00FCF6F9FC000000FA12
:10A38000000000000000000000FE000000000000CF
:10A3900000000500000000E2FCFDF2EF0000E80014
:10A3A000000000000012000000000000000000009B
:10A3B000FA00F5FCFD0BFDFCF201FE01FEF60108C2
:10A3C00001030103F8F2FC00F3F9F6F1F200FAF9E7
:10A3D000FCFBFDFEFCFE00FEFF050005FE000B0081
:10A3E0000000000000000000000000FEFCFC000077
:10A3F000F600FE00FA00000000000000000000006F
:10A40000EB0000000000000000000000FCFC00FB6E
:10A4100000000000FD0000FAFC0400FAF9FE00F65E
:10A42000FEF8FEFC00FA0000000000000000000042
:10A4300000E8000B0000FA00000000FB00FC000038
:10A44000FE0000FE00F800000FFBF4F5020404FF1C
:10A45000F60205020B020CFEF60000F20000F5F613
:10A460000000F900FBFA00FB00FB00FE0500FDF513
:10A47000FC0D0000FD00F9000005F80004FC0300DD
:10A4800000F400FEFF00FC04FD000000F2FCF800F8
:10A49000F50000EF000DFC00FA000200FC00FCF5E6
:10A4A00000FC0400000000FE000004FB010000FCB2
:10A4B000FE00FC00000000000000000000000000A2
:10A4C00000000000EA00080000FD0000000001009C
:10A4D000FCFC0000000700080000000000EAEC019E
:10A4E0000F0B06F2020F000D000700000000000035
:10A4F0000000000000130000000000000000000049
:10A500000000000000000000589904901C9804907E
:10A51000BA9804903D310000E8410490889204907C
:10A52000F497049008A50490100002289C020024CF
:10A53000DD1402901D1402901800040000FE0100BA
:10A5400018A50490000000000000000006F2ECE8EE
:10A550003699D661963ABE245E05FA05B1046A4D75
:10A56000098EE7CE47FF00FEC0FCA4FAA97AF1638A
:10A57000F39C8AEA8EE3D3EC7AFE5DFF0FEA12F3D6
:10A5800076F4DAFD3DFF37AA59BB9BCCFCE53EF7DC
:10A59000B87AB993FBB43DD63EEF585B397C5B9DEE
:10A5A0005DC65EEF3E45BE655F96FFBE9FE7BE2D72
:10A5B0001E4EBF863FB7BFE73B269C4EFD865EB76B
:10A5C000BFE73325B54D5886FBB69EE7CD6530868F
:10A5D000B4A639CFBDEF6C9EB0AE14C779DFDDF7FE
:10A5E0000AD72EDF73E7B8F7DCFF6BFF8EFFB3FFF0
:10A5F000D8FFFCFF45FEA9FE10FF76FFDCFF24FD1F
:10A60000A9FD70FE16FF9CFF88FB4CFC52FD77FEF7
:10A610005CFF6C8B4FA454BD79D65DEF937C359570
:10A62000F8B5DBCE7EEFF7BD1CE77DEFBEF7DFFFB1
:10A63000C6E165D145C1E3B0CCD8CBC0AAA8698832
:10A640003589F478D368B148B65975513441D23060
:10A65000553AF331B2290F195C1CBA1B3813340A6E
:10A66000DC045A04B703B3027805B40411040C03E4
:10A670004F04CD034B0368020845673CE62BE41A00
:10A68000887DE76C4554433346C6A5ADE49CA28360
:10A69000C6FE05FE44FDE2F380FD00FD60FC60FBAC
:10A6A00060FCE0F360EB80E283F243E202DAA1B9FE
:10A6B000686A065AA54924396F53CC42293287214A
:10A6C000AE730C630842042100003C027804B30618
:10A6D000EE08280B610D990FD01106143A166C186C
:10A6E0009D1ACB1CF71E212148236C258E27AC29EF
:10A6F000C72BDF2DF32F0332103418361C381C3AC9
:10A70000173C0E3EFF3FEC41D443B64593476A49A0
:10A710003C4B084DCD4E8D504652F953A5554B57E5
:10A72000EA58825A135C9C5D1F5F9A600D627963E0
:10A73000DD6439668D67D9681D6A596B8C6CB76D9D
:10A74000D96EF36F04710C720B730174EE74D275D1
:10A75000AD767F7747780679BB79677A0A7BA27BEB
:10A76000327CB77C337DA57D0D7E6C7EC07E0B7FF9
:10A770004B7F827FAF7FD27FEB7FFA7FFF7F00002E
:10A7800030BA0390E59C019000000000000000003A
:10A79000359F0190000000000104000030BA0390D2
:10A7A00005AB019059AB01900000000079AB01901E
:10A7B00004010D000006000030BA03909BAE01902A
:10A7C000000000000000000000000000D127D12799
:10A7D0004402000030BA039041AF019091AF019064
:10A7E00000000000ADAF019004018200850300006D
:10A7F00030BA0390A5C10190DDC1019000000000B6
:10A8000061C40190D127D127C402000030BA03905F
:10A81000FD060290B107029000000000DD070290E3
:10A820008200D1270504000030BA0390E70E0290A1
:10A83000190F029000000000110A029000000000B1
:10A840008002000030BA0390A5230290292E0290C6
:10A8500000000000652E0290D127D127C003000020
:10A8600030BA0390953B0290313C0290000000000A
:10A87000813C0290D127D127C004000030BA039058
:10A88000555002900000000000000000715002903E
:10A89000D127D127C002000030BA0390E1BC02905A
:10A8A00000000000000000006DBD0290D127820072
:10A8B000C502000060A80490000000000000000035
:10A8C0000000000049BF029000000000C00400002A
:10A8D0009CA704903DC10290000000000000000011
:10A8E000ADC10290000000008507000030BA03905F
:10A8F00093D80290BDD8029000000000D1D80290F9
:10A9000034001E008402000030BA039099DA0290ED
:10A91000DDDA02900000000035DB0290D127D1275C
:10A920008503000030BA03904DE302901BE60290CD
:10A930000000000041E602900401820004060000CD
:10A940003031323334353637383941424344454665
:10A95000403058003031323334353637383961625F
:10A960006364656640307800040000080000000061
:10A970000000000200010000100000000240000082
:10A98000000000A00000000005400000000000C81A
:10A99000000000000C4000000000409C000000008F
:10A9A000194000000020BCBE000000003440000040
:10A9B000BFC91B8E00000004B5400000504BCFD033
:10A9C0006607E2CF010000006C4100003E8251AA00
:10A9D000DFEEA73401000000D9420000DCB5A0E2A0
:10A9E0003A301F97FFFFFFFFB4450000FD25A0C8C8
:10A9F000E9A3C14FFFFFFFFFFF3F00000000008001
:10AA000000000000FF3F0000000000800000000088
:10AA1000506C65617365207573652074686520737B
:10AA200074796C757320636C69636B20746865203E
:10AA300063726F7373206F6E207468652073637226
:10AA400065656E2E5468652063726F737320776935
:10AA50006C6C20616C77617973206D6F7665207501
:10AA60006E74696C207468652073637265656E200E
:10AA700061646A7573746D656E7420697320636FA9
:10AA80006D706C657465642E0000000053610000F9
:10AA900057650000546800004D6F000046720000CA
:10AAA00053750000547500004A756E650000000083
:10AAB0004D61726368000000417072696C000000B3
:10AAC000446563656D6265720000000053657074D3
:10AAD000656D6265720000004E6F76656D6265722D
:10AAE000000000004F63746F626572004175677506
:10AAF000737400004D6179004A756C7900000000A4
:10AB00004A616E756172790046656272756172792B
:10AB100000000000323032330A323032320A323032
:10AB200032310A323032300A323031390A32303181
:10AB3000380A323031370A323031360A3230313564
:10AB40000A323031340A323031330A323031320A8B
:10AB5000323031310A323031300A323030390A3253
:10AB60003030380A323030370A323030360A32303C
:10AB700030350A323030340A323030330A32303035
:10AB8000320A323030310A323030300A3139393914
:10AB90000A313939380A313939370A313939360AFF
:10ABA000313939350A313939340A313939330A31D1
:10ABB0003939320A313939310A313939300A3139C2
:10ABC00038390A313938380A313938370A313938A1
:10ABD000360A313938350A313938340A313938339F
:10ABE0000A313938320A313938310A313938300AC4
:10ABF000313937390A313937380A313937370A317B
:10AC00003937360A313937350A313937340A31396B
:10AC100037330A313937320A313937310A31393766
:10AC2000300A313936390A313936380A313936374E
:10AC30000A313936360A313936350A313936340A6D
:10AC4000313936330A313936320A313936310A313F
:10AC50003936300A313935390A313935380A31391E
:10AC600035370A313935360A313935350A31393512
:10AC7000340A313935330A313935320A313935310F
:10AC80000A313935300A313934390A313934380A20
:10AC9000313934370A313934360A313934350A31E9
:10ACA0003934340A313934330A313934320A3139DA
:10ACB00034310A313934300A313933390A313933D0
:10ACC000380A313933370A313933360A31393335B5
:10ACD0000A313933340A313933330A313933320ADC
:10ACE000313933310A313933300A313932390A31A5
:10ACF0003932380A313932370A313932360A313984
:10AD000032350A313932340A313932330A31393283
:10AD1000320A313932310A313932300A3139313976
:10AD20000A313931380A313931370A313931360A85
:10AD3000313931350A313931340A313931330A3157
:10AD40003931320A313931310A313931300A313948
:10AD500030390A313930380A313930370A3139302F
:10AD6000360A313930350A313930340A3139303325
:10AD70000A313930320A31393031000030310A308D
:10AD8000320A30330A30340A30350A30360A303766
:10AD90000A30380A30390A31300A31310A3132008A
:10ADA0000A00000020000000210000002200000036
:10ADB00031230000230000002400000025000000D3
:10ADC0002700000028000000290000002A000000E1
:10ADD0002B0000002C0000002B2F2D002D00000068
:10ADE0002E0000002F0000003000000031000000A5
:10ADF0003200000033000000340000003500000085
:10AE00003600000037000000380000003900000064
:10AE10003A0000003B0000003C0000003D00000044
:10AE20003E0000003F000000400000004100000024
:10AE30004200000041424300430000004400000083
:10AE400045000000460000004700000048000000E8
:10AE5000490000004A0000004B0000004C000000C8
:10AE60004D0000004E0000004F00000050000000A8
:10AE70005100000052000000530000005400000088
:10AE80005500000056000000570000005800000068
:10AE9000590000005A0000005B0000005C00000048
:10AEA0005D0000005F000000610000006200000023
:10AEB0006162630063000000640000006500000040
:10AEC0006600000067000000690000006A000000E2
:10AED0006B0000006D0000006E0000006F000000BD
:10AEE000700000007100000072000000730000009C
:10AEF000740000007500000076000000770000007C
:10AF000078000000790000007A0000007B0000005B
:10AF10007D000000EF808C00EF819300EF819400B2
:10AF2000EF959A00EF849C00EFA2A20000000000C1
:10AF300042746E310000000042746E320000000066
:10AF400042746E330000000042746E340000000052
:10AF500042746E35000000006F7074696F6E2031AE
:10AF60000A6F7074696F6E20320A6F7074696F6E49
:10AF700020330A6F7074696F6E20340A6F707469C1
:10AF80006F6E20350A6F7074696F6E20360A6F70AD
:10AF900074696F6E20370A6F7074696F6E20380A9B
:04AFA00000000000AD
:040000050800029954
:00000001FF
