:020000040800F2
:10000000B0B2072439030008C50E00901F0E0090FF
:10001000250E00900B0600909B2A00900000000027
:100020000000000000000000000000001900009027
:100030000F060090000000007500009035300008A9
:100040005303000853030008530300085303000838
:100050005303000853030008530300085303000828
:100060005303000853030008530300085303000818
:100070005303000853030008530300085303000808
:1000800053030008530300085303000853030008F8
:1000900053030008530300085303000853030008E8
:1000A00053030008530300085303000853030008D8
:1000B00053030008530300085303000853030008C8
:1000C00053030008530300085303000853030008B8
:1000D00053030008F13000085303000853030008DD
:1000E00053030008530300080000000053030008F6
:1000F0005303000853030008530300085303000888
:100100005303000853030008530300085303000877
:100110005303000853030008C90E0090530300085E
:100120005303000853030008530300085303000857
:100130005303000853030008530300085303000847
:1001400000000000000000000000000000000000AF
:100150005303000853030008530300085303000827
:100160005303000853030008530300085303000817
:100170005303000853030008530300085303000807
:1001800053030008530300085303000853030008F7
:1001900053030008530300085303000853030008E7
:1001A00053030008530300085303000853030008D7
:1001B00053030008530300085303000853030008C7
:1001C00053030008530300085303000853030008B7
:1001D00053030008530300085303000853030008A7
:1001E0005303000853030008530300085303000897
:1001F0005303000853030008530300085303000887
:100200005303000853030008530300085303000876
:100210005303000853030008530300085303000866
:1002200053030008530300085303000800000000B4
:1002300053030008530300080000000053030008A4
:100240005303000853030008530300085303000836
:100250005303000853030008530300085303000826
:100260005303000853030008530300085303000816
:100270005303000853030008530300080000000064
:100280005303000853030008530300080000000054
:10029000000000005303000800F002F800F03CF8F2
:1002A0000AA090E8000C82448344AAF10107DA45D1
:1002B00001D100F031F8AFF2090EBAE80F0013F0E7
:1002C000010F18BFFB1A43F0010318475833000011
:1002D00078330000103A24BF78C878C1FAD85207A2
:1002E00024BF30C830C144BF04680C6070470000B0
:1002F0000023002400250026103A28BF78C1FBD82F
:10030000520728BF30C148BF0B6070471FB503F0CC
:100310007BF91FBD10B510BD00F0AAF81146FFF71C
:10032000F5FF02F085FF00F0C8F803B4FFF7F2FF15
:1003300003BC02F021FF000009488047094800473C
:10034000FEE7FEE7FEE7FEE7FEE7FEE7FEE7FEE785
:10035000FEE7FEE704480549054A064B70470000E2
:100360004930000899020008B0A80724B0B2072459
:10037000B0AA0724B0AA0724704753EA020C00F081
:1003800069802DE9F04B4FF00006002B1FBFB3FA38
:1003900083F503FA05F424FA05F65E4012BF16430E
:1003A000B2FA82F502FA05F4C5F120051EBF22FA61
:1003B00005FC44EA0C04203556EA044C4FEA144488
:1003C00018BF641C4FF000084FF00009904271EB19
:1003D000030C39D3002919BFB1FA81F701FA07F6E6
:1003E000B0FA80F700FA07F6C7F120071EBF20FA1F
:1003F00007FC46EA0C062037B6FBF4FCA7EB050722
:10040000103F07F01F0BCBF120060CFA0BFB2CFA68
:1004100006F644BFB3460026202FA4BF5E464FF029
:10042000000B5BEA060C08BF4FF0010B19EB0B0940
:10043000ABFB027C48EB0608C01B06FB02CC0BFBA7
:1004400003CC71EB0C01C1E70B460246414648461E
:10045000BDE8F08B13B54FF000004FF00001AFF393
:100460000080BDE81C407047704770477047704778
:10047000754600F02BF8AE4605006946534620F05D
:100480000700854618B020B5FFF764FFBDE820409F
:100490004FF000064FF000074FF000084FF0000B40
:1004A00021F00701AC46ACE8C009ACE8C009ACE8F3
:1004B000C009ACE8C0098D46704710B50446AFF3DB
:1004C00000802046BDE81040FFF72FBF004870476E
:1004D0004CA8072447F6697CC9F2000C604747F234
:1004E000FD6CC9F2000C604740F65D2CC9F2000CAF
:1004F000604740F64B2CC9F2000C604740F6E14CD7
:10050000C9F2000C604745F6293CC9F2000C60476F
:1005100045F6F13CC9F2000C604745F2411CC9F2B6
:10052000000C604742F6453CC9F2000C604745F6B6
:10053000095CC9F2000C604742F6A12CC9F2000C1C
:10054000604740F6694CC9F2000C604770B504463C
:100550000CB9012070BD94F83500022803D080202A
:1005600060650120F6E7DC492068884249D0DA4915
:1005700018312068884244D0D749303120688842F9
:100580003FD0D5494831206888423AD0D2496031BD
:100590002068884235D0D04978312068884230D0F0
:1005A000CD499031206888422BD0CB49A8312068B2
:1005B000884226D0C9492068884222D0C7491831CC
:1005C000206888421DD0C54930312068884218D043
:1005D000C24948312068884213D0C0496031206840
:1005E00088420ED0BD4978312068884209D0BB4985
:1005F00090312068884204D0B849A83120688842E8
:1006000001D1012000E00020F0B3042084F835007F
:10061000B149206888424BD0AF49183120688842E0
:1006200046D0AD4930312068884241D0AA4948318E
:10063000206888423CD0A84960312068884237D081
:10064000A54978312068884232D0A349903120688A
:1006500088422DD0A049A8312068884228D09F49DF
:100660002068884224D09D491831206888421FD0D4
:100670009A493031206888421AD098494831206818
:10068000884215D0954900E020E06031206888421A
:100690000ED0924978312068884209D08F49903134
:1006A0002068884204D08D49A8312068884206D14C
:1006B0002068006820F001002168086009E12068D6
:1006C000006820F001002168086002E120680068ED
:1006D00020F00E00216808607F492068884249D0D8
:1006E0007D4918312068884244D07B4930312068E8
:1006F00088423FD078494831206888423AD07649CC
:1007000060312068884235D073497831206888424A
:1007100030D071499031206888422BD06E49A83181
:100720002068884226D06D492068884222D06B49D3
:100730001831206888421DD06849303120688842CD
:1007400018D0664948312068884213D06349603127
:10075000206888420ED0614978312068884209D0EB
:100760005E4990312068884204D05C49A8312068F5
:10077000884206D12068006820F0010021680860E6
:1007800005E02068006820F00100216808605249F7
:100790002068884270D050491831206888426BD058
:1007A0004D4930312068884266D04B494831206835
:1007B000884261D048496031206888425CD046490F
:1007C00078312068884257D0434990312068884268
:1007D00052D04149A831206888424DD03F49206815
:1007E000884249D03D4918312068884244D03B496D
:1007F0003031206888423FD03849483120688842EB
:100800003AD0364960312068884235D03349783152
:100810002068884230D031499031206888422BD0FE
:100820002E49A8312068884226D02D492068884268
:1008300022D02B491431206888421DD02849283104
:100840002068884218D026493C312068884213D05D
:1008500023495031206888420ED0214964312068F4
:10086000884209D01E4978312068884204D01C494A
:100870008C312068884201D1012000E00020D8B1ED
:10088000206E006820F48070216E0860A56D94F8D9
:100890005C0000F01F01012088406860D4E9191055
:1008A0004860E06E40B1E06E006820F48070E16E58
:1008B0000860D4E91C10486000BF002084F83400B0
:1008C00000BF012084F83500206D10B12046216D55
:1008D000884700203EE6000010000240100402405D
:1008E000085402580348006840F0010001490860BC
:1008F0007047000020040058F8B502460023734DED
:10090000DEE001279F400E6806EA0704002C71D044
:100910004E68022E02D04E68122E13D1DF0802F16B
:10092000200656F827005E07F70E0F26BE40B0439C
:100930005F07FF0E0E69BE403043DF0802F120065C
:1009400046F8270010685F000326BE40B0430E79CA
:1009500006F003065F00BE40304310604E68012E73
:1009600008D04E68022E05D04E68112E02D04E6877
:10097000122E13D190685F000326BE40B0435F0083
:10098000CE68BE4030439060506801269E40B04320
:100990000E79C6F300169E4030435060D0685F0069
:1009A0000326BE40B0435F008E68BE403043D06037
:1009B0004E6806F08056B6F1805F1BD100BF444EF2
:1009C000366846F00206424F3E603E46366806F004
:1009D0000206009600BF00BF3E4E9F0856F8270053
:1009E0009E07370F0F26BE40B0433B4EB24202D1A6
:1009F00000262EE063E0394EB24201D1012628E004
:100A0000374EB24201D1022623E0364EB24201D126
:100A100003261EE0344EB24201D1042619E0334EC3
:100A2000B24201D1052614E0314EB24201D1062670
:100A30000FE0304EB24201D107260AE02E4EB242FC
:100A400001D1082605E02D4EB24201D1092600E071
:100A50000A269F073F0FBE4030431E4E9F0846F8B0
:100A600027002868A0434E6806F48036B6F5803F1C
:100A700000D1204328606868A0434E6806F4003621
:100A8000B6F5003F00D1204368604FF0B0463068B3
:100A9000A0434E6806F48016B6F5801F00D12043AF
:100AA0004FF0B04630607068A0434E6806F4001600
:100AB000B6F5001F00D120434FF0B04670605B1CBC
:100AC0000E68DE40002E7FF41CAFF8BD8000005899
:100AD000F444025808040058000002580004025868
:100AE00000080258000C0258001002580014025866
:100AF00000180258001C0258002002580024025816
:100B0000024613690B400BB1012000E00020704742
:100B100042690A408A4202D10A04826100E081618E
:100B200070470AB1816101E00B04836170470000E6
:100B300001480068000C70470010005C0148006824
:100B4000704700002C00002403480068034909781E
:100B500008440149086070472C0000243400002438
:100B600010B5032000F00AF901F0CCFA1049096829
:100B7000C1F303210F4A515C01F01F01C8400E4927
:100B800008600B48006800F00F001146085C00F098
:100B90001F0109480068C840084908600F2000F09C
:100BA0000FF808B1012010BD00F09AF80020FAE714
:100BB00018440258123600080000002404000024E3
:100BC00070B504461148007808B9012070BD0F487F
:100BD00000784FF47A71B1FBF0F00D490968B1FB70
:100BE000F0F5284601F078FF08B10120EEE7102C5F
:100BF00007D200222146501E00F083F80548046009
:100C000001E00120E2E70020E0E7000034000024DA
:100C100000000024300000244178154A116001785A
:100C2000F9B1121D41681160017B0907C27A41EADE
:100C30000261827A41EAC241427B41EA8241827B7F
:100C400041EA4241C27B41EA0241427A41EA022141
:100C5000027A41EA420102781143054A08321160E2
:100C600005E00021024A121D1160121D116070473B
:100C700098ED00E000BF00BF00BFBFF35F8F00BF73
:100C800000BF00BF0548006820F4803003490860B9
:100C900000200249703108607047000024ED00E038
:100CA00040F001010D4A11600C497039096841F4A6
:100CB00080310A4A703A116000BF00BF00BFBFF325
:100CC0004F8F00BF00BF00BF00BF00BF00BFBFF31A
:100CD0006F8F00BF00BF00BF7047000094ED00E0C1
:100CE000704701460846002809DB00F01F03012277
:100CF0009A4043099B0003F1E023C3F8002100BFA1
:100D000070472DE9F05F80460D46164602F018FA4E
:100D1000074639462A46334601F00700C0F1070A64
:100D2000BAF1040F02D94FF0040A01E0C0F1070A3A
:100D3000D14600F1040ABAF1070F02D24FF0000ABF
:100D400001E0A0F1030AD4464FF0010A0AFA09FAB9
:100D5000AAF1010A0AEA020A0AFA0CFA4FF0010B98
:100D60000BFA0CFBABF1010B0BEA030B4AEA0B0489
:100D70002146404602F0ECF9BDE8F09F00BF00F0CC
:100D80000702064B19684FF6FF031940044B0B434B
:100D900043EA0221014B196000BF70470CED00E0EF
:100DA0000000FA050348006840F0807001490860BF
:100DB000704700000C48025810B501F0A3F907492C
:100DC0000968C1F30321064A515C01F01F01C840C4
:100DD000044908600846006810BD00001844025825
:100DE000123600080000002410B501F04FF9054943
:100DF0000968C1F30211044A515C01F01F01C840A7
:100E000010BD0000204402581236000870B501469B
:100E1000844D2D6805F00303824D2D68C5F3053020
:100E2000804D2D1D2D68C5F300147E4D14352D68A1
:100E3000C5F3CC0515FB04F501EE105AB8EE411AC6
:100E4000F0EE410A00286FD023B1012B4ED0022BC7
:100E50006BD16BE0734D283D2D68C5F340153DB354
:100E6000704D283D2D68C5F3C1066F4D25FA06F279
:100E700001EE102AF8EE411A01EE100AB8EE411AFE
:100E800081EE812A9FED691AC0EE811A654D1035F9
:100E90002D68C5F3080501EE105AB8EE411A31EE7F
:100EA000811AF7EE001A31EE211A22EE010A1CE037
:100EB00001EE100AB8EE411ADFED5D1A81EE812ACB
:100EC0009FED5A1AC0EE811A564D10352D68C5F3A4
:100ED000080501EE105AB8EE411A31EE811AF7EE0C
:100EE000001A31EE211A22EE010A5BE001EE100A2F
:100EF000B8EE411ADFED4F1A81EE812A9FED4B1AB1
:100F0000C0EE811A474D10352D68C5F3080501EE76
:100F1000105AB8EE411A31EE811AF7EE001A31EE8E
:100F2000211A22EE010A3DE077E01DE001EE100AF1
:100F3000B8EE411A9FED402AC2EE011A9FED3B1A0E
:100F400080EE812A374D10352D68C5F3080501EE76
:100F5000105AB8EE411A32EE011AB7EE002A31EEFD
:100F6000021A21EE810A1DE001EE100AB8EE411AC4
:100F7000DFED301A81EE812A9FED2C1AC0EE811A26
:100F8000284D10352D68C5F3080501EE105AB8EE4E
:100F9000411A31EE811AF7EE001A31EE211A22EED3
:100FA000010A00BF00BF1F4D10352D68C5F346254F
:100FB00001EE105AB8EE411AF7EE001A31EE211A7E
:100FC000C0EE011ABCEEE11A81ED001A154D103584
:100FD0002D68C5F3064501EE105AB8EE411AF7EE3A
:100FE000001A31EE211AC0EE011ABCEEE11A81EDB1
:100FF000011A0C4D10352D68C5F3066501EE105A27
:10100000B8EE411AF7EE001A31EE211AC0EE011ABD
:10101000BCEEE11A81ED021A03E000250D604D607F
:101020008D6070BD284402580090D0030000004637
:101030000024744C0024744A0024F44A70B501461C
:10104000844D2D6805F00303824D2D68C5F30550CE
:10105000804D2D1D2D68C5F300247E4D1C352D6857
:10106000C5F3CC0515FB04F501EE105AB8EE411A94
:10107000F0EE410A00286FD023B1012B4ED0022B95
:101080006BD16BE0734D283D2D68C5F340153DB322
:10109000704D283D2D68C5F3C1066F4D25FA06F247
:1010A00001EE102AF8EE411A01EE100AB8EE411ACC
:1010B00081EE812A9FED691AC0EE811A654D1835BF
:1010C0002D68C5F3080501EE105AB8EE411A31EE4D
:1010D000811AF7EE001A31EE211A22EE010A1CE005
:1010E00001EE100AB8EE411ADFED5D1A81EE812A99
:1010F0009FED5A1AC0EE811A564D18352D68C5F36A
:10110000080501EE105AB8EE411A31EE811AF7EED9
:10111000001A31EE211A22EE010A5BE001EE100AFC
:10112000B8EE411ADFED4F1A81EE812A9FED4B1A7E
:10113000C0EE811A474D18352D68C5F3080501EE3C
:10114000105AB8EE411A31EE811AF7EE001A31EE5C
:10115000211A22EE010A3DE077E01DE001EE100ABF
:10116000B8EE411A9FED402AC2EE011A9FED3B1ADC
:1011700080EE812A374D18352D68C5F3080501EE3C
:10118000105AB8EE411A32EE011AB7EE002A31EECB
:10119000021A21EE810A1DE001EE100AB8EE411A92
:1011A000DFED301A81EE812A9FED2C1AC0EE811AF4
:1011B000284D18352D68C5F3080501EE105AB8EE14
:1011C000411A31EE811AF7EE001A31EE211A22EEA1
:1011D000010A00BF00BF1F4D18352D68C5F3462515
:1011E00001EE105AB8EE411AF7EE001A31EE211A4C
:1011F000C0EE011ABCEEE11A81ED001A154D18354A
:101200002D68C5F3064501EE105AB8EE411AF7EE07
:10121000001A31EE211AC0EE011ABCEEE11A81ED7E
:10122000011A0C4D18352D68C5F3066501EE105AEC
:10123000B8EE411AF7EE001A31EE211AC0EE011A8B
:10124000BCEEE11A81ED021A03E000250D604D604D
:101250008D6070BD284402580090D0030000004605
:101260000024744C0024744A0024F44A2DE9F0410F
:1012700004460025A846206800F00060B0F1006F29
:1012800030D1606E48B1B0F5801F0DD0B0F5001FB1
:1012900010D0B0F5401F15D113E0F948006840F4B4
:1012A0000030F74908600FE00221201D01F0D2FC58
:1012B000054609E0022104F1240001F07DFD054608
:1012C00002E001E0012500BF00BF55B9EC48243021
:1012D000006820F44010616E0843E9492431086039
:1012E00000E0A846208800F48070B0F5807F2DD102
:1012F000606D05281AD2DFE800F0030A1017180005
:10130000DF48006840F40030DD49086010E000214B
:10131000201D01F09FFC05460AE0002104F1240095
:1013200001F04AFD054603E002E001E0012500BFAF
:1013300000BF55B9D2482430006820F00700616D25
:101340000843CF492431086000E0A846208800F413
:101350000070B0F5007F33D1A06D802817D003DC7A
:1013600040B140281CD10CE0C02817D0B0F5807FD8
:1013700016D114E0C248006840F40030C04908604B
:1013800010E00021201D01F065FC05460AE0002167
:1013900004F1240001F010FD054603E002E001E045
:1013A000012500BF00BF55B9B5482430006820F4BE
:1013B000E070A16D0843B2492431086000E0A846FE
:1013C000208800F48060B0F5806F38D1D4F8A40094
:1013D000B0F5800F19D004DC50B1B0F5001F1DD15D
:1013E0000DE0B0F5C00F17D0B0F5000F16D114E026
:1013F000A348006840F40030A149086010E00021D3
:10140000201D01F027FC05460AE0002104F124001C
:1014100001F0D2FC054603E002E001E0012500BF37
:1014200000BF5DB996482C30006820F46000D4F805
:10143000A410084392492C31086000E0A846208897
:1014400000F40060B0F5006F38D1D4F8A800B0F116
:10145000007F19D004DC50B1B0F1807F1DD10DE0C8
:10146000B0F1407F17D0B0F1806F16D114E08448FE
:10147000006840F400308249086010E00021201D1F
:1014800001F0E8FB05460AE0002104F1240001F028
:1014900093FC054603E002E001E0012500BF00BF28
:1014A0005DB977482C30006820F0E060D4F8A810CF
:1014B000084373492C31086000E0A846206800F01A
:1014C0000070B0F1007F27D1A06CA0B1102804D02B
:1014D000202809D030280FD10CE06948006840F47A
:1014E00000306749086009E00221201D01F0B2FBCD
:1014F000054603E002E001E0012500BF00BF55B949
:101500005F482030006820F03000A16C08435C493F
:101510002031086000E0A846208800F48050B0F533
:10152000805F36D1E06DB0F5005F19D004DC50B1BA
:10153000B0F5805F1DD10DE0B0F5405F17D0B0F57C
:10154000804F16D114E04E48006840F400304C49FA
:10155000086010E00021201D01F07CFB05460AE038
:10156000002104F1240001F027FC054603E002E01D
:1015700001E0012500BF00BF55B941482430006893
:1015800020F4E040E16D08433D492431086000E06B
:10159000A846208800F40050B0F5005F34D1206EDA
:1015A000B0F5403F1DD007DC68B1B0F5803F0BD0EF
:1015B000B0F5003F18D10DE0B0F5802F12D0B0F596
:1015C000A02F11D10FE011E00121201D01F042FBFD
:1015D00005460BE0012104F1240001F0EDFB054676
:1015E00004E003E002E001E0012500BF00BF55B9BF
:1015F00023482430006820F4E020216E084320496D
:101600002431086000E0A846208800F48040B0F54E
:10161000804F38D1D4F8AC00B0F1405F1DD007DC6A
:1016200068B1B0F1805F0BD0B0F1005F18D10DE070
:10163000B0F1804F12D0B0F1A04F11D10FE011E006
:101640000121201D01F006FB05460BE0012104F1FC
:10165000240001F0B1FB054604E003E002E001E0F4
:10166000012500BF00BF6DB905482C30006820F08F
:10167000E040D4F8AC10084301492C31086002E086
:101680002C440258A846208800F40040B0F5004FD2
:1016900026D1E06E98B1B0F1805F03D0B0F1005F69
:1016A0000ED106E0F948006840F40030F7490860C0
:1016B00008E00121201D01F0CDFA054602E001E01D
:1016C000012500BF00BF55B9F0482430006820F064
:1016D0004050E16E0843ED492431086000E0A8461F
:1016E000206800F08070B0F1807F27D1606CA0B1DD
:1016F000012804D0022809D003280FD10CE0E348C8
:10170000006840F40030E149086009E00221201D32
:1017100001F0A0FA054603E002E001E0012500BF68
:1017200000BF55B9D9482030006820F00300616C33
:101730000843D6492031086000E0A846206800F43C
:101740008000B0F5800F7DD1D148006840F48070F2
:10175000CF490860FFF7F2F9064606E0FFF7EEF919
:10176000801B642801D9032505E0C948006800F4FE
:1017700080700028F2D000BF85BBC44844300068A8
:1017800000F44070B4F8B01001F44071884213D0F6
:10179000BE484430006820F44077BC4844300068BC
:1017A00040F48030B949443108600846006820F4AC
:1017B0008030086008460760D4F8B000B0F5807F3C
:1017C00015D1FFF7BBF9064609E0FFF7B7F9801B13
:1017D00041F28831884202D9032507E038E0AB485E
:1017E00044300068C0F340000028EED000BF55BB75
:1017F00000BFB4F8B00000F44070B0F5407F0ED1E7
:10180000A2481C38006820F47C51A24AD4F8B000E9
:10181000104041EA10109D491C39086007E09B48C0
:101820001C38006820F47C5098491C39086097489F
:1018300044300068B4F8B010C1F30B010843934979
:10184000443101E005E001E0086002E0A84600E064
:10185000A846207800F0010068B3A06F182819D0BE
:1018600005DC48B1082808D0102816D10BE0202844
:1018700011D0282811D10FE011E00121201D01F025
:10188000E9F905460BE0012104F1240001F094FA86
:10189000054604E003E002E001E0012500BF00BFCF
:1018A00055B97A482830006820F03800A16F084305
:1018B00076492831086000E0A846207800F0020050
:1018C000022828D1606F062815D2DFE800F0030453
:1018D0000A11121311E00121201D01F0BBF9054688
:1018E0000BE0012104F1240001F066FA054604E052
:1018F00003E002E001E0012500BF00BF55B96348E5
:101900002830006820F00700616F08435F492831E4
:10191000086000E0A846207800F0040004282AD1DE
:10192000D4F89000062815D2DFE800F003040A116D
:10193000121311E00121201D01F08CF905460BE086
:10194000012104F1240001F037FA054604E003E028
:1019500002E001E0012500BF00BF5DB94B482C301B
:10196000006820F00700D4F89010084347492C3154
:10197000086000E0A846207800F02000202836D13A
:10198000D4F88C00B0F1405F1DD007DC68B1B0F135
:10199000805F0BD0B0F1005F18D10DE0B0F1804F47
:1019A00012D0B0F1A04F11D10FE011E00021201DA5
:1019B00001F050F905460BE0022104F1240001F08A
:1019C000FBF9054604E003E002E001E0012500BF69
:1019D00000BF5DB92D482830006820F0E040D4F801
:1019E0008C10084329492831086000E0A846207877
:1019F00000F04000402836D1D4F89800B0F5406F90
:101A00001DD007DC68B1B0F5806F0BD0B0F5006F6A
:101A100018D10DE0B0F5805F12D0B0F5A05F11D104
:101A20000FE011E00021201D01F014F905460BE044
:101A3000022104F1240001F0BFF9054604E003E0AF
:101A400002E001E0012500BF00BF5DB90F482C3066
:101A5000006820F4E050D4F8981008430B492C316A
:101A6000086000E0A846207800F0800080283AD185
:101A7000D4F89C00B0F5C04F23D00DDC98B1B0F580
:101A8000005F11D0B0F5804F1ED113E02C440258F6
:101A900000480258FFFCFF0FB0F5004F12D0B0F520
:101AA000204F11D10FE011E00021201D01F0D2F8EC
:101AB00005460BE0022104F1240001F07DF9054602
:101AC00004E003E002E001E0012500BF00BF4DB9E2
:101AD000AD48006820F46040D4F89C100843AA493F
:101AE000086000E0A846207800F00800082817D118
:101AF000D4F88000B0F5805F07D1022104F1240002
:101B000001F05AF908B14FF001089F48001F006822
:101B100020F44050D4F8801008439B49091F086006
:101B2000207800F01000102815D1D4F89400B0F5FA
:101B3000807F07D1022104F1240001F03DF908B1B2
:101B40004FF001089048006820F44070D4F89410D9
:101B500008438D490860206800F40020B0F5002F8C
:101B600026D1D4F8A00030B1B0F5803F09D0B0F54F
:101B7000003F0ED10CE00021201D01F06BF805465E
:101B800009E0022104F1240001F016F9054602E003
:101B900001E0012500BF00BF4DB97B48006820F47B
:101BA0004030D4F8A01008437749086000E0A84608
:101BB000206800F48020B0F5802F2DD1D4F8840067
:101BC000B0F5801F06D0B0F5001F0CD0B0F5401F57
:101BD00011D10FE06C482C38006840F400306A499D
:101BE0002C39086009E0012104F1240001F0E4F837
:101BF000054602E001E0012500BF00BF5DB9624873
:101C0000001F006820F44010D4F8841008435E4997
:101C1000091F086000E0A846206800F48030B0F595
:101C2000803F24D1E06C18B1B0F5803F0FD108E0BF
:101C300055482C38006840F4003053492C3908606E
:101C400007E00221201D01F005F8054601E001250D
:101C500000BF00BF55B94C480C38006820F48030F4
:101C6000E16C084348490C39086000E0A846206848
:101C700000F00050B0F1005F07D1022104F1240010
:101C800001F09AF808B14FF00108206800F4003024
:101C9000B0F5003F27D1E06FA0B1B0F5807F06D04E
:101CA000B0F5007F0CD0B0F5407F0CD109E036488C
:101CB0002C38006840F4003033492C39086004E0C7
:101CC00003E002E001E0012500BF00BF55B92E4846
:101CD000001F006820F44070E16F08432A49091F83
:101CE000086000E0A846206800F48010B0F5801F6E
:101CF00009D125480838006820F00040216F0843CA
:101D0000214908390860206800F40010B0F5001F70
:101D100009D11D480838006820F08070A16E084382
:101D2000194908390860206800F08040B0F1804F00
:101D300011D100BF14484838006820F4004012490F
:101D40004839086008460068D4F8B81008430E49BE
:101D50004839086000BF206800F00040B0F1004F33
:101D600009D109480C38006820F04050216D084323
:101D700005490C390860B8F1000F02D10020BDE818
:101D8000F0810120FBE70000584402582DE9F041A2
:101D900004460D4614B90120BDE8F081B64800683C
:101DA00000F00F00A8420ED2B348006820F00F00E8
:101DB0002843B14908600846006800F00F00A842B7
:101DC00001D00120E8E7207800F0040004280ED1BB
:101DD000AA492069096801F07001884207D9A7481B
:101DE000006820F0700021690843A4490860207849
:101DF00000F00800082811D1A049091D6069096890
:101E000001F07001884209D99C48001D006820F04B
:101E10007000616908439949091D0860207800F045
:101E20001000102811D19549091DA069096801F415
:101E3000E061884209D99148001D006820F4E06003
:101E4000A16908438D49091D0860207800F0200031
:101E5000202811D189490831E069096801F0700131
:101E6000884209D985480830006820F07000E1698F
:101E70000843824908310860207800F002000228F7
:101E80000ED17E49E068096801F00F01884207D948
:101E90007A48006820F00F00E1680843774908603D
:101EA000207800F00100002850D07448006820F429
:101EB0007060A1680843714908606068022807D112
:101EC0006E4818380068C0F34040F8B9012063E755
:101ED0006068032807D1694818380068C0F340607B
:101EE000A0B9012058E76068012807D16348183875
:101EF0000068C0F3002048B901204DE75F4818385A
:101F00000068C0F3800008B9012045E75B48083845
:101F1000006820F0070061680843584908390860E4
:101F2000FEF70CFE064608E0FEF708FE801B41F2B5
:101F30008831884201D903202EE7504808380068CC
:101F400000F038006168B0EBC10FEDD1207800F0EF
:101F5000020002280ED14949E068096801F00F012A
:101F6000884207D24548006820F00F00E168084326
:101F7000424908604048006800F00F00A8420ED9AE
:101F80003D48006820F00F0028433B4908600846A0
:101F9000006800F00F00A84201D00120FCE6207884
:101FA00000F0040004280ED134492069096801F0CA
:101FB0007001884207D23148006820F07000216922
:101FC00008432E490860207800F00800082811D145
:101FD0002A49091D6069096801F07001884209D227
:101FE0002648001D006820F07000616908432349FD
:101FF000091D0860207800F01000102811D11F4939
:10200000091DA069096801F4E061884209D21B48F2
:10201000001D006820F4E060A16908431749091D0C
:102020000860207800F02000202811D113490831E1
:10203000E069096801F07001884209D20F48083050
:10204000006820F07000E16908430C49083108601D
:1020500000F058F809490968C1F30321084A515CA6
:1020600001F01F01C8400749086007480068FEF7F3
:10207000A7FD074638468FE6002000521844025854
:1020800012360008000000243000002410B5FEF7CE
:1020900093FE0749096801F00F01064A515C01F0FF
:1020A0001F01C840044908600846006810BD0000D0
:1020B00018440258123600080400002410B5FFF737
:1020C000E5FF05490968C1F30211044A515C01F0BA
:1020D0001F01C84010BD00001C4402581236000801
:1020E00010B5FFF7D3FF05490968C1F30221044A7F
:1020F000515C01F01F01C84010BD00001C44025893
:1021000012360008F0B5824E366806F0380636B151
:10211000082E15D0102E15D0182E7DD114E07C4E2F
:10212000103E3668C6F3401646B1794E103E36680A
:10213000C6F3C107774E26FA07F000E07548E5E0E0
:102140007548E3E07548E1E0714E1836366806F0F0
:1021500003046F4E18363668C6F305116C4E1C36F4
:10216000366806F001056A4E24363668C6F3CC069A
:1021700016FB05F601EE106AB8EE410A002971D08F
:1021800024B1012C50D0022C6DD16DE0604E103E78
:102190003668C6F340163EB35D4E103E3668C6F351
:1021A000C1075C4E26FA07F301EE103AF8EE411A29
:1021B00001EE101AB8EE411A81EE812A9FED581AED
:1021C000C0EE011A524E20363668C6F3080601EEFC
:1021D000106AB8EE411A31EE811AF7EE001A31EEAC
:1021E000211A62EE010A1EE001EE101AB8EE411A41
:1021F000DFED4C1A81EE812A9FED491AC0EE011ADB
:10220000434E20363668C6F3080601EE106AB8EE73
:10221000411A31EE811A00E076E0F7EE001A31EE55
:10222000211A62EE010A5BE001EE101AB8EE411AC3
:102230009FED3D2AC2EE011A9FED391A80EE012A68
:10224000334E20363668C6F3080601EE106AB8EE43
:10225000411A32EE011AB7EE002A31EE021A61EE8F
:10226000810A3DE04EE01DE001EE101AB8EE411A81
:10227000DFED2E1A81EE812A9FED291AC0EE011A98
:10228000234E20363668C6F3080601EE106AB8EE13
:10229000411A31EE811AF7EE001A31EE211A62EE80
:1022A000010A1DE001EE101AB8EE411A9FED1E2A38
:1022B000C2EE011A9FED1A1A80EE012A144E203642
:1022C0003668C6F3080601EE106AB8EE411A32EE1F
:1022D000011AB7EE002A31EE021A61EE810A00BF40
:1022E00000BF0B4E20363668C6F34626721C01EE40
:1022F000102AB8EE411AC0EE811ABCEEE11A11EEB6
:10230000100A00E0002001E0034800BF00BFF0BD5C
:10231000104402580090D00300093D0000127A00DA
:10232000000000460024744C0024744A0024F44A3F
:102330002DE9F047044614B90120BDE8F087207864
:1023400000F00100002872D0F948006800F0380859
:10235000F7481830D0F80090B8F1100F06D0B8F157
:10236000180F0FD109F0030002280BD1F0481038E4
:102370000068C0F3404000286ED0606800286BD130
:102380000120DAE700BF6068B0F5803F08D1E84877
:102390001038006840F48030E549103908602EE0BC
:1023A000606868B9E2481038006820F48030E0497D
:1023B000103908600846006820F4802008601EE09C
:1023C0006068B0F5A02F0DD1D9481038006840F4EE
:1023D0008020D749103908600846006840F48030F2
:1023E00008600CE0D2481038006820F48030D049F2
:1023F000103908600846006820F48020086000BF9B
:102400006068A8B1FEF79AFB054608E0FEF796FB68
:10241000401B41F28831884201D903208DE7C4482E
:1024200010380068C0F340400028EFD014E014E0FA
:10243000FEF784FB054608E0FEF780FB401B41F2F7
:102440008831884201D9032077E7B94810380068FD
:10245000C0F340400028EFD100BF207800F0020018
:1024600002286BD1B248006800F03808B048183034
:10247000D0F80090B8F1000F05D0B8F1180F2BD1AB
:1024800009F0030040BBAA4810380068C0F3800080
:1024900018B1E06808B901204FE700BFFEF748FB1C
:1024A00041F2030188420BD8A1480C38006820F49F
:1024B0007C30216940EA01309D490C3908600AE00E
:1024C0009B480C38006820F0FE40217C40EA016007
:1024D00097490C39086058E0E06870B394481038A8
:1024E000006820F01900E16808439149103908603C
:1024F000FEF724FB054606E0FEF720FB401B022802
:1025000001D9032019E78A4810380068C0F3800019
:102510000028F1D000BFFEF70BFB41F20301884217
:102520000DD883480C38006820F47C30216940EADB
:1025300001307F490C3908600CE00CE026E07C4853
:102540000C38006820F0FE40217C40EA01607849A8
:102550000C39086019E076481038006820F0010056
:10256000734910390860FEF7E9FA054606E0FEF700
:10257000E5FA401B022801D90320DEE66C4810383A
:102580000068C0F380000028F1D100BF207800F07F
:10259000100010286ED16648006800F038086448C2
:1025A0001830D0F80090B8F1080F06D0B8F1180F25
:1025B0002FD109F0030001282BD15D4810380068A5
:1025C000C0F3002020B1E069802801D00120B4E6EA
:1025D00000BFFEF7ADFA41F2030188420CD854481F
:1025E0000C38006820F0F84094F8201040EA816030
:1025F0004F490C3908600BE04D48001F006820F07F
:102600007C5094F8201040EA01604949091F086095
:1026100058E0E06968B346481038006840F0800030
:10262000434910390860FEF789FA054606E0FEF7CF
:1026300085FA401B022801D903207EE63C48103869
:102640000068C0F300200028F1D000BFFEF770FA48
:1026500041F2030188420ED835480C38006820F05A
:10266000F84094F8201040EA816031490C39086044
:102670000DE00DE027E02E48001F006820F07C50A0
:1026800094F8201040EA01602949091F086019E008
:1026900027481038006820F080002549103908606C
:1026A000FEF74CFA054606E0FEF748FA401B022802
:1026B00001D9032041E61E4810380068C0F300200D
:1026C0000028F1D100BF207800F00800082837D199
:1026D0006069D0B116486430006840F001001449C8
:1026E00064310860FEF72AFA054606E0FEF726FA8E
:1026F000401B022801D903201FE60D486430006802
:10270000C0F340000028F1D01AE0094864300068A6
:1027100020F00100064964310860FEF70FFA054613
:1027200008E0FEF70BFA401B022803D9032004E659
:1027300010440258DC480068C0F340000028F0D183
:10274000207800F02000202836D1A069D0B1D648EA
:102750007438006840F48050D34974390860FEF73B
:10276000EDF9054606E0FEF7E9F9401B022801D91C
:102770000320E2E5CC4874380068C0F340300028FC
:10278000F1D019E0C8487438006820F48050C64978
:1027900074390860FEF7D2F9054606E0FEF7CEF977
:1027A000401B022801D90320C7E5BF4874380068E0
:1027B000C0F340300028F1D1207800F00400042854
:1027C0007DD1BA48006840F48070B8490860FEF7CF
:1027D000B5F9054606E0FEF7B1F9401B642801D9BA
:1027E0000320AAE5B148006800F480700028F2D008
:1027F00000BFA068012808D1AB48001F006840F066
:102800000100A949091F08602DE0A06868B9A64821
:10281000001F006820F00100A349091F0860084656
:10282000006820F0040008601DE0A06805280DD1B4
:102830009D48001F006840F004009B49091F086084
:102840000846006840F0010008600CE09648001F50
:10285000006820F001009449091F086008460068DC
:1028600020F00400086000BFA068A0B1FEF766F980
:10287000054608E0FEF762F9401B41F288318842C4
:1028800001D9032059E58848001F0068C0F34000C3
:102890000028EFD013E0FEF751F9054608E0FEF7F7
:1028A0004DF9401B41F28831884201D9032044E5AB
:1028B0007D48001F0068C0F340000028EFD1606A27
:1028C00000287DD078486438006800F03800182867
:1028D00077D0606A022875D173487438006820F098
:1028E0008070714974390860FEF728F9054606E0E2
:1028F000FEF724F9401B022801D903201DE56A4890
:1029000074380068C0F340600028F1D100BFD4E9FA
:102910000A1041EA001064494C39096840F2F33268
:102920009143084360494C390860208E401EC0F333
:102930000800616B491E4FF47E4202EA41210843C0
:10294000218F491ED20102EA014108433C21095D61
:10295000491E120202EA01610843534944390860E2
:1029600000BF081F006820F00100091F08604E48E2
:10297000403800684FF6F8718843A16C40EAC10006
:1029800049494039086048484838006820F00C0040
:10299000216C08434449483908600846006820F023
:1029A0000200616C084340494839086008460068E5
:1029B00040F4803008600846006840F4003002E0CF
:1029C0006FE041E025E008600846006840F48020A0
:1029D00008600846006840F001000860324874381A
:1029E000006840F08070304974390860FEF7A6F83E
:1029F000054606E0FEF7A2F8401B022801D9032095
:102A00009BE4294874380068C0F340600028F1D086
:102A100047E025487438006820F0807022497439F6
:102A20000860FEF78BF8054606E0FEF787F8401BC6
:102A3000022801D9032080E41B4874380068C0F3E1
:102A400040600028F1D12CE017484C380768164840
:102A500044380668606A012821D007F00301A06AA3
:102A600081421CD1C7F30511E06A884217D1C6F331
:102A70000801206B401E814211D1606B401EC6F3DD
:102A8000462188420BD1A06B401EC6F30641884206
:102A900005D1E06B401EC6F30661884201D00120DB
:102AA0004BE4002049E400007444025800480258F6
:102AB000042808D14FF0E021096941F004014FF0EA
:102AC000E022116107E04FF0E021096921F00401E3
:102AD0004FF0E0221161704770B504462546681E2C
:102AE000B0F1807F01D301200FE0681E4FF0E0219C
:102AF00048610F214FF0FF3000F02AFB00204FF01B
:102B0000E021886107200861002070BD10B586B003
:102B100004462B492068884250D100BF00BF294895
:102B2000006840F01000274908600846006800F07F
:102B30001000009000BF00BF00BF00BF00BF2148D1
:102B40001038006840F001001E491039086008463E
:102B5000006800F00100009000BF00BF00BF00BF90
:102B600000BF0846006840F00100086008460068A1
:102B700000F00100009000BF00BF00BF4FF40070E4
:102B8000019002200290012003900220049007206F
:102B9000059001A90C48FDF7AFFE4FF4806001904D
:102BA0000720059001A90848FDF7A6FE2520FEF79D
:102BB00098F8032211462520FEF7A3F806B010BDB1
:102BC00000100140F0440258000002581D4A0168FC
:102BD000914236D11C49098801F4004189BB1A4948
:102BE000098801F4804171B1184909780A2903D094
:102BF0000021154A118024E01349098841F400415D
:102C0000114A11801DE0114909780D2906D10E499C
:102C1000098841F480410C4A118012E00B4909787F
:102C2000094A1288C2F30D02094B995406490988D2
:102C3000491C054A118011460988C72901DD002178
:102C40001180704700100140280000242A00002451
:102C5000F80000242DE9F04104460E4600275548AF
:102C6000006800F00300032802D10120BDE8F081D4
:102C700050482838006820F080604E4928390860A4
:102C8000FDF75CFF054606E0FDF758FF401B0228F4
:102C900001D90320EAE7474828380068C0F3C0603C
:102CA0000028F1D100BF4348006820F47C3021683F
:102CB00040EA01303F490860A088401EC0F3080088
:102CC000A168491E4FF47E4202EA41210843A189CE
:102CD000491ED20102EA01410843217C491E120229
:102CE00002EA0161084333491031086000BF3148EE
:102CF000001D006820F0C000616908432D49091DCE
:102D000008600846006820F02000A16908432949AE
:102D1000091D08600846006820F01000086025487A
:102D2000143000684FF6F8718843E16940EAC10049
:102D30002049143108601F48001D006840F0100051
:102D40001C49091D08602EB90846006840F400209F
:102D5000086012E0012E08D11648001D006840F4FA
:102D600080101449091D086007E01248001D006822
:102D700040F400100F49091D08600E48283800680B
:102D800040F080600B4928390860FDF7D7FE054602
:102D900006E0FDF7D3FE401B022801D9032065E7BA
:102DA000044828380068C0F3C0600028F1D03846D5
:102DB0005CE70000284402582DE9F04104460E4625
:102DC00000275548006800F00300032802D10120C5
:102DD000BDE8F08150482838006820F080504E4906
:102DE00028390860FDF7AAFE054606E0FDF7A6FEB5
:102DF000401B022801D90320EAE747482838006829
:102E0000C0F340700028F1D100BF4348006820F0B3
:102E10007C70218840EA01503F490860A088401E2C
:102E2000C0F30800A168491E4FF47E4202EA412126
:102E30000843A189491ED20102EA01410843217CCD
:102E4000491E120202EA0161084333491831086041
:102E500000BF3148001D006820F4406061690843EC
:102E60002D49091D08600846006820F40070A1691A
:102E700008432949091D08600846006820F480704D
:102E8000086025481C3000684FF6F8718843E169F6
:102E900040EAC10020491C3108601F48001D00683D
:102EA00040F480701C49091D08602EB9084600686E
:102EB00040F48000086012E0012E08D11648001D81
:102EC000006840F400001449091D086007E012483A
:102ED000001D006840F080700F49091D08600E4811
:102EE0002838006840F080500B4928390860FDF709
:102EF00025FE054606E0FDF721FE401B022801D90C
:102F0000032065E7044828380068C0F340700028B3
:102F1000F1D038465CE700002844025810B5002381
:102F2000234C236000BF00BF00BFBFF34F8F00BF23
:102F300000BF00BF231F1868C0F34E3100BFC0F3AD
:102F4000C90200BF43F6E07303EA41134FF0404467
:102F500004EA82742343174C236000BF00BF131E92
:102F6000A2F10102EED10B1EA1F10101E7D100BFD8
:102F700000BF00BFBFF34F8F00BF00BF00BF0C4BAF
:102F8000703B1B6843F48033094C703C236000BFE6
:102F900000BF00BFBFF34F8F00BF00BF00BF00BF27
:102FA00000BF00BFBFF36F8F00BF00BF00BF10BDE9
:102FB00084ED00E060EF00E000BF00BF00BFBFF3A2
:102FC0004F8F00BF00BF00BF00BF00BF00BFBFF3F7
:102FD0006F8F00BF00BF00BF00201449086000BF12
:102FE00000BF00BFBFF34F8F00BF00BF00BF00BFD7
:102FF00000BF00BFBFF36F8F00BF00BF00BF0C4812
:10300000006840F400300A49086000BF00BF00BFFC
:10301000BFF34F8F00BF00BF00BF00BF00BF00BFA6
:10302000BFF36F8F00BF00BF00BF704750EF00E0DD
:1030300014ED00E010B5FDF787FDFDF74BFA012810
:1030400001D0FDF74CFA10BD2448006840F4700030
:10305000224908602248006840F0010020490860C9
:1030600000201F49103108601D4800681D490840B4
:103070001B49086000201A4918310860091D0860C2
:10308000091D0860164928310860091D0860091DDE
:103090000860091D0860091D0860091D0860091DF8
:1030A0000860091D08600E48006820F480200C4963
:1030B000086000200A49603108600B4800686FF31F
:1030C0000F00B0F1005F02D20120084908604FF004
:1030D00000600249803908607047000088ED00E018
:1030E000004402587FEDF6EA0010005C08810051B0
:1030F00070B500240F4D1048FDF7F6F900BF03E04E
:10310000641CAC4200D904E00B48FDF7F2F920281A
:10311000F6D100BF002403E0641CAC4200D906E0F5
:10312000012206490448FDF7E9F90028F4D100BF5F
:1031300070BD0000FFFF0100C00100242A00002430
:1031400002480068C0F30220704700000CED00E068
:1031500010B5002804DB0A07130E054A135406E0D5
:103160000A07140E034A00F00F031B1FD45410BDAE
:1031700000E400E018ED00E000BF704770B50446C1
:103180000420FFF795FC0A48046025464FF47A7046
:1031900045434FF0E020006940F002004FF0E0218D
:1031A000086108464561006940F00100086170BD92
:1031B0002000002430B50446002504E04FF47A7066
:1031C00000F004F86D1CA542F8D330BD70B503467D
:1031D00000224FF0E02675690D4E366803FB06F4B9
:1031E0004FF0E026B16910E04FF0E026B069884268
:1031F0000BD0884202D20E1A324402E02E1A0E443C
:1032000032440146A24200D300E0EDE700BF70BDAA
:103210002000002400BF054AD26902F04002002AC3
:10322000F9D0C2B2014B9A62704700000010014011
:1032300010B500F01FF8FDF793FC0423022211469D
:10324000F02000F011F94FF4F070FFF797FF4FF402
:10325000E13000F0BDF9FDF756F9FDF759F9FDF73A
:103260005CF9FDF75FF90020FDF761F9FDF764F9FE
:10327000002010BD10B5FFF79FFEFFF74FFE03487B
:10328000006840F004000149086010BD9CEF00E0B8
:1032900030B587B00546002400BF6A48006840F09A
:1032A0000200684908600846006800F002000190CA
:1032B00000BF00BF00BF0846006840F0080008607B
:1032C0000846006800F00800019000BF00BF00BF82
:1032D0000846006840F0100008600846006800F0EA
:1032E0001000019000BF00BF00BF56480C380068B6
:1032F00040F4804053490C3908600846006800F4E7
:103300008040019000BF00BF402002900220039047
:1033100003200590012004900A20069002A94A4843
:10332000FDF7EAFA042002900920069002A9464817
:10333000FDF7E2FA4FF4605002900920069002A9CE
:103340004248FDF7D9FA042002900920069002A90C
:103350003F48FDF7D1FA3B486438006840F48040AC
:103360003849643908600846006820F480400860E5
:1033700000BF3848806800F020000028F9D13648A6
:1033800034490860354848600846006840F001004C
:10339000086000BF2F48806800F020000028F9D1A5
:1033A0004FF483702B49486100BF2A48806800F0C1
:1033B00002000028F9D02748C06840F002002549E3
:1033C000C86000BF2348806800F020000028F9D1C1
:1033D0002049C861EB2444F4807444F44064A81C80
:1033E00044EA003444F4404400BF44F4801444F000
:1033F000407444F04064084644611948006820F471
:1034000080301749086016487030006820F00100CD
:103410001349703108600020091D08604FF010400A
:10342000091D08600F48091D086005200C4970310E
:1034300008600B48006840F480300949086007B014
:1034400030BD0000E044025800040258000C02584D
:103450000010025800500052100300010102180031
:1034600024ED00E02D0003032DE9F041CCB08046AF
:103470000D4616461F4600245148006820F00400FF
:103480004F49086000BF002001904E48006820F0BE
:1034900001004C4908600846006800F001000190F6
:1034A00047480C30006840F4404045490C31086002
:1034B0000846006800F44040019000BF00BF00BF14
:1034C0003F480C30006800F40050B0F5005FF7D1C1
:1034D000212031904FF48030329000203490389089
:1034E0000120379002203A90022131A88162CDF864
:1034F000F480C5624663876300214164082101644A
:1035000000218164FEF714FF04461CB101204CB079
:10351000BDE8F0813F204490032045900020469074
:10352000082047904020499000014A904020489050
:103530004B90042144A8FEF729FC04460CB101205D
:10354000E5E721480290082003904FF4DC710491D4
:1035500002210591069107910021089109910A9194
:10356000022013902020149000201F9020904FF4F0
:103570004010239002A8FDF779FE04460CB101200B
:10358000C5E70020FFF784FEFDF70CFC0F4800683C
:1035900040F080000D49086000BF0C48F43000681E
:1035A00040F002000949F43108600846006800F064
:1035B0000200019000BF00BFFDF794F90020A6E7CC
:1035C0000C4802582C04005803000403004402581D
:1035D00010B5044609480A490860084644600021BD
:1035E0008160C160016181610C214161FCF7A9FF2B
:1035F000012204490248FCF781FF10BD0010014080
:10360000C00100242A0000244FF04070E1EE100AAF
:1036100070470000000001020304010203040607D2
:10362000080900004436000800000024F8000000EB
:10363000D40200083C370008F8000024B8B10700A5
:10364000F00200080090D0030090D00300000000BA
:10365000000000000000000000000000000000006A
:10366000000000000000000000000000000000005A
:1036700000000000100000000101000000F8000040
:10368000FFFF0000095D0090395D009000030024F9
:1036900000000030000000380000002000000000A2
:1036A0000043072400E0033000F8003800F0012058
:1036B00000F8000000000000000000000000000012
:1036C00000000000000000000000000000000000FA
:1036D00000000000000000000000000000000000EA
:1036E00000000000000000000000000000000000DA
:1036F000000000001F0000000000000000000000AB
:1037000000000000000000000000000000000000B9
:1037100000000000000000000000000000000000A9
:103720000000000000000000000000000000000099
:0C373000AAAAAAAA0000000000000000E5
:0200000490006A
:10000000642900F0D580782900F00E81732900F072
:100010002F820020704700002D4B19680868B0E857
:10002000F04F80F30988BFF36F8F4FF0000080F32B
:10003000118870470000000008480068006880F3DD
:1000400008884FF0000080F3148862B661B6BFF3F1
:100050004F8FBFF36F8F00DF00BF00BF08ED00E0E0
:10006000DFF80C00016841F470010160704700BFC7
:1000700088ED00E0EFF30980BFF36F8F144B1A682F
:100080001EF0100F08BF20ED108A20E9F04F10601D
:1000900009B44FF0500072B680F31188BFF34F8F50
:1000A000BFF36F8F62B607F019FA4FF0000080F3CC
:1000B000118809BC19680868B0E8F04F1EF0100FED
:1000C00008BFB0EC108A80F30988BFF36F8F7047C8
:1000D00078000024EFF30580704700000FB4044956
:1000E00010B503AA029800F0C7F910BC5DF814FB24
:1000F000240000242DE9F0410E4604460020206231
:100100002046E168884730B3252805D0D4E901218D
:100110009047206A401CF2E7E168204600278847A4
:10012000050018D0A5F14100192802D820354FF458
:1001300000673246294620462760FFF761FF40B13D
:10014000012804D0F61D26F007060836D8E7361D2C
:10015000D6E72846DAE7206ABDE8F08170B50C469C
:100160000546012A05D02878800600D5EA690023D3
:1001700002E0012305E05B1C934202D2E05C002810
:10018000F9D1A869E618C01AA861286A184428623B
:100190002846AFF3008004E0D5E9012114F8010BF3
:1001A0009047B442F8D32846AFF3008070BD0000FA
:1001B0002DE9F0410646002410687529314616A540
:1001C00010D0AFF30080002802DA404213A507E008
:1001D00031688A0701D512A502E0490704D511A5A7
:1001E000012401E0AFF3008000210A2206F1240778
:1001F00009E0B0FBF2FCB0FBF2F302FB1C00303074
:1002000078541846491C0028F3D123462A46304624
:10021000BDE8F04100F0A8B8000000002D0000008B
:100220002B0000002000000070B504460D4621465A
:100230001068AFF300802188090502D50F4A7A447F
:1002400002E00E4A7A440E32002104F1240305E054
:1002500000F00F060009965D5E54491C0028F7D196
:1002600020780023000704D5702D02D009B10223A5
:1002700011322046BDE8704000F076B81ECC000078
:10028000032A40F2308010F0030C00F0158011F8C2
:10029000013BBCF1020F624498BF11F801CB00F89A
:1002A000013B38BF11F8013BA2F1040298BF00F8EE
:1002B00001CB38BF00F8013B11F0030300F0EE80E2
:1002C000083AC0F0088051F8043B083A51F804CBD2
:1002D000A0E80810F5E7121D5CBF51F8043B40F898
:1002E000043BAFF30080D20724BF11F8013B11F8A3
:1002F00001CB48BF11F8012B24BF00F8013B00F8E7
:1003000001CB48BF00F8012B704702F0FF0343EA1E
:10031000032242EA024200F0F5B84FF0000200B5B5
:10032000134694469646203922BFA0E80C50A0E818
:100330000C50B1F12001BFF4F7AF090728BFA0E8C6
:100340000C5048BF0CC05DF804EB890028BF40F892
:10035000042B08BF704748BF20F8022B11F0804FD4
:1003600018BF00F8012B70472DE9F0470D4699465C
:100370009246044600F124080168880604D5E06925
:1003800021F01001216000E00120A84201DD471B9F
:1003900000E00027A1697A1902EB0900081AA061A0
:1003A0002078C00602D42046AFF30080002608E083
:1003B000D4E901211AF806009047206A401C761CF7
:1003C00020624E45F4DB2078C0060AD52046AFF304
:1003D000008006E0D4E9012130209047206A401CCB
:1003E0002062381EA7F10107F4DC07E0D4E90121FF
:1003F00018F805009047206A401C2062281EA5F1CD
:100400000105F3DC2046AFF300802078000602D51A
:100410000220BDE8F0870120FBE7000001694A1CCB
:1004200002610878704700B58FB0CDE90131002135
:10043000059105497944CDE9031011466846FFF757
:1004400059FE0FB000BD0000E5FFFFFF10B5436986
:1004500013B1AFF3008001E0FFF780FE012010BD73
:10046000127800F124010A7000224A700122EDE79F
:1004700011684FF0FF32E9E7074B70B50D467B443A
:10048000FFF7D1FF0446284600F05CF810B14FF0AA
:10049000FF3070BD204670BD932D007810B5203A16
:1004A000C0F00B80B1E81850203AA0E81850B1E82D
:1004B0001850A0E81850BFF4F5AF5FEA027C24BFE3
:1004C000B1E81850A0E8185044BF18C918C0BDE8DA
:1004D00010405FEA827C24BF51F8043B40F8043BA3
:1004E00008BF7047D20728BF31F8023B48BF11F858
:1004F000012B28BF20F8023B48BF00F8012B7047B2
:100500004FF000020429C0F0128010F0030C3FF4F9
:1005100006AFCCF1040CBCF1020F18BF00F8012BA0
:10052000A8BF20F8022BA1EB0C01FFF7F8BE5FEA91
:10053000C17C24BF00F8012B00F8012B48BF00F854
:10054000012B7047007B00F08000704740F6F90CEB
:10055000C0F6000C604740F6113CC0F6000C604746
:1005600040F24D5CC0F6000C604742F60D3CC0F610
:10057000000C604740F6233CC0F6000C604743F295
:10058000B51CC0F6000C604740F63D3CC0F6000CC0
:10059000604742F6CD3CC0F6000C604740F6E95C8F
:1005A000C0F6000C604740F60D6CC0F6000C6047CA
:1005B00041F23D0CC0F6000C604740F27B3CC0F6B7
:1005C000000C604742F2BD0CC0F6000C604742F2DE
:1005D000E10CC0F6000C604740F6013CC0F6000C90
:1005E000604743F2CD1CC0F6000C604740F6754CE6
:1005F000C0F6000C604740F6194CC0F6000C60478E
:1006000040F6A14CC0F6000C604700BFFEE7704703
:1006100070B50446B3F5804F13D1D1E9000540EA27
:1006200005108D6840EA05208D6928438D8940EAD0
:10063000054054F82250064E3540284344F8220025
:1006400003E06FF0704044F82200002070BD00000D
:100650000000F0CF30B50246086852F8200020F0C4
:1006600001000C6842F824008868082801D1402362
:1006700000E00023486818438C682043CC6820437E
:100680000C6920434C6920438C692043CC6920438A
:100690000C6A20434C6A20438C6A2043CC6A204376
:1006A0000C6B20434C6B20438C6B20430C6852F83E
:1006B00024400D4D2C4020430C6842F82400086B68
:1006C000B0F5801F07D1086828B1106820F48010A9
:1006D0000C6B20431060086818B110684C6B204305
:1006E0001060002030BD00008004C0FF30B503461C
:1006F000D1E9000540EA05108D6840EA05208D89A2
:1007000040EA0545088A401E45EA0055087D801EDE
:1007100045EA00608D692843551C53F8255005F0C3
:1007200040452843551C43F82500186800F4801004
:10073000B0F5801F0BD1586820F47004088A401E61
:1007400044EA0054586820F47000204358600020A8
:1007500030BD000070B504460E4615460CB90120A8
:1007600070BD94F8450028B9002084F84400204664
:1007700000F028F804F108012068FFF76BFF31460C
:10078000A2682068FFF7B2FF2946E36AD4E90102B4
:10079000FFF73EFFA168206850F8210040F00100FB
:1007A000A268216841F822000548006840F0004036
:1007B00003490860012084F845000020D0E70000CC
:1007C0000040005210B586B0044600BF20480068C3
:1007D00040F480501E4908600846006800F48050CC
:1007E000009000BF00BF00BF19480C30006840F007
:1007F000080017490C3108600846006800F008003E
:10080000009000BF00BF00BF0846006840F0100025
:1008100008600846006800F01000009000BF00BFAC
:100820004CF20370019002200290012003900320FB
:1008300004900C20059001A90648FFF787FE4FF6AB
:100840008070019001A90448FFF780FE06B010BD3A
:10085000D4440258000C02580010025870477047E8
:100860007047704710B5044620680069C0F3400027
:10087000D8B12068C068C0F34000B0B16FF002008A
:1008800021680861012020772068806900F003005A
:1008900018B12046FFF7E5FF05E0204600F0BEF85E
:1008A000204600F0BCF80020207720680069C0F3E3
:1008B0008000D8B12068C068C0F38000B0B16FF08C
:1008C000040021680861022020772068806900F414
:1008D000407018B12046FFF7C4FF05E0204600F045
:1008E0009DF8204600F09BF80020207720680069E2
:1008F000C0F3C000D8B12068C068C0F3C000B0B178
:100900006FF0080021680861042020772068C06922
:1009100000F0030018B12046FFF7A3FF05E02046D2
:1009200000F07CF8204600F07AF80020207720685C
:100930000069C0F30010D8B12068C068C0F300108F
:10094000B0B16FF01000216808610820207720689E
:10095000C06900F4407018B12046FFF782FF05E03F
:10096000204600F05BF8204600F059F80020207780
:100970002068006900F0010058B12068C06800F0EC
:10098000010030B16FF0010021680861204600F0DD
:1009900047F820680069C0F3C01058B12068C068EB
:1009A000C0F3C01030B16FF08000216808612046AC
:1009B000FFF755FF20680069C0F3002058B1206898
:1009C000C068C0F3C01030B16FF480702168086156
:1009D0002046FFF743FF20680069C0F3801058B13C
:1009E0002068C068C0F3801030B16FF0400021680B
:1009F0000861204600F024F820680069C0F3401028
:100A000058B12068C068C0F3401030B16FF02000CA
:100A1000216808612046FFF723FF10BD704770472B
:100A200010B504460448844205D100BF4021034864
:100A3000FFF791FD00BF10BDA8020024001002586E
:100A4000704770477047704770470146D1F8803053
:100A5000D1F8842043EA0200704700002DE9F047F6
:100A600004462068C569206806682068876840F6E3
:100A70000F0005EA0008B8F1000F0FD105F02000C3
:100A800060B106F0200010B907F0805030B1E06E80
:100A900010B12046E16E8847BDE8F087B8F1000F3D
:100AA0007ED06E48384018B96D4830400028F7D0E5
:100AB00005F0010058B106F4807040B101202168B2
:100AC0000862D4F8880040F00100C4F8880005F0FE
:100AD000020058B107F0010040B10220216808620D
:100AE000D4F8880040F00400C4F8880005F0040041
:100AF00058B107F0010040B1042021680862D4F821
:100B0000880040F00200C4F8880005F0080070B1C9
:100B100006F0200010B95148384040B10820216843
:100B20000862D4F8880040F00800C4F8880005F492
:100B3000006060B106F0806048B14FF40060216849
:100B40000862D4F8880040F02000C4F88800D4F887
:100B50008800002844D005F0200050B106F02000A5
:100B600010B907F0805020B1E06E10B12046E16E60
:100B70008847D4F888902068806800F040004028BA
:100B800002D009F0280028B3204600F067FA206858
:100B9000806800F04000402818D12068806800E09C
:100BA0001FE020F0400021688860A06F50B12D4800
:100BB000A16F0865A06FFFF7D3FC88B1A06F016D2E
:100BC00088470DE02046FFF73FFF09E02046FFF78A
:100BD0003BFF05E02046FFF737FF0020C4F8880000
:100BE0005AE705F4801050B107F4800038B14FF493
:100BF0008010216808622046FFF725FF4CE705F0CA
:100C0000800058B106F0800010B907F4000028B148
:100C1000206F10B12046216F88473DE705F0400066
:100C200030B106F0400018B1204600F02BFA33E74F
:100C300005F4000030B106F0804018B12046FFF7FF
:100C400001FF29E705F0807030B106F0004018B1CF
:100C50002046FFF7F6FE1FE700BF1DE7010000106A
:100C6000200100044510009010B504460CB9012085
:100C700010BDA06900B100E000BFD4F8800028B921
:100C8000002084F87C002046FFF76FFC2420C4F885
:100C900080002068006820F001002168086020467C
:100CA00000F024FB012800D1E2E7A06A10B1204641
:100CB00000F012F92068406820F4904021684860F4
:100CC0002068806820F02A00216888602068006819
:100CD00040F0010021680860204600F079F9C7E77C
:100CE00010B50346D3F88400202874D101B10AB9A5
:100CF000012010BD00BF93F87C00012801D1022023
:100D0000F7E7012083F87C0000BF9965A3F85C2019
:100D1000A3F85E200020D86600BF9868B0F5805F19
:100D20000AD1186920B940F2FF10A3F8600020E052
:100D3000FF20A3F860001CE0986848B9186918B94A
:100D4000FF20A3F8600014E07F20A3F8600010E00B
:100D50009868B0F1805F09D1186918B97F20A3F8AD
:100D6000600006E03F20A3F8600002E00020A3F846
:100D7000600000BF0020C3F888002220C3F8840070
:100D80001868806840F001001C68A060586EB0F1DF
:100D9000005F21D1B3F8680090421DDC9868B0F57F
:100DA000805F04D1186910B91848D86601E0184866
:100DB000D86600BF002083F87C0000BF1868006878
:100DC00040F480701C6820601868806840F0805093
:100DD0001C68A06016E017E09868B0F5805F04D149
:100DE000186910B90B48D86601E00B48D86600BFF7
:100DF000002083F87C0000BF1868006840F4907001
:100E00001C682060002074E7022072E7191100902E
:100E100039120090A7100090CD110090704700BFCC
:100E2000FEE7000000BF002240211848FFF7A2FBA8
:100E300000BF17A0FFF752F94FF47A70FFF79FFB3E
:100E400019A0FFF74BF94FF47A70FFF798FB00BF3A
:100E500000BF00BF00BF00BFBFF34F8F00BF00BF88
:100E600000BF1648006800F4E06015490843001D03
:100E70001249086000BF00BF00BFBFF34F8F00BF23
:100E800000BF00BF00BF00BFFDE700000010025818
:100E90004D656D20416363657373204572726F7297
:100EA00021210D0A00000000536F66742052657303
:100EB0006574696E672E2E2E0D0A00000CED00E0A1
:100EC0000000FA057047000010B50248FFF7CAFCA1
:100ED00010BD0000A802002490F8281001F00101C4
:100EE00039B10168496821F40031C26A11430268CE
:100EF000516090F8281001F00201022907D1016821
:100F0000496821F48031026B11430268516090F806
:100F1000281001F00401042907D10168496821F46F
:100F20008021426B11430268516090F8281001F053
:100F30000801082907D10168496821F40041826B42
:100F400011430268516090F8281001F01001102937
:100F500007D10168896821F48051C26B114302688E
:100F6000916090F8281001F02001202907D1016834
:100F7000896821F40051026C11430268916090F875
:100F8000281001F04001402913D10168496821F47B
:100F90008011426C114302685160416CB1F5801FB1
:100FA00007D10168496821F4C001826C11430268CD
:100FB000516090F8281001F08001802907D1016864
:100FC000496821F40021C26C1143026851607047E6
:100FD00038B504460020C4F88800FFF7D5FA054666
:100FE0002068006800F0080008280CD16FF07E40EF
:100FF0002B4600224FF400110090204601F0EEFC39
:1010000008B1032038BD2068006800F004000428FF
:101010000CD16FF07E402B4600224FF480010090EF
:10102000204601F0DBFC08B10320EBE72020C4F8E8
:101030008000C4F8840000BF002084F87C0000BF5A
:1010400000BFDFE770B50546AC6B0020A4F85E007A
:10105000A4F856002046FFF7F7FC70BD0168096848
:1010600021F490710268116001688968044A114096
:10107000026891602021C0F884100021C166704789
:10108000FEFFFFEF10B504462068006820F0400026
:10109000216808602020C4F88000002020672046D6
:1010A000FFF7BCFE10BD2DE9F0410446B4F86070B6
:1010B000D4F88400222826D12068406A86B2A56D23
:1010C00006EA07002880A06D801CA065B4F85E00C9
:1010D000401EA4F85E00B4F85E00D0B92068006835
:1010E00020F49070216808602068806820F001007A
:1010F000216888602020C4F884000020E066204633
:10110000FFF747FA05E02068806940F00800216891
:101110008861BDE8F08100002DE9F0470446B4F88D
:101120006090D4F88400222843D1B4F8685028E0B5
:101130002068406A1FFA80F8A76D08EA0900388025
:10114000A06D801CA065B4F85E00401EA4F85E008F
:10115000B4F85E0098B92068006820F480702168B7
:10116000086020688068174908402168886020204E
:10117000C4F884000020E0662046FFF70AFA681EE3
:1011800085B2002DD4D1B4F85E60C6B1B4F8680061
:10119000B04214DD2068806820F0805021688860AB
:1011A0000948E0662068006840F020002168086077
:1011B00005E02068806940F0080021688861BDE88A
:1011C000F0870000FEFFFFEFA710009070B5044607
:1011D000B4F86060D4F88400222826D12068406AE0
:1011E00085B2F0B22840A16D0870A06D401CA065CA
:1011F000B4F85E00401EA4F85E00B4F85E00D0B9FA
:101200002068006820F49070216808602068806879
:1012100020F00100216888602020C4F884000020AC
:10122000E0662046FFF7B5F905E02068806940F0E8
:1012300008002168886170BD2DE9F0410446B4F8CA
:101240006080D4F88400222843D1B4F8685028E0A4
:101250002068406A87B208F0FF003840A16D08702E
:10126000A06D401CA065B4F85E00401EA4F85E00AE
:10127000B4F85E0098B92068006820F48070216896
:10128000086020688068174908402168886020202D
:10129000C4F884000020E0662046FFF77AF9681E53
:1012A00085B2002DD4D1B4F85E60C6B1B4F8680040
:1012B000B04214DD2068806820F08050216888608A
:1012C0000948E0662068006840F020002168086056
:1012D00005E02068806940F0080021688861BDE869
:1012E000F0810000FEFFFFEFCD1100902DE9F04FDF
:1012F00089B004464FF00009002007908346F94961
:101300002068884200D100E000BF2169A06808433E
:1013100061690843E16940EA010A606E40EA0A0A2D
:1013200020680068F049084040EA0A002168086027
:101330002068406820F44050E16808432168486014
:10134000D4F818A0E7492068884202D0206A40EA11
:101350000A0A20688068E549084040EA0A002168D6
:1013600088602068C06A20F00F00616A0843216825
:10137000C86200BFDE492068884220D1DD4800688D
:1013800000F03800182811D005DC48B1082809D031
:10139000102811D108E020280AD028280CD109E013
:1013A00001250BE0042509E0082507E0102505E0EC
:1013B000202503E0402501E0802500BFF8E0CE496C
:1013C0002068884219D1CB48006800F00700062841
:1013D00010D2DFE800F0030507090B0D00250BE034
:1013E000042509E0082507E0102505E0202503E095
:1013F000402501E0802500BFDAE0C049206888422E
:1014000019D1BC48006800F00700062810D2DFE8B8
:1014100000F0030507090B0D00250BE0042509E08A
:10142000082507E0102505E0202503E0402501E020
:10143000802500BFBCE0B2492068884219D1AD4880
:10144000006800F00700062810D2DFE800F003056E
:1014500007090B0D00250BE0042509E0082507E02E
:10146000102505E0202503E0402501E0802500BF90
:101470009EE0A4492068884219D19E48006800F087
:101480000700062810D2DFE800F0030507090B0D5E
:1014900000250BE0042509E0082507E0102505E0FC
:1014A000202503E0402501E0802500BF80E096492B
:1014B0002068884220D18F48006800F03800182842
:1014C00011D005DC48B1082809D0102811D108E056
:1014D00020280AD028280CD109E001250BE004259A
:1014E00009E0082507E0102505E0202503E0402558
:1014F00001E0802500BF5BE084492068884219D163
:101500007C48006800F00700062810D2DFE800F0F1
:10151000030507090B0D00250BE0042509E008254C
:1015200007E0102505E0202503E0402501E08025A7
:1015300000BF3DE076492068884219D16D480068B7
:1015400000F00700062810D2DFE800F003050709C5
:101550000B0D00250BE0042509E0082507E0102508
:1015600005E0202503E0402501E0802500BF1FE0C5
:101570005C49206888421AD15E48001D006800F06E
:101580000700062810D2DFE800F0030507090B0D5D
:1015900002250BE0042509E0082507E0102505E0F9
:1015A000202503E0402501E0802500BF00E08025E4
:1015B00000BF4C492068884271D1102D70D006DCE4
:1015C000022D09D0042D49D0082D6AD1A6E0202D86
:1015D00068D0402DF9D1B3E1FEF7E0FF616A09B9A7
:1015E000012138E0616A012901D1022133E0616AF9
:1015F000022901D104212EE0616A032901D10621CB
:1016000029E0616A042901D1082124E0616A0529E1
:1016100001D10A211FE0616A062901D10C211AE0DB
:10162000616A072901D1102115E0616A082901D1F9
:10163000202110E0616A092901D140210BE0616A93
:101640000A2901D1802106E0616A0B2902D14FF4F9
:10165000807100E00121B0FBF1FBB6E104A8FEF7C8
:10166000A2FF0598616A09B9012154E0616A012964
:1016700001D102214FE0616A022901D104214AE02F
:10168000616A032901D1062145E0616A042901D17B
:10169000082140E0616A052905D10A213BE0FDE30C
:1016A00080E08FE10BE1616A062901D10C2132E073
:1016B000616A072901D110212DE0616A082901D151
:1016C000202128E0616A092901D1402123E0616AD3
:1016D0000A2901D180211EE0616A0B291AD14FF439
:1016E000807118E0000C0058F369FFCFFFF4FF1180
:1016F000001001405444025800440040004800409B
:10170000004C0040005000400014014000780040B0
:10171000007C00400121B0FBF1FB56E101A8FEF77F
:1017200047FF0298616A09B9012138E0616A01291D
:1017300001D1022133E0616A022901D104212EE0A6
:10174000616A032901D1062129E0616A042901D1D6
:10175000082124E0616A052901D10A211FE0616A9C
:10176000062901D10C211AE0616A072901D1102153
:1017700015E0616A082901D1202110E0616A092978
:1017800001D140210BE0616A0A2901D1802106E0E4
:10179000616A0B2902D14FF4807100E00121B0FB96
:1017A000F1FB12E1FA480068C0F3401088B3F84832
:1017B0000068C0F3C101F748C840616A09B9012156
:1017C00039E0616A012901D1022134E0616A02290C
:1017D00001D104212FE0616A032901D106212AE009
:1017E000616A042901D1082125E0616A052901D136
:1017F0000A2120E0616A062901D10C211BE0616AFF
:10180000072901D1102116E0616A082902D120219F
:1018100011E013E0616A092901D140210BE0616AFE
:101820000A2901D1802106E0616A0B2902D14FF417
:10183000807100E00121B0FBF1FB3FE0606A08B974
:10184000012038E0606A012801D1022033E0606A9B
:10185000022801D104202EE0606A032801D106206D
:1018600029E0606A042801D1082024E0606A052884
:1018700001D10A201FE0606A062801D10C201AE07D
:10188000606A072801D1102015E0606A082801D19C
:10189000202010E0606A092801D140200BE0606A36
:1018A0000A2801D1802006E0606A0B2802D14FF49B
:1018B000807000E00120B749B1FBF0FB85E0606A71
:1018C00008B9012038E0606A012801D1022033E024
:1018D000606A022801D104202EE0606A032801D149
:1018E000062029E0606A042801D1082024E0606A0B
:1018F000052801D10A201FE0606A062801D10C20CA
:101900001AE0606A072801D1102015E0606A0828F3
:1019100001D1202010E0606A092801D140200BE0AD
:10192000606A0A2801D1802006E0606A0B2802D193
:101930004FF4807000E001209749B1FBF0FB44E0D8
:10194000606A08B9012038E0606A012801D10220EC
:1019500033E0606A022801D104202EE0606A032887
:1019600001D1062029E0606A042801D1082024E082
:10197000606A052801D10A201FE0606A062801D1AB
:101980000C201AE0606A072801D1102015E0606A77
:10199000082801D1202010E0606A092801D14020E8
:1019A0000BE0606A0A2801D1802006E0606A0B28FB
:1019B00002D14FF4807000E001204FF40041B1FBF0
:1019C000F0FB02E00120079000BF00BFBBF1000F59
:1019D00000F0F287606800EB4000584503D860686B
:1019E0000003584503D20120079000F0E5BF102DF9
:1019F00075D006DC022D09D0042D67D0082D6FD1DB
:101A0000CCE0202D6DD0402DF9D14DE2FEF7C6FD82
:101A10008046606A08B9012238E0606A012801D175
:101A2000022233E0606A022801D104222EE0606ABB
:101A3000032801D1062229E0606A042801D1082286
:101A400024E0606A052801D10A221FE0606A0628A6
:101A500001D10C221AE0606A072801D1102215E09A
:101A6000606A082801D1202210E0606A092801D1AB
:101A700040220BE0606A0A2801D1802206E0606AF9
:101A80000B2802D14FF4807200E00122944600231B
:101A900040461946FEF791FD4FF4807300228C46B4
:101AA000A0FB031E0CFB03E300FB0233606840084D
:101AB0008C461CEB000643EB0201D4F804C06246DE
:101AC00000233046FEF779FD81464EE204A8FEF77A
:101AD0006AFDDDF814E0606A20B901223BE0BFE056
:101AE00040E282E1606A012801D1022233E0606AAB
:101AF000022801D104222EE0606A032801D10622C7
:101B000029E0606A042801D1082224E0606A0528DF
:101B100001D10A221FE0606A062801D10C221AE0D6
:101B2000606A072801D1102215E0606A082801D1F7
:101B3000202210E0606A092801D140220BE0606A8F
:101B40000A2801D1802206E0606A0B2802D14FF4F6
:101B5000807200E001229446002370461946FEF789
:101B60002CFD4FF4807C0022A0FB0C3E01FB0CE11D
:101B700000FB0211606840081E185141D4F804C0EF
:101B8000624600233046FEF718FD8146EDE1000075
:101B9000004402580090D00300093D0001A8FEF760
:101BA00007FDDDF808C0606A08B9012238E0606A04
:101BB000012801D1022233E0606A022801D1042207
:101BC0002EE0606A032801D1062229E0606A042819
:101BD00001D1082224E0606A052801D10A221FE011
:101BE000606A062801D10C221AE0606A072801D138
:101BF000102215E0606A082801D1202210E0606AF6
:101C0000092801D140220BE0606A0A2801D1802214
:101C100006E0606A0B2802D14FF4807200E00122D6
:101C20009646002360461946FEF7C7FC4FF48073C2
:101C300000228C46A0FB031E0CFB03E300FB0233D7
:101C4000606840088C461CEB000643EB0201D4F8A8
:101C500004C0624600233046FEF7AFFC814684E1B3
:101C6000F8480068C0F3401090B3F6480068C0F32D
:101C7000C101F54820FA01FE606A08B9012239E085
:101C8000606A012801D1022234E0606A022801D191
:101C900004222FE0606A032801D106222AE0606A4C
:101CA000042801D1082225E0606A052801D10A2212
:101CB00020E0606A062801D10C221BE0606A072838
:101CC00001D1102216E0606A082802D1202211E01A
:101CD00030E0606A092801D140220BE0606A0A28DE
:101CE00001D1802206E0606A0B2802D14FF4807295
:101CF00000E001229446002370461946FEF75DFC81
:101D00004FF4807300228C46A0FB031E0CFB03E300
:101D100000FB0233606840088C461CEB000643EB76
:101D20000201D4F804C0624600233046FEF745FCA9
:101D3000814659E0606A08B9012238E0606A0128EA
:101D400001D1022233E0606A022801D104222EE090
:101D5000606A032801D1062229E0606A042801D1C3
:101D6000082224E0606A052801D10A221FE0606A87
:101D7000062801D10C221AE0606A072801D110223E
:101D800015E0606A082801D1202210E0606A092865
:101D900001D140220BE0606A0A2801D1802206E0CE
:101DA000606A0B2802D14FF4807200E00122944651
:101DB0000023A5481946FEF700FC4FF4807300226B
:101DC0008C46A0FB031E0CFB03E300FB02336068A0
:101DD00040080E1843EB0201D4F804C06246002309
:101DE0003046FEF7EAFB8146BFE0606A08B901228F
:101DF00038E0606A012801D1022233E0606A0228DB
:101E000001D104222EE0606A032801D1062229E0D4
:101E1000606A042801D1082224E0606A052801D103
:101E20000A221FE0606A062801D10C221AE0606ACB
:101E3000072801D1102215E0606A082801D120226C
:101E400010E0606A092801D140220BE0606A0A288C
:101E500001D1802206E0606A0B2802D14FF4807223
:101E600000E001229446002378481946FEF7A5FBBE
:101E70004FF4807300228C46A0FB031E0CFB03E38F
:101E800000FB0233606840088C461CEB000643EB05
:101E90000201D4F804C06246002300E073E030463B
:101EA000FEF78BFB814660E0606A08B9012238E0EA
:101EB000606A012801D1022233E0606A022801D160
:101EC00004222EE0606A032801D1062229E0606A1C
:101ED000042801D1082224E0606A052801D10A22E1
:101EE0001FE0606A062801D10C221AE0606A072808
:101EF00001D1102215E0606A082801D1202210E0EB
:101F0000606A092801D140220BE0606A0A2801D1E9
:101F1000802206E0606A0B2802D14FF4807200E054
:101F20000122944600234FF400401946FEF745FB7A
:101F30004FF4807300228C46A0FB031E0CFB03E3CE
:101F400000FB0233606840088C461CEB000643EB44
:101F50000201D4F804C0624600233046FEF72DFB90
:101F6000814602E00120079000BF00BFB9F5407F25
:101F700006D3B9F5801F03D22068C0F80C9034E571
:101F80000120079031E5E069B0F5004F71D1082DCF
:101F900070D005DC5DB1012D5AD0042D6BD1A7E0C6
:101FA000102D69D0202D68D0402DF7D11EE2FEF70C
:101FB00009FB8046606A08B9012038E0606A0128A0
:101FC00001D1022033E0606A022801D104202EE012
:101FD000606A032801D1062029E0606A042801D143
:101FE000082024E0606A052801D10A201FE0606A09
:101FF000062801D10C201AE0606A072801D11020C0
:1020000015E0606A082801D1202010E0606A0928E4
:1020100001D140200BE0606A0A2801D1802006E04F
:10202000606A0B2802D14FF4807000E00120B8FBF9
:10203000F0F04000616800EB5100B0FBF1F01FFAD6
:1020400080F920E2004402580090D00300093D00CE
:10205000FEF7BDFA8046606A08B901203DE0606A7B
:10206000012801D1022038E0606A022806D104204C
:1020700033E020E288E003E2D2E06EE1606A032808
:1020800001D1062029E0606A042801D1082024E05B
:10209000606A052801D10A201FE0606A062801D184
:1020A0000C201AE0606A072801D1102015E0606A50
:1020B000082801D1202010E0606A092801D14020C1
:1020C0000BE0606A0A2801D1802006E0606A0B28D4
:1020D00002D14FF4807000E00120B8FBF0F0400026
:1020E000616800EB5100B0FBF1F01FFA80F9CAE122
:1020F00004A8FEF758FA0598616A09B9012138E089
:10210000616A012901D1022133E0616A022901D10A
:1021100004212EE0616A032901D1062129E0616AC8
:10212000042901D1082124E0616A052901D10A218D
:102130001FE0616A062901D10C211AE0616A0729B2
:1021400001D1102115E0616A082901D1202110E098
:10215000616A092901D140210BE0616A0A2901D194
:10216000802106E0616A0B2902D14FF4807100E002
:102170000121B0FBF1F04000616800EB5100B0FBC1
:10218000F1F01FFA80F97EE101A8FEF711FA02983A
:10219000616A09B9012138E0616A012901D102218E
:1021A00033E0616A022901D104212EE0616A03292A
:1021B00001D1062129E0616A042901D1082124E026
:1021C000616A052901D10A211FE0616A062901D14E
:1021D0000C211AE0616A072901D1102115E0616A1A
:1021E000082901D1202110E0616A092901D140218B
:1021F0000BE0616A0A2901D1802106E0616A0B299E
:1022000002D14FF4807100E00121B0FBF1F04000F9
:10221000616800EB5100B0FBF1F01FFA80F932E188
:10222000F9480068C0F3401088B3F7480068C0F36D
:10223000C101F648C840616A09B9012139E0616A03
:10224000012901D1022134E0616A022901D104216E
:102250002FE0616A032901D106212AE0616A04297D
:1022600001D1082125E0616A052901D10A2120E078
:10227000616A062901D10C211BE0616A072901D19D
:10228000102116E0616A082902D1202111E01BE02B
:10229000616A092901D140210BE0616A0A2901D153
:1022A000802106E0616A0B2902D14FF4807100E0C1
:1022B0000121B0FBF1F04000616800EB5100B0FB80
:1022C000F1F01FFA80F947E0606A08B9012038E0B0
:1022D000606A012801D1022033E0606A022801D13E
:1022E00004202EE0606A032801D1062029E0606AFC
:1022F000042801D1082024E0606A052801D10A20C1
:102300001FE0606A062801D10C201AE0606A0728E5
:1023100001D1102015E0606A082801D1202010E0CA
:10232000606A092801D140200BE0606A0A2801D1C7
:10233000802006E0606A0B2802D14FF4807000E034
:102340000120B249B1FBF0F04000616800EB5100A0
:10235000B0FBF1F01FFA80F995E0606A08B901203E
:1023600038E0606A012801D1022033E0606A022867
:1023700001D104202EE0606A032801D1062029E063
:10238000606A042801D1082024E0606A052801D190
:102390000A201FE0606A062801D10C201AE0606A5A
:1023A000072801D1102015E0606A082801D12020FB
:1023B00010E0606A092801D140200BE0606A0A2819
:1023C00001D1802006E0606A0B2802D14FF48070B2
:1023D00000E001208E49B1FBF0F04000616800EBA5
:1023E0005100B0FBF1F01FFA80F94CE0606A08B9C7
:1023F000012038E0606A012801D1022033E0606AE0
:10240000022801D104202EE0606A032801D10620B1
:1024100029E0606A042801D1082024E0606A0528C8
:1024200001D10A201FE0606A062801D10C201AE0C1
:10243000606A072801D1102015E0606A082801D1E0
:10244000202010E0606A092801D140200BE0606A7A
:102450000A2801D1802006E0606A0B2802D14FF4DF
:10246000807000E001204FF40041B1FBF0F040002B
:10247000616800EB5100B0FBF1F01FFA80F902E057
:102480000120079000BF00BFB9F1100F10D3B9F5BC
:10249000803F0DD24FF6F07009EA00000890C9F3B2
:1024A000420108980843089008982168C86083E2B0
:1024B0000120079080E2082D72D005DC5DB1012D6E
:1024C00053D0042D6DD1A5E0102D6BD0202D6AD0F6
:1024D000402D66D117E2FEF775F88046606A08B9AC
:1024E000012038E0606A012801D1022033E0606AEF
:1024F000022801D104202EE0606A032801D10620C1
:1025000029E0606A042801D1082024E0606A0528D7
:1025100001D10A201FE0606A062801D10C201AE0D0
:10252000606A072801D1102015E0606A082801D1EF
:10253000202010E0606A092801D140200BE0606A89
:102540000A2801D1802006E0606A0B2802D14FF4EE
:10255000807000E00120B8FBF0F0616800EB5100F2
:10256000B0FBF1F01FFA80F919E2FEF730F880466F
:10257000606A08B901203CE0606A012801D10220AC
:1025800037E0606A022801D1042032E0606A032843
:1025900001D106202DE0606A042805D1082028E03A
:1025A00083E0F9E1CCE066E1606A052801D10A2008
:1025B0001FE0606A062801D10C201AE0606A072833
:1025C00001D1102015E0606A082801D1202010E018
:1025D000606A092801D140200BE0606A0A2801D115
:1025E000802006E0606A0B2802D14FF4807000E082
:1025F0000120B8FBF0F0616800EB5100B0FBF1F096
:102600001FFA80F9CBE10000004402580090D0038B
:1026100000093D0004A8FDF7C6FF0598616A09B9E5
:10262000012138E0616A012901D1022133E0616AA8
:10263000022901D104212EE0616A032901D106217A
:1026400029E0616A042901D1082124E0616A052991
:1026500001D10A211FE0616A062901D10C211AE08B
:10266000616A072901D1102115E0616A082901D1A9
:10267000202110E0616A092901D140210BE0616A43
:102680000A2901D1802106E0616A0B2902D14FF4A9
:10269000807100E00121B0FBF1F0616800EB5100B6
:1026A000B0FBF1F01FFA80F979E101A8FDF780FF96
:1026B0000298616A09B9012138E0616A012901D1F2
:1026C000022133E0616A022901D104212EE0616A0E
:1026D000032901D1062129E0616A042901D10821D9
:1026E00024E0616A052901D10A211FE0616A0629F7
:1026F00001D10C211AE0616A072901D1102115E0EE
:10270000616A082901D1202110E0616A092901D1FB
:1027100040210BE0616A0A2901D1802106E0616A4B
:102720000B2902D14FF4807100E00121B0FBF1F0E0
:10273000616800EB5100B0FBF1F01FFA80F92EE167
:10274000A3480068C0F3401088B3A1480068C0F3F4
:10275000C101A048C840616A09B9012139E0616A34
:10276000012901D1022134E0616A022901D1042149
:102770002FE0616A032901D106212AE0616A042958
:1027800001D1082125E0616A052901D10A2120E053
:10279000616A062901D10C211BE0616A072901D178
:1027A000102116E0616A082902D1202111E01AE007
:1027B000616A092901D140210BE0616A0A2901D12E
:1027C000802106E0616A0B2902D14FF4807100E09C
:1027D0000121B0FBF1F0616800EB5100B0FBF1F0BA
:1027E0001FFA80F946E0606A08B9012038E0606AA3
:1027F000012801D1022033E0606A022801D10420BF
:102800002EE0606A032801D1062029E0606A0428CE
:1028100001D1082024E0606A052801D10A201FE0C8
:10282000606A062801D10C201AE0606A072801D1ED
:10283000102015E0606A082801D1202010E0606AAD
:10284000092801D140200BE0606A0A2801D18020CC
:1028500006E0606A0B2802D14FF4807000E001208E
:102860005C49B1FBF0F0616800EB5100B0FBF1F0A6
:102870001FFA80F993E0606A08B9012038E0606AC5
:10288000012801D1022033E0606A022801D104202E
:102890002EE0606A032801D1062029E0606A04283E
:1028A00001D1082024E0606A052801D10A201FE038
:1028B000606A062801D10C201AE0606A072801D15D
:1028C000102015E0606A082801D1202010E0606A1D
:1028D000092801D140200BE0606A0A2801D180203C
:1028E00006E0606A0B2802D14FF4807000E00120FE
:1028F0003949B1FBF0F0616800EB5100B0FBF1F039
:102900001FFA80F94BE0606A08B9012038E0606A7C
:10291000012801D1022033E0606A022801D104209D
:102920002EE0606A032801D1062029E0606A0428AD
:1029300001D1082024E0606A052801D10A201FE0A7
:10294000606A062801D10C201AE0606A072801D1CC
:10295000102015E0606A082801D1202010E0606A8C
:10296000092801D140200BE0606A0A2801D18020AB
:1029700006E0606A0B2802D14FF4807000E001206D
:102980004FF40041B1FBF0F0616800EB5100B0FB87
:10299000F1F01FFA80F902E00120079000BF00BFAC
:1029A000B9F1100F06D3B9F5803F03D22068C0F803
:1029B0000C9001E0012007900120A4F86A00A4F81F
:1029C00068000020E0662067079809B0BDE8F08F36
:1029D000004402580090D00300093D002DE9F04169
:1029E00004460D4617469846069E4AE0701C00288D
:1029F00047D0FDF7C9FDA0EB0800B04200D8C6B92A
:102A00002068006820F4D070216808602068806821
:102A100020F00100216888602020C4F88000C4F8FC
:102A2000840000BF002084F87C0000BF0320BDE8C4
:102A3000F0812068006800F0040010B32068C069CD
:102A4000C0F3C020E8B14FF400602168086220683C
:102A5000006820F4D070216808602068806820F049
:102A60000100216888602020C4F88000C4F8840038
:102A7000C4F8880000BF002084F87C0000BF032059
:102A8000D5E72068C0692840A84201D1012000E0B4
:102A90000020B842AAD00020C9E700BFFEE700002E
:102AA0000EB54FF4784019A120221346CDE900213C
:102AB0000290DC220A21084602F0AEFF4FF4784073
:102AC00014A118221346CDE900210290DC222F2107
:102AD0000A2002F0A1FF4FF4784011A11022134602
:102AE000CDE900210290DC224C210A2002F094FF63
:102AF0000F48012100238022CDE900100DA11048CC
:102B000005F002FA04F07EFC0EBD000053544D3374
:102B10003200000051756575652073657400000012
:102B200041544F4D40414C49454E54454B000000E7
:102B30000800002473746172745F7461736B000029
:102B4000E56A009000B587B000BF00BF2548006867
:102B500040F00100234908600846006800F00100C9
:102B6000019000BF00BF00BF00BF00BF0846006863
:102B700040F0010008600846006800F00100019084
:102B800000BF00BF00BF00BF00BF0846006840F0A4
:102B9000010008600846006800F00100019000BFD5
:102BA00000BF00BF0220029000200390012004908B
:102BB0000320059002A90C48FDF7C8FC4FF4004023
:102BC00002900120049002A90748FDF7BFFC0120F4
:102BD00002900220049002A90348FDF7B7FC07B059
:102BE00000BD0000E04402580000025870B50446E1
:102BF000002514B10120234908702248007858B3F9
:102C000002212148FDF7E8FC58B14FF400411E486D
:102C1000FDF7E2FC28B101211B48FDF7DDFC01288E
:102C20001AD10A20FDF7ABFC0020164908700221DA
:102C30001548FDF7D1FC00B901254FF400411248B9
:102C4000FDF7CAFC00B9022501210F48FDF7C4FCBD
:102C5000012815D1032513E002210B48FDF7BCFC28
:102C600001280DD1C1030848FDF7B6FC012807D1A2
:102C700001210548FDF7B0FC10B901200149087099
:102C8000284670BD350000240000025870B5044687
:102C9000002609480588408845430021084602F07F
:102CA0008BFD02F02FFF00BF02E004480480761C79
:102CB000AE42FAD370BD00009802002400001060FC
:102CC00010B5044649488471002C45D1F02047498D
:102CD00008804FF4A07048800846808845F2105163
:102CE000884210D14FF43050404908814FF42850A9
:102CF00048814FF42C5088814FF4F07008804FF4D5
:102D0000487048801AE03948808841F6631188424B
:102D10000DD12C20354908812B2048812A2088811B
:102D20004FF4F07008804FF44870488006E02C2083
:102D30002E4908812A2048812B2088812B488088B1
:102D400045F2103188424CD14FF4A07027490880D9
:102D50004FF4F070488044E04FF4A070234908809D
:102D6000F02048800846808845F21051884210D1F2
:102D70004FF430501D4908814FF4285048814FF4DA
:102D80002C5088814FF4487008804FF4F0704880D0
:102D90001AE01648808841F6631188420DD12C2034
:102DA000124908812A2048812B2088814FF44870DD
:102DB00008804FF4F070488006E02C200B49088111
:102DC0002A2048812B2088810848808845F21031CC
:102DD000884206D14FF4F070044908804FF4A07087
:102DE0004880002002F0D0FB10BD000098020024B3
:102DF00070B505460E4614463146284602F0DCFC06
:102E000002F080FE01490C8070BD000000001060DF
:102E100010B5CF2002F06AFE002002F05BFEC12058
:102E200002F058FE302002F055FEED2002F05EFE6A
:102E3000642002F04FFE032002F04CFE122002F04C
:102E400049FE812002F046FEE82002F04FFE852078
:102E500002F040FE102002F03DFE7A2002F03AFE21
:102E6000CB2002F043FE392002F034FE2C2002F089
:102E700031FE002002F02EFE342002F02BFE022054
:102E800002F028FEF72002F031FE202002F022FEA0
:102E9000EA2002F02BFE002002F01CFE002002F0CF
:102EA00019FEC02002F022FE1B2002F013FEC120FA
:102EB00002F01CFE012002F00DFEC52002F016FEFD
:102EC000302002F007FE302002F004FEC72002F09E
:102ED0000DFEB72002F0FEFD362002F007FE48206E
:102EE00002F0F8FD3A2002F001FE552002F0F2FD5A
:102EF000B12002F0FBFD002002F0ECFD1A2002F0F0
:102F0000E9FDB62002F0F2FD0A2002F0E3FDA22066
:102F100002F0E0FDF22002F0E9FD002002F0DAFD0F
:102F2000262002F0E3FD012002F0D4FDE02002F0B3
:102F3000DDFD0F2002F0CEFD2A2002F0CBFD28207F
:102F400002F0C8FD082002F0C5FD0E2002F0C2FD0F
:102F5000082002F0BFFD542002F0BCFDA92002F0C1
:102F6000B9FD432002F0B6FD0A2002F0B3FD0F20A8
:102F700002F0B0FD002002F0ADFD002002F0AAFD3D
:102F8000002002F0A7FD002002F0A4FDE12002F0E5
:102F9000ADFD002002F09EFD152002F09BFD1720E4
:102FA00002F098FD072002F095FD112002F092FD3D
:102FB000062002F08FFD2B2002F08CFD562002F03F
:102FC00089FD3C2002F086FD052002F083FD1020E3
:102FD00002F080FD0F2002F07DFD3F2002F07AFD1F
:102FE0003F2002F077FD0F2002F074FD2B2002F04D
:102FF0007DFD002002F06EFD002002F06BFD01203F
:1030000002F068FD3F2002F065FD2A2002F06EFD0F
:10301000002002F05FFD002002F05CFD002002F0C5
:1030200059FDEF2002F056FD112002F05FFD7820DF
:10303000FDF7A5FA292002F059FD10BD10B5ED20CD
:1030400002F054FD012002F045FDFE2002F042FD99
:10305000EE2002F04BFDDE2002F03CFD212002F0CC
:1030600039FDF12002F042FD012002F033FDDF20A6
:1030700002F03CFD102002F02DFDC42002F036FDD0
:103080008F2002F027FDC62002F030FD002002F064
:1030900021FDE22002F01EFDE22002F01BFDE220F5
:1030A00002F018FDBF2002F021FDAA2002F012FD5F
:1030B000B02002F01BFD0D2002F00CFD002002F0FC
:1030C00009FD0D2002F006FD002002F003FD112095
:1030D00002F000FD002002F0FDFC192002F0FAFCD5
:1030E000002002F0F7FC212002F0F4FC002002F0A6
:1030F000F1FC2D2002F0EEFC002002F0EBFC3D2064
:1031000002F0E8FC002002F0E5FC5D2002F0E2FCA9
:10311000002002F0DFFC5D2002F0DCFC002002F069
:10312000D9FCB12002F0E2FC802002F0D3FC0020A8
:1031300002F0D0FC8B2002F0CDFC002002F0CAFC93
:10314000962002F0C7FC002002F0C4FCB22002F07E
:10315000CDFC002002F0BEFC002002F0BBFC0220EF
:1031600002F0B8FC002002F0B5FC032002F0B2FC33
:10317000002002F0AFFCB32002F0B8FC002002F007
:10318000A9FC002002F0A6FC002002F0A3FC002015
:1031900002F0A0FC002002F09DFC002002F09AFC4E
:1031A000002002F097FC002002F094FC002002F0C6
:1031B00091FC002002F08EFC002002F08BFC00202D
:1031C00002F088FC002002F085FC002002F082FC66
:1031D000002002F07FFC002002F07CFC002002F0C6
:1031E00079FC002002F076FC002002F073FC002045
:1031F00002F070FC002002F06DFC002002F06AFC7E
:10320000002002F067FC002002F064FCB42002F011
:103210006DFC8B2002F05EFC002002F05BFC96202F
:1032200002F058FC002002F055FCA12002F052FCF4
:10323000002002F04FFCB52002F058FC022002F002
:1032400049FC002002F046FC032002F043FC002071
:1032500002F040FC042002F03DFC002002F03AFCA9
:10326000B62002F043FC002002F034FC002002F003
:1032700031FCB72002F03AFC002002F02BFC0020C9
:1032800002F028FC3F2002F025FC002002F022FC86
:103290005E2002F01FFC002002F01CFC642002F003
:1032A00019FC002002F016FC8C2002F013FC002018
:1032B00002F010FCAC2002F00DFC002002F00AFC31
:1032C000DC2002F007FC002002F004FC702002F079
:1032D00001FC002002F0FEFB902002F0FBFB00202E
:1032E00002F0F8FBEB2002F0F5FB002002F0F2FB0D
:1032F000DC2002F0EFFB002002F0ECFBB82002F033
:10330000F5FB002002F0E6FB002002F0E3FB0020CA
:1033100002F0E0FB002002F0DDFB002002F0DAFB0F
:10332000002002F0D7FB002002F0D4FB002002F0C6
:10333000D1FBBA2002F0DAFB242002F0CBFB002004
:1033400002F0C8FB002002F0C5FB002002F0C2FB27
:10335000C12002F0CBFB202002F0BCFB002002F0D9
:10336000B9FB542002F0B6FB002002F0B3FBFF20B3
:1033700002F0B0FB002002F0ADFBC22002F0B6FB71
:103380000A2002F0A7FB002002F0A4FB042002F0B8
:10339000A1FB002002F09EFBC32002F0A7FB3C2013
:1033A00002F098FB002002F095FB3A2002F092FB1D
:1033B000002002F08FFB392002F08CFB002002F08D
:1033C00089FB372002F086FB002002F083FB3C20C3
:1033D00002F080FB002002F07DFB362002F07AFB39
:1033E000002002F077FB322002F074FB002002F094
:1033F00071FB2F2002F06EFB002002F06BFB2C20F3
:1034000002F068FB002002F065FB292002F062FB5D
:10341000002002F05FFB262002F05CFB002002F09F
:1034200059FB242002F056FB002002F053FB24201D
:1034300002F050FB002002F04DFB232002F04AFB7B
:10344000002002F047FB3C2002F044FB002002F089
:1034500041FB362002F03EFB002002F03BFB322015
:1034600002F038FB002002F035FB2F2002F032FB87
:10347000002002F02FFB2C2002F02CFB002002F099
:1034800029FB292002F026FB002002F023FB262046
:1034900002F020FB002002F01DFB242002F01AFBAA
:1034A000002002F017FB242002F014FB002002F0A1
:1034B00011FB232002F00EFB002002F00BFBC420C6
:1034C00002F014FB622002F005FB002002F002FB78
:1034D000052002F0FFFA002002F0FCFA842002F03E
:1034E000F9FA002002F0F6FAF02002F0F3FA0020D8
:1034F00002F0F0FA182002F0EDFA002002F0EAFAE9
:10350000A42002F0E7FA002002F0E4FA182002F00A
:10351000E1FA002002F0DEFA502002F0DBFA00208F
:1035200002F0D8FA0C2002F0D5FA002002F0D2FA0C
:10353000172002F0CFFA002002F0CCFA952002F01A
:10354000C9FA002002F0C6FAF32002F0C3FA002004
:1035500002F0C0FAE62002F0BDFA002002F0BAFA4A
:10356000C52002F0C3FA322002F0B4FA002002F0C3
:10357000B1FA442002F0AEFA002002F0ABFA652066
:1035800002F0A8FA002002F0A5FA762002F0A2FAD2
:10359000002002F09FFA882002F09CFA002002F03E
:1035A00099FAC62002F0A2FA202002F093FA002035
:1035B00002F090FA172002F08DFA002002F08AFA49
:1035C000012002F087FA002002F084FAC72002F0FE
:1035D0008DFA002002F07EFA002002F07BFA002033
:1035E00002F078FA002002F075FAC82002F07EFAA4
:1035F000002002F06FFA002002F06CFA002002F0C6
:1036000069FA002002F066FAC92002F06FFA002081
:1036100002F060FA002002F05DFA002002F05AFA8F
:10362000002002F057FA002002F054FA002002F0C5
:1036300051FA002002F04EFA002002F04BFA00206E
:1036400002F048FA002002F045FA002002F042FAA7
:10365000002002F03FFA002002F03CFA002002F0C5
:1036600039FA002002F036FA002002F033FAE020A6
:1036700002F03CFA162002F02DFA002002F02AFA9D
:103680001C2002F027FA002002F024FA212002F088
:1036900021FA002002F01EFA362002F01BFA002068
:1036A00002F018FA462002F015FA002002F012FA91
:1036B000522002F00FFA002002F00CFA642002F00F
:1036C00009FA002002F006FA7A2002F003FA00203C
:1036D00002F000FA8B2002F0FDF9002002F0FAF966
:1036E000992002F0F7F9002002F0F4F9A82002F086
:1036F000F1F9002002F0EEF9B92002F0EBF9002018
:1037000002F0E8F9C42002F0E5F9002002F0E2F945
:10371000CA2002F0DFF9002002F0DCF9D22002F02A
:10372000D9F9002002F0D6F9D92002F0D3F900200F
:1037300002F0D0F9E02002F0CDF9002002F0CAF941
:10374000F32002F0C7F9002002F0C4F9E12002F0F2
:10375000CDF9162002F0BEF9002002F0BBF91C20C2
:1037600002F0B8F9002002F0B5F9222002F0B2F917
:10377000002002F0AFF9362002F0ACF9002002F090
:10378000A9F9452002F0A6F9002002F0A3F9522081
:1037900002F0A0F9002002F09DF9642002F09AF9ED
:1037A000002002F097F97A2002F094F9002002F04C
:1037B00091F98B2002F08EF9002002F08BF999200C
:1037C00002F088F9002002F085F9A82002F082F9C1
:1037D000002002F07FF9B92002F07CF9002002F00D
:1037E00079F9C42002F076F9002002F073F9CA20BA
:1037F00002F070F9002002F06DF9D22002F06AF9AF
:10380000002002F067F9D82002F064F9002002F0ED
:1038100061F9E02002F05EF9002002F05BF9F3208C
:1038200002F058F9002002F055F9E22002F05EF9AA
:10383000052002F04FF9002002F04CF90B2002F0B5
:1038400049F9002002F046F91B2002F043F900205C
:1038500002F040F9342002F03DF9002002F03AF97C
:10386000442002F037F9002002F034F94F2002F032
:1038700031F9002002F02EF9612002F02BF900202E
:1038800002F028F9792002F025F9002002F022F94F
:10389000882002F01FF9002002F01CF9972002F0A6
:1038A00019F9002002F016F9A62002F013F9002001
:1038B00002F010F9B72002F00DF9002002F00AF929
:1038C000C22002F007F9002002F004F9C72002F03C
:1038D00001F9002002F0FEF8D12002F0FBF80020F0
:1038E00002F0F8F8D62002F0F5F8002002F0F2F825
:1038F000DD2002F0EFF8002002F0ECF8F32002F0F7
:10390000E9F8002002F0E6F8E32002F0EFF80520E5
:1039100002F0E0F8002002F0DDF80A2002F0DAF808
:10392000002002F0D7F81C2002F0D4F8002002F0AA
:10393000D1F8332002F0CEF8002002F0CBF844207A
:1039400002F0C8F8002002F0C5F8502002F0C2F8DA
:10395000002002F0BFF8622002F0BCF8002002F064
:10396000B9F8782002F0B6F8002002F0B3F8882009
:1039700002F0B0F8002002F0ADF8972002F0AAF8AB
:10398000002002F0A7F8A62002F0A4F8002002F020
:10399000A1F8B72002F09EF8002002F09BF8C220A8
:1039A00002F098F8002002F095F8C72002F092F893
:1039B000002002F08FF8D12002F08CF8002002F0F5
:1039C00089F8D52002F086F8002002F083F8DD2087
:1039D00002F080F8002002F07DF8F32002F07AF87F
:1039E000002002F077F8E42002F080F8012002F0D5
:1039F00071F8002002F06EF8012002F06BF8002050
:103A000002F068F8022002F065F8002002F062F887
:103A10002A2002F05FF8002002F05CF83C2002F05F
:103A200059F8002002F056F84B2002F053F800201D
:103A300002F050F85D2002F04DF8002002F04AF844
:103A4000742002F047F8002002F044F8842002F0CD
:103A500041F8002002F03EF8932002F03BF80020ED
:103A600002F038F8A22002F035F8002002F032F817
:103A7000B32002F02FF8002002F02CF8BE2002F054
:103A800029F8002002F026F8C42002F023F80020D4
:103A900002F020F8CD2002F01DF8002002F01AF804
:103AA000D32002F017F8002002F014F8DD2002F015
:103AB00011F8002002F00EF8F32002F00BF80020BD
:103AC00002F008F8E52002F011F8002002F002F8F8
:103AD000002001F0FFFF002001F0FCFF002001F0BA
:103AE000F9FF022001F0F6FF002001F0F3FF29208A
:103AF00001F0F0FF002001F0EDFF3C2001F0EAFFB3
:103B0000002001F0E7FF4B2001F0E4FF002001F06E
:103B1000E1FF5D2001F0DEFF002001F0DBFF7420FB
:103B200001F0D8FF002001F0D5FF842001F0D2FF82
:103B3000002001F0CFFF932001F0CCFF002001F026
:103B4000C9FFA22001F0C6FF002001F0C3FFB3208F
:103B500001F0C0FF002001F0BDFFBE2001F0BAFF60
:103B6000002001F0B7FFC42001F0B4FF002001F0F5
:103B7000B1FFCD2001F0AEFF002001F0ABFFD3205C
:103B800001F0A8FF002001F0A5FFDC2001F0A2FF5A
:103B9000002001F09FFFF32001F09CFF002001F0C6
:103BA00099FFE62001F0A2FF112001F093FF002011
:103BB00001F090FF342001F08DFF002001F08AFF1A
:103BC000562001F087FF002001F084FF762001F0ED
:103BD00081FF002001F07EFF772001F07BFF0020B5
:103BE00001F078FF662001F075FF002001F072FF00
:103BF000882001F06FFF002001F06CFF992001F098
:103C000069FF002001F066FFBB2001F063FF002088
:103C100001F060FF992001F05DFF002001F05AFFE4
:103C2000662001F057FF002001F054FF552001F0FD
:103C300051FF002001F04EFF552001F04BFF002006
:103C400001F048FF452001F045FF002001F042FF50
:103C5000432001F03FFF002001F03CFF442001F031
:103C600039FF002001F036FFE72001F03FFF32204E
:103C700001F030FF002001F02DFF552001F02AFF58
:103C8000002001F027FF762001F024FF002001F042
:103C900021FF662001F01EFF002001F01BFF6720BE
:103CA00001F018FF002001F015FF672001F012FF5E
:103CB000002001F00FFF872001F00CFF002001F031
:103CC00009FF992001F006FF002001F003FFBB204F
:103CD00001F000FF002001F0FDFE992001F0FAFE46
:103CE000002001F0F7FE772001F0F4FE002001F043
:103CF000F1FE442001F0EEFE002001F0EBFE562024
:103D000001F0E8FE002001F0E5FE232001F0E2FED4
:103D1000002001F0DFFE332001F0DCFE002001F086
:103D2000D9FE452001F0D6FE002001F0D3FEE820A8
:103D300001F0DCFE002001F0CDFE002001F0CAFE03
:103D4000992001F0C7FE002001F0C4FE872001F099
:103D5000C1FE002001F0BEFE882001F0BBFE002065
:103D600001F0B8FE772001F0B5FE002001F0B2FEB0
:103D7000662001F0AFFE002001F0ACFE882001F0CB
:103D8000A9FE002001F0A6FEAA2001F0A3FE00205B
:103D900001F0A0FEBB2001F09DFE002001F09AFE84
:103DA000992001F097FE002001F094FE662001F0BA
:103DB00091FE002001F08EFE552001F08BFE0020C8
:103DC00001F088FE552001F085FE002001F082FE02
:103DD000442001F07FFE002001F07CFE442001F031
:103DE00079FE002001F076FE552001F073FE0020E0
:103DF00001F070FEE92001F079FEAA2001F06AFED0
:103E0000002001F067FE002001F064FE002001F0B8
:103E100061FE002001F06AFEAA2001F05BFECF20C7
:103E200001F064FE002001F055FE002001F052FE7A
:103E3000002001F04FFE002001F04CFE002001F0B8
:103E400049FE002001F046FE002001F043FE002064
:103E500001F040FE002001F03DFE002001F03AFE9E
:103E6000002001F037FE002001F034FE002001F0B8
:103E700031FE002001F02EFE002001F02BFE00207C
:103E800001F028FE002001F025FEF02001F02EFEBA
:103E9000002001F01FFE502001F01CFE002001F068
:103EA00019FE002001F016FE002001F013FEF320A1
:103EB00001F01CFE002001F00DFEF92001F016FEBD
:103EC000062001F007FE102001F004FE292001F079
:103ED00001FE002001F0FEFD3A2001F007FE552012
:103EE00001F0F8FD112001F001FE6420FCF747FB12
:103EF000292001F0FBFD352001F0F8FD002001F044
:103F0000E9FD512001F0F2FDFF2001F0E3FD532017
:103F100001F0ECFD2C2001F0DDFD552001F0E6FD67
:103F2000822001F0D7FD2C2001F0E0FD10BD10B57E
:103F300055214FF4704001F0EFFDAA214FF201002E
:103F400001F0EAFD52214FF2020001F0E5FD0821E7
:103F50004FF2030001F0E0FD01214FF2040001F0F7
:103F6000DBFD0D214FF4304001F0D6FD0D214BF269
:103F7000010001F0D1FD0D214BF2020001F0CCFD5A
:103F800034214FF4364001F0C7FD34214BF201607B
:103F900001F0C2FD34214BF2026001F0BDFD0D21A4
:103FA0004FF4314001F0B8FD0D214BF2011001F04A
:103FB000B3FD0D214BF2021001F0AEFD34214FF4A0
:103FC000374001F0A9FD34214BF2017001F0A4FD4E
:103FD00034214BF2027001F09FFD00214FF432407A
:103FE00001F09AFD00214BF2012001F095FD002126
:103FF0004BF2022001F090FD24214FF4384001F0F3
:104000008BFD24214BF6010001F086FD24214BF6A7
:10401000020001F081FD01214FF43F4001F07CFDE1
:104020000F214FF4334001F077FD0F214BF20130A7
:1040300001F072FD0F214BF2023001F06DFD3421D1
:104040004FF4394001F068FD34214BF6011001F0C6
:1040500063FD34214BF6021001F05EFD08214FF4A0
:10406000354001F059FD08214BF2015001F054FD9B
:1040700008214BF2025001F04FFD03214FF4424062
:1040800001F04AFD24214FF43A4001F045FD24217E
:104090004BF6012001F040FD24214BF6022001F0F7
:1040A0003BFD00214FF43C4001F036FD78214BF6FA
:1040B000014001F031FD00214BF6024001F02CFDE2
:1040C00000214FF43D4001F027FD78214BF60150CF
:1040D00001F022FD00214BF6025001F01DFD0021F0
:1040E0004FF43E4001F018FD64214BF6016001F0F1
:1040F00013FD00214FF4514001F00EFD33214DF22C
:10410000011001F009FD00214DF2021001F004FD43
:1041100034214DF2031001F0FFFC00214DF2041098
:1041200001F0FAFC3A214DF2051001F0F5FC0021F6
:104130004DF2061001F0F0FC4A214DF2071001F09B
:10414000EBFC00214DF2081001F0E6FC5C214DF281
:10415000091001F0E1FC00214DF20A1001F0DCFC35
:1041600081214DF20B1001F0D7FC00214DF20C1013
:1041700001F0D2FCA6214DF20D1001F0CDFC002182
:104180004DF20E1001F0C8FCE5214DF20F1001F0C8
:10419000C3FC01214DF2101001F0BEFC13214DF2C1
:1041A000111001F0B9FC01214DF2121001F0B4FC24
:1041B00054214DF2131001F0AFFC01214DF2141007
:1041C00001F0AAFC82214DF2151001F0A5FC01219D
:1041D0004DF2161001F0A0FCCA214DF2171001F0AB
:1041E0009BFC02214DF2181001F096FC00214DF2CB
:1041F000191001F091FC02214DF21A1001F08CFC13
:1042000001214DF21B1001F087FC02214DF21C1020
:1042100001F082FC34214DF21D1001F07DFC0221E1
:104220004DF21E1001F078FC67214DF21F1001F0D5
:1042300073FC02214DF2201001F06EFC84214DF23E
:10424000211001F069FC02214DF2221001F064FC02
:10425000A4214DF2231001F05FFC02214DF2241045
:1042600001F05AFCB7214DF2251001F055FC022156
:104270004DF2261001F050FCCF214DF2271001F035
:104280004BFC02214DF2281001F046FCDE214DF2DC
:10429000291001F041FC02214DF22A1001F03CFCF2
:1042A000F2214DF22B1001F037FC02214DF22C10BF
:1042B00001F032FCFE214DF22D1001F02DFC032106
:1042C0004DF22E1001F028FC10214DF22F1001F0BC
:1042D00023FC03214DF2301001F01EFC33214DF27E
:1042E000311001F019FC03214DF2321001F014FCE1
:1042F0006D214DF2331001F00FFC00214FF45240BC
:1043000001F00AFC33214DF2012001F005FC0021EF
:104310004DF2022001F000FC34214DF2032001F0A7
:10432000FBFB00214DF2042001F0F6FB3A214DF297
:10433000052001F0F1FB00214DF2062001F0ECFB1D
:104340004A214DF2072001F0E7FB00214DF2082041
:1043500001F0E2FB5C214DF2092001F0DDFB0021C0
:104360004DF20A2001F0D8FB81214DF20B2001F023
:10437000D3FB00214DF20C2001F0CEFBA6214DF223
:104380000D2001F0C9FB00214DF20E2001F0C4FB0D
:10439000E5214DF20F2001F0BFFB01214DF210206D
:1043A00001F0BAFB13214DF2112001F0B5FB012100
:1043B0004DF2122001F0B0FB54214DF2132001F018
:1043C000ABFB01214DF2142001F0A6FB82214DF23E
:1043D000152001F0A1FB01214DF2162001F09CFBFC
:1043E000CA214DF2172001F097FB02214DF218204F
:1043F00001F092FB00214DF2192001F08DFB02210A
:104400004DF21A2001F088FB01214DF21B2001F032
:1044100083FB02214DF21C2001F07EFB34214DF282
:104420001D2001F079FB02214DF21E2001F074FBEA
:1044300067214DF21F2001F06FFB02214DF2202079
:1044400001F06AFB84214DF2212001F065FB02217D
:104450004DF2222001F060FBA4214DF2232001F057
:104460005BFB02214DF2242001F056FBB7214DF2F7
:10447000252001F051FB02214DF2262001F04CFBDA
:10448000CF214DF2272001F047FB02214DF22820D9
:1044900001F042FBDE214DF2292001F03DFB02211B
:1044A0004DF22A2001F038FBF2214DF22B2001F0D1
:1044B00033FB02214DF22C2001F02EFBFE214DF2A8
:1044C0002D2001F029FB03214DF22E2001F024FBC9
:1044D00010214DF22F2001F01FFB03214DF230205F
:1044E00001F01AFB33214DF2312001F015FB0321BD
:1044F0004DF2322001F010FB6D214DF2332001F01E
:104500000BFB00214FF4534001F006FB33214DF229
:10451000013001F001FB00214DF2023001F0FCFA04
:1045200034214DF2033001F0F7FA00214DF204304E
:1045300001F0F2FA3A214DF2053001F0EDFA0021D6
:104540004DF2063001F0E8FA4A214DF2073001F051
:10455000E3FA00214DF2083001F0DEFA5C214DF261
:10456000093001F0D9FA00214DF20A3001F0D4FAF5
:1045700081214DF20B3001F0CFFA00214DF20C30C9
:1045800001F0CAFAA6214DF20D3001F0C5FA002162
:104590004DF20E3001F0C0FAE5214DF20F3001F07E
:1045A000BBFA01214DF2103001F0B6FA13214DF2A1
:1045B000113001F0B1FA01214DF2123001F0ACFAE4
:1045C00054214DF2133001F0A7FA01214DF21430BD
:1045D00001F0A2FA82214DF2153001F09DFA01217D
:1045E0004DF2163001F098FACA214DF2173001F061
:1045F00093FA02214DF2183001F08EFA00214DF2AB
:10460000193001F089FA02214DF21A3001F084FAD2
:1046100001214DF21B3001F07FFA02214DF21C30D6
:1046200001F07AFA34214DF21D3001F075FA0221C1
:104630004DF21E3001F070FA67214DF21F3001F08B
:104640006BFA02214DF2203001F066FA84214DF21E
:10465000213001F061FA02214DF2223001F05CFAC2
:10466000A4214DF2233001F057FA02214DF22430FB
:1046700001F052FAB7214DF2253001F04DFA022136
:104680004DF2263001F048FACF214DF2273001F0EB
:1046900043FA02214DF2283001F03EFADE214DF2BC
:1046A000293001F039FA02214DF22A3001F034FAB2
:1046B000F2214DF22B3001F02FFA02214DF22C3075
:1046C00001F02AFAFE214DF22D3001F025FA0321E6
:1046D0004DF22E3001F020FA10214DF22F3001F072
:1046E0001BFA03214DF2303001F016FA33214DF25E
:1046F000313001F011FA03214DF2323001F00CFAA1
:104700006D214DF2333001F007FA00214FF454408F
:1047100001F002FA33214DF2014001F0FDF90021D0
:104720004DF2024001F0F8F934214DF2034001F05E
:10473000F3F900214DF2044001F0EEF93A214DF277
:10474000054001F0E9F900214DF2064001F0E4F9DD
:104750004A214DF2074001F0DFF900214DF20840F7
:1047600001F0DAF95C214DF2094001F0D5F90021A0
:104770004DF20A4001F0D0F981214DF20B4001F0D9
:10478000CBF900214DF20C4001F0C6F9A6214DF203
:104790000D4001F0C1F900214DF20E4001F0BCF9CD
:1047A000E5214DF20F4001F0B7F901214DF2104023
:1047B00001F0B2F913214DF2114001F0ADF90121E0
:1047C0004DF2124001F0A8F954214DF2134001F0CE
:1047D000A3F901214DF2144001F09EF982214DF21E
:1047E000154001F099F901214DF2164001F094F9BC
:1047F000CA214DF2174001F08FF902214DF2184005
:1048000001F08AF900214DF2194001F085F90221E9
:104810004DF21A4001F080F901214DF21B4001F0E8
:104820007BF902214DF21C4001F076F934214DF262
:104830001D4001F071F902214DF21E4001F06CF9AA
:1048400067214DF21F4001F067F902214DF220402F
:1048500001F062F984214DF2214001F05DF902215D
:104860004DF2224001F058F9A4214DF2234001F00D
:1048700053F902214DF2244001F04EF9B7214DF2D7
:10488000254001F049F902214DF2264001F044F99A
:10489000CF214DF2274001F03FF902214DF228408F
:1048A00001F03AF9DE214DF2294001F035F90221FB
:1048B0004DF22A4001F030F9F2214DF22B4001F087
:1048C0002BF902214DF22C4001F026F9FE214DF288
:1048D0002D4001F021F903214DF22E4001F01CF989
:1048E00010214DF22F4001F017F903214DF2304015
:1048F00001F012F933214DF2314001F00DF903219D
:104900004DF2324001F008F96D214DF2334001F0D3
:1049100003F900214FF4554001F0FEF833214DF228
:10492000015001F0F9F800214DF2025001F0F4F8C5
:1049300034214DF2035001F0EFF800214DF2045004
:1049400001F0EAF83A214DF2055001F0E5F80021B6
:104950004DF2065001F0E0F84A214DF2075001F007
:10496000DBF800214DF2085001F0D6F85C214DF241
:10497000095001F0D1F800214DF20A5001F0CCF8B5
:1049800081214DF20B5001F0C7F800214DF20C507F
:1049900001F0C2F8A6214DF20D5001F0BDF8002142
:1049A0004DF20E5001F0B8F8E5214DF20F5001F034
:1049B000B3F801214DF2105001F0AEF813214DF281
:1049C000115001F0A9F801214DF2125001F0A4F8A4
:1049D00054214DF2135001F09FF801214DF2145073
:1049E00001F09AF882214DF2155001F095F801215D
:1049F0004DF2165001F090F8CA214DF2175001F017
:104A00008BF802214DF2185001F086F800214DF28A
:104A1000195001F081F802214DF21A5001F07CF892
:104A200001214DF21B5001F077F802214DF21C508C
:104A300001F072F834214DF21D5001F06DF80221A1
:104A40004DF21E5001F068F867214DF21F5001F041
:104A500063F802214DF2205001F05EF884214DF2FE
:104A6000215001F059F802214DF2225001F054F882
:104A7000A4214DF2235001F04FF802214DF22450B1
:104A800001F04AF8B7214DF2255001F045F8022116
:104A90004DF2265001F040F8CF214DF2275001F0A1
:104AA0003BF802214DF2285001F036F8DE214DF29C
:104AB000295001F031F802214DF22A5001F02CF872
:104AC000F2214DF22B5001F027F802214DF22C502B
:104AD00001F022F8FE214DF22D5001F01DF80321C6
:104AE0004DF22E5001F018F810214DF22F5001F028
:104AF00013F803214DF2305001F00EF833214DF23E
:104B0000315001F009F803214DF2325001F004F860
:104B10006D214DF2335000F0FFFF00214FF456405D
:104B200000F0FAFF33214DF2016000F0F5FF0021A3
:104B30004DF2026000F0F0FF34214DF2036000F00E
:104B4000EBFF00214DF2046000F0E6FF3A214DF248
:104B5000056000F0E1FF00214DF2066000F0DCFF8F
:104B60004A214DF2076000F0D7FF00214DF20860A6
:104B700000F0D2FF5C214DF2096000F0CDFF002172
:104B80004DF20A6000F0C8FF81214DF20B6000F089
:104B9000C3FF00214DF20C6000F0BEFFA6214DF2D4
:104BA0000D6000F0B9FF00214DF20E6000F0B4FF7F
:104BB000E5214DF20F6000F0AFFF01214DF21060D2
:104BC00000F0AAFF13214DF2116000F0A5FF0121B2
:104BD0004DF2126000F0A0FF54214DF2136000F07E
:104BE0009BFF01214DF2146000F096FF82214DF2EF
:104BF000156000F091FF01214DF2166000F08CFF6E
:104C0000CA214DF2176000F087FF02214DF21860B3
:104C100000F082FF00214DF2196000F07DFF0221BB
:104C20004DF21A6000F078FF01214DF21B6000F098
:104C300073FF02214DF21C6000F06EFF34214DF233
:104C40001D6000F069FF02214DF21E6000F064FF5C
:104C500067214DF21F6000F05FFF02214DF22060DE
:104C600000F05AFF84214DF2216000F055FF02212F
:104C70004DF2226000F050FFA4214DF2236000F0BD
:104C80004BFF02214DF2246000F046FFB7214DF2A8
:104C9000256000F041FF02214DF2266000F03CFF4C
:104CA000CF214DF2276000F037FF02214DF228603E
:104CB00000F032FFDE214DF2296000F02DFF0221CD
:104CC0004DF22A6000F028FFF2214DF22B6000F037
:104CD00023FF02214DF22C6000F01EFFFE214DF259
:104CE0002D6000F019FF03214DF22E6000F014FF3B
:104CF00010214DF22F6000F00FFF03214DF23060C4
:104D000000F00AFF33214DF2316000F005FF03216E
:104D10004DF2326000F000FF6D214DF2336000F083
:104D2000FBFE55214FF4704000F0F6FEAA214FF231
:104D3000010000F0F1FE52214FF2020000F0ECFE03
:104D400008214FF2030000F0E7FE00214FF20400BB
:104D500000F0E2FECC214FF4314000F0DDFE0021F6
:104D60004BF2011000F0D8FE05214FF4364000F060
:104D7000D3FE70214FF4374000F0CEFE70214BF28D
:104D8000017000F0C9FE01214FF4384000F0C4FE6C
:104D900003214BF6010000F0BFFE03214BF6020099
:104DA00000F0BAFE03214BF6030000F0B5FE02212D
:104DB0004FF43C4000F0B0FE00214BF6014000F003
:104DC000ABFE00214BF6024000F0A6FED0214FF4CE
:104DD000494000F0A1FE02214CF6011000F09CFEBB
:104DE00050214CF6021000F097FE50214CF60310B3
:104DF00000F092FE50214CF6041000F08DFE0021D0
:104E00004FF4545000F088FE55214FF4685000F0E4
:104E100083FE4FF4885000F069FE7820FBF7E1FB39
:104E20004FF4245000F062FE10BD10B5E22000F0F7
:104E30005DFE1D2000F04EFE022000F04BFE04201F
:104E400000F048FE6420FBF7CCFBE02000F04EFEB3
:104E5000012000F03FFE0A20FBF791FBE02000F06C
:104E600045FE032000F036FE0C20FBF788FB0120F6
:104E700000F03CFE0A20FBF782FBE62000F036FE45
:104E80002F2000F027FEFF2000F024FEFF2000F07E
:104E900021FEB02000F02AFE202000F01BFE0020A2
:104EA00000F018FE032000F015FE40F21F3000F065
:104EB00011FE012000F00EFE40F2DF1000F00AFEAD
:104EC000002000F007FEB42000F010FE042000F0E7
:104ED00001FE40F21F4000F0FDFD002000F0FAFD51
:104EE0002E2000F0F7FD002000F0F4FD002000F07F
:104EF000F1FD002000F0EEFD002000F0EBFDB620FB
:104F000000F0F4FD022000F0E5FD4FF4037000F026
:104F1000E1FD002000F0DEFD172000F0DBFD152094
:104F200000F0D8FD002000F0D5FD002000F0D2FDFB
:104F3000F02000F0DBFD032000F0CCFD292000F084
:104F4000D5FDD02000F0D2FD002000F0C3FDBE2032
:104F500000F0CCFD052000F0BDFDFE2000F0BAFD04
:104F6000012000F0B7FD002000F0B4FD002000F0AB
:104F7000B1FD002000F0AEFDB82000F0B7FD032029
:104F800000F0A8FD012000F0A5FDBA2000F0AEFD64
:104F9000012000F09FFD10BD10B5112000F0A6FD0E
:104FA0007820FBF7ECFA362000F0A0FD002000F09E
:104FB00091FD3A2000F09AFD052000F08BFDB22013
:104FC00000F094FD0C2000F085FD0C2000F082FD27
:104FD000002000F07FFD332000F07CFD332000F046
:104FE00079FDB72000F082FD352000F073FDBB2075
:104FF00000F07CFD322000F06DFDC02000F076FD59
:105000000C2000F067FDC22000F070FD012000F0D0
:1050100061FDC32000F06AFD102000F05BFDC4209C
:1050200000F064FD202000F055FDC62000F05EFD7C
:105030000F2000F04FFDD02000F058FDA42000F01C
:1050400049FDA12000F046FDE02000F04FFDD020FA
:1050500000F040FD002000F03DFD022000F03AFD90
:10506000072000F037FD0A2000F034FD282000F072
:1050700031FD322000F02EFD442000F02BFD4220B7
:1050800000F028FD062000F025FD0E2000F022FD96
:10509000122000F01FFD142000F01CFD172000F06E
:1050A00019FDE12000F022FDD02000F013FD0020CA
:1050B00000F010FD022000F00DFD072000F00AFDB9
:1050C0000A2000F007FD282000F004FD312000F048
:1050D00001FD542000F0FEFC472000F0FBFC0E20F8
:1050E00000F0F8FC1C2000F0F5FC172000F0F2FCAA
:1050F0001B2000F0EFFC1E2000F0ECFC2A2000F04A
:10510000F5FC002000F0E6FC002000F0E3FC0020AD
:1051100000F0E0FCEF2000F0DDFC2B2000F0E6FCCE
:10512000002000F0D7FC002000F0D4FC012000F0AB
:10513000D1FC3F2000F0CEFC292000F0D7FC10BDB0
:1051400000B595B000BF00BFFE48006840F0080001
:10515000FC4908600846006800F00800019000BFA4
:1051600000BF00BF00BF00BF0846006840F0080055
:1051700008600846006800F00800019000BF00BF0A
:1051800000BF00BF00BF0846006840F0080008608C
:105190000846006800F00800019000BF00BF00BF93
:1051A00000BF00BF0846006840F0100008600846D5
:1051B000006800F01000019000BF00BF00BF00BFFA
:1051C00000BF0846006840F002000860084600681A
:1051D00000F00200019000BF00BF00BF80201090CF
:1051E0000220119001201290032013900C201490A3
:1051F00010A9D548FBF7AAF92020109010A9D24891
:10520000FBF7A4F91020109010A9CF48FBF79EF9E6
:105210000820109010A9CD48FBF798F92020109095
:105220000120119010A9CA48FBF790F9C948CA4952
:105230000860CA484860002088600021C648C160F4
:1052400001611021416100218161C16101624FF45E
:1052500080514162002181624FF48041C16200218E
:10526000016341634FF48011816315200990002090
:105270000A9078200B9000200F90152002900020BB
:105280000390152004900020089002AA09A9B248B2
:10529000FBF760FA3220FBF772F9D32000F026FC0E
:1052A00000F068F9AE49888000F064F9AC49888064
:1052B00000F060F9AA498880084680884FF6FF719F
:1052C00001EA0020A649888000F054F9A4498988A1
:1052D0000843A34988800846808849F241318842C2
:1052E0007DD0042000F002FC00F044F99C49888045
:1052F00000F040F99A49888000F03CF9984988808C
:10530000084680884FF6FF7101EA002094498880A2
:1053100000F030F99249898808439149888008460D
:10532000808848F25251884203D147F289708C49F3
:1053300088808B48808847F289718842D0D0D420F9
:1053400000F0D4FB00F016F98549888000F012F9CE
:105350008349888000F00EF981498880084680885A
:105360004FF6FF7101EA00207D49888000F002F9C4
:105370007B49898808437A4988800846808845F2B5
:10538000103188425FD055214FF4704000F0C4FBCB
:10539000AA214FF2010000F0BFFB52214FF20200A0
:1053A00000F0BAFB08214FF2030000F0B5FB012129
:1053B0004FF2040000F0B0FB4FF4454000F096FBC4
:1053C00000F0D8F866498880084680884FF6FF715B
:1053D00001EA0020624988804CF2015000E032E08E
:1053E00000F084FB00F0C6F85D49898808435C49F9
:1053F00088800846808845F21051884223D0A12039
:1054000000F074FB00F0B6F85549888000F0B2F85F
:1054100053498880084680884FF6FF7101EA0020D2
:105420004F49888000F0A6F84D49898808434C49C7
:1054300088800846808845F26171884203D141F630
:105440006310474988804648818846A0FAF746FE9F
:105450004348808847F28971884202D1FFF79CFD5A
:1054600025E03F48808849F24131884202D1FDF76A
:10547000CFFC1CE03A48808845F21031884202D1C6
:10548000FDF7DCFD13E03648808845F21051884274
:1054900002D1FEF74CFD0AE03148808841F66311E5
:1054A000884204D1FFF7C1FC642000F0EBFA2C48DD
:1054B000808847F28971884209D1052002900490C2
:1054C0002549CB6A8A68486802A9FBF7A1F82448F5
:1054D000808849F24131884205D02148808841F6D0
:1054E0006311884209D10320029004901A49CB6AC3
:1054F0008A68486802A9FBF78BF81948808845F24A
:105500001031884205D01648808845F210518842F3
:1055100009D10220029004900F49CB6A8A6848683A
:1055200002A9FBF775F80020FDF7CAFB00BF0122B6
:1055300020210748FBF71EF800BF4FF6FF70FDF76C
:10554000A5FB15E0E0440258000C02580010025878
:1055500000040258004000524C0200240441005252
:10556000980200244C43442049443A25780D0A000F
:1055700015B000BD08B5034800880090BDF80000D4
:1055800008BD000000001060F0B5054600240027AB
:1055900088488079012805D18648808841F66311C2
:1055A000884208D183488079F0B98248808841F6E2
:1055B0006311884218D1082D15D2DFE805F00406E2
:1055C000080A0C0E101206250DE007250BE0042535
:1055D00009E0052507E0012505E0002503E0032596
:1055E00001E0022500BF00BF082D1CD2DFE805F056
:1055F0000406090C0F12151800BF14E044F08004D3
:1056000011E044F040040EE044F0C0040BE044F02C
:10561000200408E044F0600405E044F0A00402E047
:1056200044F0E00400BF00BF36276248808845F29E
:105630001051884200D13F025E48808849F24131D2
:10564000884205D05B48808847F28971884201D141
:1056500044F008042146384600F05EFA5548808838
:1056600041F6631188421DD004F0200068B1514812
:10567000008850494988884214DA4E480688408894
:105680004C490880084646800CE04A480088494951
:105690004988884206DD4748068840884549088091
:1056A000084646804348808845F21051884252D1CE
:1056B0004049488900F01AFA002000F00BFA3D49F1
:1056C0004989491C88B200F011FA002000F002FA62
:1056D00038494989891C88B200F008FA3549098897
:1056E000491EC1F30F2000F0F5F932494989C91C60
:1056F00088B200F0FBF92F490978491EC8B200F0C2
:10570000E9F92C49888900F0F1F9002000F0E2F96C
:1057100028498989491C88B200F0E8F9002000F086
:10572000D9F924498989891C88B200F0DFF9214917
:105730004988491EC1F30F2000F0CCF91D49898921
:10574000C91C88B200F0D2F91A498978491EC8B23A
:1057500000F0C0F92DE01749488900F0C7F9002092
:1057600000F0B8F9002000F0B5F912490988491E87
:10577000C1F30F2000F0AEF90E490978491EC8B2F6
:1057800000F0A8F90B49888900F0B0F9002000F07A
:10579000A1F9002000F09EF906494988491EC1F38D
:1057A0000F2000F097F903498978491EC8B200F02C
:1057B00091F9F0BD9802002410B502460C46454808
:1057C000808841F66311884247D142488079A8B960
:1057D00040480088401E801A82B23E49488900F045
:1057E00085F9002000F076F9002000F073F910121E
:1057F00000F070F9D0B200F06DF916E03549488933
:1058000000F074F9101200F065F9D0B200F062F9FE
:1058100030490988491EC1F30F2000F05BF92D497A
:105820000978491EC8B200F055F92A49888900F064
:105830005DF9201200F04EF9E0B200F04BF9254975
:105840004988491EC1F30F2000F044F921498978A5
:10585000491EC8B200F03EF93AE01E48808845F281
:105860001051884220D11B49488900F03FF910129D
:1058700000F030F917494989491C88B200F036F91F
:10588000D0B200F027F91349888900F02FF92012CF
:1058900000F020F90F498989491C88B200F026F9E7
:1058A000E0B200F017F913E00A49488900F01EF948
:1058B000101200F00FF9D0B200F00CF905498889F8
:1058C00000F014F9201200F005F9E0B200F002F93E
:1058D00010BD0000980200242DE9FC4F80460E46C2
:1058E00015461C46B3460020019000902046E31761
:1058F00004EB5373DB1021464FEAE47C04EB5C7C41
:105900004FEAEC0CA4EBCC0CBCF1000F02D04FF032
:10591000010C01E04FF0000C6344224604EBD27C02
:105920004FEA6C0C03FB0CF3DBB20193A5F12000F2
:10593000C5B20C2C06D0102C0BD0182C0ED0202C5D
:1059400018D112E005EB45002D4901EB80000090D5
:1059500012E02C4800EB051000900DE005EBC500AF
:10596000294901EB8000009006E0284800EBC510B3
:10597000009001E0BDE8FC8F00BF00273AE00098EE
:1059800010F807904FF0000A2EE009F0800028B1CF
:10599000314640460C9AFDF72BFA07E00B9828B9E0
:1059A0001B48314602684046FDF722FA4FEA49603B
:1059B0004FEA1069701C86B216484088B04200DC7D
:1059C000D8E7A6EB0B00A0420AD15E4608F1010021
:1059D0001FFA80F80F480088404500DCCAE706E05F
:1059E0000AF1010000F0FF0ABAF1080FCDDB00BF99
:1059F000781CC7B201988742C1DB00BFBAE700003C
:105A0000E4860090588B009048910090A49E0090EE
:105A10003C000024980200242DE9FC4F04460D466A
:105A200090469946DDE90C7A0B9E04F0FF0B08EBDB
:105A300004001FFA80F809EB05001FFA80F917E04F
:105A4000444502DB5C46A81985B24D4500DB15E0F4
:105A50000020CDE9000A3A78334629462046FFF770
:105A60003BFF304606EBD07104EB61018CB27F1C2A
:105A700038787E2802DC38782028E1DA00BFBDE8DB
:105A8000FC8F000000B50246BE2000F02FF8052074
:105A900000F020F800EE102AB8EE400B9FED0B1B33
:105AA00020EE010BBCEEC00B10EE101A88B200F015
:105AB00011F8012000F00EF8FF2000F00BF8002094
:105AC00000F008F8002000F005F800BD6666666684
:105AD0006666044001B5BDF800000090BDF8000006
:105AE0000149088008BD00000000106001B5BDF844
:105AF00000000090BDF800000149088008BD0000CA
:105B0000FEFF0F60024800890249088070470000CC
:105B100098020024FEFF0F60024A1080921C118040
:105B200070470000FEFF0F6000B587B000BF00BFE8
:105B30002C48006840F002002A49086008460068C6
:105B400000F00200019000BF00BF00BF00BF00BF17
:105B50000846006840F0100008600846006800F041
:105B60001000019000BF00BF00BF00BF00BF08468B
:105B7000006840F0100008600846006800F010005F
:105B8000019000BF00BF00BF1020029001200390D1
:105B90000490059002A91448FAF7D8FC402002901E
:105BA00002A91248FAF7D2FC2020029002A90F485D
:105BB000FAF7CCFC00BF012210210B48FAF7DAFCFF
:105BC00000BF00BF012240210848FAF7D3FC00BF04
:105BD00000BF012220210548FAF7CCFC00BF07B026
:105BE00000BD0000E04402580004025800100258B2
:105BF0001FB5012000220323CDE90120009303906B
:105C0000134602461021400700F04FF80120002201
:105C10000323CDE9012000930390134602221221B1
:105C2000480600F042F8012000220323CDE90120BC
:105C300000930390134603221221100700F035F859
:105C4000012000220323CDE9012000930390134695
:105C500004220F214FF0605000F027F800200323AA
:105C6000CDE90030029003460522192103904FF040
:105C7000C04000F01AF8012000220323CDE90120E2
:105C800000930390134606221921500700F00DF8E7
:105C900000200323CDE900300290012307221B21BD
:105CA0000390C80700F001F81FBD2DE9FF5F04460F
:105CB0000D4616461F46DDE910ABDDE90E89FAF701
:105CC00095FC01208DF80000F0B28DF801000194E0
:105CD000E8B28DF8080000208DF809008DF80A0060
:105CE0008DF80B808DF80C708DF80D908DF80EA04E
:105CF0008DF80FB06846FAF77EFC0420FAF780FCB6
:105D0000002004B0BDE8F09F30B5044602250849E4
:105D100051F8241001FB05F2064951F82400002136
:105D200000F02AF8012103481430015530BD00006D
:105D300024CE00905C00002410B501460023002210
:105D400007E00B4850F8210030F8120000B15B1C4E
:105D5000521C084850F821009042F2D84FF47A7053
:105D60005843044C54F82140B0FBF4F080B210BD0D
:105D70005C00002424CE009030B5034601E003F817
:105D8000011B141EA2F10102F9D130BD2DE9F04131
:105D900005460E462948076800202949096881F808
:105DA000590027480068001D00F06AFF50B92448D8
:105DB000006890F82C10012088402249096881432E
:105DC00020480160681CD8B9D6B11F4948681C49F1
:105DD000096888601A4982680968CA6018490968B0
:105DE000091D8268516016490968091D8160164ABB
:105DF000134909684A6111460968491C11601AE093
:105E00007C190F4800684460BC4207D20C48016806
:105E1000091D0E48006800F057FF0CE008480168B3
:105E2000091D0B48006800F04FFF0A4800688442D3
:105E300001D208480460BDE8F08100008C00002415
:105E400078000024900000241080072480000024A3
:105E50007C000024A800002410B5044600F05AFF7E
:105E600031480068401C304908603048006840B93B
:105E70002E4804600846006801280DD100F020FA81
:105E80000AE02B48006838B928480068C06AE16A0F
:105E9000884201D82548046026480068401C2549EE
:105EA000086008460068606494F82C10012088405F
:105EB00021490968084320490860E16A01EB810132
:105EC0001E4A02EB81014868A0608268E260211DE1
:105ED000826851608160E16A01EB8101174A02EB3F
:105EE00081026261E16A01EB8101144A52F82110DA
:105EF000491CE26A02EB8202104B43F8221000F0C8
:105F000059FF0B48006868B108480068C06AE16A38
:105F1000884207D24FF0805009490860BFF34F8F85
:105F2000BFF36F8F10BD00008800002478000024AC
:105F300094000024A400002490000024407D072445
:105F400004ED00E010B500F0E5FE10480068D0B99F
:105F50000F4800F0A9FE0F4800F0A6FE0C480E49BD
:105F600008600C480D49086000221021052001F04E
:105F7000FFFB064908600846006820B108A10348F5
:105F8000006800F0D9FF00F015FF10BDC00000242C
:105F90002480072438800724B8000024BC00002493
:105FA000546D72510000000010B516E000F0B2FE12
:105FB0000C48C068C468201D00F062FE0A480068F2
:105FC000401E0949086009480068401E07490860EA
:105FD00000F0F0FE204600F05FF80448006800285A
:105FE000E4D110BDFC7F0724880000248400002435
:105FF00070B504460D46206C70B1216CE068014418
:10600000E160D4E90210884201D32168E1602846AA
:10601000226CE168FAF734F970BD2DE9F0410446CD
:106020000F4615464FF00008A66B206C48B9206853
:1060300000282CD1A06802F0A1F880460020A060C2
:1060400025E07DB93946226C6068FAF719F9216CB0
:10605000606808446060D4E90101884217D3206871
:10606000606014E03946226CE068FAF709F9216CA7
:10607000E068411AE1602168E068884203D2216C3F
:10608000A068411AE160022D01D106B1761E701C94
:10609000A0634046BDE8F08110B50446206B00F0D7
:1060A000CBFE204600F0C8FE10BD01464A6A22B170
:1060B0000A6B1268C2F1200000E000207047000067
:1060C0000146084A126812680AB9012200E000225B
:1060D0000A600A6822B9034A1268D268106800E0B0
:1060E00000207047B800002430B54FF42053174803
:1060F00000F007042CB1C01D20F00700134C041B56
:106100001B1B0246124C22600024114D6C60D018FB
:10611000083820F007000F4C206000240D4D2D683A
:106120006C600C4D2D682C601146441A4C60094C73
:1061300024680C60084D4C682C60084D4C682C603D
:106140004FF00044064D2C6030BD00004C80072409
:10615000CC000024D4000024DC000024D80000245B
:10616000E800002400BFFFF71FFF06480068012871
:10617000F9D94FF0805004490860BFF34F8FBFF347
:106180006F8FF0E7407D072404ED00E02DE9F0413A
:1061900006460D4617469846069C0DB9246000E059
:1061A0002760E66325640121204601F029FB84F87D
:1061B00050800020A064BDE8F08100002DE9F05F70
:1061C00082460F4690469B460A9E0C9C4FEA8801E9
:1061D000A522206BFAF799F8A8F10100216B01EBD9
:1061E000800929F0070909F0070008B9012000E03B
:1061F000002028B94FF4587224A12DA0F9F76EFFA2
:1062000087B1002507E0795D04F134004155785DE0
:1062100000B902E06D1C102DF5D300BF0021432012
:10622000015502E0002084F83400202E01D2012024
:1062300000E0002028B940F2973214A11CA0F9F721
:106240004DFF202E00D31F26E662E6640020206565
:10625000201D00F036FD04F1180000F032FD24612D
:10626000C6F12000A06164620020606584F85800D7
:1062700084F859005A465146484600F01DFC2060FB
:106280000B9808B10B980460BDE8F09F2E2E5C2E91
:106290002E5C4D6964646C6577617265735C4672EF
:1062A000656552544F535C7461736B732E630000C9
:1062B0004572726F723A2025732C2025640D0A00F6
:1062C00010B5002407E004EB84010F4A02EB8100C3
:1062D00000F0EAFC641C202CF5D30C4800F0E4FC30
:1062E0000B4800F0E1FC0B4800F0DEFC0A4800F02F
:1062F000DBFC0A4800F0D8FC04480949086004485F
:106300000849086010BD0000407D0724C07F0724B5
:10631000D47F0724E87F0724FC7F0724108007240C
:106320007C0000248000002410B50146164800E0DF
:10633000006803688B42FBD30246436813448B42D8
:1063400004D143684C682344436001460A464B68C5
:1063500013440468A34211D10C4C03682468A3427F
:1063600008D04B680468646823444B6003681B686A
:106370000B6005E0054B1B680B6001E003680B60D8
:10638000884200D0016010BDCC000024D40000245D
:106390002DE9F04104460D4616461F464FF0000811
:1063A00065602461B5420CD8F01BA169884202D314
:1063B0004FF0010811E0211D0948006800F084FC3D
:1063C0000BE0BE4204D2BD4202D34FF0010804E00C
:1063D000211D0448006800F077FC4046BDE8F081CC
:1063E000BC000024B800002470B5054600F092FC03
:1063F000A86B08B9012400E0002400F0DBFC204673
:1064000070BD70B5054600F085FCA86BE96B88424D
:1064100001D1012400E0002400F0CCFC204670BD36
:10642000F1B50098846C00262CB940F6D53220A135
:1064300028A0F9F753FEA06BE16B884201D201203E
:1064400000E0002028B940F6D63219A121A0F9F7C2
:1064500045FEA06BE16B884227D294F9455000229B
:1064600069462046FFF7D9FD0646681C60B9606A98
:1064700008B9012000E00020B0B904F1240001F0C7
:106480007BFF88B101260FE07F2D01D0012000E0C5
:10649000002028B940F6F63205A10EA0F9F71EFE3D
:1064A000681C40B284F8450000BF3046F8BD0000CB
:1064B0002E2E5C2E2E5C4D6964646C65776172656E
:1064C000735C4672656552544F535C7175657565B2
:1064D0002E6300004572726F723A2025732C2025BE
:1064E000640D0A0070B505460E460E480068C06887
:1064F000C468201D00F0C4FB94F8280000F00400DC
:1065000028B132462946204600F0FEF805E094F80E
:10651000280000F0FE0084F828002046216A884701
:1065200070BD0000B800002470B586B08AE0029803
:1065300000280CDA03AE2EB940F2063247A150A073
:10654000F9F7CCFDD6E90020B168904700BF02986A
:10655000002877DB049C606908B9012000E0002076
:1065600010B9201D00F08CFB01A800F0F9F80546D9
:1065700002980A2864D2DFE800F06305072E36533C
:1065800006082F3700BF00BF00BF94F8280040F076
:10659000010084F828000398A269811803462A465E
:1065A0002046FFF7F5FEA8B194F8280000F004009B
:1065B00038B10398A26981182A46204600F0A4F851
:1065C00005E094F8280000F0FE0084F8280020463A
:1065D000216A884735E000BF94F8280000F0FE00EB
:1065E00084F828002DE000BF94F8280040F0010056
:1065F00084F828000398A061A06908B1012000E098
:10660000002028B940F2593214A11DA0F9F766FD07
:10661000A06941192B462A462046FFF7B9FE10E033
:1066200094F8280000F0020018B9204600F004FC9D
:1066300005E094F8280000F0FE0084F8280000E04F
:1066400000BF00BF002202A91148006801F048FA0B
:1066500000287FF46CAF06B070BD00002E2E5C2EBB
:106660002E5C4D6964646C6577617265735C46721B
:10667000656552544F535C74696D6572732E630087
:106680004572726F723A2025732C2025640D0A0022
:10669000C0000024F8B505460C4600F017FF684618
:1066A00000F05EF80646009820BB44B9B54206D813
:1066B00001F008FF31462846FFF714FF1CE03CB10B
:1066C0000E480068006808B9012000E00020044678
:1066D000A91B22460A48006800F074FC01F0F2FE93
:1066E00050B94FF0805007490860BFF34F8FBFF398
:1066F0006F8F01E001F0E6FEF8BD0000BC00002451
:10670000C000002404ED00E070B504460D461646B6
:1067100004E0A06905442046216A8847A069411920
:106720002B4632462046FFF733FE0028F1D170BDDC
:1067300009480068006808B9012000E0002020B185
:106740004FF0FF300549086005E003480068C06865
:1067500000680249086070477C000024A8000024FB
:1067600070B5044601F010FC0546074800688542F4
:1067700004D200F00BF80120206001E0002020602E
:1067800001480560284670BDC800002470B508E0C7
:106790000D480068C06804684FF0FF312046FFF7DD
:1067A000A1FE09480068006808B9012000E0002047
:1067B0000028EDD0044805680448006802490860D4
:1067C0000248056070BD0000B8000024BC00002431
:1067D0000C480068401C08B9012000E0002020B9E6
:1067E000E32209A118A0F9F779FC00BF502072B686
:1067F00080F31188BFF34F8FBFF36F8F62B600BF76
:1068000000BFFEE7EC0000242E2E5C2E2E5C4D69AE
:1068100064646C6577617265735C46726565525439
:106820004F535C706F727461626C655C5256445376
:106830005C41524D5F434D375C723070315C706F1C
:1068400072742E63000000004572726F723A202548
:10685000732C2025640D0A0008B500BF6846FFF7B9
:106860002FFC044620460099FFF714FFFFF75CFE5B
:10687000F4E770B5044600F04DFA94F9455019E07C
:10688000A06C30B12046FFF7CBFD88B100F0A0FC32
:106890000EE0606A08B9012000E0002038B904F178
:1068A000240001F069FD18B100F092FC00E003E063
:1068B000681E45B2002DE3DC00BFFF2084F84500D0
:1068C00000F078FA00F026FA94F9445010E02069BC
:1068D00008B9012000E0002048B904F1100001F0DF
:1068E0004BFD08B100F074FC681E45B200E001E009
:1068F000002DECDC00BFFF2084F8440000F05AFAC1
:1069000070BD00002DE9F04104464FF0000800F092
:10691000DDFD4948006808B9FFF7E6FB4748006815
:106920002040002875D1002C23D004F10800A0429B
:106930001FD9083404F0070000281BD004F007001A
:10694000C0F108002044A04211D904F00700C0F1B2
:106950000800044404F0070008B9012000E000200A
:1069600040B99C2236A144A0F9F7B8FB02E000240C
:1069700000E00024002C4CD043480068844248D8F2
:10698000424E3046056801E02E462D686868A042F8
:1069900002D228680028F7D127480068854238D0FD
:1069A000306800F10808286830606868001B10280B
:1069B00013D92F1907F0070008B9012000E00020C3
:1069C00020B9CF221EA12CA0F9F788FB6868001B14
:1069D00078606C603846FFF7A7FC2B496868096847
:1069E000081A294908600846006829490968884248
:1069F00003D225480068264908601049686809687C
:106A0000084368600020286022480068401C214933
:106A1000086001F057FD08F0070008B9012000E008
:106A2000002028B94FF4887205A113A0F9F756FB8E
:106A30004046BDE8F0810000D4000024E8000024B6
:106A40002E2E5C2E2E5C4D6964646C6577617265D8
:106A5000735C4672656552544F535C706F7274611B
:106A6000626C655C4D656D4D616E675C68656170FB
:106A70005F342E63000000004572726F723A202569
:106A8000732C2025640D0A00D8000024CC000024BB
:106A9000DC000024E00000240648006830B105490D
:106AA000096801F15000096D491C01600148006846
:106AB0007047000078000024001F4FF080730360CF
:106AC000001F21F001030360001F054B0360143811
:106AD0000260001F6FF0020303602038704700005F
:106AE000D16700901CB5044600F014F9022000F0B4
:106AF00034FE1B49086000220421012000F038FE0A
:106B00001849086003220021012000F031FE1649D7
:106B10000860134801681348006800F00BFE104835
:106B200001681148006800F005FE104802210023AA
:106B30008022CDE900100EA10F4801F0E5F90F48C1
:106B4000032100238022CDE900100DA10E4801F0A1
:106B5000DBF90E48006800F09DFA00F02BF91CBD2F
:106B600014000024180000241C0000240C00002441
:106B70007461736B31000000916B00901000002471
:106B80007461736B32000000E56B00900800002414
:106B900008B5002000901FE00020FCF727F80090C7
:106BA0009DF80000012802D0022810D107E0002340
:106BB0005A1E69460948006800F0A0FE08E000235C
:106BC0001A4619460648006800F098FE00E000BF2B
:106BD00000BF0A2000F01CFADEE7000018000024C5
:106BE0001C00002408B500240020009021E04FF094
:106BF000FF311048006801F033F804460E48006881
:106C000084420AD14FF0FF326946204600F068FF07
:106C10000AA00099F9F762FA0BE010480068844274
:106C200007D14FF0FF31204601F026F80CA0F9F70C
:106C300055FADCE71400002418000024BDD3CAD59F
:106C4000B5BDC0B4D7D478517565756531B5C4CFBD
:106C5000FBCFA23A2025640D0A0000001C0000248E
:106C6000BBF1C8A1B5BDB6FED6B5D0C5BAC5C1BFCA
:106C70003A207853656D6170686F72650D0A000087
:106C800001460A69D1E901309860D1E901035860F1
:106C90005068884201D188685060002008611068FF
:106CA000401E10601068704700F1080141604FF00D
:106CB000FF31816000F10801C160016100210160C4
:106CC000704700210161704710B502460B685C1CDB
:106CD0000CB9106907E002F1080000E04068446860
:106CE00024689C42FAD944684C604C68A160886072
:106CF00041600A611468641C146010BD42684A60F7
:106D000093688B60936859609160086103685B1CAD
:106D10000360704710B500BF502072B680F3118831
:106D2000BFF34F8FBFF36F8F62B600BF0B48006891
:106D3000401C0A4908600846006801280DD108482F
:106D40000068C0B208B9012000E0002028B94FF463
:106D5000D37204A113A0F9F7C1F910BDEC0000240F
:106D600004ED00E02E2E5C2E2E5C4D6964646C6593
:106D700077617265735C4672656552544F535C70FF
:106D80006F727461626C655C525644535C41524D43
:106D90005F434D375C723070315C706F72742E637C
:106DA000000000004572726F723A2025732C202576
:106DB000640D0A0010B50B48006828B940F2AD1206
:106DC00009A119A0F9F78AF906480068401E05498B
:106DD00008600846006820B9002080F3118800BFD1
:106DE00000BF10BDEC0000242E2E5C2E2E5C4D69E1
:106DF00064646C6577617265735C46726565525454
:106E00004F535C706F727461626C655C5256445390
:106E10005C41524D5F434D375C723070315C706F36
:106E200072742E63000000004572726F723A202562
:106E3000732C2025640D0A0070B506463546002ED9
:106E40003AD0083D2C461D4960680968084008B1E1
:106E5000012000E0002028B94FF4927218A126A06A
:106E6000F9F73CF9206808B9012000E0002028B9B2
:106E700040F2251212A120A0F9F730F90F496068FD
:106E800009680840C0B12068B0B90C496068096859
:106E90008843606000F01AFB1B4960680968084479
:106EA000194908602046FFF73FFA18480068401C5F
:106EB0001649086001F006FB70BD0000E8000024E0
:106EC0002E2E5C2E2E5C4D6964646C657761726554
:106ED000735C4672656552544F535C706F72746197
:106EE000626C655C4D656D4D616E675C6865617077
:106EF0005F342E63000000004572726F723A2025E5
:106F0000732C2025640D0A00D8000024E40000241E
:106F100000204FF0E02108618861064800684FF4C6
:106F20007A71B0FBF1F0401E4FF0E021486107207C
:106F300008617047000000242DE9F04106460F4625
:106F40002EB940F6C82211A119A0F9F7C7F80025FB
:106F5000BFB1002412E01A4800EBC4004068B04200
:106F600003D1174800EBC4050AE035B9144850F8BE
:106F7000340010B9124800EBC405641C082CEAD395
:106F800000BF0DB12F606E60BDE8F0812E2E5C2E2B
:106F90002E5C4D6964646C6577617265735C4672E2
:106FA000656552544F535C71756575652E630000BD
:106FB0004572726F723A2025732C2025640D0A00E9
:106FC000007D07242DE9F04105460E4617462C4664
:106FD000FFF7A0FE94F94400401C10B9002084F88B
:106FE000440094F94500401C10B9002084F8450085
:106FF000FFF7E0FEA06B28B93A46314604F12400C1
:1070000000F01EF92046FFF734FCBDE8F0810000D7
:1070100070B504460025ACB10F48006808B90120DE
:1070200000E0002028B940F249520CA114A0F9F761
:1070300055F800F04BFA00212046FEF7A7FE01F0BC
:1070400041FA05463DB94FF0805011490860BFF341
:107050004F8FBFF36F8F70BDB40000242E2E5C2EB7
:107060002E5C4D6964646C6577617265735C467211
:10707000656552544F535C7461736B732E630000EB
:107080004572726F723A2025732C2025640D0A0018
:1070900004ED00E070B50546FFF73CFE15B92F483A
:1070A000006800E028460446201DFFF7E9FD78B996
:1070B000E06A00EB80002A4951F8200040B994F8BA
:1070C0002C10012088402749096881432548016028
:1070D000A06A18B104F11800FFF7D2FD2248006839
:1070E000401C214908601D480068844209D1211DC7
:1070F0001E48FFF703FE1E480068401C1C4908603C
:1071000006E01C480068401E1A490860FFF710FBA3
:10711000FFF750FE11480068844202D02046FEF777
:10712000BBFF15480068C0B10C480068844214D108
:107130001248006808B9012000E0002028B940F298
:10714000DC420FA117A0F8F7C9FF4FF08050194992
:107150000860BFF34F8FBFF36F8F70BD78000024BE
:10716000407D072490000024A4000024FC7F072415
:10717000840000248800002494000024B40000242B
:107180002E2E5C2E2E5C4D6964646C657761726591
:10719000735C4672656552544F535C7461736B73D4
:1071A0002E6300004572726F723A2025732C2025E1
:1071B000640D0A0004ED00E0034909680160034919
:1071C0000968416070470000A00000248C00002482
:1071D00001200149086070479C00002470B50446F6
:1071E0000D462CB940F61C4207A110A0F8F776FF17
:1071F0001248016818312046FFF766FD0121284634
:10720000FEF7C4FD70BD00002E2E5C2E2E5C4D6975
:1072100064646C6577617265735C4672656552542F
:107220004F535C7461736B732E6300004572726F11
:10723000723A2025732C2025640D0A007800002462
:1072400070B504460E4615462CB940F6524211A1BF
:1072500019A0F8F743FF60681B490968C8611A491B
:10726000826809680A6218490968183182685160A1
:107270001549096818318160134909688C622168D1
:10728000491C21600DB14FF0FF3629463046FEF70C
:107290007DFD70BD2E2E5C2E2E5C4D6964646C6588
:1072A00077617265735C4672656552544F535C74C6
:1072B00061736B732E6300004572726F723A202502
:1072C000732C2025640D0A00780000242DE9F04776
:1072D00006460F4634464FF00109002E70D0206D4F
:1072E00028B941F29F0237A13FA0F8F7F7FEE06C02
:1072F000B84201D23D4600E0E56CE06AA8425FD0AA
:10730000206D01285CD13C480068844201D00120F6
:1073100000E0002028B941F2BA022AA132A0F8F711
:10732000DDFED4F82C80E562A06900F0004010B9C1
:10733000C5F12000A06108EB8801304A02EB810111
:107340006069884201D1012000E00020C0B3201D07
:10735000FFF796FC40B994F82C100120884028498A
:10736000096881432648016094F82C100120884068
:1073700023490968084322490860E16A01EB810159
:107380001E4A02EB81014868A0608268E260211D0C
:10739000826851608160E16A01EB8101174A02EB6A
:1073A00081026261E16A01EB8101144A52F8211005
:1073B000491CE26A02EB8202104B43F8221000BF24
:1073C000BDE8F0872E2E5C2E2E5C4D6964646C65E2
:1073D00077617265735C4672656552544F535C7495
:1073E00061736B732E6300004572726F723A2025D1
:1073F000732C2025640D0A0078000024407D0724AA
:10740000900000241CB51C4800210B468022CDE9C9
:1074100000101AA11B4800F077FD0446012C02D190
:1074200001F020F90446012C17D100BF502072B69C
:1074300080F31188BFF34F8FBFF36F8F62B600BF29
:107440004FF0FF301049086001201049086000200B
:107450000F49086000F09EF80BE0601C08B10120A5
:1074600000E0002028B94FF404620AA112A0F8F746
:1074700035FE154800681CBDAC00002449444C454D
:107480000000000065610090A80000249400002422
:107490008C0000242E2E5C2E2E5C4D6964646C657D
:1074A00077617265735C4672656552544F535C74C4
:1074B00061736B732E6300004572726F723A202500
:1074C000732C2025640D0A00B000002402480068D7
:1074D000401C014908607047B400002410B51B48E7
:1074E000006818B101201A4908602DE000201849F1
:1074F000086018480068B0FA80F0C0F11F0404EB7F
:107500008400154951F8200008B1012000E0002056
:1075100028B940F6024211A119A0F8F7DFFD04EBEB
:1075200084010D4A02EB810041684968416000F125
:10753000080142688A4202D1416849684160416855
:10754000C968134A116000BF10BD0000B4000024D8
:107550009C00002490000024407D07242E2E5C2EE9
:107560002E5C4D6964646C6577617265735C46720C
:10757000656552544F535C7461736B732E630000E6
:107580004572726F723A2025732C2025640D0A0013
:10759000780000241CB53F4C204600780190FF2065
:1075A000214608700846007800909DF8000000F021
:1075B000F0009DF80010884201D1012000E0002079
:1075C00028B940F24D1234A143A0F8F787FD9DF889
:1075D000000000F05000444908700720434908604B
:1075E00009E042480068401E404908609DF80000DC
:1075F0004006000E00909DF8000000F080008028FA
:10760000EFD03A480068C0F10700042801D10120FA
:1076100000E0002028B940F261121FA12EA0F8F767
:107620005DFD32480068C0F10700042801D1012047
:1076300000E0002028B94FF4B57217A126A0F8F792
:107640004DFD2A4800680002284908600846008865
:1076500000F4E06008600F49019808702448006851
:1076600040F47000224908600846006840F070400D
:107670000860FFF74DFC00201E490860F8F7F0FC99
:107680001D48006840F040401B490860F8F7D4FCF2
:1076900000201CBD00E400E02E2E5C2E2E5C4D6907
:1076A00064646C6577617265735C4672656552549B
:1076B0004F535C706F727461626C655C52564453D8
:1076C0005C41524D5F434D375C723070315C706F7E
:1076D00072742E63000000004572726F723A2025AA
:1076E000732C2025640D0A00F0000024F40000240F
:1076F00020ED00E0EC00002434EF00E010B500BF06
:10770000502072B680F31188BFF34F8FBFF36F8F95
:1077100062B600BF00F03EFC18B14FF08050044943
:10772000086000BF002080F3118800BF10BD00007A
:1077300004ED00E070B504460E46FFF7EBFAA06CCE
:1077400008B1002505E0A06B08B1002501E0A664A2
:107750000125FFF72FFB284670BD70B504460022B7
:107760000421204600F004F80546284670BD0000BC
:107770002DE9F84305460E4617460024E5B1601E84
:10778000B0FBF5F0B04217D305FB06F010F1550F32
:1077900012D805FB06F909F15400FFF7B3F80446C7
:1077A0008CB1A04608F154083B4642463146284673
:1077B0000094FEF7EBFC06E02CB94FF4E37203A152
:1077C0000BA0F8F78BFC2046BDE8F8832E2E5C2E2C
:1077D0002E5C4D6964646C6577617265735C46729A
:1077E000656552544F535C71756575652E63000075
:1077F0004572726F723A2025732C2025640D0A00A1
:107800002DE9F04105460E4601272C462CB94FF4D0
:1078100088722CA134A0F8F761FC002C42D0E06BF8
:1078200000283FD04FF0FF31E06BB1FBF0F0216C4E
:10783000884237D3FFF76EFAD4E90F12206801FBB4
:107840000200A0600020A06320686060E06B401E22
:10785000226C216800FB0211E160FF2084F84400E3
:1078600084F845009EB9206908B9012000E0002095
:10787000A8B904F1100000F07FFD80B14FF08050F6
:107880001D490860BFF34F8FBFF36F8F07E004F10E
:107890001000FFF709FA04F12400FFF705FAFFF7DB
:1078A00089FA00E000270FB1012000E0002028B98C
:1078B00040F2451203A10CA0F8F710FC3846BDE8D1
:1078C000F08100002E2E5C2E2E5C4D6964646C6588
:1078D00077617265735C4672656552544F535C7193
:1078E000756575652E6300004572726F723A2025CA
:1078F000732C2025640D0A0004ED00E02DE9FF47FC
:1079000082B0064688461D464FF0000934462CB921
:1079100040F22E3264A16DA0F8F7E0FBB8F1000F41
:1079200001D1206C08B9012000E0002028B940F204
:107930002F325DA165A0F8F7D1FB022D02D1E06BDB
:10794000012801D1012000E0002028B94FF44C7239
:1079500055A15EA0F8F7C2FB00F006FB08B9049839
:1079600008B9012000E0002028B940F233324EA1CE
:1079700056A0F8F7B3FB00BFFFF7CCF9A06BE16BA3
:10798000884201D3022D3ED1D4F838A02A46414680
:107990002046FEF742FB0746A06C88B1022D02D1BB
:1079A000BAF1000F29D12046FEF73AFD28B34FF077
:1079B00080504A490860BFF34F8FBFF36F8F1CE0C0
:1079C000606A08B9012000E0002068B904F12400D1
:1079D00000F0D2FC88B14FF0805040490860BFF3FE
:1079E0004F8FBFF36F8F08E03FB14FF080503B499E
:1079F0000860BFF34F8FBFF36F8FFFF7DBF90120F4
:107A000006B0BDE8F087049818B9FFF7D3F9002055
:107A1000F6E7B9F1000F04D16846FFF7CDFB4FF050
:107A20000109FFF7C7F9FFF751FDFFF773F994F963
:107A30004400401C10B9002084F8440094F945002B
:107A4000401C10B9002084F84500FFF7B3F904A9E1
:107A5000684600F0F3F9F8B92046FEF7D2FCA8B169
:107A600004F110000499FFF7B9FB2046FEF701FF6F
:107A700000F028FD00287FF47FAF4FF080501749B9
:107A80000860BFF34F8FBFF36F8F75E72046FEF797
:107A9000F0FE00F017FD6FE72046FEF7EAFE00F06B
:107AA00011FD0020ACE700002E2E5C2E2E5C4D69EF
:107AB00064646C6577617265735C46726565525487
:107AC0004F535C71756575652E6300004572726F6A
:107AD000723A2025732C2025640D0A0004ED00E085
:107AE0002DE9F74183B005460E464FF000082C46BD
:107AF0002CB940F251524CA154A0F8F7EFFA0EB94C
:107B0000206C08B9012000E0002028B940F255524D
:107B100045A14EA0F8F7E2FA00F026FA08B9059858
:107B200008B9012000E0002028B940F25A523EA1D5
:107B300046A0F8F7D3FA00BFFFF7ECF8A76BF7B150
:107B400031462046FEF754FA781EA063206908B932
:107B5000012000E0002060B904F1100000F00CFCEE
:107B600038B14FF080503D490860BFF34F8FBFF3ED
:107B70006F8FFFF71FF9012006B0BDE8F08105986F
:107B800018B9FFF717F90020F6E7B8F1000F04D194
:107B900001A8FFF711FB4FF00108FFF70BF9FFF702
:107BA00095FCFFF7B7F894F94400401C10B9002089
:107BB00084F8440094F94500401C10B9002084F872
:107BC0004500FFF7F7F805A901A800F037F9F0B96B
:107BD0002046FEF709FCA0B104F124000599FFF747
:107BE000FDFA2046FEF745FE00F06CFC0028A3D10C
:107BF0004FF0805019490860BFF34F8FBFF36F8F6C
:107C00009AE72046FEF735FE00F05CFC94E720463C
:107C1000FEF72FFE00F056FC2046FEF7E5FB00289D
:107C20008AD00020A8E700002E2E5C2E2E5C4D6925
:107C300064646C6577617265735C46726565525405
:107C40004F535C71756575652E6300004572726FE8
:107C5000723A2025732C2025640D0A0004ED00E003
:107C600038B505460C460020009022466946284655
:107C7000FFF736FF009838BD2DE9F34182B0054685
:107C80004FF000082C4600262CB940F2E3525DA1CB
:107C900065A0F8F723FA206C08B9012000E0002065
:107CA00028B940F2E75257A15FA0F8F717FA00F0A1
:107CB0005BF908B9039808B9012000E0002028B951
:107CC00040F2EC524FA158A0F8F708FA00BFFFF7B6
:107CD00021F8A76BFFB1781EA063206810B9FEF7EA
:107CE000DBFEA060206908B9012000E0002060B937
:107CF00004F1100000F040FB38B14FF080504E49C5
:107D00000860BFF34F8FBFF36F8FFFF753F8012069
:107D100004B0BDE8F081039870B90EB9012000E00D
:107D2000002028B940F2326236A13FA0F8F7D6F918
:107D3000FFF740F80020EBE7B8F1000F04D16846E8
:107D4000FFF73AFA4FF00108FFF734F8FFF7BEFBF0
:107D5000FEF7E0FF94F94400401C10B9002084F8BD
:107D6000440094F94500401C10B9002084F84500F7
:107D7000FFF720F803A9684600F060F840BB2046F2
:107D8000FEF732FBF0B1206838B9FEF7C3FFA068F8
:107D900000F07CFA0646FFF70DF804F12400039981
:107DA000FFF71CFA2046FEF764FD00F08BFB00286D
:107DB0008DD14FF0805020490860BFF34F8FBFF343
:107DC0006F8F84E72046FEF754FD00F07BFB7EE7D3
:107DD0002046FEF74EFD00F075FB2046FEF704FB43
:107DE0000028EED05EB1FEF795FF2046FEF75DF964
:107DF00007463946A068FFF769FAFEF7DBFF002067
:107E000086E700002E2E5C2E2E5C4D6964646C6546
:107E100077617265735C4672656552544F535C714D
:107E2000756575652E6300004572726F723A202584
:107E3000732C2025640D0A0004ED00E070B50646A1
:107E40000C462EB940F6FD421FA128A0F8F746F9CE
:107E50002CB940F6FE421CA124A0F8F73FF9FEF72A
:107E600059FF264802687068131A2548006890F880
:107E7000590030B100202249096881F859000125D4
:107E80001EE02068401C08B9002519E01D49306833
:107E90000968884206D07068904203D80125002006
:107EA00020600DE02068984207D92068C01A206041
:107EB0003046FFF781F9002502E00020206001250F
:107EC000FEF778FF284670BD2E2E5C2E2E5C4D6985
:107ED00064646C6577617265735C46726565525463
:107EE0004F535C7461736B732E6300004572726F45
:107EF000723A2025732C2025640D0A008C00002482
:107F000078000024A00000242DE9FF4F85B08046B2
:107F100089461746DDE912ABB800FEF7F3FC0646CA
:107F200056B15C20FEF7EEFC04460CB1266304E07B
:107F30003046FEF781FF00E000247CB10020CDE94F
:107F400000ABCDE902403A4649464046089BFEF761
:107F500035F92046FDF780FF012501E04FF0FF35A0
:107F6000284609B0BDE8F08F0549096809B9012024
:107F700005E00449096809B9022000E000207047C3
:107F800094000024B40000240149086870470000F0
:107F90008C0000242DE9F0414FF000085F48006894
:107FA00000287DD15E480068451C5D480560002DB5
:107FB0001DD15C480068006808B9012000E000207D
:107FC00028B940F6C72258A160A0F8F787F85548AD
:107FD0000768624800685349086060480760604865
:107FE0000068401C5E490860FEF7A2FB00BF5D48C8
:107FF0000068854277D300BF4A480068006808B926
:10800000012000E0002020B14FF0FF30554908600A
:1080100068E044480068C068C4686668B54202D237
:10802000504806605EE06069D4E902128A60D4E9D3
:1080300002214A60211D42688A4201D1E168416003
:10804000002262610168491E0160A06A98B1A06ABD
:10805000D4E907128A60D4E907214A6004F11801C3
:1080600042688A4201D1216A41600022A26201680D
:10807000491E016000BF94F82C10012088403A4945
:108080000968084338490860E16A01EB8101374A11
:1080900002EB81014868A0608268E260211D00E077
:1080A00033E0826851608160E16A01EB81012F4A0F
:1080B00002EB81026261E16A01EB81012B4A52F815
:1080C0002110491CE26A02EB8202284B43F822107D
:1080D0002749E06A0968C96A88428DD34FF00108D0
:1080E0008AE700E000BF22480068C06A00EB800019
:1080F0001E4951F82000012801D94FF001081D4800
:10810000006808B14FF0010804E01B480068401CFB
:10811000194908604046BDE8F0810000B400002421
:108120008C0000247C0000242E2E5C2E2E5C4D69D9
:1081300064646C6577617265735C46726565525400
:108140004F535C7461736B732E6300004572726FE2
:10815000723A2025732C2025640D0A00800000242B
:10816000A0000024A800002490000024407D0724E3
:10817000780000249C0000249800002470B5054677
:108180002C460026002D5ED030480068844201D184
:10819000012000E0002028B941F24F022CA135A0B7
:1081A000F7F79CFF206D28B941F2500228A131A0B9
:1081B000F7F794FF206D401E2065E16CE06A88426D
:1081C00041D0206D00283ED1201DFEF759FD40B959
:1081D00094F82C10012088402A49096881432948D5
:1081E0000160E06CE062E06AC0F12000A06194F8F8
:1081F0002C10012088402349096808432149086060
:10820000E16A01EB8101204A02EB81014868A0602C
:108210008268E260211D826851608160E16A01EB41
:108220008101194A02EB81026261E16A01EB81017D
:10823000154A52F82110491CE26A02EB8202124BE5
:1082400043F822100126304670BD0000780000245B
:108250002E2E5C2E2E5C4D6964646C6577617265B0
:10826000735C4672656552544F535C7461736B73F3
:108270002E6300004572726F723A2025732C202500
:10828000640D0A0090000024407D072470B5054667
:108290002C460026002D67D03449E06A0968C96A77
:1082A00088425AD2A06900F0004028B92F480068DF
:1082B000C06AC0F12000A061E16A01EB81012C4A93
:1082C00002EB81016069884201D1012000E00020B9
:1082D000E0B3201DFEF7D4FC40B994F82C10012027
:1082E0008840244909688143224801601F4800688A
:1082F000C06AE06294F82C10012088401D4909688A
:1083000008431C490860E16A01EB8101184A02EB4D
:1083100081014868A0608268E260211D8268516026
:108320008160E16A01EB8101114A02EB8102626125
:10833000E16A01EB81010E4A52F82110491CE26A00
:1083400002EB82020A4B43F8221004E0FFE70748E1
:108350000068C06AE062012606E00449E06C096832
:10836000C96A884200D20126304670BD78000024D8
:10837000407D07249000002470B50646F068C4686C
:108380002CB940F682423CA144A0F7F7A7FEA06AB0
:10839000D4E907128A60D4E907214A6004F1180180
:1083A00042688A4201D1216A41600022A2620168CA
:1083B000491E01603D48006800283DD16069D4E94C
:1083C00002128A60D4E902214A60211D42688A4271
:1083D00001D1E1684160002262610168491E0160CB
:1083E00094F82C100120884031490968084330492D
:1083F0000860E16A01EB81012E4A02EB81014868C5
:10840000A0608268E260211D826851608160E16A3B
:1084100001EB8101274A02EB81026261E16A01EB13
:108420008101244A52F82110491CE26A02EB8202BF
:10843000204B43F8221010E01F494868E061826831
:10844000226204F118018268516081601A4AA262B6
:1084500011460968491C116000BF1849E06A0968A3
:10846000C96A884204D9012501201549086000E045
:108470000025284670BD00002E2E5C2E2E5C4D6916
:1084800064646C6577617265735C467265655254AD
:108490004F535C7461736B732E6300004572726F8F
:1084A000723A2025732C2025640D0A00B4000024A4
:1084B00090000024407D0724E87F072478000024F2
:1084C0009C00002470B5002400265048006828B99C
:1084D00040F6B3024EA157A0F7F700FEFEF71AFCD4
:1084E0004A480068401E494908600846006800285C
:1084F0007ED15448006800287AD05BE05248C068BA
:10850000C468A06AD4E907128A60D4E907214A60E6
:1085100004F1180142688A4201D1216A41600022B7
:10852000A2620168491E01606069D4E902128A6092
:10853000D4E902214A60211D42688A4201D1E168E2
:108540004160002262610168491E016094F82C10AC
:10855000012088403D49096808433C490860E16AB8
:1085600001EB81013A4A02EB81014868A060826810
:10857000E260211D826851608160E16A01EB810146
:10858000334A02EB81026261E16A01EB8101304A08
:1085900052F82110491CE26A02EB82022C4B43F88C
:1085A00022102C49E06A0968C96A884202D3012076
:1085B000294908602448006808B9012000E000202B
:1085C00000289BD00CB1FEF7B3F82448056865B1CC
:1085D00000BFFFF7DFFC10B101201F4908606D1ECE
:1085E000002DF6D100201D4908601B48006800E0FE
:1085F00008E038B10126300719490860BFF34F8FF2
:10860000BFF36F8FFEF7D6FB304670BDB400002479
:108610002E2E5C2E2E5C4D6964646C6577617265EC
:10862000735C4672656552544F535C7461736B732F
:108630002E6300004572726F723A2025732C20253C
:10864000640D0A0088000024E87F072490000024BD
:10865000407D0724780000249C000024980000241A
:1086600004ED00E01CB50024FDF76CFC0B4800682D
:1086700058B10B481F2100234FF48072CDE9001040
:1086800008A10A48FFF740FC04462CB940F2191231
:1086900007A110A0F7F722FD20461CBDC000002452
:1086A000C4000024546D7220537663005968009012
:1086B0002E2E5C2E2E5C4D6964646C65776172654C
:1086C000735C4672656552544F535C74696D657294
:1086D000732E63004572726F723A2025732C202529
:1086E000640D0A000000000000000000000000000F
:1086F000000000003F4000000000000000003000CB
:10870000400030004000000009000BC03D000BC0DD
:108710003D00090018C024407FE022403180000065
:10872000180024C01B000D803240018003801C40D3
:1087300027401C800740004010006000000000003F
:10874000000000000000000000001F8020404020CA
:108750000000402020401F800000000009000600AB
:108760001F80060009000000040004003F80040090
:108770000400000000100060000000000000000085
:108780000400040004000400040000000000004095
:108790000000000000000000002001C006003800BA
:1087A000400000001F802040204020401F8000002B
:1087B000000010403FC000400000000018C02140F1
:1087C00022402440184000001080204024402440D3
:1087D0001B80000002000D0011003FC0014000009E
:1087E0003C80244024402440238000001F802440FB
:1087F00024403440038000003000200027C03800AF
:10880000200000001B802440244024401B800000E6
:108810001C0022C0224022401F80000000000000F7
:10882000084000000000000000000000046000009C
:1088300000000000000004000A00110020804040F9
:10884000090009000900090009000000000040407B
:10885000208011000A00040018002000234024009A
:10886000180000001F802040274029401F400000C2
:10887000004007C039000F0001C0004020403FC049
:10888000244024401B8000001F80204020402040C6
:108890003080000020403FC0204020401F8000006A
:1088A00020403FC024402E4030C0000020403FC048
:1088B00024402E00300000000F0010802040224095
:1088C0003380020020403FC0040004003FC020402D
:1088D000204020403FC02040204000000060202079
:1088E00020203FC02000200020403FC024400B003B
:1088F00030C0204020403FC020400040004000C029
:108900003FC03C0003C03C003FC0000020403FC0CF
:108910000C4023003FC020001F802040204020400A
:108920001F80000020403FC02440240018000000A9
:108930001F802140214020E01FA0000020403FC0B8
:108940002440260019C0004018C024402440224082
:1089500031800000300020403FC020403000000047
:1089600020003F80004000403F80200020003E006B
:1089700001C0070038002000380007C03C0007C0D5
:1089800038000000204039C0060039C020400000F7
:108990002000384007C0384020000000304021C08F
:1089A0002640384020C00000000000007FE040204A
:1089B00040200000000070000C0003800040000018
:1089C0000000402040207FE0000000000000200068
:1089D00040002000000000000010001000100010F7
:1089E0000010001000000000400000000000000027
:1089F000000002800540054003C0004020003FC049
:108A00000440044003800000000003800440044050
:108A10000640000000000380044024403FC00040A6
:108A200000000380054005400340000000000440B2
:108A30001FC0244024402000000002E005500550E3
:108A40000650042020403FC00440040003C0004002
:108A50000000044027C0004000000000001000108B
:108A6000041027E00000000020403FC00140070044
:108A700004C00440204020403FC0004000400000AF
:108A800007C0040007C0040003C00000044007C082
:108A90000440040003C00040000003800440044080
:108AA00003800000041007F004500440038000001D
:108AB000000003800440045007F00010044007C089
:108AC000024004000400000000000640054005408C
:108AD00004C00000000004001F80044000400000AB
:108AE000040007800040044007C000400400070065
:108AF00004C0018006000400060001C0070001C098
:108B000006000000044006C0010006C0044000004A
:108B10000410071004E00180060004000000044077
:108B200005C00640044000000000000004007BE097
:108B300040200000000000000000FFF000000000E6
:108B4000000040207BE004000000000040008000A6
:108B50004000200020004000000000000000000055
:108B600000000000000000000000000000001FCC1A
:108B7000000C000000000000000008003000600051
:108B80000800300060000000022003FC1E200220CC
:108B900003FC1E200220000000000E1811043FFFFD
:108BA00010840C78000000000F0010840F3800C003
:108BB000077818840078000000780F8410C411240E
:108BC0000E9800E4008400080800680070000000AF
:108BD000000000000000000000000000000007E0AE
:108BE0001818200440020000000040022004181859
:108BF00007E00000000000000240024001800FF08A
:108C000001800240024000000080008000800FF8D8
:108C100000800080008000000001000D000E0000B8
:108C200000000000000000000000008000800080C4
:108C300000800080008000800000000C000C00001C
:108C400000000000000000000000000600180060A6
:108C50000180060018002000000007F0080810043A
:108C60001004080807F000000000080408041FFCB6
:108C7000000400040000000000000E0C101410247A
:108C8000104411840E0C000000000C181004110494
:108C9000110412880C700000000000E0032004247E
:108CA00008241FFC0024000000001F9810841104F9
:108CB0001104108810700000000007F008881104EB
:108CC000110418880070000000001C00100010FC47
:108CD00013001C001000000000000E381144108426
:108CE000108411440E38000000000700088C104466
:108CF0001044088807F00000000000000000030C8A
:108D0000030C00000000000000000000000101064C
:108D10000000000000000000000000800140022070
:108D20000410080810040000022002200220022083
:108D30000220022002200000000010040808041095
:108D4000022001400080000000000E001200100C04
:108D5000106C10800F00000003E00C1813E41424C2
:108D600017C4082807D000000004003C03C41C40BE
:108D7000074000E4001C000410041FFC110411044F
:108D800011040E880070000003E00C181004100499
:108D9000100410081C10000010041FFC1004100424
:108DA0001004080807F0000010041FFC110411044F
:108DB00017C410040818000010041FFC110411004F
:108DC00017C010000800000003E00C181004100485
:108DD00010441C780040000010041FFC1084008028
:108DE000008010841FFC10040000100410041FFCFD
:108DF0001004100400000000000300011001100125
:108E00001FFE10001000000010041FFC110403805E
:108E10001464181C1004000010041FFC100400044B
:108E200000040004000C000010041FFC1F0000FCE4
:108E30001F001FFC1004000010041FFC0C040300A2
:108E400000E010181FFC100007F0080810041004C0
:108E50001004080807F0000010041FFC10841080A4
:108E6000108010800F00000007F008181024102454
:108E7000101C080A07F2000010041FFC1104110066
:108E800011C011300E0C000400000E1C11041084DF
:108E9000108410441C3800001800100010041FFC3F
:108EA000100410001800000010001FF81004000447
:108EB000000410041FF8100010001E0011E0001C38
:108EC000007013801C0010001FC0103C00E01F0049
:108ED00000E0103C1FC000001004180C163401C044
:108EE00001C01634180C100410001C00130400FC00
:108EF00013041C00100000000804101C10641084EF
:108F000013041C04101800000000000000007FFE85
:108F10004002400240020000000030000C000380CC
:108F20000060001C000300000000400240024002FC
:108F30007FFE000000000000000000002000400054
:108F4000400040002000000000010001000100017D
:108F5000000100010001000100004000400020006D
:108F600000000000000000000000009801240144FF
:108F70000144014400FC000410001FFC00880104AF
:108F800001040088007000000000007000880104E7
:108F90000104010400880000000000700088010442
:108FA000010411081FFC0004000000F80144014402
:108FB0000144014400C800000000010401040FFC4A
:108FC0001104110411001800000000D60129012924
:108FD000012901C90106000010041FFC00840100E2
:108FE0000100010400FC000400000104190419FC44
:108FF0000004000400000000000000030001010163
:10900000190119FE0000000010041FFC002400409C
:1090100001B4010C010400000000100410041FFC46
:109020000004000400000000010401FC0104010030
:1090300001FC0104010000FC010401FC00840100AA
:109040000100010400FC0004000000F80104010418
:109050000104010400F80000010101FF0085010482
:109060000104008800700000000000700088010406
:109070000104010501FF00010104010401FC008459
:109080000104010001800000000000CC0124012443
:10909000012401240198000000000100010007F8EC
:1090A0000104010400000000010001F800040004B4
:1090B0000004010801FC0004010001800170000CA3
:1090C000001001600180010001F0010C003001C0BE
:1090D0000030010C01F0010000000104018C00745B
:1090E0000170018C01040000010101810171000E79
:1090F000001801600180010000000184010C0134AE
:1091000001440184010C0000000000000000000088
:1091100001003EFC40024002000000000000000090
:10912000FFFF0000000000000000400240023EFC83
:1091300001000000000000000000600080008000CE
:10914000400040002000200000000000000000005F
:10915000000000000000000000000000000000000F
:1091600000000000000000000000000000000000FF
:1091700000000000000000000000000F80380FFE1B
:10918000380F8038000000000000000000000000E0
:109190000000000000000100000600000C00003884
:1091A00000003100000600000C0000380000300014
:1091B000000000000000000061800067F807F980EF
:1091C0000061800061800061800061800067F807B5
:1091D000F98000618000000000000000000001C074
:1091E000E003E0F00630080418081FFFFE040E0834
:1091F0000787F00381E000000000000001F0000696
:109200000C00040408060C7001F9C0000E00003BBD
:10921000E000EC18070808040C180003E000000048
:109220000001E00007F003F818041C080417080701
:10923000E1D003C0E00023B0003C0800200800009B
:1092400010000000000000010000310000320000AA
:109250001C000000000000000000000000000000F2
:1092600000000000000000000000000000000000FE
:1092700000000000000000007F0001FFC00780F038
:109280000C00181000042000020000000000002064
:1092900000021000040C00180780F001FFC0007FDE
:1092A00000000000000000000000000000000000BE
:1092B000000000004200006600006600003C000064
:1092C000180003FFC0001800003C000066000066A4
:1092D0000000420000000000080000080000080034
:1092E00000080000080001FFC0000800000800009E
:1092F0000800000800000800000000000001000055
:109300003100003200001C000000000000000000DE
:10931000000000000000000000000000000000004D
:10932000080000080000080000080000080000080D
:10933000000008000008000008000008000000000D
:109340000000000000000000380000380000380075
:10935000000000000000000000000000000000000D
:109360000000000000000000000600001C0000706B
:10937000000180000E0000380000C0000700001C43
:109380000000300000000000000000007F8001FFAE
:10939000E0038070060018040008040008060018A6
:1093A00003807001FFE0007F8000000000000000EB
:1093B000000001000801000801000803FFF807FF92
:1093C000F80000080000080000080000000000008D
:1093D00000000001C03802C05804009804011804BD
:1093E0000218040418061C1803F81801E0F800001D
:1093F0000000000000000001C0E003C0F00400080D
:1094000004080804080806180803F41801E7F00027
:1094100001E0000000000000000000000300000D5B
:109420000000110000610000810803010807FFF837
:109430000FFFF80001080001080000000000000014
:1094400000E007FCD0060808061008061008061001
:1094500008061838060FF00607C0000000000000DC
:10946000000000003F8001FFE00384300208180480
:109470001008041008041008071810030FF0000764
:10948000C000000000000000000003C00007000052
:109490000600000600F80607F806180006E00007B8
:1094A000000006000000000000000001E1E003F7FA
:1094B000F0063410041808041808040C08040C08FA
:1094C00006161803F3F001C1E000000000000000E0
:1094D000F80003FC30030638040208040208040202
:1094E000080404100308F001FFC0007F0000000022
:1094F000000000000000000000000000000000006C
:109500007038007038007038000000000000000063
:10951000000000000000000000000000000000004B
:1095200000000000301A00301C00000000000000A5
:109530000000000000000000000000000000000823
:109540000000140000220000410000808001004063
:1095500002002004001008000800000000000000C5
:109560002100002100002100002100002100002135
:109570000000210000210000210000210000000067
:109580000000000000000800080400100200200194
:10959000004000808000410000220000140000080C
:1095A0000000000000000003C00004C00004000030
:1095B000080038080F380808380810000C30000779
:1095C000E00003C000000000000000003F8000FF3A
:1095D000E0038070020F1006708804C088048308BE
:1095E000047F8802C09003012000FE4000000800B4
:1095F00000180001F8003E0801C20007020007E25F
:109600000000FE00001FC80001F80000380000083C
:1096100004000807FFF807FFF80408080408080416
:10962000080804080806180803F41801E7F0000108
:10963000E0000000000000003F8001FFE0038070B8
:1096400002001804000804000804000804001006C2
:1096500000200780C000000004000807FFF807FF93
:10966000F8040008040008040008040018020010B0
:1096700003807001FFE0007F800000000400080705
:10968000FFF807FFF804080804080804080804089D
:1096900008043E08040008060018010060000000ED
:1096A00004000807FFF807FFF8040808040800048E
:1096B0000800040800043E000600000600000180C7
:1096C00000000000000000003F8001FFE003807008
:1096D0000600180400080402080402080203F00748
:1096E00083F000020000020004000807FFF807FFF3
:1096F000F80408080008000008000008000008003E
:1097000004080807FFF807FFF8040008000000003D
:10971000000004000804000804000807FFF807FF21
:10972000F80400080400080400080000000000001D
:109730000000000000060000070000010400010412
:10974000000104000307FFFE07FFFC040000040003
:109750000004000004000807FFF807FFF8040C08E5
:10976000001800003E0004C7800503C80600F80486
:10977000003804001800000804000807FFF807FF7D
:10978000F8040008000008000008000008000008B5
:109790000000080000180000600000000400080736
:1097A000FFF807800807FC00007FC00003F80007EF
:1097B000C000780007800807FFF807FFF8040008DA
:1097C00004000807FFF807000803C00000E00000DD
:1097D0003800001E000007000001C00400F007FF71
:1097E000F8040000000000007F8001FFE0038070AB
:1097F00006001804000804000806001803003001E1
:10980000FFE0007F8000000004000807FFF807FF6A
:10981000F804040804040004040004040004040020
:10982000060C0003F80001F000000000000000003A
:109830007F8001FFE0038070060088040088040038
:10984000C806003C03003E01FFE6007F84000000E4
:1098500004000807FFF807FFF804080804080004DC
:109860000C00040F00040BC00610F003F03801E0F8
:109870000800000800000001E0F803F03006301096
:10988000041808041808040C08040C08020618023E
:1098900007F00781E00000000180000600000400DE
:1098A0000004000004000807FFF807FFF8040008A0
:1098B000040000040000060000018000040000070E
:1098C000FFE007FFF0040018000008000008000097
:1098D0000800000800000804001007FFE004000072
:1098E00004000006000007E00007FE00041FE0007F
:1098F00001F80000380001E0043E0007C000060047
:109900000004000004000007E00007FFC0041FF887
:109910000007C007F80007FF80043FF80007C004F5
:10992000F800070000040000000000040008060022
:109930001807C07805F1C8003E00001F800463E8E6
:109940000780F80600180400080000000400000664
:10995000000007800007E008047C08001FF80007EB
:10996000F800180804E008070000060000040000E2
:109970000000000100080600380400F80403E804B1
:109980000F08047C0805F00807C008070018040049
:109990006000000000000000000000000000000067
:1099A0000000003FFFFE20000220000220000220F5
:1099B000000220000200000000000000000008007B
:1099C0000007000000C0000038000006000001C0D1
:1099D00000003000000E0000010000000000000048
:1099E00000002000022000022000022000022000CF
:1099F000023FFFFE00000000000000000000000029
:109A0000000000000000000000080000100000300E
:109A100000002000003000001000000800000000DE
:109A20000000000000000100000100000100000132
:109A30000000010000010000010000010000010021
:109A40000001000001000001000000000000000013
:109A500000200000200000100000100000000000A6
:109A600000000000000000000000000000000000F6
:109A700000F00019F8001B18002208002608002436
:109A800008002410003FF8001FF80000080000182C
:109A900000000004000007FFF80FFFF00018180096
:109AA0001008002008002008003018001FF0000FE8
:109AB000C00000000000000007C0001FF0001830C8
:109AC000002008002008002008003C08001C1000AE
:109AD00000600000000000000000000007C0001F40
:109AE000F00038180020080020080020080410109A
:109AF00007FFF80FFFF0000010000000000000005A
:109B000000000007C0001FF00012300022180022E1
:109B100008002208003208001E10000E200000007D
:109B200000000000200000200800200801FFF803CA
:109B3000FFF806200804200804200807200003007E
:109B40000000000000000000000E000E6E001FF379
:109B50000031B10020B10020B1003191001F13008D
:109B60002E1E00200E00300000000004000807FF39
:109B7000F80FFFF800100800200000200000200867
:109B8000003FF8001FF8000008000000000000007F
:109B90000000002008002008002008063FF8063FCB
:109BA000F8000008000008000008000000000000A5
:109BB000000000000000000003000003002001007E
:109BC0002001002003063FFE063FFC0000000000CD
:109BD0000000000000000004000807FFF80FFFF875
:109BE000000188000300002FC00038F80020380072
:109BF0002008000008000000000000000000040031
:109C00000804000804000807FFF80FFFF800000828
:109C1000000008000008000000000000002008000C
:109C20003FF8003FF8001008002000003FF8003F18
:109C3000F8001008002000003FF8003FF80000087E
:109C4000000000002008003FF8003FF80010080066
:109C50001000002000002008003FF8001FF800005E
:109C6000080000000000000007C0000FF0001830DE
:109C700000300800200800200800300800183000DC
:109C80000FF00007C0000000000000002001003FAE
:109C9000FF003FFF001011002009002008002008ED
:109CA000003038001FF0000FC0000000000000006E
:109CB00007C0001FF000381800200800200800200E
:109CC00009001011001FFF003FFF0000010000000D
:109CD000002008002008002008003FF8003FF8009E
:109CE00008080010080020080020000030000030A4
:109CF00000000000000000000000000C78001E18AA
:109D00000033080023080021080021880021980062
:109D100030F000386000000000000000200000204B
:109D20000000200000FFF003FFF8002008002008DA
:109D300000200800003000000000000000000000CB
:109D40002000003FF0007FF800001800000800002D
:109D500008002010003FF8007FF000001000000015
:109D6000000000002000003000003C00003F8000A8
:109D700023F0000078000070002380003C000030D9
:109D800000002000002000003C00003FE00023F81D
:109D90000000E0002700003E00003FE00021F80046
:109DA00001E0003E0000200000000000200800202C
:109DB00008003838003E680027800003C8002CF8EF
:109DC00000383800201800200800000000000000C3
:109DD0002000003003003C01003F830023EC000022
:109DE00070002380003C00002000002000000000E4
:109DF0000000000000000038080020380020F800B3
:109E000023E8002F88003E080038080020180000D2
:109E100070000000000000000000000000000000D2
:109E20000000000008000014001FF7FC30000620AE
:109E30000002000000000000000000000000000020
:109E400000000000000000000000FFFFFF00000015
:109E50000000000000000000000000000000000002
:109E600000002000023000061FF7FC00140000086C
:109E700000000000000000000000000000000000E2
:109E800000000018000060000040000040000020BA
:109E900000001000000800000400000400000C0096
:109EA00000100000000000000000000000000000A2
:109EB00000000000000000000000000000000000A2
:109EC0000000000000000000000000000000000092
:109ED0000000000000000000000000000000000082
:109EE0000000000000000000000000000000000072
:109EF0000000000000000000000000000000000062
:109F00000000000000000000000000000000000051
:109F10000000000000000000000000000000000041
:109F20000000000000000000000000000000000031
:109F300000000000000000000000000007F000C06A
:109F400007FFE1E007F001E0000000C000000000B2
:109F50000000000000000000000000000000000001
:109F600000000000000000000000000000000000F1
:109F700000000000000000000000000000000000E1
:109F800000000000000000000000000000000000D1
:109F900000000000000000000000000000000000C1
:109FA0000000000000000000000000000020000091
:109FB00001C00000078000001F0000001E0000001C
:109FC0001C20000001C00000078000001F000000EE
:109FD0001E0000001C000000000000000000000047
:109FE0000000000000000000000000000000000071
:109FF0000000000000000000000000000000000061
:10A000000000000000000000000000000000000050
:10A010000000000000000000000000000000000040
:10A02000000000000000000000180C0000180C00E8
:10A0300000180FE0001FFC0003F80C0000180C00D3
:10A0400000180C0000180C0000180C0000180FE09D
:10A05000001FFC0003F80C0000180C0000180C0096
:10A0600000000000000000000000000000000000F0
:10A0700000000000000000000000000000000000E0
:10A0800000000000000000000000000000000000D0
:10A0900000000000000000000000000000000000C0
:10A0A0000000000000000000000000000000078029
:10A0B000007807C000FC0640010E002003070020C6
:10A0C000020380200FFFFFFC0201C0200200E060BD
:10A0D0000130704001F03F8000F01F0000000000E0
:10A0E0000000000000000000000000000000000070
:10A0F0000000000000000000000000000000000060
:10A10000000000000000000000000000000000004F
:10A11000000000000000000000000000000000003F
:10A120000000000000FE000001FF000003018000AD
:10A1300002008060030181C001FF070000FE1800DB
:10A140000000E0000003BF00000CFFC00071806051
:10A1500001C10020030180600000FFC000003F003B
:10A1600000000000000000000000000000000000EF
:10A1700000000000000000000000000000000000DF
:10A1800000000000000000000000000000000000CF
:10A1900000000000000000000000000000000000BF
:10A1A0000000000000001F0000007FC000FCC0C0D5
:10A1B00001FF80600303E0200202782002061E20D7
:10A1C00003FC074001F00380000103C000011C6094
:10A1D0000001E0200001002000010040000001809B
:10A1E000000000000000000000000000000000006F
:10A1F000000000000000000000000000000000005F
:10A20000000000000000000000000000000000004E
:10A21000000000000000000000000000000000003E
:10A220000000000000000000002000001C60000092
:10A230001C4000001F8000000F0000000000000014
:10A24000000000000000000000000000000000000E
:10A2500000000000000000000000000000000000FE
:10A2600000000000000000000000000000000000EE
:10A2700000000000000000000000000000000000DE
:10A2800000000000000000000000000000000000CE
:10A2900000000000000000000000000000000000BE
:10A2A00000000000000000000000000000000000AE
:10A2B000000000000000000000000000000000009E
:10A2C0000007F800003FFF00007807C001C000E071
:10A2D0000300003004000008080000041000000221
:10A2E000000000000000000000000000000000006E
:10A2F000000000000000000000000000000000005E
:10A30000000000000000000000000000000000004D
:10A31000000000000000000000000000000000003D
:10A32000000000000000000010000002080000040F
:10A33000040000080300003001C000E0007807C0FE
:10A34000003FFF000007F8000000000000000000D0
:10A3500000000000000000000000000000000000FD
:10A3600000000000000000000000000000000000ED
:10A3700000000000000000000000000000000000DD
:10A3800000000000000000000000000000000000CD
:10A3900000000000000000000000000000000000BD
:10A3A000000000000000000000000000000C180089
:10A3B000000E3800000E3800000630000003600078
:10A3C0000061438000FFFF800061430000036000E4
:10A3D00000063000000E3800000E3800000C180097
:10A3E000000000000000000000000000000000006D
:10A3F000000000000000000000000000000000005D
:10A40000000000000000000000000000000000004C
:10A41000000000000000000000000000000000003C
:10A4200000000000000000000000000000008000AC
:10A43000000080000000800000008000000080001C
:10A4400000008000007FFF0000008000000080000E
:10A4500000008000000080000000800000008000FC
:10A4600000000000000000000000000000000000EC
:10A4700000000000000000000000000000000000DC
:10A4800000000000000000000000000000000000CC
:10A4900000000000000000000000000000000000BC
:10A4A000000000000000000000000001000000E3C8
:10A4B000000000E2000000FC000000780000000046
:10A4C000000000000000000000000000000000008C
:10A4D000000000000000000000000000000000007C
:10A4E000000000000000000000000000000000006C
:10A4F000000000000000000000000000000000005C
:10A50000000000000000000000000000000000004B
:10A51000000000000000000000000000000000003B
:10A52000000000000000000000008000000080002B
:10A53000000080000000800000008000000080001B
:10A54000000080000000800000008000000080000B
:10A5500000008000000080000000800000008000FB
:10A5600000000000000000000000000000000000EB
:10A5700000000000000000000000000000000000DB
:10A5800000000000000000000000000000000000CB
:10A5900000000000000000000000000000000000BB
:10A5A000000000000000000000000000000000C0EB
:10A5B000000001E0000001E0000000C00000000019
:10A5C000000000000000000000000000000000008B
:10A5D000000000000000000000000000000000007B
:10A5E000000000000000000000000000000000006B
:10A5F000000000000000000000000000000000005B
:10A60000000000000000000000000000000000004A
:10A61000000000000000000000000000000000003A
:10A6200000000000000000000000000C00000038E6
:10A63000000000E00000038000000E000000380071
:10A640000000E00000038000000E00000038000061
:10A6500000E00000038000000E0000001800000071
:10A6600000000000000000000000000000000000EA
:10A6700000000000000000000000000000000000DA
:10A6800000000000000000000000000000000000CA
:10A6900000000000000000000000000000000000BA
:10A6A000000000000000000000000000000FF800A3
:10A6B000007FFF0000F00780018000C00300006001
:10A6C00002000020020000200200002003000060C1
:10A6D000018000C000E00380007FFF00000FF80051
:10A6E000000000000000000000000000000000006A
:10A6F000000000000000000000000000000000005A
:10A700000000000000000000000000000000000049
:10A710000000000000000000000000000000000039
:10A720000000000000000000000000000000000029
:10A730000080002000800020008000200080006059
:10A7400001FFFFE003FFFFE00000006000000020C9
:10A7500000000020000000200000000000000000B9
:10A7600000000000000000000000000000000000E9
:10A7700000000000000000000000000000000000D9
:10A7800000000000000000000000000000000000C9
:10A7900000000000000000000000000000000000B9
:10A7A000000000000000000000000000007800E051
:10A7B000009801600100026002000460020008606D
:10A7C0000200106002002060020040600300806010
:10A7D0000183006001FE00E0007C078000000000B3
:10A7E0000000000000000000000000000000000069
:10A7F0000000000000000000000000000000000059
:10A800000000000000000000000000000000000048
:10A810000000000000000000000000000000000038
:10A8200000000000000000000000000000F00780B1
:10A8300001F007C0010000400200002002010020DA
:10A8400002010020020100200303802001868040D5
:10A8500001FCC0C000787F8000001E0000000000E6
:10A8600000000000000000000000000000000000E8
:10A8700000000000000000000000000000000000D8
:10A8800000000000000000000000000000000000C8
:10A8900000000000000000000000000000000000B8
:10A8A0000000000000000000000008000000380068
:10A8B000000048000001880000060800000C081095
:10A8C000003008100040081001FFFFF003FFFFF008
:10A8D00003FFFFF00000081000000810000008103F
:10A8E0000000000000000000000000000000000068
:10A8F0000000000000000000000000000000000058
:10A900000000000000000000000000000000000047
:10A910000000000000000000000000000000000037
:10A9200000000000000000000000000000000780A0
:10A93000001F864003E100200302002003040020E2
:10A940000304002003040020030400200306004049
:10A95000030301C00301FF8003007E00000000002C
:10A9600000000000000000000000000000000000E7
:10A9700000000000000000000000000000000000D7
:10A9800000000000000000000000000000000000C7
:10A9900000000000000000000000000000000000B7
:10A9A0000000000000000000000000000007FC00A4
:10A9B000003FFF000070C380008180C00101006083
:10A9C00003020020020200200202002002020020F6
:10A9D0000203004001C180C000C0FF8000007E0073
:10A9E0000000000000000000000000000000000067
:10A9F0000000000000000000000000000000000057
:10AA00000000000000000000000000000000000046
:10AA10000000000000000000000000000000000036
:10AA200000000000000000000000000000F0000036
:10AA300003C000000380000003000000030007E0E3
:10AA400003003FE00301C0000306000003180000FC
:10AA5000036000000380000003000000000000000D
:10AA600000000000000000000000000000000000E6
:10AA700000000000000000000000000000000000D6
:10AA800000000000000000000000000000000000C6
:10AA900000000000000000000000000000000000B6
:10AAA000000000000000000000001F0000783F8050
:10AAB00000FC60C0018EC04003078020020300201C
:10AAC00002018020020180200201C0200301E04039
:10AAD000018670C000FC3F8000781F00000000006D
:10AAE0000000000000000000000000000000000066
:10AAF0000000000000000000000000000000000056
:10AB00000000000000000000000000000000000045
:10AB10000000000000000000000000000000000035
:10AB20000000000000000000003F000000FF81C0A6
:10AB300001C0C1C0010060200200202002002020CE
:10AB40000200202002002060020040C00100C180FD
:10AB500000C18F00007FFE00001FF0000000000019
:10AB600000000000000000000000000000000000E5
:10AB700000000000000000000000000000000000D5
:10AB800000000000000000000000000000000000C5
:10AB900000000000000000000000000000000000B5
:10ABA00000000000000000000000000000000000A5
:10ABB000000000000000000000000000000300C0D2
:10ABC000000781E0000781E0000300C000000000F2
:10ABD0000000000000000000000000000000000075
:10ABE0000000000000000000000000000000000065
:10ABF0000000000000000000000000000000000055
:10AC00000000000000000000000000000000000044
:10AC10000000000000000000000000000000000034
:10AC20000000000000000000000000000000000024
:10AC300000000000000000000000000000060066A8
:10AC40000006007800000000000000000000000086
:10AC500000000000000000000000000000000000F4
:10AC600000000000000000000000000000000000E4
:10AC700000000000000000000000000000000000D4
:10AC800000000000000000000000000000000000C4
:10AC900000000000000000000000000000000000B4
:10ACA0000000000000000000000000000000800024
:10ACB0000001C0000003600000063000000C180016
:10ACC00000180C00003006000060030000C0018086
:10ACD00001000040020000200400001000000000FD
:10ACE0000000000000000000000000000000000064
:10ACF0000000000000000000000000000000000054
:10AD00000000000000000000000000000000000043
:10AD10000000000000000000000000000000000033
:10AD200000000000000000000004100000041000FB
:10AD300000041000000410000004100000041000C3
:10AD400000041000000410000004100000041000B3
:10AD500000041000000410000004100000041000A3
:10AD600000000000000000000000000000000000E3
:10AD700000000000000000000000000000000000D3
:10AD800000000000000000000000000000000000C3
:10AD900000000000000000000000000000000000B3
:10ADA000000000000000000000000000040000108F
:10ADB000020000200100004000C00180006003008C
:10ADC0000030060000180C00000C180000063000CF
:10ADD000000360000001C0000000800000000000CF
:10ADE0000000000000000000000000000000000063
:10ADF0000000000000000000000000000000000053
:10AE00000000000000000000000000000000000042
:10AE10000000000000000000000000000000000032
:10AE200000000000000000000000000000780000AA
:10AE300001F800000238000002000000040000C019
:10AE4000040079E0040081E0040100C00403000074
:10AE5000020200000306000001FC000000F80000F0
:10AE600000000000000000000000000000000000E2
:10AE700000000000000000000000000000000000D2
:10AE800000000000000000000000000000000000C2
:10AE900000000000000000000000000000000000B2
:10AEA0000000000000000000000FF800003FFE005E
:10AEB0000070078000C000C00101F8400307FC20BB
:10AEC000021E04200230082002203020023FFC2015
:10AED000013F044001800CC000E03180001FC2002F
:10AEE0000000000000000000000000000000000062
:10AEF0000000000000000000000000000000000052
:10AF00000000000000000000000000000000000041
:10AF10000000000000000000000000000000000031
:10AF2000000000000000002000000060000003E0BE
:10AF300000003E200003E020003E200003E020004F
:10AF40000380200007FC2000003FE0000003FE20FB
:10AF500000003FE0000001E00000002000000020B1
:10AF600000000000000000000000000000000000E1
:10AF700000000000000000000000000000000000D1
:10AF800000000000000000000000000000000000C1
:10AF900000000000000000000000000000000000B1
:10AFA000000000000000000002000020020000205D
:10AFB00003FFFFE003FFFFE0020100200201002089
:10AFC00002010020020100200201002003030020F2
:10AFD0000186806001FCC0C000F87F8000001F0077
:10AFE0000000000000000000000000000000000061
:10AFF0000000000000000000000000000000000051
:10B000000000000000000000000000000000000040
:10B010000000000000000000000000000000000030
:10B0200000000000000000000007F800003FFF00E3
:10B030000070078000C000C0010000400300002035
:10B040000200002002000020020000200200002078
:10B0500001000040018000C003C0018000300600F4
:10B0600000000000000000000000000000000000E0
:10B0700000000000000000000000000000000000D0
:10B0800000000000000000000000000000000000C0
:10B0900000000000000000000000000000000000B0
:10B0A000000000000000000002000020020000205C
:10B0B00003FFFFE003FFFFE002000020020000208A
:10B0C0000200002002000020030000600100004098
:10B0D000018000C000F00780007FFE00000FF80034
:10B0E0000000000000000000000000000000000060
:10B0F0000000000000000000000000000000000050
:10B10000000000000000000000000000000000003F
:10B11000000000000000000000000000000000002F
:10B1200000000000000000000200002002000020DB
:10B1300003FFFFE003FFFFE0020100200201002007
:10B1400002010020020100200201002002038020F1
:10B15000020FE0200300006003C000E00060030075
:10B1600000000000000000000000000000000000DF
:10B1700000000000000000000000000000000000CF
:10B1800000000000000000000000000000000000BF
:10B1900000000000000000000000000000000000AF
:10B1A000000000000000000002000020020000205B
:10B1B00003FFFFE003FFFFE0020100200201002087
:10B1C0000201000002010000020100000201000073
:10B1D00002038000030FE0000300000003C0000032
:10B1E00000600000000000000000000000000000FF
:10B1F000000000000000000000000000000000004F
:10B20000000000000000000000000000000000003E
:10B21000000000000000000000000000000000002E
:10B2200000000000000000000007F800003FFE00E2
:10B230000070078001C001C0010000400300002031
:10B240000200002002000020020000200100202057
:10B250000100204003C03F8000303F8000002000FC
:10B2600000002000000000000000000000000000BE
:10B2700000000000000000000000000000000000CE
:10B2800000000000000000000000000000000000BE
:10B2900000000000000000000000000000000000AE
:10B2A00000000000020000200200002003FFFFE079
:10B2B00003FFFFE0020080200200802000008000E9
:10B2C000000080000000800002008020020080203A
:10B2D00003FFFFE003FFFFE0020000200200002068
:10B2E000000000000000000000000000000000005E
:10B2F000000000000000000000000000000000004E
:10B30000000000000000000000000000000000003D
:10B31000000000000000000000000000000000002D
:10B32000000000000000000000000000000000001D
:10B330000200002002000020020000200200002085
:10B3400003FFFFE003FFFFE00200002002000020F7
:10B3500002000020020000200000000000000000A9
:10B3600000000000000000000000000000000000DD
:10B3700000000000000000000000000000000000CD
:10B3800000000000000000000000000000000000BD
:10B3900000000000000000000000000000000000AD
:10B3A00000000000000000000000000E0000000F80
:10B3B0000000000F00000001020000010200000177
:10B3C000020000030200000603FFFFFC03FFFFF87A
:10B3D0000200000002000000020000000200000065
:10B3E000000000000000000000000000000000005D
:10B3F000000000000000000000000000000000004D
:10B40000000000000000000000000000000000003C
:10B41000000000000000000000000000000000002C
:10B4200000000000000000000200002002000020D8
:10B4300003FFFFE003FFFFE00200C0200201002045
:10B4400000078000000FE0000030F80002603E209E
:10B4500003800F20030003E0020000E00200002050
:10B4600000000020000000000000000000000000BC
:10B4700000000000000000000000000000000000CC
:10B4800000000000000000000000000000000000BC
:10B4900000000000000000000000000000000000AC
:10B4A0000000000000000000020000200200002058
:10B4B00003FFFFE003FFFFE0020000200200002086
:10B4C00000000020000000200000002000000020FC
:10B4D0000000002000000060000000E00000030009
:10B4E000000000000000000000000000000000005C
:10B4F000000000000000000000000000000000004C
:10B50000000000000000000000000000000000003B
:10B51000000000000000000000000000000000002B
:10B5200000000000020000200200002003FFFFE0F6
:10B5300003E0002003FF0020001FF0000001FF8057
:10B5400000000FE000001E000003E000003E0020AD
:10B5500003E0002003FFFFE003FFFFE00200002004
:10B5600002000020000000000000000000000000B9
:10B5700000000000000000000000000000000000CB
:10B5800000000000000000000000000000000000BB
:10B5900000000000000000000000000000000000AB
:10B5A00000000000020000200200002003FFFFE076
:10B5B0000380002003F0002000FC0000001F0000BA
:10B5C0000007C0000001F00000007C0002001F80A6
:10B5D000020007E003FFFFE002000000020000009D
:10B5E000000000000000000000000000000000005B
:10B5F000000000000000000000000000000000004B
:10B60000000000000000000000000000000000003A
:10B61000000000000000000000000000000000002A
:10B620000000000000000000000FF800003FFE00D6
:10B6300000F00780018000C00100004002000020EF
:10B640000200002002000020020000200100004053
:10B65000018000C000F00380003FFE00000FF800F2
:10B6600000000000000000000000000000000000DA
:10B6700000000000000000000000000000000000CA
:10B6800000000000000000000000000000000000BA
:10B6900000000000000000000000000000000000AA
:10B6A0000000000000000000020000200200002056
:10B6B00003FFFFE003FFFFE0020080200200802084
:10B6C0000200800002008000020080000200800072
:10B6D000030180000183000000FE0000007C0000E8
:10B6E000000000000000000000000000000000005A
:10B6F000000000000000000000000000000000004A
:10B700000000000000000000000000000000000039
:10B710000000000000000000000000000000000029
:10B720000000000000000000000FF800007FFF0094
:10B7300000F00380018001C00100064002000420E7
:10B740000200042002000620020003E0010000F8CD
:10B750000180005C00E0038C003FFF0C000FFC1830
:10B7600000000000000000000000000000000000D9
:10B7700000000000000000000000000000000000C9
:10B7800000000000000000000000000000000000B9
:10B7900000000000000000000000000000000000A9
:10B7A0000000000000000000020000200200002055
:10B7B00003FFFFE003FFFFE0020100200201002081
:10B7C000020180000201E0000201FC0003033F804F
:10B7D000018607E001FC00E000F8002000000020E6
:10B7E0000000000000000000000000000000000059
:10B7F0000000000000000000000000000000000049
:10B800000000000000000000000000000000000038
:10B810000000000000000000000000000000000028
:10B82000000000000000000000000000007806009A
:10B8300000FE01E0018600C0030300400203002077
:10B8400002018020020180200201C0200200C020ED
:10B850000100E060018070C003E03F8000001F0035
:10B8600000000000000000000000000000000000D8
:10B8700000000000000000000000000000000000C8
:10B8800000000000000000000000000000000000B8
:10B8900000000000000000000000000000000000A8
:10B8A00000000000000000000060000003800000B5
:10B8B000030000000200000002000020020000203F
:10B8C00003FFFFE003FFFFE0020000200200002072
:10B8D00002000000020000000380000000E0000001
:10B8E0000000000000000000000000000000000058
:10B8F0000000000000000000000000000000000048
:10B900000000000000000000000000000000000037
:10B910000000000000000000000000000000000027
:10B9200000000000020000000200000003FFFF0012
:10B9300003FFFFC002000040020000600000002082
:10B940000000002000000020000000200200004055
:10B950000200008003FFFF00020000000200000060
:10B9600000000000000000000000000000000000D7
:10B9700000000000000000000000000000000000C7
:10B9800000000000000000000000000000000000B7
:10B9900000000000000000000000000000000000A7
:10B9A0000000000000000000020000000200000093
:10B9B00003C0000003FC0000023FC0000003F800C9
:10B9C00000007F80000007E0000007800000780092
:10B9D0000203C000023C000003C00000020000009F
:10B9E0000200000000000000000000000000000055
:10B9F0000000000000000000000000000000000047
:10BA00000000000000000000000000000000000036
:10BA10000000000000000000000000000000000026
:10BA2000000000000200000003C0000003FF8000CF
:10BA3000023FFE0002007FE000000F000200F00065
:10BA400003EF000003FF8000020FFE0000003FE054
:10BA500000001F000207E00003F8000003000000E0
:10BA600002000000000000000000000000000000D4
:10BA700000000000000000000000000000000000C6
:10BA800000000000000000000000000000000000B6
:10BA900000000000000000000000000000000000A6
:10BAA0000000000000000000020000200200002052
:10BAB000038000E003F0032002FC0C20021F300092
:10BAC0000007C0000007F00002187C0002601F2081
:10BAD000038003E0020000E00200002000000020DC
:10BAE0000000000000000000000000000000000056
:10BAF0000000000000000000000000000000000046
:10BB00000000000000000000000000000000000035
:10BB10000000000000000000000000000000000025
:10BB20000000000000000000020000000300000010
:10BB300003C0000003F80000023E0020020FC020F6
:10BB40000001FFE000007FE000038020021C0020D5
:10BB500002700000038000000200000002000000EC
:10BB600000000000000000000000000000000000D5
:10BB700000000000000000000000000000000000C5
:10BB800000000000000000000000000000000000B5
:10BB900000000000000000000000000000000000A5
:10BBA000000000000000000000000020006000E035
:10BBB000038003E003000FA002003E200200F820F3
:10BBC0000203E020020F8020023E002002780020C5
:10BBD00003E00060038000E00200030000000000BA
:10BBE0000000000000000000000000000000000055
:10BBF0000000000000000000000000000000000045
:10BC00000000000000000000000000000000000034
:10BC10000000000000000000000000000000000024
:10BC20000000000000000000000000000000000014
:10BC30000000000000000000000000001FFFFFFCEB
:10BC400010000004100000041000000410000004A4
:10BC500010000004100000041000000400000000A8
:10BC600000000000000000000000000000000000D4
:10BC700000000000000000000000000000000000C4
:10BC800000000000000000000000000000000000B4
:10BC900000000000000000000000000000000000A4
:10BCA0000000000000000000000000000000000094
:10BCB0000700000003C0000000780000001E000024
:10BCC0000003C0000000F00000001E00000007801C
:10BCD000000000F00000003C000000060000000032
:10BCE0000000000000000000000000000000000054
:10BCF0000000000000000000000000000000000044
:10BD00000000000000000000000000000000000033
:10BD10000000000000000000000000000000000023
:10BD200000000000000000000000000010000004FF
:10BD300010000004100000041000000410000004B3
:10BD400010000004100000041FFFFFFC00000000B2
:10BD500000000000000000000000000000000000E3
:10BD600000000000000000000000000000000000D3
:10BD700000000000000000000000000000000000C3
:10BD800000000000000000000000000000000000B3
:10BD900000000000000000000000000000000000A3
:10BDA0000000000000000000000000000000000093
:10BDB0000000000002000000040000000800000075
:10BDC000180000001000000018000000180000001B
:10BDD000040000000200000000000000000000005D
:10BDE0000000000000000000000000000000000053
:10BDF0000000000000000000000000000000000043
:10BE00000000000000000000000000000000000032
:10BE10000000000000000000000000000000000022
:10BE2000000000000000000100000001000000010F
:10BE300000000001000000010000000100000001FE
:10BE400000000001000000010000000100000001EE
:10BE500000000001000000010000000100000001DE
:10BE600000000001000000000000000000000000D1
:10BE700000000000000000000000000000000000C2
:10BE800000000000000000000000000000000000B2
:10BE900000000000000000000000000000000000A2
:10BEA0000000000000000000000000000000000092
:10BEB000100000001000000010000000180000003A
:10BEC0000800000004000000000000000000000066
:10BED0000000000000000000000000000000000062
:10BEE0000000000000000000000000000000000052
:10BEF0000000000000000000000000000000000042
:10BF00000000000000000000000000000000000031
:10BF10000000000000000000000000000000000021
:10BF200000000000000000000000038000018FC03E
:10BF300000038C600006182000041020000410206C
:10BF40000004202000042040000620400003FFC021
:10BF50000001FFE00000002000000020000000C001
:10BF600000000000000000000000000000000000D1
:10BF700000000000000000000000000000000000C1
:10BF800000000000000000000000000000000000B1
:10BF900000000000000000000000000000000000A1
:10BFA000000000000000000002000000020000008D
:10BFB00003FFFFE007FFFFC0000180C00002006038
:10BFC00000020020000400200004002000040020E3
:10BFD00000060040000300C00001FF800000FE00DA
:10BFE0000000000000000000000000000000000051
:10BFF0000000000000000000000000000000000041
:10C000000000000000000000000000000000000030
:10C010000000000000000000000000000000000020
:10C0200000000000000000000000000000007E0092
:10C030000001FF80000381C00002004000060020D4
:10C04000000400200004002000040020000600205E
:10C050000003C0400001C080000003000000000099
:10C0600000000000000000000000000000000000D0
:10C0700000000000000000000000000000000000C0
:10C0800000000000000000000000000000000000B0
:10C0900000000000000000000000000000000000A0
:10C0A00000000000000000000000000000007E0012
:10C0B0000001FF80000380C0000600600004002033
:10C0C000000400200004002002040040020200805E
:10C0D00003FFFFE007FFFFC000000040000000403A
:10C0E0000000000000000000000000000000000050
:10C0F0000000000000000000000000000000000040
:10C10000000000000000000000000000000000002F
:10C11000000000000000000000000000000000001F
:10C1200000000000000000000000000000007E0091
:10C130000001FF80000311C00002104000041060E5
:10C14000000410200004102000041020000610201D
:10C15000000310400001F0C000007100000000006A
:10C1600000000000000000000000000000000000CF
:10C1700000000000000000000000000000000000BF
:10C1800000000000000000000000000000000000AF
:10C19000000000000000000000000000000000009F
:10C1A000000000000000000000000000000400008B
:10C1B000000400200004002000040020007FFFE0B5
:10C1C00001FFFFE00104002003040020020400201E
:10C1D00002040020020400000200000001C0000070
:10C1E00001C000000000000000000000000000008E
:10C1F000000000000000000000000000000000003F
:10C20000000000000000000000000000000000002E
:10C21000000000000000000000000000000000001E
:10C220000000000000000000000000000000001CF2
:10C230000000E33E0003FFC200020CC3000404C17F
:10C24000000404C1000404C1000404C100060CC1C0
:10C250000003F8C30005F0620006007E0006003C03
:10C2600000000000000000000000000000000000CE
:10C2700000000000000000000000000000000000BE
:10C2800000000000000000000000000000000000AE
:10C29000000000000000000000000000000000009E
:10C2A000000000000000000002000020020000204A
:10C2B00003FFFFE007FFFFE0000100200002002075
:10C2C000000600000004000000040000000400203C
:10C2D000000600200003FFE00001FFE00000002056
:10C2E000000000200000000000000000000000002E
:10C2F000000000000000000000000000000000003E
:10C30000000000000000000000000000000000002D
:10C31000000000000000000000000000000000001D
:10C32000000000000000000000000000000000000D
:10C33000000400200004002000040020000400206D
:10C340000387FFE0038FFFE0038000200000002050
:10C35000000000200000002000000000000000009D
:10C3600000000000000000000000000000000000CD
:10C3700000000000000000000000000000000000BD
:10C3800000000000000000000000000000000000AD
:10C39000000000000000000000000000000000009D
:10C3A000000000000000000000000000000000008D
:10C3B000000000060000000700000001000000016E
:10C3C0000004000100040001000400030004000652
:10C3D0000387FFFC038FFFF80380000000000000CC
:10C3E000000000000000000000000000000000004D
:10C3F000000000000000000000000000000000003D
:10C40000000000000000000000000000000000002C
:10C41000000000000000000000000000000000001C
:10C4200000000000000000000200002002000020C8
:10C4300003FFFFE007FFFFE00000082000001020DE
:10C44000000030000000FC0000058E00000707A07F
:10C45000000601E0000400E00004002000000020CD
:10C4600000000000000000000000000000000000CC
:10C4700000000000000000000000000000000000BC
:10C4800000000000000000000000000000000000AC
:10C49000000000000000000000000000000000009C
:10C4A000000000000000000000000000000000008C
:10C4B00002000020020000200200002002000020F4
:10C4C00003FFFFE007FFFFE0000000200000002066
:10C4D000000000200000002000000000000000001C
:10C4E000000000000000000000000000000000004C
:10C4F000000000000000000000000000000000003C
:10C50000000000000000000000000000000000002B
:10C51000000000000000000000000000000000001B
:10C520000000000000000000000400200007FFE001
:10C53000000FFFE0000200200004000000040020C3
:10C540000007FFE00003FFE00002002000040000FD
:10C55000000400200007FFE00003FFE000000020CF
:10C5600000000000000000000000000000000000CB
:10C5700000000000000000000000000000000000BB
:10C5800000000000000000000000000000000000AB
:10C59000000000000000000000000000000000009B
:10C5A0000000000000000000000400200004002043
:10C5B0000007FFE0000FFFE0000100200002002064
:10C5C000000200000004000000040000000400203D
:10C5D000000600200003FFE00001FFE00000002053
:10C5E000000000200000000000000000000000002B
:10C5F000000000000000000000000000000000003B
:10C60000000000000000000000000000000000002A
:10C61000000000000000000000000000000000001A
:10C6200000000000000000000000000000007E008C
:10C630000000FF80000381C00002004000060020CF
:10C640000004002000040020000400200006002058
:10C6500000020040000381C00001FF8000007E0056
:10C6600000000000000000000000000000000000CA
:10C6700000000000000000000000000000000000BA
:10C6800000000000000000000000000000000000AA
:10C69000000000000000000000000000000000009A
:10C6A0000000000000000000000400010004000180
:10C6B0000007FFFF000FFFFF000100C10002004163
:10C6C00000040020000400200004002000040020DA
:10C6D00000060040000301C00001FF8000007E0052
:10C6E000000000000000000000000000000000004A
:10C6F000000000000000000000000000000000003A
:10C700000000000000000000000000000000000029
:10C710000000000000000000000000000000000019
:10C7200000000000000000000000000000007E008B
:10C730000001FF80000380C00002006000040020B0
:10C74000000400200004002000040020000200413A
:10C75000000300C10003FFFF0007FFFF000000010E
:10C7600000000001000000000000000000000000C8
:10C7700000000000000000000000000000000000B9
:10C7800000000000000000000000000000000000A9
:10C790000000000000000000000000000000000099
:10C7A0000000000000000000000400200004002041
:10C7B0000004002000040020000FFFE0000FFFE055
:10C7C0000000C02000010020000200200006002020
:10C7D0000004000000040000000700000003000047
:10C7E0000000000000000000000000000000000049
:10C7F0000000000000000000000000000000000039
:10C800000000000000000000000000000000000028
:10C810000000000000000000000000000000000018
:10C82000000000000000000000000000000003E025
:10C830000001C0E00003E04000063020000430208A
:10C8400000041820000418200004182000040C2004
:10C8500000020C60000307C0000783800000000096
:10C8600000000000000000000000000000000000C8
:10C8700000000000000000000000000000000000B8
:10C8800000000000000000000000000000000000A8
:10C890000000000000000000000000000000000098
:10C8A0000000000000000000000000000004000084
:10C8B0000004000000040000000C0000001FFF80C6
:10C8C00000FFFFC0000400600004002000040020FE
:10C8D000000400200004004000000180000000006F
:10C8E0000000000000000000000000000000000048
:10C8F0000000000000000000000000000000000038
:10C900000000000000000000000000000000000027
:10C910000000000000000000000000000000000017
:10C9200000000000000000000004000000040000FF
:10C930000007FF80000FFFC0000000600000002023
:10C940000000002000000020000000200004004043
:10C95000000400800007FFE0000FFFC0000000405F
:10C960000000004000000000000000000000000087
:10C9700000000000000000000000000000000000B7
:10C9800000000000000000000000000000000000A7
:10C990000000000000000000000000000000000097
:10C9A000000000000000000000040000000400007F
:10C9B000000780000007F0000004FE0000041FC014
:10C9C000000003E00000038000001C000004600081
:10C9D00000078000000600000004000000000000C6
:10C9E0000000000000000000000000000000000047
:10C9F0000000000000000000000000000000000037
:10CA00000000000000000000000000000000000026
:10CA10000000000000000000000000000000000016
:10CA20000000000000040000000600000007C00035
:10CA30000007FC0000043F80000003E000040F80BA
:10CA40000006F0000007F0000007FF8000040FE080
:10CA50000000038000043C000007C0000006000046
:10CA600000040000000000000000000000000000C2
:10CA700000000000000000000000000000000000B6
:10CA800000000000000000000000000000000000A6
:10CA90000000000000000000000000000000000096
:10CAA0000000000000000000000000200004002042
:10CAB00000040060000700E0000783200007E60094
:10CAC0000004F80000003C0000045E20000587A080
:10CAD000000601E0000400600004002000000020C7
:10CAE0000000000000000000000000000000000046
:10CAF0000000000000000000000000000000000036
:10CB00000000000000000000000000000000000025
:10CB10000000000000000000000000000000000015
:10CB200000000000000000000004000000040003FA
:10CB3000000700030007E0010004F80100041F02E1
:10CB4000000007FC000000E00000070000043800BF
:10CB50000007C00000060000000400000004000000
:10CB600000000000000000000000000000000000C5
:10CB700000000000000000000000000000000000B5
:10CB800000000000000000000000000000000000A5
:10CB90000000000000000000000000000000000095
:10CBA000000000000000000000000000000780609E
:10CBB000000600E0000403E0000407A000040E20CB
:10CBC00000043C20000470200005E02000078020C5
:10CBD00000070060000400E0000003800000000087
:10CBE0000000000000000000000000000000000045
:10CBF0000000000000000000000000000000000035
:10CC00000000000000000000000000000000000024
:10CC10000000000000000000000000000000000014
:10CC20000000000000000000000000000000000004
:10CC300000000000000000000000000000000000F4
:10CC400000008000000080000001400007FE3FF867
:10CC500008000004100000021000000200000000A4
:10CC600000000000000000000000000000000000C4
:10CC700000000000000000000000000000000000B4
:10CC800000000000000000000000000000000000A4
:10CC90000000000000000000000000000000000094
:10CCA0000000000000000000000000000000000084
:10CCB0000000000000000000000000000000000074
:10CCC00000000000FFFFFFFF000000000000000068
:10CCD0000000000000000000000000000000000054
:10CCE0000000000000000000000000000000000044
:10CCF0000000000000000000000000000000000034
:10CD00000000000000000000000000000000000023
:10CD10000000000000000000000000000000000013
:10CD200000000000000000000000000010000002F1
:10CD3000100000020800000407FE3FF80001400058
:10CD400000008000000080000000000000000000E3
:10CD500000000000000000000000000000000000D3
:10CD600000000000000000000000000000000000C3
:10CD700000000000000000000000000000000000B3
:10CD800000000000000000000000000000000000A3
:10CD90000000000000000000000000000000000093
:10CDA000000000000000000018000000300000003B
:10CDB0004000000040000000400000002000000093
:10CDC0003000000008000000040000000200000025
:10CDD00002000000020000000C000000180000002B
:10CDE0000000000000000000000000000000000043
:10CDF0000000000000000000000000000000000033
:10CE00000000000000000000000000000000000022
:10CE10000000000000000000000000000000000012
:10CE200000000000001D0000800F0000E003000073
:10CE3000C0070000E00300004000000040000000C8
:10CE400040000000400000004000000000400700DB
:10CE500000E0030000F8000000F0010000F800000E
:10CE60003031323334353637383941424344454620
:10CE7000403058003031323334353637383961621A
:08CE8000636465664030780030
:040000050800029954
:00000001FF
