:020000040800F2
:1000000020E3032489030008452D0008412D000842
:10001000B51E0090310600083532000800000000CF
:100020000000000000000000000000001D00009023
:100030003506000800000000790000902931000812
:10004000A3030008A3030008A3030008A3030008F8
:10005000A3030008A3030008A3030008A3030008E8
:10006000A3030008A3030008A3030008A3030008D8
:10007000A3030008A3030008A3030008A3030008C8
:10008000A3030008A3030008A3030008A3030008B8
:10009000A3030008A3030008A3030008A3030008A8
:1000A000A3030008A3030008A3030008A303000898
:1000B000A3030008A3030008A3030008A303000888
:1000C000A3030008A3030008A3030008A303000878
:1000D000A3030008E5310008A3030008A3030008F8
:1000E000A3030008A303000800000000A303000806
:1000F000A3030008A3030008A3030008A303000848
:10010000A3030008A3030008A3030008A303000837
:10011000A3030008A3030008551F0090A3030008D1
:10012000A3030008A3030008A3030008A303000817
:10013000A3030008A3030008A3030008A303000807
:1001400000000000000000000000000000000000AF
:10015000A3030008A3030008A3030008A3030008E7
:10016000A3030008A3030008A3030008A3030008D7
:10017000A3030008A3030008A3030008A3030008C7
:10018000A3030008A3030008A3030008A3030008B7
:10019000A3030008A3030008A3030008A3030008A7
:1001A000A3030008A3030008A3030008A303000897
:1001B000A3030008A3030008A3030008A303000887
:1001C000A3030008A3030008A3030008A303000877
:1001D000A3030008A3030008A3030008A303000867
:1001E000A3030008A3030008A3030008A303000857
:1001F000A3030008A3030008A3030008A303000847
:10020000A3030008A3030008A3030008A303000836
:10021000A3030008A3030008A3030008A303000826
:10022000A3030008A3030008A303000800000000C4
:10023000A3030008A303000800000000A3030008B4
:10024000A3030008A3030008A3030008A3030008F6
:10025000A3030008A3030008A3030008A3030008E6
:10026000A3030008A3030008A3030008A3030008D6
:10027000A3030008A3030008A30300080000000074
:10028000A3030008A3030008A30300080000000064
:1002900000000000A303000800F002F800F064F87A
:1002A0000AA090E8000C82448344AAF10107DA45D1
:1002B00001D100F059F8AFF2090EBAE80F0013F0BF
:1002C000010F18BFFB1A43F001031847DC4300007D
:1002D000FC4300000A444FF0000C10F8013B13F0FF
:1002E000070408BF10F8014B1D1108BF10F8015B8F
:1002F000641E05D010F8016B641E01F8016BF9D182
:1003000013F0080F1EBF10F8014BAD1C0C1B09D1D8
:100310006D1E58BF01F801CBFAD505E014F8016B4A
:1003200001F8016B6D1EF9D59142D6D370470000DC
:100330000023002400250026103A28BF78C1FBD8EE
:10034000520728BF30C148BF0B6070471FB504F08B
:100350009DF900F0B5F804000020002104F080F9B8
:10036000E0601FBD10B510BD00F0B2F81146FFF7F8
:10037000EDFF02F0D9FF00F0D0F803B4FFF7F2FF71
:1003800003BC02F075FF0000094880470948004798
:10039000FEE7FEE7FEE7FEE7FEE7FEE7FEE7FEE735
:1003A000FEE7FEE704480549054A064B7047000092
:1003B0003D3100089902000820D9032420E30324DA
:1003C00020DB032420DB0324704753EA020C00F0F7
:1003D00069802DE9F04B4FF00006002B1FBFB3FAE8
:1003E00083F503FA05F424FA05F65E4012BF1643BE
:1003F000B2FA82F502FA05F4C5F120051EBF22FA11
:1004000005FC44EA0C04203556EA044C4FEA144437
:1004100018BF641C4FF000084FF00009904271EBC8
:10042000030C39D3002919BFB1FA81F701FA07F695
:10043000B0FA80F700FA07F6C7F120071EBF20FACE
:1004400007FC46EA0C062037B6FBF4FCA7EB0507D1
:10045000103F07F01F0BCBF120060CFA0BFB2CFA18
:1004600006F644BFB3460026202FA4BF5E464FF0D9
:10047000000B5BEA060C08BF4FF0010B19EB0B09F0
:10048000ABFB027C48EB0608C01B06FB02CC0BFB57
:1004900003CC71EB0C01C1E70B46024641464846CE
:1004A000BDE8F08B13B54FF000004FF00001AFF343
:1004B0000080BDE81C407047704770477047704728
:1004C00000487047DCD8032400487047BCD8032498
:1004D0007546FFF7F9FFAE4605006946534620F022
:1004E0000700854618B020B5FFF75CFFBDE8204047
:1004F0004FF000064FF000074FF000084FF0000BE0
:1005000021F00701AC46ACE8C009ACE8C009ACE892
:10051000C009ACE8C0098D46704710B50446AFF37A
:1005200000802046BDE81040FFF727BF47F2E12CCE
:10053000C9F2030C604741F6F12CC9F2000C604788
:1005400041F6DF2CC9F2000C604741F6755CC9F238
:10055000000C604749F25D4CC9F2010C604740F263
:100560002D4CC9F2030C604748F6051CC9F2010C7A
:10057000604746F2210CC9F2010C604740F2DD6C85
:10058000C9F2030C60474FF6F54CC9F2020C604704
:1005900046F6374CC9F2030C604746F67F4CC9F269
:1005A000030C604746F6CD4CC9F2030C604746F693
:1005B0006D5CC9F2030C604746F6F15CC9F2030CAE
:1005C000604740F2415CC9F2000C604740F2E10C28
:1005D000C9F2000C604746F6794CC9F2030C60473B
:1005E00041F2016CC9F2030C604746F65F4CC9F258
:1005F000030C604741F6FD4CC9F2000C604746F61B
:10060000B34CC9F2030C604747F2256CC9F2030CE6
:10061000604747F2791CC9F2030C604741F2A53CE0
:10062000C9F2030C604740F2A15CC9F2000C6047BC
:1006300000BFFEE77047000070B504460CB901200A
:1006400070BD94F83500022803D080206065012039
:10065000F6E7DC492068884249D0DA491831206839
:10066000884244D0D7493031206888423FD0D549AC
:100670004831206888423AD0D249603120688842A7
:1006800035D0D04978312068884230D0CD4990317A
:10069000206888422BD0CB49A8312068884226D0D8
:1006A000C9492068884222D0C74918312068884249
:1006B0001DD0C54930312068884218D0C249483120
:1006C0002068884213D0C0496031206888420ED02B
:1006D000BD4978312068884209D0BB4990312068F3
:1006E000884204D0B849A8312068884201D101204D
:1006F00000E00020F0B3042084F83500B149206800
:1007000088424BD0AF4918312068884246D0AD4965
:1007100030312068884241D0AA4948312068884257
:100720003CD0A84960312068884237D0A54978314B
:100730002068884232D0A3499031206888422DD069
:10074000A049A8312068884228D09F492068884263
:1007500024D09D491831206888421FD09A493031F1
:10076000206888421AD0984948312068884215D0BC
:10077000954900E020E06031206888420ED092491F
:1007800078312068884209D08F49903120688842AA
:1007900004D08D49A8312068884206D120680068BD
:1007A00020F001002168086009E12068006820F05D
:1007B00001002168086002E12068006820F00E0056
:1007C000216808607F492068884249D07D491831F6
:1007D0002068884244D07B493031206888423FD02D
:1007E00078494831206888423AD07649603120689B
:1007F000884235D0734978312068884230D07149B9
:100800009031206888422BD06E49A83120688842F8
:1008100026D06D492068884222D06B491831206863
:1008200088421DD0684930312068884218D0664916
:1008300048312068884213D063496031206888427B
:100840000ED0614978312068884209D05E499031E4
:100850002068884204D05C49A8312068884206D1CB
:100860002068006820F001002168086005E0206829
:10087000006820F001002168086052492068884221
:1008800070D050491831206888426BD04D493031C2
:100890002068884266D04B4948312068884261D040
:1008A00048496031206888425CD0464978312068E8
:1008B000884257D0434990312068884252D04149FC
:1008C000A831206888424DD03F492068884249D0ED
:1008D0003D4918312068884244D03B493031206876
:1008E00088423FD038494831206888423AD036495A
:1008F00060312068884235D0334978312068884299
:1009000030D031499031206888422BD02E49A8310F
:100910002068884226D02D492068884222D02B4961
:100920001431206888421DD0284928312068884227
:1009300018D026493C312068884213D023495031D1
:10094000206888420ED0214964312068884209D04D
:100950001E4978312068884204D01C498C312068B7
:10096000884201D1012000E00020D8B1206E00684B
:1009700020F48070216E0860A56D94F85C0000F092
:100980001F01012088406860D4E919104860E06EBA
:1009900040B1E06E006820F48070E16E0860D4E938
:1009A0001C10486000BF002084F8340000BF012004
:1009B00084F83500206D10B12046216D8847002055
:1009C0003EE60000100002401004024008540258A5
:1009D0000348006840F001000149086070470000CA
:1009E00020040058F8B502460023734DDEE00127CD
:1009F0009F400E6806EA0704002C71D04E68022E54
:100A000002D04E68122E13D1DF0802F1200656F8EC
:100A100027005E07F70E0F26BE40B0435F07FF0EAC
:100A20000E69BE403043DF0802F1200646F8270079
:100A300010685F000326BE40B0430E7906F003063F
:100A40005F00BE40304310604E68012E08D04E68F3
:100A5000022E05D04E68112E02D04E68122E13D1F0
:100A600090685F000326BE40B0435F00CE68BE4082
:100A700030439060506801269E40B0430E79C6F323
:100A800000169E4030435060D0685F000326BE4091
:100A9000B0435F008E68BE403043D0604E6806F0C1
:100AA0008056B6F1805F1BD100BF444E366846F0D9
:100AB0000206424F3E603E46366806F00206009649
:100AC00000BF00BF3E4E9F0856F827009E07370F15
:100AD0000F26BE40B0433B4EB24202D100262EE06C
:100AE00063E0394EB24201D1012628E0374EB242CE
:100AF00001D1022623E0364EB24201D103261EE088
:100B0000344EB24201D1042619E0334EB24201D133
:100B1000052614E0314EB24201D106260FE0304ED8
:100B2000B24201D107260AE02E4EB24201D1082678
:100B300005E02D4EB24201D1092600E00A269F07AA
:100B40003F0FBE4030431E4E9F0846F827002868DE
:100B5000A0434E6806F48036B6F5803F00D12043AE
:100B600028606868A0434E6806F40036B6F5003F7A
:100B700000D1204368604FF0B0463068A0434E6813
:100B800006F48016B6F5801F00D120434FF0B04622
:100B900030607068A0434E6806F40016B6F5001F7A
:100BA00000D120434FF0B04670605B1C0E68DE4001
:100BB000002E7FF41CAFF8BD80000058F4440258AA
:100BC00008040058000002580004025800080258A7
:100BD000000C025800100258001402580018025865
:100BE000001C0258002002580024025802461369D3
:100BF0000B400BB1012000E00020704742690A4021
:100C00008A4202D10A04826100E0816170470AB120
:100C1000816101E00B0483617047000001480068B6
:100C2000000C70470010005C01480068704700002D
:100C3000200000240348006803490978084401495A
:100C400008607047200000242800002410B503200D
:100C500000F00AF901F0CCFA10490968C1F3032148
:100C60000F4A515C01F01F01C8400E4908600B4853
:100C7000006800F00F001146085C00F01F010948F1
:100C80000068C840084908600F2000F00FF808B15C
:100C9000012010BD00F09AF80020FAE7184402582D
:100CA00096460008000000240400002470B50446A5
:100CB0001148007808B9012070BD0F4800784FF442
:100CC0007A71B1FBF0F00D490968B1FBF0F52846E7
:100CD00001F078FF08B10120EEE7102C07D20022C6
:100CE0002146501E00F083F80548046001E0012011
:100CF000E2E70020E0E700002800002400000024D4
:100D0000240000244178154A11600178F9B1121DC0
:100D100041681160017B0907C27A41EA0261827A67
:100D200041EAC241427B41EA8241827B41EA42413F
:100D3000C27B41EA0241427A41EA0221027A41EA57
:100D4000420102781143054A0832116005E0002192
:100D5000024A121D1160121D1160704798ED00E0EB
:100D600000BF00BF00BFBFF35F8F00BF00BF00BF69
:100D70000548006820F480300349086000200249DB
:100D8000703108607047000024ED00E040F0010180
:100D90000D4A11600C497039096841F480310A4AE2
:100DA000703A116000BF00BF00BFBFF34F8F00BF9C
:100DB00000BF00BF00BF00BF00BFBFF36F8F00BF09
:100DC00000BF00BF7047000094ED00E0704701468F
:100DD0000846002809DB00F01F0301229A4043095E
:100DE0009B0003F1E023C3F8002100BF70472DE909
:100DF000F05F80460D46164602F01EFA0746394659
:100E00002A46334601F00700C0F1070ABAF1040F81
:100E100002D94FF0040A01E0C0F1070AD14600F1FF
:100E2000040ABAF1070F02D24FF0000A01E0A0F164
:100E3000030AD4464FF0010A0AFA09FAAAF1010A94
:100E40000AEA020A0AFA0CFA4FF0010B0BFA0CFB41
:100E5000ABF1010B0BEA030B4AEA0B0421464046B7
:100E600002F0F2F9BDE8F09F00BF00F00702064B68
:100E700019684FF6FF031940044B0B4343EA022164
:100E8000014B196000BF70470CED00E00000FA054F
:100E90000348006840F08070014908607047000016
:100EA0000C48025810B501F0A3F907490968C1F3CD
:100EB0000321064A515C01F01F01C8400449086043
:100EC0000846006810BD0000184402589646000805
:100ED0000000002410B501F04FF905490968C1F37D
:100EE0000211044A515C01F01F01C84010BD00000E
:100EF000204402589646000870B50146844D2D687E
:100F000005F00303824D2D68C5F30530804D2D1D7E
:100F10002D68C5F300147E4D14352D68C5F3CC053E
:100F200015FB04F501EE105AB8EE411AF0EE410A35
:100F300000286FD023B1012B4ED0022B6BD16BE078
:100F4000734D283D2D68C5F340153DB3704D283DC8
:100F50002D68C5F3C1066F4D25FA06F201EE102A81
:100F6000F8EE411A01EE100AB8EE411A81EE812A1C
:100F70009FED691AC0EE811A654D10352D68C5F3D5
:100F8000080501EE105AB8EE411A31EE811AF7EE5B
:100F9000001A31EE211A22EE010A1CE001EE100ABD
:100FA000B8EE411ADFED5D1A81EE812A9FED5A1AE3
:100FB000C0EE811A564D10352D68C5F3080501EEB7
:100FC000105AB8EE411A31EE811AF7EE001A31EEDE
:100FD000211A22EE010A5BE001EE100AB8EE411A76
:100FE000DFED4F1A81EE812A9FED4B1AC0EE811A78
:100FF000474D10352D68C5F3080501EE105AB8EEBF
:10100000411A31EE811AF7EE001A31EE211A22EE62
:10101000010A3DE077E01DE001EE100AB8EE411A4A
:101020009FED402AC2EE011A9FED3B1A80EE812A05
:10103000374D10352D68C5F3080501EE105AB8EE8E
:10104000411A32EE011AB7EE002A31EE021A21EEF1
:10105000810A1DE001EE100AB8EE411ADFED301AE8
:1010600081EE812A9FED2C1AC0EE811A284D103591
:101070002D68C5F3080501EE105AB8EE411A31EE9D
:10108000811AF7EE001A31EE211A22EE010A00BF92
:1010900000BF1F4D10352D68C5F3462501EE105ACF
:1010A000B8EE411AF7EE001A31EE211AC0EE011A1D
:1010B000BCEEE11A81ED001A154D10352D68C5F30F
:1010C000064501EE105AB8EE411AF7EE001A31EE5D
:1010D000211AC0EE011ABCEEE11A81ED011A0C4D85
:1010E00010352D68C5F3066501EE105AB8EE411AA9
:1010F000F7EE001A31EE211AC0EE011ABCEEE11A29
:1011000081ED021A03E000250D604D608D6070BD19
:10111000284402580090D003000000460024744C7C
:101120000024744A0024F44A70B50146844D2D68A9
:1011300005F00303824D2D68C5F30550804D2D1D2C
:101140002D68C5F300247E4D1C352D68C5F3CC05F4
:1011500015FB04F501EE105AB8EE411AF0EE410A03
:1011600000286FD023B1012B4ED0022B6BD16BE046
:10117000734D283D2D68C5F340153DB3704D283D96
:101180002D68C5F3C1066F4D25FA06F201EE102A4F
:10119000F8EE411A01EE100AB8EE411A81EE812AEA
:1011A0009FED691AC0EE811A654D18352D68C5F39B
:1011B000080501EE105AB8EE411A31EE811AF7EE29
:1011C000001A31EE211A22EE010A1CE001EE100A8B
:1011D000B8EE411ADFED5D1A81EE812A9FED5A1AB1
:1011E000C0EE811A564D18352D68C5F3080501EE7D
:1011F000105AB8EE411A31EE811AF7EE001A31EEAC
:10120000211A22EE010A5BE001EE100AB8EE411A43
:10121000DFED4F1A81EE812A9FED4B1AC0EE811A45
:10122000474D18352D68C5F3080501EE105AB8EE84
:10123000411A31EE811AF7EE001A31EE211A22EE30
:10124000010A3DE077E01DE001EE100AB8EE411A18
:101250009FED402AC2EE011A9FED3B1A80EE812AD3
:10126000374D18352D68C5F3080501EE105AB8EE54
:10127000411A32EE011AB7EE002A31EE021A21EEBF
:10128000810A1DE001EE100AB8EE411ADFED301AB6
:1012900081EE812A9FED2C1AC0EE811A284D183557
:1012A0002D68C5F3080501EE105AB8EE411A31EE6B
:1012B000811AF7EE001A31EE211A22EE010A00BF60
:1012C00000BF1F4D18352D68C5F3462501EE105A95
:1012D000B8EE411AF7EE001A31EE211AC0EE011AEB
:1012E000BCEEE11A81ED001A154D18352D68C5F3D5
:1012F000064501EE105AB8EE411AF7EE001A31EE2B
:10130000211AC0EE011ABCEEE11A81ED011A0C4D52
:1013100018352D68C5F3066501EE105AB8EE411A6E
:10132000F7EE001A31EE211AC0EE011ABCEEE11AF6
:1013300081ED021A03E000250D604D608D6070BDE7
:10134000284402580090D003000000460024744C4A
:101350000024744A0024F44A2DE9F0410446002593
:10136000A846206800F00060B0F1006F30D1606ED8
:1013700048B1B0F5801F0DD0B0F5001F10D0B0F50A
:10138000401F15D113E0F948006840F40030F749D8
:1013900008600FE00221201D01F0D6FC054609E09F
:1013A000022104F1240001F081FD054602E001E084
:1013B000012500BF00BF55B9EC482430006820F477
:1013C0004010616E0843E9492431086000E0A846F6
:1013D000208800F48070B0F5807F2DD1606D0528E5
:1013E0001AD2DFE800F0030A10171800DF4800687F
:1013F00040F40030DD49086010E00021201D01F0BC
:10140000A3FC05460AE0002104F1240001F04EFD92
:10141000054603E002E001E0012500BF00BF55B929
:10142000D2482430006820F00700616D0843CF499E
:101430002431086000E0A846208800F40070B0F570
:10144000007F33D1A06D802817D003DC40B1402845
:101450001CD10CE0C02817D0B0F5807F16D114E065
:10146000C248006840F40030C049086010E0002124
:10147000201D01F069FC05460AE0002104F124006A
:1014800001F014FD054603E002E001E0012500BF84
:1014900000BF55B9B5482430006820F4E070A16D54
:1014A0000843B2492431086000E0A846208800F4CF
:1014B0008060B0F5806F38D1D4F8A400B0F5800F0B
:1014C00019D004DC50B1B0F5001F1DD10DE0B0F50E
:1014D000C00F17D0B0F5000F16D114E0A348006874
:1014E00040F40030A149086010E00021201D01F007
:1014F0002BFC05460AE0002104F1240001F0D6FC93
:10150000054603E002E001E0012500BF00BF5DB930
:1015100096482C30006820F46000D4F8A4100843EA
:1015200092492C31086000E0A846208800F4006051
:10153000B0F5006F38D1D4F8A800B0F1007F19D011
:1015400004DC50B1B0F1807F1DD10DE0B0F1407FDF
:1015500017D0B0F1806F16D114E08448006840F4D1
:1015600000308249086010E00021201D01F0ECFBF2
:1015700005460AE0002104F1240001F097FC05462D
:1015800003E002E001E0012500BF00BF5DB977483C
:101590002C30006820F0E060D4F8A81008437349AC
:1015A0002C31086000E0A846206800F00070B0F11F
:1015B000007F27D1A06CA0B1102804D0202809D02A
:1015C00030280FD10CE06948006840F400306749CA
:1015D000086009E00221201D01F0B6FB054603E08A
:1015E00002E001E0012500BF00BF55B95F4820308F
:1015F000006820F03000A16C08435C49203108608D
:1016000000E0A846208800F48050B0F5805F36D115
:10161000E06DB0F5005F19D004DC50B1B0F5805F2B
:101620001DD10DE0B0F5405F17D0B0F5804F16D159
:1016300014E04E48006840F400304C49086010E067
:101640000021201D01F080FB05460AE0002104F185
:10165000240001F02BFC054603E002E001E0012537
:1016600000BF00BF55B941482430006820F4E04075
:10167000E16D08433D492431086000E0A846208818
:1016800000F40050B0F5005F34D1206EB0F5403F5B
:101690001DD007DC68B1B0F5803F0BD0B0F5003F3E
:1016A00018D10DE0B0F5802F12D0B0F5A02F11D1D8
:1016B0000FE011E00121201D01F046FB05460BE083
:1016C000012104F1240001F0F1FB054604E003E0F0
:1016D00002E001E0012500BF00BF55B923482430D6
:1016E000006820F4E020216E08432049243108607E
:1016F00000E0A846208800F48040B0F5804F38D143
:10170000D4F8AC00B0F1405F1DD007DC68B1B0F197
:10171000805F0BD0B0F1005F18D10DE0B0F1804FC9
:1017200012D0B0F1A04F11D10FE011E00121201D26
:1017300001F00AFB05460BE0012104F1240001F051
:10174000B5FB054604E003E002E001E0012500BF2F
:1017500000BF6DB905482C30006820F0E040D4F897
:10176000AC10084301492C31086002E02C440258B7
:10177000A846208800F40040B0F5004F26D1E06E66
:1017800098B1B0F1805F03D0B0F1005F0ED106E0F8
:10179000F948006840F40030F749086008E001218A
:1017A000201D01F0D1FA054602E001E0012500BF4D
:1017B00000BF55B9F0482430006820F04050E16E79
:1017C0000843ED492431086000E0A846206800F095
:1017D0008070B0F1807F27D1606CA0B1012804D067
:1017E000022809D003280FD10CE0E348006840F438
:1017F0000030E149086009E00221201D01F0A4FA4F
:10180000054603E002E001E0012500BF00BF55B935
:10181000D9482030006820F00300616C0843D649A5
:101820002031086000E0A846206800F48000B0F590
:10183000800F7DD1D148006840F48070CF490860A6
:10184000FFF7F2F9064606E0FFF7EEF9801B642881
:1018500001D9032505E0C948006800F4807000281C
:10186000F2D000BF85BBC4484430006800F440702B
:10187000B4F8B01001F44071884213D0BE4844302F
:10188000006820F44077BC484430006840F4803061
:10189000B949443108600846006820F48030086087
:1018A00008460760D4F8B000B0F5807F15D1FFF787
:1018B000BBF9064609E0FFF7B7F9801B41F2883112
:1018C000884202D9032507E038E0AB48443000687D
:1018D000C0F340000028EED000BF55BB00BFB4F8F5
:1018E000B00000F44070B0F5407F0ED1A2481C3823
:1018F000006820F47C51A24AD4F8B000104041EABC
:1019000010109D491C39086007E09B481C3800688E
:1019100020F47C5098491C3908609748443000688E
:10192000B4F8B010C1F30B0108439349443101E00E
:1019300005E001E0086002E0A84600E0A846207843
:1019400000F0010068B3A06F182819D005DC48B179
:10195000082808D0102816D10BE0202811D02828FC
:1019600011D10FE011E00121201D01F0EDF9054634
:101970000BE0012104F1240001F098FA054604E08F
:1019800003E002E001E0012500BF00BF55B97A483D
:101990002830006820F03800A16F084376492831CC
:1019A000086000E0A846207800F00200022828D154
:1019B000606F062815D2DFE800F003040A11121345
:1019C00011E00121201D01F0BFF905460BE00121C6
:1019D00004F1240001F06AFA054604E003E002E0A5
:1019E00001E0012500BF00BF55B9634828300068F9
:1019F00020F00700616F08435F492831086000E06C
:101A0000A846207800F0040004282AD1D4F89000D9
:101A1000062815D2DFE800F003040A11121311E0C2
:101A20000121201D01F090F905460BE0012104F190
:101A3000240001F03BFA054604E003E002E001E087
:101A4000012500BF00BF5DB94B482C30006820F075
:101A50000700D4F89010084347492C31086000E093
:101A6000A846207800F02000202836D1D4F88C0039
:101A7000B0F1405F1DD007DC68B1B0F1805F0BD0E2
:101A8000B0F1005F18D10DE0B0F1804F12D0B0F18D
:101A9000A04F11D10FE011E00021201D01F054F9F9
:101AA00005460BE0022104F1240001F0FFF9054690
:101AB00004E003E002E001E0012500BF00BF5DB9E2
:101AC0002D482830006820F0E040D4F88C100843FE
:101AD00029492831086000E0A846207800F040003D
:101AE000402836D1D4F89800B0F5406F1DD007DCFF
:101AF00068B1B0F5806F0BD0B0F5006F18D10DE074
:101B0000B0F5805F12D0B0F5A05F11D10FE011E009
:101B10000021201D01F018F905460BE0022104F117
:101B2000240001F0C3F9054604E003E002E001E00F
:101B3000012500BF00BF5DB90F482C30006820F4BC
:101B4000E050D4F8981008430B492C31086000E0AD
:101B5000A846207800F0800080283AD1D4F89C0074
:101B6000B0F5C04F23D00DDC98B1B0F5005F11D0B7
:101B7000B0F5804F1ED113E02C44025800480258A3
:101B8000FFFCFF0FB0F5004F12D0B0F5204F11D180
:101B90000FE011E00021201D01F0D6F805460BE012
:101BA000022104F1240001F081F9054604E003E07C
:101BB00002E001E0012500BF00BF4DB9AD4800685B
:101BC00020F46040D4F89C100843AA49086000E063
:101BD000A846207800F00800082817D1D4F8800023
:101BE000B0F5805F07D1022104F1240001F05EF915
:101BF00008B14FF001089F48001F006820F44050D2
:101C0000D4F8801008439B49091F0860207800F031
:101C10001000102815D1D4F89400B0F5807F07D1BA
:101C2000022104F1240001F041F908B14FF001084C
:101C30009048006820F44070D4F8941008438D490F
:101C40000860206800F40020B0F5002F26D1D4F8F9
:101C5000A00030B1B0F5803F09D0B0F5003F0ED103
:101C60000CE00021201D01F06FF8054609E002217B
:101C700004F1240001F01AF9054602E001E0012513
:101C800000BF00BF4DB97B48006820F44030D4F855
:101C9000A01008437749086000E0A846206800F4D7
:101CA0008020B0F5802F2DD1D4F88400B0F5801FAE
:101CB00006D0B0F5001F0CD0B0F5401F11D10FE0D9
:101CC0006C482C38006840F400306A492C390860B0
:101CD00009E0012104F1240001F0E8F8054602E0E2
:101CE00001E0012500BF00BF5DB96248001F006828
:101CF00020F44010D4F8841008435E49091F08609E
:101D000000E0A846206800F48030B0F5803F24D180
:101D1000E06C18B1B0F5803F0FD108E055482C3881
:101D2000006840F4003053492C39086007E0022174
:101D3000201D01F009F8054601E0012500BF00BFA4
:101D400055B94C480C38006820F48030E16C0843E9
:101D500048490C39086000E0A846206800F00050AF
:101D6000B0F1005F07D1022104F1240001F09EF8D8
:101D700008B14FF00108206800F40030B0F5003FD2
:101D800027D1E06FA0B1B0F5807F06D0B0F5007F1D
:101D90000CD0B0F5407F0CD109E036482C380068F3
:101DA00040F4003033492C39086004E003E002E0DD
:101DB00001E0012500BF00BF55B92E48001F006893
:101DC00020F44070E16F08432A49091F086000E0D1
:101DD000A846206800F48010B0F5801F09D125487E
:101DE0000838006820F00040216F08432149083975
:101DF0000860206800F40010B0F5001F09D11D48EC
:101E00000838006820F08070A16E0843194908392D
:101E10000860206800F08040B0F1804F11D100BF11
:101E200014484838006820F40040124948390860D6
:101E300008460068D4F8B81008430E4948390860CD
:101E400000BF206800F00040B0F1004F09D1094800
:101E50000C38006820F04050216D084305490C39CA
:101E60000860B8F1000F02D10020BDE8F081012028
:101E7000FBE70000584402582DE9F04104460D46A6
:101E800014B90120BDE8F081B648006800F00F00E9
:101E9000A8420ED2B348006820F00F002843B14991
:101EA00008600846006800F00F00A84201D0012039
:101EB000E8E7207800F0040004280ED1AA49206940
:101EC000096801F07001884207D9A748006820F02E
:101ED000700021690843A4490860207800F00800D8
:101EE000082811D1A049091D6069096801F0700135
:101EF000884209D99C48001D006820F07000616983
:101F000008439949091D0860207800F01000102846
:101F100011D19549091DA069096801F4E061884261
:101F200009D99148001D006820F4E060A1690843C8
:101F30008D49091D0860207800F02000202811D16B
:101F400089490831E069096801F07001884209D9BE
:101F500085480830006820F07000E1690843824934
:101F600008310860207800F0020002280ED17E4976
:101F7000E068096801F00F01884207D97A480068D3
:101F800020F00F00E168084377490860207800F0EE
:101F90000100002850D07448006820F47060A168E7
:101FA0000843714908606068022807D16E481838F4
:101FB0000068C0F34040F8B9012063E76068032877
:101FC00007D1694818380068C0F34060A0B9012003
:101FD00058E76068012807D1634818380068C0F3E3
:101FE000002048B901204DE75F4818380068C0F369
:101FF000800008B9012045E75B480838006820F0F8
:10200000070061680843584908390860FEF70CFE6C
:10201000064608E0FEF708FE801B41F28831884240
:1020200001D903202EE750480838006800F0380036
:102030006168B0EBC10FEDD1207800F002000228FA
:102040000ED14949E068096801F00F01884207D2C2
:102050004548006820F00F00E168084342490860E5
:102060004048006800F00F00A8420ED93D480068C3
:1020700020F00F0028433B4908600846006800F044
:102080000F00A84201D00120FCE6207800F00400F7
:1020900004280ED134492069096801F07001884292
:1020A00007D23148006820F07000216908432E49AA
:1020B0000860207800F00800082811D12A49091D7D
:1020C0006069096801F07001884209D22648001D44
:1020D000006820F07000616908432349091D086009
:1020E000207800F01000102811D11F49091DA069A7
:1020F000096801F4E061884209D21B48001D0068AC
:1021000020F4E060A16908431749091D08602078A0
:1021100000F02000202811D113490831E069096836
:1021200001F07001884209D20F480830006820F0A1
:102130007000E16908430C490831086000F058F864
:1021400009490968C1F30321084A515C01F01F01E4
:10215000C8400749086007480068FEF7A7FD074622
:1021600038468FE600200052184402589646000870
:10217000000000242400002410B5FEF793FE074958
:10218000096801F00F01064A515C01F01F01C840C7
:10219000044908600846006810BD00001844025851
:1021A000964600080400002410B5FFF7E5FF054936
:1021B0000968C1F30211044A515C01F01F01C840D3
:1021C00010BD00001C4402589646000810B5FFF7E9
:1021D000D3FF05490968C1F30221044A515C01F0AB
:1021E0001F01C84010BD00001C440258964600085C
:1021F000F0B5824E366806F0380636B1082E15D096
:10220000102E15D0182E7DD114E07C4E103E36686D
:10221000C6F3401646B1794E103E3668C6F3C10784
:10222000774E26FA07F000E07548E5E07548E3E0F0
:102230007548E1E0714E1836366806F003046F4EBB
:1022400018363668C6F305116C4E1C36366806F033
:1022500001056A4E24363668C6F3CC0616FB05F631
:1022600001EE106AB8EE410A002971D024B1012CA8
:1022700050D0022C6DD16DE0604E103E3668C6F332
:1022800040163EB35D4E103E3668C6F3C1075C4E45
:1022900026FA07F301EE103AF8EE411A01EE101A91
:1022A000B8EE411A81EE812A9FED581AC0EE011A4C
:1022B000524E20363668C6F3080601EE106AB8EEB4
:1022C000411A31EE811AF7EE001A31EE211A62EE50
:1022D000010A1EE001EE101AB8EE411ADFED4C1AA9
:1022E00081EE812A9FED491AC0EE011A434E203635
:1022F0003668C6F3080601EE106AB8EE411A31EEF0
:10230000811A00E076E0F7EE001A31EE211A62EE53
:10231000010A5BE001EE101AB8EE411A9FED3D2A6A
:10232000C2EE011A9FED391A80EE012A334E203693
:102330003668C6F3080601EE106AB8EE411A32EEAE
:10234000011AB7EE002A31EE021A61EE810A3DE071
:102350004EE01DE001EE101AB8EE411ADFED2E1A24
:1023600081EE812A9FED291AC0EE011A234E2036F4
:102370003668C6F3080601EE106AB8EE411A31EE6F
:10238000811AF7EE001A31EE211A62EE010A1DE001
:1023900001EE101AB8EE411A9FED1E2AC2EE011A84
:1023A0009FED1A1A80EE012A144E20363668C6F3C5
:1023B000080601EE106AB8EE411A32EE011AB7EEC5
:1023C000002A31EE021A61EE810A00BF00BF0B4EF7
:1023D00020363668C6F34626721C01EE102AB8EE87
:1023E000411AC0EE811ABCEEE11A11EE100A00E0AB
:1023F000002001E0034800BF00BFF0BD10440258B8
:102400000090D00300093D0000127A000000004651
:102410000024744C0024744A0024F44A2DE9F04747
:10242000044614B90120BDE8F087207800F00100CF
:10243000002872D0F948006800F03808F7481830D2
:10244000D0F80090B8F1100F06D0B8F1180F0FD1E6
:1024500009F0030002280BD1F04810380068C0F3DF
:10246000404000286ED0606800286BD10120DAE778
:1024700000BF6068B0F5803F08D1E84810380068B8
:1024800040F48030E549103908602EE0606868B992
:10249000E2481038006820F48030E04910390860C4
:1024A0000846006820F4802008601EE06068B0F5EF
:1024B000A02F0DD1D9481038006840F48020D749AA
:1024C000103908600846006840F4803008600CE06D
:1024D000D2481038006820F48030D04910390860A4
:1024E0000846006820F48020086000BF6068A8B13A
:1024F000FEF79AFB054608E0FEF796FB401B41F20B
:102500008831884201D903208DE7C448103800681B
:10251000C0F340400028EFD014E014E0FEF784FB45
:10252000054608E0FEF780FB401B41F288318842F7
:1025300001D9032077E7B94810380068C0F340405C
:102540000028EFD100BF207800F0020002286BD1F4
:10255000B248006800F03808B0481830D0F8009051
:10256000B8F1000F05D0B8F1180F2BD109F0030016
:1025700040BBAA4810380068C0F3800018B1E0687A
:1025800008B901204FE700BFFEF748FB41F2030105
:1025900088420BD8A1480C38006820F47C302169AF
:1025A00040EA01309D490C3908600AE09B480C382C
:1025B000006820F0FE40217C40EA016097490C3918
:1025C000086058E0E06870B394481038006820F064
:1025D0001900E1680843914910390860FEF724FBAF
:1025E000054606E0FEF720FB401B022801D9032028
:1025F00019E78A4810380068C0F380000028F1D03D
:1026000000BFFEF70BFB41F2030188420DD883485F
:102610000C38006820F47C30216940EA01307F49A1
:102620000C3908600CE00CE026E07C480C380068AF
:1026300020F0FE40217C40EA016078490C390860B6
:1026400019E076481038006820F00100734910390D
:102650000860FEF7E9FA054606E0FEF7E5FA401BDA
:10266000022801D90320DEE66C4810380068C0F368
:1026700080000028F1D100BF207800F01000102861
:102680006ED16648006800F0380864481830D0F809
:102690000090B8F1080F06D0B8F1180F2FD109F04B
:1026A000030001282BD15D4810380068C0F30020DA
:1026B00020B1E069802801D00120B4E600BFFEF718
:1026C000ADFA41F2030188420CD854480C38006836
:1026D00020F0F84094F8201040EA81604F490C390E
:1026E00008600BE04D48001F006820F07C5094F813
:1026F000201040EA01604949091F086058E0E0697C
:1027000068B346481038006840F0800043491039EB
:102710000860FEF789FA054606E0FEF785FA401BD9
:10272000022801D903207EE63C4810380068C0F337
:1027300000200028F1D000BFFEF770FA41F203013B
:1027400088420ED835480C38006820F0F84094F8DC
:10275000201040EA816031490C3908600DE00DE03D
:1027600027E02E48001F006820F07C5094F82010CD
:1027700040EA01602949091F086019E0274810381C
:10278000006820F08000254910390860FEF74CFAF7
:10279000054606E0FEF748FA401B022801D903204F
:1027A00041E61E4810380068C0F300200028F1D12F
:1027B00000BF207800F00800082837D16069D0B148
:1027C00016486430006840F0010014496431086024
:1027D000FEF72AFA054606E0FEF726FA401B022815
:1027E00001D903201FE60D4864300068C0F34000A3
:1027F0000028F1D01AE009486430006820F0010098
:10280000064964310860FEF70FFA054608E0FEF756
:102810000BFA401B022803D9032004E61044025897
:10282000DC480068C0F340000028F0D1207800F0B8
:102830002000202836D1A069D0B1D648743800686D
:1028400040F48050D34974390860FEF7EDF905462D
:1028500006E0FEF7E9F9401B022801D90320E2E572
:10286000CC4874380068C0F340300028F1D019E03B
:10287000C8487438006820F48050C649743908602C
:10288000FEF7D2F9054606E0FEF7CEF9401B022816
:1028900001D90320C7E5BF4874380068C0F3403051
:1028A0000028F1D1207800F0040004287DD1BA4836
:1028B000006840F48070B8490860FEF7B5F9054635
:1028C00006E0FEF7B1F9401B642801D90320AAE510
:1028D000B148006800F480700028F2D000BFA06802
:1028E000012808D1AB48001F006840F00100A94949
:1028F000091F08602DE0A06868B9A648001F00689D
:1029000020F00100A349091F08600846006820F074
:10291000040008601DE0A06805280DD19D48001F37
:10292000006840F004009B49091F086008460068E1
:1029300040F0010008600CE09648001F006820F09D
:1029400001009449091F08600846006820F004004F
:10295000086000BFA068A0B1FEF766F9054608E070
:10296000FEF762F9401B41F28831884201D9032009
:1029700059E58848001F0068C0F340000028EFD0E8
:1029800013E0FEF751F9054608E0FEF74DF9401B4C
:1029900041F28831884201D9032044E57D48001F77
:1029A0000068C0F340000028EFD1606A00287DD0A5
:1029B00078486438006800F03800182877D0606ADA
:1029C000022875D173487438006820F0807071490E
:1029D00074390860FEF728F9054606E0FEF724F989
:1029E000401B022801D903201DE56A48743800689D
:1029F000C0F340600028F1D100BFD4E90A1041EAD9
:102A0000001064494C39096840F2F332914308439D
:102A100060494C390860208E401EC0F30800616B8D
:102A2000491E4FF47E4202EA41210843218F491E8C
:102A3000D20102EA014108433C21095D491E12020C
:102A400002EA0161084353494439086000BF081F86
:102A5000006820F00100091F08604E4840380068F7
:102A60004FF6F8718843A16C40EAC10049494039EA
:102A7000086048484838006820F00C00216C084382
:102A80004449483908600846006820F00200616C3B
:102A900008434049483908600846006840F48030DF
:102AA00008600846006840F4003002E06FE041E052
:102AB00025E008600846006840F480200860084669
:102AC000006840F00100086032487438006840F047
:102AD0008070304974390860FEF7A6F8054606E0B4
:102AE000FEF7A2F8401B022801D903209BE42948E5
:102AF00074380068C0F340600028F1D047E02548F2
:102B00007438006820F08070224974390860FEF73C
:102B10008BF8054606E0FEF787F8401B022801D92E
:102B2000032080E41B4874380068C0F3406000282C
:102B3000F1D12CE017484C3807681648443806682D
:102B4000606A012821D007F00301A06A81421CD1EC
:102B5000C7F30511E06A884217D1C6F30801206B5C
:102B6000401E814211D1606B401EC6F3462188424F
:102B70000BD1A06B401EC6F30641884205D1E06B25
:102B8000401EC6F30661884201D001204BE40020BC
:102B900049E400007444025800480258042808D14F
:102BA0004FF0E021096941F004014FF0E02211618A
:102BB00007E04FF0E021096921F004014FF0E02225
:102BC0001161704770B504462546681EB0F1807FDC
:102BD00001D301200FE0681E4FF0E02148610F2172
:102BE0004FF0FF3000F030FB00204FF0E021886113
:102BF00007200861002070BD10B586B004462B493F
:102C00002068884250D100BF00BF2948006840F0CA
:102C10001000274908600846006800F01000009086
:102C200000BF00BF00BF00BF00BF214810380068D0
:102C300040F001001E49103908600846006800F0A5
:102C40000100009000BF00BF00BF00BF00BF0846EA
:102C5000006840F0010008600846006800F00100CC
:102C6000009000BF00BF00BF4FF400700190022031
:102C7000029001200390022004900720059001A9F2
:102C80000C48FDF7AFFE4FF48060019007200590DF
:102C900001A90848FDF7A6FE2520FEF798F80322B3
:102CA00011462520FEF7A3F806B010BD0010014024
:102CB000F0440258000002581D4A0168914236D182
:102CC0001C49098801F4004189BB1A49098801F4AB
:102CD000804171B1184909780A2903D00021154AA9
:102CE000118024E01349098841F40041114A118000
:102CF0001DE0114909780D2906D10E49098841F4D2
:102D000080410C4A118012E00B490978094A128867
:102D1000C2F30D02094B995406490988491C054A1A
:102D2000118011460988C72901DD002111807047F3
:102D3000001001401C0000241E0000243003002469
:102D400000BFFEE7704700002DE9F04104460E4643
:102D500000275548006800F00300032802D1012035
:102D6000BDE8F08150482838006820F080604E4966
:102D700028390860FDF758FF054606E0FDF754FFC7
:102D8000401B022801D90320EAE747482838006899
:102D9000C0F3C0600028F1D100BF4348006820F4B0
:102DA0007C30216840EA01303F490860A088401E1D
:102DB000C0F30800A168491E4FF47E4202EA412197
:102DC0000843A189491ED20102EA01410843217C3E
:102DD000491E120202EA01610843334910310860BA
:102DE00000BF3148001D006820F0C0006169084341
:102DF0002D49091D08600846006820F02000A169DF
:102E000008432949091D08600846006820F01000A1
:102E100008602548143000684FF6F8718843E1696E
:102E200040EAC1002049143108601F48001D0068B5
:102E300040F010001C49091D08602EB908460068C2
:102E400040F40020086012E0012E08D11648001D51
:102E5000006840F480101449091D086007E012481A
:102E6000001D006840F400100F49091D08600E485D
:102E70002838006840F080600B4928390860FDF769
:102E8000D3FE054606E0FDF7CFFE401B022801D920
:102E9000032065E7044828380068C0F3C0600028B4
:102EA000F1D038465CE70000284402582DE9F04193
:102EB00004460E4600275548006800F0030003282A
:102EC00002D10120BDE8F08150482838006820F088
:102ED00080504E4928390860FDF7A6FE054606E0F9
:102EE000FDF7A2FE401B022801D90320EAE747486C
:102EF00028380068C0F340700028F1D100BF434873
:102F0000006820F07C70218840EA01503F49086049
:102F1000A088401EC0F30800A168491E4FF47E42FD
:102F200002EA41210843A189491ED20102EA014176
:102F30000843217C491E120202EA01610843334919
:102F40001831086000BF3148001D006820F440605F
:102F5000616908432D49091D08600846006820F48E
:102F60000070A16908432949091D086008460068E6
:102F700020F48070086025481C3000684FF6F87116
:102F80008843E16940EAC10020491C3108601F48BC
:102F9000001D006840F480701C49091D08602EB9AE
:102FA0000846006840F48000086012E0012E08D155
:102FB0001648001D006840F400001449091D08600F
:102FC00007E01248001D006840F080700F49091D9D
:102FD00008600E482838006840F080500B492839B6
:102FE0000860FDF721FE054606E0FDF71DFE401BCB
:102FF000022801D9032065E7044828380068C0F397
:1030000040700028F1D038465CE7000028440258A0
:1030100010B50023234C236000BF00BF00BFBFF3E7
:103020004F8F00BF00BF00BF231F1868C0F34E3191
:1030300000BFC0F3C90200BF43F6E07303EA4113C7
:103040004FF0404404EA82742343174C236000BFCE
:1030500000BF131EA2F10102EED10B1EA1F101016E
:10306000E7D100BF00BF00BFBFF34F8F00BF00BF5D
:1030700000BF0C4B703B1B6843F48033094C703C21
:10308000236000BF00BF00BFBFF34F8F00BF00BF72
:1030900000BF00BF00BF00BFBFF36F8F00BF00BF06
:1030A00000BF10BD84ED00E060EF00E000BF00BF96
:1030B00000BFBFF34F8F00BF00BF00BF00BF00BF06
:1030C00000BFBFF36F8F00BF00BF00BF00201449D7
:1030D000086000BF00BF00BFBFF34F8F00BF00BF3D
:1030E00000BF00BF00BF00BFBFF36F8F00BF00BFB6
:1030F00000BF0C48006840F400300A49086000BF77
:1031000000BF00BFBFF34F8F00BF00BF00BF00BFB5
:1031100000BF00BFBFF36F8F00BF00BF00BF70478D
:1031200050EF00E014ED00E010B5FDF783FD00F076
:103130008FFF012801D0FDF7F9F910BD2448006880
:1031400040F47000224908602248006840F0010005
:103150002049086000201F49103108601D480068A0
:103160001D4908401B49086000201A4918310860B1
:10317000091D0860091D0860164928310860091DED
:103180000860091D0860091D0860091D0860091D07
:103190000860091D0860091D08600E48006820F4D9
:1031A00080200C49086000200A49603108600B4803
:1031B00000686FF30F00B0F1005F02D201200849F0
:1031C00008604FF0006002498039086070470000D5
:1031D00088ED00E0004402587FEDF6EA0010005C44
:1031E0000881005170B500240F4D1048FDF7A3F978
:1031F00000BF03E0641CAC4200D904E00B48FDF7BB
:103200009FF92028F6D100BF002403E0641CAC42E3
:1032100000D906E0012206490448FDF796F9002886
:10322000F4D100BF70BD0000FFFF0100F8030024CF
:103230001E00002400BFFEE702480068C0F3022021
:10324000704700000CED00E010B5002804DB0A0711
:10325000130E054A135406E00A07140E034A00F041
:103260000F031B1FD45410BD00E400E018ED00E074
:1032700000BF704770B504460420FFF78FFC0A4872
:10328000046025464FF47A7045434FF0E020006912
:1032900040F002004FF0E0210861084645610069F6
:1032A00040F00100086170BD1400002430B50446F0
:1032B000002504E04FF47A7000F004F86D1CA5427C
:1032C000F8D330BD70B5034600224FF0E026756993
:1032D0000D4E366803FB06F44FF0E026B16910E0AE
:1032E0004FF0E026B06988420BD0884202D20E1A15
:1032F000324402E02E1A0E4432440146A24200D368
:1033000000E0EDE700BF70BD1400002400BF054AD7
:10331000D26902F04002002AF9D0C2B2014B9A628F
:10332000704700000010014010B500F00BFAFDF7E7
:103330008DFC042302221146F02000F0FDFA4FF428
:10334000F070FFF797FF4FF4E13000F0A9FBFDF7B5
:1033500001F9FDF704F9FDF707F9FDF70AF9002077
:10336000FDF70CF9FDF70FF9002010BD2DE9F04134
:1033700005460E462948076800202949096881F852
:10338000590027480068001DFDF702F950B924488C
:10339000006890F82C100120884022490968814378
:1033A00020480160681CD8B9D6B11F4948681C493B
:1033B000096888601A4982680968CA6018490968FA
:1033C000091D8268516016490968091D8160164A05
:1033D000134909684A6111460968491C11601AE0DD
:1033E0007C190F4800684460BC4207D20C48016851
:1033F000091D0E480068FDF7D0F80CE00848016888
:10340000091D0B480068FDF7C8F80A4800688442A7
:1034100001D208480460BDE8F0810000CC0000241F
:10342000B8000024D0000024304E0124C000002445
:10343000BC000024E800002410B50446FDF7B2F8F3
:1034400031480068401C304908603048006840B985
:103450002E4804600846006801280DD100F026F9C6
:103460000AE02B48006838B928480068C06AE16A59
:10347000884201D82548046026480068401C254938
:10348000086008460068606494F82C1001208840A9
:1034900021490968084320490860E16A01EB81017C
:1034A0001E4A02EB81014868A0608268E260211D2B
:1034B000826851608160E16A01EB8101174A02EB89
:1034C00081026261E16A01EB8101144A52F8211024
:1034D000491CE26A02EB8202104B43F82210FDF70E
:1034E00066F80B48006868B108480068C06AE16A7D
:1034F000884207D24FF0805009490860BFF34F8FD0
:10350000BFF36F8F10BD0000C8000024B800002476
:10351000D4000024E4000024D0000024604B0124E7
:1035200004ED00E010B516E0FDF73CF80C48C0686B
:10353000C468201DFDF72CF80A480068401E0949A0
:10354000086009480068401E07490860FDF72FF829
:10355000204600F00BF8044800680028E4D110BDB4
:103560001C4E0124C8000024C400002410B50446E9
:10357000206BFDF721F82046FDF71EF810BD000076
:1035800000BFFFF7CFFF064800680128F9D94FF0C8
:10359000805004490860BFF34F8FBFF36F8FF0E78F
:1035A000604B012404ED00E02DE9F05F82460F46F8
:1035B00090469B460A9E0C9C4FEA8801A522206BF0
:1035C000FCF7FFFFA8F10100216B01EB800929F056
:1035D000070909F0070008B9012000E0002028B918
:1035E0004FF4587224A12DA0FCF7F0FF87B10025FD
:1035F00007E0795D04F134004155785D00B902E0DF
:103600006D1C102DF5D300BF00214320015502E0B1
:10361000002084F83400202E01D2012000E0002098
:1036200028B940F2973214A11CA0FCF7CFFF202E3E
:1036300000D31F26E662E66400202065201DFCF70B
:10364000CAFF04F11800FCF7C6FF2461C6F1200090
:10365000A06164620020606584F8580084F8590015
:103660005A4651464846FCF7BBFF20600B9808B10C
:103670000B980460BDE8F09F2E2E5C2E2E5C4D69E9
:1036800064646C6577617265735C467265655254FB
:103690004F535C7461736B732E6300004572726FDD
:1036A000723A2025732C2025640D0A0010B50024E1
:1036B00007E004EB84010F4A02EB8100FCF795FF61
:1036C000641C202CF5D30C48FCF78FFF0B48FCF74B
:1036D0008CFF0B48FCF789FF0A48FCF786FF0A4875
:1036E000FCF783FF0448094908600448084908605A
:1036F00010BD0000604B0124E04D0124F44D012475
:10370000084E01241C4E0124304E0124BC0000242C
:10371000C000002409480068006808B9012000E0E2
:10372000002020B14FF0FF300549086005E0034854
:103730000068C0680068024908607047BC00002447
:10374000E800002410B5FFF7B1FCFFF761FC034867
:10375000006840F004000149086010BD9CEF00E0E3
:1037600030B587B00546002400BF6A48006840F0C5
:103770000200684908600846006800F002000190F5
:1037800000BF00BF00BF0846006840F008000860A6
:103790000846006800F00800019000BF00BF00BFAD
:1037A0000846006840F0100008600846006800F015
:1037B0001000019000BF00BF00BF56480C380068E1
:1037C00040F4804053490C3908600846006800F412
:1037D0008040019000BF00BF402002900220039073
:1037E00003200590012004900A20069002A94A486F
:1037F000FDF7F8F8042002900920069002A9464837
:10380000FDF7F0F84FF4605002900920069002A9ED
:103810004248FDF7E7F8042002900920069002A92B
:103820003F48FDF7DFF83B486438006840F48040CB
:103830003849643908600846006820F48040086010
:1038400000BF3848806800F020000028F9D13648D1
:1038500034490860354848600846006840F0010077
:10386000086000BF2F48806800F020000028F9D1D0
:103870004FF483702B49486100BF2A48806800F0EC
:1038800002000028F9D02748C06840F0020025490E
:10389000C86000BF2348806800F020000028F9D1EC
:1038A0002049C861EB2444F4807444F44064A81CAB
:1038B00044EA003444F4404400BF44F4801444F02B
:1038C000407444F04064084644611948006820F49C
:1038D00080301749086016487030006820F00100F9
:1038E0001349703108600020091D08604FF0104036
:1038F000091D08600F48091D086005200C4970313A
:1039000008600B48006840F480300949086007B03F
:1039100030BD0000E044025800040258000C025878
:10392000001002580050005210030001010218005C
:1039300024ED00E02D0003032DE9F041CCB08046DA
:103940000D4616461F4600245148006820F004002A
:103950004F49086000BF002001904E48006820F0E9
:1039600001004C4908600846006800F00100019021
:1039700047480C30006840F4404045490C3108602D
:103980000846006800F44040019000BF00BF00BF3F
:103990003F480C30006800F40050B0F5005FF7D1EC
:1039A000212031904FF480303290002034903890B4
:1039B0000120379002203A90022131A88162CDF88F
:1039C000F480C56246638763002141640821016475
:1039D00000218164FEF722FD04461CB101204CB099
:1039E000BDE8F0813F2044900320459000204690A0
:1039F000082047904020499000014A90402048907C
:103A00004B90042144A8FEF737FA04460CB101207C
:103A1000E5E721480290082003904FF4DC710491FF
:103A200002210591069107910021089109910A91BF
:103A3000022013902020149000201F9020904FF41B
:103A40004010239002A8FDF787FC04460CB101202A
:103A5000C5E70020FFF784FEFDF71AFA0F4800685B
:103A600040F080000D49086000BF0C48F430006849
:103A700040F002000949F43108600846006800F08F
:103A80000200019000BF00BFFCF7A2FF0020A6E7E4
:103A90000C4802582C040058030004030044025848
:103AA00010B5044609480A490860084644600021E8
:103AB0008160C160016181610C214161FCF79AFD67
:103AC000012204490248FCF740FD10BD00100140EE
:103AD000F80300241E00002470B504460025ACB194
:103AE0000F48006808B9012000E0002028B940F222
:103AF00049520CA114A0FCF769FD00F0AFF90021B8
:103B00002046FFF733FC00F0DBFC05463DB94FF0E3
:103B1000805011490860BFF34F8FBFF36F8F70BDA6
:103B2000F40000242E2E5C2E2E5C4D6964646C65BE
:103B300077617265735C4672656552544F535C746D
:103B400061736B732E6300004572726F723A2025A9
:103B5000732C2025640D0A0004ED00E070B50546C5
:103B6000FCF720FD15B92F48006800E02846044600
:103B7000201DFCF70DFD78B9E06A00EB80002A49B2
:103B800051F8200040B994F82C10012088402749B2
:103B90000968814325480160A06A18B104F1180042
:103BA000FCF7F6FC22480068401C214908601D48CB
:103BB0000068844209D1211D1E48FCF720FD1E48E3
:103BC0000068401C1C49086006E01C480068401E54
:103BD0001A490860FFF79EFDFCF7E9FC11480068F0
:103BE000844202D02046FFF7C1FC15480068C0B1EE
:103BF0000C480068844214D11248006808B90120BA
:103C000000E0002028B940F2DC420FA117A0FCF729
:103C1000DDFC4FF0805019490860BFF34F8FBFF3B0
:103C20006F8F70BDB8000024604B0124D0000024C9
:103C3000E40000241C4E0124C4000024C800002419
:103C4000D4000024F40000242E2E5C2E2E5C4D693E
:103C500064646C6577617265735C46726565525425
:103C60004F535C7461736B732E6300004572726F07
:103C7000723A2025732C2025640D0A0004ED00E023
:103C80000349096801600349096841607047000001
:103C9000E0000024CC0000240120014908607047A6
:103CA000DC00002470B504460D462CB940F61C42D9
:103CB00007A110A0FCF78AFC1248016818312046C1
:103CC000FCF76BFC01212846FFF750FB70BD00009C
:103CD0002E2E5C2E2E5C4D6964646C657761726576
:103CE000735C4672656552544F535C7461736B73B9
:103CF0002E6300004572726F723A2025732C2025C6
:103D0000640D0A00B800002470B504460E4615463E
:103D10002CB940F6524211A119A0FCF757FC60687B
:103D20001B490968C8611A49826809680A6218490A
:103D30000968183182685160154909681831816035
:103D4000134909688C622168491C21600DB14FF04C
:103D5000FF3629463046FFF709FB70BD2E2E5C2E3C
:103D60002E5C4D6964646C6577617265735C467244
:103D7000656552544F535C7461736B732E6300001E
:103D80004572726F723A2025732C2025640D0A004B
:103D9000B80000241CB51C4800210B468022CDE948
:103DA00000101AA11B4800F023F90446012C02D18F
:103DB000FCF72AFC0446012C17D100BF502072B634
:103DC00080F31188BFF34F8FBFF36F8F62B600BFD0
:103DD0004FF0FF30104908600120104908600020B2
:103DE0000F490860FCF715FC0BE0601C08B10120CE
:103DF00000E0002028B94FF404620AA112A0FCF7E9
:103E0000E5FB154800681CBDEC00002449444C4506
:103E10000000000081350008E8000024D4000024E0
:103E2000CC0000242E2E5C2E2E5C4D6964646C65E3
:103E300077617265735C4672656552544F535C746A
:103E400061736B732E6300004572726F723A2025A6
:103E5000732C2025640D0A00F0000024024800683D
:103E6000401C014908607047F400002410B51B484D
:103E7000006818B101201A4908602DE00020184997
:103E8000086018480068B0FA80F0C0F11F0404EB25
:103E90008400154951F8200008B1012000E00020FD
:103EA00028B940F6024211A119A0FCF78FFB04EBE0
:103EB00084010D4A02EB810041684968416000F1CC
:103EC000080142688A4202D14168496841604168FC
:103ED000C968134A116000BF10BD0000F40000243F
:103EE000DC000024D0000024604B01242E2E5C2E28
:103EF0002E5C4D6964646C6577617265735C4672B3
:103F0000656552544F535C7461736B732E6300008C
:103F10004572726F723A2025732C2025640D0A00B9
:103F2000B800002470B506460C462EB940F6FD4296
:103F30001FA128A0FCF74AFB2CB940F6FE421CA1A9
:103F400024A0FCF743FBFCF72DFB264802687068B1
:103F5000131A2548006890F8590030B10020224912
:103F6000096881F8590001251EE02068401C08B945
:103F7000002519E01D4930680968884206D070683C
:103F8000904203D80125002020600DE0206898426F
:103F900007D92068C01A20603046FFF771FE00255F
:103FA00002E0002020600125FCF701FB284670BDDF
:103FB0002E2E5C2E2E5C4D6964646C657761726593
:103FC000735C4672656552544F535C7461736B73D6
:103FD0002E6300004572726F723A2025732C2025E3
:103FE000640D0A00CC000024B8000024E000002486
:103FF0002DE9FF4F85B0804689461746DDE912ABB3
:10400000B800FCF70BFB064656B15C20FCF706FB3C
:1040100004460CB1266304E03046FCF7CDFA00E01C
:1040200000247CB10020CDE900ABCDE902403A4646
:1040300049464046089BFFF7B7FA2046FFF7FCF9D0
:10404000012501E04FF0FF35284609B0BDE8F08FAB
:104050000549096809B9012005E00449096809B959
:10406000022000E000207047D4000024F400002467
:104070000149086870470000CC0000242DE9F04198
:104080004FF000085F48006800287DD15E48006856
:10409000451C5D480560002D1DD15C480068006826
:1040A00008B9012000E0002028B940F6C72258A135
:1040B00060A0FCF78BFA55480768624800685349CE
:1040C00008606048076060480068401C5E490860FE
:1040D000FFF720FB00BF5D480068854277D300BF33
:1040E0004A480068006808B9012000E0002020B1BB
:1040F0004FF0FF305549086068E044480068C068E8
:10410000C4686668B54202D2504806605EE06069E5
:10411000D4E902128A60D4E902214A60211D426872
:104120008A4201D1E1684160002262610168491E52
:104130000160A06A98B1A06AD4E907128A60D4E944
:1041400007214A6004F1180142688A4201D1216ABC
:1041500041600022A2620168491E016000BF94F81C
:104160002C10012088403A49096808433849086002
:10417000E16A01EB8101374A02EB81014868A060E6
:104180008268E260211D00E033E082685160816056
:10419000E16A01EB81012F4A02EB81026261E16A6F
:1041A00001EB81012B4A52F82110491CE26A02EB13
:1041B0008202284B43F822102749E06A0968C96A3D
:1041C00088428DD34FF001088AE700E000BF224803
:1041D0000068C06A00EB80001E4951F820000128E9
:1041E00001D94FF001081D48006808B14FF00108DF
:1041F00004E01B480068401C194908604046BDE8BF
:10420000F0810000F4000024CC000024BC00002455
:104210002E2E5C2E2E5C4D6964646C657761726530
:10422000735C4672656552544F535C7461736B7373
:104230002E6300004572726F723A2025732C202580
:10424000640D0A00C0000024E0000024E8000024FF
:10425000D0000024604B0124B8000024DC000024BE
:10426000D800002470B505462C460026002D5ED0EF
:1042700030480068844201D1012000E0002028B9C4
:1042800041F24F022CA135A0FCF7A0F9206D28B90E
:1042900041F2500228A131A0FCF798F9206D401E90
:1042A0002065E16CE06A884241D0206D00283ED153
:1042B000201DFCF76DF940B994F82C1001208840BE
:1042C0002A490968814329480160E06CE062E06A9C
:1042D000C0F12000A06194F82C10012088402349EF
:1042E0000968084321490860E16A01EB8101204A1D
:1042F00002EB81014868A0608268E260211D82684B
:1043000051608160E16A01EB8101194A02EB81028F
:104310006261E16A01EB8101154A52F82110491CE2
:10432000E26A02EB8202124B43F822100126304669
:1043300070BD0000B80000242E2E5C2E2E5C4D694E
:1043400064646C6577617265735C4672656552542E
:104350004F535C7461736B732E6300004572726F10
:10436000723A2025732C2025640D0A00D000002409
:10437000604B012470B50646F068C4682CB940F65D
:1043800082423CA144A0FCF721F9A06AD4E90712BB
:104390008A60D4E907214A6004F1180142688A4220
:1043A00001D1216A41600022A2620168491E0160B8
:1043B0003D48006800283DD16069D4E902128A6056
:1043C000D4E902214A60211D42688A4201D1E16894
:1043D0004160002262610168491E016094F82C105E
:1043E0000120884031490968084330490860E16A82
:1043F00001EB81012E4A02EB81014868A0608268CE
:10440000E260211D826851608160E16A01EB8101F7
:10441000274A02EB81026261E16A01EB8101244AD1
:1044200052F82110491CE26A02EB8202204B43F849
:10443000221010E01F494868E0618268226204F19E
:1044400018018268516081601A4AA26211460968A7
:10445000491C116000BF1849E06A0968C96A8842AE
:1044600004D9012501201549086000E000252846EF
:1044700070BD00002E2E5C2E2E5C4D6964646C6550
:1044800077617265735C4672656552544F535C7414
:1044900061736B732E6300004572726F723A202550
:1044A000732C2025640D0A00F4000024D0000024A1
:1044B000604B0124084E0124B8000024DC000024D5
:1044C00070B5002400265048006828B940F6B302B1
:1044D0004EA157A0FCF77AF8FCF764F84A48006848
:1044E000401E494908600846006800287ED15448AB
:1044F000006800287AD05BE05248C068C468A06AAF
:10450000D4E907128A60D4E907214A6004F118014E
:1045100042688A4201D1216A41600022A262016898
:10452000491E01606069D4E902128A60D4E902215F
:104530004A60211D42688A4201D1E168416000223F
:1045400062610168491E016094F82C1001208840C6
:104550003D49096808433C490860E16A01EB810173
:104560003A4A02EB81014868A0608268E260211D3E
:10457000826851608160E16A01EB8101334A02EB9C
:1045800081026261E16A01EB8101304A52F8211037
:10459000491CE26A02EB82022C4B43F822102C49A0
:1045A000E06A0968C96A884202D301202949086083
:1045B0002448006808B9012000E0002000289BD0B2
:1045C0000CB1FFF7A7F82448056865B100BFFFF7F5
:1045D00055FD10B101201F4908606D1E002DF6D158
:1045E00000201D4908601B48006800E008E038B161
:1045F0000126300719490860BFF34F8FBFF36F8F53
:10460000FBF7D5FF304670BDF40000242E2E5C2E43
:104610002E5C4D6964646C6577617265735C46728B
:10462000656552544F535C7461736B732E63000065
:104630004572726F723A2025732C2025640D0A0092
:10464000C8000024084E0124D0000024604B01243F
:10465000B8000024DC000024D800002404ED00E0B1
:1046600010B500290AD00878002807D005487844FA
:10467000FBF7D9FF002801D0002010BD0248784484
:1046800010BD00005A000000520000004FF04070C2
:10469000E1EE100A7047000000000102030401026D
:1046A0000304060708090000E4460008000000248F
:1046B00030030000D4020008E4470008300300245F
:1046C000F0DF0300300300081C000000430000007E
:1046D000F8FFFFFF0C0000000E0000000F000000BC
:1046E0002E000000113C90D00304011B3210330156
:1046F0000122F833FFFF2205000D3CC56003900541
:10470000650390195B0390100BDD0603900D070302
:104710009040053224323032384220154041012485
:104720001CE003307812382CF00120800140023B5D
:104730001F1AAA01011402202D021E011E6C53042F
:104740009064041A70041A5C041A60041A68041A4B
:1047500058041ACC041AD4041A7C041A84041AC00B
:10476000041A74041AC4041AB8041A98041AB00477
:104770001AA4041A8C041E48560490E0086112FF23
:104780001FA4C00390A4C1041AC2041AC3042910B0
:104790009904411A54201A54201A54201AF8043942
:1047A00010990401AC0617D4C3B2A16F181615FCFA
:1047B0000290F1F8029095F902906DFA0290B5FB23
:1047C0000290E10C1A1D0C1A4504180AFC570490BB
:1047D000045804900C041E6C56049014081A1C040F
:0447E0001AF818812A
:0200000490006A
:10000000662937F07383642900F0B480782900F002
:10001000ED80732900F0D585002070472D4B1968BD
:100020000868B0E8F04F80F30988BFF36F8F4FF096
:10003000000080F311887047000000000848006845
:10004000006880F308884FF0000080F3148862B6DF
:1000500061B6BFF34F8FBFF36F8F00DF00BF00BFEC
:1000600008ED00E0DFF80C00016841F47001016068
:10007000704700BF88ED00E0EFF30980BFF36F8F9A
:10008000144B1A681EF0100F08BF20ED108A20E9EB
:10009000F04F106009B44FF0500072B680F3118831
:1000A000BFF34F8FBFF36F8F62B601F041FA4FF08D
:1000B000000080F3118809BC19680868B0E8F04FA7
:1000C0001EF0100F08BFB0EC108A80F30988BFF350
:1000D0006F8F7047B8000024EFF305807047000071
:1000E0000FB4044910B503AA029800F06FFD10BCCC
:1000F0005DF814FB180000240FB41CB5074B06AACA
:100100007B4469460090059800F031FD0020694667
:1001100000F040FD1CBC5DF814FB0000910A0000DB
:1001200070B50C460546012A05D02878800600D512
:10013000EA69002302E0012305E05B1C934202D23E
:10014000E05C0028F9D1A869E618C01AA861286AFD
:10015000184428622846AFF3008004E0D5E9012165
:1001600014F8010B9047B442F8D32846AFF300804F
:1001700070BD00002DE9F041064600241068752985
:10018000314616A510D0AFF30080002802DA4042B5
:1001900013A507E031688A0701D512A502E04907D7
:1001A00004D511A5012401E0AFF3008000210A224B
:1001B00006F1240709E0B0FBF2FCB0FBF2F302FB0E
:1001C0001C00303078541846491C0028F3D12346CF
:1001D0002A463046BDE8F04100F05BBA000000005E
:1001E0002D0000002B0000002000000070B5044628
:1001F0000D4621461068AFF300802188090502D51D
:100200000F4A7A4402E00E4A7A440E32002104F189
:10021000240305E000F00F060009965D5E54491CBA
:100220000028F7D120780023000704D5702D02D0D4
:1002300009B1022311322046BDE8704000F029BA0E
:10024000065004002DE9F05F894604464FF0000A8D
:10025000DFF874B1FB44C0F820A02046E16888476D
:10026000002874D0252806D0D4E901219047206ABF
:10027000401C2062F1E700265F462046E16888477F
:100280002028054607DB312D05D2781910F8200CFF
:1002900008B10643F1E7B00701D526F00406C4F81B
:1002A0001CA00027C4F818A02A2D09D0284603F066
:1002B00070FC38B304EB8708303DC8F8185019E0DB
:1002C00059F8041B204604EB87029161E1688847D6
:1002D000012F054618D1E069002820DA26F0200613
:1002E0001DE0D8F8180000EB800005EB4000303826
:1002F000C8F818002046E1688847054603F049FC25
:100300000028EED1012F0AD02E2D08D12046E16819
:1003100088477F1C0546022F46F02006C4DBA069F3
:10032000002803DA404246F00106A061F00701D040
:1003300026F010066C2D0BD0682D09D04C2D39D02D
:100340006A2D35D0742D35D07A2D33D016E038E0B3
:10035000E1682F4620468847B842054609D16C2FF0
:1003600026D04FF48060E168064320468847054662
:1003700004E06C2F1AD04FF4807006430DB3A5F142
:100380004100192802D8203546F400664A4629461D
:10039000204626604E46FFF733FE80B101280BD081
:1003A000F61D26F0070000F1080956E74020E4E7B3
:1003B0008020D8E70020D6E706F104094DE728465B
:1003C00052E7206ABDE8F09FDC4F040040EA0103D9
:1003D000024630B59B0710D14FF0013400E008C24F
:1003E00008C91D1B9D4315EAC41FF8D013F0FF0177
:1003F00002F8011B0DD01B0AF8E711F8013B002B96
:1004000002F8013B05D011F8013B002B02F8013B3B
:10041000F3D130BD10B5431C02E010F8011B71B1DF
:100420008107FAD14FF0013202C88C1A8C4314EACA
:10043000C211F9D0C01A0A0603D0C01E10BDC01ADE
:1004400010BD0A0401D0801E10BD0902FCD0401E60
:1004500010BD032A40F2308010F0030C00F015802C
:1004600011F8013BBCF1020F624498BF11F801CBB7
:1004700000F8013B38BF11F8013BA2F1040298BF1C
:1004800000F801CB38BF00F8013B11F0030300F086
:100490002580083AC0F0088051F8043B083A51F82A
:1004A00004CBA0E80810F5E7121D5CBF51F8043B2F
:1004B00040F8043BAFF30080D20724BF11F8013BA2
:1004C00011F801CB48BF11F8012B24BF00F8013B04
:1004D00000F801CB48BF00F8012B704710B5203A57
:1004E000C0F00B80B1E81850203AA0E81850B1E8ED
:1004F0001850A0E81850BFF4F5AF5FEA027C24BFA3
:10050000B1E81850A0E8185044BF18C918C0BDE899
:1005100010405FEA827C24BF51F8043B40F8043B62
:1005200008BF7047D20728BF31F8023B48BF11F817
:10053000012B28BF20F8023B48BF00F8012B704771
:1005400002F0FF0343EA032242EA024200F052BBF8
:100550004FF0000200B5134694469646203922BF5C
:10056000A0E80C50A0E80C50B1F12001BFF4F7AFA7
:10057000090728BFA0E80C5048BF0CC05DF804EB89
:10058000890028BF40F8042B08BF704748BF20F8F7
:10059000022B11F0804F18BF00F8012B70470000AC
:1005A0004FF0013C50F8042B51F8043B9A4215D10E
:1005B000A2EB0C03934313EACC130BD150F8042B9A
:1005C00051F8043B9A4209D1A2EB0C03934313EA7E
:1005D000CC13E7D04FF00000704700BFD01A01BA2B
:1005E000B1FA81F101F0180122FA01F0CB40C1F11A
:1005F0002001DBB2C0B2C01A2CFA01F3D11A914328
:1006000011EAC311E6D1704730B5B0F10A024FEAE2
:10061000900E71F100034EEA817EB0EB0E0061EBAB
:1006200091014FEA101E4EEA017E10EB0E0041EBE5
:1006300011114FEA102E4EEA016E10EB0E0041EB45
:1006400011214FEA104E4EEA014E10EB0E0041EB25
:100650001141401841F100014FEAD00040EA4170D9
:100660004FEAD10110EB80054FEA810444EA90740F
:1006700044EB01046D1944EB0404521BA3414FF0F9
:10068000000348BF0A3200D530BD401C41F10001D3
:1006900030BD2DE9F0470D4699469246044600F1DB
:1006A00024080168880604D5E06921F01001216062
:1006B00000E00120A84201DD471B00E00027A169FE
:1006C0007A1902EB0900081AA0612078C00602D44A
:1006D0002046AFF30080002608E0D4E901211AF893
:1006E00006009047206A401C761C20624E45F4DBD1
:1006F0002078C0060AD52046AFF3008006E0D4E992
:10070000012130209047206A401C2062381EA7F14A
:100710000107F4DC07E0D4E9012118F8050090474F
:10072000206A401C2062281EA5F10105F3DC20464A
:10073000AFF300802078000602D50220BDE8F087E4
:100740000120FBE770472DE9FF4F0C461E464FF096
:10075000FF378BB0D2E90001DDF860800A908A464D
:10076000C1F30A5505B93D46002108464FF0000087
:10077000BAF1000F00F4400005DA00EB80004FF4FE
:10078000400101EA50004FEA9059B9F1010F00DD34
:10079000B9460A9850EA4A000ED044F61050A5F225
:1007A000FF3545432F14B8F1000F1ED07542291EA6
:1007B0001EDDC9F100021CE0B8F1010F4FF000008E
:1007C00001D0302103E0F24305E02154401CB04247
:1007D000FBDB30460022002121540B99C1F8088030
:1007E000C1E900200FB0BDE8F08FBD1B6D1CDEE736
:1007F0004A4600DA694206A800F05CFA06AB93E8C4
:10080000070003AB83E8070050460A9900F0C8FAD6
:100810008DE80700A0F500501F3800900398002DC8
:100820000ADD42F21F014A460844002303A903904F
:10083000684600F031FD09E0A0F500504A461F3837
:10084000002303A90390684600F03BFD8DE80700F4
:100850000004000C03D04FF0FF30410800E01046C8
:10086000B8F1000F03D00022009215461EE0751E5D
:1008700005D4FFF7C9FE303262556D1EF9D5B34677
:100880000122084302D000227F1C04E02078302897
:1008900001D100227F1E002A099784D01DE0112D6E
:1008A00007DAFFF7B1FE303262556D1C50EA0102E3
:1008B000F5D1084302D00098C8B10EE00021681EAF
:1008C00005E0235C625C63542254401E491C814253
:1008D000F7DBAB46A81B401E0990002004F80B0074
:1008E0000B98099AC0F80880C0E9002B7AE7112616
:1008F0004FF0000857E72DE9F04F88460446D21D17
:1009000022F0070191B0D1E90001CDE90A0103F01D
:100910000AF902460B98C00F01D02D2007E020688D
:10092000810701D52B2002E0202101EAC000032A23
:10093000099001D0072A05DB03464146204600F016
:1009400079F90BE12078800601D5E06900E0062006
:10095000B8F1650F814606D0B8F1660F18D0B8F12E
:10096000670F70D131E00020B9F1110F009001DB69
:10097000112301E009F101030AAA01A90CA8FFF75C
:10098000E2FEDDE90C70002609F10105834647E02F
:1009900001204B4600904FF000470AAA01A90CA87D
:1009A000FFF7D1FEDDE90DB00C995D46002610B9C8
:1009B00009F101000D18B9EB050003D4C0F1FF36B1
:1009C00009F10105A5EB09002BE0B9F1010F01DAEE
:1009D0004FF001090020B9F1110F0090484601DDE8
:1009E000112300E003460AAA01A90CA8FFF7ABFEF9
:1009F000DDE90C704D4600268346207800070AD4B6
:100A0000AB4500DA5D4601A8012D04DD411911F85E
:100A1000011C302907D04F4502DA17F1040F04DA20
:100A2000012082460FE06D1EEEE7002F02DCED1B79
:100A30003E4403E0781CA84200DD7D1CB81B00F199
:100A4000010A4FF000472078000703D4AA4501DBD4
:100A50004FF0FF3A0021B7F1004F0DF143088DF838
:100A6000431024D002202B23002F01DA7F422D23B4
:100A70000A21021EA0F1010000DC5FB197FBF1FC2E
:100A800097FBF1F201FB1C7C17460CF1300C08F8C7
:100A900001CDEEE7A8F1010003702188090501D519
:100AA000452100E06521A0F1010800F8011C09982A
:100AB0000FA9A1EB0807FF1D00B10120411901EBAF
:100AC000EA70A1693844081A401EA0612078C00667
:100AD00002D42046AFF30080099828B1D4E901215F
:100AE0009047206A401C20622078C00622D520460C
:100AF000AFF300801EE0002E04DBB34502DD01A849
:100B0000805D00E03020D4E901219047206A401C3C
:100B10002062761CAAF101005FEA000A0AD100F007
:100B20000CFDC0680168405CD4E901219047206A4F
:100B3000401C2062281EA5F10105DCDC07E0D4E999
:100B4000012118F8010B9047206A401C2062381ED2
:100B5000A7F10107F3DC2046AFF30080032011B0BA
:100B600041E6000001694A1C02610878704700B53F
:100B70008FB0CDE901310021059105497944CDE9D6
:100B8000031011466846FFF75DFB0FB000BD000083
:100B9000E5FFFFFF0A6802F8010B0A60704710B515
:100BA000436913B1AFF3008001E0FFF7B9FA012008
:100BB00010BD127800F124010A7000224A7001224F
:100BC000EDE711684FF0FF32E9E70000074B70B521
:100BD0000D467B44FFF7CBFF0446284600F0DCF8C7
:100BE00010B14FF0FF3070BD204670BD3727007840
:100BF0004FF000020429C0F0128010F0030C3FF403
:100C0000A9ACCCF1040CBCF1020F18BF00F8012B09
:100C1000A8BF20F8022BA1EB0C01FFF79BBC5FEAF9
:100C2000C17C24BF00F8012B00F8012B48BF00F85D
:100C3000012B70472DE9F0411F4604460326016849
:100C4000072A01F4006004DB08B116A505E016A52B
:100C500003E008B115A500E015A521F01000206003
:100C6000A069C01EA0610FB1401EA0612046AFF375
:100C700000804FB1D4E9012138469047206A401CDA
:100C80002062C01C206206E0206AFAE7D4E9012154
:100C900015F8010B9047761EF8D22046AFF300807E
:100CA000BDE8F0814E414E006E616E00494E460037
:100CB000696E66002DE9F047814616468AB03548D0
:100CC00078440DC88DE80D0032487844801C03AC90
:100CD0000DC884E80D0041F69B300844372190FB95
:100CE000F1F290FBF1F5A5F1800501FB12041B3C2C
:100CF00002D56442012000E00020DFF898A0804681
:100D00000027FA44AAF1BE0A0EE0E0070AD03246F4
:100D1000684607EB470101230AEB810100F0D1FA95
:100D20008DE8070064107F1C002CEED1194F7F4422
:100D3000AE3F19E0E80715D007EB04100DF1180AD3
:100D400090E80E008AE80E00C068F04201D19819C0
:100D500008903246012306A903A800F0B2FA03ABBB
:100D600083E807006D10641C002DE3D14FF00103F0
:100D700032466946B8F1000F03A802D000F08CFAA1
:100D800001E000F09EFAC9E90001C9F808200AB0A4
:100D9000BDE8F08700460400007B00F0800070474B
:100DA0005FEA400C08BF91F0000F4FEA8C234FEA36
:100DB000C12243EA51514FEA1C5018BF00F5F040E0
:100DC0004FEA300018BF41F000415FEA6C5C00F070
:100DD0002980BCF1FF3F08BF40F080407047130CF2
:100DE00006BF12044FF0100C4FF0000C130E04BF9E
:100DF00012020CF1080C130F04BF12010CF1040CC9
:100E0000930F04BF92000CF1020CD30F04BF5200E9
:100E10000CF1010C11464FF00002A0F11F00A0EBF5
:100E20000C00704711F0004F08BF704731F00041CF
:100E30003FF4D5AF0B0C06BF09044FF0100C4FF078
:100E4000000C0B0E04BF09020CF1080C0B0F04BFC1
:100E500009010CF1040C8B0F04BF89000CF1020C8A
:100E6000CB0F04BF49000CF1010CCCF12003A0EB27
:100E70000C0022FA03F302FA0CF241EA030100F13A
:100E80000100704720F07F4C80EA030023F07F4789
:100E9000ACEB070303F57C5300F0004003F1FF03C4
:100EA0002DE980494FEA154B09B44FEA144325EA6E
:100EB0000B4E24EA03480FF2042606EB13274908D9
:100EC0003E785FEA320203FB0667C7F5000707FBBF
:100ED00006F64FEA54374FEAD64606F1020607FBFC
:100EE000066CCCF1005C4FEA1C472CEA074C07FB70
:100EF00006F40CFB06F504EB15464FEA961634BFD4
:100F000000204FF000404FEAD13706FB07FC4FEAC4
:100F10001C4C0CFB0BF7D21B03FB0CF761EB07011E
:100F20000CFB0EF7B0EB074072EB17420CFB08F717
:100F300034BFA2EB0742B2EB074261EB17414FEA25
:100F40000C444FEA910706FB07FC4FEA1C4C0CFBD4
:100F50000BF7B0EBC74072EB573203FB0CF734BF13
:100F6000A2EBC742B2EBC74261EB57310CFB0EF765
:100F7000B0EBC70072EB57720CFB08F734BFA2EB63
:100F8000C702B2EBC70261EB5771039F4FEA816161
:100F900041EA921104EBCC044FEAD1374FEA826266
:100FA00006FB07FC42EA90124FEA80604FEA1C4CB5
:100FB0000CFB0BF7D21B03FB0CF761EB07010CFBDF
:100FC0000EF7B0EB074072EB17420CFB08F734BF8B
:100FD000A2EB0742B2EB074261EB17414FEA8C5597
:100FE0004FEA910704EB9C2406FB07FC4FEA1C4CDC
:100FF0000CFB0BF7B0EBC74072EB573203FB0CF75F
:1010000034BFA2EBC742B2EBC74261EB57310CFBD6
:101010000EF7B0EBC70072EB57720CFB08F734BF4A
:10102000A2EBC702B2EBC70261EB577115EB4C257F
:101030004FEA816141EA92114FEA82624FEAD13769
:1010400042EA901206FB07FC44F100044FEA80607C
:101050004FEA1C4C0CFB0BF7D21B03FB0CF761EBAC
:1010600007010CFB0EF7B0EB074072EB17420CFBCD
:1010700008F734BFA2EB0742B2EB074261EB17411E
:1010800015EB1C154FEA813141EA92414FEA823259
:1010900042EA90424FEA80304FEA0C7644F1000475
:1010A00048EA03434EEA0B484FF0000EB2EB080C3F
:1010B00071EB030724BF624639464EEB0E0E4FF02C
:1010C000000B0018524149414BEB0B0BB2EB080CE3
:1010D00071EB03077BF1000B24BF624639464EEBF0
:1010E0000E0E4FF0000B0018524149414BEB0B0B19
:1010F000B2EB080C71EB03077BF1000B24BF6246D7
:1011000039464EEB0E0E51EA020718BF46F00106B3
:1011100016EB0E7655F1000254F1000103D5BDE83F
:101120008901BDE80088BDE88901BDE80048B6191D
:10113000524141EB0101A3F10103704780807F7EA2
:101140007D7C7B7A7978777676757473727171703D
:101150006F6E6E6D6C6C6B6A6A69686867666665EF
:101160006464636362616160605F5F5E5E5D5D5C7D
:101170005C5B5B5A5A5959585857575656555555EE
:101180005454535352525251515050504F4F4F4E4E
:101190004E4D4D4D4C4C4C4B4B4B4A4A4A4949499C
:1011A00048484847474747464646454545444444DE
:1011B000444343434342424242414141002B9C4607
:1011C00030D477002BD01CB54FEA370703B44FF06B
:1011D00010004FF01001BAF1000F06D0BCF1000F63
:1011E000DCBF40F0080040F008014FF000000FBCE9
:1011F000BDE810400BF1010BBBF1010F08BF5FEA26
:10120000170722BF12F1010211F101014FF0004155
:1012100043F1000300F0004043EA00007047F9D3B7
:101220005708D0E746EA064613F1400F4FEA164644
:101230001FDD13F1200FDFBF16430A4600212033C4
:101240005B42BED0C3F1200746EA064602FA07F722
:101250004FEA164646EA0706C3F1200722FA03F2D0
:1012600001FA07F721FA03F14FF0000342EA0702FF
:10127000A7E746EA020646EA06464FEA164646EA67
:101280000106BCBF46EA0646360C4FF000034FF09D
:1012900000024FF0000194E72DE9804C9A469346F6
:1012A00070B491E8380007C831EA400C48BF34EA0E
:1012B000430C03D5FFF7E6FDFFF780FFF0BCBDE868
:1012C000008C2DE9804C9A46934670B491E8380022
:1012D00007C810F0804F08BF13F0804F03D100F013
:1012E00005F8FFF76BFFF0BCBDE8008C20F07F47EE
:1012F00080EA030023F07F4C07EB0C03A3F57C533B
:1013000000F00040A3F1FE0392F0000F00F0B38064
:1013100095F0000F00F077802DE901494FEA114068
:101320004FEA144621EA004800FB06FC24EA06477F
:1013300008FB06F607FB08F800FB07F718EB064862
:101340004CEB164C4FEA124B18EB07484FEA154688
:101350004CEB174022EA0B4E0BFB06FC25EA064736
:101360000EFB06F607FB0EFE0BFB07F71EEB064E09
:101370004CEB164C4FF000061EEB074E4CEB174B98
:1013800018EB0B0840F1000018EB0E0B58EB0008AF
:1013900040F100008F1A4FF000013CBFC943661BAB
:1013A00014BFB5EB040C00213CBFC943F61B4FEA48
:1013B00017444EEA8E0E27EA04454FEA1C4704FB09
:1013C00007622CEA074C05FB07F70CFB05F604FB4C
:1013D0000CFC16EB074642EB174216EB0C4642EBB1
:1013E0001C421BEB060658EB0202414146EA9E06F0
:1013F00001D5BDE80189B619524141EB0101A3F1C4
:101400000103BDE801894FEA14454FEA114724EA78
:10141000054621EA074C05FB07F406FB07F70CFB22
:1014200006F105FB0CFC11EB074144EB17444FEAB6
:10143000124711EB0C4144EB1C4422EA074C05FB1C
:1014400007F206FB07F70CFB06F605FB0CFC16EB98
:10145000074642EB174216EB0C4642EB1C456A1856
:1014600054F1000148BF7047B619524141EB0101E8
:10147000A3F10103704795F0000F37D04FEA1142F6
:101480004FEA144721EA024624EA074C02FB07F11F
:1014900006FB07F70CFB06F402FB0CFC14EB0744FD
:1014A00041EB17414FEA154714EB0C4441EB1C414B
:1014B00025EA074C02FB07F506FB07F70CFB06F6CF
:1014C00002FB0CFC16EB074645EB174516EB0C46EA
:1014D00045EB1C42121951F1000148BF7047B61983
:1014E000524141EB0101A3F1010370474FEA14455A
:1014F0004FEA114724EA054621EA074C05FB07F1AC
:1015000006FB07F70CFB06F24FF0000605FB0CFC90
:1015100012EB074241EB174112EB0C4251EB1C411D
:1015200048BF7047921841EB0101A3F101037047D6
:1015300043F66D6CC0F6000C604740F2C14CC0F63B
:10154000000C604740F6E51CC0F6000C604740F612
:10155000FD3CC0F6000C604740F2396CC0F6000C50
:10156000604742F6F93CC0F6000C604740F60F4C6D
:10157000C0F6000C604743F2AD2CC0F6000C60478B
:1015800040F6294CC0F6000C604742F6B94CC0F654
:10159000000C604740F6D56CC0F6000C604740F682
:1015A000F96CC0F6000C604741F2291CC0F6000C33
:1015B000604740F2CB3CC0F6000C604742F2A91CE9
:1015C000C0F6000C604742F2CD1CC0F6000C60472C
:1015D00043F2C52CC0F6000C604740F6ED3CC0F667
:1015E000000C604743F6D92CC0F6000C604744F26B
:1015F000710CC0F6000C604743F6F17CC0F6000C9D
:10160000604743F6955CC0F6000C604740F6615CAD
:10161000C0F6000C604740F6055CC0F6000C604761
:1016200040F68D5CC0F6000C604744F2652CC0F6B5
:10163000000C604744F2753CC0F6000C604743F66E
:101640005D6CC0F6000C604744F2C14CC0F6000C63
:10165000604743F6994CC0F6000C604743F65D3C8A
:10166000C0F6000C604743F6095CC0F6000C60470A
:1016700044F27D0CC0F6000C604744F2510CC0F6F9
:10168000000C604743F6814CC0F6000C604743F6FF
:10169000257CC0F6000C604743F6A54CC0F6000C54
:1016A0006047000070B50446B3F5804F13D1D1E90F
:1016B000000540EA05108D6840EA05208D69284341
:1016C0008D8940EA054054F82250064E35402843A3
:1016D00044F8220003E06FF0704044F8220000203C
:1016E00070BD00000000F0CF30B50246086852F827
:1016F000200020F001000C6842F8240088680828C7
:1017000001D1402300E00023486818438C6820433F
:10171000CC6820430C6920434C6920438C692043EA
:10172000CC6920430C6A20434C6A20438C6A2043D6
:10173000CC6A20430C6B20434C6B20438C6B2043C2
:101740000C6852F824400D4D2C4020430C6842F8A0
:101750002400086BB0F5801F07D1086828B1106815
:1017600020F480100C6B20431060086818B11068DA
:101770004C6B20431060002030BD00008004C0FF8F
:1017800030B50346D1E9000540EA05108D6840EA0E
:1017900005208D8940EA0545088A401E45EA005526
:1017A000087D801E45EA00608D692843551C53F86A
:1017B000255005F040452843551C43F8250018687E
:1017C00000F48010B0F5801F0BD1586820F470042D
:1017D000088A401E44EA0054586820F470002043F0
:1017E0005860002030BD000070B504460E46154616
:1017F0000CB9012070BD94F8450028B9002084F888
:101800004400204600F028F804F108012068FFF7A2
:101810006BFF3146A2682068FFF7B2FF2946E36AF2
:10182000D4E90102FFF73EFFA168206850F82100CB
:1018300040F00100A268216841F8220005480068D4
:1018400040F0004003490860012084F84500002072
:10185000D0E700000040005210B586B0044600BF3B
:101860002048006840F480501E490860084600681F
:1018700000F48050009000BF00BF00BF19480C303A
:10188000006840F0080017490C31086008460068FD
:1018900000F00800009000BF00BF00BF08460068CD
:1018A00040F0100008600846006800F0100000904A
:1018B00000BF00BF4CF20370019002200290012093
:1018C0000390032004900C20059001A90648FFF71F
:1018D00039FE4FF68070019001A90448FFF732FEEF
:1018E00006B010BDD4440258000C02580010025833
:1018F000704770477047704710B50446206800690C
:10190000C0F34000D8B12068C068C0F34000B0B157
:101910006FF002002168086101202077206880694B
:1019200000F0030018B12046FFF7E5FF05E0204670
:1019300000F0BEF8204600F0BCF8002020772068B8
:101940000069C0F38000D8B12068C068C0F380008F
:10195000B0B16FF004002168086102202077206890
:10196000806900F4407018B12046FFF7C4FF05E01D
:10197000204600F09DF8204600F09BF800202077DC
:1019800020680069C0F3C000D8B12068C068C0F307
:10199000C000B0B16FF00800216808610420207712
:1019A0002068C06900F0030018B12046FFF7A3FFCC
:1019B00005E0204600F07CF8204600F07AF8002090
:1019C000207720680069C0F30010D8B12068C06893
:1019D000C0F30010B0B16FF010002168086108205A
:1019E00020772068C06900F4407018B12046FFF7E6
:1019F00082FF05E0204600F05BF8204600F059F831
:101A0000002020772068006900F0010058B12068AC
:101A1000C06800F0010030B16FF00100216808617A
:101A2000204600F047F820680069C0F3C01058B1A4
:101A30002068C068C0F3C01030B16FF0800021682A
:101A400008612046FFF755FF20680069C0F30020B9
:101A500058B12068C068C0F3C01030B16FF4807016
:101A6000216808612046FFF743FF20680069C0F342
:101A7000801058B12068C068C0F3801030B16FF09A
:101A8000400021680861204600F024F820680069C1
:101A9000C0F3401058B12068C068C0F3401030B1A6
:101AA0006FF02000216808612046FFF723FF10BD7A
:101AB0007047704710B504460448844205D100BF02
:101AC00040210348FFF743FD00BF10BDE0040024A0
:101AD00000100258704770477047704770470146C2
:101AE000D1F88030D1F8842043EA0200704700002A
:101AF0002DE9F04704462068C5692068066820681B
:101B0000876840F60F0005EA0008B8F1000F0FD112
:101B100005F0200060B106F0200010B907F08050F9
:101B200030B1E06E10B12046E16E8847BDE8F08725
:101B3000B8F1000F7ED06E48384018B96D4830407B
:101B40000028F7D005F0010058B106F4807040B1CC
:101B5000012021680862D4F8880040F00100C4F830
:101B6000880005F0020058B107F0010040B10220E2
:101B700021680862D4F8880040F00400C4F88800A6
:101B800005F0040058B107F0010040B104202168BD
:101B90000862D4F8880040F00200C4F8880005F01C
:101BA000080070B106F0200010B95148384040B12B
:101BB000082021680862D4F8880040F00800C4F8C2
:101BC000880005F4006060B106F0806048B14FF411
:101BD000006021680862D4F8880040F02000C4F852
:101BE0008800D4F88800002844D005F0200050B1C7
:101BF00006F0200010B907F0805020B1E06E10B15F
:101C00002046E16E8847D4F888902068806800F00C
:101C10004000402802D009F0280028B3204600F0F8
:101C200063FA2068806800F04000402818D12068DE
:101C3000806800E01FE020F0400021688860A06F0D
:101C400050B12D48A16F0865A06FFFF785FC88B1E2
:101C5000A06F016D88470DE02046FFF73FFF09E0C8
:101C60002046FFF73BFF05E02046FFF737FF002047
:101C7000C4F888005AE705F4801050B107F48000DA
:101C800038B14FF48010216808622046FFF725FF25
:101C90004CE705F0800058B106F0800010B907F459
:101CA000000028B1206F10B12046216F88473DE722
:101CB00005F0400030B106F0400018B1204600F0B9
:101CC00027FA33E705F4000030B106F0804018B180
:101CD0002046FFF701FF29E705F0807030B106F0DC
:101CE000004018B12046FFF7F6FE1FE700BF1DE7D2
:101CF0000100001020010004D120009010B504461E
:101D00000CB9012010BDA06900B100E000BFD4F8FB
:101D1000800028B9002084F87C002046FFF721FCD1
:101D20002420C4F880002068006820F001002168A9
:101D30000860204600F020FB012800D1E2E7A06AFD
:101D400010B1204600F00EF92068406820F4904061
:101D5000216848602068806820F02A002168886037
:101D60002068006840F0010021680860204600F00B
:101D700075F9C7E710B50346D3F88400202874D15D
:101D800001B10AB9012010BD00BF93F87C00012801
:101D900001D10220F7E7012083F87C0000BF99659C
:101DA000A3F85C20A3F85E200020D86600BF9868E6
:101DB000B0F5805F0AD1186920B940F2FF10A3F88E
:101DC000600020E0FF20A3F860001CE0986848B99C
:101DD000186918B9FF20A3F8600014E07F20A3F869
:101DE000600010E09868B0F1805F09D1186918B9F7
:101DF0007F20A3F8600006E03F20A3F8600002E027
:101E00000020A3F8600000BF0020C3F88800222053
:101E1000C3F884001868806840F001001C68A06066
:101E2000586EB0F1005F21D1B3F8680090421DDC1C
:101E30009868B0F5805F04D1186910B91848D86661
:101E400001E01848D86600BF002083F87C0000BF7E
:101E50001868006840F480701C682060186880680A
:101E600040F080501C68A06016E017E09868B0F55C
:101E7000805F04D1186910B90B48D86601E00B489F
:101E8000D86600BF002083F87C0000BF1868006897
:101E900040F490701C682060002074E7022072E714
:101EA000A5210090C5220090332100905922009076
:101EB0007047000000BF002240211848FFF756FB82
:101EC00000BF17A0FEF70CF94FF47A70FFF753FB31
:101ED00019A0FEF705F94FF47A70FFF74CFB00BF2D
:101EE00000BF00BF00BF00BFBFF34F8F00BF00BFE8
:101EF00000BF1648006800F4E06015490843001D63
:101F00001249086000BF00BF00BFBFF34F8F00BF82
:101F100000BF00BF00BF00BFFDE700000010025877
:101F20004D656D20416363657373204572726F72F6
:101F300021210D0A00000000536F66742052657362
:101F40006574696E672E2E2E0D0A00000CED00E000
:101F50000000FA0510B50248FFF7CEFC10BD0000E6
:101F6000E004002490F8281001F0010139B1016863
:101F7000496821F40031C26A11430268516090F847
:101F8000281001F00201022907D10168496821F4F3
:101F90008031026B11430268516090F8281001F003
:101FA0000401042907D10168496821F48021426BAA
:101FB00011430268516090F8281001F008010829C7
:101FC00007D10168496821F40041826B114302681E
:101FD000516090F8281001F01001102907D1016814
:101FE000896821F48051C26B11430268916090F8B6
:101FF000281001F02001202907D10168896821F407
:102000000051026C11430268916090F8281001F0B1
:102010004001402913D10168496821F48011426CC4
:10202000114302685160416CB1F5801F07D101680E
:10203000496821F4C001826C11430268516090F834
:10204000281001F08001802907D10168496821F436
:102050000021C26C114302685160704738B50446D4
:102060000020C4F88800FFF78BFA05462068006856
:1020700000F0080008280CD16FF07E402B460022AB
:102080004FF400110090204601F0EEFC08B103204F
:1020900038BD2068006800F0040004280CD16FF0FF
:1020A0007E402B4600224FF480010090204601F034
:1020B000DBFC08B10320EBE72020C4F88000C4F863
:1020C000840000BF002084F87C0000BF00BFDFE771
:1020D00070B50546AC6B0020A4F85E00A4F856006D
:1020E0002046FFF7FBFC70BD0168096821F4907180
:1020F0000268116001688968044A114002689160B1
:102100002021C0F884100021C1667047FEFFFFEF58
:1021100010B504462068006820F04000216808607F
:102120002020C4F88000002020672046FFF7C0FE72
:1021300010BD2DE9F0410446B4F86070D4F8840075
:10214000222826D12068406A86B2A56D06EA0700DB
:102150002880A06D801CA065B4F85E00401EA4F825
:102160005E00B4F85E00D0B92068006820F490707A
:10217000216808602068806820F00100216888607C
:102180002020C4F884000020E0662046FFF7FDF917
:1021900005E02068806940F0080021688861BDE89A
:1021A000F08100002DE9F0470446B4F86090D4F8BF
:1021B0008400222843D1B4F8685028E02068406A9F
:1021C0001FFA80F8A76D08EA09003880A06D801C0E
:1021D000A065B4F85E00401EA4F85E00B4F85E008E
:1021E00098B92068006820F4807021680860206831
:1021F000806817490840216888602020C4F884005E
:102200000020E0662046FFF7C0F9681E85B2002D69
:10221000D4D1B4F85E60C6B1B4F86800B04214DD41
:102220002068806820F08050216888600948E06656
:102230002068006840F020002168086005E0206800
:10224000806940F0080021688861BDE8F0870000DF
:10225000FEFFFFEF3321009070B50446B4F86060D4
:10226000D4F88400222826D12068406A85B2F0B2D2
:102270002840A16D0870A06D401CA065B4F85E00F8
:10228000401EA4F85E00B4F85E00D0B92068006873
:1022900020F49070216808602068806820F00100B8
:1022A000216888602020C4F884000020E066204671
:1022B000FFF76BF905E02068806940F008002168AD
:1022C000886170BD2DE9F0410446B4F86080D4F80F
:1022D0008400222843D1B4F8685028E02068406A7E
:1022E00087B208F0FF003840A16D0870A06D401C57
:1022F000A065B4F85E00401EA4F85E00B4F85E006D
:1023000098B92068006820F480702168086020680F
:10231000806817490840216888602020C4F884003C
:102320000020E0662046FFF730F9681E85B2002DD8
:10233000D4D1B4F85E60C6B1B4F86800B04214DD20
:102340002068806820F08050216888600948E06635
:102350002068006840F020002168086005E02068DF
:10236000806940F0080021688861BDE8F0810000C4
:10237000FEFFFFEF592200902DE9F04F89B004468F
:102380004FF00009002007908346F94920688842F1
:1023900000D100E000BF2169A068084361690843DB
:1023A000E16940EA010A606E40EA0A0A20680068B2
:1023B000F049084040EA0A00216808602068406847
:1023C00020F44050E168084321684860D4F818A020
:1023D000E7492068884202D0206A40EA0A0A206859
:1023E0008068E549084040EA0A0021688860206862
:1023F000C06A20F00F00616A08432168C86200BF0C
:10240000DE492068884220D1DD48006800F03800AD
:10241000182811D005DC48B1082809D0102811D19E
:1024200008E020280AD028280CD109E001250BE07B
:10243000042509E0082507E0102505E0202503E034
:10244000402501E0802500BFF8E0CE4920688842A1
:1024500019D1CB48006800F00700062810D2DFE849
:1024600000F0030507090B0D00250BE0042509E02A
:10247000082507E0102505E0202503E0402501E0C0
:10248000802500BFDAE0C0492068884219D1BC48E5
:10249000006800F00700062810D2DFE800F003050E
:1024A00007090B0D00250BE0042509E0082507E0CE
:1024B000102505E0202503E0402501E0802500BF30
:1024C000BCE0B2492068884219D1AD48006800F0EC
:1024D0000700062810D2DFE800F0030507090B0DFE
:1024E00000250BE0042509E0082507E0102505E09C
:1024F000202503E0402501E0802500BF9EE0A4499F
:102500002068884219D19E48006800F0070006281C
:1025100010D2DFE800F0030507090B0D00250BE0E2
:10252000042509E0082507E0102505E0202503E043
:10253000402501E0802500BF80E096492068884260
:1025400020D18F48006800F03800182811D005DC31
:1025500048B1082809D0102811D108E020280AD055
:1025600028280CD109E001250BE0042509E0082505
:1025700007E0102505E0202503E0402501E0802547
:1025800000BF5BE084492068884219D17C4800681C
:1025900000F00700062810D2DFE800F00305070965
:1025A0000B0D00250BE0042509E0082507E01025A8
:1025B00005E0202503E0402501E0802500BF3DE047
:1025C00076492068884219D16D48006800F00700FC
:1025D000062810D2DFE800F0030507090B0D0025DF
:1025E0000BE0042509E0082507E0102505E020257B
:1025F00003E0402501E0802500BF1FE05C49206822
:1026000088421AD15E48001D006800F007000628C5
:1026100010D2DFE800F0030507090B0D02250BE0DF
:10262000042509E0082507E0102505E0202503E042
:10263000402501E0802500BF00E0802500BF4C4917
:102640002068884271D1102D70D006DC022D09D08F
:10265000042D49D0082D6AD1A6E0202D68D0402D48
:10266000F9D1B3E1FEF796FF616A09B9012138E0BB
:10267000616A012901D1022133E0616A022901D195
:1026800004212EE0616A032901D1062129E0616A53
:10269000042901D1082124E0616A052901D10A2118
:1026A0001FE0616A062901D10C211AE0616A07293D
:1026B00001D1102115E0616A082901D1202110E023
:1026C000616A092901D140210BE0616A0A2901D11F
:1026D000802106E0616A0B2902D14FF4807100E08D
:1026E0000121B0FBF1FBB6E104A8FEF758FF059805
:1026F000616A09B9012154E0616A012901D102210D
:102700004FE0616A022901D104214AE0616A03298C
:1027100001D1062145E0616A042901D1082140E088
:10272000616A052905D10A213BE0FDE380E08FE1E4
:102730000BE1616A062901D10C2132E0616A0729A7
:1027400001D110212DE0616A082901D1202128E062
:10275000616A092901D1402123E0616A0A2901D176
:1027600080211EE0616A0B291AD14FF4807118E0B4
:10277000000C0058F369FFCFFFF4FF110010014077
:10278000544402580044004000480040004C0040BF
:10279000005000400014014000780040007C0040E0
:1027A0000121B0FBF1FB56E101A8FEF7FDFE029806
:1027B000616A09B9012138E0616A012901D1022168
:1027C00033E0616A022901D104212EE0616A032904
:1027D00001D1062129E0616A042901D1082124E000
:1027E000616A052901D10A211FE0616A062901D128
:1027F0000C211AE0616A072901D1102115E0616AF4
:10280000082901D1202110E0616A092901D1402164
:102810000BE0616A0A2901D1802106E0616A0B2977
:1028200002D14FF4807100E00121B0FBF1FB12E115
:10283000FA480068C0F3401088B3F8480068C0F355
:10284000C101F748C840616A09B9012139E0616AEC
:10285000012901D1022134E0616A022901D1042158
:102860002FE0616A032901D106212AE0616A042967
:1028700001D1082125E0616A052901D10A2120E062
:10288000616A062901D10C211BE0616A072901D187
:10289000102116E0616A082902D1202111E013E01D
:1028A000616A092901D140210BE0616A0A2901D13D
:1028B000802106E0616A0B2902D14FF4807100E0AB
:1028C0000121B0FBF1FB3FE0606A08B9012038E06C
:1028D000606A012801D1022033E0606A022801D138
:1028E00004202EE0606A032801D1062029E0606AF6
:1028F000042801D1082024E0606A052801D10A20BB
:102900001FE0606A062801D10C201AE0606A0728DF
:1029100001D1102015E0606A082801D1202010E0C4
:10292000606A092801D140200BE0606A0A2801D1C1
:10293000802006E0606A0B2802D14FF4807000E02E
:102940000120B749B1FBF0FB85E0606A08B90120BE
:1029500038E0606A012801D1022033E0606A022871
:1029600001D104202EE0606A032801D1062029E06D
:10297000606A042801D1082024E0606A052801D19A
:102980000A201FE0606A062801D10C201AE0606A64
:10299000072801D1102015E0606A082801D1202005
:1029A00010E0606A092801D140200BE0606A0A2823
:1029B00001D1802006E0606A0B2802D14FF48070BC
:1029C00000E001209749B1FBF0FB44E0606A08B9E0
:1029D000012038E0606A012801D1022033E0606AFA
:1029E000022801D104202EE0606A032801D10620CC
:1029F00029E0606A042801D1082024E0606A0528E3
:102A000001D10A201FE0606A062801D10C201AE0DB
:102A1000606A072801D1102015E0606A082801D1FA
:102A2000202010E0606A092801D140200BE0606A94
:102A30000A2801D1802006E0606A0B2802D14FF4F9
:102A4000807000E001204FF40041B1FBF0FB02E098
:102A50000120079000BF00BFBBF1000F00F0F2871C
:102A6000606800EB4000584503D860680003584593
:102A700003D20120079000F0E5BF102D75D006DCD1
:102A8000022D09D0042D67D0082D6FD1CCE0202D68
:102A90006DD0402DF9D14DE2FEF77CFD8046606A95
:102AA00008B9012238E0606A012801D1022233E02E
:102AB000606A022801D104222EE0606A032801D155
:102AC000062229E0606A042801D1082224E0606A15
:102AD000052801D10A221FE0606A062801D10C22D4
:102AE0001AE0606A072801D1102215E0606A082800
:102AF00001D1202210E0606A092801D140220BE0B8
:102B0000606A0A2801D1802206E0606A0B2802D19F
:102B10004FF4807200E0012294460023404619469B
:102B2000FEF747FD4FF4807300228C46A0FB031E86
:102B30000CFB03E300FB0233606840088C461CEB8F
:102B4000000643EB0201D4F804C06246002330467D
:102B5000FEF72FFD81464EE204A8FEF720FDDDF8CA
:102B600014E0606A20B901223BE0BFE040E282E16C
:102B7000606A012801D1022233E0606A022801D193
:102B800004222EE0606A032801D1062229E0606A4F
:102B9000042801D1082224E0606A052801D10A2214
:102BA0001FE0606A062801D10C221AE0606A07283B
:102BB00001D1102215E0606A082801D1202210E01E
:102BC000606A092801D140220BE0606A0A2801D11D
:102BD000802206E0606A0B2802D14FF4807200E088
:102BE00001229446002370461946FEF7E2FC4FF49A
:102BF000807C0022A0FB0C3E01FB0CE100FB0211DB
:102C0000606840081E185141D4F804C06246002391
:102C10003046FEF7CEFC8146EDE10000004402584C
:102C20000090D00300093D0001A8FEF7BDFCDDF8CF
:102C300008C0606A08B9012238E0606A012801D141
:102C4000022233E0606A022801D104222EE0606A89
:102C5000032801D1062229E0606A042801D1082254
:102C600024E0606A052801D10A221FE0606A062874
:102C700001D10C221AE0606A072801D1102215E068
:102C8000606A082801D1202210E0606A092801D179
:102C900040220BE0606A0A2801D1802206E0606AC7
:102CA0000B2802D14FF4807200E0012296460023E7
:102CB00060461946FEF77DFC4FF4807300228C4677
:102CC000A0FB031E0CFB03E300FB0233606840081B
:102CD0008C461CEB000643EB0201D4F804C06246AC
:102CE00000233046FEF765FC814684E1F848006821
:102CF000C0F3401090B3F6480068C0F3C101F54836
:102D000020FA01FE606A08B9012239E0606A0128F0
:102D100001D1022234E0606A022801D104222FE0AE
:102D2000606A032801D106222AE0606A042801D1E2
:102D3000082225E0606A052801D10A2220E0606AA5
:102D4000062801D10C221BE0606A072801D110225D
:102D500016E0606A082802D1202211E030E0606AA3
:102D6000092801D140220BE0606A0A2801D18022A3
:102D700006E0606A0B2802D14FF4807200E0012265
:102D80009446002370461946FEF713FC4FF48073F7
:102D900000228C46A0FB031E0CFB03E300FB023366
:102DA000606840088C461CEB000643EB0201D4F837
:102DB00004C0624600233046FEF7FBFB814659E023
:102DC000606A08B9012238E0606A012801D1022254
:102DD00033E0606A022801D104222EE0606A0328F1
:102DE00001D1062229E0606A042801D1082224E0EA
:102DF000606A052801D10A221FE0606A062801D115
:102E00000C221AE0606A072801D1102215E0606ADE
:102E1000082801D1202210E0606A092801D140224F
:102E20000BE0606A0A2801D1802206E0606A0B2864
:102E300002D14FF4807200E0012294460023A5489D
:102E40001946FEF7B6FB4FF4807300228C46A0FBB8
:102E5000031E0CFB03E300FB0233606840080E18FE
:102E600043EB0201D4F804C0624600233046FEF76B
:102E7000A0FB8146BFE0606A08B9012238E0606AC1
:102E8000012801D1022233E0606A022801D1042224
:102E90002EE0606A032801D1062229E0606A042836
:102EA00001D1082224E0606A052801D10A221FE02E
:102EB000606A062801D10C221AE0606A072801D155
:102EC000102215E0606A082801D1202210E0606A13
:102ED000092801D140220BE0606A0A2801D1802232
:102EE00006E0606A0B2802D14FF4807200E00122F4
:102EF0009446002378481946FEF75BFB4FF4807335
:102F000000228C46A0FB031E0CFB03E300FB0233F4
:102F1000606840088C461CEB000643EB0201D4F8C5
:102F200004C06246002300E073E03046FEF741FB38
:102F3000814660E0606A08B9012238E0606A0128D1
:102F400001D1022233E0606A022801D104222EE07E
:102F5000606A032801D1062229E0606A042801D1B1
:102F6000082224E0606A052801D10A221FE0606A75
:102F7000062801D10C221AE0606A072801D110222C
:102F800015E0606A082801D1202210E0606A092853
:102F900001D140220BE0606A0A2801D1802206E0BC
:102FA000606A0B2802D14FF4807200E0012294463F
:102FB00000234FF400401946FEF7FBFA4FF48073EC
:102FC00000228C46A0FB031E0CFB03E300FB023334
:102FD000606840088C461CEB000643EB0201D4F805
:102FE00004C0624600233046FEF7E3FA814602E061
:102FF0000120079000BF00BFB9F5407F06D3B9F5A7
:10300000801F03D22068C0F80C9034E5012007909F
:1030100031E5E069B0F5004F71D1082D70D005DCC5
:103020005DB1012D5AD0042D6BD1A7E0102D69D0D0
:10303000202D68D0402DF7D11EE2FEF7BFFA804662
:10304000606A08B9012038E0606A012801D10220D5
:1030500033E0606A022801D104202EE0606A032870
:1030600001D1062029E0606A042801D1082024E06B
:10307000606A052801D10A201FE0606A062801D194
:103080000C201AE0606A072801D1102015E0606A60
:10309000082801D1202010E0606A092801D14020D1
:1030A0000BE0606A0A2801D1802006E0606A0B28E4
:1030B00002D14FF4807000E00120B8FBF0F0400036
:1030C000616800EB5100B0FBF1F01FFA80F920E2DB
:1030D000004402580090D00300093D00FEF773FA47
:1030E0008046606A08B901203DE0606A012801D18C
:1030F000022038E0606A022806D1042033E020E292
:1031000088E003E2D2E06EE1606A032801D1062084
:1031100029E0606A042801D1082024E0606A0528BB
:1031200001D10A201FE0606A062801D10C201AE0B4
:10313000606A072801D1102015E0606A082801D1D3
:10314000202010E0606A092801D140200BE0606A6D
:103150000A2801D1802006E0606A0B2802D14FF4D2
:10316000807000E00120B8FBF0F04000616800EBE7
:103170005100B0FBF1F01FFA80F9CAE104A8FEF794
:103180000EFA0598616A09B9012138E0616A0129DE
:1031900001D1022133E0616A022901D104212EE02C
:1031A000616A032901D1062129E0616A042901D15C
:1031B000082124E0616A052901D10A211FE0616A22
:1031C000062901D10C211AE0616A072901D11021D9
:1031D00015E0616A082901D1202110E0616A0929FE
:1031E00001D140210BE0616A0A2901D1802106E06A
:1031F000616A0B2902D14FF4807100E00121B0FB1C
:10320000F1F04000616800EB5100B0FBF1F01FFAF3
:1032100080F97EE101A8FEF7C7F90298616A09B951
:10322000012138E0616A012901D1022133E0616A9C
:10323000022901D104212EE0616A032901D106216E
:1032400029E0616A042901D1082124E0616A052985
:1032500001D10A211FE0616A062901D10C211AE07F
:10326000616A072901D1102115E0616A082901D19D
:10327000202110E0616A092901D140210BE0616A37
:103280000A2901D1802106E0616A0B2902D14FF49D
:10329000807100E00121B0FBF1F04000616800EBBB
:1032A0005100B0FBF1F01FFA80F932E1F9480068F3
:1032B000C0F3401088B3F7480068C0F3C101F64876
:1032C000C840616A09B9012139E0616A012901D167
:1032D000022134E0616A022901D104212FE0616AF0
:1032E000032901D106212AE0616A042901D10821BC
:1032F00025E0616A052901D10A2120E0616A0629D9
:1033000001D10C211BE0616A072901D1102116E0CF
:10331000616A082902D1202111E01BE0616A0929B4
:1033200001D140210BE0616A0A2901D1802106E028
:10333000616A0B2902D14FF4807100E00121B0FBDA
:10334000F1F04000616800EB5100B0FBF1F01FFAB2
:1033500080F947E0606A08B9012038E0606A012816
:1033600001D1022033E0606A022801D104202EE05E
:10337000606A032801D1062029E0606A042801D18F
:10338000082024E0606A052801D10A201FE0606A55
:10339000062801D10C201AE0606A072801D110200C
:1033A00015E0606A082801D1202010E0606A092831
:1033B00001D140200BE0606A0A2801D1802006E09C
:1033C000606A0B2802D14FF4807000E00120B249FE
:1033D000B1FBF0F04000616800EB5100B0FBF1F090
:1033E0001FFA80F995E0606A08B9012038E0606A48
:1033F000012801D1022033E0606A022801D10420B3
:103400002EE0606A032801D1062029E0606A0428C2
:1034100001D1082024E0606A052801D10A201FE0BC
:10342000606A062801D10C201AE0606A072801D1E1
:10343000102015E0606A082801D1202010E0606AA1
:10344000092801D140200BE0606A0A2801D18020C0
:1034500006E0606A0B2802D14FF4807000E0012082
:103460008E49B1FBF0F04000616800EB5100B0FB09
:10347000F1F01FFA80F94CE0606A08B9012038E0E9
:10348000606A012801D1022033E0606A022801D17C
:1034900004202EE0606A032801D1062029E0606A3A
:1034A000042801D1082024E0606A052801D10A20FF
:1034B0001FE0606A062801D10C201AE0606A072824
:1034C00001D1102015E0606A082801D1202010E009
:1034D000606A092801D140200BE0606A0A2801D106
:1034E000802006E0606A0B2802D14FF4807000E073
:1034F00001204FF40041B1FBF0F04000616800EBA7
:103500005100B0FBF1F01FFA80F902E001200790B2
:1035100000BF00BFB9F1100F10D3B9F5803F0DD235
:103520004FF6F07009EA00000890C9F342010898CC
:103530000843089008982168C86083E2012007903A
:1035400080E2082D72D005DC5DB1012D53D0042D31
:103550006DD1A5E0102D6BD0202D6AD0402D66D105
:1035600017E2FEF72BF88046606A08B9012038E0C0
:10357000606A012801D1022033E0606A022801D18B
:1035800004202EE0606A032801D1062029E0606A49
:10359000042801D1082024E0606A052801D10A200E
:1035A0001FE0606A062801D10C201AE0606A072833
:1035B00001D1102015E0606A082801D1202010E018
:1035C000606A092801D140200BE0606A0A2801D115
:1035D000802006E0606A0B2802D14FF4807000E082
:1035E0000120B8FBF0F0616800EB5100B0FBF1F096
:1035F0001FFA80F919E2FDF7E6FF8046606A08B914
:1036000001203CE0606A012801D1022037E0606AB5
:10361000022801D1042032E0606A032801D106208B
:103620002DE0606A042805D1082028E083E0F9E154
:10363000CCE066E1606A052801D10A201FE0606ADB
:10364000062801D10C201AE0606A072801D1102059
:1036500015E0606A082801D1202010E0606A09287E
:1036600001D140200BE0606A0A2801D1802006E0E9
:10367000606A0B2802D14FF4807000E00120B8FB93
:10368000F0F0616800EB5100B0FBF1F01FFA80F937
:10369000CBE10000004402580090D00300093D0037
:1036A00004A8FDF77CFF0598616A09B9012138E09B
:1036B000616A012901D1022133E0616A022901D145
:1036C00004212EE0616A032901D1062129E0616A03
:1036D000042901D1082124E0616A052901D10A21C8
:1036E0001FE0616A062901D10C211AE0616A0729ED
:1036F00001D1102115E0616A082901D1202110E0D3
:10370000616A092901D140210BE0616A0A2901D1CE
:10371000802106E0616A0B2902D14FF4807100E03C
:103720000121B0FBF1F0616800EB5100B0FBF1F05A
:103730001FFA80F979E101A8FDF736FF0298616A66
:1037400009B9012138E0616A012901D1022133E080
:10375000616A022901D104212EE0616A032901D1A5
:10376000062129E0616A042901D1082124E0616A67
:10377000052901D10A211FE0616A062901D10C2126
:103780001AE0616A072901D1102115E0616A082950
:1037900001D1202110E0616A092901D140210BE00B
:1037A000616A0A2901D1802106E0616A0B2902D1F0
:1037B0004FF4807100E00121B0FBF1F0616800EB93
:1037C0005100B0FBF1F01FFA80F92EE1A348006828
:1037D000C0F3401088B3A1480068C0F3C101A048FD
:1037E000C840616A09B9012139E0616A012901D142
:1037F000022134E0616A022901D104212FE0616ACB
:10380000032901D106212AE0616A042901D1082196
:1038100025E0616A052901D10A2120E0616A0629B3
:1038200001D10C211BE0616A072901D1102116E0AA
:10383000616A082902D1202111E01AE0616A092990
:1038400001D140210BE0616A0A2901D1802106E003
:10385000616A0B2902D14FF4807100E00121B0FBB5
:10386000F1F0616800EB5100B0FBF1F01FFA80F954
:1038700046E0606A08B9012038E0606A012801D199
:10388000022033E0606A022801D104202EE0606A41
:10389000032801D1062029E0606A042801D108200C
:1038A00024E0606A052801D10A201FE0606A06282A
:1038B00001D10C201AE0606A072801D1102015E020
:1038C000606A082801D1202010E0606A092801D12F
:1038D00040200BE0606A0A2801D1802006E0606A7F
:1038E0000B2802D14FF4807000E001205C49B1FB4D
:1038F000F0F0616800EB5100B0FBF1F01FFA80F9C5
:1039000093E0606A08B9012038E0606A012801D1BB
:10391000022033E0606A022801D104202EE0606AB0
:10392000032801D1062029E0606A042801D108207B
:1039300024E0606A052801D10A201FE0606A062899
:1039400001D10C201AE0606A072801D1102015E08F
:10395000606A082801D1202010E0606A092801D19E
:1039600040200BE0606A0A2801D1802006E0606AEE
:103970000B2802D14FF4807000E001203949B1FBDF
:10398000F0F0616800EB5100B0FBF1F01FFA80F934
:103990004BE0606A08B9012038E0606A012801D173
:1039A000022033E0606A022801D104202EE0606A20
:1039B000032801D1062029E0606A042801D10820EB
:1039C00024E0606A052801D10A201FE0606A062809
:1039D00001D10C201AE0606A072801D1102015E0FF
:1039E000606A082801D1202010E0606A092801D10E
:1039F00040200BE0606A0A2801D1802006E0606A5E
:103A00000B2802D14FF4807000E001204FF40041F8
:103A1000B1FBF0F0616800EB5100B0FBF1F01FFA70
:103A200080F902E00120079000BF00BFB9F1100F3C
:103A300006D3B9F5803F03D22068C0F80C9001E0AE
:103A4000012007900120A4F86A00A4F86800002073
:103A5000E0662067079809B0BDE8F08F004402587F
:103A60000090D00300093D002DE9F04104460D46C9
:103A700017469846069E4AE0701C002847D0FDF77E
:103A80007FFDA0EB0800B04200D8C6B920680068EE
:103A900020F4D070216808602068806820F0010060
:103AA000216888602020C4F88000C4F8840000BF2A
:103AB000002084F87C0000BF0320BDE8F08120686E
:103AC000006800F0040010B32068C069C0F3C02093
:103AD000E8B14FF40060216808622068006820F4B3
:103AE000D070216808602068806820F0010021689B
:103AF00088602020C4F88000C4F88400C4F88800DE
:103B000000BF002084F87C0000BF0320D5E72068B8
:103B1000C0692840A84201D1012000E00020B8423D
:103B2000AAD00020C9E703B401984100009850EAE8
:103B3000C12018BF04204A0D18BF40F0010040F218
:103B4000FF72B2EB515F08BF40F00200012808BFCE
:103B5000052002B0704770B50446002508E02168D2
:103B6000481C20600878303805EB850100EB4105E2
:103B70002168087800F004F80028F0D1284670BDCC
:103B80000146302903DB392901DC01207047002080
:103B9000FCE730380A2801D2012070470020704726
:103BA00010B54021074801F0E3FA0022042106483D
:103BB0002BF05CFA0549086002F000FE0020044981
:103BC000087010BDF046022489680090B4020024F9
:103BD000B002002430B50346B1F90040B2F90050FC
:103BE000AC4202DDB1F9004001E0B2F900401C80B6
:103BF000B1F90240B2F90250AC4202DDB1F9024023
:103C000001E0B2F902405C80B1F90440B2F904501D
:103C1000AC4202DAB1F9044001E0B2F904409C8000
:103C2000B1F90640B2F90650AC4202DAB1F90640E9
:103C300001E0B2F90640DC800120B3F90040B3F99D
:103C40000450AC4205DCB3F90240B3F90650AC4273
:103C500000DD002030BDF8B504460D4616460027AD
:103C6000B4F90000B5F90010884212DBB4F9020083
:103C7000B5F9021088420CDBB4F90400B5F9041060
:103C8000884206DCB4F90600B5F90610884200DC6B
:103C900001270FB90020F8BD0EB90120FBE72088ED
:103CA000ADF800006088ADF802003246694628464B
:103CB00000F0A7F808B90020EDE7A088ADF80000F3
:103CC0006088ADF8020032466946284600F099F84F
:103CD00008B90020DFE72088ADF80000E088ADF8E3
:103CE000020032466946284600F08BF808B90020E9
:103CF000D1E7A088ADF80000E088ADF802003246B8
:103D00006946284600F07DF808B90020C3E7012085
:103D1000C1E70246B2F90000B1F90430984213DC61
:103D2000B2F90400B1F9003098420DDBB2F902009B
:103D3000B1F90630984207DCB2F90600B1F9023059
:103D4000984201DB012070470020FCE7F8B50446EB
:103D50000D461646B4F90400B5F90010884211DB8F
:103D6000B4F90600B5F9021088420BDBB4F9000083
:103D7000B5F90410884205DCB4F90200B5F9061063
:103D8000884201DD0120F8BD0EB90020FBE7208844
:103D9000ADF800006088ADF802003246694628465A
:103DA00000F02FF808B10020EDE7A088ADF8000082
:103DB0006088ADF8020032466946284600F021F8D6
:103DC00008B10020DFE72088ADF80000E088ADF8FA
:103DD000020032466946284600F013F808B1002078
:103DE000D1E7A088ADF80000E088ADF802003246C7
:103DF0006946284600F005F808B10020C3E7012015
:103E0000C1E72DE9FC5F05460E4614464FF0000A57
:103E1000B6F90000B5F90010884213DBB6F90000CE
:103E2000B5F9041088420DDCB6F90200B5F90210AC
:103E3000884207DBB6F90200B5F90610884201DCBA
:103E40004FF0010ABAF1000F02D10020BDE8FC9F3B
:103E5000002C01DC0120F9E7284616F0BEFD834660
:103E600000EBDB704710284616F02FFD834600EB71
:103E7000DB704FEA6008474501DA384600E040460B
:103E800081464C4500DD4C462888ADF80000288866
:103E9000204400B2ADF804006888ADF802006888DC
:103EA000204400B2ADF80600002231466846FFF714
:103EB000A8FF80B1BDF80400204400B2ADF80400B2
:103EC000BDF80600204400B2ADF806003146684651
:103ED00027F076FCBAE7E888001B00B2ADF80200D4
:103EE000E888ADF80600002231466846FFF789FFF2
:103EF00080B1BDF80400204400B2ADF80400BDF864
:103F00000200001B00B2ADF802003146684627F0FF
:103F100057FC9BE7A888001B00B2ADF80000A888FA
:103F2000ADF80400002231466846FFF76AFF80B111
:103F3000BDF80000001B00B2ADF80000BDF80200A3
:103F4000001B00B2ADF802003146684627F038FC8D
:103F50007CE76888ADF802006888204400B2ADF8BC
:103F60000600002231466846FFF74BFF80B1BDF8DE
:103F70000000001B00B2ADF80000BDF806002044B0
:103F800000B2ADF806003146684627F019FC5DE73F
:103F900001205BE710B5B1F90030B2F90040A3424F
:103FA00002DAB1F9003001E0B2F900300380B1F972
:103FB0000230B2F90240A34202DAB1F9023001E064
:103FC000B2F902304380B1F90430B2F90440A3429F
:103FD00002DDB1F9043001E0B2F904308380B1F9B7
:103FE0000630B2F90640A34202DDB1F9063001E025
:103FF000B2F90630C38010BD2DE9FF4104462AF016
:10400000D6FF05460020039034B14749E0680860B8
:1040100020462BF043F903E019F016FD42490860F1
:1040200041490968086927F029FB3F480068406951
:1040300020B13D490968486927F020FB3A490968E1
:10404000C86927F01BFB38490968086A27F016FB86
:1040500035480068006940B9002033490968A1F873
:10406000500100BF00BFBDE8FF8127F0A9FE27F087
:10407000EFFD2D480068B0F8500100284BD02A48C9
:1040800000680068007CC0F34000E8B12648006882
:1040900019F058FD401E06B22348006819F0ECFCE8
:1040A000401E07B23B460022114601A8009616F0BA
:1040B000D9FC01A81C4909680968896B48601A483D
:1040C000006805F0B7FD00BF4FF480711648006826
:1040D000303021F052FD20211348006800F598701F
:1040E00021F04BFD002010490968A1F85001284635
:1040F0002AF050FF03900C4800680068406A50B1F5
:104100000949096808680849096809684B6A074944
:104110000A680399984721F067FA00F03FF800F029
:1041200007F800BF9FE700006C010024680100242D
:1041300010B5002416E0C4EBC4000C4951F820006F
:1041400030B1C4EBC401094A52F8210021F0FEFA53
:10415000C4EBC401054A02EB81001C2121F00DFDD6
:10416000601CC4B2042CE6DB10BD0000CC47022466
:104170000146094A10680BE042688A4202D0026890
:104180008A4204D1027E22F00102521C027640696A
:104190000028F1D170470000400100247047000062
:1041A00010B50421014800F0E3FF10BDE4460224ED
:1041B00010B51C21014800F0DBFF10BDFC460224B5
:1041C0002DE9FF4F8BB004469A46199DBAF1000FB6
:1041D00011D11898B0F5807F0DD10020208060802B
:1041E0000C98401E00B2A0800D98401E00B2E080E6
:1041F0000FB0BDE8F08FB5F9000040421899484370
:104200000121C1EB202000B22080B5F9020040421C
:10421000189948430121C1EB202000B26080B5F914
:1042200000100C98401A18994843022101EB2020F5
:1042300000B2A080B5F902100D98401A18994843B1
:10424000022101EB202000B2E080BAF1000F14D16E
:1042500020882988084400B2208060886988084442
:1042600000B26080A0882988084400B2A080E0885D
:104270006988084400B2E080BAE70A209AFBF0F0AF
:104280000A900A98401C09900A9800EB8000AAEB5B
:10429000400B0A9800B22BF087F90890099800B2F9
:1042A0002BF082F907900A985A3000B22BF07CF973
:1042B000069009985A3000B22BF076F90590CBF1B0
:1042C0000A0108984143079800FB0B100A2190FB54
:1042D000F1F6CBF10A0106984143059800FB0B105B
:1042E0000A2190FBF1F776117F11B4F90080B4F93F
:1042F000029007FB08F006FB1900298801EBA020BB
:1043000000B2ADF8100006FB08F007FB0900698851
:1043100001EBA02000B2ADF81200B4F90480B4F9AA
:10432000029007FB08F006FB1900298801EBA0208A
:1043300000B2ADF80C0006FB08F007FB0900698825
:1043400001EBA02000B2ADF80E00B4F90080B4F982
:10435000069007FB08F006FB1900298801EBA02056
:1043600000B2ADF8080006FB08F007FB09006988F9
:1043700001EBA02000B2ADF80A00B4F90480B4F952
:10438000069007FB08F006FB1900298801EBA02026
:1043900000B2ADF8040006FB08F007FB09006988CD
:1043A00001EBA02000B2ADF80600BDF90800BDF990
:1043B0001010884202DABDF9080001E0BDF91000D2
:1043C000BDF90410BDF90C20914202DABDF90410C8
:1043D00001E0BDF90C1088420BDABDF90800BDF907
:1043E0001010884202DABDF908000DE0BDF9100096
:1043F0000AE0BDF90400BDF90C10884202DABDF9EB
:10440000040001E0BDF90C002080BDF90800BDF9F1
:104410001010884202DDBDF9080001E0BDF910006E
:10442000BDF90410BDF90C20914202DDBDF9041064
:1044300001E0BDF90C1088420BDDBDF90800BDF9A3
:104440001010884202DDBDF908000DE0BDF9100032
:104450000AE0BDF90400BDF90C10884202DDBDF987
:10446000040001E0BDF90C00A080BDF90A00BDF90F
:104470001210884202DABDF90A0001E0BDF912000B
:10448000BDF90610BDF90E20914202DABDF9061001
:1044900001E0BDF90E1088420BDABDF90A00BDF942
:1044A0001210884202DABDF90A000DE0BDF91200CF
:1044B0000AE0BDF90600BDF90E10884202DABDF926
:1044C000060001E0BDF90E006080BDF90A00BDF9EB
:1044D0001210884202DDBDF90A0001E0BDF91200A8
:1044E000BDF90610BDF90E20914202DDBDF906109E
:1044F00001E0BDF90E1088420BDDBDF90A00BDF9DF
:104500001210884202DDBDF90A000DE0BDF912006B
:104510000AE0BDF90600BDF90E10884202DDBDF9C2
:10452000060001E0BDF90E00E08000BF60E62DE965
:10453000F74F86B0044620680590B4F90810079834
:10454000A0EB0108B4F90A100898A0EB0109E08972
:10455000B0F5807F13D1206B00FB08F0E16A01FB0E
:104560001901606A00EBA10BE06A00FB08F0216B07
:1045700001FB0901A06A00EBA10004902FE0A089D3
:1045800080B9A06B00FB08F04FEA6018A06B00FB3D
:1045900009F04FEA6019606A00EB080BA06A484412
:1045A00004901CE0A06B00FB08F04FEA6018A06BC1
:1045B00000FB09F04FEA6019206B00FB08F0E16A8C
:1045C00001FB1901606A00EBA12BE06A00FB08F017
:1045D000216B01FB0901A06A00EBA12004904FEAC6
:1045E0002B2604980712B4F90400B04203DC002023
:1045F00009B0BDE8F08F002E01DA0020F8E7B4F929
:104600000600B84201DC0020F2E7002F01DA0020AA
:10461000EEE73420005DC0F3800050B33420005D2D
:10462000C0F3400078B90225B4F904007843684328
:1046300006FB050A059800EB0A012A4604F114005E
:1046400021F049FA2CE00325B4F9040078436843CB
:1046500006FB050A6A1E059800EB0A0104F1140026
:1046600021F039FA0AEB0500401E0599095CA17595
:1046700016E04FF0000A0025208A03463AB231B214
:10468000019004F118001DF00FFF0290BDF8080022
:10469000A0823AB231B204F118001DF065FEA07597
:1046A0003420005D00F00100B0B14FF47F400021E4
:1046B00000F47C4241EA5211C0F3C402114301915B
:1046C000BDF8042011460291A08ABDF80810884266
:1046D00001D100208CE700BFE07C08B9012087E70A
:1046E0000FFA8BF1A187049801B2E18731B2402023
:1046F000015339B242200153C4F844A084F8485011
:10470000204600F003F80390039871E72DE9F04F7D
:104710008DB00446D4F8009094F83C000C9094F8C6
:104720003E000B900C9870280BDA4FF0FF35B4F96F
:1047300040002844002800DA00250C988030C7B2D9
:1047400013E00C9890280EDD0125B4F940002844B0
:10475000B4F90410884200DB00250C98C0F1FF007A
:104760008030C7B201E00025FF270B9870280CDAD3
:104770004FF0FF36B4F942003044002800DA00263A
:104780000B98803000F0FF0815E00B9890280FDDA3
:104790000126B4F942003044B4F90610884200DB27
:1047A00000260B98C0F1FF00803000F0FF0802E007
:1047B00000264FF0FF08A08A0A90A07D06900020F6
:1047C0000590049003903420005DC0F38000002821
:1047D0005BD094F84800626C00FB052000EB0901F7
:1047E000022209A821F077F9A28894F8480012FB68
:1047F00000F2606C02FB060000EB0901022208A82F
:1048000021F069F9A28894F8480012FB00F2606C6C
:1048100002FB060294F8480000FB052000EB0901AA
:10482000022207A821F057F93420005DC0F34000B0
:1048300000287ED094F84800616C00FB0511084404
:10484000401E19F800000590A18894F8480011FB5B
:1048500000F1606C01FB060194F848000844401E1A
:1048600019F800000490A18894F8480011FB00F1A9
:10487000606C01FB060194F8480000FB0511084438
:10488000401E19F80000039053E0208A0090B4F90C
:1048900042204020005B284401B204F11800009B34
:1048A0001DF002FE0990208A00904220005B3044F7
:1048B00002B2B4F9401004F11800009B1DF0F4FDA1
:1048C0000890208A00904220005B304402B24020D1
:1048D000005B284401B204F11800009B1DF0E4FDC8
:1048E00007903420005DC0F3400010B3B4F94220BB
:1048F0004020005B284401B204F118001DF034FD93
:1049000005904220005B304402B2B4F9401004F13B
:1049100018001DF029FD04904220005B304402B2D3
:104920004020005B284401B204F118001DF01CFD7A
:104930000390BA46BB463420005DC0F34000E0B3AC
:1049400006987843C7F1FF0C059B03FB0C00C0F3EE
:10495000072104987843C7F1FF0C039B03FB0C006D
:10496000C0F3072201FB08F0C8F1FF0302FB0300BC
:10497000030AA375022905DC022A03DC00200DB01E
:10498000BDE8F08F022901DC4FF00008022A01DCAB
:104990004FF0FF080698022801DC4FF0000A059846
:1049A000022801DC4FF0FF0A0498022801DC4FF0D6
:1049B000000B0398022803DC00E002E04FF0FF0B3D
:1049C00003E0BA46BB46FF21A175BAF1000F02D140
:1049D000099802900BE0BAF1FF0F02D10A980290F9
:1049E00005E05246DDE9091018F09CFA0290BBF18F
:1049F000000F02D1079801900BE0BBF1FF0F02D12D
:104A00000898019005E05A46DDE9071018F08AFA87
:104A10000190B8F1000F03D1BDF80400A0820FE0AF
:104A2000B8F1FF0F03D1BDF80800A08208E04246AC
:104A3000DDE9011018F076FA0090BDF80000A082C0
:104A400001209CE72DE9F05F0446B4F9080001025B
:104A50006162B4F90A000102A162B4F90C000A21F2
:104A600090FBF1F56F1CB4F90C0005EB8501A0EB90
:104A70004106684200B22AF097FD8046784200B2B3
:104A80002AF092FD8146C5F15A0000B22AF08CFD51
:104A90008246C7F15A0000B22AF086FD8346C6F16D
:104AA0000A0000FB08F009FB06000A2190FBF1F167
:104AB000E162C6F10A0000FB0AF00BFB06000A21C6
:104AC00090FBF1F12163E06A4111E162206B411139
:104AD0002163A07C1DF0F7FD3421095D60F3000126
:104AE00034200155A07C1DF0D1FD3421095D60F317
:104AF000410134200155A07C042805D0A07C052864
:104B000002D0A07C062807D13420005D20F00400EC
:104B1000001D3421085505E03420005D20F004011B
:104B20003420015521682162A06920F0E000A061D5
:104B3000A17CA06961F30400A061A188A06961F370
:104B40009420A061E188A06961F35F50A061E089D1
:104B500000EBD071491001F5001191FBF0F2A26356
:104B6000FF21A175208AA082BDE8F09F2DE9F743BF
:104B7000054616460024134C2AF019FA804633469F
:104B800029462046019A1EF04DFA07465FB900BF3C
:104B900000BF2C21204620F0F0FF4FF00040A06223
:104BA0000020BDE8FE830020A062E06918B94046FD
:104BB0002AF0F0F9E061E06908B90120E0612046DF
:104BC000EFE700002047022410B51421114800F03F
:104BD000CFFA1EF0D9F9044600BF1CB900BF00BFD0
:104BE00000BFFEE700BF14B900BF00BF10BD0A49F7
:104BF00020461EF0B1FA094920461EF0AFFA0849D6
:104C000020461EF0ADFA074920461EF0A3FA00BF69
:104C1000ECE7000008470224A5270290792C0290B7
:104C2000952E02906D27029070B504460D46102116
:104C3000284620F0A2FF20680078012804D1208AAD
:104C40002880608A68800CE020680078022802D101
:104C5000E068686005E020680078042801D10A2037
:104C600068602068406820B1206829464268904703
:104C700001E000BF00BF70BD2DE9FE430446A66AF7
:104C8000EEB9A18A208A084401B2A182E18A608A31
:104C9000084401B2E18220460CF049FD06460EB9F7
:104CA000BDE8FE83204610F02BFC0022092130468F
:104CB0001CF09EFB6078C0F3400000B1F0E7208A52
:104CC00010B9608A002870D000200290019094F8FA
:104CD0003C0000F00F00032812D1304623F006F804
:104CE0000746304622F08AFF804603200090B4F940
:104CF00010103B46424630460BF0B0FF029012E0E7
:104D0000304623F075F80746304622F0E9FE80462B
:104D10000C200090B4F9121043463A4630460BF08E
:104D20009DFF019000BF304622F03AFF054605F096
:104D3000010028B9BDF90800002801DD002002901B
:104D400005F0020028B9BDF90800002801DA0020AA
:104D5000029005F0040028B9BDF90400002801DD27
:104D60000020019005F0080028B9BDF904000028D2
:104D700001DA0020019001AA02A920462DF046FA8E
:104D80000023BDF90420BDF90810304625F00EFFC0
:104D9000A08ABDF80810084401B2A182E08ABDF8DB
:104DA0000410084401B2E18200BF00BF78E72DE99A
:104DB000F84F0446D4F828B0BBF1000F01D1BDE88C
:104DC000F88F94F83C0000F00F0000B9F7E71EF0F0
:104DD000ABFC06463068477E4021584624F010FC64
:104DE00010B9002161832183584622F0EDFF8046EF
:104DF000584622F0F3FF054694F83C0000F00F00FF
:104E00000C2843D1002121831DBBB4F91A00C7F13E
:104E100064014843642190FBF1F001B2618358467C
:104E200022F05EFE8146584622F0E2FF82460C20C8
:104E30000090B4F91A104B46524658460BF00EFF3C
:104E40006083B4F91A2000231946584625F0AEFEB7
:104E500069E020462DF031FA0090002161836A4616
:104E600020462DF0D3F9BDF9003041F6FF725142D2
:104E700058460CF005FE8146BDF80000484402B2D9
:104E800001230021584625F091FE4CE094F83C00A7
:104E900000F00F00032846D100216183B8F1000F14
:104EA00023D1B4F91800C7F164014843642190FB91
:104EB000F1F001B22183584622F0A0FE8146584607
:104EC00022F014FF824603200090B4F918105346D4
:104ED0004A4658460BF0C2FE2083B4F9181000234E
:104EE0001A46584625F062FE1DE020462DF0CAF90C
:104EF0000090002121830022694620462DF086F98A
:104F0000BDF9003041F6FF72514258460CF01EFDCB
:104F10008146BDF80000484401B2012300225846F2
:104F200025F044FE00BF208B002860D1608B002854
:104F30005DD11DBB584622F05BFF8146584622F0EA
:104F4000CFFD8246B9F1000F02DCBAF1000F14DD8B
:104F5000B9F1000F06DA01234A460021584625F030
:104F600025FE0AE0BAF1000F07DA0123CAF10000BA
:104F700002B20021584625F019FE00BFB8F1000F1B
:104F800023D1584622F03AFE8146584622F0AEFE22
:104F90008246B9F1000F02DCBAF1000F14DDB9F15D
:104FA000000F06DA012300224946584625F0FEFD8F
:104FB0000AE0BAF1000F07DA01230022CAF100006B
:104FC00001B2584625F0F2FD00BF32460A2158468C
:104FD0001CF00EFA6078C0F3400000B1EFE694F8E0
:104FE0003C0020F00F0184F83C100021A16200BFBA
:104FF000E5E62DE9FF4104460F4614B918F024FDFB
:1050000004460CB9BDE8FF811FB90020A4F8500187
:10501000F8E70020ADF80800ADF80A00204618F0C7
:105020002BFD401E00B2ADF80C00204618F08AFDA2
:10503000401E00B2ADF80E0002AA39466846FEF7DF
:10504000C9FD064606B9DDE72068007CC0F34000D4
:1050500060B102982063039860630120A4F85001B6
:10506000606810B160682AF025F9CBE72068806994
:1050700018B1206869468269904700250BE004F169
:10508000300000EBC50100226846FEF7E4FD00B1E8
:10509000B8E7681C85B2B4F85001A842EFDCB4F858
:1050A0005001202809DAB4F8502104F1300101EB55
:1050B000C200694615F079FB0BE00020A4F850010E
:1050C000B4F8502104F1300101EBC20002A915F03F
:1050D0006CFBB4F85001401CA4F85001606810B19A
:1050E00060682AF0E7F800BF8CE770B505462846EF
:1050F00000F013F8044600260CE02146284600F094
:1051000024F806462146284600F086F8204620F07E
:105110001DFB3446002CF0D170BD014609B90020BA
:1051200070474868FCE770B5064600243046FFF734
:10513000F4FF054605E0641C2946304600F005F8FA
:105140000546002DF7D1204670BD02460B4610687B
:10515000001D03441868704702460B46106803445C
:1051600018687047014609B9002070478868FCE755
:10517000002242608260CA1C22F003010160704775
:1051800070B50446216801F1080020F011FA0546C7
:10519000A5B10022294620462BF0A0FB2946204637
:1051A00062682BF08DFB606820B12A46204661685A
:1051B0002BF094FB6560A06800B9A560284670BD1F
:1051C00070B50446216801F1080020F0F1F90546A8
:1051D000A5B10022294620462BF072FB2946204625
:1051E000A2682BF07BFBA06820B12A462046A1686C
:1051F0002BF066FBA560606800B96560284670BD4D
:10520000014609B901207047486818B9886808B98B
:105210000120F8E70020F6E72DE9F04104460D46AD
:105220000CB9BDE8F0812046FFF777FFA8420FD107
:1052300029462046FFF789FF6060606810B90020AA
:10524000A0602FE00022204661682BF047FB29E098
:105250002046FFF787FFA8420FD129462046FFF7D7
:105260007BFFA060A06810B9002060601AE00022F7
:105270002046A1682BF024FB14E029462046FFF7C6
:105280006BFF064629462046FFF75FFF07463A4672
:10529000314620462BF014FB3246394620462BF08F
:1052A0001DFB00BF00BFBCE710B504462068806846
:1052B00018B120682146826890472068006828B1AC
:1052C0002068006820602046FFF7EEFF10BD014611
:1052D000886818B18868B0F9160070470020FCE7AC
:1052E0002DE9F04F93B005468B4691469A461C9E99
:1052F000688C20F00400001D6884A5F82090328995
:105300005946284623F0F8FE1290A5F820A03289CD
:105310005946284623F0F0FE1190688C20F00400D6
:105320006884DDE9111088420CD1DDE91110884252
:1053300008D1BDF84800BDF84410884202D113B02E
:10534000BDE8F08FA5F8209032895946284623F011
:10535000D3FE1290A5F820A0594628460EF0A7FAD1
:1053600010903189109A1068129A28F0DCFA30896E
:10537000602833D147F6FF711298884202D0119805
:1053800088422BD1284624F0DEF80F9000EBD07035
:105390004710284624F0D7F80F9000EBD0704FEA62
:1053A000600847F6FF711298884208D1781C08F10E
:1053B0000101884200DA01E008F10100129047F68D
:1053C000FF711198884208D1781C08F101018842C8
:1053D00000DA01E008F10100119000BF2448FFF756
:1053E000CFFE044600BF1CB900BF00BF00BFFEE7F0
:1053F00000BF04B9A3E71298E06011982061ACB334
:1054000025603089A080C4F808B0684614F094FB89
:105410002146684614F043FC1649684614F00FFC18
:105420001548029000BF1549684614F016FCFF228B
:105430000021684614F023FC3188684614F015FCFE
:105440007188684614F0F6FBF068069000BF684665
:10545000002190F83E2061F3000280F83E2000BF5A
:1054600030690590684614F031FC00BF00BF66E764
:1054700014470224916603903D6903906D68039080
:1054800010B514210148FFF773FE10BD1447022424
:105490002DE9FE4F04460F4690464FF000090025C7
:1054A0006BE1E06800EBC5004068C0F3406000B10C
:1054B00062E1E16801EBC501496821F07F4026F017
:1054C000DAF8064626EA070008B9012000E00020C5
:1054D000029026EA080008B9012000E000200190AF
:1054E000DDE90101814272D0E06850F835A04FF04B
:1054F000000B6A4641F61001504627F0ADFE10B190
:105500004FF0010BA9E06A4641F61101504627F021
:10551000A3FE10B14FF0010B9FE06A4641F6120165
:10552000504627F099FE10B14FF0010B95E06A4606
:1055300041F61301504627F08FFE10B14FF0010BDA
:105540008BE06A4641F61501504627F085FE10B102
:105550004FF0010B81E06A4641F61401504627F0F6
:105560007BFE10B14FF0010B77E06A4641F2690112
:10557000504627F071FE10B14FF0010B6DE06A4606
:1055800043F20C01504627F067FE10B14FF0010BBB
:1055900063E06A4643F20D01504627F05DFE10B10C
:1055A0004FF0010B59E06A4641F20101504627F0E5
:1055B00053FE10B14FF0010B4FE06A4641F2040177
:1055C000504627F049FE18B14FF0010B45E0D2E0FC
:1055D0006A4641F20201504627F03EFE10B14FF0FC
:1055E000010B3AE06A4641F20301504627F034FECF
:1055F00010B14FF0010B30E06A4641F20501504610
:1056000027F02AFE10B14FF0010B26E06A4641F266
:105610000601504627F020FE10B14FF0010B1CE0B0
:105620006A4641F23201504627F016FE10B14FF0A3
:10563000010B12E06A4643F60F01504627F00CFEBC
:1056400010B14FF0010B08E06A4643F60E015046D8
:1056500027F002FE08B14FF0010BBBF1000F02D0A2
:105660000320BDE8FE8F6A4640F60A01504627F047
:10567000F3FD10B14FF002097CE06A4640F60B01E1
:10568000504627F0E9FD10B14FF0020972E06A467A
:1056900043F60F01504627F0DFFD10B14FF002092D
:1056A00068E06A4643F60E01504627F0D5FD10B17A
:1056B0004FF002095EE06A4640F63C01504627F092
:1056C000CBFD10B14FF0020954E06A4640F63D01AF
:1056D000504627F0C1FD10B14FF002094AE06A467A
:1056E00040F63A01504627F0B7FD10B14FF00209DD
:1056F00040E06A464FF40461504627F0ADFD10B11A
:105700004FF0020936E06A4640F64501504627F060
:10571000A3FD10B14FF002092CE06A4640F64101AA
:10572000504627F099FD10B14FF0020922E06A4679
:1057300040F64201504627F08FFD10B14FF00209AC
:1057400018E06A4640F64301504627F085FD10B147
:105750004FF002090EE06A4640F64901504627F034
:105760007BFD10B14FF0020904E0B9F1000F01D147
:105770004FF0010900BF00BF6D1C608CC0F3C50075
:10578000A8423FF68EAE48466BE70000014800682D
:10579000704700006C01002470470146C1F30412F9
:1057A000072A00DD0722D0B27047000010B518218B
:1057B0000348FFF7DDFC012029F094FC10BD000038
:1057C000C04602242DE9F04105460F4616460DB9A4
:1057D000BDE8F0812846FAF71DFE80463946284686
:1057E0000A4A126890470746E8193146074A126884
:1057F000904706463C4603E0A019285C2855641CE7
:10580000A8EB0600A042F7D200BFE1E700030024A6
:105810002DE9F04106460C4617461D4629463046FE
:10582000084A126890472060206830B129688819BA
:105830000021044A1268904700E000203860BDE86B
:10584000F0810000F80200242DE9F04F87B00446F3
:105850000F4692469846DDE910560DB1002028808B
:105860001CB9002007B0BDE8F08F207808B90020EF
:10587000F8E70FB90020F5E74FF0000906F0020045
:1058800010B906F0040098B1002000E0401C215C33
:105890000A2905D0215C0D2902D0215C0029F5D10F
:1058A000215C01B1401C15B14FF0FF312980D9E7CF
:1058B00006F0020008B141F6FF780020069005903E
:1058C00038E000200490059808B9012000E000208D
:1058D00006A904AACDE90062CDE902100599601875
:1058E00043465246394629F097FE83460498A8EB72
:1058F00000000FFA80F8049848440FFA80F9BBF1D1
:10590000000F00D11CE005985844059020780A2823
:1059100002D020780D2800D112E00598205C0A28DA
:1059200003D00598205C0D2803D10598401C0590F4
:1059300006E000BF0598205C10B1B8F1000FC0DC94
:1059400000BF059870B905A92046094A126890471A
:10595000834635B10022594638461BF0C0FF0FFA86
:1059600080F900BF0DB1A5F8009005987AE7000016
:10597000F80200242DE9F04706468846174606B18E
:105980000FB9BDE8F0873046FAF744FD8146384646
:10599000FAF740FD044604B9F3E704EB090A41466F
:1059A00030460B4A126890478046554603E0281B54
:1059B000305C70556D1E08EB0400A842F7D906EB69
:1059C00008002246394620F092F800BFD9E70000CF
:1059D00000030024024600200FA31B788B4211D144
:1059E00013781BB90123137001200BE01378012BEE
:1059F00002D10023137005E01378022B02D100239B
:105A0000137001201378012B04D1202901D1022326
:105A100013700120704700002300000073B582B0AE
:105A2000064603980190324600210846019B2AF061
:105A30000FF90546002001900024681C1FF0B8FDF6
:105A4000044600BF1CB900BF00BF00BFFEE700BF97
:105A500014B9002004B070BD002060553246691CA6
:105A60002046039B2AF0F4F82046F3E72DE9F0479F
:105A700081460E4614461F46DDF820A035461BE041
:105A8000600800FB075529464846D047B0F100089A
:105A900009DD04F0010080F00100C0EB5404E819B6
:105AA0000546064608E0B8F1000F02DA64083546FC
:105AB00002E02846BDE8F087002CE1D10020F9E79C
:105AC0002DE9FF4F85B08346DDE9158ADDE91349ED
:105AD000DDE91775129E05F00200F8B94FB105F027
:105AE000010030B1B9F1000F02D105F00C0000B196
:105AF0007F1E03E030222046641C3254544501D2FC
:105B0000202CF7D303E030222046641C325405F0E9
:105B1000010018B1BC4201D2202CF4D305F01000D2
:105B2000B0B305F4806050B94CB1544501D0BC42CB
:105B300005D1641E1CB1B8F1100F00D1641EB8F17C
:105B4000100F09D105F0200030B9202C04D27822A2
:105B50002046641C325415E0B8F1100F09D105F04D
:105B6000200030B1202C04D258222046641C32542C
:105B700008E0B8F1020F05D1202C03D262222046A2
:105B8000641C3254202C03D230222046641C325430
:105B9000202C16D2B9F1000F04D02D222046641C0F
:105BA00032540EE005F0040020B12B222046641C84
:105BB000325406E005F0080018B120222046641C8B
:105BC0003254CDE90275CDE90064584606A90EC9E4
:105BD00000F0A2F809B0BDE8F08F2DE9FF4F8FB0BB
:105BE0008046DDE91FABDDE91D96219D1C9C002749
:105BF0000CB925F0100505F4806000B1E4B100BFD8
:105C0000B4FBF6F106FB1141C8B20A2802DA00F132
:105C1000300107E005F0200109B1412100E06121D8
:105C200001440A39CBB239467F1C07AA5354B4FB4E
:105C3000F6F40CB1202FE3D307A8CDE904AB8DE82F
:105C4000810203960695404610A90EC9FFF738FF5A
:105C500013B0BDE8F08F2DE9FF4F8FB0DDE9217B58
:105C6000DDF89080209EDDE91C454FF00009002101
:105C700084EA01006940084301D128F0100808F4C3
:105C8000806028B1002184EA0100694008432DD0DA
:105C900000BF32463B4620462946FBF78AFC02F00D
:105CA000FF0ABAF10A0F02DA0AF1300007E008F041
:105CB000200008B1412000E0612050440A38C2B2FF
:105CC000484609F1010907A90A5432463B462046D5
:105CD0002946FBF76EFC04460D46002184EA0100CC
:105CE0006940084302D0B9F1200FD2D32398CDE9FF
:105CF000036BCDE9050807A91E98CDE900190290AC
:105D00000FA80FC8FFF7DCFE13B0BDE8F08F9A4272
:105D100000D28854704770472DE9FF5F054614464E
:105D2000DDE90EA6DDE91087A34607F0020078B989
:105D300007F0010060B9B14607E02246641C20204C
:105D4000039B0199A84709F10109C145F5D300BF9B
:105D500008E02246641C711E0E461AF80100039BDF
:105D60000199A847002EF4D107F0020050B105E0D8
:105D70002246641C2020039B0199A847A4EB0B003A
:105D80004045F5D3204604B0BDE8F09F2DE9FF4F14
:105D90008BB0074600250C9800B9FA4FEAE20E983E
:105DA000007825280AD02A466D1C0E990878DDE96E
:105DB0000C13B8470E98401C0E90DBE20E98401C66
:105DC0000E90002400BF0E9800782B2819D004DC18
:105DD00020281ED023282CD123E02D2809D03028BC
:105DE00027D144F001040E98401C0E9001200A9027
:105DF00022E044F002040E98401C0E9001200A900C
:105E00001AE044F004040E98401C0E9001200A9001
:105E100012E044F008040E98401C0E9001200A90F5
:105E20000AE044F010040E98401C0E9001200A90E5
:105E300002E000200A9000BF00BF0A980028C2D1EB
:105E400080460E990878FDF79BFE20B10EA8FDF75D
:105E500082FE804612E00E9800782A280ED118990A
:105E600001C91891002804DA44F00204C0F10008C6
:105E700000E080460E99491C0E9100BF4FF00009CA
:105E80000E9800782E281FD144F480640E98401C90
:105E90000E900E990878FDF773FE20B10EA8FDF75D
:105EA0005AFE814610E00E9800782A280CD11899E5
:105EB00001C91891002801DD014600E00021894652
:105EC0000E99491C0E9100BF0E9800786C280AD0DC
:105ED00004DC682816D06A2835D128E0742820D040
:105EE0007A2830D129E044F480740E98401C0E903A
:105EF0000E9800786C2804D144F400740E98401C6D
:105F00000E9021E044F080040E98401C0E900E98F4
:105F10000078682804D144F040040E98401C0E908C
:105F200012E044F480740E98401C0E900CE044F48F
:105F300000740E98401C0E9006E044F480740E9895
:105F4000401C0E9000E000BF00BF0E98007869284A
:105F50001DD00EDC622821D006DC25287ED05028FA
:105F60001AD058287BD115E0632879D06428F9D15C
:105F70000CE0732875D004DC6F280ED07028F1D1A6
:105F800009E0752804D07828ECD102E000BF00BFFA
:105F900000BF00BF00BF00BF00BF00BF0E98007869
:105FA000782803D00E980078582801D1102623E0D5
:105FB0000E980078702803D00E98007850280CD1E5
:105FC000102644F0100444F480740E98407856284B
:105FD00012D10E98401C0E900EE00E9800786F289B
:105FE00001D1082608E00E980078622801D1022627
:105FF00002E00A2624F010040E980078582803D0F6
:106000000E980078502801D144F020040E980078B2
:10601000692805D00E980078642801D024F00C047B
:1060200004F4806008B124F001040E980078692817
:1060300003D00E98007864287CD104F40070B8B3C3
:106040001898C01D20F007001890D0E900AB189AEE
:10605000083218920020CDE9069803E073E17CE154
:10606000F2E01CE1CDE904600894BAEB00017BEB9F
:10607000000001DA012000E0002000210290084623
:10608000B1EB0A0170EB0B0002DA5046594605E00D
:1060900000200146B0EB0A0061EB0B01CDE90001E5
:1060A0002A463846DDE90C13FFF7D5FD0546C7E063
:1060B000FFE704F48070D0B1189850F804AB189042
:1060C0004FEADA70CDE9039802960594BAF1000F11
:1060D00001DD514601E0CAF10001CDE900102A4678
:1060E0003846DDE90C13FFF778FD0546A8E004F01B
:1060F000400028B1189810F8041B1890C8B20DE0A1
:1061000004F0800028B1189830F8041B189008B2E9
:1061100004E0189800681899091D189182464FEA02
:10612000DA70CDE9039802960594BAF1000F02DD0A
:10613000514602E00BE0CAF10001CDE900102A4609
:106140003846DDE90C13FFF748FD054678E00E9868
:106150000078562818D1189850F804AB1890DAF83F
:1061600004000068099009980090DAF800300D9852
:10617000421B0C9841193846FFF708FE05440020E1
:1061800009905DE0175D009004F40070D0B118989C
:10619000C01D20F00700CDE9069808941890002053
:1061A000CDE904600290189903C9189A0832189230
:1061B000CDE900012A463846DDE90C13FFF74BFD17
:1061C00005463DE004F4807098B10022CDE90398C3
:1061D00002960594189800681899091DCDE90002E7
:1061E00018912A463846DDE90C13FFF7F6FC054600
:1061F00026E004F0400028B1189810F8041B18900D
:10620000C8B20DE004F0800028B1189830F8041BE3
:10621000189088B204E0189800681899091D189120
:1062200082460020CDE900A0CDE9039802960594AE
:106230002A463846DDE90C13FFF7CFFC054600BFC0
:106240000E98401C0E9093E0012604F0020050B915
:1062500005E02A466D1C2020DDE90C13B8473046C6
:10626000761C4045F5D3189911F8043BD8B22A465C
:106270006D1C1891DDE90C13B84704F0020050B111
:1062800005E02A466D1C2020DDE90C13B847304696
:10629000761C4045F5D30E98401C0E9068E0189887
:1062A00050F804AB18905046B9F1000F01D04946A0
:1062B00001E04FF0FF310A46014600E0491C0B782F
:1062C0001BB1131EA2F10102F8D10E1A04F4806072
:1062D00028B14E4501D2304600E04846064604F05B
:1062E000020050B905E02A466D1C2020DDE90C13A0
:1062F000B8473046761C4045F5D306E01AF8010B46
:106300002A466D1CDDE90C13B8479AF8000040B12D
:1063100004F480600028F1D0B9F10000A9F101096E
:10632000ECD104F0020050B105E02A466D1C20209B
:10633000DDE90C13B8473046761C4045F5D30E987E
:10634000401C0E9014E02A466D1C2520DDE90C133C
:10635000B8470E98401C0E900AE02A466D1C0E9914
:106360000878DDE90C13B8470E98401C0E9000BF6A
:1063700000BF00BF0E98007800287FF410AD0D9884
:10638000854201D2284601E00D98401E02460020B9
:10639000DDE90C13B84728460FB0BDE8F08F2DE9B2
:1063A000F04104460E46002774B13146204600F005
:1063B0002DF80546B5F5003F05D20C2D01D928462C
:1063C00000E00C20074600BF3846BDE8F0810246D9
:1063D00000BF481E084018B100BF00BF00BFFEE765
:1063E00000BF481E1040101A704710B502464B1EE1
:1063F00013444C1E23EA040000BF4B1E0B401BB18C
:1064000000BF00BF00BFFEE700BF10BD024600BFD7
:10641000481E084018B100BF00BF00BFFEE700BF24
:10642000481E10444B1E9843704700002DE9F04170
:1064300080460E46444601206086002500270DE078
:1064400056F8270025A1FAF7ABF810B1681C85B201
:1064500002E0608E401C6086781C87B256F82700E8
:1064600020B156F8270000780028E9D1208EA842F4
:1064700001D1BDE8F081A06A20B1A06A1FF066F9E1
:106480000020A062E06A20B1E06A1FF05FF90020FE
:10649000E062E8001FF08CF8A06200BFA06A18B9A3
:1064A00000BF00BF00BFFEE700BF68001FF080F81C
:1064B000E06200BFE06A18B900BF00BF00BFFEE79E
:1064C00000BFA06A08B1E06A00B900256900E06A6F
:1064D0001FF053FB258600BFCBE700000A00000039
:1064E0002DE9F84F81460E46924699F8090000F0D2
:1064F0000700022801D1304600E050468346564549
:1065000001DD304600E050460746032000EB47001F
:1065100020F0030000F11005394800683949096886
:10652000A0EB0108002405EB080037490968884200
:1065300006D233480468606820F0004060603AE0AA
:1065400031480068854221D813E04FF0FF300090B9
:10655000002269462D480FF023FD002269462C4891
:106560000FF01EFD2648006826490968A0EB0108C7
:1065700000BF08EB0500244909688842E5D8204897
:106580000468606820F00040606014E028461FF056
:106590000FF8044600BF1CB900BF00BF00BFFEE7F4
:1065A00000BF14B90020BDE8F88F606820F00040FB
:1065B00000F10040606032465946484601F0E2FE74
:1065C0002060606800F04040401C6060606820F01F
:1065D00080406060A781A4F80EB06068C00F20B151
:1065E000204600F11001A16008E005480068103065
:1065F000A060034800682844014908602046D2E7AB
:1066000074010024C80200247001002411170190B5
:1066100069610190F0B585B006460D46344600200C
:1066200004900390029094F83C0000F0030020B125
:10663000012838D0022866D000BF94F83C0000F052
:1066400003005A49097888421BD02620005D00EBE0
:10665000001000EB4000142190FBF1F05449087049
:106660002720005D00EB001000EB4000142190FBA0
:10667000F1F05049087094F83C0000F003004B49D9
:10668000087002A803A9CDE9001005EB45014FF6FB
:10669000FF7202EA410004AB46490A78444909788E
:1066A0000AF00CFD5FE094F83C0000F003003F4965
:1066B000097888421AD0A08C00EB400040024FF4C9
:1066C000B471B0FBF1F03C4908802720005D00EB7D
:1066D000001000EB4000142190FBF1F035490870E8
:1066E00094F83C0000F003003049087002A803A9A8
:1066F000CDE90010E9B204AB2E4802782E4800889C
:106700000AF0DCFC2FE094F83C0000F0030027497D
:10671000097888421AD0A08C00EB400040024FF468
:10672000B471B0FBF1F0244908802620005D00EB35
:10673000001000EB4000142190FBF1F01C490870A0
:1067400094F83C0000F003001849087002A803A95F
:10675000EAB204ABCDE9001015480178164800886C
:106760000AF0ACFC00BF00BF9DF810009DF80C10B3
:106770009DF80820D708BDF8003067F304038F08A0
:106780000093BDF8003067F34A13C7080093BDF8C3
:10679000003067F3CF230093BDF800703B460193B0
:1067A000BDF80410084605B0F0BD0000DE0100246D
:1067B000DC010024DD010024DA01002410B50120F1
:1067C000074908700748FEF7A8FC20B9064800688A
:1067D00028F064FD03E00448006828F06BFD10BD5C
:1067E000B0020024F0460224B402002410B504468E
:1067F00094F83E00C0F3400050B9A08F002807DD98
:10680000A08F4FF6FF71884202D0A08F401EA08754
:10681000A08FA8B9606B20B194F83E00C0F340008F
:1068200070B121461748FEF7F7FCFFF7C7FFE06895
:1068300010B12046E168884720461EF087FF1FE020
:10684000A06B4042E062606BD0B194F83E10C1F39F
:10685000400111B9216B4942E16294F83E104908A8
:10686000C94394F83E2061F3410284F83E20E06978
:10687000616AE1616062A06A616BA162606300BFEE
:1068800010BD0000F04602242DE9F0418046424848
:10689000006828F07FFB06464048007880F0010041
:1068A0003E4908703E48FEF738FC04466BE0002085
:1068B0003C49087094F83E00C0F3800037490978DD
:1068C000884253D0354801782C34A07C61F3820093
:1068D000A07420688719A07C2C3CC0F3C00010BBBA
:1068E000E06A00281FDC002F1DDB94F83E0000F05A
:1068F000010060B9206950B12046216988470546EA
:10690000E0692844E061606A2844606200BFA068D2
:1069100010B12046A168884794F83E0020F0080096
:10692000083084F83E00E06A3044E062E06A002803
:106930001BDBD4E90A10884201DDA06AE062204630
:10694000A16988470546206AA84206D0256260688A
:1069500018B12946D4E900029047D4E90A108842C8
:1069600002DB2046FFF742FF00BF00BF0D48007862
:1069700020B10B48FEF7D1FB044604E0214608484D
:10698000FEF7E3FB0446002C91D128F010FB0249EE
:106990000860BDE8F0810000AC020024B1020024D0
:1069A000F0460224B0020024F7B582B004460E4639
:1069B00014B9049805B0F0BD00BF632231462046EB
:1069C00022F09AFB0190019D00BFBDB12868A8B1DB
:1069D00000BF64223146204622F08EFB01900198D0
:1069E000C0B207464FB13A462B68284604999847EB
:1069F0000190BDF80400ADF8100000BF0498D9E77D
:106A000070B504460D46606818B129466068FFF706
:106A1000F7FF206818B1294620462268904770BDCC
:106A200070B505460C46A1B2284613F0EBFD70BDCB
:106A300070B505460C46A1B2284613F034FE70BD71
:106A400010B50DF075FC10BD70B505460C46164628
:106A500006E028466A1C95B200F008F804F8010B1D
:106A6000301EA6F101018EB2F3D170BD70B504469F
:106A700000260DF023FD2112A02202EB4101C8B235
:106A80000DF0E4FC0DF062FD2546E11704EB116109
:106A90000912A4EB0121C8B20DF0D8FC0DF056FD8F
:106AA0000DF00CFDA1200DF0D1FC0DF04FFD0020EC
:106AB0000DF09CFC06460DF029FD304670BD70B50A
:106AC00005460C46164606E02178284600F009F8EF
:106AD000681C85B2641C301EA6F101018EB2F3D190
:106AE00070BD70B504460E460DF0E8FC2112A022E0
:106AF00002EB4101C8B20DF0A9FC0DF027FD2546BF
:106B0000E11704EB11610912A4EB0121C8B20DF0E9
:106B10009DFC0DF01BFD30460DF098FC0DF016FDB0
:106B20000DF0F4FC0A20FAF726FD70BD70B504469E
:106B30000D4600BF204600F03BF818B100BF00BF73
:106B400000BFFEE700BF284600F050F9001D616855
:106B500008446060204600F03AF8204670BD70B5E9
:106B600005460C46284600F041F904F11001884220
:106B700001D3012070BD0020FCE70146A1F108000F
:106B800070477CB505460C46204600F02FF90646B6
:106B90006A4601A929F07CFB21462846DDE900323E
:106BA0000EF080FD7CBD0146087900F001007047C1
:106BB00010B50446204600F019F908B9012010BDAF
:106BC0000020FCE70146087900F00200704770B52C
:106BD0000446204600F097F805462C60284670BD14
:106BE0007CB506460C4600200190009000256CB153
:106BF0006A4601A9204629F068FB01980B2805DAAE
:106C00006A4601A930462BF03FFC054685B100BF1E
:106C1000284600F0EBF8A04203D200BF00BF00BF3F
:106C2000FEE700BF29463046DDE900322BF094F83C
:106C300028467CBD70B504462046FFF7C8FF0546D0
:106C4000284600F0BEF8204600F0B6F870BD70B5DA
:106C50000446204600F057F80546284600F0B6F8EE
:106C6000204600F0BEF870BD70B506460D462846B9
:106C700000F049F8044600BF1CB900BF00BF00BFC8
:106C8000FEE700BF2046FFF78EFF90B100BF284609
:106C9000FFF78EFF18B100BF00BF00BFFEE700BFC7
:106CA0002146304600F076F821462846FFF73EFFA1
:106CB0000546284670BD70B506460D462846FFF7C6
:106CC00081FFF0B1284600F057F8044600BF1CB918
:106CD00000BF00BF00BFFEE700BF00BF2046FFF7B8
:106CE00062FF18B900BF00BF00BFFEE700BF21462A
:106CF000304600F04FF829462046FFF717FF0546BB
:106D000000BF284670BD2DE9F0410446204600F042
:106D10006DF8061F204600F0B8F80746314629F006
:106D200091FE054600BF2046FFF742FF18B100BFA5
:106D300000BF00BFFEE700BF2846BDE8F0812DE997
:106D4000F04106460C461546002794B100BF1DB918
:106D500000BF00BF00BFFEE700BF2A462146304605
:106D600000F097F82046FFF772FF204600F08DF8FC
:106D700007463846BDE8F08110B5044600BF2046FE
:106D8000FFF720FF18B900BF00BF00BFFEE700BF3C
:106D9000206810BD7CB505460C46204600F026F85C
:106DA00006466A4601A929F073FA21462846DDE91C
:106DB00000322AF0D1FF7CBD416841F00101416001
:106DC0007047416841F0020141607047416821F01D
:106DD000020141607047426802F003030B434360C5
:106DE0007047416821F001014160704701464868E1
:106DF00020F0030070472DE9F04706460C46304668
:106E000000F043F88046211F29F01CFE074630465B
:106E1000FFF7ECFF211D451A00BF384600F035F89A
:106E20008146384600F031F880460421FFF7DDFA4C
:106E3000814503D000BF00BF00BFFEE700BF00BF19
:106E40003046FFF7D3FF2919091D884203D000BF40
:106E500000BF00BFFEE700BF29463846FFF7BBFF73
:106E600000BF3846FFF7C2FF0C2803D200BF00BFA7
:106E700000BFFEE700BF21463046FFF7ACFF3846B3
:106E8000FFF7D8FE3846BDE8F087014601F108005B
:106E900070472DE9F04106460C46154600BF2046D6
:106EA000FFF781FE18B900BF00BF00BFFEE700BFBB
:106EB00029462046FFF753FE78B129462046FFF7C2
:106EC0009AFF07462046FFF782FE3846FFF779FF14
:106ED00039463046FFF755FE00BFBDE8F0812DE989
:106EE000F04106460C46154600BF2046FFF75BFE04
:106EF00018B100BF00BF00BFFEE700BF2946204613
:106F0000FFF72DFE88B129462046FFF774FF07469C
:106F10003846FFF75BFF39463046FFF7A5FE0746C8
:106F200039463046FFF72DFE00BFBDE8F0812DE960
:106F3000F843064634461CF0F7FB804640461CF0FA
:106F400038FC78BB304619F066FF38B3304619F08C
:106F5000DEFD208FE18E884212D0E08E2087E08E09
:106F600000906A461C2130461AF042FA0746012F6B
:106F700002D03846BDE8F883304622F0DEFE00BF7E
:106F800040461CF026FC0546042D06D1304620F074
:106F900035FD074600211BF0BAF909E0304619F02B
:106FA0009DFF05E0FFE7208FE086304622F0C5FE1A
:106FB0000120DFE72DE9F041044620461AF012FADD
:106FC0000546284620F074FD0646284614F0F6FBD8
:106FD000074601223946304627F094F9BDE8F08192
:106FE0000146C1F3C01070470146C1F380107047DD
:106FF0000146C1F3C01070470146C1F3002070473D
:107000000146C1F3C00070470146C1F3401070470C
:107010000146C1F3402070470146C1F3003070477C
:107020000146C1F3001070472DE9F04F89B00446C6
:107030000D460021204620F0D6FB30B91C21284601
:107040001EF09BFD09B0BDE8F08F2946204600F0F8
:107050000BFB2946204600F07DF80021204621F058
:1070600002FE08900021204621F076FF07900021C3
:10707000204621F0B8FB012800D100E00020814625
:107080000021204622F02BFA07460021204621F05D
:1070900098FC064642F2D170874205D1608CC0F35D
:1070A000802008B9012000E000208246204620F020
:1070B0003AFC069000BF4FF0000824480288414681
:1070C000204622F019F803900398C0B200BF83460F
:1070D000AA6829692868CDE90209CDE900125A4653
:1070E0005146089B06980CF06FFC288342F2D17041
:1070F000864205D1608CC0F3402008B9012000E031
:1071000000200590204620F0EFFB049000BF4FF0D8
:1071100000080F4802884146204621F0EDFF039009
:107120000398C0B200BF83460023EA6869686869B3
:10713000CDE90213CDE900025A46079BDDE90401BF
:107140000CF042FC688300BF7CE700007A02002458
:107150007E0200242DE9F34F87B00C4607980BF010
:1071600051FC8046079820F0DEFB0690404601F077
:1071700084F92061216948001EF054FA20602169D9
:1071800048001EF04FFAA060002548E058480290E1
:1071900038F9150041F69A7188423FD100200190DC
:1071A00029E00199079820F01EFB009051490098B2
:1071B00022F031FA00B11BE000980BF041FC82464E
:1071C000BAF1010F00D013E000980BF029FC8346C0
:1071D000AB4500D00CE0009822F0B5F90299884246
:1071E00001DA029802E0009822F0ADF9029000BFA7
:1071F0000198401C0190079820F013FB01998842E8
:10720000CFD80298002804DB0298A16821F8150065
:1072100003E00021A06820F8151000BF6D1C206954
:10722000A842B3D80026B14600251BE038F9150066
:1072300041F69B71884202DB411A0E4411E041F68F
:107240009A71884206D1A16831F8151049440FFAA5
:1072500081F906E0A16821F8150009EB00010FFA99
:1072600081F96D1C2069A842E0D80021079821F01F
:10727000FAFC05902169491EDDE9050200FB112099
:1072800000B206900698A0EB090007B2002F00DAC2
:1072900000274FF0FF30049000200390002513E0FA
:1072A00038F9150041F69B7188420CDB421A11B285
:1072B00007FB01F2B2FBF6F212B2A36823F8152025
:1072C0000495039100BF6D1C2069A842E8D804987A
:1072D00000280ADB0398301A7843B0FBF6F0381A1E
:1072E00001B2A268049822F8101009B0BDE8F08F2E
:1072F00001E0FFFF010006002DE9FC5F05460022CA
:107300001146284623F0DEFD0021284621F0C5FA6B
:1073100081460021284621F046FE484407B200215C
:10732000284621F0F7FB48440FFA80FA284621F05E
:10733000B3F9384450440FFA80FB3B4E284620F006
:1073400070FA01904FF000085CE0A868006850F8FF
:1073500028403649204622F05EF900B150E0204630
:1073600022F068FD002839D10021204621F0C6F91D
:107370000090009830B1012807D0022804D00328DB
:1073800015D100E000BF00BF00BFB4F91A10B5F975
:107390001600081A401CB04201DA304605E0B4F984
:1073A0001A10B5F91600081A401C06B214E00021A4
:1073B000204622F0BBF870B904F1140013F04DFA26
:1073C0003844B04201DA304604E004F1140013F00E
:1073D00044FA384406B200BF00BF10E0B4F91A10F6
:1073E000B5F91600081A401CB04201DA304605E033
:1073F000B4F91A10B5F91600081A401C06B200BFFD
:1074000008F10108019880459FD30748864209D0BA
:1074100006EB0A0006B25E4502DD3046BDE8FC9F81
:107420005846FBE75846F9E701E0FFFF010004007A
:107430002DE9FC5F054600221146284623F026FD73
:107440000021284621F029FA82460021284621F011
:10745000E7FC50440FFA80F80021284621F037FC61
:1074600050440FFA80F9284621F026F94844404458
:1074700000B20190724C284620F0D3F983460021D7
:10748000284621F07CF9012866D100265BE0A86837
:10749000006850F826706B49384622F0BCF800B1FD
:1074A00050E0384622F0C6FC002839D10021384689
:1074B00021F024F90090009830B1032805D0062867
:1074C00004D0082815D102E000BF00BF00BFB5F905
:1074D0001800B7F91410401A401CA04201DA2046E7
:1074E00005E0B5F91800B7F91410401A401C04B2B1
:1074F00014E00021384622F00CF870B907F11400AE
:1075000013F01EFA4044A04201DA204604E007F1DD
:10751000140013F015FA404404B200BF00BF10E09D
:10752000B5F91800B7F91410401A401CA04201DA4E
:10753000204605E0B5F91800B7F91410401A401CB0
:1075400004B200BF761C5E45A1D33D48844269D099
:1075500004EB090004B265E000265BE0A86800685F
:1075600050F826703749384622F055F800B150E0FF
:10757000384622F05FFC80BB0021384621F0BEF87F
:107580000090009830B1012805D0042804D00728C5
:1075900015D102E000BF00BF00BFB7F91800B5F970
:1075A0001410401A401CA04201DA204605E0B7F949
:1075B0001800B5F91410401A401C04B215E000215F
:1075C000384621F0B3FF78B907F1140013F0B8F989
:1075D0004844A04202DA204605E008E007F1140022
:1075E00013F0AEF9484404B200BF00BF10E0B7F991
:1075F0001800B5F91410401A401CA04201DA2046C8
:1076000005E0B7F91800B5F91410401A401C04B28F
:1076100000BF761C5E45A1D30948844202D004EB2A
:10762000080004B20648844202D10198BDE8FC9FDC
:107630000198844201DD2046F8E70198F6E7000052
:1076400001E0FFFF0100040010B5044620681EF0B1
:1076500065F860681EF062F8A0681EF05FF8E068E8
:107660001EF05CF810BD00002DE9F34F87B00C460A
:1076700007980BF0B7FF8046404600F0FEFE6061C1
:10768000616948001DF0CEFF6060616948001DF02F
:10769000C9FFE060002548E05948029038F915001C
:1076A00041F69A7188423FD10020019029E001996A
:1076B000079820F098F800905249009821F0ABFF0D
:1076C00000B11BE000980CF055F88246BAF1010FAA
:1076D00000D013E000980CF03DF88346AB4500D095
:1076E0000CE0009820F094F90299884201DA02989F
:1076F00002E0009820F08CF9029000BF0198401C35
:107700000190079820F08DF801998842CFD802980F
:10771000002804DB0298E16821F8150003E000204E
:10772000E16821F8150000BF6D1C6069A842B3D85C
:107730000026B14600251BE038F9150041F69B7183
:10774000884202DB411A0E4411E041F69A718842E8
:1077500006D1E16831F8151049440FFA81F906E0C5
:10776000E16821F8150009EB00010FFA81F96D1CA1
:107770006069A842E0D80021079821F0EDFB06904F
:10778000079820F0B1F801466269521E069800FB86
:10779000121000B205900598A0EB090007B2002F67
:1077A00000DA00274FF0FF300490002003900025FE
:1077B00011E038F9150041F69B7188420ADB421A44
:1077C00011B207FB01F2B2FBF6F212B2E36823F842
:1077D000152000BF6D1C6069A842EAD804980028F3
:1077E0000ADB0398301A7843B0FBF6F0381A01B27E
:1077F000E268049822F8101009B0BDE8F08F00008C
:1078000001E0FFFF010006007CB504460D46164668
:1078100028882189084400B2ADF800006888618991
:10782000084400B2ADF80200A8882189084400B2DB
:10783000ADF80400E8886189084400B2ADF806009C
:10784000324669462046636998477CBDF8B50546CF
:107850000E462C46206B10B1206B007818B9606B77
:1078600008B90120F8BD606B58B1284627F03FF9F0
:107870000746104909688847616B884201D3002098
:10788000F0E7206B98B1002000900AE069460A4AB0
:10789000206B126890470746B74201D10120E1E70B
:1078A00000BF206B0099405C0028EFD1DAE701208F
:1078B000D8E7000008030024F80200242DE9FF4F58
:1078C0008FB00F46209DF87800F0010008B1FA480B
:1078D00000E0FA480E90F87800F0010008B1F8488E
:1078E00000E0F8480D90F87800F0010008B9F4487D
:1078F00000E0F4480C9001200B90B5E000220B92C0
:1079000000206A88B5F804C0A2EB0C0211B2002670
:107910001AE006EB860CEA6802EB8C02127C02F09D
:10792000010242B906EB860CEA6802EB8C029289EE
:10793000024410B207E006EB860CEA6802EB8C0208
:1079400012898A1A11B2761C2A69B242E1D800263D
:1079500085E006EB860CEA6802EB8C02127C02F0F2
:107960000102002A7AD191FBF0F80FFA88F306EBB6
:107970008609D5F80C8008EB8908B8F80C8008FB5C
:1079800003F80FFA88F206EB8609D5F80C8008EBAD
:107990008908B8F9049006EB860AD5F80C8008EB44
:1079A0008A08B8F90680904501DD904607E006EBAD
:1079B000860AD5F80C8008EB8A08B8F90680C1451C
:1079C00008DD06EB8609D5F80C8008EB8908B8F9C4
:1079D000048013E006EB8609D5F80C8008EB8908D3
:1079E000B8F90680904501DD904607E006EB860970
:1079F000D5F80C8008EB8908B8F90680C446944590
:107A00000BD04FF0010806EB860AD5F80C9009EB75
:107A10008A09C9F81080CDF82C8006EB8609D5F8C4
:107A20000C8008EB8908A8F808C006EB8609D5F891
:107A30000C8008EB8908B8F80C80A0EB08080FFA56
:107A400088F006EB8609D5F80C8008EB8908B8F8B1
:107A50000880A1EB08080FFA88F100BF761C2A699C
:107A6000B2423FF676AF00BF0B9800287FF446AFD6
:107A700000210F9820F0AAFE012800D100E000208C
:107A80000A9000200990089008A809A9CDE90010E3
:107A900029890BB2B5F9022038781E9928F0D5FF54
:107AA000F87800F0010048B10A9838B10F981FF03B
:107AB0003AFFBDF82410084400B2099011990F98BC
:107AC0001FF091FE04468AE17F49204621F0A3FD84
:107AD00040B1F878C0F3800111AA0F980BF0BDFBFC
:107AE00004467CE10021204620F034FF07900798EF
:107AF000002858D000200390002610E006EB8601F5
:107B0000E86850F82100A04208D106EB8600E96839
:107B100001EB8000B0F90800039003E0761C2869AF
:107B2000B042EBD800BFF87800F0010030B1608CB3
:107B300020F4806000F58060608405E0608C20F4B3
:107B4000007000F50070608404F114000D998847FE
:107B50000399884226D0204622F0EFF800BFA08A81
:107B6000ADF80400E08AADF80600208BADF80800FF
:107B7000608BADF80A0000BF04F114000E9A03995F
:107B8000904701AA2921204619F032FC20461FF017
:107B90008FFF22462221009019F02AFC204622F075
:107BA000CCF800BF07E0608C20F480606084608CBB
:107BB00020F400706084002006907878012812D0AC
:107BC000022819D104F114000C998847B5F9001066
:107BD000491C21F00101081A039000EBD0704010FD
:107BE00000B2069009E004F114000C998847298836
:107BF000081A00B2069000E000BF00BFF87800F05D
:107C0000010050B10A9840B104F114000D99884761
:107C1000BDF82410081A00B209900020039043F226
:107C20000C022046039921F067FA029002980FFA9D
:107C300080F800BF0020039043F20D022046039914
:107C400021F05AFA029002980FFA80F900BF2046FC
:107C500021F079FC059020461FF0DAFE049008F42C
:107C6000C040B0F5005F01D1012000E0002030B13C
:107C700028F4C040B0F5FA6F01DC012000E00020DC
:107C800090B128F4C040B0F57A7F04DD28F4C040FC
:107C9000C0F57A7001E028F4C0400599484364219A
:107CA00090FBF1F00FFA80F809F4C040B0F5005FE6
:107CB0000CD101200BE000007FAA019073AA019073
:107CC000CDA90190BDA8019001000600002030B1AF
:107CD00029F4C040B0F5FA6F01DC012000E000207B
:107CE00090B129F4C040B0F57A7F04DD29F4C0409A
:107CF000C0F57A7001E029F4C0400499484364213A
:107D000090FBF1F00FFA80F9A18A1C98401A4044C8
:107D10000FFA80FAE18A1D98401A48440FFA80FB56
:107D2000F87800F0010010B1BDF9240000E00698D9
:107D300050440FFA80FAF87800F0010008B1069874
:107D400001E0BDF9240058440FFA80FBBAF1000F9E
:107D500002D1BBF1000F1BD0204621F0EEFFA08A1C
:107D6000504400B2A082208B504401B22183E08AAB
:107D7000584401B2E182608B584401B261832046CD
:107D800021F0DBFF01235A465146204622F0B2F88B
:107D9000F87800F0010008B10A9870B904F11400F5
:107DA0000D9988471F990844BDF820100844BDF874
:107DB0002410084400B2099008E0BDF820101F9874
:107DC0000844BDF82410081A00B20990F878C0F3EE
:107DD000800111AA0F980BF040FA044600BF24B1AD
:107DE000DDE9111081427FF46FAE13B0BDE8F08F72
:107DF0002DE9F04F8DB005468946B9F1000F02D14B
:107E00000DB0BDE8F08FA5F81890286810B128686B
:107E10001DF09CFC09EB4901062202EB41001DF01C
:107E2000C7FB286000BF286818B900BF00BF00BFAB
:107E3000FEE700BF286868600221286801FB09008E
:107E4000801CE8600421286801FB0900001DA8606F
:107E5000B9F1010F0CD1B420696808700020E968FD
:107E600008800120E96848800020A9680880C7E7E9
:107E700009F10101C8001DF0D5FB074609F1010019
:107E800007EB80084FF0000A4FEA890002B20BA905
:107E90000CA800F067F90024BDF9300080100790AD
:107EA00000200390CCE0002616E00BA90CA800F0FF
:107EB00061F90CA800F04BF900B90FE0BDF93000F2
:107EC000801007A941F82600BDF8300000F003003B
:107ED00003A941F82600761C042EE6DB00BF042E21
:107EE00000D0B3E00A990798884219D1079800B2E8
:107EF00027F814000FFA8AF028F81400DDE90301CE
:107F00000844059908440699084469680855686852
:107F1000005D0007000E69680855601C04B28DE022
:107F2000DDE9070188422CD0079800B227F8140039
:107F30000FFA8AF028F814000398696808556868F1
:107F4000005D0007000E69680855601C04B20798C0
:107F5000401E00B227F814000FFA8AF028F8140027
:107F60000498001D05990844069908446968085555
:107F70006868005D0007000E69680855601C04B25F
:107F80005CE00999079888422CD0079800B227F83E
:107F900014000FFA8AF028F81400DDE90301084400
:107FA000696808556868005D0007000E6968085533
:107FB000601C04B20798401E00B227F814000FFAA4
:107FC0008AF028F814000598083006990844696872
:107FD00008556868005D0007000E69680855601C58
:107FE00004B22BE0079800B227F814000FFA8AF0C9
:107FF00028F81400DDE9030108440599084469687C
:1080000008556868005D0007000E69680855601C27
:1080100004B20798401E00B227F814000FFA8AF045
:1080200028F8140006980C30696808556868005DE7
:108030000007000E69680855601C04B20AF1010AC5
:108040000CA800F084F800287FF42DAF00BF40F2A8
:10805000D32109FB01F00290029880120190601E6A
:1080600037F910100198814205D1601E38F91010BF
:108070000198814226D0DDE90121A1EB8220B0F5F3
:10808000007F04DC00FB00F14800001407E0C0F5AD
:10809000806000FB00F148000014C0F10F0001995E
:1080A00009B227F81410019909B228F814106A6867
:1080B00010556968095D0907090E6A681155611C48
:1080C0000CB200BFA61E0EE038F8160027F8140008
:1080D00037F8160028F814006868805D696808554C
:1080E000761E601C04B2002EEEDA4FF0000B002664
:1080F0000020E968088023E0E96821F81B6037F870
:108100001600A96821F81B0010E0A86830F81B00D1
:1081100037F91610884203DAA86830F81B0001E02E
:1081200037F91600A96821F81B00761C38F91600EB
:10813000584501D1A642E8DB0BF101000FFA80FBA4
:10814000A642D9DB38461DF0E9FA00BF58E60146E1
:10815000B1F90200B1F90020904201DC0120704722
:108160000020FCE7028000234380C2F101031BB220
:108170000B807047B1F90020002A07DC0B88428889
:108180005200D21C1A4412B20A800CE042880388C2
:10819000D21A5200521D0B881A4412B20A80028869
:1081A000521E12B202804288521C12B242807047A4
:1081B00037B582B01546022D04DCBDF80C10084618
:1081C00005B030BDBDF80C00C00ABDF8081000EBCA
:1081D000D1241F2C01D2204600E01F20BDF808103A
:1081E00060F3CF210291BDF80C00C0F34510BDF83B
:1081F0000810C1F3451144183F2C01D2204600E07D
:108200003F20BDF8081060F34A110291BDF80C0040
:1082100000F01F00BDF8081001F01F0144181F2CCA
:1082200001D2204600E01F20BDF8081060F30401D1
:108230000291FF2D03D1BDF808100846C0E72A4679
:10824000DDE9020114F090FE0190BDF8041008462B
:10825000B6E717B581B01446022C04DCBDF808104F
:10826000084604B010BDBDF80400C00ABDF80810EF
:10827000C90A10FB01F04109BDF8040061F3CF20E9
:108280000190BDF8040000F01F00BDF8081001F0D7
:108290001F0110FB01F04109BDF8040061F3040067
:1082A0000190BDF80400C0F34510BDF80810C1F3FB
:1082B000451110FB01F08109BDF8040061F34A107B
:1082C0000190FF2C03D1BDF804100846C9E72246EF
:1082D000DDE9010114F048FE0090BDF800100846E9
:1082E000BFE737B582B01546022D04DCBDF80C108F
:1082F000084605B030BDBDF80C00C00ABDF8081036
:10830000A0EBD124002C01DD204600E00020BDF8C8
:10831000081060F3CF210291BDF80C00C0F34510A6
:10832000BDF80810C1F34511441A002C01DD2046A8
:1083300000E00020BDF8081060F34A110291BDF87A
:108340000C0000F01F00BDF8081001F01F01441AD6
:10835000002C01DD204600E00020BDF8081060F38D
:1083600004010291FF2D03D1BDF808100846C0E7B3
:108370002A46DDE9020114F0F7FD0190BDF8041072
:108380000846B6E708B5034600930098484080EADF
:10839000620008BD2DE9F84F8046404619F022F8EA
:1083A0008246404618F0BDFF064650461FF080FB4F
:1083B00081462B2E09D1484625F097FF044600221E
:1083C0002146484625F09EFF3AE00A2E38D16946FC
:1083D00050461FF0EFFB50461FF0A5FA044600215F
:1083E000484620F0E6F901280AD1204604EBD07176
:1083F000BDF90020C2EB610191FBF4F10DB209E07F
:10840000204604EBD071BDF9002002EB610191FB25
:10841000F4F10DB2002D00DA00250027484625F0C2
:1084200064FFA84200D0012701222946484625F0D2
:1084300069FF27B100221C21484618F0D9FF00BF70
:10844000BDE8F88F10B58060C06000230361002193
:1084500010E0002400F1140343F82140002206E05C
:1084600000F1400303EBC11343F82200521C202A01
:10847000F6DB491C0B29ECDB10BD0146002000E0B7
:10848000401C31F9102041F6FF739A42F8D1704731
:1084900010B500BF002208211048F9F767F800BFA7
:1084A00000F01EF800BF012211460C48F9F75EF8F3
:1084B00000BF00F015F800BF002201210748F9F7BE
:1084C00055F800BF00F00CF800BF01220821034856
:1084D000F9F74CF800BF00F003F810BD0004025893
:1084E00010B50220F9F774F810BD000000B587B090
:1084F00000BF00BF1948006840F00200174908603B
:108500000846006800F00200019000BF00BF00BFF5
:1085100000BF00BF0846006840F00200086008463F
:10852000006800F00200019000BF00BF00BF012002
:10853000029011200390012004900320059002A9CD
:108540000748F8F7FFFF0820029002A90448F8F74F
:10855000F9FF00F0B1F807B000BD0000E044025898
:108560000004025810B500BF012208210C48F8F79A
:10857000FDFF00BFFFF7B4FF00BF0122114608480E
:10858000F8F7F4FF00BFFFF7ABFF00BF00220121A7
:108590000348F8F7EBFF00BFFFF7A2FF10BD000094
:1085A0000004025870B50546002400261CE0600651
:1085B000040E00BF012211461048F8F7D7FF00BF94
:1085C000FFF78EFF08210D48F9F707F808B1601C86
:1085D000C4B200BF002201210848F8F7C7FF00BF5E
:1085E000FFF77EFF701CC6B2082EE0DB15B9FFF75F
:1085F000B9FF01E0FFF74CFF204670BD00040258B0
:1086000070B50446002524E000BFE00928B101222E
:1086100008211548F8F7AAFF04E0002208211248B3
:10862000F8F7A4FF00BFFFF75BFF00BF0122114670
:108630000D48F8F79BFF00BFFFF752FF00BF002275
:1086400001210948F8F792FF00BF6006040E681C7C
:10865000C5B2082DD8DB00BF012208210248F8F777
:1086600085FF00BF70BD00000004025810B500BFB8
:10867000012208210F48F8F779FF00BF00BF01224F
:1086800011460C48F8F772FF00BFFFF729FF00BF43
:10869000002208210748F8F769FF00BFFFF720FF15
:1086A00000BF002201210348F8F760FF00BFFFF779
:1086B00017FF10BD0004025810B500BF00220821AA
:1086C0000C48F8F753FF00BFFFF70AFF00BF012275
:1086D00011460848F8F74AFF00BFFFF701FF00BF47
:1086E000012208210348F8F741FF00BFFFF7F8FE19
:1086F00010BD00000004025870B50024002500BF22
:10870000012208211548F8F731FF00BFFFF7E8FE06
:1087100000BF012211461148F8F728FF00BFFFF7FC
:10872000DFFE09E0601CC4B2FA2C03DDFFF7C4FFD2
:10873000012507E0FFF7D4FE08210848F8F74DFFB0
:108740000028EFD100BF00BF002201210348F8F745
:108750000DFF00BFFFF7C4FE284670BD000402589D
:108760007CB506460D4634465020005D00F0010001
:10877000A84233D00DB1012000E000205021095D56
:1087800060F300015020015504F14401684612F0E5
:1087900054F8BDF80000616A898A084400B2ADF857
:1087A0000000BDF80210606AC08A084400B2ADF84B
:1087B0000200BDF80400616A898A084400B2ADF87D
:1087C0000400BDF80610606AC08A084400B2ADF823
:1087D00006006946304621F0EAFA00BF7CBD37B595
:1087E00082B0054614462146039814F025FA0190FC
:1087F000BDF80410084605B030BD2DE9FF4F8DB01F
:1088000005460E461446F07A022803DC012011B01A
:10881000BDE8F08F3089326901460C901098FCF762
:10882000A5F907460FB90020F1E7397D01F01F00D7
:1088300019F049FF10B14FF006080AE0397D01F048
:108840001F0019F023FF10B14FF0050801E04FF0B1
:108850000408386A38B100BF00BF214628463A6A8A
:108860002AF013F8DEE0B869002859D021460BA899
:1088700011F0A4FF308818B97088B0F5807F32D02D
:10888000204612F06BF8834600BFE0886188401AEA
:10889000401C00B20890301D7188CDE9001030886E
:1088A00003B259460BA8089AFBF78AFCBDF82C00C6
:1088B0002188084400B2ADF82C00BDF82E00618874
:1088C000084400B2ADF82E00BDF8300021880844FD
:1088D00000B2ADF83000BDF832006188084400B243
:1088E000ADF8320000BF0BAA09A8A968FBF772F91E
:1088F0008146B9F1000F04D1384601F0EEFB0120AA
:1089000085E7D5F808A009A8A860CDF80080224620
:1089100031462846BB6915F0D1FBC5F808A081E0B7
:1089200022460BA8A968FBF755F90A900A9820B9C6
:10893000384601F0D2FB012069E70BA812F00EF8CF
:1089400009900BA812F00AF800EB400003901CF00D
:1089500069FE8146D5F808A00BA907A811F02EFFE3
:10896000012107A812F085F8BDF92C00B4F9001018
:10897000401A0690BDF92E00B4F90210A0EB010BCD
:10898000BDF92E00059042E007AA514602A8FBF768
:1089900021F90A900A9800B936E0CDF800900998BC
:1089A00003B20FFA8BF2069801B238461AF0B8FB00
:1089B0000490049801280ED038461AF0D1FA00BF6E
:1089C00000BF48461CF0AAFE384601F086FBC5F8F9
:1089D00008A000201BE702A8A8604B4607AA314662
:1089E0002846CDF8008015F069FBBDF81E00401C3C
:1089F00000B2ADF81E00BDF82200401C00B2ADF878
:108A000022000BF1010B00BF0598401C0590BDF939
:108A1000321005988142B7DAC5F808A048461CF024
:108A20007DFE00BF384601F058FB0120EFE600BF95
:108A300000BF7047F8B506460C4615460095B4F9D8
:108A40000630B4F90420B4F90210B4F900000DF0B6
:108A500008FD304614F0F2FFF8BD10B50FF052FFDC
:108A600001200DF011FC10BDF8B505462C461AF09A
:108A70005BFE0646206B26F08DFA3168898B8842B2
:108A80002CD2606A009094F83C0000F0030020B102
:108A9000012806D002280CD107E00020ADF8000024
:108AA00007E064208DF8020003E064208DF80300E5
:108AB00000BF00BF30461AF0FBFF2846009914F0B3
:108AC00054FE50B100221C21284618F091FC0746A4
:108AD000012F01D03846F8BD00BF00BF26F067FA6D
:108AE00020630120F7E700002DE9F04F9BB0074617
:108AF00089461646BA4617A815F05DF84FF4A0212E
:108B000038461FF013FE9DF8691060F382018DF85E
:108B10006910304611F053FF054600EBD5704FEA5F
:108B200060083088404400B2ADF858007088404476
:108B300000B2ADF85A00002138461FF0AAFF159088
:108B4000494603A81EF004FC17A80B904FF4003010
:108B5000109033480490002005900AF13000FCF793
:108B600001FB044657E02079032800D04DE0208B1C
:108B7000ADF85C00208A00B2ADF85E006079FD2897
:108B800001DD159803E060791599484300128DF8CE
:108B900068002568B5F92000E98B08440090B5F914
:108BA0002030D5E90512A0681CF0EEFC8346B5F92B
:108BB0002000E98B08440090B5F92030D5E9051272
:108BC000E0681CF0E1FC0290608B404400B2ADF81C
:108BD0004800149416A80C9003AA1A21384618F0DD
:108BE00007FC029880B21FFA8BF1CDE90010BDF8A6
:108BF000480083B216AA17A9484614F0BEFF03AA7C
:108C00001B21384618F0F4FB00BF21460AF1300062
:108C1000FCF7A2FA0446002CA5D11BB0BDE8F08FEA
:108C200088C5039070B504460D46002229462046AB
:108C300007F082FE01222946204607F07DFE02222F
:108C40002946204607F096FC04222946204607F0D4
:108C500091FC70BD2DE9F74F9EB00C46E0780228DC
:108C600002DC21B0BDE8F08F1CA8209911F0B8FDFE
:108C7000B4F9200001282EDD94F82200FD282ADB1B
:108C8000208840B3BDF8700014F8231F4908C1F3D1
:108C90008001084400B2ADF87000BDF87200217880
:108CA0004908C1F34001084400B2ADF87200BDF8B4
:108CB000740021784908C1F3C001401A00B2ADF830
:108CC0007400BDF8760014F82319C1F34001401A6E
:108CD00000B2ADF876001E981CA982681AA8FAF7AF
:108CE00079FF00B9BDE7E07B00F0070616B9A08860
:108CF000199001E0E0881990BDF864106089814204
:108D000000D100261CA816F03FF918901C2111A8CC
:108D1000F7F71EFCA0788DF85D00BDF86400ADF893
:108D20004C00189860B9208850B94EB91CA8119011
:108D3000E0788DF85C0011A91E9816F0D5FF90E739
:108D4000E078FD2801DBFF2000E0E07810901CA80F
:108D500011F02EFE0F901CA811F0A2FD0E90DDE97F
:108D60000E01814201DA0F9800E00E980D90B4F9DF
:108D700000100D98B1EB600F02DAB4F9000001E0C9
:108D80000D98401007461AA811F012FE81464FF0C8
:108D9000FF300C9000200B90002F01DC189870B170
:108DA00048461CF03FFC0B9000233AB21CA905A8D2
:108DB00016F062FC002105A815F0E0FD0C90BDF84E
:108DC0006800ADF80C00BDF86C00ADF810000B9811
:108DD000149003A811901690FF208DF85C00A01D40
:108DE000DDE90E2119F042F88046B8F1000F0CD0F1
:108DF000022E0AD1BDF96810D8F8080000EB410036
:108E0000BDF97010A0EB410012901898A0B3BDF905
:108E10006A502CE028B2ADF80E0028B2ADF812006E
:108E20004A4610990B981CF06EFEBDF968100FFAB7
:108E300089F32AB20B9816F057F88DF854009DF874
:108E40005400012802D102208DF85400012E09D1CE
:108E5000BDF97210691AD8F8080000EB41000088CB
:108E6000ADF84C0011A91E9816F03EFF6D1CBDF91F
:108E70006E00A842CEDACCE0FFE700255CE0BDF84A
:108E8000720028440FFA80FABDF87600401B0FFAF2
:108E900080FBBDF96A00504504DDBDF96E00584500
:108EA00000DA48E04A4610990B981CF02CFEBDF9F8
:108EB0000C100FFA89F352460B9816F015F88DF83E
:108EC00054009DF85400012802D102208DF854006E
:108ED000BDF96A00504514DCADF80EA0ADF812A043
:108EE000012E0AD1BDF97210AAEB0101D8F80800D1
:108EF00000EB41000088ADF84C0011A91E9816F057
:108F0000F3FEBDF96E00584514DBADF80EB0ADF8B8
:108F100012B0012E0AD1BDF97210ABEB0101D8F8E5
:108F2000080000EB41000088ADF84C0011A91E9824
:108F300016F0DAFE00BF6D1CBD42A0DBBDF870006C
:108F4000ADF80400BDF87400ADF80800BDF872007B
:108F5000384400B2ADF80600BDF87600C01B00B280
:108F6000ADF80A0001A816F00FF800900098B0B90B
:108F7000AEB9BDF87200384400B2ADF80E00BDF8CD
:108F80007600C01B00B2ADF8120010988DF85C009E
:108F90000020149011A91E9816F0A6FE38E0109833
:108FA0008DF85C0001208DF85400BDF97600A0EB2F
:108FB000070ABDF97200C51927E0009870B14A464A
:108FC00010990B981CF09FFDBDF968100FFA89F3FA
:108FD0002AB20B9815F088FF8DF8540028B2ADF82E
:108FE0000E0028B2ADF81200012E09D1BDF97210A1
:108FF000691AD8F8080000EB41000088ADF84C0071
:1090000011A91E9816F070FE6D1C5545D5DD00BFE8
:1090100000BF0B9810B10B981CF080FB0C98401C03
:1090200028B10C9816F010FC05A815F089FFB8F1CE
:10903000000F02D0404618F010FF00BF11E62DE9E6
:10904000F0478EB007460C461546206910B90EB0A1
:10905000BDE8F087A07E022800DCF8E720691AF05E
:1090600003FB0646022E55D1002041F6FF71CDE9E3
:109070000001029003460DA8D4E9041226F082FBF9
:10908000284611F095FC814600EBD970298801EB48
:109090006000BDF9348008EBD871A0EB610000B22C
:1090A000ADF82C00BDF82C00BDF834100844401E6B
:1090B00000B2ADF83000284611F0F2FB814600EB1B
:1090C000D970698801EB6000BDF9368008EBD87172
:1090D000A0EB610000B2ADF82E00BDF82E00BDF887
:1090E00036100844401E00B2ADF8320003A815F057
:1090F000CDFB60690390208BADF81800A07E8DF841
:109100002600002000900BAA03A93846236915F019
:1091100009F8AEE00DA9206919F04EFF8046B8F1BC
:10912000010F02D000BF00BF91E707A814F0DDFFD8
:10913000A0788DF82800208BADF82400E07E8DF813
:109140002600A07E8DF82700207FE8BB284611F07E
:109150002FFC824600EBDA70298801EB60000D9944
:10916000C1F38A2909EBD971A0EB610000B2ADF817
:109170001400284611F094FB824600EBDA706988EF
:1091800001EB60000D994FEA515909EBD971A0EB41
:10919000610000B2ADF81600BDF814000D99C1F3DE
:1091A0008A210844401E00B2ADF81800BDF8160030
:1091B0000D9900EB5150401E00B2ADF81A0005AAFF
:1091C00007A93846236900E002E014F03FFF4FE0B2
:1091D0006888ADF81600BDF816000D9900EB5150E7
:1091E000401E00B2ADF81A003BE02888ADF814002C
:1091F000BDF814000D99C1F38A210844401E00B245
:10920000ADF8180017E005AA07A93846236914F03D
:109210001DFFBDF814000D99C1F38A21084400B266
:10922000ADF81400BDF818000D99C1F38A21084467
:1092300000B2ADF81800BDF91400B5F90410884269
:10924000E1DDBDF816000D9900EB515000B2ADF80C
:109250001600BDF81A000D9900EB515000B2ADF8A0
:109260001A00BDF91600B5F906108842BDDD00BF31
:1092700000BF00BFEBE62DE9F04F87B083460C46F8
:10928000164694F82200022802DC07B0BDE8F08FF1
:10929000208C00B9F9E794F82300C0F3440000B92A
:1092A000F3E794F8230000F0010000B1EDE7304649
:1092B00011F07EFB8146304611F0F2FA0746B4F910
:1092C0000050B94501DA484600E038468246B5EB21
:1092D0006A0F01DD4FEA6A05314605A811F080FAF0
:1092E000BDF9141094F82300400800F0040010B1F8
:1092F000B4F9200003E0B4F92000284440420844B7
:1093000000B2ADF81400BDF9181094F8230040081D
:1093100000F0080010B1B4F9200003E0B4F9200017
:1093200028444042081A00B2ADF81800BDF91610E2
:1093300094F82300400800F0020010B1B4F92000B6
:1093400003E0B4F9200028444042084400B2ADF8DC
:109350001600BDF91A1094F82300C0F3400010B1B4
:10936000B4F9200003E0B4F9200028444042081A70
:1093700000B2ADF81A00208C281A0FFA80F8B8F164
:10938000000F01DA4FF00008A07894F82210CDE920
:109390000210E08BADF804002BB205AA3146584606
:1093A000CDF8008000F002F800BF6EE72DE9FF4F16
:1093B000A3B00D4616461F463298FF2801DBFF205A
:1093C00000E032983290284615F0DEFD2290229877
:1093D00068B967B9309850B932980090324629463A
:1093E000319B239800F0A9FA27B0BDE8F08F2398AD
:1093F0002946826820A8FAF7EDFB00B9F4E720A817
:1094000011F0D6FA81461C2119A81CF0B6FB48467B
:109410001CF008F91C904FF0FF301890002F0ADD67
:1094200000233A46294612A816F026F9002112A870
:1094300015F0A4FA1890012331460CA8309A16F0C2
:109440001BF900210CA815F099FA0B9009A81990A6
:109450001E90BDF8C400ADF86C0032988DF87C0009
:1094600033988DF87D00B5F900003844B6F9001046
:10947000884203DDB5F90000384401E0B6F9000088
:1094800000B2ADF81C00B5F90400C01BB6F9041019
:10949000884203DAB5F90400C01B01E0B6F9040004
:1094A00000B2ADF82000B5F902003844B6F9021058
:1094B000884203DDB5F90200384401E0B6F9020044
:1094C00000B2ADF81E00B5F90600C01BB6F90610D3
:1094D000884203DAB5F90600C01B01E0B6F90600C0
:1094E00000B2ADF8220007A811F062FA0690B5F9B3
:1094F0000200B6F90210884201DC012000E00020E1
:109500008246B5F90600B6F90610884201DB012053
:1095100000E000208346229800284CD0BDF880004F
:10952000ADF82400BDF88400ADF82800BDF98240F4
:1095300029E0BAF1000F04D1BDF91E00A04200DD00
:1095400020E0BBF1000F04D1BDF92200A04200DAF7
:109550001DE020B2ADF8260020B2ADF82A00494641
:109560001C981CF041FBBDF980100FFA89F322B260
:109570001C9815F0B9FC8DF8740019A9239816F001
:10958000B3FB00BF641CBDF98600A042D1DA00BF66
:109590000CA815F0D5FC0B9816F056F91898401C3D
:1095A00028B112A815F0CCFC189816F04DF91C98AB
:1095B0001CF0B4F818E7B5F90000B6F900108842BD
:1095C00001DC012000E000200590B5F90400B6F9A7
:1095D0000410884201DB012000E0002004900120FB
:1095E0000390059860B1049850B1BAF1000F07D00C
:1095F000BBF1000F04D00698322801DA0020039056
:1096000001208DF87400BAF1000F15D0039898B1BD
:10961000BDF81C00ADF82400BDF82000ADF828000E
:109620006888ADF826007088401E00B2ADF82A00A8
:1096300019A9239816F058FBBBF1000F15D0039819
:1096400098B1BDF81C00ADF82400BDF82000ADF8BD
:109650002800F088401C00B2ADF82600E888ADF87C
:109660002A0019A9239816F03FFB059898B128887D
:10967000ADF824003088401E00B2ADF82800BDF8D7
:109680001E00ADF82600BDF82200ADF82A0019A989
:10969000239816F029FB049898B1B088401C00B2BA
:1096A000ADF82400A888ADF82800BDF81E00ADF87C
:1096B0002600BDF82200ADF82A0019A9239816F05B
:1096C00013FB0398F0BBBDF88000ADF82400BDF893
:1096D0008400ADF82800B5F90200B6F90210401A6E
:1096E000B84201DA384604E0B5F90200B6F90210D2
:1096F000401A00B20290002442E06888204400B280
:109700000190E888001B00B20090BDF9821001981A
:10971000814205DDBDF986100098814200DA2EE015
:1097200049461C981CF060FABDF924100FFA89F321
:10973000019A1C9815F0D8FB8DF87400BDF98210C1
:10974000019800E020E0814209DC0198ADF8260094
:109750000198ADF82A0019A9239816F0C5FABDF9A9
:1097600086100098814209DB0098ADF82600009829
:10977000ADF82A0019A9239816F0B6FA00BF641CA8
:1097800002988442B9DBC7E0BDF88000ADF8240040
:10979000BDF98410BDF91C00401E814202DABDF9FA
:1097A000840002E0BDF91C00401E00B2ADF82800A4
:1097B00009A811F0FDF88046B8F1000F48DD0598C2
:1097C00010B9BAF1000F1ED0BDF9824017E020B2E7
:1097D000ADF8260020B2ADF82A0041461C981CF0D6
:1097E00003FABDF92410434622B21C9815F07CFB05
:1097F0008DF8740019A9239816F076FA641CBDF947
:109800001E00A042E3DC059810B9BBF1000F1FD089
:10981000BDF92200441C17E020B2ADF8260020B2AA
:10982000ADF82A0041461C981CF0DEF9BDF9241061
:10983000434622B21C9815F057FB8DF8740019A905
:10984000239816F051FA641CBDF98600A042E3DAB1
:10985000BDF98010BDF92000401C814202DDBDF938
:10986000800002E0BDF92000401C00B2ADF82400E9
:10987000BDF88400ADF8280009A811F099F88046D9
:10988000B8F1000F48DD049810B9BAF1000F1ED0EE
:10989000BDF9824017E020B2ADF8260020B2ADF845
:1098A0002A0041461C981CF09FF9BDF9241043463C
:1098B00022B21C9815F018FB8DF8740019A9239892
:1098C00016F012FA641CBDF91E00A042E3DC0498F5
:1098D00010B9BBF1000F1FD0BDF92200441C17E0E6
:1098E00020B2ADF8260020B2ADF82A0041461C98FF
:1098F0001CF07AF9BDF92410434622B21C9815F0E9
:10990000F3FA8DF8740019A9239816F0EDF9641C88
:10991000BDF98600A042E3DA0CA815F011FB0B9804
:1099200015F092FF12A815F00BFB189815F08CFF9C
:109930001C981BF0F3FE00BF56E52DE9FF4F89B0E0
:1099400080460C461546DDF858901C2168461CF0F0
:1099500014F907A80090BDF83000ADF808008DF8A4
:109960001890B4F90200B5F90210884201DC012018
:1099700000E000200646B4F90600B5F9061088425A
:1099800001DB012000E000200746B4F90000B5F932
:109990000010884201DC012000E000208246B4F97A
:1099A0000400B5F90410884201DB012000E000202A
:1099B00083462088ADF81C00A088ADF820006088A0
:1099C000ADF81E006888401E00B2ADF822001EB13E
:1099D0006946404616F088F9E888401C00B2ADF8A8
:1099E0001E00E088ADF822001FB16946404616F01F
:1099F0007BF92088ADF81C002888401E00B2ADF825
:109A0000200016B1B5F9020001E0B4F90200ADF88A
:109A10001E0017B1B5F9060001E0B4F90600ADF873
:109A20002200BAF1000F03D06946404616F05CF9F7
:109A3000A888401C00B2ADF81C00A088ADF820003A
:109A4000BBF1000F03D06946404616F04DF90DB04A
:109A5000BDE8F08F2DE9FF4F93B007469046994639
:109A60004FF6FF70804502D117B0BDE8F08F3E463B
:109A7000746A208C1290208C484506D0A4F820905F
:109A8000608C20F00400001D60844FF4802120468B
:109A90001FF0FFFB11904FF4802120461FF069FC5E
:109AA0000546119817F036FF8246384609F0DBFA72
:109AB0008346BBF81600ADF83E00BDF93E000AEB48
:109AC000050108FB010000B2ADF83E00284605EB99
:109AD000D071BDF83E20A2EB610109B2ADF83E1095
:109AE000BDF83E0050442844401E00B2ADF842008C
:109AF000706A808AADF83C00706A008BADF8400057
:109B000001A815F0CFFE01AA4FF4802120461FF0D6
:109B100065FF0FAA01A9149815F0A8FE12982084D9
:109B2000608C20F00400608400BF9DE72DE9F04FB9
:109B300091B007460D46904699464FF6FF70804516
:109B400002D111B0BDE8F08F1097109F7C6A208C75
:109B50000F90208C484506D0A4F82090608C20F00F
:109B60000400001D608407A814F090FE07AA4FF4BB
:109B7000802120461FF057FE4FF4802120461FF021
:109B8000F8FBADF82E00384609F06DFA064606B926
:109B9000D7E7079817F0BEFE8246F08AADF81600A8
:109BA000BDF91600BDF92E10514408FB010000B2AA
:109BB000ADF81600BDF92E0000EBD071BDF81620EF
:109BC000A2EB610109B2ADF81610BDF816005044C1
:109BD000BDF82E100844401E00B2ADF81A00A08A4D
:109BE000ADF81400208BADF8180005AA03A8A968E9
:109BF000F9F7F0FF8346BBF1000F13D0A86802907D
:109C000003A8A86030461AF0C3FC01900020009021
:109C100006F1140207A92846019B14F083FA029862
:109C2000A86000BF0F982084608C20F0040060843E
:109C300000BF86E72DE9F04105463548006813F07E
:109C400017FF04462868866BF06A10B13046F16A47
:109C50008847206890B1606880B10CE02C480068AB
:109C60000068806A38B12A4A12681068284A126867
:109C70001268916A884720690028EFD1012020618D
:109C8000234800680068C068806900F0010050B196
:109C90001F4800680068C0688069C0F3400010B1C8
:109CA0000120606101E000206061606908B101206D
:109CB00000E0002007462868406998B12868007CC9
:109CC000C0F3011048B12868007CC0F3800020B1C7
:109CD000D6E9001000F01EF804E0D6E9002128685B
:109CE000FDF792FD206880B1606870B12868007C43
:109CF00000F0010000B147B12168A068884202D19C
:109D00006068A06001E02068A060BDE8F08100000C
:109D10006C0100242DE9F34F83B0044688480068A5
:109D20000568874800680068007CC0F3400040B1C7
:109D3000287CC0F3800020B100BF00BF05B0BDE8A3
:109D4000F08F287CC0F3011002280AD12146284652
:109D5000049A00F004F921462846049AFDF754FDC0
:109D6000EBE0287CC0F30110012804D0287CC0F36C
:109D700001100328F4D1002002907148006813F00C
:109D800077FE8246204610F0E2FD0646204610F09F
:109D90006BFD83464FF4A050B0FBF6F000B258457F
:109DA00005DA4FF4A050B0FBF6F000B200E05846E0
:109DB0000190B4F90280287CC0F3011001280BD176
:109DC00068882188401A401E00B2E080E088801B2D
:109DD000401C00B2608006E02088608060883044CB
:109DE000401E00B2E08000279EE0ABEB0701019827
:109DF000814201DD019801E0ABEB07000FFA80F929
:109E00000120CAF8100047BBB34526DBB146297CC8
:109E1000C1F30111032901D1012100E0002108460D
:109E20003146049A00F00FF9287CC0F30110012894
:109E300007D1A4F8008008EB0600401E00B2A08005
:109E40003FE02888401EA0EB080000B2A080A08858
:109E5000801B401C00B2208033E0029820B94FF4F0
:109E600020501BF0DFFB029002980090297CC1F388
:109E70000111032901D1012100E0002108464A46D1
:109E80003146049B00F0B2F8287CC0F30110012891
:109E90000AD108EB070000B2208008EB0700484415
:109EA000401E00B2A0800CE02888401EA0EB0800F5
:109EB000C01B00B2A080A088A0EB0900401C00B22B
:109EC000208007EB090058450DDBDAF8180000F098
:109ED000010040B1DAF81800C0F3400018B10120C9
:109EE000CAF8140002E00020CAF81400029808B969
:109EF000049800E00298024621462846FDF784FCBB
:109F000004E0A86A10B12846A96A8847DAF8100068
:109F10000028F6D106FB09F1049800EB41000490FB
:109F200007EB090007B200BF5F45FFF65EAF02987E
:109F300010B102981BF0F2FB00BF00BFFEE600006C
:109F40006C01002418B5048800940C8804801488DF
:109F50000C801C881480BDF800401C8018BD2DE9C1
:109F6000FC5F05460C461646204610F0F0FC824683
:109F7000204610F079FC83461AFB0BF00190019803
:109F8000471E4FF0000811E006EB470000880090E4
:109F900006EB470006EB48010988018006EB480004
:109FA000BDF8001001807F1E08F101084745EBD87D
:109FB000B4F9069068886188401A401E00B2E080BB
:109FC0006888A0EB0900401E00B26080B4F90490DC
:109FD00028882188401A401E00B2A0802888A0EB63
:109FE0000900401E00B22080BDE8FC9F2DE9F0472B
:109FF00004461D46089F01FB02F0A0F1010C481E1B
:10A0000000FB02F800231AE008EB03000CB1ACEBF4
:10A01000000000260FE0A946AD1C07EB400AB9F886
:10A020000090AAF800900CB1104400E0801A06F1EC
:10A0300001090FFA89F68E42EDDB581C03B29342F8
:10A04000E2DBBDE8F0872DE9F04782460C46154675
:10A0500000263BE0002731E0601E801B0FFA80F8ED
:10A06000601EC01B0FFA80F9BAF1000F12D007FB77
:10A07000048C05EB4C0308FB049C05EB4C0209FB2C
:10A08000046C05EB4C0106FB047C05EB4C00FFF770
:10A0900059FF11E009FB046C05EB4C0308FB049C21
:10A0A00005EB4C0207FB048C05EB4C0106FB047C22
:10A0B00005EB4C00FFF746FF781C07B2601C00EB75
:10A0C000D071B7EB610FC7DB701C06B204EBD47123
:10A0D000B6EB610FBEDBBDE8F08710B50446204645
:10A0E00018F03EFF10BD00002DE9F14F9EB01E9804
:10A0F00017F078F905462C461E9817F01AF91D90AE
:10A10000606A1AF045FA07465020005D00F0010031
:10A1100010B91FB0BDE8F08F0FA815F0C3FB0FAA50
:10A120004FF4E02128461FF059FC04F144010DA82A
:10A1300010F083FBBDF83400616A898A084400B2DC
:10A14000ADF83400BDF83610606AC08A084400B229
:10A15000ADF83600BDF83800616A898A084400B25B
:10A16000ADF83800BDF83A10606AC08A084400B201
:10A17000ADF83A000DAA0FA91D9815F077FB4FF422
:10A18000E02128461EF0CAFB06464FF4E02128468F
:10A190001EF02CFE30440FFA80F84FF4E0212846E0
:10A1A0001EF09DFF30440FFA80F900200B900C90B8
:10A1B000E16CC8191F49096888478246E06CC119DB
:10A1C00052460BA81BF04BFBBDF83400404400B2D4
:10A1D000ADF83400BDF83600484400B2ADF83600A2
:10A1E0004FF0000BD4F824A040F257425946504695
:10A1F0001EF082FF019001980A9002A814F046FB1D
:10A2000002AA4FF4E02128461FF00DFB9DF83F0005
:10A21000022805DCBDF81400BDF82810884207D0DC
:10A2200000200BAB0DAA02A900901D9813F07AFF35
:10A2300000BF6EE7EC0200242DE9F04FBDB00546EB
:10A240000E4600BF00BFAB460BF13000FAF7D8FF57
:10A2500010B13DB0BDE8F08F05F114023BA8B16824
:10A26000F9F7B8FC00B9F4E7B0683A903BA8B060E1
:10A2700035A814F057FB35AA4FF4E02128461FF00B
:10A2800039FB27A815F00EFB9DF8DC008DF89F0028
:10A2900047F6FF70ADF89C004FF4E02128461FF010
:10A2A00004F9074600EBD7704FEA60094FF4E0214C
:10A2B00028461FF0FAF8074600EBD7704FEA600A0D
:10A2C000314604A81DF044F824A80A9016A8089066
:10A2D0004FF4E020119069480590052006900BF19D
:10A2E0003000FAF73FFF0446C0E00A2235A924A84F
:10A2F0001BF0B5FA382227A916A81BF0B0FAE0889F
:10A30000ADF89000E088ADF85C0039A80D9038A851
:10A310000E90607B00F0010020B1B4F90070B4F938
:10A32000028010E0A08847F6FF71884200D197E0D4
:10A33000A28801AB2846A16811F03CFFBDF904706A
:10A34000BDF9068000BFA88A384407B2E88A4044B5
:10A350000FFA80F8B9F1000F19D0BAF1000F16D03A
:10A36000A7EB090000B2ADF8080007EB090000B246
:10A37000ADF80C00A8EB0A0000B2ADF80A0008EB3B
:10A380000A0000B2ADF80E0002A8079001E000201C
:10A390000790207B00F0030070B3207B00F00100E9
:10A3A00010B1B5F9140000E03846ADF8E400ADF89E
:10A3B000E680207B00F0020010B1B5F9180000E043
:10A3C0003846ADF8E000BDF8E600ADF8E20004AABA
:10A3D0001A21284617F00CF838AB39AA24A93046C0
:10A3E00014F089FA02AA16A9304615F03FFA04AA19
:10A3F0001B21284616F0FCFF207B00F00C0070B3F8
:10A40000ADF8E470207B00F0040010B1B5F916003F
:10A4100000E04046ADF8E600BDF8E400ADF8E0002D
:10A42000207B00F0080010B1B5F91A0000E04046AA
:10A43000ADF8E20004AA1A21284616F0D9FF38AB7D
:10A4400039AA24A9304614F056FA02AA16A93046B1
:10A4500015F00CFA04AA1B21284616F0C9FF00BF0C
:10A4600021460BF13000FAF777FE0446002C7FF40A
:10A470003CAF3A98B06000BFEBE6000050C00390DC
:10A480002DE9F14F9AB01A9816F0ACFF04461A98CD
:10A4900016F04FFF199020461FF055F8074620464A
:10A4A0001DF0B6FA834607EBD771A28A02EB610171
:10A4B00009B218910BEBDB714A10E18A114409B221
:10A4C000179107EBD7714E1014A814F02BFA14AAA9
:10A4D000002120461FF00EFA4FF41D7016FB00F00D
:10A4E000552190FBF1F0642190FBF1F000B2ADF842
:10A4F0005200BDF85200801C00B2ADF8520000209E
:10A500001390002120461EF020F90546002347F64F
:10A51000FF7204F114010DA815F0AEF800210DA88A
:10A5200014F02CFA0C9000BFA08AADF82800E08A45
:10A53000ADF82A00208BADF82C00608BADF82E0012
:10A5400000BFBDF82800284400B2ADF82800BDF8CF
:10A550002C00401B00B2ADF82C00BDF82A002844A6
:10A5600000B2ADF82A00BDF82E00401B00B2ADF8D5
:10A570002E00012347F6FF720AA904A815F07CF803
:10A58000002104A814F0FAF90390BDF952804FF0AD
:10A59000000A4FE051462046FCF73CF80090BDF819
:10A5A0000000ADF850001398C0F30F290FFA89F09E
:10A5B00024F0FAFF06EB08014843189901EBE0305C
:10A5C00000B2ADF804000FFA89F024F0DDFF06EBCD
:10A5D00008014843179901EBE03000B2ADF80600DE
:10A5E0000FFA89F024F0E0FF711BA1EB080148434A
:10A5F000189901EBE03000B2ADF808000FFA89F0CD
:10A6000024F0C2FF711BA1EB08014843179901EB2D
:10A61000E03001B2ADF80A1002AB01AA14A91998F2
:10A6200014F069F90AF103001FFA80FA139800F593
:10A6300087601390BAF5807FACDD0DA814F080FC24
:10A6400004A814F07DFC0C9815F0FEF8039815F0A2
:10A65000FBF81BB0BDE8F08F2DE9F04FA5B0044624
:10A660000F46254604F1140123A8BA68F9F7B2FA97
:10A670002290229810B925B0BDE8F08FB8682190DB
:10A6800023A8B860002120461EF021F91E90002169
:10A6900020461EF036FB01461E98084400B21D906D
:10A6A000002120461EF099FC01461E98084400B285
:10A6B0001C9020461DF037F97E35E988484300128A
:10A6C00000B21B9020461DF00FF929894843001263
:10A6D00000B21A9017A814F025F917AA00212046F5
:10A6E0001FF008F9394605A81CF032FE0020129030
:10A6F0008C4806900020079017A80B904FF0FF3071
:10A70000139000200E900F9005AA1A21204616F0F3
:10A710006FFE002001903122204601991EF0ECFCD2
:10A720000090009800F0FF0B00BF002120461EF0B3
:10A73000CEF80490002001903322204601991EF0AB
:10A74000DBFC0090009800F0FF0800BF20461DF0E1
:10A7500055FA039020461DF04BFB029035F87E0918
:10A76000002865D0E18A1C9801440298081A00B2BA
:10A770000190A08AADF88000208BADF87C004FF0EE
:10A780000009B5F87E000FFA80FABBF1020F1ADD5E
:10A790000498002817DD08F0020040B1002120468F
:10A7A0001EF01BFC18B909F101000FFA80F908F03E
:10A7B000010040B1002120461EF0C6F918B9AAF1E7
:10A7C00001000FFA80FA4E462FE01A987043B5F850
:10A7D0007E10491E90FBF1F000B2ADF88200BDF88A
:10A7E00082100198084400B2ADF88200BDF88200E2
:10A7F000ADF87E004B4806900120079020A80E90EF
:10A800001FA80F90139605AA1A21204616F0F0FDF6
:10A810001FAB20AA17A9384614F06DF805AA1B2112
:10A82000204616F0E5FD701C06B25645CDDB00BF94
:10A83000B5F88000002865D0A18A1D9801440398CE
:10A84000081A00B20190E08AADF88200608BADF882
:10A850007E004FF00009B5F880000FFA80FABBF1D6
:10A86000020F1ADD0498002817DD08F0040040B13B
:10A87000002120461EF045FA18B909F101000FFA2F
:10A8800080F908F0080040B1002120461EF0E2FAED
:10A8900018B9AAF101000FFA80FA4E462FE01B9872
:10A8A0007043B5F88010491E90FBF1F000B2ADF88E
:10A8B0008000BDF880100198084400B2ADF8800017
:10A8C000BDF88000ADF87C00164806900220079085
:10A8D00020A80E901FA80F90139605AA1A212046B3
:10A8E00016F086FD1FAB20AA17A9384614F003F80E
:10A8F00005AA1B21204616F07BFD701C06B25645AA
:10A90000CDDB00BF4FF0FF30139000200E900F9072
:10A9100005AA1B21204616F06BFD2198B86000BFE8
:10A92000A9E6000050C003902DE9F14F9AB01A98A3
:10A9300016F0F7FC07461A9816F054FD05462C460B
:10A94000122F7DD11A9816F04AFD0646307802285B
:10A9500002D11BB0BDE8F08F94F8380000F003007E
:10A96000032805D094F8380000F00300022802D133
:10A9700001203070EDE794F83800C0F3840004281B
:10A9800008D094F83800C0F38400012802D00120D8
:10A990003070DEE74FF0000A4622514628461EF08E
:10A9A000ABFB19901998C0B2FF2802D0012030707B
:10A9B000CFE7002128461EF01DFD8146208E8144F0
:10A9C000B9F1000F02D001203070C2E70021284603
:10A9D0001EF051FD8046E08E00FB08F04FEA202873
:10A9E0001A9816F0FCFC8346B8F5807F09D1002246
:10A9F00005F114015846F9F72EF9E8BB0120307033
:10AA0000A7E728461DF004F8824628461EF09BFD65
:10AA1000179004F132001FFA88F100235246CDE965
:10AA2000001018A81799F9F7CBFBBDF86000A98AA8
:10AA3000084400B2ADF86000BDF86210E88A00E09A
:10AA40001DE0084400B2ADF86200BDF86400A98AB8
:10AA5000084400B2ADF86400BDF86610E88A084406
:10AA600000B2ADF86600002218A95846F9F7F3F8CD
:10AA700018B9012030706CE700E000BF19E2152F13
:10AA800001D0182FFAD1002128461EF0F4FC804690
:10AA9000E08E00FB08F04FEA2028002128461EF037
:10AAA000A9FC8246208E824428461EF04CFD199057
:10AAB00028461CF0ADFF1890002641F232023146C4
:10AAC00028461EF019FB0E900E9800B2814600BF7A
:10AAD00041F61202314628461EF00EFB0E900E98EB
:10AAE00048440FFA80FB00BF41F613023146284666
:10AAF0001EF002FB0E900E98484400B2179000BF63
:10AB000041F61002314628461EF0F6FA0E900E98D5
:10AB1000484400B2169000BF41F611023146284663
:10AB20001EF0EAFA0E900E98484400B21590608E1E
:10AB3000584400B2ADF85000A18E1698084400B2F7
:10AB4000ADF8520094F8390000F00300012804D158
:10AB500012A928461CF006FF27E014A91FFA88F066
:10AB60000FFA8AF3CDE9000112A8DDE91821F9F7FF
:10AB700027FBBDF84800A98A084400B2ADF8480098
:10AB8000BDF84A10E88A084400B2ADF84A00BDF8A2
:10AB90004C00A98A084400B2ADF84C00BDF84E1034
:10ABA000E88A084400B2ADF84E0005F1140110A87F
:10ABB0000FF031FE12A905F114000FF02CFEBE4873
:10ABC0001A991CF0EBFD0F900F98012800D0C0E6F9
:10ABD00010A905F114000FF01EFE152F7ED1E08D97
:10ABE00008B1A08D00B9B4E6B8F1000F00D1B0E60D
:10ABF0001A9816F09EFB064605F114010DA80FF0F9
:10AC00000AFE284618F01EFC0C9094F8390000F05B
:10AC1000030001283CD1B4F92C10BDF93020891A69
:10AC2000481C00EBD071BDF83420A2EB610109B2E1
:10AC3000ADF83410B4F92C10BDF93020891A481C35
:10AC400000EBD071BDF83820A2EB610109B2ADF87C
:10AC50003810B4F92E10BDF93220891A481C00EBC7
:10AC6000D071BDF83620A2EB610109B2ADF8361003
:10AC7000B4F92E10BDF93220891A481C00EBD071AE
:10AC8000BDF83A20A2EB610109B2ADF83A1013E029
:10AC900012A80FF0B7FEBDF834100844401E00B2F1
:10ACA000ADF8380012A80FF025FEBDF836100844A4
:10ACB000401E00B2ADF83A00BDF83400584400B26E
:10ACC000ADF83400BDF836101698084400B2ADF85F
:10ACD0003600BDF838101798081A00E0E8E000B216
:10ACE000ADF83800BDF83A101598081A00B2ADF862
:10ACF0003A0094F8380000F00300012805D094F8D9
:10AD0000380000F0030000287AD106A813F0EDF90E
:10AD100006AA002128461EF027FD1FFA88F0ADF88C
:10AD20001A001FFA8AF0ADF81800608EADF81C000A
:10AD3000A18EADF81E1094F83800C0098DF82C00D3
:10AD4000BDF84800584400B2ADF81000BDF84A10F4
:10AD50001698084400B2ADF81200BDF84C101798D0
:10AD6000081A00B2ADF81400BDF84E101598081A74
:10AD700000B2ADF81600B068039004AA04A8B16848
:10AD8000F8F728FF00B9E4E504A8B060BDF8361074
:10AD9000608D084400B2ADF80600BDF90600BDF9AB
:10ADA0003610884206DDBDF80600E18D401A00B27B
:10ADB000ADF80600BDF80600E18D0844401E00B263
:10ADC000ADF80A0049E0BDF83400218D084400B216
:10ADD000ADF80400BDF90400BDF93410884206DD69
:10ADE000BDF80400A18D401A00B2ADF80400BDF812
:10ADF0000400A18D0844401E00B2ADF8080016E022
:10AE000034E001AA06A93046636A13F01FF9BDF8C1
:10AE10000400BDF83010084400B2ADF80400BDF8DD
:10AE20000800BDF83010084400B2ADF80800BDF9C4
:10AE30000400BDF938108842E3DBBDF80600BDF818
:10AE40003210084400B2ADF80600BDF80A00BDF8A3
:10AE50003210084400B2ADF80A00BDF90600BDF991
:10AE60003A108842AFDB0398B06020E094F83800D5
:10AE700000F00300022811D104A813F007FD04AA72
:10AE8000002128461EF0CFFC0020009005F114029E
:10AE900004A93046636A13F045F908E000BF00BF1B
:10AEA000002305F114021946304613F0CFF800BF15
:10AEB00000BF00BF4DE50000404904902DE9F14F6F
:10AEC000DCB05C9816F08EFA05462C465C9816F0BD
:10AED00030FA5B9059A928461CF044FD0020CDE9CA
:10AEE000105040F60A02DDE910011EF005F90F903E
:10AEF0000F9800B258900020CDE9105040F60B0298
:10AF0000DDE910011EF0F8F80F900F9800B257908D
:10AF1000BDF864115898081A00B2ADF86401BDF884
:10AF200068115898084400B2ADF86801BDF8661180
:10AF30005798081A00B2ADF86601BDF86A11579823
:10AF4000084400B2ADF86A0159A80FF04DFD8346E0
:10AF500059A80FF0C1FC5690D4E90A10A0EB0109E2
:10AF60005698834501DB012000E000208046002048
:10AF7000559094F85C0000F0030001280BD1A06A02
:10AF8000002808DAE06A002805DDA16A206B884203
:10AF900001D101205590002128461DF0D9FE549082
:10AFA000002128461DF07DFF5390002128461EF009
:10AFB0003BF85290002128461DF0EDFD519059A913
:10AFC00004F134000FF015FCA18E5498084400B22F
:10AFD000A086218F5398081A01B22187E18E5298DA
:10AFE000084401B2E186618F5198081A01B2618765
:10AFF000B8F1000F13D004F134000FF06DFC0428F9
:10B000000DDA569800EBD0714A10E98A1144891E76
:10B010000AB2E286E08E001D01B2618715E0B8F148
:10B02000000F12D104F134000FF0DEFC04280CDA1A
:10B0300058460BEBD071AA8A02EB6101891E09B256
:10B04000A186A08E001D01B2218704F134000FF00B
:10B05000CBFC509004F134000FF03EFC4F90B8F15F
:10B06000000F01D0509800E04F988246B8F1000FD1
:10B0700005D004F13406371DFE484C9004E004F17D
:10B080003606371DFC484C90A06D401CF8B1A36AF1
:10B09000216DC91A01FB0AF191FBF9F108B2A36A0B
:10B0A000616DC91A01FB0AF191FBF9F10AB2131A99
:10B0B000D4F858C003FB0CF1CB1701EB13631B1240
:10B0C0001BB24D934D99014409B24D9108E0A16A1C
:10B0D000206B401A00FB0AF090FBF9F000B24D9093
:10B0E000A06C401CE0B1A36A216CC91A01FB0AF1F3
:10B0F00091FBF9F108B2A36A616CC91A01FB0AF16C
:10B1000091FBF9F10AB2131AD4F848C003FB0CF111
:10B11000CB1701EB136300EB23231BB24E9308E024
:10B12000D4E90901401A00FB0AF090FBF9F000B2E3
:10B130004E900020119041F26A42284611991DF06C
:10B14000DBFF10901098C0B24B90B8F1000F0ED0FA
:10B150004B9801280BD130463E4607464E9949424E
:10B1600009B24E914D99494209B24D9100BFB8F1D3
:10B17000000F0AD031884E98084400B238803188D8
:10B180004D98084400B230800AE039884E98081A79
:10B19000401C00B2308039884D98081A00B23880BF
:10B1A000559878B3A26A524202FB0AF292FBF9F276
:10B1B00011B2B8F1000F0CD032880A4410B2B7F9BE
:10B1C0000020824201DD30801BE03A8832803880E6
:10B1D00017E03A88521A521C10B2B6F90020824287
:10B1E00001DD388002E032883A803080B7F90020F3
:10B1F000B6F900309A4204DAB6F900003A88328093
:10B20000388000BF559800BB04F134004C99884742
:10B2100001281ADC68465B991CF09AF84FF400305C
:10B220000D90964801900020029004F134000390A4
:10B230006A461A21284616F0DBF86A461B21284682
:10B2400016F0D6F85DB0BDE8F08F04F1340149A8DE
:10B250000FF0CFFA3BA814F025FB3BAA4FF40031C6
:10B2600028461EF0BBFB29A85B991CF071F84FF42F
:10B270000030369081482A9000202B903BA82D90DA
:10B2800004F134002C9029AA1A21284616F0B0F8AF
:10B29000002011906022284611991DF02DFF10907A
:10B2A000109800B228905698834501DA584600E07D
:10B2B00056982790DDE92701B1EB600F02DD279852
:10B2C00040102890BDF9EC0026904F995098884284
:10B2D00001DA509800E04F982790DDE92601B0EBA5
:10B2E000610F02DD279840102690B8F1000F08D0BA
:10B2F00004F134000FF078FB01462698B1EB400FC3
:10B300000BDCB8F1000F28D104F134000FF0E4FA9F
:10B3100001462698B1EB400F1FDD9DF8EF0011901C
:10B320009DF8060110909DF80E010F9000208DF8F9
:10B33000EF008DF806018DF80E0104F134023BA9EF
:10B340005B9814F093FA11988DF8EF0010988DF82F
:10B3500006010F988DF80E0100BFA98A5498084481
:10B3600000B2ADF87800298B5398081A00B2ADF8F6
:10B370007C00E98A5298084400B2ADF87A00698BE3
:10B380005198081A00B2ADF87E0000231EA920A82B
:10B39000289A14F071F9002120A813F0EFFA1D90FB
:10B3A0009DF822011C909DF80E011B9000208DF845
:10B3B0000E018DF8220159A919A80FF01AFABDF84B
:10B3C00064105498084400B2ADF86400BDF86610EB
:10B3D0005298084400B2ADF86600BDF86810539862
:10B3E000081A00B2ADF86800BDF86A105198081A42
:10B3F00000B2ADF86A00B8F1000F15D019A80FF02F
:10B400006BFA042810DA569800EBD0714A10E98ADA
:10B410001144891E09B2ADF86610BDF86600001D22
:10B4200000B2ADF86A0017E0B8F1000F14D119A806
:10B430000FF0DAFA04280FDA58460BEBD071AA8A1B
:10B4400002EB6101891E09B2ADF86410BDF8640019
:10B45000001D00B2ADF86800BDF9EC20002304F136
:10B46000340113A814F008F9002113A813F086FA88
:10B47000129005E0E9A90190D9A80190984804909C
:10B4800019AA3BA95B9814F0F1F91B988DF80E01ED
:10B490001C988DF8220100208DF8EF008DF8060130
:10B4A0008DF8220104F134023BA95B9814F0DEF917
:10B4B00013A813F045FD20A813F042FD129814F0D4
:10B4C000C3F91D9814F0C0F929AA1B21284615F0CC
:10B4D0008FFF00BFB6E6F0B591B00546284615F0DF
:10B4E00081FF0446284615F024FF0746264603A898
:10B4F00014F0D8F903AA4FF4403120461EF06EFA3A
:10B5000047F6FF70ADF80C002C20805D00F00100C4
:10B5100038B1204612F017F90090BDF80000ADF8E0
:10B520001000214601A807F0B7FC01AA03A938467C
:10B5300014F09CF911B0F0BD2DE9F04FB3B0814685
:10B54000484615F04FFF80464446484615F0F1FE48
:10B550003290002140461DF053F9054640461DF04B
:10B56000F2FF824640461CF053FA8346DA4501DB7F
:10B57000012000E0002006460EB1584600E050468B
:10B580003190002794F85C0000F00300012806D1F8
:10B59000A06A002803DAE06A002800DD0127002EF7
:10B5A0003CD097B93EB1012D02D1B4F9340009E085
:10B5B000B4F9380006E0012D02D1B4F9360001E0FB
:10B5C000B4F93A00ADF8BC0037E0606A002812DB3D
:10B5D0003EB1012D02D1B4F9340009E0B4F93800CC
:10B5E00006E0012D02D1B4F9360001E0B4F93A00C9
:10B5F000ADF8BC0021E03EB1012D02D0B4F9340019
:10B6000009E0B4F9380006E0012D02D0B4F93600A3
:10B6100001E0B4F93A00ADF8BC000EE01FB9E08ECD
:10B62000ADF8BE0009E0606A002803DBE08EADF8EB
:10B63000BE0002E0608FADF8BE0021A814F032F920
:10B6400021AA4FF4403140461EF0C8F933462FA9D5
:10B650004046319A25F054FA2FA904F168000FF002
:10B66000E3F80FA832991BF073FE4FF440301C90A2
:10B670003C481090002011901D9004F16800129039
:10B6800021A81390404621F0E4FA022810D00FAA16
:10B690001A21404615F0ACFE04F1680221A9329847
:10B6A00014F0E4F80FAA1B21404615F0A1FE55E066
:10B6B000382221A901A81AF0D2F80FAA1A2140466F
:10B6C00015F096FE04F1680221A9329814F0CEF824
:10B6D0000FAA1B21404615F08BFE96B13EB1012DFD
:10B6E00002D0B4F9340009E0B4F9380006E0012DC5
:10B6F00002D0B4F9360001E0B4F93A00ADF8BC006C
:10B7000002E0608FADF8BE0033462FA94046319A63
:10B7100025F0F6F92FA904F160000FF085F8382222
:10B7200001A921A81AF09BF80120119004F16000F2
:10B73000129021A8139001201D900FAA1A214046B3
:10B7400015F056FE04F1600221A9329814F08EF82B
:10B750000FAA1B21404615F04BFE00BF33B0BDE8D9
:10B76000F08F0000CC4904902DE9F04790B00746D7
:10B77000384615F037FE054628461CF099F906466E
:10B7800008A813F083F808AA002130461EF04BF8F1
:10B79000384615F0CEFD0446D4F8088006F11402B0
:10B7A00006A8A168F8F716FA10B910B0BDE8F0873E
:10B7B00006A8A06004A9304607F0ECFFA88AADF8FF
:10B7C0000800E88AADF80A00288BADF80C00BDF837
:10B7D0001200ADF80E0002AA02A8A168F8F7FAF963
:10B7E00098B1D4F8089002A8A060284618F0D0FEBE
:10B7F00082460020534605F1140208A90090204615
:10B8000012F090FCC4F8089000BFA88AADF80800B8
:10B81000BDF81600ADF80A00288BADF80C00688B57
:10B82000ADF80E0002AA02A8A168F8F7D3F998B102
:10B83000D4F8089002A8A060284618F0A9FE824615
:10B840000020534605F1140208A90090204612F08A
:10B8500069FCC4F8089000BFC4F8088000BFA4E7E2
:10B860002DE9FF4FA1B0064614462498807B00F0D6
:10B870000F052298807E1F90032D00D10425012DF5
:10B8800006D0022D0BD0042D10D0082D1DD114E0B0
:10B89000DFF86C834FF0800A02201E901AE0DFF878
:10B8A00064834FF0C00A04201E9013E0DFF8588331
:10B8B0004FF0F00A10201E900CE0DFF850834FF09C
:10B8C000FF0A4FF480701E9004E000BF00BF25B057
:10B8D000BDE8F08F00BF1F98FD2823DACC4801781F
:10B8E0001F98814203D1CB480068A84213D00020A2
:10B8F0000DE018F80010FF2901D11F9904E018F895
:10B9000000101F9A51430912C34A1154401C1E993A
:10B910008842EED300BFDFF80083BD491F9808704E
:10B92000BC4805602498B0F806B0249800891B90A4
:10B930000BFB05F01A90B4F90000B168B1F90010E2
:10B94000884201DB002005E0B068B0F90000B4F9DE
:10B950000010401A1990B4F900005844B168B1F9C8
:10B960000410884201DC584606E0B068B0F90400D3
:10B97000B4F90010401A401C1890B4F90200B168E4
:10B98000B1F90210884201DB002005E0B068B0F98F
:10B990000200B4F90210401A1790B4F902101B9873
:10B9A0000844B168B1F90610884201DC1B9806E032
:10B9B000B068B0F90600B4F90210401A401C1690A5
:10B9C0001A9917984843199901FB050015902E996B
:10B9D000159801EBD0002E90159800F007071C2158
:10B9E0000DA81AF0CAF822988089ADF83C00229878
:10B9F000807E8DF84C002298807FC0F3C2008DF8C5
:10BA00004D00F9F7C3FE019012F036F80C901B9828
:10BA10000BFB00F10C98814201DD0C9802E01B99B0
:10BA20000BFB01F00B900B9819F0FCFD8146CDF853
:10BA3000409000200A9021881998084400B2ADF87F
:10BA40002000218818980844401E00B2ADF8240058
:10BA500061881798084400B2ADF82200BDF82200B2
:10BA6000ADF8260000BFBDF82400BDF82010401A34
:10BA7000401C00B2079000BFBDF82000ADF81400D4
:10BA8000BDF82200ADF81600BDF82400ADF818008E
:10BA9000BDF82600ADF81A0000BFBDF816101698C4
:10BAA000084400B2ADF81A0005A813F06DFA04902E
:10BAB00008A80D901290C5F10800039019980BEB9F
:10BAC00000011898081A6843029017981C9078E0B3
:10BAD0000A9801902AFA07F0209019981D9028E002
:10BAE0002E980078209908400399C91BC8401490EB
:10BAF000149830B1149818F800100A9809F800103A
:10BB000003E000210A9809F800100398874204D244
:10BB10002F442098E840209005E00027CDF880A031
:10BB20002E98401C2E900A98401C0A901D98401C8C
:10BB30001D9018991D988842D2DB0498A0B1BDF9D8
:10BB40002620BDF92010019B09EB0300079B13F091
:10BB5000CBF98DF844009DF8440028B9019909EB10
:10BB6000010007991AF009F8DDE91801411A0A984D
:10BB700001440B98814206D2BDF82600401C00B259
:10BB8000ADF8260012E002208DF844000DA93046E1
:10BB900014F0AAF8BDF82600401C00B2ADF822004F
:10BBA000BDF82200ADF8260000200A900298074454
:10BBB0002E9800EBD7002E9007F007071C98401C2A
:10BBC0001C9016991C98884282DBBDF92200BDF9B1
:10BBD000261088420ED0BDF82600401E00B2ADF8F7
:10BBE000260002208DF844000DA9304614F07CF8A0
:10BBF00000200A90484619F091FD00BF67E600005A
:10BC0000B4BE0390B6BE0390C2BE0390D2BE0390F2
:10BC10007C01002480010024744502242DE9FF4F9B
:10BC20008FB00C4615461E46B4F90200401E0E9019
:10BC30000E9840100D900E9800F001010D980844E8
:10BC40000C90B5F90000B6F90010884202DAB5F997
:10BC5000000001E0B6F90000ADF82800B5F90000D9
:10BC6000B6F90010884202DDB5F9000001E0B6F92E
:10BC70000000401E00B2ADF82C0069880C98081A2C
:10BC800000B2ADF82A0069880D98084400B2ADF8FA
:10BC90002E000F980AA982680AA8F7F79BFF824630
:10BCA000BAF1000F02D113B0BDE8F08FE08818B1EF
:10BCB000A08808B1012000E00020834601200990FF
:10BCC0000AA813F061F910B10020099004E0BBF15B
:10BCD000000F01D0002009901C2102A819F04DFF8F
:10BCE0000AA802902088ADF81000207A8DF8200074
:10BCF000099820B102A90F9813F0F6FF78E00AA87E
:10BD00000EF04FFE0746BDF92E000190BDF82A0047
:10BD1000ADF82E0000200090BBF1000F0BD0B4F95D
:10BD20000600B4F904100844BDF9281091FBF0F2A4
:10BD300000FB12100090384619F074FC8046CDF8D4
:10BD400014800AA80790BDF92A904AE03946404677
:10BD500019F04AFFBDF928103BB20FFA89F24046AC
:10BD600013F0C2F88DF81800BBF1000F27D09DF832
:10BD7000180020B3009800211BE0B4F9042082428F
:10BD800007DBA3881B1A1AB28B1819B2831818B2D2
:10BD90000BE0B4F90620B4F904301A44824201DC05
:10BDA000002002E0002208F801204A1C11B2421CC7
:10BDB00010B2B942E1DB02228DF8182000BF02A9BF
:10BDC0000F9813F091FFBDF82A00401C00B2ADF8A7
:10BDD0002A00BDF82E00401C00B2ADF82E0009F17B
:10BDE000010901988145B1DD404619F097FC00BF7B
:10BDF00000BF58E72DE9FF4FC7B08B4691469A46E2
:10BE0000B9F90200BAF90210884210DAB9F8020052
:10BE1000ADF81A01BAF80200ADF81601B9F8000041
:10BE2000ADF81801BAF80000ADF814010FE0BAF847
:10BE30000200ADF81A01B9F80200ADF81601BAF81F
:10BE40000000ADF81801B9F80000ADF81401BDF913
:10BE50001401BDF91811441ABDF91601BDF91A11E2
:10BE6000451A002C01DD204600E06042002D01DD76
:10BE7000294600E06942884201DD012000E00020FF
:10BE80004490BBF9026000204390449870B1002DAB
:10BE900001DD284600E068424101002C01DD20461A
:10BEA00000E0604291FBF0F043900DE0002C01DDDA
:10BEB000204600E060424101002D01DD284600E0FF
:10BEC000684291FBF0F04390E0494398085C70436E
:10BED0003F30C611771006F0010000EB0708BDF9EE
:10BEE0001801BDF91411884202DABDF9180101E008
:10BEF000BDF91401801B00B2ADF80401BDF91801B1
:10BF0000BDF91411884202DDBDF9180101E0BDF947
:10BF10001401304400B2ADF80801BDF91A01BDF9B1
:10BF20001611884202DABDF91A0101E0BDF91601C5
:10BF3000801B00B2ADF80601BDF91A01BDF916115A
:10BF4000884202DDBDF91A0101E0BDF91601304455
:10BF500000B2ADF80A01479841A9826841A8F7F7F5
:10BF600039FE4090409810B94BB0BDE8F08F44982E
:10BF7000F0B3002C24DD0021BDF81601C01B00B277
:10BF8000CDE90001BDF91431BDF81A01C01B02B2A0
:10BF9000BDF9181135A813F0F1F80121BDF816010B
:10BFA000404400B2CDE90001BDF91431BDF81A01D9
:10BFB000404402B2BDF918112AA813F0DFF84AE094
:10BFC0000021BDF81601404400B2CDE90001BDF9E1
:10BFD0001431BDF81A01404402B2BDF9181135A858
:10BFE00013F0CCF80121BDF81601C01B00B200E02F
:10BFF0000DE0CDE90001BDF91431BDF81A01C01BF7
:10C0000002B2BDF918112AA813F0B8F823E00021F4
:10C01000BDF91601CDE90001BDF81401404403B299
:10C02000BDF91A21BDF81801404401B235A813F03A
:10C03000A5F80121BDF91601CDE90001BDF81401F3
:10C04000C01B03B2BDF91A21BDF81801C01B01B213
:10C050002AA813F093F8002135A812F08FFC139052
:10C0600000212AA812F08AFC12904FF0FF301190A4
:10C0700010909BF80900C0F3001068BB0321BDF8C5
:10C080001A01204400B2CDE90001BDF81801401B9F
:10C0900003B2BDF91A21BDF918111FA813F06EF8EB
:10C0A0000221BDF81601204400B2CDE90001BDF81F
:10C0B0001401401B03B2BDF91621BDF9141114A8D7
:10C0C00013F05CF800211FA812F058FC1190002119
:10C0D00014A812F053FC109041A80EF062FC0F90CF
:10C0E000F9F754FB019011F0C7FC0D9041A80EF038
:10C0F0000FFC01460D98814203D241A80EF008FCC6
:10C1000000E00D980C900C9819F08CFA0B90BDF98A
:10C110000A010A90BDF80601ADF80A010020099055
:10C12000DDE90B0119F060FD1C2102A819F025FDC5
:10C1300041A80290BBF80000ADF810009BF8080081
:10C140008DF820000B98059041A80790BDF90601D5
:10C150000E9040E0BDF90411099B0B9AD0180F9A7C
:10C1600013B20E9A12B212F0BFFE8DF818009DF8AD
:10C17000180028B9099A0B9988180F9919F0FDFC35
:10C180000F990998084409900F99099801440C984F
:10C19000814206D2BDF80A01401C00B2ADF80A0186
:10C1A00016E002208DF8180002A9479813F09CFDB4
:10C1B000BDF80A01401C00B2ADF80601BDF8060149
:10C1C000ADF80A0100200990DDE90B0119F00CFD22
:10C1D0000E98401C0E900A990E988842BADDBDF95F
:10C1E0000601BDF90A1188420CD0BDF80A01401EB3
:10C1F00000B2ADF80A0102208DF8180002A9479894
:10C2000013F072FD0B9819F089FA35A812F098FE18
:10C210002AA812F095FE1198401C10B11FA812F028
:10C220008FFE1098401C10B114A812F089FE1398CC
:10C2300013F00AFB129813F007FB119813F004FB9C
:10C24000109813F001FB00BF8EE60000D2BF0390F0
:10C250002DE9FF4F91B00C4615461E46B4F9020079
:10C26000401E1090109840100F90109800F001019F
:10C270000F9808440E9029880E98081A00B2ADF85D
:10C28000300029880F98084400B2ADF83400B5F9A1
:10C290000200B6F90210884202DAB5F9020001E0A4
:10C2A000B6F90200ADF83200B5F90200B6F9021095
:10C2B000884202DDB5F9020001E0B6F90200401E35
:10C2C00000B2ADF8360011980CA982680CA8F7F7F7
:10C2D00081FC8146B9F1000F02D115B0BDE8F08FA5
:10C2E000E08818B1A08808B1012000E00020824653
:10C2F00001200B900CA812F047FE10B100200B900B
:10C3000004E0BAF1000F01D000200B901C2104A81A
:10C3100019F033FC0CA804902088ADF81800207A9E
:10C320008DF828000B9820B104A9119813F0DCFCBB
:10C3300066E00CA80EF035FB8346BDF9360003908D
:10C34000BDF83200ADF83600584619F06BF902908E
:10C35000029807900CA8099000200190BAF1000FF4
:10C360000BD0B4F90600B4F904100844BDF932103A
:10C3700091FBF0F200FB12100190019FBDF9328099
:10C3800037E05946029819F02FFCBDF930100FFA2A
:10C390008BF30FFA88F2029812F0A6FD8DF82000B8
:10C3A000BAF1000F13D09DF8200070B1B4F9040069
:10C3B000B84202DA00208DF82000B4F90600B4F982
:10C3C00004100844B84200DC0027781C07B204A916
:10C3D000119813F089FCBDF83200401C00B2ADF892
:10C3E0003200BDF83600401C00B2ADF8360008F14E
:10C3F000010803988045C4DD029819F08FF900BF49
:10C4000000BF6AE72DE9FC5F8046404614F0EAFF72
:10C410000746B946D9F824603446404614F089FFEF
:10C420000546606A00F114026846A968F7F7D2FB76
:10C430008246BAF1000F41D0D5F808B0C5F808D04F
:10C4400094F83C00C0F3401048B3608FE18E8842FE
:10C450000CD1628F212329463046FDF7FBFA628F0B
:10C46000212329463046FDF761FB24E0628F20231B
:10C4700029463046FDF7EEFA628F202329463046E2
:10C48000FDF754FBE28E012329463046FDF7E2FA20
:10C49000E28E012329463046FDF748FB0BE0628F10
:10C4A000202329463046FDF7D5FA628F20232946FE
:10C4B0003046FDF73BFBC5F808B000BFBDE8FC9F68
:10C4C0002DE9F14FD0B0509814F08CFF044625466A
:10C4D000288E10B951B0BDE8F08F509814F029FFA4
:10C4E0004F90608C20F00400001D60844DA9204610
:10C4F0001BF038FA0026B246B4F8208000202084D1
:10C50000608C20F00400001D608427A813F0CAF995
:10C510001FA812F0BBF927AA4FF4A02120461DF056
:10C520005DFA1FAA4FF4A02120461DF07CF9608C13
:10C5300020F004006084A4F82080002120461CF034
:10C5400080FD1E90002120461CF032FB1D90002132
:10C5500020461CF00AFC1C90002120461CF0AEFC7A
:10C560001B9009A84F991AF0F3FE4FF4A0201690E3
:10C57000D7480A9000200B903DA80D9035A80E904A
:10C5800000BF9BE103E00AF101001FFA80FA696A2B
:10C5900051F82A00CFA1F4F703F80028F3D0E96A94
:10C5A00031F81600FAF72CFD00B181E10027E96AA5
:10C5B00031F81600FAF714FD08B147F00107E96AEF
:10C5C00031F81600FAF720FD10B147F0800716E0A9
:10C5D000A88EB04213D108F0200008B147F0200720
:10C5E00008F0020008B147F0020708F0040008B1A3
:10C5F00047F0040708F0080008B147F00807A86AE8
:10C6000000EBC6014BA80EF0FDF8BDF82C01BDF8FB
:10C610003411084400B2ADF82C01BDF82E01BDF86C
:10C620003611084400B2ADF82E01BDF83001BDF856
:10C630003411084400B2ADF83001BDF83201BDF844
:10C640003611084400B2ADF8320157B9382227A993
:10C650003DA819F004F920221FA935A819F0FFF808
:10C660001DE02784608C20F00400001D60843DA83C
:10C6700013F018F935A812F009F93DAA4FF4A021DA
:10C6800020461DF0ABF935AA4FF4A02120461DF03D
:10C69000CAF8A4F82080608C20F004006084E96A65
:10C6A00031F81600FAF7B8FC8346BBF1000F06D04C
:10C6B0009DF8F10040F001008DF8F10005E09DF8D3
:10C6C000F10020F001008DF8F1004BA80C901796B6
:10C6D00009AA1A21204614F08BFE9DF81701400884
:10C6E00000F01000F0B39DF8170120F03E001E305E
:10C6F0008DF81701BDF92C11B4F914201C981044C1
:10C7000081420AD19DF81701400820F004009DF8ED
:10C71000171160F345018DF81711BDF93011B4F907
:10C7200018201B98101A81420AD19DF81701400861
:10C7300020F008009DF8171160F345018DF81711DE
:10C74000BDF92E11B4F916201E98104481420CD167
:10C750009DF81701400820F002009DF8171160F3C2
:10C76000450100E014E08DF81711BDF93211B4F95C
:10C770001A201D98101A81420AD19DF8170140080D
:10C7800020F001009DF8171160F345018DF8171195
:10C790004BA80EF0A8F8814607F0200060B1E86AC7
:10C7A00030F8160000F4007030B1BDF82E01A0EB97
:10C7B000090000B2ADF82E014BAA3DA94F9813F025
:10C7C00055F835980890BDF9E8000790BDF9E600E6
:10C7D0000690686A50F82A0005904DA80EF00BF9F3
:10C7E00003909DF8F11002460698CDE901210090D2
:10C7F00004A8DDE90732059922F0C4FF4BA80EF02A
:10C80000FAF8BDF91010401A039000EBD070BDF893
:10C810002C1101EB600000B2ADF82C014BA80EF01A
:10C8200062F8BDF91210401A039000EBD070BDF809
:10C830002E1101EB600000B2ADF82E01BDF82C0105
:10C84000BDF81010084400B2ADF83001BDF82E015B
:10C85000BDF81210084400B2ADF8320107F0200014
:10C86000C0B1E86A30F8160000F4007090B1484694
:10C8700009EBD071BDF82E21A2EB610109B2ADF830
:10C880002E1109EBD071BDF83221A2EB610109B282
:10C89000ADF83211002000904BAA35A9059B4F98A6
:10C8A00011F040FC09AA1B21204614F0A1FD00BF95
:10C8B000701C86B20AF101001FFA80FA288EB0427D
:10C8C0003FF760AE608C20F00400608400BF01E69A
:10C8D000D04804900A0000002DE9F14FA2B0229840
:10C8E00014F080FD04462546229814F022FD219084
:10C8F000002120461BF0F8FF81462646002741F61E
:10C900001202394630461CF0F7FB0A900A98484458
:10C9100000B2209000BF41F61302394630461CF0A9
:10C92000EBFB0A900A98484400B21F900021204671
:10C930001CF0A1FB484400B21E9016A811F0A6FFFF
:10C9400016AA4FF4003120461CF06DFFA86A10B102
:10C95000D5F828800AE0802018F064FE0646802280
:10C960003146204614F018FAB04600BF4FF0000AD6
:10C9700095F83C0000F00F00012800D18246002607
:10C9800041F26A42314620461CF0B6FB0A900A98F2
:10C99000C0B2012800D18246E86A00287ED0E86A49
:10C9A00016F062FE0A900A98022814D19DF87500CC
:10C9B00041F6FF72BDF96A10CDE900120290BDF98F
:10C9C0006C30169A07A8E96A22F0DCFEBDF91C60FB
:10C9D000BDF91E7011E007A9E86A16F0EDFA83466A
:10C9E000BBF1010F05D10798C0F38A260798470DC0
:10C9F00002E04FF0FF36374600BFBAF1000F0DD00E
:10CA0000A18A2098084400B2ADF82000BDF82000AB
:10CA10003044401E00B2ADF824000DE0218B1F9879
:10CA2000081A801B00B2ADF82000BDF82000304489
:10CA3000401E00B2ADF824000A98022815D1E18A00
:10CA40001E98084400B2ADF82200BDF82200384418
:10CA5000401E00B2ADF826000020009008AA16A9DA
:10CA6000EB6A219811F05EFB40E020461AF0D0FFFF
:10CA7000A0EB070B0BEBDB704110E08A084400B21F
:10CA8000ADF82200BDF822003844401E00B2ADF8D7
:10CA9000260002A811F029FB02AA00E027E04FF4CB
:10CAA000003120461CF060FE304606EBD071491084
:10CAB00009B2ADF80C10384607EBD07149100AB234
:10CAC000ADF80E204FF4003B43F60F0259462046C6
:10CAD0001CF012FB0190019880B2ADF8080008AA82
:10CAE00002A9EB6A219811F0B1FA00BF00BF0EA8AD
:10CAF00011F0CCFE0EAA002120461CF094FE9DF8F9
:10CB0000550041F6FF72BDF94A10CDE900120290BE
:10CB1000BDF94C3041460DA80E9A22F033FEE18A51
:10CB20001E98084400B2ADF82E00BDF82E00BDF8E6
:10CB30003610084400B2ADF83200E86AB0B92046B9
:10CB40001CF001FDBDF93410461A06EBD670A18A1F
:10CB500001EB600000B2ADF82C00BDF82C00BDF870
:10CB60003410084400B2ADF8300022E0BAF1000FF2
:10CB700011D0218B1F98081ABDF83410401A00B24A
:10CB8000ADF82C00BDF82C00BDF83410084400B2FC
:10CB9000ADF830000DE0A18A2098084400B2ADF84D
:10CBA0002C00BDF82C00BDF83410084400B2ADF8DC
:10CBB0003000002043460BAA0EA90090219811F0E6
:10CBC000B1FAA86A10B9404618F0A8FD23B0BDE834
:10CBD000F08F2DE9F14F90B0109814F003FC05464A
:10CBE0002C46109814F0A5FB06460EA928461AF00C
:10CBF00045FE002794F84800C0F3001008B147F044
:10CC0000010794F84800C0F3401008B147F002074C
:10CC1000002128461CF070FC42F2D171884205D1F7
:10CC2000688CC0F3802008B947F0040706A811F00B
:10CC30002DFEB4F84400ADF82E004620005BADF8A0
:10CC400030008DF8357006AA002128461CF0EBFD57
:10CC50000DA8411E626A03780BB90123037000BF5F
:10CC6000284617F0A1FC0790284617F097FC08907B
:10CC70004FF6FF71079888421ED0089888421BD053
:10CC80004FF4802B44F25742594628461CF034FAA0
:10CC9000029002980390BDF80C00ADF8260000BF8A
:10CCA0002022594628461CF027FA02900298039049
:10CCB000BDF80C00ADF8280094F8480000F007001B
:10CCC000022805D094F8480000F0070003281FD17F
:10CCD0009DF83400022803D09DF83400032817D1B2
:10CCE00041F6FF71BDF92A008DE88300BDF92C30B3
:10CCF000069A03A8616A22F045FD0EA80DF089FE90
:10CD0000BDF90C10884202DA01208DF8340000BF12
:10CD100004F1300894F8480000F00700032805D01B
:10CD20000EA80DF0EEFDB0F5806F01DA4FF00008AF
:10CD30000EA904A8B268F6F74DFF8146B9F1000FBD
:10CD400002D111B0BDE8F08F94F8480000F0070060
:10CD500070B928461BF04CF88346CBF1000002B2B4
:10CD600000210EA80DF06DFE688BADF83E0000BFEF
:10CD700094F8480000F00700022805D094F8480015
:10CD800000F0070003280ED1D6F808B004A8B06060
:10CD9000CDF800800EAA06A93046636A11F0C2F9E8
:10CDA000C6F808B007E0CDF800800EAA06A9304604
:10CDB000636A11F0B7F9D6F808A004A8B06094F837
:10CDC000480000F0070003284FD141F6FF71BDF97C
:10CDD0002A008DE88300BDF92C30069A03A8616A09
:10CDE00022F0D0FC0EA80DF014FEBDF90C10884204
:10CDF0001BDA20221146069814F071FD00EB40006A
:10CE0000B4F84410BDF80C201144084400B2ADF849
:10CE10002E004620005BADF83000CDF800800EAA51
:10CE200006A93046636A11F07DF90EA80DF069FD80
:10CE3000BDF90E10884217DAB4F84400ADF82E00A0
:10CE4000069814F06BFD4621095BBDF80E201144D5
:10CE5000084400B2ADF83000CDF800800EAA06A953
:10CE60003046636A11F05EF900BFC6F808A000BF43
:10CE700067E72DE9F14F9AB01A9814F052FA8046FC
:10CE80001A9814F0AFFA0446B8F1150F16D11A9893
:10CE900014F04FFA054618A9204606F07BFC0AA8B4
:10CEA00012F000FD0AAA4FF4802120461CF096FDE6
:10CEB00018AA0AA9284612F0D9FCC5E0B8F1180F43
:10CEC000FBD11A9814F035FA054612A811F0DEFCD1
:10CED00012AA4FF4802120461CF0A5FC10A9204680
:10CEE00006F058FC10AA0EA8A968F6F773FE0D907C
:10CEF0000D9800287DD0204606F0C1F881462046D6
:10CF00001CF021FB8346484617F042FB02210390A8
:10CF1000BDF95A00CDE901B10090BDF95C300CA813
:10CF2000129A039922F02EFC20461AF071FD064653
:10CF3000304606EBD0714A10B4F916100A44B9F91C
:10CF40001610891A0B9148461AF062FD0B99890355
:10CF500091FBF0F00B90002120461CF0B2F90A90F2
:10CF60001299B1F908200A99B1F90810501A00EB8A
:10CF7000D071491009B20991BDF832100998081A08
:10CF800000B2ADF83200304606EBD0714A10B4F969
:10CF900016105718BDF932000B99484307EBA0371C
:10CFA00009983F1A002120461BF0ABFC82464FF047
:10CFB000000B41F61202594620461CF09DF80390E2
:10CFC000039800B2089000BF41F61302594620466C
:10CFD0001CF092F80390039800B20790A18A089879
:10CFE0000844504400B2ADF8140038B2ADF8160051
:10CFF00000E028E0218B0798081AA0EB0A0000B295
:10D00000ADF81800BDF81600BDF83210084400B2A3
:10D01000ADF81A009DF8650040F002008DF865003B
:10D02000A86804900EA8A860484617F0B1FA834695
:10D0300000205B4605AA12A90090284611F072F85C
:10D040000498A86000BF00BF1BB0BDE8F08F2DE9B9
:10D05000F14FA8B0289814F0C5F904462546289841
:10D0600014F067F92790002120461BF0A5FE2690BA
:10D07000002120461BF049FF2590002120461CF08E
:10D0800014F82490002120461BF0B9FD239000BF26
:10D09000A08AADF88400E08AADF88600208BADF858
:10D0A0008800608BADF88A0000BFBDF88410269818
:10D0B000084400B2ADF88400BDF888102598081A1D
:10D0C00000B2ADF88800BDF886102498084400B27C
:10D0D000ADF88600BDF88A102398081A00B2ADF8A2
:10D0E0008A0013A812F0DEFB13AA4FF40031204689
:10D0F0001CF074FC21AA13A9279812F0B7FB002694
:10D1000020461AF085FC074600BF208BA18A401AF2
:10D11000401CC01B0FFA80F8686A401C40B1696A65
:10D1200001FB08F0C11700EB116109120EB20CE00F
:10D1300020461BF0D1FA00F0010BBBF1000F01D02B
:10D14000404600E00020064600BF4FF0000B41F2D1
:10D150006A42594620461BF0CFFF00900098C0B2AB
:10D16000012802D1A8EB060006B2A08A304400B222
:10D17000ADF84400BDF84400384400B2ADF84800B2
:10D18000E08AADF84600608BADF84A004FF44031BC
:10D1900020461BF011FE81464FF4403120461BF023
:10D1A000B4FE82464FF4403120461BF07EFF1090C3
:10D1B0004FF4403120461BF022FD0F90BDF8440093
:10D1C000A0EB090000B2ADF84400BDF8480050449F
:10D1D00000B2ADF84800BDF846101098081A00B229
:10D1E000ADF84600BDF84A100F98084400B2ADF8FB
:10D1F0004A0001A812F056FB01AA4FF44031204624
:10D200001CF0ECFB11AA01A9279812F02FFB29B002
:10D21000BDE8F08F2DE9F14FE0B0609814F0E2F82E
:10D2200004462546609814F084F8814604F1140100
:10D230005EA8D9F80820F6F7CDFC10B961B0BDE8BA
:10D24000F08FD9F808005D905EA8C9F808004FF08B
:10D25000000841F23202414620461BF04DFF0C907F
:10D260000C9800B25690002120461BF02BFF5590E1
:10D27000002120461BF0D0FC5490002120461BF0DA
:10D28000A8FD5390002120461BF04CFE52904FF415
:10D29000A02120461BF09DFD51904FF4A021204677
:10D2A0001BF040FE50904FF4A02120461BF00AFFD7
:10D2B0004F904FF4A02120461BF0AEFC4E90208CE6
:10D2C0004D9000202084608C20F00400001D6084BC
:10D2D0003FA812F0E7FA3FAA4FF4A02120461CF025
:10D2E0007DFB29A811F0D2FA29AA4FF4A0212046EB
:10D2F0001CF099FA4D982084608C20F00400608422
:10D30000002720461AF088FD0146E28A559810440D
:10D31000401E411A5698084400B2ADF86E012046EE
:10D320001AF070FD2090002120461BF076FA0128AB
:10D3300000D100E000201F9049460DA81AF008F81F
:10D340004FF4A0201A90FE480E9000200F9031A8B4
:10D35000119021A812904FF0000B33E2E86A30F9E7
:10D360001B000C90BDF86E01401C00B2ADF86A01C4
:10D37000BDF86A110C980844401E00B2ADF86E0169
:10D38000BDF96A01BDF97E11884200DD1EE21F98D9
:10D3900058B1218B5298081A401E2099411A56986C
:10D3A000081A00B2ADF868010AE0A18A539808444F
:10D3B000401E2099411A5698084400B2ADF86C01FD
:10D3C0000026F7E100200B90A86A50F8270020B152
:10D3D000A86A50F8270000780B901F9880B1BDF81C
:10D3E0006801401E00B2ADF86C01286B30F81600E1
:10D3F000BDF86C11081A401C00B2ADF868010FE0CE
:10D40000BDF86C01401C00B2ADF86801286B30F823
:10D410001600BDF868110844401E00B2ADF86C015A
:10D420004FF0000800BF34E007EB0801A86A50F88D
:10D43000210048B307EB0802A96A51F8220008B19D
:10D4400001780B910B9901F00101D9B11F9961B1DC
:10D4500006EB0801491C2A6B32F81110BDF868214F
:10D46000511A09B2ADF868110DE006EB0801491C2C
:10D470002A6B32F81110BDF86C21114409B2ADF8D5
:10D480006C1100E00BE000E009E008F101001FFA78
:10D4900080F808EB0601A88C401E8142C4DB00BF67
:10D4A000BDF96E01BDF97A11884207DA08F1010071
:10D4B000384487B206EB080086B279E100BFBDF8B8
:10D4C0006801ADF82400BDF86A01ADF82600BDF88A
:10D4D0006C01ADF82800BDF86E01ADF82A0000BF60
:10D4E0009DF81F01400800F0040090B1BDF9241020
:10D4F000B4F914205398104481420ADDBDF91C018F
:10D5000000EBD071BDF82420A2EB610109B2ADF8A7
:10D5100024109DF81F01400800F0020090B1BDF9F1
:10D520002610B4F916205598104481420ADDBDF941
:10D530001C0100EBD071BDF82620A2EB610109B2FD
:10D54000ADF826109DF81F01400800F00800B8B1A2
:10D55000BDF92810B4F918205298101A401E8142C3
:10D560000EDABDF91C0100EBD07182B202F00102AB
:10D5700002EB6101BDF82820114409B2ADF8281072
:10D580009DF81F01C0F34000B8B1BDF92A10B4F9ED
:10D590001A205498101A401E81420EDABDF91C015F
:10D5A00000EBD07182B202F0010202EB6101BDF822
:10D5B0002A20114409B2ADF82A104FF0000AE88E73
:10D5C000584523D1A88EB04220D194F8200000F015
:10D5D000400030B994F8200000F0200008B14AF073
:10D5E000200A94F8200000F0020008B14AF0020A74
:10D5F00094F8200000F0040008B14AF0040A94F8FE
:10D60000200000F0080008B14AF0080ABAF1000F43
:10D610000AD138223FA931A818F021F9202229A9DE
:10D6200021A818F01CF91EE0A4F820A0608C20F0BE
:10D630000400001D608431A812F034F921A811F013
:10D6400025F931AA4FF4A02120461CF0C7F921AAE0
:10D650004FF4A02120461CF0E6F84D982084608C01
:10D6600020F00400608409A81090A88C0BFB0060D7
:10D670001B900DAA1A21204613F0BAFE09AA31A95F
:10D68000484612F0F3F8A86A50F8270000287DD029
:10D69000BDF868115198084400B2ADF86001BDF8BA
:10D6A0006C115098081A00B2ADF86401BDF86A1107
:10D6B0004F98084400B2ADF86201BDF86E114E9863
:10D6C000081A00B2ADF866010B98C0F3400008904C
:10D6D000089810B10220579001E00020579000BF39
:10D6E000BDF86401BDF86011401A401C00B20490FE
:10D6F000BDF9962004995798CDE900210290A86AB7
:10D7000050F82700411CBDF998305CA8299A22F0F6
:10D7100039F8089818BB0C9901EBD172BDF86A3141
:10D7200003EB6202BDF9720100EBD073A2EB63025E
:10D7300012B2ADF862210C9901EBD17202E0000047
:10D74000044A0490BDF86A3103EB6202BDF972012C
:10D7500000EBD07302EB630212B2ADF866215AAA55
:10D760005EA906A8F6F736FA0590059890B106A8C6
:10D77000C9F8080000200090A86A50F82700431C50
:10D7800058AA21A9484610F0CDFC00E003E05EA8AD
:10D79000C9F8080000BF0DAA1B21204613F028FE7F
:10D7A00008F10100384487B206EB080086B200BFDA
:10D7B000701C86B2A88CB0423FF704AE0BF101009A
:10D7C0001FFA80FBE88C58453FF7C8AD00BF5D9855
:10D7D000C9F8080000BF31E52DE9F04FA3B00746B6
:10D7E00089461646229730460DF0E9F8054600EBCB
:10D7F000D5704FEA60083088404400B2ADF884002C
:10D800007088404400B2ADF886001EA811F08AF876
:10D810001EAA4FF4A02138461CF06CF818A810F08E
:10D8200064FC18AA4FF4A02138461BF09DFF00218C
:10D8300038461BF02EF91790494605A819F088FDC7
:10D840007048069021A80E9022983030F7F78AFC95
:10D850000446D1E025681694207901285CD1B5F9F9
:10D860002000E98B08440090B5F92030D5E9051275
:10D87000E06817F089FE8246A88B00EB0801608AF9
:10D8800008440FFA80FB0FFA8AF021F08DFE10FB9E
:10D890000BF047F6FF7190FBF1F0BDF886100844DD
:10D8A00000B2ADF812000FFA8AF021F075FE10FBFD
:10D8B0000BF047F6FF7190FBF1F0BDF884100844BF
:10D8C00000B2ADF81000A08AADF87800208A00B24E
:10D8D000ADF87A006079FD2801DD179803E06079E2
:10D8E0001799484300128DF88000012013901EA85C
:10D8F0000B9004A80F9005AA1A21384613F078FD62
:10D9000004AB21AA1EA9484610F0F5FF05AA1B2169
:10D91000384613F06DFD68E02079002865D1206954
:10D9200000B963E0B5F92000E98B08440090B5F92F
:10D930002030D5E90512E06817F026FE824604A9DA
:10D94000206915F039FBBDF88410A08A081A00B2CE
:10D95000ADF80800BDF88610E08A081A00B2ADF8EC
:10D960000A00BDF808000499C1F38A210844401E4A
:10D9700000B2ADF80C00BDF80A00049900EB51505C
:10D98000401E00B2ADF80E006079FD2801DD179849
:10D9900003E060791799484300128DF86B00A08A64
:10D9A000ADF86400E18A18A8C1800AEB8A004FEA4A
:10D9B000400ABAF5616F01DDAAF5616A1FFA8AF0C3
:10D9C000ADF8600018A80C9005AA1A21384613F08B
:10D9D0000FFD02AA18A94846236910F037FB05AAD3
:10D9E0001B21384613F004FD00BF00BF21462298DA
:10D9F0003030F7F7B1FB0446002C7FF42BAF23B097
:10DA0000BDE8F08F88C503902DE9F74F8AB00C462A
:10DA1000904694F82A00022802DC0DB0BDE8F08F91
:10DA2000E08C00B9F9E794F82A90B9F1FD0F01DD17
:10DA30004FF0FF09414608A80CF0D2FE208D401E91
:10DA400005B2BDF82000401B00B2ADF82000BDF8C3
:10DA50002200401B00B2ADF82200BDF8240028448B
:10DA600000B2ADF82400BDF82600284400B2ADF89D
:10DA7000260008A906A80CF0B3FEBDF81800E18C3A
:10DA8000401A00B2ADF81800BDF81C00E18C084443
:10DA900000B2ADF81C00BDF81A00E18C401A00B2CB
:10DAA000ADF81A00BDF81E00E18C084400B2ADF8D4
:10DAB0001E0008A80CF07CFF824608A80CF0F0FEBF
:10DAC0000746B4F90060BA4501DA504600E038462E
:10DAD0008346B6EB6B0F01DD4FEA6B06E08C3044FA
:10DAE00000B20590A07894F82A10CDE90210A08C1D
:10DAF000ADF8040030B2009008AA06A9059B0A9868
:10DB0000FBF754FC00BF88E7F8B50546284613F03C
:10DB100069FC0646284613F062FC0446606BB0F5CB
:10DB2000A02F54D1A06B072806D200202169C8700D
:10DB3000216981F8220014E0208F81B22022304632
:10DB40000DF042FE68B100202169C870216981F89A
:10DB5000220012201DF010FE0090BDF80010606938
:10DB60008181208F81B24FF4004230460DF02CFEAF
:10DB700098B166202169C870304621F0EBF9009019
:10DB8000BDF800102069818030460DF017FEA16BB2
:10DB9000884202D1B2202169C870208F81B24FF42F
:10DBA000804230460DF010FE88B1FF20216981F8D7
:10DBB0002200304621F0CEF90090BDF80010206917
:10DBC000C1832069008C401C00B221690884F8BD23
:10DBD0002DE9F04F8BB08146484613F003FC054613
:10DBE0002C46484613F0A5FB8346606A16F0D0FC2D
:10DBF00082469AF8000000283ED1A06A00283BD057
:10DC0000A06A0078C0B303A810F040FE03AA4FF446
:10DC1000002128461BF007FE94F85C00C0F3C0000A
:10DC200028B19DF8290040F002008DF8290000215C
:10DC300028461BF0DBF80746002128461BF04FFA68
:10DC40008046002128461AF069FE064605F11401B7
:10DC500001A80CF0F2FD08EB060002B2B81901B2FF
:10DC600001A80CF0EEFE0020009001AA03A958467E
:10DC7000A36A10F057FA00BF0BB0BDE8F08F7CB577
:10DC80000446A06985686089002856D1A0890028CB
:10DC900053D1E088218988424FDAE18808B221F027
:10DCA00083FCB4F90410B4F90E20891A48432168A2
:10DCB000498801EBE03000B2ADF80200E1885A314A
:10DCC00008B221F071FCA18810FB01F021680988DD
:10DCD00001EBE03000B2ADF80400218908B221F078
:10DCE00063FCA18810FB01F02168498801EBE0305A
:10DCF00000B2ADF8060021895A3108B221F054FC77
:10DD0000B4F90410B4F90E20891A4843216809882F
:10DD100001EBE03000B2ADF800002A4669466846E3
:10DD2000F5F758FF06463EB1A169C1F808D06A462A
:10DD30002169A06911F09AFDC2E0608910B1A08943
:10DD400000287BD16089D0BB20680088ADF8000036
:10DD500020684088A188084400B2ADF80600E18838
:10DD600008B221F021FCB4F90410B4F90E20891A8C
:10DD700048432168498801EBE03000B2ADF8020069
:10DD8000E1885A3108B221F00FFCA18810FB01F0A4
:10DD90002168098801EBE03000B2ADF804002A46A2
:10DDA00069466846F5F716FF06463EB1A169C1F817
:10DDB00008D06A462169A06911F058FD00BFA0890A
:10DDC00000287DD120680088A188084400B2ADF801
:10DDD000040020684088ADF80200218908B221F0D3
:10DDE000E3FBA18810FB01F02168498801EBE030DA
:10DDF00000B2ADF8060021895A3108B221F0D4FBF7
:10DE0000B4F90410B4F90E20891A4843216809882E
:10DE100001EBE03000B2ADF800002A4669466846E2
:10DE2000F5F7D8FE06463EB1A169C1F808D06A46AA
:10DE30002169A06911F01AFD42E0FFE76089A1891C
:10DE4000884205D1608918B12089E188884211DBB8
:10DE50006089022802D1A08901280BD0608903289B
:10DE600002D1A089022805D06089032828D1A08981
:10DE7000012825D120680088ADF80000206840887E
:10DE8000ADF8020020680088A188084400B2ADF80F
:10DE9000040020684088A188084400B2ADF806005C
:10DEA0002A4669466846F5F795FE06463EB1A169E1
:10DEB000C1F808D06A462169A06911F0D7FC00BFFB
:10DEC000A06985607CBD7CB50446A06985686089D1
:10DED000012856D1A089012853D1E08821898842A0
:10DEE0004FDAE18808B221F05FFBA18810FB01F056
:10DEF0002168498801EBE03000B2ADF80600E18806
:10DF00005A3108B221F050FBB4F90410B4F90E20D4
:10DF1000891A48432168098801EBE03000B2ADF866
:10DF20000400218908B221F03FFBB4F90410B4F9D0
:10DF30000E20891A48432168498801EBE03000B27D
:10DF4000ADF8020021895A3108B221F02DFBA188D9
:10DF500010FB01F02168098801EBE03000B2ADF858
:10DF600000002A4669466846F5F734FE06463EB18B
:10DF7000A169C1F808D06A462169A06911F076FC50
:10DF8000C7E06089012802D0A08901287ED160897C
:10DF900001283AD120680088A188401A00B2ADF863
:10DFA000000020684088ADF80200E18808B221F046
:10DFB000FBFAA18810FB01F02168498801EBE030F1
:10DFC00000B2ADF80600E1885A3108B221F0ECFA4F
:10DFD000B4F90410B4F90E20891A4843216809885D
:10DFE00001EBE03000B2ADF804002A46694668460D
:10DFF000F5F7F0FD06463EB1A169C1F808D06A46C2
:10E000002169A06911F032FC00BFA0890128B7D1B5
:10E0100020680088401E00B2ADF8040020684088E7
:10E02000A188084400B2ADF80600218908B221F0A9
:10E03000BBFAB4F90410B4F90E20891A48432168D8
:10E04000498801EBE03000B2ADF8020021895A3175
:10E0500008B221F0A9FAA18810FB01F02168098813
:10E0600001EBE03000B2ADF800002A466946684690
:10E07000F5F7B0FD06463EB1A169C1F808D06A4681
:10E080002169A06911F0F2FB43E0FFE76089A189F3
:10E09000884206D16089012803D02089E18888421E
:10E0A0000FDB608910B9A08902280AD0608910B9F5
:10E0B000A089032805D0608903282AD1A0890228D5
:10E0C00027D120680088A188401A00B2ADF800006E
:10E0D00020684088ADF8020020680088401E00B229
:10E0E000ADF8040020684088A188084400B2ADF86B
:10E0F00006002A4669466846F5F76CFD06463EB1BD
:10E10000A169C1F808D06A462169A06911F0AEFB87
:10E1100000BFA06985607CBD7CB50446A0698568A8
:10E120006089022856D1A089022853D1E08821892C
:10E1300088424FDAE1885A3108B221F035FAA188D5
:10E1400010FB01F02168098801EBE03000B2ADF866
:10E150000000E18808B221F027FAB4F90410B4F9FC
:10E160000E20891A48432168498801EBE03000B24B
:10E17000ADF80600218908B221F016FAA18810FB3B
:10E1800001F02168498801EBE03000B2ADF80200EF
:10E1900021895A3108B221F007FAB4F90410B4F910
:10E1A0000E20891A48432168098801EBE03000B24B
:10E1B000ADF804002A4669466846F5F70BFD0646A9
:10E1C0003EB1A169C1F808D06A462169A06911F081
:10E1D0004DFBCCE06089022802D0A08902287DD1C5
:10E1E000608902283CD120680088401E00B2ADF84A
:10E1F000040020684088A188401A00B2ADF80200EF
:10E20000E1885A3108B221F0CFF9A18810FB01F062
:10E210002168098801EBE03000B2ADF80000E18828
:10E2200008B221F0C1F9B4F90410B4F90E20891A2A
:10E2300048432168498801EBE03000B2ADF80600A0
:10E240002A4669466846F5F7C5FC06463EB1A1690F
:10E25000C1F808D06A462169A06911F007FB00BF28
:10E26000A0890228B5D120680088A188401A00B290
:10E27000ADF8000020684088401E00B2ADF80600EE
:10E2800021895A3108B221F08FF9B4F90410B4F998
:10E290000E20891A48432168098801EBE03000B25A
:10E2A000ADF80400218908B221F07EF9A18810FBA5
:10E2B00001F02168498801EBE03000B2ADF80200BE
:10E2C0002A4669466846F5F785FC06464EB1A169BF
:10E2D000C1F808D06A462169A06900E002E011F0A7
:10E2E000C5FA44E06089A189884206D16089022884
:10E2F00003D02089E18888420FDB608910B9A089AA
:10E3000003280AD06089012802D1A089032804D0FB
:10E31000608901282BD1A08948BB20680088A1888A
:10E32000401A00B2ADF8000020684088A188401A69
:10E3300000B2ADF8020020680088401E00B2ADF8BF
:10E34000040020684088401E00B2ADF806002A464E
:10E3500069466846F5F73EFC06463EB1A169C1F83C
:10E3600008D06A462169A06911F080FA00BFA0694F
:10E3700085607CBD7CB50446A069856860890328FA
:10E3800056D1A089032853D1E088218988424FDAE9
:10E39000E1885A3108B221F007F9B4F90410B4F950
:10E3A0000E20891A48432168098801EBE03000B249
:10E3B000ADF80000E18808B221F0F6F8A18810FB62
:10E3C00001F02168498801EBE03000B2ADF80200AD
:10E3D00021895A3108B221F0E7F8A18810FB01F039
:10E3E0002168098801EBE03000B2ADF80400218912
:10E3F00008B221F0D9F8B4F90410B4F90E20891A42
:10E4000048432168498801EBE03000B2ADF80600CE
:10E410002A4669466846F5F7DDFB06463EB1A16926
:10E42000C1F808D06A462169A06911F01FFAC7E057
:10E430006089032802D0A08903287ED1608903283F
:10E440003CD120680088A188084400B2ADF80400DF
:10E4500020684088401E00B2ADF80600E1885A31BD
:10E4600008B221F0A1F8B4F90410B4F90E20891A09
:10E4700048432168098801EBE03000B2ADF80000A4
:10E48000E18808B221F090F8A18810FB01F0216822
:10E49000498801EBE03000B2ADF802002A46694637
:10E4A0006846F5F797FB06463EB1A169C1F808D06A
:10E4B0006A462169A06911F0D9F900BFA089032833
:10E4C0007ED120680088ADF8000020684088A188CF
:10E4D000401A00B2ADF8020021895A3108B221F089
:10E4E00063F8A18810FB01F02168098801EBE03096
:10E4F00000B2ADF80400218908B221F055F8B4F952
:10E500000410B4F90E20891A48432168498801EBA8
:10E51000E03000B2ADF806002A4669466846F5F7D5
:10E5200059FB06463EB1A169C1F808D06A46216987
:10E53000A06911F09BF943E0FFE76089A189884257
:10E5400006D16089032803D02089E18888420FDB47
:10E550006089022801D1A08950B16089012801D1C8
:10E56000A08928B1608902282AD1A089012827D151
:10E5700020680088ADF8000020684088A188401A13
:10E5800000B2ADF8020020680088A188084400B2FB
:10E59000ADF8040020684088401E00B2ADF80600C7
:10E5A0002A4669466846F5F715FB06463EB1A1695D
:10E5B000C1F808D06A462169A06911F057F900BF77
:10E5C000A06985607CBD000070B5A4B006460D460C
:10E5D00020AA22A9304619F029FC22A80CF098F9AB
:10E5E00028B920A80CF094F908B924B070BD12A97C
:10E5F000304623F099FE0446012C00D0F5E7294669
:10E60000684618F0A5FE1B4801900220029012A84F
:10E6100004904FF480300D9022A80CF079F980B16D
:10E6200022A803906A461A21304612F0E1FE22AA7F
:10E6300012A9284611F01AF96A461B21304612F039
:10E64000D7FE20A80CF064F990B120A803906A4688
:10E650001A21304612F0CCFE20A8039020AA12A95D
:10E66000284611F003F96A461B21304612F0C0FE1D
:10E6700000BFBAE790BE03902DE9F04FB1B0054658
:10E680000F4605F114012FA8BA68F5F7A3FA10B9DF
:10E6900031B0BDE8F08FB8682E902FA8B8602C4636
:10E6A000002128461AF02DFB2B90002128461AF055
:10E6B00094FC2A90284619F036F9B4F8841048439F
:10E6C00000120FFA80FA284619F00EF9B4F88610F5
:10E6D000484300120FFA80FB04F12400F6F723FDF3
:10E6E0002890002128461AF0A4FA82346188484311
:10E6F000001227902188491E279801FB10A021882D
:10E7000090FBF1F000B2269028992698B0FBF1F02A
:10E7100000B225904FF4A02128461AF08AFA6188A9
:10E72000823C484300122490284619F067FA0146BB
:10E730002B98401A00B22390284619F059FB014645
:10E740002A98401A00B2229014A811F0ABF814AA2B
:10E750004FF4A02128461BF041F914A8C07B20F0FB
:10E76000070114A8C173FF208DF85300688BBDF812
:10E770005010084400B2ADF8B600394602A818F0AF
:10E78000E7FD4FF4A0200F905D4803900420049013
:10E790004FF00008AAE02798504400FB08F0B4F8B6
:10E7A000821090FBF1F0A98A01442398084400B23A
:10E7B0000190CDF8408004F12400F6F7D3FC064622
:10E7C0008CE0307B00F0010000B181E094F888001B
:10E7D000C0F3C00008B9708900E0002000B20090CA
:10E7E0000198ADF8B000BDF8B01025980144249808
:10E7F000081A401E00B2ADF8B400259901980844EB
:10E8000000B20190BDF9B400BDF9BC10884200DA35
:10E810005EE0BDF9B000BDF9C010884200DD60E0E7
:10E820003089ADF8540000984044B4F8821090FB51
:10E83000F1F201FB12000FFA80F9706830F919103B
:10E84000307BC0F3001204F16C0030F91200081A9A
:10E8500000FB0BF02990307BC0F3001104F1700035
:10E8600030F91110307BC0F3001204F16C0030F964
:10E870001200091A299890FBF1F029902998ABEB26
:10E880000001E88A01442298084400B2ADF8B200C1
:10E89000706830F9190047F6FF71884217D02CA82C
:10E8A000059014A806901396706830F9190012901C
:10E8B00002AA1A21284612F09BFD2CAA14A9384658
:10E8C00010F0D4FF02AA1B21284612F091FD00BFD0
:10E8D000314604F12400F6F73FFC0646002E7FF493
:10E8E00070AF00BF08F101001FFA80F8B4F8820091
:10E8F00040453FF750AF2E98B86000BFC8E6000013
:10E9000050C003902DE9F34FB9B083463A980BF10C
:10E910001401826837A8F5F75DF910B93BB0BDE87E
:10E92000F08F3A988068369037A93A9881605D46B2
:10E93000B5F88200022800DAF0E70021584619F005
:10E94000C6FF3390002158461AF0DBF90146339890
:10E95000084400B23290002158461AF03EFB0146AE
:10E960003398084400B23190584618F0DCFFB5F8EF
:10E9700084104843001200B23090584618F0B4FF9B
:10E98000B5F886104843001200B22F90584619F08F
:10E9900035F90146BBF8142032981044401A00B2F1
:10E9A0002E90584619F024FA0146BBF816203198EB
:10E9B0001044401A00B22D903A980BF1140182686D
:10E9C0002BA8F5F707F92A902A9800B9A6E727A8F7
:10E9D0000FF0A8FF27AA4FF4A02158461AF08AFF8B
:10E9E00019A810F05FFF19AA4FF4003158461AF029
:10E9F000F5FF4FF4003158461AF057FD064600EB7C
:10EA0000D67047104FF40031584619F0C0FF064643
:10EA100000EBD6704FEA600ABDF99E00574501DA57
:10EA2000394600E0514600EBD072B1EB620F06DDD3
:10EA30009DF8A50020F0100010308DF8A500BDF85D
:10EA40009E00012806D19DF8A50020F0100010308E
:10EA50008DF8A500B5F882103098814201DB0120C5
:10EA600000E00020189005F12400F6F77BFB044637
:10EA7000D4E1207B00F0010000B1C9E12089ADF8AC
:10EA80009C002089ADF8680095F88800C0F3C000AC
:10EA900008B9608900E0002006B217962E98ADF8FC
:10EAA000D4002E98ADF8D000179E179EB04660682F
:10EAB00030F91810207BC0F3001205F16C0030F91A
:10EAC0001200081A2F9948431690207BC0F30011BA
:10EAD00005F1700030F91110207BC0F3001205F130
:10EAE0006C0030F91200091A169890FBF1F016909C
:10EAF00016992F98411A2D98084400B2ADF8D2000B
:10EB000004A83A9918F024FCC84805900320069000
:10EB10004FF4A020119027A80A9019A808901594E6
:10EB2000BDF9D2000390BDF9D20002904FF0000968
:10EB300023E1BDF8D000ADF8D400BDF8D200ADF8A7
:10EB4000D600BDF9D4103698B0F904003844401C02
:10EB5000814200DD16E1309800FB09F0B5F8821023
:10EB6000491E90FBF1F12E98084400B2ADF8D00098
:10EB700017984844B5F8821090FBF1F201FB12009F
:10EB800006B2606830F91610207BC0F3001205F160
:10EB90006C0030F91200081A2F9948431690207B18
:10EBA000C0F3001105F1700030F91110207BC0F3A3
:10EBB000001205F16C0030F91200091A169890FB4A
:10EBC000F1F0169016992F98411A2D98084400B22A
:10EBD000ADF8D200BDF9D0103698B0F90000C01BD6
:10EBE000401E814201DAB046C3E0B9F1000F58D0AF
:10EBF0001898E8B3606830F9180047F6FF7188424A
:10EC0000F5D0606830F916008842F0D0BDF9D21016
:10EC10000298814201DA029801E0BDF9D200029027
:10EC2000BDF9D2100398814201DD039801E0BDF9DE
:10EC3000D2000390BDF9D400BDF9D010884230D085
:10EC4000BDF9D2000190BDF8D000401E00B2ADF871
:10EC5000D000BDF8D000ADF8D4000398ADF8D600D0
:10EC60000298ADF8D200BDF9D600BDF9D21000E08F
:10EC700018E0884205D1BDF8D200401C00B2ADF8C2
:10EC8000D20034AB35AA27A93A980FF034FEBDF86C
:10EC9000D000401C00B2ADF8D0000198039001985C
:10ECA000029064E0BDF8D400C01B00B2ADF80000D3
:10ECB000BDF8D400384400B2ADF80400BDF8D60069
:10ECC000A0EB0A0000B2ADF80200BDF8D600504437
:10ECD00000B2ADF80600A9F101001290606830F9A9
:10ECE000180047F6FF71884201D035A800E00020E7
:10ECF0000D90606830F9160047F6FF71884201D028
:10ED000034A800E000200E90CDF81CD0606830F9E7
:10ED10001800149004AA1A21584612F069FB606882
:10ED200030F9180047F6FF7188420AD0606830F960
:10ED30001600884205D034AB35AA27A93A980FF0BF
:10ED4000DAFD77B1BAF1000F0BD0606830F9180026
:10ED500047F6FF71884204D06A4619A93A9810F024
:10ED600085FD04AA1B21584612F042FB00BFB046A5
:10ED700000BF09F101001FFA80F9B5F8820048458B
:10ED80003FF7D7AE00BF1898E8BBB5F882004845FA
:10ED90003DD1606830F9160047F6FF71884236D0E1
:10EDA000BDF8D000C01B00B2ADF80000BDF8D00027
:10EDB000384400B2ADF80400BDF8D200A0EB0A0060
:10EDC00000B2ADF80200BDF8D200504400B2ADF878
:10EDD0000600A9F10100129000200D900E90CDF8D0
:10EDE0001CD0606830F91600149004AA1A21584605
:10EDF00012F0FEFA6A4619A93A9810F037FD04AAF3
:10EE00001B21584600E002E012F0F2FA00BF00BFFA
:10EE1000214605F12400F6F79FF90446002C7FF403
:10EE200028AE3A993698886000BF77E550C00390C5
:10EE30002DE9F34FB3B08146349809F1140182688B
:10EE400031A8F4F7C7FE10B935B0BDE8F08F34989B
:10EE50008068309031A9349881604D460021484641
:10EE600019F035FD2D900021484619F04AFF2C90ED
:10EE7000002148461AF0B1F82B90484618F053FD8F
:10EE8000B5F884104843001200B22A90484618F0A2
:10EE90002BFDB5F886104843001200B22990484671
:10EEA00018F0ACFE0146B9F814202C9802442D98B5
:10EEB0001044401A00B22890484618F099FF0146C5
:10EEC000B9F816202B9802442D981044401A00B22D
:10EED000279024A80FF026FD24AA4FF4A02148462D
:10EEE0001AF008FD16A810F0DDFC16AA4FF4003148
:10EEF00048461AF073FD4FF4003148461AF0D5FA2F
:10EF0000064600EBD67047104FF40031484619F022
:10EF10003EFD064600EBD6704FEA6008BDF9920050
:10EF2000474501DA394600E0414600EBD072B1EBCB
:10EF3000620F06DD9DF8990020F0100010308DF86A
:10EF40009900BDF89200012806D19DF8990020F0A3
:10EF5000100010308DF8990005F12400F6F702F941
:10EF6000044698E1207B00F0010000B18DE120898A
:10EF7000ADF890002089ADF85C0095F88800C0F3EA
:10EF8000C00008B9608900E0002006B215962898F4
:10EF9000ADF8BC002898ADF8B800159E159EB34694
:10EFA000606830F816000A2847D02A980090236835
:10EFB00033F91600237BC3F3C00C05F1780333F952
:10EFC0001C20237BC3F3C00C05F1740333F91C1020
:10EFD000002316F0D9FA00B2ADF8B800BDF8B810A9
:10EFE0002898084400B2ADF8B800299800906368EA
:10EFF00033F91600237BC3F3001C05F1700333F9CA
:10F000001C20237BC3F3001C05F16C0333F91C1097
:10F01000002316F0B9FA00B2ADF8BA00BDF8BA1084
:10F020002998401A00B2ADF8BA00BDF8BA10279876
:10F03000084400B2ADF8BA0005E04EF20100ADF8A8
:10F04000B800ADF8BA0003A8349918F081F94FF46C
:10F05000A0201090944804900320059024A80990C3
:10F0600016A8079014944FF0000AC8E0BDF8B80045
:10F07000ADF8BC00BDF8BA00ADF8BE00159850441C
:10F08000B5F8821090FBF1F201FB120006B2606845
:10F0900030F9160047F6FF71884247D02998009052
:10F0A000636833F91600237BC3F3001C05F170037A
:10F0B00033F91C20237BC3F3001C05F16C0333F9E7
:10F0C0001C10002316F060FA00B2ADF8BA00BDF8CB
:10F0D000BA102998401A00B2ADF8BA00BDF8BA10BB
:10F0E0002798084400B2ADF8BA002A980090236827
:10F0F00033F91600237BC3F3C00C05F1780333F911
:10F100001C20237BC3F3C00C05F1740333F91C10DE
:10F11000002316F039FA00B2ADF8B800BDF8B81007
:10F120002898084400B2ADF8B80001E0B34662E0A8
:10F13000BAF1000F5DD0BDF8BC00C01B00B2ADF845
:10F140000400BDF8BC00384400B2ADF80800BDF8BA
:10F15000BE00A0EB080000B2ADF80600BDF8BE008E
:10F16000404400B2ADF80A00AAF1010011906068B5
:10F1700030F91B0047F6FF71884201D02FA800E04C
:10F1800000200C90606830F9160047F6FF71884245
:10F1900001D02EA800E000200D9001A80690606824
:10F1A00030F91B00139003AA1A21484612F020F9E7
:10F1B000606830F91B0047F6FF71884213D0606821
:10F1C00030F9160088420ED02EAB2FAA24A934980D
:10F1D0000FF091FB3FB1B8F1000F04D001AA16A9BE
:10F1E000349810F043FB03AA1B21484612F000F9A3
:10F1F00000BFB34600BF0AF101001FFA80FAB5F85C
:10F20000820050453FF732AFB5F8820050453BD100
:10F21000606830F9160047F6FF71884234D0BDF8B7
:10F22000B800C01B00B2ADF80400BDF8B800384407
:10F2300000B2ADF80800BDF8BA00A0EB080000B2BB
:10F24000ADF80600BDF8BA00404400B2ADF80A00BF
:10F25000AAF10100119000200C900D9001A80690D9
:10F26000606830F91600139003AA1A21484612F07C
:10F27000BFF801AA16A9349810F0F8FA03AA1B21C6
:10F28000484612F0B5F800BF00BF214605F1240042
:10F29000F5F762FF0446002C7FF464AE3499309891
:10F2A000886000BFD0E5000050C003902DE9F74F03
:10F2B000A2B00F46F88D10B925B0BDE8F08F97F8D1
:10F2C0003600022800DCF7E7F88D012808D1B7F9ED
:10F2D0003400002804DC388E10B9788E00B9EBE7D2
:10F2E00024980088398E0844B98E401A00B2ADF8CF
:10F2F000800024988088398E0844B98E084400B272
:10F30000ADF8840024984088798E0844B98E401A5C
:10F3100000B2ADF882002498C088798E0844B98E76
:10F32000084400B2ADF88600B7F92E0000EBD071AA
:10F33000BDF88020A2EB6101491E09B2ADF878103A
:10F34000B7F92E0000EBD071BDF8842002EB61010B
:10F35000491C09B2ADF87C10B7F92E0000EBD07152
:10F36000BDF88220A2EB6101491E09B2ADF87A1006
:10F37000B7F92E0000EBD071BDF8862002EB6101D9
:10F38000491C09B2ADF87E1097F836001D901D9803
:10F39000FD2801DDFF201D9022981EA982681BA870
:10F3A000F4F718FC00B987E719A824990BF018FAAC
:10F3B0004FF0FF32114619A80BF032FBB7F900806D
:10F3C00019A80BF0F5FA834619A80BF069FA8345E2
:10F3D00003DA19A80BF0ECFA02E019A80BF060FAB6
:10F3E00018901898B8EB600F02DD18984FEA600883
:10F3F000B7F90000179020A80BF0DAFA834620A88E
:10F400000BF04EFA834503DA20A80BF0D1FA02E0A4
:10F4100020A80BF045FA1890DDE91701B0EB610F59
:10F4200002DD189840101790B7F92E1017980C1895
:10F4300004FB04F1480016F0F5F88246B7F92E20D7
:10F44000179803B2514620A823F03CF91EA80FF0EC
:10F450009BFD16904FF00109169820B9F878FF2807
:10F4600001DBB87808B14FF000094FF0FF300F9082
:10F47000B9F1000F0BD101230FFA88F219A910A8D6
:10F4800010F0FAF8002110A80FF078FA0F901EA8DB
:10F490000BF08EFA834616F0C5F80E901C2102A8D8
:10F4A00016F06BFB0CA8029007900E980590B88D93
:10F4B000ADF8100097F836008DF82000B8788DF878
:10F4C00021001EA80BF074FA834600EBDB70BDF838
:10F4D000781001EB600000B201901EA80BF0E0F97B
:10F4E000834600EBDB70BDF87A1001EB600000B2E0
:10F4F0000090BDF87C00ADF83400BDF87C00001B26
:10F50000401C00B2ADF83000BDF87A00ADF8320012
:10F51000BDF87A002044401E00B2ADF83600BDF9B7
:10F5200030100198814202DDBDF9300000E0019801
:10F53000ADF83000BDF936100098814202DABDF90D
:10F54000360000E00098ADF8360022980CA98268D9
:10F550000AA8F4F73FFB002866D00FFA88F219A931
:10F560000AA8F4F778FB00285ED10AA80BF020FA6D
:10F5700083465646BDF92A00BDF97A10401A00FBB1
:10F580000466BDF92810BDF97C00001B401C081A58
:10F590000644B9F1000F09D00FFA88F219A90AA898
:10F5A000F4F7D4FB10B10120099001E0CDF82490CC
:10F5B000BBF1000F37DD0E980590BDF82800ADF8BF
:10F5C0003000BDF82C00ADF8340002208DF8180092
:10F5D000BDF92A5023E0ADF83250ADF83650099805
:10F5E000A8B9224631460E9816F039F9BDF928100F
:10F5F0005B462A460E980FF077FC8DF818009DF8B0
:10F600001800012804D102208DF8180000E00596AA
:10F6100002A9229810F068FB2644681C05B2BDF9C7
:10F620002E00A842D7DA00BFBDF87C00ADF8340048
:10F63000BDF87C00001B401C00B2ADF83000BDF8E6
:10F640007E00001B401C00B2ADF83200BDF87E0009
:10F65000ADF83600BDF930100198814202DDBDF9E8
:10F66000300000E00198ADF83000BDF9321000988C
:10F67000401C814202DDBDF9320001E00098401CCF
:10F6800000B2ADF8320022980CA982680AA8F4F7FB
:10F69000A1FA002866D00FFA88F219A90AA8F4F78F
:10F6A000DAFAA8BB0AA80BF083F983465646BDF9DF
:10F6B0003600BDF92E10401A00FB0466BDF9281073
:10F6C000BDF97C00001B401C081A0644B9F1000F6C
:10F6D00009D00FFA88F219A90AA8F4F737FB10B17C
:10F6E0000120099001E0CDF82490BBF1000F38DD36
:10F6F0000E980590BDF82800ADF83000BDF82C003C
:10F70000ADF8340002208DF81800BDF92E5024E029
:10F7100028E0ADF83250ADF836500998A8B9224625
:10F7200031460E9816F09BF8BDF928105B462A4624
:10F730000E980FF0D9FB8DF818009DF818000128DD
:10F7400004D102208DF8180000E0059602A9229845
:10F7500010F0CAFA2644681E05B2BDF92A00A84274
:10F76000D7DD00BFBDF87800204400B2ADF830000E
:10F77000BDF87C00001B00B2ADF83400BDF87A0083
:10F78000ADF83200BDF87A002044401E00B2ADF85A
:10F790003600BDF936100098814202DABDF9360014
:10F7A00000E00098ADF8360022980CA982680AA8FB
:10F7B000F4F710FA002870D00FFA88F219A90AA8F5
:10F7C000F4F749FA002868D10AA80BF0F1F883464B
:10F7D0005646BDF92A00BDF93210401A00FB0466F6
:10F7E000B9F1000F09D00FFA88F219A90AA8F4F7A5
:10F7F000ADFA10B10120099001E0CDF82490BBF1E1
:10F80000000F49DD099810B90E98059001E000201D
:10F810000590BDF82800ADF83000BDF82C00ADF81B
:10F820003400BDF92A5033E0ADF83250ADF836500F
:10F830000998C8B931785A460E9816F064F9BDF99E
:10F8400028105B462A460E980FF04EFB8DF81800E4
:10F850009DF81800012802D102208DF8180002A995
:10F86000229810F041FA10E01D98FF2801D130785D
:10F8700005E0307897F8361010FB01F000128DF893
:10F88000200002A9229810F02FFA2644681C05B225
:10F89000BDF92E00A842C7DA00BF97F836008DF8F0
:10F8A0002000BDF87800204400B2ADF83000BDF86B
:10F8B0007C00001B00B2ADF83400BDF87E00001BD8
:10F8C000401C00B2ADF83200BDF87E00ADF8360045
:10F8D000BDF932100098401C814202DDBDF93200B2
:10F8E00001E00098401C00B2ADF8320022980CA94B
:10F8F00082680AA8F4F76EF900287DD00FFA88F222
:10F9000019A90AA8F4F7A7F900287AD10AA80BF0D8
:10F910004FF883465646BDF93600BDF92E10401A01
:10F9200000FB0466BBF1000F6ADDB9F1000F09D0DE
:10F930000FFA88F219A90AA8F4F708FA10B1012001
:10F94000099001E0CDF82490099810B90E9805901F
:10F9500001E000200590BDF82800ADF83000BDF8AA
:10F960002C00ADF83400BDF92E5042E0ADF8325015
:10F97000ADF83650B9F1000F09D00FFA88F219A985
:10F980000AA8F4F7E3F910B10120099001E0CDF8DD
:10F9900024900998C8B931785A460E9816F0B3F8F1
:10F9A000BDF928105B462A460E980FF09DFA8DF897
:10F9B00018009DF81800012802D102208DF81800C7
:10F9C00002A9229810F090F910E01D98FF2801D1AB
:10F9D000307805E0307897F8361010FB01F000120F
:10F9E0008DF8200002A9229810F07EF92644681EA6
:10F9F00005B2BDF92A0001E003E001E0A842B5DD4F
:10FA000000BF97F836008DF82000BDF87C00001B81
:10FA1000401C00B2ADF83000BDF87C00ADF83400F9
:10FA2000BDF87A00204400B2ADF83200BDF87E0087
:10FA3000001B00B2ADF83600BDF932100098401C32
:10FA4000814202DABDF9320001E00098401C00B2A8
:10FA5000ADF83200BDF936100098814202DDBDF9E3
:10FA6000360000E00098ADF83600BDF9301001987E
:10FA7000814202DDBDF9300000E00198ADF83000B0
:10FA800022980CA982680AA8F4F7A4F8E0B30FFA48
:10FA900088F219A90AA8F4F7DEF8A8BB0AA80AF0A8
:10FAA00087FF83465646601E00FB0466BDF928109A
:10FAB000BDF97C00001B401C081A0644B9F1000F78
:10FAC00009D00FFA88F219A90AA8F4F73FF910B182
:10FAD0000120099001E0CDF82490099808B1304642
:10FAE00000E00E980590BBF1000F33DDBDF8280053
:10FAF000ADF83000BDF82C00ADF8340002208DF8D0
:10FB00001800BDF92A5021E025E0ADF83250ADF8DB
:10FB100036500998A0B95A4631460E9815F09FFE06
:10FB2000BDF928105B462A460E980FF0DDF98DF8D6
:10FB300018009DF81800012802D102208DF8180045
:10FB400002A9229810F0D0F8681C05B2BDF92E0069
:10FB5000A842DADA00BF5646002515E030463319D0
:10FB6000591E002208E0037891F800C080F800C018
:10FB70000B70401C491E521C04EBD47CB2EB6C0F82
:10FB8000F1DB2644681C05B2A542E7DBBDF878002E
:10FB9000ADF83000BDF878002044401E00B2ADF84A
:10FBA0003400BDF87A00204400B2ADF83200BDF850
:10FBB0007E00001B00B2ADF83600BDF9321000988F
:10FBC000401C814202DABDF9320001E00098401C7D
:10FBD00000B2ADF83200BDF936100098814202DD66
:10FBE000BDF9360000E00098ADF83600BDF93410DC
:10FBF0000198401E814202DABDF9340001E001980B
:10FC0000401E00B2ADF8340022980CA982680AA800
:10FC1000F3F7E0FFD0B30FFA88F219A90AA8F4F7B6
:10FC20001AF898BB0AA80AF0C3FE83465646601E1F
:10FC300000FB0466BDF92800BDF93010401A0644E7
:10FC4000B9F1000F09D00FFA88F219A90AA8F4F740
:10FC50007DF810B10120099001E0CDF824900998B9
:10FC600008B1304600E00E980590BBF1000F33DD7F
:10FC7000BDF82800ADF83000BDF82C00ADF8340018
:10FC800002208DF81800BDF92A5021E025E0ADF8DA
:10FC90003250ADF836500998A0B95A4631460E9800
:10FCA00015F0DDFDBDF928105B462A460E980FF0D1
:10FCB0001BF98DF818009DF81800012802D10220C8
:10FCC0008DF8180002A9229810F00EF8681C05B2F1
:10FCD000BDF92E00A842DADA00BFBDF87800ADF811
:10FCE0003000BDF878002044401E00B2ADF834006A
:10FCF000BDF87A00ADF83200BDF87A002044401E0D
:10FD000000B2ADF83600BDF934100198401E8142B2
:10FD100002DABDF9340001E00198401E00B2ADF8EE
:10FD20003400BDF936100098814202DABDF9360080
:10FD300000E00098ADF8360022980CA982680AA865
:10FD4000F3F748FFD0B30FFA88F219A90AA8F3F71E
:10FD500082FF98BB0AA80AF02BFE83465646BDF9DF
:10FD60002A00BDF93210401A00FB0466BDF92800D4
:10FD7000BDF93010401A0644B9F1000F09D00FFA4E
:10FD800088F219A90AA8F3F7E1FF10B10120099040
:10FD900001E0CDF824900E980590BBF1000F36DD00
:10FDA000BDF82800ADF83000BDF82C00ADF83400E7
:10FDB00002208DF81800BDF92A5024E028E0ADF8A3
:10FDC0003250ADF836500998A8B9224631460E98FF
:10FDD00015F045FDBDF928105B462A460E980FF038
:10FDE00083F88DF818009DF81800012804D102202E
:10FDF0008DF8180000E0059602A922980FF074FF14
:10FE00002644681C05B2BDF92E00A842D7DA00BF0F
:10FE1000BDF87800ADF83000BDF878002044401EF1
:10FE200000B2ADF83400BDF87E00001B401C00B2EB
:10FE3000ADF83200BDF87E00ADF83600BDF93210E5
:10FE40000098401C814202DDBDF9320001E00098BB
:10FE5000401C00B2ADF83200BDF934100198401ECC
:10FE6000814202DABDF9340001E00198401E00B27F
:10FE7000ADF8340022980CA982680AA8F3F7AAFE0C
:10FE8000D0B30FFA88F219A90AA8F3F7E4FE98BBD9
:10FE90000AA80AF08DFD83465646BDF93600BDF925
:10FEA0002E10401A00FB0466BDF92800BDF9301081
:10FEB000401A0644B9F1000F09D00FFA88F219A9C7
:10FEC0000AA8F3F743FF10B10120099001E0CDF833
:10FED00024900E980590BBF1000F36DDBDF8280088
:10FEE000ADF83000BDF82C00ADF8340002208DF8DC
:10FEF0001800BDF92E5024E028E0ADF83250ADF8DE
:10FF000036500998A8B9224631460E9815F0A7FC3C
:10FF1000BDF928105B462A460E980EF0E5FF8DF8D5
:10FF200018009DF81800012804D102208DF818004F
:10FF300000E0059602A922980FF0D6FE2644681E1E
:10FF400005B2BDF92A00A842D7DD00BFBDF8780090
:10FF5000204400B2ADF83000BDF87C00001B00B2B8
:10FF6000ADF83400BDF87A00204400B2ADF832009C
:10FF7000BDF87E00001B00B2ADF836000E9805906B
:10FF800022980CA982680AA8F3F724FEA0B30FFAFE
:10FF900088F219A90AA8F3F75EFE68BB0AA80AF05E
:10FFA00007FD8346BBF1000F25DDBDF82800ADF845
:10FFB0003000BDF82C00ADF83400BDF92A5016E031
:10FFC000ADF83250ADF8365059460E9815F00CFE8B
:10FFD000BDF928105B462A460E980EF085FF8DF875
:10FFE000180002A922980FF07FFE681C05B2BDF927
:10FFF0002E00A842E4DA00BFB9F1000F05D110A825
:02000004900169
:100000000EF09EFF0F980FF01FFC504615F086FB78
:100010000E9815F083FB00BFFFF74EB92DE9F74F9F
:10002000DEB05E985D9060980AF0C9FC804600EBF7
:10003000D8704FEA600A60980AF039FC074600EB76
:10004000D7704010824507DA60980AF0B8FC06467F
:1000500006EBD670401006E060980AF028FC0546D2
:1000600005EBD570401000B25B90609801885B98FA
:10007000084400B2ADF87001609841885B9808446C
:1000800000B2ADF8720158A80EF04CFC58AA4FF41B
:10009000C0215E9819F02EFC9DF8690120F0100037
:1000A00010308DF8690150A80EF0F0FB50AA4FF403
:1000B000C0215E9819F0B7FB2CA85F9917F048F99A
:1000C000FE482D904FF4C020399003202E9058A860
:1000D00032905D982430F5F745F8044643E23D94AC
:1000E000A18B5B98084406B2A088301A00B22B900E
:1000F000A089301A0FFA80FABDF870112B98081AEF
:1001000000B2ADF8A400BDF872112B98081A00B225
:10011000ADF8A600BDF870112B98084400B2ADF8F8
:10012000A800BDF872112B98084400B2ADF8AA00DF
:10013000012347F6FF7229A94AA80FF09DFABDF8DE
:100140007001A0EB0A0000B2ADF89C00BDF872018E
:10015000A0EB0A0000B2ADF89E00BDF8700150445B
:10016000401E00B2ADF8A000BDF872015044401E20
:1001700000B2ADF8A200012347F6FF7227A944A8F8
:100180000FF07AFABDF87001801B00B2ADF8940050
:10019000BDF87201801B00B2ADF89600BDF8700189
:1001A0003044401E00B2ADF89800BDF872013044F2
:1001B000401E00B2ADF89A00002347F6FF7225A951
:1001C0003EA80FF059FA00213EA80EF0D7FB24906C
:1001D0004FF0FF302390608910B16089401E01E02C
:1001E0004FF6FF7022904FF00009A6E12298401CC4
:1001F00022900020219061892298814203D1002021
:10020000229001202190A06900906088421E002168
:100210004846636915F0B8F907463C97219810B134
:100220002089209001E02068209020981F9021983C
:1002300008B1E08900E0E0880FFA80F8CDF8788016
:10024000DDF878805D983030F4F78CFF05465FE08C
:100250002879022800D055E0A868B84251DCE86847
:10026000B8424EDB288A40440FFA80F8698AA88A8F
:10027000814202D1688A209043E0A87D00F001000D
:1002800050B1FF20009000233846D5E9021215F046
:100290007BF9C0B2139009E0FF200090002338469C
:1002A000D4E9051215F070F9C0B21390A98A119122
:1002B000698A1291139800F1040C4FEAEC00BDF822
:1002C00048C04CEA0C4CDFF8F8E10CEA0E01BDF82E
:1002D00044C04CEA0C4C0CEA0E02A2EB010C0CFBE5
:1002E00000FC01EB5C1C0CEA0E0343EA134C1FFA02
:1002F0008CFCCDF840C0BDF840E0F446CDF880C09D
:1003000000BF00BF29465D983030F4F725FF054651
:10031000002D9DD1E08B00FB09F001026088401E9A
:1003200091FBF0F01D901D9800121C901C98401C31
:100330001B901D9800F0FF0B228C1C99114408B2F1
:100340001FF032F91A90228C1B99114408B21FF049
:100350002BF91990CBF580711A9811FB00F11998BF
:1003600010FB0B1000121890228C1C99114408B23B
:100370001FF012F91790228C1B99114408B21FF03C
:100380000BF91690CBF58071179811FB00F11698B8
:1003900010FB0B1000121590BDF88000ADF8600145
:1003A000ADF86281BDF8702106EB0801159848434D
:1003B0007F3002EBE03000B2ADF85000BDF87221A2
:1003C00006EB0801189848437F3002EBE03000B29A
:1003D000ADF8520014A835905CA83590CDF8E8909F
:1003E00050A83190219800287CD024980FF02CFA46
:1003F000B4F91000AAEB00001390BDF87021139916
:10040000159848437F3002EBE03000B2ADF8480069
:10041000BDF872211399189848437F3002EBE03001
:1004200000B2ADF84A00202250A90AA815F017FA28
:100430000AA831903B4623A2102106A81CF042FCDA
:1004400006A837902CAA1A215E9810F0D1FF00213F
:1004500041F6FF72BDF95201CDE901210090BDF9CD
:10046000543105A8509A37991FF08CF9BDF9140042
:1004700000EBD071BDF84820A2EB610109B2ADF8E4
:100480000C10BDF9160000EBD071BDF84A20A2EBAC
:10049000610109B2ADF80E10BDF80C00BDF81410E2
:1004A000084400B2ADF81000BDF80E00BDF81610FB
:1004B000084400B2ADF81200002006E088C50390A1
:1004C0001FF8E007256400000CE0009003AA379BAA
:1004D00031995F980DF026FE00213EA80EF04EFAED
:1004E000249007E00020319037902CAA1A215E98C2
:1004F00010F07EFF219909B144A900E04AA90846FD
:1005000000210EF03BFA23905CAB14AA58A95F9827
:100510000EF0F1F923980FF097F92CAA16215E98A6
:1005200010F066FFBDF87C00ADF860011E98ADF8D4
:10053000620109F1010000F0FF09608848453FF7BA
:1005400055AE4AA80EF0FCFC44A80EF0F9FC3EA8FB
:100550000EF0F6FC24980FF077F921465D982430D0
:10056000F4F7FAFD0446002C7FF4B9AD61B0BDE8A4
:10057000F08F00002DE9F04FB1B005468B46904654
:100580002E464146284603F079F904462089C0F3F7
:100590000E00012802DC31B0BDE8F08F2089C0F3E5
:1005A000C03020B9208810B9608800B9F3E7002175
:1005B000284618F0A6FB82460021284618F087F945
:1005C000504400B22E90284617F0ADF9B6F88410CA
:1005D0004843001200B22D9025A80EF057F925AA25
:1005E0004FF4C021284619F01EF9284617F006FBE3
:1005F0000146AA8A2E981044401A00B22490B8F1FD
:10060000020F0ED12089C0F3C03028B14FF4C021B1
:10061000284618F099FA00E000202390B5F91A90C6
:100620000DE02089C0F3C03028B14FF4C021284626
:1006300018F0D3FC00E000202390B5F91690B8F133
:10064000020F16D1DBF80800B0F90600484500DAC1
:10065000A1E7239848442599B1F908100844B4F952
:1006600000100844DBF80810B1F90210884200DAE3
:1006700091E720A80EF056F920AA4FF4C021284691
:1006800019F038F90020ADF88600ADF8840059461D
:100690000EA816F05DFEA6480F90062010900220CE
:1006A0001C904FF4C0201B9025A8139020A81490F4
:1006B000B8F1020F01D0012000E000200D9096F863
:1006C000880000F00700022822D10021284618F0F7
:1006D000B0FAB6F8841048434FEA202A2D985044C7
:1006E000B6F8821090FBF1F000B20B900B99A1EBE1
:1006F0000A0000EBD0714A102499114409B22491E8
:100700000B98A0EB0A012D98401A00B22D9000BF63
:10071000ADF8C2902089C0F30E00401E6168C1F39D
:100720000E4148430C900027FBE000200B906068CE
:10073000C0F30E40B7FBF0F100FB117008B90120C7
:100740000B90BDF982102D98401A78430C99B0FB9C
:10075000F1F12498084400B2ADF8C000ADF8BC0037
:100760000D9868B1BDF9C2100B9810B1B4F9000032
:1007700001E0B4F90200081A00B2ADF8BE000CE0C6
:10078000BDF9C2100B9810B1B4F9000001E0B4F942
:100790000200084400B2ADF8BE0030A817902FA8A0
:1007A000189096F8880000F00700032810D106F191
:1007B00078000D9930F91100009006F1740030F9BD
:1007C0001130002138460C9A14F0DEFE824604E017
:1007D0006068C0F30E40B7FBF0FACDF878A00B9834
:1007E000002871D02089C0F3C03000286CD0534657
:1007F00050A2102107A81CF065FA25A8139007A89D
:10080000199010201A900EAA1A21284610F0F0FD17
:10081000002141F6FF72BDF9A600CDE9012100904B
:10082000BDF9A83006A8259A19991EF0ABFFBDF9AD
:10083000180000EBD071BDF8BC20A2EB610109B239
:10084000ADF81010BDF9180000EBD071BDF8BC2058
:1008500002EB610109B2ADF814100D9878B1BDF842
:10086000BE102398081A00B2ADF81600BDF81600A5
:10087000BDF81A10401A00B2ADF812000EE0BDF833
:10088000BE102398084400B2ADF81200BDF8120063
:10089000BDF81A10084400B2ADF81600BDF91400F6
:1008A000B5F9141088420DDBBDF91010B5F9180028
:1008B000814207DC0020009004AA25A95846199B14
:1008C0000DF030FC09E0FFE70020139019901A901A
:1008D0000EAA1A21284610F08BFDBDF9821001EBFB
:1008E000D172BDF9C03003EB6202B5F914309A42FF
:1008F00011DBBDF9820000EBD072BDF9BC30A3EB77
:100900006203B5F91820934205DC2FAB30AA20A969
:1009100058460DF0F0FF0EAA1B21284610F068FD86
:100920007F1C0C9887427FF600AF00BF33E60000C3
:1009300050C00390256400002DE9F74FB2B0054682
:10094000164631953146284602F098FF0446208924
:10095000C0F30E00012802DC35B0BDE8F08F20891D
:10096000C0F3C03020B9208810B9608800B9F3E71F
:100970000EB1012000E0002083460021284617F038
:10098000A6FF2E900021284618F027FB2D90284620
:1009900016F0AAFF3199B1F886104843001200B250
:1009A0002C90284617F024FA0146EA8A2D98024432
:1009B0002E981044401A00B22B904EB94FF4C0212B
:1009C000284618F09EF90746B5F914002A9008E069
:1009D0004FF4C021284618F03DFA0746B5F9180033
:1009E0002A90B4F900002990B4F902002890012E51
:1009F00007D12998404200B229902898404200B27D
:100A0000289025A80DF08EFF25AA4FF4C021284676
:100A100018F070FF1DA80DF039FF1DAA4FF4C0217A
:100A2000284618F000FF0BA8339916F091FC89486E
:100A30000C9006200D9019960004189025A811908E
:100A40001DA810902089C0F30E00401E6168C1F3FC
:100A50000E4100FB01F94FF00008F6E0BDF99610D9
:100A60002C98401A00FB08F0B0FBF9F12B980844D1
:100A700000B2ADF8C200ADF8BE002A98ADF8C000D3
:100A800036B9BDF8C000401E00B2ADF8C00005E0A8
:100A9000BDF8C000401C00B2ADF8C00000200A90B4
:100AA0006068C0F30E40B8FBF0F100FB118008B99C
:100AB00001200A900A9838B1BDF8C0102998081A88
:100AC00000B2ADF8BC0006E0BDF8C0102898081AC6
:100AD00000B2ADF8BC0030A814902FA81590319842
:100AE000703030F91B00009031996C3131F91B30B6
:100AF000A9EB08004A46002114F046FD8246CDF8D5
:100B00006CA00A98002872D02089C0F3C030002859
:100B10006DD0534650A2102106A81CF0D3F81DA892
:100B2000109006A81690102017900BAA1A2128469C
:100B300010F05EFC002141F6FF72BDF98600CDE9A0
:100B400001210090BDF9883005A81D9A16991EF064
:100B500019FEBDF9160000EBD071BDF8BE20A2EB66
:100B6000610109B2ADF80E10BDF9160000EBD071AD
:100B7000BDF8BE2002EB610109B2ADF81210BBF165
:100B8000000F0FD1BDF8BC00BDF81410401AC01BF7
:100B900000B2ADF80C00BDF8BC00C01B00B2ADF84F
:100BA00010000EE0BDF8BC00384400B2ADF80C00F7
:100BB000BDF8BC00BDF814100844384400B2ADF8CC
:100BC0001000BDF91210B5F9160081420DDBBDF918
:100BD0000E10B5F91A00814207DC0020009003AA2C
:100BE0001DA9169B33980DF09DFA09E0FFE7002040
:100BF0001090169017900BAA1A21284610F0F8FBB7
:100C0000BDF9961001EBD172BDF9C23003EB62035E
:100C1000B5F91620934211DBBDF9960000EBD072B6
:100C2000BDF9BE30A3EB6203B5F91A20934205DC8F
:100C30002FAB30AA25A933980DF05DFE0BAA1B211E
:100C4000284610F0D5FB08F10108C8457FF606AF2D
:100C500000BF81E650C00390256400002DE9FE4FDF
:100C600006460C46174698462021304618F0C8FC28
:100C700000287DD00C98032803D1304617F0A4F843
:100C800002E0304617F0AAF8814612F061FD0546F1
:100C90004FF0000A002002900C98032843D1002155
:100CA000304618F007F883460021304618F0ABF8BC
:100CB0000190B9F1010F23D0B9F1020F28D0B9F199
:100CC000030F2ED106F1140009F033FEA0EB0B0147
:100CD0000198081A009000EBD0700BEB6000B18A0D
:100CE00008440FFA80FA05F1140009F022FE009082
:100CF00000EBD070A98A01EB600000B2029010E016
:100D0000B08A58440FFA80FAB5F91400029008E04E
:100D1000318B0198081A0FFA80FAB5F91800029081
:100D200000BF00BF45E00021304618F02FF9834690
:100D30000021304617F0E1FE0190B9F1010F25D0F6
:100D4000B9F1020F2AD0B9F1030F30D106F1140026
:100D500009F07CFDA0EB0B010198081A009000EB54
:100D6000D0700BEB6001F08A08440FFA80FA00E0C3
:100D700054E005F1140009F069FD009000EBD0701B
:100D80004110E88A084400B2029010E0F08A58440A
:100D90000FFA80FAB5F91600029008E0718B0198FD
:100DA000081A0FFA80FAB5F91A00029000BF00BFC6
:100DB00000BFB8F1000F17DAB9F1000F05D00298A3
:100DC000504502DD2046BDE8FE8F002C01DAA01E52
:100DD00004B2002C01DDA01C04B22146E01704EB94
:100DE0009070801000B2EEE7002F16DAB9F1000F14
:100DF00004D00298504501DA2046E4E7002C01DADD
:100E0000A01E04B2002C01DDA01C04B22246E01793
:100E100004EB9070801000B2D5E709E008EB040005
:100E2000002802DAC8F1000004B2381B00D53C46A5
:100E30002046C8E72DE9F04186B00546284610F067
:100E4000D1FA8046284610F06CFA0646EF681C2E50
:100E50001ED140460BF0BEFA84B247F6FF708442C2
:100E600015D023460022394640460BF0D2FA0A48F4
:100E700030F91400234609A21421009001A81BF0A8
:100E800021FF01A90848006814F068F800BF00BFFE
:100E900006B0BDE8F08100003C4A04902825642C8F
:100EA00020256429000000002C03002410B504460E
:100EB000207EC0F3800008B1002010BD207A2328D6
:100EC00002D0242803D100E000BF0120F5E700BFD5
:100ED00000BF4FF48041606818F092FB08B9002011
:100EE000EBE7207A11381C2823D2DFE800F00E0F40
:100EF00010111213141516171822221922221A1D66
:100F00001B1C222222221E1F222000BF00BF00BF66
:100F100000BF00BF00BF00BF00BF00BF00BF00BFD9
:100F200000BF00BF00BF00BF00BF00BF00BF002068
:100F3000C3E70120C1E72DE9F041044612F0F4FBBC
:100F400007469FB13868806818B1217A386882688E
:100F50009047207EC0F3400010B10120BDE8F08131
:100F6000207E00F0010008B10020F7E701260EB94D
:100F7000002003E00021606816F02CFD05464FF0CC
:100F8000000827E02868F0B1287A00F08000802867
:100F900019D1287A802805D0287A20F08000217A7B
:100FA000884210D16868E060204629688847207E22
:100FB000C0F3400008B10120D0E7207E00F001001E
:100FC00008B10020CAE708F101084146606816F040
:100FD00001FD05460DB1012ED4D02146002016F0AA
:100FE000DDFB06460EB9002003E00021606816F024
:100FF000F1FC05464FF0000823E02868D0B1287ABC
:1010000000F08000B0B9287A18B1287A217A884295
:1010100010D16868E060204629688847207EC0F3C8
:10102000400008B1012099E7207E00F0010008B1DE
:10103000002093E708F101084146606816F0CAFCF9
:1010400005460DB1012ED8D0012E11D1606840683F
:1010500070B12046FFF72AFF50B1606840686060B9
:101060002046FFF768FF0646012E01D0002075E7F5
:10107000304673E72DE9F0410446204610F0B2F9FE
:101080000746E56838461BF0F9FD86B2314628462A
:101090000BF076FABDE8F0812DE9F04104462046D8
:1010A00010F0A0F90746E56838461BF0E7FD86B268
:1010B000314628460BF07DFABDE8F0812DE9F0437A
:1010C0008046DDE9074521B92A7022701A70BDE813
:1010D000F0834FEA282000F00209B9F1000F04D094
:1010E00000BF99462B464D4600BF00F00409B9F1F8
:1010F000000F04D000BFA1462C464D4600BF00F0B3
:101100000609B9F1000F09D100F00109B9F1000F8A
:101110000ED100BF994623464C4609E000F0010974
:10112000B9F1000F04D000BF994623464C4600BFDA
:1011300022706FEA010909F0FF0602FB06F74FEA89
:10114000272985F8009008F0FF0C00F00109B9F19B
:10115000000F0DD1BCF1000F02D14FEA012905E0CB
:10116000CCF1000909F0FF0909FB01F94F4601E044
:1011700001FB0CF73E126FEA060909F0FF0602FBBD
:1011800006F74FEA272983F8009000BF9FE7000089
:101190002DE9FF4F87B005468B469146DDE914A641
:1011A000584609F0F0FB0690584609F06BFB059095
:1011B0001798012804D0022804D0032806D103E0A0
:1011C000494F08E0494F06E0494F04E000BF00BF27
:1011D0000BB0BDE8F08F00BF8EBB28880490288834
:1011E0005246014602900A98B84703904FF0000813
:1011F00021E0002418E0BDF8100035F814108842F2
:101200000CD005EB44000088049005EB44000088F6
:101210005246014602900A98B847039005EB4400F5
:10122000BDF80C100180641C06988442E3DB05EBDA
:10123000490508F1010805988045DADB51E0FFE730
:1012400000200290288804903078FD2801DB504669
:1012500003E0307800FB0AF0000A0190019A04993B
:101260000A98B84703904FF0000836E000242BE0BE
:10127000305D00B927E0315D0298814205D1BDF8AB
:10128000100035F81410884217D0305DFD2801DBBE
:10129000504603E0305D00FB0AF0000A019005EBC8
:1012A0004400008800900146019A0A98B8470390CC
:1012B000305D029035F81400049005EB4400BDF851
:1012C0000C10018000BF641C06988442D0DB05EB43
:1012D00049051698064408F1010805988045C5DBC4
:1012E00000BF00BF74E70000B1810090E38200906E
:1012F000538200902DE9FF4F89B004469246DDE904
:101300001685F4F743FA08900A9809F03CFB8146E9
:101310000A9809F0B7FA8346002D78D1B8F1FD0F8D
:101320000CDB002707E04A4620460C990BF094FCA2
:1013300004EB4A047F1C5F45F5DB7DE100BF002024
:10134000014602464FEAD20CBDF804306CF30403A8
:101350004FEA910C0193BDF804306CF34A134FEA45
:10136000D00C0193BDF804306CF3CF230193BDF88A
:1013700004C063460293BDF8081008460790424631
:1013800007990C980BF0F0FD06900C9904A80291B7
:10139000BDF80810C90A01FB08F10180BDF808106A
:1013A000C1F3451101FB08F14180BDF8081001F0BF
:1013B0001F0101FB08F1818000BFC8F1FF0003900D
:1013C000002720E0002619E0BDF81C0034F81610B4
:1013D00088420DD004EB46000088079004EB4600DD
:1013E00000880290014604A8039A0BF045FE06907F
:1013F00004EB4600BDF818100180761C4E45E3DB77
:1014000004EB4A047F1C5F45DCDB15E1FFE7BDF818
:10141000300000EB00400790B8F1FD0F6FDBA9F141
:10142000040006900027B4E0002614E02878FF2886
:1014300003D1BDF8300020800AE02A7820880146D8
:1014400004900C980BF090FD0590BDF814002080DE
:101450006D1CA41C761C4E4503DA05F00300002821
:10146000E4D172E0286805900598401CA8B904F002
:10147000030048B1BDF830102180A01C079901601D
:10148000BDF83010E18005E020460799016007991A
:10149000416000BF08342D1D56E00598002851D04A
:1014A0002878FF2803D1BDF8300020800AE02A7890
:1014B0002088014603900C980BF056FD0490BDF86F
:1014C000100020806D1CA41C2878FF2803D1BDF8D3
:1014D000300020800AE02A782088014603900C988A
:1014E0000BF042FD0490BDF8100020806D1CA41C80
:1014F0002878FF2804D1BDF8300020800BE04CE0B4
:101500002A782088014603900C980BF02DFD04905A
:10151000BDF8100020806D1CA41C2878FF2803D182
:10152000BDF8300020800AE02A7820880146039028
:101530000C980BF019FD0490BDF8100020806D1C74
:10154000A41C01E02D1D0834361D0698864289DD55
:1015500014E02878FF2803D1BDF8300020800AE08D
:101560002A782088014604900C980BF0FDFC059029
:10157000BDF8140020806D1CA41C761C4E45E8DBD1
:10158000AAEB090004EB40041898A0EB09000544FD
:101590007F1C5F45FFF648AF4DE000200490208897
:1015A00006902088059000200390002740E0002648
:1015B00035E0287888B329780498814209D02878C2
:1015C000FF2801D1404603E0287800FB08F0000A1C
:1015D000039029780498814205D1BDF8180034F8A9
:1015E0001610884214D00398FF2802D10C98059059
:1015F00009E004EB4600008802900146039A0C982B
:101600000BF0B2FC05902878049034F81600069090
:1016100004EB4600BDF8141001806D1C761C4E458D
:10162000C7DB04EB4A041898A0EB090005447F1CB3
:101630005F45BCDB00BF00BF0DB0BDE8F08F2DE9FA
:10164000FF4F85B081460C46DDE912A7F4F79EF8FE
:10165000804607BBB4F9026018E0B4F9005010E00E
:10166000CDF808A0BDF82000ADF8040030B200901D
:10167000D8F800002BB2D0F81CC04946079AE047C2
:101680006D1CB4F90400A842EADA761CB4F906002D
:10169000B042E2DA2EE0204609F075F98346204692
:1016A00009F0F0F80490002620E0002519E0785DAC
:1016B000B0B1785D00FB0AF0000A0290BDF820008E
:1016C000ADF804006088304400B2009021882944BD
:1016D0000BB2D8F80000D0F81CC04946079AE04782
:1016E0006D1C5D45E3DB14980744761C0498864224
:1016F000DBDB00BF09B0BDE8F08F10B502460B463A
:1017000010681C68A04201D1012010BD0020FCE738
:1017100010B502460B46506820F040401C68A042BD
:1017200003D2506820F040401860002010BD2DE921
:10173000F04F89B0044600200890079011F0F4FFA4
:10174000069006980068057ED4F820800027B946E8
:10175000B4F91400002802DDB4F9140002E0B4F971
:1017600014004042B4F91610002902DDB4F9161035
:1017700002E0B4F916104942884201DD012701E078
:101780004FF00109CAE01021404617F039FFB0B907
:101790004FF48071404617F033FF08B907B1C1E03C
:1017A0004FF40071404617F02BFF18B9B9F1000F44
:1017B00000D0B7E0404616F07BF98046AEE0CA465E
:1017C000CDF814900497BB46404616F0E9F906465A
:1017D00006F0010008B90020049006F0020008B9E4
:1017E0004FF0000B06F0040008B94FF0000A06F0B5
:1017F000080008B900200590404616F0F9FA039059
:10180000404616F06DF90290404616F0F7F9019047
:10181000404616F06BFA00900398002802DC02980C
:10182000002811DDBAF1000F03D0B4F91600A84268
:1018300006DA059840B1B4F916006942884203DC23
:10184000CDF820800C2007900198002802DC009839
:10185000002811DD049818B1B4F91400A84207DA81
:10186000BBF1000F08D0B4F914006942884203DCD0
:10187000CDF82080032007900398002801DC4FF06A
:10188000000A0298002801DC002005900198002839
:1018900001DC002004900098002801DC4FF0000BD0
:1018A000049818B1B4F91400A84215DABBF1000F7E
:1018B00004D0B4F91400694288420DDDBAF1000F7A
:1018C00003D0B4F91600A84206DA059878B1B4F945
:1018D0001600694288420ADC0FB1032000E00C20A8
:1018E00094F83C1060F3030184F83C101AE04FF4C4
:1018F0008071404617F084FE08B907B112E04FF43A
:101900000071404617F07CFE18B9B9F1000F00D005
:1019100008E0404616F0CCF8804600BFB8F1000F52
:101920007FF431AF00BF089858B194F83C10079885
:1019300060F3030184F83C100898A0620021A182A2
:10194000E182089809B0BDE8F08F00002DE9FF4F53
:1019500083B00446204616F037FA0290029818B970
:10196000002007B0BDE8F08F41F6FF75002120464A
:1019700017F0A0F907460021204617F044FA8246E6
:10198000204615F04EFF83464FF000086AE0A0683D
:10199000006850F828603949304617F03CFE00B125
:1019A0005EE04FF48051304617F02AFE002856D0F2
:1019B0004FF00009002001900298012804D002286D
:1019C00009D003282CD10EE0B6F91490A08A38442F
:1019D00000B2019025E0B6F91890208BA0EB0A0028
:1019E00000B201901DE006F1140008F0A2FF009083
:1019F00000EBD070B18A01EB60000FFA80F904F1BE
:101A0000140008F096FFC01BA0EB0A00009000EB4A
:101A1000D070A18A394401EB600000B2019000E06F
:101A20001EE000BF069848440FFA80F904988145EB
:101A300014DB0598814511DC0199A9EB010108B27D
:101A4000002801DD014600E04142002D01DD2A466B
:101A500000E06A42914200DA054600BF00BF00BFC5
:101A600008F10108D84592D341F6FF70854201D1B3
:101A7000002000E0684200B273E7000001000400AB
:101A80002DE9FF4F83B00446204616F0A7F90290D7
:101A9000029818B9002007B0BDE8F08F41F6FF7535
:101AA0000021204617F072FA07460021204617F061
:101AB00024F88246204615F0B4FE83464FF0000815
:101AC0006AE0A068006850F828603949304617F08D
:101AD000A2FD00B15EE04FF48051304617F090FD5A
:101AE000002856D04FF000090020019002980128EC
:101AF00004D0022809D003282CD10EE0B6F91690A4
:101B0000E08A384400B2019025E0B6F91A90608B63
:101B1000A0EB0A0000B201901DE006F1140008F0ED
:101B200095FE009000EBD0704110F08A08440FFA47
:101B300080F904F1140008F089FEC01BA0EB0A0034
:101B4000009000EBD0704110E08A3844084400B2A5
:101B5000019000E01EE000BF069848440FFA80F9AB
:101B60000498814514DB0598814511DC0199A9EBA6
:101B7000010108B2002801DD014600E04142002DCC
:101B800001DD2A4600E06A42914200DA054600BFC4
:101B900000BF00BF08F10108D84592D341F6FF709D
:101BA000854201D1002000E0684200B273E70000E6
:101BB000010004002DE9FF4F87B00E469046DDE995
:101BC00014940021079817F07DFC069000210798D7
:101BD00016F0EAFE0590F078C0F34000A8B1F07866
:101BE00000F0010020B142F2D1710698884208D07D
:101BF000F07800F0010040B942F2D17105988842B6
:101C000003D1F07820F00200F070F07800F00100CD
:101C100008B1964800E096480490F07800F0010082
:101C200008B9924800E09248824600206080A08077
:101C300020612080A060E060CDF80C8003990798B7
:101C400015F0D1FD0546E0E00398404506D04FF47D
:101C50000001284617F0D4FC00B1D9E08549284698
:101C600017F0D9FC00287CD10021284616F072FE1E
:101C700002900298002875D02069401C2061A0883D
:101C8000484400B2A080207D00F0010000286AD006
:101C9000216901EB8101880013F0C4FC074600BFF5
:101CA0001FB900BF00BF00BFFEE700BF1FB9039808
:101CB0000BB0BDE8F08FE06858B12069401E00EB22
:101CC000800082003846E16813F0C9FDE06813F037
:101CD00025FD2069401E00EB800047F82050F07879
:101CE00000F0010058B14FF0000B41F202025946DA
:101CF000284617F001FA0190019800B20BE04FF06E
:101D0000000B41F205025946284617F0F5F90190FB
:101D1000019800B200BF2169491E01EB810107EB68
:101D200081018880F07800F0010058B14FF0000B7D
:101D300041F203025946284617F0DEF90190019856
:101D400000B20BE04FF0000B41F206025946284664
:101D500017F0D2F90190019800B200BF2169491E25
:101D600002E03EE017E02CE001EB810107EB81018E
:101D7000C88002982169491E01EB810107EB8101AE
:101D8000C86000212069401E00EB800007EB800046
:101D90000161E76015E02846049988470746F07816
:101DA000C0F3400030B1B4F90400C1190A9881426F
:101DB00000DD2DE0A08807EB0901084400B2A080F7
:101DC00000BF2846D047B4F90010884202DD2846FB
:101DD000D04701E0B4F900002080A068401CA0605A
:101DE00000BFF078C0F3800010B14FF0FF3000E08A
:101DF00001200399084403900398002800DA07E0C3
:101E00000399079815F0EFFC0546002D7FF41CAFF1
:101E100000BFB4F90400002804DDA088A0EB09008D
:101E200000B2A080206908B10A9801E0B4F904006A
:101E30006080CDB10398404516D10798806800684E
:101E4000039950F82150F078C0F3800103AA079855
:101E500001F003FA45B12846D0472080284604996E
:101E6000884760800120A060039821E74795029091
:101E7000117A0290010006002DE9F04F97B0044658
:101E800000BF00BF4FF0000BDE48028859462046D5
:101E900017F032F90A900A98C6B200BFF0439DF8D5
:101EA0005B1060F300018DF85B10B0089DF85B10CB
:101EB00060F341018DF85B10F0089DF85B1060F352
:101EC00082018DF85B1000BFCF480288594620463A
:101ED00017F012F90A900A98C0B28DF8580000BFA6
:101EE000CA4802885946204617F006F90A900A980F
:101EF000C0B28DF8590000BFC54802885946204637
:101F000017F0FAF80A900A98C0B28DF85A0000212A
:101F1000204616F05BFC012800D100E0002015905F
:101F20009DF85B0000F0010020B90021204616F06A
:101F30008DFE03E00021204617F001F814909DF873
:101F40005B0000F0010020B10021204616F07EFE6B
:101F500003E00021204616F0F2FF13909DF85B008D
:101F600000F0010018B1204615F0DDFC02E020462B
:101F700015F0BAFC12904FF0000B41F232025946B4
:101F8000204617F0B9F80A900A9800B2119000BFE5
:101F900041F610025946204617F0AEF80A900A980A
:101FA000E18A0144119801EB000B204615F034FF43
:101FB000ABEB000000B210904FF0000B41F61202A4
:101FC0005946204617F098F80A900A98A18A0144C9
:101FD000119801EB000B204615F014FFABEB00004D
:101FE00000B20F909DF85A709DF85B0000F0010060
:101FF00008B110A800E00FA805460021204617F000
:1020000061FA0E900021204616F0CEFC0D909DF84E
:102010005B0000F0010040B142F2D1710D9888429E
:1020200003D1608CC0F3402068B19DF85B0000F0E4
:10203000010048B942F2D1710E98884204D1608CF7
:10204000C0F3802000B90027159850B19DF85B00BF
:1020500000F0010028B90FB9012702E0012F00D1DB
:1020600000274FF0000800200C900B90002F49D063
:102070009DF85B00C0F3800018B1A0684068401E66
:1020800000E00020814617E000200A9005A913987F
:10209000CDE900014A4616A92046129BFFF78AFDAA
:1020A0008246BDF814101498084440440FFA80F892
:1020B0000B98401C0B90D146A0684068484502DD53
:1020C000B9F1000FE0DA0B9820B11498A8EB0000EA
:1020D0000FFA80F89DF85B0000F0010018B120466F
:1020E00015F002FC02E0204615F01DFC83460CA80A
:1020F000CDE900500B9803B24246594638461EF0CF
:10210000A4FC00BF9DF85B00C0F3800018B1A0687C
:102110004068401E00E000208146159840B19DF8BF
:102120005B0000F0010018B92888404400B2288004
:102130004DE001200A9005A91398CDE900014A4617
:1021400016A92046129BFFF735FD8246159850B11F
:102150009DF85B0000F0010028B92888BDF8141034
:10216000401A00B2288005AABDF94030DDE91210FE
:10217000CDE90131CDE90302BDF93C0053464A46A1
:1021800016A900902046F5F799FBD146089813F060
:10219000C5FA00200890159868B19DF85B0000F022
:1021A000010040B92988BDF8302014981044081A5D
:1021B00000B228800AE02988BDF81400BDF830205C
:1021C000024414981044084400B2288000BFA0685C
:1021D0004068484502DDB9F1000FAADA42F2D17138
:1021E0000E98884202D00D98884202D1204618F0FD
:1021F0007EF900222B2120460FF0FAF817B0BDE837
:10220000F08F0000680200246A0200246C0200249F
:102210006E0200242DE9FC5F044689469246207E2A
:1022200000F0010008B1BDE8FC9FE56800264FF012
:10223000010B0120019000BF85B9207EC0F3C000D2
:1022400000B956B9019800B9EDE72046C8470546E0
:102250004FF0000B0020019000E0E4E716B92E4695
:1022600006B9E0E7BBF1000F06D029462046D0476B
:102270000546B54200D1D6E74FF0010B05B9DBE7C3
:10228000286816F029FA00F0800000B1D4E72F6822
:1022900009E00121384617F0B3F900B105E03846EE
:1022A00015F006FC0746002FF3D100BF2FB1012126
:1022B000384617F0A5F900B1BEE700BF00BFE068DF
:1022C000A84200D1AFE7E06890B1204600F0FBFCE7
:1022D0000090E16808680F21009A0FF089F807461E
:1022E000012F00D09FE7E168086817F026FD00BFC6
:1022F000E560204600F0E7FC0746E1683A460868DA
:102300000E210FF075F88046B8F1010F00D08AE772
:10231000E168086817F011FD206910B120462169B5
:10232000884700BF7FE700002DE9F04104462046C2
:1023300000F012FB054611480068001B461B0F48C1
:102340000068401B0D490860B6B127466119324646
:10235000204613F084FA06E0A068401BA0602046E7
:1023600000F0FAFA0444054800688442F4D1B81930
:10237000294613F002FC00BFBDE8F081740100247F
:1023800000B587B000BF00BF4448006840F00400BB
:10239000424908600846006800F00400009000BF51
:1023A00000BF00BF00BF00BF0846006840F0020049
:1023B00008600846006800F00200009000BF00BFFF
:1023C00000BF20200290012003900490032005907C
:1023D00002A93348EFF7B6F80220029000200390DC
:1023E000012004900320059002A92E48EFF7AAF8D7
:1023F000F6F77CF800BF002220212948EFF7B6F855
:1024000000BF1420EFF7B7F800BF012220212448B5
:10241000EFF7ACF800BF3220EFF7ADF800208DF8F1
:102420000400012201A900F041F9012201A9A42020
:1024300000F03CF916208DF80400012201A980204B
:1024400000F034F90C208DF80400012201A9882045
:1024500000F02CF9022201A9A12000F02BF89DF830
:102460000400302803D19DF80500032807D09DF80B
:102470000500012803D09DF8050002280BD19DF826
:1024800005009DF8042000EB022107A0EDF728FECF
:10249000002007B000BD0120FBE70000E044025827
:1024A00000080258000402584354502049443A2579
:1024B000780D0A002DE9F04106460F461546F6F75D
:1024C000D5F87020F6F79CF8F6F716F9F0B2F6F7A3
:1024D00097F8F6F711F9F6F7C9F87120F6F790F8C2
:1024E000F6F70AF900240BE0691EA14201D0012190
:1024F00000E000210846F6F755F83855601CC4B2D4
:10250000AC42F1DBF6F7D8F8BDE8F0812DE9FC41EB
:102510000746002001900024002660480078401CF7
:102520005E490870084600780A2190FBF1F201FB31
:10253000120018B1594800780A2866DA012201A968
:102540000220FFF7B7FF9DF8040000F00F000028FD
:102550007ED09DF8040000F00F00062878DA9DF880
:10256000040000F00F014FF6FF70884085B2E84389
:1025700080B240F440404A49888600245AE04848E6
:10258000808E0121A1400840F0B3464931F8140083
:1025900004226946FFF78EFF414890F8440000F09E
:1025A0000100C0B19DF801009DF8001001F00F017D
:1025B00000EB01203A49203121F814009DF8030076
:1025C0009DF8021001F00F0100EB012134480C309E
:1025D00020F814101EE09DF801009DF8001001F095
:1025E0000F0100EB012030490988081A81B22C48FC
:1025F0000C3020F814109DF803009DF8021001F033
:102600000F0100EB012001E012E021E0244920311C
:1026100021F814009DF8000000F0F000802807D099
:1026200000211F48203020F81410143820F814100E
:10263000601CC4B2052CA2DB01261948808920B990
:102640001748008C08B90020019000201349087039
:102650009DF8040000F01F00A8B91148808E00F416
:10266000004030B10E48808E20F400400C4988862E
:1026700009E04FF6FF700A49888108840846808E79
:1026800000F46040888605480078F02802DD0A20C2
:10269000024908703046BDE8FC8100003400002487
:1026A0003800002430BE0390D00400242DE9F0410E
:1026B00005460E4617464FF00008F5F7D7FF702085
:1026C000F5F79EFFF6F718F8E8B2F5F799FFF6F779
:1026D00013F800240BE0305DF5F792FFF6F70CF8E5
:1026E0008046B8F1000F00D003E0601CC4B2BC42C9
:1026F000F1DB00BFF5F7E0FF4046BDE8F08110B523
:102700000246114691F83C3003F0030323B1012B3C
:1027100004D0022B0DD000BF888C15E026235B5C13
:102720004FF4B47413FB04F3642493FBF4F398B2F2
:102730000AE027235B5C4FF4B47413FB04F36424B6
:1027400093FBF4F398B200BF00BF10BD2DE9F34F27
:1027500087B083465F4605A9584615F003F95846E9
:1027600016F0F1FE0290584615F052F90190002142
:10277000584616F0FAFA00900021584616F09EFBD3
:1027800080460021584616F05CFC814600215846E0
:1027900016F00EFA82460021584616F0EAFB05466E
:1027A0000021584616F06CFA0646284605EBD07113
:1027B0004910491C05F0010211440DB2304606EBE8
:1027C000D0714910491C06F0010211440EB20D2DC2
:1027D00001DA284600E00D2005460D2E01DA3046CC
:1027E00000E00D200646B8F10D0F01DA404600E08A
:1027F0000D208046B9F10D0F01DA484600E00D20AA
:102800008146BAF10D0F01DA504600E00D208246F4
:1028100000248BE0B86A00EBC40103A807F0F2FFC4
:10282000BDF90C10009881420FDCBDF9141000981E
:102830000D2801DA009800E00D20081ABDF80C10F0
:10284000084400B2ADF80C0008E0BDF80C00BDF87B
:102850001410891B084400B2ADF80C00BDF90E003D
:1028600048450FDCBDF91600B9F10D0F01DA4946F4
:1028700000E00D21401ABDF80E10084400B2ADF87A
:102880000E0008E0BDF80E00BDF81610491B084404
:1028900000B2ADF80E00BDF910100298A0EB0800D0
:1028A000801E81420FDBBDF91400B8F10D0F01DA73
:1028B000414600E00D210844BDF81010084400B264
:1028C000ADF8100008E0BDF81000BDF81410314458
:1028D000084400B2ADF81000BDF912100198A0EB49
:1028E0000A00801E81420FDBBDF91600BAF10D0F00
:1028F00001DA514600E00D210844BDF812100844E9
:1029000000B2ADF8120008E0BDF81200BDF81610D4
:102910002944084400B2ADF81200002203A8089927
:10292000F1F76FFA00B105E0601C84B2388EA04266
:102930003FF770AF00BF388EA04201D14FF6FF7451
:10294000204609B0BDE8F08F014601F007020AB148
:10295000104670470120FCE70146B1F90C20032323
:1029600003EB420222F0030202F1100070472DE94E
:10297000FC5F05460E4617460021284616F0DBF997
:1029800080460021284616F07FFA8246002128461C
:1029900016F03DFB81460021284616F0EFF8019025
:1029A000284616F0D0FDA0EB0800A0EB0A0B284645
:1029B00015F02EF8A0EB09010198081A834507DAF3
:1029C000284616F0C0FDA0EB0800A0EB0A0006E0C8
:1029D000284615F01DF8A0EB09010198081A00908F
:1029E00000EBD070401004B2A88A2044404400B2EA
:1029F0003080E88A2044484400B2708007B13C80AF
:102A0000BDE8FC9F38B504460025044802882946E5
:102A1000204616F071FB0090009838BD7802002423
:102A200038B504460025054802882946204616F098
:102A300063FB00900098C0B238BD00008002002403
:102A400038B504460025054802882946204616F078
:102A500053FB00900098C0B238BD000082020024F1
:102A6000F0B504460B46032B01D2012000E0002004
:102A70000546611B981E0C2707FB0500C0EB4010A4
:102A8000B0FBF7F01044084400EB91006427B1FB61
:102A9000F7F7C01B4FF4C877B1FBF7F738440727A7
:102AA000B0FBF7FC07FB1C06F0B2F0BD2DE9FC47BC
:102AB00081460E4616B90020BDE8FC87D9F81040C3
:102AC000606930B160690068B04202D160694068F5
:102AD000F2E70025B1E005EB8501A06850F8210080
:102AE000371A05EB8501A06800EB81008088B842A9
:102AF00000D2A0E04FF0000805EB8501A06800EBD4
:102B00008100807C022808D105EB8501A06800EBDC
:102B10008100C08800EB070884E005EB8501A06810
:102B200000EB8100807C78B905EB8502A16801EBA0
:102B30008201C86805EB8502A16801EB8201C988A2
:102B4000C25D01EB02086DE005EB8501A06800EBBA
:102B50008100807C03282AD1B8B201903E480090C1
:102B600005EB8503A06800EB8300028A05EB850373
:102B7000A06800EB83000223816801A8F2F776FFCA
:102B80008246BAF1000F11D005EB8502A16801EB76
:102B900082018968AAEB0101481005EB8502A16852
:102BA00001EB8201C98801EB000800BF3AE005EBA8
:102BB0008501A06800EB8100807C012832D1B8B289
:102BC00001902548009005EB8503A06800EB830089
:102BD000028A05EB8503A06800EB8300022381686D
:102BE00001A8F2F743FF8246BAF1000F19D005EBB6
:102BF0008503A26802EB83029268AAEB02025010DE
:102C000005EB8503A26802EB8302D16805EB85031F
:102C1000A26802EB8302D28831F8103002EB03087D
:102C200000BF00BF606920B1606906606069C0F8DC
:102C30000480404640E7681C85B2608AC0F3080003
:102C4000A8423FF748AF606920B160690660002084
:102C50006169486000202FE73D6A03902DE9F84F35
:102C600080460D46C146404600F0FDF9064616B9BD
:102C70000020BDE8F88FF08A281A05B200213046FE
:102C800016F007FB009000980EF044FE82460021EB
:102C9000304616F06EFB0446204604EBD07105EB7F
:102CA00061010DB20AEB04000FFA80FB95FBFBF00B
:102CB00087B2B9F83400B84203DCB9F83400401EDA
:102CC00087B23846D5E72DE9F041054600260027B2
:102CD000002010F02FFD044616E0204610F079FD8C
:102CE0008046206DA8420AD1B8F1020F02D12046D9
:102CF000BDE8F081B8F1040F00D1264627462046F2
:102D000010F018FD044600BF002CE6D10EB130468D
:102D1000EEE70FB13846EBE7002010F00BFDE7E7D8
:102D20002DE9F04107460C463D46384614F0FBFDC0
:102D3000B5F884104843001206B20021384615F059
:102D4000E0FF8046A4EB080004B2002C02DA002069
:102D5000BDE8F081B44203DDB5F88200401EF7E71C
:102D600095F8880000F0070001280BD1314606EBEA
:102D7000D1704210B5F88200401E04FB002090FB89
:102D8000F6F0E5E795F8880000F00700022805D185
:102D9000B5F88200604390FBF6F0D9E70020D7E752
:102DA0000246114600E0096821B18869C0F30F109E
:102DB0000028F8D009B9002070478869C0F30F10C7
:102DC000FAE700002DE9FC5F80460D461646D8F86C
:102DD00010704FF0000A788AC0F34030002840D1CC
:102DE000FC68A068800FD8B9D4F8009005EB0620E5
:102DF00080B2019026480090A06820F04042022353
:102E0000494601A8F2F732FE8346BBF1000F06D017
:102E1000ABEB09014810616811F900A000BF1FE089
:102E20000121A068B1EB907F1AD1D4F8009005EB96
:102E30000640019017480090A06820F0404204230B
:102E4000494601A8F2F712FE8346BBF1000F06D0F7
:102E5000ABEB09018810616811F900A000BF00BF49
:102E600012E0F8684368595D83689A5D00290ADDBD
:102E7000002A08DD531E4C1E90F80DC004FB0C33D5
:102E8000046814F903A000BF5046BDE8FC9F000091
:102E900001600190E15F01902DE9FE4F07460C466D
:102EA000254600260021204615F04FFC834600EB06
:102EB000DB70C0F34F064FF44031204615F02EFF73
:102EC00080464FF44031204615F0D1FF81464FF443
:102ED0004031204616F08EF882464FF440312046AD
:102EE00015F03FFE0290A08A298D0844801BA0EBBC
:102EF000080000B2ADF80000E18A688D0844801B2C
:102F0000A0EB090000B2ADF80200A08A298D0844A8
:102F10003044504400B2ADF80400E18A688D0844A2
:102F200081190298084400B2ADF806000098386094
:102F300001987860BDE8FE8F2DE9F04F87B081469B
:102F40000F469246984600BF00BF4C464FF40031F2
:102F5000484615F007FC834658460BEBD0714D10E0
:102F6000AAEB05000FFA80FAA68C94F83400C0F39F
:102F7000410018B9208D304486B223E094F8340023
:102F8000C0F34100022803D1E08C304486B219E03E
:102F900094F83400C0F34100012813D1B4F9302073
:102FA000B4F93230D11801EBD1725010B4F92E10AF
:102FB000814203DAE18C31448EB202E0218D31444A
:102FC0008EB200BF06F15A0000B21CF0EDFA00FB11
:102FD0000AF0C01300B2069030B21CF0E5FA00FB14
:102FE0000AF0C01300B205904FF44031484615F086
:102FF000A2FE04904FF44031484615F045FF03907F
:103000004FF44031484616F002F802904FF4403138
:10301000484615F0B3FD019039880698014404989C
:10302000081A401B00B2A8F800003988069801442D
:1030300003980844284400B2A8F804007988059849
:1030400001440298081A401B00B2A8F802007988CF
:103050000598014401980844284400B2A8F80600E5
:1030600007B0BDE8F08F70B504462546686A08B918
:10307000002070BD0021686A14F0B5FBF9E710B5B7
:1030800004460021204614F0AEFB10BD70B5044686
:103090000E46002513E0E06800EBC5004068C0F371
:1030A000006058B1E06800EBC500406820F07F4048
:1030B000B04203D1E06850F8350070BD6D1C608CE3
:1030C000C0F3C500A842E6D8608CC008401C618CE3
:1030D00060F3C8016184628CC2F3C502D100E0686C
:1030E00012F088FBE06000BFE06818B900BF00BFC5
:1030F00000BFFEE700BF608CC0F3C500451E1AE0AC
:10310000681EE16801EBC0004068C0F3006038B998
:10311000681EE16801EBC0004068C0F3406000B188
:103120000BE0E06800EBC5010246681E02EBC0023E
:1031300005CA05C16D1E002DE2D100BFE16801EB9B
:10314000C500082112F019FD082012F031FAE168DB
:1031500041F83500E16851F835001AF0FDF8E068F3
:1031600000EBC500406820F0807000F18070E168DD
:1031700001EBC5014860E06800EBC500406866F3FC
:103180001700E16801EBC5014860E06850F83500C0
:1031900093E700002DE9FC4107468846164638684B
:1031A000C068C068B0FBF8F4B44200DD344619488A
:1031B00000680068806958B30020ADF80000ADF8E1
:1031C0000400ADF8020025B200BF681E00B2ADF8E1
:1031D00006001049096808680E49096809688A6983
:1031E00069469047684607F03FFBA04200DC03E0D9
:1031F000681E05B2002DE8DC00BF002D04DC00BF16
:1032000000BF0020BDE8FC81BDF90600441C00BFE2
:103210002046F7E76C01002470B505460C46641E95
:10322000002C01DA6D1E0C340C2C01DB6D1C0C3CE7
:10323000012C04D1284602F0ADFC1C300BE0072025
:1032400094FBF0F100FB114606EBD6704010A6EBA4
:103250004000C0F11F00C0B270BD10B5034669B197
:103260001068401E10601068002805DB9868006830
:10327000146850F8240010BD0020FCE71068401CC2
:10328000106010689C686468A04205DA986800685D
:10329000146850F82400EEE70020ECE730B504464F
:1032A000481CE56835F8100035F81150401B00B295
:1032B0001080A06830F8110000B21880E06830F883
:1032C00011006568284430BD2DE9F84F06460C46CC
:1032D0001546B04610F028FA814610F07AFA824678
:1032E000BAF1010F0DD0BAF1030F0AD015B14FF6A4
:1032F000FF70288014B14FF6FF7020800020BDE8D9
:10330000F88F10F011FA8146694610F027FA002D67
:103310003ED0304614F076FDBDF8001008440FFA98
:1033200080F90021304615F078FA01280AD10021F1
:10333000304615F0F7FD318B081AA0EB09000FFAA3
:1033400080F90CE0B08AA9EB00000FFA80F90021A7
:10335000304615F03EFDA9EB00000FFA80F9002081
:103360002880002728800CE02988D8F8300030F821
:103370001100384407B2B94500DA07E02888401C3C
:1033800028802888B8F824108842EDDB00BF00BFF1
:103390006CB3304614F040FDBDF8021008440FFA3B
:1033A00080F9F08AA9EB00000FFA80F9002130467D
:1033B00015F088FEA9EB00000FFA80F900202080AC
:1033C000002720800CE02188D8F82C0030F811006C
:1033D000384407B2B94500DA07E02088401C208055
:1033E0002088B8F826108842EDDB00BF00BF01201E
:1033F00085E72DE9F04F87B00446884691461E4682
:103400004846F2F7CAF901218140C8B206904FF050
:10341000FF3A208C05900598C04380B2049094F840
:103420002200C0F380000290002530E0E06800EB4D
:10343000C5077868C0F3406000B92DE0029800B17C
:1034400024E0E16801EBC501496821F07F4018F0F4
:103450000EF98346C34500D018E038688079069994
:10346000084000B912E003AA4946386819F0F4FE92
:1034700008B1012000E000200190019828B10398D4
:103480003060012007B0BDE8F08F00BF6D1C608C7C
:10349000C0F3C500A842C9D800BF41E0E06800EB16
:1034A000C50BE16801EBC501496821F07F4018F0C8
:1034B000DEF80090E16801EBC501496821F07F402A
:1034C00018F0D9F807460098404500D027E0DBF80F
:1034D000000080790699084000B920E0049838403F
:1034E00000B11CE0574500DC19E003AA4946DBF8AF
:1034F000000019F0B1FE08B1012000E000200190A9
:10350000019858B10598874203D103983060012093
:10351000B8E7BA4502DABA460398306000BF6D1CBE
:10352000608CC0F3C500A842B8D8BAF1000F03DB25
:10353000039830600120A5E70020A3E72DE9FC5F98
:1035400083468A4690461D46082001907F200090C1
:10355000404608EBD0714C1008F0010080F00109E2
:10356000CBF15A0108B21CF01FF8AAEB0401484342
:10357000C61158461CF018F8AAEB04014843C711BD
:10358000002E0ADDA6F17F000612301B484400B26F
:103590002880301900B2A8800AE006F17F000612E8
:1035A000301B00B228803019A0EB090000B2A880BF
:1035B000002F0ADDA7F17F000712381B484400B234
:1035C0006880381900B2E8800AE007F17F0007122E
:1035D000381B00B268803819A0EB090000B2E880FF
:1035E000BDE8FC9F38B504460025044802882946FA
:1035F000204615F081FD0090009838BD7C02002423
:103600002DE9FF4F89B083469246DDE919785C4683
:10361000A08C0A99484380B2069000BFBAF808000F
:103620003844404400B20590069D4FF0000986E002
:10363000A06A50F8250000287BD0206B30F91900D3
:103640000790002600BF1EE0A919A06A50F82100CB
:10365000B0B10021AB19A26A52F8230000B1017881
:1036600001F0010252B109EB0602521C236B33F840
:103670001230079A1A4412B2079200E009E000E003
:1036800007E0701C86B206EB0901A08C401E814247
:10369000DADB00BF00200490A06A50F8250020B1BA
:1036A000A06A50F8250000780490049800F0020009
:1036B00090B100BFBAF90800384400EB0801059842
:1036C000814205DD00BFBAF908003844404400E0FB
:1036D000059800B205902BE0DDE917010144079839
:1036E000401A00B207900022079916988DE807004B
:1036F000A06A50F82500411C524608A80C9B1CF0FB
:1037000041F8BDF92200384400EB080105988142D8
:1037100005DDBDF922003844404401E009E0059888
:1037200000B20590A81985B209EB06001FFA80F9CE
:1037300000BF681C85B209F101001FFA80F9A18C55
:1037400006980844A8423FF773AF05980DB0BDE84E
:10375000F08F000038B50446002505480288294648
:10376000204615F0C9FC00900098C0B238BD00009A
:103770008602002438B504460025054802882946FB
:10378000204615F0B9FC00900098C0B238BD00008A
:10379000880200242DE9FF5F06460C4600213046D2
:1037A00015F08FFD03904FF48021304615F089FD10
:1037B000029003980EF0B6F8074602980EF0B2F8A1
:1037C00080460021304615F0EEFD814608EB0700EB
:1037D00000EBD07109EB61010DB2304614F018F91D
:1037E000834600EBDB704110F08A0844AA4605EBE3
:1037F000DA71A0EB610000B260806088284400B2FA
:10380000E0806946304614F0ADF8BDF80000208035
:10381000BDF80400A080BDE8FF9F2DE9FF470546E5
:103820002846FFF72CFC06461EB9002004B0BDE870
:10383000F0874FF48021284615F043FD80464FF471
:10384000802741F25A423946284615F055FC02902D
:10385000029804B200BF304610F09AFE8146002064
:1038600041F6FF71CDE900012346424649460290E8
:1038700003A81BF087FFBDF90C00D7E702460B46F3
:10388000114633B1012B0AD0022B05D0042B0CD1E9
:1038900008E001F13C00704701F14800FBE701F14D
:1038A0005400F8E701F16000F5E70020F3E770B598
:1038B00004460E46002510E0E06800EBC5004068B5
:1038C000C0F3406040B1E06800EBC500406820F004
:1038D0007F40B04200D105E06D1C608CC0F3C50094
:1038E000A842E9D800BF608CC0F3C500A84203D04D
:1038F000E06800EBC50070BD608CC008401C618CA6
:1039000060F3C8016184628CC2F3C502D100E06833
:1039100011F070FFE060608CC0F3C500451E09E047
:10392000E06800EBC5010246681E02EBC00205CA52
:1039300005C16D1E002DF3D10821E06812F01DF9BC
:10394000082011F035FEE1680860E168086819F0A8
:1039500003FDE068406820F0007000F10070E1684D
:103960004860E068406866F31700E1684860E06816
:10397000C1E7000037B584B005461446114890F8F9
:10398000200000F0010070B10221122017F09EFE0D
:1039900022460390059909F02BFB0290BDF8081010
:1039A000084607B030BD0221122017F0B9FE2246AA
:1039B0000190059909F01CFB0090BDF80010084625
:1039C000EFE70000744602242DE9F04F06468846D2
:1039D0001746DDE9095CDDE90B490022B8F1000F6B
:1039E00003D09246A4F800A069E0052F03D0062F6B
:1039F00001D0042F03D10023012D00D10127002184
:103A000006E03CF811A09A4492440FFA8AF2491C4D
:103A1000A942F6D3A2EB030A0FFA8AF2072F4DD27E
:103A2000DFE807F00409144C3E2C1B004FF0000A9D
:103A3000A4F800A042E0A6EB020A0AEBDA7B4FEA08
:103A40006B0B0FFA8BFBA4F800B037E0A6EB020A71
:103A50000FFA8AFAA4F800A030E04FF0000AA4F8A8
:103A600000A0A6EB020A0FFA8AFBA5F1010A0FFAE1
:103A70008AFA9BFBFAFA0FFA8AF31FE0A6EB020A16
:103A80000FFA8AFA0FFA85FB9AFBFBFA0FFA8AF310
:103A90009A4603EBDA7B4FEA6B0BA4F800B00DE01B
:103AA000A6EB020A0FFA8AFB05F1010A0FFA8AFA5D
:103AB0009BFBFAFA0FFA8AF3238000BF00BF0021B4
:103AC0000CE034F811A03CF811B0DA449A440FFA33
:103AD0008AFA01F1010B24F81BA0491CA5F1010A87
:103AE0008A45EED834F81AB03CF81AA0DA44B4F893
:103AF00000B0AAEB0B0A0FFA8AF0B9F1000F10D050
:103B000000210CE034F811A0A6EB0A0A3CF811B031
:103B1000AAEB0B0A0FFA8AFA24F811A0491CA94251
:103B2000F0D3BDE8F08F2DE9F04F8DB0044600BF13
:103B300000BF2046FEF766FF81462046FFF752FD94
:103B40000746B9F1000F00D017B90DB0BDE8F08FEE
:103B500006A92046F3F768FA0C2103A812F00DF825
:103B60004FF0000B41F232025946204615F0C4FADC
:103B70000090009805B200BF00BF41F612025946FE
:103B8000204615F0B9FA0090009828440FFA80FA00
:103B900000BF41F610025946204615F0ADFA0090DC
:103BA0000098284400B20290204614F02BF9A18A14
:103BB0005144081A00B2ADF81400204614F02CF954
:103BC0000146E28A02981044401A01B2ADF816107C
:103BD000002609E0A068006850F826B003AA06A9EC
:103BE000584601F0EDFF761CA0684068B042F1D85D
:103BF00006A8F3F729FD0021204615F070FC01907E
:103C00000021204614F0DDFE804642F2D171019879
:103C1000884202D00846804502D1204616F067FC53
:103C200000222B2120460DF0E3FB00BF8DE70000B2
:103C300000B589B000BF00BF4248006840F00400F2
:103C4000404908600846006800F00400019000BF89
:103C500000BF00BF00BF00BF0846006840F0020080
:103C600008600846006800F00200019000BF00BF35
:103C700000BF2020049001200590069003200790AB
:103C800004A93148EDF75EFC022004900020059065
:103C9000012006900320079004A92C48EDF752FC60
:103CA000F4F724FC00BF002220212748EDF75EFC3A
:103CB00000BF0A20EDF75FFC00BF0122202122484F
:103CC000EDF754FC00BF0A20EDF755FC02200490EC
:103CD0000020059006900320079004A91B48EDF7EB
:103CE00031FC6420EDF747FC042202A948F24010A1
:103CF00000F03AF800208DF80C0002A914A0ECF7AF
:103D0000EFF916A102A8ECF74BFC10B90A201549EF
:103D1000087002208DF80800012202A948F2400034
:103D200000F008FA0A20EDF726FC00208DF80800C4
:103D3000012202A948F2400000F0FCF9002009B07D
:103D400000BD0000E0440258000802580004025878
:103D50004354502049443A25730D0A003932373113
:103D600000000000350000242DE9F04105460F4613
:103D70001646F4F77BFC2820F4F742FCF4F7BCFC71
:103D80002812F4F73DFCF4F7B7FCE8B2F4F738FC7E
:103D9000F4F7B2FCF4F76AFC2920F4F731FCF4F7ED
:103DA000ABFC00240BE0711EA14201D0012100E018
:103DB00000210846F4F7F6FB3855601CC4B2B44243
:103DC000F1DBF4F779FCBDE8F081000071B583B058
:103DD000002001900026D2480078401CD04908708D
:103DE000084600780A2190FBF1F201FB120018B19D
:103DF000CB4800780A287DDA012203A948F24E1048
:103E0000FFF7B2FF9DF80C0000F0800078B19DF83C
:103E10000C0000F00F00C3490978884207DC00203D
:103E20000190012201A948F24E1000F083F99DF89B
:103E30000C0000F00F0000285CD09DF80C0000F092
:103E40000F00B8490978884254DC9DF80C0000F056
:103E50000F014FF6FF70884084B2B348858EE0436F
:103E600080B240F44040B049888608468289AD4817
:103E70000078401E0C3121F81020AB48028CA94874
:103E80000078401E143121F8102000200190E3E05A
:103E9000A548808E9DF8042001219140084000280B
:103EA00032D0A2499DF8042031F81200042202A960
:103EB000FFF75AFF9E48808845F2105188423FD153
:103EC000994890F8440000F00100F0B19DF8080016
:103ED0009DF8091000EB012081B2934820309DF835
:103EE000042020F812109DF80A009DF80B1000EB3A
:103EF000012000E0EEE0C0F5487081B28A480C3045
:103F00009DF8042020F81210A1E09DF808009DF80B
:103F1000091000EB012081B283480C309DF8042089
:103F200020F812109DF80A009DF80B1000EB0120FC
:103F300081B27D4820309DF8042020F8121086E0E0
:103F40007B48808844F2423188423DD1764890F8DF
:103F5000440000F00100D0B19DF808009DF8091060
:103F600000EB012081B270480C309DF8042020F84D
:103F700012109DF80A009DF80B1000EB012081B291
:103F8000694820309DF8042020F812105FE09DF869
:103F900008009DF8091000EB012081B26248203032
:103FA0009DF8042020F812109DF80A009DF80B10CF
:103FB00000EB0120C0F5887081B25B480C309DF8A1
:103FC000042020F8121042E05948808841F218017C
:103FD00088423CD1544890F8440000F00100D0B130
:103FE0009DF80A009DF80B1000EB012081B24E48AD
:103FF00020309DF8042020F812109DF808009DF84C
:10400000091000EB012081B247480C309DF80420D4
:1040100020F812101BE09DF80A009DF80B1000EB31
:104020000120C0F5487081B23F480C309DF8042053
:1040300020F812109DF808009DF8091000EB0120EF
:1040400081B2394820309DF8042020F812109DF8E4
:104050000400401CC0B201909DF804003149097869
:104060008842FFF615AF01262F488089304909881C
:10407000884205DC2C48008C2D494988884226DD81
:104080009DF80C0000F00F0001280ADD2648C089C9
:10409000254988810846408C088400202049087002
:1040A00018E020480078401E1F490C3131F81000FC
:1040B0000C3988811B480078401E203131F81000EF
:1040C00020390884802003900846858602E000207D
:1040D000134908709DF80C0000F08F00802815D15E
:1040E0001148808E00F4004030B10F48808E20F4DB
:1040F00000400D49888609E04FF6FF700A49888123
:1041000008840846808E00F4604088860448007861
:10411000F02802DD0A2002490870304604B070BD64
:104120003600002435000024380000243ABE0390F5
:10413000D00400242DE9F04104460E4617464FF006
:104140000008F4F793FA2820F4F75AFAF4F7D4FAAF
:104150002012F4F755FAF4F7CFFAE0B2F4F750FA78
:10416000F4F7CAFA00250BE0705DF4F749FAF4F7AA
:10417000C3FA8046B8F1000F00D003E0681CC5B256
:10418000BD42F1DB00BFF4F797FA4046BDE8F0818D
:104190002DE9F04106463746788E002802DC0020E3
:1041A000BDE8F0817D6A002409E0F96A31F8140065
:1041B000F2F72EFF08B10120F2E7601C84B255F837
:1041C000240050B155F8240005A1ECF7E9F920B11D
:1041D00055F8240000780028E7D10020E0E700002F
:1041E0000A00000001460020302905DB392903DCE4
:1041F000A1F13002D0B21CE0612902DBA1F1200262
:10420000D1B2A1F14102062A10D2DFE802F0030583
:1042100007090B0D0A200BE00B2009E00C2007E03A
:104220000D2005E00E2003E00F2001E0002000BF7C
:1042300000BF70472DE9F04105462C464FF4404140
:10424000606A06F0DBFE94F92E10A08D0122FEF7C5
:1042500007FC0746206B18B300261EE0206B30F8E1
:104260002600A18D884216D1206B00EB860090F9C4
:10427000021094F92E0081420DD1226B02EB8602CE
:1042800092F90320521E3A44D21D91B24FF40042DB
:10429000606A07F0ADFA701C86B2A08EB042DDDC19
:1042A000A08D218D884210D194F92E1094F92A0006
:1042B00081420AD194F92B20521E3A44D21D91B268
:1042C0004FF48042606A07F093FABDE8F081000085
:1042D00010B500BF00224FF400611148EDF746F918
:1042E00000BF00F01FF800BF012291020C48EDF75B
:1042F0003DF900BF00F016F800BF00224FF48061C6
:104300000748EDF733F900BF00F00CF800BF0122B9
:10431000D1020348EDF72AF900BF00F003F810BD01
:104320000004025810B50220EDF752F910BD00004C
:1043300000B587B000BF00BF1A48006840F0020017
:10434000184908600846006800F00200019000BFAC
:1043500000BF00BF00BF00BF0846006840F0020079
:1043600008600846006800F00200019000BF00BF2E
:1043700000BF4FF480600290112003900120049050
:104380000320059002A90848EDF7DCF84FF400601F
:10439000029002A90448EDF7D5F800F0B7F807B08D
:1043A00000BD0000E04402580004025810B500BFF0
:1043B0000122D1020C48EDF7D9F800BFFFF7B2FF98
:1043C00000BF012291020848EDF7D0F800BFFFF7C7
:1043D000A9FF00BF00224FF480610348EDF7C6F843
:1043E00000BFFFF79FFF10BD0004025870B50546DF
:1043F000002400261EE06006040E00BF0122910288
:104400001148EDF7B3F800BFFFF78CFF4FF40061E0
:104410000D48EDF7E2F808B1601CC4B200BF0022FD
:104420004FF480610848EDF7A1F800BFFFF77AFF6D
:10443000701CC6B2082EDEDB15B9FFF7B7FF01E02E
:10444000FFF746FF204670BD0004025870B50446D1
:10445000002526E000BFE00928B10122D10216485C
:10446000EDF784F805E000224FF400611248EDF703
:104470007DF800BFFFF756FF00BF012291020E48F2
:10448000EDF774F800BFFFF74DFF00BF00224FF4B7
:1044900080610948EDF76AF800BF6006040E681CE9
:1044A000C5B2082DD6DB00BF0122D1020248EDF7CC
:1044B0005DF800BF70BD00000004025810B500BFD9
:1044C0000122D1021048EDF751F800BF00BF0122D0
:1044D00091020D48EDF74AF800BFFFF723FF00BF38
:1044E00000224FF400610848EDF740F800BFFFF7E5
:1044F00019FF00BF00224FF480610348EDF736F842
:1045000000BFFFF70FFF10BD0004025810B500BF39
:1045100000224FF400610C48EDF728F800BFFFF7C8
:1045200001FF00BF012291020748EDF71FF800BF0D
:10453000FFF7F8FE00BF0122D1020348EDF716F89D
:1045400000BFFFF7EFFE10BD0004025870B5002455
:10455000002500BF0122D1021548EDF707F800BF82
:10456000FFF7E0FE00BF012291021148ECF7FEFFC9
:1045700000BFFFF7D7FE07E0601CC4B2FA2C03DDD2
:10458000FFF7C4FF012506E04FF400610848EDF78E
:1045900024F80028F0D100BF00BF00224FF4806152
:1045A0000348ECF7E3FF00BFFFF7BCFE284670BDF1
:1045B000000402582DE9F04104460D46606D18B91B
:1045C00000BF00BFBDE8F081606DA96830F92160CF
:1045D000606DA96800EB8100B0F90270A87B1A49F0
:1045E0000978884206D0A87B012801D100BF01E0EC
:1045F00000BF00BFA87B01280AD1B4F90C00B0426B
:1046000003D1B4F90E00B84202D0201D00F094FE90
:10461000201D00F00FFF00B1D4E726816781A87B41
:10462000012803D1201D00F027FD02E0201D00F02D
:1046300083FE201D00F0FEFE00B1C3E72189A181A9
:104640006189E18100BFBDE75401002470B50446D3
:1046500004214048006814F0D3FF20B13D49E06ACE
:104660000968884200D170BD3A48006813F0C6F965
:104670000546E06A18B1E06A13F0C0F900E00020D6
:104680000646B54224D14DB1324800680DF02EFDEA
:10469000204600F0CFFE002857D0E4E7E06A50B192
:1046A0002D49E06A0A680F210CF0A2FE204600F0B6
:1046B000C1FE00B1D7E728480E21026825480068EE
:1046C0000CF096FE204600F0B5FE00283DD0CAE76B
:1046D00066B9E06A50B12049E06A0A680F210CF01F
:1046E00087FE204600F0A6FEC8B1BCE7E06AB0B184
:1046F00056B91949E06A0A680F210CF079FE204684
:1047000000F098FE58B1AEE71349E06A0A6810213C
:104710000CF06EFE204600F08DFE00B1A3E745B11F
:104720000C4800680DF0E2FC204600F083FE60B10A
:1047300099E709480E210268064800680CF058FE07
:10474000204600F077FE00B18DE702480168E16283
:1047500000BF88E7500100244C0100242DE9F047F8
:1047600004460D46A87B012805D16079C0F3C0003E
:1047700008B1BDE8F0876079C0F3C00058B1607936
:1047800020F00801617100216164607920F001016D
:10479000617100212172277AA97B21726968E16029
:1047A000D4F85080B8F1000F00D1E2E740460DF098
:1047B00013FDED4908600846006800B9D9E7A87BF9
:1047C00008B10020A88140460DF006FDE6490860CA
:1047D0000846006800B9CCE7A87B012853D1002F18
:1047E00051D100BF00BF1AF0E2FB606468680A287C
:1047F00020D1DD48006815F0F3FA28B91021DA4815
:10480000006814F0FDFE08B1012000E0002006461B
:1048100040460DF0D9FC00B95EB9D44801210268C8
:10482000D14800680CF0E4FD201D00F003FE00B14B
:104830009FE74AE16868142804D1A889401E00B2A5
:10484000A88142E16868132804D1A889401C00B2FD
:10485000A8813AE168681B2810D11B2140460DF061
:1048600047FDC24820210268BF4800680CF0C0FD27
:10487000201D00F0DFFD0028DBD07AE740466968A4
:104880000DF036FD21E1A87B012870D1012FFCD16C
:10489000607900F00100B8BB606C1AF07BFB216806
:1048A000898B884244D9607920F00100401C6071F6
:1048B0001AF07DFBA06468680A2833D1AA48006812
:1048C00015F08EFA28B91021A748006814F098FE58
:1048D00008B1012000E000200646B6B140460DF0C8
:1048E00086FC01281DD900BF00BF40460DF06CFCBE
:1048F00080F00109494640460DF009FD20219A4803
:10490000006812F082FA0CE012E098480521026873
:10491000954800680CF06CFD201D00F08BFD00B187
:1049200027E700BF607920F00100401C6071CCE0F7
:10493000607900F0010000288BD0A06C1AF02AFBEF
:104940002168C98B884284D91AF031FBA064686859
:104950000A280DD1854806210268834800680CF0BA
:1049600047FD201D00F066FD00288BD001E719E00F
:104970006868142804D1A889401E00B2A881A4E068
:104980006868132804D1A889401C00B2A8819CE063
:10499000404669680DF0ACFC201D00F04BFD00287E
:1049A000C5D0E6E6A87B002870D1012F6ED100BFEC
:1049B00000BF68680A286BD16B48006815F010FAD0
:1049C00028B910216848006814F01AFE08B10120C7
:1049D00000E0002006463EBB6448082102686248A9
:1049E00000680CF005FD201D00F024FD00B1C0E6BC
:1049F000607900F0010030B95C48042102685A482F
:104A000000680CF0F5FC201D00F014FD00B1B0E6CC
:104A1000564807210268544800680CF0E9FC201D44
:104A200000F008FD88B3A4E640460DF0CDFB70B35E
:104A3000607900F0010020B140460DF0D8FB01285C
:104A40002CD84A4808210268474800680CF0D0FC7E
:104A5000201D00F0EFFC00B18BE644480421026801
:104A6000414800680CF0C4FC201D00F0E3FC00B1DC
:104A70007FE63E48072102683B4800680CF0B8FC1E
:104A8000201D00F0D7FC20B173E617E01DE00BE01D
:104A900015E00A2140460DF02BFC0FE020213248A2
:104AA000006812F0B2F909E0607900F0010028B95D
:104AB00000BF00BF012140460DF029FC00BF0021CE
:104AC0006164607920F0010161710020264908606D
:104AD000A88928B340460DF077FB10B300BF00BF94
:104AE000B5F90C0000280CDA002604E01421404639
:104AF0000DF0FEFB761CB5F90C004042B042F5DC2F
:104B00000EE0B5F90C0000280ADD002604E01321B0
:104B100040460DF0EDFB761CB5F90C00B042F6DC1A
:104B200020E000BF00BFB5F90C0000280BDA00261A
:104B300003E040460DF036FB761CB5F90C00404210
:104B4000B042F6DC0DE0B5F90C00002809DD0026C6
:104B500003E040460DF0BEFA761CB5F90C00B042F9
:104B6000F7DC00BF00BF04E6500100244C01002424
:104B700070B50446A06A00B170BD94F83D0000F025
:104B8000010000B1F8E7256A03E0284612F090FF23
:104B9000054635B14FF40041284614F031FD002898
:104BA000F3D105B9E8E7B4F91000002802DDB4F943
:104BB000100002E0B4F91000404248490968096851
:104BC000897E884212DAB4F91200002802DDB4F9B5
:104BD000120002E0B4F91200404240490968096835
:104BE000897E884202DA002121876187218F208A0D
:104BF000084401B22187618F608A084401B261874D
:104C0000B4F93800002802DDB4F9380002E0B4F944
:104C100038004042314909680968C97E88420FDC82
:104C2000B4F93A00002802DDB4F93A0002E0B4F920
:104C30003A004042294909680968C97E88424ADD2C
:104C4000012184F83D10B4F93800002802DDB4F9E0
:104C5000380002E0B4F938004042B4F93A100029B3
:104C600002DDB4F93A1002E0B4F93A104942884240
:104C700013DDB4F93800002807DD94F83C0020F07B
:104C8000F000203084F83C001AE094F83C0020F05A
:104C9000F000103084F83C0012E0B4F93A0000282B
:104CA00007DD94F83C0020F0F000803084F83C00F0
:104CB00006E094F83C0020F0F000403084F83C001E
:104CC00006480C21026828460CF092FB204600F0B2
:104CD000B1FB00B150E700BF4EE700004C010024DB
:104CE0002DE9F04104460D46A87B012805D16079E5
:104CF000C0F3C00008B1BDE8F0816079C0F3C00026
:104D000058B1607920F00801617100216164607917
:104D100020F00101617100212172276D07B9EAE7D6
:104D200038460DF059FA914908600846006800B904
:104D3000E1E7D4F80C806968E160267AA97B2172EA
:104D4000A87B012853D1002E51D100BF00BF1AF01B
:104D50002EF9606468680A2810D10A2138460DF0DF
:104D6000C7FA834801210268804800680CF040FBC4
:104D7000201D00F05FFB002838D0BCE768681B28C6
:104D800010D11B2138460DF0B3FA79482021026872
:104D9000764800680CF02CFB201D00F04BFB00282F
:104DA000EAD0A8E7686809280CD1002138460DF040
:104DB000AEFA38460DF08EF9201D00F03BFB0028BE
:104DC000DAD098E768680B280CD1002138460DF03E
:104DD0009EFA38460DF0E6F9201D00F02BFB002866
:104DE000CAD088E7384669680DF082FAB8E0A87B37
:104DF00001287BD1012E79D168680A280BD15C4843
:104E000002210268594800680CF0F2FA201D00F0F7
:104E100011FB00B16FE7607900F00100F0B9606C40
:104E20001AF0B8F82168898B884217D9607920F088
:104E30000100401C607168680A28D7D11AF0B7F8E1
:104E4000A0644B4805210268484800680CF0D0FA7D
:104E5000201D00F0EFFA0028C8D04CE7607900F080
:104E6000010000287CD0A06C1AF094F82168C98B4E
:104E7000884275D91AF09BF8A06468680A280CD19A
:104E80003B4806210268394800680CF0B1FA201D41
:104E900000F0D0FA002863D02DE7686809280CD10B
:104EA000002138460DF033FA38460DF013F9201D75
:104EB00000F0C0FA002853D01DE768680B280CD119
:104EC000002138460DF023FA38460DF06BF9201D0D
:104ED00000F0B0FA88B30EE708E0384669680DF0D4
:104EE00007FA201D00F0A6FA38B304E7A87B20BB20
:104EF000012E35D100BF00BFC5F8048068680A28BC
:104F000028D11B4808210268184800680CF070FA84
:104F1000201D00F08FFA00B1EDE6607900F001008D
:104F200060B9134804210268104800680CF060FA68
:104F3000201D00F07FFA08B1DDE611E00C480721E2
:104F400002680A4800680CF053FA201D00F072FA5B
:104F500000B1D0E600216164607920F00101617147
:104F600000200249086000BFC5E60000500100248F
:104F70004C01002470B505460C4628680669218856
:104F80002982618869823068007CC0F301100228A0
:104F900005D03068007CC0F3011003280DD13068C3
:104FA00000882188401A401E00B220803068408866
:104FB0006188401A401E00B260803068007CC0F3F7
:104FC0000110012805D03068007CC0F301100328CF
:104FD0000AD1B4F902002188618031684988091A30
:104FE000491E09B2218000BFB4F90000002801DA8F
:104FF00000BF00BF2968086908F03EFDB4F9001041
:10500000884201DC00BF00BFB4F90200002801DAC9
:1050100000BF00BF2968086908F094FDB4F90210C8
:10502000884201DC00BF00BFE86C90B1B5F90C000C
:10503000B4F90010884205D1B5F90E00B4F9021098
:10504000884206D0B4F90220B4F90010E86C16F0DA
:1050500082F821882981618869812879012803D112
:10506000281D00F009F802E0281D00F065F92989E3
:10507000A9816989E98170BD2DE9F041044600BF2D
:1050800000BFAB49206A08606078C0F3C00008B177
:10509000BDE8F081A7480068006805690026A448BB
:1050A000006810BB284608F002FD0746211D0EF0DF
:1050B000C4FC9F4908600846006840B9284608F0CB
:1050C00003FD0746211D0EF0B8FC99490860984879
:1050D000006840B9284608F013FD0746211D0EF070
:1050E000ACFC9349086001262AE0A06A40BB4FF45B
:1050F00000518F48006814F083FA08BB284608F076
:10510000D6FC0746211D0EF098FC89490860084628
:10511000006840B9284608F0D7FC0746211D0EF06C
:105120008CFC834908608248006840B9284608F032
:10513000E7FC0746211D0EF080FC7D490860012632
:1051400066B1606A50B10021218361832046EFF788
:105150002EFE204600F06EF900B199E77449206AEE
:105160000968884254D0A1882181E1886181206A40
:1051700060B1276A6F480321026838460CF038F99D
:10518000204600F057F900B182E700BF6848016887
:105190002162016861620068002839D019F007FFB8
:1051A0002064607820F0010060700021A182E1821B
:1051B00094F83C0020F00F0184F83C1094F83C0077
:1051C00020F0F00184F83C10002184F83D10218784
:1051D0006187218261825748012102685448006832
:1051E0000CF006F9204600F025F900B150E75148CF
:1051F00000684079C0F3C00000B149E74D4800683D
:10520000001DFFF723FA204600F014F900B13FE734
:10521000A1882089081A01B22182E1886089081AD0
:1052200001B26182B4F9180040F35C002083B4F944
:105230001A0040F35C016183218BB4F910008000F7
:1052400001EBE00001B22183618BB4F91200800010
:1052500001EBE00001B26183A169E16134480068BB
:10526000002863D0334802210268314800680CF0FE
:10527000BFF8204600F0DEF800B109E72D480068CD
:105280004079C0F3C00000B102E72046EFF7F4FC1C
:10529000204600F0CFF800B1FAE62046FFF768FCA0
:1052A000204600F0C7F800B1F2E6A06A00BB6078C3
:1052B00000F00100E0B9206C19F06CFE1D4909688E
:1052C0000968898B884213D91A4805210268184851
:1052D00000680CF08DF8204600F0ACF800B1D7E67D
:1052E000607820F00100401C607019F060FE60647E
:1052F000A06AD8B9607800F00100B8B1606C19F00C
:1053000049FE0C4909680968C98B88420ED90948C9
:1053100006210268064800680CF06AF8204600F092
:1053200089F800B1B4E619F042FE606400BFAFE650
:10533000500100244C01002470B504466078C0F38D
:10534000C00048B1002121626162002020646064D5
:10535000607820F0080060702049206A0860A56A23
:105360000846006878B300BF00BF1D4808210268E6
:105370001A4800680CF03CF8204600F05BF800B1D9
:1053800070BDDDB9607800F0010058B914480421FF
:105390000268124800680CF02BF8204600F04AF82A
:1053A00000B1EDE70E48072102680C4800680CF0D8
:1053B0001FF8204600F03EF800B1E1E7002121622D
:1053C0000020206460643DB12046EFF7F0FC2046E9
:1053D00000F030F800B1D3E700BFD1E7500100245E
:1053E0004C0100244179C1F3400100291ED0002264
:1053F00042628262C262417921F00102427100225E
:10540000426482640283428390F8401021F00F02CC
:1054100080F8402000228283C2838287C28741793C
:1054200021F0020242710021014A11607047000020
:105430005001002401464878C0F3400010B100201C
:10544000024A10604878C0F34000704750010024C1
:105450002DE9FE4F0646344694F82A0000F001007C
:1054600000284AD0A08C072190FBF1F085B2E08C97
:1054700090FBF5F105FB1100E084E08C032101FBBA
:105480000500E084E08C90FBF5F105FB1100208520
:10549000208D032101FB050020850021304613F0FB
:1054A00010FF02900021304613F07DFF81460298E4
:1054B0000CF038FA0746304612F016FA80463046AD
:1054C000FDF7DDFD0190E08C07EB090148430FFA81
:1054D00080FA414608EBD1725210384607EBD07380
:1054E000A2EB63020FFA82FBABEB0A0000B2009062
:1054F000DDE9001016F0A2F800BFBDE8FE8F000045
:10550000F8B50446A56A8021284614F079F850B908
:1055100041F6FF70034642421146009004F130000C
:1055200005F0A0FAA7E0284612F058FC012804D0A4
:10553000022816D0032843D125E0E88A401C01B296
:10554000002341F6FF722846FCF79AFA6086E88A43
:10555000401E02B2002352492846FCF791FAE08629
:1055600035E0B5F91A10002341F6FF722846FCF722
:1055700087FA6086B5F91A20002349492846FCF7C6
:105580007FFAE08623E005F1140005F05FF9074695
:1055900000EBD7704110E88A084406B2002341F6B8
:1055A000FF72701C01B22846FCF76AFA6086701E12
:1055B00002B200233A492846FCF762FAE08606E088
:1055C0004EF20101618641F6FF71E18600BF00BF26
:1055D000284612F0F9FB012804D0022814D0032831
:1055E00041D123E0B5F91410002341F6FF7228469B
:1055F000FCF7ACF92086B5F9142000232849284689
:10560000FCF7A4F9A08635E0B5F91810002341F69F
:10561000FF722846FCF79AF92086B5F91820002376
:105620001F492846FCF792F9A08623E005F11400F3
:1056300005F07FF9074600EBD770A98A01EB6000FF
:1056400006B2002341F6FF72701C01B22846FCF737
:105650007DF92086701E02B2002311492846FCF70E
:1056600075F9A08606E04EF20101218641F6FF7130
:10567000A18600BF00BF208E10B94EF20101218625
:10568000A08E10B941F6FF71A186608E10B94EF25E
:1056900001016186E08E10B941F6FF71E186F8BD27
:1056A00001E0FFFF2DE9F04704460D4616461F4670
:1056B00004F1400000EBC61050F8278000BFB8F19D
:1056C000000F03D100BF00BF00BFFEE700BF00BF57
:1056D0001DB900BF00BF00BFFEE700BFC5F80880CE
:1056E000EC60C8F80C5000BF2846F1F7CEFB8246AC
:1056F0002846F1F7CAFB81460421F0F776FE824581
:1057000003D000BF00BF00BFFEE700BF04F14000B0
:1057100000EBC61040F827500121B1402069084332
:10572000206104F1140050F826000121B94008431B
:1057300004F1140141F82600BDE8F08770B5054674
:105740000C4600200F49086022461D2128460BF018
:105750004FFE0C48006890B10A480068007808B90C
:10576000002070BD214607480068EAF719FF30B1F4
:1057700004480168284618F0C5FE0020F1E7012022
:10578000EFE70000280300242DE9F04F89B006461A
:105790000C4615461F4600BF00BF304614F066FB9E
:1057A00010B909B0BDE8F08FB046AC4200D1F8E7BF
:1057B000B4F5B47F02DDA4F5B47084B2B5F5B47F5E
:1057C00002DDA5F5B47085B2B8F82400204484B297
:1057D000B8F82400284485B2B4F5B47F02DDA4F5FE
:1057E000B47084B2B5F5B47F02DDA5F5B47085B2AE
:1057F00008AA07A93046FDF7BAF83946304612F034
:10580000B1FF8146B246BB4651225946504613F07D
:1058100073FC0390039808B1012000E0002006907B
:1058200004A9069808B1012000E00020CDE9005944
:10583000CDE90201BDF820309AB2BDF91E10BDF9C4
:105840001C00234608F0E3F904A9304614F0AFFA2F
:1058500000BFA6E71FB5044602AA03A92046FDF72C
:1058600086F86B46BDF9082003A92046FDF764FBC6
:105870006946204614F09BFA1FBD2DE9FF4781467B
:105880000C464FF6FF70844201D1BDE8FF874E46BB
:10589000308EA04200DCF8E7B06A00EBC40102A839
:1058A00004F0B0FF6946484612F05CF80021484613
:1058B00013F05FFB07460021484613F0E1F98046EC
:1058C000484612F05BF8824608F0C4F805460A2103
:1058D00095FBF1F0B84201DA384602E00A2095FB68
:1058E000F0F007B20A2095FBF0F0404501DA40469F
:1058F00002E00A2095FBF0F00FFA80F8BDF80800EE
:10590000BDF80010C91B084400B2ADF80800BDF88E
:105910000A00BDF80210A1EB0801084400B2ADF87E
:105920000A00BDF80C00BDF800103944084400B26C
:10593000ADF80C00BDF80E00BDF80210414408445B
:1059400000B2ADF80E00B08EA0420ED1F06A30F871
:10595000140000F4007040B102A804F0C4FFBDF8C8
:105960000A10081A00B2ADF80A0002A9484614F05D
:105970001EFA00BF89E71CB5044621466846FDF7BC
:105980008BFA6946204614F012FA1CBD2DE9F04F3F
:1059900087B005460E462C46B4F88200B04202DCC1
:1059A00007B0BDE8F08F284611F0BDFFB4F88410B1
:1059B0004843001207B2284612F020F9824694F8B4
:1059C0008800C0F3C00018B9284614F0B6F9E7E71C
:1059D00094F8880000F0070001287CD100212846B7
:1059E00012F075FF06900021284613F08AF9059001
:1059F000A98A0598014406980844A0EB0A000FFA0A
:105A000080FB4FF4A020029040F6490228460299FC
:105A100013F072FB0190019800B280464FF4003100
:105A2000284613F042FD814600BFA88AADF80C005D
:105A3000E88AADF80E00288BADF81000688BADF841
:105A4000120000BFBDF80E0008EB0901401A00B2B9
:105A5000ADF80E00BDF8120008EB0901084400B2D1
:105A6000ADF81200B4F88200401EB0421FDD07FB03
:105A700006F0B4F88210491E90FBF1F05844A0EBF8
:105A80000800A0EB090000B2ADF80C00701C7843D0
:105A9000B4F88210491E90FBF1F058444044484449
:105AA00000B2ADF8100003A9284614F080F9002ECA
:105AB00021DD701E7843B4F88210491E90FBF1F08E
:105AC0005844A0EB0800A0EB090000B2ADF80C00B0
:105AD00007FB06F000E00FE0B4F88210491E90FBCF
:105AE000F1F058444044484400B2ADF8100003A916
:105AF000284614F05CF94BE094F8880000F00700A9
:105B0000022838D10021284613F093F8B4F8841005
:105B100048434FEA202807EB0800B4F8821090FBB6
:105B2000F1F00FFA80F909FB06F00FFA80FB002173
:105B3000284613F0E6F8A98A084458440FFA80FB77
:105B400005A9284611F00EFFABEB0A0000B2ADF834
:105B50001400BDF81400484400B2ADF81800BDF8B8
:105B60001400A0EB080000B2ADF8140005A9284607
:105B700014F01DF90CE094F8880000F007000328E9
:105B800003D1284614F0D9F802E0284614F0D5F8DD
:105B900000BF05E7014601F0030070B96420B1FBC6
:105BA000F0F200FB121030B94FF4C870B1FBF0F204
:105BB00000FB121008B9012070470020FCE700002C
:105BC0002DE9F74F94B004460D46F249204613F0F4
:105BD00022FD10B117B0BDE8F08F2046FCF730FF72
:105BE00013902046FDF7C6FD1290129808B1139845
:105BF00000B9EFE72046FCF713FF06462046FDF705
:105C0000A9FD074600BF00200390E3480288204614
:105C1000039913F071FA02900298C0B2119000BF7C
:105C200000200390DD4802882046039913F064FAAF
:105C300002900298C0B21090286830F916100F91A7
:105C4000296813983044401E31F81010AA68139840
:105C50003044401E32F81000084400B20E90DDE9D6
:105C60000E01401A00B20D90686830F917100C91BF
:105C7000696812983844401E31F81010EA6812988A
:105C80003844401E32F81000084400B20B90DDE9A1
:105C90000B01401A00B20A900021204612F0A3FD29
:105CA000012809D1119810B90220119004E011982F
:105CB000022801D10020119000BF208BA18A401A38
:105CC000401C00B2099000BF608BE18A401A401C62
:105CD00000B20890119830B1012818D0022827D0BE
:105CE000032808D000BF286830F916A0608C20F483
:105CF000806060842CE0286830F916A00D98099027
:105D0000608C20F4806000F58060608420E0296869
:105D100031F81630099A0D99881A00EBD07103EB0F
:105D200061010FFA81FA608C20F4806060840FE0DA
:105D3000204613F008FC296831F816200D9911440B
:105D4000081A0FFA80FA608C20F48060608400BF2B
:105D500000BF109830B1012818D0022827D003289E
:105D600008D000BF686830F917B0608C20F400706C
:105D700060842CE0686830F917B00A980890608C4D
:105D800020F4007000F50070608420E0696831F84C
:105D90001730089A0A99881A00EBD07103EB610159
:105DA0000FFA81FB608C20F4007060840FE02046C5
:105DB00011F02EFE696831F817200A991144081A6B
:105DC0000FFA80FB608C20F40070608400BF00BF7D
:105DD000204613F0B8FB0999884205D1204611F0FE
:105DE00017FE089988422BD000BFA08AADF80800A2
:105DF000E08AADF80A00208BADF80C00608BADF89E
:105E00000E0000BF204613F098FF04F1140009991A
:105E100004F035FE04F11400089904F02AFE20462F
:105E200013F08BFF02AA292120460BF0E1FA20464D
:105E300011F03EFE2246222101900BF0D9FA00BF5C
:105E40000020039043F20C022046039913F054F90A
:105E5000029002980FFA80F800BF0020039043F2EE
:105E60000D022046039913F047F9029002980FFAA9
:105E700080F900BF204613F066FB0790204611F022
:105E8000C7FD069008F4C040B0F5005F01D10120C5
:105E900000E0002030B128F4C040B0F5FA6F01DC1A
:105EA000012000E0002090B128F4C040B0F57A7FD6
:105EB00004DD28F4C040C0F57A7001E028F4C04049
:105EC00007994843642190FBF1F00FFA80F809F438
:105ED000C040B0F5005F01D1012000E0002030B1EA
:105EE00029F4C040B0F5FA6F01DC012000E0002089
:105EF00090B129F4C040B0F57A7F04DD29F4C040A8
:105F0000C0F57A7001E029F4C04006994843642145
:105F100090FBF1F00FFA80F90AEB08000FFA80FA13
:105F20000BEB09000FFA80FB169800895044A18AF8
:105F3000401A00B205901698408900EB0B01E08AE8
:105F4000081A00B20490059808B90498F8B12046E0
:105F500013F0F3FEA18A0598084400B2A082218BB9
:105F60000598084401B22183E18A0498084401B2EB
:105F7000E182618B0498084401B26183204613F0EA
:105F8000DCFE01232046DDE9042113F0B3FF00BF4E
:105F900020E6000001000600840200248A0200249A
:105FA0002DE9F04106460F46154600201AF066FC22
:105FB00004460DE039462046B047012804D105B11A
:105FC0002C600120BDE8F08120461AF057FC044601
:105FD00024B1606820F040400028EBD10020F1E7B8
:105FE00030B5024614460B4620881D88A84203D0CF
:105FF00020881D88401B30BD60885D88401BFAE703
:1060000030B5024614460B4620781D78A84203D0CE
:1060100020781D78401B30BD60785D78401BFAE722
:1060200000B587B000BF00BF2548006840F0010000
:10603000234908600846006800F00100019000BF95
:1060400000BF00BF00BF00BF0846006840F001006D
:1060500008600846006800F00100019000BF00BF22
:1060600000BF00BF00BF0846006840F001000860A4
:106070000846006800F00100019000BF00BF00BFAB
:10608000022002900020039001200490032005903C
:1060900002A90C48EBF756FA4FF400400290012099
:1060A000049002A90748EBF74DFA01200290022064
:1060B000049002A90348EBF745FA07B000BD0000C1
:1060C000E04402580000025870B50446002514B19F
:1060D0000120234908702248007858B30221214842
:1060E000EBF77BFA58B14FF400411E48EBF775FA15
:1060F00028B101211B48EBF770FA01281AD10A20B8
:10610000EBF739FA00201649087002211548EBF721
:1061100064FA00B901254FF400411248EBF75DFA2B
:1061200000B9022501210F48EBF757FA012815D1D4
:10613000032513E002210B48EBF74FFA01280DD19C
:10614000C1030848EBF749FA012807D101210548A6
:10615000EBF743FA10B9012001490870284670BDD9
:10616000290000240000025870B505460C4626465A
:10617000686820F040403168884204D12846FCF726
:10618000D3F8012070BD0020FCE72DE9F041054661
:1061900028460BF0C6F8044628460BF023F90746BC
:1061A000384611F085FC06462A2C01D0292C09D14D
:1061B000002138460EF0D2FE30461BF037FA30464A
:1061C0001CF08CFBBDE8F0812DE9F041044620462F
:1061D00011F027FB0746002607E0A068006850F88A
:1061E00026502846FFF7F0FF761CBE42F5D394F800
:1061F000220000F0010008B9BDE8F081608C20F0B9
:1062000001006084204614F072F9204613F0FEFF6E
:10621000D7B10021204612F0EEFB05469DB10B4898
:10622000006885420FD8681E0949096801EBC00063
:10623000D0F80480681E0649096851F830204146AC
:106240002046904700BF00BF00BFD5E76001002493
:10625000B802002470B50446002609480588408825
:1062600045430021084602F089FE03F0E5F800BF2F
:1062700002E004480480761CAE42FAD370BD0000F0
:10628000D00400240000106010B504464948847111
:10629000002C45D1F020474908804FF4A070488079
:1062A0000846808845F21051884210D14FF4305092
:1062B000404908814FF4285048814FF42C50888180
:1062C0004FF4F07008804FF4487048801AE0394865
:1062D000808841F6631188420DD12C203549088110
:1062E0002B2048812A2088814FF4F07008804FF4D9
:1062F0004870488006E02C202E4908812A204881D9
:106300002B2088812B48808845F2103188424CD15F
:106310004FF4A070274908804FF4F070488044E0A3
:106320004FF4A07023490880F020488008468088F8
:1063300045F21051884210D14FF430501D49088168
:106340004FF4285048814FF42C5088814FF4487006
:1063500008804FF4F07048801AE01648808841F6B3
:10636000631188420DD12C20124908812A204881CE
:106370002B2088814FF4487008804FF4F0704880DB
:1063800006E02C200B4908812A2048812B20888197
:106390000848808845F21031884206D14FF4F070E9
:1063A000044908804FF4A0704880002002F0CEFC21
:1063B00010BD0000D00400242DE9F04706460F462A
:1063C00090469A46002445460320A0EB480944E045
:1063D0007A1B91B2321990B2524600F0C1F83A1BC2
:1063E00091B2721990B2524600F0BAF83A1991B2CD
:1063F000721990B2524600F0B3F87A1991B232197C
:1064000090B2524600F0ACF87A1991B2321B90B2B9
:10641000524600F0A5F83A1991B2721B90B252465A
:1064200000F09EF87A1B91B2321B90B2524600F0F7
:1064300097F83A1B91B2721B90B2524600F090F856
:10644000641CB9F1000F03DAA000801D814404E050
:10645000601B80000A3081446D1EAC42B8DDBDE88F
:10646000F0872DE9F84F04460D4617469846DDF8AB
:1064700028B0381B401C1FFA80F9A8EB0500401C0F
:106480001FFA80FAA9B2A0B253464A4602F006FEAD
:1064900009FB0AF0009002F0CFFF002604E03BF871
:1064A000160002F0B1FF761C00988642F7D3BDE8D3
:1064B000F88F2DE9FF4F84B081468A460020029074
:1064C00083460698A0EB09050798A0EB0A06CDF8CD
:1064D0000490CDF800A0002D01DD012705E00DB9E5
:1064E000002702E04FF0FF376D42002E02DD4FF033
:1064F000010806E016B94FF0000802E04FF0FF383F
:106500007642B54201DD2C4600E03446002003907F
:106510001EE0009A91B2019A90B2119A00F020F810
:10652000029828440290B3440298A04205DD0298E4
:10653000001B0290019838440190A34504DDABEBA9
:10654000040B0098404400900398401C80B20390D4
:10655000611C03988842DCDD08B0BDE8F08F0000C4
:1065600070B505460E4614463146284602F006FD33
:1065700002F062FF01490C8070BD00000000106055
:1065800010B5CF2002F04CFF002002F03DFFC120EB
:1065900002F03AFF302002F037FFED2002F040FF1A
:1065A000642002F031FF032002F02EFF122002F0DF
:1065B0002BFF812002F028FFE82002F031FF852028
:1065C00002F022FF102002F01FFF7A2002F01CFFD1
:1065D000CB2002F025FF392002F016FF2C2002F01C
:1065E00013FF002002F010FF342002F00DFF022004
:1065F00002F00AFFF72002F013FF202002F004FF50
:10660000EA2002F00DFF002002F0FEFE002002F062
:10661000FBFEC02002F004FF1B2002F0F5FEC120AB
:1066200002F0FEFE012002F0EFFEC52002F0F8FEAF
:10663000302002F0E9FE302002F0E6FEC72002F032
:10664000EFFEB72002F0E0FE362002F0E9FE48201F
:1066500002F0DAFE3A2002F0E3FE552002F0D4FE0A
:10666000B12002F0DDFE002002F0CEFE1A2002F082
:10667000CBFEB62002F0D4FE0A2002F0C5FEA22016
:1066800002F0C2FEF22002F0CBFE002002F0BCFEBF
:10669000262002F0C5FE012002F0B6FEE02002F046
:1066A000BFFE0F2002F0B0FE2A2002F0ADFE28202F
:1066B00002F0AAFE082002F0A7FE0E2002F0A4FEBF
:1066C000082002F0A1FE542002F09EFEA92002F054
:1066D0009BFE432002F098FE0A2002F095FE0F2058
:1066E00002F092FE002002F08FFE002002F08CFEED
:1066F000002002F089FE002002F086FEE12002F078
:106700008FFE002002F080FE152002F07DFE172093
:1067100002F07AFE072002F077FE112002F074FEEC
:10672000062002F071FE2B2002F06EFE562002F0D1
:106730006BFE3C2002F068FE052002F065FE102092
:1067400002F062FE0F2002F05FFE3F2002F05CFECE
:106750003F2002F059FE0F2002F056FE2B2002F0DF
:106760005FFE002002F050FE002002F04DFE0120EE
:1067700002F04AFE3F2002F047FE2A2002F050FEBF
:10678000002002F041FE002002F03EFE002002F058
:106790003BFEEF2002F038FE112002F041FE78208F
:1067A000EAF7E9FE292002F03BFE10BD10B5ED200E
:1067B00002F036FE012002F027FEFE2002F024FE49
:1067C000EE2002F02DFEDE2002F01EFE212002F05F
:1067D0001BFEF12002F024FE012002F015FEDF2056
:1067E00002F01EFE102002F00FFEC42002F018FE80
:1067F0008F2002F009FEC62002F012FE002002F0F7
:1068000003FEE22002F000FEE22002F0FDFDE220A5
:1068100002F0FAFDBF2002F003FEAA2002F0F4FD10
:10682000B02002F0FDFD0D2002F0EEFD002002F090
:10683000EBFD0D2002F0E8FD002002F0E5FD112047
:1068400002F0E2FD002002F0DFFD192002F0DCFD85
:10685000002002F0D9FD212002F0D6FD002002F038
:10686000D3FD2D2002F0D0FD002002F0CDFD3D2013
:1068700002F0CAFD002002F0C7FD5D2002F0C4FD59
:10688000002002F0C1FD5D2002F0BEFD002002F0FC
:10689000BBFDB12002F0C4FD802002F0B5FD002058
:1068A00002F0B2FD8B2002F0AFFD002002F0ACFD43
:1068B000962002F0A9FD002002F0A6FDB22002F011
:1068C000AFFD002002F0A0FD002002F09DFD02209F
:1068D00002F09AFD002002F097FD032002F094FDE3
:1068E000002002F091FDB32002F09AFD002002F09A
:1068F0008BFD002002F088FD002002F085FD0020C5
:1069000002F082FD002002F07FFD002002F07CFDFD
:10691000002002F079FD002002F076FD002002F058
:1069200073FD002002F070FD002002F06DFD0020DC
:1069300002F06AFD002002F067FD002002F064FD15
:10694000002002F061FD002002F05EFD002002F058
:106950005BFD002002F058FD002002F055FD0020F4
:1069600002F052FD002002F04FFD002002F04CFD2D
:10697000002002F049FD002002F046FDB42002F0A4
:106980004FFD8B2002F040FD002002F03DFD9620DF
:1069900002F03AFD002002F037FDA12002F034FDA4
:1069A000002002F031FDB52002F03AFD022002F095
:1069B0002BFD002002F028FD032002F025FD002021
:1069C00002F022FD042002F01FFD002002F01CFD59
:1069D000B62002F025FD002002F016FD002002F096
:1069E00013FDB72002F01CFD002002F00DFD002079
:1069F00002F00AFD3F2002F007FD002002F004FD36
:106A00005E2002F001FD002002F0FEFC642002F096
:106A1000FBFC002002F0F8FC8C2002F0F5FC0020CA
:106A200002F0F2FCAC2002F0EFFC002002F0ECFCE3
:106A3000DC2002F0E9FC002002F0E6FC702002F00D
:106A4000E3FC002002F0E0FC902002F0DDFC0020DE
:106A500002F0DAFCEB2002F0D7FC002002F0D4FCBC
:106A6000DC2002F0D1FC002002F0CEFCB82002F0C5
:106A7000D7FC002002F0C8FC002002F0C5FC00207A
:106A800002F0C2FC002002F0BFFC002002F0BCFCBF
:106A9000002002F0B9FC002002F0B6FC002002F059
:106AA000B3FCBA2002F0BCFC242002F0ADFC0020B4
:106AB00002F0AAFC002002F0A7FC002002F0A4FCD7
:106AC000C12002F0ADFC202002F09EFC002002F06C
:106AD0009BFC542002F098FC002002F095FCFF2063
:106AE00002F092FC002002F08FFCC22002F098FC21
:106AF0000A2002F089FC002002F086FC042002F04B
:106B000083FC002002F080FCC32002F089FC3C20C2
:106B100002F07AFC002002F077FC3A2002F074FCCC
:106B2000002002F071FC392002F06EFC002002F01F
:106B30006BFC372002F068FC002002F065FC3C2072
:106B400002F062FC002002F05FFC362002F05CFCE8
:106B5000002002F059FC322002F056FC002002F026
:106B600053FC2F2002F050FC002002F04DFC2C20A2
:106B700002F04AFC002002F047FC292002F044FC0D
:106B8000002002F041FC262002F03EFC002002F032
:106B90003BFC242002F038FC002002F035FC2420CD
:106BA00002F032FC002002F02FFC232002F02CFC2B
:106BB000002002F029FC3C2002F026FC002002F01C
:106BC00023FC362002F020FC002002F01DFC3220C5
:106BD00002F01AFC002002F017FC2F2002F014FC37
:106BE000002002F011FC2C2002F00EFC002002F02C
:106BF0000BFC292002F008FC002002F005FC2620F6
:106C000002F002FC002002F0FFFB242002F0FCFB5B
:106C1000002002F0F9FB242002F0F6FB002002F035
:106C2000F3FB232002F0F0FB002002F0EDFBC42078
:106C300002F0F6FB622002F0E7FB002002F0E4FB2A
:106C4000052002F0E1FB002002F0DEFB842002F0D0
:106C5000DBFB002002F0D8FBF02002F0D5FB002087
:106C600002F0D2FB182002F0CFFB002002F0CCFB98
:106C7000A42002F0C9FB002002F0C6FB182002F09D
:106C8000C3FB002002F0C0FB502002F0BDFB00203F
:106C900002F0BAFB0C2002F0B7FB002002F0B4FBBC
:106CA000172002F0B1FB002002F0AEFB952002F0AD
:106CB000ABFB002002F0A8FBF32002F0A5FB0020B4
:106CC00002F0A2FBE62002F09FFB002002F09CFBFA
:106CD000C52002F0A5FB322002F096FB002002F056
:106CE00093FB442002F090FB002002F08DFB652016
:106CF00002F08AFB002002F087FB762002F084FB82
:106D0000002002F081FB882002F07EFB002002F0D0
:106D10007BFBC62002F084FB202002F075FB0020E4
:106D200002F072FB172002F06FFB002002F06CFBF8
:106D3000012002F069FB002002F066FBC72002F090
:106D40006FFB002002F060FB002002F05DFB0020E2
:106D500002F05AFB002002F057FBC82002F060FB53
:106D6000002002F051FB002002F04EFB002002F058
:106D70004BFB002002F048FBC92002F051FB002031
:106D800002F042FB002002F03FFB002002F03CFB3F
:106D9000002002F039FB002002F036FB002002F058
:106DA00033FB002002F030FB002002F02DFB00201E
:106DB00002F02AFB002002F027FB002002F024FB57
:106DC000002002F021FB002002F01EFB002002F058
:106DD0001BFB002002F018FB002002F015FBE02056
:106DE00002F01EFB162002F00FFB002002F00CFB4D
:106DF0001C2002F009FB002002F006FB212002F01B
:106E000003FB002002F000FB362002F0FDFA002018
:106E100002F0FAFA462002F0F7FA002002F0F4FA43
:106E2000522002F0F1FA002002F0EEFA642002F0A3
:106E3000EBFA002002F0E8FA7A2002F0E5FA0020EE
:106E400002F0E2FA8B2002F0DFFA002002F0DCFA16
:106E5000992002F0D9FA002002F0D6FAA82002F018
:106E6000D3FA002002F0D0FAB92002F0CDFA0020C7
:106E700002F0CAFAC42002F0C7FA002002F0C4FAF5
:106E8000CA2002F0C1FA002002F0BEFAD22002F0BD
:106E9000BBFA002002F0B8FAD92002F0B5FA0020BF
:106EA00002F0B2FAE02002F0AFFA002002F0ACFAF1
:106EB000F32002F0A9FA002002F0A6FAE12002F085
:106EC000AFFA162002F0A0FA002002F09DFA1C2072
:106ED00002F09AFA002002F097FA222002F094FAC7
:106EE000002002F091FA362002F08EFA002002F023
:106EF0008BFA452002F088FA002002F085FA522031
:106F000002F082FA002002F07FFA642002F07CFA9C
:106F1000002002F079FA7A2002F076FA002002F0DE
:106F200073FA8B2002F070FA002002F06DFA9920BB
:106F300002F06AFA002002F067FAA82002F064FA70
:106F4000002002F061FAB92002F05EFA002002F09F
:106F50005BFAC42002F058FA002002F055FACA2069
:106F600002F052FA002002F04FFAD22002F04CFA5E
:106F7000002002F049FAD82002F046FA002002F080
:106F800043FAE02002F040FA002002F03DFAF3203C
:106F900002F03AFA002002F037FAE22002F040FA5A
:106FA000052002F031FA002002F02EFA0B2002F048
:106FB0002BFA002002F028FA1B2002F025FA00200C
:106FC00002F022FA342002F01FFA002002F01CFA2C
:106FD000442002F019FA002002F016FA4F2002F0C5
:106FE00013FA002002F010FA612002F00DFA0020DE
:106FF00002F00AFA792002F007FA002002F004FAFF
:10700000882002F001FA002002F0FEF9972002F039
:10701000FBF9002002F0F8F9A62002F0F5F90020B3
:1070200002F0F2F9B72002F0EFF9002002F0ECF9DB
:10703000C22002F0E9F9002002F0E6F9C72002F0D0
:10704000E3F9002002F0E0F9D12002F0DDF90020A0
:1070500002F0DAF9D62002F0D7F9002002F0D4F9D4
:10706000DD2002F0D1F9002002F0CEF9F32002F089
:10707000CBF9002002F0C8F9E32002F0D1F9052095
:1070800002F0C2F9002002F0BFF90A2002F0BCF9B8
:10709000002002F0B9F91C2002F0B6F9002002F03D
:1070A000B3F9332002F0B0F9002002F0ADF944202A
:1070B00002F0AAF9002002F0A7F9502002F0A4F98A
:1070C000002002F0A1F9622002F09EF9002002F0F7
:1070D0009BF9782002F098F9002002F095F98820B9
:1070E00002F092F9002002F08FF9972002F08CF95B
:1070F000002002F089F9A62002F086F9002002F0B3
:1071000083F9B72002F080F9002002F07DF9C22057
:1071100002F07AF9002002F077F9C72002F074F942
:10712000002002F071F9D12002F06EF9002002F087
:107130006BF9D52002F068F9002002F065F9DD2036
:1071400002F062F9002002F05FF9F32002F05CF92E
:10715000002002F059F9E42002F062F9012002F067
:1071600053F9002002F050F9012002F04DF90020FF
:1071700002F04AF9022002F047F9002002F044F937
:107180002A2002F041F9002002F03EF93C2002F0F2
:107190003BF9002002F038F94B2002F035F90020CD
:1071A00002F032F95D2002F02FF9002002F02CF9F4
:1071B000742002F029F9002002F026F9842002F060
:1071C00023F9002002F020F9932002F01DF900209D
:1071D00002F01AF9A22002F017F9002002F014F9C7
:1071E000B32002F011F9002002F00EF9BE2002F0E7
:1071F0000BF9002002F008F9C42002F005F9002084
:1072000002F002F9CD2002F0FFF8002002F0FCF8B5
:10721000D32002F0F9F8002002F0F6F8DD2002F0A9
:10722000F3F8002002F0F0F8F32002F0EDF800206F
:1072300002F0EAF8E52002F0F3F8002002F0E4F8AA
:10724000002002F0E1F8002002F0DEF8002002F059
:10725000DBF8022002F0D8F8002002F0D5F829204F
:1072600002F0D2F8002002F0CFF83C2002F0CCF877
:10727000002002F0C9F84B2002F0C6F8002002F00E
:10728000C3F85D2002F0C0F8002002F0BDF87420C1
:1072900002F0BAF8002002F0B7F8842002F0B4F847
:1072A000002002F0B1F8932002F0AEF8002002F0C6
:1072B000ABF8A22002F0A8F8002002F0A5F8B32055
:1072C00002F0A2F8002002F09FF8BE2002F09CF825
:1072D000002002F099F8C42002F096F8002002F095
:1072E00093F8CD2002F090F8002002F08DF8D32022
:1072F00002F08AF8002002F087F8DC2002F084F81F
:10730000002002F081F8F32002F07EF8002002F065
:107310007BF8E62002F084F8112002F075F80020D6
:1073200002F072F8342002F06FF8002002F06CF8DE
:10733000562002F069F8002002F066F8762002F08C
:1073400063F8002002F060F8772002F05DF800207A
:1073500002F05AF8662002F057F8002002F054F8C4
:10736000882002F051F8002002F04EF8992002F037
:107370004BF8002002F048F8BB2002F045F800204E
:1073800002F042F8992002F03FF8002002F03CF8A9
:10739000662002F039F8002002F036F8552002F09D
:1073A00033F8002002F030F8552002F02DF80020CC
:1073B00002F02AF8452002F027F8002002F024F815
:1073C000432002F021F8002002F01EF8442002F0D1
:1073D0001BF8002002F018F8E72002F021F8322014
:1073E00002F012F8002002F00FF8552002F00CF81D
:1073F000002002F009F8762002F006F8002002F0E2
:1074000003F8662002F000F8002001F0FDFF67207D
:1074100001F0FAFF002001F0F7FF672001F0F4FF10
:10742000002001F0F1FF872001F0EEFF002001F0C5
:10743000EBFF992001F0E8FF002001F0E5FFBB2001
:1074400001F0E2FF002001F0DFFF992001F0DCFFF6
:10745000002001F0D9FF772001F0D6FF002001F0D5
:10746000D3FF442001F0D0FF002001F0CDFF5620D3
:1074700001F0CAFF002001F0C7FF232001F0C4FF84
:10748000002001F0C1FF332001F0BEFF002001F019
:10749000BBFF452001F0B8FF002001F0B5FFE82058
:1074A00001F0BEFF002001F0AFFF002001F0ACFFB3
:1074B000992001F0A9FF002001F0A6FF872001F02C
:1074C000A3FF002001F0A0FF882001F09DFF002015
:1074D00001F09AFF772001F097FF002001F094FF60
:1074E000662001F091FF002001F08EFF882001F05E
:1074F0008BFF002001F088FFAA2001F085FF00200B
:1075000001F082FFBB2001F07FFF002001F07CFF33
:10751000992001F079FF002001F076FF662001F04C
:1075200073FF002001F070FF552001F06DFF002077
:1075300001F06AFF552001F067FF002001F064FFB1
:10754000442001F061FF002001F05EFF442001F0C3
:107550005BFF002001F058FF552001F055FF00208F
:1075600001F052FFE92001F05BFFAA2001F04CFF7F
:10757000002001F049FF002001F046FF002001F04B
:1075800043FF002001F04CFFAA2001F03DFFCF2077
:1075900001F046FF002001F037FF002001F034FF2A
:1075A000002001F031FF002001F02EFF002001F04B
:1075B0002BFF002001F028FF002001F025FF002014
:1075C00001F022FF002001F01FFF002001F01CFF4E
:1075D000002001F019FF002001F016FF002001F04B
:1075E00013FF002001F010FF002001F00DFF00202C
:1075F00001F00AFF002001F007FFF02001F010FF6A
:10760000002001F001FF502001F0FEFE002001F0FB
:10761000FBFE002001F0F8FE002001F0F5FEF32053
:1076200001F0FEFE002001F0EFFEF92001F0F8FE6F
:10763000062001F0E9FE102001F0E6FE292001F00D
:10764000E3FE002001F0E0FE3A2001F0E9FE5520C3
:1076500001F0DAFE112001F0E3FE6420E9F78BFF70
:10766000292001F0DDFE352001F0DAFE002001F0D6
:10767000CBFE512001F0D4FEFF2001F0C5FE5320C7
:1076800001F0CEFE2C2001F0BFFE552001F0C8FE17
:10769000822001F0B9FE2C2001F0C2FE10BD10B511
:1076A00055214FF4704001F0D1FEAA214FF20100A4
:1076B00001F0CCFE52214FF2020001F0C7FE08217A
:1076C0004FF2030001F0C2FE01214FF2040001F06D
:1076D000BDFE0D214FF4304001F0B8FE0D214BF2FC
:1076E000010001F0B3FE0D214BF2020001F0AEFEED
:1076F00034214FF4364001F0A9FE34214BF20160F1
:1077000001F0A4FE34214BF2026001F09FFE0D2136
:107710004FF4314001F09AFE0D214BF2011001F0BF
:1077200095FE0D214BF2021001F090FE34214FF432
:10773000374001F08BFE34214BF2017001F086FEE0
:1077400034214BF2027001F081FE00214FF43240EF
:1077500001F07CFE00214BF2012001F077FE0021B8
:107760004BF2022001F072FE24214FF4384001F068
:107770006DFE24214BF6010001F068FE24214BF63A
:10778000020001F063FE01214FF43F4001F05EFE74
:107790000F214FF4334001F059FE0F214BF201301D
:1077A00001F054FE0F214BF2023001F04FFE342164
:1077B0004FF4394001F04AFE34214BF6011001F03C
:1077C00045FE34214BF6021001F040FE08214FF433
:1077D000354001F03BFE08214BF2015001F036FE2E
:1077E00008214BF2025001F031FE03214FF44240D8
:1077F00001F02CFE24214FF43A4001F027FE242111
:107800004BF6012001F022FE24214BF6022001F06C
:107810001DFE00214FF43C4001F018FE78214BF68C
:10782000014001F013FE00214BF6024001F00EFE74
:1078300000214FF43D4001F009FE78214BF6015044
:1078400001F004FE00214BF6025001F0FFFD002183
:107850004FF43E4001F0FAFD64214BF6016001F067
:10786000F5FD00214FF4514001F0F0FD33214DF2C0
:10787000011001F0EBFD00214DF2021001F0E6FDD8
:1078800034214DF2031001F0E1FD00214DF204100E
:1078900001F0DCFD3A214DF2051001F0D7FD002189
:1078A0004DF2061001F0D2FD4A214DF2071001F011
:1078B000CDFD00214DF2081001F0C8FD5C214DF214
:1078C000091001F0C3FD00214DF20A1001F0BEFDC8
:1078D00081214DF20B1001F0B9FD00214DF20C1089
:1078E00001F0B4FDA6214DF20D1001F0AFFD002115
:1078F0004DF20E1001F0AAFDE5214DF20F1001F03E
:10790000A5FD01214DF2101001F0A0FD13214DF253
:10791000111001F09BFD01214DF2121001F096FDB6
:1079200054214DF2131001F091FD01214DF214107C
:1079300001F08CFD82214DF2151001F087FD01212F
:107940004DF2161001F082FDCA214DF2171001F020
:107950007DFD02214DF2181001F078FD00214DF25D
:10796000191001F073FD02214DF21A1001F06EFDA5
:1079700001214DF21B1001F069FD02214DF21C1096
:1079800001F064FD34214DF21D1001F05FFD022174
:107990004DF21E1001F05AFD67214DF21F1001F04B
:1079A00055FD02214DF2201001F050FD84214DF2D1
:1079B000211001F04BFD02214DF2221001F046FD95
:1079C000A4214DF2231001F041FD02214DF22410BB
:1079D00001F03CFDB7214DF2251001F037FD0221E9
:1079E0004DF2261001F032FDCF214DF2271001F0AB
:1079F0002DFD02214DF2281001F028FDDE214DF26F
:107A0000291001F023FD02214DF22A1001F01EFD84
:107A1000F2214DF22B1001F019FD02214DF22C1034
:107A200001F014FDFE214DF22D1001F00FFD032198
:107A30004DF22E1001F00AFD10214DF22F1001F031
:107A400005FD03214DF2301001F000FD33214DF210
:107A5000311001F0FBFC03214DF2321001F0F6FC75
:107A60006D214DF2331001F0F1FC00214FF4524032
:107A700001F0ECFC33214DF2012001F0E7FC002184
:107A80004DF2022001F0E2FC34214DF2032001F01E
:107A9000DDFC00214DF2042001F0D8FC3A214DF22A
:107AA000052001F0D3FC00214DF2062001F0CEFCB0
:107AB0004A214DF2072001F0C9FC00214DF20820B7
:107AC00001F0C4FC5C214DF2092001F0BFFC002153
:107AD0004DF20A2001F0BAFC81214DF20B2001F099
:107AE000B5FC00214DF20C2001F0B0FCA6214DF2B6
:107AF0000D2001F0ABFC00214DF20E2001F0A6FCA0
:107B0000E5214DF20F2001F0A1FC01214DF21020E2
:107B100001F09CFC13214DF2112001F097FC012192
:107B20004DF2122001F092FC54214DF2132001F08D
:107B30008DFC01214DF2142001F088FC82214DF2D0
:107B4000152001F083FC01214DF2162001F07EFC8E
:107B5000CA214DF2172001F079FC02214DF21820C4
:107B600001F074FC00214DF2192001F06FFC02219C
:107B70004DF21A2001F06AFC01214DF21B2001F0A8
:107B800065FC02214DF21C2001F060FC34214DF215
:107B90001D2001F05BFC02214DF21E2001F056FC7D
:107BA00067214DF21F2001F051FC02214DF22020EF
:107BB00001F04CFC84214DF2212001F047FC022110
:107BC0004DF2222001F042FCA4214DF2232001F0CD
:107BD0003DFC02214DF2242001F038FCB7214DF28A
:107BE000252001F033FC02214DF2262001F02EFC6D
:107BF000CF214DF2272001F029FC02214DF228204F
:107C000001F024FCDE214DF2292001F01FFC0221AD
:107C10004DF22A2001F01AFCF2214DF22B2001F046
:107C200015FC02214DF22C2001F010FCFE214DF23A
:107C30002D2001F00BFC03214DF22E2001F006FC5B
:107C400010214DF22F2001F001FC03214DF23020D4
:107C500001F0FCFB33214DF2312001F0F7FB032151
:107C60004DF2322001F0F2FB6D214DF2332001F094
:107C7000EDFB00214FF4534001F0E8FB33214DF2BE
:107C8000013001F0E3FB00214DF2023001F0DEFB98
:107C900034214DF2033001F0D9FB00214DF20430C4
:107CA00001F0D4FB3A214DF2053001F0CFFB002169
:107CB0004DF2063001F0CAFB4A214DF2073001F0C7
:107CC000C5FB00214DF2083001F0C0FB5C214DF2F4
:107CD000093001F0BBFB00214DF20A3001F0B6FB88
:107CE00081214DF20B3001F0B1FB00214DF20C303F
:107CF00001F0ACFBA6214DF20D3001F0A7FB0021F5
:107D00004DF20E3001F0A2FBE5214DF20F3001F0F3
:107D10009DFB01214DF2103001F098FB13214DF233
:107D2000113001F093FB01214DF2123001F08EFB76
:107D300054214DF2133001F089FB01214DF2143032
:107D400001F084FB82214DF2153001F07FFB01210F
:107D50004DF2163001F07AFBCA214DF2173001F0D6
:107D600075FB02214DF2183001F070FB00214DF23D
:107D7000193001F06BFB02214DF21A3001F066FB65
:107D800001214DF21B3001F061FB02214DF21C304C
:107D900001F05CFB34214DF21D3001F057FB022154
:107DA0004DF21E3001F052FB67214DF21F3001F001
:107DB0004DFB02214DF2203001F048FB84214DF2B1
:107DC000213001F043FB02214DF2223001F03EFB55
:107DD000A4214DF2233001F039FB02214DF2243071
:107DE00001F034FBB7214DF2253001F02FFB0221C9
:107DF0004DF2263001F02AFBCF214DF2273001F061
:107E000025FB02214DF2283001F020FBDE214DF24E
:107E1000293001F01BFB02214DF22A3001F016FB44
:107E2000F2214DF22B3001F011FB02214DF22C30EA
:107E300001F00CFBFE214DF22D3001F007FB032178
:107E40004DF22E3001F002FB10214DF22F3001F0E7
:107E5000FDFA03214DF2303001F0F8FA33214DF2F2
:107E6000313001F0F3FA03214DF2323001F0EEFA35
:107E70006D214DF2333001F0E9FA00214FF4544006
:107E800001F0E4FA33214DF2014001F0DFFA002164
:107E90004DF2024001F0DAFA34214DF2034001F0D4
:107EA000D5FA00214DF2044001F0D0FA3A214DF20A
:107EB000054001F0CBFA00214DF2064001F0C6FA70
:107EC0004A214DF2074001F0C1FA00214DF208406D
:107ED00001F0BCFA5C214DF2094001F0B7FA002133
:107EE0004DF20A4001F0B2FA81214DF20B4001F04F
:107EF000ADFA00214DF20C4001F0A8FAA6214DF296
:107F00000D4001F0A3FA00214DF20E4001F09EFA5F
:107F1000E5214DF20F4001F099FA01214DF2104098
:107F200001F094FA13214DF2114001F08FFA012172
:107F30004DF2124001F08AFA54214DF2134001F043
:107F400085FA01214DF2144001F080FA82214DF2B0
:107F5000154001F07BFA01214DF2164001F076FA4E
:107F6000CA214DF2174001F071FA02214DF218407A
:107F700001F06CFA00214DF2194001F067FA02217C
:107F80004DF21A4001F062FA01214DF21B4001F05E
:107F90005DFA02214DF21C4001F058FA34214DF2F5
:107FA0001D4001F053FA02214DF21E4001F04EFA3D
:107FB00067214DF21F4001F049FA02214DF22040A5
:107FC00001F044FA84214DF2214001F03FFA0221F0
:107FD0004DF2224001F03AFAA4214DF2234001F083
:107FE00035FA02214DF2244001F030FAB7214DF26A
:107FF000254001F02BFA02214DF2264001F026FA2D
:10800000CF214DF2274001F021FA02214DF2284004
:1080100001F01CFADE214DF2294001F017FA02218D
:108020004DF22A4001F012FAF2214DF22B4001F0FC
:108030000DFA02214DF22C4001F008FAFE214DF21A
:108040002D4001F003FA03214DF22E4001F0FEF91C
:1080500010214DF22F4001F0F9F903214DF230408B
:1080600001F0F4F933214DF2314001F0EFF9032131
:108070004DF2324001F0EAF96D214DF2334001F04A
:10808000E5F900214FF4554001F0E0F933214DF2BC
:10809000015001F0DBF900214DF2025001F0D6F958
:1080A00034214DF2035001F0D1F900214DF204507A
:1080B00001F0CCF93A214DF2055001F0C7F9002149
:1080C0004DF2065001F0C2F94A214DF2075001F07D
:1080D000BDF900214DF2085001F0B8F95C214DF2D4
:1080E000095001F0B3F900214DF20A5001F0AEF948
:1080F00081214DF20B5001F0A9F900214DF20C50F5
:1081000001F0A4F9A6214DF20D5001F09FF90021D4
:108110004DF20E5001F09AF9E5214DF20F5001F0A9
:1081200095F901214DF2105001F090F913214DF213
:10813000115001F08BF901214DF2125001F086F936
:1081400054214DF2135001F081F901214DF21450E8
:1081500001F07CF982214DF2155001F077F90121EF
:108160004DF2165001F072F9CA214DF2175001F08C
:108170006DF902214DF2185001F068F900214DF21D
:10818000195001F063F902214DF21A5001F05EF925
:1081900001214DF21B5001F059F902214DF21C5002
:1081A00001F054F934214DF21D5001F04FF9022134
:1081B0004DF21E5001F04AF967214DF21F5001F0B7
:1081C00045F902214DF2205001F040F984214DF291
:1081D000215001F03BF902214DF2225001F036F915
:1081E000A4214DF2235001F031F902214DF2245027
:1081F00001F02CF9B7214DF2255001F027F90221A9
:108200004DF2265001F022F9CF214DF2275001F016
:108210001DF902214DF2285001F018F9DE214DF22E
:10822000295001F013F902214DF22A5001F00EF904
:10823000F2214DF22B5001F009F902214DF22C50A0
:1082400001F004F9FE214DF22D5001F0FFF8032159
:108250004DF22E5001F0FAF810214DF22F5001F09E
:10826000F5F803214DF2305001F0F0F833214DF2D2
:10827000315001F0EBF803214DF2325001F0E6F8F5
:108280006D214DF2335001F0E1F800214FF45640DA
:1082900001F0DCF833214DF2016001F0D7F8002144
:1082A0004DF2026001F0D2F834214DF2036001F08A
:1082B000CDF800214DF2046001F0C8F83A214DF2EA
:1082C000056001F0C3F800214DF2066001F0BEF830
:1082D0004A214DF2076001F0B9F800214DF2086023
:1082E00001F0B4F85C214DF2096001F0AFF8002113
:1082F0004DF20A6001F0AAF881214DF20B6001F005
:10830000A5F800214DF20C6001F0A0F8A6214DF275
:108310000D6001F09BF800214DF20E6001F096F81F
:10832000E5214DF20F6001F091F801214DF210604E
:1083300001F08CF813214DF2116001F087F8012152
:108340004DF2126001F082F854214DF2136001F0F9
:108350007DF801214DF2146001F078F882214DF290
:10836000156001F073F801214DF2166001F06EF80E
:10837000CA214DF2176001F069F802214DF2186030
:1083800001F064F800214DF2196001F05FF802215C
:108390004DF21A6001F05AF801214DF21B6001F014
:1083A00055F802214DF21C6001F050F834214DF2D5
:1083B0001D6001F04BF802214DF21E6001F046F8FD
:1083C00067214DF21F6001F041F802214DF220605B
:1083D00001F03CF884214DF2216001F037F80221D0
:1083E0004DF2226001F032F8A4214DF2236001F039
:1083F0002DF802214DF2246001F028F8B7214DF24A
:10840000256001F023F802214DF2266001F01EF8EC
:10841000CF214DF2276001F019F802214DF22860BA
:1084200001F014F8DE214DF2296001F00FF802216D
:108430004DF22A6001F00AF8F2214DF22B6001F0B2
:1084400005F802214DF22C6001F000F8FE214DF2FA
:108450002D6000F0FBFF03214DF22E6000F0F6FFCF
:1084600010214DF22F6000F0F1FF03214DF230603A
:1084700000F0ECFF33214DF2316000F0E7FF032103
:108480004DF2326000F0E2FF6D214DF2336000F0FA
:10849000DDFF55214FF4704000F0D8FFAA214FF2C4
:1084A000010000F0D3FF52214FF2020000F0CEFF96
:1084B00008214FF2030000F0C9FF00214FF2040031
:1084C00000F0C4FFCC214FF4314000F0BFFF002189
:1084D0004BF2011000F0BAFF05214FF4364000F0D6
:1084E000B5FF70214FF4374000F0B0FF70214BF220
:1084F000017000F0ABFF01214FF4384000F0A6FFFF
:1085000003214BF6010000F0A1FF03214BF602000E
:1085100000F09CFF03214BF6030000F097FF0221BF
:108520004FF43C4000F092FF00214BF6014000F078
:108530008DFF00214BF6024000F088FFD0214FF460
:10854000494000F083FF02214CF6011000F07EFF4D
:1085500050214CF6021000F079FF50214CF6031028
:1085600000F074FF50214CF6041000F06FFF002162
:108570004FF4545000F06AFF55214FF4685000F05A
:1085800065FF4FF4885000F04BFF7820E9F720F8A2
:108590004FF4245000F044FF10BD10B5E22000F06D
:1085A0003FFF1D2000F030FF022000F02DFF0420CF
:1085B00000F02AFF6420E9F70BF8E02000F030FF1C
:1085C000012000F021FF0A20E8F7D5FFE02000F0AD
:1085D00027FF032000F018FF0C20E8F7CCFF012054
:1085E00000F01EFF0A20E8F7C6FFE62000F018FFA3
:1085F0002F2000F009FFFF2000F006FFFF2000F011
:1086000003FFB02000F00CFF202000F0FDFE002052
:1086100000F0FAFE032000F0F7FE40F21F3000F0F9
:10862000F3FE012000F0F0FE40F2DF1000F0ECFE5F
:10863000002000F0E9FEB42000F0F2FE042000F07B
:10864000E3FE40F21F4000F0DFFE002000F0DCFE01
:108650002E2000F0D9FE002000F0D6FE002000F011
:10866000D3FE002000F0D0FE002000F0CDFEB620AA
:1086700000F0D6FE022000F0C7FE4FF4037000F0B9
:10868000C3FE002000F0C0FE172000F0BDFE152044
:1086900000F0BAFE002000F0B7FE002000F0B4FEAB
:1086A000F02000F0BDFE032000F0AEFE292000F017
:1086B000B7FED02000F0B4FE002000F0A5FEBE20E2
:1086C00000F0AEFE052000F09FFEFE2000F09CFEB4
:1086D000012000F099FE002000F096FE002000F03E
:1086E00093FE002000F090FEB82000F099FE0320D9
:1086F00000F08AFE012000F087FEBA2000F090FE14
:10870000012000F081FE10BD10B5112000F088FEA0
:108710007820E8F730FF362000F082FE002000F0DD
:1087200073FE3A2000F07CFE052000F06DFEB220C2
:1087300000F076FE0C2000F067FE0C2000F064FED6
:10874000002000F061FE332000F05EFE332000F0D8
:108750005BFEB72000F064FE352000F055FEBB2024
:1087600000F05EFE322000F04FFEC02000F058FE08
:108770000C2000F049FEC22000F052FE012000F063
:1087800043FEC32000F04CFE102000F03DFEC4204C
:1087900000F046FE202000F037FEC62000F040FE2C
:1087A0000F2000F031FED02000F03AFEA42000F0AF
:1087B0002BFEA12000F028FEE02000F031FED020AA
:1087C00000F022FE002000F01FFE022000F01CFE40
:1087D000072000F019FE0A2000F016FE282000F005
:1087E00013FE322000F010FE442000F00DFE422067
:1087F00000F00AFE062000F007FE0E2000F004FE46
:10880000122000F001FE142000F0FEFD172000F001
:10881000FBFDE12000F004FED02000F0F5FD00207B
:1088200000F0F2FD022000F0EFFD072000F0ECFD6B
:108830000A2000F0E9FD282000F0E6FD312000F0DC
:10884000E3FD542000F0E0FD472000F0DDFD0E20A8
:1088500000F0DAFD1C2000F0D7FD172000F0D4FD59
:108860001B2000F0D1FD1E2000F0CEFD2A2000F0DC
:10887000D7FD002000F0C8FD002000F0C5FD00205D
:1088800000F0C2FDEF2000F0BFFD2B2000F0C8FD7E
:10889000002000F0B9FD002000F0B6FD012000F03E
:1088A000B3FD3F2000F0B0FD292000F0B9FD10BD60
:1088B0002DE9F04F05460E4617469846DDF824A0F0
:1088C0004FF0000B781B401C1FFA80FB344613E06E
:1088D0002146284600F052FB00F0AEFD4FF00009A3
:1088E00006E00749A1F800A009F101001FFA80F98C
:1088F000D945F6DB601C84B24445E9DDBDE8F08F64
:108900000000106000B595B000BF00BFFE480068D1
:1089100040F00800FC4908600846006800F00800C4
:10892000019000BF00BF00BF00BF00BF0846006845
:1089300040F0080008600846006800F00800019058
:1089400000BF00BF00BF00BF00BF0846006840F086
:10895000080008600846006800F00800019000BFA9
:1089600000BF00BF00BF00BF0846006840F0100015
:1089700008600846006800F01000019000BF00BFCA
:1089800000BF00BF00BF0846006840F0020008605A
:108990000846006800F00200019000BF00BF00BF61
:1089A000802010900220119001201290032013903B
:1089B0000C20149010A9D548E8F7C4FD2020109091
:1089C00010A9D248E8F7BEFD1020109010A9CF489A
:1089D000E8F7B8FD0820109010A9CD48E8F7B2FDDF
:1089E000202010900120119010A9CA48E8F7AAFD94
:1089F000C948CA490860CA48486000208860002108
:108A0000C648C16001611021416100218161C161DD
:108A100001624FF480514162002181624FF4804134
:108A2000C1620021016341634FF48011816315200D
:108A3000099000200A9078200B9000200F901520BC
:108A4000029000200390152004900020089002AAB4
:108A500009A9B248E8F7C8FE3220E8F78CFDD32018
:108A600000F0DEFC00F068F9AE49888000F064F99F
:108A7000AC49888000F060F9AA498880084680885F
:108A80004FF6FF7101EA0020A649888000F054F9F2
:108A9000A44989880843A34988800846808849F208
:108AA000413188427DD0042000F0BAFC00F044F946
:108AB0009C49888000F040F99A49888000F03CF990
:108AC00098498880084680884FF6FF7101EA0020A7
:108AD0009449888000F030F9924989880843914987
:108AE00088800846808848F25251884203D147F274
:108AF00089708C4988808B48808847F289718842C8
:108B0000D0D0D42000F08CFC00F016F98549888084
:108B100000F012F98349888000F00EF981498880BD
:108B2000084680884FF6FF7101EA00207D49888061
:108B300000F002F97B49898808437A498880084611
:108B4000808845F2103188425FD055214FF4704043
:108B500000F07CFCAA214FF2010000F077FC5221CA
:108B60004FF2020000F072FC08214FF2030000F007
:108B70006DFC01214FF2040000F068FC4FF4454009
:108B800000F04EFC00F0D8F86649888008468088DE
:108B90004FF6FF7101EA0020624988804CF20150D3
:108BA00000E032E000F03CFC00F0C6F85D49898846
:108BB00008435C4988800846808845F21051884205
:108BC00023D0A12000F02CFC00F0B6F85549888095
:108BD00000F0B2F853498880084680884FF6FF714C
:108BE00001EA00204F49888000F0A6F84D498988A5
:108BF00008434C4988800846808845F26171884264
:108C000003D141F66310474988804648818846A0D1
:108C1000E7F766FA4348808847F28971884202D1B3
:108C2000FFF772FD25E03F48808849F241318842D4
:108C300002D1FDF7A5FC1CE03A48808845F21031CE
:108C4000884202D1FDF7B2FD13E03648808845F234
:108C50001051884202D1FEF722FD0AE03148808897
:108C600041F66311884204D1FFF797FC642000F0BD
:108C7000A3FB2C48808847F28971884209D10520DE
:108C8000029004902549CB6A8A68486802A9E8F7EF
:108C900009FD2448808849F24131884205D02148A5
:108CA000808841F66311884209D103200290049024
:108CB0001A49CB6A8A68486802A9E8F7F3FC1948A0
:108CC000808845F21031884205D01648808845F2E8
:108CD0001051884209D10220029004900F49CB6ABA
:108CE0008A68486802A9E8F7DDFC0020FDF7CCFAA5
:108CF00000BF012220210748E8F738FC00BF4FF6EB
:108D0000FF70FDF7A7FA15E0E0440258000C025886
:108D1000001002580004025800400052840400244D
:108D200004410052D00400244C43442049443A25D5
:108D3000780D0A0015B000BD08B503480088009002
:108D4000BDF8000008BD000000001060F0B5054649
:108D50000024002788488079012805D1864880882A
:108D600041F66311884208D183488079F0B982487E
:108D7000808841F66311884218D1082D15D2DFE8AA
:108D800005F00406080A0C0E101206250DE0072552
:108D90000BE0042509E0052507E0012505E0002595
:108DA00003E0032501E0022500BF00BF082D1CD20F
:108DB000DFE805F00406090C0F12151800BF14E0D7
:108DC00044F0800411E044F040040EE044F0C0049C
:108DD0000BE044F0200408E044F0600405E044F0B7
:108DE000A00402E044F0E00400BF00BF3627624860
:108DF000808845F21051884200D13F025E48808849
:108E000049F24131884205D05B48808847F2897138
:108E1000884201D144F008042146384600F016FB90
:108E20005548808841F6631188421DD004F0200027
:108E300068B15148008850494988884214DA4E4840
:108E4000068840884C490880084646800CE04A481D
:108E5000008849494988884206DD47480688408895
:108E600045490880084646804348808845F21051AD
:108E7000884252D14049488900F0D2FA002000F0DF
:108E8000C3FA3D494989491C88B200F0C9FA00205B
:108E900000F0BAFA38494989891C88B200F0C0FA52
:108EA00035490988491EC1F30F2000F0ADFA324957
:108EB0004989C91C88B200F0B3FA2F490978491EC4
:108EC000C8B200F0A1FA2C49888900F0A9FA002064
:108ED00000F09AFA28498989491C88B200F0A0FA62
:108EE000002000F091FA24498989891C88B200F099
:108EF00097FA21494988491EC1F30F2000F084FAEE
:108F00001D498989C91C88B200F08AFA1A498978F2
:108F1000491EC8B200F078FA2DE01749488900F0E0
:108F20007FFA002000F070FA002000F06DFA12497C
:108F30000988491EC1F30F2000F066FA0E4909782E
:108F4000491EC8B200F060FA0B49888900F068FA3F
:108F5000002000F059FA002000F056FA064949882E
:108F6000491EC1F30F2000F04FFA03498978491ECA
:108F7000C8B200F049FAF0BDD004002410B5024692
:108F80000C464548808841F66311884247D14248E3
:108F90008079A8B940480088401E801A82B23E49B4
:108FA000488900F03DFA002000F02EFA002000F081
:108FB0002BFA101200F028FAD0B200F025FA16E0D1
:108FC0003549488900F02CFA101200F01DFAD0B291
:108FD00000F01AFA30490988491EC1F30F2000F049
:108FE00013FA2D490978491EC8B200F00DFA2A4932
:108FF000888900F015FA201200F006FAE0B200F0BD
:1090000003FA25494988491EC1F30F2000F0FCF9F5
:1090100021498978491EC8B200F0F6F93AE01E48A5
:10902000808845F21051884220D11B49488900F0C0
:10903000F7F9101200F0E8F917494989491C88B27C
:1090400000F0EEF9D0B200F0DFF91349888900F0A2
:10905000E7F9201200F0D8F90F498989491C88B234
:1090600000F0DEF9E0B200F0CFF913E00A494889D8
:1090700000F0D6F9101200F0C7F9D0B200F0C4F930
:109080000549888900F0CCF9201200F0BDF9E0B262
:1090900000F0BAF910BD0000D00400242DE9F04121
:1090A00004460D461E46A018401E87B2A819401E51
:1090B0001FFA80F85448808841F66311884231D104
:1090C0005148807901282DD04F480088801A001B14
:1090D00084B2A819401E86B24B49488900F0A0F915
:1090E000201200F091F9E0B200F08EF9A118491EAB
:1090F000C1F30F2000F088F9A118491EC8B200F092
:1091000083F94149888900F08BF9281200F07CF935
:10911000E8B200F079F9301200F076F9F0B200F020
:1091200073F96EE03848808845F21051884246D184
:109130003549488900F074F9201200F065F9324988
:109140004989491C88B200F06BF9E0B200F05CF983
:109150002D494989891C88B200F062F9381200F063
:1091600053F929494989C91C88B200F059F9F8B264
:1091700000F04AF92449888900F052F9281200F0D9
:1091800043F921498989491C88B200F049F9E8B2BC
:1091900000F03AF91C498989891C88B200F040F92D
:1091A0004FEA282000F030F917498989C91C88B294
:1091B00000F036F908F0FF0000F026F921E012492E
:1091C000488900F02DF9201200F01EF9E0B200F0FD
:1091D0001BF9381200F018F9F8B200F015F90A4935
:1091E000888900F01DF9281200F00EF9E8B200F0AD
:1091F0000BF94FEA282000F007F908F0FF0000F013
:1092000003F9BDE8F0810000D00400242DE9FC4FF3
:1092100080460E4615461C46B3460020019000903D
:109220002046E31704EB5373DB1021464FEAE47C3E
:1092300004EB5C7C4FEAEC0CA4EBCC0CBCF1000F13
:1092400002D04FF0010C01E04FF0000C63442246C5
:1092500004EBD27C4FEA6C0C03FB0CF3DBB2019302
:10926000A5F12000C5B20C2C06D0102C0BD0182C68
:109270000ED0202C18D112E005EB45002D4901EB52
:109280008000009012E02C4800EB051000900DE0EB
:1092900005EBC500294901EB8000009006E0284855
:1092A00000EBC510009001E0BDE8FC8F00BF002777
:1092B0003AE0009810F807904FF0000A2EE009F00D
:1092C000800028B1314640460C9AFDF749F907E085
:1092D0000B9828B91B48314602684046FDF740F913
:1092E0004FEA49604FEA1069701C86B21648408800
:1092F000B04200DCD8E7A6EB0B00A0420AD15E46E4
:1093000008F101001FFA80F80F480088404500DC92
:10931000CAE706E00AF1010000F0FF0ABAF1080FFF
:10932000CDDB00BF781CC7B201988742C1DB00BF0C
:10933000BAE70000F0760390647B039054810390B9
:10934000B08E039030000024D00400242DE9FC4F9F
:1093500004460D4690469946DDE90C7A0B9E04F0D2
:10936000FF0B08EB04001FFA80F809EB05001FFA59
:1093700080F917E0444502DB5C46A81985B24D45EB
:1093800000DB15E00020CDE9000A3A783346294693
:109390002046FFF73BFF304606EBD07104EB61013E
:1093A0008CB27F1C38787E2802DC38782028E1DAFD
:1093B00000BFBDE8FC8F000000B50246BE2000F0F3
:1093C0002FF8052000F020F800EE102AB8EE400B30
:1093D0009FED0B1B20EE010BBCEEC00B10EE101A24
:1093E00088B200F011F8012000F00EF8FF2000F024
:1093F0000BF8002000F008F8002000F005F800BD90
:10940000666666666666044001B5BDF800000090B9
:10941000BDF800000149088008BD00000000106090
:1094200001B5BDF800000090BDF8000001490880BA
:1094300008BD0000FEFF0F60024800890249088055
:1094400070470000D0040024FEFF0F60024A108025
:10945000921C118070470000FEFF0F6000B587B0BE
:1094600000BF00BF2C48006840F002002A49086095
:109470000846006800F00200019000BF00BF00BF76
:1094800000BF00BF0846006840F0100008600846B2
:10949000006800F01000019000BF00BF00BF00BFD7
:1094A00000BF0846006840F01000086008460068E9
:1094B00000F01000019000BF00BF00BF102002901C
:1094C000012003900490059002A91448E8F73AF8A7
:1094D0004020029002A91248E8F734F820200290B8
:1094E00002A90F48E8F72EF800BF012210210B480F
:1094F000E8F73CF800BF00BF012240210848E8F728
:1095000035F800BF00BF012220210548E8F72EF8FA
:1095100000BF07B000BD0000E0440258000402583C
:109520000010025809E000BF10210448E8F70FF8C6
:1095300000BF4FF47A70E8F755F8F4E700040258DA
:109540002DE9F04F85B007468B4691461E460E9D8D
:10955000E86900FB0BF080120490E86900280DDD3B
:109560000498484516DD95F82800C0F3400018B16E
:10957000012005B0BDE8F08F0020FAE704984845C7
:1095800008DA95F82800C0F3400008B10120F0E7A0
:109590000020EEE70BEB0601E869484380120490D7
:1095A000E86900280BDD0498484514DA95F828008E
:1095B000C0F3400008B10020DBE70120D9E70498A0
:1095C000484508DD95F82800C0F3400008B10020A8
:1095D000CFE70120CDE7E869002806DD4FEA092042
:1095E000A96948438012039006E009F101000002D6
:1095F000A9694843801203900398001202900398CF
:10960000C0B20190019810B94FF0FF0807E001982F
:10961000C0F1FF00696A4843FF21A1EB20280298AE
:10962000A0EB0B040198D8B1002C18DBB44216DA79
:109630000198C0F1FF00C8F1FF014843FF21A1EBF1
:10964000602000F0FF0A95F82800C0F3400008B140
:10965000CAF1FF0A385D514616F04FFE3855641CBA
:109660001BE0002C12DBB44210DAA88CA8EB6000DF
:1096700000F0FF0A95F82800C0F3400008B1CAF1D5
:10968000FF0A385D514616F038FE3855686AA8EB77
:109690000008641CB44200DB02E0686A4045E0DB7D
:1096A00000BFB4421DDA002C1BDBA86900FB08F0E8
:1096B00080120090009800FB08F0C0F3472AE86988
:1096C000002801DACAF1FF0A95F82800C0F340002B
:1096D00008B1CAF1FF0A385D514616F00EFE385542
:1096E00000BF95F82800C0F3400068B10298A0EBD5
:1096F0000B04B44201DD00203BE7002C0FDB2146C8
:1097000038460CF03AFA0AE0641C002C01DA00201A
:109710002FE7B44203DC311B38190CF02EFA02207B
:1097200027E72DE9FF4F87B007468A461E46149D5E
:10973000A8690999484380120690A869002802DDAB
:109740000698401C0690069850450ADA95F82800BD
:10975000C0F3400018B101200BB0BDE8F08F00202D
:10976000FAE7A86909994843801206900AEB0601B6
:109770000698814208DA95F82800C0F3400008B145
:109780000020E9E70120E7E709980002A9694843BA
:109790008012059005984FEA202B0598C0B20490DE
:1097A0000998401C0002A96948438012039003985D
:1097B000001202900398C0B20190ABEB0A04029829
:1097C000834509D0A869002806DA049820B9FF204B
:1097D0000490DDF808B0641E0298834534D1002C53
:1097E00012DBB44210DA019904980844C0F3470828
:1097F00095F82800C0F3400008B1C8F1FF08385DB3
:10980000414616F07AFD3855641C95F82800C0F3DF
:10981000400060B1ABEB0A04B44201DB00209BE7DF
:10982000002C03DB214638460CF0A7F9C9E0B4420E
:1098300000DD34460CB900208EE7002CF6DD311B2C
:1098400038190CF09AF9BCE0A86900285ADAE869DE
:109850004042049948434FEAA029002C12DBB4424D
:1098600010DA049809FB00F0C0F3472895F82800A7
:10987000C0F3400008B1C8F1FF08385D414616F05A
:109880003CFD3855641EC9F1FF00A96949424843AF
:1098900080120090002C16DBB44214DAC9F1FF00EC
:1098A00000994843FF21A1EB602000F0FF0895F8E4
:1098B0002800C0F3400008B1C8F1FF08385D4146F8
:1098C00016F01BFD3855A41C95F82800C0F3400085
:1098D00068B1ABEB0A00441EB44201DD344610E02F
:1098E000002C0EDD214638460CF047F909E0B44261
:1098F00001DD012030E7002C03DB311B38190CF0AF
:109900003CF95DE00498C0F1FF00E96948434FEA83
:10991000A029002C17DBB44215DA0498C0F1FF002F
:1099200000FB09F0FF21A1EB602000F0FF0895F893
:109930002800C0F3400008B1C8F1FF08385D414677
:1099400016F0DBFC3855641CC9F1FF00A9694843D7
:1099500080120090002C13DBB44211DAC9F1FF0031
:1099600000994843C0F3472895F82800C0F3400009
:1099700008B1C8F1FF08385D414616F0BEFC385505
:10998000641C95F82800C0F3400060B1ABEB0A04FA
:10999000B44201DD0020DFE6002C10DB2146384612
:1099A0000CF0EBF80BE0B44200DD34460CB90020BB
:1099B000D2E6002C03DD311B38190CF0DEF800BFB5
:1099C00000BF0220C8E62DE9F843044627467D6A19
:1099D000A84609F0A9FE0646C6B1304609F0F9FED0
:1099E000012804D0304609F0F4FE03280ED1694660
:1099F000304609F0B3FEBDF902102846F9F72EF9FA
:109A0000A8F83A00204610F098F900BFBDE8F883A6
:109A10002DE9FC470546A846D8F824703C4609F0D5
:109A200083FE8146484609F0D4FE04280ED1E08E1C
:109A3000208738460DF0E2FF8246504608F0C4FB0E
:109A400018B10021504608F062FC00BF484609F0FA
:109A5000C0FE012804D0484609F0BBFE03280CD103
:109A60006946484609F07AFEBDF902103846F9F712
:109A7000F5F8E086E08E208700BF384607F047F80B
:109A8000A06A10B9384610F058F9E08E019001AA8A
:109A90001C21384607F0ACFC0646012E02D03046A9
:109AA000BDE8FC870120FBE72DE9F04105460E46A5
:109AB0004FF000081148EBF730FB044618E0214650
:109AC0000E48EBF742FB07462068A84200D075B964
:109AD0006068B04200D056B921460848EBF79CFBBD
:109AE00020460BF033FEECF769FE4FF001083C46D0
:109AF000002CE4D14046BDE8F0810000F04602248D
:109B000070B506460D460B48EBF707FB04460DE023
:109B10002068B04205D16068A84200D00DB9204647
:109B200070BD21460348EBF710FB0446002CEFD133
:109B30000020F5E7F046022410B5044640212046F7
:109B40000CF01BF84FF4FA70A0620020E061642072
:109B500060620120A0870548A06194F83E0020F0D3
:109B60000100401C84F83E0010BD0000F79B0190EE
:109B7000F8B504464FF48060009000231946D4E9FC
:109B80000A200BF001FD06464FF480604FF46E731F
:109B9000322200210090304601F0C4F90746E16905
:109BA000606A401A00FB07F5AD12E06905442846DB
:109BB000F8BDF8B504464FF48060009000231946C4
:109BC000D4E90A200BF0E0FC06464FF4806040F236
:109BD000B6334FF4617200210090304601F0A2F9D3
:109BE0000746E169606A401A00FB07F5AD12E069BB
:109BF00005442846F8BDF8B504464FF4806000904F
:109C000000231946D4E90A200BF0BEFC0646E169A0
:109C1000606A401A00FB06F5AD12E069054428466B
:109C2000F8BD0146D1E90A20904201DB486A70473D
:109C3000C869FCE74A42C2627047416070474160B0
:109C40007047416070474160704741607047816173
:109C500070478161704741637047C1607047C16060
:109C60007047818770478162704781627047816267
:109C7000704781627047C161016242627047C16191
:109C8000016242627047C161016242627047C16114
:109C9000016242627047C1610162426270470160C5
:109CA0007047016070470160704730B503468D1AF8
:109CB000002D01DD8D1A00E0551A2C464FF47A75FF
:109CC0006543B5FBF3F000B9401C30BD70B50546E7
:109CD000686818B1D5E90001FFF7E6FE2148EBF707
:109CE0008FFA18B115F063F91F4908601D48EBF7AA
:109CF00047FA044600BF1CB900BF00BF00BFFEE723
:109D000000BF0CB9002070BD4022294620460BF050
:109D1000A6FD2868A84200D124601448017814F8F0
:109D20003E0F61F38200207014F83E0900F001003C
:109D3000A0B1206950B12046216988470646E069F4
:109D40003044E061606A3044606200BF606828B1FE
:109D5000206818B1D4E90002E1699047ECF72EFDC4
:109D60002046D0E7F0460224AC020024B1020024D1
:109D700070B506460C4625460020A88487206885D5
:109D80002D20A8858720E88440002885A88E20F013
:109D90000600A8864FF40040E885A88E20F0080051
:109DA0000830A8860020288664206886A88E20F0C7
:109DB0000100A8864FF43470E88615F0F8F8A8631F
:109DC000288D00B2A887022120460CF0C1FA4FF47A
:109DD000407120460CF0D8FF0D21204611F0B0F85C
:109DE00070BD00002DE9F04FABB08346584607F038
:109DF000F9FA82465446584607F09BFA2A9028AA58
:109E000029A95046F8F7B3FD16A82A990DF0A0FA33
:109E1000BDF9A000002831DD12A803F0CCFE12AA83
:109E2000002150460FF03EFC00202390634817901D
:109E30000020189029A81F90BDF9A000ADF894004B
:109E400012A81E9016AA1A21504607F0D1FAA08D2A
:109E5000A18C084480B2618DA28C114489B2CDE9F5
:109E60000010BDF8940083B229AA12A92A9803F021
:109E700084FE16AA1B21504607F0BAFA4FF40031AF
:109E800050460EF058FF06464FF4003150460EF093
:109E9000FBFF07464FF4003150460FF0B8F88046FC
:109EA0004FF4003150460EF069FE0546BE4201DD1A
:109EB000304600E03846A84501DD414600E029462D
:109EC000884205DDBE4201DD304606E0384604E04A
:109ED000A84501DD404600E02846BDF8A010081A5C
:109EE0000FFA80F9B9F1000F3BDD12A803F063FE11
:109EF00012AA4FF4003150460FF0D4FB4FF400305B
:109F000023902E4817900120189029A81F90ADF893
:109F1000949012A81E9016AA1A21504607F068FACB
:109F2000BDF94A00BDF99410884203DDBDF89400E4
:109F3000ADF84A00208DA18C084480B2E18CA28C3F
:109F4000114489B2CDE90010BDF8940083B229AA6A
:109F500012A92A9803F011FE16AA1B21504607F0F9
:109F600047FA10ABBDF9A02029A95046F8F7E4FF45
:109F700002A805F097FC02AA4FF4403150460FF0BA
:109F80002DFD4FF4403023900C481790022018907C
:109F900010A8199002A81A9016AA1A21504607F084
:109FA00027FA10AA02A92A9805F060FC16AA1B211C
:109FB000504607F01DFA2BB0BDE8F08F7C480490A6
:109FC0002DE9F34F8DB0FB480E990DF0E7FB0C9097
:109FD0000C98012802D00FB0BDE8F08F0E9807F062
:109FE000A0F906460E9807F0FDF90B900E9807F0C1
:109FF000F9F90446022E7DD109F096FB0A900A98E1
:10A0000000B9E8E70A9809F0E4FB099009980128EB
:10A0100000D0E0E708A90A9809F0A0FB06AA07A962
:10A020000B98F8F7A4FCBDF82000BDF81C10401AEE
:10A0300000B2ADF82000BDF82200BDF81E10401A95
:10A0400000B2ADF8220094F8340000F001000028BE
:10A050004BD14FF400310B980EF084FB0190BDF80A
:10A0600018100198081A00B206904FF480310B982E
:10A070000FF0C6FA30B1BDF818100198081A00B2F6
:10A08000069015E0BDF91810CA1701EB92729310F3
:10A09000019A934206DDBDF91800C21700EB9272D7
:10A0A000921000E0019ABDF818309A1A12B2069286
:10A0B000BDF91800012801DA01200690BDF8200042
:10A0C00010FB00F0BDF8221011FB0100BDF81810C4
:10A0D00011FB01F1884207DDA08E20F00100401C39
:10A0E000A08614F064FFA06300BF94F8340000F071
:10A0F000010000E0BBE000B96DE7BDF8200018B931
:10A10000BDF8220000B966E7A08D0FFA80FAA08D95
:10A11000618D884204DAA08D00F5B4700FFA80FAE0
:10A12000BDF92010BDF9220000F0AFFC05B2A08CF3
:10A13000281A05B2608D281A05B2002D02DA05F53D
:10A14000B47005B2608DAAEB00000FFA80FBA08FFF
:10A15000618D401A00B205900598281A07B2002FA9
:10A1600001DD384600E07842B0F58C7F08DD94F8D8
:10A170003400C0F3C00008B1002510E05D460EE0D9
:10A180000BEBDB71B5EB610F05DAA08E20F0080058
:10A190000830A08603E0A08E20F00800A086059875
:10A1A000281A07B2A06B14F0F5FE0490E18E049813
:10A1B00041434FF47A70B1FBF0F00FFA80F94F454C
:10A1C00001DD4F4606E0C9F10000874202DAC9F11D
:10A1D000000007B20598384405B2B4F93200B4F96A
:10A1E0003010401A618DAAEB0101C90091FBF0F01B
:10A1F00003900398001D001103900398284405B2B2
:10A20000608D284405B2B4F92E000290B4F93200F2
:10A210000090B4F93030618D524628460BF0B4F905
:10A220000FFA80F80B9800F04BF9404513D014F06A
:10A23000BEFEA06341460B9800F07BFA0298804571
:10A2400009D000221C210B9807F0D2F80C900C9832
:10A25000012800D0BFE6B4F93000404503D0B4F97E
:10A260003200404502D114F0A2FEA06326E1082E80
:10A2700001D0032E19D1A08E20F00100A0860B98EA
:10A280000DF0BCFB8046404607F09EFF074609F0F4
:10A290004BFA814609F09DFA0546042D04D11FB101
:10A2A0000021404608F033F808E10D2E31D10E9818
:10A2B00007F095F80578B4F92E70132D01D0112D03
:10A2C0000AD10B9800F0FCF8401C0FFA80F84146C8
:10A2D0000B9800F02EFA0DE0142D01D0122D09D1AB
:10A2E0000B9800F0EDF8401E0FFA80F841460B98ED
:10A2F00000F01FFAB4F92E00B84209D000221C2148
:10A300000B9807F075F80C900C98012800D062E6C5
:10A31000D4E0112E50D10E9807F061F8074609AA33
:10A320000AA90B98F8F723FB00250B98806818B151
:10A330000B988068B0F9145000210B980EF012FAB7
:10A34000804608EB0500BDF82410081A00B20990F9
:10A35000BDF82A00BDF82410084400B20090BDF8F2
:10A360002800084403B2BDF82A00401A02B2BDF822
:10A370002800401A01B207A800F074FB47F6FF72EC
:10A3800007A83968E9F73DFD10B10020387122E6D1
:10A3900008EB450002B208EB450001B207A800F047
:10A3A0003FFB47F6FF7207A83968E9F72AFD3871C5
:10A3B00084E000007C480490132E7AD100210B9891
:10A3C0000EF0B9FC0A9000210B980EF05DFD09908B
:10A3D00000210B980EF01BFE089000210B980EF048
:10A3E000CDFB0790DDE90910884201DD0A9A00E003
:10A3F000099ADDE90710884201DD089800E0079816
:10A40000824207DDDDE90910884201DD0A9808E093
:10A41000099806E0DDE90710884201DD089800E0B0
:10A42000079806904FF440310B980EF084FC80465C
:10A430004FF440310B980EF027FD81464FF4403128
:10A440000B980EF0E4FD82464FF440310B980EF06D
:10A4500095FB0746C84501DD404600E04846BA4541
:10A4600001DD514600E03946884205DDC84501DD81
:10A47000404606E0484604E0BA4501DD504600E0AB
:10A480003846801C0FFA80FB0E9806F0A8FF0546A0
:10A49000B5F900100698ABEB0000814203DDB5F979
:10A4A000000003E005E00698ABEB000000B2288056
:10A4B00004E0152E02D10E98FFF794FC00BF8AE548
:10A4C000014600BF00BFB1F92E00704770B50546C8
:10A4D0000E4614462146284600F094F83146284698
:10A4E00000F0E1F870BD70B505460E4614462146F1
:10A4F000284600F005F83146284600F042F870BDC5
:10A500002DE9F04180460F4600BF00BF4646B7F533
:10A51000B47F02DDA7F5B47087B2B08D718D401A9B
:10A5200004B2708D381A05B2002C02DA04F5B4704A
:10A5300004B2002D02DA05F5B47005B2281B00281C
:10A5400001DD281B00E0601BB42803DD40460FF04E
:10A55000F4FB10E0A54206DAB28D002339464046EE
:10A56000FBF712F907E0AC4205DAB18D00233A4659
:10A570004046FBF709F9B78540461CF077FDBDE87A
:10A58000F0812DE9F04180460F4600BF00BF4646EE
:10A59000B7F5B47F02DDA7F5B47087B2B08D718DC9
:10A5A000401A04B2B08DC01B05B2002C02DA04F5CB
:10A5B000B47004B2002D02DA05F5B47005B2281BA0
:10A5C000002801DD281B00E0601BB42803DD4046A5
:10A5D0000FF0B3FB10E0A54206DA718D00233A4676
:10A5E0004046FBF7D1F807E0AC4205DA728D002354
:10A5F00039464046FBF7C8F8778540461CF036FDE3
:10A60000BDE8F0812DE9F04180460F4600BF00BF54
:10A610004646B7F5B47F02DDA7F5B47087B2308D3A
:10A62000F18C401A04B2F08C381A05B2002C02DA10
:10A6300004F5B47004B2002D02DA05F5B47005B269
:10A64000281B002801DD281B00E0601BB42803DD67
:10A6500040460FF072FB12E0A54207DA328D4FF44C
:10A66000003339464046FBF78FF808E0AC4206DA83
:10A67000318D4FF400333A464046FBF785F84046AB
:10A68000FBF7E8F837854046FBF7E4F8BDE8F081D2
:10A6900070B504460D4600BF00BF2646B58420466F
:10A6A0000FF04BFB70BD2DE9F04180460F4600BF17
:10A6B00000BF4646B7F5B47F02DDA7F5B47087B298
:10A6C000308DF18C401A04B2308DC01B05B2002CC5
:10A6D00002DA04F5B47004B2002D02DA05F5B470A4
:10A6E00005B2281B002801DD281B00E0601BB428F0
:10A6F00003DD40460FF021FB12E0A54207DAF18CA2
:10A700004FF400333A464046FBF73EF808E0AC42CF
:10A7100006DAF28C4FF4003339464046FBF734F842
:10A720004046FBF797F8F7844046FBF793F8BDE8FF
:10A73000F0812DE9F04107460D4600BF00BF3C46C1
:10A74000B4F92E00A84201D1BDE8F081B4F932007D
:10A75000A84202DAB4F9320000E028460646B4F90D
:10A760003000B04202DDB4F9300000E03046064669
:10A77000B4F92E00B04200D1E6E7E68538461CF079
:10A7800075FC00BFE0E70A8802804A8842808A8818
:10A790008280CA88C28070470A8802804A884280C4
:10A7A0008A888280CA88C28070470A8802804A8864
:10A7B00042808A888280CA88C28070470A88028064
:10A7C0004A8842808A888280CA88C28070470A8804
:10A7D00002804A8842808A888280CA88C280704704
:10A7E0000A8802804A8842808A888280CA88C28019
:10A7F00070470A8802804A8842808A888280CA8894
:10A80000C28070470A8802804A8842808A88828093
:10A81000CA88C28070470A8802804A8842808A8833
:10A820008280CA88C28070470A8802804A88428033
:10A830008A888280CA88C28070470A8802804A88D3
:10A8400042808A888280CA88C28070470146C88850
:10A850004A88801A401C00B270470146C8884A885E
:10A86000801A401C00B270470146C8884A88801A86
:10A87000401C00B270470146C8884A88801A401CB4
:10A8800000B270470146C8884A88801A401C00B24E
:10A8900070470146C8884A88801A401C00B2704739
:10A8A0000146C8884A88801A401C00B27047014699
:10A8B000C8884A88801A401C00B270470146C88880
:10A8C0004A88801A401C00B270470146C8884A88EE
:10A8D000801A401C00B270470146C8884A88801A16
:10A8E000401C00B270470146C8884A88801A401C44
:10A8F00000B270470146C8884A88801A401C00B2DE
:10A9000070470146C8884A88801A401C00B27047C8
:10A9100010B50146B1F90420B1F90030D21A521C29
:10A92000B1F90630B1F902401B1B5B1C02FB03F0BE
:10A9300010BD014688880A88801A401C00B2704702
:10A94000014688880A88801A401C00B27047014678
:10A9500088880A88801A401C00B27047014688889F
:10A960000A88801A401C00B27047014688880A880D
:10A97000801A401C00B27047014688880A88801AF5
:10A98000401C00B27047014688880A88801A401C23
:10A9900000B27047014688880A88801A401C00B2BD
:10A9A0007047014688880A88801A401C00B27047A8
:10A9B000014688880A88801A401C00B27047014608
:10A9C00088880A88801A401C00B27047014688882F
:10A9D0000A88801A401C00B27047014688880A889D
:10A9E000801A401C00B27047014688880A88801A85
:10A9F000401C00B27047014688880A88801A401CB3
:10AA000000B27047014688880A88801A401C00B24C
:10AA10007047014688880A88801A401C00B2704737
:10AA200003885B1A1BB2038083880B441BB28380AC
:10AA300043889B1A1BB24380C38813441BB2C38054
:10AA4000704703880B441BB2038083880B441BB2FE
:10AA50008380438813441BB24380C38813441BB2D2
:10AA6000C380704710B5029C018042808380C480FF
:10AA700010BD42880A44521E12B2C280704702883A
:10AA80000A44521E12B282807047F0B506460D4647
:10AA90000024002E02DA601CC4B276423746002D34
:10AAA00002DAA01CC4B26D42AC46674509D9CCEBB2
:10AAB0000C1000EB4000B0FBF7F304F11000C4B23F
:10AAC00005E0C7EB071000EB4000B0FBFCF30022F1
:10AAD000D9B2162910DD2C2901DC501CC2B229295B
:10AAE00001DC501CC2B2252901DC501CC2B2202955
:10AAF00012DC501CC2B20FE0022901DB501CC2B2B2
:10AB0000062901DB501CC2B20A2901DB501CC2B26B
:10AB10000F2901DB501CC2B2134404F0100008B12D
:10AB2000C3F15A0304F0020038B104F0010008B187
:10AB3000B43307E0C3F1B40304E004F0010008B14A
:10AB4000C3F5B47398B2F0BD70B504460D46264601
:10AB5000F56030680FF0F1F870BD2DE9F041064660
:10AB6000346827683D464FF0FF30E06005F13C0057
:10AB7000844202D1A068686205E005F14C0084427D
:10AB800001D1A068286320680FF0D7F8BDE8F081F4
:10AB900070B506460C4625460020A8626420E8628F
:10ABA000002028636862A88600212987E9866987D2
:10ABB00085F85C0005F13C01204600F0C8F805F17D
:10ABC0004C01204600F0C3F8082120460CF0DCF8C8
:10ABD000102120460CF0D8F800221146204600F043
:10ABE00022F970BD70B506460C462546002105F1D8
:10ABF0003C00FEF759FF002105F14C00FEF754FF21
:10AC000070BD00002DE9F34F83B03C4804990CF06F
:10AC1000C5FD02900298012802D005B0BDE8F08F72
:10AC2000049806F07EFB0546049806F0DBFB06461A
:10AC3000132D50D14FF4003130460BF02CFF019012
:10AC4000049806F0CCFB0446B4F900100198814248
:10AC500002DDB4F9000000E00198208000213046B8
:10AC60000EF076F88046002130460EF01AF9814643
:10AC7000002130460EF0D8F98246002130460DF012
:10AC80008AFF0746C84501DA404600E04846BA4513
:10AC900001DA514600E03946884205DAC84501DA52
:10ACA000404606E0484604E0BA4501DA504600E076
:10ACB00038468346BBF1000F0CDAB4F90000CBF143
:10ACC0000001884202DDB4F9000001E0CBF1000090
:10ACD00000B220800FE0012D01D0082D06D13446AE
:10ACE00004F1340130460FF062F804E0152D02D172
:10ACF0000498F0F7E3F800BF8FE70000984804904D
:10AD0000014600BF00BF0A4692F85C0000F0030055
:10AD10007047024600BF00BF114691F85C0000F08A
:10AD20000300022801D0886A7047886D401C08B172
:10AD3000486DF9E7086BF7E7024600BF00BF114610
:10AD4000886C401C08B1486C7047486AFCE7086092
:10AD500000224A608A60521ECA6070472DE9F041A5
:10AD600007460D46164600BF00BF3C46A06AA842F3
:10AD700004D1E06AB04201D1BDE8F081E662A5628B
:10AD80003846FFF7BDFF022800D02563606AB04255
:10AD900005DD666200223846616A00F044F8606AA8
:10ADA000A84205DA656200223846616A00F03BF885
:10ADB00038460EF0C2FF00BFDEE7F8B506460D4686
:10ADC000174600BF00BF344694F85C0000F0030053
:10ADD000022800D0F8BDD4E90A10A84201DD2846B7
:10ADE00000E0E06A814201DDA06A05E0E06AA84275
:10ADF00001DD284600E0E06A0546606AA84201DA03
:10AE0000606A00E028460546206BA84200D1E1E7D1
:10AE100004F14C0304F1300229463046009700F05B
:10AE200035F800BFD6E7F8B506460D46174600BF11
:10AE300000BF3446606AA84200D1F8BDD4E90A10C8
:10AE4000A84201DD284600E0E06A814201DDA06AF7
:10AE500005E0E06AA84201DD284600E0E06A054618
:10AE6000206BA84201DD206B00E028460546606AA1
:10AE7000A84200D1E1E704F13C0304F12402294691
:10AE80003046009700F002F800BFD6E72DE9F04702
:10AE900092B007460D4616461C46DDF86890B9F19B
:10AEA000000F04D1356038460EF047FF33E0E0680C
:10AEB000401C18B930686060A56002E0A06860605E
:10AEC000A560356000212046FEF7EEFD02A8FEF7E2
:10AED00033FE00BF029400BF1048039000BF002063
:10AEE0004FF4807109900A900B9100BF0C480590B7
:10AEF00000BF4FF0000A6522514638460EF0FCF8BC
:10AF00000190DDF8048000BFCDF8308000BF02A8BA
:10AF1000FEF7DCFE00BF12B0BDE8F08749AB019040
:10AF20005BAB01902DE9F04F04460D46C4F58061FE
:10AF300001FB01F0860A06FB01F04FEA902C04FBAE
:10AF400004F0870A07FB04F04FEA90280CFB05F099
:10AF50004FEA902906EB4600604350434FEA105AEF
:10AF600001EB4100784358434FEA105B099808FB16
:10AF700000F04FEA902E09EB0A0058447044BDE8F7
:10AF8000F08F70B505460C46102120460BF0FCFEF4
:10AF90004FF4806120460BF0DBF970BD70B50446BC
:10AFA00000BF00BF214604480BF03FFE054628467F
:10AFB0000BF0B0FE284670BDB44804902DE9F04176
:10AFC00007460C46164600BF00BF3D46288EA042ED
:10AFD00001DCBDE8F081E86A30F81400B043E96AAA
:10AFE00021F8140021463846FAF747FC06F40070B1
:10AFF00010B138460FF01EFC00BFEAE72DE9F04122
:10B0000005460E4600BF00BF2F46002406E032462C
:10B0100021462846FFF7D2FF601C84B2388EA0423A
:10B02000F5DCBDE8F081000070B506460C4625460B
:10B030000020288668864FF6FF70A8860020A86248
:10B04000E862686285F836000249204600F022FC7A
:10B0500070BD00000C03002470B5044600BF00BFA3
:10B06000214604480BF0E1FD054628460BF052FE50
:10B07000284670BDD048049070B506460C4625465B
:10B08000A86A0AF063FBE86A0AF060FB0020A86285
:10B09000E86270BD2DE9F34F83B0FB4804990CF0D2
:10B0A0007DFB0746012F02D005B0BDE8F08F049864
:10B0B00006F037F90546049806F094F980464446B0
:10B0C000132D18D1049806F08AF906464046F9F780
:10B0D0005FF868B1608E002806DD40460CF004FC85
:10B0E000618E90FBF1F000E0002000B2308001E0C2
:10B0F0000020308000BF2A2D04D14046616A00F054
:10B10000C9FB29E3292D04D14046616A00F0C2FB46
:10B1100022E3012D60D1049806F061F98246A18EE8
:10B120004046FAF7AAFB08F0FFFA064608F051FB82
:10B130008146B9F1010F02D0B9F1030F1ED102A966
:10B14000504608F00BFB02A94046F7F7FFFA064607
:10B150004FF6FF70864210D0E16A31F81600EBF727
:10B1600053FF50B9E16A31F81600EBF749FF20B9F7
:10B17000A686A18E4046FAF780FB00BFA08E4FF650
:10B18000FF71884227D0A28EE16A31F81200EBF7F6
:10B1900033FF00BBA28EE16A31F81200EBF738FFF3
:10B1A000C8B9A28EE16A31F81200EBF72DFF90B911
:10B1B000A28EE16A31F81200EBF722FF58B9A08E97
:10B1C000019001AA1C21404606F012F90746012F02
:10B1D00000D069E700BFBFE2022D59D1049806F004
:10B1E000FEF882464FF6FF7608F09EFA83465846F0
:10B1F00008F0EFFA8146B9F1040F02D0B9F1020F5D
:10B2000000D151E702A9584608F0A8FA02A9404621
:10B21000F7F79CFA0646A08EB04238D0A08E4FF6C3
:10B22000FF71884203D0A18E4046FAF726FBA6861E
:10B23000504608F0D1FB4FF6FF70864227D0E16AF6
:10B2400031F81600EBF7E0FE08BBE16A31F81600B2
:10B25000EBF7D6FED8B931464046FAF70EFBE16A65
:10B2600031F81600EBF7C8FE88B9A28EE16A31F812
:10B270001200EBF7CDFE50B9019601AA1C21404601
:10B2800006F0B6F80746012F00D00DE700BF63E2D5
:10B29000082D69D1A08E4FF6FF7188425FD0A28E33
:10B2A000E16A31F81200EBF79FFE80B3A28EE16AEB
:10B2B00031F81200EBF7A8FE48BBA28EE16A31F824
:10B2C0001200EBF78DFE78B194F8360000F0010023
:10B2D00050B9A18EE06A30F8110020F08000A28EF3
:10B2E000E16A21F8120009E0A18EE06A30F811004D
:10B2F00040F08000A28EE16A21F8120094F8360036
:10B3000000F0010018B1A18E404614F011FDA28E8C
:10B31000E16A31F81200EBF76FFE30B9A28EE16AF4
:10B3200031F81200EBF774FEC8B1A28EE16A31F871
:10B330001200EBF769FE90B9A28EE16A31F81200B3
:10B34000EBF75EFE58B9A08E019001AA1C21404681
:10B3500006F04EF80746012F00D0A5E600BFA18EEB
:10B360004046FAF78AFAF7E1062D28D1A08E4FF66B
:10B37000FF7188428BD0A28EE16A31F81200EBF7A0
:10B380004FFE0028EFD1A28EE16A31F81200EBF7F0
:10B390003BFE0028E7D1A28EE16A31F81200EBF7FC
:10B3A0002FFE0028DFD1A08E019001AA1C2140466B
:10B3B00006F01EF80746012F00D075E6CCE1032DFC
:10B3C00007D1A18E4046FAF758FA4FF6FF70A086D3
:10B3D000C2E10E2D5ED1049806F001F88246504677
:10B3E00008F0F7F98346BAF1000F07D1002008F002
:10B3F000A1F98246504608F0ECF9834640460CF02D
:10B40000FDFA064606F0E0FE8146A08E4FF6FF717B
:10B4100088423ED1BBF1020F05D0BBF1040F35D1FC
:10B42000B9F1000F32D0002694F8360000F0010088
:10B43000B8B100E0761CE16A31F81600EBF7E0FDE8
:10B440000028F7D1E16A31F81600EBF7DDFD00289E
:10B45000F0D1E16A31F81600EBF7CAFD0028E9D017
:10B460000FE000E0761CE16A31F81600EBF7C8FD4A
:10B470000028F7D1E16A31F81600EBF7C5FD002886
:10B48000F0D1A68605E00000D04804904FF6FF708A
:10B49000A08661E10F2D01D0102D0CD1A08E4FF6AA
:10B4A000FF71884203D0A18E4046FAF7E6F94FF6C5
:10B4B000FF70A08650E10D2D79D1A18E4046FAF79C
:10B4C000DCF9049805F08BFF90F80090B9F1130FA8
:10B4D0002BD1A08E4FF6FF71884202D10020A086AA
:10B4E00002E0A08E401CA086A08E218E884201DB47
:10B4F0000020A08608E0A08E401CA086A08E218E91
:10B50000884201DB0020A086A28EE16A31F8120099
:10B51000EBF776FD0028EED1A28EE16A31F8120039
:10B52000EBF772FD0028E6D10CE1B9F1140F2ED132
:10B53000A08E4FF6FF71884201D10020A086A08E18
:10B5400018B9208E401EA08605E0A08E002802DDDE
:10B55000A08E401EA08609E0A08E002803DDA08EEC
:10B56000401EA08602E0208E401EA086A28EE16AC8
:10B5700031F81200EBF744FD0028EDD1A28EE16A0C
:10B5800031F81200EBF740FD0028E5D1DAE0B9F11F
:10B59000120F6AD1002140460DF072FB8346A08E47
:10B5A0004FF6FF7188421DD10020A08609E0CEE051
:10B5B000A08E401CA086A08E218E884201DB002038
:10B5C000A086A28EE16A31F81200EBF719FD00287F
:10B5D000EED1A28EE16A31F81200EBF715FD0028DA
:10B5E000E6D141E0A28EA16A01EBC200FFF703FAA7
:10B5F000A28EA16A31F8321001EB60000FFA80FAD6
:10B60000A68E28E0A06A00EBC600B0F90200A28E68
:10B61000A16A01EBC201B1F90210884219DDA06AEA
:10B6200030F93600504514DCA06A00EBC600B0F9D2
:10B630000400584450450CDBE16A31F81600EBF782
:10B64000E3FC30B9E16A31F81600EBF7D9FC00B938
:10B6500004E0701C86B2208EB042D3DC00BF208E86
:10B66000B04200DDA68600BF6CE0B9F1110F69D1D0
:10B67000002140460DF004FB8346A08E4FF6FF717B
:10B6800088421CD10020A08608E0A08E401CA08625
:10B69000A08E218E884201DB0020A086A28EE16A66
:10B6A00031F81200EBF7ACFC0028EED1A28EE16A73
:10B6B00031F81200EBF7A8FC0028E6D141E0A28E99
:10B6C000A16A01EBC200FFF796F9A28EA16A31F8D8
:10B6D000321001EB60000FFA80FAA08E06B229E06A
:10B6E000A06A00EBC600B0F90200A28EA16A01EBCD
:10B6F000C201B1F9021088421ADAA06A30F93600A4
:10B70000A0EB0B00504513DCA06A00EBC600B0F9BB
:10B71000040050450CDBE16A31F81600EBF774FCCD
:10B7200030B9E16A31F81600EBF76AFC00B903E0C2
:10B73000701E06B2002ED3DA00BF002E00DBA686F4
:10B7400000BF00BFA18E4046FAF797F804E0152D20
:10B7500002D10498F0F7B4FE00BFA5E42DE9F04152
:10B7600080460E4600BF00BF4FF6FF70864202D1F2
:10B770000020BDE8F0814446208EB04201DA00206E
:10B78000F7E7002500270CE0781C87B2681C85B21B
:10B79000616A51F8250008A1E4F702FF08B9681CA6
:10B7A00085B2B742F0D1208EB84201D10020E0E747
:10B7B000606A50F82500DCE70A000000014600BF7F
:10B7C00000BF0A46908E704710B5034600BF00BF09
:10B7D0001C46208E884201DC002010BDE06A30F853
:10B7E00011001040904201D10120F6E70020F4E75B
:10B7F0002DE9F04107460D46164600BF00BF3C4606
:10B80000208EA84201DCBDE8F08194F8360000F0FB
:10B81000010030B106F0800018B180213846FFF7F2
:10B82000EDFBE06A30F815003043E16A21F81500BD
:10B8300029463846FAF721F806F4007010B1384668
:10B840000EF0F8FF00BFDEE72DE9F04105460E4699
:10B8500000BF00BF2F46002406E03246214628469E
:10B86000FFF7C6FF601C84B2388EA042F5DCBDE84D
:10B87000F08170B504460E4600BF00BF2546298EF4
:10B880004A003146E86A09F0EAFF2046696A00F09A
:10B8900001F870BD2DE9F34F91B0804600BF00BFA5
:10B8A000129810B913B0BDE8F08F44464046129983
:10B8B000EAF7BCFD129E6662002541F26A42294603
:10B8C00020460DF019FC08900898C0B21090002195
:10B8D00040460DF04AFA0F90002140460DF0B1FBB2
:10B8E0000E90002140460DF044FB0D900021404693
:10B8F0000DF0C6F9834640460CF015F80C90404612
:10B900000BF0F2FF0B90628E521E0D990B9801FB0B
:10B91000120000B20A90002009908146129E002772
:10B92000A1E00020089000250CE009EB0502E16A87
:10B9300031F81200F7F708F80899084480B2089027
:10B94000681C85B256F8250050B156F825004CA168
:10B95000E4F726FE20B156F8250000780028E4D14F
:10B960001DB9681C06EB80067CE00A987843618E5E
:10B97000B0FBF1F10E9801440D9807FB001000B2E6
:10B980000790791C0A984843618EB0FBF1F10E983C
:10B9900001440D9807FB0010401E00B20690691E7E
:10B9A0000C980BFB110000B205900598002801DAF5
:10B9B000002005900020049082464DE0E16A31F8B5
:10B9C0001900F6F7C1FF0390DDE904104843089918
:10B9D000B0FBF1F00AFB0B0000B20290DDE90310AE
:10B9E0000844059948430899B0FBF1F00AFB0B00A5
:10B9F000401E00B20190109801280ED102980199C2
:10BA000002910190029A0C99891A09B202910C993B
:10BA10000198091A09B2019100BF0F9902980844D0
:10BA200000B202900F990198084400B20190069864
:10BA30000090A16A01EBC900DDE90131079AFFF727
:10BA400011F8DDE90310084404900AF1010A09F134
:10BA500001090998401C0990AA45AFD3681C06EB60
:10BA6000800600BF7F1C608EB8423FF65AAF40464A
:10BA70000EF0E0FE40460EF060F900BF12E7000055
:10BA80000A00000070B504460D4600BF00BF264600
:10BA900086F836500021204614F04AF970BD70B582
:10BAA00006460C4600BF00BF3546288EA04204DC87
:10BAB0004FF6FF70844200D070BDA98E3046F9F772
:10BAC000DCFEAC8621463046F9F7D7FE00BFF3E72F
:10BAD0002DE9F04781460D462C4640F2E470208562
:10BAE00001212A2001552B20015540F2E470A08548
:10BAF0002E2001552F20015500202063A086A8216B
:10BB000004F58C700AF039F80027002626E06EB1A3
:10BB1000701CC11700EB5171C910A0EBC10129B90C
:10BB200031A104F1380040F8261015E0082E07DA9C
:10BB30002E4850F8261004F1380040F826100BE08B
:10BB4000782104F58C7000F8271000EB8701E038AD
:10BB500040F82610781CC7B2701CC6B2382ED6DB4F
:10BB600023A1C4F814112846FFF776FA606204F1A5
:10BB70003801606AFFF78EFE4FF48871606AFFF744
:10BB800063FE00231A221B49606A0AF099FB6420B5
:10BB9000002804DAC0F57A7141F4005101E040F464
:10BBA00000510FFA81F84146606A0FF015FD01213E
:10BBB00028460FF0F1F90121606A0FF0FFF994F9BE
:10BBC0002E20A18D284600F01FF894F92B3094F90F
:10BBD0002A20218D284600F0D9F84FF48041606A70
:10BBE0000AF0B6FBBDE8F0870A00000084010024DB
:10BBF0000000000009DB0090014600BF00BF0A46BC
:10BC000002F12C00704700002DE9F74F82B0064684
:10BC100000BF00BF34460398A085049841B22E208F
:10BC2000015501212F200155A08DADF804002E20D3
:10BC3000005D8DF806002F20005D8DF807002021A3
:10BC4000606AFFF7DBF9002506E020222946606ADA
:10BC5000FFF7CEFD681CC5B2072DF6DB9DF9061077
:10BC6000BDF80400F7F7D8FA81469DF90610BDF833
:10BC700004000122F6F7F4FE07463D464FF00108A6
:10BC80000EE004F58C7101EB850043463EA20421D1
:10BC900011F018F8681CC5B208F1010000F0FF08A7
:10BCA00009EB0700A842ECDC9DF90620511EBDF807
:10BCB0000400F7F7B1FA82460025AAEB0700401C02
:10BCC00000F0FF0813E004F58C7101EB850043469A
:10BCD0002DA2042110F0F6FF2022E91D606AFFF773
:10BCE00087FD681CC5B208F1010000F0FF08BD42E5
:10BCF000E9DB07EB0900C5B24FF0010813E004F5DA
:10BD00008C7101EB850043461FA2042110F0DAFF7D
:10BD10002022E91D606AFFF76BFD681CC5B208F1BF
:10BD2000010000F0FF082A2DE9DB3046F8F782FA1F
:10BD3000606AFFF743FD4FF6FF71884203D0F91D9B
:10BD4000606AFFF7ACFE30460DF0F7FF30460BF0AF
:10BD500068FD8346002511E0294630460BF043FD7F
:10BD60000090616A0098814200D105E032461C21B2
:10BD7000009805F03DFB00BF681CC5B25D45EBD3E4
:10BD800005B0BDE8F08F0000256400002DE9F0410A
:10BD900004460E461746984600BF00BF25462E852E
:10BDA00079B22C462A2041554FFA88F12B20415573
:10BDB0002046F8F73FFABDE8F081F7B5054616468C
:10BDC00000BF00BF2F4607F13000E9F7D9F904465C
:10BDD00000BF1CB900BF00BF00BFFEE700BF0CB929
:10BDE0000020FEBD47F6FF7020806080A08000200C
:10BDF0006073BDF80400E08026732046F1E72DE96A
:10BE0000F74F0746164600BF00BF00BF00BF3D46C4
:10BE100005F12400E9F7B4F9044600BF1CB900BFDE
:10BE200000BF00BFFEE700BF14B90020BDE8FE8FD1
:10BE300047F6FF7ABDF804002081B5F8821048006B
:10BE400009F0B6FB606000BF606818B900BF00BFB2
:10BE500000BFFEE700BF95F8880000F00700032848
:10BE60000DD1B5F88210480009F0A2FB206000BF98
:10BE7000206818B900BF00BF00BFFEE700BF6068C0
:10BE800048B9214605F12400E9F7C6F9204609F032
:10BE90005DFC0020CAE700206081207B20F00400C8
:10BEA0002073207B20F001002073B008217B60F319
:10BEB000C3012173207B66F304102073D4F804902F
:10BEC0004FF0000807E0A9F800A009F1020908F105
:10BED00001001FFA80F8B5F882004045F3DC2046E7
:10BEE000A4E770B506460C462546102105F124004E
:10BEF000E9F73EF9102105F13000E9F739F90020A2
:10BF0000A5F86C00A5F8740000216E20415376203E
:10BF100041536420A5F87000A5F8780064217220D0
:10BF200041537A20415303207C3568800520A88046
:10BF30000A20E88047F6FF702880287B20F0070061
:10BF4000401C2873287B20F0080028734FF4807071
:10BF5000288168817C3D70BD70B5044600BF00BF7C
:10BF6000214604480AF061FE054628460AF0D2FE42
:10BF7000284670BD50C003902DE9F04180460E4622
:10BF8000344613E004F12400E9F7C7F80546287B9E
:10BF9000C0F3800010B9686809F0D8FB294604F1A5
:10BFA0002400E9F739F9284609F0D0FBA06A0028F7
:10BFB000E8D104F12400E9F798F80CE004F130002E
:10BFC000E9F7ABF80746394604F13000E9F724F900
:10BFD000384609F0BBFB606B0028EFD104F130005C
:10BFE000E9F783F8BDE8F0812DE9F84F884641462E
:10BFF0006F480BF0D3FB8146B9F1010F01D0BDE8CA
:10C00000F88F404605F08DF90546404605F0EAF9FF
:10C0100006463446012D2FD107F086FB834669463C
:10C02000584607F09BFBBDF80000B18A401A00B2E9
:10C03000ADF8000030460BF0E1FDBDF800100844FB
:10C040000FFA80FA51463046F6F76AFE0746B4F812
:10C050007C00B8420FD0B9B23046F9F797FCB4F87B
:10C060007C103046F9F792FCA4F87C7000221C2169
:10C07000304605F0BDF998E0082D09D1B4F87C10E0
:10C080003046F9F783FC47F6FF70A4F87C008CE09B
:10C09000292D03D130460EF0FCFB86E0132D33D161
:10C0A000B4F94020B4F94C00824202DDB4F94000FA
:10C0B00001E0B4F94C00B4F95830B4F9642093426B
:10C0C00002DDB4F9582001E0B4F9642090420BDDA0
:10C0D000B4F94020B4F94C00824202DDB4F94000CA
:10C0E0000DE0B4F94C000AE0B4F95820B4F964004A
:10C0F000824202DDB4F9580001E0B4F9640001465F
:10C10000404605F0ABF950E02C2D16D1404605F025
:10C1100066F9074630460BF006FCB4F88410484335
:10C12000001200B2388030460BF0DEFBB4F8861007
:10C130004843001200B2788037E0152D35D14046D3
:10C1400005F0F7F8074639463046EEF785FA3946E6
:10C150003046ECF767FD04F12400E9F751F8F8B92F
:10C1600094F8880000F00700012804D139463046D1
:10C17000F2F7C8FB14E094F8880000F007000228EA
:10C1800004D139463046F2F777FA09E094F888008E
:10C1900000F00700032803D139463046F2F748FE85
:10C1A00039463046EEF748F800BF00BF27E70000E9
:10C1B00050C003902DE9F04F87B081460E461746D8
:10C1C0001D4600BFB9F1000F03D100BF00BF00BF83
:10C1D000FEE700BF00BF1EB900BF00BF00BFFEE703
:10C1E00000BF00BF00BF4C46B4F88200B84207DC75
:10C1F00000BF00BF00202880688007B0BDE8F08F36
:10C2000048460BF090FB34F8841F484300120FFAA5
:10C2100080F848460BF068FB6188484300120FFA2B
:10C2200080FA2079843C00F00700012809D108FB3E
:10C2300007F0B4F88210491E90FBF1F000B228809C
:10C2400079E094F8880000F00700032818D1CDF8B1
:10C250000080336833F91700337BC3F3C00C04F15B
:10C26000780333F91C20337BC3F3C00C04F174034F
:10C2700033F91C10002309F087F900B228805AE036
:10C2800094F8880000F00700022854D104F124003B
:10C29000E8F749FF05904FF4A02148460CF0C9FC8F
:10C2A00082346188484300120490002148460CF013
:10C2B000C0FC61884843001203902188491E0398FE
:10C2C00001FB1081208891FBF0F000B202900599EB
:10C2D0000298B0FBF1F000B2019008FB07F034F8CF
:10C2E000821990FBF1F000B228800020009004F148
:10C2F0002400E8F737FF00900EE00098B04200D12C
:10C300000DE029880198084400B2288004F1240037
:10C310000099E8F721FF009000980028EDD100BFB8
:10C32000049A0199881A00EBD0712A8802EB610106
:10C3300009B2298000BF002148460CF0C8FA8346A4
:10C34000002148460CF0DDFC58442988084400B21E
:10C35000288048460BF052FC2988081A00B2288031
:10C3600000200690706830F91710307BC0F300127F
:10C3700004F16C0030F91200081A00FB0AF0069074
:10C38000307BC0F3001104F1700030F91110307BE4
:10C39000C0F3001204F16C0030F91200091A06987B
:10C3A00090FBF1F006900698AAEB000000B26880BE
:10C3B000002148460CF011FE58446988084400B238
:10C3C000688048460BF014FD6988081A00B268803E
:10C3D00000BF12E701460A46B2F87C00704770B50C
:10C3E00005460E4600BF00BF2C4626B904F12400C6
:10C3F000E8F793FE70BD314604F12400E8F7A5FE8E
:10C40000F8E710B5044600BF00BF20460DF095FCCC
:10C4100010BD2DE9F04107460C4615461E4600BFEB
:10C420001CB900BF00BF00BFFEE700BFA680002010
:10C43000607325B900213846FFF7D1FF0546A56096
:10C440003846FFF7DEFFBDE8F08170B506460C46C2
:10C45000154600BF00BF00BF1CB900BF00BF00BF32
:10C46000FEE700BF207BC0F3800020B9606810B1F8
:10C47000606809F06BF9207B20F00400001D207338
:10C48000656030460DF059FC70BD2DE9F04107465E
:10C490000E4600BF00BF3D46B5F88200B04201D154
:10C4A000BDE8F081012E00DA012605F12400E8F74D
:10C4B00059FE044621E095F8880000F007000328A3
:10C4C00009D1207BC0F3400028B9234632462146DB
:10C4D000384614F045F9207BC0F3800028B9231DAD
:10C4E00032462146384614F03BF90020608121464F
:10C4F00005F12400E8F730FE0446002CDBD1A5F856
:10C5000082603846FFF77DFF00BFC9E72DE9F041A3
:10C510000746884616461D4600BF00BFB54201D1FA
:10C52000681C00E0284605B23C46B8F1000F09D06F
:10C53000B8F1010F0BD0B8F1020F0DD0B8F1040F14
:10C5400014D10EE0A4F86C60A4F8705012E06E20D4
:10C550000653722005530DE0A4F87460A4F87850D7
:10C5600008E0762006537A20055303E000BF00BFA1
:10C57000BDE8F08100BF3846FFF743FF00BFF7E793
:10C5800070B504460D4600BF00BF2646B6F88400CD
:10C59000A84200D170BDA6F8845020460EF079F96B
:10C5A000002120460DF0D8FD20460DF0C6FB00BF4F
:10C5B000F0E770B504460D4600BF00BF2646B6F84A
:10C5C0008600A84200D170BDA6F8865020460EF025
:10C5D00060F9002120460DF0BFFD20460DF0ADFBB7
:10C5E00000BFF0E770B506460C46254608A0686215
:10C5F0000120A8620221204609F0AAFE0821204657
:10C6000009F0A6FE4FF48061204609F0A1FE70BD3E
:10C61000436865636B20626F7800000070B5064662
:10C620000C46254695F8280000F0010020B9686AFC
:10C6300009F08CF80020686270BD00002DE9F14F10
:10C64000BEB03E9804F0CEFE044625463E9804F067
:10C6500070FE3D90002120460CF00FFE074600BF03
:10C66000B7F908000646A2464FF0000B41F232022D
:10C67000594650460CF040FD0290029800B28046A8
:10C68000002120460CF0EAFC40440FFA80F900211A
:10C6900020460CF077FB404400B23C90002120463D
:10C6A0000CF0FBFA3B904FF4003120460CF06AFB93
:10C6B0003A904FF4003120460CF00DFC39904FF4C5
:10C6C000003120460CF0CAFC38904FF4003120466F
:10C6D0000CF07BFA37904FF4003B40F60A025946C3
:10C6E00050460CF009FD0290029800B2369000BF4F
:10C6F00040F60B02594650460CF0FEFC02900298A0
:10C7000000B2359027A803F0CDF827AA5946204655
:10C710000DF064F9A18A3C98084400B2ADF8940089
:10C72000BDF8940081193A98014439980844401E94
:10C7300000B2ADF89800E08A484400B2ADF8960027
:10C74000BDF8960081193898014437980844401E76
:10C7500000B2ADF89A0000BFBDF89400ADF88C00AF
:10C76000BDF89600ADF88E00BDF89800ADF89000C9
:10C77000BDF89A00ADF8920000BFBDF88C10369855
:10C78000081A00B2ADF88C00BDF890103698084435
:10C7900000B2ADF89000BDF88E103598081A00B2BE
:10C7A000ADF88E00BDF892103598084400B2ADF88F
:10C7B000920011A83D990AF0CBFD27A815903748A3
:10C7C00012900020139023A8149058461E9011AA8E
:10C7D0001A21204604F00CFE23AA27A93D9803F055
:10C7E00045F811AA1B21204604F002FE0021204634
:10C7F0000CF0B2FD1090002120460CF086FD0F9049
:10C80000002141F6FF721098CDE901210090696A7C
:10C810003A460EA80F9B12F0B5FF06A802F036F8B4
:10C8200006AA002120460CF0FEFF00BFBDF89A10BA
:10C83000BDF89620891A491C09B2881B00EBD071FB
:10C84000491009B20591BDF898103B98084400B210
:10C85000ADF80C00BDF80C00BDF83810084400B26B
:10C86000ADF81000E08A00EB09010598084400B219
:10C87000ADF80E00BDF80E00BDF83A10084400B245
:10C88000ADF812000020009003AA06A96B6A3D983B
:10C8900001F048FC3FB0BDE8F08F0000EC48049088
:10C8A0002DE9F04F8DB00F4639464C480AF076FF1F
:10C8B0000C900C98012802D00DB0BDE8F08F3846DE
:10C8C00004F02FFD0446384604F08CFD05462C2C60
:10C8D00067D1384604F083FD0646AA460021284663
:10C8E0000CF0CBFC804600BFB8F90800814600215F
:10C8F00028460CF031FD8346002128460CF005FD4A
:10C900000B90002041F6FF71CDE900B10290DAF8FA
:10C91000241042460AA80B9B12F034FF002128463F
:10C920000CF0BBF909904FF4003128460CF02AFABC
:10C9300008904FF4003128460CF0CDFA07904FF4E0
:10C94000003128460CF08AFB06904FF4003128464F
:10C950000CF03BF90590089809EB00010798084492
:10C9600000B2ADF81000069809EB000105980844E4
:10C9700000B2ADF81200BDF81000BDF82810014457
:10C980000998084400B23080BDF91200BDF92A10A0
:10C99000884202DDBDF9120001E0BDF92A00708075
:10C9A0001AE0132C13D1384604F019FD06464FF453
:10C9B000003128460AF06FF88046B6F9000040457D
:10C9C00002DDB6F9000000E04046308004E0152C9E
:10C9D00002D13846FFF732FE00BF6DE7EC48049005
:10C9E00030B5044601F4C040B0F5005F01D101202C
:10C9F00000E0002030B121F4C040B0F5FA6F01DC56
:10CA0000012000E0002080B121F4C040B0F57A7F21
:10CA100004DD21F4C040C0F57A7001E021F4C0408B
:10CA20005843642590FBF5F001B202F4C040B0F524
:10CA3000005F01D1012000E0002030B122F4C040AD
:10CA4000B0F5FA6F01DC012000E0002080B122F493
:10CA5000C040B0F57A7F04DD22F4C040C0F57A70A2
:10CA600001E022F4C0405843642590FBF5F002B287
:10CA7000944201DA204600E01046884201DA084676
:10CA800030BD944201DA2046FAE71046F8E730B5A7
:10CA9000044601F4C040B0F5005F01D1012000E080
:10CAA000002030B121F4C040B0F5FA6F01DC012064
:10CAB00000E0002080B121F4C040B0F57A7F04DDB1
:10CAC00021F4C040C0F57A7001E021F4C040584321
:10CAD000642590FBF5F001B202F4C040B0F5005FB0
:10CAE00001D1012000E0002030B122F4C040B0F5B7
:10CAF000FA6F01DC012000E0002080B122F4C04088
:10CB0000B0F57A7F04DD22F4C040C0F57A7001E010
:10CB100022F4C0405843642590FBF5F002B29442E1
:10CB200001DA204600E01046884201DA084630BDAE
:10CB3000944201DA2046FAE71046F8E708B50022E9
:10CB40001146104600F05DF90090BDF8001008464F
:10CB500008BD08B500221146104600F06AF90090A1
:10CB6000BDF80010084608BD1CB50020014602466D
:10CB7000D408BDF8003064F304038C080093BDF8BA
:10CB8000003064F34A13C4080093BDF8003064F326
:10CB9000CF230093BDF8004023460193BDF8041055
:10CBA00008461CBD08B500221146104600F089F960
:10CBB0000090BDF80010084608BD01B583B0039889
:10CBC0000190BDF80400C00AC0EBC00202EB0020D7
:10CBD000C01DC0F347108DF80200BDF80400C0F37B
:10CBE000451000EB400202EB0020C01CC0F3871090
:10CBF0008DF80100BDF8040000F01F00C0EBC0027A
:10CC000002EB0020C01DC0F347108DF80000FF208C
:10CC10008DF80300009802909DF808009DF80A2006
:10CC2000032313FB02009DF80920042313FB0201D8
:10CC3000C1F3C70004B000BD13B582B00C46FFF7C6
:10CC4000B1FF22460190029900F0F4F90090BDF87E
:10CC50000010084604B010BD37B503461C4604F06A
:10CC6000030525B1BDF804501D809B1C521EBDF864
:10CC7000045005EB0541184610E00160001D0160FD
:10CC8000001D0160001D0160001D0160001D0160AC
:10CC9000001D0160001D0160001D103A102AECD833
:10CCA000034604E0BDF804501D809B1C521E002A60
:10CCB000F8D13EBD0160704708B5014601F4780027
:10CCC000000A01F47C4240EA5210C1F3C40210434E
:10CCD0000090BDF80020104608BD2DE9F04F85B04A
:10CCE000824689461446CAEB0A204FF4B471B0FB61
:10CCF000F1F01FFA80FAC9EB0920642190FBF1F0F2
:10CD000000F0FF09C4EB042090FBF1F0C4B2B9F1CC
:10CD1000000F0BD122462146204600F0D2F80090A9
:10CD2000BDF80010084605B0BDE8F08F2B209AFB37
:10CD3000F0F0C0B204902B21049810FB01F0AAEB94
:10CD4000000000EB40004006000E0390C9F1FF0018
:10CD500060434FEA2028039809FB00F0FF21A1EB74
:10CD600020206043001202900398C0F1FF0000FBF6
:10CD700009F0A1EB202060434FEA202B04980528FE
:10CD800018D2DFE800F003070B0F130025465E46BC
:10CD9000474613E0029D264647460FE04546264695
:10CDA0005F460BE04546029E274607E05D46464645
:10CDB000274603E025464646029F00BF00BF3A468D
:10CDC0003146284600F07DF80190BDF80410084671
:10CDD000A9E718B50346D408BDF8000064F30400C1
:10CDE0008C080090BDF8000064F34A10DC08009045
:10CDF000BDF8000064F3CF200090BDF8004020464D
:10CE000018BD18B50346D408BDF8000064F304004B
:10CE10008C080090BDF8000064F34A10DC08009014
:10CE2000BDF8000064F3CF200090BDF8004020461C
:10CE300018BD18B50346D408BDF8000064F304001B
:10CE40008C080090BDF8000064F34A10DC080090E4
:10CE5000BDF8000064F3CF200090BDF800402046EC
:10CE600018BD18B50346D408BDF8000064F30400EB
:10CE70008C080090BDF8000064F34A10DC080090B4
:10CE8000BDF8000064F3CF200090BDF800402046BC
:10CE900018BD18B50346D408BDF8000064F30400BB
:10CEA0008C080090BDF8000064F34A10DC08009084
:10CEB000BDF8000064F3CF200090BDF8004020468C
:10CEC00018BD18B50346D408BDF8000064F304008B
:10CED0008C080090BDF8000064F34A10DC08009054
:10CEE000BDF8000064F3CF200090BDF8004020465C
:10CEF00018BD18B50346D408BDF8000064F304005B
:10CF00008C080090BDF8000064F34A10DC08009023
:10CF1000BDF8000064F3CF200090BDF8004020462B
:10CF200018BD000037B581B0101DC210BDF8080053
:10CF300040EA00400B4D00EA0501BDF8040040EA5C
:10CF4000004000EA0503581A504301EB501000EA74
:10CF5000050444EA144080B20090BDF80050284611
:10CF600004B030BD1FF8E00737B581B0101DC21006
:10CF7000BDF8080040EA00400B4D00EA0501BDF88D
:10CF8000040040EA004000EA0503581A504301EB50
:10CF9000501000EA050444EA144080B20090BDF845
:10CFA0000050284604B030BD1FF8E00737B581B007
:10CFB000101DC210BDF8080040EA00400B4D00EA09
:10CFC0000501BDF8040040EA004000EA0503581AD4
:10CFD000504301EB501000EA050444EA144080B2CB
:10CFE0000090BDF80050284604B030BD1FF8E0079F
:10CFF00037B581B0101DC210BDF8080040EA0040EE
:10D000000B4D00EA0501BDF8040040EA004000EACB
:10D010000503581A504301EB501000EA050444EA96
:10D02000144080B20090BDF80050284604B030BDD6
:10D030001FF8E00737B581B0101DC210BDF8080019
:10D0400040EA00400B4D00EA0501BDF8040040EA4B
:10D05000004000EA0503581A504301EB501000EA63
:10D06000050444EA144080B20090BDF80050284600
:10D0700004B030BD1FF8E00707B581B0034618883B
:10D08000BDF80810C90A01FB0200803000EBC01196
:10D0900001EBC030C00DBDF8001060F3CF2100914E
:10D0A0005888BDF80810C1F3451101FB020080301B
:10D0B00000EBC01101EBC030C00DBDF8001060F3F3
:10D0C0004A1100919888BDF8081001F01F0101FB7A
:10D0D0000200803000EBC01101EBC030C00DBDF884
:10D0E000001060F30401009100BF00BFBDF8001004
:10D0F000084604B000BD07B581B003461888BDF8E6
:10D100000810C90A01FB0200803000EBC01101EBDE
:10D11000C030C00DBDF8001060F3CF2100915888D9
:10D12000BDF80810C1F3451101FB0200803000EB8F
:10D13000C01101EBC030C00DBDF8001060F34A1102
:10D1400000919888BDF8081001F01F0101FB020052
:10D15000803000EBC01101EBC030C00DBDF80010F5
:10D1600060F30401009100BF00BFBDF80010084645
:10D1700004B000BD01B581B0BDF80400C00AC0EB29
:10D18000C00101EB0020C01DC0F347108DF8020064
:10D19000BDF80400C0F3451000EB400101EB002096
:10D1A000C01CC0F387108DF80100BDF8040000F02A
:10D1B0001F00C0EBC00101EB0020C01DC0F34710F1
:10D1C0008DF80000FF208DF8030000980CBD08B515
:10D1D000FF2211461046FFF72CFE0090BDF800100C
:10D1E000084608BD1CB5FF2001460246D408BDF81C
:10D1F000003064F304038C080093BDF8003064F33E
:10D200004A13C4080093BDF8003064F3CF230093A1
:10D21000BDF8004023460193BDF8041008461CBD2C
:10D2200070B506460C4625460020A88464212620B9
:10D230004155272041553035287B20F003002873C5
:10D24000287B20F004002873002028606860303DAF
:10D25000084800782C2148554FF48031204609F0C9
:10D2600077F84FF44071204609F08EFD204614F007
:10D270001FFB70BDD80100242DE9F34F89B0F94898
:10D280000A990AF08BFA8046B8F1010F02D00BB070
:10D29000BDE8F08F0A9804F044F805460A9804F0B7
:10D2A000A1F806463446132D42D14FF440313046A2
:10D2B0000BF034FD81464FF4403130460BF0D7FD82
:10D2C00082464FF4403130460BF094FE83464FF4D3
:10D2D000403130460BF045FC0890D14501DD494610
:10D2E00000E051460898834501DD584600E0089863
:10D2F000814205DDD14501DD484607E0504605E0A5
:10D300000898834501DD584600E00898801C00B26B
:10D3100007900A9804F063F80746B7F900100798D9
:10D32000814202DDB7F9000000E00798388008E28A
:10D33000292D1BD10A9804F052F8074630460CF00C
:10D3400002F9B9883A88891A491C09B2884209D178
:10D3500030460AF05DFBF9887A88891A491C09B2BF
:10D36000884202D0304614F0A3FAEAE12A2D03D114
:10D37000304614F09DFAE4E10D2D71D10A9804F0C5
:10D380002EF80768132F01D0112F40D1606A089042
:10D3900094F83C0000F0030020B101280ED00228D0
:10D3A00024D117E0A08C401C4FF4B47190FBF1F233
:10D3B00001FB120080B2ADF8200017E02620005DCE
:10D3C000401C642190FBF1F201FB1200C0B28DF809
:10D3D00022000BE02720005D401C642190FBF1F24D
:10D3E00001FB1200C0B28DF8230000BF00BF304621
:10D3F000089900F0BAF948B100221C21304603F028
:10D40000F7FF8046B8F1010F00D040E747E0142F46
:10D4100001D0122F43D1606A089094F83C0000F0CC
:10D42000030020B101280ED0022827D119E0A08CDA
:10D43000002802DDA08C401E01E04FF4B47080B2E1
:10D44000ADF820001AE02620005D002803DD26202C
:10D45000005D401E00E06420C0B28DF822000DE0A7
:10D460001EE02720005D002803DD2720005D401E10
:10D4700000E06420C0B28DF8230000BF00BF30463A
:10D48000089900F072F948B100221C21304603F0DF
:10D49000AFFF8046B8F1010F00D0F8E600BF50E1C1
:10D4A000012D11D111F083FD606306F03DF90746AF
:10D4B00004F1380106F052F93046EBF7D5FA804610
:10D4C000B8F1010FEBD0E2E6022D7CD106F02CF989
:10D4D0008246BAF1000F00D1D9E6504606F079F93C
:10D4E0008346BBF1040F02D0BBF1020F18D13046C6
:10D4F0000CF029F8019000EBD070B18A01EB6000CC
:10D5000000B2ADF8200030460AF082FA019000EB3C
:10D51000D0704110F08A084400B2ADF8220003E058
:10D5200008A9504606F01AF9DAF80000007E0790C4
:10D53000BDF92000B4F93810401A002805DDBDF906
:10D540002000B4F93810401A04E0B4F93800BDF9ED
:10D550002010401A0799884214DCBDF92210B4F952
:10D560003A00081A002805DDBDF92210B4F93A0086
:10D57000081A04E0B4F93A00BDF92210401A0799DC
:10D58000884208DD11F013FD6063BDF8200020879C
:10D59000BDF822106187BDF82000B18A401A00B2A0
:10D5A000ADF82000BDF82210F08A081A00B2ADF8DC
:10D5B000220030460BF0C7FF80B206900020059095
:10D5C0000021304600E098E00BF0BFF88146069855
:10D5D00000EBD07149100FB2BDF82000C01B00B2A3
:10D5E000ADF82000BDF82200C01B00B2ADF822004B
:10D5F00001200490A7EB090007B2412F0ADD49463C
:10D6000009EBD172521010B2391A0FB2412F00DA61
:10D61000412700BFBDF8200010FB00F0BDF822102C
:10D6200011FB010107FB07F0814201DA00200490A1
:10D63000606B11F0AFFC03900498A8B9DAF8000011
:10D64000818B039881420FD294F83C00C0F3800094
:10D6500050B9304613F0F9F806F066F8019006F07C
:10D6600027FA14E66CC00390049800B90FE6BDF9E0
:10D670002210BDF92000FDF708FA4FF4B47190FBB9
:10D68000F1F201FB120000B20590606A029094F87A
:10D690003C0000F0030020B1012807D002281BD174
:10D6A0000FE0059880B2ADF8080015E064210598F8
:10D6B00048434FF4B47190FBF1F0C0B28DF80A000A
:10D6C0000AE06421059848434FF4B47190FBF1F0EF
:10D6D000C0B28DF80B0000BF00BF3046029900F0C9
:10D6E00044F848B100221C21304603F081FE8046F8
:10D6F000B8F1010F00D0CAE523E0112D0CD10A9832
:10D7000003F06DFE074647F6FF7206F11400396814
:10D71000E6F777FB387114E0152D06D10A98ECF77F
:10D72000AFFE0A98EDF7D7FE0BE0122D09D10A984B
:10D7300003F055FE07463878022801D001203870E2
:10D7400000BF00BFA3E538B5044600BF00BF2546B3
:10D7500027235A5D2C462623595DA88CFFF7BDFA76
:10D760000090BDF80010084638BD73B50546BDF8F9
:10D770000400B0F5B47F0ADDBDF804004FF4B471C5
:10D7800090FBF1F201FB120080B2ADF804009DF8AD
:10D790000600642802DD64208DF806009DF807006D
:10D7A000642802DD64208DF8070000BF00BF2C460E
:10D7B000A08CBDF8041088420DD12620005D9DF894
:10D7C0000610884207D12720005D9DF80710884287
:10D7D00001D100207CBD01986062284614F068F8F1
:10D7E00028460CF0AAFA0120F4E707F0C9FE04E08D
:10D7F00011F0AAFC0520E3F7F5FEF9E770B5054640
:10D800000C460CB9002013E0284600F023F96043D1
:10D810005030A02190FBF1F0012808DD284600F0EF
:10D8200019F960435030A02190FBF1F000E0012095
:10D8300000B270BD2DE9F04104460F4615461E4664
:10D840001C21204608F099F9276065602068A060D7
:10D85000E660BDE8F08100001CB504464C2120467E
:10D8600008F08BF94FF4A0702080F02060804FF01A
:10D87000FF30A080E080002020816081206920F0BE
:10D88000080008302061206920F0400020618221DA
:10D89000206961F3D01020614FF47F40002100F433
:10D8A0007C4241EA5211C0F3C40211430091BDF819
:10D8B000002011460191BDF80400A0860248E063F3
:10D8C0002064382060641CBDE5030290FEB5054667
:10D8D0005648E7F755FC044644B900BF1CB900BFE1
:10D8E00000BF00BFFEE700BF0020FEBDA86B98B9D7
:10D8F000686C07F05DFE064600BF1EB900BF00BFA2
:10D9000000BFFEE700BF0EB90020EEE73146284613
:10D91000EA6B9047AE6300BF4FF4AC71204608F04D
:10D920002CF92560424807680460224604214148DA
:10D9300011F09CFB606000BF606818B900BF00BFB9
:10D9400000BFFEE700BF606820B9204607F0FEFE7A
:10D950000020CAE7287CC0F3400068B128886988A5
:10D9600010FB01F0E968C968884205D9286920F0F0
:10D970000200286100BF00BF00BFFF221146104611
:10D98000FFF787FA0190BDF8041008460290BDF831
:10D9900008006085FF2084F8290011F0D1FA88B9C9
:10D9A00000200DF0E9FE029005200DF0E5FE01904B
:10D9B0002148002300902046DDE9011211F060FAB1
:10D9C000A06002E011F052FAA060002009F0A2FA73
:10D9D0002061002009F09EFAE061002009F09AFA27
:10D9E0002062E0690DF0B6F8206A0DF0B3F802216C
:10D9F000E06909F0C9F90221206A09F0C5F900219E
:10DA0000E0690DF0E0FB0021206A0DF0DCFB2069ED
:10DA10000CF093F906480760006808B904480460F0
:10DA2000606811F03EFC20465FE70000CC4602240F
:10DA30009C020024F93F0090E0FB03900021C268A3
:10DA40001161C26851617047014800687047000069
:10DA50009C02002400B5014611B9FFF7F5FF01460D
:10DA600009B9822000BD08680069C0F3C910F9E750
:10DA700001460868C068704700B5014611B9FFF754
:10DA8000E3FF014609B9002000BD0868007CC0F32F
:10DA90000110012802D0032805D100E000BF08686A
:10DAA000B0F90200F0E70868B0F90000ECE710B543
:10DAB000044614B9FFF7C8FF04461CB900BF00BFF5
:10DAC000002010BD206AFCE710B5044614B9FFF72A
:10DAD000BBFF04461CB900BF00BF002010BDE069B9
:10DAE000FCE7000010B504461CB90448E7F715FB35
:10DAF00010BD21460148E7F728FBF9E7CC46022490
:10DB000010B5044614B9FFF79FFF04461CB900BFC7
:10DB100000BF002010BD2069FCE710B5044614B911
:10DB2000FFF792FF04461CB900BF00BF002010BDE4
:10DB30006069FCE710B5044614B9FFF785FF044699
:10DB4000A06810BD00B5014611B9FFF77DFF014681
:10DB500009B9002000BD0868007CC0F3011001284D
:10DB600002D0032805D100E000BF0868B0F900002A
:10DB7000F0E70868B0F90200ECE72DE9FC4705463C
:10DB80000C4690469946DDE90A67207B022801DCB5
:10DB9000BDE8FC87608800B9FAE7BE4200D1F7E72C
:10DBA000CDE900674B46424621462846D5F810C0CD
:10DBB000E04700BFECE73EB504461021204607F0E1
:10DBC000DCFF01206080FF20207300BF00200146A1
:10DBD0000246D508BDF8003065F304038D080093B4
:10DBE000BDF8003065F34A13C5080093BDF8003056
:10DBF00065F3CF230093BDF800502B460193BDF889
:10DC0000041008460290BDF8080020803EBD2DE9B2
:10DC1000FF4F83B081468A461F46DDF84080139C43
:10DC2000059806B207F5B470804512D1A9EB06003D
:10DC300000B22080AAEB060000B2608009EB06006B
:10DC400000B2A0800AEB060000B2E08007B0BDE899
:10DC5000F08FB7F5B47F02DDA7F5B47087B2B8F5E1
:10DC6000B47F03DDA8F5B4701FFA80F81199059808
:10DC7000401A00B20290129929B1119800EBD071AC
:10DC80004910491C00E000210DB25A2097FBF0F02A
:10DC9000C0B201905A2098FBF0F0C0B200900198F9
:10DCA000042801D1032001900098042801D1032009
:10DCB0000090DDE9001088427CD147457ADC01986C
:10DCC00058BB38B211F070FC029948430AEBE030BF
:10DCD000401B00B2608007F15A0000B211F064FCF2
:10DCE000704309EBE030284400B2A0800FFA88F0BE
:10DCF00011F05AFC70430AEBE030284400B2E08097
:10DD000008F15A0000B211F04FFC0299484309EBA8
:10DD1000E030401B00B2208096E1019801282BD111
:10DD200038B211F041FC70430AEBE030284400B2F5
:10DD3000E08007F15A0000B211F036FC0299484326
:10DD400009EBE030284400B2A0800FFA88F011F00F
:10DD50002BFC029948430AEBE030401B00B2608084
:10DD600008F15A0000B211F01FFC704309EBE030DB
:10DD7000401B00B2208067E1019802282DD107F1F5
:10DD80005A0000B211F010FC704309EBE030401B68
:10DD900000B2208038B211F007FC029948430AEB28
:10DDA000E030284400B2E0800FFA88F011F0FCFB6C
:10DDB000704300E040E00AEBE030401B00B26080BE
:10DDC00008F15A0000B211F0EFFB0299484309EB49
:10DDD000E030284400B2A08036E1019803289BD1AE
:10DDE00007F15A0000B211F0DFFB0299484309EB3A
:10DDF000E030401B00B2208038B211F0D5FB7043F8
:10DE00000AEBE030401B00B2608008F15A0000B21B
:10DE100011F0CAFB704309EBE030284400B2A08047
:10DE20000FFA88F011F0C0FB029948430AEBE0308A
:10DE3000284400B2E08007E10198B8BB00980128AF
:10DE400035D108F15A0000B211F0AEFB704309EB76
:10DE5000E030401B00B220800FFA88F011F0A4FBE4
:10DE6000834638B211F0A0FB834504DA0FFA88F03C
:10DE700011F09AFB02E038B211F096FB0299484388
:10DE80000AEBE030401B00B2608007F15A0000B29C
:10DE900011F08AFB704309EBE030284400B2A08007
:10DEA0000AEB0600284400B2E080CDE0FFE70198CD
:10DEB00001283AD10098022837D1A9EB0600401B6F
:10DEC00000B220800FFA88F011F06EFB70430AEB6D
:10DED000E030401B00B2608007F15A0000B211F040
:10DEE00063FB834608F15A0000B211F05DFB8345E5
:10DEF00005DD07F15A0000B211F056FB04E008F10D
:10DF00005A0000B211F050FB0299484309EBE0308F
:10DF1000284400B2A08038B211F046FB70430AEBEF
:10DF2000E030284400B2E0808EE0019802283DD124
:10DF3000009803283AD107F15A0000B211F034FBDF
:10DF4000704309EBE030401B00B22080AAEB0600D2
:10DF5000401B00B2608008F15A0000B211F024FBAF
:10DF6000704309EBE030284400B2A0800FFA88F03B
:10DF700011F01AFB029900FB01FB38B211F014FBFF
:10DF800002994843834506DD0FFA88F011F00CFB37
:10DF90000299484304E038B211F006FB0299484365
:10DFA0000AEBE030284400B2E0804DE001980328FD
:10DFB0003AD10098B8BB08F15A0000B211F0F4FA57
:10DFC000834607F15A0000B211F0EEFA834505DAF4
:10DFD00008F15A0000B211F0E7FA04E007F15A0024
:10DFE00000B211F0E1FA0299484309EBE030401B1E
:10DFF00000B2208038B211F0D7FA70430AEBE0305B
:10E00000401B00B2608009EB0600284400B2A080EB
:10E010000FFA88F011F0C8FA70430AEBE030284498
:10E0200000B2E08010E0FFE7A9EB060000B220801C
:10E03000AAEB060000B2608009EB060000B2A080E7
:10E040000AEB060000B2E08000BFFFE52DE9F041D9
:10E0500005460E4617469846B8F1000F08D100BF96
:10E0600000BF14A23946284614F00FFCBDE8F08129
:10E07000F07A022800DCF9E7A86940B143463A4645
:10E0800031462846D5F818C0E047044606E0434626
:10E090003A4631462846EAF7B0FB04463CB900BF91
:10E0A00000BF04A23946284614F0EFFBDEE700BFAC
:10E0B000DCE700004E6F0A64617461002DE9F843EB
:10E0C00004460D4616461F46DDF82080606908B9F3
:10E0D000BDE8F883CDF800803B463246294620460D
:10E0E000D4F814C0E04700BFF2E71CB5044618217D
:10E0F000204607F042FD00BF002211461046FEF701
:10E1000068FE0090BDF8001008460190BDF80400BC
:10E110002081FF20E072401C6080012020751CBD22
:10E12000704700001FB5C0B04198807E022801DC16
:10E1300044B010BD4198006810B900BF00BFF7E7B8
:10E140004098C06910B900BF00BFF1E7202238A88D
:10E150004199E2F7C3F9419800683790439810B1AC
:10E160004398007800B9E3E74098806802460D9034
:10E1700034A84299E5F72EFD3390339800B9D7E7DC
:10E180004198007F32904198C07E319000BF9DF849
:10E19000C80008B90120329000BF4198407F00F0CC
:10E1A000020020B94298FCF7E0FB36901AE0419853
:10E1B000407F41F6FF724199B1F91210CDE900128A
:10E1C00002904198B0F914000C90419800680B90AF
:10E1D00002460DA80C9B439911F0D4FABDF9340006
:10E1E000369000BF00BF3798B0F9080030904198D2
:10E1F000B0F91210309808442F9000202E904298C9
:10E200000088ADF8B40042984088ADF8B600002010
:10E210002C902B904198B0F916002C904198B0F9B1
:10E2200018002B90BDF8B6102B98084400B2ADF83A
:10E23000B60000202A90401E2990469840B32B98A3
:10E2400030BB4298B0F90200002821DA4698816874
:10E250004298B0F90200081A002806DD4698816845
:10E260004298B0F90200081A05E04298B0F902108D
:10E2700046988068081A2F994900C1F58061884244
:10E2800003DD4FF0FF314698016046980068299001
:10E29000469860B12998002809DB29982A90BDF892
:10E2A000B61046988088084400B2ADF8B600419890
:10E2B000407F0021CDE900104198B0F914000D9085
:10E2C0002A99439808440C90369803B2DDE90C0271
:10E2D0003799E7F7B9FA2A990844289040E0289836
:10E2E0002A904198407F0021CDE900104198B0F973
:10E2F00014000D9043992A9808440C90369803B264
:10E30000DDE90C023799E7F79FFA0146289808449F
:10E310002890BDF8B6102F98084400B2ADF8B600AA
:10E320004698C0B1BDF9B60010F5806F13DB469872
:10E33000006800280FDA46992A980860BDF9B610DF
:10E340004298B0F90200091A469841604298B0F923
:10E350000210469881602A994398405C00B9E7E62C
:10E36000BDF9B6103098014440988068B0F90200B9
:10E370008142B4DB9DF8C800022823D14198407F38
:10E3800000904198B0F914000D902A992898401AED
:10E390000C90439808440B90DDE90C13379A11F068
:10E3A00063FA2E904298FCF7E0FA2E99401A0D90ED
:10E3B00000EBD070BDF8B41001EB600000B2ADF816
:10E3C000B40022E09DF8C80003281ED14198407F88
:10E3D00000904198B0F914000D902A992898401A9D
:10E3E0000C90439808440B90DDE90C13379A11F018
:10E3F0003BFA2E904298FCF7B8FA2E99401ABDF8D5
:10E40000B410084400B2ADF8B400419840682790B9
:10E41000419881682691DDE92610884206D927981F
:10E420000D90269827900D98269000BF4198807FE8
:10E4300000F0010020B94198807F00F00200E8B1AF
:10E4400023A800F06FFA41988089ADF88C003798C6
:10E45000807B18B1379890F90E0000E00120ADF8EC
:10E460008E004198807E8DF894004198807FC1088D
:10E470009DF8950061F301008DF895000020229031
:10E480002090FEF75BFB1E900FA801F00BFA41985D
:10E49000008AADF84000BDF9B4000E90EAE1BDF885
:10E4A000B4102C98084400B2ADF8B40000202290BB
:10E4B00021902A99439808440D90FCE000200C908C
:10E4C0004FF6FF71279888420CD02698884209D0D1
:10E4D00021992A98084401460990EA4A439812680B
:10E4E00090470C9021AB0AAA0BA90D98E7F790F979
:10E4F0004198407F00F0010000287BD0E2A0007826
:10E500000B99884212D1229820B92198209001209D
:10E510002290D0E02298012802D10020229005E02C
:10E520002298022802D100202290C4E022980128DB
:10E5300067D10B98202863D1DDE92001081A07284C
:10E5400059D108A8029020990D98084403900620FC
:10E55000049002980190039800900CE000980178D4
:10E56000019801700198401C01900098401C009097
:10E570000498401E049004980028EFD100BF8DF845
:10E5800026009DF821000490F5F72CFE04469DF826
:10E5900020000490F5F726FE04EB001007909DF88C
:10E5A00023000490F5F71EFE04469DF82200049017
:10E5B000F5F718FE04EB001006909DF82500049076
:10E5C000F5F710FE04469DF824000490F5F70AFEC6
:10E5D00004EB001005900598C0B204900698C0B2F4
:10E5E00003900798C0B20290DDE90312FEF709FC20
:10E5F0001F9003E005E0419880891F90022022903F
:10E6000059E0419880891E902298022801D11F98D4
:10E610001E90DDE90A21379803F061F91D904FF64D
:10E62000FF71279888422ED0269888422BD02799B0
:10E630000C98884227D326990C98884223D2BDF89B
:10E64000B400ADF82000BDF8B600ADF82200BDF86A
:10E65000B4101D9801444198808A0844401E00B2BD
:10E66000ADF82400BDF8B6102F980844401E00B243
:10E67000ADF8260008AA0FA9409801F0F7F84198D4
:10E68000C0891E9000BFBDF87800ADF8EC002DAA3F
:10E6900038A90B9B409800F01FF91D98002809DD50
:10E6A000BDF8B4104198828A1D981044084400B205
:10E6B000ADF8B40000BF2A992898401A21998842E1
:10E6C0003FF6FCAE4198807F00F0020058B30E98F0
:10E6D00000B2ADF8300041980068B0F90800099028
:10E6E00000EBD070BDF8B61001EB6001BDF98E00F3
:10E6F0000A9000EBD07001EB600000B2ADF8320080
:10E70000BDF8B400ADF82C00BDF83200ADF82E0015
:10E71000BDF87800ADF88C000BAB0CAA23A940988B
:10E7200000F0E9F800BF4198807F00F0010038B3A5
:10E730000E9800B2ADF83000BDF8B61041980068F0
:10E7400000890144419800684089091A379890F976
:10E750000D00081A00B2ADF83200BDF8B400ADF8F3
:10E760002C00BDF83200ADF82E00BDF87800ADF8F1
:10E770008C000BAB0CAA23A9409800F0BCF800BF9A
:10E7800028982A904198407F0021CDE900104198B7
:10E79000B0F914000C9043992A9808440B903698CD
:10E7A00003B2DDE90B023799E7F74EF801462898E6
:10E7B0000844289042980088ADF8B4009DF8C8003D
:10E7C000022823D14198407F00904198B0F914006D
:10E7D0000C902A992898401A0B90439808440A9064
:10E7E000DDE90B13379A11F03FF82E904298FCF7B1
:10E7F000BCF82E99401A0C9000EBD070BDF8B41004
:10E8000001EB600000B2ADF8B40022E09DF8C80052
:10E8100003281ED14198407F00904198B0F9140020
:10E820000C902A992898401A0B90439808440A9013
:10E83000DDE90B13379A11F017F82E904298FCF788
:10E8400094F82E99401ABDF8B410084400B2ADF8FF
:10E85000B400BDF8B6102F98084400B2ADF8B60069
:10E86000BDF9B61040988068B0F90600814200DD1D
:10E870005EE400BF2A994398405C00287FF40FAE05
:10E8800000BF55E4040300242300000038B504460B
:10E890002021204607F071F9FF20A076FEF74EF9FF
:10E8A0000090BDF80000A0810A4820604FF6FF707C
:10E8B0006060A060FEF742F90090BDF80000E081C2
:10E8C00005200CF059FF0090BDF8000020820020C8
:10E8D000E07638BDE0FB03902DE9F04104460D469B
:10E8E00016461F463B46324629462046D4F81CC0F1
:10E8F000E047BDE8F0812DE9F04105460C4616469B
:10E900001F46608808B9BDE8F081207A022800DC43
:10E91000F9E73B46324621462846D5F820C0E04775
:10E9200000BFF0E73EB504460A21204607F025F96E
:10E9300001206080FF20207200BF002001460246B7
:10E94000D508BDF8003065F304038D080093BDF8C9
:10E95000003065F34A13C5080093BDF8003065F335
:10E96000CF230093BDF800502B460193BDF804104F
:10E9700008460290BDF8080020803EBD02460B46C6
:10E98000002106E00C4850F8310000B903E0481CB3
:10E99000C1B21029F6DB00BF102904DB00BF00BFA5
:10E9A0004FF0FF307047044840F8312000EBC100C1
:10E9B00043600846F6E700003C4802242DE9F04F8A
:10E9C00087B081468A4616461D46109CB4F90A0057
:10E9D000301A0690B4F90800AAEB00000590B4F9CB
:10E9E0000C00B4287EDAB4F90E00B428FADAA08953
:10E9F000002877D0E0890028FBD0B4F90C10B4F9D6
:10EA00000E0081426EDDB4F90A00B04203DD012040
:10EA100007B0BDE8F08F606D0699484380120490FE
:10EA2000A16A0698401C41434FEAA128B4F90C00A2
:10EA3000B0F5877F0ADDB4F90C00B0F5B47F05DAD4
:10EA4000B8F1000F02DA4FF000081BE0B4F90C0037
:10EA5000002809DDB4F90C005A2805DCB8F1000FD4
:10EA600002DA4FF000080DE0B4F90C005A2809DD75
:10EA7000B4F90C00B0F5877F04DAB8F1000F01DDBE
:10EA80004FF00008B4F90E00B0F5877F0ADDB4F945
:10EA90000E00B0F5B47F05DAB8F1000F02DA4FF0DE
:10EAA00000081BE0B4F90E00002809DDB4F90E00DF
:10EAB0005A2805DCB8F1000F02DA4FF000080DE02B
:10EAC000B4F90E005A2809DDB4F90E00B0F5877FBD
:10EAD00004DAB8F1000F01DD4FF000080498A0EB54
:10EAE000080000E042E0401003904FF0010B0120CD
:10EAF0000290039808EB000105980F1AAF4200DD61
:10EB00002F46002F10DD04F110003BB23246514673
:10EB10000090484600F076FA8346BBF1000F03D11F
:10EB20003946484607F029F8AF4200DD2F46002F4E
:10EB300000DA002704F13C00EA1B13B20AEB0702DB
:10EB400011B2009009EB0700324600F05BFA029028
:10EB5000029820B9E91B09EB070007F00EF80298AC
:10EB6000834501D1584653E7022051E7B4F90C0020
:10EB7000B4287DDDB4F90E00B428FADDB4F90C1028
:10EB8000B4F90E008142F4DDB4F90A00B04201DAB2
:10EB900001203DE7606D0699484380120490A16A08
:10EBA0000698401C41434FEAA128B4F90C00B0F587
:10EBB000877F0ADDB4F90C00B0F5B47F05DAB8F14F
:10EBC000000F02DA4FF000081BE0B4F90C00002837
:10EBD00009DDB4F90C005A2805DCB8F1000F02DA9F
:10EBE0004FF000080DE0B4F90C005A2809DDB4F923
:10EBF0000C00B0F5877F04DAB8F1000F01DD4FF0AB
:10EC00000008B4F90E00B0F5877F0ADDB4F90E00F4
:10EC1000B0F5B47F05DAB8F1000F02DA4FF0000862
:10EC20001BE0B4F90E00002809DDB4F90E005A28E3
:10EC300005DCB8F1000F02DA4FF000080DE0B4F97E
:10EC40000E005A2809DDB4F90E00B0F5877F04DA0A
:10EC5000B8F1000F01DD4FF000080498A0EB0800A8
:10EC6000401003904FF0010B01200290039800E048
:10EC70003BE008EB000105980F1AAF4200DD2F467C
:10EC8000002F10DD04F13C003BB2324651460090AB
:10EC9000484600F0B7F98346BBF1000F03D139466F
:10ECA000484606F06AFFAF4200DD2F46002F00DA2B
:10ECB000002704F11000EA1B13B20AEB070211B29D
:10ECC000009009EB0700324600F09CF90290029890
:10ECD00020B9E91B09EB070006F04FFF02988345B6
:10ECE00001D1584694E6022092E60127B846B4F9CD
:10ECF0000C00B42806D1B4F90A00B04200DD27E0C8
:10ED0000032725E0A08938B9B4F90A00B04201DD33
:10ED100003271DE001271BE0B4F90C00B42803DA37
:10ED2000B4F90A00B04207DCB4F90C00B42805DDE0
:10ED3000B4F90A00B04201DC032709E004F1100035
:10ED40002B46324651460090484600F05BF9074694
:10ED5000B4F90E00B42809D1B4F90A00B04202DDBA
:10ED60004FF003082BE04FF0010828E0E08948B994
:10ED7000B4F90A00B04202DD4FF001081FE04FF085
:10ED800003081CE0B4F90E00B42803DAB4F90A0051
:10ED9000B04207DCB4F90E00B42806DDB4F90A006D
:10EDA000B04202DC4FF0030809E004F13C002B46BE
:10EDB000324651460090484600F024F9804617B18B
:10EDC000B8F1000F01D1002022E6032F04D1B8F1E1
:10EDD000030F01D100201BE6012F04D1B8F1010F70
:10EDE00001D1012014E6022012E600002DE9F84FBF
:10EDF0000646894692461C460A9D002C01DA0024EC
:10EE000004E0B4F5B47F01DB40F26714002D01DAB1
:10EE1000002504E0B5F5B47F01DB40F26715A5429B
:10EE200005DAC4F5B4702844A6F8680007E0281B8A
:10EE3000002801DD281B00E0601BA6F86800B481F3
:10EE4000F581A6F80890A6F80AA0264830600120AF
:10EE5000307100BF002C02DBB4F5B47F03DD00BFCE
:10EE600000BF00BFFEE700BF002C03DBB42C01DABB
:10EE7000002707E0B42C04DBB4F5B47F01DA0127E6
:10EE800000E0012700BF002D02DBB4F5B47F03DDF5
:10EE900000BF00BF00BFFEE700BF002D04DBB42DA4
:10EEA00002DA4FF0010809E0B42D05DBB5F5B47FB7
:10EEB00002DA4FF0000801E04FF001082346524605
:10EEC000494606F11000009700F032F92B465246F1
:10EED000494606F13C00CDF8008000F029F9BDE874
:10EEE000F88F0000BDE901902DE9F84F07468846EC
:10EEF00091469A464FF0000B104C15E0256801260C
:10EF00002068009053464A4641463846D5F800C02E
:10EF1000E047064616B90020BDE8F88F022E01D161
:10EF20004FF0010B083400BF20680028E6D1BBF188
:10EF3000000F01D00220EFE70120EDE73C4802245A
:10EF400070B5044626463079022814D125466869F2
:10EF500080B168690069002807DA6969486806F0C5
:10EF6000F5FB686906F0F2FB04E068694069401E41
:10EF70006969486107E03079052804D12546A86809
:10EF800006F0E4FB00BF70BD2DE9F04106463EB936
:10EF90001B48006810B10120BDE8F0810020FBE7AC
:10EFA000002428E0164850F8347007B921E0387979
:10EFB00002281BD1124850F83450A87C00F0010000
:10EFC00048B1B5F9102005F108013046E4F7BEFE5E
:10EFD00058B90120E0E7B5F9102005F108013046E5
:10EFE000E4F739FE08B90120D6E701E00120D3E7B4
:10EFF00000BF601CC4B2102CD4DB0020CCE70000A2
:10F000003C4802242DE9F84F82460D4690461E46A4
:10F010000A9CA08AA8EB00000FFA80F8608A281AE0
:10F0200005B2206A00286BD194F8280000F0010096
:10F0300010B3207C00F0030020B1207C00F003001E
:10F04000012802D10120BDE8F88F207C00F00300E8
:10F05000022805D108F10100002801DA0120F2E7B9
:10F06000207C00F00300032804D1B8F1000F01DD7B
:10F070000120E8E70020E6E7207C00F003000228FA
:10F0800004D0207C00F00300032801D10120DAE73E
:10F09000207C00F00300012802D1002D00DDD2E722
:10F0A000207C00F00300A0B9A819002801DA012093
:10F0B000C9E76F42002F01DA0020C4E7002F06DB0A
:10F0C000B74204DAF11B0AEB070006F056FD0220F6
:10F0D000B9E7A819002801DA0020B4E76F42002F31
:10F0E00000DA0027B74201DB0020ACE7002F05DB88
:10F0F000B74203DA3946504606F03FFD0220A2E748
:10F1000094F8280000F0010040B1334642462946F9
:10F1100050460094FAF714FA814607E03346424617
:10F12000294650460094FAF7FCFA814648468AE799
:10F130002DE9FC4781460D4616461C46DDF828A001
:10F14000B42C02DDA4F1B40004B204F15A0000B200
:10F1500010F02AFA05EB6017204610F025FA06EBAE
:10F1600060180FFA88F03BB232462946CDE9000A12
:10F17000484600F003F8BDE8FC8700002DE9F05F89
:10F1800004460F4615469846DDE90A6B2C212046B9
:10F1900006F0F3FCB54206D1BBF1030F03D1681EA4
:10F1A00005B2701E06B2B54206DD4046B8460746B7
:10F1B00030462E46054600BF27816581A4F80C80A5
:10F1C000E68184F810B06782A582A8EB07000028CA
:10F1D00002DDA8EB070001E0A7EB0800711B002986
:10F1E00001DD711B00E0A91B884201DD012000E068
:10F1F000002094F8281060F3000184F82810002003
:10F20000E061A0614748206000202071A8EB070959
:10F21000A6EB050A94F8280000F00100C0B1B9F18E
:10F22000000F07D04FF4801191FBF9F000FB0AF1B9
:10F230008912E161BAF1000F07D04FF4801191FB00
:10F24000FAF000FB09F18912A161E169216218E07D
:10F25000BAF1000F07D04FF4801191FBFAF000FBD8
:10F2600009F18912A161B9F1000F07D04FF48011A3
:10F2700091FBF9F000FB0AF18912E161A1692162B9
:10F2800000BF207C00F0030030B994F8280020F083
:10F29000020084F8280039E0207C00F003000128F7
:10F2A00007D194F8280020F00200801C84F8280080
:10F2B0002CE0207C00F00300022811D1206A0028F5
:10F2C00007DD94F8280020F00200801C84F8280054
:10F2D0001CE094F8280020F0020084F8280015E0D3
:10F2E000207C00F00300032810D1206A002806DDEE
:10F2F00094F8280020F0020084F8280006E094F832
:10F30000280020F00200801C84F82800206A801069
:10F310006062206A002802DA606A40426062BDE8EA
:10F32000F09F000005F001902DE9F04F8DB0804670
:10F330008B4691461D461698807C00F001000C908B
:10F340001698B0F910000B901699083109A8FBF730
:10F350003EFA0C9858B9BDF92600484503DCBDF9C2
:10F360002A0048450DDA00200DB0BDE8F08FBDF948
:10F370002600484503DCBDF92A00484501DA012092
:10F38000F2E7BDF924100B980844584507DC0BEB55
:10F390000501BDF928200B98101A81420BDDBDF93B
:10F3A00026100B980844484559DCBDF92A100B98E3
:10F3B000081A484553DB0C9858BBBDF92400A0EB54
:10F3C0000B0001900198A84201DD0020CCE70198D4
:10F3D000002803DB4046019906F0CFFBBDF9280069
:10F3E000A0EB0B0000F1010ABAF1000F01DC0020D4
:10F3F000BAE7AA4505DAA5EB0A0108EB0A0006F010
:10F40000BCFB019818B9AA4501D10120ACE7022044
:10F41000AAE7BDF92400A0EB0B0ABAF1000F01DA4C
:10F420004FF0000AAA4517DCBDF92800A0EB0B003D
:10F43000A0EB0A00401C019001985044A84202DD54
:10F44000A5EB0A0001900198002804DB08EB0A00F4
:10F45000019906F092FB00BF00BF022084E7BDF9CE
:10F460002400A0EB0B00089009A8FBF785FA079091
:10F4700009A8FBF700FA0690BDF82400ABEB0000EA
:10F480000FFA80FBBDF82600A9EB00000FFA80F907
:10F490000B98814506DA0B98A0EB0900401E00B2DC
:10F4A000039006E00B990698401AA9EB000000B201
:10F4B0000390169904AB05AA48690399F3F7EEFE89
:10F4C0000290DDE9071001440B98081ABDF81010EE
:10F4D000084406B20B9908980844BDF81010401A69
:10F4E000401E07B20C98002863D1002425E0BDF926
:10F4F0001400001B401E029911F800A030190028CA
:10F500000BDB3019A84208DA301918F80010504601
:10F5100010F0F3FE311908F80100381B0BD4381B2A
:10F52000A84208DA381B18F80010504610F0E5FE23
:10F53000391B08F80100601C04B2BDF914008442B4
:10F54000D5DB3019A84201DA301900E0284600283E
:10F5500001DA002005E03019A84201DA301900E094
:10F56000284606B2A91B08EB060006F006FBBDF90B
:10F570001400381A401CA84204DABDF91400381AE5
:10F58000401C00E02846002801DA00200BE0BDF90D
:10F590001400381A401CA84204DABDF91400381AC5
:10F5A000401C00E0284607B23946404606F0E5FA1E
:10F5B0005FE0002427E0BDF91400401E011B029803
:10F5C000405CC0F1FF000090301900280BDB3019BF
:10F5D000A84208DA301918F80010009810F08DFED3
:10F5E000311908F80100381B0BD4381BA84208DA7F
:10F5F000381B18F80010009810F07FFE391B08F82F
:10F600000100601C04B2BDF914008442D3DB781CF5
:10F61000A84200DA00E02846002801DA002004E0D1
:10F62000781CA84200DA00E028460FFA80FAA6EB20
:10F630000A00A5EB0A01884202DAA6EB0A0001E003
:10F64000A5EB0A00002801DA00200AE0A6EB0A0078
:10F65000A5EB0A01884202DAA6EB0A0001E0A5EB5D
:10F660000A0000B2019008EB0A00019906F085FA41
:10F6700000BF022078E600002DE9F84F07468846D3
:10F68000154699464046FBF777F983464046FBF717
:10F69000F2F800900098834501DA584600E000989F
:10F6A0008246B5EB6A0F02DD4FEA6A0005B2002D13
:10F6B00000DA0025414607F10800FBF788F83D8293
:10F6C00087F8129051483860022038711DB9002027
:10F6D0007861BDE8F88F002440E0C4EBC4004C49D9
:10F6E00001EB8000B0F91800A84236D1C4EBC40089
:10F6F00001EB80004069401CC4EBC401444A02EBAA
:10F7000081014861C4EBC400114601EB800001692E
:10F71000102D01DA012000E028110844B0F57A7FAD
:10F720000CDAC4EBC4003A4901EB80000169102DEA
:10F7300001DA012000E02811084401E04FF47A705A
:10F74000C4EBC401324A02EB81010861C4EBC4007E
:10F75000114601EB80007861BBE7641C042CBCD32C
:10F76000002600241BE0C4EBC400294901EB800003
:10F77000406998B926B9C4EBC40001EB80060DE0DE
:10F78000C4EBC400224901EB800000693169884262
:10F7900004DAC4EBC4001E4901EB8006641C042C8F
:10F7A000E1D396B91C2005F003FF064600BF1EB941
:10F7B00000BF00BF00BFFEE700BF1C21304606F0BF
:10F7C000DCF94FF0FF30306119E07069401C706166
:10F7D000002030613169102D01DA012000E028118C
:10F7E0000844B0F57A7F07DA3169102D01DA01207B
:10F7F00000E02811084401E04FF47A7030617E6126
:10F8000029467869E8F7F4FA00BF62E729F3019026
:10F81000CC47022470B50546002600240DE00948B7
:10F8200000EBC4004068A84205D1064850F8346097
:10F83000204600F009F8601CC4B2102CEFDB304603
:10F8400070BD00003C480224014600204A1C4AB119
:10F85000054A52F831000022034B43F8312003EBF4
:10F86000C1035A60704700003C48022470B5054649
:10F870000E46144600BFE0886188401A401C00B262
:10F88000012807DB00BFA0882188401A401C00B275
:10F89000012800DA70BD224631462846EB689847B9
:10F8A00000BFF7E738B504463821204606F065F971
:10F8B000FDF78DFC0090BDF80000A080FDF787FCEF
:10F8C0000090BDF80000E080FDF743F90090A01D16
:10F8D000BDF800106181FF2121730221A173FDF7A2
:10F8E00038F90090BDF800000C346082FDF731F962
:10F8F0000090BDF8000020840848A060FF2004F8B4
:10F90000090CA073A077A07584F82A00E07D20F090
:10F910003E001E30E0750C3C38BD0000E0FB03905B
:10F920002DE9F04FC9B081460D4614469846539FC5
:10F93000529E287B022802DC49B0BDE8F08F68881F
:10F9400000B9F9E7BE4200D1F6E7B5F902A0C24519
:10F9500001DD0FFA88FA3BA8FFF7A4FF687B00F0EF
:10F9600003008DF8EE00A86840B100208DF8EF008C
:10F97000A8683F90287B8DF8060105E0287B8DF86C
:10F98000EF002888ADF8F0002088A0EB080000B256
:10F99000ADF8E4006088A0EB080000B2ADF8E60026
:10F9A00020884044401E00B2ADF8E8006088404422
:10F9B000401E00B2ADF8EA0000BFBDF8E400ADF8AB
:10F9C000DC00BDF8E600ADF8DE00BDF8E800ADF8FB
:10F9D000E000BDF8EA00ADF8E20000BFBDF8DC00D1
:10F9E0006988084400B2ADF8DC00BDF8DE00698823
:10F9F000084400B2ADF8DE00BDF8E0006988401AA6
:10FA000000B2ADF8E000BDF8E2006988401A00B22B
:10FA1000ADF8E2004FF0FF3B00BFBDF8E000BDF8DD
:10FA2000DC10401A401C00B2002815DD00BFBDF8F4
:10FA3000E200BDF8DE10401A401C00B200280BDDC9
:10FA4000012347F6FF7237A931A8FFF715FE002101
:10FA500031A8FEF793FF8346002347F6FF7239A9CA
:10FA60002BA8FFF709FE00212BA8FEF787FF2A909D
:10FA700006F5B470B84203D007F5B470864218D1C9
:10FA800047F6FF70ADF8EC0039AA3BA94846FFF7EE
:10FA9000EDFE2A98FFF7D8FE0BF1010010B1584691
:10FAA000FFF7D2FE2BA8FFF74BFA31A8FFF748FA71
:10FAB00042E702E0A6F5B47086B2B6F5B47FF9DA93
:10FAC00002E0A7F5B47087B2B7F5B47FF9DA38B2BF
:10FAD0000090B4F90220B4F9001033B20FA8FFF778
:10FAE00085F900210FA8FEF749FF0E90B74204DD0B
:10FAF000B81BC0F5B4700D9001E0F01B0D90D9F863
:10FB000008000C900D983C282EDDB8F10A0F2BDD73
:10FB100005940FFA88F0ADF81800ADF81A60ADF84A
:10FB20001C705A2096FBF0F000F00300ADF81E00A8
:10FB30005A2097FBF0F000F00300ADF82000ADF87C
:10FB400022A03BA8099039A80A90CDF82C9005A8CE
:10FB5000EEF795F805A8EEF7B6F905A8EEF7DCFA8A
:10FB600005A8EEF707FC04E039AA3BA94846FFF7D1
:10FB70007DFE0FA8FFF7E4F92BA8FFF7E1F931A804
:10FB8000FFF7DEF90E98FFF75FFE2A98FFF75CFE9D
:10FB90000BF1010010B15846FFF756FE687BC0F329
:10FBA000800000287ED00AF0FF0204AB0FFA88F133
:10FBB00030B2F3F7C3FCBDF810002188084400B24E
:10FBC000ADF81000BDF814002188084400B2ADF86B
:10FBD0001400BDF812006188084400B2ADF81200AC
:10FBE000BDF816006188084400B2ADF8160004AAFA
:10FBF00002A80C99E3F7EEFFD0B1002347F6FF729D
:10FC000004A906A8FFF738FD002106A8FEF7B6FEF6
:10FC1000019002A8C9F8080039AA3BA94846FFF795
:10FC200025FE0198FFF710FE06A8FFF789F900BF2F
:10FC30000AF0FF0204AB0FFA88F138B2F3F77EFC4A
:10FC4000BDF810002188084400B2ADF81000BDF8DE
:10FC500014002188084400B2ADF81400BDF8120069
:10FC60006188084400B2ADF81200BDF81600618842
:10FC7000084400B2ADF8160004AA02A80C99E3F7F4
:10FC8000A9FFE0B1002347F6FF7204A906A8FFF719
:10FC9000F3FC002106A8FEF771FE019002A8C9F846
:10FCA000080000E00FE039AA3BA94846FFF7DEFD57
:10FCB0000198FFF7C9FD06A8FFF742F900BF0C98AD
:10FCC000C9F8080000BF00BF36E670B504460D460F
:10FCD0001646324629462046E8F7BCFF32462946FA
:10FCE0002046E9F7ACF970BD7CB504460D46287E88
:10FCF000022800DC7CBDA26868462968E3F76AFF39
:10FD000000B9F7E7E06A10B12046E16A8847294662
:10FD10002046626B904700BFECE72DE9F04F89B0B9
:10FD200007460C46E06800B90026E06820B1207C58
:10FD300010B909B0BDE8F08F207C012801D1002660
:10FD400000E0E6687868FAF71EFE8346BA6807A8FE
:10FD50002168E3F73FFF00B9EBE7E5F717FD8146C0
:10FD600038680690D9F80000C06988B9BDF91C0050
:10FD70007968B1F90010401ABDF91E107A68B2F91D
:10FD80000220891A0BFB0101069800EB4100069046
:10FD9000D4F804A0BAF1000F14D02068FAF7F3FDEC
:10FDA0008046BDF91C002168B1F90010411ABDF967
:10FDB0001E002268B2F90220821A08FB02100AEB28
:10FDC000400A01E04FF000089EB16069FAF7DBFDE0
:10FDD00005466069B0F90000BDF91C10411A606960
:10FDE000B0F90200BDF91E20821A05FB021006447C
:10FDF00000E0002578684088404202B278680088B8
:10FE0000404201B207A8FAF71CFED9F80000C06909
:10FE1000D0B1606860B9207ECDE90165009020898D
:10FE200003465A4607A905900698F1F708FC46E0F4
:10FE3000207E53465A4607A9CDE90080CDE90265E8
:10FE4000069810F0BAF93AE06068E8B9607E60B9E7
:10FE5000207ECDE901650090208903465A4607A916
:10FE600005900698F1F746FA29E0607E217ECDE9FB
:10FE7000016500910390208903465A4607A9059021
:10FE80000698F1F785F91AE0607E58B9207E53464E
:10FE90005A4607A9CDE90080CDE9026506980FF022
:10FEA000E5FF0CE0607E217E53465A46CDE9008195
:10FEB000CDE90265049007A906980FF04DFF00BF39
:10FEC00037E72DE9FF4FB1B00C461746DDF8F88053
:10FED000319988680188ADF8BC104188ADF8BE1032
:10FEE0008188ADF8C010C188ADF8C21000BF2FA83E
:10FEF000FFF74AF82E901C2127A805F03EFEE07A75
:10FF00008DF8B400207B00F00F008DF8B5002E981E
:10FF100090B9208880B96088B0F5807F0CD1B8F1A5
:10FF2000040F09D1A07A38B927973498289027A9C7
:10FF30003198FFF7D9FE51E2B8F1050F01D1032046
:10FF400000E0022081463846FAF724FD26904FF45F
:10FF50007F40002100F47C4241EA5211C0F3C40208
:10FF600011431F91BDF87C201146249100252FA834
:10FF7000FAF78FFC23902FA8FAF70CFD8346BDF803
:10FF8000BC00ADF88400BDF8C000ADF88800BDF835
:10FF9000BE00ADF88600BDF88600ADF88A0021A845
:10FFA0002790208818B96088B0F5807F01D00120A3
:10FFB00000E0002020902E9800287ED12098002874
:10FFC000FBD1B8F1050FF8D1A07A0028F5D1E5F7FB
:10FFD000DDFB1990FDF750FD1F902FA8FAF798FC54
:10FFE0001F99884201D91F9802E02FA8FAF790FCC8
:10FFF0001E901E99480005F015FB1D901E9805F0F7
:02000004900268
:1000000011FB1C901C982A9021A82C9002208DF89E
:10001000AC001D982890349EBDF9BE00B7F90210BF
:10002000401A2699484300FB0966BDF9BC00B7F9A0
:100030000010401A00FB096600201A903BE0B2460F
:1000400000201B9013E09AF802001C99485548B113
:100050009AF800109AF8012001EB02218AB21D994A
:1000600021F815201B98401C1B90CA446D1C1B983E
:100070005845E8DB269800FB096605EB0B011E9846
:10008000814206D8BDF88A00401C00B2ADF88A0053
:100090000EE027A93198FFF727FEBDF88A00401C23
:1000A00000B2ADF88600BDF88600ADF88A000025E4
:1000B0001A98401C1A90239900E019E01A98884277
:1000C000BDDBBDF98600BDF98A10884209D0BDF8B4
:1000D0008A00401E00B2ADF88A0027A93198FFF7C8
:1000E00003FE1C9805F01AFB1D9805F017FB74E140
:1000F000E5F74CFB0290FDF7BFFC1F902FA8FAF725
:1001000007FC1F99884201D91F9802E02FA8FAF72F
:10011000FFFB1E901E99480005F084FA1D901E9862
:1001200005F080FA06462A9621A82C9002208DF828
:10013000AC001D98289000201C904C2109A805F0C7
:100140001CFD209828B3208800B2ADF830006088EC
:10015000ADF8320034980990269800B2ADF8280026
:100160003846FAF796FBADF82A008DF83680A0885D
:10017000ADF82C00E088ADF82E002089ADF83400F1
:10018000207D00F001008DF8370009A8E4F75AFC43
:1001900015E034981C90BDF9BE00B7F90210411A61
:1001A000269841431C9801FB09001C90BDF9BC0036
:1001B000B7F90010411A1C9801FB09001C9000209F
:1001C00007900890A07AC0F1FF000690A07AC8B10D
:1001D00022890292A07A07A9BDF80820D20A12FB50
:1001E00000F20A80BDF80820C2F3451212FB00F2AB
:1001F0004A80BDF8082002F01F0212FB00F28A803C
:1002000000BF00BFB8F1040F05D1208818B960887D
:10021000B0F5807F01D0022000E001208DF8AC0015
:100220002E9818B130461E9905F0DEFCBDF9860007
:10023000B7F90210401A039000200490B1E0DDF8F5
:1002400070A00295BDF98400B7F90010401A019022
:10025000002005904BE02098B8B1DDE90303184475
:1002600002B2059B0198184401B209A8E4F75FF9AE
:100270000090009810B90020705533E009A8807DE7
:100280007055BDF8380025901EE0B8F1050F05D176
:100290009AF80200705500B924E001E0FF20705583
:1002A0009AF800009AF8011000EB012080B2259026
:1002B000B8F1060F08D1BDF89400BDF8901088423F
:1002C00002D1002070550DE0A07A28B107A8069A47
:1002D0002599FCF710FF2590BDF894101D9820F883
:1002E000151000BF0598401C05906D1CCA44059868
:1002F0005845B0DB2E98E8B1BDF8BEC0049B6344FE
:100300001AB2BDF98410029BF0185B46FEF7ECFDB3
:100310000090009840B902997018594605F02DFCDC
:1003200002208DF8AC0004E00098022801D18DF87D
:10033000AC0000BF26991C9801FB09001C9005EB3E
:100340000B011E98814206D2BDF88A00401C00B203
:10035000ADF88A0022E027A93198FFF7C5FCBDF867
:100360008A00401C00B2ADF88600BDF88600ADF8EA
:100370008A000025B8F1040F05D1208818B96088DB
:10038000B0F5807F01D0022000E001208DF8AC00A4
:100390002E9818B130461E9905F026FC0498401C92
:1003A0000490239904988842FFF649AFBDF986006E
:1003B000BDF98A10884209D0BDF88A00401E00B2FB
:1003C000ADF88A0027A93198FFF78EFC304605F07A
:1003D000A5F91D9805F0A2F900BF00BF35B0BDE832
:1003E000F08F000070B506460C4625463821284699
:1003F00005F0C3FB094828610948E8600948A8627C
:100400000948E86109486861094828620948686242
:100410000948E8620948686370BD000021F901904D
:10042000D10A0290CBFC019041040290C3FE0190DE
:10043000390502903D0702900D0B02901BFD0190C3
:100440002DE9F04387B005460E4690461C46002332
:10045000224603A9306801F0B0F98146B9F1000FD6
:100460000ED1202C09D34FF6FF00844205D042F272
:100470000C00844201D000BF00BF07B0BDE8F0838C
:10048000BDF8140010B1BDF8120000B9F5E7B8F8D6
:100490000000BDF81610084400B2ADF8080030683E
:1004A000008931684989401AB8F802100844BDF83B
:1004B0001410401ABDF81810401A00B2ADF80A0026
:1004C000BDF90800BDF812100844A968B1F9001080
:1004D000884217DBBDF90800A968B1F90410884209
:1004E00010DCBDF90A00BDF814100844A968B1F980
:1004F0000210884206DBBDF90A00A968B1F90610AE
:10050000884200DDB9E72146039801F047F9074624
:1005100017B900BF00BFB0E70398007B00F00300ED
:1005200008B100BF06E003AB02AA31462846009797
:10053000EBF796F900BFA0E72DE9F04F93B08046A6
:100540000E4614461D46708810B913B0BDE8F08FF2
:10055000307A022800DCF8E7B4F90000B5F90010A1
:10056000884206D1B4F90200B5F90210884200D1E0
:10057000EBE7B4F90010B5F90020914202DAB4F9C2
:10058000001001E0B5F90010B6F9020000EBD072DE
:10059000A1EB620109B2ADF84410B4F90010B5F94D
:1005A0000020914202DDB4F9001001E0B5F900101D
:1005B000B6F9020000EBD07201EB620109B2ADF8AE
:1005C0004810B4F90210B5F90220914202DAB4F9E8
:1005D000021001E0B5F90210B6F9020000EBD0728A
:1005E000A1EB620109B2ADF84610B4F90210B5F9F9
:1005F0000220914202DDB4F9021001E0B5F90210C7
:10060000B6F9020000EBD07201EB620109B2ADF85D
:100610004A1011A911A8D8F80820E3F7DBFA82469E
:10062000BAF1000F00D190E7D8F808B011A8C8F8C7
:100630000800B4F90200B5F90210884206D12B4631
:10064000224631464046EBF7E9FA12E0B4F90000E1
:10065000B5F90010884206D12B4622463146404665
:10066000EBF7F6FD05E02B46224631464046EBF718
:10067000C1FB707AC0F3C00020B9707AC0F380006B
:10068000002857D003A8FFF70DF93088ADF8100007
:1006900047F6FF70ADF80C00307A8DF80F00B6F910
:1006A00002004710B07800F0010080F00109707A74
:1006B000C0F38000E0B12088C01B00B2ADF8040098
:1006C0006088C01B00B2ADF8060020883844A0EB5B
:1006D000090000B2ADF8080060883844A0EB0900BA
:1006E00000B2ADF80A0001AA03A94046FFF7BEF820
:1006F000707AC0F3C000E0B12888C01B00B2ADF82A
:1007000004006888C01B00B2ADF806002888384491
:10071000A0EB090000B2ADF8080068883844A0EBEF
:10072000090000B2ADF80A0001AA03A94046FFF78C
:100730009DF800BFC8F808B000BF06E72DE9FF4FDD
:1007400093B090461E46032E02DA17B0BDE8F08F34
:10075000B8F1000F00D1F8E7B00004F063FF0446E1
:1007600004B9F2E700201290D8F8000020600025BC
:100770001EE038F92510681C38F9200081420AD1A2
:1007800008EB8500B0F90210681C08EB8000B0F996
:10079000020081420AD0129804EB800008EB850128
:1007A000096801601298401C80B21290681C85B2E2
:1007B000701EA842DDDCB8F9001038F92000814233
:1007C00008D1B8F90210701E08EB8000B0F90200E1
:1007D00081420BD0129804EB8001701E08EB800060
:1007E000006808601298401C80B21290129E032E7E
:1007F00003DA204604F092FFA7E7B44903C9CDE924
:10080000100100253DE0BDF9400034F92510884273
:1008100002DABDF9400001E034F92500ADF84000EE
:10082000BDF9420004EB8501B1F90210884202DAF9
:10083000BDF9420003E004EB8500B0F90200ADF819
:100840004200BDF9440034F92510884202DDBDF9AB
:10085000440001E034F92500ADF84400BDF946003C
:1008600004EB8501B1F90210884202DDBDF94600B2
:1008700003E004EB8500B0F90200ADF84600681C07
:1008800085B2B542BFDB139810A982680DA8E3F7C3
:10089000A1F90F900F9818B9204604F03FFF54E7D4
:1008A000139880680C900DA913988160B4F9020028
:1008B0000B9000200A9001250FE004EB8500B0F9B1
:1008C00002100B98814206DA04EB8500B0F90200B1
:1008D0000B9028B20A90681C85B2B542EDDB2C2142
:1008E00006FB01F004F09EFE099009980890DDF8DF
:1008F00028A0DDF828A0D34600200790DDF828A026
:10090000AAF10107002F00DA37440A9800F1010923
:10091000701E484501DA4FF0000934F827100A9894
:1009200034F82000081A01B2069134F829100A9808
:1009300034F82000081A01B2059104EB87004188C1
:100940000A9804EB80004088081A00B2049004EB77
:10095000890041880A9804EB80004088081A00B298
:10096000039000200290DDE9040110FB01F20699DA
:10097000039810FB01F0824201DA0120029000BFCF
:10098000029860B9AAF10107002F00DA37440BF191
:100990000109701E48450EDA4FF000090BE00AF11C
:1009A0000107701EB84200DA0027ABF10109B9F166
:1009B000000F00DAB14404EB8700B0F9020004EB49
:1009C0008A01B1F9021088422CDB04EB8700B0F9F0
:1009D000020004EB8A01B1F9021088421ED034F9FA
:1009E000270034F92A10884218D0012104EB87002F
:1009F000B0F90200CDE9000134F9273004EB8A0098
:100A0000B0F9022034F92A100898FEF7B7FBDDE9A7
:100A10000801FDF7B3FF08982C3008900798401C98
:100A20000790BA460798B04200D13AE004EB89003B
:100A3000B0F9020004EB8B01B1F9021088422CDB03
:100A400004EB8900B0F9020004EB8B01B1F902104C
:100A500088421ED034F9290034F92B10884218D06E
:100A6000002104EB8900B0F90200CDE9000134F95E
:100A7000293004EB8B00B0F9022034F92B100898D0
:100A8000FEF77CFBDDE90801FDF778FF08982C30C4
:100A900008900798401C0790CB460798B042FFF497
:100AA0006FAF00BF10AADDE91301FEF7DFFE099862
:100AB000FEF7B0FE099804F031FE204604F02EFE49
:100AC00013990C98886000BF3FE60000F4BF0390C4
:100AD00070B504460D461646324629462046EEF7C6
:100AE000E5FB324629462046E8F7B4F83246294667
:100AF0002046E8F7A4FA324629462046E8F7BBFB31
:100B0000324629462046ECF77FFF70BD704770B52E
:100B1000044600BF00BF0121204606F076F92546B5
:100B20004FF6FF7068870121686A05F011FC00220A
:100B30002021204600F05CFC70BD00002DE9F04152
:100B400080460C462546002045F8240FE86018A092
:100B5000A86000206860287E20F010001030287601
:100B6000287E20F020002030287600206882A8828D
:100B70004FF6FF70E88200202882287E20F00F00C8
:100B8000083028764FF48061204605F0E1FB09A18A
:100B9000204600F04CFB204606F092FF074600F08E
:100BA00047F9286055F824697462BDE8F0810000B7
:100BB000EF81B8004F7074696F6E20310A4F707406
:100BC000696F6E20320A4F7074696F6E20330000B7
:100BD00070B5044600BF00BF2146044806F025F862
:100BE0000546284606F096F8284670BD0849049048
:100BF00070B506460D462C46606A20B1606A06F064
:100C000099F90020606294F83C00C0F3001020B90C
:100C1000206B04F09BFD0020206370BD2DE9F84F90
:100C200089464946584806F0B9FD8046B8F1010F9B
:100C300001D0BDE8F88F484600F073FB05464846F2
:100C400000F0D0FB07463C460E2D1BD1384606F07F
:100C5000D5FE8346584601F0B7FA064602F064FD19
:100C6000009002F0B6FD8246BAF1040F09D11EB120
:100C7000384600F033F904E0208FE0863846FFF76D
:100C800046FF7FE00F2D01D0102D03D13846FFF72E
:100C90003EFF77E0082D07D13846E6F748F9804651
:100CA000B8F1010F6ED0C4E72A2D03D1384609F000
:100CB000F0FD67E0292D03D1384609F0EAFD61E037
:100CC0002C2D0DD1484600F08AFB064600213846FF
:100CD00008F0DFFA8246504600F01CFE708051E0BA
:100CE0000D2D4AD1484600F07AFB0678132E01D02C
:100CF000122E13D1384600F08EF818B9384600F09D
:100D0000EDF839E0E08E401CA18E884234DAE08EA6
:100D1000401CE08638460FF057FF2DE0142E01D01E
:100D2000112E11D1384600F076F818B9384600F087
:100D3000D5F821E0E08E00281EDDE08E401EE08622
:100D400038460FF041FF17E01B2E05D1208FE086BB
:100D50003846FFF7DCFE0FE00A2E0DD102F0F8FC5A
:100D60008246BA4507D03846E6F7E1F88046B8F142
:100D7000010F00D05DE700BF04E0152D02D1484609
:100D8000EBF7AAFD00BF54E708490490014600BFF5
:100D900000BF0A46D08E70472DE9F05F81460F46AE
:100DA000924600BF00BF4D464FF0000B286B20B1AC
:100DB000286BDFF72FFB804603E000203870BDE88A
:100DC000F09F002406E0286B005D0A2801D10BF19A
:100DD000010B641C444502D2288F5845F3D10026EC
:100DE0000EE0BAF1000F06D0AAF10100B04202D81D
:100DF00000BF00BF0AE0286B005DB855761C641C7C
:100E0000444503D2286B005D0A28EAD100BF0020C8
:100E1000B85500BFD3E770B5044600BF00BF2546F4
:100E20000121686A08F0ECFB80F0010070BD000051
:100E300070B5044600BF00BF2146044805F0F5FE2A
:100E40000546284605F066FF284670BD24490490F3
:100E50002DE9F05F83468846404600F062FA04467A
:100E6000182C08D041461C4806F098FC0546012D78
:100E700001D0BDE8F09F404600F0B4FA0646D6F82F
:100E800024904F46082C09D102F04EFC824602F015
:100E900090FCF8B93046F8F7BBFD1BE0012C03D1FC
:100EA0003046F8F790FD15E0092C06D14FF6FF709B
:100EB0007887304608F041FF0CE0182C0AD14046F4
:100EC000EBF7A0FA4146044806F068FC0546012D00
:100ED00000D0CEE700BFCCE7244904902DE9F04FC5
:100EE00087B0054600BF00BF2C460121284605F00B
:100EF0006CFA284606F0E4FD83465946606A0AF01B
:100F0000A9F84FF0FF31606A09F0D6F80121606A54
:100F100005F03AFF00221F21284600F069FA284612
:100F2000F2F7A1F80690216B069804F0BEF842F2A1
:100F3000D171606A0AF050FB06980AF09FFB606A64
:100F400008F001FB8346284608F0FDFA834513DCD0
:100F500094F83C0000F00F00042805D094F83C0001
:100F600000F00F00082807D1284608F0ECFA834665
:100F70005946606A0AF030FB069806F049FD059074
:100F80000021606A07F0B0FC81460021606A08F029
:100F900072F8484401B204910020D4F824B00290C1
:100FA00041F611025846029908F0A6F801900198FE
:100FB000484400B20390DDE904100144039808445A
:100FC0000FFA80F8464694F83C0000F00F0794F8BA
:100FD0003C0000F00F00082824D1FCF735FD8346C3
:100FE000FCF7B0FDB5F91A10314488423CDAFCF741
:100FF0002BFD8346FCF7A6FDB5F91A10411AB5F989
:101000001600814204DA0427E88A401E06B22BE06B
:10101000FCF71AFD8346FCF795FD698B401A401ECC
:1010200006B221E094F83C0000F00F0004281BD128
:10103000B5F91600801B17D5FCF706FD8346FCF7B3
:1010400081FDB5F91A10411AB5F91600814209DD82
:101050000827FCF7F9FC8346FCF774FD698B401AFE
:1010600006B201E0B5F91660464500DD4646314658
:10107000606A09F0B2FF28460FF0A6FD082F08D1DC
:101080000020009000230D222946606A05F020FA16
:101090001FE0042F08D10020009000230A222946D7
:1010A000606A05F015FA14E0012F08D100200090C5
:1010B000002310222946606A05F00AFA09E0022F8F
:1010C00007D100200090002313222946606A05F012
:1010D000FFF9606A0AF0D2FA94F83C0000F00F00C1
:1010E000012805D094F83C0000F00F0002281FD121
:1010F000606A08F054FA0290606A08F073FA834656
:10110000FCF7A2FC0190FCF71DFD58450FDCFCF735
:101110009BFC0090FCF716FDABEB00010298401A17
:10112000401E00B20190606A01990AF087FA00BF80
:101130000021226B069805F049FD82465046BAF11F
:10114000010F04D0022810D0032807D000BF0023CD
:101150001A460121069805F0A9F90DE000231A4668
:101160000321069805F0A2F906E000231A4609219A
:10117000069805F09BF900BF00BF07B0BDE8F08FEF
:101180002DE9F04107460D4600BF00BF00BF1DB965
:1011900000BF00BF00BFFEE700BF3C460020A086A6
:1011A000002606E0A85D0A2802D1A08E401CA08679
:1011B000761CA85D0028F5D1A08E401CA0860020DA
:1011C000E08620872846DFF725F900F10108206B2B
:1011D00048B194F83C00C0F3001020B9206B04F033
:1011E000B5FA00202063404604F0E2F9206300BF16
:1011F000206B18B900BF00BF00BFFEE700BF206B27
:1012000008B9BDE8F0812946206BDFF7DFF894F8D4
:101210003C0020F0100084F83C00384608F08DFDBA
:10122000606A10B1606A08F088FD00BFE9E72DE947
:10123000F04107460D4600BF00BF00BF1DB900BF0B
:1012400000BF00BFFEE700BF3C460020A08600268E
:1012500006E0A85D0A2802D1A08E401CA086761C5C
:10126000A85D0028F5D1A08E401CA0860020E08655
:10127000208794F83C00C0F3001030B9206B20B1F7
:10128000206B04F063FA0020206394F83C0020F007
:101290001000103084F83C002563384608F04DFDFE
:1012A000606A10B1606A08F048FDBDE8F08170B571
:1012B00006460D4600BF00BF3446E08EA84200D16E
:1012C00070BDA08EA84201DD284601E0A08E401E20
:1012D000E086E08E2087304608F02FFD00BFEFE764
:1012E00070B505460C464FF48061204605F04CFD74
:1012F0000421204605F048FD4FF40031204605F05A
:1013000027F80121204605F023F8204602F01EFEB2
:1013100070BD30B504460B46586A0246002555623A
:1013200030BD0146087A20F08000704701464868C9
:10133000704700B50246107A15280ED0107A14288E
:101340000BD0107A162808D0107A182805D0107AF9
:10135000172802D0107A192803D1104600F03FF860
:1013600000BD00BF00BF0020FAE700B50246107ABA
:1013700001282CD0107A022829D0107A032826D0F0
:10138000107A042823D0107A052820D0107A062855
:101390001DD0107A07281AD0107A082817D0107A92
:1013A000092814D0107A0A2811D0107A0B280ED0F0
:1013B000107A0C280BD0107A0D2808D0107A0E283D
:1013C00005D0107A0F2802D0107A102803D11046C9
:1013D00000F005F800BD00BF00BF0020FAE701469D
:1013E000086970470146086870470146C868704739
:1013F000F0B587B004460D46164614B9012007B073
:10140000F0BD00BF00BF009401948DF8085000208B
:10141000039004969DF8180020F001008DF8180044
:101420009DF8180020F004008DF818009DF81800B1
:1014300020F002008DF81800074800680590064962
:10144000C1F800D06846EFF776FD074602490598D7
:1014500008603846D3E700004001002410B5034679
:101460000C46187A13280DD11846FFF7B8FF02462C
:10147000B2F90000A04202DDB2F9000000E020460F
:10148000108001E000BF00BF10BD00002DE9F04F4B
:101490002DED028B83B00AF0E6FF0646FAF75CFDFD
:1014A00004460AF0E0FF804606F0B2FA06460AF06B
:1014B000DAFF804608F047F80746324639462046AC
:1014C00009F09BFE00231A460121204604F0EEFF9E
:1014D00037236FF0040200212046FBF717F8264659
:1014E00000274FF400384246394630460AF04DF89E
:1014F0004246394630460AF007F800BF00200AF09D
:101500003BF90022014601902046FAF778FC834619
:101510004FF47A7529462046FAF7B7FF6F4A5946C5
:101520002046FAF792FF05200AF026F90922014623
:1015300001902046FAF741FC029020460AF09EF8FE
:101540000AF091FF064602F001FD65490860052397
:101550001A4601216248006804F0A8FF0022614990
:101560005F4800680AF004F85FA15D48006803F076
:10157000F5FC0AF078FF06460AF0B4FF81464FF406
:1015800020624FF4807148460BF088FB23461C22F2
:101590005649484604F094FE204607F0D4FF00EE7A
:1015A000100AB8EEC08B204606F032FA00EE100AA0
:1015B000B8EEC00BB0EE0C1B20EE010BB2EE041B1C
:1015C00080EE012B38EE420BBDEEC00B10EE100A80
:1015D00006B23146484609F0FFFF204606F018FAE9
:1015E0000A2190FBF1F006B23146484609F0F5FCBD
:1015F000204606F00DFA4042142190FBF1F006B2AD
:10160000204606F005FA0A2190FBF1F007B23B46AE
:10161000042221464846009604F05AFF0AF023FFB0
:1016200006460AF05FFF82464FF420624FF4807155
:1016300050460BF033FB23461C222D49504604F044
:101640003FFE204606F0E4F90A2190FBF1F006B2D5
:101650003146504609F0C0FF204606F0D9F900EEA9
:10166000100AB8EEC08B204606F0D2F900EE100A40
:10167000B8EEC00BB0EE0C1B20EE010BB2EE041B5B
:1016800080EE012B38EE420BBDEEC00B10EE100ABF
:1016900006B23146504609F0A0FC204606F0B8F9E3
:1016A0000A2190FBF1F006B2204606F0B1F9404263
:1016B000142190FBF1F007B23B460322214650462D
:1016C000009604F005FF1C220A492046029B04F004
:1016D000F7FD03B0BDEC028BBDE8F08F3C4A0490EF
:1016E0002C0300242C46049000000000751001908B
:1016F00099100190350E019010B500F003F800F03C
:101700003BFC10BD10B500210D4803F0EDFC0D4968
:1017100008600BF0D3FE0C4908800BF0CFFE40F4BC
:1017200080500A4908800BF0C9FE40F480500849F7
:1017300008800BF0C3FE40F480500649088010BDBD
:10174000791E019064020024680200246A020024C9
:101750006C0200246E0200242DE9F04106460F467B
:10176000092F00D12027346939463046F1F79EF918
:10177000054615B90020BDE8F081606800EBC5089A
:10178000608A800B30B92068D8F80010C1F31301CB
:101790000844F0E700BF00BF0020ECE770B5044646
:1017A0000D4600BF1CB900BF00BF00BFFEE700BF71
:1017B000294620466268904770BD2DE9F0470646ED
:1017C0000D469046994600BF1EB900BF00BF00BF3E
:1017D000FEE700BF00BF1DB900BF00BF00BFFEE7AE
:1017E00000BF00202860344600270FE04B464246E9
:1017F00029462046D4F800C0E04707462FB1A87B11
:10180000C0F3001008B92C6002E06469002CEDD12F
:1018100000BF3846BDE8F0872DE9FF4F83B00C4686
:1018200091464FF0000AB9F1090F03D14FF020099A
:101830004FF0010A0398066949460398F1F736F913
:1018400007461FB9002007B0BDE8F08F4FF0000B2E
:10185000F06868B106990398F1F728F901900198AA
:1018600028B13946019A0398F1F7ACFA834600BFD4
:10187000706800EBC705308A00FB0BF00011029086
:1018800028684FEA1058BAF1000F01D04FEA480813
:101890000298804408F108004FEA1018A4F8048068
:1018A000687920812879E08095F90600608195F9B2
:1018B0000700A081708A400AA17B60F30301A17335
:1018C000A07B20F01000A073BAF1000F05D0E088D3
:1018D0004FF6FF7101EA4000E0800120B3E72DE9F7
:1018E000FF4105460E46174600BF1DB900BF00BFA9
:1018F00000BFFEE700BF3B46324669462846FFF779
:101900005CFF044624B1BDF8040004B0BDE8F081DA
:101910000020FAE70146B1F9080070470146B1F925
:10192000080070470146B1F9080070470146B1F957
:101930000800704770B50446606808B90B2070BD98
:101940006068C06808B90920F9E7D4E90010C268E6
:10195000904705466068408858B1A06848B1A068C3
:10196000C06818B1A168C86803F0F0FEA06803F071
:10197000EDFE002020606060A0602846DFE70000E8
:1019800070B505460948E3F7C8FB04460AE020683D
:101990000078A84201D1206870BD21460348E3F7D2
:1019A000D4FB0446002CF2D10020F5E7E4460224E3
:1019B00070B505462846DEF72DFD04460EE0285D8D
:1019C0002E2802D1601C284470BD285D2F2802D02B
:1019D000285D5C2801D103A0F6E7641E002CEED13F
:1019E00000A0F1E700000000401C01783A2900D176
:1019F000401C70472DE9F04705460F46914627B930
:101A000000BF00BF0B20BDE8F08797F8008040467C
:101A1000FFF7B6FF04461CB900BF00BF0320F2E782
:101A2000606838B120466168884718B900BF00BFB8
:101A30000120E8E7A06818B900BF00BF0920E2E76D
:101A40003846FFF7D1FF82464A4651462046A368F2
:101A5000984706460EB1701C08B90C20D3E76C609D
:101A60002E60608878B1102003F0A2FDA86000BF4E
:101A7000A86818B900BF00BF00BFFEE700BF102173
:101A8000A86804F07AF80020BDE72DE9FC4104467F
:101A90000F4690461D460DB100202860606810B9C1
:101AA0000B20BDE8FC816068006908B90920F8E7EF
:101AB000002001906068408838B101AB4246394649
:101AC000204600F011F8064609E001A80090D4E98C
:101AD000001043463A46D0F810C0E04706460DB124
:101AE000019828603046DCE72DE9F04F87B00446C6
:101AF0000F4615469A4600200690A068D0F808B018
:101B0000A06800680590A06840680490A068D0F8BC
:101B10000C806068B0F80290059858454AD804983F
:101B2000834547D20598ABEB000080B20390039841
:101B3000A9EB000086B2B54207D8039808EB000174
:101B40002A46384603F08BFE33E0039808EB000189
:101B50003246384603F083FE4D450AD9AB1BBA190D
:101B6000CDF800A0D4E90010D0F810C0E0470690EE
:101B70001FE00020029002A80090D4E900104B461C
:101B80004246D0F810C0E0470690A0684068401C6C
:101B9000A1680860A068006802990844A1684860CC
:101BA000A81B80B20190B8194146019ADEF751FC9A
:101BB00000BF39E04D4509D9CDF800A0D4E90010A7
:101BC0002B463A460669B04706902DE0B8F1000F63
:101BD00010D1484603F0ECFCA168C86000BFA068C3
:101BE000C06818B900BF00BF00BFFEE700BFA06813
:101BF000D0F80C800020039003A80090D4E90010D6
:101C00004B4642460669B0470690A068C0F800B04F
:101C1000A068006803990844A16848602A464146C4
:101C20003846DEF716FC00BF069830B9CAF80050F7
:101C3000A06880682844A1688860069807B0BDE85D
:101C4000F08FF8B504460D461746606808B90B20BA
:101C5000F8BD6068806908B90920F9E70026606866
:101C6000408800284ED027B1012F1AD0022F48D12A
:101C700032E0A0688560A0688068A1680968884231
:101C800005D3A0688068A1684968884208D9A3681C
:101C90009A68D4E900100023D0F818C0E04706463F
:101CA0002FE0A06880682844A1688860A0688068E8
:101CB000A1680968884205D3A0688068A16849685E
:101CC000884208D9A3689A68D4E900100023D0F8A4
:101CD00018C0E047064614E0D4E900103B462A4607
:101CE000D0F818C0E047064656B9D4E900106A4655
:101CF000C3699847064616B90098A168886000BF76
:101D000000BF07E0D4E900103B462A46D0F818C0CF
:101D1000E047064630469BE72DE9F04F87B0044682
:101D20000E461746A07870434FEA202A574507DC35
:101D300020880690BDF81810084607B0BDE8F08F5F
:101D4000207A401E04EB8000807870434FEA202BFD
:101D50005F4509DB207A401E04EB80000088069076
:101D6000BDF818100846E8E70020039001252AE096
:101D700004EB85008078704300120190019887423F
:101D80001FDC681E04EB800000880090FBF7F2F96E
:101D9000059004EB850000880090FBF7EBF90490B8
:101DA000681E04EB8000807870434FEA202A04EB21
:101DB0008500807870434FEA202BABEB0A0003903C
:101DC00004E0681CC5B2207AA842D1DC00BFA7EBB2
:101DD0000A0007B2C7EB0721039891FBF0F000F06F
:101DE000FF08C8F1FF099DF8100010FB08F09DF8EE
:101DF000141011FB090000EBC01101EBC030800E84
:101E0000BDF8081060F3040102919DF8110010FB69
:101E100008F09DF8151011FB090000EBC01101EB53
:101E2000C030400EBDF8081060F34A1102919DF8D1
:101E3000120010FB08F09DF8161011FB090000EBD2
:101E4000C01101EBC030800EBDF8081060F3CF2147
:101E50000291BDF8081008466FE710B504466068A7
:101E6000C00F10B1204603F071FC10BD2DE9FE43F8
:101E700005460E461746687A00F0070010B90020A4
:101E8000BDE8FE832848007828B9002000F050F80B
:101E9000012025490870687A00F00700022801D166
:101EA000304600E038468046324641462846E6F74E
:101EB00069FA02900020019001AA02A91B48F4F7D8
:101EC0006FF801280AD101984068401C01994968BF
:101ED00060F31D01019841600198D1E73A4631460F
:101EE0002846E4F7FDFA0190019818B900BF00BF39
:101EF0000198C5E7002410E00198B0F90E102246C1
:101F00002846FFF709FF00900198806800EB440025
:101F1000BDF800100180601C04B20198B0F90E00F9
:101F2000A042E9DC0198ABE778010024FB160190A0
:101F300010B504460D48006803F008FC204603F085
:101F400037FB0A4908600A49086000BF0748006873
:101F500018B900BF00BF00BFFEE700BF214603481D
:101F6000006803F00AFE0348046010BDC8020024A4
:101F7000740100247001002410B50021204803F0F2
:101F8000B3F8204908600BF099FA40F480501E49DC
:101F900008800BF093FA40F480501C4908800BF045
:101FA0008DFA40F480501A4908800BF087FA40F40B
:101FB0008050184908800BF081FA40F4805016498F
:101FC00008800BF07BFA40F48050144908800BF035
:101FD00075FA40F48050124908800BF06FFA40F413
:101FE0008050104908800BF069FA40F480500E4987
:101FF00008800BF063FA40F480500C49088010BD53
:10200000273B019074020024780200247C02002403
:102010007A0200247E020024880200248602002422
:102020008202002480020024840200248A02002408
:102030002DE9F04107460C460FB9BDE8F08100BF1D
:1020400000BF3846E3F769F806460AE03068A04268
:1020500002D100BF00BFF0E731463846E3F775F81C
:102060000646002EF2D1204605F0C8FC8046B8F1A5
:10207000000F0DD0A068806850B1A0688068C0686B
:102080000068A04204D1404600F0B7F800BF00BF8E
:10209000A06810B9204604F055FCA0688760384657
:1020A000E3F78EF8054600BF1DB900BF00BF00BFB3
:1020B000FEE700BF05B9C0E72C603846E3F72DF80E
:1020C000A84202D1384600F098F800BF00BF00BF18
:1020D000B3E7000010B50446024A03492046F0F772
:1020E00099F810BD4B5100901B5100902DE9F04123
:1020F00006460EB9BDE8F081304605F07FFC044687
:1021000004B9F7E7207E00F0010000B1F2E70021FA
:10211000204600F0FCF82046E2F7FFFF05463CE0D1
:102120002868B04234D1E068B0B1E0680068B042DD
:1021300012D02046F0F7C7FD8046E16842460868A5
:102140000F21FFF755F90746012F00D0D2E7E168CC
:10215000086807F0F2FD00BFE560E068B8B12069EB
:1021600010B12046216988472046F0F7ACFD804633
:10217000E168424608680E21FFF73AF90746012F49
:1021800000D0B7E7E168086807F0D7FD00BF06E0B8
:1021900029462046E2F7D9FF0546002DC0D100BFF1
:1021A00000BFA7E710B50446024A03492046F0F7EE
:1021B00031F810BD595100906551009001480068F8
:1021C0007047000048010024014609B9002070470B
:1021D000087EC0F34000FAE7014609B900207047C5
:1021E000C86808B90020FAE7C8680068F7E710B5C2
:1021F00004462046E2F797FF10BD70B50446207EE6
:10220000C0F3C005207E20F0080008302076207E34
:10221000C0F3800018B92046FFF75CFF06E0207E7F
:10222000C0F3800010B12046FFF7BCFF207E65F3AD
:10223000C300207670BD2DE9F0410546284605F023
:10224000DDFB04460CB9BDE8F08100BF00BFE068CB
:1022500008B3E0680068A84221D1207E00F00100A8
:1022600018B1207E20F0010020762046E2F755FFCD
:10227000E168884210D12046E2F774FFE1688842A5
:102280000AD12046F0F71FFD0746E1683A46086884
:102290000F21FFF7ADF802E02046FFF7AEFFE06840
:1022A00028B1E0680068A84201D10020E060204623
:1022B000E2F733FF064614E03068A8420CD13146FD
:1022C0002046E2F7A9FF304603F040FAA86810B1B3
:1022D0000020A968886006E031462046E2F735FF15
:1022E0000646002EE8D100BF00BF00BF00BFAAE72E
:1022F00073B505462846FFF76FFF04460CB9012069
:102300007CBD01AA0D212046FFF772F8F8E72DE900
:10231000F04704460D460CB9BDE8F0872E46207EF6
:10232000C0F340003546A84200D1F5E7207E66F3B1
:10233000410020762046FFF74FFF074697B1204621
:10234000F0F7C1FC8146E1684A4608680E21FFF7B4
:102350004FF88046B8F1010F00D0DDE7384607F0AE
:10236000ECFC00BF00BFD7E72DE9FF4303469C68A4
:10237000187800F01F0005280DD11868C0F38A20D6
:10238000504300EB400001EB41068519A81C205C7E
:1023900004B0BDE8F083187800F01F000B281BD1B3
:1023A00001F00705C9101868C0F38A20C01DC010CD
:1023B00000FB0216A05DC5F107084FF0010C0CFAF6
:1023C00008FC00EA0C00C5F1070C40FA0CF70FB14D
:1023D0000020DDE7FF20DBE7187800F01F000C2865
:1023E0001CD12CA0006803908807450F891018683D
:1023F000C0F38A20C01C801000FB0216A05DC5F14E
:1024000006084FF0030C0CFA08FC00EA0C00C5F1BA
:10241000060C40FA0CF703A8C05DB9E7187800F085
:102420001F000D2826D10FF27009D9E901C8D9F88B
:102430000000D9F80C90CDE901C8CDF80C900090BF
:10244000C807450F49101868C0F38A20401C401087
:1024500000FB0216A05DC5F104084FF00F0C0CFA4A
:1024600008FC00EA0C00C5F1040C40FA0CF71DF85A
:1024700007008DE7187800F01F000E2806D11868B5
:10248000C0F38A2000FB0215605D81E700BFFF20DA
:102490007EE700000055AAFF0011223344556677FD
:1024A0008899AABBCCDDEEFF2DE9FF4383B004463B
:1024B0000D46174600BF0020014602464FEAD20CE7
:1024C000BDF800306CF304034FEA910C0093BDF8A3
:1024D00000306CF34A134FEAD00C0093BDF8003083
:1024E0006CF3CF230093BDF800C063460193BDF8A1
:1024F000041008460290A668207800F01F00042807
:1025000009D0207800F01F00062804D0207800F0C1
:102510001F00052815D1217801F01F0000F090F868
:102520004FEAE0082068C0F38A20784300FB08F0F7
:1025300005FB080906EB0901022202A803F0CBFA09
:1025400078E0207800F01F00072816D1083605F043
:102550000700ED102268C2F38A22D21DD21002FBBE
:102560000751725CC0F1070C012303FA0CF31A4007
:10257000C0F107031A4102925CE0207800F01F00CE
:10258000082816D11036AA07500FAD102268C2F3E2
:102590008A22D21C921002FB0751725CC0F1060C19
:1025A000032303FA0CF31A40C0F106031A41029206
:1025B00040E0207800F01F00092816D14036EA07D5
:1025C000500F6D102268C2F38A22521C521002FB77
:1025D0000751725CC0F1040C0F2303FA0CF31A408C
:1025E000C0F104031A41029224E0207800F01F0099
:1025F0000A2809D106F580662168C1F38A2101FB0A
:102600000750315C029115E0207800F01F000B2884
:102610000ED0207800F01F000C2809D0207800F0A0
:102620001F000D2804D0207800F01F000E2801D1D3
:1026300006980290BDF80810084607B0BDE8F08380
:10264000014600200F291DD2DFE801F008091C1CFB
:102650000B0E0C101316191114171A0000BF0020CE
:1026600012E000BF10200FE018200DE000BF012095
:102670000AE000BF022007E000BF042004E000BF22
:10268000082001E0002000BF00BF70470146002085
:102690008A1E0D2A13D2DFE802F00812120712096F
:1026A0000A0B0C0D0E0F100000BF00BF00BF00BFD3
:1026B00000BF00BF00BF00BF00BF012001E000203D
:1026C00000BF00BF704701460020032902D0062941
:1026D00002D100BF012001E0002000BF00BF704711
:1026E00070B506460C462546002045F8240F287D87
:1026F00020F00300C01C2875287D20F07C00287580
:10270000204606F020FF2881204605F081F96881E7
:102710000020A8814FF480706882287D20F080001E
:10272000803028750020A880243D002169856886B6
:10273000A98685F839000221204604F025FB4FF4D4
:102740008031204603F004FE70BD000070B50446E1
:1027500000BF00BF2146044804F067FA054628463A
:1027600004F0D8FA284670BD4049049070B506467A
:102770000D466C6AA4B1287C012802D12046FFF7DF
:10278000D9F8E06810B1E06802F0E0FF206910B10C
:10279000206902F0DBFF204602F0D8FF00206862CB
:1027A00070BD00002DE9FF4781460D4614462846BE
:1027B00000F05AFF0746E7B9287800F01F01042906
:1027C00001DB0E2903DD002004B0BDE8F087286896
:1027D000820A206862F3942020602868420D2068F5
:1027E00062F35F5020602878226860F30402226060
:1027F00049E0012F30D12846FFF7DAF8804623A1BF
:10280000DDF7CEFE08B10020DEE70222294601A84E
:10281000FFF7F0F8064696B96B460422214601A858
:10282000FFF733F9064601A8FFF784F816B90098B8
:10283000042803D000BF00BF0020C5E700BF2078F8
:1028400000F01F00042804DB207800F01F000E2891
:1028500001DD0020B8E716E0022F10D10121206829
:1028600061F3942020602068C0F3140000F500108C
:102870002060206820F01F000B30206003E000BFC4
:1028800000BF0020A0E701209EE7000062696E0003
:102890002DE9FF4F8DB004460D4691466BA00068B0
:1028A0000C906BA000680B906AA30FCB07AE0FC60D
:1028B00020890690002610E0BDF81800C1B206EB92
:1028C00046021A988154BDF81800020A06EB460029
:1028D000401C1A990A54701C06B210988642EBDB11
:1028E00000200590217D01F01F00FFF7A9FE824620
:1028F000012101FA0AF0401E80B2049000274FF037
:10290000000800200390207D00F01F000B2806D057
:102910000C2816D00D2827D00E2841D137E0606949
:10292000C0F38A20C01DC71007FB09F000EBE500CB
:10293000804405F00700C0F1070003900CA8059043
:102940002EE06069C0F38A20C01C871007FB09F0E5
:1029500000EBA500804405F003000621A1EB400038
:1029600003900BA805901BE06069C0F38A20401C0F
:10297000471007FB09F000EB6500804405F00100FB
:102980000421A1EB8000039007A8059008E060698E
:10299000C0F38A2707FB095080440020039000BF42
:1029A00000BF606A0290384602F03CFE8346BBF1ED
:1029B000000F03D1002011B0BDE8F08F002001907E
:1029C000207C20B960688168414401910DE00022BB
:1029D00008F104010298FFF734F900233A465946FA
:1029E0000298FFF752F8CDF804B0002625E00199CF
:1029F0000978039A1141049A01EA0200217D01F04D
:102A00001F010E2901D1024601E005990A5C06EB7F
:102A10004601891C1A9B5A540399A1EB0A0149B239
:102A200003910399002906DACAF1080149B203911A
:102A30000199491C0191701C06B210988642D6DBA0
:102A4000584602F06BFE0120B5E7000000FF0000D1
:102A50000055AAFF00112233445566778899AABB16
:102A6000CCDDEEFF2DE9FF4F85B004460E469146C2
:102A7000217D01F01F00FFF7E3FD04900121049880
:102A800001FA00F0401E80B203900027002002905F
:102A90000025207D00F01F00072806D0082815D04B
:102AA000092825D00A2840D134E06069C0F38A2083
:102AB000C01DC71007FB09F000EBE6000544083510
:102AC00006F00700C0F1070002902EE06069C0F335
:102AD0008A20C01C871007FB09F000EBA600054404
:102AE000103506F003000621A1EB400002901CE027
:102AF0006069C0F38A20401C471007FB09F000EB17
:102B000066000544403506F001000421A1EB800079
:102B100002900AE06069C0F38A2707FB0960054458
:102B200005F580650020029000BF00BFD4F824B0F6
:102B3000384602F077FD8246BAF1000F03D100203B
:102B400009B0BDE8F08F00200190207C20B96068BA
:102B50008168294401910CE00022291D5846FFF7A5
:102B600070F800233A4651465846FEF78EFFCDF8DE
:102B700004A04FF0000837E001990978029A11414A
:102B8000039A01EA0200DBF80C1001EB400109880E
:102B90000091BDF80010CAB208EB48031299CA545C
:102BA000BDF800100B0A08EB4801491C129A535457
:102BB000DBF810100B5C08EB4801891C129A535487
:102BC000049A0299891A49B202910299002907DAF6
:102BD0000499C1F1080149B202910199491C01917E
:102BE00008F101000FFA80F808988045C4DB5046D0
:102BF00002F094FD0120A3E72DE9FC5F04460E4698
:102C000017469846606A0190217D01F01F00FFF78A
:102C100017FD82466069C0F38A2007FB006000FB55
:102C20000AF04FEAE00B0BF1040B00225946019821
:102C3000FFF707F88146B9F1000F04D000BF00BFCD
:102C40000020BDE8FC9F4FEAEA0000FB08F50020E9
:102C500000906B462A460C990198FEF716FF8146B4
:102C6000B9F1000F02D10098854203D000BF00BF28
:102C70000020E6E70120E4E72DE9FE4F82460C46FE
:102C8000207C012843D16068FEF792FE804680A137
:102C9000DDF786FC10B10020BDE8FE8F02226846F9
:102CA0006168FEF7A7FE06461EB100BF00BF002008
:102CB000F2E7606AC0B9142002F07AFC606200BFDB
:102CC000606A18B900BF00BF00BFFEE700BF606ABE
:102CD00030B900BF00BF6846FEF72CFE0020DBE7DE
:102CE0001421606A02F049FF676A38466A460C217F
:102CF0000346944607E09CF8008083F800805B1C44
:102D00000CF1010C491E0029F5D100BF06E0207C22
:102D100020B96068806808B90020BDE7207D00F018
:102D20001F05042D03D0052D01D0062D08D1207CD0
:102D300020B960688068A0610120ADE70120ABE7A1
:102D4000072D05D0082D03D0092D01D00A2D70D1F3
:102D50002846FFF775FC8346012000FA0BF8606AED
:102D6000A8B9142002F024FC606200BF606A18B9A0
:102D700000BF00BF00BFFEE700BF606A18B900BF18
:102D800000BF002088E71421606A02F0F6FE666A40
:102D90004FEA480002F00CFCF06000BFF06818B980
:102DA00000BF00BF00BFFEE700BF404602F000FCCE
:102DB000306100BF306918B900BF00BF00BFFEE737
:102DC00000BFF06808B1306938B900BF00BF2146C4
:102DD0005046FFF7CBFC00205EE7207C012823D182
:102DE000002204213046FEF72CFF002719E00023C3
:102DF000042202A93046FEF748FE9DF808209DF8FF
:102E000009109DF80A00FAF72CF80190F06800EB21
:102E10004700BDF8041001809DF80B003169C855CA
:102E20007F1C4745E3D31FE06068D0F80890002777
:102E300017E01BE019F8272009EB8703597809EB05
:102E400087039878FAF70DF80290F06800EB4700D6
:102E5000BDF80810018009EB8700C0783169C855BA
:102E60007F1C4745E6D300BF012015E70B2D05D099
:102E70000C2D03D00D2D01D00E2D01D101200BE71B
:102E800021465046FFF772FC00BF00BF002003E759
:102E900062696E002DE9F84F82460C4616461F46C1
:102EA000DDE90A854FF00009207D00F01F000428AD
:102EB00009D0207D00F01F00052804D0207D00F0FF
:102EC0001F0006280BD1207C012847D143463A46F3
:102ED000314620460095FFF78FFE81463EE0207D7B
:102EE00000F01F000B280ED0207D00F01F000C28E2
:102EF00009D0207D00F01F000D2804D0207D00F0B7
:102F00001F000E2808D143463A4631462046009518
:102F1000FFF7BEFC814621E0207D00F01F0007285E
:102F20000ED0207D00F01F00082809D0207D00F081
:102F30001F00092804D0207D00F01F000A2808D1B6
:102F400043463A46314620460095FFF78BFD8146C1
:102F500004E000BF00BF0020BDE8F88F4846FBE753
:102F600010B50446206870B12068C06818B12068A8
:102F70002146C2689047207C012804D1606802F095
:102F8000E5FB0020606010BD10B50A48E2F7F8F8D4
:102F9000044600BF1CB900BF00BF00BFFEE700BF72
:102FA0000CB9002010BD1421204602F0E6FD204699
:102FB000F8E70000084702242DE9F04105460E46D7
:102FC0000421304602F0D9FD15B90020BDE8F0819A
:102FD000284600F049FB07462FB92946886808B9FA
:102FE0000020F3E700BF4FF000080D48E2F795F826
:102FF000044610E0206848B132462946204623683E
:1030000098478046B8F1010F00D106E021460448F8
:10301000E2F79BF80446002CECD100BF4046D5E710
:10302000084702242DE9FF4704460E469946282109
:10303000204602F0A2FD1EB9002004B0BDE8F087D2
:10304000304600F011FB07462FB93146886808B9B1
:103050000020F2E700BFBDF8080020812774C4F803
:103060000C90207C01281BD13046DDF7D3F9824635
:103070000AF1010002F09CFA606000BF606818B9B4
:1030800000BF00BF00BFFEE700BF606818B900BF07
:1030900000BF0020D1E731466068DDF797F900E016
:1030A00066604FF000081D48E2F737F805462AE051
:1030B000286808B1686800B920E004F114023146BC
:1030C00028462B6898478046B8F1010F00D015E0DC
:1030D0002560214628466A6890478046B8F1010F6E
:1030E00001D14046A9E7042104F1140002F045FD96
:1030F00000202062A0616062E06100BF29460748AD
:10310000E2F723F80546002DD2D1207C012802D118
:10311000606802F01BFB40468FE70000084702246E
:103120002DE9FC4704460D4616461F46DDF828806B
:103130004FF000092068806848B1CDE90078206828
:1031400033462A462146D0F808C0E0478146484623
:10315000BDE8FC87C16070470160704741607047FF
:103160008160704770B506460D462C4694F83800CD
:1031700000F00300012805D094F8380000F00300A7
:1031800002280BD1606A02F0E1FA0020606294F834
:10319000380020F00300C01C84F8380070BD000027
:1031A0002DE9F34F85B00698FEF7BBF80646152EBD
:1031B0000CD0182E0AD0A248069904F0EFFA054662
:1031C000012D02D007B0BDE8F08F00BF0698FEF7D2
:1031D00009F9804644462A2E0ED194F8380000F0B2
:1031E0000300022804D14046616A00F058F925E145
:1031F000404607F01FFB21E1132E7AD10698FEF717
:10320000EEF805460021404606F035F98146E08E8D
:1032100000FB09F000120FFA80F90021404606F089
:10322000E9F88246208E50440FFA80FABAF1000F76
:1032300002D1B9F5807F5BD0404606F084F9834621
:10324000404604F0E5FB029004F132001FFA89F1D8
:103250005346CDE90010594603A8029AE0F7B0FFA3
:10326000B5F90070B5F90000BDF90C10791A884263
:1032700002DDB5F9000002E0BDF90C00381A00B219
:103280002880B5F90000BDF90E10791A884202DDD8
:10329000B5F9000002E0BDF90E00381A00B228802E
:1032A000B5F90000BDF910103944A1EB0B018842BB
:1032B00002DDB5F9000004E0BDF910003844A0EBD0
:1032C0000B0000B22880B5F90010BDF91200C21938
:1032D0000298101A814203DDB5F9000005E008E00C
:1032E000BDF91200C1190298081A00B2288000BF67
:1032F000A4E0112E75D10698FEF771F8054600215D
:10330000404606F0B8F80746E08E7843001207B250
:103310000021404606F06EF88146208E48440FFAA0
:1033200080F9404606F00FF9B4F92C10884259D1C3
:10333000404604F06DFBB4F92E10884252D1B7F527
:10334000807F14D1B9F1000F11D1B4F92CB00BEB7F
:10335000DB704010B4F93210884208D1B4F92EA0C5
:103360000AEBDA704110B4F9340081423AD0404699
:1033700006F0E9F88246404604F04AFB834604F131
:103380003200B9B24B465A46CDE90010514603A867
:10339000E0F716FFBDF80C00B8F81410084400B2AE
:1033A000ADF80C00BDF80E10B8F81600084400B2D5
:1033B000ADF80E00BDF81000B8F81410084400B2C3
:1033C000ADF81000BDF81210B8F81600084400B2AD
:1033D000ADF81200002203A82968E0F712FD287159
:1033E0000BE00BE003A9404604F025FA002203A8F5
:1033F0002968E0F706FD287100BF1FE02C2E14D1CC
:103400000698FDF7ECFF054694F8390000F003003C
:10341000012805D1404600F015F80490286003E02B
:10342000A08D2880E08D688008E0152E03D0182E2E
:1034300001D0122E02D10698E7F776FA00BFC1E656
:1034400040490490F0B585B0044625460021204649
:1034500006F011F80646E88E704306120021204659
:1034600005F0C8FF0746288E074405F13200B1B2C7
:10347000CDE90010B5F92E20B5F92C103BB202A809
:10348000E0F79EFE02A8F7F7BDFAADF8100002A81B
:10349000F7F730FAADF81200049805B0F0BD2DE949
:1034A000F04F85B00546884600BF00BF284606F0AD
:1034B00044FC404600F0D8F806462C46032E1CD1AA
:1034C00000BF00BF94F8380000F00300022805D0C8
:1034D00094F8380000F00300012802D1606A02F07D
:1034E00035F90020606294F8380020F00300C01C19
:1034F00084F8380005B0BDE8F08F04A94046FFF716
:103500005BFD8EB994F8380000F00300012805D067
:1035100094F8380000F00300022802D1606A02F03B
:1035200015F9C4F8248034E0012E01D0022E30D1E8
:10353000606A40452DD04FF0000994F8380000F043
:103540000300012805D094F8380000F00300022899
:1035500001D1D4F824904046DCF75CFF00F1010A69
:10356000504602F025F8074600BF1FB900BF00BF54
:1035700000BFFEE700BF07B9BCE741463846DCF7AD
:1035800025FF6762B9F1000F02D0484602F0DEF86D
:1035900000BF022E38D1002741F259423946284651
:1035A00005F0AAFD02900298814600BF41F25A42FE
:1035B0003946284605F0A0FD0290029800B28246E6
:1035C00000BF41F25B423946284605F095FD029066
:1035D000029800B28346002041F6FF7153464A46E6
:1035E000CDE900B10290414603A80CF0CBF8BDF83C
:1035F0000C10049861F394200490BDF80E10049808
:1036000061F35F50049000BF2C34207B66F301000F
:1036100020730498C0F38A2020800498400D6080B5
:10362000217B049860F3860121730499C1F38A20F9
:1036300000EBD0714910E1802C3C0499480D00EB5F
:10364000D0714910A186284607F023F9208E18B9B9
:10365000E08EB0F5807F02D0284607F0EBF82846D0
:1036600006F06BFB00BF45E70146032001B9704738
:103670000A461378202B04DB13787F2B01DC012012
:1036800005E01378802B01DB022000E000200328F6
:1036900001D100BF00BF00BFE9E710B504462021FB
:1036A000204602F06AFA002020700A202076607618
:1036B0004FF4C870A0836420E0833220E0760320BA
:1036C000A07610BD70B50546286910B9FAF7BCF9A7
:1036D0002861286918B900BF00BF002070BD1048DC
:1036E000E1F74EFD044644B900BF1CB900BF00BF5E
:1036F00000BFFEE700BF0020F0E75821204602F09F
:103700003CFA2560607920F00200801C607122463E
:10371000042104480BF0AAFC216848612046DDE73B
:10372000D84602240938029001480068704700001A
:103730004C01002410B504461CB90448E1F7EDFC27
:1037400010BD21460148E1F700FDF9E7D846022403
:1037500001480068704700005001002418B9002299
:103760000A804A80704702681278012A08D00268ED
:103770001278032A04D04FF0FF320A804A8003E017
:1037800002890A8042894A8000BFEBE7014609B9F5
:103790000020704708680078012805D00868007884
:1037A000032801D00020F4E791F8400000F00F005A
:1037B000EFE7014609B90020704708680078012842
:1037C00005D008680078032801D00020F4E7C86A13
:1037D000F2E7014609B90020704708680078FBE766
:1037E00000220A804A8000B9704702681278012AD4
:1037F00003D002681278032A03D1828A0A80C28A1F
:103800004A8000BFF0E700007FB504464149E06808
:103810000860084600680068006900B97FBD3D483F
:103820000068F1F7DFFD3B4800684079C0F3800095
:1038300000B1F3E700BF694636480068E1F7F4F9E4
:103840009DF80F5033480068F1F7CCFD0020324955
:1038500008609DF80E002F49096808712D4800681E
:103860000079012808D10BF0A2FB2A4909680968F0
:103870000969C1F8540110E0264800680068007822
:1038800004280AD1BDF80C0038B10BF090FB214997
:10389000096809680969C1F854011E480068006890
:1038A0000078012805D169461A480068F1F762FBE3
:1038B00022E01848006800680078022805D16946AF
:1038C00014480068F1F70CFA16E012480068006826
:1038D0000078042805D169460E480068F0F73EFFDD
:1038E0000AE00C48006800680078032804D16946A3
:1038F00008480068F0F75EFE06480068F1F772FDC0
:10390000002D98D10020034908600349086000BFDA
:1039100084E700004C0100245001002470B50446E7
:103920000D4634B3607920F00200801C6071284895
:103930000068A04202D10020264908602068007873
:10394000012803D020680078022840D115B1206BEF
:10395000A84201D10021216315B1606AA84201D1BA
:103960000021616215B1A06AA84230D10021A16294
:103970002DE00020FFF7DEFE064622E0707920F001
:103980000200801C707130680078012803D0306814
:103990000078022811D115B1306BA84201D1002165
:1039A000316315B1706AA84201D10021716215B16D
:1039B000B06AA84201D10021B1623046FFF7BAFED9
:1039C0000646002EDAD100200249086000BF70BD13
:1039D0004C0100245001002410B50446607920F009
:1039E000010161710BF0E3FAA0640BF0E0FA60648E
:1039F00010BD70B502460C460AB9002070BD032CFC
:103A000004D00C2C05D1B2F9221004E0B2F9201038
:103A100001E00020F2E700BF1068457E002308E0C7
:103A2000581803B2C5F164004843642690FBF6F0D1
:103A300001B20029F4D11846E0E72DE9F047044629
:103A4000884600260121204605F0DAFD10B100204D
:103A5000BDE8F0874146204605F0F1FD074600220B
:103A6000414604F11400E0F7CCF928B94FF40021E5
:103A7000204605F0C5FDB0B1204603F0D2FE8146D8
:103A8000A9F101050CE0A068006850F825A04146A6
:103A90005046FFF7D2FF06460EB13046D8E76D1EFE
:103AA000002DF0DA00BF0FB12046D1E70020CFE7AC
:103AB00000B97047417921F008010831417100BF18
:103AC000F7E70000F8B52548007810B100BF00BF47
:103AD000F8BD00BF00BF01F04DFEE1F767FEE0F763
:103AE0005FFBE0F75DF8E0F763FBFAF719FBE1F73E
:103AF000C7FC4FF4AC711A48E1F73AFB582119485A
:103B0000E1F736FBE1F748FEE1F75EF816A52C4633
:103B10002078C32804D16078812801D1A07808B129
:103B200000BF00BF114800906E463078112801D1C7
:103B3000012000E00020074627B100BF00BF00BF02
:103B400000BFFEE700BF00BFFDF7D6FD012003491F
:103B5000087000BF00BF00BFBAE700005801002492
:103B6000CC460224D8460224C381000044332211EB
:103B700070B506460C460421204603F005F925469B
:103B80000020A86385F83C0085F83D0000231A4614
:103B90000521204602F08AFC00231C22064920460B
:103BA00002F08EFB00221146204607F042FC204620
:103BB00000F07CF970BD0000BD3B02902DE9F0479C
:103BC00082465046FDF70EFC074600BF00BF3C464C
:103BD0003846F7F7F3FD06464FF6FF718E4201D1E6
:103BE000BDE8F0873846F7F7E9FD8046414638469C
:103BF000F7F7B4FD054605B9F2E77FA12846DCF7E3
:103C0000CFFC68B9002084F83C007C480168384645
:103C1000F7F740FE7A4801683846F7F72AFEDFE7F3
:103C200078A12846DCF7BCFC68B9012084F83C0088
:103C3000724841683846F7F72DFE714841683846AA
:103C4000F7F717FECCE770A12846DCF7A9FC68B9A6
:103C5000022084F83C00694881683846F7F71AFE6C
:103C6000674881683846F7F704FEB9E767A1284638
:103C7000DCF796FC20B166A12846DCF791FCB0B9D0
:103C8000002220213846FDF7B3FB8046B8F1010F32
:103C900000D0A5E7A06B48B100222021A06BFDF762
:103CA000A7FB8046B8F1010F00D099E798E759A12A
:103CB0002846DCF775FCB0B900221F213846FDF715
:103CC00097FB8046B8F1010F00D089E7A06B48B19F
:103CD00000221F21A06BFDF78BFB8046B8F1010F7E
:103CE00000D07DE77CE700BFA06B00B978E74AA170
:103CF0002846DCF755FC20B149A12846DCF750FCEA
:103D000098B90A21A06B0AF04BFBA06B0AF0E6FE03
:103D100000286ED000221F21A06BFDF769FB8046B2
:103D2000B8F1010F00D05BE763E03EA12846DCF765
:103D300037FC18B9A06B0AF060FD5AE03AA128469A
:103D4000DCF72EFC18B9A06B0AF066FD51E037A134
:103D50002846DCF725FC18B9A06B0AF0A3FD48E063
:103D600033A12846DCF71CFC80BBA06B0AF0AAFE3E
:103D70001FFA80F8A06B0AF0BAFE814699F800009D
:103D80002D280FD10121A06B0AF0CEFEA06B0AF006
:103D900089FD2B21A06B0AF003FB4146A06B0AF0C2
:103DA000C3FE21E099F800002B2810D10121A06B5F
:103DB0000AF0BAFEA06B0AF075FD2D21A06B0AF087
:103DC000EFFA4146A06B0AF0AFFE0DE00DE00021D6
:103DD000A06B0AF0A9FE2D21A06B0AF0E1FA08F110
:103DE0000101A06B0AF0A0FE03E02946A06B0AF0D7
:103DF00089FB00BFF4E6000061626300E00100247B
:103E0000040200244142430031230000EF808D0072
:103E1000EF849C00EF808C00456E7465720000009A
:103E2000EFA2A200EF819300EF819400EF959A003A
:103E30002B2F2D002DE9F0410446264696F83D0033
:103E400000F0010040B196F83C00174A52F82010EB
:103E50002046F7F70EFD24E02746398E480001F092
:103E6000A7FB0546388E420096F83C000E4B53F8EF
:103E70002010284601F0F3FC002007E035F8101070
:103E800021F4007125F81010411C88B2398E81424E
:103E9000F4DC29462046F7F7ECFC284601F056FCF6
:103EA00000BFBDE8F08100000402002470B50446A4
:103EB000254695F83C00054A52F820102046F7F7B1
:103EC000E9FC2046FFF7B6FF70BD0000E0010024CA
:103ED00070B506460C46254600202C3545F8080CE2
:103EE000287F20F008002877287F20F0100028770E
:103EF0004FF0FF302860287F20F00700287700204F
:103F000028832C3D002146204153481E2863A96385
:103F10006963000CE86328640020A86295F84800F3
:103F200020F0400085F848000221204602F02CFFD6
:103F30000021204600F0D0FF02A1204601F00EF83B
:103F400070BD0000546578740000000070B5044630
:103F500000BF00BF2146044802F067FE0546284620
:103F600002F0D8FE284670BD5C49049070B5064644
:103F70000C462546204600F00BF895F84800C0F3A3
:103F8000C00010B9686A01F0E1FB0020686270BDF2
:103F900070B505462C4694F84800C0F3801020B157
:103FA000A06A10B1A06A01F0D1FB94F8480020F09B
:103FB000400084F848000020A06270BD2DE9F04F59
:103FC00087B0894649464F4803F0E8FB8246BAF17C
:103FD000010F02D007B0BDE8F08F4846FDF7A1F908
:103FE00005464846FDF7FEF906462A2D06D130461D
:103FF00000F006FF304600F02DFC81E0132D11D1BA
:104000000021304605F051F980464046FDF786FC18
:1040100004462746E01704EB907081104846FDF7F0
:104020001DFA6DE0292D06D1304600F0E9FE30463C
:1040300000F010FC64E02C2D5DD1374600213046A5
:1040400005F033F905900021304605F06BF9049036
:104050000021304605F09AF903904FF0000897F8D8
:104060004800C0F3001008B148F0010897F8480074
:10407000C0F3401008B148F00208304603F053FC8A
:1040800083460021304605F037FA42F2D17188426A
:1040900006D1708CC0F3802010B941F6FF7B03E09D
:1040A000304603F040FC83460398CDE901B8009008
:1040B000796A06A8DDE904320BF064FB4846FDF797
:1040C0008EF90446B4F90000BDF91810884202DDEB
:1040D000B4F9000001E0BDF918002080B4F9020035
:1040E000BDF91A10884202DDB4F9020001E0BDF901
:1040F0001A00608004E0152D02D14846E8F769FDFA
:1041000000BF67E75C49049001460A4692F8480000
:10411000C0F3801008B1906A704702F12800FBE7F5
:104120002DE9F04F93B006468B4600BF00BF00BF9D
:10413000BBF1000F03D100BF00BF00BFFEE700BF0F
:1041400037460020039041F612023046039904F0EE
:10415000D3FF02900298BBF80010081A00B2ADF825
:1041600048000020039041F610023046039904F005
:10417000C3FF02900298BBF80210081A00B2ADF813
:104180004A0010A9304603F079FB304600F000FAEF
:1041900081460025002410A8F6F73BFC0F90002173
:1041A000304605F082F80E900021304605F0EEF81A
:1041B0000D900021304605F0B5F80C900E98FDF7F3
:1041C000ADFB0B9000200A9080463E4697F84800D1
:1041D000C0F3001008B148F0010897F84800C0F398
:1041E000401008B148F002080021304605F084F97B
:1041F00042F2D171884205D1708CC0F3802008B999
:1042000048F00408002130467A6A02F0DFFC07908B
:1042100028E00020CDE9000809EB0500DDE90E13D8
:104220000C9AE1F711FB0444BDF94A20DDE90A01CB
:10423000084482420EDC039403A94846504A12689F
:104240009047029002980A2803D019F8040000B998
:10425000641C0BE00D990B9801440A98084400B2C5
:104260000A90254619F805000028D2D100BF09EBB5
:10427000050008904FF0000A0798022819D1611B29
:10428000CDF800800C9B0E9A08980BF0EDFA039085
:1042900010A8F6F7BEFB019000EBD0704110039818
:1042A000029000EBD070A1EB600050440FFA80FA4E
:1042B00014E00798032811D1611BCDF800800C9BF6
:1042C0000E9A08980BF0D0FA039010A8F6F7A1FB0D
:1042D0000399401A50440FFA80FA00BF002006905C
:1042E000059005980490D4B334E005AB02AA03A965
:1042F0000898E1F78DFA08F0010038B1059A08989E
:10430000815C06A8E1F766FB00B123E0DDE902214C
:104310000E98FDF7E4FA00B20190BDF9481001983B
:104320005044814208DB05982844A04204D00498F8
:10433000284419F8000010B9049805900EE001987F
:1043400050440FFA80FA0C9850440FFA80FA0598FE
:10435000049000BF05982844A042C6D300BF094A74
:104360000599089812689047099029464846054AD9
:104370001268904701460998084413B0BDE8F08FD1
:10438000FC020024040300242DE9F74F8EB01646EA
:1043900000BF00BF00BF1EB900BF00BF00BFFEE7E7
:1043A00000BF0E980D900E9800F0F2F804462246D9
:1043B00000210E9802F00AFC8346207800BB002002
:1043C0007080BBF1010F06D0BBF1020F0BD0BBF127
:1043D000030F11D102E0002030800DE00E9803F0B1
:1043E000A2FA308008E00E9803F09DFA029000EBEC
:1043F000D0704010308000BF00BF11B0BDE8F08F1A
:104400000BA90E9803F03AFA4FF0000900270BA809
:10441000F6F7FFFA0A9000210E9804F046FF099083
:1044200000210E9804F0B2FF089000210E9804F0CD
:1044300079FF07900998FDF771FA06900020059022
:1044400080460D9890F84800C0F3001008B148F07D
:1044500001080D9890F84800C0F3401008B148F0EA
:10446000020800210E9805F047F842F2D171884207
:1044700006D10E98408CC0F3802008B948F004089B
:104480002046424A0F9912689047054617E00020DF
:10449000CDE9000804EB0900DDE90913079AE1F70B
:1044A000D3F90744BD4201D3E05D00B90AE00899A1
:1044B000069801440598084400B20590B946E05DAD
:1044C0000028E4D100BF8DB1681E205C0A2803D00B
:1044D000681E205C0D2809D1605D38B908990698DE
:1044E00001440598084400B20590A94604EB090070
:1044F0000490A5EB09000390CDF80080079B099A72
:10450000DDE903100BF0B0F982460F98484503D05F
:10451000079850440FFA80FABBF1020F1AD1A7EBAB
:104520000901CDF80080079B099A04980BF09CF9CB
:1045300002900BA8F6F76DFA009000EBD0704110D6
:104540000298019000EBD070A1EB600050440FFA8C
:1045500080FA15E0BBF1030F12D1A7EB0901CDF8EA
:104560000080079B099A04980BF07EF902900BA833
:10457000F6F74FFA0299401A50440FFA80FA00BF3A
:10458000A6F800A00598708000BF36E7000300245D
:10459000014600BF00BF0A46506A7047014600BF8F
:1045A00000BF0A46106C7047014600BF00BF0A46B4
:1045B000D06B70472DE9F04705460F46164600BF01
:1045C00000BF00BF1EB900BF00BF00BFFEE700BFB5
:1045D0002C4694F84800C0F3C00008B1BDE8F0874D
:1045E000284605F0AAFB606ADBF714FF80463046D8
:1045F000DBF710FF814609EB080A0AF10101606A46
:1046000001F0F8F8606200BF606A18B900BF00BF2F
:1046100000BFFEE700BF606A00B9DFE74FF6FF703A
:10462000874204D10749606A0968884707463246CD
:104630003946606AE1F79EF90021284600F08EFCB9
:1046400000BFCBE7080300242DE9F04F93B0834669
:10465000894600BF00BF00BFB9F1000F03D100BF02
:1046600000BF00BFFEE700BF11A9584603F006F9DE
:104670005846FFF78DFF0646CDF840B000240027CE
:1046800011A8F6F7C6F90F900021584604F00DFE68
:104690000E900021584604F079FE0D9000215846F6
:1046A00004F040FE82460E98FDF738F90C90DDF8D4
:1046B00040B000215846DBF8242002F087FA0B9026
:1046C00000200A900025DDF840B09BF84800C0F3B8
:1046D000001008B145F00105109890F84800C0F3AB
:1046E000401008B145F002050021584604F004FFCF
:1046F00042F2D171884206D1BBF82200C0F380207B
:1047000008B945F0040519E00020CDE9000530198D
:104710005246DDE90E13E1F797F80744B9F9022094
:104720000C990A980844824200DC0AE0DDE90C0199
:1047300001440A98084400B20A903C46305D0028C3
:10474000E2D100BF4FF00008002009900B9802282A
:1047500018D1391B3019534600950E9A0BF084F886
:10476000029011A8F6F755F9009000EBD0704110B7
:104770000298019000EBD070A1EB600040440FFA6A
:1047800080F813E00B98032810D1391B30195346D9
:1047900000950E9A0BF068F8029011A8F6F739F917
:1047A0000299401A40440FFA80F800BF0020089098
:1047B0000794079806900020059004906FB327E0B7
:1047C00007AB04AA05A93046E1F722F805F001007D
:1047D00030B10798315C08A8E1F7FCF800B117E0A8
:1047E000CDF82480DDE904210E98FDF778F84044E7
:1047F0000FFA80F8B9F90000404502DA06980790F0
:104800000AE008EB0A000FFA80F80798069000BF4C
:10481000781E07998842D3D200BFDDE904210E98A3
:10482000FDF75DF85044401C0390B9F90010099859
:10483000A0EB0A0081420ADBB9F90020039909982C
:104840000844824203DC012013B0BDE8F08F002051
:10485000FAE700002DE9F04F99B006463446606A49
:1048600010B919B0BDE8F08F4FF0FF30206317A9E1
:10487000304603F003F817A8F6F7CBF8169000219E
:10488000304604F012FD15900021304604F07EFD04
:1048900080460021304604F045FD8146002794F80B
:1048A0004800C0F3001008B147F0010794F8480031
:1048B000C0F3401008B147F002070021304604F071
:1048C0001BFE42F2D171884205D1708CC0F380206A
:1048D00008B947F004071698CDE9008002974B46C7
:1048E000616A14A8159A0AF04DFF304605F0D1FF11
:1048F00094F8480000F0070002287CD100213046DF
:1049000003F009FF80B21390139850B9304603F0BA
:1049100035F80546F9F79EF8032190FBF1F080B2D7
:10492000139003A8F5F708F9314603A8F5F7B9F98C
:104930004FF6FF7103A8F5F794F94FF496700F90B6
:1049400000BF0F98119000BF0020029017A8F6F743
:1049500060F8BDF95010884253DA17A8F6F759F8F5
:10496000BDF95010A0EB010B5A46002103A8F5F742
:104970008EF9FE4903A8F5F766F9FC4903A8F5F797
:1049800062F9FA493046F5F7BBF805464FF0000AE0
:104990000020019035B1D5F82CA095F83E00C0F369
:1049A000400001900D98504515DDCDF838A09DF8D8
:1049B0004A0020F001008DF84A00019858B19DF896
:1049C0004A1021F00201891C8DF84A100A980C99AE
:1049D0000A910C9000BF0C9A0A991398F5F765F9A3
:1049E0008346594603A8F5F742F903A80D99F5F750
:1049F00032F903A800E06FE0F5F768F901200290B2
:104A000006E0DA493046F5F74FF80020A4F84400F4
:104A100017A8F5F776FFBDF95210884254DA0298CC
:104A2000002851D117A8F5F76CFFBDF95210A0EB83
:104A3000010B1598FCF772FFABEB0000024600215A
:104A4000009003A8F5F723F9C94903A8F5F7FBF887
:104A5000C7493046F5F754F805464FF0000A0020E4
:104A6000019035B1D5F82CA095F83E00C0F3400078
:104A700001900D98504515DDCDF838A09DF84A00FD
:104A800020F001008DF84A00019858B19DF84A10B5
:104A900021F00201891C8DF84A100A980C990A919C
:104AA0000C9000BF0C9A0A991398F5F7FEF883460C
:104AB000594603A8F5F7DBF803A80D99F5F7CBF8ED
:104AC00003A8F5F703F906E0A9493046F4F7ECFF2F
:104AD0000021462001538AE194F8480000F00700C5
:104AE00003287DD10021304603F015FE85B24DB973
:104AF000304602F043FF8246F8F7ACFF032190FBFB
:104B0000F1F085B204A8F5F717F8314604A8F5F7D7
:104B1000C8F84FF6FF7104A8F5F7A3F8002003903A
:104B200017A8F5F776FFBDF9501088423CDA20222D
:104B300011461598FCF7D3FE00EB4000BDF950106C
:104B40004942081A02460021029004A8F5F79FF88E
:104B5000864904A8F5F777F828460D9A0B99F5F7DA
:104B6000A4F80146029004A8F5F781F87F49304681
:104B7000F4F7C6FF8246BAF1000F02D0DAF82C0033
:104B800000E0002083460E98584507DDCDF83CB084
:104B90009DF84E0020F001008DF84E0004A8F5F7B6
:104BA00095F80120039006E070493046F4F77CFF49
:104BB0000020A4F8440017A8F5F7A3FEBDF9521091
:104BC00088423BDA0398C0BB1598FCF7A7FEBDF9F5
:104BD00052104942081A02460021029004A800E03F
:104BE00034E0F5F754F8624904A8F5F72CF82846A4
:104BF0000D9A0B99F5F759F80146029004A8F5F7BC
:104C000036F85B493046F4F77BFF8246BAF1000F75
:104C100002D0DAF82C0000E0002083460E985845B8
:104C200007DDCDF83CB09DF84E0020F001008DF876
:104C30004E0004A8F5F74AF807E0FFE74C49304674
:104C4000F4F732FF002146200153D0E094F84800E9
:104C500000F00700012875D117A8F5F752FEBDF93D
:104C60005210884203DB4FF0FF30E062BFE015983E
:104C7000FCF754FEBDF95210884203DB4FF0FF30C1
:104C8000E062B4E03B49606A09688847032803D8BA
:104C90004FF0FF30E062AAE017A8F5F7BAFE8346AE
:104CA0002E2211461598FCF71AFE484400EB4000EE
:104CB000ABEB000000B2ADF84C0017A8F5F721FEF1
:104CC000ADF84E001598FCF729FE4044BDF94E1092
:104CD00091FBF0F200FB121012901598FCF71EFEEB
:104CE0001299884210DCBDF84E101298081A00B2D2
:104CF000ADF84E001598FCF711FEBDF84E100844B3
:104D000000B2ADF84E000DE0BDF84E101298081A32
:104D100000B2ADF84E00BDF84E00A0EB080000B2A6
:104D2000ADF84E0013A93046FFF7FAF91190606A0A
:104D3000DBF770FB1090606A0F4A11991268904778
:104D40000F9008E052E00FA90C4A606A1268904781
:104D50001198401E11900F98C01C10998842F2D8EB
:104D6000DDF83CA000200E90002521E00D250390E9
:104D7000232503900803002400030024FC020024E0
:104D8000616A0F9A88181C49096888470E99084477
:104D9000C0B20E900FA9194A606A126890470E9827
:104DA000032803DCDDE90F10814200D902E06D1C0D
:104DB000032DE5D900BF606A00EB0A0130460E9A68
:104DC00000F056F888B1002505E02E200AEB050218
:104DD000616A88546D1C032DF7D300210AF103008A
:104DE000626A11541198C01CE06200E000BF3046B6
:104DF00004F0A3FF00BF34E5EC020024F802002415
:104E00002DE9F0478046444694F8480000F007003A
:104E1000012801D0BDE8F087E06A401C00B9F9E73D
:104E2000E06AA0F103094946104A606A1268904797
:104E3000064600254046FFF767F9074605E0785D1E
:104E40007219616A8854681CC5B27119606A405C45
:104E50000028F4D1785D7219616A88544046FFF7E2
:104E600097F84FF0FF30E06200BFD3E70003002463
:104E70002DE9F04106460F46154634463046FFF709
:104E800087F8042D1AD9681C00F092FBA062A06A72
:104E900020B900BF00BF0020BDE8F0812A46394696
:104EA000A06A00F0DCFC0020A16A485594F8480094
:104EB00020F04000403084F848000BE094F84800AF
:104EC00020F0400084F848002A46394604F12800C2
:104ED00000F0C5FC0120DFE770B506460D4600BFB7
:104EE00000BF34461B493046F4F7DEFD1A49304610
:104EF000F4F7DAFD0020A4F8440000214620015315
:104F0000022D03D0032D01D0042D07D194F84800C1
:104F100020F02000203084F8480005E094F8480094
:104F200020F0200084F8480094F8480000F00700C2
:104F3000012805D1E06A401C10B13046FFF760FF40
:104F400094F8480065F3020084F848003046FFF703
:104F500081FC70BD0D250390232503902DE9F041C0
:104F600006460D4600BF00BF3446304604F0E5FE5D
:104F700005B9656A606AA84219D194F84800C0F37F
:104F8000C000A0B9606ADBF745FA471C3946606A81
:104F900000F030FC606200BF606A18B900BF00BF5B
:104FA00000BFFEE700BF606A58BBBDE8F081606AE1
:104FB00048B194F84800C0F3C00020B9606A00F01E
:104FC000C5FB002060622846DBF724FA471C384600
:104FD00000F0EEFA606200BF606A18B900BF00BF5F
:104FE00000BFFEE700BF606A00B9DEE72946606ADD
:104FF000DBF7ECF994F8480020F0080084F848004A
:1050000000BF3046FFF726FC00BFCEE70FB438B52F
:10501000054600BF00BF00BF059818B900BF00BF1C
:1050200000BFFEE700BF284604F087FE2C46059827
:1050300028B92846FFF70EFC38BC5DF814FB606AFF
:1050400048B194F84800C0F3C00020B9606A00F08D
:105050007DFB0020606206A8009000990598E0F7AB
:10506000DDFC60620020009094F8480020F0080009
:1050700084F848002846FFF7EDFB00BFDCE770B579
:1050800004460D4600BF00BF26463564204604F0A6
:1050900054FE70BD70B504460D4600BF00BF2646E5
:1050A000F563204604F049FE70BD70B505460E4616
:1050B00000BF00BF2C4694F84800C0F3C00030B9D0
:1050C000606A20B1606A00F041FB002060623EB17E
:1050D00094F8480020F00800083084F84800666220
:1050E0002846FFF7B7FB70BD70B504460D4614485F
:1050F0000068401C1249086008460068C100114859
:10510000006800F077FB0F49086000BF08460068A0
:1051100018B900BF00BF00BFFEE700BF0848006825
:10512000401E0849096841F8304005480068401EA3
:105130000449096801EBC00045600148006870BD82
:1051400060010024B8020024F8B506460C46254646
:10515000204609F0FFFE0090BDF80000A884FF2063
:1051600085F82600F8BD00002DE9F04FA3B0824677
:1051700088464046FCF7D5F80746152F0BD0162F6A
:1051800009D04146814802F009FB0646012E02D0B3
:1051900023B0BDE8F08F4046FCF724F90446152FF4
:1051A0007ED1254615A8FAF77DFB15AA00212046D9
:1051B00004F014FCBDF85A000090F7F7FEFC83469B
:1051C000F7F7D2FC029035F8240F5A460090029966
:1051D000F7F7ECFE0190BDF80400ADF85A00BDF8F9
:1051E0005E000090F7F7E9FC8346F7F7BDFC0290FC
:1051F00028885A4600900299F7F7D8FE019015A822
:10520000BDF80410ADF85E102098F7F7D6FC834681
:10521000F7F7AAFC029028885A4600900299F7F7FF
:10522000C5FE0190BDF80400ADF88000BDF8720025
:105230000090F7F7C2FC8346F7F796FC02902888A7
:105240005A4600900299F7F7B1FE0190BDF80400AC
:10525000ADF872001E98F7F7B0FC8346F7F784FCB0
:10526000029028885A4600900299F7F79FFE019015
:10527000BDF80400ADF87800F7F776FC0290AA7844
:10528000BDF85A0000900299F7F790FE0190BDF822
:105290000400ADF85A00F7F767FC0290AA7800E026
:1052A00071E0BDF85E0000900299F7F77FFE019073
:1052B00015A8BDF80410ADF85E10F7F755FC029084
:1052C000AA78BDF8720000900299F7F76FFE01907E
:1052D000BDF80400ADF87200F7F746FC0290AA781A
:1052E00001462098F7F762FE0190BDF80400ADF882
:1052F0008000F7F739FC0290AA7801461E98F7F76C
:1053000055FE0190BDF80400ADF87800A87850383B
:10531000BDF8821010FB01F0AF2190FBF1F000B25C
:10532000ADF88200A878243D5038BDF8881010FBF5
:1053300001F0AF2190FBF1F000B2ADF888004046DB
:10534000FBF7F7FF8146494603A802F001F804F194
:10535000140006900D4804900020059015A80790B1
:105360000020109003AA1A212046FCF741F804F10E
:10537000140215A94846FAF779FA03AA1B21204618
:10538000FCF736F800BF00BF02E700001CC4039022
:1053900070B506460C46254600202885686285F8CB
:1053A0002A000221204601F0EFFC70BD2DE9F34FE9
:1053B00089B072480A9902F0F1F90890089801281A
:1053C00002D00BB0BDE8F08F0A98FBF7AAFF804629
:1053D0000A98FCF707F80646B8F1130F0ED1002122
:1053E000304603F015FB04460A98FBF7F8FF054624
:1053F000B5F90000A04200DA2C80BDE0B8F12C0F16
:105400003ED134460A98FBF7EAFF83464FF0000985
:10541000CA46208D002832DD00251BE0606A30F985
:105420002500484503DD606A30F9250000E0484664
:105430008146606A00EB8500B0F90200504505DD49
:10544000606A00EB8500B0F9020000E05046824639
:10545000681C85B2208DA842E0DC0021304603F0B4
:10546000D7FA074609EB07000FFA80F90AEB0700A5
:105470000FFA80FAABF80090ABF802A000BF7BE017
:10548000B8F1150F78D134460A98FBF752FF8346DE
:10549000208D08B1606A00B993E706A9304602F092
:1054A00061FA304602F0AEFCBDF81810081A0FFA87
:1054B00080F9304602F0B0FCBDF81A10081A07B2A5
:1054C000304602F0A5FA824601A8F9F72BFA01AAA4
:1054D0000021304604F00EFA002548E0606A30F8FA
:1054E0002500484400B2ADF81400681C616A31F828
:1054F0002000484400B2ADF8100094F82A0000F0F3
:10550000010088B9606A00EB85004088384400B229
:10551000ADF81600681C616A01EB800040883844D1
:1055200000B2ADF8120014E0606A00EB850040881C
:10553000AAEB0000384400B2ADF81600681C616A9E
:1055400001EB80004088AAEB0000384400B2ADF8BF
:10555000120004AB05AA01A95846F9F7CCF99DF849
:105560000D0020F004008DF80D00681C85B2208D20
:10557000401EA842B2DC00BF00BF22E77849049079
:1055800010B5FBF783FF10BDF0B50446059D9442AE
:1055900001DB2846F0BD8C4201DC1846FAE7571AB9
:1055A000EE1A601A704390FBF7F01844F2E700001F
:1055B00030B587B0044614B9094807B030BD21465C
:1055C0000848006809F025FF05463DB900BF00BF47
:1055D000684600F0DDF800BF00BF00BF2846ECE7DA
:1055E000D0020024CC02002410B5002415E00C48A1
:1055F00050F8340078B10A4951F8340000F0A6F8A8
:105600000020074941F8340001EBC40188710449C6
:1056100001EBC4018880601CC4B2102CE7DB10BD14
:105620004C4702242DE9F041054615B90020BDE89C
:10563000F0814FF0FF3600212CE0374800EBC1002D
:10564000807900F0010018BB334800EBC10080886E
:10565000A8421DD3304800EBC1008088A84208D181
:1056600001202D4A02EBC10290712B4850F8310005
:10567000DDE7002E01DA4EB20AE0274800EBC10058
:105680008088254A02EBC6029288904200DA4EB228
:10569000481CC1B21029D0DB002E08DB01201E49B6
:1056A00001EBC60188711C4850F83600BFE70024A2
:1056B00028E0194800EBC400807900F00100F8B937
:1056C000154951F83400294600F094F8074600BF08
:1056D0001FB900BF00BF00BFFEE700BF0FB9002029
:1056E000A5E701200C4901EBC40188710A4901EBCF
:1056F000C4018D80084840F8347050F8340096E7B3
:10570000601CC4B2102CD4DB00BF00BF00BF00BFC0
:1057100000BF00BFFEE700004C4702240146002006
:105720000CE0094A52F830208A4205D10022064B8B
:1057300003EBC0039A717047421CD0B21028F0DB13
:1057400000BF00BF00BFF6E74C47022410B5044677
:105750000648844200D110BD04B9FCE72146044844
:10576000006809F028FE00BFF5E70000D002002421
:10577000CC02002410B54FF4C831034809F004FEF0
:105780000249086010BD0000BC480224CC0200247D
:1057900070B504461C220021204600F0B4F91348DD
:1057A000006809F030FE05462246114909F0B8FEAE
:1057B0004FF4C83020606421A06848432168B0FBE2
:1057C000F1F0C0F164002076A06858B16421E0686F
:1057D0004843A168B0FBF1F06076607EC0F16400E0
:1057E000607601E00020607670BD0000CC020024ED
:1057F0003958029070B505460C4624B92846FFF783
:10580000A5FF0B4870BD0A48854203D12046FFF72B
:10581000CFFEF7E7224629460648006809F011FE48
:1058200006461EB900BF00BF0020EBE73046E9E79F
:10583000D0020024CC02002430B5044618461AB128
:1058400005696D1C056109E045686D1C456085684A
:105850000D448560C5688D4200D2C16030BD2DE920
:10586000F0410F46154601463A4601F0030602F0A4
:10587000030CB4457DD0C2E092F8008081F800802E
:10588000491C521C92F8008081F80080491C521C6F
:1058900092F8008081F80080491C521C92F8008028
:1058A00081F80080491C521C92F8008081F8008029
:1058B000491C521C92F8008081F80080491C521C3F
:1058C00092F8008081F80080491C521C92F80080F8
:1058D00081F80080491C521C92F8008081F80080F9
:1058E000491C521C92F8008081F80080491C521C0F
:1058F00092F8008081F80080491C521C92F80080C8
:1059000081F80080491C521C92F8008081F80080C8
:10591000491C521C92F8008081F80080491C521CDE
:1059200092F8008081F80080491C521C92F8008097
:1059300081F80080491C521C92F8008081F8008098
:10594000491C521C92F8008081F80080491C521CAE
:1059500092F8008081F80080491C521C92F8008067
:1059600081F80080491C521C92F8008081F8008068
:1059700000E053E0491C521C92F8008081F800803E
:10598000491C521C92F8008081F80080491C521C6E
:1059900092F8008081F80080491C521C92F8008027
:1059A00081F80080491C521C92F8008081F8008028
:1059B000491C521C92F8008081F80080491C521C3E
:1059C00092F8008081F80080491C521C92F80080F7
:1059D00081F80080491C521C92F8008081F80080F8
:1059E000491C521C92F8008081F80080491C521C0E
:1059F00092F8008081F80080491C521C203D202D27
:105A00003FF63AAF06E092F8008081F80080491C2A
:105A1000521C6D1E002DF6D1BDE8F0816EB1C6F1AD
:105A2000040607E092F8008081F80080491C521CAF
:105A3000761E6D1E0EB1002DF4D10B46144630E0DB
:105A4000D4F80080C3F800801B1D241DD4F800800A
:105A5000C3F800801B1D241DD4F80080C3F800800B
:105A60001B1D241DD4F80080C3F800801B1D241DBD
:105A7000D4F80080C3F800801B1D241DD4F80080DA
:105A8000C3F800801B1D241DD4F80080C3F80080DB
:105A90001B1D241DD4F80080C3F800801B1D241D8D
:105AA000203D202DCCD806E0D4F80080C3F800803B
:105AB0001B1D241D2D1F042DF6D81946224606E075
:105AC00092F8008081F80080491C521C6D1E002D48
:105AD000F6D100BFA0E730B504460B4604E01D78C0
:105AE0002570641C5B1C521E002AF8D130BD30B5F5
:105AF00004460B4604E01D782570641C5B1C521E96
:105B0000002AF8D130BDF0B506460B46344604F005
:105B100003054DB1C5F1040503E02370641C521E5A
:105B20006D1E0DB1002AF8D103EB032707EB0347E5
:105B300007EB0361204610E00160001D0160001DBD
:105B40000160001D0160001D0160001D0160001D5D
:105B50000160001D0160001D203A202AECD802E0FF
:105B60000160001D121F042AFAD8044602E02370C7
:105B7000641C521E002AFAD1F0BD30B504462246FC
:105B800002F0030353B1C3F1040304E000251570D0
:105B9000521C491E5B1E0BB10029F7D1104611E0C3
:105BA00000250560001D0560001D0560001D0560E5
:105BB000001D0560001D0560001D0560001D0560DD
:105BC000001D20392029EBD803E000250560001DC9
:105BD000091F0429F9D8024603E000251570521C5C
:105BE000491E0029F9D130BD30B50446224602F0E5
:105BF000030353B1C3F1040304E0FF251570521CE5
:105C0000491E5B1E0BB10029F7D1104612E04FF080
:105C1000FF350560001D0560001D0560001D056065
:105C2000001D0560001D0560001D0560001D05606C
:105C3000001D20392029EAD804E04FF0FF35056027
:105C4000001D091F0429F8D8024603E0FF2515703E
:105C5000521C491E0029F9D130BD024600BF00BFC9
:105C6000906C884201D101207047506B884205D169
:105C700092F86100012801DC0120F5E70020F3E73C
:105C80002DE9F04780464046FBF74BFB8146B9F1D2
:105C9000070F40D14046FBF7A5FB06464046FBF701
:105CA000A4FB0446606BB04204D0A06CB04201D0AB
:105CB000BDE8F08794F8600084F861003146204622
:105CC000FFF7CBFF00B1F3E704F154073846DFF7E5
:105CD00024FA824651463846DFF737FA0546CDB1F9
:105CE00051463846DFF798FA5046FFF72FFD14F873
:105CF000600F401E207029463846DFF78DFA207865
:105D0000401E04F860092046296800F06CF9284616
:105D1000FFF71CFD00BF00BFCAE770B5044600BF17
:105D200000BF25462C4605F154063046DFF7DDF965
:105D3000002085F8600070BD2DE9F05F83460C46B9
:105D400050480168204605F061F90021204605F021
:105D500023F925466035A87820F00600A870A878B9
:105D600020F00800A870002028706870A87820F043
:105D70000100A870603D042105F15400DFF7F8F937
:105D8000204601F0C7F868620121686A00F0E0FA75
:105D90000020E8636864A864E864286421463A48FF
:105DA00000F043FF0646304600F0B4FF42F26401C3
:105DB000304605F012F90121304605F0FFF80121C7
:105DC000304605F0E9F84FF48041304600F0C0FA63
:105DD0000221304600F0D8FFAE6231462B4800F079
:105DE00024FF0746384600F095FF42F2D17242F296
:105DF0006401384605F001FA0021384605F0CCF878
:105E000002231A460021384605F0A6F8022138463A
:105E100000F0BAFF4FF48041384600F099FA2F6342
:105E2000286BF5F7BBF880462B46072218494046F9
:105E300000F046FA4FF48041404600F089FA002114
:105E4000404605F0A9F8C5F83480686BFCF77EFC85
:105E5000824610A15046FDF722FB286BFEF776F82C
:105E600081460121484600F073FAC5F838900020B9
:105E7000E86228652B461C220749204600F020FADC
:105E8000BDE8F09F6402002434C5039050C5039020
:105E9000815C0290EF819300F960029070B5054635
:105EA0000C460021204605F077F802231A4600210F
:105EB000204605F051F80221204600F065FF70BD34
:105EC0002DE9F04107460C46264606F154052846C2
:105ED000DFF70BF9BDE8F081014600BF00BF0A46BD
:105EE000D06A7047014600BF00BF0A46106C704779
:105EF00070B506460C46204601F0DAFD0546204600
:105F0000696A05F0A7F80121204605F045F802234B
:105F10001A460021204605F01FF84FF48041204624
:105F200000F016FA70BD70B506460C462546686A44
:105F300020B1686AFFF70AFC0020686270BD70B586
:105F4000054600BF00BF2C46206B08B1E06A00B9CF
:105F500070BD94F86200C0F3410020B101280BD05D
:105F600002281BD111E00021206B04F0A5F80121CB
:105F7000E06A05F023F811E00021206B04F09CF8A2
:105F80000021E06A05F01AF808E00121206B04F016
:105F900093F80121E06A05F011F800BF00BF206B03
:105FA00004F0A5FAE06A04F0A2FA206B05F066FBA3
:105FB000206B01F099FC20B90121206B00F0C8F999
:105FC00003E00121206B00F0DFFE00BFC0E770B5E9
:105FD00005460C460121204604F0DEFF0221204642
:105FE00000F0D2FE70BD2DE9F04106460D4600BF1F
:105FF00000BF3446E06A18B1616AE06A05F02AF829
:106000008DB104F154073846DFF7BAF88046C8F876
:10601000005094F86000401C84F860002846A16A93
:1060200005F018F802E03046FFF777FEE562206DD4
:1060300050B1206C20B10121206D00F0C6F903E0C1
:106040000121206D00F0E1FE206C80B394F8620025
:1060500000F00100A8B194F86200C0F3C00040B1A4
:106060000121A06C00F090FE0221A06C00F070F9FC
:1060700007E00121A06C00F06BF90221A06C00F098
:1060800083FE94F86000022808DB0121606B00F0B9
:106090007BFE0221606B00F05BF923E00121606B65
:1060A00000F056F90221606B00F06EFE1AE0FFE787
:1060B00094F86000022804DA94F86200C0F3C0008B
:1060C00040B10121606B00F05FFE0221606B00F0C7
:1060D0003FF907E00121606B00F03AF90221606BA3
:1060E00000F052FE00221C212046FBF781F93046C9
:1060F000FFF725FFBDE8F0812DE9F04180464046DD
:10610000FBF773F907463C463846FFF7E5FE0646BF
:1061100086B1A06B70B1706A40B1716AA06BFEF776
:106120001DFF0121A06B00F02FFE03E00121A06BF9
:1061300000F00EF93846FFF7D5FE054685B1E06C54
:1061400070B1686A40B1696AE06CFEF707FF01212F
:10615000E06C00F019FE03E00121E06C00F0F8F8BB
:10616000BDE8F08170B506460C462546242105F1B0
:106170002400DEF7FDFF1C2105F13000DEF7F8FFFB
:1061800070BD70B506460C4600BF00BF254605F140
:106190003000DEF7AAFF05F12400DEF7A6FF70BD90
:1061A0002DE9F04F97B00D462946444801F0F6FA24
:1061B00016901698012802D017B0BDE8F08F284637
:1061C000FBF7AFF806462846FBF70CF90446152EF8
:1061D00071D12846FBF7ADF8159013A9204601F0C0
:1061E0004DFB13AA20461599E2F77EFC13AA204620
:1061F0001599E9F713FF13AA20461599E7F7ECFA6A
:1062000013A8F4F7DCFB824600EBDA704710BDF808
:106210004C00384400B2ADF84800BDF84E00384498
:1062200000B2ADF84A0004A8F9F73CFB04AA4FF409
:106230000031204603F0D2FB4FF4003A41F2010254
:106240005146204602F058FF0190019800B2834663
:1062500000EBDB704FEA600800BF41F204025146D8
:10626000204602F049FF0190019800B2834600EBFE
:10627000DB704FEA6009BDF84800A0EB080000B2EF
:10628000ADF80800BDF84A00A0EB090000B2ADF877
:106290000A00BDF84800404400B2ADF80C00BDF85B
:1062A0004A00484400B2ADF80E0002AA04A91598AD
:1062B000F9F7DCFA00BF00BF7EE7000088C5039055
:1062C0002DE9F04104460D4616461F4600BF00BFAB
:1062D000204600F037FBA068807E401CA1688876CD
:1062E000A268927E02EB42029100A268D068FFF79A
:1062F00081FAA168C86000BFA068C06818B900BF73
:1063000000BF00BFFEE700BFA068C168807E401EDE
:1063100000EB400041F82050A068C268807E401E1B
:1063200000EB400002EB80000672A068C168807E2E
:10633000401E00EB400001EB80004760A068C16890
:10634000807E401E00EB400001EB8000BDE8F08144
:106350002DE9FF4105460C4600BF00BF284603F06B
:1063600069FD064604F0010010B1284603F0E5FC83
:10637000E8692043E86104F0010010B1284603F009
:10638000DCFC284603F056FDB04202D104F0C07098
:1063900040B1284601F08CFB074603F091FD2846EA
:1063A00003F08EFD04F0100068B16A4602A9284689
:1063B00001F03CFD02A9284603F0F9FC6946284695
:1063C00003F0F5FC00BFBDE8FF8170B504460E4642
:1063D00000BF00BF208C40EA0605208CA84203D0F5
:1063E0002946204604F018FF70BD2DE9F04104460F
:1063F0008846174600234FF6FF723946204610F0B4
:10640000C1FA002511E0E06800EBC5004068C0F368
:10641000406000B108E0E06800EBC5004068C0F3F0
:10642000006000B100E005E06D1C608CC0F3C500A9
:10643000A842E8D800BF608CC008401C618C60F3A3
:10644000C8016184628CC2F3C502D100E068FFF725
:10645000D1F9E060608CC0F3C500461E09E0E06839
:1064600000EBC6010246701E02EBC00205CA05C160
:10647000761EAE42F3D8E16801EBC5000821FFF7B4
:106480007CFBE06840F83580E06800EBC5004068C0
:1064900067F31700E16801EBC50148604FF6FF7232
:1064A0003946204604F00EFABDE8F0812DE9F041AE
:1064B00006460F4614461D4600223946304604F073
:1064C000ABFF2A462146304604F045FEBDE8F08188
:1064D0002DE9FF4F87B00E4690469A4600BF00BF99
:1064E000079805F0CBF81EB9079801F0E1FA0646C7
:1064F00000BF00BF4FF0000900200690079801F090
:10650000D7FA07460021384602F0C7F90590002166
:10651000384602F0DCFB01460598084400B20490BE
:106520000021384602F03FFD01460598084400B2BC
:1065300003900021304602F0B0F90290002130466D
:1065400002F0C5FB01460298084404B2002130461F
:1065500002F029FD01460298084405B2B8F1000F87
:106560000AD10021304602F00AF9012802D14FF089
:10657000030801E04FF00108B8F1160F32D2DFE84E
:1065800008F03132354A5866869FB40BD4DDFEFDE3
:10659000FCFBFAF9F8F7F6F5304601F0C4F9009083
:1065A00000EBD0704FEA600B079802F0CCFF01902F
:1065B00000EBD070ABEB600020440FFA80F930465E
:1065C00001F092F9009000EBD0704FEA600B079851
:1065D00001F01EFA019000EBD070ABEB6000284494
:1065E00000B2069070E1A14606956DE1304601F0DB
:1065F0009AF9009000EBD0704FEA600B079802F018
:10660000A2FF019000EBD070ABEB600020440FFACA
:1066100080F9069558E1304601F085F983460798E0
:1066200002F091FFABEB000020440FFA80F90695D1
:106630004AE1A146304601F057F98346079801F038
:10664000E7F9ABEB0000284400B206903CE130468D
:1066500001F069F9009000EBD0704FEA600B0798E9
:1066600002F071FF019000EBD070ABEB60002044B2
:106670000FFA80F9304601F037F98346079801F0A8
:10668000C7F9ABEB0000284400B206901CE130468D
:1066900001F049F98346079802F055FFABEB000083
:1066A00020440FFA80F9304601F01EF9834607981E
:1066B00001F0AEF9ABEB0000284400B2069003E114
:1066C000A146304601F010F9009000EBD0704FEA7F
:1066D000600B079801F09CF9019000EBD070ABEBD8
:1066E0006000284400B20690EEE0304601F01BF94D
:1066F0008346079802F027FFABEB000020440FFA17
:1067000080F9304601F0F0F8009000EBD0704FEACD
:10671000600B079801F07CF9019000EBD070ABEBB7
:106720006000284400B20690CEE04FF000090798C0
:1067300001F06EF9404200B20690C5E0304602F02A
:1067400002FF009000EBD0704FEA600B079802F058
:10675000FAFE019000EBD070ABEB60000FFA80F90D
:10676000079801F055F9404200B209E09CE084E04E
:106770007CE069E04FE045E034E01CE014E001E03B
:106780000690A1E0304602F0DEFE8346079802F054
:10679000DAFEABEB00000FFA80F9079801F038F948
:1067A000404200B206908FE04FF00009304601F001
:1067B0002FF9069088E0304602F0C5FE009000EB0D
:1067C000D0704FEA600B079802F0BDFE019000EB1D
:1067D000D070ABEB60000FFA80F9304601F018F989
:1067E000069071E0304602F0AEFE8346079802F054
:1067F000AAFEABEB00000FFA80F9304601F008F971
:10680000069061E0079802F09EFE40420FFA80F980
:106810000020069058E0079802F095FE40420FFADB
:1068200080F9304601F0F4F8009000EBD0704FEAA8
:10683000600B079801F0ECF8019000EBD070ABEB27
:10684000600000B206903FE0079802F07CFE4042F4
:106850000FFA80F9304601F0DBF88346079801F023
:10686000D7F8ABEB000000B206902DE0304602F006
:106870006AFE81460020069026E0304602F063FE64
:106880008146304601F0C4F8009000EBD0704FEA2A
:10689000600B079801F0BCF8019000EBD070ABEBF7
:1068A000600000B206900FE0304602F04CFE8146D8
:1068B000304601F0ADF88346079801F0A9F8ABEB3C
:1068C000000000B2069000BF00BF0021384601F072
:1068D00056FF01280DD1384601F008FAB18A51441B
:1068E000BA8A891A01440498081A48440FFA80F9B0
:1068F0000CE0384601F082F9B18A5144BA8A891A0B
:1069000001440498081A48440FFA80F9384601F007
:106910006FFAF28A14990A44F98A511A01440398C9
:10692000091A0698084400B206900022012107982F
:1069300004F072FD4946DDE9062004F00CFC0BB0C2
:10694000BDE8F08F10B5044600BF00BFA06808BBCB
:1069500011480068401C104908601C20FEF728FE02
:10696000A06000BFA06818B900BF00BF00BFFEE76D
:1069700000BFA06800B910BD1C21A068FFF7FDF89A
:106980000F20A1684876A068007E20F00300C01C9C
:10699000A168087600BFEEE75C0100242DE9FC4702
:1069A00080460F460121404602F02AFE10B1002029
:1069B000BDE8FC87404601F083F80446204600F01D
:1069C000DDFF81464846F7F79BF8A04210D04846C5
:1069D000F7F7A3F8A0420BD04846F7F775F8A042A6
:1069E00006D04846F7F763F8A04201D00020DFE761
:1069F0004FF40021404602F003FE48BB4046DEF75C
:106A000066FC064608F114016846F3F7C5FEBDF8BA
:106A10000000801B00B2ADF80000BDF80200801B32
:106A200000B2ADF80200BDF80400304400B2ADF889
:106A30000400BDF80600304400B2ADF806006A4616
:106A400039463846DDF7C6F808B90020B0E700BF80
:106A5000404601F02DF8054619E00121284602F0D4
:106A6000CFFD08B10020A3E74FF40021284602F033
:106A7000C7FD40B905F1140239463846DDF7AAF8DA
:106A800008B9002094E7284601F012F80546002DC9
:106A9000E3D101208CE72DE9FE4F05460E464FF06D
:106AA00000083146284602F0C3FB0446002C46D0BD
:106AB0003146284602F0A2FB0090009802283DDDF6
:106AC000204604EBD0714910491C0CB231462846CF
:106AD00002F0A1FB204404B23146284602F074FBC8
:106AE00081463146284602F07CFB8246B9F1000F10
:106AF00001DD484601E0C9F10000BAF1000F01DDF7
:106B0000514601E0CAF10001884207DDB9F1000FEA
:106B100001DD484609E0C9F1000006E0BAF1000FC6
:106B200001DD504601E0CAF10000204404B2A04556
:106B300001DD404600E02046804600BF00BF3146F0
:106B4000284601F0CDFF0746C7B13146284601F07F
:106B5000ADFF8246BAF1020F0FDD3146284601F043
:106B6000B2FF814609EB0700404501DA404601E0EB
:106B700009EB07000FFA80F800BF00BF00BF40F626
:106B80000A023146284602F0B7FA009000980FFA40
:106B900080FB00BF00BF40F60B023146284602F0E2
:106BA000ABFA0090009800B202900298834501DD94
:106BB000584600E0029801900198002803DD0198F2
:106BC00040440FFA80F84046BDE8FE8FFEB504460B
:106BD0000D46164600BF41F25D422946204602F0AE
:106BE0008BFA00900098C0B2029000BF41F26A4256
:106BF0002946204602F080FA00900098C0B2019029
:106C000000BF9DF8080008B90120029000BF9DF860
:106C10000800FEBD02460AB900207047106888428D
:106C200001D10120F9E70020F7E72DE9F0410746FF
:106C30000C463846ECF7B4F880464046FEF7B8FC00
:106C4000054615B90020BDE8F08141462846FEF70B
:106C500094FF2F606C60002C30D1F6F7F5FE0646ED
:106C60001EB900BF00BF0020EDE7F06840B9042066
:106C7000FEF79EFCF060F0680560012070620DE098
:106C8000706A401C7062726A9100F068FEF7B2FD93
:106C9000F060706A401EF16841F820500020A88220
:106CA0000021E982F6F7E8FE401E01B229830020A8
:106CB000F6F748FF401E01B2698329E000BF00BF1C
:106CC000A06810B92046FFF73DFEA068006858B9DB
:106CD0000420FEF76DFCA1680860A06800680560EC
:106CE0000120A168486013E0A0684068401CA168CA
:106CF0004860A26852689100A2681068FEF77AFDA9
:106D0000A1680860A068D0E90010401E41F820503A
:106D1000284698E770B50446204603F0D1F80020D5
:106D200000F020FB204608F089F8204600F07DF8AE
:106D3000012000F017FB4FF6FF724FF47021204640
:106D400003F0C0FD204603F0A4FDFBF737FA06462A
:106D50003EB1204603F059F818B121463046FBF702
:106D600067F9204600F0A4FE054665B122462221BF
:106D70002846FAF73DFB224623212846FAF738FB3E
:106D8000204602F0DAFF70BD2DE9FF4105460C46B2
:106D900000BF00BF284603F04DF8064604F010007F
:106DA00068B16A4602A9284601F040F802A92846BF
:106DB00002F0FDFF6946284602F0F9FF00BFE869CE
:106DC000A043E86104F0010078B1284602F0B5FF65
:106DD000284603F02FF840B1284600F069FE074628
:106DE00003F06EF8284603F06BF8284603F022F80B
:106DF000B04202D104F0C07028B1284600F058FE1D
:106E0000074603F05DF8BDE8FF8170B504460E4605
:106E100000BF00BF208C20EA0605208CA84203D0CA
:106E20002946204604F0F8F970BD70B5044625687F
:106E30002068006828B12068006820602046FFF7BD
:106E4000F4FF25602068406818B120682146426838
:106E5000904770BD2DE9F84381460C4665686DB3D7
:106E6000284600F0CBFE0746284600F0C1FF8046CA
:106E7000002641F610023146284602F03DF9009006
:106E80000098E98A0844A0EB080001B2E182E08A98
:106E9000401E01B2618300BF41F61202314628460E
:106EA00002F02AF900900098A98A0844C01B00B299
:106EB000A082A08A401E01B2218300BF0220E061AF
:106EC000E06940F48050E0611DB1E06940F4005099
:106ED000E0611DB1E06940F44070E061E06940F0BC
:106EE0000400E061E06940F01000E061E06940F01A
:106EF0002000E061E06940F04000E061E06940F4BA
:106F00000060E0611DB1E06940F40040E061BDE86F
:106F1000F883000070B5044600BF00BF2146044856
:106F2000FFF783FE05462846FFF7F4FE284670BDAE
:106F300090BE03902DE9F041064600BF00BF00BFA0
:106F400000BF304602F0F9FE304600F0B1FD0446C5
:106F500014B1204603F0D2FF0025002754B9304673
:106F600000F00CFD05460DB9BDE8F0812869B0427E
:106F700000D10127304609F0BEFC84B10021204633
:106F800003F0EAF8204603F0B9FF00222221204650
:106F9000FAF72EFA002224212046FAF729FA1FB127
:106FA00000BF00BF0020286100BF00BF00BFDBE7BB
:106FB00070B506460C462046DDF7DAF8002000F0F2
:106FC000D1F900BF184A0021204603F024FD00BF7C
:106FD000012000F0C7F900212046F2F765FD2046A8
:106FE00000F00CFD054615B12046FBF724F9A0681A
:106FF000C0B1A068006830B1A1680868FEF7A6FBC0
:107000000020A1680860A068C06830B1A168C868A5
:10701000FEF79CFB0020A168C860A068FEF796FB05
:107020000020A06070BD0000FFFF0F002DE9F04FB1
:10703000A3B082465046FAF774F906465046FAF76E
:10704000D1F90446122E6AD15046FAF7C8F905461E
:107050002878022802D123B0BDE8F08F0021204615
:1070600001F069FC10B102202870F4E700212046ED
:1070700002F09EF883460021204602F0E2F907461E
:107080000021204602F0C3F9804604F1140121A832
:10709000F3F779FBBDF88400C01B00B2ADF88400A3
:1070A000BDF88800384400B2ADF88800BDF886000D
:1070B000A0EB080000B2ADF88600BDF88A0040449D
:1070C00000B2ADF88A005A4621A96868DCF7C3FD12
:1070D00010B901202870BEE70021204601F0B6FB60
:1070E000FD2802DA01202870B5E74FF00009682278
:1070F0004946204602F000F820902098C0B210B116
:1071000001202870A7E70021204601F0A8FCFD28F7
:1071100002DA012028709EE70020287014E1152E65
:107120007ED15046FAF705F9834615A8F8F7BAFB61
:107130000021204601F0A2FB30B19DF8770020F03D
:107140000100401C8DF8770015AA0021204602F0AE
:1071500045FC0021204602F074F905460021204636
:1071600002F055F9074604F1140113A8F3F70BFBDD
:10717000BDF84C00401B00B2ADF84C00BDF850000B
:10718000284400B2ADF85000BDF84E00C01B00B25C
:10719000ADF84E00BDF85200384400B2ADF85200D0
:1071A000594601A800F0D4F86848029000200390E6
:1071B00015A8059013A8049000200E9001AA1A218A
:1071C0002046FAF715F90021204601F0B4FB20B162
:1071D000BDF8540008B1012000E000208146DDF830
:1071E0006480B9F1000F01D00020199013AA15A9ED
:1071F0005846F8F73BFBB9F1000F26D01820FEF7F0
:1072000011FA0090BDF95420002304F114010098F4
:10721000F8F732FA04F590710098F7F7AFFB00E049
:1072200019E0B8F1000F0FD000208DF857008DF84D
:1072300076008DF87E008DF88A00CDF8648013AA60
:1072400015A95846F8F712FB00BF01AA1B212046DA
:10725000FAF7CEF878E0182E76D15046FAF769F8AA
:10726000804641462046E7F7AFF90021204601F06D
:1072700062FB60B104F59070F8F7CCFA05462DB1C9
:107280002846F7F75DFE2846FEF748FA00BF0021C2
:10729000204601F0F3FA002855D015A8F8F702FBB4
:1072A00000208DF857008DF86E008DF87E008DF867
:1072B0008A0015AA0021204602F090FB00212046FA
:1072C00002F0BFF805460021204602F0A0F807466C
:1072D00004F1140113A8F3F756FABDF84C00401B53
:1072E00000B2ADF84C00BDF85000284400B2ADF833
:1072F0005000BDF84E00C01B00B2ADF84E00BDF806
:107300005200384400B2ADF85200414601A800F0E6
:107310001FF80E4802900120039015A8059013A8AD
:10732000049000200E9001AA1A212046FAF760F876
:1073300013AA15A94046F8F799FA01AA1B2120467D
:10734000FAF756F800BF00BF00BF84E690BE039076
:1073500070B504460D4648212046FEF70EFC256018
:1073600070BD0000014908707047000065010024ED
:107370002DE9FF5F88464046F9F7D3FF04464046B3
:10738000F9F7D4FF0546012C04D120212846FFF748
:107390001CF801E2082C2BD120212846FFF735FDEF
:1073A0004046FAF71CF807463846FCF702FAF0B9EF
:1073B0000821284602F024F9C8B1284601F08CF9CA
:1073C00000F0010020B901212846FEF7FEFF03E08E
:1073D00001212846FFF719FD00221C212846FAF753
:1073E00007F80646012E01D0BDE8FF9F00BFD3E19C
:1073F000032C04D120212846FFF707FDCCE12A2CDD
:1074000010D1284600F00DFA0746002607E0A868CC
:10741000006850F82690484602F052FD761CBE42A5
:10742000F5D3B9E10D2C7CD10821284602F0E8F80B
:1074300008B34046F9F7D3FF0678132E01D0112E7A
:1074400004D101212846FEF7C0FF07E0142E01D029
:10745000122E03D101212846FFF7D7FC0A2E09D0AE
:1074600000221C212846F9F7C3FF0746012F00D050
:10747000BAE700BF90E14FF40161284602F0C0F87E
:10748000002886D0284602F0ABFC0028AFD103903C
:10749000284600F0B3FB0746284600F027FC81464B
:1074A0004046F9F79CFF0678122E14D1284600F0CA
:1074B000B3FC8346284600F0ABFA8246C0170AEBBD
:1074C00090700BEBA00000B2029001462846039A90
:1074D00003F0F8FC85E0112E14D1284600F09CFC46
:1074E0008346284600F094FA8246C0170AEB907053
:1074F000ABEBA00000B2029001462846039A03F0CD
:10750000E1FC6EE0132E36D1284600F049FB00F076
:10751000030020B1002F19DCB9F1000F16DC28465A
:1075200000E05FE000F078FC8346284600F070FA47
:107530008246C0170AEB90700BEBA00000B20290DD
:1075400001462846039A03F0BDFC4AE0284600F0B5
:1075500059FC8346284601F0F6FF8246C0170AEB25
:1075600090700BEBA00000B2029001462846039AEF
:1075700003F08CFC35E0142E33D1284600F010FBCC
:1075800000F0030020B1002F17DCB9F1000F14DC6C
:10759000284600F041FC8346284600F039FA82462E
:1075A000C0170AEB9070ABEBA00000B2029001464E
:1075B0002846039A03F086FC13E0284600F022FCDC
:1075C0008346284601F0BFFF8246C0170AEB907041
:1075D000ABEBA00000B2029001462846039A03F0EC
:1075E00055FCD9E00E2C3AD14FF48061284602F0C8
:1075F00007F818B10121284603F02BFC4FF0000AD0
:10760000284600F0FBF98346FAF7DEFD82460226A3
:10761000FCF78AF88146B9F1000F03D14046F9F72B
:10762000A4FE81464846FCF7D4F80746022F01D055
:10763000042F01D146F00406BAF1000F06D046F03F
:10764000080631462846FEF7C0FE07E031462846C8
:10765000FEF7BBFE08212846FFF7D7FB9CE0092C6C
:1076600004D140212846FEF7B0FE95E00A2C16D141
:1076700040212846FFF7C9FB284601F003F80228FD
:107680000CD16A4602A9284600F0D0FB02A9284680
:1076900002F08DFB6946284602F089FB7CE00F2C46
:1076A00004D10E212846FFF7B0FB75E0292C23D129
:1076B0000021284601F015F881460021284601F0F6
:1076C0008DF98246BAF1000F02D1B9F1000F02D054
:1076D000284602F0F5FB284600F0A3F807460026EE
:1076E00007E0A868006850F826B0584602F0E8FBAA
:1076F000761CBE42F5D34FE0222C2FD1002641F25A
:1077000001023146284601F0F7FC0390039800B2CD
:10771000074600BF41F204023146284601F0ECFC66
:107720000390039800B281460021284600F0D9FF5B
:1077300082460021284601F051F98346BBF1000F33
:1077400008D1BAF1000F05D142F2D170874201D0C1
:10775000814502D1284602F0B3FB1DE0132C12D163
:107760004046F9F73CFE064600212846FFF793F90C
:107770000746B6F90000B84202DDB6F9000000E0A5
:107780003846308008E0152C03D0182C01D0122C7C
:1077900002D14046FFF74AFC00BF25E62DE9F04143
:1077A00006460D4616B96868046800E0346800E0D3
:1077B000246814B120690028FAD014B90120BDE86A
:1077C000F081206908B90120F9E70020E860294626
:1077D0002046226990470127287E00F0010000B171
:1077E00000273846EBE7024600BF00BF906808B9A3
:1077F00000207047002908DA906840680144002999
:1078000001DA0020F5E70B4600E00B46906840687F
:10781000984201D80020ECE79068006850F82100F9
:10782000E7E7014600BF00BF886808B9002070473D
:1078300088684068FBE770B505460C4605F1140101
:107840002046F2F7A9FFA868B8B12088A968898AFC
:10785000401A00B22080A088A968898A084400B232
:10786000A0806088A968898A401A00B26080E08898
:10787000A968898A084400B2E08070BD70B50646E8
:107880000C4600BF00BF0021304601F006F8054657
:107890002146304600F066F8684202B2684201B202
:1078A0002046F3F7BDF80021304601F010FA218898
:1078B000084400B220800021304601F0B1FAA188CE
:1078C000081A00B2A0800021304601F06CFB6188EC
:1078D000084400B260800021304601F01BF9E188C5
:1078E000081A00B2E08070BD2DE9F041074600BFE4
:1078F00000BF0021384601F056FB044600213846FF
:1079000001F008F905460021384600F0C6FF06469A
:10791000384600F07DF8001B401B022101FB1600D9
:1079200000B2BDE8F0812DE9F041074600BF00BF7D
:107930000021384601F0CBF904460021384601F019
:107940006FFA05460021384600F0A7FF0646384684
:1079500001F0F9FD001B401B022101FB160000B2E3
:10796000BDE8F08170B505460C4600BF00BF05F1CB
:1079700014012046F2F710FF70BD000070B50646F6
:1079800000BF00BF706808B9354603E0304600F01C
:1079900097F805460E48DDF7C0FB044611E00021CC
:1079A00007E0E06850F82100A84201D1204670BDF0
:1079B000491C606A8842F4D821460548DDF7C5FBBA
:1079C0000446002CEBD100BF00BF0020EFE7000011
:1079D000CC460224024600BF00BF906808B90020D0
:1079E00070479068807E884201D80020F8E7906850
:1079F000C06801EB410300EB8300F1E7014600BFE3
:107A000000BF886810B18868806870470020FCE774
:107A100010B5044600BF00BF04F11400F2F71DFFCB
:107A200010BD70B5064600BF00BF304600F040F8FC
:107A300005460DB9002070BD002400BF08E02146B6
:107A40002846FFF7D0FEB04201D12046F3E7641C80
:107A50002846FFF7E6FEA042F1D84FF0FF30EAE7F4
:107A60002DE9F04104460F4690461E46002518E0D9
:107A7000E06800EBC5004068C0F3006080B1E068DA
:107A800000EBC500406820F07F40B04208D1E168BB
:107A900051F835004246394605F0DEFBBDE8F0817D
:107AA0006D1C608CC0F3C500A842E1D80020F5E74A
:107AB000014609B90020704700BF00BF4868FAE7D7
:107AC00010B5044600BF00BF224600BF134618464B
:107AD000FFF7EEFF0246002AF8D1184610BD00005D
:107AE0002DE9F84F074600BF00BF2B4C3846FFF783
:107AF00098FE8046002514E0B868006850F825B06C
:107B00002649584601F087FD00B109E0BBF91A008B
:107B1000A04201DA204601E0BBF91A00044600BF8A
:107B20006D1C4545E8D30021384601F049FA009024
:107B30000021384600F0FBFF81460021384600F066
:107B4000B9FE06461448844205D0788BA0EB0900A4
:107B5000801B201A04B2384600F09EFD824638464B
:107B6000FFF756FF0099401AA0EB0900022101FB24
:107B70001600AAEB00000FFA80FA384600F04CF924
:107B8000AAEB00000FFA80FA544502DD2046BDE85A
:107B9000F88F5046FBE7000001E0FFFF0100040002
:107BA0000146886820B18868407E00F00F00704769
:107BB0000F20FCE770B506460D460E493046F1F73A
:107BC0009FFF044614B1606A404202E0304600F074
:107BD00019F900B2288008493046F1F791FF0446B0
:107BE00014B1606A404202E0304600F015F900B27C
:107BF000688070BDF12203900D2303902DE9FC5F96
:107C0000044600BF00BF0021204600F0C5FD01284A
:107C100009D0A06810B90020BDE8FC9FA068008AC8
:107C2000404200B2F8E70021204601F006F9019039
:107C30000021204601F058F807460021204600F0B8
:107C400039FE80464FF0000941F6FF752046FFF7E8
:107C5000E8FD8246002617E0A068006850F826007C
:107C600000902049009801F0D6FC00B10BE000988C
:107C7000B0F91400A84201DD284602E00098B0F9EE
:107C80001400054600BF761C5645E5D341F6FF704B
:107C9000854208D0A946A08A38444044A0EB090098
:107CA0000FFA80F901E0DFF84090204600F004FD73
:107CB0008346204601F047FC0199401AC01B02216F
:107CC00001FB1800ABEB00000FFA80FB204600F030
:107CD00099F858440FFA80FBD94501DD48469BE7E7
:107CE000584699E70100040001E0FFFF2DE9F84F35
:107CF000044600BF00BF0021204600F04DFD0128D2
:107D000008D1A06810B90020BDE8F88FA068B0F9CC
:107D10001000F9E72A4D2046FFF783FD8046002634
:107D200014E0A068006850F826B02649584601F0D3
:107D300072FC00B109E0BBF91800A84201DA28463C
:107D400001E0BBF91800054600BF761C4645E8D3A4
:107D50000021204601F071F881460021204600F004
:107D6000C3FF00900021204600F0A4FD0746144800
:107D7000854205D0208BA0EB0900C01B281A05B254
:107D8000204600F099FC8246204601F0DCFBA0EB87
:107D900009010098081A022101FB1700AAEB000054
:107DA0000FFA80FA204600F02DF8AAEB00000FFA37
:107DB00080FA554501DD2846A6E75046A4E70000B5
:107DC00001E0FFFF010004000146886820B18868D7
:107DD000007EC0F3810070470020FCE70146886800
:107DE00020B18868007EC0F3011070470020FCE7D6
:107DF0000146886808B9002070478868408A404278
:107E000000B2F9E70146886808B900207047886821
:107E1000008A404200B2F9E70146886808B90020AC
:107E200070478868408A404200B2F9E72DE9F04F78
:107E300095B005460C4616464FF0FF30034600222B
:107E4000114600902046F2F70DFE4FF0FF3003463A
:107E50000022114600903046F2F704FE1021284619
:107E600001F0CEFB10B915B0BDE8F08F284600F048
:107E700009FC8046B8F1000F00D1F4E70020FBF7C1
:107E800059FC1490B8F1020F11D109E01498FBF7D6
:107E900090FCA84200D106E01498FBF74BFC14902C
:107EA00014980028F2D100BF149800B9DBE72846E7
:107EB000FFF79EFF13902846FFF712FE1290284608
:107EC000FFF79CFE11902846FFF710FF1090284600
:107ED000FFF766FE0F9000200E900F9800F00C0048
:107EE000A8B1B8F1010F10D0B8F1030F05D1139864
:107EF00000280ADC1298002807DCB8F1020F06D12E
:107F00001498FBF743FC0C2801D101200E900020AF
:107F10000D900F9800F00300A8B1B8F1010F10D038
:107F2000B8F1030F05D1119800280ADC1098002839
:107F300007DCB8F1020F06D11498FBF727FC0328E1
:107F400001D101200D900D9810B90E9800B98AE763
:107F50004FF48031284600F01FFC012800D100E0DA
:107F600000200C904FF48031284601F029F8834618
:107F70004FF48031284600F0DAFD0B904FF4803149
:107F8000284600F0B1FE07464FF48031284600F045
:107F900054FF81464FF48030039041F2010228469D
:107FA000039901F0A9F80290029800B20A902846BD
:107FB000FFF72EFD0990284601F0C5FA08900E98AB
:107FC00008B10A9800E0002082460D9808B10A988E
:107FD00000E0002007904FF48030039021222846D3
:107FE000039901F089F802900298C0B202280DDAD4
:107FF0004FF48030039031222846039901F07CF839
:1080000002900298C0B2022800DA2CE7139909986E
:1080100001441298084400B205900E9800287DD0C3
:1080200005980028FBD0E88A7080688BF0800C9857
:1080300050B1A88A384400B2308031880A98084488
:10804000401E00B2B0800AE0288BA0EB090000B20D
:10805000B080B1880A98081A401C00B23080099894
:10806000A0EB0B010B98091A0798081A09994843C5
:10807000059990FBF1F000B203900020F5F7EAFCBF
:1080800000EB8000502101EB4000A02190FBF1F0BB
:1080900001280BDD0020F5F7DDFC00EB800050210E
:1080A00001EB4000A02190FBF1F000E001200399DA
:1080B000884201DA039819E00020F5F7CBFC00EBC9
:1080C0008000502101EB4000A02190FBF1F001283D
:1080D0000BDD0020F5F7BEFC00EB8000502101EB2A
:1080E0004000A02190FBF1F000E0012000B20390DD
:1080F0000998A0EB0B010B98091A0798091A039825
:10810000081A00B2069009990598401A00B2029028
:10811000029800280EDCE88A584400E0BFE000B274
:108120007080698B0B98091A0798081A401E00B2D4
:10813000F080B3E0129906984843029990FBF1F061
:1081400000B2019001990698401A00B20190E98AA4
:1081500001980844584400B270807188039808441C
:10816000401E00B2F080B6F90210B5F9160058446E
:10817000814242DAE88A584400B270800020F5F764
:1081800069FC00EB8000502101EB4000A02190FB36
:10819000F1F001280BDD0020F5F75CFC00EB80001E
:1081A000502101EB4000A02190FBF1F000E0012004
:1081B000B6F902100844B6F9061088421DDD002009
:1081C000F5F748FC00EB8000502101EB4000A021B6
:1081D00090FBF1F001280BDD0020F5F73BFC00EBF4
:1081E0008000502101EB4000A02190FBF1F000E065
:1081F00001207188084400B2F080B6F90610B5F984
:108200001A200798121A0B98101A814245DD698BC3
:108210000798091A0B98081A00B2F0800020F5F7A9
:1082200019FC00EB8000502101EB4000A02190FBE5
:10823000F1F001280BDD0020F5F70CFC00EB8000CD
:10824000502101EB4000A02190FBF1F000E0012063
:10825000B6F90610081AB6F9021088421DDA002095
:10826000F5F7F8FB00EB8000502101EB4000A02166
:1082700090FBF1F001280BDD0020F5F7EBFB00EBA4
:108280008000502101EB4000A02190FBF1F000E0C4
:108290000120F188081A00B2708000BF00BF119958
:1082A000089801441098084400B204900D980028E2
:1082B00079D004980028FBD0698B0B98081A00B27B
:1082C000E080E1880A98081A401C00B26080A88A01
:1082D0002080288BA0800898C01BA0EB0900A0EB91
:1082E0000A0008994843049990FBF1F000B203900A
:1082F0000020F5F7AFFB00EB8000502101EB4000C0
:10830000A02190FBF1F001280BDD0020F5F7A2FB86
:1083100000EB8000502101EB4000A02190FBF1F028
:1083200000E001200399884201DA039819E0002057
:10833000F5F790FB00EB8000502101EB4000A021FD
:1083400090FBF1F001280BDD0020F5F783FB00EB3B
:108350008000502101EB4000A02190FBF1F000E0F3
:10836000012000B203900898C01BA0EB0900A0EB0D
:108370000A010398081A00B2069008990498401A56
:1083800000B20290029800281BDC0C9860B1A88A09
:1083900038445044401E00B22080288BA0EB0900D6
:1083A00000B2A0806BE16BE1A88A384400B2208063
:1083B000288BA0EB0900A0EB0A00401E00B2A080B1
:1083C0005DE1109906984843029990FBF1F000B2E4
:1083D000019001990698401A00B201900C9800286B
:1083E0007ED0A98A019808443844504400B22080C5
:1083F000218803980844401E00B2A080B4F9000010
:10840000B5F9141039445144884243DAA88A3844F3
:10841000504400B220800020F5F71CFB00EB8000E8
:10842000502101EB4000A02190FBF1F001280BDD71
:108430000020F5F70FFB00EB8000502101EB40001E
:10844000A02190FBF1F000E00120B4F900100844F5
:10845000B4F9041088421DDD0020F5F7FBFA00EBAB
:108460008000502101EB4000A02190FBF1F0012899
:108470000BDD0020F5F7EEFA00EB8000502101EB58
:108480004000A02190FBF1F000E001202188084489
:1084900000B2A080B4F90410B5F91800A0EB0900EF
:1084A000814244DD288BA0EB090000B2A0800020AF
:1084B000F5F7D0FA00EB8000502101EB4000A0213D
:1084C00090FBF1F001280CDD0020F5F7C3FA00EB7A
:1084D0008000502101EB4000A02190FBF1F001E071
:1084E00026E00120B4F90410081AB4F900108842FB
:1084F0001DDA0020F5F7AEFA00EB8000502101EB09
:108500004000A02190FBF1F001280BDD0020F5F7E1
:10851000A1FA00EB8000502101EB4000A02190FB6C
:10852000F1F000E00120A188081A00B22080A5E047
:10853000A98A01980844384400B220802188039811
:108540000844401E00B2A080B4F90000B5F9141030
:108550003944884242DAA88A384400B22080002098
:10856000F5F778FA00EB8000502101EB4000A021E4
:1085700090FBF1F001280BDD0020F5F76BFA00EB22
:108580008000502101EB4000A02190FBF1F000E0C1
:108590000120B4F900100844B4F9041088421DDD2C
:1085A0000020F5F757FA00EB8000502101EB400066
:1085B000A02190FBF1F001280BDD0020F5F74AFA2D
:1085C00000EB8000502101EB4000A02190FBF1F076
:1085D00000E001202188084400B2A080B4F9041012
:1085E000B5F91800A0EB0A00A0EB0900814245DDB7
:1085F000288BA0EB0A00A0EB090000B2A0800020AD
:10860000F5F728FA00EB8000502101EB4000A02193
:1086100090FBF1F001280BDD0020F5F71BFA00EBD1
:108620008000502101EB4000A02190FBF1F000E020
:108630000120B4F90410081AB4F9001088421DDAB8
:108640000020F5F707FA00EB8000502101EB400015
:10865000A02190FBF1F001280BDD0020F5F7FAF9DD
:1086600000EB8000502101EB4000A02190FBF1F0D5
:1086700000E00120A188081A00B2208000BF00BFDE
:1086800000BF13E40146886820B18868007E00F0CE
:10869000030070470320FCE738B50446054800682E
:1086A00000906A462C212046F8F7A2FEBDF9020090
:1086B00038BD0000B0BE039038B5044605480068D8
:1086C00000906A462C212046F8F792FEBDF9000082
:1086D00038BD0000ACBE0390014600BF00BF088C4F
:1086E000704738B504460D4641F209022946204636
:1086F00000F002FD00900098C0B238BD38B50446C5
:108700000D4641F209022946204600F0F5FC009092
:108710000098C0B238BD38B504460D4666222946D9
:10872000204600F0E9FC0090009838BD38B50446BA
:108730000D4651222946204600F0DEFC00900098AC
:1087400008B1012038BD0020FCE738B504460D46CD
:108750004FF405622946204600F0CEFC00900098B8
:1087600000B238BD38B504460D464FF405622946BF
:10877000204600F0C1FC0090009800B238BD38B52A
:1087800004460D4641F26A422946204600F0B4FCF8
:1087900000900098C0B238BD38B504460D4641F28D
:1087A0006A422946204600F0A7FC00900098C0B21B
:1087B00038BD38B504460D4641F26A422946204686
:1087C00000F09AFC00900098C0B238BD38B504465D
:1087D0000D4641F26A422946204600F08DFC009089
:1087E0000098C0B238BD38B504460D4641F26A4221
:1087F0002946204600F080FC00900098C0B238BDA9
:1088000038B504460D4641F26A422946204600F03A
:1088100073FC00900098C0B238BD38B504460D46D0
:1088200041F26A422946204600F066FC009000981A
:10883000C0B238BD38B504460D4644F22002294680
:10884000204600F059FC0090009838BD38B5044629
:108850000D4621222946204600F04EFC009000984B
:10886000C0B238BD38B504460D46682229462046B8
:1088700000F042FC00900098C0B238BD38B5044604
:108880000D4634222946204600F036FC0090009820
:1088900008B1012038BD0020FCE738B504460D467C
:1088A00041F232022946204600F026FC0090009852
:1088B00000B238BD38B504460D4641F232022946B1
:1088C000204600F019FC0090009800B238BD38B581
:1088D00004460D4641F232022946204600F00CFCC7
:1088E0000090009800B238BD38B504460D4641F2FC
:1088F00032022946204600F0FFFB0090009800B2AB
:1089000038BD38B504460D4641F2320229462046AC
:1089100000F0F2FB0090009800B238BD38B5044674
:108920000D4641F232022946204600F0E5FB009058
:10893000009800B238BD38B504460D46612229467C
:10894000204600F0D9FB0090009808B1012038BD06
:108950000020FCE738B504460D4605480288294644
:10896000204600F0C9FB00900098C0B238BD00005E
:108970007002002438B504460D4641F2040229462F
:10898000204600F0B9FB0090009800B238BD38B521
:1089900004460D4641F204022946204600F0ACFB95
:1089A0000090009800B238BD38B504460D4641F23B
:1089B00004022946204600F09FFB0090009800B278
:1089C00038BD38B504460D4641F20402294620461A
:1089D00000F092FB0090009800B238BD38B5044614
:1089E0000D4641F269022946204600F085FB0090C1
:1089F000009880B238BD38B504460D4641F2690290
:108A00002946204600F078FB0090009880B238BDDF
:108A100038B504460D4640F649022946204600F086
:108A20006BFB0090009800B238BD38B504460D4687
:108A300041F206022946204600F05EFB00900098B5
:108A400000B238BD38B504460D4641F2050229464C
:108A5000204600F051FB0090009800B238BD38B5B8
:108A600004460D4640F262422946204600F044FB8F
:108A700000900098C0B238BD38B504460D4640F2AB
:108A800062422946204600F037FB00900098C0B2B1
:108A900038BD38B504460D4640F2624229462046AC
:108AA00000F02AFB00900098C0B238BD38B50446EB
:108AB0000D4640F63C022946204600F01DFB009082
:108AC0000098C0B238BD38B504460D4640F63D02A8
:108AD0002946204600F010FB0090009800B238BDF7
:108AE00038B504460D4640F63A022946204600F0C5
:108AF00003FB0090009800B238BD38B504460D461F
:108B000041F611022946204600F0F6FA009000983E
:108B100000B238BD38B504460D4641F6110229466B
:108B2000204600F0E9FA0090009800B238BD38B550
:108B300004460D4641F611022946204600F0DCFAB3
:108B40000090009800B238BD38B504460D4641F695
:108B500011022946204600F0CFFA0090009800B29A
:108B600038BD38B504460D4641F611022946204667
:108B700000F0C2FA0090009800B238BD38B5044643
:108B80000D4641F611022946204600F0B5FA009044
:108B9000009800B238BD38B504460D4641F61102C2
:108BA0002946204600F0A8FA0090009800B238BD8F
:108BB00038B504460D4641F611022946204600F01C
:108BC0009BFA0090009800B238BD38B504460D46B7
:108BD00041F611022946204600F08EFA00900098D6
:108BE00000B238BD38B504460D4641F6110229469B
:108BF000204600F081FA0090009800B238BD38B5E8
:108C000004460D4641F611022946204600F074FA4A
:108C10000090009800B238BD38B504460D4641F6C4
:108C200011022946204600F067FA0090009800B231
:108C300038BD38B504460D4641F615022946204692
:108C400000F05AFA0090009800B238BD38B50446DA
:108C50000D4641F615022946204600F04DFA0090D7
:108C6000009800B238BD38B504460D4641F61502ED
:108C70002946204600F040FA0090009800B238BD26
:108C800038B504460D4641F615022946204600F047
:108C900033FA0090009800B238BD38B504460D464E
:108CA00041F615022946204600F026FA0090009869
:108CB00000B238BD38B504460D4641F612022946C9
:108CC000204600F019FA0090009800B238BD38B57F
:108CD00004460D4641F612022946204600F00CFAE1
:108CE0000090009800B238BD38B504460D4641F6F4
:108CF00012022946204600F0FFF90090009800B2C9
:108D000038BD38B504460D4641F6120229462046C4
:108D100000F0F2F90090009800B238BD38B5044672
:108D20000D4641F612022946204600F0E5F9009072
:108D3000009800B238BD38B504460D4641F612021F
:108D40002946204600F0D8F90090009800B238BDBE
:108D500038B504460D4641F612022946204600F079
:108D6000CBF90090009800B238BD38B504460D46E6
:108D700041F612022946204600F0BEF90090009804
:108D800000B238BD38B504460D4641F612022946F8
:108D9000204600F0B1F90090009800B238BD38B517
:108DA00004460D4641F612022946204600F0A4F979
:108DB0000090009800B238BD38B504460D4641F623
:108DC00012022946204600F097F90090009800B260
:108DD00038BD38B504460D4641F6120229462046F4
:108DE00000F08AF90090009800B238BD38B504460A
:108DF0000D4641F612022946204600F07DF900900A
:108E0000009800B238BD38B504460D4641F613024D
:108E10002946204600F070F90090009800B238BD55
:108E200038B504460D4641F613022946204600F0A7
:108E300063F90090009800B238BD38B504460D467D
:108E400041F613022946204600F056F9009000989A
:108E500000B238BD38B504460D4641F61302294626
:108E6000204600F049F90090009800B238BD38B5AE
:108E700004460D4641F613022946204600F03CF90F
:108E80000090009800B238BD38B504460D4641F652
:108E900013022946204600F02FF90090009800B2F6
:108EA00038BD38B504460D4641F613022946204622
:108EB00000F022F90090009800B238BD38B50446A1
:108EC0000D4641F613022946204600F015F90090A0
:108ED000009800B238BD38B504460D4641F613027D
:108EE0002946204600F008F90090009800B238BDED
:108EF00038B504460D4641F613022946204600F0D7
:108F0000FBF80090009800B238BD38B504460D4615
:108F100041F613022946204600F0EEF80090009832
:108F200000B238BD38B504460D4641F61302294655
:108F3000204600F0E1F80090009800B238BD38B546
:108F400004460D4641F614022946204600F0D4F8A6
:108F50000090009800B238BD38B504460D4641F681
:108F600014022946204600F0C7F80090009800B28D
:108F700038BD38B504460D4641F614022946204650
:108F800000F0BAF80090009800B238BD38B5044639
:108F90000D4641F610022946204600F0ADF800903B
:108FA000009800B238BD38B504460D4641F61002AF
:108FB0002946204600F0A0F80090009800B238BD85
:108FC00038B504460D4641F610022946204600F009
:108FD00093F80090009800B238BD38B504460D46AD
:108FE00041F610022946204600F086F800900098CD
:108FF00000B238BD38B504460D4641F61002294688
:10900000204600F079F80090009800B238BD38B5DD
:1090100004460D4641F610022946204600F06CF841
:109020000090009800B238BD38B504460D4641F6B0
:1090300010022946204600F05FF80090009800B228
:1090400038BD38B504460D4641F610022946204683
:1090500000F052F80090009800B238BD38B50446D0
:109060000D4641F610022946204600F045F80090D2
:10907000009800B238BD38B504460D4641F61002DE
:109080002946204600F038F80090009800B238BD1C
:1090900038B504460D4641F610022946204600F038
:1090A0002BF80090009800B238BD38B504460D4644
:1090B00041F610022946204600F01EF80090009864
:1090C00000B238BD38B504460D4641F610022946B7
:1090D000204600F011F80090009800B238BD38B575
:1090E00004460D4641F610022946204600F004F8D9
:1090F0000090009800B238BD2DE9F84305460E46B1
:109100001446C4F38029C4F38038B8F1000F01D0AD
:1091100024F48044002714E06B462246314628465A
:10912000EAF767F9074607B10DE0B9F1000F00D182
:1091300009E00EB1002604E02846FEF7B9FC05461A
:1091400000BF002DE8D100BF0FBB0EBB41F20100F4
:10915000844202D0C01C84421AD128680AE041F23D
:1091600001018C4202D1818A19B105E0C18A01B1A5
:1091700002E000680028F2D100BF41F201018C42F8
:1091800002D1B0F9141001E0B0F91610009103E01B
:10919000204604F0F1F80090B8F1000F05D03146F8
:1091A0002846009ADDF700FC00900098BDE8F8839F
:1091B00038B504460D46602229462046FFF79CFF3D
:1091C0000090009800B238BD38B504460D4640F610
:1091D000410229462046FFF78FFF0090009800B219
:1091E00038BD38B504460D4640F6420229462046B1
:1091F000FFF782FF0090009800B238BD38B50446F2
:109200000D4640F6450229462046FFF775FF0090BF
:109210000098C0B238BD38B504460D4640F643024A
:1092200029462046FFF768FF0090009800B238BD3D
:1092300038B504460D464FF4046229462046FFF730
:109240005BFF0090009800B238BD38B504460D466B
:1092500044F2574229462046FFF74EFF00900098FF
:1092600038BD38B504460D4641F2594229462046DC
:10927000FFF742FF0090009838BD38B504460D4610
:1092800041F2594229462046FFF736FF00900098E8
:1092900038BD38B504460D4641F2594229462046AC
:1092A000FFF72AFF0090009838BD38B504460D46F8
:1092B00041F2594229462046FFF71EFF00900098D0
:1092C00038BD38B504460D4641F25942294620467C
:1092D000FFF712FF0090009838BD38B504460D46E0
:1092E00041F2594229462046FFF706FF00900098B8
:1092F00038BD38B504460D4641F25942294620464C
:10930000FFF7FAFE0090009838BD38B504460D46C8
:1093100041F25A4229462046FFF7EEFE009000989F
:1093200000B238BD38B504460D4641F25A422946CE
:109330002046FFF7E1FE0090009800B238BD38B536
:1093400004460D4641F25A4229462046FFF7D4FE14
:109350000090009800B238BD38B504460D4641F281
:109360005B4229462046FFF7C7FE0090009800B2F6
:1093700038BD38B504460D4641F25B4229462046C9
:10938000FFF7BAFE0090009800B238BD38B5044629
:109390000D4641F25B4229462046FFF7ADFE0090A4
:1093A000009800B238BD38B504460D4641F25B4224
:1093B00029462046FFF7A0FE0090009800B238BD75
:1093C00038B504460D4641F25B4229462046FFF778
:1093D00093FE0090009800B238BD38B504460D46A3
:1093E00041F25B4229462046FFF786FE0090009836
:1093F00000B238BD38B504460D4643F60F02294683
:109400002046FFF779FE0090009800B238BD38B5CD
:1094100004460D4640F60B0229462046FFF76CFE37
:109420000090009800B238BD38B504460D4640F6AD
:109430000B0229462046FFF75FFE0090009800B21D
:1094400038BD38B504460D4640F60A022946204686
:10945000FFF752FE0090009800B238BD38B50446C0
:109460000D4640F60A0229462046FFF745FE0090C9
:10947000009800B238BD38B504460D4643F60E02DA
:1094800029462046FFF738FE0090009800B238BD0C
:1094900038B504460D4641F2010229462046FFF741
:1094A0002BFE0090009800B238BD38B504460D463A
:1094B00041F2010229462046FFF71EFE0090009867
:1094C00000B238BD38B504460D4641F201022946C6
:1094D0002046FFF711FE0090009800B238BD38B565
:1094E00004460D4641F2010229462046FFF704FEDC
:1094F0000090009800B238BD38B504460D4641F2E0
:10950000010229462046FFF7F7FD0090009800B2BF
:1095100038BD38B504460D4641F2070229462046BB
:10952000FFF7EAFD0090009800B238BD38B5044658
:109530000D4641F2080229462046FFF7DDFD009066
:10954000009800B238BD10B5044600BF00BF04F15A
:109550001400F1F7F5F910BD70B5064600BF00BF65
:109560003046FEF7A5FA0546ADB1B08AA98A401A81
:1095700004B22846FEF746FC204404B200212846E7
:10958000FFF7A5FB201A04B200212846FFF785F952
:10959000201A04B201E0B6F91440204670BD70B53F
:1095A000064600BF00BF3046FEF782FA0546ADB161
:1095B000F18AE88A081A04B22846FEF72DFC2044F6
:1095C00004B200212846FFF7EEFC201A04B2002165
:1095D0002846FFF762F9201A04B201E0B6F91640F6
:1095E000204670BD70B5044600BF00BF2046FFF79F
:1095F000D6FF05462046FEF70BFA284400B270BDA0
:10960000024600BF00BFD0690840884201D1012056
:1096100070470020FCE7024600BF00BFD069084049
:1096200008B1012070470020FCE7024600BF00BFE0
:10963000108C084008B1012070470020FCE77FB57E
:1096400006460D4602213046FFF7DAFF10B900202A
:1096500004B070BD80213046FFF7E7FF08B100205D
:10966000F6E702A93046FEF7E6F80022294602A8EE
:10967000DAF7C7FB04460CB90020E9E74FF4803164
:109680003046FFF7BDFF58B1009501208DF804006A
:109690006A4611213046F7F7ABFE9DF80400D7E784
:1096A0002046D5E72DE9FC4705460E46144600BF87
:1096B0004FF4056231462846FFF71EFD01900198E0
:1096C00000B26080608808B9BDE8FC8700BF532203
:1096D00031462846FFF710FD01900198C0B2207373
:1096E000207B022800DCEFE731462846FFF7C4F96B
:1096F0000746FD2F03DA207B784300122073207B7E
:10970000022800DCE0E700BF44F25202314628465E
:10971000FFF7F2FC009000980190BDF80400208053
:1097200000BF542231462846FFF7E6FC019001981D
:10973000A060A846B146512249464046FFF7DCFCEE
:109740000190019808B1012000E00020617B60F3E6
:109750008201617331462846FFF784F8617B60F32C
:109760000101617300BFAFE72DE9FC4105460E46DC
:10977000144600BF462231462846FFF7BDFC019043
:109780000198C0B2E072E07A022801DCBDE8FC81F9
:1097900031462846FFF770F90746FD2F03DAE07AD5
:1097A00078430012E072E07A022800DCEEE7002045
:1097B00020804FF48070608000BF298BAA8A891AAC
:1097C000491C09B2084601EBD0714910A18000BFC5
:1097D000698BEA8A891A491C09B2084601EBD071E3
:1097E0004910E18000BF482231462846FFF784FC3B
:1097F00001900198C0B2A072A07A00280CDD00BFD1
:1098000044F2470231462846FFF776FC0090009864
:109810000190BDF80400208131462846FFF722F868
:10982000207300BFB2E7F8B505460E46144600BFE8
:109830004FF48B6231462846FFF75EFC009000989B
:10984000C0B2A076A07E022800DCF8BD31462846D2
:10985000FFF712F90746FD2F03DAA07E78430012C6
:10986000A076A07E022800DCEFE731462846FFF70D
:10987000ECFC0090BDF80000A08100BF41F25A420C
:1098800031462846FFF738FC0090009800B2A082CD
:1098900000BF41F25B4231462846FFF72DFC0090A5
:1098A000009800B2608200BF40F25C423146284618
:1098B000FFF722FC00900098A17F60F30201A177DE
:1098C00031462846FEF7CEFFA17F60F3C501A177A0
:1098D00031462846FFF7C5FC206000BF41F25D42DB
:1098E00031462846FFF708FC00900098C0B2207768
:1098F00000BFAAE72DE9FC4705460E46144600BF07
:1099000040F6490231462846FFF7F6FB01900198E0
:1099100000B26080608808B9BDE8FC8700BF4E22B5
:1099200031462846FFF7E8FB01900198C0B220724B
:10993000207A022800DCEFE731462846FFF79CF842
:109940000746FD2F03DA207A784300122072207A2E
:10995000022800DCE0E700BF44F24D023146284611
:10996000FFF7CAFB009000980190BDF8040020802A
:1099700000BF4A2231462846FFF7BEFB01900198FE
:1099800000B2A080A08848B100BF4B2231462846D3
:10999000FFF7B2FB0190019800B2E080A846B14603
:1099A0004C2249464046FFF7A7FB0190019808B1B9
:1099B000012000E00020617A60F382016172607A28
:1099C000810861F3C300607231462846FEF74AFF02
:1099D000617A60F30101617200BF9DE72DE9FC47E8
:1099E00006460D46144600BF602229463046FFF762
:1099F00083FB0190019800B2208025B129463046B2
:109A0000FFF73AF800E0FF20804629463046FFF78E
:109A100033F80746022F02DDB8F1020F09DC0020FF
:109A2000E07084F8220084F8360084F82A00BDE84B
:109A3000FC8729463046FEF715FFA070E078002825
:109A400070D000BF212229463046FFF755FB019018
:109A50000198C0B2E070E078022863DD2946304604
:109A6000FEF7E8FE0190BDF80400A08000BF2622AA
:109A700029463046FFF740FB019001988146B9F135
:109A8000000F0AD099F8090000F0070028B10A2257
:109A90004946A01DFBF7E3FE43E000BF2322294611
:109AA0003046FFF729FB01900198E17B60F302014A
:109AB000E173E07B00F0070038B329463046FEF73B
:109AC000B9FE0190BDF80400E08000BF44F222021C
:109AD00029463046FFF710FB009000980190A01D2A
:109AE000BDF80410618100BF242229463046FFF7EB
:109AF00003FB01900198207200BF252229463046C1
:109B0000FFF7FAFA01900198207300BF2722294637
:109B10003046FFF7F1FA01900198E17B60F3C5014F
:109B2000E17300BF00BF41F2320229463046FFF721
:109B3000E3FA0190019800B22084208C60B394F87D
:109B4000220048B300BF312229463046FFF7D4FA3D
:109B500001900198C0B284F8220094F822000228F3
:109B60001ADD00BF332229463046FFF7C5FA0190BF
:109B7000019894F8231060F3450184F8231000BF86
:109B800044F2300229463046FFF7B6FA00900098BA
:109B90000190BDF80400E08329463046FEF7A0FF9F
:109BA000E084E08CF0B194F82A00D8B12946304620
:109BB000FEF77CFF84F82A0094F82A00022811DDC1
:109BC00029463046FEF77FFF208500BF44F23B0266
:109BD00029463046FFF790FA009000980190BDF8B2
:109BE0000400A084A07E002851D000BF40F62802C7
:109BF00029463046FFF780FA0190019820612069DC
:109C0000002844D000BF292229463046FFF774FAC5
:109C100001900198C0B2A076A07E022837DD2069AD
:109C2000F9F722FD02280DD129463046FFF719FB2E
:109C3000606129463046FFF708FB0190BDF804003B
:109C4000208324E000BF44F22A0229463046FFF771
:109C500053FA009000980190BDF80400208300BFE3
:109C60002B2229463046FFF747FA01900198C0B2EF
:109C7000E076B146AA462C2251464846FFF73CFA08
:109C80000190019808B1012000E00020207794F8AD
:109C9000360080B329463046FFF7CAFAE085E08DEA
:109CA00048B394F83600022825DD29463046FFF7F0
:109CB000A5FA84F8360094F8360002281BDD294600
:109CC0003046FFF781FA208629463046FFF789FAA9
:109CD000608629463046FFF79EFAA08600BF44F210
:109CE000440229463046FFF707FA00900098019099
:109CF000BDF80400A085B8F1FD0F02DA08FB07F0FB
:109D00000712FD2F17DA173414F8140C78430012D9
:109D100004F8140CE07878430012E070E07A78439D
:109D20000012E072E07F78430012E077E07C784335
:109D30000012E074173C00BF79E67CB5054600BF11
:109D400000BF03E02846FDF7B3FE05462846FDF7B1
:109D5000AFFE30B14FF400212846FFF751FC002838
:109D6000F0D12846DBF7B3FA044605F11401684642
:109D7000F0F712FDBDF80000001B00B2ADF80000C6
:109D8000BDF80200001B00B2ADF80200BDF80400EF
:109D9000204400B2ADF80400BDF80600204400B233
:109DA000ADF806006946284600F001F87CBD2DE9B3
:109DB000FC4105460E4600BF00BF31466846F0F73D
:109DC000EBFC69462846FCF7E9FD044634B1284619
:109DD000FDF7D4FD07466946DBF70BF9BDE8FC81CA
:109DE0000246116800E0096821B1087E00F0030016
:109DF0000028F8D009B900207047087E00F0030061
:109E0000012800D1F8E70020F6E70246116800E0DB
:109E1000096821B1087EC0F381000028F8D009B993
:109E200000207047087EC0F38100012800D1F8E7C8
:109E30000020F6E770B506460B493046FFF7EBFB0E
:109E400008B1002070BD3046FDF732FE04460CB963
:109E50000020F7E700212046FEF7CDFD05460DB1B5
:109E60000120EFE70020EDE7010006007CB5054684
:109E700000BF00BF2846DBF72AFA044605F11401AB
:109E80006846F0F789FCBDF80000001B00B2ADF891
:109E90000000BDF80200001B00B2ADF80200BDF8E2
:109EA0000400204400B2ADF80400BDF806002044D0
:109EB00000B2ADF8060069462846FCF76FFD7CBD90
:109EC00070B50446608C20F00100401C6084204680
:109ED000FDF7F6FD0546688C20F00200801C6884C2
:109EE0002846FDF74BFD0646706810B1706805F016
:109EF000E1F970BD2DE9F04780460D4616469946BA
:109F00004046FDF78EFC8246002726E0D8F8080080
:109F1000006850F82740B9F1000F06D04FF48021B7
:109F20002046FFF76DFB00B116E0A08A284400B27E
:109F3000A082E08A304401B2E182208B284401B241
:109F40002183608B304401B261830023324629466D
:109F50002046FFF7CFFF00BF7F1C5745D6D3BDE893
:109F6000F0872DE9F04F85B004460E461746656828
:109F7000002D34D000212846FEF7A9FE824600219C
:109F80002846FFF710F883464FF480212046FFF75C
:109F900037FB40B1A88A5044304406B2E88A58449E
:109FA000384407B20FE02846FDF72CFFA98A514438
:109FB000081A304406B22846FDF72EFFE98A5944B4
:109FC000081A384407B200212846FEF766FC81468D
:109FD00006EB090006B207EB090007B200BFA08A32
:109FE000301A00B2ADF81000E08A381A00B2ADF8AD
:109FF0001200BDF8100028B9BDF8120010B905B064
:10A00000BDE8F08F2046FFF798FE02A92046FDF735
:10A01000A9FC4FF000087DB169462846FDF72EFCEB
:10A020000022694602A8D9F716FE8046B8F1000F53
:10A0300002D1284600F062FFA08ABDF81010084443
:10A0400000B2A082E08ABDF81210084401B2E18299
:10A05000208BBDF81010084401B22183608BBDF83D
:10A060001210084401B26183BDF91220BDF910102D
:10A0700000232046FFF73EFF25B122462221284635
:10A08000F7F7B6F92046FFF758FE9DB10022694662
:10A0900004F11400D9F7DFFD8146B8F1000F05D1B6
:10A0A000B8F1000F05D1B9F1000F02D0284600F039
:10A0B00025FF00BF00BFA2E72DE9F04180460C4616
:10A0C00000BF00BF002C06DA4046FDF7F1FC024657
:10A0D000FDF7A7FB04444046FDF7A3FC07464046B6
:10A0E000FDF7E6FC0646002C01DABDE8F0813046BB
:10A0F000FDF797FBA04200DCF7E7BC4200D1F4E794
:10A100003D46BC420DDA09E0B0680168681E51F8AE
:10A110002000B168096841F825006D1EA542F3DCF6
:10A120000CE009E0B0680168681C51F82000B168D3
:10A13000096841F825006D1CA542F3DBB068006892
:10A1400040F82480002222213046F7F751F93046AA
:10A15000FFF7F3FD00BFC8E72DE9F04107460E46C3
:10A160003846FDF73BFEC8B93846FDF741FE0546C7
:10A170003846FDF7B5FC0446002C0EDA002D0CDD48
:10A180006042854201DA284600E0604204B233466C
:10A1900022460021384600F009FD00BF3846FDF791
:10A1A00013FE88BB3846FDF729FD04463846FDF707
:10A1B0009DFD054600213846FEF7EEFA012811D034
:10A1C000002D20DA002C1EDD6842844201DA204690
:10A1D00000E0684205B2334600222946384600F0C6
:10A1E000E5FC10E0002C0EDA002D0CDD604285420B
:10A1F00001DA284600E0604205B2334600222146DB
:10A20000384600F0D3FC00BFBDE8F0812DE9F14FE6
:10A2100086B00698FFF70EFE10B107B0BDE8F08FCC
:10A220000698FDF745FC059000210698FFF771F9A7
:10A23000054600210698FFF779F90446059828B9E4
:10A24000224629460698FFF78CFEE6E70598FDF7BB
:10A250006AFB80460598FDF747FB064605F4C040BB
:10A26000B0F5005F01D1012000E0002030B125F4FD
:10A27000C040B0F5FA6F01DC012000E0002088B199
:10A2800025F4C040B0F57A7F04DD25F4C040C0F568
:10A290007A7001E025F4C04000FB08F0642190FBD7
:10A2A000F1F005B204F4C040B0F5005F01D1012027
:10A2B00000E0002030B124F4C040B0F5FA6F01DCBA
:10A2C000012000E0002080B124F4C040B0F57A7F86
:10A2D00004DD24F4C040C0F57A7001E024F4C040ED
:10A2E0007043642190FBF1F004B2069802900020C4
:10A2F000039043F20C02DDE90201FEF7FDFE01903E
:10A3000001980FFA80FA00BF06980290002003908F
:10A3100043F20D02DDE90201FEF7EEFE0190019825
:10A320000FFA80FB00BF0698FFF70DF981460698EB
:10A33000FDF76EFB07460AF4C040B0F5005F01D19F
:10A34000012000E0002030B12AF4C040B0F5FA6FDF
:10A3500001DC012000E0002090B12AF4C040B0F5FB
:10A360007A7F04DD2AF4C040C0F57A7001E02AF457
:10A37000C04000FB09F0642190FBF1F00FFA80FA75
:10A380000BF4C040B0F5005F01D1012000E00020D7
:10A3900030B12BF4C040B0F5FA6F01DC012000E0D1
:10A3A000002088B12BF4C040B0F57A7F04DD2BF497
:10A3B000C040C0F57A7001E02BF4C04078436421BE
:10A3C00090FBF1F00FFA80FB05EB0A0005B204EBFD
:10A3D0000B0004B200210698FEF790F9049004984F
:10A3E00050B900210598FEF7CAF9012802D10320CF
:10A3F000049001E0012004900498012805D1224630
:10A4000029460698FFF7ADFD6FE00498801E0828E6
:10A4100064D2DFE800F00410212534153C4C41469D
:10A4200008EBD1725210484609EBD073A2EB6302DD
:10A430002A4415B253E0A8EB0900284405B24EE0C7
:10A44000314606EBD1725210384607EBD073A2EBBF
:10A450006302224414B242E0F01B204404B23EE006
:10A46000414608EBD1725210484609EBD073A2EB7B
:10A4700063022A4415B2F01B204404B22FE0A8EB7B
:10A480000900284405B2F01B204404B227E0A8EBE1
:10A490000900284405B2314606EBD1725210384605
:10A4A00007EBD073A2EB6302224414B217E04146DB
:10A4B00008EBD1725210484609EBD073A2EB63024D
:10A4C0002A4415B2314606EBD1725210384607EBDA
:10A4D000D073A2EB6302224414B200E000BF00BFBD
:10A4E000224629460698FFF73CFD00BF95E62DE978
:10A4F000F04F8DB0044600BF00BF608CC0F38020D9
:10A5000038B1608CC0F3402018B100200DB0BDE818
:10A51000F08F2046FDF7CCFA07460FB90020F5E78B
:10A520002046FDF76BFB0C9000200B900A90608C8E
:10A53000C0F3802020B12046FFF705F8054680E0F3
:10A5400000212046FEF7A4FF054642F2D1718D425C
:10A5500001D1012000E000200B9005F4C040B0F5CF
:10A56000005F01D1012000E0002030B125F4C0409F
:10A57000B0F5FA6F01DC012000E000200A903846B7
:10A58000FDF7D1F981460B9820B12046DCF750FF4A
:10A59000054634E00A98F8B1788CC0F38020E0B921
:10A5A00000213846FEF774FF42F2D171884214D17F
:10A5B00000212046FEF771F9019000212046FEF7A8
:10A5C00086FB0199084405B200212046FEF728FCCD
:10A5D00001990844284405B211E025F4C040B0F5C3
:10A5E0007A7F04DD25F4C040C0F57A7001E025F4DF
:10A5F000C04000FB09F0642190FBF1F005B200209F
:10A60000019041F2020220460199FEF775FD00908B
:10A6100000980FFA80FA00BF0020019041F2030277
:10A6200020460199FEF768FD009000980FFA80FB24
:10A6300000BF4B465A4651462846F2F728FA0546CF
:10A6400000BF2046FDF7D4FB09900020089007903A
:10A65000608CC0F3402020B12046FDF7D9F90646B2
:10A6600080E000212046FEF785F9064642F2D171CE
:10A670008E4201D1012000E00020089006F4C04085
:10A68000B0F5005F01D1012000E0002030B126F4D8
:10A69000C040B0F5FA6F01DC012000E00020079017
:10A6A0003846FDF721F98146089820B12046DCF7AD
:10A6B00023FE064634E00798F8B1788CC0F34020BA
:10A6C000E0B900213846FEF755F942F2D1718842CF
:10A6D00014D100212046FEF7E0F801900021204629
:10A6E000FEF761FC0199084406B200212046FEF7FE
:10A6F00011FA01990844304406B211E026F4C04032
:10A70000B0F57A7F04DD26F4C040C0F57A7001E030
:10A7100026F4C04000FB09F0642190FBF1F006B282
:10A720000020019041F2050220460199FEF7E4FC69
:10A73000009000980FFA80FA00BF0020019041F2CB
:10A74000060220460199FEF7D7FC009000980FFA08
:10A7500080FB00BF4B465A4651463046F2F740F95F
:10A76000064600BF0B9808B9089828B10023204678
:10A77000099A0C9900F05BFB2046FEF7E4FEA84224
:10A7800006D12046FDF744F9B04201D10020BDE6D4
:10A790002046FFF7D2FA05A92046FDF7E3F803A902
:10A7A0003846FDF76BF8002203A905A8D9F753FA3C
:10A7B0008046B8F1000F02D1384600F09FFBE08AD6
:10A7C0003044401E01B2618300212046FDF7D7FFCF
:10A7D000012805D1208B401B401C00B2A08204E060
:10A7E000A08A2844401E01B2218305AA29212046BF
:10A7F000F6F7FEFD224622213846F6F7F9FD2046FF
:10A80000FFF79BFA00212046FFF7A6FC002203A9D0
:10A8100004F11400D9F71FFA0290B8F1000F04D127
:10A82000B8F1000F04D1029810B1384600F066FB71
:10A8300001206BE638B5044600BF00BF2046DAF7BA
:10A8400046FD0546002000906A4613212046F6F793
:10A85000CFFDBDF90000A84202D02046FFF76DFAF7
:10A86000A06820B1BDF90000A168C88209E0BDF868
:10A87000000030B12046FCF765F8BDF90000A16882
:10A88000C882BDF90000A84202D02046FFF755FA61
:10A8900038BD70B5044600212046FEF7F9FD054697
:10A8A00000212046FEF766F8064642F2D170854246
:10A8B00003D0864201D0002070BD2046FFF700FB88
:10A8C0000120F9E72DE9F84306460F46144600BF7C
:10A8D00000BF3848007808B9BDE8F8833046FFF774
:10A8E0002CFA384600F0C3FE054604F4805040B30D
:10A8F000B5F5702F1DD0E5B14FF0000841F204020C
:10A9000041463046FEF7F8FB0090009800B242F254
:10A91000D17188420DD000BF41F20102414630465C
:10A92000FEF7EAFB0090009800B242F2D171884233
:10A9300007D100222A213046F6F75AFD3046FFF7AC
:10A94000BFFAB5F5702F00D08DB94FF6FF70844275
:10A9500002D004F4005050B13046FDF7A9F880460B
:10A96000B8F1000F02D04046FFF7AAFA00BF4FF639
:10A97000FF70844202D004F4006010B13046FFF74B
:10A9800059FF3046FFF7D9F94FF6FF70844208D0DF
:10A9900004F4806058B104F4006010B904F48050ED
:10A9A00028B1B5F5803F02D0304607F0EEF800BF81
:10A9B00092E70000650100242DE9F04105460F46AD
:10A9C000164600BF00BF002410E0E86800EBC4009A
:10A9D0004068C0F3006040B1E86800EBC400406824
:10A9E00020F07F40B04200D105E0641C688CC0F3C9
:10A9F000C500A042E9D800BF688CC0F3C500A042E2
:10AA000002D10020BDE8F081E96851F834003946F0
:10AA100002F05EFDF6E72DE9FE4F04460E46914634
:10AA2000484600F028FE8246484600F020FE804658
:10AA30004FF6FF7002901EB1F07908B90020029025
:10AA40000025AB4674E0E16801EBC501496821F0DF
:10AA50007F4000F010FE0190E16801EBC5014968FC
:10AA600021F07F4000F003FE00904FF6FF7082451A
:10AA700002D0019850450BD1B8F5702F02D0009844
:10AA8000404505D136B1E06850F83500B04201D0FC
:10AA90006D1C4DE0E06800EBC5004068C0F340600D
:10AAA00030B100234FF6FF72414620460BF06AFF9B
:10AAB000E06800EBC5004068C0F3006030B9E068B2
:10AAC00000EBC5004068C0F3406068B1E16851F830
:10AAD000350002F082FDE16851F83500FAF736FEE4
:10AAE0000020E16841F835002F4609E0E06800EBFE
:10AAF000C7010246781C02EBC00205CA05C17F1CD3
:10AB0000608CC0F3C500401EB842EFD8608CC0080E
:10AB1000401E618C60F3C8016184628CC2F3C5027F
:10AB2000D100E068FAF766FEE0604FF0010B00BF6D
:10AB3000608CC0F3C500A84285D8BBF1000F06D0D9
:10AB4000029820B141462046029AFFF7BBFEBDE8BD
:10AB5000FE8F000010B50446024A00212046FFF790
:10AB60005AFF10BDFFFF0F0070B506460E48007873
:10AB700000B970BD0020F2F7B5FF044610E00025D3
:10AB800006E0E06850F82510304607F01EF96D1C0D
:10AB9000606AA842F5D82046F2F7A4FF044600BF39
:10ABA000002CECD100BFE4E7650100242DE9F04F53
:10ABB00091B005460C4616469A461CB916B911B016
:10ABC000BDE8F08FBAF1010F7ED12846FCF7D6FE22
:10ABD00010906846EEF7B0FF00BF009500BF4E48EA
:10ABE000039000BF002C38D01098F2F745FF40F3D7
:10ABF0005D0B224600215846EFF757F80746C82F4D
:10AC000000D2C827B7F5C87F01D94FF4C8773946B5
:10AC10006846EFF728F82846FDF7F4F88046C8F1B3
:10AC200000000219C8F100016846EFF724F83B491B
:10AC30006846EFF702F83A496846EFF708F86A46BF
:10AC400009212846F6F7D4FB8146B9F1010F00D05F
:10AC5000B5E76846EFF73AF800BF002E39D01098F4
:10AC6000F2F770FF40F35D0B324600215846EFF7D4
:10AC70001CF80746C82F00D2C827B7F5C87F01D9EE
:10AC80004FF4C87739466846EEF7EDFF2846FDF7E2
:10AC9000C3F88046C8F100008219C8F10001684677
:10ACA000EEF7E9FF1F496846EEF7C7FF1C49684603
:10ACB000EEF7CDFF6A4609212846F6F799FB814653
:10ACC000B9F1010F01D07AE704E06846EEF7FEFF24
:10ACD00000BF1EE013492846EEF7E6FE07460F497F
:10ACE0002846EEF7E1FE804632462146284607F028
:10ACF00061FA17B9B8F1000F0AD000220A212846DC
:10AD0000F6F776FB8146B9F1010F00D057E700BF97
:10AD100000BF00BF53E70000251E0390F1220390FF
:10AD2000B39B01900D2303902DE9FF5F0E4617465C
:10AD300016B90FB9BDE8FF9F009800F09FFC00987E
:10AD4000FDF760F840420FFA80F808EB060004B205
:10AD500000210098FDF720FD01281BD0002C00DD0C
:10AD60000024002C2EDA0098FCF748FF8346009858
:10AD7000FCF7BCFF58440FFA80FABAF1000F01DA71
:10AD80004FF0000ACAF10000844202DACAF1000062
:10AD900004B217E0002C00DA0024002C12DD009829
:10ADA000FCF72CFF83460098FCF7A0FF58440FFAED
:10ADB00080FABAF1000F01DA4FF0000A544500DDC5
:10ADC000544600BF0098FDF727F840420FFA80F97B
:10ADD00009EB070005B2002D00DD0025002D16DA75
:10ADE0000098FDF705F883460098FCF779FE584473
:10ADF0000FFA80FABAF1000F01DA4FF0000ACAF137
:10AE00000000854202DACAF1000005B200BFA4EBDF
:10AE1000080006B2A5EB090007B206B92FB13A4601
:10AE20003146039B0098FFF7C1FE00BF82E72DE982
:10AE3000F04106460F4614461D462A46394630461E
:10AE400000F024F82A462146304600F03BF8BDE8E1
:10AE5000F081F8B504460E46204600F00FFC0020B5
:10AE6000009027463846FCF723FE05460BE03346A4
:10AE70006A46394604F1140006F0E6FF2F462846DC
:10AE8000FCF716FE0546002DF1D1F8BD2DE9F04185
:10AE900006460C4615460A493046EEF705FE304692
:10AEA000FCF7B0FF0746604238440FFA80F82B46A3
:10AEB000002241463046FFF737FFBDE8F081000031
:10AEC000F12203902DE9F04106460C4615460A4949
:10AED0003046EEF7E9FD3046FCF79EFF074660423C
:10AEE00038440FFA80F82B46424600213046FFF7DF
:10AEF0001BFFBDE8F08100000D2303901FB5044641
:10AF00006A4602A92046FCF791FF02A8EFF700FD70
:10AF100020B96846EFF7FCFC00B91FBD02A8EFF7A7
:10AF2000F7FC18B102A92046FEF741FF6846EFF78B
:10AF3000EFFC18B169462046FEF739FF00BFECE789
:10AF400070B504460D4600BF00BF2046FBF7FAFC73
:10AF5000A068858270BD00002DE9F04106460F46CD
:10AF600014461D4600223946304600F0ADFA002254
:10AF70002146304600F078FA00222946304600F09B
:10AF8000B3FA0448008881B20022304600F0C9FAC2
:10AF9000BDE8F0816402002470B504460D4600222D
:10AFA0002946204600F070FA0348008881B200224A
:10AFB000204600F0B6FA70BD6402002470B5044665
:10AFC0000D4600222946204600F06EFA2046FCF786
:10AFD0006FFD0646FEF774FF70BDF8B506460D46D8
:10AFE00000BF00BF00236A4641F204013046FCF76F
:10AFF00037FD0446012C02D10098A84200D124B9A3
:10B0000000222946304600F07FFAF8BD70B50546AB
:10B010000C4600BF00BFA1B20022284600F081FA12
:10B020002846FEF74DFF70BD2DE9FF4106460C4650
:10B030001D4629463046E8F729F807462146384696
:10B04000029A02F070FC224629463046FFF73AFC8D
:10B05000BDE8FF812DE9F04106460D4600BF00BF67
:10B0600000BF00BF706818B900BF00BFBDE8F08125
:10B0700015B900BF00BFF9E73046FEF75EFE28466F
:10B08000FBF760FC74683046FCF7CBFC074609E030
:10B09000A0680168781C51F82000A168096841F88F
:10B0A00027007F1C2046FCF7BCFB801EB842EFDA6D
:10B0B000A0684068401EA1684860A068406848B128
:10B0C000A26852689100A2681068FAF793FBA16821
:10B0D000086006E0A1680868FAF738FB0020A1685C
:10B0E0000860A8684068401CA9684860AA6852685F
:10B0F0009100AA681068FAF77DFBA96808602846E5
:10B10000FCF78FFB401EA968096841F82060756054
:10B1100000212046FFF720F82046FFF7EFFE3246D9
:10B1200022212046F6F764F9002224212046F6F772
:10B130005FF9324622212846F6F75AF900222321E8
:10B140002846F6F755F93046FEF7BAFE3046FEF7C8
:10B15000F4FD00BF8AE770B505460E46144600BFF1
:10B1600000BF3146284600F050FA2146284600F03C
:10B1700065FA70BD70B505460C462846FBF7E2FB44
:10B18000A868407E00F00F00A04201D0A9684C766C
:10B1900070BD70B504460D462046FBF7D3FBA06892
:10B1A000007E65F38300A168087670BD70B5044623
:10B1B0000D462046FBF7C6FBA068007E65F3051030
:10B1C000A168087670BD70B504460D4600BF00BF8B
:10B1D0002046FBF7B7FBA068007E00F00300A84202
:10B1E00000D170BDA068007E65F30100A1680876FB
:10B1F0002046FEF7A2FD00BFF3E770B505460E46F8
:10B20000144600BF00BF3146284600F0E5F921464C
:10B210002846FFF7E2FE70BD2DE9F04F89B00746E2
:10B220008946388C484502D109B0BDE8F08F00BF8F
:10B2300000BF388C0890A7F820904A4638460899F5
:10B24000DAF726F98246BAF1000F00D1ECE74FF4A5
:10B250002070FAF7E7F905464FF420712846FAF70F
:10B260008CFC0024002697E0F86800EBC6000790ED
:10B27000F96801EBC601496821F07F4000F0FBF955
:10B280000690F96801EBC601496821F07F4000F0A3
:10B29000EEF90590069820EA090000B17BE00798D6
:10B2A0004068C0F3406000B175E0079904AA0868DF
:10B2B000672101F0DBFF00B96DE0DDF810804FF091
:10B2C000000B60E00020039026E0039800EB800074
:10B2D00005EB800040680290029800F0CCF90190E4
:10B2E000029800F0C4F90090D8F8000030F81B1064
:10B2F000039800EB800005EB80000089814208D1B3
:10B3000005990098884204D106990198884200DB8B
:10B3100005E00398401C03900398A042D5D300BFDA
:10B320000398A0422DD1B8F80C0004EB840125F855
:10B330002100B8F8100004EB840105EB810148807E
:10B3400004EB840105EB8101D8F80800C860D8F847
:10B35000000030F81B0004EB840105EB810108813B
:10B3600004EB840105EB8101D8F80400086107981B
:10B37000406820F07F4004EB840105EB81014860C8
:10B38000641C0BF1010BD8F8000030F81B0008B169
:10B39000202C97D300BF761C788CC0F3C500B04238
:10B3A00002D9202CFFF460AF002613E006EB8601E3
:10B3B00005EB8101486800F05AF9804606EB8600EB
:10B3C00005EB80004B46009041463846089AD9F775
:10B3D00087FF761CA642E9D32846FAF79FF9BAF10F
:10B3E000010F03D13846FEF7A8FC13E0BAF1030FB2
:10B3F00007D14FF6FF724FF470213846FFF762FA1B
:10B4000008E0BAF1020F05D13846FEF796FC38463F
:10B41000FFF710FA00BF07E7F8B506460C461546D9
:10B4200000942B4641F209013046009AFFF7FCFDDB
:10B43000F8BDF8B506460C46154600942B4641F279
:10B440006A413046009AFFF7EFFDF8BDF8B50646B1
:10B450000C46154600942B4640F628013046009ACB
:10B46000FFF7E2FDF8BD0000F8B506460C461546AC
:10B4700000942B46034801883046009AFFF7D4FD1C
:10B48000F8BD00006C020024F8B506460C461546CF
:10B4900000942B46034801883046009AFFF7C4FD0C
:10B4A000F8BD000068020024F8B506460C461546B3
:10B4B00000942B46034801883046009AFFF7B4FDFC
:10B4C000F8BD000070020024F8B506460C4615468B
:10B4D00000942B46034801883046009AFFF7A4FDEC
:10B4E000F8BD00006A020024F8B506460C46154671
:10B4F00000942B46034801883046009AFFF794FDDC
:10B50000F8BD00006E020024F8B506460C4615464C
:10B5100000942B4641F204013046009AFFF784FD67
:10B52000F8BDF8B506460C46154600942B4641F288
:10B5300069013046009AFFF777FDF8BDF8B5064679
:10B540000C46154600942B4641F202013046009A03
:10B55000FFF76AFDF8BDF8B506460C46154600949F
:10B560002B4641F25D413046009AFFF75DFDF8BD84
:10B57000F8B506460C46154600942B4641F2594153
:10B580003046009AFFF750FDF8BDF8B506460C4668
:10B59000154600942B4641F201013046009AFFF710
:10B5A00043FDF8BDF8B506460C46154600942B46FB
:10B5B00041F207013046009AFFF736FDF8BDF8B5B5
:10B5C00006460C46154600942B4641F208013046CB
:10B5D000009AFFF729FDF8BDF8B506460D4600BFF5
:10B5E00000BF00236A4641F201013046FCF738FAF9
:10B5F0000446012C02D10098A84200D124B90022AF
:10B6000029463046FFF7C1FFF8BDF8B506460D469E
:10B6100000BF00BF00236A4641F207013046FCF735
:10B620001FFA0446012C02D10098A84200D124B987
:10B63000002229463046FFF7B5FFF8BDF8B50646AB
:10B640000D4600BF00BF00236A4641F208013046A4
:10B65000FCF706FA0446012C02D10098A84200D15A
:10B6600024B9002229463046FFF7A9FFF8BD01465C
:10B6700001F47F007047014688B2704770B50546F7
:10B680001148007810B100BF00BF70BD01200E4905
:10B6900008702846FCF714FA04460AE000BF00BF11
:10B6A000608C20F0020060842046EAF78DFD00BF28
:10B6B00000BF94F82200C0F340000028EED10249F8
:10B6C000087000BFE1E70000640100243EB50546B4
:10B6D0000C46132D08DB00BF00BFF1F763FA0290A0
:10B6E000BDF8081008463EBD0CB1042C08DD00BFB3
:10B6F00000BFF1F757FA0190BDF804100846F2E7D1
:10B70000601EC4B2054800EBC50000EB4400008891
:10B710000090BDF800100846E5E700002C470490B3
:10B720003EB505460C46132D08DB00BF00BFF1F700
:10B7300039FA0290BDF8081008463EBD0CB1052C40
:10B7400008DD00BF00BFF1F72DFA0190BDF804102D
:10B750000846F2E7601EC4B205EB8500054901EB1F
:10B76000400000EB440000880090BDF8001008463F
:10B77000E3E700006E4604901CB50446132C08DB7A
:10B7800000BF00BFF1F70EFA0190BDF804100846A3
:10B790001CBD044800EB440000880090BDF8001078
:10B7A0000846F5E7484604900146002904DAC1F549
:10B7B0007A7040F4005001E041F4005000B270474C
:10B7C0002DE9F0470246B2F90490B2F900A0A9EBC6
:10B7D0000A0000EBD0794FEA69090FFA89F3108863
:10B7E000184405B25088184406B20888401B07B2B6
:10B7F0004888801B04B213FB03FC17FB07F014FB03
:10B800000408E04502D80120BDE8F0870020FBE7EE
:10B8100010B5DDF722F94FF4FA5300220B490C481A
:10B82000F2F708F80B48F2F717F80B48008800B257
:10B83000084908800848408800B2488007484861A5
:10B840000348C8600846F2F741F810BD8806022494
:10B850006C06022408450224D0040024358A009096
:10B8600010B50AF019F90748F7F717FF0120054945
:10B870000870054848600846F7F724FF0349086048
:10B8800010BD000054450224E15A03903801002401
:10B89000F0B503460C460120002113E002F001053B
:10B8A0003DB10546A5FB037C01FB03C600FB04611B
:10B8B000384652101E46A6FB067C04FB06CC04FB51
:10B8C00003C43B46002AE9D1F0BD00002DE9F04F4A
:10B8D00087B00546734800680068846B714800684B
:10B8E0000068C068806820606E4800680068007C5E
:10B8F000C0F3400038B96B4800680068007C00F075
:10B900000100002849D067480068F2F71BF9401E83
:10B910000FFA80FA63480068F2F7AEF8401E0FFA9B
:10B9200080FB5B460022114601A8CDF800A0EFF78E
:10B9300099F801A860605B4800680068007CC0F36B
:10B94000400090B1574800680068C068806920F0E6
:10B950000200801C534909680968C968886101A808
:10B96000A060204600F0A0F814E04E48006800688F
:10B97000C06880694B4909680968C968896960F3CA
:10B980004101484800680068C0688161A5602046A0
:10B9900000F08AF807B0BDE8F08F2846EEF7D7FF31
:10B9A00006902846EEF760FF05903E480068F2F7E3
:10B9B000C9F8B5F90610884205DC3A480068F2F784
:10B9C000C1F8401E01E0B5F9060006B23548DDE9D0
:10B9D00005210068E7F7DEFB80464FF00009B5F966
:10B9E000027033E02888ADF80C00A888ADF810008C
:10B9F000ADF80E7007EB0800401E00B2ADF8120063
:10BA000003A86060A060274800680068C06880687C
:10BA10002060BDF91200B04201DDADF81260BDF941
:10BA200012904E450CD11F4800680068C0688069BC
:10BA300020F00200801C1B4909680968C9688861F8
:10BA4000204600F031F807EB080007B207EB0800CA
:10BA5000401EB042C6DD4E4522D02888ADF80C000D
:10BA6000A888ADF81000ADF80E70ADF8126003A80C
:10BA70006060A0600B4800680068C0688068206053
:10BA8000084800680068C068806920F00200801CD7
:10BA9000044909680968C9688861204600F004F80B
:10BAA00000BF77E76C0100242DE9F0418EB0044619
:10BAB00066480068F1F7DCFF0646306890B17068B0
:10BAC00080B90CE0614800680068806A38B15F4A5C
:10BAD000126810685D4A12681268916A8847306976
:10BAE0000028EFD10027002558480068F2F708F831
:10BAF00080464146606800F023F9074653480068D5
:10BB0000406930B1514A12685169606800F018F913
:10BB10000546002F66D1002D64D1A06AE8B16846C1
:10BB2000F3F7C0FE49480068C06A049047480068BF
:10BB300090F829008DF81A0044480068408DADF84F
:10BB400004004248006890F829008DF80300694617
:10BB50002046A36A6268984744E03C480068C06A8F
:10BB600060B33A490968C86A0DA9F7F725FA804613
:10BB7000B8F1010F1FD101210D98C1EB5050009079
:10BB80000D98C0F38A20431E002211460BA8EEF741
:10BB900069FF05A8F2F7A9FA2C48006890F8290077
:10BBA0008DF81F00294800680BAA05A9C36A204622
:10BBB000F2F74CFA01E000BF00BF13E06846F3F76C
:10BBC00071FE22480068408DADF804001F480068EF
:10BBD00090F829008DF80300694620466268F3F763
:10BBE00045FE00BF19480068406938B115B91748CB
:10BBF000006845692946204600F0C0F917B9134886
:10BC0000006807693946204600F0B8F90F48006817
:10BC1000F1F75AFF80464146204600F0AFF90B4845
:10BC20000068F1F744FF80464146204600F0A6F93F
:10BC3000064800680068007CC0F3400018B903485B
:10BC40000068DDF7F7FF0EB0BDE8F0816C0100245D
:10BC500070B500203849086038480068B0F85001D5
:10BC600000B970BD002535480068B0F85001441E89
:10BC700008E03248006800F59870005D08B9254674
:10BC800002E0641E002CF4DA00BF2C480068006853
:10BC9000C068806920F00100284909680968C968FE
:10BCA0008861264800680068C068806920F002004A
:10BCB000224909680968C9688861002434E01F487E
:10BCC000006800F59870005D68BBAC420CD11B4861
:10BCD00000680068C068806920F00100401C1749B6
:10BCE00009680968C9688861144800680068C06804
:10BCF000806920F00200114909680968C9688861F3
:10BD00000E490968303101EBC400FFF7DFFD0B4934
:10BD10000968303101EBC400EEF7FAFD0649096805
:10BD2000084405490860641C04480068B0F85001E4
:10BD3000A042C4DC00BF94E7680100246C01002429
:10BD40002DE9FC4780460C460026002204F1140130
:10BD50004046D7F780FF80B301212046FDF750FC15
:10BD600058BB00208DF80000CDF804806A461221EF
:10BD70002046F5F73DFB9DF80000022802D1002087
:10BD8000BDE8FC872046FBF74CFD074600250BE08D
:10BD9000A068006850F8259049464046FFF7D0FF5C
:10BDA000064606B102E06D1CBD42F1D300BF1EB9CC
:10BDB0009DF8000000B9264600BF3046E0E70000CD
:10BDC0002DE9FC4100255AE03148006800F59870E3
:10BDD000405D00B152E0002449E02D48006800F5C4
:10BDE0009870005D08B9A54200D13FE0284A12686A
:10BDF000303202EBC401264A1268303202EBC50031
:10BE0000D7F787FF00B931E021480068303000EBF8
:10BE1000C4021F480068303000EBC5016846D8F7FF
:10BE2000B9F86846EEF774FD0646194909683031DD
:10BE300001EBC500EEF76CFD074615490968303186
:10BE400001EBC400EEF764FD384486420DD2104980
:10BE50000968303101EBC5006946EEF7A6FC012107
:10BE60000B48006800F59870015500BF641C084835
:10BE70000068B0F85001A042AFD800BF6D1C044864
:10BE80000068B0F85001A8429ED8BDE8FC810000CF
:10BE90006C0100242DE9F04F87B004460D460121C6
:10BEA0002846FDF7ADFB10B107B0BDE8F08FA668DE
:10BEB00003A92846FBF756FD2846D9F708FA83461A
:10BEC0005A46594603A8EEF7ABFD03AA314605A82A
:10BED000D7F780FE00B9E7E705A8A0602246142145
:10BEE0002846F5F785FA224615212846F5F780FA07
:10BEF000224616212846F5F77BFA4FF001084FF449
:10BF000000212846FDF77CFB20B130680190706865
:10BF1000029008E005F11402314601A8D7F75AFE55
:10BF200008B94FF00008B8F1000F13D001A8A060C5
:10BF30002846FBF776FC8146002708E0A8680068E1
:10BF400050F827A051462046FFF7A4FF7F1C4F451D
:10BF5000F4D300BF05A8A060224617212846F5F7B4
:10BF600047FA224618212846F5F742FA22461921B7
:10BF70002846F5F73DFAA66000BF95E72DE9F05F8A
:10BF800007460C4624B923480068F1F7B9FD04467A
:10BF90000CB9BDE8F09F21463846FFF77BFFA0466D
:10BFA0002046FBF785FD05462FE04FF0000A2846A6
:10BFB000FBF737FC8346002610E0A868006850F8BD
:10BFC0002690BAF1000F04D1C14506D14FF0010A05
:10BFD00003E049463846FFF75DFF761C5E45ECD32B
:10BFE0003A4617212846F5F703FA3A46182128461B
:10BFF000F5F7FEF93A4619212846F5F7F9F9A8466A
:10C000002846FBF755FD054600BF002DCDD100BFEA
:10C01000BFE700006C0100242DE9F04107460C4603
:10C02000254695F82A0020F0010085F82A00002016
:10C03000A884E884288510212046FAF7A5FE4FF44D
:10C0400000712046FAF7A0FE00BF00BF2146084855
:10C05000FAF7EBFD06463046FAF75CFE002205A132
:10C06000204600F057F900BF00BFBDE8F081000096
:10C07000B04904904F7074696F6E20310A4F70742C
:10C08000696F6E20320A4F7074696F6E20330A4FE9
:10C090007074696F6E20340A4F7074696F6E20354A
:10C0A000000000002DE9F84F884641467248FBF732
:10C0B00075FB8146B9F1010F01D0BDE8F88F40460C
:10C0C000F5F72FF905464046F5F78CF907463C464B
:10C0D0002C2D08D14046F5F782F906463846E7F799
:10C0E0009CFB3080C5E02A2D11D13846E6F7C7FF0A
:10C0F000064626B100222A213046F5F779F938465E
:10C10000FEF7C7FB0021384605F012FCB1E0292DEF
:10C1100004D10021384605F00BFCAAE0012D0BD11B
:10C12000A06A20F40030A0623846E6F7A8FF064671
:10C130005249EDF7B9FC9CE0022D20D1F7F7F4FA53
:10C14000824669465046F7F74BFBBDF80200A8B19E
:10C150003846E6F794FF83465846FDF720FABDF8C7
:10C160000210084406B231465846FFF767FAA06A43
:10C1700020F4003000F50030A06200BF79E0082D07
:10C1800001D0032D03D1384605F020FD71E00E2DBE
:10C1900022D13846FBF732FC83465846F6F714F8AE
:10C1A0000646F7F7C1FA0090F7F713FB8246BAF19B
:10C1B000040F0ED156B9E08C218D88420BD0208D12
:10C1C000E0840121384605F0B3FB04E0E08C2085D3
:10C1D00001E0E08C20854CE00F2D0AD1E08C218D10
:10C1E000884246D0208DE0840121384605F0A0FB2E
:10C1F0003FE00D2D2CD14046F5F7F1F80678132ECF
:10C2000001D0122E10D1E08C401CA18C88421EDA85
:10C21000B4F828A0E08C401C81B20122384600F01E
:10C22000F6F8A4F828A012E0142E01D0112E0ED199
:10C23000E08C00280BDDB4F828A0E08C401E81B211
:10C240000122384600F0E3F8A4F828A000BF10E06F
:10C25000132D07D13846E6F712FF06463046FEF7A3
:10C26000E9FA06E0152D01D0182D02D14046E0F77D
:10C2700000FE00BF21E70000944904903925039097
:10C280002DE9F05F0F463846F5F74BF80446152CBC
:10C2900008D039461E48FBF781FA0546012D01D02A
:10C2A000BDE8F09F3846F5F79DF88246132C1DD166
:10C2B0003846F5F794F806465046FBF7F9FB8346F7
:10C2C0005846E7F7AAFA80465046FDF73CF9814602
:10C2D000B6F90000A8EB0901884202DDB6F90000BA
:10C2E00001E0A8EB090000B230800EE0292C07D154
:10C2F0005046FBF7DDFB0646002105F019FB04E084
:10C30000152C02D13846DFF72FFA00BFC8E700002E
:10C31000B04904902DE9F84F05460E46934600BFFC
:10C3200000BF00BF1EB900BF00BF00BFFEE700BFD7
:10C330002C462846E6F7A3FE00900020E0842085E6
:10C34000A084804608E016F808000A2802D1A08CD4
:10C35000401CA08408F1010816F808000028F2D15A
:10C36000A08C401CA084BBF1000F0AD194F82A00D5
:10C3700020F0010084F82A0031460098F8F7EEFD1D
:10C380003EE094F82A0020F00100401C84F82A00C6
:10C390003046D4F73FF800F10109C9EBC900F9F7BD
:10C3A00041F907464FF0000A0FE009FB0A703146D9
:10C3B000D4F70CF80A210AF1010009FB00F0401E35
:10C3C00039540AF1010000F0FF0ABAF1070FECDB63
:10C3D0000021C9EBC900401E395439460098F8F7CE
:10C3E000BDFD3846F9F79AF9A08C00EB4000E084D7
:10C3F000A08CC0EBC000A0842846E9F729F800BF54
:10C40000E08C20850098FEF715FABDE8F88F2DE93D
:10C41000F04105460E46174600BF00BF2C4694F873
:10C420002A0000F0010070B13146E28C072392FB34
:10C43000F3F290B210B1C0EBC002891AC0EBC00297
:10C440000A4496B200BFA08CB04201DD304601E044
:10C45000A08C401EE084E08C20853946284605F0FB
:10C4600067FABDE8F08110B5F1F7EEFA0446F1F78E
:10C4700047FB10BD2DE9F04107460C46254600203C
:10C4800045F8700F287920F001002871287920F0F4
:10C4900002002871703D4FF440712046FAF774FC99
:10C4A00010212046FAF770FC0020F1F7D3FA502152
:10C4B00001EBC000A02190FBF1F0012809DD002074
:10C4C000F1F7C8FA502101EBC000A02190FBF1F078
:10C4D00000E0012006B231462046FEF731FDBDE8FE
:10C4E000F081000070B5044600BF00BF214604483B
:10C4F000FAF79BFB05462846FAF70CFC284670BD68
:10C50000CC4904902DE9F34F8BB0FE480C99FBF712
:10C5100045F90A900A98012802D00DB0BDE8F08FC5
:10C520000C98F4F7FEFE05460C98F4F75BFF064600
:10C530003446304600F08DFB8046112D31D10C98E9
:10C54000F4F74DFF0746B06818B1B068B0F91400B1
:10C5500000E00020814604F1680108A8EEF764F9C4
:10C560004A46494608A8EEF75BFA002208A839684F
:10C57000D7F747FC3871387990B9B8F1020F0FD16D
:10C5800004F1600108A8EEF74FF94A46494608A8A9
:10C59000EEF746FA002208A83968D7F732FC38715E
:10C5A0004FE3012D78D13046FDF7C7FB94F87400B6
:10C5B00020F00100401C84F87400B8F1000F02D094
:10C5C000B8F1010F03D104F12400206757E1B8F15D
:10C5D000020FFBD1F7F7A8F8834609A9F7F7BEF8D1
:10C5E0003046FCF7B0FF83463046FBF711FA83452F
:10C5F00001DB012000E00020089000213046FCF71C
:10C60000FFF807460898002876D0012F05D0BDF91D
:10C610002410B4F96C00814207DC012F09D1BDF967
:10C620002400B4F96810884203DA04F1240020677A
:10C6300024E1012F05D0BDF92400B4F9601088422F
:10C6400007DB012F09D1BDF92410B4F96400814240
:10C6500003DD04F13000206710E1B4F96430B4F96F
:10C6600060C0A3EB0C0202EBD2730CEB6303BDF9C9
:10C6700024C0A3EB0C03002B0FDDB4F96430B4F934
:10C6800060C0A3EB0C0101EBD1730CEB6303BDF9AC
:10C6900024C0A3EB0C030EE0F2E0B4F96430B4F96B
:10C6A00060C0A3EB0C0000EBD0730CEB6303BDF98F
:10C6B00024C0ACEB03030FFA83F9B4F96C30B4F97E
:10C6C00068C0A3EB0C0202EBD2730CEB6303BDF961
:10C6D00024C0A3EB0C03002B0FDDB4F96C30B4F9CC
:10C6E00068C0A3EB0C0101EBD1730CEB6303BDF944
:10C6F00024C0A3EB0C030EE026E0B4F96C30B4F9CF
:10C7000068C0A3EB0C0000EBD0730CEB6303BDF926
:10C7100024C0ACEB03030FFA83FACA4509DA04F12B
:10C720002400206794F8740020F0020084F874005C
:10C73000A4E004F13000206794F8740020F00200B7
:10C74000801C84F8740099E0BDF92610B4F96A00E1
:10C75000814203DA04F1240020678FE0BDF926103E
:10C76000B4F96600814203DD04F13000206785E002
:10C77000B4F966C0B4F96230ACEB030202EBD273D9
:10C780004FEA630CB4F962306344BDF926C0A3EBF1
:10C790000C03002B11DDB4F966C0B4F96230ACEBC8
:10C7A000030101EBD1734FEA630CB4F962306344C7
:10C7B000BDF926C0A3EB0C0310E0B4F966C0B4F9D0
:10C7C0006230ACEB030000EBD0734FEA630CB4F9BA
:10C7D00062306344BDF926C0ACEB03030FFA83F962
:10C7E000B4F96EC0B4F96A30ACEB030202EBD27359
:10C7F0004FEA630CB4F96A306344BDF926C0A3EB79
:10C800000C03002B11DDB4F96EC0B4F96A30ACEB47
:10C81000030101EBD1734FEA630CB4F96A3063444E
:10C82000BDF926C0A3EB0C0310E0B4F96EC0B4F957
:10C830006A30ACEB030000EBD0734FEA630CB4F941
:10C840006A306344BDF926C0ACEB03030FFA83FAE8
:10C85000CA4509DA04F12400206794F8740020F036
:10C86000020084F8740009E004F13000206794F8B5
:10C87000740020F00200801C84F8740000BFE0E126
:10C88000022D78D1206F002875D0F6F74DFF099062
:10C890000998F6F79EFF012800D03EE608A90998FE
:10C8A000F6F75CFF00213046FBF7AAFF0790304601
:10C8B000FCF749FE82463046FBF7AAF88346002182
:10C8C0003046FCF76CFA069000213046FCF710FB6E
:10C8D000059000213046FCF7DBFB04900021304638
:10C8E000FCF780F98146D4E90A10401A039000272A
:10C8F000E06A0290A06A0190DA4521DB0699AAEB72
:10C90000010201E0CC4904900599511A08B2079937
:10C91000012907D1B6F918200599511ABDF920202F
:10C920008F1A06E0BDF92020B6F914300699194493
:10C93000571A0399794391FBF0F7A16A0F4412E06B
:10C94000ABEB09020499511A08B2BDF92220B6F9DD
:10C950001A104944571A7942039A514391FBF0F750
:10C96000A16A0F4400BF04F13000216F814203D15E
:10C97000606A029002E01EE0206B019001988742FD
:10C9800001DA019F03E00298874200DD029F206FD9
:10C990000068B8420ED0206F07603046FDF7CDF931
:10C9A00000221C213046F4F723FD0A900A98012842
:10C9B00000D0B2E545E1082D01D0032D3ED194F819
:10C9C000740020F0010084F87400002020673046D5
:10C9D000FDF7B3F93046FBF711F882465046F5F7FC
:10C9E000F3FB0746F6F7A0FE8346F6F7F2FE814614
:10C9F000B9F1040F21D107B3304600F02AF902281B
:10CA000017D194F87400C0F3400038B994F874005A
:10CA100020F00200801C84F874000EE094F874008A
:10CA200020F0020084F8740000215046F5F76FFCF6
:10CA300003E000215046F5F76AFC02E10E2D10D10B
:10CA4000F6F772FE8146F6F7C4FE0746042F01D0C2
:10CA5000022F05D194F8740020F0020084F87400CD
:10CA6000EFE0292D03D13046FDF7E4FEE9E0132D78
:10CA70007ED14FF440313046FCF791F909904FF4E4
:10CA800040313046FCF734FA08904FF440313046DC
:10CA9000FCF7FEFA82464FF440313046FCF7A2F82C
:10CAA00007904FF4403B43F60E0259463046FCF7E0
:10CAB00023FB0390039800B2069059463046FCF7DA
:10CAC000CDFC059059463046FCF7AEFC049030464C
:10CAD000FCF739FD0222059912FB010B3046FAF7EB
:10CAE00097FF0222049912FB0100834507DA3046C2
:10CAF000FCF729FD0222059902FB010006E0304601
:10CB0000FAF786FF0222049902FB0100401007B2E7
:10CB100006987843001207B2DDE90810884201DD6B
:10CB2000099900E008990798504501DD079800E051
:10CB30005046814207DDDDE90810884201DD099891
:10CB400007E0089805E00798504501DD079800E0E8
:10CB50005046384407B2B81C07B24FF44031304653
:10CB6000F9F799FF384407B20C98F4F738FC00E065
:10CB70000BE08146B9F90000B84202DDB9F90000C6
:10CB800000E03846A9F800005BE00D2D54D10C9868
:10CB9000F4F725FC0778132F01D0112F23D194F837
:10CBA0007400C0F3400050B9304600F061F800F165
:10CBB000010901224946304600F07AF809E0304682
:10CBC00000F041F800F1010901224946304600F029
:10CBD0005BF800221C213046F4F70AFC0A900A9800
:10CBE000012828D099E4142F01D0122F23D194F8D2
:10CBF0007400C0F3400050B9304600F039F8A0F19D
:10CC0000010901224946304600F052F809E0304659
:10CC100000F019F8A0F1010901224946304600F060
:10CC200033F800221C213046F4F7E2FB0A900A9800
:10CC3000012800D071E404E0152D02D10C98DEF734
:10CC40007BFC00BF69E410B504462046EEF761F8AE
:10CC500010BD70B505462846EEF752F80446012C83
:10CC600000D170BD022C01D10220FAE70020F8E7C4
:10CC700010B504462046EEF75FF810BD10B5044627
:10CC80002046EEF759F810BD70B504460D4616461D
:10CC9000324629462046EEF790F870BD70B504463E
:10CCA0000D461646324629462046EEF757F870BD27
:10CCB00070B504460D461646324629462046EEF724
:10CCC000B2F870BD0FB47CB504460D4609A80190BA
:10CCD000019800902A4621460548089BD9F756F846
:10CCE00006460020019030467CBC5DF814FB000035
:10CCF0000F5D009070B506460C4600BF00BF25468C
:10CD0000002045F8600F288A20F0F0002882288A49
:10CD100020F00F00401D28820120E8601048686064
:10CD20004042A860288A20F480702882288A20F453
:10CD3000C06000F580602882603D0121204601F03E
:10CD400079FF0121204601F0E4FE82212046FEF712
:10CD500043FC204600F08EF900BF00BF70BD00000C
:10CD60009F86010070B5054600BF00BF2C46E16EEE
:10CD7000206E401AA16E88420EDBE16E206E401AD2
:10CD800005D5206E002802DD206E40422066E16E4F
:10CD9000206E401A20660DE0B4F87000C0F3002049
:10CDA00030B1A16E206E884202D1606E206601E033
:10CDB000A06E2066284600F05DF970BD2DE9F34FA6
:10CDC00083B00120029077480499FAF7E7FC0290BB
:10CDD0000298012802D005B0BDE8F08F0498F4F75E
:10CDE000A0FA06460498F4F7FDFA07463C46082EDA
:10CDF0007ED1F6F799FC01900198F6F7EAFC042839
:10CE000040D13846FAF7FAFD0546F5F7DDF9002876
:10CE100011D094F8700000F00F0001280BDDB4F879
:10CE20007000C0F34120022814D1E06E012803DD18
:10CE3000384600F0E6F87AE094F8700000F00F0051
:10CE4000821E0A200021FEF723FDE066384600F02E
:10CE5000EBF86CE094F8700000F00F00421E0A201E
:10CE60000021FEF715FDE26ED317101A8B4103DA8D
:10CE7000384600F0D9F85AE00A20E066384600F05B
:10CE8000C0F854E0384601F032FE82465046D3F7EF
:10CE9000C1FA8346206C1AF800002E2803D13846C8
:10CEA00001F0ABFC11E0206C584505D1ABF101015C
:10CEB000384601F039FE08E0206C30B9A06E002839
:10CEC00003DA0121384601F02FFE94F8700000F0DB
:10CED0000F00401E00904020005B85B294F8701057
:10CEE000C1F30311206C884208D994F8700000E067
:10CEF0001EE0C0F3031008B1681E85B20098A0EBD5
:10CF00000508A06E002801DA08F101080120E0669A
:10CF10004FF0000908E0E06E00EB80004000E066A2
:10CF200009F101001FFA80F9C145F4D300BF36E0D2
:10CF30000D2E34D1F6F7F8FB8146F6F74AFC804611
:10CF40000498F4F74CFA0568132D0AD1B8F1040FD0
:10CF500003D1384600F028F820E0384600F051F8B8
:10CF60001CE0142D0AD1B8F1040F03D13846FFF7A5
:10CF7000F9FE13E0384600F057F80FE0112D03D109
:10CF8000384600F011F809E0122D03D13846FFF7BA
:10CF9000E9FE03E02946384601F002FA00BF00BF6F
:10CFA00019E70000F8C5039070B5054600BF00BF43
:10CFB0002C46E16E206E0844616E88420FDCE16E03
:10CFC000206E0844002805DD206E002802DA206E5D
:10CFD00040422066E16E206E084420660DE0B4F801
:10CFE0007000C0F3002030B1D4E91801884202D1AA
:10CFF000A06E206601E0606E2066284600F03AF8D8
:10D0000070BD70B5064600BF00BF34460A21E06E11
:10D0100090FBF1F5002D01DDE56601E00120E06601
:10D02000304600F027F870BD2DE9F041054600BFFD
:10D0300000BF2C46D4E91910002802DAA06E404245
:10D0400000E0A06E814201DD606E06E0A06E002867
:10D0500002DAA06E404200E0A06E0746E06E00EBF0
:10D0600080004600BE4200DCE666284600F002F87A
:10D07000BDE8F0812DE9F04F8BB081464D4612217D
:10D0800006A8F8F77AFD06AE4FF0000BA86E002850
:10D0900008DA286E002801DB2B2000E02D203070FC
:10D0A000761C03E00BF1010000F0FF0B286E002856
:10D0B00001DD286E01E0286E404203463EA20E21AB
:10D0C00002A8FFF7FFFD02A8D3F7A4F995F87010A6
:10D0D00001F00F01A1EB0008B8F1000F15DD02A867
:10D0E000D3F798F984B206E002A8005D04EB0801CA
:10D0F00002AA5054641E002CF6DA002403E030200B
:10D1000002A90855641C4445F9DB95F87000C0F38A
:10D11000031020B995F8700000F00F0003E095F8B7
:10D120007000C0F303100190002404E002A8005D29
:10D130003070761C641C0198844203DA02A8005DFA
:10D140000028F3D195F87000C0F3031090B12E20A1
:10D150003070761C04E002A8005D3070761C641C00
:10D1600095F8700000F00F00A04203DD02A8005DFA
:10D170000028F0D106A9484601F0AEFDD5F86CA014
:10D1800095F8700000F00F0704E00A209AFBF0FA0F
:10D19000781EC7B2BAF10A0FF7DA0198874201DDAB
:10D1A000781CC7B2A7EB0B00C7B23946484601F05E
:10D1B000BBFC0BB0BDE8F08F2564000030B591B02A
:10D1C00005460C4602212046F9F7DEFD01A8ECF7E2
:10D1D000B3FC00BF019400BF1A4901A8ECF731FD70
:10D1E00001A84FF6FF71818700BF174908680B90AF
:10D1F00000BF1648006800F5B4721448016801A821
:10D20000ECF741FD01A8ECF761FD1148079000BF64
:10D210004FF4B472002101A8ECF735FD0D4901A8C7
:10D22000ECF70FFD01A8ECF751FD4FF4B4720021AB
:10D230002046EDF758F94FF487712046EDF728FAAC
:10D2400011B030BD216A0090280200242C02002475
:10D25000719B0190316A009070B504460D461646E8
:10D2600032462946204600F03CF870BDF0B5034632
:10D270009888C00B68B11C6807E02088884203D1F9
:10D28000606810600120F0BD083420880028F4D1C7
:10D29000F9E7D87908B90020F5E7D879012815DD34
:10D2A000D8791F6807EB80052E4600240AE036F87F
:10D2B0001400884205D11F6857F82400106001202F
:10D2C000E1E7641CD879A042F1D808E09888C0F35F
:10D2D0000E00884203D1186810600120D3E70020B7
:10D2E000D1E7F0B503469888C00B68B11C6807E029
:10D2F0002088884203D1606810600120F0BD0834A6
:10D3000020880028F4D1F9E7D87908B90020F5E79A
:10D31000D879012815DDD8791F6807EB80052E46DE
:10D3200000240AE036F81400884205D11F6857F837
:10D33000240010600120E1E7641CD879A042F1D8F4
:10D3400008E09888C0F30E00884203D11868106086
:10D350000120D3E70020D1E710B50446082120467C
:10D36000F8F70BFC10BD014600BF00BFC87908B933
:10D37000012070470020FCE73EB504464E2C75D0D6
:10D380001EDC332C73D00EDC292C78D006DC202C4C
:10D3900045D0222C53D0252C6CD177E0302C4FD0A7
:10D3A000312C67D168E0462C68D004DC3B2C49D096
:10D3B000442C79D145E0472C48D04D2C74D143E022
:10D3C00040F63C01601A8C425AD010DC40F25741C2
:10D3D000A4EB01008C4238D004DC522C33D0532C07
:10D3E00062D150E0012848D00B285DD143E040F2E3
:10D3F000CA72811A904253D006DC092841D0A0F2AB
:10D40000C770002850D14AE0A1F2534088B3A0F57C
:10D410000C50B53870BB4FF48070029048E000BFEC
:10D42000FF2211461046EFF764FD0090BDF8001092
:10D4300008460190BDF80400ADF8080038E000BFD0
:10D4400000BF00BF00BF00BF00BF00BF00BF002281
:10D4500011461046EFF74DFD0090BDF8001008464C
:10D460000190BDF80400ADF8080021E00AE010E0EA
:10D4700005E011E018E000BF00BF00BF00BF00BF23
:10D4800000BF00BF00BFFF20029011E0FF2002900C
:10D490000EE00F2002900BE00748029008E000BF6A
:10D4A00041F6FF70029003E000200290029000BF5E
:10D4B00000BF02983EBD0000E0FB039003480088D7
:10D4C000401C02490880084600887047D4020024A6
:10D4D0002DE9FE4F0446884600BF00BFA088C00B60
:10D4E00020B100BF00BF0020BDE8FE8FE07908B981
:10D4F0000020F9E7E07901280ED1A088C0F30E00E2
:10D50000404507D1A0886FF30E00A0800020E07195
:10D510000120E9E70020E7E7E079216801EB8006D8
:10D520000296029E002553E036F8150040454ED184
:10D53000D4F80090E079022812D10120E0710DB9F1
:10D54000708800E03088A18860F30E01A1801DB9C9
:10D55000D9F80400206035E0D9F80000206031E0FF
:10D56000E079401E00EB4000400001900198F8F780
:10D570001FF88246BAF1000F01D10020B4E7C4F8C9
:10D5800000A0E079401EE071E0790AEB8000029093
:10D5900002980090D34600273D460FE036F817006A
:10D5A00040450AD059F827104BF8251036F81720B7
:10D5B00028466D1C009921F810207F1CE079B842A4
:10D5C000ECD200BF4846F8F7C1F801208CE76D1C8B
:10D5D000E079A842A8D8002086E710B5044600BF2D
:10D5E00000BFA088C00B10B100BF00BF10BDE07924
:10D5F000012802DD2068F8F7A9F808212046F8F78D
:10D60000BCFA00BFF2E738B505460C460094652128
:10D610002846009A00F087F938BD13B582B0044659
:10D62000BDF80C00ADF8040052212046019A00F02C
:10D630007AF91FBD38B505460C460094512128469D
:10D64000009A00F070F938BD38B505460C460094D4
:10D650004FF405612846009A00F065F938BD13B50E
:10D6600082B00446BDF80C00ADF80400202120462D
:10D67000019A00F058F91FBD13B582B00446BDF8F9
:10D680000C00ADF8040022212046019A00F04BF96D
:10D690001FBD38B505460C46009440F628012846C3
:10D6A000009A00F040F938BD38B505460C460094A4
:10D6B00021212846009A00F036F938BD13B582B012
:10D6C0000446BDF80C00ADF8040030212046019A54
:10D6D00000F029F91FBD38B505460C4600943121EC
:10D6E0002846009A00F01FF938BD38B505460C46AB
:10D6F000009434212846009A00F015F938BD38B559
:10D7000005460C46009433212846009A00F00BF998
:10D7100038BD38B505460C46009441F23201284622
:10D72000009A00F000F938BD38B505460C46009463
:10D7300061212846009A00F0F6F838BD38B5054654
:10D740000C46009463212846009A00F0ECF838BD9E
:10D7500038B505460C46009464212846009A00F02E
:10D76000E2F838BD38B505460C46009441F2040194
:10D770002846009A00F0D7F838BD13B582B00446A9
:10D78000BDF80C00ADF804004D212046019A00F0D0
:10D79000CAF81FBD38B505460C46009440F649014D
:10D7A0002846009A00F0BFF838BD38B505460C464B
:10D7B000009441F206012846009A00F0B4F838BD02
:10D7C00038B505460C46009441F203012846009AFC
:10D7D00000F0A9F838BD13B582B00446BDF80C00BE
:10D7E000ADF804003B212046019A00F09CF81FBDD3
:10D7F00038B505460C46009440F63C012846009A90
:10D8000000F091F838BD38B505460C46009440F656
:10D810003D012846009A00F086F838BD38B5054627
:10D820000C46009440F63A012846009A00F07BF836
:10D8300038BD70B504460D462946204600F03BF839
:10D840002946204600F042F82946204600F054F8C8
:10D850002946204600F001F870BD38B505460C4653
:10D86000009441F611012846009A00F05CF838BD9A
:10D8700038B505460C46009441F615012846009A35
:10D8800000F051F838BD70B504460D4629462046D3
:10D8900000F027F829462046FFF7EAFF70BD70B573
:10D8A00004460D462946204600F005F82946204644
:10D8B00000F00CF870BD38B505460C46009441F6F2
:10D8C00012012846009A00F02EF838BD38B50546FA
:10D8D0000C46009441F613012846009A00F023F804
:10D8E00038BD38B505460C46009441F6140128466B
:10D8F000009A00F018F838BD38B505460C4600947B
:10D9000041F610012846009A00F00DF838BD70B5B8
:10D9100004460D4629462046FFF7EEFF29462046DD
:10D92000FFF79BFF70BD2DE9F74F82B004460F460D
:10D9300000BF00BFA088C00B20B100BF00BF05B072
:10D94000BDE8F08FE079012843DDE079216801EB43
:10D950008008C246E079451E09E03AF81500B84251
:10D9600004D12068049A40F82520E8E76D1E002DB8
:10D97000F3DAE079401C00EB4000400001902068A1
:10D980000199F7F737FF064606B9D8E72660E07930
:10D9900006EB8008C246E079451E05E03AF815100E
:10D9A000A81C2AF810106D1E002DF7DAE079401C33
:10D9B000E071E07906EB8008C246B346E079401E8C
:10D9C0002AF81070E079401E5E4604994BF820104A
:10D9D00037E0E07901282CD1A088C0F30E00B842CE
:10D9E00002D104982060AAE7E079401C00EB4000D7
:10D9F0004FEA400B5846F7F7DBFD054605B99EE7B1
:10DA0000206801902560E079401CE071E07905EB29
:10DA10008008C2462E46A088C0F30E00D046AAF861
:10DA20000000AAF8027035460198306004987060D2
:10DA300007E00120E071A08867F30E00A080049841
:10DA400020603846D7F7A9FE8146A179012202FA63
:10DA500009F21143A17100BF71E738B505460C46C4
:10DA6000009460212846009AFFF75DFF38BD13B58A
:10DA700082B00446BDF80C00ADF8040044212046F5
:10DA8000019AFFF750FF1FBD38B505460C460094BC
:10DA900040F642012846009AFFF745FF38BD38B5E9
:10DAA00005460C46009440F645012846009AFFF7CB
:10DAB0003AFF38BD38B505460C46009440F64301A0
:10DAC0002846009AFFF72FFF38BD38B505460C46AB
:10DAD00000944FF404612846009AFFF724FF38BDF4
:10DAE00070B504460D462946204600F054F82946F4
:10DAF0002046FFF737FE70BD38B505460C4600944A
:10DB000041F25D412846009AFFF70DFF38BD13B57D
:10DB100082B00446BDF80C00ADF8040040F2574155
:10DB20002046019AFFF7FFFE1FBD38B505460C469B
:10DB3000009441F259412846009AFFF7F4FE38BD9F
:10DB400038B505460C46009441F25B412846009AE0
:10DB5000FFF7E9FE38BD38B505460C46009440F69F
:10DB60000B012846009AFFF7DEFE38BD38B50546A2
:10DB70000C46009440F60A012846009AFFF7D3FEAF
:10DB800038BD38B505460C46009467212846009AF2
:10DB9000FFF7C9FE38BD38B505460C46009441F282
:10DBA00001012846009AFFF7BEFE38BD2DE9F04777
:10DBB00004460D4616461F46DDE908891421204615
:10DBC000F7F7DBFF25600EB9054800E03046A0609E
:10DBD000E760C4F81080C4F80490BDE8F087000046
:10DBE000F79B019070B504460D4626467562304697
:10DBF000FCF7A3F870BD70B5044625684FF0FF3000
:10DC000068622846FCF799F870BD70B506460C4668
:10DC100025464FF0FF30686210212046F9F7B4F82E
:10DC200008212046F8F794FB4FF480612046F8F76E
:10DC30008FFB70BD70B506460C4625460021284670
:10DC4000EBF732FF70BD00002DE9FC5F0F4639464F
:10DC50003D48F9F7A3FD01900198012801D0BDE8E6
:10DC6000FC9F3846F3F75DFB05463846F3F7BAFBF1
:10DC70000090132D58D14FF440310098FBF79CF8D9
:10DC800080464FF440310098FBF73FF981464FF44E
:10DC900040310098FBF709FA82464FF44031009872
:10DCA000FAF7ADFF8346C84501DD404600E048462F
:10DCB000D34501DD594600E05146884205DDC8459F
:10DCC00001DD404606E0484604E0D34501DD584604
:10DCD00000E050460646B01C06B24FF440310098B2
:10DCE000F8F7D9FE304406B23846F3F778FB04461D
:10DCF000B4F90000B04202DDB4F9000000E03046A3
:10DD000020804FF400310098F8F7C5FEB4F90010F8
:10DD1000884202DAB4F9000004E04FF400310098C0
:10DD2000F8F7B9FE20800DE01C2D06D1009800F018
:10DD30000DF80098FCF701F804E0152D02D13846E3
:10DD4000DFF785F900BF8AE7E84904902DE9F0473D
:10DD500090B0804600BF00BF44460025652229469A
:10DD60002046FBF7C9F90F900F9F00BF002F47D047
:10DD70004046FAF7B1FC00F0010A606A401C80B925
:10DD8000BAF1000F01D0002001E04FF48070054689
:10DD9000BAF1000F02D04FF4807000E00020064678
:10DDA00008E0656ABAF1000F02D04FF4807000E01D
:10DDB00000200646A81B002801DDA81B00E0701B00
:10DDC00078434FEA102900212046EBF76DFE6846A4
:10DDD000EBF7B2FE00BF009400BF0B48019000BFFC
:10DDE00000BF07950895099600BF0848039000BF3B
:10DDF00000BFCDF8289000BF6846EBF767FF00BF73
:10DE000010B0BDE8F0870000E5DB0290F7DB029080
:10DE100070B506460C4625460120A884E884A98CE6
:10DE20004800F7F7C5FB2863E98C4800F7F7C0FB0B
:10DE3000E8628220296B0880E96A0880EA8CAB8C52
:10DE40005A439100A86AF7F7D5FCA8620020A96A96
:10DE5000086070BD2DE9F04107460E4634460025A6
:10DE60000EE0A06A50F8250040B1A16A51F82500E3
:10DE7000F7F76CFC0020A16A41F82500681C85B208
:10DE8000A08CE18C4843A842EBDCA06A10B1A06AE8
:10DE9000F7F75CFCE06A10B1E06AF7F757FC206B1B
:10DEA00010B1206BF7F752FCBDE8F0812DE9F34F7C
:10DEB00083B083480499F9F771FC8146B9F1010FE9
:10DEC00002D005B0BDE8F08F0498F3F72AFA0646B1
:10DED0000498F3F787FA824654462A2E04D100218B
:10DEE000504603F0DDFDE9E02C2E27D10498F3F72E
:10DEF00076FA80464FF0000B002506E0206B30F8E4
:10DF0000150058440FFA80FB6D1CA08CA842F5D870
:10DF10000027002505E0E06A30F81500384407B214
:10DF20006D1CE08CA842F6D8ABF1010000B2A8F855
:10DF30000000781E00B2A8F80200BFE0012E01D058
:10DF4000022E1BD102AA01A95046E5F7BDF90546EC
:10DF5000012D12D1A08EBDF80810884204D1E08EA8
:10DF6000BDF80410884208D0BDF80800A086BDF8AE
:10DF70000400E0865046FBF7E0FE9FE0082E2BD120
:10DF80005046FBF7DAFEF5F7CFFB80464046F5F743
:10DF900010FC0746A08E4FF6FF7188420DD0E08E30
:10DFA00088420AD04FB900221C215046F3F720FACC
:10DFB0008146B9F1010F00D083E7F5F7B5FB834641
:10DFC000F5F707FC0546012D01D0032D03D14FF6CF
:10DFD000FF70A086E08671E00E2E03D15046FBF75D
:10DFE000ACFE6BE00D2E64D10498F3F7F8F9D0F88D
:10DFF0000080A78EE58E4FF6FF70874201D08542E4
:10E0000006D10020A086E0865046FBF796FE58E732
:10E01000A08CB84200DC0027E08CA84200DC002580
:10E02000B8F1140F01D17F1E0FE0B8F1130F01D129
:10E030007F1C0AE0B8F1110F01D16D1E05E0B8F1A7
:10E04000120F01D16D1C00E03BE7A08CB84209DC47
:10E05000E08C401EA84202DD00276D1C0AE0A08C67
:10E06000471E07E0002F05DA1DB1A08C471E6D1E6C
:10E0700000E00027E08CA84202DCE08C451E02E0B4
:10E08000002D00DA0025A08EB84202D1E08EA84211
:10E090000ED0A786E5865046FBF74FFE00221C21D6
:10E0A0005046F3F7A5F98146B9F1010F00D008E712
:10E0B00004E0152E02D10498DFF7ACF800BF00E7AA
:10E0C000044A04902DE9F04781460D462C465148FC
:10E0D000007884F82C0094F82C00012810D0022835
:10E0E00013D0042802D0082814D104E001212846C6
:10E0F000FCF752FF0EE009212846FCF74DFF09E02E
:10E1000000212846FCF748FF04E008212846FCF7D8
:10E1100043FF00BF00BF42F2640211462846FDF7EC
:10E120006CF82846ECF798FF07462846F8F7F2FE09
:10E13000804601213846EDF7A5FC0420F7F738FAB0
:10E14000606235A0616A08603846616AEDF7A2FB3B
:10E1500000231C2231493846F8F7B2F84FF48041C9
:10E160003846F8F7F5F800231A462D494046F8F7E7
:10E17000A7F800214046FDF726F894F82C00012866
:10E1800019D0022818D0042802D0082826D100E08F
:10E1900000BF2448B0F9002042F264013846FDF780
:10E1A0002CF842F264014046FDF716FA0121404680
:10E1B000FCF704FF12E000BF42F264021948B0F914
:10E1C00000103846FDF719F842F264014046FCF7AA
:10E1D00004FF01214046FCF7F1FE00BF00BFF3F74A
:10E1E000EDFF06461EB139463046F3F721FF002108
:10E1F0004046FCF7D1FE03214046FCF7CAFF8021D0
:10E200004046F8F7A5F84FF480614046F8F7BCFDAA
:10E21000BDE8F0873002002400000000B56F0090D8
:10E2200095830090320200242DE9F04107460E4606
:10E23000344694F82C0000F00C0070B1002509E081
:10E24000616A51F82500F7F781FA0020616A41F808
:10E2500025006D1C208DA842F2D894F82C0000F007
:10E26000030080B100250BE06A00616A51F82200CA
:10E27000F7F76CFA00206A00616A41F822006D1C11
:10E28000208DA842F0D8606AF7F760FA002060623B
:10E29000BDE8F0812DE9F04781460C4621460E4845
:10E2A000F9F77CFA0646012E01D0BDE8F08720463A
:10E2B000F3F737F805462046F3F794F80746292D7B
:10E2C00008D1384600F011F8804600224146384611
:10E2D00000F018F800BFE8E730C6039010B5044618
:10E2E00001212046F9F77FFA10BD014600BF00BFAB
:10E2F0000A46508D704710B5044600212046F9F7B4
:10E3000072FA10BD2DE9FC5F80460C46934600BFB3
:10E3100000BF4646308DA04201D8308D441E404695
:10E32000FDF7ACF94046FFF7D9FF05460DB9BDE84A
:10E33000FC9F4FF0000A41F6150251462846FAF7B5
:10E34000DBFE0090009807B200BF2846F9F7EBFA11
:10E35000814600214046FAF72CFA012808D007EB45
:10E360000900604301B25A462846FCF78FFD0BE0D6
:10E37000C4F1000A07EB090000FB0AF001B25A469B
:10E380002846FCF783FD00BF4046FFF7B4FF01902D
:10E39000A1B280220198EDF72BFA748500BFC6E781
:10E3A0002DE9F34792B0074600BF00BF3C461398E3
:10E3B00010900020119010AD29463846E7F7BEF9BD
:10E3C0000646012E02D014B0BDE8F08794F85C0038
:10E3D000C0F3C00040B113980A2802D013980D284A
:10E3E00002D100BF00BFEEE7002113A8414A126826
:10E3F0009047814649463846D9F728FA10B900BFF8
:10E4000000BFE0E794F85C00C0F3800010B138462C
:10E4100003F092F8A06A50B1606AF6F7B9F8804646
:10E4200098F8000010B93846FBF787FC00BF2A4671
:10E43000216C606AF6F7BEF8384600F025F994F8CA
:10E440005C00C0F38000002844D0E06AD1F7E2FF0E
:10E4500082462846D1F7DEFF504400F101084146CC
:10E46000E06AF7F7C7F9E06200BFE06A18B900BFD9
:10E4700000BF00BFFEE700BFE06A00B9A3E72A467D
:10E48000216CE06AD7F776FA208F18B9384603F086
:10E4900053F81FE06846EBF74FFB21466846EBF761
:10E4A00002FC15496846EBF7D0FB218F6846EBF775
:10E4B000E0FB012200216846EBF7EDFB0F496846BF
:10E4C000EBF7C7FB0E496846EBF7C9FB6846EBF76D
:10E4D000FDFB00BF384600F0F5FA00F101084146A7
:10E4E000384600F021FB00221C213846F2F780FF5D
:10E4F00000BF68E7F8020024F1150390239C019007
:10E50000F31503902DE9F04391B006460D4600BF88
:10E5100000BF00BF1DB900BF00BF00BFFEE700BFC6
:10E52000344694F85C00C0F3800010B1304603F02C
:10E5300003F8304600F0C0FA18B9304600F0C8FAC7
:10E54000C8B1002010900FE010A92846484A126870
:10E550009047804640464749096888478146494672
:10E560003046FFF71DFF00BF1098285C0028EBD154
:10E5700011B0BDE8F08329463046E7F7DFF80746DB
:10E58000012F00D0F4E7A06A50B1606AF6F700F8F6
:10E59000804698F8000010B93046FBF7CEFB00BF6C
:10E5A0002A46216C606AF6F705F8304600F06CF8F0
:10E5B00094F85C00C0F38000002844D0E06AD1F7F2
:10E5C00029FF81462846D1F725FF484400F101087C
:10E5D0004146E06AF7F70EF9E06200BFE06A18B959
:10E5E00000BF00BF00BFFEE700BFE06A00B9BFE7A1
:10E5F0002A46216CE06AD7F7BDF9208F18B930465A
:10E6000002F09AFF1FE001A8EBF796FA214601A855
:10E61000EBF749FB184901A8EBF717FB218F01A87D
:10E62000EBF727FB0122002101A8EBF734FB13498C
:10E6300001A8EBF70EFB124901A8EBF710FB01A8AC
:10E64000EBF744FB00BF304600F03CFA8146284619
:10E650000C490968884709EB00084146304600F03C
:10E6600063FA00221C213046F2F7C2FE00BF7FE7AA
:10E67000F8020024F0020024F1150390239C01907D
:10E68000F31503900803002470B5054600BF00BFD2
:10E690002C46606AF5F788FF4FF6FF71884206D175
:10E6A000606AF5F77BFF4FF6FF71884209D04FF69D
:10E6B000FF71606AF6F7EEFC4FF6FF71606AF6F7DD
:10E6C000DEFC70BD2DE9F04107460C46254695F865
:10E6D0005C0020F0040085F85C000020E86240F255
:10E6E000DC5028870020286368635020405D20F0BC
:10E6F0000100401C50214855012129645020405DF3
:10E7000020F00200801C502148550020A88795F871
:10E710005C0020F0080085F85C0095F85C0020F0B3
:10E72000020085F85C0000206862A8622046F5F7C8
:10E730000DFC68626420FDF737F806463146686ACA
:10E74000FCF74AFF0BA1686AF6F708FC00231A469B
:10E750000949686AF7F7B4FD4FF480612046F7F77E
:10E76000F7FD0021204600F0DFF9204604F0B6F85E
:10E77000BDE8F081000000008B6101902DE9F84FA9
:10E78000054600BF00BF2C46284600F09BF9804696
:10E790006A464146606AF5F7F7FD00212846FAF718
:10E7A0001CFE064600212846FAF7A3FD814648468E
:10E7B000F3F7BCF80746BDF80210B819401C08442E
:10E7C00000B2ADF80200A08FADF80000606AF9F762
:10E7D0001FF9BDF9021088420DDD6946606AF5F740
:10E7E0009FFC8246B4F93C805146284600F09CF9D3
:10E7F000A4F83C8000BFBDE8F88F70B5054600BFA7
:10E8000000BF284600F05EF9044624B1641E21468C
:10E81000284600F089F970BD70B5054600BF00BFFD
:10E82000284600F04FF90446641C2146284600F0B3
:10E830007BF970BD2DE9F84F044600BF00BF2546A7
:10E84000204600F03FF983462C466A465946686ADE
:10E85000F5F79AFD00212046FAF7BFFD0646002194
:10E860002046FAF746FD81464846F3F75FF807462B
:10E87000BDF80210B819401E081A00B2ADF8020027
:10E88000A88FADF800006946686AF5F749FC824632
:10E89000B5F93C805146204600F046F9A5F83C8089
:10E8A000BDE8F88F2DE9F843054600BF00BF2C46B0
:10E8B000276C0FB9BDE8F8832AA00068009069466C
:10E8C0002846E6F73BFF0646012E00D0F2E7606AD5
:10E8D000F5F75EFE8146206C411E01224846D6F7C0
:10E8E00071FF4946606AF6F739FB2846FFF7CCFE10
:10E8F000A06A50B1606AF5F74BFE804698F80000B8
:10E9000010B92846FBF719FA00BF94F85C00C0F371
:10E910008000D0B1226C511E0122E06AD6F752FF6E
:10E92000E06AD1F777FD00F101084146E06AF6F7A9
:10E9300061FFE06200BFE06A18B900BF00BF00BF1E
:10E94000FEE700BFE06A00B9B4E7206C411E28462C
:10E9500000F0EAF800221C212846F2F749FD00BF2A
:10E96000A8E700007F00000070B5054600BF00BFAB
:10E97000284600F0A7F80446611C284600F0D4F8A9
:10E98000284600F09FF8A04202D02846FFF78AFFF1
:10E9900070BD70B506460D462C46E06A20B1E06AAF
:10E9A000F6F7D4FE0020E062A06A20B1A06AF6F774
:10E9B000CDFE0020A06270BD2DE9F04781460E46D5
:10E9C00031463C48F8F7EAFE0746012F01D0BDE882
:10E9D000F0873046F2F7A5FC05463046F2F702FD17
:10E9E00080460E2D03D1404603F078FF60E00D2DE8
:10E9F00047D13046F2F7F3FC0468132C03D14046AC
:10EA0000FFF70AFF3CE0142C03D14046FFF7F5FE68
:10EA100036E0112C03D14046FFF70CFF30E0122CFA
:10EA200003D14046FFF7AAFE2AE0082C03D1404656
:10EA3000FFF738FF24E07F2C03D14046FFF794FF17
:10EA40001EE0022C04D10021404600F06DF817E0D2
:10EA5000032C05D147F6FF71404600F065F80FE042
:10EA60000A2C09D1404600F039F828B100221F21B4
:10EA70004046F2F7BDFC03E021464046FFF790FC1C
:10EA800016E0012D05D0022D03D0032D01D0082D55
:10EA900003D1304607F0D7FF0AE0152D03D13046E9
:10EAA000DFF796F804E0182D02D13046DBF71CFBA7
:10EAB00000BF8CE7204A0490014600BF00BF0A4611
:10EAC000106B7047014600BF00BF0A46106C7047CC
:10EAD000014600BF00BF0A46506B7047014600BFA9
:10EAE00000BF0A4692F85C00C0F3C000704770B5E2
:10EAF000054600BF00BF2C4694F85C00C0F38000C0
:10EB000020B9606AF5F744FD064600E0E66A304643
:10EB100070BD10B500BF00BF024650239B5C61F37F
:10EB200041035024A35410BD2DE9FC5F80460C46E0
:10EB300000BF00BF4546286CA04201D1BDE8FC9F44
:10EB4000686AF5F725FD3A49009009688847064646
:10EB5000002C00DA3444B44203DC47F6FF708442F0
:10EB600000D134462C644046FCF788FD0021404625
:10EB7000FAF7BFFB834601AA2146686AF5F704FC51
:10EB80005846F2F7D3FE07464046F9F731F9BDF98A
:10EB90000610884205DDBDF9061001224046FCF74B
:10EBA00091F94046F8F7A0FE81464046F9F720F972
:10EBB000BDF906103944081A484509DDBDF80600BC
:10EBC000A0EB0900384401B201224046FCF77AF973
:10EBD0004046F9F713F8BDF90410884205DDBDF988
:10EBE000041001224046FCF751F94046F8F79BFE1D
:10EBF00082464046F9F702F8BDF904103944081A74
:10EC0000504509DDBDF80400A0EB0A00384401B20C
:10EC100001224046FCF73AF9BDF80400A8874046B7
:10EC200003F05CFE404602F001FD00BF86E70000F5
:10EC3000080300242DE9F04105460E4600BF00BF41
:10EC40002C4694F85C00C0F3C000B04201D1BDE88E
:10EC5000F08106B394F85C0020F00800083084F8D6
:10EC60005C0042F2D171606AFCF7B6FC6420FCF7EC
:10EC70009BFD074600223946606AFCF75FFC42F2C2
:10EC8000D1712846FCF7A9F900231A4619462846EF
:10EC9000FCF7CDF81EE094F85C0020F0080084F842
:10ECA0005C006420FCF780FD07463946606AFCF78B
:10ECB00093FC00221146606AFCF740FC002241F2FE
:10ECC00004012846FBF778FE00231A461946284619
:10ECD000FCF7ADF800BFBAE72DE9F04190B0064669
:10ECE0000D4600BF00BF00BF1DB900BF00BF00BF81
:10ECF000FEE700BF34463046FFF7C6FC3046FFF75C
:10ED0000DBFE18B93046FFF7E3FE40B345A1606A69
:10ED1000F6F724F947F6FF713046FFF705FF94F840
:10ED20005C00C0F3800010B10020E16A0870002090
:10ED30000F900FE00FA928463B4A126890470746FC
:10ED400038463A4909688847804641463046FFF7C9
:10ED500027FB00BF0F98285C0028EBD108E029466C
:10ED6000606AF6F7FBF847F6FF713046FFF7DCFE06
:10ED7000A06A48B1606AF5F70BFC0746387810B90D
:10ED80003046FAF7DAFF00BF94F85C00C0F3800069
:10ED900000283FD02846D1F73DFB471C3946E06AA2
:10EDA000F6F728FDE06200BFE06A18B900BF00BFB7
:10EDB00000BFFEE700BFE06A10B910B0BDE8F08107
:10EDC0002946E06AD1F702FB208F18B9304602F0DD
:10EDD000B3FB1FE06846EAF7AFFE21466846EAF754
:10EDE00062FF13496846EAF730FF218F6846EAF769
:10EDF00040FF012200216846EAF74DFF0D496846B1
:10EE0000EAF727FF0C496846EAF729FF6846EAF760
:10EE10005DFF00BF00221C213046F2F7E9FA00BF77
:10EE2000CBE7000000000000F8020024F0020024FC
:10EE3000F1150390239C0190F315039070B50446DF
:10EE4000204600F099F8054605B970BD00BF064A96
:10EE500000212046FBF7DFFD00BF21462846D7F7FB
:10EE6000CFFD00BFF1E70000FFFF0F0000B500F08D
:10EE700067F808B9002000BD0048FCE7744602248A
:10EE80002DE9FF4104461E460A9D00F059F860B97D
:10EE90000020254908704FF41270F6F789FB2349CA
:10EEA00008600846006822490860EEF7CDFD074675
:10EEB000EEF7E2FDB0F5A07F03DC03201D490870EA
:10EEC0000EE0EEF7C1FD0746EEF7D6FDB0F5347F54
:10EED00003DA02201749087002E001201549087082
:10EEE0001548C460BDF804100182BDF808104182C5
:10EEF00045618561C56111480F4908600846066291
:10EF000003F068FD2CB12046EEF714FE0A49884252
:10EF100002D10020FBF728FE0120034908700648B3
:10EF200004B0BDE8F081000052020024C0020024B9
:10EF300044020024480200247446022495470390AA
:10EF40000348006808B1012070470020FCE700007A
:10EF5000C002002438B50546284600F00DF80446E6
:10EF600014B1208A009003E01120FCF705FC00900A
:10EF7000BDF80010084638BD70B504461CB12046E7
:10EF8000F8F7FCFC01E0EEF75FFD05462846EEF7DA
:10EF9000D1FD70BD70B5044600F009F80546A542E4
:10EFA00001D32C1B01E064422C44204670BD10B5F7
:10EFB000D2F71DFB10BD000070B505460C4642F2AD
:10EFC000640211462046FCF718F900231A46084946
:10EFD0002046F7F775F980212046F7F7B9F90321A4
:10EFE0002046FCF7D6F803212046FCF7DFF870BD79
:10EFF000815903902DE9F04781460C462046F8F7E9
:10F0000057FD804642F2640211462046FCF7F5F8AF
:10F010002046FCF733FB4046F8F766FC10490988A8
:10F02000484306B24046F8F77EFC0E49098848433B
:10F0300007B2324639462046FCF78DF825460A4885
:10F04000007885F824000748006838B9044800684B
:10F0500020B9054801784046FCF78CF8BDE8F087F8
:10F060003C02002438020024340200242DE9F0413F
:10F0700005460E46174600240F48D6F781F8044689
:10F0800000BF1CB900BF00BF00BFFEE700BF14B93E
:10F090000020BDE8F0812660A5604FF0FF302061C0
:10F0A00000206061FFF783FF6060E7600120034993
:10F0B00008702046EDE70000C0460224DB02002471
:10F0C00010B5044621460548D6F7A6F801200449A4
:10F0D00008702046F6F73AFB10BD0000C046022437
:10F0E000DA0200240149087070470000D8020024A9
:10F0F00070B50446207D00F0010008B1002070BD0D
:10F100000025204600F0D9F888B926692069002832
:10F1100002DD2069401E2061FFF749FF6060A068A2
:10F1200018B116B12046A1688847012500BF0548DF
:10F13000007820B9206910B92046FFF7C1FF2846A2
:10F14000DDE70000DA0200242DE9F04149480078AB
:10F1500010B10120BDE8F081012046490870464801
:10F16000007818B9002008700120F3E7FFF71FFFAF
:10F17000074667B941480068401C40490860084696
:10F180000068642803D90020086000BF00BF00BFEA
:10F1900000203B4908703B4908703B48D5F7BDFF4C
:10F1A0003A49086013E0394801683748D5F7CDFF80
:10F1B000044636480068FFF79BFF30B131480078BD
:10F1C00010B92F48007800B105E0304804602F489E
:10F1D00000680028E7D100BF2C4800680028D7D17C
:10F1E000461E2948D5F799FF044610E0207D00F01F
:10F1F000010038B9204600F060F88046B04500D2E2
:10F20000464600BF21462048D5F79FFF0446002C04
:10F21000ECD13846FFF7BEFE1D49096808441C4979
:10F2200008601C480068FFF7B5FE0546B5F5FA7F93
:10F230001AD31748006864214843B0FBF5F016491B
:10F24000087008460078642801DD002003E01248B9
:10F250000078C0F164001049087000200C49086073
:10F26000FFF7A5FE0B4908600020024908703046F0
:10F2700070E70000DC020024D8020024E802002429
:10F28000DA020024DB020024C0460224BC0200246F
:10F29000E4020024E0020024D9020024012141619B
:10F2A000704710B50446FFF782FE2168401A401EE1
:10F2B000606010BD00214161704770B50446606810
:10F2C000FFF768FE05462068A84201D8002070BDFF
:10F2D0002068401BFBE72DE9F04707460C46164621
:10F2E00000F0ADF88046A6EB08000421D7F76FF8D0
:10F2F0000546E11704EB91718910A4EB810121B15E
:10F3000000BF00BF0020BDE8F0870C2D02D3B5F58B
:10F31000003F03D900BF00BF0020F4E76FF00301F6
:10F32000204601F08FFB814629464846D7F753FD1A
:10F330004846D7F741FD4846D7F748FD4946384685
:10F34000D7F71FFC4846D7F742FC824600215046BB
:10F35000D7F741FD5046D7F744FD5046D7F731FD6A
:10F360002046D0E710B50446E11704EB91718910EF
:10F37000A4EB810119B100BF00BF002010BD2046E1
:10F38000D9F760F82046F9E72DE9F04104460D462B
:10F390002046FFF7E7FF064600F0BEF82F1A00F000
:10F3A000BBF800EB04083A4641463046FFF793FFAE
:10F3B0003046BDE8F0812DE9F04105460C4604B326
:10F3C0002F462046D7F7D9FB064600BF3046D7F771
:10F3D000EAFB18B100BF00BF00BFFEE700BF304628
:10F3E000D7F728FC31463846D7F765FC0646314644
:10F3F0003846D7F739FC064631463846D7F7C1FBC1
:10F4000000BFBDE8F08100B5014600F085F8084472
:10F4100000BD2DE9F04104460D462646042128464C
:10F42000D6F7BDFF074639463046D7F7D9FB8046A9
:10F430003A4641463046D7F782FCBDE8F0810820C5
:10F4400070472DE9FE4F80460C461546C2464FF0E8
:10F4500000092CB125B921464046FFF7ACFF58E022
:10F460002CB929464046FFF7D4FF814651E020469B
:10F47000D7F783FB02900298D7F745FC01900298DA
:10F48000D7F7B4FC06460198D7F7B0FC3044001D0E
:10F49000009004212846D6F782FF074600BF029855
:10F4A000D7F781FB18B100BF00BF00BFFEE700BF68
:10F4B000B7421ED90198D7F776FB10B10098874262
:10F4C00017D929464046FFF7A4FF8146B9F1000F3E
:10F4D0001ED0AE4201D2304600E0284683465A464E
:10F4E00021464846F6F7BBF921464046FFF763FF41
:10F4F0000EE0B74206D950460299D7F7B5FB0298FD
:10F50000D7F7A5FB3A4650460299D7F7E8FCA14643
:10F5100000BF4846BDE8FE8F4FF4B860704700005A
:10F520002DE9F05F07460D4616460DB1284600E06E
:10F53000144880466FF00301384601F083FA044610
:10F5400017E02046D7F72FFB08B9012000E0002084
:10F5500081462046D7F74AFC82462046D7F795FCDD
:10F56000834633464A465146C0472046D7F7CBFB31
:10F57000044624B12046D7F71BFB0028E1D0BDE8A4
:10F58000F09F00002F8A009010B5044604F15A0045
:10F5900000B200F009F810BD10B5044604F15A009D
:10F5A00000B200F001F810BD014600204FF4B47223
:10F5B00091FBF2F302FB1311002902DA01F5B47298
:10F5C00011B25A2903DA134A32F9110020E05A29FC
:10F5D00008DBB42906DAC1F1B40211B20D4A32F9DE
:10F5E000110015E0B4290BDBB1F5877F08DAA1F132
:10F5F000B40211B2074A32F81120524210B207E0A9
:10F60000C1F5B47211B2034A32F81120524210B25D
:10F6100070470000C44704902DE9FF4F85B0834632
:10F62000139CBBF1000F02D09BF8000018B900201A
:10F6300009B0BDE8F08F069808B90020F8E71298E5
:10F6400000F0020010B141F6FF7008904FF0000882
:10F650000020049003900025814600268246471E24
:10F66000019004A95846444A1268904705460498F8
:10F67000039065E003A958463F4A126890478146C7
:10F680000AF1010A129800F0010050B129461498BD
:10F69000D6F7A0F928B1DDF81080039804904D4604
:10F6A0004EE04A4629460698F2F719F900B2029050
:10F6B0000298304406B20298002802DD07983044D0
:10F6C00006B2781C40B90798311A0898814203DDC8
:10F6D0004746AAF1010001900A2D1DD00D2D1BD027
:10F6E00028460022B0F59C4F05D349F6A5739842F1
:10F6F00001D801230FE0002107E020A35B5C8342D7
:10F7000001D1012205E04B1CD9B21CA35B5C002B8C
:10F71000F3D100BF13464BB1B8F1000F03D1781CF1
:10F7200008B904B12660AAF1010A0DE014B1781CF1
:10F7300000B92660DDF81080039804904D4600BFA4
:10F740001BF80800002895D100BF781C58B9BAF101
:10F75000000F04D00D2D04D1B9F10A0F01D1DDF84D
:10F760001080404664E7159808B1384660E70CB150
:10F770000020206000205BE7F8020024202C2E3BB4
:10F780003A2D5F002DE9FF4F83B004460E469046A8
:10F79000DDF848B0DDF8409000202080608016B988
:10F7A00007B0BDE8F08FB8F1000F00D1F8E70BF01B
:10F7B000020010B141F6FF7011900025AA4600BF6B
:10F7C000B8F8080087B231E00020CDE9000B7019CD
:10F7D0004146119B069AD6F737F88244B4F90200E5
:10F7E00038444844B0F5004F02D300BF00BFD7E70C
:10F7F0006088384400B260806088484400B260800D
:10F80000AAEB05017019CDF800B04246069B00F046
:10F810002BF80290B4F900100298814201DA0298A4
:10F8200001E0B4F900002080554600BF705D00285B
:10F83000CAD16DB1681E305C0A2803D0681E305CE6
:10F840000D2805D1608807EB0901084400B26080EB
:10F85000608810B938B2608004E06088A0EB0900CD
:10F8600000B2608000BF9BE72DE9FF4705460E46CA
:10F8700017469846DDF830A01DB9002004B0BDE859
:10F88000F0870FB90020F9E7287808B90020F5E7DC
:10F89000002003900024029046B31FE003AB6A46A9
:10F8A00001A92846D5F7B4FF0AF0010028B102A843
:10F8B0000199D6F78FF800B110E03846DDE9002154
:10F8C000F2F70DF80FFA80F9B9F1000F05DD04EB3E
:10F8D000090004B204EB080004B200BF0398B04270
:10F8E000DCD3002C02DDA4EB080004B22046C5E7FF
:10F8F00008B50146802901D2084608BDB1F5006F60
:10F9000011D2C1F3841040F0C0008DF8000001F066
:10F910003F0040F080008DF8010000208DF80200CB
:10F920008DF8030033E0B1F5803F15D2C1F3033009
:10F9300040F0E0008DF80000C1F3851040F0800039
:10F940008DF8010001F03F0040F080008DF80200CA
:10F9500000208DF803001AE0B1F5881F17D2C1F31B
:10F96000824040F0F0008DF80000C1F3053040F017
:10F9700080008DF80100C1F3851040F080008DF803
:10F98000020001F03F0040F080008DF803006A465D
:10F990001068B2E731B582B0029800F08000E8B19B
:10F9A000042202A901A8F6F7A2F89DF804000006B7
:10F9B0009DF8051000EB01409DF8061000EB0120BA
:10F9C0009DF807104418002504E0E0B200B9240AAD
:10F9D000681CC5B2042DF8DB029400BF02983EBD3E
:10F9E0002DE9F04105460E46002400270CE02819B9
:10F9F0000949096888478046B8F1000F01D04046A0
:10FA000000E0012004447F1CB74202D2285D002898
:10FA1000EDD12046BDE8F081EC020024F8B50646A1
:10FA20000C4600200090002505E069463046044A57
:10FA3000126890476D1C0098A042F6D32846F8BD86
:10FA4000F802002438B5044600250020009005E0A7
:10FA500069462046044A126890476D1C0098205C55
:10FA60000028F5D1284638BDF802002408B5024622
:10FA700000230020009001B969460868105C00F07E
:10FA8000800028B90868135C0868401C08608FE093
:10FA90000868105C00F0E000C02817D10868105C0E
:10FAA000C006430D0868401C08600868105C00F040
:10FAB000C000802801D0002008BD0868105C00F05C
:10FAC0003F0003440868401C086071E00868105C4F
:10FAD00000F0F000E02828D10868105C0007030C53
:10FAE0000868401C08600868105C00F0C0008028AE
:10FAF00001D00020E0E70868105C00F03F0003EB55
:10FB000080130868401C08600868105C00F0C000A2
:10FB1000802801D00020CFE70868105C00F03F008B
:10FB200003440868401C086042E00868105C00F06C
:10FB3000F800F02839D10868105C4007C30A08684B
:10FB4000401C08600868105C00F0C000802801D0EC
:10FB50000020B1E70868105C00F03F0003EB0033C1
:10FB60000868401C08600868105C00F0C00080282D
:10FB700001D00020A0E70868105C00F03F0003EB14
:10FB800080130868401C08600868105C00F0C00022
:10FB9000802801D000208FE70868105C00F03F004B
:10FBA00003440868401C086002E00868401C0860C4
:10FBB000184681E72DE9F84306460C4600272068E1
:10FBC000401E206000BF042F02DB0020BDE8F88348
:10FBD000216888190D490968884705463DB920689C
:10FBE00018B12068401E206001E00020EEE7781C7C
:10FBF000C7B2002DE7D02068009069463046044A1D
:10FC00001268904780464046E0E70000EC0200247E
:10FC1000F80200240146087800F0800008B90120AD
:10FC20007047087800F0E000C02801D10220F7E713
:10FC3000087800F0F000E02801D10320F0E7087810
:10FC400000F0F800F02801D10420E9E70020E7E700
:10FC50007FB582B004460D461646059833462A46BF
:10FC6000214600900248D6F791F806B070BD00001A
:10FC70000F5D00902DE9F04782460C462046F7F7CD
:10FC800017FF05462846F7F7C3FE80462846F9F7D2
:10FC90005AFC8146424649462046FBF7AEFA01210E
:10FCA0002046FBF779F92046F7F734F90646104865
:10FCB000B0F9002042F264013046FBF79EFA0021C1
:10FCC0003046FBF769F902231A4600213046FBF75C
:10FCD00043F92046F7F71EF9074601213846FBF79E
:10FCE0006DF942F264013846FBF776FCBDE8F08717
:10FCF000400200241CB5F3F7E5FEFBF789FDFBF796
:10FD0000AFFD0648012100238022CDE9001004A1A7
:10FD10000648D1F771FCD1F774FC1CBD0800002423
:10FD200073746172745F7461736B00006529039072
:10FD300070B504460D46802229462046EBF744FD67
:10FD4000064680212046EBF759F926B18022294644
:10FD50002046EBF74DFD70BD2DE9FF4F87B00546FE
:10FD600092461F46DDF850B0DDF858800898EAF753
:10FD70000AFE06900898EAF785FD05901898012874
:10FD800004D0022805D0032809D105E0DFF8D0907F
:10FD90000AE0DFF8D09007E0DFF8CC9004E000BF85
:10FDA00000BF0BB0BDE8F08F00BFB8F1000F21D14C
:10FDB00000261BE0002411E005EB440000880390BE
:10FDC00007EB440000880290159A0399C8470490F5
:10FDD00005EB4400BDF810100180641C06988442B5
:10FDE000EADB05EB4A0507EB4B07761C05988642D4
:10FDF000E0DB33E000262EE0002422E018F80400C7
:10FE000000B91DE018F80400FD2801DB159804E096
:10FE100018F80400159948430012049005EB4400BB
:10FE20000088029007EB440000880190049A029930
:10FE3000C847039005EB4400BDF80C10018000BFDB
:10FE4000641C06988442D9DB05EB4A0507EB4B0797
:10FE500017988044761C05988642CDDB00BFA0E74A
:10FE6000B1810090E3820090538200902DE9FF4F12
:10FE700085B005461F46DDF850900698EAF783FDE9
:10FE800083460698EAF7FEFC0490B9F1000F3DD1D5
:10FE90001398FD2814DB4FF000080DE04FEA4B02E9
:10FEA00039462846F5F7DBFC079805EB4005129824
:10FEB00007EB400708F1010804988045EEDB79E183
:10FEC0004FF000081EE0002412E005EB440000881B
:10FED000029007EB440000880190139A0299EDF715
:10FEE00043F8039005EB4400BDF80C100180641C3E
:10FEF0005C45EADB079805EB4005129807EB4007E5
:10FF000008F1010804988045DDDB53E11398FD28D2
:10FF10007DDDABF1040003904FF000080EE14E468A
:10FF200000241FE03078D8B13078FF2806D105EBE7
:10FF3000440007EB44010988018011E0327805EBA9
:10FF400044000088019007EB44000088009001996C
:10FF5000EDF70AF8029005EB4400BDF808100180A7
:10FF6000761C641C5C4503DA06F003000028D9D136
:10FF7000B246B1E0DAF8000000281ED0DAF800003E
:10FF8000401CD8B905EB440007EB44010988018007
:10FF9000601C05EB400107EB400000880880A01CB6
:10FFA00005EB400107EB400000880880E01C05EBF2
:10FFB000400107EB4000008808808AE05646307810
:10FFC000D8B13078FF2806D105EB440007EB440197
:10FFD0000988018011E0327805EB44000088019027
:10FFE00007EB4400008800900199ECF7BDFF0290F8
:10FFF00005EB4400BDF808100180761C307808B38A
:02000004900367
:100000003078FF2809D1601C05EB400100E09AE040
:1000100007EB40000088088014E03278601C05EB94
:10002000400000880190601C07EB400000880090B1
:100030000199ECF799FF0290601C05EB4000BDF8B8
:1000400008100180761C3078F8B13078FF2807D18D
:10005000A01C05EB400107EB40000088088014E07D
:100060003278A01C05EB400000880190A01C07EB33
:100070004000008800900199ECF776FF0290A01CE8
:1000800005EB4000BDF808100180761C3078F8B10F
:100090003078FF2807D1E01C05EB400107EB40005A
:1000A0000088088014E03278E01C05EB40000088EE
:1000B0000190E01C07EB4000008800900199ECF7EC
:1000C00053FF0290E01C05EB4000BDF808100180D2
:1000D000761C0AF1040A241D03988442FFF64AAFF5
:1000E00056461FE03078D8B13078FF2806D105EBAE
:1000F000440007EB44010988018011E0327805EBE8
:1001000044000088019007EB4400008800900199AA
:10011000ECF72AFF029005EB4400BDF808100180BF
:10012000761C641C5C45DDDB079805EB40051298E6
:1001300007EB40071598814408F1010804988045B1
:10014000FFF6EDAE36E04FF0000830E0002422E08C
:1001500019F80400F0B119F80400FD2801DB139828
:1001600004E019F80400139948430012064605EB11
:1001700044000088029007EB44000088324601905A
:100180000299ECF7F1FE039005EB4400BDF80C106A
:10019000018000BF641C5C45DADB079805EB400575
:1001A000129807EB40071598814408F1010804985C
:1001B0008045CBDB09B0BDE8F08F2DE9FF4F85B05E
:1001C00082460E461F46DDF848B0DDF85080D5F770
:1001D000DDFA81463046EAF7D6FB04903046EAF76E
:1001E00051FB0390B8F1000F23D100251DE000243E
:1001F00015E01398029007EB44000088ADF8040066
:100200007088284400B20090318821440BB2D9F89C
:100210000000D0F81CC05146079AE047641C0498BF
:100220008442E6DB07EB4B076D1C03988542DEDB5F
:100230002BE0002526E000241CE018F80400C0B1E3
:1002400018F8040013994843000A029007EB440091
:100250000088ADF804007088284400B2009031880E
:1002600021440BB2D9F80000D0F81CC05146079ABF
:10027000E047641C04988442DFDB1598804407EB58
:100280004B076D1C03988542D5DB09B0BDE8F08FA4
:100290002DE9F04104460F469046802C06D20025F9
:1002A0002046E11704EB91718E1009E0204605F01D
:1002B000DCFB0546681F24FA00F080F02006AD1F25
:1002C0003D60C8F80060BDE8F0812DE9F0410446CA
:1002D0000D461646802C09D3204605F0C6FB401F6C
:1002E000012101FA00F0471E3C4400BF3246294676
:1002F0002046FFF7CDFFBDE8F0810246FD2901DB76
:1003000010467047022901DC0020FAE702FB01F0E9
:1003100000EBC01303EBC030C0F3C750F1E700009F
:100320002DE9F84305462846F1F75CF804462046D7
:10033000F7F7BEFB80464046F7F7BAFB81464846D2
:10034000EBF75AFC06463068009000214046F7F76C
:100350004AFAA04214D19DF80200012809D10C20CC
:100360008DF80200BDF80000401E80B2ADF800001C
:100370001AE09DF80200401E40B28DF8020013E022
:100380009DF802000C2809D101208DF80200BDF86B
:100390000000401C80B2ADF8000005E09DF80200AE
:1003A000401C40B28DF802009DF90220BDF80010FB
:1003B0004846EBF729FC01214046F7F714FA0746B7
:1003C0009DF90200401E054951F82030BDF800207B
:1003D00003A13846F4F71AFEBDE8F883A001002413
:1003E00025642025730000002DE9F84304462046CB
:1003F000F0F7F8FF07462046F0F7F7FF804638464B
:10040000F0F7C4FC05464046EBF7F6FB06463068BD
:100410000090681C40B28DF802009DF90220BDF8E2
:1004200000104046EBF7F0FBBDE8F8831FB5012054
:1004300000220323CDE901200093039013460246D6
:100440001021400700F04FF8012000220323CDE9DE
:10045000012000930390134602221221480600F067
:1004600042F8012000220323CDE9012000930390EC
:10047000134603221221100700F035F80120002254
:100480000323CDE9012000930390134604220F219A
:100490004FF0605000F027F800200323CDE9003032
:1004A000029003460522192103904FF0C04000F04E
:1004B0001AF8012000220323CDE9012000930390C4
:1004C000134606221921500700F00DF800200323DF
:1004D000CDE900300290012307221B210390C807B9
:1004E00000F001F81FBD2DE9FF5F04460D461646DA
:1004F0001F46DDE910ABDDE90E89D1F787F8012051
:100500008DF80000F0B28DF801000194E8B28DF88A
:10051000080000208DF809008DF80A008DF80B8086
:100520008DF80C708DF80D908DF80EA08DF80FB031
:100530006846D1F770F80420D1F772F8002004B0B3
:10054000BDE8F09F2DE9F04782460D460021284680
:10055000F9F7B2FD00212846FAF71EFD002302221A
:1005600019462846FAF7F8FC2846EAF717FD8146AF
:1005700000222FA14846FAF769FF6420002804DA18
:10058000C0F57A7141F4005101E040F400510CB221
:1005900021464846FAF721FD4846FBF76FF84846E2
:1005A000F7F736FA064631464846FBF715F80023BA
:1005B000072220494846F5F783FE04214846F6F70E
:1005C000E3FB2846F3F7C2FC074603213846F4F75D
:1005D00083FC002202213846FAF7BDFF012138468C
:1005E000FAF7ECFC2846EAF7D9FC8046002212A173
:1005F0004046FAF72BFF324631464046FAF7FDFDFA
:10060000002307220B494046F5F75AFE04214046D5
:10061000F6F7BAFB00231C2208492846F5F750FEDE
:1006200000221C212846F0F7E3FEBDE8F087000019
:10063000EF81930021030390EF819400C96F039031
:100640002DE9F04180460C462046F7F731FA054681
:1006500000212046F9F730FD00212046FAF79CFCE6
:100660002046F0F7B5FA0646174801683046F0F71D
:1006700087FD2B461C2215493046F5F721FE012146
:100680003046FAF79BFC2046F0F7A2FA07461048DE
:1006900001683846F0F774FD2B461C220D49384698
:1006A000F5F70EFE01213846FAF788FC00231C22DC
:1006B00009492046F5F704FE00221C212046F0F7E8
:1006C00097FEBDE8F0810000D4010024A5760390D8
:1006D000D0010024E90303901970039030B504465B
:1006E0000225084951F8241001FB05F2064951F88A
:1006F0002400002100F02AF801210348143001559C
:1007000030BD000054BE03909C00002410B501468B
:100710000023002207E00B4850F8210030F81200B7
:1007200000B15B1C521C084850F821009042F2D8DE
:100730004FF47A705843044C54F82140B0FBF4F065
:1007400080B210BD9C00002454BE039030B5034617
:1007500001E003F8011B141EA2F10102F9D130BD22
:100760002DE9F05F8246894616461D46286808B97D
:10077000BDE8F09FD346DA46BBF88270B9F80A00AC
:10078000002844D07000F4F713FF804600BFB8F192
:10079000000F03D100BF00BF00BFFEE700BFB8F1EC
:1007A000000F00D1E4E7BE421AD300240CE0B9F8F0
:1007B0000A002044B0FBF7F107FB1100296831F86B
:1007C000100028F81400641CBC42F0D33C4604E03E
:1007D00047F6FF7028F81400641CB442F8D310E008
:1007E00000240CE0B9F80A002044B0FBF7F107FB45
:1007F0001100296831F8100028F81400641CB44274
:10080000F0D32868F4F7A2FFC5F800801BE0710060
:100810002868F4F7EFFF286000BF286818B900BF08
:1008200000BF00BFFEE700BF286800B9A0E7BE42D6
:1008300009D97C1E05E047F6FF70296821F81400ED
:10084000641CB442F7D300BF92E770B50446254656
:1008500015F83C0F00F00300401C032190FBF1F25F
:1008600001FB1200297860F3010105F83C192046CC
:1008700001F01EF82046F9F760FA70BD70B5044625
:100880000C48006808B9002070BD14B90A48006817
:10089000FAE70CB90020F7E72046E2F75DF80546D5
:1008A000601906490968884201D30020ECE7601905
:1008B000EAE7000070010024C8020024740100244B
:1008C00037B5034601B93EBD08461D682D1D2844B5
:1008D000024602AC2568156000BFF4E737B5034651
:1008E00001B93EBD08461D682844024602AC256891
:1008F000156000BFF5E72DE9F05F044600222121D5
:100900002046F0F775FD8246BAF1000F01D1BDE82F
:10091000F09F00212046F6F766FF804607E040463C
:10092000FFF7E9FF00212046F6F75DFF8046B8F1AA
:10093000000FF4D12046F7F761F881460020F2F766
:10094000F9FE07461DE0786AA04202D0B86AA042CC
:1009500003D121463846F2F7E1FF386BA04201D1BE
:1009600000213963386D484507D1F2F7F1FEA04206
:1009700003D121463846F2F7D1FF3846F2F7DAFEC6
:100980000746002FDFD12046D4F78EFC606840BBBD
:100990002046F6F7F3FF0546002606E0E86850F823
:1009A0002600A04200D103E0761C686AB042F5D868
:1009B00000BFB3465E4606E0701CE96851F82000AF
:1009C00041F82600761C686A401EB042F4D8686A76
:1009D000401E68626A6A9100E868F4F70BFFE860FD
:1009E0002BE02046F7F71DF8064635460BE0606819
:1009F00080680168681C51F820006168896809688E
:100A000041F825006D1C606880684068401EA8425F
:100A1000EDD8606880684068401E616889684860F9
:100A20006268926852689100626892681068F4F790
:100A3000E1FE61688968086000BF2046F4F786FE21
:100A400000BF64E7024650187047F0B5DDE9055471
:100A5000012B0BDC032805D0042802D0052803D184
:100A600000BF00BF022000E000BF00BF062842D246
:100A7000DFE800F0410F03332017002626808E1A8E
:100A800006EBD677B5F800C00CEB67073FB22F80B6
:100A900034E0002626802E888F1A3E4436B22E80FF
:100AA0002CE08E1A37B25E1E36B297FBF6F636B2DF
:100AB000268023E08E1A36B296FBF3F627883E4452
:100AC00036B22680B4F9006006EBD677B5F800C0E0
:100AD0000CEB67073FB22F8010E08E1A37B25E1C16
:100AE00036B297FBF6F636B226802E8827883E442B
:100AF00036B22E8002E00026268000BF00BFF0BD87
:100B00002DE9FF4F81B005460C461646049870B19A
:100B10002088A0EB660000B2208020883044401E70
:100B200000B2A080E88A6080688BE0800DE0608879
:100B3000A0EB660000B2608060883044401E00B2C6
:100B4000E080A88A2080288BA0804FF4403128467E
:100B5000F8F725F981464FF440312846F8F7C8F9EF
:100B600082464FF440312846F8F792FA83464FF414
:100B700040312846F8F736F800904FF440312846C7
:100B8000F8F76CFC80464FF440312846F8F74CFCEF
:100B90000746208809EB0801401A00B22080A0888F
:100BA0000AEB0801084400B2A08061880BEB070043
:100BB000081A00B26080E2880099C819104400B297
:100BC000E08005B0BDE8F08F2DE9F84F05462C46D2
:100BD0002846E2F748FA06460EB9BDE8F88F3046D7
:100BE000F6F716FF83462846F6F77EFE834500DCBF
:100BF000F3E700213046F8F74CFB00900098F0F73F
:100C000089FE074600213046F8F7B3FB804607EB24
:100C100008000FFA80F9E08E00FB09F00FFA80FA65
:100C200000225146606AFAF74DF9606AF9F785F8D3
:100C300000BFD2E710B506F049F810480068D0B9F7
:100C40000F4806F00CF80F4806F009F80C480E495A
:100C500008600C480D49086000221021052006F0AC
:100C60005BFB064908600846006820B108A10348FC
:100C7000006806F03DF906F079F810BD0001002487
:100C8000444E0124584E0124F8000024FC000024A6
:100C9000546D72510000000070B504460D46206C82
:100CA00070B1216CE0680144E160D4E9021088422F
:100CB00001D32168E1602846226CE168CFF7C9FBC7
:100CC00070BD2DE9F04104460F4615464FF000086F
:100CD000A66B206C48B9206800282CD1A068D0F7FA
:100CE000A4FC80460020A06025E07DB93946226C36
:100CF0006068CFF7AEFB216C606808446060D4E99F
:100D00000101884217D32068606014E03946226CE4
:100D1000E068CFF79EFB216CE068411AE160216832
:100D2000E068884203D2216CA068411AE160022D7C
:100D300001D106B1761E701CA0634046BDE8F0816B
:100D40000146084A126812680AB9012200E000222E
:100D50000A600A6822B9034A1268D268106800E083
:100D600000207047F800002430B54FF4384317488E
:100D700000F007042CB1C01D20F00700134C041B29
:100D80001B1B0246124C22600024114D6C60D018CF
:100D9000083820F007000F4C206000240D4D2D680E
:100DA0006C600C4D2D682C601146441A4C60094C47
:100DB00024680C60084D4C682C60084D4C682C6011
:100DC0004FF00044064D2C6030BD00006C4E0124F5
:100DD0000C010024140100241C010024180100242B
:100DE000280100242DE9F04106460D461746984695
:100DF000069C0DB9246000E02760E66325640121AC
:100E0000204606F0D1FA84F850800020A064BDE8A6
:100E1000F081000010B50146164800E00068036844
:100E20008B42FBD30246436813448B4204D1436890
:100E30004C682344436001460A464B6813440468E7
:100E4000A34211D10C4C03682468A34208D04B681C
:100E50000468646823444B6003681B680B6005E00A
:100E6000054B1B680B6001E003680B60884200D0F3
:100E7000016010BD0C010024140100242DE9F04193
:100E800004460D4616461F464FF000086560246173
:100E9000B5420CD8F01BA169884202D34FF001087B
:100EA00011E0211D0948006805F0E9FE0BE0BE4293
:100EB00004D2BD4202D34FF0010804E0211D0448D2
:100EC000006805F0DCFE4046BDE8F081FC0000242F
:100ED000F800002470B5054605F0F8FEA86B08B9C7
:100EE000012400E0002405F041FF204670BD000011
:100EF000F1B50098846C00262CB940F6D53220A1BB
:100F000028A0CFF7EDF8A06BE16B884201D2012059
:100F100000E0002028B940F6D63219A121A0CFF771
:100F2000DFF8A06BE16B884227D294F9455000228C
:100F300069462046FFF7C5FE0646681C60B9606A30
:100F400008B9012000E00020B0B904F12400D0F776
:100F500071FB88B101260FE07F2D01D0012000E058
:100F6000002028B940F6F63205A10EA0CFF7B8F858
:100F7000681C40B284F8450000BF3046F8BD000050
:100F80002E2E5C2E2E5C4D6964646C6577617265F3
:100F9000735C4672656552544F535C717565756537
:100FA0002E6300004572726F723A2025732C202543
:100FB000640D0A0070B505460E460E480068C0680C
:100FC000C468201D05F037FE94F8280000F00400E6
:100FD00028B132462946204600F0FEF805E094F894
:100FE000280000F0FE0084F828002046216A884787
:100FF00070BD0000F800002470B586B08AE0029849
:1010000000280CDA03AE2EB940F2063247A150A0F8
:10101000CFF766F8D6E90020B168904700BF029884
:10102000002877DB049C606908B9012000E00020FB
:1010300010B9201D05F0FFFD01A800F0E1F80546FC
:1010400002980A2864D2DFE800F06305072E3653C1
:1010500006082F3700BF00BF00BF94F8280040F0FB
:10106000010084F828000398A269811803462A46E3
:101070002046FFF703FFA8B194F8280000F0040011
:1010800038B10398A26981182A46204600F0A4F8D6
:1010900005E094F8280000F0FE0084F828002046BF
:1010A000216A884735E000BF94F8280000F0FE0070
:1010B00084F828002DE000BF94F8280040F00100DB
:1010C00084F828000398A061A06908B1012000E01D
:1010D000002028B940F2593214A11DA0CFF700F822
:1010E000A06941192B462A462046FFF7C7FE10E0AB
:1010F00094F8280000F0020018B9204605F078FEA8
:1011000005E094F8280000F0FE0084F8280000E0D4
:1011100000BF00BF002202A91148006806F0C2F912
:1011200000287FF46CAF06B070BD00002E2E5C2E40
:101130002E5C4D6964646C6577617265735C4672A0
:10114000656552544F535C74696D6572732E63000C
:101150004572726F723A2025732C2025640D0A00A7
:1011600000010024F8B505460C46D0F768FA684639
:1011700000F046F80646009820BB44B9B54206D8B0
:10118000D0F762FA31462846FFF714FF1CE03CB165
:101190000E480068006808B9012000E000200446FD
:1011A000A91B22460A48006805F0E8FED0F74CFA71
:1011B00050B94FF0805007490860BFF34F8FBFF31D
:1011C0006F8F01E0D0F740FAF8BD0000FC0000246A
:1011D0000001002404ED00E070B504460D461646FB
:1011E00004E0A06905442046216A8847A0694119A6
:1011F0002B4632462046FFF741FE0028F1D170BD54
:1012000070B50446D0F7F3F90546074800688542F3
:1012100004D200F00BF80120206001E000202060E3
:1012200001480560284670BD0801002470B508E03B
:101230000D480068C06804684FF0FF312046FFF792
:10124000B9FE09480068006808B9012000E00020E4
:101250000028EDD004480568044800680249086089
:101260000248056070BD0000F8000024FC00002466
:101270000C480068401C08B9012000E0002020B99B
:10128000E32209A118A0CEF72BFF00BF502072B6B1
:1012900080F31188BFF34F8FBFF36F8F62B600BF2B
:1012A00000BFFEE72C0100242E2E5C2E2E5C4D6923
:1012B00064646C6577617265735C467265655254EF
:1012C0004F535C706F727461626C655C525644532C
:1012D0005C41524D5F434D375C723070315C706FD2
:1012E00072742E63000000004572726F723A2025FE
:1012F000732C2025640D0A0008B500BF6846FFF76F
:101300001FFD044620460099FFF72CFFFFF774FEEF
:10131000F4E770B5044605F0D9FC94F9455019E09E
:10132000A06C30B12046FFF7E3FD88B1D0F791F90A
:101330000EE0606A08B9012000E0002038B904F12D
:101340002400D0F777F918B1D0F783F900E003E073
:10135000681E45B2002DE3DC00BFFF2084F8450085
:1013600005F004FD05F0B2FC94F9445010E020694A
:1013700008B9012000E0002048B904F11000D0F7BE
:1013800059F908B1D0F765F9681E45B200E001E0EF
:10139000002DECDC00BFFF2084F8440005F0E6FCE3
:1013A00070BD00002DE9F04104464FF00008D0F771
:1013B00046F94948006808B9FFF7D6FC4748006875
:1013C0002040002875D1002C23D004F10800A04251
:1013D0001FD9083404F0070000281BD004F00700D0
:1013E000C0F108002044A04211D904F00700C0F168
:1013F0000800044404F0070008B9012000E00020C0
:1014000040B99C2236A144A0CEF76AFE02E0002437
:1014100000E00024002C4CD043480068844248D8A7
:10142000424E3046056801E02E462D686868A042AD
:1014300002D228680028F7D127480068854238D0B2
:10144000306800F10808286830606868001B1028C0
:1014500013D92F1907F0070008B9012000E0002078
:1014600020B9CF221EA12CA0CEF73AFE6868001B3F
:1014700078606C603846FFF7CDFC2B4968680968D6
:10148000081A2949086008460068294909688842FD
:1014900003D2254800682649086010496868096831
:1014A000084368600020286022480068401C2149E9
:1014B0000860D0F7C9F808F0070008B9012000E07B
:1014C000002028B94FF4887205A113A0CEF708FEBA
:1014D0004046BDE8F08100001401002428010024EA
:1014E0002E2E5C2E2E5C4D6964646C65776172658E
:1014F000735C4672656552544F535C706F727461D1
:10150000626C655C4D656D4D616E675C68656170B0
:101510005F342E63000000004572726F723A20251E
:10152000732C2025640D0A00180100240C010024EE
:101530001C010024200100242DE9F04F87B08046D3
:10154000C14699F85C00C0F38000002847D0D9F864
:101550002400F3F71DF80690224906980968884789
:101560008246BAF1000F02D107B0BDE8F08F00212A
:101570004046F7F7BEFE0590002342F2220201A981
:101580000598F0F71AF98346BBF1000F01D016A7B2
:1015900000E016A73846CEF73DFF04460AFB04F1EB
:1015A000481CF4F73FF80546002606E006FB045009
:1015B00022463946F4F753F9761C5645F6DB0021EE
:1015C00006FB04F029542946D9F82400F3F7C6FC99
:1015D0002846F4F7A3F8404600F028F800BF00BF03
:1015E000C2E7000008030024E280A2002A000000F5
:1015F000704770B5044625682846FFF79DFF70BD0B
:10160000001F4FF080730360001F21F0010303608F
:10161000001F054B036014380260001F6FF00203C7
:101620000360203870470000711203902DE9F04FDD
:101630008FB00646344600213046F7F75AFE0E902A
:1016400000213046F7F7C9FE0D903046FDF73AFA13
:101650000C90606AF2F79CFF81464846914A0C99CB
:1016600012689047074609EB070000218E4A12686E
:10167000904705460E98F0F759F90B901DB10A2DC9
:1016800001D00D2D07D1002220210E98F0F727F967
:101690000FFA80FA06E0002229460E98F0F71FF9AB
:1016A0000FFA80FA0AAA606A0C99F2F76DFE606A76
:1016B000F2F76EFF0190606A0021019AF5F786FA51
:1016C0008346BDF92800616AB1F91410084400EBA3
:1016D0000A01606AB0F91800814235DD94F85C00B7
:1016E000C0F3C00040BBBBF1030F2DD00020ADF80C
:1016F0002800BDF82A200D990B980844104400B228
:10170000ADF82A0065B109EB070068490968884708
:10171000074409EB07000021634A12689047054619
:101720001DB10A2D01D00D2D07D1002220210E98C8
:10173000F0F7D5F80FFA80FA06E0002229460E9855
:10174000F0F7CDF80FFA80FAE7644FF4E021304665
:10175000F7F7E4F880464FF4E0213046F7F7BFFC96
:10176000404400B209904FF4E020019041F611028C
:1017700030460199F7F7C0FC00900098404400B251
:1017800008904FF4E0213046F7F730FB404400B2B8
:1017900007904FF4E020019041F613023046019982
:1017A000F7F7AAFC00900098404400B20690BDF8FC
:1017B00028100798081A00B2ADF81000BDF82A10DA
:1017C0000998081A00B2ADF81200BDF82810069862
:1017D00008445044401E00B2ADF81400BDF82A1071
:1017E000089801440B980844401E00B2ADF816005A
:1017F00004F1440102A8E9F720F8BDF80800616A85
:10180000898A084400B2ADF80800BDF80A10606A81
:10181000C08A084400B2ADF80A00BDF80C00616A45
:10182000898A084400B2ADF80C00BDF80E10606A59
:10183000C08A084400B2ADF80E0002A93046F8F79D
:10184000B6FA04A904F14400E8F7F7FF04F14401F3
:1018500002A8E8F7F2FFBDF80800616A898A084427
:1018600000B2ADF80800BDF80A10606AC08A0844EA
:1018700000B2ADF80A00BDF80C00616A898A08441C
:1018800000B2ADF80C00BDF80E10606AC08A0844C2
:1018900000B2ADF80E0002A93046F8F788FA0FB092
:1018A000BDE8F08F00030024F8020024EC020024BD
:1018B0002DE9F04704462046E4F75DF8254620462A
:1018C000F7F741FE064600212046F6F73EFF814627
:1018D000A6EB090000EBD07149100FB22046E0F7EB
:1018E0000EFF80460FFA88F0FDF75EFE10FB07F052
:1018F000C01300B228850FFA88F0FDF745FE10FBF3
:1019000007F0C01301B26985304606EBD0712A8D0D
:1019100002EB610109B2298506EBD0714A10698D8D
:1019200011440AB26A852046E4F725F8BDE8F0873D
:101930002DE9F34F97B007463846E1F7A0FB05467F
:1019400015B919B0BDE8F08F2846F2F721FE82469E
:10195000524600212846F5F739F9169016980128C5
:1019600028D0022802D0032829D113E03846F5F701
:10197000DAFF82462846F7F7E6FDAAEB0000109052
:1019800000EBD070401000B201460F902846F9F7E6
:101990003CFE14E03846F5F7C6FF82462846F7F7C6
:1019A000D2FDAAEB000000B2014610902846F9F7DC
:1019B0002CFE04E000212846F9F727FE00BF00BFF7
:1019C000BB4600213846F7F77CFC159000213846CD
:1019D000F7F7E9FC14901598EFF7A4FF8046384616
:1019E000F5F782FF81464FF0000A652251463846DE
:1019F000F7F782FB1090109884B2189800B114B9D0
:101A00003846E3F725FDBBF826001390149808EB41
:101A100000011398414308B21290494609EBD17274
:101A20005210404608EBD073A2EB630212B211923F
:101A3000DDE91120101A06B2189800B144B9154911
:101A40002846E8F731F831462846F9F7F7FD1FE058
:101A500001A8E8F771F800BF019500BF0D4802909A
:101A600000BF2846F7F79BFD8246CDF820A0CDF8B1
:101A700024A00A9600BF00BF0B9400BF0648049044
:101A800000BF0648079000BF01A8E8F71FF900BF94
:101A900000BF56E739250390351E0390B39B019094
:101AA0002DE9F04F8BB006460F4635464FF4A02186
:101AB0003046F7F78EF981464FF4A0213046F7F70C
:101AC00031FA82464FF4A0213046F7F7FBFA8346FD
:101AD0004FF4A0213046F7F79FF80A904FF4A02169
:101AE0003046F7F72CFC09904FF4A0213046F7F769
:101AF00067FC08904FF4A0213046F7F7EEFB079003
:101B00004FF4A0213046F6F79DFF06904FF4A02138
:101B10003046F6F78AFF80463C462DE00A98CDE92C
:101B200002ABCDF8049004900898A1B20090304622
:101B3000099B079AE1F764FDE96A21F81400E86A55
:101B400030F91400404503DAE86A30F9140000E087
:101B500040460699884201DA069809E0E86A30F9B9
:101B60001400404503DAE86A30F9140000E040460A
:101B7000E96A21F81400641CE88CA042CED83046F3
:101B8000F8F787FE0BB0BDE8F08F2DE9F041054670
:101B90002846F5F746FE0646002412E0A8680068CD
:101BA00050F824703846F8F7C8F800222A21384641
:101BB000EFF71EFC3846F8F7C0F83846FFF7E5FFA8
:101BC000641CB442EAD3BDE8F08100002DE9F04F77
:101BD00087B005462846E1F752FA06461EB90120AD
:101BE00007B0BDE8F08FF1F79FFD06902C460698F0
:101BF000F1F7EFFD0746042F01D0022F10D1E08C42
:101C00002085042F0CD12846F5F7F8FE8046404683
:101C1000F0F7DAFA18B100214046F0F778FB00BF80
:101C20000698F1F7D6FD012804D00698F1F7D1FD0A
:101C300003287DD14FF0FF38A06AC0F34040002850
:101C400038D1804603A90698F1F788FDBDF80E103B
:101C5000F08A081A00B2ADF80E00BDF80C00B18A87
:101C6000401A00B2ADF80C0003A93046F2F758FA5A
:101C700081463046F2F78CFC8346002002900190AA
:101C8000824600BF13E002A95846324A12689047C4
:101C9000009000980A2806D10198484503D008F121
:101CA00001000FFA80F8029801900AF1010ACA4572
:101CB000E9D339E000212846F7F703FB0390002120
:101CC0002846F7F770FB82460398EFF72BFE834612
:101CD0000BEB0A0000B20290B5F91A20B5F9161004
:101CE000501A00EBD0714A10E98A114409B20191EF
:101CF0000C210698F1F77DFEF18A084400B20090AD
:101D0000DDE90010411A029891FBF0F9B9F1000FDA
:101D100001DA4FF00009A08C484502DCA08CA0F14C
:101D200001090FFA89F800BFB8F1000F07DB00E0E6
:101D300006E01FFA88F101222846FAF768FB00BF87
:101D4000E08C059005AA1C212846EFF751FB049072
:101D5000049845E7F8020024F0B50C46E568A16850
:101D600000BF1DB900BF00BF00BFFEE700BF00BF3E
:101D700019B900BF00BF00BFFEE700BFCD60A9607A
:101D800000F1400606EBC21656F82360A6421BD1AE
:101D900000F1400606EBC21646F82310814213D12B
:101DA00000F1140656F8226001279F40BE4300F15F
:101DB000140747F822603E4656F8226026B90127EC
:101DC00097400669BE430661F0BD2DE9F041064625
:101DD0000D4600240EE026B1E86850F83400B04209
:101DE00007D14FF6FF724FF470212846F8F76AFDCD
:101DF00005E0641C688CC0F3C500A042EBD800BFAE
:101E00002846F5F70EFD0746002407E0A86800689D
:101E100050F824103046FFF7D8FF641CBC42F5D3BD
:101E2000BDE8F08110B5044600220A212068EFF7D2
:101E3000DFFA10BD70B504462068F5F739FE054697
:101E40002846E3F705FB70BD2DE9FF4F91B09046A2
:101E50001298F5F72DFE074610213846F7F7D0FB0C
:101E600010B915B0BDE8F08F3846F5F799FE10901F
:101E70004FF00009CA4600253846F5F7AFFF0F902E
:101E80000F9818B1129800F1140400E0119C002181
:101E90003846F6F70FFD0E9000213846F7F790F818
:101EA00001460E98084400B20D9000213846F6F71E
:101EB0003EFE01460E98084400B20C90F98A0D9837
:101EC00008446188401AB8F80210401A00B20B901A
:101ED000798B0C98081AE188401AB8F80210081A91
:101EE00000B20A903846F5F793FD01460D98091A9D
:101EF0000C98081A00B209900B98002804DB0A9885
:101F0000002801DB00251BE00B98002808DD0B9D55
:101F10003846F5F76DFF0246501B00D500250FE04F
:101F20000A9800280CDD0A98404205B23846F5F7B9
:101F3000D7FD019001982844002800DA002500BF51
:101F40000F98012804D0022810D003283AD11BE0B2
:101F5000F98A0D9808440FFA80F9608828440FFA2E
:101F600080FAA9EB0A00284405B22BE0798B0C9883
:101F7000081A0FFA80F9E08828440FFA80FAA9EBD2
:101F80000A00284405B21DE0099800EBD0714A1000
:101F9000FB8A0D99194411440FFA81F900BFE188B9
:101FA0006288891A491C09B2084601EBD07162881F
:101FB00002EB610129440FFA81FAA9EB0A002844D7
:101FC00005B200BF00BF00263846F5F7FDFE0890B9
:101FD000089818B1129800F1140400E0119C002137
:101FE0003846F6F781FE0E9908440FFA80FB00216F
:101FF0003846F6F722FF0E99084400B20790B88AD7
:1020000058442188401AB8F80010401A00B20690CF
:10201000398B0798081AA188401AB8F80010081AD6
:1020200000B205900698002804DB0598002801DB23
:1020300000261DE0069800280ADD069E3846F5F7C2
:10204000DDFD019001983044002800DD00260FE0FE
:10205000059800280CDD0598404206B23846F5F791
:1020600045FE019001983044002800DA002600BFA8
:102070003846F7F768FAA0EB0B010798081A00B288
:1020800004900898012804D002280FD0032838D1E2
:102090001AE0B88A58440FFA80F9208830440FFAC1
:1020A00080FAA9EB0A00304406B22AE0398B07987F
:1020B000081A0FFA80F9A08830440FFA80FAA9EBC9
:1020C0000A00304406B21CE0049800EBD071BA8AD2
:1020D0005A4402EB61010FFA81F900BFA1882288FE
:1020E000891A491C09B2084601EBD071228802EB1B
:1020F000610131440FFA81FAA9EB0A00304406B2BB
:1021000000BF00BF29493846E7F7CEFC03902849B5
:102110003846E7F7C9FC0290039808B9029850B115
:1021200000220A213846EFF763F90190019801284F
:1021300000D096E600BF109800F0010010B9002E04
:1021400000DA0026109800F0020010B9002E00DD21
:102150000026109800F0040010B9002D00DA0025C8
:10216000109800F0080010B9002D00DD0025B8F926
:102170000010149808B9002000E03046084400B26E
:10218000A8F80000B8F90210149808B9002000E07F
:102190002846084400B2A8F802002A4631463846CC
:1021A000149BF8F703FD00BF5BE600000D230390CE
:1021B000F12203902DE9F04104460D46164615B96B
:1021C0000EB9BDE8F0812046F4F7BCFBA068008A98
:1021D000284400B2A1680882A068408A304401B255
:1021E000A06841820123324629462046F7F782FE45
:1021F00000220B212046EFF7FBF80746012F00D005
:10220000DFE72046F7F799FD00BFDAE710B5DAB14E
:10221000B0F91630B2F900401C44B0F932309C429B
:1022200004DA448EC38AE31A1BB21380B0F9163065
:10223000B2F900401C44B0F936309C4204DDC48E33
:10224000C38AE31A1BB21380D9B1B0F91430B1F9C3
:1022500000401C44B0F930309C4204DA048E838A7A
:10226000E31A1BB20B80B0F91430B1F900401C44E2
:10227000B0F934309C4204DD848E838AE31A1BB2A9
:102280000B8010BD2DE9F0410546B5F91840002638
:10229000F1F74AFA0746386890F8198008E03019D3
:1022A00006B2C8F164006043642190FBF1F004B20F
:1022B000002CF4D13046BDE8F0812DE9F04105460F
:1022C000B5F91A400026F1F72FFA0746386890F85A
:1022D000198008E0301906B2C8F164006043642137
:1022E00090FBF1F004B2002CF4D13046BDE8F0814F
:1022F00070B505460C462846F5F784FD204406B225
:10230000002231462846FFF755FF70BD70B50546DF
:102310000C462846F5F780FD204406B232460021DF
:102320002846FFF747FF70BD2DE9FC4105460C46E6
:102330002046EDF7B7FA4FF480312846F6F786FAD3
:10234000E070E07802280CDD4FF480372022394617
:102350002846F6F7D1FE009000980190BDF80400E1
:10236000A0804FF48037312239462846F6F7C4FE64
:1023700001900198C0B284F8220094F8220002284B
:102380001EDD00BF41F2320239462846F6F7B4FEA0
:102390000190019800B22084B4F9200000280CDDDF
:1023A00000BF302239462846F6F7A6FE0090009876
:1023B0000190BDF80400E08302E0002084F82200D0
:1023C0004FF4803740F6450239462846F6F794FE2A
:1023D00001900198C0B284F8360094F836000228C3
:1023E00029DD00BF4FF4046239462846F6F784FE23
:1023F0000190019800B2E085B4F92E00002817DDA5
:1024000000BF40F6430239462846F6F775FE0190B4
:10241000019800B2A08600BF442239462846F6F74C
:102420006BFE009000980190BDF80400A08502E0CA
:10243000002084F836004FF480312846F6F70FFB71
:102440000646FD2E0DDAE07870430012E070E07869
:102450007043001284F82200E0787043001284F880
:102460003600E07828B994F8220010B994F83600C4
:1024700040B14FF480312846F6F79AFE20800120C3
:10248000BDE8FC810020FBE72DE9F04704460E463D
:1024900017463568D7F8008004F1140050F825007D
:1024A0004FF0FF3101FA08F100EA0109B9F1000F1C
:1024B00016D1691C4FF0FF328A40206900EA020AF7
:1024C000BAF1000F02D10020BDE8F087504603F0BA
:1024D000C1FA0546356004F1140050F8259000BF9C
:1024E00000BFB9F1000F03D100BF00BF00BFFEE77E
:1024F00000BF484603F0AEFA8046C7F8008004F1FA
:10250000400000EBC51050F82800DDE770B5044628
:102510000D46264628B2A6F844002046F7F70DFCE3
:1025200070BD70B504460D46264629B2462081533B
:102530002046F7F702FC70BD70B505460C4621B287
:102540002846F9F77BF870BD2DE9F04F85B00446B9
:10255000894617464FEA690004904FEA69000390E4
:1025600009F0010010B90498401E04906000F3F7D0
:1025700059F88346B846002631E0601E38F810004E
:1025800000FB09F00090651E1FE0009A2BF8152053
:102590000021039A2A44A24203DA039A2A4438F813
:1025A0001210009A521A0092049AAA1A521E002A75
:1025B00002D5B8F8000004E0049AAA1A521E38F8AE
:1025C0001200009A024400926D1E002DDDDA6200B6
:1025D00059464046F3F743F908EB4408761CA642F7
:1025E000CBDB4FF47F5002900298B0FBF9F00190E2
:1025F0004FF0000A15E037F81A0000B90FE037F87D
:102600001A100298814203D1019827F81A0005E0B8
:1026100037F81A0090FBF9F027F81A0000BF0AF10A
:10262000010A04FB04F05045E5D8002542E007EB21
:102630004508B8F8001001FB09F000262AE0002840
:1026400001DA002300E083112BF81630039BF31A04
:10265000002B02DCB8F8001005E0039BF31A03FB23
:10266000045337F81310401A049B33445B1CA342F5
:1026700007DA049B33445B1C03FB045337F8132035
:1026800004E0631E03FB045337F813201044761C48
:1026900008EB4408A642D2DB07EB4508002606E01B
:1026A0003BF81610A8F80010761C08EB4408A64268
:1026B000F6DB6D1CA542BADB5846F3F72FF805B0E0
:1026C000BDE8F08F2DE9FF4F8BB00D46144627462D
:1026D0000E983E1809A80B99E8F782F8204604EBFB
:1026E000D0714A100E991144491E04F0010282F083
:1026F0000102891A09B2ADF8281004EBD071491013
:10270000491C09B2ADF826100B98E8F751F9BDF84D
:102710002810081A00B2ADF824000B98E8F7C0F8AA
:10272000BDF82610084400B2ADF82A00002309A91C
:1027300003A80E9AECF7A0FF012F01D1012401E0BC
:10274000781004B23046F2F76DFF8146A8460020AB
:1027500002903BE031464846F3F746FA03A8009062
:1027600033B2DDE9020C02B200214846E04783465D
:10277000BBF1000F04D171004046F3F7FEF920E0F1
:1027800099F80010890191FBF4F1A8F800100120DC
:1027900014E019F80020411E19F801108A4205D1F1
:1027A000411E38F8111028F8101006E019F8001032
:1027B000890191FBF4F128F81010401CB042E8DBCD
:1027C00000BF08EB46080298401C02900298B042F5
:1027D000C0DB4846F2F7A2FF03A8ECF7B1FB012CDF
:1027E0000FD12946002005E035F81020C2F38712EA
:1027F0000A54401C06FB06F28242F5DC0FB0BDE82D
:10280000F08F2A46214630B2FFF79EFE07F0010006
:10281000204404B2012C27DD4FF47F5090FBF4F0EC
:1028200000904FF0000B15E035F81B0000B90FE0E9
:1028300035F81B00FF2803D1009825F81B0006E09F
:1028400035F81B00800190FBF4F025F81B0000BF59
:102850000BF1010B06FB06F05845E5D82A46214648
:1028600030B2FFF771FE00BF01954FF0000A06E09D
:1028700015F81A10019800F80A100AF1010A06FB6F
:1028800006F05045F4DC00BFB8E770B598B00646D6
:102890000C4615460AA8EDF705F800BFFF221146C1
:1028A0001046EAF796FA0090BDF80010084601902D
:1028B000BDF80400ADF82C0022460AA93046ECF71A
:1028C000D5FF02A8EBF7E2FF00202B46224602A923
:1028D00000903046EBF726FC18B070BDF0B591B013
:1028E000064635464FF4E027652239463046F6F76E
:1028F00003FC1090109804465CB918493046E7F77D
:10290000D3F85020405D20F00100401C5021485574
:1029100022E001A8E7F710F9294601A8E7F7C3F973
:102920000E4901A8E7F791F9214601A8E7F7A1F9B7
:1029300000BF0E9400BF0022012101A8E7F7ABF908
:10294000074901A8E7F785F901A84FF6FF718187CC
:1029500000BFE7F7BBF900BF11B0F0BD6187009081
:10296000239C01901CB5044604F0B0F90D480321E6
:1029700000234FF48062CDE900100BA10E48CEF782
:102980003BFE0E48042100238022CDE900100CA15B
:102990000E48CEF731FE04F0E9F90D480068CEF795
:1029A0005DFE1CBD0C0000246C765F64656D6F5F7E
:1029B0007461736B00000000EBD7019010000024DD
:1029C0006C65645F7461736B000000002595019075
:1029D000080000240EB5FE4890F8200000F0010029
:1029E00040B1FC48EAF768F90190FB48BDF80410D3
:1029F000018008E004211220F8F792FE0290F648C8
:102A0000BDF808100180F24890F8200000F00100A5
:102A100048B105211220F8F783FE0190EF48BDF878
:102A20000410018008E004211220F8F74FFE029004
:102A3000EA48BDF808100180E54890F8200000F051
:102A4000010040B1E648EAF737F90190E548BDF8E2
:102A50000410018006E0EAF7C5FB0290E148BDF8EA
:102A600008100180DA4890F8200000F0010040B121
:102A7000DD48EAF721F90190DC48BDF80410018037
:102A800008E002211220F8F74BFE0290D748BDF86B
:102A900008100180002046215023D54ACDE90010BE
:102AA000D449D548FBF782F8002000905023D04A43
:102AB000D0490190D148FBF779F8D1480068D0306F
:102AC00001F058FECC49CE480068D030FBF759F8E9
:102AD000CB480068D83001F04DFEC849C8480068AE
:102AE000D830FBF74EF8C6480068083001F042FEC7
:102AF000B74890F8200000F0010028B10221122010
:102B0000F8F7E4FD029003E01220F8F735FE02909A
:102B1000BB48029900680830FAF7A1FD47F6FF713B
:102B2000B74800680830FAF798FFA948C06807213D
:102B30000190EAF763FE01460290B1480068083050
:102B4000FAF777FEA248C06805210190EAF756FE21
:102B500001460290AA4800680830FBF71CF866217D
:102B6000A74800680830FAF79FFDA449A448006808
:102B70000830FBF706F8A2480068103001F0FAFDB3
:102B8000FF219F4800681030FAF78EFD9C480068CE
:102B900001F0F0FDFF219A480068FAF785FD8E48A4
:102BA00000880146029096480068FAF758FD8B4865
:102BB00000880146029092480068FAF7A8FF914801
:102BC0000078012806D18248C0680E210190EAF7FA
:102BD00015FE10E08B480078022806D17C48C068BA
:102BE0000C210190EAF70AFE05E07948C0680A2145
:102BF0000190EAF703FE0146029081480068FAF767
:102C000070FE80480078012806D17148C0680E2106
:102C10000190EAF7F3FD10E07A480078022806D127
:102C20006B48C0680C210190EAF7E8FD05E06848B0
:102C3000C0680A210190EAF7E1FD01460290704860
:102C40000068FAF715FE6E480068183001F092FD32
:102C50006C480078012806D15D48C0680C210190BD
:102C6000EAF7CCFD05E05A48C06808210190EAF770
:102C7000C5FD01460290624800681830FAF7EDFE83
:102C8000FF215F4800681830FAF70EFD55480088AC
:102C9000014602905A4800681830FAF7E0FC5348A1
:102CA000008801460290564800681830FAF706FD81
:102CB0004748C06802210190EAF7A0FD0146029052
:102CC0004F4800681830FAF724FD01214C4800688D
:102CD0001830FAF70AFD414800880146029048483A
:102CE00000681830FAF713FF46480078012806D12B
:102CF0003748C06818210190EAF780FD10E041488C
:102D00000078022806D13248C06814210190EAF701
:102D100075FD05E02E48C06810210190EAF76EFDB0
:102D200001460290364800681830FAF782FD3548AF
:102D30000078012806D12648C0680E210190EAF7E4
:102D40005DFD10E02F480078022806D12048C068B9
:102D50000C210190EAF752FD05E01D48C0680A21E8
:102D60000190EAF74BFD01460290254800681830B3
:102D7000FAF7B7FD23480078012806D11448C06847
:102D80000E210190EAF73AFD10E01E480078022873
:102D900006D10F48C0680C210190EAF72FFD05E02D
:102DA0000B48C0680A210190EAF728FD014602900D
:102DB000134800681830FAF75BFD1220F8F7DCFCC6
:102DC000014602900E4800681830FAF7D6FC1BE066
:102DD000744602241A1715004A0200244C020024EB
:102DE000302B28004E02002437322F0050020024DE
:102DF000F79B0190A0C6039098460224AC4602249B
:102E00004402002448020024F848C06801210190CF
:102E1000EAF7F4FC01460290F54800681830FAF72A
:102E2000B9FCF3480068A03001F0A4FCEF48016948
:102E3000EF480068A030FAF7CEFCEC48C0680321E8
:102E40000190EAF7DBFC01460290E9480068A030F7
:102E5000FAF7E4FCE548C06803210190EAF7CEFCEC
:102E600001460290E2480068A030FAF7CCFC7F21CE
:102E7000DF480068A030FAF7BBFCDD480068A830E6
:102E800001F078FCD948408A01460290D848006891
:102E9000A830FAF7A0FCD548C06803210190EAF7F2
:102EA000ADFC01460290D2480068A830FAF7B6FCA3
:102EB0007F21CF480068A830FAF79AFCCC48006818
:102EC000203001F057FCCB480078012806D1C748D4
:102ED000C06810210190EAF791FC10E0C548007825
:102EE000022806D1C148C0680C210190EAF786FC8F
:102EF00005E0BE48C06808210190EAF77FFC014662
:102F00000290BB4800682030FAF7A7FDFF21B848BF
:102F100000682030FAF7C8FBB748008801460290E5
:102F2000B34800682030FAF79AFBB04890F82000C8
:102F300000F00100E8BB1220F8F71EFC01460290E9
:102F4000AB4800682030FAF792FD0020EAF782FDD6
:102F500000EB40005030A02190FBF1F0012809DD8A
:102F60000020EAF777FD00EB40005030A02190FBF5
:102F7000F1F000E0012000B2014602909C48006898
:102F80002030FAF7A2FD7F21994800682030FAF737
:102F900086FD0020EAF75EFD502101EB8000A021B4
:102FA00090FBF1F001280BDD0020EAF753FD5021E2
:102FB00000E015E001EB8000A02190FBF1F000E0C3
:102FC000012000B201908948C06800900199EAF799
:102FD00015FC01460290864800682030FAF754FD3F
:102FE0008648008801460290814800682030FAF740
:102FF0008EFD80480078012806D17C48C0681821E1
:103000000190EAF7FBFB10E07A480078022806D12D
:103010007648C06814210190EAF7F0FB05E0734898
:10302000C06810210190EAF7E9FB01460290704860
:1030300000682030FAF733FC6E480078012806D18A
:103040006A48C0680E210190EAF7D8FB10E0694891
:103050000078022806D16548C0680C210190EAF783
:10306000CDFB05E06148C0680A210190EAF7C6FB84
:10307000014602905E4800682030FAF748FC5B4841
:10308000C06805210190EAF7B9FB01460290584853
:1030900000682030FAF7ECFB5448C0680521019025
:1030A000EAF7ACFB01460290514800682030FAF77D
:1030B00018FC53495348E9F7FDFD53495348E9F7D4
:1030C000F9FD4B480068583001F054FB4D49484821
:1030D00000685830FAF732FB232145480068583021
:1030E000FAF736FB42480068603001F043FB47497D
:1030F0003F4800686030FAF721FB7F213C480068B8
:103100006030FAF725FB3A480068C03001F032FB26
:10311000012137480068C030FAF706FB0121344826
:103120000068C030FAF7E1FA31480068803001F0F9
:1031300021FB30480078012806D12C48C0681821AE
:103140000190EAF75BFB10E02A480078022806D1DC
:103150002648C06814210190EAF750FB05E0234897
:10316000C06810210190EAF749FB0146029020480F
:1031700000688030FAF75DFB1E480078012806D110
:103180001A48C06818210190EAF738FB10E0194886
:103190000078022806D11548C06814210190EAF78A
:1031A0002DFB05E01148C06810210190EAF726FBCD
:1031B000014602900E4800688030FAF792FB0D48F5
:1031C0000078012806D10948C06818210190EAF763
:1031D00015FB23E007480078022819D10348C0688E
:1031E00014210190EAF70AFB18E00000744602245B
:1031F0004402002448020024500200244C0200240F
:10320000DF87009054020024753901905C0200248D
:10321000FE48C06810210190EAF7F0FA01460290DA
:10322000FB4800688030FAF723FBF94800687830E3
:1032300001F0A0FAF7480078012806D1F348C068E9
:103240000E210190EAF7DAFA10E0F248007802283D
:1032500006D1EE48C0680C210190EAF7CFFA05E0EC
:10326000EA48C0680A210190EAF7C8FA01460290CC
:10327000E74800687830FAF7DCFAE6480078012879
:1032800006D1E248C0680E210190EAF7B7FA10E0D3
:10329000E0480078022806D1DC48C0680C21019083
:1032A000EAF7ACFA05E0D948C0680A210190EAF7CC
:1032B000A5FA01460290D64800687830FAF7E3FA9A
:1032C000D3480068883001F055FAD048C0680A2118
:1032D0000190EAF793FA01460290CD4800688830E1
:1032E000FAF7FFFAC948C0680A210190EAF786FA9E
:1032F00001460290C64800688830FAF7B9FAC44817
:103300000068903001F036FAC048C068142101907E
:10331000EAF774FA01460290BD4800689030FAF767
:103320000FFCBB480068983001F024FA0221B8482D
:1033300000689830FAF7E0FBB5480068683001F0A3
:1033400019FA0021B24800686830FAF772FA0021D1
:10335000AF4800686830FAF7C4FA0021AC4800684A
:103360006830FAF785FAAA480068703001F002FA6E
:10337000A8480078012806D1A448C0680821019017
:10338000EAF73CFA10E0A3480078022806D19F48EB
:10339000C06806210190EAF731FA05E09B48C06851
:1033A00002210190EAF72AFA014602909848006843
:1033B0007030FAF73EFA97480078012806D1934812
:1033C000C06808210190EAF719FA10E091480078E6
:1033D000022806D18D48C06806210190EAF70EFA4E
:1033E00005E08A48C06802210190EAF707FA014621
:1033F0000290874800687030FAF773FA85480078C1
:10340000012806D18148C06808210190EAF7F6F941
:1034100010E080480078022806D17C48C068062168
:103420000190EAF7EBF905E07848C06802210190C5
:10343000EAF7E4F901460290754800687030FAF73F
:1034400017FA73480068283001F094F96F48016951
:103450006F4800682830FAF702F9E9F7C3FE014621
:1034600002906B4800682830FAF751FBFF2168484A
:1034700000682830FAF718F965480068303001F024
:1034800079F962480169624800683030FAF7E7F874
:103490005E4801695E4800683030FAF738FB332136
:1034A0005B4800683030FAF7FFF859480068383058
:1034B00001F060F95548408A01460290544800687E
:1034C0003830FAF7CCF8E9F78DFE01460290504803
:1034D00000683830FAF71BFBFF214D480068383090
:1034E000FAF7E2F84A480068403001F043F94748EB
:1034F000408A01460290464800684030FAF7AFF82B
:103500004248408A01460290414800684030FAF73C
:10351000FEFA33213E4800684030FAF7C5F83C48CF
:103520000068483001F026F93B48008801460290C7
:10353000374800684830FAF792F8FF2134480068AD
:103540004830FAF7B1F83548008801460290304813
:1035500000684830FAF7DBFA2D480068503001F077
:1035600009F92F4800880146029029480068503028
:10357000FAF775F8FF21264800685030FAF794F8FA
:103580002648008801460290214800685030FAF72A
:10359000BEFA1F480068B03001F0ECF847F6FF7142
:1035A0001B480068B030FAF758FA19480068B8307C
:1035B00001F0E0F8002116480068B830FAF74DFA3B
:1035C00013480068C83001F0D5F81048C0680321DE
:1035D0000190EAF713F9014602900D480068C830DF
:1035E000FAF7C4FA0948C06803210190EAF706F91E
:1035F0000146029006480068C830FAF7ACFA044861
:103600000068F03001F0B6F800480BE07446022480
:103610004402002448020024500200244C020024EA
:103620004E0200240169FE480068F030FAF717F8EE
:10363000FF21FB480068F030FAF736F8F948C06817
:1036400006210190EAF7DAF801460290F448006892
:10365000F030FAF7EEF847F6FF71F1480068F03005
:10366000FAF7FBF9EE480068E03001F083F8C82172
:10367000EB480068E030F9F7C6FFE9480068E83039
:1036800001F078F87821E6480068E830F9F7BBFFE8
:10369000E348006800F5807001F06CF8E2480088AB
:1036A00001460290DE48006800F58070F9F7B5FF2A
:1036B000DC48C0680F210190EAF7A0F801460290AB
:1036C000D748006800F58070F9F7BEFF0121D448A3
:1036D000006800F58070F9F7ADFFD148006800F58B
:1036E000847001F047F8CF480169CD48006800F5C3
:1036F0008470F9F792FFCA48006800F5987001F0ED
:1037000039F84FF48271C648006800F59870FAF7EE
:103710004CF8C348006800F59C7001F02BF8C148D4
:10372000C06803210190EAF769F801460290BC489D
:10373000006800F59C70FAF77CF8BA48C06802216E
:103740000190EAF75BF801460290B548006800F581
:103750009C70F9F7DEFFB3480169B148006800F5D5
:103760009C70F9F7ABFFB148008801460290AC4865
:10377000006800F59C70F9F772FFFF21A848006807
:1037800000F59C70F9F790FFA9480078012806D150
:10379000A448C0680C210090EAF730F805E0A14881
:1037A000C06808210090EAF729F8029000EBD07079
:1037B000401000B2014601909948006800F59C70E5
:1037C000FAF74BF99648006800F5A07000F0D2FFB8
:1037D00098A19348006800F5A070F9F75AFFE9F73F
:1037E00001FD014602908E48006800F5A070FAF7CE
:1037F0008EF98C484069014602908948006800F5BE
:10380000A070FAF792F98648006800F5A47000F0FD
:10381000B1FF8448C06804210190E9F7EFFF4042FE
:1038200000B2014602907E48006800F5A470FAF7E5
:1038300000F8E9F7D7FC014602907948006800F5E6
:10384000A470F9F70CFF7648006800F5A87000F046
:1038500091FF01217248006800F5A870F9F79AFFFE
:1038600075480088014602906D48006800F5A87010
:10387000F9F783FF6A48006800F5947000F07AFF5A
:1038800000216748006800F59470F9F72EFF65483D
:10389000C0680A210190E9F7B1FF01460290604833
:1038A000006800F59470F9F7E3FF5F48008801466F
:1038B00002905B48006800F59470F9F75EFF584885
:1038C000006800F5887000F055FF5648C068032175
:1038D0000190E9F793FF014602905148006800F516
:1038E0008870F9F757FF4F48C06803210190E9F746
:1038F00085FF014602904A48006800F58870FAF793
:10390000ACF84848C06808210190E9F777FF014604
:1039100002904348006800F58870FAF7E1F84148E2
:10392000C06802210190E9F769FF014602903C4816
:10393000006800F58870F9F79BFF3948006800F5CA
:103940008C7000F017FF47F6FF713548006800F5EE
:103950008C70FAF782F83348C06808210190E9F7C3
:103960004DFF014602902E48006800F58C70FAF772
:10397000B7F82C4801692A48006800F58C70F9F7FF
:103980006EFEFF212648006800F58C70F9F78CFE6A
:103990002348006800F5907000F0ECFE2148C068F4
:1039A00001210190E9F72AFF014602901C480068B6
:1039B00000F59070F9F7EEFE1F480088014602906E
:1039C0001748006800F59070F9F7D7FE1548C068F1
:1039D00002210190E9F712FF0146029010480068A9
:1039E00000F59070F9F725FF1220F7F7C5FE0146A4
:1039F00002900B48006800F59070FAF788F80848C4
:103A0000006800F5D07000F0B5FE002104480068A1
:103A100000F5D070F9F70DFF0021014800680DE0B6
:103A20004402002474460224500200244E02002462
:103A300048020024EF808C004C02002400F5D07076
:103A4000F9F721FF0021FE48006800F5D070FAF771
:103A500004F80121FA48006800F5D070F9F764FE17
:103A60000021F748006800F5D070F9F748FEF448E7
:103A7000006800F5EC7000F07DFEF2480078012847
:103A800006D1F148C0680C210190E9F7B7FE05E0C6
:103A9000ED48C06808210190E9F7B0FE01460290A8
:103AA000E748006800F5EC70F9F7D7FF0121E4481A
:103AB000006800F5EC70F9F737FEFF21E048006878
:103AC00000F5EC70F9F7F0FDE0480088014602903F
:103AD000DB48006800F5EC70F9F7C1FDDC480088B0
:103AE00001460290D648006800F5EC70FAF70FF82E
:103AF000D348006800F5D47000F03CFED14800784F
:103B0000012806D1D048C0680E210190E9F776FE61
:103B100010E0CC480078022806D1CB48C0680C21C0
:103B20000190E9F76BFE05E0C748C0680A210190E3
:103B3000E9F764FE01460290C148006800F5D470C0
:103B4000F9F7ADFEBF480078012806D1BE48C0682D
:103B50000E210190E9F752FE10E0BA4800780228E1
:103B600006D1B948C0680C210190E9F747FE05E08D
:103B7000B548C0680A210190E9F740FE014602906D
:103B8000AF48006800F5D470F9F7C1FEAD48007881
:103B9000012806D1AC48C0680E210190E9F72EFE3D
:103BA00010E0A8480078022806D1A748C0680C2178
:103BB0000190E9F723FE05E0A348C0680A210190BF
:103BC000E9F71CFE014602909D48006800F5D4709C
:103BD000F9F759FE9C48C06801210190E9F70EFEF3
:103BE000014602909648006800F5D470F9F791FDFF
:103BF00019219348006800F5D470F9F76CFD9448DA
:103C00000088014602908E48006800F5D470F9F7EC
:103C100055FD00218A48006800F5D470F9F76FFD62
:103C20008748006800F5D87000F0A4FD00218448A2
:103C3000006800F5D870F9F7FCFD002180480068A5
:103C400000F5D870F9F71FFE7F48C0680121019088
:103C5000E9F7D4FD014602907948006800F5D87074
:103C6000F9F757FD19217648006800F5D870F9F783
:103C700032FD77480088014602907148006800F5DF
:103C8000D870F9F71BFD08216D48006800F5D87061
:103C9000F9F735FD6A48006800F5DC7000F06AFD50
:103CA00000216748006800F5DC70F9F7C2FD0021CB
:103CB0006348006800F5DC70F9F7E5FD60480068CE
:103CC00000F5E47000F056FD5E480078012806D14A
:103CD0005D48C0680E210190E9F790FD10E0594859
:103CE0000078022806D15848C0680C210190E9F7F5
:103CF00085FD05E05448C0680A210190E9F77EFD82
:103D0000014602904E48006800F5E470F9F7C7FDDF
:103D10004C480078012806D14B48C0680821019022
:103D2000E9F76CFD10E047480078022806D14648C4
:103D3000C06806210190E9F761FD05E04248C068CE
:103D400002210190E9F75AFD014602903C480068C3
:103D500000F5E470F9F7DBFD3A480078012806D158
:103D60003948C0680E210190E9F748FD10E0354858
:103D70000078022806D13448C0680C210190E9F788
:103D80003DFD05E03048C0680A210190E9F736FDA5
:103D9000014602902A48006800F5E470F9F773FDC7
:103DA0002748006800F5E87000F0E4FC254800783A
:103DB000012806D12448C06808210190E9F71EFDBA
:103DC00010E020480078022806D11F48C06806216C
:103DD0000190E9F713FD05E01B48C068022101903E
:103DE000E9F70CFD014602901548006800F5E870FF
:103DF000F9F755FD13480078012806D11248C0682C
:103E000008210190E9F7FAFC10E00E48007802283A
:103E100006D10D48C06806210190E9F7EFFC05E0E6
:103E20000948C06802210190E9F7E8FC01460290C8
:103E30000348006800F5E870F9F769FD002109E022
:103E40004402002448020024744602244E02002446
:103E50004C020024FC48006800F5E870F9F71FFEEA
:103E60000021F948006800F5E870F9F71DFCF748F3
:103E7000008801460290F448006800F5E870F9F700
:103E800046FEF148006800F5E07000F073FC002188
:103E9000ED48006800F5E070F9F701FD0021EA48FF
:103EA000006800F5E070F9F7EEFCE748006800F5FF
:103EB000F07000F05FFC3321E348006800F5F0701B
:103EC000F9F7F2FB1220F7F757FC01460290DE48A3
:103ED000006800F5F070F9F7C2FBDB48006800F5F8
:103EE000F47000F047FC0021D748006800F5F4703A
:103EF000F9F7DAFBD6480078012806D1D548C06822
:103F000008210190E9F77AFC10E0D14800780228F6
:103F100006D1D048C06806210190E9F76FFC05E0A2
:103F2000CC48C06802210190E9F768FC0146029084
:103F3000C548006800F5F470F9F7E9FCC24800686C
:103F400000F5B07000F016FCC248C0680521019071
:103F5000E9F754FC01460290BB48006800F5B070D8
:103F6000F9F718FCB948008801460290B648006885
:103F700000F5B070F9F701FCB648C0681421019053
:103F8000E9F73CFC01460290AF48006800F5B070CC
:103F9000F9F7A6FDAF48C0680F210190E9F72EFCA4
:103FA00001460290A848006800F5B070F9F783FC5C
:103FB000A548006800F5B47000F0DCFB47F6FF711F
:103FC000A148006800F5B470F9F747FD9F480088E4
:103FD000014602909C48006800F5B470F9F73FFB79
:103FE000FF219948006800F5B470F9F75DFB994826
:103FF000C0680F210190E9F701FC01460290924848
:10400000006800F5B470F9F76BFD8F48006800F5A3
:10401000AC7000F0AFFB8F48C06801210190E9F758
:10402000EDFB014602908848006800F5AC70F9F796
:1040300070FB89480088014602908348006800F5BB
:10404000AC70F9F73BFB03217F48006800F5AC70CA
:10405000F9F755FB7C48006800F5B87000F08AFB62
:104060007A480088014602907748006800F5B870E9
:10407000F9F724FB7748C06802210190E9F7BEFBFD
:10408000014602907048006800F5B870F9F741FBEE
:104090007048C06801210190E9F7B0FB404200B2CE
:1040A000014602906848006800F5B870F9F703FC13
:1040B00004216548006800F5B870F9F720FB4FF45B
:1040C000C8716148006800F5B870F9F79CFA5E485D
:1040D000006800F5BC7000F04DFB5E4890F82000D1
:1040E00000F0010028B102211220F7F7EFFA029048
:1040F00004E001211220F7F713FB029052480299C5
:10410000006800F5BC70F9F702FD4F48006800F543
:10411000C07000F02FFB4E480078012806D14D48B2
:10412000C0680E210190E9F769FB10E0484800786B
:10413000022806D14748C0680C210190E9F75EFBD0
:1041400005E04448C0680A210190E9F757FB0146A1
:1041500002903D48006800F5C070F9F76AFB3C48E2
:104160000078012806D13B48C0680E210090E9F78D
:1041700045FB10E036480078022806D13548C06873
:104180000C210090E9F73AFB05E03248C0680A21AB
:104190000090E9F733FB029000EBD070401000B2C2
:1041A000014601902848006800F5C070F9F76BFBE4
:1041B0002548006800F5C47000F0DCFA2548C068A6
:1041C00001210190E9F71AFB014602901E480068A0
:1041D00000F5C470F9F79DFA1F4800880146029067
:1041E0001948006800F5C470F9F768FA1B480088A0
:1041F000014602901448006800F5C470F9F72FFAE0
:1042000033211148006800F5C470F9F74DFA0E48E3
:10421000006800F5C87000F0ADFA0D48007801287C
:1042200006D10C48C0680E210190E9F7E7FA1DE0BD
:1042300007480078022813D10648C0680C21019075
:10424000E9F7DCFA12E00000440200244C020024EA
:104250004802002474460224500200244E02002426
:10426000F848C0680A210190E9F7C8FA01460290AF
:10427000F548006800F5C870F9F711FBF3480078BD
:10428000012806D1EF48C0680E210190E9F7B6FA7F
:1042900010E0EE480078022806D1EA48C0680C21F8
:1042A0000190E9F7ABFA05E0E648C0680A21019001
:1042B000E9F7A4FA01460290E348006800F5C870E7
:1042C000F9F71AFBE1480078012806D1DD48C068FB
:1042D00008210190E9F792FA10E0DC480078022802
:1042E00006D1D848C06806210190E9F787FA05E0B1
:1042F000D448C06802210190E9F780FA0146029093
:10430000D148006800F5C870F9F7A7FACF480078DF
:10431000012806D1CB48C0680E210190E9F76EFA5A
:1043200010E0CA480078022806D1C648C0680C21AF
:104330000190E9F763FA05E0C248C0680A210190DC
:10434000E9F75CFA01460290BF48006800F5C870C2
:10435000F9F799FABC48006800F5CC7000F00AFA49
:10436000B848C0680A210190E9F748FA014602906E
:10437000B548006800F5CC70F9F766F9B2480068F6
:1043800000F5FC7000F0F6F9AE48C0680421019019
:10439000E9F734FA01460290AB48006800F5FC707A
:1043A000F9F747FAA848006800F5F87000F0E2F95C
:1043B000642001900198002805DA0198C0F57A7010
:1043C00040F4005002E0019840F4005000B2014671
:1043D00002909D48006800F5F870F9F7F1F99A48E5
:1043E000006800F5007000F0C5F91220F7F7C4F975
:1043F000014602909448006800F50070F9F72FF923
:104400007F219148006800F50070F9F74DF98E485A
:10441000006800F5027000F0ADF900218A480068DC
:1044200000F50270F9F751FB88480078032816D18F
:1044300086480078012806D18248C0680C21009087
:10444000E9F7DCF905E07F48C06808210090E9F74A
:10445000D5F90290029800EBD070401010E07B4834
:104460000078012806D17748C0680C210090E9F750
:10447000C5F905E07348C06808210090E9F7BEF966
:1044800000B2014601907048006800F50270F9F72B
:10449000E4FA6D48006800F50E7000F06BF96948A9
:1044A00001696948006800F50E70F9F707F9654879
:1044B000C06802210190E9F7A1F9400000B201466D
:1044C00002906148006800F50E70F9F722F90121A9
:1044D0005D48006800F50E70F9F711F95A48006858
:1044E00000F50C7000F046F95648C06802210190B2
:1044F000E9F784F9404200B2014602905248006850
:1045000000F50C70F9F77FF94F48006800F504706A
:1045100000F030F94D480078012806D14948C068BC
:1045200018210190E9F76AF910E04848007802285C
:1045300006D14448C06814210190E9F75FF905E00D
:104540004048C06810210190E9F758F901460290EF
:104550003D48006800F50470F9F7A1F900213A48D8
:10456000006800F50470F9F7D2F9002136480068B8
:1045700000F50470F9F787F901213348006800F568
:104580000470F9F7D1F83048006800F5067000F0C3
:10459000F1F82C48C06801210190E9F72FF9014694
:1045A00002902948006800F50670F9F7B2F828482B
:1045B0000088014602902448006800F50670F9F76B
:1045C0007DF801212048006800F50670F9F797F89A
:1045D0001E480078012806D11A48C0680E210190B3
:1045E000E9F70CF910E019480078022806D11548BF
:1045F000C0680C210190E9F701F905E01148C06895
:104600000A210190E9F7FAF8014602900E48006885
:1046100000F50670F9F70DF90C480078012806D16D
:104620000848C0680E210190E9F7E8F818E007484B
:10463000007802280ED10348C0680C210190E9F7E8
:10464000DDF80DE0744602244402002448020024F0
:10465000500200244448C0680A210190E9F7CEF8CE
:10466000014602904148006800F50670F9F700F92C
:104670003E48006800F5087000F07CF83C4800787F
:10468000012806D13848C06818210190E9F7B6F82A
:1046900010E037480078022806D13348C06814215A
:1046A0000190E9F7ABF805E02F48C06810210190B0
:1046B000E9F7A4F8014602902C48006800F508705C
:1046C000F9F754FA2948006800F5107000F052F824
:1046D000FF212648006800F51070F8F7E5FFE8F7BD
:1046E00081FD014602902148006800F51070F8F73E
:1046F000B6FF1220F7F740F8014602901B48006809
:1047000000F51070F8F7B8FF47F6FF71174800681A
:1047100000F51070F9F7A1F91348C0680F21019056
:10472000E9F76CF8014602901048006800F5107037
:10473000F9F7CBF9E8F756FD014602900B480068FF
:1047400000F51070F9F793F90748C068052101904A
:10475000E9F754F8014602900448006800F510702B
:10476000F9F7A8F90EBD00007446022444020024A3
:104770004802002410B504460548007818B12046C8
:10478000F8F72BFF02E02046F8F7E6FD10BD000029
:10479000520200242DE9F04107460C462046F3F76B
:1047A00087F9B0B90022FE4801682046F1F71DFEE6
:1047B0004FF48032FA48016808312046F1F715FEBF
:1047C000F84AF748016810312046F1F70EFEBDE8BF
:1047D000F081F5492046F2F71DFA002876D02046F0
:1047E000F3F766F90546F1492846F2F713FA00B1E6
:1047F000EDE72846F3F75CF90646EC49F2F70AFACA
:10480000B0B10022E648016880312046F1F7EDFDA5
:104810004FF48032E248016808312046F1F7E5FDA7
:10482000E04ADF48016810312046F1F7DEFDCEE7AF
:104830002046F3F7F6F8B0B92046F3F739F9064603
:10484000DB49F2F7E7F970B10022D5480168483139
:104850002046F1F7CAFD0022D14801687031204698
:10486000F1F7C3FDB3E72046F3F7DBF8012824D1C5
:104870002046F3F71DF90646CD49F2F7CBF9E0B132
:104880000022C74801682046F1F7AFFD0022C44866
:10489000016880312046F1F7A8FD4FF48032C0480E
:1048A000016808312046F1F7A0FDBE4ABC48016806
:1048B00010312046F1F799FD89E72046F3F7F8F823
:1048C0000646BC49F2F7A6F908B180E717E00022D6
:1048D000B348016818312046F1F787FD4FF4803264
:1048E000AF48016808312046F1F77FFDAD4AAC487A
:1048F000016810312046F1F778FD01F02FB8AE497C
:104900002046F2F787F9002860D00022A448016809
:1049100020312046F1F769FD0022A14801682831C5
:104920002046F1F762FD00229D480168D031204603
:10493000F1F75BFD20229A48016858312046F1F7D3
:1049400054FD202296480168D8312046F1F74DFDEC
:10495000042293480168A0312046F1F746FD202249
:104960008F480168C8312046F1F73FFD01228C488D
:10497000016838312046F1F738FD80228848016807
:1049800060312046F1F731FD2046F3F791F80546F6
:104990008A49F2F73FF940B92046F3F789F805460E
:1049A0008749F2F737F90028A7D000227C48016830
:1049B00001F5E8712046F1F718FD202278480168DA
:1049C00001F5F0712046F1F710FD96E77D4920468C
:1049D000F2F720F940B100227148016801F5A87191
:1049E0002046F1F702FD88E777492046F2F712F9F1
:1049F00000287DD02046F3F75BF805467349F2F7AF
:104A000009F9E0B300226648016801F5FC7120460F
:104A1000F1F7EBFC00226248016888312046F1F78B
:104A2000E4FC4FF4A0225E48016820312046F1F7F3
:104A3000DCFC674A5A48016858312046F1F7D5FC3A
:104A4000634A60325648016860312046F1F7CDFC78
:104A50005F4A1F3A5248016828312046F1F7C5FCE9
:104A60005B4A1C3A4E48016830312046F1F7BDFCE4
:104A7000574A183A4A4801684031204600E002E0AF
:104A8000F1F7B3FCA3E62046F3F712F805464749D1
:104A9000F2F7C0F868B3002241480168503120465F
:104AA000F1F7A3FC04223E480168A0312046F1F74B
:104AB0009CFC04223A48016801F50C712046F1F78C
:104AC00094FC434A3648016858312046F1F78DFC82
:104AD0003F4A1F3A3248016830312046F1F785FCE1
:104AE0003B4A1F3A2E48016801F50E71204601E04D
:104AF000C4E01BE0F1F779FC354A1C3A284801680C
:104B0000A0312046F1F771FC314A183A2448016877
:104B1000A8312046F1F769FC2D4A1C3A204801686B
:104B200001F50C712046F1F760FC50E62046F2F7E3
:104B3000BFFF05461F49F2F76DF878B30022184809
:104B4000016801F5C0712046F1F74FFC04221448BA
:104B50000168A0312046F1F748FC0822104801689E
:104B6000A8312046F1F741FC4FF4A0220C4801681F
:104B700001F5C4712046F1F738FC154A0848016870
:104B800058312046F1F731FC114A6032044801687F
:104B900060312046F1F729FC0D4A1BE029E00000B6
:104BA000440200244000010090BE039030C60390F0
:104BB00084C60390FCBF0390B44804906CC5039076
:104BC00050C5039078490490D0480490A4C5039040
:104BD000200005001C3AFE480168A0312046F1F78C
:104BE00004FCFC4AFA480168A8312046F1F7FDFBB5
:104BF000EDE50022F648016818312046F1F7F5FB93
:104C00000422F3480168A0312046F1F7EEFB0822A8
:104C1000EF480168A8312046F1F7E7FB4FF4A022E6
:104C2000EB48016820312046F1F7DFFBE94A783292
:104C3000E748016860312046F1F7D7FBE54A1832B2
:104C4000E348016858312046F1F7CFFBE14AD21F13
:104C5000DF48016828312046F1F7C7FBDD4A121F03
:104C6000DB480168A0312046F1F7BFFBD94AD8489C
:104C70000168A8312046F1F7B8FB3EE6D649204648
:104C8000F1F7C8FF60B30022D148016830312046F7
:104C9000F1F7ABFB0022CE480168B0312046F1F7B6
:104CA000A4FB0422CA480168A0312046F1F79DFB0D
:104CB0000822C7480168A8312046F1F796FB4FF457
:104CC0000032C348016828312046F1F78EFB4FF4CB
:104CD0000032BF480168B0312046F1F786FB0CE690
:104CE000BE492046F1F796FFF0B30022B8480168AC
:104CF00030312046F1F779FB0022B5480168B03128
:104D00002046F1F772FB0422B1480168A031204629
:104D1000F1F76BFB0822AE480168A8312046F1F795
:104D200064FB4FF40032AA48016828312046F1F7AD
:104D30005CFB4FF40032A6480168B0312046F1F721
:104D400054FB4FF44032A2480168F0312046F1F79D
:104D50004CFBA34A9E480168C8312046F1F745FB49
:104D60004FF440329A4800E00CE00168D031204610
:104D7000F1F73BFB9A4A96480168D8312046F1F793
:104D800034FBBAE597492046F1F744FF002862D08A
:104D900000228F48016818312046F1F726FB0022D7
:104DA0008B48016868312046F1F71FFB00228848D4
:104DB0000168B8312046F1F718FB042284480168E5
:104DC000A0312046F1F711FB082281480168A83183
:104DD0002046F1F70AFB4FF480327D480168083124
:104DE0002046F1F702FB804A7948016810312046DD
:104DF000F1F7FBFA4FF4A0227548016850312046C4
:104E0000F1F7F3FA4FF4A0227148016801F5AC7193
:104E10002046F1F7EAFA4FF4A0226D48016880318C
:104E20002046F1F7E2FA6B4A1832694801685831B6
:104E30002046F1F7DAFA674A121F654801682831FF
:104E40002046F1F7D2FA634A6148016838312046BA
:104E5000F1F7CBFA51E565492046F1F7DBFEE8B3FF
:104E600000225B48016888312046F1F7BEFA04222F
:104E700057480168A0312046F1F7B7FA5C4A544818
:104E8000016860312046F1F7B0FA4FF40032504823
:104E9000016801F59C712046F1F7A7FA544A7F3A60
:104EA0004B48016828312046F1F79FFA504A7F3A73
:104EB0004748016801F5A0712046F1F796FA4C4A7F
:104EC000603A4348016858312046F1F78EFA484A63
:104ED000603A3F480168C831204600E012E0F1F72F
:104EE00084FA434A603A3A480168D8312046F1F7DB
:104EF0007CFA4FF4003236480168D0312046F1F791
:104F000074FAFAE43B492046F1F784FE002873D096
:104F100000222F48016848312046F1F766FA002246
:104F20002B480168B0312046F1F75FFA002228488B
:104F30000168E8312046F1F758FA802224480168D8
:104F400060312046F1F751FA042221480168A0316E
:104F50002046F1F74AFA264A7F3A1D48016828316F
:104F60002046F1F742FA4FF4003219480168B03197
:104F70002046F1F73AFA1E4A15480168603120468A
:104F8000F1F733FA4FF4403211480168F03120460E
:104F9000F1F72BFA4FF440320D48016850312046AA
:104FA000F1F723FA4FF440320948016801F5A47182
:104FB0002046F1F71AFA0A4A603205480168603162
:104FC0002046F1F712FA0A4A7F3A0148016814E0D4
:104FD000440200240800050098480490CC4904903D
:104FE00020000300044A049040000100EC480490B3
:104FF00080000200E84904900CE0D8312046F1F727
:10500000F4F94FF40032FA480168D8312046F1F73C
:10501000ECF972E4F7492046F1F7FCFDF0B3002209
:10502000F348016818312046F1F7DFF90022F04813
:10503000016878312046F1F7D8F90022EC48016880
:1050400001F594712046F1F7D0F94FF48032E84829
:10505000016808312046F1F7C8F9E74AE4480168D9
:1050600010312046F1F7C1F94FF4A022E048016861
:1050700001F588712046F1F7B8F94FF40032DC48A9
:10508000016801F58C712046F1F7AFF94FF4C022A9
:10509000D748016801F59071204600E00BE0F1F778
:1050A000A4F94FF4E022D248016801F58871204646
:1050B000F1F79BF921E4D1492046F1F7ABFD90B31C
:1050C0000022CB48016818312046F1F78EF9002202
:1050D000C7480168E0312046F1F787F90022C4484B
:1050E000016890312046F1F780F90022C04801683C
:1050F00098312046F1F779F90422BD480168A031C2
:105100002046F1F772F90822B9480168A831204613
:10511000F1F76BF94FF48022B54801682831204639
:10512000F1F763F927E2FFE7B5492046F1F772FD91
:10513000C8B30022AE48016818312046F1F755F98E
:105140000022AB48016878312046F1F74EF9002281
:10515000A7480168D0312046F1F747F92022A4483A
:105160000168D8312046F1F740F92022A0480168B3
:1051700058312046F1F739F904229D480168A031E1
:105180002046F1F732F9082299480168A8312046F3
:10519000F1F72BF94FF4003295480168D8312046D9
:1051A000F1F723F9DAE3FFE796492046F1F732FDFC
:1051B000F0B300228E48016818312046F1F715F946
:1051C00000228B480168C0312046F1F70EF9002219
:1051D0008748016890312046F1F707F9002284489A
:1051E000016801F598712046F1F7FFF84FF480321D
:1051F0007F48016808312046F1F7F7F87E4A7C487D
:10520000016810312046F1F7F0F84FF48022784819
:10521000016850312046F1F7E8F87B4A744801688C
:1052200028312046F1F7E1F8774A1F32704800E054
:1052300005E0016858312046F1F7D7F88EE373494D
:105240002046F1F7E7FC10B300226948016801F538
:1052500080712046F1F7C9F84FF4003264480168C4
:1052600001F580712046F1F7C0F84FF40032604834
:10527000016801F584712046F1F7B7F84FF4403228
:105280005B480168F0312046F1F7AFF866E360490A
:105290002046F1F7BFFCD0B100225548016801F566
:1052A00080712046F1F7A1F84FF4003250480168B0
:1052B00001F580712046F1F798F84FF400324C4820
:1052C000016801F584712046F1F78FF846E35149F2
:1052D0002046F1F79FFCB8B100224548016818311B
:1052E0002046F1F782F8002241480168B03120469B
:1052F000F1F77BF84FF400323D48016801F5B471D5
:105300002046F1F772F829E343492046F1F782FC81
:10531000E0B300223648016818312046F1F765F8FD
:1053200000223348016878312046F1F75EF8042204
:105330002F480168A0312046F1F757F808222C4881
:105340000168A8312046F1F750F84FF48032284820
:10535000016808312046F1F748F8274A24480168D7
:1053600010312046F1F741F82C4A2148016801F537
:10537000B8712046F1F739F84FF400221C48016853
:1053800001F5BC712046F1F730F8E7E2FFE7244968
:105390002046F1F73FFC70B1002215480168183132
:1053A0002046F1F722F800221148016868312046B2
:1053B000F1F71BF8D2E21B492046F1F72BFC40B174
:1053C00000220B48016801F5C8712046F1F70DF87D
:1053D000C4E215492046F1F71DFC40B10022044803
:1053E000016801F5C8712046F0F7FFFFB6E21DE045
:1053F0004402002450C003904000010094490490EE
:105400000849049024490490010004007C48049059
:1054100014C6039088C50390204A04900200070038
:10542000FCBF039018C0039034C00390F649204697
:10543000F1F7F0FBF0B30022F44801682046F0F7E2
:10544000D4FFF3480078012803D1F0480068783091
:1054500002E0EE4800687030014600222046F0F776
:10546000C4FF0422E9480168A0312046F0F7BDFFDF
:105470000822E6480168A8312046F0F7B6FF4FF44D
:10548000A022E248016820312046F0F7AEFFE14A51
:10549000DE48016860312046F0F7A7FF4FF4A022F4
:1054A000DA48016850312046F0F79FFF4FF4A02200
:1054B000D64800E026E0016801F502712046F0F7C9
:1054C00094FFD44A603AD148016858312046F0F739
:1054D0008CFFD04A7F3ACD48016848312046F0F72A
:1054E00084FFCC4A7C3AC948016830312046F0F745
:1054F0007CFFC84A783AC548016840312046F0F739
:1055000074FF2BE2C4492046F1F784FBF8B1002276
:10551000BE48016818312046F0F767FF0022BB48FB
:10552000016801F504712046F0F75FFF4FF4803207
:10553000B648016808312046F0F757FFB74AB3482C
:10554000016810312046F0F750FFFFF740B9B44929
:105550002046F1F75FFB78B10022AC480168483182
:105560002046F0F742FF0022A848016801F50871C3
:105570002046F0F73AFFF1E1AA492046F1F74AFB4D
:1055800068B30022A148016850312046F0F72DFF92
:1055900000229E48016801F506712046F0F725FFBC
:1055A00004229A48016828312046F0F71EFF0422A1
:1055B0009648016801F508712046F0F716FF202291
:1055C0009248016801F508712046F0F70EFF20228D
:1055D0008E48016858312046F0F707FFBEE1924936
:1055E0002046F1F717FB78B100228848016818318E
:1055F0002046F0F7FAFE00228448016801F5D071D8
:105600002046F0F7F2FEA9E188492046F1F702FBB7
:10561000B8B100227D48016801F5D8712046F0F745
:10562000E4FE4FF480327948016808312046F0F7F3
:10563000DCFE7A4A7548016810312046F0F7D5FE45
:105640008CE17B492046F1F7E5FAB8B100226F48BA
:10565000016801F5DC712046F0F7C7FE4FF4803297
:105660006A48016808312046F0F7BFFE6B4A674878
:10567000016810312046F0F7B8FE6FE16D49204611
:10568000F1F7C8FAF0B100226048016801F5D47161
:105690002046F0F7AAFE20225C48016801F5F0716F
:1056A0002046F0F7A2FE21225848016830312046FA
:1056B000F0F79BFE01225548016830312046F0F793
:1056C00094FE4BE15C492046F1F7A4FA20B95B490E
:1056D0002046F1F79FFA80B100224C48016801F59D
:1056E000E4712046F0F781FE20224848016801F568
:1056F000F0712046F0F779FE30E151492046F1F78C
:1057000089FAB8B100224148016801F5E0712046EC
:10571000F0F76BFE4FF480323C48016808312046B8
:10572000F0F763FE3D4A3948016810312046F0F732
:105730005CFE13E143492046F1F76CFA40B10022C8
:105740003248016801F5EC712046F0F74EFE05E1A4
:105750003D492046F1F75EFA40B100222B4801682E
:1057600001F5F4712046F0F740FEF7E03749204696
:10577000F1F750FA78B10022244801681831204628
:10578000F0F733FE00222148016801F5F871204648
:10579000F0F72BFED9E62E492046F1F73BFA40B14F
:1057A00000221A48016801F500712046F0F71DFE3D
:1057B000D4E028492046F1F72DFA20B300221348FF
:1057C000016818312046F0F710FE00220F480168EA
:1057D00078312046F0F709FE04220C480168A03118
:1057E0002046F0F702FE082208480168A83120464A
:1057F000F0F7FBFD4FF4E022044801682831204611
:10580000F0F7F3FDAAE027E088C0039044020024EB
:10581000480200248000050038C4039040000100C5
:1058200070C4039054C403908CC4039018C50390B3
:1058300034C50390C4C403906CC5039050C5039055
:10584000A8C40390E0C40390FCC40390A4C50390D3
:10585000DCC50390F8C5039041492046F1F7DAF919
:10586000A8B100223F4801682046F0F7BEFD4FF482
:1058700080323C48016808312046F0F7B6FD3A4ACC
:105880003848016810312046F0F7AFFD66E037492F
:105890002046F1F7BFF978B14FF480323148016802
:1058A00008312046F0F7A1FD2F4A2E48016810313B
:1058B0002046F0F79AFD51E02D492046F1F7AAF96C
:1058C00068B10022274801682046F0F78EFD0022CB
:1058D0002448016868312046F0F787FD3EE02549FD
:1058E0002046F1F797F938B100221E480168C0310F
:1058F0002046F0F77AFD31E01F492046F1F78AF99A
:10590000F8B100221748016801F5CC712046F0F784
:105910006CFD00221348016880312046F0F765FDD8
:105920004FF440320F48016850312046F0F75DFDDA
:105930004FF440320B48016880312046F0F755FDA6
:105940000CE00E492046F1F765F938B10022054810
:10595000016801F510712046F0F747FD00BFF4E53E
:105960004CC60390440200244000010068C6039026
:1059700030C6039084C603906CC003901CC403908F
:105980002DE9F14F88B00898EBF7CBFC0790089809
:10599000EBF728FD8046CDF8188007980A2856D1E5
:1059A0004046F1F7C0FF04464046F1F79DFF05462B
:1059B00005A94046F2F7FEF8BDF914000490BDF9C0
:1059C0001690204604EBD0714A100499114491FBC3
:1059D000F4F161430FFA81FA284605EBD07109EB27
:1059E000610191FBF5F1694309B203910F20029027
:1059F000002721E039464046F1F7F5FE06463046DD
:105A0000F3F7AAFD01903046F3F7C9FD0090019825
:105A1000504510D10399009888420CD1B34606989E
:105A2000C0F824B09BF82400029000221C214046BC
:105A3000EBF7DEFC05E07F1C4046F1F7F2FEB842D2
:105A4000D8D800BF40460299F5F794FB00BF09B0D3
:105A5000BDE8F08F0146C843401C01EA0002B2FADB
:105A600082F0C0F12003581E7047014621B1B1FAFF
:105A700081F0C0F1200000E000200246501E704777
:105A8000044A928912B20280024A128C12B20A802F
:105A9000704700003800002410B5084908688047A6
:105AA0000020E0F711FB012807D14FF6FF70E0F767
:105AB000D1FB00F031F800F017FD10BD38000024D4
:105AC00010B506484168002088470448808E00F4DD
:105AD000004008B1012010BD0020FCE73800002480
:105AE00070B505460C46FFF7EBFF30B10849094891
:105AF000FFF7C6FF0120A07301E00020A073054856
:105B0000B0F9000020800248B0F90000608070BD4C
:105B10003E0100243C0100242DE9F04F2DED048BC3
:105B200089B04FF000080020039000BF4FF6FF70CF
:105B3000E0F790FB4FF47840DD49096810226423B8
:105B4000CDE900210290A02228210846E3F7FEFBC0
:105B50004FF478421421084600F064FA0020D54939
:105B60008886A1E1D348416801208847D148808ECA
:105B700000F44040B0F5804F7ED100200390CD4826
:105B8000808E20F48040CB4988860846808904A90D
:105B900021F82800C748008C01EB8801488008F1F3
:105BA000010000F0FF08B8F1060F13D2DFE808F09B
:105BB000120313263C514FF6FF721421084600F0E1
:105BC00031FABD490988143988B24FF4784214215A
:105BD00000F028FA58E1B8490988143988B24FF61C
:105BE000FF72142100F01EFAB3484088143881B2C5
:105BF0004FF47842142000F015FA45E1AE48408891
:105C0000143881B24FF6FF72142000F00BFAAA4A42
:105C10005288143A91B2A84A1288143A90B24FF4BA
:105C2000784200F0FFF92FE14FF6FF70E0F712FB2A
:105C3000A14AB2F8029009EBD97251109E4AB2F80B
:105C400000A00AEBDA7250104FF4784200F0EAF943
:105C50001AE1BDF81400BDF81010401A04B2BDF8E6
:105C60001C00BDF81810401A06B2BDF81E10BDF891
:105C70001600081A05B200E007E1BDF81A00BDF8E9
:105C80001210401A07B200EE104AB8EEC01B00EE28
:105C9000106AB8EEC00B81EE002BB0EE428B00EE26
:105CA000105AB8EEC01B00EE107AB8EEC00B81EEB1
:105CB000002BB0EE429BB5EEC08BF1EE10FA03D292
:105CC000B1EE480BB0EE408BB5EEC09BF1EE10FA92
:105CD00003D2B1EE490BB0EE409B9FED780BB4EED2
:105CE000C08BF1EE10FA60D39FED760BB4EEC08B53
:105CF000F1EE10FA59DC9FED710BB4EEC09BF1EEA2
:105D000010FA52D39FED6F0BB4EEC09BF1EE10FA78
:105D10004BDCB4F1000B01DBDE4601E0CBF1000E01
:105D2000BEF5805F41DAB5F1000A01DBD64601E03D
:105D3000CAF1000EBEF5805F37DAB6F1000901DB6B
:105D4000CE4601E0C9F1000EBEF5805F2DDAB7F155
:105D5000000C01DBE64601E0CCF1000EBEF5805FF1
:105D600023DA231E01DB9E4601E0C3F1000EBEF1E3
:105D7000000F1AD02A1E01DB964601E0C2F1000E88
:105D8000BEF1000F11D0311E01DB8E4601E0C1F1E2
:105D9000000EBEF1000F08D0381E01DB864601E080
:105DA000C0F1000EBEF1000F1FD14FF00008424AB3
:105DB000B2F8029009EBD97251103F4AB2F800A034
:105DC0000AEBDA7250104FF6FF7200F02BF94FF425
:105DD00078421421084600F025F9B0EE491BB0EED8
:105DE000480B04A800F07EF85EE0A01900EE100A4F
:105DF000F8EEC00A304800882838400000EE100A4B
:105E0000B8EEC00A80EE801A2A4880ED0E1AE81912
:105E100000EE100AF8EEC00A2748408828384000F3
:105E200000EE100AB8EEC00A80EE801A214880ED1C
:105E30000F1ABDF8200000B21E49A1F84000BDF8BD
:105E4000220000B2A1F842004FF6FF70E0F702FA1C
:105E50001F201EA11022CDE9002102901648438880
:105E600002886E212320E3F771FA4FF47A70CBF7A2
:105E700082FB00F039FB4FF6FF70E0F7EBF909B059
:105E8000BDEC048BBDE8F08F00BF0A20CBF773FB9D
:105E90000398401C80B203900398B0F57A7F02DD2E
:105EA00000F0FCF801E000BF5CE600BF00BFE6E7E1
:105EB00050BE039038000024D00400246666666655
:105EC0006666EE3FCDCCCCCCCCCCF03F546F756346
:105ED000682053637265656E2041646A757374202F
:105EE0004F4B210070B52DED048B88B00546B0EE08
:105EF000408BB0EE419B002433E035F82430621C27
:105F00003DA103A8CAF7F8F84FF4784003A910227E
:105F1000CDE9002102903A484388028804EB8400CE
:105F2000A02606EB80012820E3F710FA05EB840099
:105F30004388621C33A103A8CAF7DEF84FF4784007
:105F400003A91022CDE9002102902D484388028840
:105F500004EB840006EB80017820E3F7F7F9601C7E
:105F6000C4B2052CC9DB4FF6FF70009024480088AE
:105F7000401E82B204EB8400A02303EB80011023B7
:105F80002820E2F795FC53EC182B20A103A8CAF7B0
:105F9000B3F800208DF813004FF4784003A91022C5
:105FA000CDE90021029016484388028804EB840062
:105FB000A02606EB80012820E3F7C8F953EC192B43
:105FC00015A103A8CAF798F800208DF813004FF424
:105FD000784003A91022CDE90021029008484388A7
:105FE000028804EB840006EB80017820E3F7AEF929
:105FF00008B0BDEC048B70BD7825643A25640000C0
:10600000D00400247925643A2564000070783A258C
:10601000302E32660000000070793A25302E32664C
:1060200000000000F8B504460D46164604F10D01C7
:106030008AB2193988B22B4629460096E0F739FA18
:1060400005F10D0083B2193881B222462046009630
:10605000E0F72FFA6A1C91B2621C90B23246E0F768
:106060007FFA6A1C91B2621E90B23246E0F778FA6B
:106070006A1E91B2621C90B23246E0F771FA6A1E53
:1060800091B2621E90B23246E0F76AFA33460622B7
:1060900029462046E0F790F9F8BD000070B5084C9D
:1060A00000250C2221462820D0F7CEFC3420D0F742
:1060B000DDFC05460A2D01D1012070BD0020FCE762
:1060C0007000002400B587B000206E4981F84400BC
:1060D000084690F844006C49897901F001010843B1
:1060E000684981F844006848808845F21051884228
:1060F0000BD06548808844F24231884205D062481E
:10610000808841F2180188420ED1DDF791FD5F4889
:106110005C494860084690F8440040F0800081F8EF
:106120004400002007B000BD5748808841F6631145
:1061300088420BD05448808847F28401884205D0B9
:106140005148808847F2160188420DD1DCF718F9D2
:106150004F484C494860084690F8440040F08000A1
:1061600081F844000020DDE700BF00BF4948006817
:1061700040F00200474908600846006800F002004D
:10618000019000BF00BF00BF00BF00BF084600680D
:1061900040F0040008600846006800F00400019028
:1061A00000BF00BF00BF00BF00BF0846006840F04E
:1061B000080008600846006800F00800019000BF71
:1061C00000BF00BF00BF00BF0846006840F00200EB
:1061D00008600846006800F00200019000BF00BFA0
:1061E00000BF00BF00BF0846006840F00200086022
:1061F0000846006800F00200019000BF00BF00BF29
:1062000002200290002003900120049003200590BA
:1062100002A92148CBF796F94020029002A91F4815
:10622000CBF790F9082002900120039004900320FE
:10623000059002A91848CBF785F90120029002A920
:106240001548CBF77FF92020029002A91448CBF71C
:1062500079F90C492031A1F1140000F0CBF8D0F706
:10626000EFFBFFF71BFF08B100205BE74FF6FF7065
:10627000DFF7F0FFFFF750FC00F036F9FFF70EFFF5
:1062800001204FE738000024D0040024CD3D0190C8
:106290000D250190E044025800040258000C0258F9
:1062A0000008025870B506460025002400BF0022F1
:1062B00001212F48CBF75AF900BF00BF0022082167
:1062C0002B48CBF753F900BF00BF002220212948FB
:1062D000CBF74CF900BF304600F0AAF90620CBF707
:1062E00077F900BF002201212148CBF73FF900BF19
:1062F0000120CBF76DF900BF012211461C48CBF7F6
:1063000035F900BF0120CBF763F900BF002201215E
:106310001748CBF72BF900BF00BF1DE04FF6FF7009
:1063200000EA440400BF002201211148CBF71EF906
:1063300000BF0120CBF74CF900BF012211460C48E9
:10634000CBF714F900BF40210B48CBF746F908B151
:10635000601C84B2681CC5B2102DDFDB241100BFA5
:10636000012220210348CBF701F900BF204670BD70
:106370000004025800080258000C02582DE9FE43A0
:1063800080460027002406E04046FFF78BFF2DF8EB
:106390001400601C84B2052CF6DB002416E0601C9F
:1063A00085B20FE03DF814003DF81510884207DD76
:1063B0003DF814603DF815002DF814002DF8156017
:1063C000681C85B2052DEDDB601C84B2042CE6DB75
:1063D0000027012405E03DF81400384487B2601C12
:1063E00084B2042CF7DB032097FBF0F086B2304632
:1063F000BDE8FE832DE9F04106460F460D4890F8B2
:10640000440000F0010040B19020FFF7B7FF0546BF
:10641000D020FFF7B3FF044607E0D020FFF7AEFF20
:1064200005469020FFF7AAFF044635803C80BDE872
:10643000F0810000380000247FB504460D4602A913
:1064400003A8FFF7D7FF694601A8FFF7D3FFBDF800
:106450000400BDF80C10884206DCBDF80C10BDF835
:106460000400323081420CDBBDF80C00BDF8041092
:10647000884237DCBDF80410BDF80C003230814290
:1064800030DABDF80000BDF80810884206DCBDF81F
:106490000810BDF80000323081420CDBBDF8080066
:1064A000BDF8001088421DDCBDF80010BDF80800E2
:1064B0003230814216DABDF80C10BDF8042088187D
:1064C00000EBD071C1F34F012180BDF80810BDF879
:1064D0000020881800EBD071C1F34F012980012002
:1064E00004B070BD0020FBE710B5054C0C2221461E
:1064F0002820D0F7E4FA0A213420D0F7F2FA10BDB0
:106500007000002410B5044602214648CBF765F818
:10651000002866D12CB14449A1F11400FFF78CFF8B
:106520004EE04149A1F11400FFF786FFF0B33E4968
:10653000203989893C4A203AB2F84020891A09B2A8
:1065400000EE101AB8EEC00A3749203991ED0E1A44
:10655000C0EE010A3549088800EBD071491000EE01
:10656000101AB8EEC00A30EE800ABCEEC00A10EE77
:10657000101A2D4A203A91811146098CB2F8422016
:10658000891A09B200EE101AB8EEC00A264920395D
:1065900091ED0F1AC0EE010A2449488800EBD07132
:1065A000491000EE101AB8EEC00A00E008E030EE24
:1065B000800ABCEEC00A10EE101A1B4A203A118461
:1065C00019482038808E00F4004020BB4FF4404032
:1065D00015492039888608468189C183018C418606
:1065E00019E011482038808E00F4004040B10E4878
:1065F0002038808E20F400400B49203988860AE03C
:10660000002109482038C18341864FF6FF700649B2
:106610002039888108840448203890F8340000200C
:1066200010BD00000004025858000024D0040024CB
:1066300070B50446002500BF25E004F0800030B1AD
:1066400000BF012208211148CAF790FF06E000BFF1
:10665000002208210D48CAF789FF00BF6006040E1A
:1066600000BF002201210948CAF780FF00BF0120B6
:10667000CAF7AEFF00BF012211460448CAF776FFF1
:1066800000BF681CC5B2082DD7DB70BD00040258DE
:106690002DE9F04786B080460D464446276800261F
:1066A000D7E0F86800EBC6004068C0F3406040B136
:1066B000F86800EBC600406820F07F40A16888427F
:1066C00000D0C5E0A08847284AD00EDC34281ED070
:1066D00006DC20283FD030283ED033287CD115E07E
:1066E0003B283CD0442877D138E0682810D004DC1F
:1066F00063281ED067286FD112E0A0F2574060B324
:10670000A0F580500238002866D10AE000BF00BF23
:10671000FF2D02DAE068059001E0206905906CE049
:1067200000BFFF2D02DAE068059001E020690590C6
:1067300063E0E06810B9206905900BE0206910B9AA
:10674000E068059006E0802D02DAE068059001E03F
:106750002069059051E000BF00BF00BF00BF00BF2F
:10676000002D03DCA089ADF8140033E0FF2D03DB1E
:10677000208AADF814002DE021690191E168E8B2AA
:10678000029100F1040C4FEAEC00BDF808C04CEA9D
:106790000C4CDFF8D4A00CEA0A01BDF804C04CEAA6
:1067A0000C4C0CEA0A02A2EB010C0CFB00FC01EB06
:1067B0005C1C0CEA0A0343EA134C1FFA8CFCCDF86C
:1067C00000C0BDF800A0D446CDF80CC0BDF80C0048
:1067D000ADF8140011E0FFE715B9E06805900BE093
:1067E000FF2D02D12069059006E0D4E90310401A7C
:1067F000684301EB2020059000BF00BF4FF0010966
:10680000FA6852F83600A18804AAF6F725FD78B197
:10681000DDE9041088420BD1BDF81400BDF810105A
:10682000884205D1DDE90410884201D14FF000090A
:10683000FA6852F83600A188059AF7F774F8B9F1AA
:10684000000F04D0A288A1682068F4F73BF806E0A6
:10685000761C788CC0F3C500B0423FF622AF00BF73
:1068600006B0BDE8F08700001FF8E0072DE9F05FF3
:106870008146D9F800402568B4F804A04FF0000B19
:106880002D48CEF74AFC064615E0A6420ED03068E9
:10689000216888420AD1B068A168884206D1B088D0
:1068A000A188884202D14FF0010B06E03146224810
:1068B000CEF74BFC0646002EE7D100BFBBF1000F20
:1068C00038D100272FE0E86800EBC7004068C0F32C
:1068D000406038B3E86800EBC700406820F07F40B4
:1068E000A16888421ED121461348CEF795FC204668
:1068F000EEF72CFFE86800EBC7085146D8F8000017
:10690000F6F7E6FDE96851F83700F6F72CFD40B1DF
:10691000D8F8040020F07F422846D8F80010F4F799
:106920007AF805E07F1C688CC0F3C500B842CAD86D
:1069300000BF00BFBDE8F09F144702242DE9F041DD
:1069400005462C68A068F4F792FE8046A28841466E
:106950002068F2F7D1FBE060A6880020A0802346E3
:1069600032464146206800F00DF8A680A1682068F4
:10697000DCF79DFF0746A1883868E268F6F7D3FF89
:10698000BDE8F0812DE9F05F05460E4690469A4637
:106990004FF0000B2848CEF7E5FB044646E054458F
:1069A00000D145E021462448CEF7D6FB8146206839
:1069B000A8423AD1A068B04202D0B6F5702F34D1C7
:1069C000A088404503D04FF6FF7080452DD10027A9
:1069D00025E0E86800EBC7004068C0F34060E8B11C
:1069E000B6F5702F07D0E86800EBC700406820F0CC
:1069F0007F40B04212D1EA6852F83700A188F6F71A
:106A000067FD00212046E3F74FF821460A48CEF7FC
:106A100003FC2046EEF79AFE4FF0010B7F1C688CBA
:106A2000C0F3C500B842D4D800BF4C46002CB6D144
:106A300000BF5846BDE8F09F144702240246108864
:106A40000B88C01A70472DE9F14F86B0ECF76CFE49
:106A50008346BBF1000F02D107B0BDE8F08F069866
:106A6000EAF75FFC06460698EAF7BCFC8046444617
:106A70005020005DC0F3400000B9EDE75846ECF748
:106A8000A8FE022804D05846ECF7A3FE042800D143
:106A9000E2E704A9606AF0F765FF03A95846ECF73E
:106AA0005DFE02A95846ECF79BFEBDF90C000028DC
:106AB00003DBBDF90E00002800DACDE7BDF80C00BD
:106AC000BDF81010401A00B2ADF80400BDF80E0079
:106AD000BDF81210401A00B2ADF80600606AF2F775
:106AE00032FD8246656ABDF90400002803DA0027FA
:106AF0004FF0010913E0BDF90400504504DB47F6EF
:106B0000FF774FF001090AE001A9606AEDF708FB81
:106B100087B201A9606AEDF797FD80F0010994F84A
:106B20005C00C0F3400010B394F85C0000F001007A
:106B3000A8B9B9F1000F12D1012E10D167654FF637
:106B4000FF70A06594F85C0020F00100401C84F800
:106B50005C004FF440714046F0F716F916E094F8E7
:106B60005C0000F0010018B1022E01D1A7650DE014
:106B700094F85C0000F0010040B1032E01D0082E13
:106B800004D14FF440714046EFF7E2FB94F85C000B
:106B900000F0010008B9012E03D139464046F7F74D
:106BA000C3FF94F85C0000F00100E8B3D4E91501DC
:106BB00088420FD9E86BA16D884203D1286C616DC2
:106BC00088422AD0A06DE863606D28644046F3F7E0
:106BD000B4F822E0D4E9150188420FD2E86B616D68
:106BE000884203D1286CA16D884216D0606DE8639D
:106BF000A06D28644046F3F7A0F80EE04FF6FF7151
:106C0000E86B884202D1286C884206D04FF6FF70AC
:106C1000E86328644046F3F790F8032E01D0082E6D
:106C200007D194F85C0000E003E020F0010084F854
:106C30005C0000BF10E701460A69D1E901309860A5
:106C4000D1E9010358605068884201D188685060DA
:106C5000002008611068401E10601068704700F145
:106C6000080141604FF0FF31816000F10801C1600F
:106C7000016100210160704700210161704710B57A
:106C800002460B685C1C0CB9106907E002F10800B1
:106C900000E04068446824689C42FAD944684C602B
:106CA0004C68A160886041600A611468641C1460CB
:106CB00010BD42684A6093688B6093685960916028
:106CC000086103685B1C03607047000010B500BFDB
:106CD000502072B680F31188BFF34F8FBFF36F8FD0
:106CE00062B600BF0B480068401C0A4908600846AD
:106CF000006801280DD108480068C0B208B9012019
:106D000000E0002028B94FF4D37204A113A0C9F702
:106D1000E7F910BD2C01002404ED00E02E2E5C2EBE
:106D20002E5C4D6964646C6577617265735C467254
:106D3000656552544F535C706F727461626C655C30
:106D4000525644535C41524D5F434D375C72307034
:106D5000315C706F72742E63000000004572726FB8
:106D6000723A2025732C2025640D0A0010B50B48BB
:106D7000006828B940F2AD1209A119A0C9F7B0F90D
:106D800006480068401E054908600846006820B9AA
:106D9000002080F3118800BF00BF10BD2C0100242B
:106DA0002E2E5C2E2E5C4D6964646C657761726575
:106DB000735C4672656552544F535C706F727461B8
:106DC000626C655C525644535C41524D5F434D3793
:106DD0005C723070315C706F72742E630000000062
:106DE0004572726F723A2025732C2025640D0A00BB
:106DF00070B506463546002E3AD0083D2C461D4952
:106E000060680968084008B1012000E0002028B946
:106E10004FF4927218A126A0C9F762F9206808B948
:106E2000012000E0002028B940F2251212A120A084
:106E3000C9F756F90F49606809680840C0B1206871
:106E4000B0B90C496068096888436060CAF7F7FB0D
:106E50001B49606809680844194908602046F9F729
:106E6000D9FF18480068401C16490860CAF7ECFBB7
:106E700070BD0000280100242E2E5C2E2E5C4D6972
:106E800064646C6577617265735C467265655254C3
:106E90004F535C706F727461626C655C4D656D4DD3
:106EA000616E675C686561705F342E63000000008E
:106EB0004572726F723A2025732C2025640D0A00EA
:106EC000180100242401002400204FF0E021086173
:106ED0008861064800684FF47A71B0FBF1F0401EFB
:106EE0004FF0E0214861072008617047000000244E
:106EF0002DE9F04106460F462EB940F6C82211A1F1
:106F000019A0C9F7EDF80025BFB1002412E01A4816
:106F100000EBC4004068B04203D1174800EBC40541
:106F20000AE035B9144850F8340010B9124800EBA3
:106F3000C405641C082CEAD300BF0DB12F606E603D
:106F4000BDE8F0812E2E5C2E2E5C4D6964646C656C
:106F500077617265735C4672656552544F535C711C
:106F6000756575652E6300004572726F723A202553
:106F7000732C2025640D0A00204B01242DE9F041DB
:106F800005460E4617462C46FFF7A0FE94F944002E
:106F9000401C10B9002084F8440094F94500401CBE
:106FA00010B9002084F84500FFF7E0FEA06B28B977
:106FB0003A46314604F12400CAF755FB2046FAF759
:106FC000A8F9BDE8F08100002DE9F041054628460A
:106FD000EAF708FA06463046F0F76AFD07463846F3
:106FE000E4F70AFE044601213046F0F7FCFB804638
:106FF00094F90200401E054951F82030228804A16E
:107000004046EEF703F8BDE8F0810000A00100243F
:1070100025642025730000002DE9F0470546284629
:10702000EAF7E0F906463046F0F742FD07463846F3
:10703000E4F7E2FD044600213046F0F7D4FB804639
:10704000208840F2E772101A81B24046EAF72FF921
:1070500001213046F0F7C7FB814694F90200401E3B
:1070600081B24846EAF723F9BDE8F0872DE9F843F5
:10707000814600BF00BF4C46B4F92E0010F5004F0A
:1070800001D1BDE8F883A08D07B2A08D618D884243
:1070900003DAA08D00F5B47007B294F83400C0F3A1
:1070A000410000284FD0012802D002285CD139E0ED
:1070B000618DC81900EBD07149100EB2B4F93010CF
:1070C000B4F93220881800EBD07149100FFA81F81A
:1070D000B4F92E00404512DA0096638DB4F93010F1
:1070E000B4F92E004246EEF74FFA05B2A9B248466F
:1070F000E3F7D9FAB1B24846E3F784FA11E0009712
:10710000B4F93220B4F92E0033464146EEF73CFA8A
:1071100005B2B1B24846E3F7C6FAA9B24846E3F76A
:1071200071FA24E00097638DB4F93220B4F930107D
:10713000B4F92E00EEF728FA05B2A28DA9B248469E
:10714000E3F7C4F913E00097638DB4F93220B4F982
:107150003010B4F92E00EEF717FA05B2AAB2618D1D
:107160004846E3F7B3F902E000BF00BF89E700BF7C
:10717000A58700BF85E700001CB53F4C204600787E
:107180000190FF20214608700846007800909DF885
:10719000000000F0F0009DF80010884201D10120AD
:1071A00000E0002028B940F24D1234A143A0C8F7F6
:1071B00097FF9DF8000000F0500044490870072038
:1071C0004349086009E042480068401E40490860A1
:1071D0009DF800004006000E00909DF8000000F0B1
:1071E00080008028EFD03A480068C0F107000428EA
:1071F00001D1012000E0002028B940F261121FA156
:107200002EA0C8F76DFF32480068C0F107000428BF
:1072100001D1012000E0002028B94FF4B57217A178
:1072200026A0C8F75DFF2A480068000228490860C8
:107230000846008800F4E06008600F490198087073
:107240002448006840F4700022490860084600683D
:1072500040F070400860FFF737FE00201E490860CC
:10726000C8F700FF1D48006840F040401B49086017
:10727000C8F7E4FE00201CBD00E400E02E2E5C2ECA
:107280002E5C4D6964646C6577617265735C4672EF
:10729000656552544F535C706F727461626C655CCB
:1072A000525644535C41524D5F434D375C723070CF
:1072B000315C706F72742E63000000004572726F53
:1072C000723A2025732C2025640D0A003001002419
:1072D0003401002420ED00E02C01002434EF00E014
:1072E00010B500BF502072B680F31188BFF34F8FE6
:1072F000BFF36F8F62B600BFCAF7BAF918B14FF08B
:1073000080500449086000BF002080F3118800BF4E
:1073100010BD000004ED00E02DE9F84305460E46DF
:1073200017460024E5B1601EB0FBF5F0B04217D35C
:1073300005FB06F010F1550F12D805FB06F909F10F
:107340005400FAF72FF804468CB1A04608F154080F
:107350003B464246314628460094F9F743FD06E095
:107360002CB94FF4E37203A10BA0C8F7B9FE204675
:10737000BDE8F8832E2E5C2E2E5C4D6964646C652E
:1073800077617265735C4672656552544F535C71E8
:10739000756575652E6300004572726F723A20251F
:1073A000732C2025640D0A002DE9F04105460E4698
:1073B00001272C462CB94FF488722CA134A0C8F7B1
:1073C0008FFE002C42D0E06B00283FD04FF0FF3101
:1073D000E06BB1FBF0F0216C884237D3FFF776FC0D
:1073E000D4E90F12206801FB0200A0600020A06316
:1073F00020686060E06B401E226C216800FB021177
:10740000E160FF2084F8440084F845009EB92069BB
:1074100008B9012000E00020A8B904F11000CAF763
:1074200009F980B14FF080501D490860BFF34F8FBC
:10743000BFF36F8F07E004F11000FFF710FC04F1B9
:107440002400FFF70CFCFFF791FC00E000270FB1D0
:10745000012000E0002028B940F2451203A10CA051
:10746000C8F73EFE3846BDE8F08100002E2E5C2EA7
:107470002E5C4D6964646C6577617265735C4672FD
:10748000656552544F535C71756575652E630000D8
:107490004572726F723A2025732C2025640D0A0004
:1074A00004ED00E02DE9F74183B005460E464FF0AC
:1074B00000082C462CB940F251524CA154A0C8F7F8
:1074C0000FFE0EB9206C08B9012000E0002028B999
:1074D00040F2555245A14EA0C8F702FECAF7CDF8BA
:1074E00008B9059808B9012000E0002028B940F249
:1074F0005A523EA146A0C8F7F3FD00BFFFF7E6FBD6
:10750000A76BF7B131462046F9F7C6FB781EA0639A
:10751000206908B9012000E0002060B904F11000E2
:10752000CAF788F838B14FF080503D490860BFF382
:107530004F8FBFF36F8FFFF719FC012006B0BDE836
:10754000F081059818B9FFF711FC0020F6E7B8F1B3
:10755000000F04D101A8CAF795F84FF00108FFF712
:1075600005FCCAF76CF8FFF7B1FB94F94400401C26
:1075700010B9002084F8440094F94500401C10B96B
:10758000002084F84500FFF7F1FB05A901A8CAF720
:107590007EF8F0B92046F9F79DFCA0B104F1240073
:1075A0000599CAF779F82046F9F7B3FECAF74CF8FF
:1075B0000028A3D14FF0805019490860BFF34F8FC6
:1075C000BFF36F8F9AE72046F9F7A3FECAF73CF89E
:1075D00094E72046F9F79DFECAF736F82046F9F7FA
:1075E00079FC00288AD00020A8E700002E2E5C2E0F
:1075F0002E5C4D6964646C6577617265735C46727C
:10760000656552544F535C71756575652E63000056
:107610004572726F723A2025732C2025640D0A0082
:1076200004ED00E01CB50024F9F704FB0B480068EA
:1076300058B10B481F2100234FF48072CDE9001090
:1076400008A10A48C9F7D8FF04462CB940F219121C
:1076500007A110A0C8F744FD20461CBD000100246E
:1076600004010024546D722053766300F9120390D4
:107670002E2E5C2E2E5C4D6964646C65776172659C
:10768000735C4672656552544F535C74696D6572E4
:10769000732E63004572726F723A2025732C202579
:1076A000640D0A002DE9F84304462046E9F79AFEE6
:1076B00007462046E9F799FE80463846E9F766FB1B
:1076C00005464046E4F798FA06463068009040F2D6
:1076D000E770401B80B2ADF800009DF90220BDF8B4
:1076E00000104046E4F790FABDE8F883C9F703B903
:1076F000000000000000000000000000000000008A
:107700003F4000000000000000003000400030005A
:107710004000000009000BC03D000BC03D00090007
:1077200018C024407FE0224031800000180024C0AF
:107730001B000D803240018003801C4027401C80CC
:107740000740004010006000000000000000000042
:107750000000000000001F8020404020000040206A
:1077600020401F8000000000090006001F80060066
:1077700009000000040004003F8004000400000031
:107780000010006000000000000000000400040081
:10779000040004000400000000000040000000009D
:1077A00000000000002001C006003800400000007A
:1077B0001F802040204020401F800000000010401B
:1077C0003FC000400000000018C02140224024407B
:1077D0001840000010802040244024401B800000FE
:1077E00002000D0011003FC0014000003C80244019
:1077F00024402440238000001F8024402440344043
:10780000038000003000200027C038002000000066
:107810001B802440244024401B8000001C0022C008
:10782000224022401F8000000000000008400000AD
:1078300000000000000000000460000000000000E4
:10784000000004000A0011002080404009000900E7
:1078500009000900090000000000404020801100DC
:107860000A00040018002000234024001800000033
:107870001F802040274029401F400000004007C0D3
:1078800039000F0001C0004020403FC02440244088
:107890001B8000001F8020402040204030800000DE
:1078A00020403FC0204020401F80000020403FC0BB
:1078B00024402E4030C0000020403FC024402E0015
:1078C000300000000F001080204022403380020072
:1078D00020403FC0040004003FC020402040204022
:1078E0003FC02040204000000060202020203FC0FA
:1078F0002000200020403FC024400B0030C020402A
:1079000020403FC020400040004000C03FC03C003D
:1079100003C03C003FC0000020403FC00C4023009B
:107920003FC020001F802040204020401F800000DA
:1079300020403FC024402400180000001F80214048
:10794000214020E01FA0000020403FC0244026002E
:1079500019C0004018C0244024402240318000005B
:10796000300020403FC020403000000020003F8019
:10797000004000403F80200020003E0001C0070082
:1079800038002000380007C03C0007C03800000065
:10799000204039C0060039C0204000002000384097
:1079A00007C0384020000000304021C02640384049
:1079B00020C00000000000007FE0402040200000C8
:1079C000000070000C000380004000000000402018
:1079D00040207FE000000000000020004000200068
:1079E0000000000000100010001000100010001037
:1079F00000000000400000000000000000000280C5
:107A00000540054003C0004020003FC00440044042
:107A10000380000000000380044004400640000092
:107A200000000380044024403FC000400000038069
:107A30000540054003400000000004401FC02440F2
:107A400024402000000002E00550055006500420AC
:107A500020403FC00440040003C000400000044038
:107A600027C000400000000000100010041027E0B4
:107A70000000000020403FC00140070004C0044057
:107A8000204020403FC000400040000007C00400EC
:107A900007C0040003C00000044007C00440040005
:107AA00003C0004000000380044004400380000045
:107AB000041007F00450044003800000000003801D
:107AC0000440045007F00010044007C002400400C6
:107AD00004000000000006400540054004C000000E
:107AE000000004001F8004400040000004000780E4
:107AF0000040044007C000400400070004C00180AB
:107B000006000400060001C0070001C006000000D6
:107B1000044006C0010006C0044000000410071025
:107B200004E00180060004000000044005C0064097
:107B3000044000000000000004007BE04020000042
:107B4000000000000000FFF00000000000004020E6
:107B50007BE00400000000004000800040002000A6
:107B600020004000000000000000000000000000B5
:107B7000000000000000000000001FCC000C00000E
:107B80000000000000000800300060000800300025
:107B900060000000022003FC1E20022003FC1E20C7
:107BA0000220000000000E1811043FFF10840C7822
:107BB000000000000F0010840F3800C00778188400
:107BC0000078000000780F8410C411240E9800E49F
:107BD0000084000808006800700000000000000039
:107BE0000000000000000000000007E0181820045A
:107BF00040020000000040022004181807E00000C6
:107C0000000000000240024001800FF001800240AD
:107C1000024000000080008000800FF8008000809B
:107C2000008000000001000D000E000000000000B8
:107C300000000000000000800080008000800080C4
:107C4000008000800000000C000C0000000000001C
:107C5000000000000000000600180060018006001F
:107C600018002000000007F008081004100408089D
:107C700007F000000000080408041FFC00040004D2
:107C80000000000000000E0C101410241044118499
:107C90000E0C000000000C181004110411041288CE
:107CA0000C700000000000E00320042408241FFCE6
:107CB0000024000000001F98108411041104108893
:107CC00010700000000007F00888110411041888E3
:107CD0000070000000001C00100010FC13001C00CD
:107CE0001000000000000E3811441084108411446C
:107CF0000E38000000000700088C1044104408886B
:107D000007F00000000000000000030C030C00005E
:107D1000000000000000000000010106000000005B
:107D2000000000000000008001400220041008084C
:107D30001004000002200220022002200220022063
:107D40000220000000001004080804100220014076
:107D50000080000000000E001200100C106C10805B
:107D60000F00000003E00C1813E4142417C40828C3
:107D700007D000000004003C03C41C40074000E49E
:107D8000001C000410041FFC1104110411040E88CF
:107D90000070000003E00C18100410041004100818
:107DA0001C10000010041FFC10041004100408082C
:107DB00007F0000010041FFC1104110417C4100484
:107DC0000818000010041FFC1104110017C0100057
:107DD0000800000003E00C181004100410441C7884
:107DE0000040000010041FFC1084008000801084FC
:107DF0001FFC10040000100410041FFC10041004E9
:107E00000000000000030001100110011FFE10001F
:107E10001000000010041FFC110403801464181CDF
:107E20001004000010041FFC1004000400040004EF
:107E3000000C000010041FFC1F0000FC1F001FFCB2
:107E40001004000010041FFC0C04030000E01018D4
:107E50001FFC100007F008081004100410040808A4
:107E600007F0000010041FFC1084108010801080A8
:107E70000F00000007F0081810241024101C080A36
:107E800007F2000010041FFC1104110011C0113092
:107E90000E0C000400000E1C110410841084104409
:107EA0001C3800001800100010041FFC1004100003
:107EB0001800000010001FF8100400040004100453
:107EC0001FF8100010001E0011E0001C007013804D
:107ED0001C0010001FC0103C00E01F0000E0103C20
:107EE0001FC000001004180C163401C001C0163465
:107EF000180C100410001C00130400FC13041C00D8
:107F0000100000000804101C1064108413041C04EA
:107F1000101800000000000000007FFE4002400238
:107F200040020000000030000C0003800060001CD4
:107F30000003000000004002400240027FFE0000FB
:107F40000000000000000000200040004000400051
:107F500020000000000100010001000100010001FB
:107F6000000100010000400040002000000000006F
:107F70000000000000000098012401440144014475
:107F800000FC000410001FFC0088010401040088AC
:107F9000007000000000007000880104010401046A
:107FA000008800000000007000880104010411082E
:107FB0001FFC0004000000F8014401440144014496
:107FC00000C800000000010401040FFC11041104AA
:107FD00011001800000000D601290129012901C95A
:107FE0000106000010041FFC0084010001000104D0
:107FF00000FC000400000104190419FC0004000442
:10800000000000000000000300010101190119FE39
:108010000000000010041FFC0024004001B4010C0B
:10802000010400000000100410041FFC0004000400
:1080300000000000010401FC0104010001FC010436
:10804000010000FC010401FC0084010001000104A6
:1080500000FC0004000000F8010401040104010414
:1080600000F80000010101FF0085010401040088FF
:108070000070000000000070008801040104010588
:1080800001FF00010104010401FC0084010401005E
:1080900001800000000000CC0124012401240124FF
:1080A0000198000000000100010007F8010401042C
:1080B00000000000010001F80004000400040108B1
:1080C00001FC0004010001800170000C001001603F
:1080D0000180010001F0010C003001C00030010CF2
:1080E00001F0010000000104018C00740170018C9A
:1080F00001040000010101810171000E00180160FE
:108100000180010000000184010C0134014401845C
:10811000010C0000000000000000000001003EFC17
:10812000400240020000000000000000FFFF0000CD
:10813000000000000000400240023EFC0100000080
:10814000000000000000600080008000400040004F
:1081500020002000000000000000000000000000DF
:10816000000000000000000000000000000000000F
:1081700000000000000000000000000000000000FF
:10818000000000000000000F80380FFE380F80381C
:1081900000000000000000000000000000000000DF
:1081A00000000100000600000C0000380000310053
:1081B000000600000C000038000030000000000045
:1081C0000000000061800067F807F980006180000E
:1081D00061800061800061800067F807F9800061BC
:1081E0008000000000000000000001C0E003E0F09B
:1081F0000630080418081FFFFE040E080787F00366
:1082000081E000000000000001F000060C00040402
:1082100008060C7001F9C0000E00003BE000EC18ED
:10822000070808040C180003E00000000001E0004B
:1082300007F003F818041C0804170807E1D003C06E
:10824000E00023B0003C08002008000010000000FF
:108250000000000100003100003200001C0000009E
:10826000000000000000000000000000000000000E
:1082700000000000000000000000000000000000FE
:10828000000000007F0001FFC00780F00C00181004
:108290000004200002000000000000200002100086
:1082A000040C00180780F001FFC0007F00000000F0
:1082B00000000000000000000000000000000000BE
:1082C0004200006600006600003C0000180003FF4A
:1082D000C0001800003C000066000066000042007C
:1082E000000000000800000800000800000800006E
:1082F000080001FFC0000800000800000800000896
:108300000000080000000000000100003100003201
:1083100000001C0000000000000000000000000041
:10832000000000000000000000000000080000083D
:108330000000080000080000080000080000080015
:108340000008000008000008000000000000000015
:108350000000000038000038000038000000000075
:10836000000000000000000000000000000000000D
:1083700000000000000600001C00007000018000EA
:108380000E0000380000C0000700001C0000300094
:1083900000000000000000007F8001FFE00380700B
:1083A0000600180400080400080600180380700185
:1083B000FFE0007F800000000000000000000100DE
:1083C0000801000801000803FFF807FFF800000893
:1083D000000008000008000000000000000000018C
:1083E000C03802C05804009804011804021804049C
:1083F00018061C1803F81801E0F80000000000003F
:1084000000000001C0E003C0F004000804080804F4
:10841000080806180803F41801E7F00001E000005E
:1084200000000000000000000300000D000011002B
:1084300000610000810803010807FFF80FFFF80042
:1084400001080001080000000000000000E007FC37
:10845000D006080806100806100806100806183886
:10846000060FF00607C0000000000000000000003A
:108470003F8001FFE0038430020818041008041054
:1084800008041008071810030FF00007C0000000D0
:1084900000000000000003C0000700000600000606
:1084A00000F80607F806180006E0000700000600BE
:1084B0000000000000000001E1E003F7F0063410C6
:1084C000041808041808040C08040C0806161803FD
:1084D000F3F001C1E000000000000000F80003FC20
:1084E00030030638040208040208040208040410D9
:1084F0000308F001FFC0007F000000000000000042
:108500000000000000000000000000007038007053
:10851000380070380000000000000000000000007B
:10852000000000000000000000000000000000004B
:10853000301A00301C0000000000000000000000A5
:10854000000000000000000000000008000014000F
:108550000022000041000080800100400200200451
:1085600000100800080000000000000021000021A9
:108570000000210000210000210000210000210056
:108580000021000021000021000000000000000088
:1085900000000800080400100200200100400080D4
:1085A00080004100002200001400000800000000CC
:1085B00000000003C00004C00004000008003808E8
:1085C0000F380808380810000C300007E00003C01E
:1085D00000000000000000003F8000FFE00380700A
:1085E000020F1006708804C088048308047F880284
:1085F000C09003012000FE400000080000180001A8
:10860000F8003E0801C20007020007E20000FE0079
:10861000001FC80001F80000380000080400080727
:10862000FFF807FFF804080804080804080804080D
:108630000806180803F41801E7F00001E000000044
:10864000000000003F8001FFE0038070020018047A
:108650000008040008040008040010060020078039
:10866000C000000004000807FFF807FFF804000836
:1086700004000804000804001802001003807001C0
:10868000FFE0007F8000000004000807FFF807FFFC
:10869000F8040808040808040808040808043E0848
:1086A000040008060018010060000000040008072C
:1086B000FFF807FFF804080804080004080004088D
:1086C00000043E00060000060000018000000000DB
:1086D000000000003F8001FFE003807006001804E6
:1086E00000080402080402080203F00783F00002F5
:1086F0000000020004000807FFF807FFF80408085C
:10870000000800000800000800000800040808072E
:10871000FFF807FFF8040008000000000000040054
:108720000804000804000807FFF807FFF804000821
:108730000400080400080000000000000000000021
:10874000000600000700000104000104000104000D
:108750000307FFFE07FFFC04000004000004000004
:1087600004000807FFF807FFF8040C0800180000D1
:108770003E0004C7800503C80600F8040038040062
:108780001800000804000807FFF807FFF8040008B5
:1087900000000800000800000800000800000800B1
:1087A000001800006000000004000807FFF80780C0
:1087B0000807FC00007FC00003F80007C000780035
:1087C00007800807FFF807FFF804000804000807FF
:1087D000FFF807000803C00000E000003800001E9A
:1087E000000007000001C00400F007FFF8040000CB
:1087F000000000007F8001FFE00380700600180485
:10880000000804000806001803003001FFE0007FA4
:108810008000000004000807FFF807FFF8040408C0
:10882000040400040400040400040400060C000313
:10883000F80001F000000000000000007F8001FF50
:10884000E00380700600880400880400C806003C2D
:1088500003003E01FFE6007F8400000004000807DB
:10886000FFF807FFF8040808040800040C00040FD0
:1088700000040BC00610F003F03801E00800000807
:1088800000000001E0F803F030063010041808047E
:108890001808040C08040C080206180207F00781E7
:1088A000E000000001800006000004000004000059
:1088B00004000807FFF807FFF8040008040000049C
:1088C000000006000001800004000007FFE007FF31
:1088D000F00400180000080000080000080000086C
:1088E00000000804001007FFE00400000400000678
:1088F000000007E00007FE00041FE00001F8000090
:10890000380001E0043E0007C0000600000400003B
:1089100004000007E00007FFC0041FF80007C007BD
:10892000F80007FF80043FF80007C004F8000700C4
:108930000004000000000004000806001807C078CA
:1089400005F1C8003E00001F800463E80780F806B8
:108950000018040008000000040000060000078062
:108960000007E008047C08001FF80007F80018085A
:1089700004E00807000006000004000000000001F9
:1089800000080600380400F80403E8040F08047C1B
:108990000805F00807C00807001804006000000080
:1089A0000000000000000000000000000000003F88
:1089B000FFFE200002200002200002200002200012
:1089C0000200000000000000000008000007000096
:1089D00000C0000038000006000001C000003000A8
:1089E000000E000001000000000000000000200058
:1089F000022000022000022000022000023FFFFEB1
:108A00000000000000000000000000000000000066
:108A100000000000000800001000003000002000EE
:108A200000300000100000080000000000000000FE
:108A30000000010000010000010000010000010031
:108A40000001000001000001000001000001000021
:108A500001000001000000000000000000200000F4
:108A600020000010000010000000000000000000C6
:108A700000000000000000000000000000F00019ED
:108A8000F8001B1800220800260800240800241003
:108A9000003FF8001FF80000080000180000000464
:108AA000000007FFF80FFFF0001818001008002062
:108AB00008002008003018001FF0000FC000000060
:108AC0000000000007C0001FF00018300020080060
:108AD0002008002008003C08001C10000060000076
:108AE000000000000000000007C0001FF000381860
:108AF00000200800200800200804101007FFF80FCD
:108B0000FFF000001000000000000000000000075F
:108B1000C0001FF0001230002218002208002208B6
:108B2000003208001E10000E2000000000000000AF
:108B3000200000200800200801FFF803FFF80620AD
:108B4000080420080420080720000300000000009B
:108B500000000000000E000E6E001FF30031B10097
:108B600020B10020B1003191001F13002E1E002003
:108B70000E00300000000004000807FFF80FFFF8A7
:108B8000001008002000002000002008003FF8002E
:108B90001FF8000008000000000000000000002096
:108BA00008002008002008063FF8063FF8000008EB
:108BB00000000800000800000000000000000000A5
:108BC000000000000300000300200100200100203D
:108BD00003063FFE063FFC0000000000000000000E
:108BE00000000004000807FFF80FFFF800018800EC
:108BF0000300002FC00038F80020380020080000D3
:108C00000800000000000000000004000804000844
:108C100004000807FFF80FFFF80000080000080034
:108C20000008000000000000002008003FF8003F9E
:108C3000F8001008002000003FF8003FF80010087E
:108C4000002000003FF8003FF8000008000000008E
:108C50002008003FF8003FF8001008001000002036
:108C600000002008003FF8001FF800000800000086
:108C70000000000007C0000FF000183000300800AE
:108C80002008002008003008001830000FF000070E
:108C9000C0000000000000002001003FFF003FFF77
:108CA00000101100200900200800200800303800C2
:108CB0001FF0000FC00000000000000007C0001FF0
:108CC000F0003818002008002008002009001011CA
:108CD000001FFF003FFF000001000000002008000F
:108CE0002008002008003FF8003FF80008080010A6
:108CF00008002008002000003000003000000000C4
:108D0000000000000000000C78001E18003308006E
:108D100023080021080021880021980030F0003845
:108D20006000000000000000200000200000200083
:108D300000FFF003FFF800200800200800200800D2
:108D40000030000000000000000000002000003F94
:108D5000F0007FF800001800000800000800201054
:108D6000003FF8007FF0000010000000000000004D
:108D70002000003000003C00003F800023F0000095
:108D800078000070002380003C00003000002000CC
:108D9000002000003C00003FE00023F80000E0005D
:108DA0002700003E00003FE00021F80001E0003E07
:108DB00000002000000000002008002008003838D3
:108DC000003E680027800003C8002CF800383800F7
:108DD00020180020080000000000000020000030E3
:108DE00003003C01003F830023EC0000700023805F
:108DF000003C0000200000200000000000000000F7
:108E000000000038080020380020F80023E8002F78
:108E100088003E080038080020180000700000009C
:108E20000000000000000000000000000000000042
:108E300008000014001FF7FC3000062000020000AC
:108E40000000000000000000000000000000000022
:108E5000000000000000FFFFFF0000000000000015
:108E600000000000000000000000000000002000E2
:108E7000023000061FF7FC0014000008000000008C
:108E800000000000000000000000000000000018CA
:108E900000006000004000004000002000001000C2
:108EA000000800000400000400000C000010000096
:108EB00000000000000000000000000000000000B2
:108EC00000000000000000000000000000000000A2
:108ED0000000000000000000000000000000000092
:108EE0000000000000000000000000000000000082
:108EF0000000000000000000000000000000000072
:108F00000000000000000000000000000000000061
:108F10000000000000000000000000000000000051
:108F20000000000000000000000000000000000041
:108F30000000000000000000000000000000000031
:108F4000000000000000000007F000C007FFE1E0A3
:108F500007F001E0000000C0000000000000000079
:108F60000000000000000000000000000000000001
:108F700000000000000000000000000000000000F1
:108F800000000000000000000000000000000000E1
:108F900000000000000000000000000000000000D1
:108FA00000000000000000000000000000000000C1
:108FB00000000000000000000020000001C00000D0
:108FC000078000001F0000001E0000001C200000A1
:108FD00001C00000078000001F0000001E0000000C
:108FE0001C00000000000000000000000000000065
:108FF0000000000000000000000000000000000071
:109000000000000000000000000000000000000060
:109010000000000000000000000000000000000050
:109020000000000000000000000000000000000040
:109030000000000000180C0000180C0000180FE0E1
:10904000001FFC0003F80C0000180C0000180C00B6
:1090500000180C0000180C0000180FE0001FFC00A6
:1090600003F80C0000180C0000180C0000000000B1
:1090700000000000000000000000000000000000F0
:1090800000000000000000000000000000000000E0
:1090900000000000000000000000000000000000D0
:1090A00000000000000000000000000000000000C0
:1090B000000000000000000000000780007807C0EA
:1090C00000FC0640010E0020030700200203802060
:1090D0000FFFFFFC0201C0200200E0600130704081
:1090E00001F03F8000F01F000000000000000000C1
:1090F0000000000000000000000000000000000070
:10910000000000000000000000000000000000005F
:10911000000000000000000000000000000000004F
:10912000000000000000000000000000000000003F
:1091300000FE000001FF00000301800002008060CB
:10914000030181C001FF070000FE18000000E000DD
:109150000003BF00000CFFC00071806001C100204F
:10916000030180600000FFC000003F00000000001D
:1091700000000000000000000000000000000000EF
:1091800000000000000000000000000000000000DF
:1091900000000000000000000000000000000000CF
:1091A00000000000000000000000000000000000BF
:1091B00000001F0000007FC000FCC0C001FF8060F5
:1091C0000303E0200202782002061E2003FC074071
:1091D00001F00380000103C000011C600001E020D9
:1091E000000100200001004000000180000000009C
:1091F000000000000000000000000000000000006F
:10920000000000000000000000000000000000005E
:10921000000000000000000000000000000000004E
:10922000000000000000000000000000000000003E
:1092300000000000002000001C6000001C40000036
:109240001F8000000F000000000000000000000070
:10925000000000000000000000000000000000000E
:1092600000000000000000000000000000000000FE
:1092700000000000000000000000000000000000EE
:1092800000000000000000000000000000000000DE
:1092900000000000000000000000000000000000CE
:1092A00000000000000000000000000000000000BE
:1092B00000000000000000000000000000000000AE
:1092C0000000000000000000000000000007F8009F
:1092D000003FFF00007807C001C000E0030000303D
:1092E0000400000808000004100000020000000054
:1092F000000000000000000000000000000000006E
:10930000000000000000000000000000000000005D
:10931000000000000000000000000000000000004D
:10932000000000000000000000000000000000003D
:109330000000000010000002080000040400000803
:109340000300003001C000E0007807C0003FFF00CC
:109350000007F8000000000000000000000000000E
:1093600000000000000000000000000000000000FD
:1093700000000000000000000000000000000000ED
:1093800000000000000000000000000000000000DD
:1093900000000000000000000000000000000000CD
:1093A00000000000000000000000000000000000BD
:1093B0000000000000000000000C1800000E380043
:1093C000000E38000006300000036000006143809A
:1093D00000FFFF80006143000003600000063000D2
:1093E000000E3800000E3800000C180000000000CD
:1093F000000000000000000000000000000000006D
:10940000000000000000000000000000000000005C
:10941000000000000000000000000000000000004C
:10942000000000000000000000000000000000003C
:10943000000000000000000000008000000080002C
:10944000000080000000800000008000000080001C
:10945000007FFF000000800000008000000080000E
:10946000000080000000800000008000000000007C
:1094700000000000000000000000000000000000EC
:1094800000000000000000000000000000000000DC
:1094900000000000000000000000000000000000CC
:1094A00000000000000000000000000000000000BC
:1094B0000000000000000001000000E3000000E2E6
:1094C000000000FC00000078000000000000000028
:1094D000000000000000000000000000000000008C
:1094E000000000000000000000000000000000007C
:1094F000000000000000000000000000000000006C
:10950000000000000000000000000000000000005B
:10951000000000000000000000000000000000004B
:10952000000000000000000000000000000000003B
:1095300000000000000080000000800000008000AB
:10954000000080000000800000008000000080001B
:10955000000080000000800000008000000080000B
:10956000000080000000800000008000000000007B
:1095700000000000000000000000000000000000EB
:1095800000000000000000000000000000000000DB
:1095900000000000000000000000000000000000CB
:1095A00000000000000000000000000000000000BB
:1095B0000000000000000000000000C0000001E00A
:1095C000000001E0000000C00000000000000000FA
:1095D000000000000000000000000000000000008B
:1095E000000000000000000000000000000000007B
:1095F000000000000000000000000000000000006B
:10960000000000000000000000000000000000005A
:10961000000000000000000000000000000000004A
:10962000000000000000000000000000000000003A
:10963000000000000000000C00000038000000E006
:109640000000038000000E00000038000000E00071
:1096500000038000000E00000038000000E0000061
:10966000038000000E000000180000000000000051
:1096700000000000000000000000000000000000EA
:1096800000000000000000000000000000000000DA
:1096900000000000000000000000000000000000CA
:1096A00000000000000000000000000000000000BA
:1096B0000000000000000000000FF800007FFF0025
:1096C00000F00780018000C003000060020000205D
:1096D000020000200200002003000060018000C0A2
:1096E00000E00380007FFF00000FF8000000000092
:1096F000000000000000000000000000000000006A
:109700000000000000000000000000000000000059
:109710000000000000000000000000000000000049
:109720000000000000000000000000000000000039
:109730000000000000000000000000000080002089
:1097400000800020008000200080006001FFFFE01A
:1097500003FFFFE000000060000000200000002088
:1097600000000020000000000000000000000000D9
:1097700000000000000000000000000000000000E9
:1097800000000000000000000000000000000000D9
:1097900000000000000000000000000000000000C9
:1097A00000000000000000000000000000000000B9
:1097B0000000000000000000007800E00098016058
:1097C00001000260020004600200086002001060F4
:1097D000020020600200406003008060018300609E
:1097E00001FE00E0007C0780000000000000000097
:1097F0000000000000000000000000000000000069
:109800000000000000000000000000000000000058
:109810000000000000000000000000000000000048
:109820000000000000000000000000000000000038
:10983000000000000000000000F0078001F007C0F9
:10984000010000400200002002010020020100206F
:1098500002010020030380200186804001FCC0C07B
:1098600000787F8000001E00000000000000000063
:1098700000000000000000000000000000000000E8
:1098800000000000000000000000000000000000D8
:1098900000000000000000000000000000000000C8
:1098A00000000000000000000000000000000000B8
:1098B0000000000000000800000038000000480020
:1098C0000001880000060800000C08100030081095
:1098D0000040081001FFFFF003FFFFF003FFFFF05F
:1098E0000000081000000810000008100000000030
:1098F0000000000000000000000000000000000068
:109900000000000000000000000000000000000057
:109910000000000000000000000000000000000047
:109920000000000000000000000000000000000037
:10993000000000000000000000000780001F8640BB
:1099400003E10020030200200304002003040020A0
:10995000030400200304002003060040030301C0A9
:109960000301FF8003007E000000000000000000F3
:1099700000000000000000000000000000000000E7
:1099800000000000000000000000000000000000D7
:1099900000000000000000000000000000000000C7
:1099A00000000000000000000000000000000000B7
:1099B00000000000000000000007FC00003FFF0066
:1099C0000070C380008180C001010060030200209C
:1099D00002020020020200200202002002030040D6
:1099E00001C180C000C0FF8000007E0000000000B8
:1099F0000000000000000000000000000000000067
:109A00000000000000000000000000000000000056
:109A10000000000000000000000000000000000046
:109A20000000000000000000000000000000000036
:109A3000000000000000000000F0000003C0000073
:109A40000380000003000000030007E003003FE084
:109A50000301C000030600000318000003600000BB
:109A60000380000003000000000000000000000070
:109A700000000000000000000000000000000000E6
:109A800000000000000000000000000000000000D6
:109A900000000000000000000000000000000000C6
:109AA00000000000000000000000000000000000B6
:109AB0000000000000001F0000783F8000FC60C034
:109AC000018EC04003078020020300200201802095
:109AD000020180200201C0200301E040018670C025
:109AE00000FC3F8000781F00000000000000000024
:109AF0000000000000000000000000000000000066
:109B00000000000000000000000000000000000055
:109B10000000000000000000000000000000000045
:109B20000000000000000000000000000000000035
:109B300000000000003F000000FF81C001C0C1C064
:109B400001006020020020200200202002002020CE
:109B500002002060020040C00100C18000C18F00EF
:109B6000007FFE00001FF000000000000000000069
:109B700000000000000000000000000000000000E5
:109B800000000000000000000000000000000000D5
:109B900000000000000000000000000000000000C5
:109BA00000000000000000000000000000000000B5
:109BB00000000000000000000000000000000000A5
:109BC0000000000000000000000300C0000781E06A
:109BD000000781E0000300C000000000000000005A
:109BE0000000000000000000000000000000000075
:109BF0000000000000000000000000000000000065
:109C00000000000000000000000000000000000054
:109C10000000000000000000000000000000000044
:109C20000000000000000000000000000000000034
:109C30000000000000000000000000000000000024
:109C4000000000000000000000060066000600782A
:109C50000000000000000000000000000000000004
:109C600000000000000000000000000000000000F4
:109C700000000000000000000000000000000000E4
:109C800000000000000000000000000000000000D4
:109C900000000000000000000000000000000000C4
:109CA00000000000000000000000000000000000B4
:109CB0000000000000000000000080000001C00063
:109CC0000003600000063000000C180000180C00B3
:109CD000003006000060030000C001800100004069
:109CE000020000200400001000000000000000003E
:109CF0000000000000000000000000000000000064
:109D00000000000000000000000000000000000053
:109D10000000000000000000000000000000000043
:109D20000000000000000000000000000000000033
:109D300000000000000410000004100000041000E7
:109D400000041000000410000004100000041000C3
:109D500000041000000410000004100000041000B3
:109D600000041000000410000004100000000000B7
:109D700000000000000000000000000000000000E3
:109D800000000000000000000000000000000000D3
:109D900000000000000000000000000000000000C3
:109DA00000000000000000000000000000000000B3
:109DB000000000000000000004000010020000206D
:109DC0000100004000C00180006003000030060078
:109DD00000180C00000C18000006300000036000A2
:109DE0000001C00000008000000000000000000032
:109DF0000000000000000000000000000000000063
:109E00000000000000000000000000000000000052
:109E10000000000000000000000000000000000042
:109E20000000000000000000000000000000000032
:109E300000000000000000000078000001F80000B1
:109E40000238000002000000040000C0040079E0B5
:109E5000040081E0040100C00403000002020000CD
:109E60000306000001FC000000F8000000000000F4
:109E700000000000000000000000000000000000E2
:109E800000000000000000000000000000000000D2
:109E900000000000000000000000000000000000C2
:109EA00000000000000000000000000000000000B2
:109EB00000000000000FF800003FFE000070078067
:109EC00000C000C00101F8400307FC20021E04206E
:109ED0000230082002203020023FFC20013F0440D5
:109EE00001800CC000E03180001FC20000000000B3
:109EF0000000000000000000000000000000000062
:109F00000000000000000000000000000000000051
:109F10000000000000000000000000000000000041
:109F20000000000000000000000000000000000031
:109F30000000002000000060000003E000003E2060
:109F40000003E020003E200003E02000038020000A
:109F500007FC2000003FE0000003FE2000003FE07F
:109F6000000001E0000000200000002000000000D0
:109F700000000000000000000000000000000000E1
:109F800000000000000000000000000000000000D1
:109F900000000000000000000000000000000000C1
:109FA00000000000000000000000000000000000B1
:109FB00000000000020000200200002003FFFFE07C
:109FC00003FFFFE002010020020100200201002047
:109FD00002010020020100200303002001868060AE
:109FE00001FCC0C000F87F8000001F0000000000DE
:109FF0000000000000000000000000000000000061
:10A000000000000000000000000000000000000050
:10A010000000000000000000000000000000000040
:10A020000000000000000000000000000000000030
:10A03000000000000007F800003FFF0000700780EC
:10A0400000C000C00100004003000020020000200A
:10A050000200002002000020020000200100004059
:10A06000018000C003C00180003006000000000035
:10A0700000000000000000000000000000000000E0
:10A0800000000000000000000000000000000000D0
:10A0900000000000000000000000000000000000C0
:10A0A00000000000000000000000000000000000B0
:10A0B00000000000020000200200002003FFFFE07B
:10A0C00003FFFFE002000020020000200200002049
:10A0D000020000200300006001000040018000C079
:10A0E00000F00780007FFE00000FF8000000000075
:10A0F0000000000000000000000000000000000060
:10A10000000000000000000000000000000000004F
:10A11000000000000000000000000000000000003F
:10A12000000000000000000000000000000000002F
:10A1300000000000020000200200002003FFFFE0FA
:10A1400003FFFFE0020100200201002002010020C5
:10A15000020100200201002002038020020FE02003
:10A160000300006003C000E0006003000000000086
:10A1700000000000000000000000000000000000DF
:10A1800000000000000000000000000000000000CF
:10A1900000000000000000000000000000000000BF
:10A1A00000000000000000000000000000000000AF
:10A1B00000000000020000200200002003FFFFE07A
:10A1C00003FFFFE002010020020100200201000065
:10A1D00002010000020100000201000002038000F1
:10A1E000030FE0000300000003C000000060000057
:10A1F000000000000000000000000000000000005F
:10A20000000000000000000000000000000000004E
:10A21000000000000000000000000000000000003E
:10A22000000000000000000000000000000000002E
:10A23000000000000007F800003FFE0000700780EB
:10A2400001C001C001000040030000200200002006
:10A250000200002002000020010020200100204018
:10A2600003C03F8000303F8000002000000020003D
:10A2700000000000000000000000000000000000DE
:10A2800000000000000000000000000000000000CE
:10A2900000000000000000000000000000000000BE
:10A2A00000000000000000000000000000000000AE
:10A2B000020000200200002003FFFFE003FFFFE098
:10A2C000020080200200802000008000000080004A
:10A2D00000008000020080200200802003FFFFE0D9
:10A2E00003FFFFE002000020020000200000000049
:10A2F000000000000000000000000000000000005E
:10A30000000000000000000000000000000000004D
:10A31000000000000000000000000000000000003D
:10A32000000000000000000000000000000000002D
:10A3300000000000000000000000000002000020FB
:10A3400002000020020000200200002003FFFFE0C6
:10A3500003FFFFE0020000200200002002000020B6
:10A3600002000020000000000000000000000000CB
:10A3700000000000000000000000000000000000DD
:10A3800000000000000000000000000000000000CD
:10A3900000000000000000000000000000000000BD
:10A3A00000000000000000000000000000000000AD
:10A3B000000000000000000E0000000F0000000F71
:10A3C0000000000102000001020000010200000381
:10A3D0000200000603FFFFFC03FFFFF8020000007D
:10A3E0000200000002000000020000000000000067
:10A3F000000000000000000000000000000000005D
:10A40000000000000000000000000000000000004C
:10A41000000000000000000000000000000000003C
:10A42000000000000000000000000000000000002C
:10A4300000000000020000200200002003FFFFE0F7
:10A4400003FFFFE00200C02002010020000780009F
:10A45000000FE0000030F80002603E2003800F2073
:10A46000030003E0020000E00200002000000020E2
:10A4700000000000000000000000000000000000DC
:10A4800000000000000000000000000000000000CC
:10A4900000000000000000000000000000000000BC
:10A4A00000000000000000000000000000000000AC
:10A4B00000000000020000200200002003FFFFE077
:10A4C00003FFFFE002000020020000200000002047
:10A4D00000000020000000200000002000000020FC
:10A4E00000000060000000E0000003000000000029
:10A4F000000000000000000000000000000000005C
:10A50000000000000000000000000000000000004B
:10A51000000000000000000000000000000000003B
:10A52000000000000000000000000000000000002B
:10A53000020000200200002003FFFFE003E00020F3
:10A5400003FF0020001FF0000001FF8000000FE06B
:10A5500000001E000003E000003E002003E0002099
:10A5600003FFFFE003FFFFE00200002002000020E5
:10A5700000000000000000000000000000000000DB
:10A5800000000000000000000000000000000000CB
:10A5900000000000000000000000000000000000BB
:10A5A00000000000000000000000000000000000AB
:10A5B000020000200200002003FFFFE003800020D3
:10A5C00003F0002000FC0000001F00000007C00096
:10A5D0000001F00000007C0002001F80020007E084
:10A5E00003FFFFE002000000020000000000000086
:10A5F000000000000000000000000000000000005B
:10A60000000000000000000000000000000000004A
:10A61000000000000000000000000000000000003A
:10A62000000000000000000000000000000000002A
:10A6300000000000000FF800003FFE0000F007805F
:10A64000018000C001000040020000200200002044
:10A65000020000200200002001000040018000C034
:10A6600000F00380003FFE00000FF8000000000033
:10A6700000000000000000000000000000000000DA
:10A6800000000000000000000000000000000000CA
:10A6900000000000000000000000000000000000BA
:10A6A00000000000000000000000000000000000AA
:10A6B00000000000020000200200002003FFFFE075
:10A6C00003FFFFE0020080200200802002008000E3
:10A6D0000200800002008000020080000301800070
:10A6E0000183000000FE0000007C0000000000006C
:10A6F000000000000000000000000000000000005A
:10A700000000000000000000000000000000000049
:10A710000000000000000000000000000000000039
:10A720000000000000000000000000000000000029
:10A7300000000000000FF800007FFF0000F0038021
:10A74000018001C001000640020004200200042034
:10A7500002000620020003E0010000F80180005C16
:10A7600000E0038C003FFF0C000FFC18000000000D
:10A7700000000000000000000000000000000000D9
:10A7800000000000000000000000000000000000C9
:10A7900000000000000000000000000000000000B9
:10A7A00000000000000000000000000000000000A9
:10A7B00000000000020000200200002003FFFFE074
:10A7C00003FFFFE0020100200201002002018000DF
:10A7D0000201E0000201FC0003033F80018607E064
:10A7E00001FC00E000F80020000000200000000054
:10A7F0000000000000000000000000000000000059
:10A800000000000000000000000000000000000048
:10A810000000000000000000000000000000000038
:10A820000000000000000000000000000000000028
:10A8300000000000000000000078060000FE01E0BB
:10A84000018600C0030300400203002002018020B3
:10A85000020180200201C0200200C0200100E0604F
:10A86000018070C003E03F8000001F000000000076
:10A8700000000000000000000000000000000000D8
:10A8800000000000000000000000000000000000C8
:10A8900000000000000000000000000000000000B8
:10A8A00000000000000000000000000000000000A8
:10A8B00000000000006000000380000003000000B2
:10A8C00002000000020000200200002003FFFFE061
:10A8D00003FFFFE002000020020000200200000051
:10A8E000020000000380000000E000000000000003
:10A8F0000000000000000000000000000000000058
:10A900000000000000000000000000000000000047
:10A910000000000000000000000000000000000037
:10A920000000000000000000000000000000000027
:10A93000020000000200000003FFFF0003FFFFC051
:10A940000200004002000060000000200000002023
:10A9500000000020000000200200004002000080F3
:10A9600003FFFF00020000000200000000000000E2
:10A9700000000000000000000000000000000000D7
:10A9800000000000000000000000000000000000C7
:10A9900000000000000000000000000000000000B7
:10A9A00000000000000000000000000000000000A7
:10A9B00000000000020000000200000003C00000D0
:10A9C00003FC0000023FC0000003F80000007F808D
:10A9D000000007E000000780000078000203C000CC
:10A9E000023C000003C00000020000000200000062
:10A9F0000000000000000000000000000000000057
:10AA00000000000000000000000000000000000046
:10AA10000000000000000000000000000000000036
:10AA20000000000000000000000000000000000026
:10AA30000200000003C0000003FF8000023FFE0090
:10AA400002007FE000000F000200F00003EF0000B2
:10AA500003FF8000020FFE0000003FE000001F0027
:10AA60000207E00003F800000300000002000000FD
:10AA700000000000000000000000000000000000D6
:10AA800000000000000000000000000000000000C6
:10AA900000000000000000000000000000000000B6
:10AAA00000000000000000000000000000000000A6
:10AAB000000000000200002002000020038000E0EF
:10AAC00003F0032002FC0C20021F30000007C0002E
:10AAD0000007F00002187C0002601F20038003E0E2
:10AAE000020000E002000020000000200000000042
:10AAF0000000000000000000000000000000000056
:10AB00000000000000000000000000000000000045
:10AB10000000000000000000000000000000000035
:10AB20000000000000000000000000000000000025
:10AB300000000000020000000300000003C000004D
:10AB400003F80000023E0020020FC0200001FFE0D9
:10AB500000007FE000038020021C00200270000043
:10AB6000038000000200000002000000000000005E
:10AB700000000000000000000000000000000000D5
:10AB800000000000000000000000000000000000C5
:10AB900000000000000000000000000000000000B5
:10ABA00000000000000000000000000000000000A5
:10ABB0000000000000000020006000E0038003E0CF
:10ABC00003000FA002003E200200F8200203E02054
:10ABD000020F8020023E00200278002003E0006087
:10ABE000038000E0020003000000000000000000FD
:10ABF0000000000000000000000000000000000055
:10AC00000000000000000000000000000000000044
:10AC10000000000000000000000000000000000034
:10AC20000000000000000000000000000000000024
:10AC30000000000000000000000000000000000014
:10AC400000000000000000001FFFFFFC10000004D7
:10AC500010000004100000041000000410000004A4
:10AC600010000004100000040000000000000000BC
:10AC700000000000000000000000000000000000D4
:10AC800000000000000000000000000000000000C4
:10AC900000000000000000000000000000000000B4
:10ACA00000000000000000000000000000000000A4
:10ACB000000000000000000000000000070000008D
:10ACC00003C0000000780000001E00000003C00068
:10ACD0000000F00000001E0000000780000000F0EF
:10ACE0000000003C00000006000000000000000022
:10ACF0000000000000000000000000000000000054
:10AD00000000000000000000000000000000000043
:10AD10000000000000000000000000000000000033
:10AD20000000000000000000000000000000000023
:10AD300000000000000000001000000410000004EB
:10AD400010000004100000041000000410000004B3
:10AD5000100000041FFFFFFC0000000000000000C6
:10AD600000000000000000000000000000000000E3
:10AD700000000000000000000000000000000000D3
:10AD800000000000000000000000000000000000C3
:10AD900000000000000000000000000000000000B3
:10ADA00000000000000000000000000000000000A3
:10ADB0000000000000000000000000000000000093
:10ADC000020000000400000008000000180000005D
:10ADD000100000001800000018000000040000002F
:10ADE0000200000000000000000000000000000061
:10ADF0000000000000000000000000000000000053
:10AE00000000000000000000000000000000000042
:10AE10000000000000000000000000000000000032
:10AE20000000000000000000000000000000000022
:10AE3000000000010000000100000001000000010E
:10AE400000000001000000010000000100000001FE
:10AE500000000001000000010000000100000001EE
:10AE600000000001000000010000000100000001DE
:10AE700000000000000000000000000000000000D2
:10AE800000000000000000000000000000000000C2
:10AE900000000000000000000000000000000000B2
:10AEA00000000000000000000000000000000000A2
:10AEB0000000000000000000000000001000000082
:10AEC0001000000010000000180000000800000042
:10AED000040000000000000000000000000000006E
:10AEE0000000000000000000000000000000000062
:10AEF0000000000000000000000000000000000052
:10AF00000000000000000000000000000000000041
:10AF10000000000000000000000000000000000031
:10AF20000000000000000000000000000000000021
:10AF3000000000000000038000018FC000038C604F
:10AF40000006182000041020000410200004202017
:10AF500000042040000620400003FFC00001FFE085
:10AF60000000002000000020000000C000000000E1
:10AF700000000000000000000000000000000000D1
:10AF800000000000000000000000000000000000C1
:10AF900000000000000000000000000000000000B1
:10AFA00000000000000000000000000000000000A1
:10AFB00000000000020000000200000003FFFFE0AC
:10AFC00007FFFFC0000180C00002006000020020F7
:10AFD00000040020000400200004002000060040BF
:10AFE000000300C00001FF800000FE000000000020
:10AFF0000000000000000000000000000000000051
:10B000000000000000000000000000000000000040
:10B010000000000000000000000000000000000030
:10B020000000000000000000000000000000000020
:10B03000000000000000000000007E000001FF8012
:10B04000000381C000020040000600200004002030
:10B050000004002000040020000600200003C0407F
:10B060000001C0800000030000000000000000009C
:10B0700000000000000000000000000000000000D0
:10B0800000000000000000000000000000000000C0
:10B0900000000000000000000000000000000000B0
:10B0A00000000000000000000000000000000000A0
:10B0B000000000000000000000007E000001FF8092
:10B0C000000380C00006006000040020000400208F
:10B0D00000040020020400400202008003FFFFE0A1
:10B0E00007FFFFC00000004000000040000000001B
:10B0F0000000000000000000000000000000000050
:10B10000000000000000000000000000000000003F
:10B11000000000000000000000000000000000002F
:10B12000000000000000000000000000000000001F
:10B13000000000000000000000007E000001FF8011
:10B14000000311C000021040000410600004102031
:10B1500000041020000410200006102000031040FE
:10B160000001F0C0000071000000000000000000BD
:10B1700000000000000000000000000000000000CF
:10B1800000000000000000000000000000000000BF
:10B1900000000000000000000000000000000000AF
:10B1A000000000000000000000000000000000009F
:10B1B0000000000000000000000400000004002067
:10B1C0000004002000040020007FFFE001FFFFE0FA
:10B1D00001040020030400200204002002040020D7
:10B1E000020400000200000001C0000001C00000D5
:10B1F000000000000000000000000000000000004F
:10B20000000000000000000000000000000000003E
:10B21000000000000000000000000000000000002E
:10B22000000000000000000000000000000000001E
:10B2300000000000000000000000001C0000E33ED1
:10B240000003FFC200020CC3000404C1000404C1D7
:10B25000000404C1000404C100060CC10003F8C3CB
:10B260000005F0620006007E0006003C00000000C1
:10B2700000000000000000000000000000000000CE
:10B2800000000000000000000000000000000000BE
:10B2900000000000000000000000000000000000AE
:10B2A000000000000000000000000000000000009E
:10B2B00000000000020000200200002003FFFFE069
:10B2C00007FFFFE000010020000200200006000050
:10B2D000000400000004000000040020000600201C
:10B2E0000003FFE00001FFE000000020000000205C
:10B2F000000000000000000000000000000000004E
:10B30000000000000000000000000000000000003D
:10B31000000000000000000000000000000000002D
:10B32000000000000000000000000000000000001D
:10B3300000000000000000000000000000040020E9
:10B340000004002000040020000400200387FFE028
:10B35000038FFFE003800020000000200000002099
:10B3600000000020000000000000000000000000BD
:10B3700000000000000000000000000000000000CD
:10B3800000000000000000000000000000000000BD
:10B3900000000000000000000000000000000000AD
:10B3A000000000000000000000000000000000009D
:10B3B0000000000000000000000000000000000687
:10B3C000000000070000000100000001000400016F
:10B3D0000004000100040003000400060387FFFCD2
:10B3E000038FFFF803800000000000000000000051
:10B3F000000000000000000000000000000000004D
:10B40000000000000000000000000000000000003C
:10B41000000000000000000000000000000000002C
:10B42000000000000000000000000000000000001C
:10B4300000000000020000200200002003FFFFE0E7
:10B4400007FFFFE00000082000001020000030008F
:10B450000000FC0000058E00000707A0000601E0C8
:10B46000000400E0000400200000002000000000B4
:10B4700000000000000000000000000000000000CC
:10B4800000000000000000000000000000000000BC
:10B4900000000000000000000000000000000000AC
:10B4A000000000000000000000000000000000009C
:10B4B000000000000000000000000000020000206A
:10B4C00002000020020000200200002003FFFFE035
:10B4D00007FFFFE000000020000000200000002027
:10B4E000000000200000000000000000000000003C
:10B4F000000000000000000000000000000000004C
:10B50000000000000000000000000000000000003B
:10B51000000000000000000000000000000000002B
:10B52000000000000000000000000000000000001B
:10B5300000000000000400200007FFE0000FFFE013
:10B540000002002000040000000400200007FFE0CB
:10B550000003FFE0000200200004000000040020BF
:10B560000007FFE00003FFE00000002000000000F3
:10B5700000000000000000000000000000000000CB
:10B5800000000000000000000000000000000000BB
:10B5900000000000000000000000000000000000AB
:10B5A000000000000000000000000000000000009B
:10B5B0000000000000040020000400200007FFE05D
:10B5C000000FFFE000010020000200200002000048
:10B5D0000004000000040000000400200006002019
:10B5E0000003FFE00001FFE0000000200000002059
:10B5F000000000000000000000000000000000004B
:10B60000000000000000000000000000000000003A
:10B61000000000000000000000000000000000002A
:10B62000000000000000000000000000000000001A
:10B63000000000000000000000007E000000FF800D
:10B64000000381C00002004000060020000400202A
:10B65000000400200004002000060020000200403A
:10B66000000381C00001FF8000007E000000000098
:10B6700000000000000000000000000000000000CA
:10B6800000000000000000000000000000000000BA
:10B6900000000000000000000000000000000000AA
:10B6A000000000000000000000000000000000009A
:10B6B0000000000000040001000400010007FFFF7B
:10B6C000000FFFFF000100C1000200410004002044
:10B6D00000040020000400200004002000060040B8
:10B6E000000301C00001FF8000007E000000000098
:10B6F000000000000000000000000000000000004A
:10B700000000000000000000000000000000000039
:10B710000000000000000000000000000000000029
:10B720000000000000000000000000000000000019
:10B73000000000000000000000007E000001FF800B
:10B74000000380C00002006000040020000400200C
:10B75000000400200004002000020041000300C19A
:10B760000003FFFF0007FFFF0000000100000001D1
:10B7700000000000000000000000000000000000C9
:10B7800000000000000000000000000000000000B9
:10B7900000000000000000000000000000000000A9
:10B7A0000000000000000000000000000000000099
:10B7B000000000000004002000040020000400201D
:10B7C00000040020000FFFE0000FFFE00000C02099
:10B7D00000010020000200200006002000040000FC
:10B7E000000400000007000000030000000000004B
:10B7F0000000000000000000000000000000000049
:10B800000000000000000000000000000000000038
:10B810000000000000000000000000000000000028
:10B820000000000000000000000000000000000018
:10B830000000000000000000000003E00001C0E084
:10B840000003E040000630200004302000041820EF
:10B85000000418200004182000040C2000020C60D2
:10B86000000307C000078380000000000000000004
:10B8700000000000000000000000000000000000C8
:10B8800000000000000000000000000000000000B8
:10B8900000000000000000000000000000000000A8
:10B8A0000000000000000000000000000000000098
:10B8B0000000000000000000000400000004000080
:10B8C00000040000000C0000001FFF8000FFFFC00C
:10B8D0000004006000040020000400200004002098
:10B8E0000004004000000180000000000000000093
:10B8F0000000000000000000000000000000000048
:10B900000000000000000000000000000000000037
:10B910000000000000000000000000000000000027
:10B920000000000000000000000000000000000017
:10B930000000000000040000000400000007FF8079
:10B94000000FFFC000000060000000200000002089
:10B9500000000020000000200004004000040080DF
:10B960000007FFE0000FFFC00000004000000040A3
:10B9700000000000000000000000000000000000C7
:10B9800000000000000000000000000000000000B7
:10B9900000000000000000000000000000000000A7
:10B9A0000000000000000000000000000000000097
:10B9B00000000000000400000004000000078000F8
:10B9C0000007F0000004FE0000041FC0000003E0B8
:10B9D0000000038000001C000004600000078000DD
:10B9E000000600000004000000000000000000004D
:10B9F0000000000000000000000000000000000047
:10BA00000000000000000000000000000000000036
:10BA10000000000000000000000000000000000026
:10BA20000000000000000000000000000000000016
:10BA300000040000000600000007C0000007FC0032
:10BA400000043F80000003E000040F800006F000C7
:10BA50000007F0000007FF8000040FE000000380F3
:10BA600000043C000007C0000006000000040000C5
:10BA700000000000000000000000000000000000C6
:10BA800000000000000000000000000000000000B6
:10BA900000000000000000000000000000000000A6
:10BAA0000000000000000000000000000000000096
:10BAB00000000000000000200004002000040060DE
:10BAC000000700E0000783200007E6000004F800FC
:10BAD00000003C0000045E20000587A0000601E095
:10BAE00000040060000400200000002000000000AE
:10BAF0000000000000000000000000000000000046
:10BB00000000000000000000000000000000000035
:10BB10000000000000000000000000000000000025
:10BB20000000000000000000000000000000000015
:10BB300000000000000400000004000300070003F0
:10BB40000007E0010004F80100041F02000007FCE8
:10BB5000000000E000000700000438000007C000FB
:10BB600000060000000400000004000000000000C7
:10BB700000000000000000000000000000000000C5
:10BB800000000000000000000000000000000000B5
:10BB900000000000000000000000000000000000A5
:10BBA0000000000000000000000000000000000095
:10BBB000000000000000000000078060000600E0B8
:10BBC000000403E0000407A000040E2000043C2051
:10BBD000000470200005E0200007802000070060BE
:10BBE000000400E0000003800000000000000000EE
:10BBF0000000000000000000000000000000000045
:10BC00000000000000000000000000000000000034
:10BC10000000000000000000000000000000000024
:10BC20000000000000000000000000000000000014
:10BC30000000000000000000000000000000000004
:10BC40000000000000000000000000000000800074
:10BC5000000080000001400007FE3FF808000004DB
:10BC600010000002100000020000000000000000B0
:10BC700000000000000000000000000000000000C4
:10BC800000000000000000000000000000000000B4
:10BC900000000000000000000000000000000000A4
:10BCA0000000000000000000000000000000000094
:10BCB0000000000000000000000000000000000084
:10BCC0000000000000000000000000000000000074
:10BCD000FFFFFFFF00000000000000000000000068
:10BCE0000000000000000000000000000000000054
:10BCF0000000000000000000000000000000000044
:10BD00000000000000000000000000000000000033
:10BD10000000000000000000000000000000000023
:10BD20000000000000000000000000000000000013
:10BD300000000000000000001000000210000002DF
:10BD40000800000407FE3FF80001400000008000EA
:10BD50000000800000000000000000000000000063
:10BD600000000000000000000000000000000000D3
:10BD700000000000000000000000000000000000C3
:10BD800000000000000000000000000000000000B3
:10BD900000000000000000000000000000000000A3
:10BDA0000000000000000000000000000000000093
:10BDB00000000000180000003000000040000000FB
:10BDC00040000000400000002000000030000000A3
:10BDD0000800000004000000020000000200000053
:10BDE000020000000C00000018000000000000002D
:10BDF0000000000000000000000000000000000043
:10BE00000000000000000000000000000000000032
:10BE10000000000000000000000000000000000022
:10BE20000000000000000000000000000000000012
:10BE3000030009000F0015001B005081588160812C
:10BE400068817081788180818881908198810000EB
:10BE5000DC520490F0040000800F0000E0030000BA
:10BE6000C0070000E00300004000000040000000A8
:10BE7000400000004000000040000000003C0100C5
:10BE800000E0030000F8000000F0010000F80000EE
:10BE900000000000556E0290B16F0290000000009B
:10BEA00071730290820082004A020000000001E0EB
:10BEB00001E0000000FF0055AAFF0024496D92B682
:10BEC000DBFF00112233445566778899AABBCCDD8D
:10BED000EEFF000102030405060708090A0B0C0D1A
:10BEE0000E0F101112131415161718191A1B1C1DFA
:10BEF0001E1F202122232425262728292A2B2C2DEA
:10BF00002E2F303132333435363738393A3B3C3DD9
:10BF10003E3F404142434445464748494A4B4C4DC9
:10BF20004E4F505152535455565758595A5B5C5DB9
:10BF30005E5F606162636465666768696A6B6C6DA9
:10BF40006E6F707172737475767778797A7B7C7D99
:10BF50007E7F808182838485868788898A8B8C8D89
:10BF60008E8F909192939495969798999A9B9C9D79
:10BF70009E9FA0A1A2A3A4A5A6A7A8A9AAABACAD69
:10BF8000AEAFB0B1B2B3B4B5B6B7B8B9BABBBCBD59
:10BF9000BEBFC0C1C2C3C4C5C6C7C8C9CACBCCCD49
:10BFA000CECFD0D1D2D3D4D5D6D7D8D9DADBDCDD39
:10BFB000DEDFE0E1E2E3E4E5E6E7E8E9EAEBECED29
:10BFC000EEEFF0F1F2F3F4F5F6F7F8F9FAFBFCFD19
:10BFD000FEFF808080818182828384858687898A32
:10BFE0008C8D8F91939597999B9EA0A2A5A7AAADA2
:10BFF000AFB2B500FF1FFF1F01E001E090BE03904C
:10C00000D1BA019000000000000000000000000014
:10C01000C300C300041C000090BE039045050390BC
:10C0200000000000000000000000000064202B0061
:10C030000000000090BE0390410603900000000045
:10C0400000000000000000006420D1270000000074
:10C0500090BE0390E3BE019079BF01900000000004
:10C06000E9BF019064200401C008000090BE039065
:10C0700021D20190000000000000000079D2019060
:10C080000401040101040000D0480490713B0290B7
:10C0900000000000000000000000000064203220CA
:10C0A000010400007C560490B0570490C8570490D7
:10C0B00088570490B4570490BC570490D05704900C
:10C0C000C057049094570490A8570490AC5704901C
:10C0D000EC5704906C5604900057049074570490E9
:10C0E000B8570490845704908C570490905704904C
:10C0F00080530490985704909C5704908853049060
:10C10000F45704906C56049070570490A85604900D
:10C11000D4570490CC57049080570490C45704908F
:10C1200078570490A4570490A0570490AC560490FC
:10C13000A0560490DC5604906C560490F05704907E
:10C14000E457049070560490E8570490E057049028
:10C15000F857049095010402040204020402040248
:10C16000040204020402040204028700960103028E
:10C170000302030203020302030203020302030297
:10C180008700810281020102010201020102010213
:10C1900001020102810281028102920182000600F5
:10C1A000820092017C5604903C57049054570490AE
:10C1B0000C57049040570490485704905C570490E3
:10C1C0004C5704901C5704903457049038570490EF
:10C1D000EC5704906C5604907C570490F8560490E9
:10C1E0004457049008570490105704901457049033
:10C1F000185704902057049024570490285704900F
:10C20000F45704906C56049070570490A85604900C
:10C210006057049058570490045704905057049066
:10C22000FC560490305704902C570490AC56049060
:10C23000A0560490DC5604906C560490F05704907D
:10C24000E457049070560490E8570490E057049027
:10C25000F857049095010402040204020402040247
:10C26000040204020402040204028700960103028D
:10C270000302030203020302030203020302030296
:10C280008700810281020102010201020102010212
:10C2900001020102810281028102920182000600F4
:10C2A00082009201B8560490BC560490C056049087
:10C2B000C4560490C8560490CC560490D0560490AE
:10C2C000D4560490D8560490B4560490EC57049079
:10C2D0006C5604907C5704909C560490A856049089
:10C2E000B056049098560490E856049088560490EE
:10C2F00074560490F056049080560490E4560490CE
:10C30000EC5604906C56049068570490F4560490D0
:10C31000845604909056049094560490D8570490F4
:10C32000DC570490645704906C570490E0560490D6
:10C33000785604908C5604906C560490F0570490F4
:10C34000E457049070560490E8570490E057049026
:10C35000F8570490010201020102010201020102E8
:10C3600001020102010201028200920101020102A6
:10C3700001020102010201020102010201020102A5
:10C380000102010201020102010201020102010295
:10C390000102010201020102010292018200060073
:10C3A00082009201B8560490BC560490C056049086
:10C3B000F05704906C560490C4560490C8560490EC
:10C3C000CC560490E05704906C560490D0560490DC
:10C3D000D4560490D8560490EC5704906C560490B0
:10C3E000A4560490B4560490AC560490E4570490BC
:10C3F000E8570490F85704900100010001009201F1
:10C400000100010001009201010001000100020091
:10C4100001000100010001000100000090BE039036
:10C420004951029000000000000000006951029094
:10C430001A001A008002000090BE03900000000065
:10C44000000000000000000000000000C300040124
:10C4500000000000B448049000000000000000004C
:10C4600000000000000000000000000000000000CC
:10C470005C49049000000000000000000000000083
:10C4800000000000000000000000000090BE0390CB
:10C49000395D0290C15E02900000000000000000C3
:10C4A000C30004014006000090BE0390F15E0290BC
:10C4B000275F029000000000000000006420D127E8
:10C4C0008002000090BE03909D5E0290000000007C
:10C4D00000000000000000006420D12700000000E0
:10C4E00090BE0390CF5F02900000000000000000AB
:10C4F000000000006420D1270000000090BE0390DF
:10C50000000000000000000000000000000000002B
:10C51000D127D1270000000090BE0390000000004A
:10C52000000000000000000000000000000000000B
:10C530000000000090BE039000000000000000001A
:10C5400000000000000000000000000000000000EB
:10C5500090BE0390000000000000000000000000FA
:10C5600000000000000000000000000090BE0390EA
:10C5700000000000000000000000000000000000BB
:10C58000000000000000000090BE03906561029072
:10C590008361029000000000A16102900000000091
:10C5A000C003000090BE03900000000000000000E7
:10C5B00000000000000000000401D12780030000FB
:10C5C00090BE03900000000000000000000000008A
:10C5D000000000006420D1274002000090BE0390BC
:10C5E000000000000000000000000000000000004B
:10C5F0006420642040020000204A0490F5CC0290A0
:10C600000000000000000000BDCD0290000000000E
:10C61000410700007C480490BDD10290000000005A
:10C62000000000000000000000000000000000000A
:10C6300090BE0390C5E0029029E202900000000045
:10C6400095E20290642064200003000090BE0390F5
:10C65000B9EF0290000000000000000000000000A0
:10C66000000000008002000090BE0390F5EF0290F1
:10C6700000000000000000000000000000000000BA
:10C680008002000090BE039075FC02900000000044
:10C690000000000000000000642064204002000050
:10C6A000210020000A080B080D300C300E380F381E
:10C6B00064006300000000000EA0D90D90C80C803B
:10C6C000B70A60110B80D91F0991F0881F0880F00C
:10C6D00088000000000D203C00000F0069002FFFC3
:10C6E000FFFFF7015C11A610006900C3000088007D
:10C6F000D2009FFFFFFFF012C523E22000D203C04B
:10C700000000F004B0000000700000000E00000007
:10C7100000E0000019EFEA300CD6E6A702F40E00A4
:10C72000001F80E000006FEF50000016FFE50000E2
:10C730000E0AF00100E05F13F85E6EB005CFFE91C7
:10C7400000000E0000000070000008DD3000A700AF
:10C750004B02D004C0007700D01D20004B03D0A7AF
:10C76000000007DC34C4CC3000001D2D22D00000B6
:10C77000A63B00B30005C03A00A3001D200D00D069
:10C7800000A60004CC40004DFC300000F718C000AB
:10C7900001F205D00000BB6E4000005FF30000070F
:10C7A000E6DB03802F301DBAA05F0001DF401FB41D
:10C7B00048FEC003BFFC40B200000000001F01F0B3
:10C7C0001F00F0000003F10B900F404F007D009B15
:10C7D00000AA00AA009B007D004F000F400B9003B1
:10C7E000F15E000E6008C004F001F300F500E60001
:10C7F000E600F501F304F008C00E605E000093004F
:10C8000088A6C209FE404DDDB1429350005200009F
:10C810000450000008A0000008A0001FFFFFF30361
:10C8200039B3300008A0000008A0000103F61E6024
:10C83000E12C00000003FFF90333100003F52E4044
:10C8400000000E400004E000009A00000E400004CA
:10C85000F000009A00000E400003F000009A000073
:10C860000E500003F000009A00000E500003F0008C
:10C8700000004CFE70004FB68F900DB0005F32F498
:10C880000000E74F20000CA4F20000CA2F40000E69
:10C8900070DB0005F204FB68F90004CFE700EFFB52
:10C8A00044CB00AB00AB00AB00AB00AB00AB00ABCC
:10C8B00000AB07DFEA108E857EC0010006F10000A4
:10C8C00006F000000D900000CC00001CC00001DB51
:10C8D00000001DE544427FFFFFF97FFFFFF0244485
:10C8E0005F900000BC000009E100003FD810000488
:10C8F0006DD0000002F4100002F4BD757DD019DF88
:10C90000EA1000000DA0000000AC00000007E100EC
:10C9100000004F40100002F600F5001DA000F500D9
:10C920007FFFFFFFF3133333F730000000F5000003
:10C930000000F50009FFFFF00AB444400C8000003D
:10C940000E7000000FFFFC4003345CF2000000F7A3
:10C95000100000F78E856CF108DFFB30002AEFD560
:10C96000003FD657400CC0000002F40000004F5BAF
:10C97000FFA104FE845DD03F80003F30E80003F259
:10C9800006F845DC0005DFE9109FFFFFFD9D4444EC
:10C99000E99C0004F200000BB000002F400000AD45
:10C9A000000001F6000008E000000E8000006F109B
:10C9B00000019EFE9100BE636EC00F60006F00CC50
:10C9C000202BC002EFFFE200DC424CD05F20001FB2
:10C9D00055F20002F50ED535DE001AEFEA1003BF5E
:10C9E000EA202FA44BE18E0000E99D0000DD4F718D
:10C9F00029FF07FFFC9E000210AC000002F607654D
:10CA00008FB00AEFD7002E53F50000000000003F62
:10CA100052E42E53F50000000000002E52F60D21C6
:10CA2000D001000000003100006CF2018ED6000F32
:10CA3000C300000AFB40000017EE70000005C300B1
:10CA40000000001FFFFFF30333333000000000003D
:10CA50000000001FFFFFF303333330040000000E1B
:10CA6000D71000005CF92000002AF20003AFB106E5
:10CA7000DE82001C6000000000000007DFEA109E5C
:10CA8000746EC0010006F0000009C000008E200096
:10CA900006F2000008700000000000000B8000009B
:10CAA0000C900000006CEFDA4000003DA41016D995
:10CAB0000001E509EE98CA900A80BD43AFC0D30FCC
:10CAC00013F2000CC0693C06D00007C03B4B06D0F7
:10CAD0000007C02C3C03F2000CC04A0F10BD439E5F
:10CAE000E3C50A8009EE91CF9001E5000000000047
:10CAF000003DA41028000000007CEFD910000000C9
:10CB00000CF1000000003FD700000000B96E0000EB
:10CB10000002F20E50000009A007D000001F3000F4
:10CB2000F400007FFFFFFB0000E733334F2005F0E8
:10CB300000000C900C90000006F18FFFFEC408E38B
:10CB4000334BF28E00001F58E00018F18FFFFFF802
:10CB500008E33337F68E000009C8E000009D8E33ED
:10CB6000347F78FFFFFD700007CFFB4000CF966A4F
:10CB7000F50AE20000301F600000004F20000000B6
:10CB80004F200000001F600000000AE2000030019A
:10CB9000CF966AF50007DFFB408FFFFEA4008E44AE
:10CBA00046CF708E000007F38E000000DA8E000082
:10CBB000009D8E0000009D8E000000DA8E000007B0
:10CBC000F38E4446BF708FFFFEA4008FFFFFF68EEA
:10CBD0004444418E0000008E0000008FFFFFC08E95
:10CBE0003333208E0000008E0000008E4444428FBC
:10CBF000FFFFF98FFFFFF68E4444418E0000008E48
:10CC00000000008E0000008FFFFFC08E3333208EA7
:10CC10000000008E0000008E0000000007CFFC50D6
:10CC200000CF966AF60AE20000201F600000004F65
:10CC3000200000004F200000B91F600000B90AE387
:10CC40000000B900CF966AF80007DFFC608E000094
:10CC500008E8E000008E8E000008E8E000008E8FFB
:10CC6000FFFFFFE8E333339E8E000008E8E000009A
:10CC70008E8E000008E8E000008E8E8E8E8E8E8EE6
:10CC80008E8E8E8E02FFFFC00444BC000009C000DF
:10CC9000009C000009C000009C000009C02000BAF0
:10CCA0000EB58F603CFE808E00004F508E0004F663
:10CCB000008E003F70008E03F800008E2EC0000032
:10CCC0008EECF600008FB07F30008E000AE1008EFF
:10CCD0000000CC008E00001EA08E0000008E000020
:10CCE000008E0000008E0000008E0000008E00000C
:10CCF000008E0000008E0000008E4444408FFFFF35
:10CD0000F28E00000008E8F7000002FE8FF100003C
:10CD1000BFE8DCA0004F9E8D2F300D87E8D09C0629
:10CD2000E07E8D01E7E507E8D006FC007E8D000A75
:10CD30002007E8D00000007E8E100008E8FC00000C
:10CD40008E8FF90008E8E6F6008E8E09F308E8E019
:10CD50000CE18E8E001EB8E8E0003FEE8E00006F02
:10CD6000E8E00000AE0007CFEB500000CF966BF973
:10CD7000000AE200005F601F6000000AD04F200040
:10CD80000006F04F20000006F01F6000000AD00AE5
:10CD9000E200005F6000CF966BFA000007DFEB5007
:10CDA000008FFFFD7008E4458FB08E00005F38E013
:10CDB0000001F58E00003F48E0014DD08FFFFFB22B
:10CDC00008E33310008E00000008E00000000007B8
:10CDD000CFEB500000CF966BF9000AE200005F60D5
:10CDE0001F6000000AD04F20000006F04F20000016
:10CDF00005F01F6000000AD00AE200005F6001DF5A
:10CE0000855AFA000008DFFC5000000001EC219474
:10CE10000000001BFFC10000000012008FFFFD702A
:10CE200008E4458FB08E00005F38E00001F58E0009
:10CE3000003F38E0014DD08FFFFFC208E333DA0036
:10CE40008E0002F608E00005F3019EFDA200CE640C
:10CE50006B702F40000001F800000006FD950000F7
:10CE6000016AEE500000009F00200005F13FA54739
:10CE7000EB004BEFE910FFFFFFFF2444BD444000EF
:10CE800009C00000009C00000009C00000009C00D8
:10CE9000000009C00000009C00000009C000000064
:10CEA0009C00009C00000BA9C00000BA9C00000B75
:10CEB000A9C00000BA9C00000BA9C00000BA8E00F7
:10CEC000000D94F40003F50CF868FD0009EFE9107B
:10CED0000CB000000AC05F200001F500E900008EE0
:10CEE0000008F0000E70001F6005F10000AD00C9E1
:10CEF000000003F43F3000000CBAC00000005FF5F2
:10CF000000000000EE00006F10000DB00002F21FE4
:10CF100060003FF10008D00BB0008BE6000D7006FA
:10CF2000F000E69B002F2001F503F14F108D00006B
:10CF3000CA09B00E60D800006F0E6009B2F300009D
:10CF40001F9F1004F9D000000CFB0000EF800000D0
:10CF500007F600009F30003F50000DA008F2009D32
:10CF60000000CC04F300002F9E70000006FC0000BF
:10CF70000009FE1000004F4DB00001E802F7000B61
:10CF8000D0007F207F20000BD00CB000009C002F31
:10CF900050002F30009E000C900000E805F10000CA
:10CFA00005F3E60000000CFD000000003F4000001B
:10CFB0000002F3000000002F3000000002F3000028
:10CFC0004FFFFFFF9144444AF3000003F6000001C5
:10CFD000EA000000CC0000009E1000006F4000003E
:10CFE0003F7000001ED4444436FFFFFFFC8FF68DD7
:10CFF000318D008D008D008D008D008D008D008D98
:10D00000008D008D008D318FF65D000000F2000074
:10D010000B8000006D000001F200000B8000006D2D
:10D02000000001F200000B7000006D000001F20032
:10D03000000B7000006D000001F2BFF325F302F356
:10D0400002F302F302F302F302F302F302F302F338
:10D0500002F325F3BFF300AD00001EC4000885A055
:10D0600000E20E105B00970B5002E0EEEEEEE00BDC
:10D07000C00009B004CFEA100B745DB0000004F0EA
:10D0800004CEEEF21F8214F24F1004F21F703DF234
:10D0900004DFD7F2BA000000BA000000BA000000B6
:10D0A000BA8EFC30BFD54BF3BE1000CABA00007E6A
:10D0B000BA00007EBE1000CABFD55BF3B98EFC304B
:10D0C000007DFD6009F748F42F5000205F0000004C
:10D0D0005F0000002F50002009F748F4007DFD603C
:10D0E0000000001F40000001F40000001F4008EF96
:10D0F000C4F40AF748FF42F50007F45F00002F452B
:10D10000F00001F42F50006F40AE637EF4008EFCFF
:10D110004F40008EFC400AD538F42F20008C5FEE83
:10D12000EEFF5F2111112F70001009F846E4007D19
:10D13000FE80009EE305F44108C000CFFFF029D334
:10D140002008D00008D00008D00008D00008D00087
:10D1500008D000007EFC4E60AF747FF62F50005F59
:10D1600065F00000F65F00000F62F60006F609F7B2
:10D1700047FF5007EFC4F50000003F20CB646EB0BE
:10D1800003AEFD8000BA000000BA000000BA000043
:10D1900000BA8EFB20BFC56DD0BE0003F2BA0000FE
:10D1A000F4BA0000F5BA0000F5BA0000F5BA0000C4
:10D1B000F5BAA800BABABABABABABABA000AB0008E
:10D1C0009900000000AB000AB000AB000AB000AB51
:10D1D000000AB000AB000AB000AA064E71DFA0BA88
:10D1E000000000BA000000BA000000BA001CC0BA7B
:10D1F00001CC00BA1CD100BBCF6000BFDBE100BD99
:10D2000011DC00BA003F70BA0007F3BABABABABA72
:10D21000BABABABABABAB99EFA15DFD40BFB45ED61
:10D22000E64AF2BE0006F6000E7BA0004F2000C9C1
:10D23000BA0003F1000C9BA0003F1000C9BA000324
:10D24000F1000C9BA0003F1000C9B99EFB20BFB4A9
:10D250005DD0BE0003F2BA0000F4BA0000F5BA00D7
:10D2600000F5BA0000F5BA0000F5007DFD60009FF2
:10D27000748F702F50007F05F00001F35F00002FC6
:10D2800032F50007F009F748F70007DFD600B98E3E
:10D29000FC30BFC43AF3BE1000CABA00007EBA0028
:10D2A000007EBE1000CABFD55BF3BA7EFC30BA0068
:10D2B0000000BA000000BA000000008EFC3F40AF42
:10D2C000748EF42F50007F45F00001F45F00002FB2
:10D2D00042F50007F40AF748FF4008EFC4F40000E5
:10D2E000001F40000001F40000001F40B98E4BFDFC
:10D2F00071BE100BB000BA000BA000BA000BA0006A
:10D3000005DFEA13F735A06F000001EE9610016A01
:10D31000EF300000D96C646F62AEFD7008D0000879
:10D32000D000CFFFF029D32008D00008D00008D0CB
:10D330000008D00005F551009FE3C80002F3C800C3
:10D3400002F3C80002F3C80002F3C90003F3AB0004
:10D3500007F35F837EF306DFC5F30D90000AA06E2E
:10D360000001F300F5007D0009C00E60003F24F0CD
:10D370000000C8B9000006FF3000000FC000C80060
:10D3800006F1000D56D000CF6003F01F302F9C0037
:10D390009A00B807B2F10E4005E0D60C74E0000F19
:10D3A0006F007C990000AFA001FF400005F4000B66
:10D3B000E0004F3007E109D02F4000D9D900003FED
:10D3C000D000004FE10001E7BB000BB01E707E10E3
:10D3D00005F30D90000AA06F0001F300F6007D0038
:10D3E00009C00D60002F34F00000C9A9000005FF3E
:10D3F0002000000EC0000000E5000094AD00001BFE
:10D40000FC2000005FFFFFA13337F40001E70000BC
:10D41000CB00008E10004F40001EA33326FFFFFC00
:10D42000006EA00F9201F4001F4001F4003F303F56
:10D43000C0006F3001F4001F4001F4001F4000FAEB
:10D440002005EA8B8B8B8B8B8B8B8B8B8B8B8B8BBE
:10D450008BBE5002AE0005F0005F0005F0004F10DB
:10D4600000DF104F5005F0005F0005F0005F002A5C
:10D47000E00BE40007EC40B41E25DFC00100000013
:10D4800004CC302B01C05700932B01C005CC3006D3
:10D49000A10FF60BE20000000000000000000000F9
:10D4A00000027BFB000000049DFFFFD00003AFFFE4
:10D4B000FFFFFD0000AFFFFFFFDFD0000AFFFFB658
:10D4C00010ED0000AF9400000ED0000AF100000043
:10D4D000ED0000AF1000000ED0000AF1000045FD85
:10D4E0000000AF1001EFFFD0179DF1005FFFFC0EB1
:10D4F000FFFF1000AFFD31FFFFE00000010003BDA2
:10D50000A3000000000050188888888405FABFDD59
:10D51000DDDDFDAFE47F100000CA4EE04F100000DB
:10D52000C80EFEEF100000CFEFE03FEEEEEEF80E7B
:10D53000F68F766666EB6FF8AF100000CC8FE03F99
:10D54000100000C80EFCDF655555EECFC25FFFFF2F
:10D55000FFF92C57750577777775FFFF1FFFFFFFE2
:10D56000FFFFFF2FFFFFFFFFEFFF0EFFFFFFFE019B
:10D57000100011111110EFFE0EFFFFFFFEFFFF2F35
:10D58000FFFFFFFFFFFF1FFFFFFFFF688707888880
:10D59000888668870788888886FFFF1FFFFFFFFF50
:10D5A000FFFF2FFFFFFFFFDFFD0DFFFFFFFD00006F
:10D5B000000000015000000000001DF80000000005
:10D5C00001DFFD000000001DFFE22D600001DFFE15
:10D5D00020DFF7001DFFE2008FFF71DFFE20000853
:10D5E000FFFEFFE20000008FFFFE2000000008FFAA
:10D5F000E200000000007D200000000000000000AC
:10D600007F60000BE2EFF600BFF84FFF6BFFD10425
:10D61000FFFFFD10005FFFE10000BFFFF6000BFF02
:10D62000DFFF60BFFD14FFF5CFD1004FF6171000EC
:10D63000036000000011000000000000FF00000077
:10D64000006F21FF12F70006FF61FF16FF601FF950
:10D6500001FF109FF16FE001FF100EF6AF8001FF98
:10D660001008FACF6001FF1006FCAF8000AA000886
:10D67000FB7FD00000000DF71FF80000008FF107BE
:10D68000FF91002AFF70009FFFEEFFF9000005CF19
:10D69000FFFD5000000002442000000000000000D8
:10D6A000000000000AFFA0000000000CFFC0000006
:10D6B00003D6DFFFFD6D300EFFFFFFFFFFE05FFFD2
:10D6C000FFAAFFFFF51AFFF4004FFFA103FFD000F0
:10D6D0000DFF3004FFF0000FFF404FFFFB22BFFFA4
:10D6E000F42FFFFFFFFFFFF209FEFFFFFFEF9000A7
:10D6F000505EFFE5050000000CFFC00000000004C4
:10D700007740000000000003100341000000009F6C
:10D71000F50DF50000001BFDFF8DF5000002DFB1E7
:10D720002DFFF500004FF83EC2BFF50007FF55FF83
:10D73000FE39FE409FE38FFFFFF56FF6AC2AFFFF37
:10D74000FFFF73E6005FFFFFFFFFF100006FFFD7F1
:10D750007FFFF200006FFF900DFFF200006FFF905F
:10D760000DFFF200004FFF700BFFE10000000033DF
:10D7700000000000000BFFB0000000000CFFC00024
:10D780000000000CFFC0000000000CFFC000000003
:10D79000000CFFC00000008FFFFFFFF800002EFF0D
:10D7A000FFFFE2000002EFFFFE200000002DFFE27D
:10D7B0000000799982DE289997FFFFFB22BFFFFFC7
:10D7C000FFFFFFFFFFFFFFFFFFFFFFFAB3CFACCC70
:10D7D000CCCCCCCCCA0006BBBBBBBA3000004FFFE0
:10D7E000FFFFFFE10000EF30000006FB0009F8003A
:10D7F000000000CF504FD0000000002FE1DF844236
:10D800000000344BF9FFFFFD0001FFFFFBFFFFFFAE
:10D81000988BFFFFFCFFFFFFFFFFFFFFFCFFFFFFF9
:10D82000FFFFFFFFFB9FFFFFFFFFFFFFF600000072
:10D830000000003300018DFFC600EF004EFFFFFF28
:10D84000E4DF04FFB3004CFFFF0EF90000008FFF80
:10D850006FC00001FFFFFF8E500001DEEEED000003
:10D86000000000000022222200000021FFFFFF1024
:10D870000008F8FFFBBC10001EF4FFFC100001DFE5
:10D88000C0FEEFE8448EFE10FE1AFFFFFFC100FD50
:10D890000028BB940000000002700002EF0002EFBD
:10D8A000FDFFFFFFFFFFFFFFFFFFFFFFFFFFFFFF8A
:10D8B000FFFF3447FFF00005FF000005C000000037
:10D8C0000000027000000002EF00000002EFF00014
:10D8D0000DFFFFFF0220FFFFFFF08E1FFFFFFF0085
:10D8E000E7FFFFFFF03F5FFFFFFF08903447FFF0C7
:10D8F00000000005FF0000000005C000000000005F
:10D900000000000000000007700000000270000529
:10D91000FA0000002EF000814F600002EFF001DD00
:10D9200007F0DFFFFFF0321E80F6FFFFFFF08E27CB
:10D93000E0B9FFFFFFF00E73F19BFFFFFFF03F54D4
:10D94000F09AFFFFFFF0890AC0D83447FFF0007F4C
:10D9500043F300005FF002F60CB0000005C00000C9
:10D96000BF10000000000009E300000000000002FA
:10D97000100037888888888873EFFFFFFFFFFFFE5D
:10D98000FE32DFFFFFFFFFF9007FFFFDFFFFFD100D
:10D99000CFFFA07FFFFFFFFFFA0007FFFFF35FA0AD
:10D9A0000000CFFF3003000000CFFC0000000000AB
:10D9B000CFFFCCCCCCCCCCFFAFFFFFFFFFFFF900FB
:10D9C000002000000001FA00000006FF1000000D1A
:10D9D000FF7000006FFFF10001EFFFFA000BFFFF87
:10D9E000FF605FFFFFFFE0CFFFFFFFF6FEBFFFFF1F
:10D9F000F9FD4FFFFFF9BF49FFFFF53FE52EFFD0CF
:10DA000006FFFFFD200028BA600004300000311F2F
:10DA1000E00006F91FE0007FFA1FE009FFFA1FE0AF
:10DA2000AFFFFA1FEBFFFFFA1FFFFFFFFA1FFFFF19
:10DA3000FFFA1FE6FFFFFA1FE05FFFFA1FE004FF97
:10DA4000FA1FE0003EFA0FD00002D70000000000ED
:10DA50000200000000000CFB2000000000FFFF900F
:10DA60000000000FFFFFE6000000FFFFFFFC30009A
:10DA70000FFFFFFFFF9100FFFFFFFFFFE60FFFFF1C
:10DA8000FFFFFFF2FFFFFFFFFFFD0FFFFFFFFFF8AC
:10DA900000FFFFFFFFB2000FFFFFFD400000FFFF90
:10DAA000F70000000FFFA1000000006A4000000026
:10DAB00000001444200144420DFFFF10DFFFF1FF7E
:10DAC000FFF30FFFFF3FFFFF40FFFFF4FFFFF40FE7
:10DAD000FFFF4FFFFF40FFFFF4FFFFF40FFFFF4F7B
:10DAE000FFFF40FFFFF4FFFFF40FFFFF4FFFFF407A
:10DAF000FFFFF4FFFFF40FFFFF4FFFFF30FFFFF3C7
:10DB00009FFFC009FFFC001444444444420DFFFF42
:10DB1000FFFFFFF1FFFFFFFFFFFF3FFFFFFFFFFFE3
:10DB2000F4FFFFFFFFFFFF4FFFFFFFFFFFF4FFFFCB
:10DB3000FFFFFFFF4FFFFFFFFFFFF4FFFFFFFFFFB0
:10DB4000FF4FFFFFFFFFFFF4FFFFFFFFFFFF4FFF50
:10DB5000FFFFFFFFF39FFFFFFFFFFC00021000002D
:10DB6000420FE20003FB0FFE3004FB0FFFF404FB47
:10DB70000FFFFF54FB0FFFFFFAFB0FFFFFFFFB0F31
:10DB8000FFFFFFFB0FFFFFD6FB0FFFFD14FB0FFF97
:10DB9000C104FB0FFB0004FB0CA00003FA00000013
:10DBA000000000000012000000000003FF60000001
:10DBB00000002EFFF500000001EFFFFF4000001DF8
:10DBC000FFFFFFF30000CFFFFFFFFE200AFFFFFF74
:10DBD000FFFFE00EFFFFFFFFFFF20399999999996C
:10DBE00050058888888888700FFFFFFFFFFFF30FBC
:10DBF000FFFFFFFFFFF40BFFFFFFFFFFD10000005F
:10DC0000000000003F9000003FFC00003FFD1000BE
:10DC10003FFD10003FFD10001FFD100000CFF4007D
:10DC20000000CFF4000000CFF4000000CFF40000AB
:10DC300000CFE0000000A4000000000000CD1000B4
:10DC4000001FFD1000003FFD1000003FFD10000010
:10DC50003FFD1000003FFD000008FF900008FF900E
:10DC60000008FF900008FF900002FF90000007806E
:10DC7000000000000004500000000002FF600000EF
:10DC800000003FF70000000003FF70000000003FAD
:10DC9000F7000006999AFFC99980FFFFFFFFFFFF79
:10DCA0003DFFFFFFFFFFF201113FF71110000003DE
:10DCB000FF70000000003FF70000000003FF70004D
:10DCC0000000000CD30000006999999999980FFF02
:10DCD000FFFFFFFFF3DFFFFFFFFFFF20000000005B
:10DCE000000000000156640000000003BFFEEFF9D1
:10DCF0001000007FFA1003DFE40008FFA009B41E43
:10DD0000FF504FFF200BFF26FFE1EFFF09CFFF631E
:10DD1000FFFABFFF09FFFF54FFF61EFF51DFFB09AB
:10DD2000FFB003EFE204305FFC10002CFF956AFFA8
:10DD30009000000049DFFD9200000000000000009C
:10DD4000000000CD20000000000000008FF500144E
:10DD5000664000000004EFACFFEFFF910000001CE4
:10DD6000FFA1004DFE300000009FF5AB31EFF40045
:10DD700007B105FFFFE17FFE100FFE302DFFF54FCD
:10DD8000FF900CFFE000AFF65FFF6002FFF40006BB
:10DD9000FFEFFB00004FFD10003EFFC0000002DF60
:10DDA000E85401BFE300000005AEFF6007FF60001C
:10DDB0000000000000004EF600000000000000011E
:10DDC000A10000000000000000000000003ED000A4
:10DDD00000000000000CFF80000000000006FFFFB4
:10DDE000200000000000EFFFFB00000000008FFC9F
:10DDF000CFF4000000002FFB00FFD00000000BFF5D
:10DE0000C00FFF70000004FFFD01FFFF100000DFE6
:10DE1000FFE02FFFFA00007FFFFF9BFFFFF3001FD3
:10DE2000FFFFB00EFFFFC00AFFFFFE24FFFFFF60F1
:10DE3000FFFFFFFFFFFFFFFA06CCCCCCCCCCCCCB56
:10DE4000300000000000360000000000007F80DD90
:10DE5000DB00008DEFF8FFFFB007FFFFFD556FF40B
:10DE60006FF8AFE2000574FF907E2000003FFA00DB
:10DE700000000002EFB2504A00012EFD1DF48FB0E9
:10DE8000FFFFD10BFFFFFBFFFE2000CFFFFB1221A6
:10DE90000000029FC000000000005B00000007A01F
:10DEA0000000000008FFB000000008FFFFB0000005
:10DEB00008FF95FFB00008FF9005FFB007FF900036
:10DEC00005FFB09F90000005FD004000000003101A
:10DED0004C20000000B60BFE200000CFF02EFE20EC
:10DEE00000CFF4002EFE20CFF400002EFECFF40071
:10DEF00000002EFFF4000000002EF40000000000DF
:10DF00001300000000083000000000000000BFF314
:10DF100008BBBBBB90000BFFFF39FFFFFFF1008F79
:10DF2000CFCFF000000AF100382F948000000AF1F2
:10DF300000002F900000000AF100002F9000000365
:10DF40000AF130002F9000001FCBF8F8002FEBBB38
:10DF5000BB39FFFFE2001FFFFFFFB09FFD20000065
:10DF60000000000008D10037888700000000EFFFA4
:10DF7000FFA0000000FFFFFFFDCCCCB6FFFFFFFFBE
:10DF8000FFFFFFFFFFFFFFFFFFFFFFFFFFFFFFFFA1
:10DF9000FFFFFFFFFFFFFFFFFFFFFFFFFFFFFFFF91
:10DFA000FFFFFFFFFFFFFFFFFFFFFFFFFFAFFFFFD1
:10DFB000FFFFFFF900000000000000000001DD107D
:10DFC000000000001DFFD100000001DFFFFD100078
:10DFD000001DFFFFFFD100009FFFFFFFF9000001C0
:10DFE0001CFFC1100000000CFFC0000000000CFF6F
:10DFF000C0000000000CFFC0000079993BFFB399FE
:10E0000097FFFFB2442BFFFFFFFFFEDDEFFFFFFF97
:10E01000FFFFFFFAB3CFACCCCCCCCCCCCA00000015
:10E0200000000200000000000004FFC70000000024
:10E0300000AFFFF0000000001FFFFD000000000621
:10E04000FFFFC00000000008FFF700000000000C08
:10E05000FF300000000004FFC00000000001EFF3EB
:10E0600000004A3002DFF80005DFFE15EFFB00007C
:10E07000EFFFFFFFFA00000BFFFFFFF70000007F3C
:10E08000FFFFA200000002BA850000000000048625
:10E090000000001006FFFA0002DFD1EF3CF101DFC3
:10E0A000FA0EE0AF21DFFA009FEFF6DFFA00008DF5
:10E0B000FFFFFB00000006FFFD00000048EFFFF639
:10E0C00000006FFFFBFFF6000EF3CF23FFF600EE1C
:10E0D0000AF204FFF609FEFC0004FFF108DA100062
:10E0E00002620000000000000000006FFFF98700DE
:10E0F0000008FFFF98F708A68FFFF95990FFA8FFC7
:10E10000FFFCCC0FFA8FFFFFFFF1FFA8FFFFFFFF1F
:10E110001FFA8FFFFFFFF1FFA8FFFFFFFF1FFA8F1E
:10E12000FFFFFFF1FFA8FFFFFFFF1FFA7FFFFFFFC9
:10E13000F0FFE3122222210FFFFFFFF90000ACCC19
:10E14000CCCB5000004999999995000EFFFFFFFF35
:10E15000F600FD2222224FF60FC0000001FFF3FC63
:10E160000000001FFF6FC0000002FFF6FFFFFFFF6F
:10E17000FFFF6FFFFFDCFFFFF6FFFFB005FFFF6F44
:10E18000FFF6000FFFF6FFFFC006FFFF6FFFFFED7A
:10E19000FFFFF69FFFFFFFFFFD10CDDDDDDDDDDDC5
:10E1A0002FFFFFFFFFFFF312222222222200000096
:10E1B000000000000000000000000FFFFFFFFFFF55
:10E1C000F3DEEEEEEEEEEE200000000000000000B8
:10E1D000000000000DEEEEEEEEEEE2FFFFFFFFFFAF
:10E1E000FF3000000000000037888888888873EFBF
:10E1F000FFFFFFFFFFFEEFFFFFFFFFFFFE1CFFFF24
:10E20000FFFFFFC1D28FFFFFFFF82DFF64EFFFFE7E
:10E2100045FFFFFA2BFFB2AFFFFFFFD3553DFFFFD6
:10E22000FFFFFFBBFFFFFFFFFFFFFFFFFFFFAFFF92
:10E23000FFFFFFFFF9000000000001FFFFF00004F6
:10E24000FFFFD00006FFFF800008FFFF30000AFF3D
:10E25000FFAAA60CFFFFFFF80EFFFFFFE10BDDDFBB
:10E26000FF6000004FFD0000007FF3000000BFA032
:10E27000000000FF10000003F800000003C00000D1
:10E280000000200000000455EFB5520000FFFD1F04
:10E29000FFB0000FFFFFFFFC0000FFFF5333200023
:10E2A0000FFF97FFFB5700FFF8AFFFC6F80FFF8A7D
:10E2B000FFFC4AA1FFF8AFFFE3220FFF8AFFFFFF39
:10E2C000F4FFF8AFFFFFFF4FFF8AFFFFFFF4355267
:10E2D000AFFFFFFF40000AFFFFFFF400007FFFFFDA
:10E2E000FE20000001100000000000AF0000000050
:10E2F000018FFA30000002EFFFFF500000BFFFFF68
:10E30000FF10001FFFFFFFF50003FFFFFFFF70007E
:10E310005FFFFFFFF90008FFFFFFFFC000DFFFFF07
:10E32000FFFF209FFFFFFFFFFD0EFFFFFFFFFFF23C
:10E33000022222222221000008FFC0000000000962
:10E34000A20000005BBBBBBBBBBBBBA3FFFFFFFFCF
:10E35000FFFFFFFBFC0C30E11D0D11FCFC0B30E05E
:10E360001D0D10FCFFFEFFEFFEFEEFFCFFF15A0853
:10E3700070A05FFCFFF37B2992C27FFCFFBFCBBB89
:10E38000BBBFCBFCFC0B2000000D00FCFFCFCCCCB6
:10E39000CCCFCCFB9FFFFFFFFFFFFFF6000000008C
:10E3A00000000200000000000005DFB000000000D7
:10E3B00007EFFFD000000018FFFFFF70000029FFEB
:10E3C000FFFFFF00003BFFFFFFFFF8000AFFFFFF1A
:10E3D000FFFFF1000FFFFFFFFFFFA000049AAAAFAD
:10E3E000FFFF20000000000EFFFB00000000000EF9
:10E3F000FFF400000000000EFFC000000000000E4F
:10E40000FF5000000000000DFD00000000000004AF
:10E41000B300000035555502000FFFFFF2F400FF76
:10E42000FFFF2FF40FFFFFF2FFF3FFFFFF32221F6A
:10E43000FFFFFFFFF7FFFFFFFFFF8FFFFFFFFFF86B
:10E44000FFFFFFFFFF8FFFFFFFFFF8FFFFFFFFFF53
:10E450008FFFFFFFFFF8FFFFFFFFFF8FFFFFFFFFB3
:10E46000F88AAAAAAAAA30000000245531000000A8
:10E470000003AFFFFFFFC7000002BFFFFEDEFFFF8C
:10E48000F6005FFFB51000038EFFB0DFD300000081
:10E4900000008FF5180005AEFEC81004600002DF12
:10E4A000FFFFFFF80000000CFF95347DFF400000E7
:10E4B00002A20000007700000000000296000000A9
:10E4C000000000000DFF500000000000000EFF6083
:10E4D00000000000000005DA000000005BBBBBBBD1
:10E4E000BBBBBBBA20FFFFFFFFFFFFFFFF90FC128B
:10E4F00022222222220FF7FC5FFFFFFFFFFF2CFAF0
:10E50000FC5FFFFFFFFFFF21FAFC5FFFFFFFFFFF44
:10E5100027FAFC2666666666661FFAFEBBBBBBBBB7
:10E52000BBBBBFB1AFFFFFFFFFFFFFFF500000000D
:10E530000000000000005BBBBBBBBBBBBBBA20FF45
:10E54000FFFFFFFFFFFFFF90FC1222222221000F9E
:10E55000F7FC5FFFFFFFF8000CFAFC5FFFFFFFF81E
:10E560000001FAFC5FFFFFFFF80007FAFC26666671
:10E570006663000FFAFEBBBBBBBBBBBBBFB1AFFF4B
:10E58000FFFFFFFFFFFF5000000000000000000041
:10E590005BBBBBBBBBBBBBBA20FFFFFFFFFFFFFFEB
:10E5A000FF90FC1222221000000FF7FC5FFFFFD04B
:10E5B00000000CFAFC5FFFFFD0000001FAFC5FFFD7
:10E5C000FFD0000007FAFC2666665000000FFAFE36
:10E5D000BBBBBBBBBBBBBFB1AFFFFFFFFFFFFFFFC1
:10E5E000500000000000000000005BBBBBBBBBBBD9
:10E5F000BBBA20FFFFFFFFFFFFFFFF90FC122200CE
:10E600000000000FF7FC5FFF300000000CFAFC5F19
:10E61000FF3000000001FAFC5FFF3000000007FA45
:10E62000FC2666100000000FFAFEBBBBBBBBBBBBE9
:10E63000BFB1AFFFFFFFFFFFFFFF50000000000072
:10E64000000000005BBBBBBBBBBBBBBA20FFFFFF36
:10E65000FFFFFFFFFF90FC0000000000000FF7FC31
:10E660000000000000000CFAFC00000000000001A7
:10E67000FAFC00000000000007FAFC0000000000A7
:10E68000000FFAFEBBBBBBBBBBBBBFB1AFFFFFFF05
:10E69000FFFFFFFF5000000000000000000000002E
:10E6A000000007B20000000000000ADFFA000000CE
:10E6B000000000A93DF5000000044002E000100049
:10E6C0000000AFF80B600000006C30FFFFFFFFFFA1
:10E6D000FFFFFFF4AFF9000C5000006D4005500043
:10E6E00004C00000100000000000C43EE80000006C
:10E6F0000000002EEFFA000000000000004FFA00BA
:10E7000000000000000000000000000001100000F8
:10E710000007EFFFB30000AFFD8FFF2004FFFD09EE
:10E72000FFB00AFEFD12AFF00EF55D2C0EF30FFFE9
:10E7300033129FF50FFFF307FFF60FFFE206FFF618
:10E740000FFE24137FF50DF57D2C0DF30AFFFD114F
:10E75000BFF003FFFE0BFFA0007FFEBFFE10000313
:10E76000ACDC810000003443000005667FFFF966E1
:10E7700050FFFFFFFFFFFF356666666666501CCCE4
:10E78000CCCCCCC402FFFFFFFFFF602FF3FB7F6DFB
:10E79000F602FF2FB7F5DF602FF2FB7F5DF602FF79
:10E7A0002FB7F5DF602FF2FB7F5DF602FF2FB7F585
:10E7B000DF602FF3FB7F6DF601FFFFFFFFFF5007C8
:10E7C000BCCCCCCC90000000000000012000000078
:10E7D000000004FF500000000002FFFF5000000096
:10E7E0000439FFFE00000004FF39FFA0000004FF11
:10E7F000FF39B0000004FFFFFF20000004FFFFFF0F
:10E80000B0000004FFFFFFB0000004FFFFFFB000F6
:10E810000004FFFFFFB0000000BFFFFFB0000000DA
:10E820000DFFFFB000000000FFFFB0000000000976
:10E83000A8600000000000000017888888888740D2
:10E840000002EFFFFFFFFFFFF4003EFFFFCFFFCF0F
:10E85000FFF703EFFFF908F809FFF83EFFFFFE207E
:10E86000402EFFF8DFFFFFFFE101EFFFF89FFFFF02
:10E87000FF80008FFFF809FFFFF902C209FFF800CF
:10E880009FFFFE4EFE4EFFF80009FFFFFFFFFFFF58
:10E89000F700008FFFFFFFFFFFC100000000000036
:10E8A00003EFFFFFE203FBFBCEBFA4FF1D03A1FAB2
:10E8B000FFF1D03A1FAFFFFFFFFFFAFFFFFFFFFF9F
:10E8C000AFFFFFFFFFFAFFFFFFFFFFAFFFFFFFFFFD
:10E8D000FAFFFFFFFFFFAFFFFFFFFFFAFFFFFFFFA2
:10E8E000FFADFFFFFFFFF829AAAAAAA800000000B9
:10E8F0000000000300000000000004F100082000F8
:10E900000001FF100BF70000002FF10CFF944444AE
:10E9100045FF1BFFFFFFFFFFFFF18FFFFFFFFFFF23
:10E92000FD007FF70000000000006F6000000000A5
:10E9300000003000000000000000000000000000A7
:10E940000000C003000000000000C003030A000034
:10E950000F008005050500051C00D0090A0A00000B
:10E960004E00B008090F00FE9200D00B0C0A000008
:10E97000CE00A0090A0B00FF0501F0020305000507
:10E980000D01B004040E01FD2901C004040E00FDB8
:10E990004501A005060600055701200808070002EA
:10E9A00073013003030500FE7B01600505030003CE
:10E9B00083013003030300008801F004070EFFFF0A
:10E9C000B9015009090A0000E6013005040A0000F7
:10E9D000FA011008080A000022020008080A0000D4
:10E9E0004A0260090A0A00007C021008080A0000B6
:10E9F000A402A008090A0000D1026008080A000069
:10EA0000F9020009090A00002603A008080A00000C
:10EA10004E033003030800005A033003030B00FDCC
:10EA20006B032008080800018B0320080806000279
:10EA3000A303200808080001C3030008080A000017
:10EA4000EB03800E0E0D00FD4604400A0C0AFF0089
:10EA50008204A00A090A0100AF04200A0A0A000081
:10EA6000E104900B0A0A010013056009080A01007D
:10EA70003B05E008080A01006305D00A0A0A000005
:10EA80009505600B090A0100C2055004020A010045
:10EA9000CC053007070AFF00EF05100A0A0A01003B
:10EAA00021065008080A01004906600D0B0A010002
:10EAB0008006600B090A0100AD06C00B0C0A0000BD
:10EAC000E906200A090A01001607C00B0C0D00FD1B
:10EAD0006407300A090A01009107B008090A00001A
:10EAE000BE073008090A0000EB07100B090A0100F5
:10EAF0001808F0090B0AFF004F08C00F100A0000A9
:10EB00009F0870090A0A0000D10810090B0AFF00CB
:10EB100008093009090A00003509B004040E01FD96
:10EB20005109F004070EFFFF8209B004040E00FD36
:10EB30009E09300807060102B3090007070100FF1C
:10EB4000B709600805020109BC096008080800004F
:10EB5000DC099009080B0100080A000808080000F9
:10EB6000280A9009090B00005A0A900808080000BA
:10EB70007A0AF004060B00009B0AB009090B00FD9D
:10EB8000CD0A9009080B0100F90AE003020B01000D
:10EB9000040B0004050EFEFD270BA008080B010066
:10EBA000530BE003020B01005E0BD00E0D080100B9
:10EBB000920B900908080100B20BE0080908000058
:10EBC000D60B9009080B01FD020C9009090B00FD02
:10EBD000340CC00505080100480C000707080000B8
:10EBE000640CD005060A0000820C800908080100A8
:10EBF000A20CD0070908FF00C60C900C0D080000FD
:10EC0000FA0CC007080800001A0DD007090BFFFD19
:10EC10004C0D500707080000680DF004050E00FDBC
:10EC20008B0D3004020E01FD990DF004050E00FD60
:10EC3000BC0D200808030003C80DE005060500060A
:10EC4000D70D600404030003DD0D000E0F0FFFFE5F
:10EC50004E0E000E0E0B00009B0E000E0E0D00FF60
:10EC6000F60E000E0E0B0000430FA0090A0B000069
:10EC70007A0F000E0E0F00FEE30F000E0E0F00FEC7
:10EC80004C10C00F100D00FFB410000E0E0F00FE50
:10EC90001D11C00F100B00007511000E0E0F00FEAD
:10ECA000DE110007070C00FF0812800A0B0C00FFA2
:10ECB0004A12C00F100E00FEBA12000E0E0B00001A
:10ECC0000713A0090A0F00FE5213400C0A0E01FEA2
:10ECD0009813400C0D0F00FEFA13400C0D0D00FFB1
:10ECE0004F14400C0D0D00FFA414400C0A0E01FE41
:10ECF000EA14400C0E0DFFFF4515C008090D00FF7A
:10ED00008015C008090D00FFBB15400C0D0D00FF5C
:10ED10001016400C0D0400032A16C00F100B000043
:10ED200082168011120F00FE0917C00F110FFFFE8F
:10ED30008917000E0E0D00FFE417400C0D080001AE
:10ED40001818400C0D0800014C188011120B00001F
:10ED5000AF18000E0E0B0000FC18000E0E0F00FE88
:10ED60006519000E0F0FFFFED619400C0D0D00FFA8
:10ED70002B1A400C0D0F00FE8D1A400C0D0D00FFDC
:10ED8000E21A400C0D0C00FF301B000E0E0B0000B1
:10ED90007D1BC0080A0FFFFEC81B400C0D0F00FEB4
:10EDA0002A1C400C0D0F00FE8C1CC00F100B000025
:10EDB000E41C000E100FFFFE5C1D800A0B0F00FE0E
:10EDC000AF1D8011120D00FF241E8011120A0000D9
:10EDD0007E1E8011120A0000D81E8011120A000047
:10EDE000321F8011120A00008C1F8011120A0000CD
:10EDF000E61F8011120C00FF5220400C0C0F00FE89
:10EE0000AC20400C0D0F00FE0E21000E0F0FFFFE78
:10EE10007F218011120B0000E221800A0B0F00FEFF
:10EE20003522100E0F0A00000000721F51EF58EF3C
:10EE30005BEF5CEF5DEF61EF63EF65EF69EF6CEF48
:10EE400071EF76EF77EF78EF8EEF93EF98EF9BEF20
:10EE50009CEF9DEFA1EFA2EFA3EFA4EFB7EFB8EF08
:10EE6000BEEFC0EFC1EFC4EFC7EFC8EFC9EFCBEF04
:10EE7000E3EFE5EF14F015F017F019F030F037F08C
:10EE80003AF043F06CF074F0ABF03BF190F191F19B
:10EE900092F193F194F1D7F1E3F13DF254F2AAF437
:10EEA00012F7F2F7200000005F00010000000000F0
:10EEB0000000000000000200B0000000F3F7600056
:10EEC00028EE0390000000003E0003000000010255
:10EED0000003040502060708090A090A0B0C000DC5
:10EEE0000E0F101112130C14140000001516171831
:10EEF00019161A1B1C1D1D1E1F201D1D1621222345
:10EF000003241E2525262728292A2B002C002D2EF8
:10EF10002F303132332D343435302D2D2E2E3637DF
:10EF20003839333A3A3B3A3C290000093D090000A0
:10EF300000000000000000000000000000000000D1
:10EF400000000000000000000000000000000000C1
:10EF500000000000000000000000000000000000B1
:10EF6000000000000000000000000000010200039B
:10EF7000040502060708090A090A0B0C0D0E0F10FA
:10EF8000110C121314151500000016171819171973
:10EF900019191719191A1919191917191719031BFA
:10EFA0001C1D1D1E1F20212223002400252627278B
:10EFB00027002726282926262A2A272A272A2B2CF3
:10EFC0002D2E2E2F2E3000002309310900000000C5
:10EFD0000000000000000000000000000000000031
:10EFE0000000000000000000000000000000000021
:10EFF0000000000000000000000000000000000011
:10F0000000000000000000000001000000000000FF
:10F0100000010000020000000002000000000000EB
:10F0200000000000000000000000010000000000DF
:10F03000000000000000000000010A0006FB0000C4
:10F040000000F4F3020B0504F7020B0109020700AC
:10F05000000000000000000000000D02FE000000A3
:10F060000000000000000000000400F900000000A3
:10F0700000FC04040000FE00FE0200FE00FEFFFC97
:10F0800000000000FE0000FDFD0000FE00FC00008E
:10F0900000000000000000FEFE00FD00FA00E50098
:10F0A00000FC0004070000FC02020704FC0400004E
:10F0B000F30000000000000000000000F800000065
:10F0C0000000000000000000000000FAFDF500F75D
:10F0D000FE00000000000900F9FEFF0100FC000036
:10F0E000FEEF0000000000000000000000EEFE093E
:10F0F000000000000000000000000000F700000019
:10F10000000000000000000700020000FC000000FA
:10F1100000000000000000000000000000000902E4
:10F1200001000000000000000000000000000000DE
:10F1300000000000000000000000000000000000CF
:10F140000000000000000000F800000000000000C7
:10F1500000000000000000000000000000000002AD
:10F16000040207FE000004FEF9E102060400FD00AF
:10F17000080007000700EB00FD070007FE0402007F
:10F180000001FE0000FC1200120007000903040742
:10F19000000000F80000000001FE0002FCFDFC027F
:10F1A00000FE000000F7000000000000000000006A
:10F1B00000F100000000000000000000000000005E
:10F1C0000001F400F200000000FE0016FDFD020246
:10F1D000FE00FD020000F40000000000000000003E
:10F1E0000000EA0002000000000000000000000033
:10F1F00000F2000D0000F8000700F1EAF1FC070042
:10F2000000F10003FB00FD00000000000000000012
:10F210000000000607E500000000000000000000FC
:10F2200000000B000200000000000202FDFC00FFD5
:10F23000FFFE0000FE000000FC00FE00FBFC00FAE8
:10F24000F9F9FC00FC00FC00000000FE00000200D8
:10F2500002FE000100000002FE000000FE0202FFAC
:10F26000000000FC00FF0000000000010003FE00A1
:10F27000FD00FC0000FE00070000FE000000000092
:10F28000FF01FEFE0000FE00FE0000000000000086
:10F290000000FFFF00FEFD0000000000010000FE76
:10F2A00000FEFEFE000000000000000000FF000065
:10F2B0000000FEFD00FD00F9FEF9040000FC020460
:10F2C0000600FAFFFD00FFF502FE02F40200000155
:10F2D000F400F4FEEDFE00F500040600030000005B
:10F2E000000000FCFD00F9000000FE000000FE0030
:10F2F00000000000FFFF00FFFD0000000000000014
:10F30000FEFE00FEFDFE0000FE000000000000000A
:10F3100000000000FEFE00FD00FE00FC020000FDFB
:10F32000010202000000000000FE000000000002D8
:10F330000000FE00FEFEFD000000000000000200D4
:10F34000FE00000000FEFD00FC0007FE01F90000C9
:10F3500006F5F4F7FC0200FEF1FC00FC00FC03FCE7
:10F36000F200FA000001FF02FE000200F9F700F5CA
:10F37000FBFBFBF9FDFA00FCFA01000100FE0000B6
:10F38000000200020000000000000000000000FE7B
:10F3900000FF00FFFE00FCFBFBFF00F90000000087
:10F3A0000000FE0000000001FF000000020000005D
:10F3B00000000000000B0000000000000200000040
:10F3C000FE0000000000000000000000FC00020041
:10F3D000000000000000000000000000FE0000002F
:10F3E000FC00000000F5F9000000FDF50000FE0241
:10F3F00000FA00000000000000000000FC0000FC1B
:10F400000000000000000000000000000200FC00FE
:10F41000000000030002FCFC00FEFEFD00000000F6
:10F420000000F900FE00FDFE00FBFAF9FE00FC0002
:10F43000F900000000120000010000FD000200F6CB
:10F440000000000000EBFC0707FEF70002FD00F5DE
:10F45000FFFD02F0FE030003F8FDF8F9F70000F3EA
:10F46000000D0000FF000000FFFFFEFAF900EB00B6
:10F47000000000000000000001000000000000008B
:10F48000000000000000000000FE00FFFEFD000084
:10F49000FC00FE0000000000000000000000000072
:10F4A0000000FF00FC000004FF0300FB02FEFFFA67
:10F4B000FE00FDFEFE00FDFC0000FEFFFEFCFD0068
:10F4C00000FE0002FE00FB000000FC00FC00FCFC53
:10F4D000020000000000000000FC0200FD00FEFD34
:10F4E000F9FEFEFEFFFEFDFF0000000000FEFEFE36
:10F4F0000000000003FE00FE000000FEFDFEFEFD19
:10F50000FE000209FF00FA00FE0400FEF7FD030002
:10F5100000F5FC02FC0200FEFEF900FD010000FC0B
:10F520000000000202FCFC00FCFEFDFEFE00FC01EF
:10F53000FCFC0700000000000000000002000000CA
:10F5400000000000000000000000000000000000BB
:10F5500000000000FC0000000000000000000000AF
:10F56000000000000000000000000000000000009B
:10F57000000000000000000000000000000000008B
:10F58000FE0000000000000000000000000000007D
:10F590000000000000000000000000000000FEFE6F
:10F5A000000000000000000000000000FD0000FD61
:10F5B0000000FEFE00000000FE00000000FF000052
:10F5C000000000FE00000000FD00FC000000F9004B
:10F5D00002FB0400FEF50000FBFE00F7FAFA000053
:10F5E000F6FEF7F7F500FA00020FFD00FBFEFFFE46
:10F5F000FCFAFCF8F7FBFE0000FE00010000F0FE44
:10F600000705FBF80001F900F5FEFE04EBFD010023
:10F6100000F1FDF4FEF00000F0000D0100FE00001E
:10F620000000FFFEF7FE00F100000000F900FE0000
:10F63000FFFAF50000FFFDF9FE00FE00000000F6F5
:10F64000FEF9F9FEFCFAFEFC00FCFEF9FD00FDFCF3
:10F65000FEFC000100FEF9000400FC0000000003B5
:10F660000002FC0900FEFEFD000000000000F900A1
:10F67000FE00FDFE00FBFAF9FE00FC02090000009E
:10F6800000120000010000FD000200000000000068
:10F690000000000000000000FEFC0000000000FF71
:10F6A000000000FEFE0000FCFE0000FC0004FF0065
:10F6B00000000000000100000000030402FE00F949
:10F6C000FC0007F9F9FCFC090402EDFE04FE00FE53
:10F6D00002FEF800FE02FDFEF9FE0000070400FA3B
:10F6E00000F4FD06FDF701FDF9F9FE090200FD0039
:10F6F000FA000207FBF8F7FA070001F0FE02FCFE31
:10F70000FB00FBF8FDFDFE0000FBFBFE000705FE15
:10F71000F400F4FD00F8F3FFF9FCF9FA060000FD2F
:10F7200000FCFE00FEFC0004F9020000F400FEFBF9
:10F73000FCFEF9FAF9FB00F9FEFBFCF9FE00000102
:10F740000BFC00F9FE00FEFCFBFAFAF7FDFC0400DE
:10F75000FD00F5FD0104F9F8FCF907FE01EBFC04DE
:10F76000FBFCF800F9F7FDFEFEFEFBF9FF000007C9
:10F7700006FEF100F3FB05F7F1FCF8F7F5F90400DC
:10F78000000000FD000002FD0402FC040000F9FF7F
:10F7900000FF000101FE000000000000FE0000006C
:10F7A0000002070000FD00000000FEFEFD0000005A
:10F7B0000102000000000200FE000900040101FD3A
:10F7C0000004000000020000000000000000000033
:10F7D000000700060000000000000000000000001C
:10F7E0000000F300FE04000700001603FCFC020208
:10F7F000FE01F500000BF300000000000000000017
:10F800000000F1091F0000000000000000000000DF
:10F8100000F30000000000000000000000000000F5
:10F82000000000000000000000000000FC0000FCE0
:10F83000FE000000000000000000000000000000CA
:10F8400000000000FE00FA0000010000021DFCFEA6
:10F850000706FA0200000202FD000000000000009E
:10F8600000000000E30600000000000000000000AF
:10F8700000000000000000FA000000FA0000000094
:10F88000FBFF000000FB00FD00F500000000000091
:10F890000000000000F10000000001000000000076
:10F8A00000FE0000FC00FD00FA000000FC02FD006C
:10F8B00000FAFEFB0000FA00FE00F500FE0000EE7C
:10F8C000FCF7FEF80000F100FAFF00000000000065
:10F8D0000000FDFCFEFC00000000FB00FB03FE043A
:10F8E00000FEFBFEFCFC00FDFFFE02FAFF00000034
:10F8F000ECFEFD00FB00FEF5FE0000FEFE00000039
:10F90000000200FEFCFE04000000000000000000F9
:10F9100000000000000000000000000000000000E7
:10F9200000000000000000000000000000000000D7
:10F93000000003000000000000FB00FE000000FCCF
:10F9400002000000FAFEFC0000FA00FE00F50000D4
:10F950000000EA00FCF8F50000F100FEFD000000E8
:10F960000000000000FEFDFFFD01000004FD000797
:10F970000BFEFEF9030B0405FA0309030605060056
:10F98000000000000000000000000E0BFCFE00FE66
:10F99000120A12000000020000080000FC00000033
:10F9A000000000000000FE00000000000000000356
:10F9B00000000000EDFDFEF7F50000F10000000082
:10F9C00000000000000000000000000000FC00003B
:10F9D00000000000000000FE000000000000000029
:10F9E0000300000000EDFDFEF7F50000F700000049
:10F9F0000000000000000000000000000000000007
:10FA0000FE000000FB0200FE020402F90000FE02FC
:10FA1000000200000000FA00FEFEFC00FEF7000EEF
:10FA2000FE00FBFE00FEFC00FEFAFCFD000000FCF8
:10FA3000000000000000000000FE000000000000C8
:10FA400000000300000000EDFDFEF7F50000F100EE
:10FA500000000000000B000000000000000000009B
:10FA6000FC00F9FDFE07FEFEF701FF01FEFA0005AE
:10FA700000020102FBF7FD00F7FCFAF7F700FCFCBF
:10FA8000FDFDFEFEFDFE00FEFF030003FE0007007D
:10FA90000000000000000000000000FEFEFE00006C
:10FAA000FA00FF00FC000000000000000000000061
:10FAB000F30000000000000000000000FEFE00FD5A
:10FAC00000000000FE0000FCFE0200FCFCFE00FA4C
:10FAD000FEFBFEFD00FC0000000000000000000036
:10FAE00000F100070000FC00000000FD00FE000027
:10FAF000FF0000FE00FB000009FDF9F90202020010
:10FB0000FA020302070207FEFA0000F70000F9FA02
:10FB10000000FC00FDFC00FD00FD00FE0300FEF9FE
:10FB2000FE080000FE00FC000003FB0002FE0200D5
:10FB300000F900FEFF00FE02FE000000F7FDFB00E2
:10FB4000F90000F50008FE00FC000100FE00FEF9CF
:10FB500000FE0200000000FE000002FD010000FDAA
:10FB6000FE00FD000000000000000000000000009A
:10FB700000000000F200050000FE00000000000090
:10FB8000FEFE0000000400050000000000F2F3018A
:10FB90000A0704F702090008000400000000000042
:10FBA00000000000000C0000000000000000000049
:10FBB000000000000000000008F00390CCEE03906D
:10FBC0006AEF03903D310000B8C6039038E9039016
:10FBD000A4EE0390B8FB0390100002288C020024CE
:10FBE00019180290591702901000030000FF01003D
:10FBF000C8FB039000000000000000009F68F68F23
:10FC000057F46F46F35F35F24F1000150AF77F4047
:10FC1000DA09ED909DD908DC808DC808C00000008D
:10FC200000E5004F0000000F3006E0000002F10088
:10FC30008C0000FFFFFFFFFFF2055AE555DA550083
:10FC4000009B000E6000000B9000F4000011D81122
:10FC50003F31008FFFFFFFFFF90245F6448E44203D
:10FC6000002F1007C0000004F0009A0000005E00A2
:10FC70000B9000000000072000000000E4000000DE
:10FC8000000E40000002ADFFD92003FFBFCDFC00F5
:10FC9000BF40E403300ED00E400000DF30E400002F
:10FCA00005FFAF50000004BFFFD70000001EBEFBE1
:10FCB000000000E40BF400000E406F60B400E40BA1
:10FCC000F31EFDAFBEFA0017CFFFC60000000E40C6
:10FCD00000000000E4000001BFC300002F4000C985
:10FCE00016E0000C90002F000C5007E00004D0003C
:10FCF000A702F400003F000C60C9000000D704F127
:10FD00007E00000003DFE42F41AEB20000100C9033
:10FD1000C928E0000006E13F000D500002F404D0C5
:10FD200000A70000BA003E000C50006E1000D7057E
:10FD3000E1001F500002BFC3000004CFE900000033
:10FD400003FB57F90000009F000AD0000008F100F3
:10FD5000DB0000002FB3CE200000006FFC2000006D
:10FD6000004EEFB00010005FA06FB01F500EC0003B
:10FD70006FB7F202F800006FFB000FD00001DFB098
:10FD8000008FE98AFE8FB0005CFFD9106800000088
:10FD900000000000DAD9D9C8C800006F400DC004C7
:10FDA000F6009F100DD000FB002F8003F7004F607E
:10FDB00004F6003F7002F8000FB000DD0008F1000B
:10FDC0003F6000DC0006F43F7000BE0005F5001F38
:10FDD000A000CE0009F1007F3006F4005F5005F569
:10FDE000006F4007F3009F100CE001FA005F500B1A
:10FDF000E003F700000E200360E2564DDFCE601DE9
:10FE0000FF304ECFBF6360E245000E20000001309E
:10FE10000000008F00000008F00001229F2220CF88
:10FE2000FFFFFF4455AF55510008F00000008F0060
:10FE3000000008F0000001100EF10FF207E00B9037
:10FE40000E4088887FFFFE05601FF20CD000000086
:10FE500057000000EA000003F5000009F000000E62
:10FE6000A000004F4000009E000000E9000004F4E4
:10FE7000000009E000000E9000004F400000AE00BE
:10FE80000000F9000005F300000AE000000F9000F8
:10FE9000005F3000000004BEEB4000006FFBBFF6C7
:10FEA0000002FD1001DF200AF300003FA00EE00079
:10FEB000000EE00FB000000BF01FA000000AF10FD1
:10FEC000B000000BF00EE000000EE009F300003F70
:10FED0009002FD1001DF20006FFBBFF6000004BEA2
:10FEE000EB4000DFFFC8AAFC000FC000FC000FC001
:10FEF00000FC000FC000FC000FC000FC000FC000A1
:10FF0000FC000FC0018DFEC5004FFDACFF703C3002
:10FF1000002FF00000000BF20000000CF1000000C8
:10FF20003FB0000002EE2000002EF3000002EF3090
:10FF300000002EF3000002EF3000002EFCAAAAA75A
:10FF40005FFFFFFFFB5FFFFFFFF03AAAAACFC000F1
:10FF50000001EE1000000CF30000009F60000004A0
:10FF6000FE61000005DFFF500000003EF2000000CF
:10FF700007F600000006F66910001DF29FFCBCFFAA
:10FF80008004AEFEB5000000004FB000000001ED9F
:10FF9000000000000CF2000000009F50000000056F
:10FFA000F9000000002FC003C50000DE1004F700B8
:10FFB0000BF40004F7004FFFFFFFFFFD3999999BF9
:10FFC000FC9800000005F70000000005F7000000A5
:10FFD0000005F70002FFFFFFF004FCAAAAA005F548
:10FFE00000000007F300000009F10000000AFFFF15
:10FFF000C70007AAABFFC00000000BF6000000031B
:02000004900466
:10000000FA00000003FA3C20000BF66FFDBBEFB0D6
:10001000039DFFC70000018DFEC60004EFCAAD902E
:1000200001EE400000008F400000000EE0000000E4
:1000300000FB2AEFD7001FDFD99DFB01FFA0000ABC
:10004000F50FF200003F90BF200003F804FA000013
:10005000AF4009FD99DFA00005CFFC60007FFFFFE6
:10006000FFFF07FBAAAAAFE07F400005F806F400F7
:1000700000CF100000003FA00000000AF3000000C5
:1000800001FC000000008F500000000EE0000000A6
:1000900006F700000000DF100000004F9000000095
:1000A0000BF2000000002AEFFC70003FFB89DFB07C
:1000B0000AF50000BF30BF100008F404FC4226FD22
:1000C0000006FFFFFE1005FE856AFD10EE1000071A
:1000D000F82FA000001FB2FB000002FB0DF400008F
:1000E000AF703FFB89DFC00029DFFC6000006CFFC0
:1000F000C60000AFD98CFA003FB00007F607F50044
:10010000000FD06F600002FF11FF5104DFF204EF17
:10011000FFFB9F300057730AF100000000DF000072
:1001200000004FA00000003EF2008EBACFF500059F
:10013000BEFD9200000CD01FF20560000000000020
:1001400000000005601FF20CD00CD01FF20560000B
:100150000000000000000001100EF10FF207E00B9C
:10016000900E40000000052000018EF4004BFF932C
:1001700006DFC60000CF80000005CFE71000003981
:10018000FFB40000016DF40000000420CFFFFFFF6A
:10019000467777777200000000000000000012220E
:1001A00022220CFFFFFFF445555555106200000058
:1001B0000CFB40000006CFE710000039FFA1000053
:1001C00002DF40004BFF9118EFC6000CFA30000030
:1001D0005100000000029DFEC5004FFB9BFF804CBC
:1001E00020002FF00000000CF00000001FC00000F5
:1001F00001CF3000001DF40000009F50000000AC53
:100200000000000000000000003300000001FF10AB
:10021000000000CD00000000029DFFEC7100000016
:10022000009FC75458DF6000000CE400000006F98E
:100230000000AE103BEFB2BD3F6004F404FE97CF68
:10024000ED06E00AC00EE10008FD00E50E604F601B
:100250000000FD00A91F406F300000CD008B2F3043
:100260006F300000CD008B1F403F600000FD009903
:100270000E600EE10008FE00E50AC004FE87BFAF75
:100280009BE004F4003BFFB31BFC30009E10000019
:1002900000000000000CE400000000000000009FCF
:1002A000C7546AE000000000039DFFDB500000001F
:1002B00000008FB000000000000EFF2000000000D2
:1002C00006F6F90000000000DD0BF0000000004F12
:1002D000604F700000000BE000DD00000002F8003D
:1002E00006F50000009F10000EC000001FFFFFFF7A
:1002F000FF300007F8888888FA0000ED0000000B46
:10030000F1005F600000004F800CF100000000EE83
:10031000001FFFFFFEB4001FD8888AFF701FB000C7
:10032000002FF01FB000000CF01FB000002FC01F06
:10033000D8888AFE301FFFFFFFFD401FB000014D2F
:10034000F31FB0000004F91FB0000002FB1FB00053
:100350000008F81FD88889CFE11FFFFFFFD91000E0
:10036000004AEFEB500001BFFCACFFB000BFB20091
:10037000019C006FB0000000000DF10000000000C3
:10038000FC00000000001FA00000000000FC0000B6
:100390000000000DF100000000006FB00000000040
:1003A00000BFB20001AC1001BFFCBCFFB000004BAD
:1003B000EFEB50001FFFFFFDA40001FEAAAACFFA39
:1003C000001FB000002BFA01FB0000000CF41FB06E
:1003D0000000003FB1FB00000000EE1FB000000075
:1003E0000DF1FB00000000EE1FB00000003FB1FB6C
:1003F0000000000CF41FB000002BFA01FEAAAACFE7
:10040000FA001FFFFFFDA400001FFFFFFFFC01FE1D
:10041000AAAAAA701FB000000001FB000000001F84
:10042000B000000001FD999999001FFFFFFFF00146
:10043000FB000000001FB000000001FB00000000F6
:100440001FB000000001FEAAAAAAA01FFFFFFFFF25
:10045000001FFFFFFFFC1FEAAAAAA71FB0000000B1
:100460001FB00000001FB00000001FB00000001F00
:10047000FFFFFFF01FE99999901FB00000001FB027
:100480000000001FB00000001FB00000001FB000FF
:10049000000000004ADFEB600001BFFCBBFFC100B1
:1004A000BFB200007D106FB0000000000DF1000031
:1004B000000000FC00000000001FA0000000393018
:1004C000FC00000006F50CF10000006F506FB0005A
:1004D0000006F500BFB200009F5000AFFDBCFFD288
:1004E00000004AEFEB60001FB0000001FB1FB000EE
:1004F0000001FB1FB0000001FB1FB0000001FB1F4B
:10050000B0000001FB1FEAAAAAAAFB1FFFFFFFFF22
:10051000FB1FB0000001FB1FB0000001FB1FB0007B
:100520000001FB1FB0000001FB1FB0000001FB1F1A
:10053000B0000001FB1FB1FB1FB1FB1FB1FB1FB1DE
:10054000FB1FB1FB1FB1FB1FB000EFFFFF7008AA3C
:10055000ABF70000005F70000005F70000005F705F
:10056000000005F70000005F70000005F7000000C4
:100570005F70000006F60A7000CF30CFDADFC000EF
:100580008DFE90001FB000001DE21FB00001DF30A3
:100590001FB0000CF4001FB000BF50001FB00BF7DD
:1005A00000001FB0AF8000001FB9FFB000001FFFA8
:1005B000BBF800001FFB01DF50001FD0002FF2002E
:1005C0001FB00004FD101FB000007FB01FB000007E
:1005D00009F81FB00000001FB00000001FB00000AD
:1005E000001FB00000001FB00000001FB00000009E
:1005F0001FB00000001FB00000001FB00000001F6F
:10060000B00000001FB00000001FEAAAAAA51FFF4B
:10061000FFFFF81FA0000000007F41FF3000000036
:100620001FF41FFC00000009FF41FFF5000002FE5F
:10063000F41FADE00000BE8F41FA4F80004F67F419
:100640001FA0AF200DD07F41FA02FA07F407F41F74
:10065000A008F5EA007F41FA000EFF2006F41FA073
:10066000005F80006F41FA0000600006F41FA000E8
:100670000000006F401FB0000001FB1FF8000001E8
:10068000FB1FFF500001FB1FDFF20001FB1FB6FD47
:100690000001FB1FB09FA001FB1FB00CF601FB1F68
:1006A000B001EF31FB1FB0004FE2FB1FB00007FDB0
:1006B000FB1FB00000BFFB1FB000001DFB1FB00000
:1006C0000002FB00004ADFEB50000000AFFCBCFF63
:1006D000C10000BFB20001AFD0006FB00000009FAA
:1006E000800CF100000000FE00FC000000000AF297
:1006F0001FA0000000009F30FC000000000AF20C68
:10070000F100000000FE006FB00000009F8000BFFD
:10071000B20001AFD00000AFFCBCFFC10000004A36
:10072000EFEB5000001FFFFFFC70001FEAAABEFDA8
:10073000101FB000009F901FB000000EF01FB0000F
:10074000000CF01FB000000EF01FB000009F901FC3
:10075000EAAABEFD101FFFFFFC70001FB0000000E2
:10076000001FB0000000001FB0000000001FB0001C
:1007700000000000004ADFEB50000000AFFCBCFFAF
:10078000C10000BFB20001AFD0006FB00000009FF9
:10079000800CF100000000FE00FC000000000AF1E7
:1007A0001FA0000000009F30FC000000000AF20DB6
:1007B000F100000000FE007FA00000008F8000CF4D
:1007C000A100009FD00001CFFBABFFD10000006C67
:1007D000EFFD6000000000005FE634A700000000AD
:1007E0003CFFFE40000000000243001FFFFFFC70C2
:1007F000001FEAAABEFD101FB000009F901FB000AE
:10080000000EF01FB000000CF01FB000000EE01F43
:10081000B000009F901FD999AEFD101FFFFFFFA0F1
:10082000001FB0001FD0001FB00006F9001FB0006D
:1008300000BF401FB000001EE00029DFFD81003F27
:10084000FC9ADFC00BF400002300ED000000000C58
:10085000F3000000005FFA610000003BFFFD700044
:10086000000048EFB000000000BF4000000006F6A6
:100870000B500000CF31DFEB9AEF90006BEFEB50A5
:1008800000EFFFFFFFFF89AAADFBAAA500009F2094
:1008900000000009F2000000009F2000000009F2A3
:1008A000000000009F2000000009F2000000009FEF
:1008B0002000000009F2000000009F200000000955
:1008C000F2000000009F2000003F90000005F73F6D
:1008D00090000005F73F90000005F73F90000005ED
:1008E000F73F90000005F73F90000005F73F9000AC
:1008F0000005F73F90000005F62FB0000007F50E49
:10090000F000000BF208FA00007FB000CFFBBEFE43
:10091000200007CFFD81000CF200000002F906F86C
:1009200000000009F300EF0000001FC0008F60000E
:10093000007F50001FD00000EE00000AF40005F711
:10094000000003FB000CF1000000DF202FA00000DE
:10095000006F809F300000000EE1FC0000000008E6
:10096000FCF50000000001FFE00000000000AF8087
:1009700000004F9000000CF3000002F80EE00000B1
:100980002FF8000008F309F300007FFD00000DD0F0
:1009900004F80000CD8F20002F8000FE0002F83FF9
:1009A00080007F3000AF3007F30ED000DE00005F24
:1009B000800CD008F202F900000FD02F8003F70757
:1009C000F400000AF27F3000ED0CE0000005F7DDD6
:1009D00000009F4F90000000FEF800003FDF400045
:1009E0000000BFF300000EFF000000006FE00000F9
:1009F00009FA00002FD000000BF306FA00007F7008
:100A000000BF5002FC00001EE10DF2000005FB8F4C
:100A1000500000009FFA000000003FF500000000B9
:100A2000DFFE10000009F65FA000004FB00AF600DC
:100A300001EE1001EF200BF500004FC06FA0000089
:100A400008F80CF20000005F603FB000000ED0001C
:100A50009F500008F30001EE0002FA000006F800C3
:100A6000BF1000000CF14F700000003FBDD000002F
:100A70000000AFF40000000002FC00000000001FB6
:100A8000B00000000001FB00000000001FB00000EB
:100A9000000001FB0000001FFFFFFFFFF10AAAAAF0
:100AA000AACFD000000001EF200000000CF50000EC
:100AB00000009F8000000005FB000000002FE10007
:100AC000000000DF300000000AF6000000007FA0F8
:100AD00000000004FD000000001EFBAAAAAAA23F1D
:100AE000FFFFFFFFF41FFFA1FC741FA001FA001F0E
:100AF000A001FA001FA001FA001FA001FA001FA028
:100B000001FA001FA001FA001FA001FA001FC7414F
:100B1000FFFA470000005F3000000F8000000AE08D
:100B2000000005F3000000F9000000AE0000005FC7
:100B30004000000F9000000AE0000004F4000000F4
:100B4000E90000009E0000004F4000000EA00000E1
:100B500009F0000004F5000000EAAFFF147CF1008A
:100B6000AF100AF100AF100AF100AF100AF100AFA8
:100B7000100AF100AF100AF100AF100AF100AF1037
:100B80000AF147CF1AFFF1000AF2000001FE9000BF
:100B9000007D5E00000D70F50004F109C000AB009F
:100BA0003F201F5000D807E00006E0FFFFFFFFF2E4
:100BB00022222222484000AF40007F40017CFFD625
:100BC0000009FC99EF800130000DF000000009F2EF
:100BD000019EFFFFF30AF8433AF30FB00008F30F4A
:100BE000B0000EF309F946DFF3008DFE87F35F5086
:100BF00000000005F5000000005F5000000005F552
:100C0000000000005F56DFEA2005FDFC9BFF305F1F
:100C1000F50004FE05FA000008F45F6000004F755F
:100C2000F6000004F75FA000008F45FF50004FE082
:100C30005FCFC9BFF305F46DFEA2000007DFEB3004
:100C400000CFD9AFF409F70002C30FD00000003F76
:100C5000800000003F800000000FC000000009F786
:100C60000002C300CFD9AFF30007DFEB3000000074
:100C7000001FA000000001FA000000001FA00000FB
:100C80000001FA0008DFE82FA01DFD9BFDFA0AF81D
:100C90000002EFA0FD000006FA3F8000002FA3F83D
:100CA000000002FA0FC000005FA0AF60001EFA0152
:100CB000DFB79EDFA0008DFE91FA0008DFE910008B
:100CC0001DFB8AFE200AF30003FB00FA000009F175
:100CD0003FFFFFFFFF33FA333333300FD000000004
:100CE000009F9000091000DFDAAEF600007DFFC51E
:100CF00000001AEE900AF98800FB00001F9000BF68
:100D0000FFFF558FC77201FA00001FA00001FA0013
:100D1000001FA00001FA00001FA00001FA00001F40
:100D2000A0000008DFE91EC01DFD9BFEEC0AF800D4
:100D300001DFC0FD000004FC3F9000000FC3F8007D
:100D40000000FC0FD000004FC0AF80001DFC01DF91
:100D5000D9AFDFC0008DFE91FB000000002F90276F
:100D600000000BF407FFB9AEFA0004AEFFC6005F47
:100D7000500000005F500000005F500000005F5016
:100D80000000005F56DFEA105FEFCADFD05FF400BB
:100D90000AF65F900002F95F600000FA5F50000001
:100DA000FB5F500000FB5F500000FB5F500000FB4A
:100DB0005F500000FB6F69F90400005F55F55F5557
:100DC000F55F55F55F55F55F55F50004F70007FA37
:100DD0000000400000000004F70004F70004F700E2
:100DE00004F70004F70004F70004F70004F7000418
:100DF000F70004F70004F70006F54B9FE15EFC30B6
:100E00005F5000000005F5000000005F500000008A
:100E100005F5000000005F50001DF305F5002DF3FF
:100E2000005F502EF40005F52EF400005F9EFE00DA
:100E30000005FFFAFA00005FE30CF60005F6001E5D
:100E4000F3005F50004FD005F500007FA05F55F51F
:100E50005F55F55F55F55F55F55F55F55F55F55FE6
:100E600055F55F58DFE8008DFE8005FEFA9DFBDF3B
:100E7000A9DFB05FF2000DFF3000CF35F900007F31
:100E8000A00006F65F600005F700004F75F5000052
:100E90005F600004F75F500005F600004F75F50035
:100EA000005F600004F75F500005F600004F75F525
:100EB00000005F600004F75F57DFEA105FEFA8CF24
:100EC000D05FF30009F65F900002F95F600000FA5E
:100ED0005F500000FB5F500000FB5F500000FB5FB5
:100EE000500000FB5F500000FB0007DFEA30000D00
:100EF000FD9AFF5009F70002EF10FD000006F73FD2
:100F00008000002F93F8000002F90FD000006F60FE
:100F10009F80002EF100CFD9AFF400007DFEA3002A
:100F20005F46DFEA2005FDFA8AFF305FF40003FE2A
:100F300005FA000008F45F6000004F75F600000439
:100F4000F75FA000009F45FF50004FE05FDFC9BF83
:100F5000F305F56DFEA2005F5000000005F50000EE
:100F600000005F5000000005F5000000000008DFF1
:100F7000E81FA01DFD9BFCFA0AF70002EFA0FD0090
:100F80000006FA3F8000002FA3F8000002FA0FD0FD
:100F900000006FA0AF80002EFA01DFD9AFDFA00004
:100FA0008DFE82FA000000001FA000000001FA0080
:100FB0000000001FA000000001FA5F46DB5FCFD9F0
:100FC0005FF5005FA0005F70005F50005F50005F42
:100FD00050005F50005F5000018DFEC700CFB8ADDC
:100FE000D03F90000102FB0000000BFFB84000055D
:100FF0009CFFC00000009F60500005F75FEA9AFE6A
:10100000106CEFD92001FA00001FA000BFFFFF55B0
:101010008FC77201FA00001FA00001FA00001FA094
:101020000001FA00000FC00000BFA99001BEE97FD7
:10103000400003F87F400003F87F400003F87F4042
:101040000003F87F400003F87F400004F86F600061
:1010500006F82FC0001EF80AFD89EEF8008DFE92FA
:10106000F80DE000000DD006F600003F7000FC0017
:1010700000AF10009F3001F900002F9007F300002F
:101080000BF00EC0000005F65F50000000EDBE0042
:101090000000007FF8000000001FF10000BE00000B
:1010A0000CF10000AE05F40002FF60000F800F900D
:1010B000008FEB0005F200AE000DB8F100BD00049A
:1010C000F403F52F701F70000EA09E00CC06F100F7
:1010D000009F1E9006F2CC000003FAF3001FAF60E1
:1010E00000000DFD0000BFF10000008F700005FB47
:1010F00000003FB0000CF207F7007F6000BF33FA3A
:1011000000001EDED0000004FF30000006FF50008B
:10111000003FBCF20000DE12FC000AF4005F906F9A
:1011200080000AF50DE000000CD006F600003F70CC
:1011300000FC00009F10009F3001FA00002F900675
:10114000F300000CF00DC0000005F63F6000000049
:10115000EDAE000000008FF8000000001FF200005C
:1011600000000FB0000001007F4000001FAAFB003C
:10117000000019EEA10000002FFFFFFF9177777E9E
:10118000F4000006F8000003FC000001EE1000006F
:10119000BF4000008F7000004FB000001EF877774E
:1011A00054FFFFFFFB007EF03FD707F4008F3008AD
:1011B000F3008F3008F3009F208EE00FFA000BF24F
:1011C000008F3008F3008F3008F3007F4004FD707B
:1011D00008EF1F71F71F71F71F71F71F71F71F716C
:1011E000F71F71F71F71F71F71F71F71F7AFA1009C
:1011F0004BF90000ED0000DE0000DE0000DE000024
:10120000DE0000DE0000AF92005FF400CF1000DED1
:101210000000DE0000DE0000DE0000ED004AF90004
:10122000AFB1000000000101DFC100C5AC5CE34FBD
:101230002D4009FF90300002100001AFD500B80327
:10124000E41E0006A2E0006A0C701D502CFF700026
:1012500000000005309FF3CFF64EC10000000000F3
:10126000000027BA00000000000048DFFFF2000085
:1012700000016AFFFFFFFF2000007CFFFFFFFFFF70
:10128000F200004FFFFFFFFFFFFF200005FFFFFF01
:10129000FFB73FF200005FFFFE950001FF20000551
:1012A000FF730000001FF200005FE000000001FF7C
:1012B000200005FE000000001FF200005FE00000BB
:1012C0000001FF200005FE000000698FF200005FB2
:1012D000E00002EFFFFF200358FE00008FFFFFF247
:1012E0002DFFFFE00004FFFFFD0BFFFFFE000004E9
:1012F000BDC810AFFFFFB0000000000000AFFFB19D
:1013000000000000000000010000000000000000DC
:10131000510688888888883015F76EFFFFFFFFFF29
:10132000B68FFDCFF33333336FECDFF20CE0000008
:10133000003F702FF20CE00000003F802FFFFFE025
:101340000000003FFFFFF42DF9999999BF924FF2E9
:101350000CFFFFFFFFFF702FFBAFF11111115FDAE0
:10136000BFF98EE00000003FC89FF20CE0000000D3
:101370003F702FF64DE00000003FA46FFEEFFBBB77
:10138000BBBBCFFEEFC20CFFFFFFFFFF802C5888D6
:1013900070288888888885FFFFF39FFFFFFFFFFF85
:1013A000FFFFF3AFFFFFFFFFFFFFFFF3AFFFFFFF05
:1013B000FFFFBFFFD16FFFFFFFFFFB00000000003A
:1013C00000000000CFFFE17FFFFFFFFFFCFFFFF306
:1013D000AFFFFFFFFFFFFFFFF3AFFFFFFFFFFFFFC9
:1013E000FFF39FFFFFFFFFFF5888602788888888EA
:1013F00085477750177777777774FFFFF39FFFFF65
:10140000FFFFFFFFFFF3AFFFFFFFFFFFFFFFF3AFA4
:10141000FFFFFFFFFFDFFFF17FFFFFFFFFFD00008A
:101420000000000000000000000000000000052097
:10143000000000000000008FF30000000000000822
:10144000FFFE0000000000008FFFF8000000000019
:1014500008FFFF9009D20000008FFFF9009FFE20D7
:101460000008FFFF9000DFFFE2008FFFF900002E71
:10147000FFFE28FFFF90000002EFFFFFFFF90000D2
:1014800000002EFFFFFF900000000002EFFFF900B8
:1014900000000000002EFF9000000000000002D8B5
:1014A00000000000002DB0000006E60DFFC00006A1
:1014B000FFF3CFFFC006FFFF31DFFFC7FFFF500183
:1014C000DFFFFFFF500001DFFFFF50000007FFFFBD
:1014D000D0000006FFFFFFC00006FFFFDFFFC006D1
:1014E000FFFF51DFFFC0FFFF5001DFFF58FF50003B
:1014F00001DFD00530000001610000000000CD5088
:10150000000000000000003FFA000000000007E3B8
:1015100003FFA00BC1000008FFB03FFA04FFD10099
:1015200004FFF603FFA01EFFA000DFF7003FFA0054
:101530002EFF403FFC0003FFA0006FFA08FF600091
:101540003FFA0000EFF0AFF20003FFA0000BFF1B1B
:10155000FF10001FF80000BFF19FF30000240000FF
:101560000DFF06FF900000000002FFD01FFF2000CB
:10157000000000BFF8009FFD200000009FFE10004B
:10158000CFFE710004CFFF500001DFFFFEDFFFFF41
:10159000600000009FFFFFFFFD400000000028CE1C
:1015A000FDA50000000000000466400000000000EF
:1015B000003FFFF30000000000004FFFF4000000B8
:1015C000007817FFFFFF71870004FFFFFFFFFFFF99
:1015D000FF400DFFFFFFFFFFFFFFD03FFFFFFE8833
:1015E000EFFFFFF308FFFFD0000DFFFF8000AFFF0C
:1015F000500005FFFA0000BFFF300003FFFB0001B1
:10160000CFFF800008FFFC103EFFFFF6006FFFFFDA
:10161000E31FFFFFFFFFFFFFFFF109FFFFFFFFFFDA
:10162000FFFF9000DF8EFFFFFFE8FD000011019F2C
:10163000FFF91011000000004FFFF400000000004F
:10164000002CEED2000000000000000000000000AE
:10165000000000000892006BB100000000002DFFA8
:10166000E40AFF20000000004EFFFFF6AFF200008A
:1016700000006FFE31CFFFFF200000009FFD2570AE
:10168000AFFFF2000001BFFA08FFB07FFF40000289
:10169000DFF80AFFFFD25FFF5004FFF51DFFFFFFD9
:1016A000E42EFF70DFE33EFFFFFFFFF61CFF13B1E8
:1016B0005FFFFFFFFFFFF80960000AFFFFFFFFFF6A
:1016C000FFE0000000AFFFFD88BFFFFE0000000A42
:1016D000FFFF7003FFFFE0000000AFFFF7003FFFD8
:1016E000FE0000000AFFFF7003FFFFE00000008F14
:1016F000FFF5002FFFFC00000000000000000000CC
:1017000000000000000009AA900000000000003F57
:10171000FFF30000000000004FFFF4000000000095
:10172000004FFFF40000000000004FFFF400000035
:101730000000004FFFF40000000000004FFFF40025
:101740000000000CEEEFFFFEEEC0000008FFFFFF00
:10175000FFFF900000008FFFFFFFF800000000086F
:10176000FFFFFF8000000000008FFFF80000002452
:10177000444407FF70444442FFFFFFC1661DFFFF62
:10178000FFFFFFFFFE66EFFFFFFFFFFFFFFFFFFF13
:10179000FFFFFFFFFFFFFFFFFF66C4FFDFFFFFFF4D
:1017A000FFFFFFFFFD000000000000000000000040
:1017B000044444444441000000001EFFFFFFFFFFBB
:1017C000F40000000BFFFFFFFFFFFFE1000006FF3A
:1017D0005000000001FFA00001FF90000000000584
:1017E000FF5000BFD000000000000AFE106FF300A1
:1017F00000000000001EFA0EFFCCCC200000BCCC84
:10180000EFF2FFFFFFFA00006FFFFFFF4FFFFFFF48
:10181000F8888EFFFFFFF4FFFFFFFFFFFFFFFFFFD2
:10182000FF4FFFFFFFFFFFFFFFFFFFF4FFFFFFFF83
:10183000FFFFFFFFFFFF37FFFFFFFFFFFFFFFFFF80
:10184000A00000001566400005CB00003BFFFFFF35
:101850009207FF0007FFFFFFFFFF66FF008FFFA457
:10186000125BFFFDFF04FFE40000004EFFFF0DFFD1
:101870003000004546FFFF4FF7000000DFFFFFFF8D
:101880008FF1000000DFFFFFFF02100000001222B6
:10189000222100000000000000000067777775003B
:1018A00000000673FFFFFFFE0000003FF6FFFFEEA3
:1018B000FD000000CFF1FFFF7000000009FFA0FF56
:1018C000FFFB200002BFFE10FF8DFFFCA9CFFFE24F
:1018D00000FF619FFFFFFFFB1000FF70017CEED94E
:1018E0003000005620000000000000000000000250
:1018F00040000002EF000002EFF00003EFFFDFFF07
:10190000FFFFFFFFFFFFFFFFFFFFFFFFFFFFFFFFE7
:10191000FFFFFFFFFFFFFFFFFF7BBBDFFFF00000CC
:10192000BFFF000000BFF0000000BE00000000008C
:10193000000000024000000000002EF00000000047
:1019400002EFF0000000003EFFF00000DFFFFFFFAD
:10195000F00710FFFFFFFFF03FD0FFFFFFFFF00891
:10196000F5FFFFFFFFF004F7FFFFFFFFF00DF3FFB0
:10197000FFFFFFF03F708BBBDFFFF0000000000BAC
:10198000FFF00000000000BFF000000000000BE0CE
:101990000000000000000000000000000000000047
:1019A0000100000000000000000007F60000000039
:1019B00000024000002DF80000000002EF0000408F
:1019C0001CF400000002EFF0005FB01EE100000315
:1019D000EFFF0000AFA06F70DFFFFFFFF00710BF49
:1019E00030FD0FFFFFFFFF03FD03F90AF0FFFFFFCC
:1019F000FFF007F50EC08F2FFFFFFFFF004F70DDD8
:101A000007F3FFFFFFFFF01DF30FB09F2FFFFFFF56
:101A1000FF03F707F60CF07BBBDFFFF00003FE12BD
:101A2000FA000000BFFF0003FF40AF30000000BF1E
:101A3000F0003C306FA000000000BE0000006FE12D
:101A400000000000000000006FD200000000000055
:101A50000000039000003ABBBBBBBBBBBBBBA3EF0A
:101A6000FFFFFFFFFFFFFFFEFFD56EFFFFFFFFFF42
:101A7000FFFF2004FFFFFFFFFFFFFF0002FFFFFF4C
:101A8000BFFFFFFF5007FFFFF508FFFFFFFBBFFF92
:101A9000FF50008FFFFFFFCBFFF5000009FFFFFCA9
:101AA00000AF50000004FFFFC0000300000004FF6F
:101AB000FF40000000000004FFFF7444444444441D
:101AC00047FFFFFFFFFFFFFFFFFFFF6FFFFFFFFF6E
:101AD000FFFFFFF6000006900000000001FF40003D
:101AE0000000006FFA000000000DFFF2000000058A
:101AF000FFFF90000000EFFFFF3000009FFFFFFDA1
:101B000000005FFFFFFFF9000EFFFFFFFFF307FF7D
:101B1000FFFFFFFFA0CFFFFFFFFFFF0FFBFFFFFF58
:101B2000FFF2FF4AFFFFFFFF2CF84FFFFFFFF07FA0
:101B3000F25CFFFFFB00EFE508FFFF3002EFFFFF65
:101B4000FF500001AFFFFB30000000033100000038
:101B50006B90000003A29FE000004FF99FE000059A
:101B6000FFFA9FE0006FFFFA9FE007FFFFFA9FE098
:101B70008FFFFFFA9FE9FFFFFFFA9FFFFFFFFFFACA
:101B80009FFFFFFFFFFA9FFEFFFFFFFA9FE1DFFFCE
:101B9000FFFA9FE01CFFFFFA9FE000BFFFFA9FE003
:101BA000000AFFFA9FE000009FFA9FE0000008F69D
:101BB0000000000000003A70000000000000EFFE8E
:101BC000500000000000FFFFFB2000000000FFFFAE
:101BD000FFF800000000FFFFFFFFE6000000FFFF2E
:101BE000FFFFFFC30000FFFFFFFFFFFF9100FFFFAC
:101BF000FFFFFFFFFE60FFFFFFFFFFFFFFF7FFFF9D
:101C0000FFFFFFFFFFFAFFFFFFFFFFFFFFE2FFFF06
:101C1000FFFFFFFFF800FFFFFFFFFFFB2000FFFFBC
:101C2000FFFFFD400000FFFFFFFF70000000FFFF0F
:101C3000FFA100000000FFFFD30000000000AFE69E
:101C400000000000000002000000000000003ABB9D
:101C5000B91003ABBB91EFFFFFA00EFFFFFAFFFF30
:101C6000FFC00FFFFFFCFFFFFFC00FFFFFFCFFFFE8
:101C7000FFC00FFFFFFCFFFFFFC00FFFFFFCFFFFD8
:101C8000FFC00FFFFFFCFFFFFFC00FFFFFFCFFFFC8
:101C9000FFC00FFFFFFCFFFFFFC00FFFFFFCFFFFB8
:101CA000FFC00FFFFFFCFFFFFFC00FFFFFFCFFFFA8
:101CB000FFC00FFFFFFCFFFFFFC00FFFFFFCFFFF98
:101CC000FFB00FFFFFFB7FFFFE4007FFFFE40000B8
:101CD0000000000000003ABBBBBBBBBBBB91EFFFE9
:101CE000FFFFFFFFFFFAFFFFFFFFFFFFFFFCFFFF0C
:101CF000FFFFFFFFFFFCFFFFFFFFFFFFFFFCFFFFFA
:101D0000FFFFFFFFFFFCFFFFFFFFFFFFFFFCFFFFE9
:101D1000FFFFFFFFFFFCFFFFFFFFFFFFFFFCFFFFD9
:101D2000FFFFFFFFFFFCFFFFFFFFFFFFFFFCFFFFC9
:101D3000FFFFFFFFFFFCFFFFFFFFFFFFFFFCFFFFB9
:101D4000FFFFFFFFFFFCFFFFFFFFFFFFFFFB7FFF2A
:101D5000FFFFFFFFFFE400000000000000004A203A
:101D600000000AB4BFE300000FF8CFFF40000FF8F7
:101D7000CFFFF5000FF8CFFFFF600FF8CFFFFFF7A1
:101D80000FF8CFFFFFFF9FF8CFFFFFFFFFF8CFFF58
:101D9000FFFFFFF8CFFFFFFFDFF8CFFFFFFC1FF8CB
:101DA000CFFFFFB00FF8CFFFFA000FF8CFFF800092
:101DB0000FF8BFF700000FF87F6000000FF700007A
:101DC0000000000000000002CA1000000000000037
:101DD0002EFFC0000000000001EFFFFB000000002C
:101DE000001DFFFFFFA000000000CFFFFFFFF90074
:101DF00000000BFFFFFFFFFF700000AFFFFFFFFFC2
:101E0000FFF60008FFFFFFFFFFFFFF400FFFFFFF90
:101E1000FFFFFFFFB00AFFFFFFFFFFFFFF6000347F
:101E200044444444444200037777777777777710C8
:101E30000FFFFFFFFFFFFFFFB00FFFFFFFFFFFFFE1
:101E4000FFC00FFFFFFFFFFFFFFFB00CFFFFFFFF13
:101E5000FFFFFF7000000000000000000000000015
:101E60000041000000009FD00000009FFF20000004
:101E70009FFF5000009FFF5000009FFF5000009FF9
:101E8000FF5000009FFF5000000EFFD10000003EF9
:101E9000FFC10000003EFFC10000003EFFC1000086
:101EA000003EFFC10000003EFFC00000003EFF20DA
:101EB0000000003C600050000000009FC1000000D6
:101EC0000EFFC10000002EFFC10000002EFFC10068
:101ED00000002EFFC10000002EFFC10000002EFFF9
:101EE000C0000000AFFF2000009FFF5000009FFFD8
:101EF0005000009FFF5000009FFF5000009FFF60B8
:101F000000000EFF600000003D50000000000000D7
:101F10003991000000000000CFF800000000000030
:101F2000DFF9000000000000DFF900000000000001
:101F3000DFF9000000000000DFF9000000367777CD
:101F4000EFFC777761EFFFFFFFFFFFFFFAFFFFFF77
:101F5000FFFFFFFFFBAEFFFFFFFFFFFFE6000000FC
:101F6000DFF9000000000000DFF9000000000000C1
:101F7000DFF9000000000000DFF9000000000000B1
:101F8000DFF90000000000009FF5000000000000E5
:101F900001100000003666666666666661EFFFFF48
:101FA000FFFFFFFFFAFFFFFFFFFFFFFFFBAFFFFF9A
:101FB000FFFFFFFFF60000000368874000000000FD
:101FC00000008EFFFFFFF92000000004EFFD6325F5
:101FD000BFFF70000007FFFA0000007FFFA00006AF
:101FE000FFFD0008FC209FFFA002FFFF50008FFEB6
:101FF00012FFFF60CFFFF2167FFFF50EFFFE1EFF00
:10200000FF12FFFFFF70DFFFF26FFFF30EFFFFF322
:102010000FFFFB00BFFF904FFFF805FFFE1001DF31
:10202000FF40288401EFFF300001BFFF600004EF94
:10203000FD300000006EFFFBBEFFF9000000000055
:1020400005ADFFEB710000004A1000000000000029
:102050000000000EFE300000000000000000005FE5
:10206000FF600015787400000000002DFFA6DFFF60
:10207000FFFFA2000000000AFFFFE8325BFFF8004C
:1020800000000006FFF6001006FFFB000000000342
:10209000EFF87FD309FFFB00001E7001BFFEFFF2C7
:1020A0001FFFF70009FFA0008FFFFF70DFFFF100A7
:1020B000CFFFD1005FFFF90CFFFF3005FFFF60008D
:1020C0002DFFB0EFFFB0000AFFFC00000AFFEFFF9A
:1020D000E100000CFFF6000006FFFFF30000000A1D
:1020E000FFF8100003EFFA0000000005EFFFCB80BF
:1020F00001BFFB10000000005ADFFE70008FFE30B1
:102100000000000000000000005FFF300000000041
:1021100000000000002DE1000000000000000000B1
:102120000001000000000001CD40000000000000A0
:1021300000000AFFE000000000000000004FFFF870
:102140000000000000000000DFFFFF1000000000A2
:10215000000006FFFFFFA00000000000000EFFFFD0
:10216000FFF30000000000008FFB338FFC00000035
:10217000000002FFF9006FFF60000000000AFFFA94
:10218000006FFFE0000000004FFFFB007FFFF80042
:10219000000000DFFFFC008FFFFF10000006FFFFC4
:1021A000FD009FFFFFA000000EFFFFFFCBFFFFFF22
:1021B000F300008FFFFFFC008FFFFFFC0002FFFF1A
:1021C000FFF9004FFFFFFF600AFFFFFFFE42CFFF56
:1021D000FFFFE00FFFFFFFFFFFFFFFFFFFF309FF20
:1021E000FFFFFFFFFFFFFFFFD00023333333333305
:1021F0003333330000000000000001400000000005
:1022000000000007F90012221000000129FF90FFD2
:10221000FFE200006FFFFFF8FFFFFE2005FFFFFF5A
:10222000FD9AADFFD05FFFBDFFE20000CF44FFF994
:1022300008FE200000044FFF9004D200000003FFBE
:10224000FA0000100000003FFFA19106F600000216
:10225000EFFB0CFC08FF60EFFFFFB01DFFFFFFF678
:10226000FFFFFC0002EFFFFFFEDDDDB000002DDE12
:10227000FFF500000000000008FF50000000000013
:102280000006F50000000000000000000000000053
:1022900004200000000000005FE2000000000005D4
:1022A000FFFE20000000006FFFFFE300000006FFBC
:1022B000FACFFE3000006FFF900CFFE30006FFF93D
:1022C0000000CFFE305FFF9000000CFFE2AFF9008E
:1022D000000000CFF61B80000000000B90032000E0
:1022E00000000003206FE2000000005FF2AFFE205C
:1022F000000005FFF61CFFE300005FFF9001CFFE2A
:102300003005FFF900001CFFE35FFF90000001CFE4
:10231000FFFFF9000000001CFFFF9000000000011B
:10232000CFF90000000000001B9000000000002614
:102330000000000000000000000002EFA000444484
:102340004444420000003EFFFA04FFFFFFFFFD008F
:102350000003EFFFFFA0AFFFFFFFFE00000EFDEF49
:10236000CFF800000005FE00000BE2DF67F500007B
:102370000005FE00000000DF600000000005FE0018
:10238000000000DF600000000005FE00000000DF2C
:10239000600000000415FE03200000DF6000000064
:1023A0006FD6FE4FF10000DF944444413FFFFFFF32
:1023B000C00000DFFFFFFFFF24FFFFFC1000009FB5
:1023C000FFFFFFFE304FFFC00000000000000000D4
:1023D0000004FC00000000000000000000001000ED
:1023E00000178888840000000000CFFFFFFF500026
:1023F000000000FFFFFFFFF644444430FFFFFFFFF3
:10240000FFFFFFFFFAFFFFFFFFFFFFFFFFFFFFFFE1
:10241000FFFFFFFFFFFFFFFFFFFFFFFFFFFFFFFFCC
:10242000FFFFFFFFFFFFFFFFFFFFFFFFFFFFFFFFBC
:10243000FFFFFFFFFFFFFFFFFFFFFFFFFFFFFFFFAC
:10244000FFFFFFFFFFFFFFFFFFFFFFFFFFFFFFFF9C
:10245000FFFFFFFFFFFF7FFFFFFFFFFFFFFFF60014
:10246000000000470000000000000004FF90000092
:10247000000000004FFFF9000000000004FFFFFF14
:1024800090000000004FFFFFFFF900000004FFFF75
:10249000FFFFFF9000000CFFFFFFFFFFF1000000B7
:1024A000112FFFF71110000000001FFFF6000000C1
:1024B0000000001FFFF60000000000001FFFF600F4
:1024C00000000000001FFFF60000002444421FFF30
:1024D000F6244442FFFFFC08BBA2CFFFFFFFFFFF33
:1024E000A5555AFFFFFFFFFFFFFFFFFFFFFFFFFFA5
:1024F000FFFFFFFFFF66C4FFDFFFFFFFFFFFFFFFE0
:10250000FD000000000000000000000000000000CE
:1025100002B841000000000000009FFFFB00000027
:102520000000001FFFFFF0000000000007FFFFFE9B
:10253000000000000000DFFFFFC000000000000CF2
:10254000FFFFF90000000000000AFFFF500000003C
:102550000000000CFFF100000000000003FFFA0083
:10256000000000000000DFFF20000000000000AFBE
:10257000FF90000004A50000AFFFD000007DFFF435
:1025800002CFFFE20000DFFFFFE9FFFFF300000DD5
:10259000FFFFFFFFFFE20000009FFFFFFFFFA10022
:1025A000000006FFFFFFFC40000000002FFFFD833E
:1025B00000000000000023200000000000000000D8
:1025C000352000000000001CFFFA0000019CA1AFB4
:1025D000FEFF60002EFFF9EF60AFB003EFFFB0EF3A
:1025E00092CF903EFFFA007FFFFFE6FFFFA00008BA
:1025F000FFFFFFFFFA00000001CFFFFFA000000077
:10260000003FFFFF1000000036EFFFFFD100001C6D
:10261000FFFFFFFFFD1000AFFEFFC2DFFFD100EFA5
:1026200060AFA01CFFFD20EF92CFA000CFFFE27FA4
:10263000FFFF40000BFFF908FFE5000000585000C5
:102640000100000000000000006FFFFFF1680000C3
:1026500000AFFFFFF17F800000AFFFFFF17FF83692
:1026600062AFFFFFF13666FFF6AFFFFFF62222FFF3
:10267000F6AFFFFFFFFFFEFFF6AFFFFFFFFFFEFF1E
:10268000F6AFFFFFFFFFFEFFF6AFFFFFFFFFFEFF0E
:10269000F6AFFFFFFFFFFEFFF6AFFFFFFFFFFEFFFE
:1026A000F6AFFFFFFFFFFEFFF6AFFFFFFFFFFEFFEE
:1026B000F6AFFFFFFFFFFEFFF76FFFFFFFFFFAFF21
:1026C000FE300000000000FFFFFFFFFFF10000EF01
:1026D000FFFFFFFFF00000144444444420000005C5
:1026E00066666666640000CFFFFFFFFFFF9000FF95
:1026F000EDDDDDDDEFF900FF400000000FFF90FF92
:10270000400000000EFFF6FF400000000EFFF9FF42
:10271000400000000FFFF9FFFFFFFFFFFFFFF9FF81
:10272000FFFFFFFFFFFFF9FFFFFFC57FFFFFF9FF7F
:10273000FFFE0005FFFFF9FFFFFA0001FFFFF9FFB1
:10274000FFFD0004FFFFF9FFFFFF934DFFFFF9FFBF
:10275000FFFFFFFFFFFFF88FFFFFFFFFFFFFE3011A
:10276000222222222221007999999999999995FFFB
:10277000FFFFFFFFFFFFFCDFFFFFFFFFFFFFFA0090
:102780000000000000000000000000000000000049
:1027900000000000000000EFFFFFFFFFFFFFFAFF57
:1027A000FFFFFFFFFFFFFB68888888888888840018
:1027B00000000000000000000000000000000067B2
:1027C00077777777777774FFFFFFFFFFFFFFFBEFE8
:1027D000FFFFFFFFFFFFFA00000000000000000302
:1027E0004444444444444430AFFFFFFFFFFFFFFF35
:1027F000FAFFFFFFFFFFFFFFFFFFCFFFFFFFFFFF1E
:10280000FFFFFC0AFFFFFFFFFFFFFFA0A16FFFFF1D
:10281000FFFFFFF63DFE42DFFFFFFFFD26FFFFF952
:1028200019FFFFFF91BFFFFFFFD35FFFE54EFFFFE3
:10283000FFFFFF719917FFFFFFFFFFFFFD77DFFF2E
:10284000FFFFFFFFFFFFFFFFFFFFFFFFFFFFFFFF98
:10285000FFFFFFFF7FFFFFFFFFFFFFFFF600AFFF60
:10286000FFA000000FFFFFFB000001FFFFFF600063
:10287000003FFFFFF1000005FFFFFB0000008FFF9E
:10288000FFA555400AFFFFFFFFFF30CFFFFFFFFF0F
:10289000C00EFFFFFFFFF300EFFFFFFFFA00012272
:1028A00023FFFF100000004FFF7000000008FFE052
:1028B00000000000CFF5000000000FFC0000000049
:1028C00003FF30000000007F900000000007E100DF
:1028D00000000000000000000000008D90000000DB
:1028E000008BBCFAFDBB900000FFFFD0CFFFF100D2
:1028F00000FFFFF8FFFFF10000FFFFFFFFFFF10007
:1029000000FFFFF30000000000FFFF95FFFFF179DB
:1029100000FFFF88FFFFF17FB0FFFF88FFFFF17F1F
:10292000FAFFFF88FFFFF20221FFFF88FFFFFFDDB4
:10293000DCFFFF88FFFFFFFFFEFFFF88FFFFFFFFB9
:10294000FEFFFF88FFFFFFFFFE7AAA58FFFFFFFF91
:10295000FE000008FFFFFFFFFE000008FFFFFFFF73
:10296000FE000006FFFFFFFFFC000000000000006B
:102970000000000008600000000000003FF00000C0
:1029800000000006CFFA4000000001CFFFFFF90071
:1029900000000CFFFFFFFF8000005FFFFFFFFFF163
:1029A00000009FFFFFFFFFF50000BFFFFFFFFFF7E5
:1029B0000000CFFFFFFFFFF80000EFFFFFFFFFFA6F
:1029C0000002FFFFFFFFFFFE0008FFFFFFFFFFFF0A
:1029D000403FFFFFFFFFFFFFD1EFFFFFFFFFFFFFC4
:1029E000FAAFFFFFFFFFFFFFF7000000000000004D
:1029F00000000004FFFF000000000000BFF700001F
:102A00000000000002100000000444444444444418
:102A10004444410BFFFFFFFFFFFFFFFFFFE0FFFF0D
:102A2000FFFFFFFFFFFFFFFF3FF404D02F00F30382
:102A3000F00FF4FF405D02F00F404F00FF4FFFFF2B
:102A4000FFFFFFFFFFFFFFF4FFFF22B729A24F4266
:102A5000CFFF4FFFF00A607902F20BFFF4FFFFDDBA
:102A6000FEDFFDEFEDFFFF4FF848E444444447F438
:102A70005FF4FF404D000000003E00FF4FF748E4C8
:102A800044444447F44FF4FFFFFFFFFFFFFFFFFF05
:102A9000FF37FFFFFFFFFFFFFFFFFFA00000000069
:102AA00000000000000000000000000000018B306A
:102AB00000000000000002AFFFD000000000000393
:102AC000BFFFFFD00000000005CFFFFFFF70000038
:102AD0000006DFFFFFFFFE00000017EFFFFFFFFF14
:102AE000F8000029FFFFFFFFFFFFF10007FFFFFFD6
:102AF000FFFFFFFF90000FFFFFFFFFFFFFFF200022
:102B00000BFFFFFFFFFFFFFB0000005666667FFF25
:102B1000FFF30000000000002FFFFFC000000000D6
:102B200000002FFFFF500000000000002FFFFD00FD
:102B30000000000000002FFFF60000000000000071
:102B40002FFFE0000000000000001FFF70000000E9
:102B5000000000000CFD000000000000000000303C
:102B60000000000058888887060000FFFFFFFE0F66
:102B70009000FFFFFFFE0FF900FFFFFFFE0FFF9029
:102B8000FFFFFFFE0FFFF5FFFFFFFF322221FFFFD8
:102B9000FFFFFFFFF8FFFFFFFFFFFFF8FFFFFFFF53
:102BA000FFFFF8FFFFFFFFFFFFF8FFFFFFFFFFFF43
:102BB000F8FFFFFFFFFFFFF8FFFFFFFFFFFFF8FF3A
:102BC000FFFFFFFFFFF8FFFFFFFFFFFFF8FFFFFF23
:102BD000FFFFFFF8FFFFFFFFFFFFF8EFFFFFFFFF23
:102BE000FFF6144444444444300000000000000058
:102BF00000000000000000003689A97410000000E9
:102C0000000029EFFFFFFFFFC600000001AFFFFF3C
:102C1000FFFFFFFFFE600006FFFFFC7543469EFFBF
:102C2000FFB108FFFE710000000003CFFFE2CFFA02
:102C3000100000000000004EFF40B6000059DEFE0C
:102C4000C720001B50000005DFFFFFFFFFA10000B1
:102C5000000009FFFFFEDEFFFFE300000000DFFCD5
:102C60004000028FFF5000000001B6000000001B72
:102C700060000000000000003500000000000000BF
:102C80000000007FFE1000000000000000000EFFAA
:102C9000F6000000000000000000DFFF5000000010
:102CA000000000000004FFB0000000000000000071
:102CB0000000100000000000044444444444444424
:102CC0004444100AFFFFFFFFFFFFFFFFFFFE10FF5E
:102CD000FFFFFFFFFFFFFFFFFFF50FF40000000005
:102CE00000000000FFF3FF4AFFFFFFFFFFFFFF0FA1
:102CF000FF5FF4AFFFFFFFFFFFFFF03FF5FF4AFF6D
:102D0000FFFFFFFFFFFF00EF5FF4AFFFFFFFFFFFDD
:102D1000FFF08FF5FF45888888888888880FFF5FD7
:102D2000F74444444444444445FFC1FFFFFFFFFFD0
:102D3000FFFFFFFFFFF506EFFFFFFFFFFFFFFFFFB6
:102D4000FB0004444444444444444444100AFFFF08
:102D5000FFFFFFFFFFFFFFFE10FFFFFFFFFFFFFF73
:102D6000FFFFFFF50FF40000000000000000FFF37C
:102D7000FF4DFFFFFFFFFF60000FFF5FF4DFFFFF6E
:102D8000FFFFF600003FF5FF4DFFFFFFFFFF600074
:102D900000EF5FF4DFFFFFFFFFF600008FF5FF4657
:102DA000888888888830000FFF5FF7444444444493
:102DB000444445FFC1FFFFFFFFFFFFFFFFFFFFF59B
:102DC00006EFFFFFFFFFFFFFFFFFFB00044444444B
:102DD000444444444444100AFFFFFFFFFFFFFFFF49
:102DE000FFFE10FFFFFFFFFFFFFFFFFFFFF50FF4E8
:102DF0000000000000000000FFF3FF4CFFFFFFF1A8
:102E00000000000FFF5FF4CFFFFFFF100000003F46
:102E1000F5FF4CFFFFFFF100000000EF5FF4CFFF74
:102E2000FFFF100000008FF5FF46888888800000B3
:102E3000000FFF5FF74444444444444445FFC1FF4E
:102E4000FFFFFFFFFFFFFFFFFFF506EFFFFFFFFFA5
:102E5000FFFFFFFFFB000444444444444444444413
:102E6000100AFFFFFFFFFFFFFFFFFFFE10FFFFFF46
:102E7000FFFFFFFFFFFFFFF50FF400000000000061
:102E80000000FFF3FF49FFFE00000000000FFF5F9E
:102E9000F49FFFE000000000003FF5FF49FFFE0047
:102EA0000000000000EF5FF49FFFE0000000000062
:102EB0008FF5FF44888700000000000FFF5FF74494
:102EC00044444444444445FFC1FFFFFFFFFFFFFF6C
:102ED000FFFFFFF506EFFFFFFFFFFFFFFFFFFB0018
:102EE00004444444444444444444100AFFFFFFFF64
:102EF000FFFFFFFFFFFE10FFFFFFFFFFFFFFFFFFD2
:102F0000FFF50FF40000000000000000FFF3FF4099
:102F1000000000000000000FFF5FF4000000000050
:102F20000000003FF5FF400000000000000000EF3F
:102F30005FF400000000000000008FF5FF4000007B
:102F400000000000000FFF5FF74444444444444441
:102F500045FFC1FFFFFFFFFFFFFFFFFFFFF506EF8C
:102F6000FFFFFFFFFFFFFFFFFB000000000000006E
:102F700078100000000000000000269FFD00000007
:102F800000000000004FEFFFF00000000000000014
:102F90000E802EF70000000000200006E000000078
:102FA00000000003EFE300D70000000002A100CF03
:102FB000FFD49F55555555557FF70FFFFFFFFFFF76
:102FC000FFFFFFFFFFF5AFFFA0000BB00000003FC9
:102FD000B2009C9000003F30000001500000000053
:102FE0000000BB02BBB50000000000000002F99F1A
:102FF000FF800000000000000003BDFFF80000009B
:103000000000000000003FFF800000000000000002
:103010000000000000000000017BDDB82000005F20
:10302000FFDFFFF60004FFFF68FFFF400EFFFF60B9
:103030009FFFD04FFFFF6009FFF38FF6BF61C09F76
:10304000F7BFF60B60E25FF9DFFF502033FFFBEFC5
:10305000FFF5002EFFFCEFFFFC007FFFFCDFFFD140
:103060000009FFFCCFFC145090AFFBAFF24F60F3B0
:103070002FF96FFDFF7052EFF61FFFFF702EFFF16B
:1030800009FFFF72EFFF9000BFFFAEFFFD100005CC
:10309000CFFFFD8000000000110000000000058847
:1030A0008830000056667FFFFFE66663FFFFFFFF84
:1030B000FFFFFFFBCDDDDDDDDDDDDDD80344444476
:1030C000444444200EFFFFFFFFFFFFA00EFFFFFF61
:1030D000FFFFFFA00EFF1FF6AFC4FFA00EFF0FF50E
:1030E0009FB3FFA00EFF0FF59FB3FFA00EFF0FF5DC
:1030F0009FB3FFA00EFF0FF59FB3FFA00EFF0FF5CC
:103100009FB3FFA00EFF0FF59FB3FFA00EFF0FF5BB
:103110009FB3FFA00EFF1FF6AFC4FFA00DFFFFFF80
:10312000FFFFFF9008FFFFFFFFFFFF400024444424
:1031300044443100000000000000008A300000001C
:1031400000000000BFFF30000000000000BFFFFFD4
:1031500030000000000034FFFFFD0000000000BF51
:1031600044FFFFE000000000BFFF44FFF400000048
:1031700000BFFFFF44F400000000BFFFFFFF41005D
:10318000000000BFFFFFFFF400000000BFFFFFFFD3
:10319000F400000000BFFFFFFFF400000000BFFFCD
:1031A000FFFFF400000000BFFFFFFFF4000000007D
:1031B0008FFFFFFFF4000000000AFFFFFFF4000094
:1031C000000000CFFFFFF400000000000EFFFFF43E
:1031D000000000000000FFFFD4000000000000021B
:1031E00031000000000000000000000057888888BF
:1031F00088888872000000AFFFFFFFFFFFFFFFF22B
:103200000000BFFFFFFFFFFFFFFFFF7000BFFFFFDA
:10321000F8AFFFA8FFFFF800BFFFFFFA00AFA00A5A
:10322000FFFF80BFFFFFFFF3006003FFFFF8AFFF6A
:10323000FFFFFFF30003FFFFFF8EFFFFFFFFFF9085
:10324000009FFFFFF84FFFFFFFFFA00000AFFFFF51
:10325000804FFFFFFFB003E300BFFFF8004FFFFF09
:10326000FE23FFF32EFFFF80004FFFFFFEFFFFFE58
:10327000FFFFF700004FFFFFFFFFFFFFFFFF5000C2
:10328000003DFFFFFFFFFFFFFF900001CFFFFFFEAC
:1032900060001CFFFFFFFFF200CF47F4D84FF50C92
:1032A000FF03E0C50EF5CFFF03E0C50EF5FFFF24D9
:1032B000E2C62EF5FFFFFFFFFFFFF5FFFFFFFFFF59
:1032C000FFF5FFFFFFFFFFFFF5FFFFFFFFFFFFF52C
:1032D000FFFFFFFFFFFFF5FFFFFFFFFFFFF5FFFF12
:1032E000FFFFFFFFF5FFFFFFFFFFFFF5FFFFFFFF02
:1032F000FFFFF5FFFFFFFFFFFFF5EFFFFFFFFFFF02
:10330000F35FFFFFFFFFFFA001344444444200008D
:1033100000000000000000030000000000000000AA
:1033200005F10000000000000005FF10003E9000C5
:10333000000000BFF1004FFB000000000BFF105F1A
:10334000FFB000000000BFF16FFFFFFFFFFFFFFFB6
:10335000FF1DFFFFFFFFFFFFFFFFF13EFFFECCCC95
:10336000CCCCCCCA002EFFB0000000000000001D35
:10337000FB00000000000000001B600000000000D7
:103380000000000000000000000000000000D00469
:10339000000000000000D004030D0100140010071D
:1033A000050601072300A00C0D0D00007800300B6E
:1033B0000B1200FEDB00300F0F0D00003D01600C12
:1033C0000D0E00FF9801C003020601079E011006C2
:1033D000051201FCCB011006051200FCF8013007B4
:1033E000070700071102800A090901023A021004C6
:1033F000040600FD4602E006050201044B0210042B
:1034000004030000510250060812FFFE9902000C4E
:103410000C0D0000E702B006050D00000803500A7D
:103420000A0D00004903500A0A0D00008A03100C1F
:103430000C0D0000D803500A0A0D00001904200BDF
:103440000B0D00006104C00A0B0D0000A904900BD5
:103450000B0D0000F104200B0B0D000039051004CA
:10346000040A00004D051004040D00FD6705800AE4
:10347000090901029005800A09070103B005800AC5
:1034800009090102D905500A0A0D00001A06A01206
:10349000121100FCB306300D0F0DFF001507A00D33
:1034A0000C0D01006307000D0D0D0000B807E00EC4
:1034B0000D0D01000D08100C0B0D01005508700BCF
:1034C0000A0D01009608E00D0D0D0000EB08A00E9E
:1034D0000C0D010039099005030D01004D0940094B
:1034E000090DFF008809F00C0C0D0100D609B00A87
:1034F0000A0D0100170A30110F0D0100790AA00E04
:103500000C0D0100C70A200F0F0D0000290B000D44
:103510000C0D0100770B200F0F1000FDEF0B100DAD
:103520000C0D01003D0C300B0B0D0000850C900ABA
:103530000B0D0000CD0C400E0C0D01001B0DD00C2E
:103540000E0DFF00760D4014140D0000F80D200C38
:103550000C0D0000460EA00B0D0DFF009B0ED00BB6
:103560000C0D0000E90E0006051201FC160F5006B6
:103570000812FFFE5E0F0006051200FC8B0F800A8A
:1035800009080103AF0F0009090200FEB80FD00AB5
:103590000503020BC00FC00A0A0A0000F20F400C1C
:1035A0000B0E01003F10400A0A0A00007110400C87
:1035B0000B0E0000BE10000B0B0A0000F510600699
:1035C000070E00002611700C0B0E00FC7311400C4E
:1035D0000A0E0100B9110005030E0100CE112005ED
:1035E0000612FEFC0412100B0B0E01005112000516
:1035F000030E010066120013110A0100BB12400CF9
:103600000A0A0100ED12700B0B0A00002413400C93
:103610000B0E01FC7113400C0B0E00FCBE13600777
:10362000060A0100DC130009090A000009147007EA
:10363000070C00003314300C0A0A01006514100A4C
:103640000C0AFF00A1143010110A0000F614F00952
:103650000A0A00002815100A0C0EFFFC7C156009F0
:10366000090A0000A9155006051201FCD6156005CF
:10367000031201FCF1155006061200FC2716800A01
:10368000090501043E169007070700065716A00516
:10369000040401035F160012131300FD1417001237
:1036A000120E000092170012121100FE2B180012C9
:1036B000120E0000A918600C0D0D0000FE1800127B
:1036C000131200FEA9190012121300FD541A40141F
:1036D000151100FE071B0012121300FDB21B40144F
:1036E000150E0000451C0012121300FDF01C00090D
:1036F000090F00FF341D800D0E0F00FF9D1D4014AB
:10370000151200FE5A1E0012120E0000D81E600C88
:103710000D1300FD541FC00F0C1102FEBA1FC00F85
:10372000101300FD5220C00F101100FEDA20C00F50
:10373000101100FE6221C00F0C1102FEC821C00F43
:103740001211FFFE6122400B0B1000FFB922400B4B
:103750000B1000FF1123C00F101100FE9923C00FA2
:1037600010040005B9234014150E00004C248016E7
:10377000171300FD272540141613FFFDF82500122E
:10378000121100FE9126C00F100A0002E126C00FA0
:10379000100A000231278016180FFFFFE5270012DC
:1037A000120E000063280012121300FD0E290012F1
:1037B0001313FFFDC329C00F101100FE4B2AC00FC9
:1037C000101300FDE32AC00F101100FE6B2BC00F79
:1037D000100F00FFE32B0012120E0000612C400BB3
:1037E0000D13FFFDDD2CC00F101300FD752DC00F54
:1037F000101300FD0D2E4014150E0000A02E001217
:103800001414FFFD682F800D0E1300FDED2F8016A0
:10381000171200FEBC308016170C000146318016CE
:10382000170C0001D0318016170C00015A32801697
:10383000170C0001E4328016170C00016E3380165D
:10384000170F00FF1B34C00F0E1301FDA034C00F73
:10385000101300FD383500121313FFFDED358016EF
:10386000170E00008E36800D0E1300FD1337201248
:10387000130C00010000721F51EF58EF5BEF5CEF7B
:103880005DEF61EF63EF65EF69EF6CEF71EF76EF7E
:1038900077EF78EF8EEF93EF98EF9BEF9CEF9DEF34
:1038A000A1EFA2EFA3EFA4EFB7EFB8EFBEEFC0EF29
:1038B000C1EFC4EFC7EFC8EFC9EFCBEFE3EFE5EF20
:1038C00014F015F017F019F030F037F03AF043F03B
:1038D0006CF074F0ABF03BF190F191F192F193F157
:1038E00094F1D7F1E3F13DF254F2AAF412F7F2F7B2
:1038F000200000005F000100000000000000000048
:1039000000000200B0000000F3F76000743804907B
:10391000000000003E000300000001020003040557
:1039200002060708090A090A0B0C000D0E0F1011F8
:1039300012130C14140000001516171819161A1B70
:103940001C1D1D1E1F201D1D1621222303241E25A4
:1039500025262728292A2B002C002D2E2F30313206
:10396000332D343435302D2D2E2E36373839333A29
:103970003A3B3A3C290000093D09000000000000E4
:103980000000000000000000000000000000000037
:103990000000000000000000000000000000000027
:1039A0000000000000000000000000000000000017
:1039B00000000000000000000102000304050206F0
:1039C0000708090A090A0B0C0D0E0F10110C12132F
:1039D00014151500000016171819171919191719B9
:1039E000191A1919191917191719031B1C1D1D1E4E
:1039F0001F202122230024002526272727002726F1
:103A0000282926262A2A272A272A2B2C2D2E2E2F14
:103A10002E300000230931090000000000000000E2
:103A20000000000000000000000000000000000096
:103A30000000000000000000000000000000000086
:103A40000000000000000000000000000000000076
:103A50000000000000010000000000000001000064
:103A60000300000000020000000000000000000051
:103A70000000000000000100000000000000000045
:103A80000000000000010D0008FA00000000F0EF47
:103A9000020E0605F4020E010C03090000000000EE
:103AA0000000000000001102FE0000000000000005
:103AB00000000000000600F70000000000FA050604
:103AC0000000FD00FE0300FD00FDFFFA0000000005
:103AD000FD0000FCFC0000FD00FA000000000000FA
:103AE000000000FDFD00FC00F800DD0000FA00060B
:103AF000090000FA03030A06FB060000F0000000BC
:103B00000000000000000000F500000000000000C0
:103B100000000000000000F8FDF200F4FE000000CC
:103B200000010B00F7FEFF0100FB0000FEEB0000B0
:103B3000000000000000000000E9FE0B0000000093
:103B40000000000000000000F40000000000000081
:103B50000000000A00030000FA000000000000005E
:103B6000000000000000000000000B020100000047
:103B70000000000000000000000000000000000045
:103B80000000000000000000000000000000000035
:103B900000000000F5000000000000000000000030
:103BA000000000000000000000000002060309FD04
:103BB000000006FDF6D902080601FC000A00090013
:103BC0000900E500FD09000AFD0603000001FD00F3
:103BD00000FB1700170009000C040509000000F5A0
:103BE0000000000001FE0002FBFCFA0200FD0000E4
:103BF00000F40000000000000000000000ED0000E4
:103C00000000000000000000000000000001F000C3
:103C1000EE00000000FE001DFDFC0303FD00FC03A0
:103C20000000F10000000000000000000000E400BF
:103C300003000000000000000000000000EE001182
:103C40000000F5000A00ECE4ECFA090000ED0003C6
:103C5000F900FC0000000000000000000000000768
:103C600009DD0000000000000000000000000E0060
:103C70000200000000000202FDFA00FFFFFD00004C
:103C8000FE000000FA00FE00F9FA00F9F6F6FB006B
:103C9000FA00FA00000000FE0000030002FD00012F
:103CA00000000003FE000000FE0303FF000000FB15
:103CB00000FF0000000000010004FE00FD00FB000A
:103CC00000FE00090000FD0000000000FF01FEFEF4
:103CD0000000FD00FD000000000000000000FFFFEC
:103CE00000FDFD0000000000010000FE00FDFDFDE4
:103CF000000000000000000000FE00000000FEFCCC
:103D000000FC00F7FEF7060000FA03060800F9FFC2
:103D1000FD00FFF203FE02F103000001F100F1FEDD
:103D2000E7FE00F20006080004000000000100FBAE
:103D3000FC00F7000000FD000000FD000000000096
:103D4000FFFF00FFFC00000000000000FDFD00FE82
:103D5000FDFE0000FD00000000000000000000006B
:103D6000FEFE00FD00FE00FA030000FD010303005B
:103D70000000000000FE0000000000020000FD0046
:103D8000FDFEFD000000000000000200FE0000003B
:103D900000FDFC00FB0009FE01F7000008F2F1F451
:103DA000FA0300FEEDFB00FB00FA04FBEE00F80056
:103DB0000001FF02FE000300F7F500F2F9FAF9F73F
:103DC000FDF8FFFBF802000100FD00000002000307
:103DD0000000000000000000000000FD00FF00FFE8
:103DE000FD00FBFAFAFF00F7000000000000FE00F3
:103DF00000000001FE0000000300000000000000C1
:103E0000000E00000000000002000000FD000000A5
:103E10000000000000000000FB00030000000000A4
:103E20000000000000000000FE000000FB00000099
:103E300000F2F7000000FCF20000FD0300F80000B3
:103E40000000000000000000FB0000FB000000007C
:103E500000000000000000000300FB000000000361
:103E60000002FAFA00FDFDFD000000000000F7006E
:103E7000FD00FCFD00FAF9F7FE00FA00F700000073
:103E800000170000010000FC000300F40000000027
:103E900000E5FB0A09FEF40003FC00F2FFFC03EC62
:103EA000FD040004F6FCF5F6F40000EF001000003D
:103EB000FF000000FFFFFDF8F6FFE5000000000036
:103EC00000000000010000000000000000000000F1
:103ED0000000000000FD00FFFDFC0000FA00FD00F6
:103EE0000000000000000000000000000000FF00D3
:103EF000FA000006FF0400FA03FEFFF9FD00FCFDD6
:103F0000FE00FCFB0000FEFFFEFBFD0000FD0003C9
:103F1000FE00FA000000FA00FB00FBFB03000000BB
:103F20000000000000FA0300FC00FEFDF7FEFEFEAC
:103F3000FFFEFDFF0000000000FDFEFE000000008F
:103F400003FE00FE000000FEFDFEFDFDFD00020C74
:103F5000FF00F800FE0600FDF4FC040000F2FB0385
:103F6000FB0200FEFEF700FC010000FB0000000366
:103F700003FAFB00FBFDFCFDFD00FB01FBFB090060
:103F8000000000000000000003000000000000002E
:103F90000000000000000000000000000000000021
:103FA000FB00000000000000000000000000000016
:103FB0000000000000000000000000000000000001
:103FC000000000000000000000000000FE000000F3
:103FD00000000000000000000000000000000000E1
:103FE00000000000000000000000FEFD00000000D6
:103FF0000000000000000000FC0000FC0000FDFDCF
:1040000000000000FD00000000FF0000000000FEB6
:1040100000000000FC00FA000000F60002FA0601B1
:10402000FEF20000FAFD00F4F9F80000F4FDF4F5EA
:10403000F200F9000213FC00F9FDFFFDFBF8FBF5AF
:10404000F4F9FD0000FE00010000ECFD0906FAF5A0
:104050000001F700F2FEFD06E6FC010000EDFDF1B7
:10406000FDEB0000EC00110100FE00000000FFFE6F
:10407000F5FE00ED00000000F700FD00FFF8F20083
:1040800000FFFCF7FD00FE00000000F3FDF6F7FE68
:10409000FBF9FDFB00FAFDF6FC00FDFBFDFB00015A
:1040A00000FEF6000600FB00000000030002FA0C10
:1040B00000FDFDFD000000000000F700FD00FCFD1C
:1040C00000FAF9F7FE00FA020C00000000170000E9
:1040D000010000FC00030000000000000000FF00E1
:1040E00000000000FEFA0000000000FF000000FDDC
:1040F000FD0000FAFD0000FA0005FF0000000000CE
:10410000000100000000040602FD00F7FB0009F6B4
:10411000F7FAFA0C0503E7FE06FD00FD03FDF600C5
:10412000FD03FCFEF7FE0000090600F800F0FC08A5
:10413000FCF501FCF6F6FD0C0300FC00F800020A99
:10414000F9F5F4F9090001EBFE03FBFEF900FAF5BD
:10415000FCFCFE0000F9FAFD000907FDF000F0FC90
:1041600000F6EFFFF7FBF6F8080000FC00FAFD0090
:10417000FDFB0005F6030000F100FDFAFBFEF7F978
:10418000F6F900F7FDF9FBF7FD0000010EFB00F763
:10419000FD00FDFAF9F8F8F5FCFA0600FC00F2FD66
:1041A0000206F7F5FAF60AFD01E5FB06FAFBF50053
:1041B000F7F4FDFDFEFDFAF7FF00000908FEED0033
:1041C000EFF907F5ECFAF6F4F2F60600000000FD50
:1041D000000003FD0602FB060000F7FF00FF0001E0
:1041E00001FE000000000000FD00000000020901C7
:1041F00000FD00000000FEFEFD00000001020000C6
:1042000000000200FE000B00050101FC000600009A
:10421000000200000000000000000000000900088B
:104220000000000000000000000000000000EF009F
:10423000FD05000900001D03FAFA0303FE01F20068
:10424000000EEF0000000000000000000000EC0B7A
:1042500028000000000000000000000000EF000047
:10426000000000000000000000000000000000004E
:104270000000000000000000FB0000FBFD0000004B
:10428000000000000000000000000000000000002E
:10429000FE00F800000100000325FAFE0908F803FB
:1042A00000000303FC00000000000000000000000C
:1042B000DB0800000000000000000000000000001B
:1042C000000000F8000000F800000000FAFF000005
:1042D00000FA00FD00F200000000000000000000F5
:1042E00000ED0000000001000000000000FD0000E3
:1042F000FB00FC00F8000000FB03FD0000F8FDF9E6
:104300000000F800FD00F200FD0000E9FBF4FDF6FE
:104310000000ED00F8FF0000000000000000FCFBC2
:10432000FEFB00000000FA00FA04FD0600FEF9FEA4
:10433000FBFB00FDFFFE02F8FF000000E7FEFC00B3
:10434000FA00FEF2FD0000FEFE000000000200FE8A
:10435000FBFE05000000000000000000000000005F
:10436000000000000000000000000000000000004D
:104370000000000000000000000000000000040039
:104380000000000000FA00FE000000FA0300000038
:10439000F8FDFA0000F800FD00F200000000E40063
:1043A000FAF5F20000ED00FEFC0000000000000045
:1043B00000FDFCFFFC01000005FC00090EFDFDF7FF
:1043C000030E0506F8030C030806080000000000B1
:1043D000000000000000120EFBFD00FE170C17008D
:1043E00000000300000B0000FB00000000000000C4
:1043F0000000FE00000000000000000400000000BB
:10440000E8FDFEF4F20000ED0000000000000000F6
:10441000000000000000000000FB000000000000A1
:10442000000000FE0000000000000000040000008A
:1044300000E8FDFEF4F20000F400000000000000BF
:10444000000000000000000000000000FE0000006E
:10445000F90300FD020503F700FFFE030002000060
:104460000000F900FDFEFA00FDF40012FD00FAFE66
:1044700000FEFB00FDF8FAFD000000FB000000005C
:104480000000000000FE000000000000000004002A
:10449000000000E8FDFEF4F20000ED000000000066
:1044A000000E00000000000000000000FB00F7FD0F
:1044B000FD09FDFDF401FE01FEF801060102010205
:1044C000F9F4FD00F5FBF8F4F500FBFAFDFCFEFE47
:1044D000FDFE00FEFF040004FE00090000000000D5
:1044E00000000000000000FEFDFD0000F800FF00DD
:1044F000FB0000000000000000000000EF000000D2
:104500000000000000000000FDFD00FC00000000B5
:10451000FE0000FBFD0300FBFBFE00F8FEFAFEFDC3
:1045200000FB0000000000000000000000ED00099A
:104530000000FB00000000FC00FD0000FF0000FE8A
:1045400000F900000CFCF6F7020303FFF802040276
:1045500009020AFEF80000F40000F7F80000FA0073
:10456000FCFB00FC00FC00FE0400FEF7FD0B00005D
:10457000FD00FA000004F90003FD020000F600FE51
:10458000FF00FD03FE000000F4FDFA00F70000F25A
:10459000000BFD00FB000200FD00FDF700FD030025
:1045A000000000FE000003FC010000FDFE00FD0015
:1045B00000000000000000000000000000000000FB
:1045C000EE00060000FE000000000100FDFD0000FE
:1045D000000600070000000000EEF0010C0905F4E1
:1045E000020C000B000600000000000000000000AC
:1045F000000F0000000000000000000000000000AC
:1046000000000000543A049018390490B639049020
:104610003D310000FCFB039084330490F03804909B
:1046200004460490100002289402002419180290F5
:10463000591702901500040000FF01001446049071
:10464000000000000000000006F2ECE83699D66198
:10465000963ABE245E05FA05B1046A4D098EE7CE8E
:1046600047FF00FEC0FCA4FAA97AF163F39C8AEA32
:104670008EE3D3EC7AFE5DFF0FEA12F376F4DAFDF7
:104680003DFF37AA59BB9BCCFCE53EF7B87AB993FE
:10469000FBB43DD63EEF585B397C5B9D5DC65EEF5B
:1046A0003E45BE655F96FFBE9FE7BE2D1E4EBF8690
:1046B0003FB7BFE73B269C4EFD865EB7BFE733257D
:1046C000B54D5886FBB69EE7CD653086B4A639CF8A
:1046D000BDEF6C9EB0AE14C779DFDDF70AD72EDFD1
:1046E00073E7B8F7DCFF6BFF8EFFB3FFD8FFFCFF6B
:1046F00045FEA9FE10FF76FFDCFF24FDA9FD70FE3C
:1047000016FF9CFF88FB4CFC52FD77FE5CFF6C8B18
:104710004FA454BD79D65DEF937C3595F8B5DBCECB
:104720007EEFF7BD1CE77DEFBEF7DFFFC6E165D189
:1047300045C1E3B0CCD8CBC0AAA869883589F47844
:10474000D368B148B65975513441D230553AF33136
:10475000B2290F195C1CBA1B3813340ADC045A0442
:10476000B703B3027805B40411040C034F04CD035E
:104770004B0368020845673CE62BE41A887DE76C2A
:104780004554433346C6A5ADE49CA283C6FE05FE50
:1047900044FDE2F380FD00FD60FC60FB60FCE0F3A3
:1047A00060EB80E283F243E202DAA1B9686A065A5A
:1047B000A54924396F53CC4229328721AE730C634B
:1047C0000842042100003C027804B306EE08280BDE
:1047D000610D990FD01106143A166C189D1ACB1C56
:1047E000F71E212148236C258E27AC29C72BDF2DEE
:1047F000F32F0332103418361C381C3A173C0E3E87
:10480000FF3FEC41D443B64593476A493C4B084DC2
:10481000CD4E8D504652F953A5554B57EA58825A02
:10482000135C9C5D1F5F9A600D627963DD6439667D
:104830008D67D9681D6A596B8C6CB76DD96EF36F33
:1048400004710C720B730174EE74D275AD767F77C0
:1048500047780679BB79677A0A7BA27B327CB77C82
:10486000337DA57D0D7E6C7EC07E0B7F4B7F827F6E
:10487000AF7FD27FEB7FFA7FFF7F000090BE039077
:10488000719D01900000000000000000C19F019098
:10489000000000000104000090BE039091AB019065
:1048A000E5AB01900000000005AC019004010D0093
:1048B0000006000090BE039083AF0190000000004E
:1048C0000000000000000000D127D12744020000B2
:1048D00090BE039029B0019079B0019000000000D3
:1048E00095B00190040182008503000090BE039002
:1048F000E5C501901DC6019000000000A1C801900F
:10490000D127D127C402000090BE03903D0B029036
:10491000F10B0290000000001D0C02908200D127D4
:104920000504000090BE0390E11202901313029060
:1049300000000000510E0290000000008002000004
:1049400090BE0390E12602906531029000000000C5
:10495000A1310290D127D127C003000090BE03905F
:10496000D13E02906D3F029000000000BD3F0290DA
:10497000D127D127C004000090BE0390915302902C
:104980000000000000000000AD530290D127D127A5
:10499000C002000090BE039019C002900000000009
:1049A00000000000A5C00290D1278200C5020000CF
:1049B0005C490490000000000000000000000000BE
:1049C00081C2029000000000C004000098480490DA
:1049D00075C40290000000000000000005C50290B0
:1049E000000000008507000090BE03900BDC0290E1
:1049F00035DC02900000000049DC029034001E000B
:104A00008402000090BE039011DE029055DE0290F9
:104A100000000000ADDE0290D127D1278503000001
:104A200090BE0390C5E6029093E90290000000005A
:104A3000B9E90290040182000406000019001A007E
:104A40001B001D001E001F00200022002300240068
:104A5000250026002700280029002A002B002C0012
:104A60002D002D002E002F002F00300030003100CF
:104A700031003100320032003200320032003200A8
:104A800032003200310031003100300030002F00A0
:104A90002F002E002D002C002C002B002A002900B6
:104AA00028002700260025002400230021002000E4
:104AB0001F001E001D001B001A0019001800160020
:104AC000150014001300110010000F000E000D005F
:104AD0000C000B000A000900080007000600050092
:104AE00005000400030003000200020001000100B1
:104AF00001000000000000000000000000000000B5
:104B00000000010001000100020002000300040097
:104B100004000500060006000700080009000A005E
:104B20000B000C000D000F0010001100120013000C
:104B3000140016001700180019001B001C001D00AF
:104B40001E00200021002200230024002500260052
:104B50002700280029002A002B002C002D002E0001
:104B60002E002F002F0030003000310031003100C6
:104B700032003200320032003200320032003200A5
:104B8000310031003100300030002F002E002E00A7
:104B90002D002C002B002A002A00290028002700C5
:104BA0002600240023002200210020001F001D00F9
:104BB0001C001B001A001800170016001500130037
:104BC0001200110010000F000E000C000B000A0074
:104BD00009000800080007000600050004000400A2
:104BE00003000200020001000100010000000000BB
:104BF00000000000000000000000000001000100B3
:104C0000010002000200030003000400040005008C
:104C100006000700080009000A000B000C000D0048
:104C20000E000F00100011001200140015001600F5
:104C3000170019001A001B001C001E001F00200096
:104C4000210022002400250026002700280029003A
:104C50002A002B002C002C002D002E002E002F00EF
:104C600030003000310031003100320032003200BB
:104C700032003200320032003200310031003100A7
:104C8000300030002F002F002E002D002D002C00B2
:104C90002B002A00290028002700260025002400D8
:104CA0002300220021001F001E001D001C001A000E
:104CB000190018001700150014001300120011004D
:104CC0000F000E000D000C000B000A000900080088
:104CD00007000600060005000400030003000200B0
:104CE00002000100010001000000000000000000BF
:104CF00000000000000000000100010001000200AF
:104D00000200030003000400050005000600070080
:104D1000080009000A000B000C000D000E000F0037
:104D200010001200130014001500170018001900DD
:104D30001A001C001D001E001F002000220023007E
:104D40002400250026002700280029002A002B0027
:104D50002C002D002D002E002F002F0030003000E1
:104D600031003100310032003200320032003200B6
:104D700032003200320031003100310030003000AA
:104D80002F002F002E002D002C002C002B002A00BD
:104D900029002800270026002500240023002100E8
:104DA00020001F001E001D001B001A001900180023
:104DB0001600150014001300110010000F000E0063
:104DC0000D000C000B000A00090008000700060097
:104DD00005000500040003000300020002000100BA
:104DE00001000100000000000000000000000000C1
:104DF00000000000010001000100020002000300A9
:104E00000400040005000600070007000800090070
:104E10000A000B000C000D000F0010001100120022
:104E20001300140016001700180019001B001C00C6
:104E30001D001E0020002100220023002400250068
:104E400026002700280029002A002B002C002D0016
:104E50002E002E002F002F003000300031003100D6
:104E600031003200320032003200320032003200B3
:104E70003200310031003100300030002F002E00B0
:104E80002E002D002C002B002A002A0029002800CB
:104E900027002600240023002200210020001F00FC
:104EA0001D001C001B001A0018001700160015003A
:104EB00013001200110010000F000E000C000B0078
:104EC0000A000900080007000700060005000400AA
:104ED00004000300020002000100010001000000C4
:104EE00000000000000000000000000000000100C1
:104EF000010001000200020003000300040004009E
:104F0000050006000700080009000A000B000C005D
:104F10000D000E000F00100011001200140015000B
:104F20001600170019001A001B001C001E001F00AD
:104F30002000210022002400250026002700280050
:104F400029002A002B002C002C002D002E002E0002
:104F50002F003000300031003100310032003200CB
:104F600032003200320032003200320031003100B3
:104F70003100300030002F002F002E002D002D00BA
:104F80002C002B002A0029002800270026002500DD
:104F900024002300220021001F001E001D001C0011
:104FA0001A00190018001700150014001300120051
:104FB00011000F000E000D000C000B000A0009008C
:104FC00008000700060006000500040003000300B7
:104FD00002000200010001000100000000000000CA
:104FE00000000000000000000000010001000100BE
:104FF0000200020003000300040005000500060093
:105000000700080009000A000B000C000D000E004C
:105010000F001000120013001400150017001800F4
:1050200019001A001C001D001E001F002000220095
:1050300023002400250026002700280029002A003C
:105040002B002C002D002D002E002F002F003000F3
:1050500030003100310031003200320032003200C5
:1050600032003200320032003100310031003000B5
:1050700030002F002F002E002D002C002C002B00C4
:105080002A002900280027002600250024002300EC
:10509000210020001F001E001D001B001A00190027
:1050A00018001600150014001300110010000F0066
:1050B0000E000D000C000B000A000900080007009C
:1050C00006000500050004000300030002000200C2
:1050D00001000100010000000000000000000000CD
:1050E00000000000000001000100010002000200B9
:1050F0000300040004000500060007000700080084
:1051000009000A000B000C000D000F001000110038
:1051100012001300140016001700180019001B00DD
:105120001C001D001E00200021002200230024007E
:10513000250026002700280029002A002B002C002B
:105140002D002E002E002F002F00300030003100E7
:1051500031003100320032003200320032003200C1
:1051600032003200310031003100300030002F00B9
:105170002E002E002D002C002B002A002A002900D2
:105180002800270026002400230022002100200000
:105190001F001D001C001B001A001800170016003D
:1051A000150013001200110010000F000E000C007B
:1051B0000B000A00090008000700070006000500B0
:1051C00004000400030002000200010001000100CD
:1051D00000000000000000000000000000000000CF
:1051E00001000100010002000200030003000400AE
:1051F0000400050006000700080009000A000B0073
:105200000C000D000E000F00100011003031323381
:1052100034353637383941424344454640305800EA
:10522000303132333435363738396162636465661C
:105230004030780004000008000000000000000278
:10524000000100001000000002400000000000A06B
:105250000000000005400000000000C80000000041
:105260000C4000000000409C0000000019400000BD
:105270000020BCBE0000000034400000BFC91B8EEF
:1052800000000004B5400000504BCFD06607E2CFCD
:10529000010000006C4100003E8251AADFEEA734FD
:1052A00001000000D9420000DCB5A0E23A301F97AF
:1052B000FFFFFFFFB4450000FD25A0C8E9A3C14FD3
:1052C000FFFFFFFFFF3F0000000000800000000024
:1052D000FF3F00000000008000000000506C65618E
:1052E00073652075736520746865207374796C75B7
:1052F0007320636C69636B207468652063726F73DD
:1053000073206F6E207468652073637265656E2EFE
:105310005468652063726F73732077696C6C2061C9
:105320006C77617973206D6F766520756E74696C2A
:10533000207468652073637265656E2061646A75A8
:1053400073746D656E7420697320636F6D706C6526
:105350007465642E00000000536100005765000072
:10536000546800004D6F0000467200005375000045
:10537000547500004A756E65000000004D6172634F
:1053800068000000417072696C000000446563654C
:105390006D6265720000000053657074656D626532
:1053A000720000004E6F76656D626572000000004D
:1053B0004F63746F626572004175677573740000A6
:1053C0004D6179004A756C79000000004A616E7584
:1053D0006172790046656272756172790000000041
:1053E000323032330A323032320A323032310A321B
:1053F0003032300A323031390A323031380A323004
:1054000031370A323031360A323031350A323031F2
:10541000340A323031330A323031320A32303131EB
:105420000A323031300A323030390A323030380AFC
:10543000323030370A323030360A323030350A32C4
:105440003030340A323030330A323030320A3230BF
:1054500030310A323030300A313939390A3139398C
:10546000380A313939370A313939360A313939355B
:105470000A313939340A313939330A313939320A82
:10548000313939310A313939300A313938390A314B
:105490003938380A313938370A313938360A31392A
:1054A00038350A313938340A313938330A31393824
:1054B000320A313938310A313938300A313937391D
:1054C0000A313937380A313937370A313937360A2C
:1054D000313937350A313937340A313937330A31FE
:1054E0003937320A313937310A313937300A3139EF
:1054F00036390A313936380A313936370A313936D0
:10550000360A313936350A313936340A31393633CB
:105510000A313936320A313936310A313936300AF0
:10552000313935390A313935380A313935370A31A7
:105530003935360A313935350A313935340A313998
:1055400035330A313935320A313935310A31393595
:10555000300A313934390A313934380A313934377B
:105560000A313934360A313934350A313934340A9A
:10557000313934330A313934320A313934310A316C
:105580003934300A313933390A313933380A31394B
:1055900033370A313933360A313933350A31393341
:1055A000340A313933330A313933320A313933313C
:1055B0000A313933300A313932390A313932380A4D
:1055C000313932370A313932360A313932350A3116
:1055D0003932340A313932330A313932320A313907
:1055E00032310A313932300A313931390A313931FF
:1055F000380A313931370A313931360A31393135E2
:105600000A313931340A313931330A313931320A08
:10561000313931310A313931300A313930390A31D1
:105620003930380A313930370A313930360A3139B0
:1056300030350A313930340A313930330A313930B2
:10564000320A31393031000030310A30320A303319
:105650000A30340A30350A30360A30370A30380A10
:1056600030390A31300A31310A3132000A00000083
:105670002000000021000000220000003123000073
:105680002300000024000000250000002700000087
:1056900028000000290000002A0000002B00000064
:1056A0002C0000002B2F2D002D0000002E000000EC
:1056B0002F00000030000000310000003200000028
:1056C0003300000034000000350000003600000008
:1056D0003700000038000000390000003A000000E8
:1056E0003B0000003C0000003D0000003E000000C8
:1056F0003F000000400000004100000042000000A8
:105700004142430043000000440000004500000007
:10571000460000004700000048000000490000006B
:105720004A0000004B0000004C0000004D0000004B
:105730004E0000004F00000050000000510000002B
:10574000520000005300000054000000550000000B
:1057500056000000570000005800000059000000EB
:105760005A0000005B0000005C0000005D000000CB
:105770005F000000610000006200000061626300E1
:105780006300000064000000650000006600000087
:1057900067000000690000006A0000006B00000064
:1057A0006D0000006E0000006F000000700000003F
:1057B000710000007200000073000000740000001F
:1057C00075000000760000007700000078000000FF
:1057D000790000007A0000007B0000007D000000DE
:1057E000EF808C00EF819300EF819400EF959A0099
:1057F000EF849C00EFA2A2000000000042746E3112
:105800000000000042746E320000000042746E33EB
:105810000000000042746E340000000042746E35D7
:045820000000000084
:040000050800029954
:00000001FF
