:020000040800F2
:10000000F0B207243903000859100090B30F009094
:10001000B90F0090D1060090FB2C0090000000006A
:100020000000000000000000000000001D00009023
:10003000ED060090000000007900009021300008DB
:100040005303000853030008530300085303000838
:100050005303000853030008530300085303000828
:100060005303000853030008530300085303000818
:100070005303000853030008530300085303000808
:1000800053030008530300085303000853030008F8
:1000900053030008530300085303000853030008E8
:1000A00053030008530300085303000853030008D8
:1000B000530300085D100090530300085303000829
:1000C00053030008530300085303000853030008B8
:1000D00053030008DD3000085303000853030008F1
:1000E00053030008530300080000000053030008F6
:1000F0005303000853030008530300085303000888
:100100005303000853030008530300085303000877
:100110005303000853030008530300085303000867
:100120005303000853030008530300085303000857
:100130005303000853030008530300085303000847
:1001400000000000000000000000000000000000AF
:100150005303000853030008530300085303000827
:100160005303000853030008530300085303000817
:100170005303000853030008530300085303000807
:1001800053030008530300085303000853030008F7
:1001900053030008530300085303000853030008E7
:1001A00053030008530300085303000853030008D7
:1001B00053030008530300085303000853030008C7
:1001C00053030008530300085303000853030008B7
:1001D00053030008530300085303000853030008A7
:1001E0005303000853030008530300085303000897
:1001F0005303000853030008530300085303000887
:100200005303000853030008530300085303000876
:100210005303000853030008530300085303000866
:1002200053030008530300085303000800000000B4
:1002300053030008530300080000000053030008A4
:100240005303000853030008530300085303000836
:100250005303000853030008530300085303000826
:100260005303000853030008530300085303000816
:100270005303000853030008530300080000000064
:100280005303000853030008530300080000000054
:10029000000000005303000800F002F800F03CF8F2
:1002A0000AA090E8000C82448344AAF10107DA45D1
:1002B00001D100F031F8AFF2090EBAE80F0013F0E7
:1002C000010F18BFFB1A43F0010318474433000025
:1002D00064330000103A24BF78C878C1FAD85207B6
:1002E00024BF30C830C144BF04680C6070470000B0
:1002F0000023002400250026103A28BF78C1FBD82F
:10030000520728BF30C148BF0B6070471FB503F0CC
:1003100071F91FBD10B510BD00F0AAF81146FFF726
:10032000F5FF02F07BFF00F0C8F803B4FFF7F2FF1F
:1003300003BC02F017FF0000094880470948004746
:10034000FEE7FEE7FEE7FEE7FEE7FEE7FEE7FEE785
:10035000FEE7FEE704480549054A064B70470000E2
:100360003530000899020008F0A80724F0B20724ED
:10037000F0AA0724F0AA0724704753EA020C00F001
:1003800069802DE9F04B4FF00006002B1FBFB3FA38
:1003900083F503FA05F424FA05F65E4012BF16430E
:1003A000B2FA82F502FA05F4C5F120051EBF22FA61
:1003B00005FC44EA0C04203556EA044C4FEA144488
:1003C00018BF641C4FF000084FF00009904271EB19
:1003D000030C39D3002919BFB1FA81F701FA07F6E6
:1003E000B0FA80F700FA07F6C7F120071EBF20FA1F
:1003F00007FC46EA0C062037B6FBF4FCA7EB050722
:10040000103F07F01F0BCBF120060CFA0BFB2CFA68
:1004100006F644BFB3460026202FA4BF5E464FF029
:10042000000B5BEA060C08BF4FF0010B19EB0B0940
:10043000ABFB027C48EB0608C01B06FB02CC0BFBA7
:1004400003CC71EB0C01C1E70B460246414648461E
:10045000BDE8F08B13B54FF000004FF00001AFF393
:100460000080BDE81C407047704770477047704778
:10047000754600F02BF8AE4605006946534620F05D
:100480000700854618B020B5FFF764FFBDE820409F
:100490004FF000064FF000074FF000084FF0000B40
:1004A00021F00701AC46ACE8C009ACE8C009ACE8F3
:1004B000C009ACE8C0098D46704710B50446AFF3DB
:1004C00000802046BDE81040FFF72FBF004870476E
:1004D0008CA8072448F24D4CC9F2000C604747F63F
:1004E000DD7CC9F2000C604740F6F13CC9F2000C1B
:1004F000604740F6DF3CC9F2000C604740F6756C7F
:10050000C9F2000C604746F23D1CC9F2000C60477E
:1005100046F2052CC9F2000C604745F2796CC9F22D
:10052000000C604742F6317CC9F2000C604746F28D
:10053000893CC9F2000C604742F6F95CC9F2000C34
:10054000604740F6FD5CC9F2000C604770B5044698
:100550000CB9012070BD94F83500022803D080202A
:1005600060650120F6E7DC492068884249D0DA4915
:1005700018312068884244D0D749303120688842F9
:100580003FD0D5494831206888423AD0D2496031BD
:100590002068884235D0D04978312068884230D0F0
:1005A000CD499031206888422BD0CB49A8312068B2
:1005B000884226D0C9492068884222D0C7491831CC
:1005C000206888421DD0C54930312068884218D043
:1005D000C24948312068884213D0C0496031206840
:1005E00088420ED0BD4978312068884209D0BB4985
:1005F00090312068884204D0B849A83120688842E8
:1006000001D1012000E00020F0B3042084F835007F
:10061000B149206888424BD0AF49183120688842E0
:1006200046D0AD4930312068884241D0AA4948318E
:10063000206888423CD0A84960312068884237D081
:10064000A54978312068884232D0A349903120688A
:1006500088422DD0A049A8312068884228D09F49DF
:100660002068884224D09D491831206888421FD0D4
:100670009A493031206888421AD098494831206818
:10068000884215D0954900E020E06031206888421A
:100690000ED0924978312068884209D08F49903134
:1006A0002068884204D08D49A8312068884206D14C
:1006B0002068006820F001002168086009E12068D6
:1006C000006820F001002168086002E120680068ED
:1006D00020F00E00216808607F492068884249D0D8
:1006E0007D4918312068884244D07B4930312068E8
:1006F00088423FD078494831206888423AD07649CC
:1007000060312068884235D073497831206888424A
:1007100030D071499031206888422BD06E49A83181
:100720002068884226D06D492068884222D06B49D3
:100730001831206888421DD06849303120688842CD
:1007400018D0664948312068884213D06349603127
:10075000206888420ED0614978312068884209D0EB
:100760005E4990312068884204D05C49A8312068F5
:10077000884206D12068006820F0010021680860E6
:1007800005E02068006820F00100216808605249F7
:100790002068884270D050491831206888426BD058
:1007A0004D4930312068884266D04B494831206835
:1007B000884261D048496031206888425CD046490F
:1007C00078312068884257D0434990312068884268
:1007D00052D04149A831206888424DD03F49206815
:1007E000884249D03D4918312068884244D03B496D
:1007F0003031206888423FD03849483120688842EB
:100800003AD0364960312068884235D03349783152
:100810002068884230D031499031206888422BD0FE
:100820002E49A8312068884226D02D492068884268
:1008300022D02B491431206888421DD02849283104
:100840002068884218D026493C312068884213D05D
:1008500023495031206888420ED0214964312068F4
:10086000884209D01E4978312068884204D01C494A
:100870008C312068884201D1012000E00020D8B1ED
:10088000206E006820F48070216E0860A56D94F8D9
:100890005C0000F01F01012088406860D4E9191055
:1008A0004860E06E40B1E06E006820F48070E16E58
:1008B0000860D4E91C10486000BF002084F83400B0
:1008C00000BF012084F83500206D10B12046216D55
:1008D000884700203EE6000010000240100402405D
:1008E000085402580348006840F0010001490860BC
:1008F0007047000020040058F8B502460023734DED
:10090000DEE001279F400E6806EA0704002C71D044
:100910004E68022E02D04E68122E13D1DF0802F16B
:10092000200656F827005E07F70E0F26BE40B0439C
:100930005F07FF0E0E69BE403043DF0802F120065C
:1009400046F8270010685F000326BE40B0430E79CA
:1009500006F003065F00BE40304310604E68012E73
:1009600008D04E68022E05D04E68112E02D04E6877
:10097000122E13D190685F000326BE40B0435F0083
:10098000CE68BE4030439060506801269E40B04320
:100990000E79C6F300169E4030435060D0685F0069
:1009A0000326BE40B0435F008E68BE403043D06037
:1009B0004E6806F08056B6F1805F1BD100BF444EF2
:1009C000366846F00206424F3E603E46366806F004
:1009D0000206009600BF00BF3E4E9F0856F8270053
:1009E0009E07370F0F26BE40B0433B4EB24202D1A6
:1009F00000262EE063E0394EB24201D1012628E004
:100A0000374EB24201D1022623E0364EB24201D126
:100A100003261EE0344EB24201D1042619E0334EC3
:100A2000B24201D1052614E0314EB24201D1062670
:100A30000FE0304EB24201D107260AE02E4EB242FC
:100A400001D1082605E02D4EB24201D1092600E071
:100A50000A269F073F0FBE4030431E4E9F0846F8B0
:100A600027002868A0434E6806F48036B6F5803F1C
:100A700000D1204328606868A0434E6806F4003621
:100A8000B6F5003F00D1204368604FF0B0463068B3
:100A9000A0434E6806F48016B6F5801F00D12043AF
:100AA0004FF0B04630607068A0434E6806F4001600
:100AB000B6F5001F00D120434FF0B04670605B1CBC
:100AC0000E68DE40002E7FF41CAFF8BD8000005899
:100AD000F444025808040058000002580004025868
:100AE00000080258000C0258001002580014025866
:100AF00000180258001C0258002002580024025816
:100B0000024613690B400BB1012000E00020704742
:100B10000AB1816101E00B048361704701480068FC
:100B2000000C70470010005C01480068704700002E
:100B30003C0000240348006803490978084401493F
:100B4000086070473C0000244400002410B50320D6
:100B500000F00AF901F0CCFA10490968C1F3032149
:100B60000F4A515C01F01F01C8400E4908600B4854
:100B7000006800F00F001146085C00F01F010948F2
:100B80000068C840084908600F2000F00FF808B15D
:100B9000012010BD00F09AF80020FAE7184402582E
:100BA000FE350008000000240400002470B504464F
:100BB0001148007808B9012070BD0F4800784FF443
:100BC0007A71B1FBF0F00D490968B1FBF0F52846E8
:100BD00001F078FF08B10120EEE7102C07D20022C7
:100BE0002146501E00F083F80548046001E0012012
:100BF000E2E70020E0E700004400002400000024B9
:100C0000400000244178154A11600178F9B1121DA5
:100C100041681160017B0907C27A41EA0261827A68
:100C200041EAC241427B41EA8241827B41EA424140
:100C3000C27B41EA0241427A41EA0221027A41EA58
:100C4000420102781143054A0832116005E0002193
:100C5000024A121D1160121D1160704798ED00E0EC
:100C600000BF00BF00BFBFF35F8F00BF00BF00BF6A
:100C70000548006820F480300349086000200249DC
:100C8000703108607047000024ED00E040F0010181
:100C90000D4A11600C497039096841F480310A4AE3
:100CA000703A116000BF00BF00BFBFF34F8F00BF9D
:100CB00000BF00BF00BF00BF00BFBFF36F8F00BF0A
:100CC00000BF00BF7047000094ED00E07047014690
:100CD0000846002809DB00F01F0301229A4043095F
:100CE0009B0003F1E023C3F8002100BF70472DE90A
:100CF000F05F80460D46164602F018FA0746394660
:100D00002A46334601F00700C0F1070ABAF1040F82
:100D100002D94FF0040A01E0C0F1070AD14600F100
:100D2000040ABAF1070F02D24FF0000A01E0A0F165
:100D3000030AD4464FF0010A0AFA09FAAAF1010A95
:100D40000AEA020A0AFA0CFA4FF0010B0BFA0CFB42
:100D5000ABF1010B0BEA030B4AEA0B0421464046B8
:100D600002F0ECF9BDE8F09F00BF00F00702064B6F
:100D700019684FF6FF031940044B0B4343EA022165
:100D8000014B196000BF70470CED00E00000FA0550
:100D90000348006840F08070014908607047000017
:100DA0000C48025810B501F0A3F907490968C1F3CE
:100DB0000321064A515C01F01F01C8400449086044
:100DC0000846006810BD000018440258FE350008AF
:100DD0000000002410B501F04FF905490968C1F37E
:100DE0000211044A515C01F01F01C84010BD00000F
:100DF00020440258FE35000870B50146844D2D6828
:100E000005F00303824D2D68C5F30530804D2D1D7F
:100E10002D68C5F300147E4D14352D68C5F3CC053F
:100E200015FB04F501EE105AB8EE411AF0EE410A36
:100E300000286FD023B1012B4ED0022B6BD16BE079
:100E4000734D283D2D68C5F340153DB3704D283DC9
:100E50002D68C5F3C1066F4D25FA06F201EE102A82
:100E6000F8EE411A01EE100AB8EE411A81EE812A1D
:100E70009FED691AC0EE811A654D10352D68C5F3D6
:100E8000080501EE105AB8EE411A31EE811AF7EE5C
:100E9000001A31EE211A22EE010A1CE001EE100ABE
:100EA000B8EE411ADFED5D1A81EE812A9FED5A1AE4
:100EB000C0EE811A564D10352D68C5F3080501EEB8
:100EC000105AB8EE411A31EE811AF7EE001A31EEDF
:100ED000211A22EE010A5BE001EE100AB8EE411A77
:100EE000DFED4F1A81EE812A9FED4B1AC0EE811A79
:100EF000474D10352D68C5F3080501EE105AB8EEC0
:100F0000411A31EE811AF7EE001A31EE211A22EE63
:100F1000010A3DE077E01DE001EE100AB8EE411A4B
:100F20009FED402AC2EE011A9FED3B1A80EE812A06
:100F3000374D10352D68C5F3080501EE105AB8EE8F
:100F4000411A32EE011AB7EE002A31EE021A21EEF2
:100F5000810A1DE001EE100AB8EE411ADFED301AE9
:100F600081EE812A9FED2C1AC0EE811A284D103592
:100F70002D68C5F3080501EE105AB8EE411A31EE9E
:100F8000811AF7EE001A31EE211A22EE010A00BF93
:100F900000BF1F4D10352D68C5F3462501EE105AD0
:100FA000B8EE411AF7EE001A31EE211AC0EE011A1E
:100FB000BCEEE11A81ED001A154D10352D68C5F310
:100FC000064501EE105AB8EE411AF7EE001A31EE5E
:100FD000211AC0EE011ABCEEE11A81ED011A0C4D86
:100FE00010352D68C5F3066501EE105AB8EE411AAA
:100FF000F7EE001A31EE211AC0EE011ABCEEE11A2A
:1010000081ED021A03E000250D604D608D6070BD1A
:10101000284402580090D003000000460024744C7D
:101020000024744A0024F44A70B50146844D2D68AA
:1010300005F00303824D2D68C5F30550804D2D1D2D
:101040002D68C5F300247E4D1C352D68C5F3CC05F5
:1010500015FB04F501EE105AB8EE411AF0EE410A04
:1010600000286FD023B1012B4ED0022B6BD16BE047
:10107000734D283D2D68C5F340153DB3704D283D97
:101080002D68C5F3C1066F4D25FA06F201EE102A50
:10109000F8EE411A01EE100AB8EE411A81EE812AEB
:1010A0009FED691AC0EE811A654D18352D68C5F39C
:1010B000080501EE105AB8EE411A31EE811AF7EE2A
:1010C000001A31EE211A22EE010A1CE001EE100A8C
:1010D000B8EE411ADFED5D1A81EE812A9FED5A1AB2
:1010E000C0EE811A564D18352D68C5F3080501EE7E
:1010F000105AB8EE411A31EE811AF7EE001A31EEAD
:10110000211A22EE010A5BE001EE100AB8EE411A44
:10111000DFED4F1A81EE812A9FED4B1AC0EE811A46
:10112000474D18352D68C5F3080501EE105AB8EE85
:10113000411A31EE811AF7EE001A31EE211A22EE31
:10114000010A3DE077E01DE001EE100AB8EE411A19
:101150009FED402AC2EE011A9FED3B1A80EE812AD4
:10116000374D18352D68C5F3080501EE105AB8EE55
:10117000411A32EE011AB7EE002A31EE021A21EEC0
:10118000810A1DE001EE100AB8EE411ADFED301AB7
:1011900081EE812A9FED2C1AC0EE811A284D183558
:1011A0002D68C5F3080501EE105AB8EE411A31EE6C
:1011B000811AF7EE001A31EE211A22EE010A00BF61
:1011C00000BF1F4D18352D68C5F3462501EE105A96
:1011D000B8EE411AF7EE001A31EE211AC0EE011AEC
:1011E000BCEEE11A81ED001A154D18352D68C5F3D6
:1011F000064501EE105AB8EE411AF7EE001A31EE2C
:10120000211AC0EE011ABCEEE11A81ED011A0C4D53
:1012100018352D68C5F3066501EE105AB8EE411A6F
:10122000F7EE001A31EE211AC0EE011ABCEEE11AF7
:1012300081ED021A03E000250D604D608D6070BDE8
:10124000284402580090D003000000460024744C4B
:101250000024744A0024F44A2DE9F0410446002594
:10126000A846206800F00060B0F1006F30D1606ED9
:1012700048B1B0F5801F0DD0B0F5001F10D0B0F50B
:10128000401F15D113E0F948006840F40030F749D9
:1012900008600FE00221201D01F0D2FC054609E0A4
:1012A000022104F1240001F07DFD054602E001E089
:1012B000012500BF00BF55B9EC482430006820F478
:1012C0004010616E0843E9492431086000E0A846F7
:1012D000208800F48070B0F5807F2DD1606D0528E6
:1012E0001AD2DFE800F0030A10171800DF48006880
:1012F00040F40030DD49086010E00021201D01F0BD
:101300009FFC05460AE0002104F1240001F04AFD9B
:10131000054603E002E001E0012500BF00BF55B92A
:10132000D2482430006820F00700616D0843CF499F
:101330002431086000E0A846208800F40070B0F571
:10134000007F33D1A06D802817D003DC40B1402846
:101350001CD10CE0C02817D0B0F5807F16D114E066
:10136000C248006840F40030C049086010E0002125
:10137000201D01F065FC05460AE0002104F124006F
:1013800001F010FD054603E002E001E0012500BF89
:1013900000BF55B9B5482430006820F4E070A16D55
:1013A0000843B2492431086000E0A846208800F4D0
:1013B0008060B0F5806F38D1D4F8A400B0F5800F0C
:1013C00019D004DC50B1B0F5001F1DD10DE0B0F50F
:1013D000C00F17D0B0F5000F16D114E0A348006875
:1013E00040F40030A149086010E00021201D01F008
:1013F00027FC05460AE0002104F1240001F0D2FC9C
:10140000054603E002E001E0012500BF00BF5DB931
:1014100096482C30006820F46000D4F8A4100843EB
:1014200092492C31086000E0A846208800F4006052
:10143000B0F5006F38D1D4F8A800B0F1007F19D012
:1014400004DC50B1B0F1807F1DD10DE0B0F1407FE0
:1014500017D0B0F1806F16D114E08448006840F4D2
:1014600000308249086010E00021201D01F0E8FBF7
:1014700005460AE0002104F1240001F093FC054632
:1014800003E002E001E0012500BF00BF5DB977483D
:101490002C30006820F0E060D4F8A81008437349AD
:1014A0002C31086000E0A846206800F00070B0F120
:1014B000007F27D1A06CA0B1102804D0202809D02B
:1014C00030280FD10CE06948006840F400306749CB
:1014D000086009E00221201D01F0B2FB054603E08F
:1014E00002E001E0012500BF00BF55B95F48203090
:1014F000006820F03000A16C08435C49203108608E
:1015000000E0A846208800F48050B0F5805F36D116
:10151000E06DB0F5005F19D004DC50B1B0F5805F2C
:101520001DD10DE0B0F5405F17D0B0F5804F16D15A
:1015300014E04E48006840F400304C49086010E068
:101540000021201D01F07CFB05460AE0002104F18A
:10155000240001F027FC054603E002E001E001253C
:1015600000BF00BF55B941482430006820F4E04076
:10157000E16D08433D492431086000E0A846208819
:1015800000F40050B0F5005F34D1206EB0F5403F5C
:101590001DD007DC68B1B0F5803F0BD0B0F5003F3F
:1015A00018D10DE0B0F5802F12D0B0F5A02F11D1D9
:1015B0000FE011E00121201D01F042FB05460BE088
:1015C000012104F1240001F0EDFB054604E003E0F5
:1015D00002E001E0012500BF00BF55B923482430D7
:1015E000006820F4E020216E08432049243108607F
:1015F00000E0A846208800F48040B0F5804F38D144
:10160000D4F8AC00B0F1405F1DD007DC68B1B0F198
:10161000805F0BD0B0F1005F18D10DE0B0F1804FCA
:1016200012D0B0F1A04F11D10FE011E00121201D27
:1016300001F006FB05460BE0012104F1240001F056
:10164000B1FB054604E003E002E001E0012500BF34
:1016500000BF6DB905482C30006820F0E040D4F898
:10166000AC10084301492C31086002E02C440258B8
:10167000A846208800F40040B0F5004F26D1E06E67
:1016800098B1B0F1805F03D0B0F1005F0ED106E0F9
:10169000F948006840F40030F749086008E001218B
:1016A000201D01F0CDFA054602E001E0012500BF52
:1016B00000BF55B9F0482430006820F04050E16E7A
:1016C0000843ED492431086000E0A846206800F096
:1016D0008070B0F1807F27D1606CA0B1012804D068
:1016E000022809D003280FD10CE0E348006840F439
:1016F0000030E149086009E00221201D01F0A0FA54
:10170000054603E002E001E0012500BF00BF55B936
:10171000D9482030006820F00300616C0843D649A6
:101720002031086000E0A846206800F48000B0F591
:10173000800F7DD1D148006840F48070CF490860A7
:10174000FFF7F2F9064606E0FFF7EEF9801B642882
:1017500001D9032505E0C948006800F4807000281D
:10176000F2D000BF85BBC4484430006800F440702C
:10177000B4F8B01001F44071884213D0BE48443030
:10178000006820F44077BC484430006840F4803062
:10179000B949443108600846006820F48030086088
:1017A00008460760D4F8B000B0F5807F15D1FFF788
:1017B000BBF9064609E0FFF7B7F9801B41F2883113
:1017C000884202D9032507E038E0AB48443000687E
:1017D000C0F340000028EED000BF55BB00BFB4F8F6
:1017E000B00000F44070B0F5407F0ED1A2481C3824
:1017F000006820F47C51A24AD4F8B000104041EABD
:1018000010109D491C39086007E09B481C3800688F
:1018100020F47C5098491C3908609748443000688F
:10182000B4F8B010C1F30B0108439349443101E00F
:1018300005E001E0086002E0A84600E0A846207844
:1018400000F0010068B3A06F182819D005DC48B17A
:10185000082808D0102816D10BE0202811D02828FD
:1018600011D10FE011E00121201D01F0E9F9054639
:101870000BE0012104F1240001F094FA054604E094
:1018800003E002E001E0012500BF00BF55B97A483E
:101890002830006820F03800A16F084376492831CD
:1018A000086000E0A846207800F00200022828D155
:1018B000606F062815D2DFE800F003040A11121346
:1018C00011E00121201D01F0BBF905460BE00121CB
:1018D00004F1240001F066FA054604E003E002E0AA
:1018E00001E0012500BF00BF55B9634828300068FA
:1018F00020F00700616F08435F492831086000E06D
:10190000A846207800F0040004282AD1D4F89000DA
:10191000062815D2DFE800F003040A11121311E0C3
:101920000121201D01F08CF905460BE0012104F195
:10193000240001F037FA054604E003E002E001E08C
:10194000012500BF00BF5DB94B482C30006820F076
:101950000700D4F89010084347492C31086000E094
:10196000A846207800F02000202836D1D4F88C003A
:10197000B0F1405F1DD007DC68B1B0F1805F0BD0E3
:10198000B0F1005F18D10DE0B0F1804F12D0B0F18E
:10199000A04F11D10FE011E00021201D01F050F9FE
:1019A00005460BE0022104F1240001F0FBF9054695
:1019B00004E003E002E001E0012500BF00BF5DB9E3
:1019C0002D482830006820F0E040D4F88C100843FF
:1019D00029492831086000E0A846207800F040003E
:1019E000402836D1D4F89800B0F5406F1DD007DC00
:1019F00068B1B0F5806F0BD0B0F5006F18D10DE075
:101A0000B0F5805F12D0B0F5A05F11D10FE011E00A
:101A10000021201D01F014F905460BE0022104F11C
:101A2000240001F0BFF9054604E003E002E001E014
:101A3000012500BF00BF5DB90F482C30006820F4BD
:101A4000E050D4F8981008430B492C31086000E0AE
:101A5000A846207800F0800080283AD1D4F89C0075
:101A6000B0F5C04F23D00DDC98B1B0F5005F11D0B8
:101A7000B0F5804F1ED113E02C44025800480258A4
:101A8000FFFCFF0FB0F5004F12D0B0F5204F11D181
:101A90000FE011E00021201D01F0D2F805460BE017
:101AA000022104F1240001F07DF9054604E003E081
:101AB00002E001E0012500BF00BF4DB9AD4800685C
:101AC00020F46040D4F89C100843AA49086000E064
:101AD000A846207800F00800082817D1D4F8800024
:101AE000B0F5805F07D1022104F1240001F05AF91A
:101AF00008B14FF001089F48001F006820F44050D3
:101B0000D4F8801008439B49091F0860207800F032
:101B10001000102815D1D4F89400B0F5807F07D1BB
:101B2000022104F1240001F03DF908B14FF0010851
:101B30009048006820F44070D4F8941008438D4910
:101B40000860206800F40020B0F5002F26D1D4F8FA
:101B5000A00030B1B0F5803F09D0B0F5003F0ED104
:101B60000CE00021201D01F06BF8054609E0022180
:101B700004F1240001F016F9054602E001E0012518
:101B800000BF00BF4DB97B48006820F44030D4F856
:101B9000A01008437749086000E0A846206800F4D8
:101BA0008020B0F5802F2DD1D4F88400B0F5801FAF
:101BB00006D0B0F5001F0CD0B0F5401F11D10FE0DA
:101BC0006C482C38006840F400306A492C390860B1
:101BD00009E0012104F1240001F0E4F8054602E0E7
:101BE00001E0012500BF00BF5DB96248001F006829
:101BF00020F44010D4F8841008435E49091F08609F
:101C000000E0A846206800F48030B0F5803F24D181
:101C1000E06C18B1B0F5803F0FD108E055482C3882
:101C2000006840F4003053492C39086007E0022175
:101C3000201D01F005F8054601E0012500BF00BFA9
:101C400055B94C480C38006820F48030E16C0843EA
:101C500048490C39086000E0A846206800F00050B0
:101C6000B0F1005F07D1022104F1240001F09AF8DD
:101C700008B14FF00108206800F40030B0F5003FD3
:101C800027D1E06FA0B1B0F5807F06D0B0F5007F1E
:101C90000CD0B0F5407F0CD109E036482C380068F4
:101CA00040F4003033492C39086004E003E002E0DE
:101CB00001E0012500BF00BF55B92E48001F006894
:101CC00020F44070E16F08432A49091F086000E0D2
:101CD000A846206800F48010B0F5801F09D125487F
:101CE0000838006820F00040216F08432149083976
:101CF0000860206800F40010B0F5001F09D11D48ED
:101D00000838006820F08070A16E0843194908392E
:101D10000860206800F08040B0F1804F11D100BF12
:101D200014484838006820F40040124948390860D7
:101D300008460068D4F8B81008430E4948390860CE
:101D400000BF206800F00040B0F1004F09D1094801
:101D50000C38006820F04050216D084305490C39CB
:101D60000860B8F1000F02D10020BDE8F081012029
:101D7000FBE70000584402582DE9F04104460D46A7
:101D800014B90120BDE8F081B648006800F00F00EA
:101D9000A8420ED2B348006820F00F002843B14992
:101DA00008600846006800F00F00A84201D001203A
:101DB000E8E7207800F0040004280ED1AA49206941
:101DC000096801F07001884207D9A748006820F02F
:101DD000700021690843A4490860207800F00800D9
:101DE000082811D1A049091D6069096801F0700136
:101DF000884209D99C48001D006820F07000616984
:101E000008439949091D0860207800F01000102847
:101E100011D19549091DA069096801F4E061884262
:101E200009D99148001D006820F4E060A1690843C9
:101E30008D49091D0860207800F02000202811D16C
:101E400089490831E069096801F07001884209D9BF
:101E500085480830006820F07000E1690843824935
:101E600008310860207800F0020002280ED17E4977
:101E7000E068096801F00F01884207D97A480068D4
:101E800020F00F00E168084377490860207800F0EF
:101E90000100002850D07448006820F47060A168E8
:101EA0000843714908606068022807D16E481838F5
:101EB0000068C0F34040F8B9012063E76068032878
:101EC00007D1694818380068C0F34060A0B9012004
:101ED00058E76068012807D1634818380068C0F3E4
:101EE000002048B901204DE75F4818380068C0F36A
:101EF000800008B9012045E75B480838006820F0F9
:101F0000070061680843584908390860FEF70CFE6D
:101F1000064608E0FEF708FE801B41F28831884241
:101F200001D903202EE750480838006800F0380037
:101F30006168B0EBC10FEDD1207800F002000228FB
:101F40000ED14949E068096801F00F01884207D2C3
:101F50004548006820F00F00E168084342490860E6
:101F60004048006800F00F00A8420ED93D480068C4
:101F700020F00F0028433B4908600846006800F045
:101F80000F00A84201D00120FCE6207800F00400F8
:101F900004280ED134492069096801F07001884293
:101FA00007D23148006820F07000216908432E49AB
:101FB0000860207800F00800082811D12A49091D7E
:101FC0006069096801F07001884209D22648001D45
:101FD000006820F07000616908432349091D08600A
:101FE000207800F01000102811D11F49091DA069A8
:101FF000096801F4E061884209D21B48001D0068AD
:1020000020F4E060A16908431749091D08602078A1
:1020100000F02000202811D113490831E069096837
:1020200001F07001884209D20F480830006820F0A2
:102030007000E16908430C490831086000F058F865
:1020400009490968C1F30321084A515C01F01F01E5
:10205000C8400749086007480068FEF7A7FD074623
:1020600038468FE60020005218440258FE3500081A
:10207000000000244000002410B5FEF793FE07493D
:10208000096801F00F01064A515C01F01F01C840C8
:10209000044908600846006810BD00001844025852
:1020A000FE3500080400002410B5FFF7E5FF0549E0
:1020B0000968C1F30211044A515C01F01F01C840D4
:1020C00010BD00001C440258FE35000810B5FFF793
:1020D000D3FF05490968C1F30221044A515C01F0AC
:1020E0001F01C84010BD00001C440258FE35000806
:1020F000F0B5824E366806F0380636B1082E15D097
:10210000102E15D0182E7DD114E07C4E103E36686E
:10211000C6F3401646B1794E103E3668C6F3C10785
:10212000774E26FA07F000E07548E5E07548E3E0F1
:102130007548E1E0714E1836366806F003046F4EBC
:1021400018363668C6F305116C4E1C36366806F034
:1021500001056A4E24363668C6F3CC0616FB05F632
:1021600001EE106AB8EE410A002971D024B1012CA9
:1021700050D0022C6DD16DE0604E103E3668C6F333
:1021800040163EB35D4E103E3668C6F3C1075C4E46
:1021900026FA07F301EE103AF8EE411A01EE101A92
:1021A000B8EE411A81EE812A9FED581AC0EE011A4D
:1021B000524E20363668C6F3080601EE106AB8EEB5
:1021C000411A31EE811AF7EE001A31EE211A62EE51
:1021D000010A1EE001EE101AB8EE411ADFED4C1AAA
:1021E00081EE812A9FED491AC0EE011A434E203636
:1021F0003668C6F3080601EE106AB8EE411A31EEF1
:10220000811A00E076E0F7EE001A31EE211A62EE54
:10221000010A5BE001EE101AB8EE411A9FED3D2A6B
:10222000C2EE011A9FED391A80EE012A334E203694
:102230003668C6F3080601EE106AB8EE411A32EEAF
:10224000011AB7EE002A31EE021A61EE810A3DE072
:102250004EE01DE001EE101AB8EE411ADFED2E1A25
:1022600081EE812A9FED291AC0EE011A234E2036F5
:102270003668C6F3080601EE106AB8EE411A31EE70
:10228000811AF7EE001A31EE211A62EE010A1DE002
:1022900001EE101AB8EE411A9FED1E2AC2EE011A85
:1022A0009FED1A1A80EE012A144E20363668C6F3C6
:1022B000080601EE106AB8EE411A32EE011AB7EEC6
:1022C000002A31EE021A61EE810A00BF00BF0B4EF8
:1022D00020363668C6F34626721C01EE102AB8EE88
:1022E000411AC0EE811ABCEEE11A11EE100A00E0AC
:1022F000002001E0034800BF00BFF0BD10440258B9
:102300000090D00300093D0000127A000000004652
:102310000024744C0024744A0024F44A2DE9F04748
:10232000044614B90120BDE8F087207800F00100D0
:10233000002872D0F948006800F03808F7481830D3
:10234000D0F80090B8F1100F06D0B8F1180F0FD1E7
:1023500009F0030002280BD1F04810380068C0F3E0
:10236000404000286ED0606800286BD10120DAE779
:1023700000BF6068B0F5803F08D1E84810380068B9
:1023800040F48030E549103908602EE0606868B993
:10239000E2481038006820F48030E04910390860C5
:1023A0000846006820F4802008601EE06068B0F5F0
:1023B000A02F0DD1D9481038006840F48020D749AB
:1023C000103908600846006840F4803008600CE06E
:1023D000D2481038006820F48030D04910390860A5
:1023E0000846006820F48020086000BF6068A8B13B
:1023F000FEF79AFB054608E0FEF796FB401B41F20C
:102400008831884201D903208DE7C448103800681C
:10241000C0F340400028EFD014E014E0FEF784FB46
:10242000054608E0FEF780FB401B41F288318842F8
:1024300001D9032077E7B94810380068C0F340405D
:102440000028EFD100BF207800F0020002286BD1F5
:10245000B248006800F03808B0481830D0F8009052
:10246000B8F1000F05D0B8F1180F2BD109F0030017
:1024700040BBAA4810380068C0F3800018B1E0687B
:1024800008B901204FE700BFFEF748FB41F2030106
:1024900088420BD8A1480C38006820F47C302169B0
:1024A00040EA01309D490C3908600AE09B480C382D
:1024B000006820F0FE40217C40EA016097490C3919
:1024C000086058E0E06870B394481038006820F065
:1024D0001900E1680843914910390860FEF724FBB0
:1024E000054606E0FEF720FB401B022801D9032029
:1024F00019E78A4810380068C0F380000028F1D03E
:1025000000BFFEF70BFB41F2030188420DD8834860
:102510000C38006820F47C30216940EA01307F49A2
:102520000C3908600CE00CE026E07C480C380068B0
:1025300020F0FE40217C40EA016078490C390860B7
:1025400019E076481038006820F00100734910390E
:102550000860FEF7E9FA054606E0FEF7E5FA401BDB
:10256000022801D90320DEE66C4810380068C0F369
:1025700080000028F1D100BF207800F01000102862
:102580006ED16648006800F0380864481830D0F80A
:102590000090B8F1080F06D0B8F1180F2FD109F04C
:1025A000030001282BD15D4810380068C0F30020DB
:1025B00020B1E069802801D00120B4E600BFFEF719
:1025C000ADFA41F2030188420CD854480C38006837
:1025D00020F0F84094F8201040EA81604F490C390F
:1025E00008600BE04D48001F006820F07C5094F814
:1025F000201040EA01604949091F086058E0E0697D
:1026000068B346481038006840F0800043491039EC
:102610000860FEF789FA054606E0FEF785FA401BDA
:10262000022801D903207EE63C4810380068C0F338
:1026300000200028F1D000BFFEF770FA41F203013C
:1026400088420ED835480C38006820F0F84094F8DD
:10265000201040EA816031490C3908600DE00DE03E
:1026600027E02E48001F006820F07C5094F82010CE
:1026700040EA01602949091F086019E0274810381D
:10268000006820F08000254910390860FEF74CFAF8
:10269000054606E0FEF748FA401B022801D9032050
:1026A00041E61E4810380068C0F300200028F1D130
:1026B00000BF207800F00800082837D16069D0B149
:1026C00016486430006840F0010014496431086025
:1026D000FEF72AFA054606E0FEF726FA401B022816
:1026E00001D903201FE60D4864300068C0F34000A4
:1026F0000028F1D01AE009486430006820F0010099
:10270000064964310860FEF70FFA054608E0FEF757
:102710000BFA401B022803D9032004E61044025898
:10272000DC480068C0F340000028F0D1207800F0B9
:102730002000202836D1A069D0B1D648743800686E
:1027400040F48050D34974390860FEF7EDF905462E
:1027500006E0FEF7E9F9401B022801D90320E2E573
:10276000CC4874380068C0F340300028F1D019E03C
:10277000C8487438006820F48050C649743908602D
:10278000FEF7D2F9054606E0FEF7CEF9401B022817
:1027900001D90320C7E5BF4874380068C0F3403052
:1027A0000028F1D1207800F0040004287DD1BA4837
:1027B000006840F48070B8490860FEF7B5F9054636
:1027C00006E0FEF7B1F9401B642801D90320AAE511
:1027D000B148006800F480700028F2D000BFA06803
:1027E000012808D1AB48001F006840F00100A9494A
:1027F000091F08602DE0A06868B9A648001F00689E
:1028000020F00100A349091F08600846006820F075
:10281000040008601DE0A06805280DD19D48001F38
:10282000006840F004009B49091F086008460068E2
:1028300040F0010008600CE09648001F006820F09E
:1028400001009449091F08600846006820F0040050
:10285000086000BFA068A0B1FEF766F9054608E071
:10286000FEF762F9401B41F28831884201D903200A
:1028700059E58848001F0068C0F340000028EFD0E9
:1028800013E0FEF751F9054608E0FEF74DF9401B4D
:1028900041F28831884201D9032044E57D48001F78
:1028A0000068C0F340000028EFD1606A00287DD0A6
:1028B00078486438006800F03800182877D0606ADB
:1028C000022875D173487438006820F0807071490F
:1028D00074390860FEF728F9054606E0FEF724F98A
:1028E000401B022801D903201DE56A48743800689E
:1028F000C0F340600028F1D100BFD4E90A1041EADA
:10290000001064494C39096840F2F332914308439E
:1029100060494C390860208E401EC0F30800616B8E
:10292000491E4FF47E4202EA41210843218F491E8D
:10293000D20102EA014108433C21095D491E12020D
:1029400002EA0161084353494439086000BF081F87
:10295000006820F00100091F08604E4840380068F8
:102960004FF6F8718843A16C40EAC10049494039EB
:10297000086048484838006820F00C00216C084383
:102980004449483908600846006820F00200616C3C
:1029900008434049483908600846006840F48030E0
:1029A00008600846006840F4003002E06FE041E053
:1029B00025E008600846006840F48020086008466A
:1029C000006840F00100086032487438006840F048
:1029D0008070304974390860FEF7A6F8054606E0B5
:1029E000FEF7A2F8401B022801D903209BE42948E6
:1029F00074380068C0F340600028F1D047E02548F3
:102A00007438006820F08070224974390860FEF73D
:102A10008BF8054606E0FEF787F8401B022801D92F
:102A2000032080E41B4874380068C0F3406000282D
:102A3000F1D12CE017484C3807681648443806682E
:102A4000606A012821D007F00301A06A81421CD1ED
:102A5000C7F30511E06A884217D1C6F30801206B5D
:102A6000401E814211D1606B401EC6F34621884250
:102A70000BD1A06B401EC6F30641884205D1E06B26
:102A8000401EC6F30661884201D001204BE40020BD
:102A900049E400007444025800480258042808D150
:102AA0004FF0E021096941F004014FF0E02211618B
:102AB00007E04FF0E021096921F004014FF0E02226
:102AC0001161704770B504462546681EB0F1807FDD
:102AD00001D301200FE0681E4FF0E02148610F2173
:102AE0004FF0FF3000F02AFB00204FF0E02188611A
:102AF00007200861002070BD10B586B004462B4940
:102B00002068884250D100BF00BF2948006840F0CB
:102B10001000274908600846006800F01000009087
:102B200000BF00BF00BF00BF00BF214810380068D1
:102B300040F001001E49103908600846006800F0A6
:102B40000100009000BF00BF00BF00BF00BF0846EB
:102B5000006840F0010008600846006800F00100CD
:102B6000009000BF00BF00BF4FF400700190022032
:102B7000029001200390022004900720059001A9F3
:102B80000C48FDF7B9FE4FF48060019007200590D6
:102B900001A90848FDF7B0FE2520FEF798F80322AA
:102BA00011462520FEF7A3F806B010BD0010014025
:102BB000F0440258000002581D4A0168914236D183
:102BC0001C49098801F4004189BB1A49098801F4AC
:102BD000804171B1184909780A2903D00021154AAA
:102BE000118024E01349098841F40041114A118001
:102BF0001DE0114909780D2906D10E49098841F4D3
:102C000080410C4A118012E00B490978094A128868
:102C1000C2F30D02094B995406490988491C054A1B
:102C2000118011460988C72901DD002111807047F4
:102C300000100140380000243A0000241401002450
:102C40002DE9F04104460E4600275548006800F083
:102C50000300032802D10120BDE8F0815048283844
:102C6000006820F080604E4928390860FDF75CFF5D
:102C7000054606E0FDF758FF401B022801D9032056
:102C8000EAE7474828380068C0F3C0600028F1D15F
:102C900000BF4348006820F47C30216840EA0130DE
:102CA0003F490860A088401EC0F30800A168491E83
:102CB0004FF47E4202EA41210843A189491ED20114
:102CC00002EA01410843217C491E120202EA016125
:102CD000084333491031086000BF3148001D0068C7
:102CE00020F0C000616908432D49091D08600846AD
:102CF000006820F02000A16908432949091D0860E7
:102D00000846006820F0100008602548143000686C
:102D10004FF6F8718843E16940EAC1002049143157
:102D200008601F48001D006840F010001C49091D84
:102D300008602EB90846006840F40020086012E0E0
:102D4000012E08D11648001D006840F48010144977
:102D5000091D086007E01248001D006840F40010DB
:102D60000F49091D08600E482838006840F080604F
:102D70000B4928390860FDF7D7FE054606E0FDF748
:102D8000D3FE401B022801D9032065E704482838F8
:102D90000068C0F3C0600028F1D038465CE700004E
:102DA000284402582DE9F04104460E4600275548B4
:102DB000006800F00300032802D10120BDE8F08183
:102DC00050482838006820F080504E492839086063
:102DD000FDF7AAFE054606E0FDF7A6FE401B022809
:102DE00001D90320EAE7474828380068C0F340705B
:102DF0000028F1D100BF4348006820F07C70218892
:102E000040EA01503F490860A088401EC0F3080016
:102E1000A168491E4FF47E4202EA41210843A1897C
:102E2000491ED20102EA01410843217C491E1202D7
:102E300002EA0161084333491831086000BF314894
:102E4000001D006820F44060616908432D49091D98
:102E500008600846006820F40070A1690843294909
:102E6000091D08600846006820F480700860254845
:102E70001C3000684FF6F8718843E16940EAC100F0
:102E800020491C3108601F48001D006840F4807014
:102E90001C49091D08602EB90846006840F48000EE
:102EA000086012E0012E08D11648001D006840F4A9
:102EB00000001449091D086007E01248001D006861
:102EC00040F080700F49091D08600E4828380068DE
:102ED00040F080500B4928390860FDF725FE054673
:102EE00006E0FDF721FE401B022801D9032065E71B
:102EF000044828380068C0F340700028F1D03846F4
:102F00005CE700002844025810B50023234C2360DE
:102F100000BF00BF00BFBFF34F8F00BF00BF00BFA7
:102F2000231F1868C0F34E3100BFC0F3C90200BFB1
:102F300043F6E07303EA41134FF0404404EA82741D
:102F40002343174C236000BF00BF131EA2F10102F0
:102F5000EED10B1EA1F10101E7D100BF00BF00BF00
:102F6000BFF34F8F00BF00BF00BF0C4B703B1B680F
:102F700043F48033094C703C236000BF00BF00BFA6
:102F8000BFF34F8F00BF00BF00BF00BF00BF00BF37
:102F9000BFF36F8F00BF00BF00BF10BD84ED00E026
:102FA00060EF00E000BF00BF00BFBFF34F8F00BF66
:102FB00000BF00BF00BF00BF00BFBFF36F8F00BFE7
:102FC00000BF00BF00201449086000BF00BF00BF61
:102FD000BFF34F8F00BF00BF00BF00BF00BF00BFE7
:102FE000BFF36F8F00BF00BF00BF0C48006840F404
:102FF00000300A49086000BF00BF00BFBFF34F8F19
:1030000000BF00BF00BF00BF00BF00BFBFF36F8F96
:1030100000BF00BF00BF704750EF00E014ED00E0BC
:1030200010B5FDF787FDFDF755FA012801D0FDF732
:1030300056FA10BD2448006840F470002249086028
:103040002248006840F001002049086000201F4924
:10305000103108601D4800681D4908401B49086080
:1030600000201A4918310860091D0860091D086010
:10307000164928310860091D0860091D0860091DEE
:103080000860091D0860091D0860091D0860091D08
:1030900008600E48006820F480200C490860002079
:1030A0000A49603108600B4800686FF30F00B0F107
:1030B000005F02D20120084908604FF00060024919
:1030C000803908607047000088ED00E00044025835
:1030D0007FEDF6EA0010005C0881005170B5002415
:1030E0000F4D1048FDF700FA00BF03E0641CAC422E
:1030F00000D904E00B48FDF7FCF92028F6D100BF09
:10310000002403E0641CAC4200D906E00122064919
:103110000448FDF7F3F90028F4D100BF70BD0000AA
:10312000FFFF0100DC0100243A000024024800688F
:10313000C0F30220704700000CED00E010B500283D
:1031400004DB0A07130E054A135406E00A07140E9F
:10315000034A00F00F031B1FD45410BD00E400E02D
:1031600018ED00E000BF704770B504460420FFF77B
:1031700095FC0A48046025464FF47A7045434FF0A9
:10318000E020006940F002004FF0E02108610846AD
:103190004561006940F00100086170BD3000002405
:1031A00030B50446002504E04FF47A7000F004F8CE
:1031B0006D1CA542F8D330BD70B5034600224FF018
:1031C000E02675690D4E366803FB06F44FF0E026E5
:1031D000B16910E04FF0E026B06988420BD0884218
:1031E00002D20E1A324402E02E1A0E443244014634
:1031F000A24200D300E0EDE700BF70BD3000002424
:1032000000BF054AD26902F04002002AF9D0C2B2DA
:10321000014B9A62704700000010014010B500F0A9
:103220001FF8FDF793FC042302221146F02000F062
:1032300011F94FF4F070FFF797FF4FF4E13000F011
:10324000BDF9FDF760F9FDF763F9FDF766F9FDF7E4
:1032500069F90020FDF76BF9FDF76EF9002010BD4C
:1032600010B5FFF79FFEFFF74FFE0348006840F0E0
:1032700004000149086010BD9CEF00E030B587B044
:103280000546002400BF6A48006840F00200684913
:1032900008600846006800F00200019000BF00BF0F
:1032A00000BF0846006840F0080008600846006853
:1032B00000F00800019000BF00BF00BF0846006892
:1032C00040F0100008600846006800F0100001900F
:1032D00000BF00BF00BF56480C38006840F4804073
:1032E00053490C3908600846006800F4804001909A
:1032F00000BF00BF402002900220039003200590F1
:10330000012004900A20069002A94A48FDF7F4FA29
:10331000042002900920069002A94648FDF7ECFA25
:103320004FF4605002900920069002A94248FDF730
:10333000E3FA042002900920069002A93F48FDF715
:10334000DBFA3B486438006840F48040384964390F
:1033500008600846006820F48040086000BF3848D4
:10336000806800F020000028F9D136483449086010
:10337000354848600846006840F00100086000BF1A
:103380002F48806800F020000028F9D14FF48370A6
:103390002B49486100BF2A48806800F002000028DD
:1033A000F9D02748C06840F002002549C86000BF36
:1033B0002348806800F020000028F9D12049C86126
:1033C000EB2444F4807444F44064A81C44EA0034C0
:1033D00044F4404400BF44F4801444F0407444F08A
:1033E0004064084644611948006820F48030174959
:1033F000086016487030006820F0010013497031F1
:1034000008600020091D08604FF01040091D086089
:103410000F48091D086005200C49703108600B48F1
:10342000006840F480300949086007B030BD0000F2
:10343000E044025800040258000C025800100258E0
:1034400000500052100300010102180024ED00E0BA
:103450002D0003032DE9F041CCB080460D46164601
:103460001F4600245148006820F004004F490860BE
:1034700000BF002001904E48006820F001004C4938
:1034800008600846006800F00100019047480C30D1
:10349000006840F4404045490C3108600846006827
:1034A00000F44040019000BF00BF00BF3F480C3017
:1034B000006800F40050B0F5005FF7D12120319092
:1034C0004FF48030329000203490389001203790B3
:1034D00002203A90022131A88162CDF8F480C562C1
:1034E00046638763002141640821016400218164EF
:1034F000FEF714FF04461CB101204CB0BDE8F0817A
:103500003F2044900320459000204690082047909B
:103510004020499000014A90402048904B9004215F
:1035200044A8FEF729FC04460CB10120E5E7214838
:103530000290082003904FF4DC7104910221059160
:10354000069107910021089109910A910220139098
:103550002020149000201F9020904FF440102390C2
:1035600002A8FDF779FE04460CB10120C5E7002052
:10357000FFF784FEFDF70CFC0F48006840F0800068
:103580000D49086000BF0C48F430006840F00200AC
:103590000949F43108600846006800F00200019013
:1035A00000BF00BFFDF79EF90020A6E70C480258B7
:1035B0002C040058030004030044025810B50446CC
:1035C00009480A4908600846446000218160C160DA
:1035D000016181610C214161FCF7B3FF01220449C3
:1035E0000248FCF78BFF10BD00100140DC010024F5
:1035F0003A0000244FF04070E1EE100A70470000DE
:103600000000010203040102030406070809000088
:10361000303600080000002414010000D402000825
:103620004437000814010024DCB10700F002000850
:103630000090D0030090D0030000000000000000C4
:103640000000000000000000FFFF00001F0000F865
:103650001FF8E007FF07E0FF40BC07FC30840000D4
:10366000000000000000000000000000000000005A
:10367000100000000101000000F80000FFFF000042
:103680000000000089630090616400904003002402
:1036900000000030000000380000002000000000A2
:1036A0004043072400E0033000F8003800F0012018
:1036B00000F8000000000000000000000000000012
:1036C00000000000000000000000000000000000FA
:1036D00000000000000000000000000000000000EA
:1036E00000000000000000000000000000000000DA
:1036F000000000001F0000000000000000000000AB
:1037000000000000000000000000000000000000B9
:1037100000000000000000000000000000000000A9
:103720000000000000000000000000000000000099
:103730000000000000000000AAAAAAAA00000000E1
:043740000000000085
:0200000490006A
:10000000642900F0EB80752900F0E880782900F081
:100010002181732900F08982002070472D4B1968D7
:100020000868B0E8F04F80F30988BFF36F8F4FF096
:10003000000080F311887047000000000848006845
:10004000006880F308884FF0000080F3148862B6DF
:1000500061B6BFF34F8FBFF36F8F00DF00BF00BFEC
:1000600008ED00E0DFF80C00016841F47001016068
:10007000704700BF88ED00E0EFF30980BFF36F8F9A
:10008000144B1A681EF0100F08BF20ED108A20E9EB
:10009000F04F106009B44FF0500072B680F3118831
:1000A000BFF34F8FBFF36F8F62B607F067FE4FF05D
:1000B000000080F3118809BC19680868B0E8F04FA7
:1000C0001EF0100F08BFB0EC108A80F30988BFF350
:1000D0006F8F70478C000024EFF30580704700009D
:1000E0000FB4044910B503AA029800F023FA10BC1B
:1000F0005DF814FB340000240FB41CB5074B06AAAE
:100100007B4469460090059800F0E5F900206946B7
:1001100000F0F4F91CBC5DF814FB0000F9030000CA
:100120002DE9F0410E460446002020622046E16899
:10013000884730B3252805D0D4E901219047206AAB
:10014000401CF2E7E168204600278847050018D0E8
:10015000A5F14100192802D820354FF40067324636
:10016000294620462760FFF74BFF40B1012804D005
:10017000F61D26F007060836D8E7361DD6E72846CE
:10018000DAE7206ABDE8F08170B50C460546012A21
:1001900005D02878800600D5EA69002302E0012313
:1001A00005E05B1C934202D2E05C0028F9D1A8690B
:1001B000E618C01AA861286A184428622846AFF3D6
:1001C000008004E0D5E9012114F8010B9047B44206
:1001D000F8D32846AFF3008070BD00002DE9F04150
:1001E0000646002410687529314616A510D0AFF3D5
:1001F0000080002802DA404213A507E031688A0730
:1002000001D512A502E0490704D511A5012401E09A
:10021000AFF3008000210A2206F1240709E0B0FBB9
:10022000F2FCB0FBF2F302FB1C00303078541846AD
:10023000491C0028F3D123462A463046BDE8F04148
:1002400000F0EBB8000000002D0000002B000000C3
:100250002000000070B504460D4621461068AFF33B
:1002600000802188090502D50F4A7A4402E00E4A2F
:100270007A440E32002104F1240305E000F00F0659
:100280000009965D5E54491C0028F7D120780023B0
:10029000000704D5702D02D009B102231132204687
:1002A000BDE8704000F0B9B8EACF000040EA0103B1
:1002B000024630B59B0710D14FF0013400E008C270
:1002C00008C91D1B9D4315EAC41FF8D013F0FF0198
:1002D00002F8011B0DD01B0AF8E711F8013B002BB7
:1002E00002F8013B05D011F8013B002B02F8013B5D
:1002F000F3D130BD10B5431C02E010F8011B71B101
:100300008107FAD14FF0013202C88C1A8C4314EAEB
:10031000C211F9D0C01A0A0603D0C01E10BDC01AFF
:1003200010BD0A0401D0801E10BD0902FCD0401E81
:1003300010BD032A40F2308010F0030C00F015804D
:1003400011F8013BBCF1020F624498BF11F801CBD8
:1003500000F8013B38BF11F8013BA2F1040298BF3D
:1003600000F801CB38BF00F8013B11F0030300F0A7
:10037000F380083AC0F0088051F8043B083A51F87D
:1003800004CBA0E80810F5E7121D5CBF51F8043B50
:1003900040F8043BAFF30080D20724BF11F8013BC3
:1003A00011F801CB48BF11F8012B24BF00F8013B25
:1003B00000F801CB48BF00F8012B704702F0FF03A3
:1003C00043EA032242EA024200F0FAB84FF0000288
:1003D00000B5134694469646203922BFA0E80C503B
:1003E000A0E80C50B1F12001BFF4F7AF090728BF16
:1003F000A0E80C5048BF0CC05DF804EB890028BF92
:1004000040F8042B08BF704748BF20F8022B11F0BA
:10041000804F18BF00F8012B70472DE9F0470D46BB
:1004200099469246044600F124080168880604D5DE
:10043000E06921F01001216000E00120A84201DD07
:10044000471B00E00027A1697A1902EB0900081A8E
:10045000A0612078C00602D42046AFF300800026B9
:1004600008E0D4E901211AF806009047206A401CF0
:10047000761C20624E45F4DB2078C0060AD5204663
:10048000AFF3008006E0D4E9012130209047206AD4
:10049000401C2062381EA7F10107F4DC07E0D4E914
:1004A000012118F805009047206A401C2062281E90
:1004B000A5F10105F3DC2046AFF3008020780006AB
:1004C00002D50220BDE8F0870120FBE701694A1C44
:1004D00002610878704700B58FB0CDE90131002185
:1004E000059105497944CDE9031011466846FFF7A7
:1004F00017FE0FB000BD0000E5FFFFFF0A6802F81D
:10050000010B0A60704710B5436913B1AFF3008067
:1005100001E0FFF739FE012010BD127800F124013F
:100520000A7000224A700122EDE711684FF0FF3295
:10053000E9E70000074B70B50D467B44FFF7CBFFA2
:100540000446284600F05CF810B14FF0FF3070BD53
:10055000204670BDC32C007810B5203AC0F00B8047
:10056000B1E81850203AA0E81850B1E81850A0E8B7
:100570001850BFF4F5AF5FEA027C24BFB1E8185011
:10058000A0E8185044BF18C918C0BDE810405FEA81
:10059000827C24BF51F8043B40F8043B08BF7047FD
:1005A000D20728BF31F8023B48BF11F8012B28BF02
:1005B00020F8023B48BF00F8012B70474FF00002C3
:1005C0000429C0F0128010F0030C3FF401AFCCF10D
:1005D000040CBCF1020F18BF00F8012BA8BF20F8D3
:1005E000022BA1EB0C01FFF7F3BE5FEAC17C24BF35
:1005F00000F8012B00F8012B48BF00F8012B7047D1
:10060000007B00F08000704740F6F90CC0F6000C4B
:10061000604740F6EF4CC0F6000C604740F6CF4C08
:10062000C0F6000C604740F24D5CC0F6000C60471D
:1006300042F6F92CC0F6000C604740F6113CC0F6BB
:10064000000C604743F2A11CC0F6000C604740F666
:10065000293CC0F6000C604742F6B93CC0F6000CDD
:10066000604740F6D55CC0F6000C604740F6F95C88
:10067000C0F6000C604741F2290CC0F6000C604740
:1006800040F27B3CC0F6000C604742F2A90CC0F679
:10069000000C604742F2CD0CC0F6000C604740F6FB
:1006A000013CC0F6000C604743F2B91CC0F6000CD8
:1006B000604740F6614CC0F6000C604740F6054CC0
:1006C000C0F6000C604740F68D4CC0F6000C604749
:1006D00000BFFEE710B500200349086040F65F1137
:1006E000092002F00DFB10BD5000002470470000EF
:1006F00070B50446B3F5804F13D1D1E9000540EA47
:1007000005108D6840EA05208D6928438D8940EAEF
:10071000054054F82250064E3540284344F8220044
:1007200003E06FF0704044F82200002070BD00002C
:100730000000F0CF30B50246086852F8200020F0E3
:1007400001000C6842F824008868082801D1402381
:1007500000E00023486818438C682043CC6820439D
:100760000C6920434C6920438C692043CC692043A9
:100770000C6A20434C6A20438C6A2043CC6A204395
:100780000C6B20434C6B20438C6B20430C6852F85D
:1007900024400D4D2C4020430C6842F82400086B87
:1007A000B0F5801F07D1086828B1106820F48010C8
:1007B0000C6B20431060086818B110684C6B204324
:1007C0001060002030BD00008004C0FF30B503463B
:1007D000D1E9000540EA05108D6840EA05208D89C1
:1007E00040EA0545088A401E45EA0055087D801EFE
:1007F00045EA00608D692843551C53F8255005F0E3
:1008000040452843551C43F82500186800F4801023
:10081000B0F5801F0BD1586820F47004088A401E80
:1008200044EA0054586820F47000204358600020C7
:1008300030BD000070B504460E4615460CB90120C7
:1008400070BD94F8450028B9002084F84400204683
:1008500000F028F804F108012068FFF76BFF31462B
:10086000A2682068FFF7B2FF2946E36AD4E90102D3
:10087000FFF73EFFA168206850F8210040F001001A
:10088000A268216841F822000548006840F0004055
:1008900003490860012084F845000020D0E70000EB
:1008A0000040005210B586B0044600BF20480068E2
:1008B00040F480501E4908600846006800F48050EB
:1008C000009000BF00BF00BF19480C30006840F026
:1008D000080017490C3108600846006800F008005D
:1008E000009000BF00BF00BF0846006840F0100045
:1008F00008600846006800F01000009000BF00BFCC
:100900004CF203700190022002900120039003201A
:1009100004900C20059001A90648FFF775FE4FF6DC
:100920008070019001A90448FFF76EFE06B010BD6B
:10093000D4440258000C0258001002587047704707
:10094000704710B504460CB9012010BD94F83D0065
:1009500028B9002084F83C00204600F00DF8022061
:1009600084F83D00211D206800F080FB012084F800
:100970003D000020E9E7000038B504460E49206834
:10098000884217D100BF00BF0C48006840F0020049
:100990000A4908600846006800F00200009000BFA5
:1009A00000BF00BF002204211D20FFF732FE1D20E2
:1009B000FFF734FE38BD000000040040E844025850
:1009C00001460868C06840F001000B68D8600868FC
:1009D0008068084B00EA0302062A08D0B2F5803F7F
:1009E00005D00868006840F001000B68186000201E
:1009F0007047000007000100704710B504462068EA
:100A00000069C0F34000D8B12068C068C0F340005E
:100A1000B0B16FF0020021680861012020772068E2
:100A2000806900F0030018B12046FFF7E5FF05E0FC
:100A3000204600F0BEF8204600F0BCF800202077E9
:100A400020680069C0F38000D8B12068C068C0F396
:100A50008000B0B16FF004002168086102202077A7
:100A60002068806900F4407018B12046FFF7C4FF89
:100A700005E0204600F09DF8204600F09BF800209D
:100A8000207720680069C0F3C000D8B12068C06832
:100A9000C0F3C000B0B16FF0080021680861042005
:100AA00020772068C06900F0030018B12046FFF7E6
:100AB000A3FF05E0204600F07CF8204600F07AF81D
:100AC0000020207720680069C0F30010D8B12068AA
:100AD000C068C0F30010B0B16FF010002168086169
:100AE000082020772068C06900F4407018B12046C3
:100AF000FFF782FF05E0204600F05BF8204600F09B
:100B000059F8002020772068006900F0010058B1F2
:100B10002068C06800F0010030B16FF0010021686A
:100B20000861204600F048F820680069C0F3C01052
:100B300058B12068C068C0F3C01030B16FF08000B9
:100B4000216808612046FFF7FAFE20680069C0F3BB
:100B5000002058B12068C068C0F3C01030B16FF4F5
:100B60008070216808612046FFF7E8FE2068006970
:100B7000C0F3801058B12068C068C0F3801030B155
:100B80006FF0400021680861204600F023F82068DB
:100B90000069C0F3401058B12068C068C0F340102D
:100BA00030B16FF02000216808612046FFF7C8FED1
:100BB00010BD7047704700000449884204D10449C1
:100BC0000968491C024A116070470000C4020024F1
:100BD00050000024704770477047704770470146C7
:100BE000D1F88030D1F8842043EA02007047000039
:100BF0002DE9F04704462068C5692068066820682A
:100C0000876840F60F0005EA0008B8F1000F0FD121
:100C100005F0200060B106F0200010B907F0805008
:100C200030B1E06E10B12046E16E8847BDE8F08734
:100C3000B8F1000F7ED06E48384018B96D4830408A
:100C40000028F7D005F0010058B106F4807040B1DB
:100C5000012021680862D4F8880040F00100C4F83F
:100C6000880005F0020058B107F0010040B10220F1
:100C700021680862D4F8880040F00400C4F88800B5
:100C800005F0040058B107F0010040B104202168CC
:100C90000862D4F8880040F00200C4F8880005F02B
:100CA000080070B106F0200010B95148384040B13A
:100CB000082021680862D4F8880040F00800C4F8D1
:100CC000880005F4006060B106F0806048B14FF420
:100CD000006021680862D4F8880040F02000C4F861
:100CE0008800D4F88800002844D005F0200050B1D6
:100CF00006F0200010B907F0805020B1E06E10B16E
:100D00002046E16E8847D4F888902068806800F01B
:100D10004000402802D009F0280028B3204600F007
:100D2000CDFA2068806800F04000402818D1206883
:100D3000806800E01FE020F0400021688860A06F1C
:100D400050B12D48A16F0865A06FFFF76CFC88B10A
:100D5000A06F016D88470DE02046FFF73FFF09E0D7
:100D60002046FFF73BFF05E02046FFF737FF002056
:100D7000C4F888005AE705F4801050B107F48000E9
:100D800038B14FF48010216808622046FFF725FF34
:100D90004CE705F0800058B106F0800010B907F468
:100DA000000028B1206F10B12046216F88473DE731
:100DB00005F0400030B106F0400018B1204600F0C8
:100DC00091FA33E705F4000030B106F0804018B125
:100DD0002046FFF701FF29E705F0807030B106F0EB
:100DE000004018B12046FFF7F6FE1FE700BF1DE7E1
:100DF0000100001020010004A512009010B5044667
:100E00000CB9012010BDA06900B100E000BFD4F80A
:100E1000800028B9002084F87C002046FFF708FCF9
:100E20002420C4F880002068006820F001002168B8
:100E30000860204600F08AFB012800D1E2E7A06AA2
:100E400010B1204600F078F92068406820F4904006
:100E5000216848602068806820F02A002168886046
:100E60002068006840F0010021680860204600F01A
:100E7000DFF9C7E710B50346D3F88400202874D102
:100E800001B10AB9012010BD00BF93F87C00012810
:100E900001D10220F7E7012083F87C0000BF9965AB
:100EA000A3F85C20A3F85E200020D86600BF9868F5
:100EB000B0F5805F0AD1186920B940F2FF10A3F89D
:100EC000600020E0FF20A3F860001CE0986848B9AB
:100ED000186918B9FF20A3F8600014E07F20A3F878
:100EE000600010E09868B0F1805F09D1186918B906
:100EF0007F20A3F8600006E03F20A3F8600002E036
:100F00000020A3F8600000BF0020C3F88800222062
:100F1000C3F884001868806840F001001C68A06075
:100F2000586EB0F1005F21D1B3F8680090421DDC2B
:100F30009868B0F5805F04D1186910B91848D86670
:100F400001E01848D86600BF002083F87C0000BF8D
:100F50001868006840F480701C6820601868806819
:100F600040F080501C68A06016E017E09868B0F56B
:100F7000805F04D1186910B90B48D86601E00B48AE
:100F8000D86600BF002083F87C0000BF18680068A6
:100F900040F490701C682060002074E7022072E723
:100FA0007913009099140090071300902D1400906D
:100FB000704700BFFEE7000000BF00224021184834
:100FC000FFF73BFB00BF17A0FFF78AF84FF47A70DA
:100FD000FFF738FB19A0FFF783F84FF47A70FFF79B
:100FE00031FB00BF00BF00BF00BF00BFBFF34F8F8A
:100FF00000BF00BF00BF1648006800F4E06015495C
:101000000843001D1249086000BF00BF00BFBFF3C6
:101010004F8F00BF00BF00BF00BF00BFFDE7000053
:10102000001002584D656D20416363657373204560
:1010300072726F7221210D0A00000000536F6674F6
:10104000205265736574696E672E2E2E0D0A00009E
:101050000CED00E00000FA057047000010B50248F2
:10106000FFF7CBFC10BD0000C402002410B50268DD
:10107000294B98420ED0B0F1804F0BD0274B9842AD
:1010800008D0274B984205D0264B984202D0264BD9
:10109000984203D122F070024B681A431E4B9842CB
:1010A00017D0B0F1804F14D01C4B984211D01C4B7C
:1010B00098420ED01B4B98420BD01B4B984208D045
:1010C0001A4B984205D01A4B984202D0194B9842BD
:1010D00003D122F44072CB681A4322F080034C699A
:1010E00043EA040202608B68C3620B6883620A4BA6
:1010F00098420BD00C4B984208D00C4B984205D02C
:101100000B4B984202D00B4B984201D10B69036301
:101110000123436110BD00000000014000040040B5
:1011200000080040000C0040000401400040014065
:10113000004401400048014090F8281001F00101EE
:1011400039B10168496821F40031C26A114302686B
:10115000516090F8281001F00201022907D10168BE
:10116000496821F48031026B11430268516090F8A4
:10117000281001F00401042907D10168496821F40D
:101180008021426B11430268516090F8281001F0F1
:101190000801082907D10168496821F40041826BE0
:1011A00011430268516090F8281001F010011029D5
:1011B00007D10168896821F48051C26B114302682C
:1011C000916090F8281001F02001202907D10168D2
:1011D000896821F40051026C11430268916090F813
:1011E000281001F04001402913D10168496821F419
:1011F0008011426C114302685160416CB1F5801F4F
:1012000007D10168496821F4C001826C114302686A
:10121000516090F8281001F08001802907D1016801
:10122000496821F40021C26C114302685160704783
:1012300038B504460020C4F88800FFF708FA0546D0
:101240002068006800F0080008280CD16FF07E408C
:101250002B4600224FF400110090204601F0EEFCD6
:1012600008B1032038BD2068006800F0040004289D
:101270000CD16FF07E402B4600224FF4800100908D
:10128000204601F0DBFC08B10320EBE72020C4F886
:101290008000C4F8840000BF002084F87C0000BFF8
:1012A00000BFDFE770B50546AC6B0020A4F85E0018
:1012B000A4F856002046FFF791FC70BD016809684C
:1012C00021F490710268116001688968044A114034
:1012D000026891602021C0F884100021C166704727
:1012E000FEFFFFEF10B504462068006820F04000C4
:1012F000216808602020C4F8800000202067204674
:10130000FFF756FE10BD2DE9F0410446B4F86070B9
:10131000D4F88400222826D12068406A86B2A56DC0
:1013200006EA07002880A06D801CA065B4F85E0066
:10133000401EA4F85E00B4F85E00D0B920680068D2
:1013400020F49070216808602068806820F0010017
:10135000216888602020C4F884000020E0662046D0
:10136000FFF77AF905E02068806940F008002168FD
:101370008861BDE8F08100002DE9F0470446B4F82B
:101380006090D4F88400222843D1B4F8685028E053
:101390002068406A1FFA80F8A76D08EA09003880C3
:1013A000A06D801CA065B4F85E00401EA4F85E002D
:1013B000B4F85E0098B92068006820F48070216855
:1013C00008602068806817490840216888602020EC
:1013D000C4F884000020E0662046FFF73DF9681E4F
:1013E00085B2002DD4D1B4F85E60C6B1B4F86800FF
:1013F000B04214DD2068806820F080502168886049
:101400000948E0662068006840F020002168086014
:1014100005E02068806940F0080021688861BDE827
:10142000F0870000FEFFFFEF0713009070B5044641
:10143000B4F86060D4F88400222826D12068406A7D
:1014400085B2F0B22840A16D0870A06D401CA06567
:10145000B4F85E00401EA4F85E00B4F85E00D0B997
:101460002068006820F49070216808602068806817
:1014700020F00100216888602020C4F8840000204A
:10148000E0662046FFF7E8F805E02068806940F054
:1014900008002168886170BD2DE9F0410446B4F868
:1014A0006080D4F88400222843D1B4F8685028E042
:1014B0002068406A87B208F0FF003840A16D0870CC
:1014C000A06D401CA065B4F85E00401EA4F85E004C
:1014D000B4F85E0098B92068006820F48070216834
:1014E00008602068806817490840216888602020CB
:1014F000C4F884000020E0662046FFF7ADF8681EBF
:1015000085B2002DD4D1B4F85E60C6B1B4F86800DD
:10151000B04214DD2068806820F080502168886027
:101520000948E0662068006840F0200021680860F3
:1015300005E02068806940F0080021688861BDE806
:10154000F0810000FEFFFFEF2D1400902DE9F04F19
:1015500089B004464FF00009002007908346F949FE
:101560002068884200D100E000BF2169A0680843DC
:1015700061690843E16940EA010A606E40EA0A0ACB
:1015800020680068F049084040EA0A0021680860C5
:101590002068406820F44050E168084321684860B2
:1015A000D4F818A0E7492068884202D0206A40EAAF
:1015B0000A0A20688068E549084040EA0A00216874
:1015C00088602068C06A20F00F00616A08432168C3
:1015D000C86200BFDE492068884220D1DD4800682B
:1015E00000F03800182811D005DC48B1082809D0CF
:1015F000102811D108E020280AD028280CD109E0B1
:1016000001250BE0042509E0082507E0102505E089
:10161000202503E0402501E0802500BFF8E0CE4909
:101620002068884219D1CB48006800F007000628DE
:1016300010D2DFE800F0030507090B0D00250BE0D1
:10164000042509E0082507E0102505E0202503E032
:10165000402501E0802500BFDAE0C04920688842CB
:1016600019D1BC48006800F00700062810D2DFE856
:1016700000F0030507090B0D00250BE0042509E028
:10168000082507E0102505E0202503E0402501E0BE
:10169000802500BFBCE0B2492068884219D1AD481E
:1016A000006800F00700062810D2DFE800F003050C
:1016B00007090B0D00250BE0042509E0082507E0CC
:1016C000102505E0202503E0402501E0802500BF2E
:1016D0009EE0A4492068884219D19E48006800F025
:1016E0000700062810D2DFE800F0030507090B0DFC
:1016F00000250BE0042509E0082507E0102505E09A
:10170000202503E0402501E0802500BF80E09649C8
:101710002068884220D18F48006800F038001828DF
:1017200011D005DC48B1082809D0102811D108E0F3
:1017300020280AD028280CD109E001250BE0042537
:1017400009E0082507E0102505E0202503E04025F5
:1017500001E0802500BF5BE084492068884219D100
:101760007C48006800F00700062810D2DFE800F08F
:10177000030507090B0D00250BE0042509E00825EA
:1017800007E0102505E0202503E0402501E0802545
:1017900000BF3DE076492068884219D16D48006855
:1017A00000F00700062810D2DFE800F00305070963
:1017B0000B0D00250BE0042509E0082507E01025A6
:1017C00005E0202503E0402501E0802500BF1FE063
:1017D0005C49206888421AD15E48001D006800F00C
:1017E0000700062810D2DFE800F0030507090B0DFB
:1017F00002250BE0042509E0082507E0102505E097
:10180000202503E0402501E0802500BF00E0802581
:1018100000BF4C492068884271D1102D70D006DC81
:10182000022D09D0042D49D0082D6AD1A6E0202D23
:1018300068D0402DF9D1B3E1FEF713FF616A09B911
:10184000012138E0616A012901D1022133E0616A96
:10185000022901D104212EE0616A032901D1062168
:1018600029E0616A042901D1082124E0616A05297F
:1018700001D10A211FE0616A062901D10C211AE079
:10188000616A072901D1102115E0616A082901D197
:10189000202110E0616A092901D140210BE0616A31
:1018A0000A2901D1802106E0616A0B2902D14FF497
:1018B000807100E00121B0FBF1FBB6E104A8FEF766
:1018C000D5FE0598616A09B9012154E0616A0129D0
:1018D00001D102214FE0616A022901D104214AE0CD
:1018E000616A032901D1062145E0616A042901D119
:1018F000082140E0616A052905D10A213BE0FDE3AA
:1019000080E08FE10BE1616A062901D10C2132E010
:10191000616A072901D110212DE0616A082901D1EE
:10192000202128E0616A092901D1402123E0616A70
:101930000A2901D180211EE0616A0B291AD14FF4D6
:10194000807118E0000C0058F369FFCFFFF4FF111D
:101950000010014054440258004400400048004038
:10196000004C00400050004000140140007800404E
:10197000007C00400121B0FBF1FB56E101A8FEF71D
:101980007AFE0298616A09B9012138E0616A012989
:1019900001D1022133E0616A022901D104212EE044
:1019A000616A032901D1062129E0616A042901D174
:1019B000082124E0616A052901D10A211FE0616A3A
:1019C000062901D10C211AE0616A072901D11021F1
:1019D00015E0616A082901D1202110E0616A092916
:1019E00001D140210BE0616A0A2901D1802106E082
:1019F000616A0B2902D14FF4807100E00121B0FB34
:101A0000F1FB12E1FA480068C0F3401088B3F848CF
:101A10000068C0F3C101F748C840616A09B90121F3
:101A200039E0616A012901D1022134E0616A0229A9
:101A300001D104212FE0616A032901D106212AE0A6
:101A4000616A042901D1082125E0616A052901D1D3
:101A50000A2120E0616A062901D10C211BE0616A9C
:101A6000072901D1102116E0616A082902D120213D
:101A700011E013E0616A092901D140210BE0616A9C
:101A80000A2901D1802106E0616A0B2902D14FF4B5
:101A9000807100E00121B0FBF1FB3FE0606A08B912
:101AA000012038E0606A012801D1022033E0606A39
:101AB000022801D104202EE0606A032801D106200B
:101AC00029E0606A042801D1082024E0606A052822
:101AD00001D10A201FE0606A062801D10C201AE01B
:101AE000606A072801D1102015E0606A082801D13A
:101AF000202010E0606A092801D140200BE0606AD4
:101B00000A2801D1802006E0606A0B2802D14FF438
:101B1000807000E00120B749B1FBF0FB85E0606A0E
:101B200008B9012038E0606A012801D1022033E0C1
:101B3000606A022801D104202EE0606A032801D1E6
:101B4000062029E0606A042801D1082024E0606AA8
:101B5000052801D10A201FE0606A062801D10C2067
:101B60001AE0606A072801D1102015E0606A082891
:101B700001D1202010E0606A092801D140200BE04B
:101B8000606A0A2801D1802006E0606A0B2802D131
:101B90004FF4807000E001209749B1FBF0FB44E076
:101BA000606A08B9012038E0606A012801D102208A
:101BB00033E0606A022801D104202EE0606A032825
:101BC00001D1062029E0606A042801D1082024E020
:101BD000606A052801D10A201FE0606A062801D149
:101BE0000C201AE0606A072801D1102015E0606A15
:101BF000082801D1202010E0606A092801D1402086
:101C00000BE0606A0A2801D1802006E0606A0B2898
:101C100002D14FF4807000E001204FF40041B1FB8D
:101C2000F0FB02E00120079000BF00BFBBF1000FF6
:101C300000F0F287606800EB4000584503D8606808
:101C40000003584503D20120079000F0E5BF102D96
:101C500075D006DC022D09D0042D67D0082D6FD178
:101C6000CCE0202D6DD0402DF9D14DE2FEF7F9FCEE
:101C70008046606A08B9012238E0606A012801D113
:101C8000022233E0606A022801D104222EE0606A59
:101C9000032801D1062229E0606A042801D1082224
:101CA00024E0606A052801D10A221FE0606A062844
:101CB00001D10C221AE0606A072801D1102215E038
:101CC000606A082801D1202210E0606A092801D149
:101CD00040220BE0606A0A2801D1802206E0606A97
:101CE0000B2802D14FF4807200E0012294460023B9
:101CF00040461946FEF7C4FC4FF4807300228C4620
:101D0000A0FB031E0CFB03E300FB023360684008EA
:101D10008C461CEB000643EB0201D4F804C062467B
:101D200000233046FEF7ACFC81464EE204A8FEF7E5
:101D30009DFCDDF814E0606A20B901223BE0BFE0C1
:101D400040E282E1606A012801D1022233E0606A48
:101D5000022801D104222EE0606A032801D1062264
:101D600029E0606A042801D1082224E0606A05287D
:101D700001D10A221FE0606A062801D10C221AE074
:101D8000606A072801D1102215E0606A082801D195
:101D9000202210E0606A092801D140220BE0606A2D
:101DA0000A2801D1802206E0606A0B2802D14FF494
:101DB000807200E001229446002370461946FEF727
:101DC0005FFC4FF4807C0022A0FB0C3E01FB0CE189
:101DD00000FB0211606840081E185141D4F804C08D
:101DE000624600233046FEF74BFC8146EDE10000E1
:101DF000004402580090D00300093D0001A8FEF7FE
:101E00003AFCDDF808C0606A08B9012238E0606A6F
:101E1000012801D1022233E0606A022801D10422A4
:101E20002EE0606A032801D1062229E0606A0428B6
:101E300001D1082224E0606A052801D10A221FE0AE
:101E4000606A062801D10C221AE0606A072801D1D5
:101E5000102215E0606A082801D1202210E0606A93
:101E6000092801D140220BE0606A0A2801D18022B2
:101E700006E0606A0B2802D14FF4807200E0012274
:101E80009646002360461946FEF7FAFB4FF480732E
:101E900000228C46A0FB031E0CFB03E300FB023375
:101EA000606840088C461CEB000643EB0201D4F846
:101EB00004C0624600233046FEF7E2FB814684E11F
:101EC000F8480068C0F3401090B3F6480068C0F3CB
:101ED000C101F54820FA01FE606A08B9012239E023
:101EE000606A012801D1022234E0606A022801D12F
:101EF00004222FE0606A032801D106222AE0606AEA
:101F0000042801D1082225E0606A052801D10A22AF
:101F100020E0606A062801D10C221BE0606A0728D5
:101F200001D1102216E0606A082802D1202211E0B7
:101F300030E0606A092801D140220BE0606A0A287B
:101F400001D1802206E0606A0B2802D14FF4807232
:101F500000E001229446002370461946FEF790FBEC
:101F60004FF4807300228C46A0FB031E0CFB03E39E
:101F700000FB0233606840088C461CEB000643EB14
:101F80000201D4F804C0624600233046FEF778FB15
:101F9000814659E0606A08B9012238E0606A012888
:101FA00001D1022233E0606A022801D104222EE02E
:101FB000606A032801D1062229E0606A042801D161
:101FC000082224E0606A052801D10A221FE0606A25
:101FD000062801D10C221AE0606A072801D11022DC
:101FE00015E0606A082801D1202210E0606A092803
:101FF00001D140220BE0606A0A2801D1802206E06C
:10200000606A0B2802D14FF4807200E001229446EE
:102010000023A5481946FEF733FB4FF480730022D6
:102020008C46A0FB031E0CFB03E300FB023360683D
:1020300040080E1843EB0201D4F804C062460023A6
:102040003046FEF71DFB8146BFE0606A08B90122F9
:1020500038E0606A012801D1022233E0606A022878
:1020600001D104222EE0606A032801D1062229E072
:10207000606A042801D1082224E0606A052801D1A1
:102080000A221FE0606A062801D10C221AE0606A69
:10209000072801D1102215E0606A082801D120220A
:1020A00010E0606A092801D140220BE0606A0A282A
:1020B00001D1802206E0606A0B2802D14FF48072C1
:1020C00000E001229446002378481946FEF7D8FA2A
:1020D0004FF4807300228C46A0FB031E0CFB03E32D
:1020E00000FB0233606840088C461CEB000643EBA3
:1020F0000201D4F804C06246002300E073E03046D9
:10210000FEF7BEFA814660E0606A08B9012238E055
:10211000606A012801D1022233E0606A022801D1FD
:1021200004222EE0606A032801D1062229E0606AB9
:10213000042801D1082224E0606A052801D10A227E
:102140001FE0606A062801D10C221AE0606A0728A5
:1021500001D1102215E0606A082801D1202210E088
:10216000606A092801D140220BE0606A0A2801D187
:10217000802206E0606A0B2802D14FF4807200E0F2
:102180000122944600234FF400401946FEF778FAE6
:102190004FF4807300228C46A0FB031E0CFB03E36C
:1021A00000FB0233606840088C461CEB000643EBE2
:1021B0000201D4F804C0624600233046FEF760FAFC
:1021C000814602E00120079000BF00BFB9F5407FC3
:1021D00006D3B9F5801F03D22068C0F80C9034E50F
:1021E0000120079031E5E069B0F5004F71D1082D6D
:1021F00070D005DC5DB1012D5AD0042D6BD1A7E064
:10220000102D69D0202D68D0402DF7D11EE2FEF7A9
:102210003CFA8046606A08B9012038E0606A01280B
:1022200001D1022033E0606A022801D104202EE0AF
:10223000606A032801D1062029E0606A042801D1E0
:10224000082024E0606A052801D10A201FE0606AA6
:10225000062801D10C201AE0606A072801D110205D
:1022600015E0606A082801D1202010E0606A092882
:1022700001D140200BE0606A0A2801D1802006E0ED
:10228000606A0B2802D14FF4807000E00120B8FB97
:10229000F0F04000616800EB5100B0FBF1F01FFA74
:1022A00080F920E2004402580090D00300093D006C
:1022B000FEF7F0F98046606A08B901203DE0606AE7
:1022C000012801D1022038E0606A022806D10420EA
:1022D00033E020E288E003E2D2E06EE1606A0328A6
:1022E00001D1062029E0606A042801D1082024E0F9
:1022F000606A052801D10A201FE0606A062801D122
:102300000C201AE0606A072801D1102015E0606AED
:10231000082801D1202010E0606A092801D140205E
:102320000BE0606A0A2801D1802006E0606A0B2871
:1023300002D14FF4807000E00120B8FBF0F04000C3
:10234000616800EB5100B0FBF1F01FFA80F9CAE1BF
:1023500004A8FEF78BF90598616A09B9012138E0F4
:10236000616A012901D1022133E0616A022901D1A8
:1023700004212EE0616A032901D1062129E0616A66
:10238000042901D1082124E0616A052901D10A212B
:102390001FE0616A062901D10C211AE0616A072950
:1023A00001D1102115E0616A082901D1202110E036
:1023B000616A092901D140210BE0616A0A2901D132
:1023C000802106E0616A0B2902D14FF4807100E0A0
:1023D0000121B0FBF1F04000616800EB5100B0FB5F
:1023E000F1F01FFA80F97EE101A8FEF744F90298A6
:1023F000616A09B9012138E0616A012901D102212C
:1024000033E0616A022901D104212EE0616A0329C7
:1024100001D1062129E0616A042901D1082124E0C3
:10242000616A052901D10A211FE0616A062901D1EB
:102430000C211AE0616A072901D1102115E0616AB7
:10244000082901D1202110E0616A092901D1402128
:102450000BE0616A0A2901D1802106E0616A0B293B
:1024600002D14FF4807100E00121B0FBF1F0400097
:10247000616800EB5100B0FBF1F01FFA80F932E126
:10248000F9480068C0F3401088B3F7480068C0F30B
:10249000C101F648C840616A09B9012139E0616AA1
:1024A000012901D1022134E0616A022901D104210C
:1024B0002FE0616A032901D106212AE0616A04291B
:1024C00001D1082125E0616A052901D10A2120E016
:1024D000616A062901D10C211BE0616A072901D13B
:1024E000102116E0616A082902D1202111E01BE0C9
:1024F000616A092901D140210BE0616A0A2901D1F1
:10250000802106E0616A0B2902D14FF4807100E05E
:102510000121B0FBF1F04000616800EB5100B0FB1D
:10252000F1F01FFA80F947E0606A08B9012038E04D
:10253000606A012801D1022033E0606A022801D1DB
:1025400004202EE0606A032801D1062029E0606A99
:10255000042801D1082024E0606A052801D10A205E
:102560001FE0606A062801D10C201AE0606A072883
:1025700001D1102015E0606A082801D1202010E068
:10258000606A092801D140200BE0606A0A2801D165
:10259000802006E0606A0B2802D14FF4807000E0D2
:1025A0000120B249B1FBF0F04000616800EB51003E
:1025B000B0FBF1F01FFA80F995E0606A08B90120DC
:1025C00038E0606A012801D1022033E0606A022805
:1025D00001D104202EE0606A032801D1062029E001
:1025E000606A042801D1082024E0606A052801D12E
:1025F0000A201FE0606A062801D10C201AE0606AF8
:10260000072801D1102015E0606A082801D1202098
:1026100010E0606A092801D140200BE0606A0A28B6
:1026200001D1802006E0606A0B2802D14FF480704F
:1026300000E001208E49B1FBF0F04000616800EB42
:102640005100B0FBF1F01FFA80F94CE0606A08B964
:10265000012038E0606A012801D1022033E0606A7D
:10266000022801D104202EE0606A032801D106204F
:1026700029E0606A042801D1082024E0606A052866
:1026800001D10A201FE0606A062801D10C201AE05F
:10269000606A072801D1102015E0606A082801D17E
:1026A000202010E0606A092801D140200BE0606A18
:1026B0000A2801D1802006E0606A0B2802D14FF47D
:1026C000807000E001204FF40041B1FBF0F04000C9
:1026D000616800EB5100B0FBF1F01FFA80F902E0F5
:1026E0000120079000BF00BFB9F1100F10D3B9F55A
:1026F000803F0DD24FF6F07009EA00000890C9F350
:10270000420108980843089008982168C86083E24D
:102710000120079080E2082D72D005DC5DB1012D0B
:1027200053D0042D6DD1A5E0102D6BD0202D6AD093
:10273000402D66D117E2FDF7A8FF8046606A08B910
:10274000012038E0606A012801D1022033E0606A8C
:10275000022801D104202EE0606A032801D106205E
:1027600029E0606A042801D1082024E0606A052875
:1027700001D10A201FE0606A062801D10C201AE06E
:10278000606A072801D1102015E0606A082801D18D
:10279000202010E0606A092801D140200BE0606A27
:1027A0000A2801D1802006E0606A0B2802D14FF48C
:1027B000807000E00120B8FBF0F0616800EB510090
:1027C000B0FBF1F01FFA80F919E2FDF763FF8046D4
:1027D000606A08B901203CE0606A012801D102204A
:1027E00037E0606A022801D1042032E0606A0328E1
:1027F00001D106202DE0606A042805D1082028E0D8
:1028000083E0F9E1CCE066E1606A052801D10A20A5
:102810001FE0606A062801D10C201AE0606A0728D0
:1028200001D1102015E0606A082801D1202010E0B5
:10283000606A092801D140200BE0606A0A2801D1B2
:10284000802006E0606A0B2802D14FF4807000E01F
:102850000120B8FBF0F0616800EB5100B0FBF1F033
:102860001FFA80F9CBE10000004402580090D00329
:1028700000093D0004A8FDF7F9FE0598616A09B951
:10288000012138E0616A012901D1022133E0616A46
:10289000022901D104212EE0616A032901D1062118
:1028A00029E0616A042901D1082124E0616A05292F
:1028B00001D10A211FE0616A062901D10C211AE029
:1028C000616A072901D1102115E0616A082901D147
:1028D000202110E0616A092901D140210BE0616AE1
:1028E0000A2901D1802106E0616A0B2902D14FF447
:1028F000807100E00121B0FBF1F0616800EB510054
:10290000B0FBF1F01FFA80F979E101A8FDF7B3FE01
:102910000298616A09B9012138E0616A012901D18F
:10292000022133E0616A022901D104212EE0616AAB
:10293000032901D1062129E0616A042901D1082176
:1029400024E0616A052901D10A211FE0616A062994
:1029500001D10C211AE0616A072901D1102115E08B
:10296000616A082901D1202110E0616A092901D199
:1029700040210BE0616A0A2901D1802106E0616AE9
:102980000B2902D14FF4807100E00121B0FBF1F07E
:10299000616800EB5100B0FBF1F01FFA80F92EE105
:1029A000A3480068C0F3401088B3A1480068C0F392
:1029B000C101A048C840616A09B9012139E0616AD2
:1029C000012901D1022134E0616A022901D10421E7
:1029D0002FE0616A032901D106212AE0616A0429F6
:1029E00001D1082125E0616A052901D10A2120E0F1
:1029F000616A062901D10C211BE0616A072901D116
:102A0000102116E0616A082902D1202111E01AE0A4
:102A1000616A092901D140210BE0616A0A2901D1CB
:102A2000802106E0616A0B2902D14FF4807100E039
:102A30000121B0FBF1F0616800EB5100B0FBF1F057
:102A40001FFA80F946E0606A08B9012038E0606A40
:102A5000012801D1022033E0606A022801D104205C
:102A60002EE0606A032801D1062029E0606A04286C
:102A700001D1082024E0606A052801D10A201FE066
:102A8000606A062801D10C201AE0606A072801D18B
:102A9000102015E0606A082801D1202010E0606A4B
:102AA000092801D140200BE0606A0A2801D180206A
:102AB00006E0606A0B2802D14FF4807000E001202C
:102AC0005C49B1FBF0F0616800EB5100B0FBF1F044
:102AD0001FFA80F993E0606A08B9012038E0606A63
:102AE000012801D1022033E0606A022801D10420CC
:102AF0002EE0606A032801D1062029E0606A0428DC
:102B000001D1082024E0606A052801D10A201FE0D5
:102B1000606A062801D10C201AE0606A072801D1FA
:102B2000102015E0606A082801D1202010E0606ABA
:102B3000092801D140200BE0606A0A2801D18020D9
:102B400006E0606A0B2802D14FF4807000E001209B
:102B50003949B1FBF0F0616800EB5100B0FBF1F0D6
:102B60001FFA80F94BE0606A08B9012038E0606A1A
:102B7000012801D1022033E0606A022801D104203B
:102B80002EE0606A032801D1062029E0606A04284B
:102B900001D1082024E0606A052801D10A201FE045
:102BA000606A062801D10C201AE0606A072801D16A
:102BB000102015E0606A082801D1202010E0606A2A
:102BC000092801D140200BE0606A0A2801D1802049
:102BD00006E0606A0B2802D14FF4807000E001200B
:102BE0004FF40041B1FBF0F0616800EB5100B0FB25
:102BF000F1F01FFA80F902E00120079000BF00BF4A
:102C0000B9F1100F06D3B9F5803F03D22068C0F8A0
:102C10000C9001E0012007900120A4F86A00A4F8BC
:102C200068000020E0662067079809B0BDE8F08FD3
:102C3000004402580090D00300093D002DE9F04106
:102C400004460D4617469846069E4AE0701C00282A
:102C500047D0FDF7FCFCA0EB0800B04200D8C6B995
:102C60002068006820F4D0702168086020688068BF
:102C700020F00100216888602020C4F88000C4F89A
:102C8000840000BF002084F87C0000BF0320BDE862
:102C9000F0812068006800F0040010B32068C0696B
:102CA000C0F3C020E8B14FF40060216808622068DA
:102CB000006820F4D070216808602068806820F0E7
:102CC0000100216888602020C4F88000C4F88400D6
:102CD000C4F8880000BF002084F87C0000BF0320F7
:102CE000D5E72068C0692840A84201D1012000E052
:102CF0000020B842AAD00020C9E700BFFEE70000CC
:102D000070B505460C460748074908600846446008
:102D100000218160C5600161FDF713FE0248FDF7E7
:102D20004FFE70BD00040040C40200242DE9F047AE
:102D300007463E462EB940F275521DA125A0FDF76B
:102D4000CFF928480068864201D100242DE004F024
:102D500027FC75692448D0F800802448D0F80090FA
:102D600004F06EFC454501D04D4501D102241CE024
:102D70001F48854212D1B06A70B90324002007E0D1
:102D800006F15C01095C012901D1022402E0401C2A
:102D90000128F5DB00BF08E0022406E01548854263
:102DA00000D00DB9042400E001242046BDE8F087DE
:102DB0002E2E5C2E2E5C4D6964646C6577617265A5
:102DC000735C4672656552544F535C7461736B73E8
:102DD0002E6300004572726F723A2025732C2025F5
:102DE000640D0A008C00002490000024940000244C
:102DF000508007243C8007240EB54FF4784036A15C
:102E000020221346CDE900210290DC220A21084647
:102E100003F0AAF84FF4784031A118221346CDE907
:102E200000210290DC222F210A2003F09DF84FF4AC
:102E3000784030A110221346CDE900210290DC2217
:102E40004C210A2003F090F800204FF49D73732268
:102E50006E210090052000F027FA00204FF49D73AA
:102E6000EA226E2100907D2000F01EFA00208223CD
:102E7000732219460090052000F0B0F9002082234B
:102E8000EA22194600907D2000F0A8F91F201DA11C
:102E900010221346CDE9002102906E226F210F20EF
:102EA00003F062F81F201AA110221346CDE9002179
:102EB00002906E226F21872003F056F817480121F7
:102EC00000238022CDE9001015A1184805F08EFAE4
:102ED00004F0E6FE0EBD000053544D3332000000F6
:102EE0004765742052756E2054696D652053746176
:102EF0007473000041544F4D40414C49454E544578
:102F00004B0000005461736B313A203030300000C8
:102F10005461736B323A20303030000008000024D6
:102F200073746172745F7461736B0000B5720090AA
:102F300000B587B000BF00BF2548006840F0010021
:102F4000234908600846006800F00100019000BFB6
:102F500000BF00BF00BF00BF0846006840F001008E
:102F600008600846006800F00100019000BF00BF43
:102F700000BF00BF00BF0846006840F001000860C5
:102F80000846006800F00100019000BF00BF00BFCC
:102F9000022002900020039001200490032005905D
:102FA00002A90C48FDF730FB4FF4004002900120CD
:102FB000049002A90748FDF727FB01200290022098
:102FC000049002A90348FDF71FFB07B000BD0000F5
:102FD000E04402580000025870B50446002514B1C0
:102FE0000120234908702248007858B30221214863
:102FF000FDF755FB58B14FF400411E48FDF74FFB5C
:1030000028B101211B48FDF74AFB01281AD10A20EB
:10301000FDF718FB00201649087002211548FDF73E
:103020003EFB00B901254FF400411248FDF737FB84
:1030300000B9022501210F48FDF731FB012815D108
:10304000032513E002210B48FDF729FB01280DD1D0
:10305000C1030848FDF723FB012807D101210548DA
:10306000FDF71DFB10B9012001490870284670BD0D
:10307000450000240000025870B5044600260948A7
:103080000588408845430021084602F03DFE03F0D4
:1030900043F800BF02E004480480761CAE42FAD335
:1030A00070BD0000B40200240000106010B504469A
:1030B00049488471002C45D1F020474908804FF4DD
:1030C000A07048800846808845F21051884210D18F
:1030D0004FF43050404908814FF4285048814FF454
:1030E0002C5088814FF4F07008804FF4487048806D
:1030F0001AE03948808841F6631188420DD12C20AE
:10310000354908812B2048812A2088814FF4F070AE
:1031100008804FF44870488006E02C202E49088132
:103120002A2048812B2088812B48808845F2103145
:1031300088424CD14FF4A070274908804FF4F070BA
:10314000488044E04FF4A07023490880F020488074
:103150000846808845F21051884210D14FF4305013
:103160001D4908814FF4285048814FF42C50888124
:103170004FF4487008804FF4F07048801AE0164809
:10318000808841F6631188420DD12C2012490881B4
:103190002A2048812B2088814FF4487008804FF402
:1031A000F070488006E02C200B4908812A204881D5
:1031B0002B2088810848808845F21031884206D14A
:1031C0004FF4F070044908804FF4A070488000204C
:1031D00002F082FC10BD0000B40200242DE9FF4F74
:1031E00084B081468A460020029083460698A0EB70
:1031F00009050798A0EB0A06CDF80490CDF800A0C9
:10320000002D01DD012705E00DB9002702E04FF098
:10321000FF376D42002E02DD4FF0010806E016B9BF
:103220004FF0000802E04FF0FF387642B54201DD72
:103230002C4600E03446002003901EE0009A91B234
:10324000019A90B2119A00F01FF802982844029057
:10325000B3440298A04205DD0298001B0290019839
:1032600038440190A34504DDABEB040B00984044C7
:1032700000900398401C80B20390611C0398884220
:10328000DCDD08B0BDE8F08F70B505460E4614468B
:103290003146284602F038FD02F03EFF01490C801D
:1032A00070BD0000000010602DE9F84105460E4693
:1032B00017469846079C33463A46314628460094BE
:1032C000FFF78CFF43462A46314628460094FFF715
:1032D00085FF43463A46414628460094FFF77EFF65
:1032E00043463A46314638460094FFF777FFBDE83B
:1032F000F88110B5CF2002F003FF002002F0F4FEA9
:10330000C12002F0F1FE302002F0EEFEED2002F0CE
:10331000F7FE642002F0E8FE032002F0E5FE122032
:1033200002F0E2FE812002F0DFFEE82002F0E8FE7B
:10333000852002F0D9FE102002F0D6FE7A2002F09D
:10334000D3FECB2002F0DCFE392002F0CDFE2C2093
:1033500002F0CAFE002002F0C7FE342002F0C4FED4
:10336000022002F0C1FEF72002F0CAFE202002F087
:10337000BBFEEA2002F0C4FE002002F0B5FE0020F1
:1033800002F0B2FEC02002F0BBFE1B2002F0ACFE39
:10339000C12002F0B5FE012002F0A6FEC52002F019
:1033A000AFFE302002F0A0FE302002F09DFEC720CC
:1033B00002F0A6FEB72002F097FE362002F0A0FE33
:1033C000482002F091FE3A2002F09AFE552002F0C9
:1033D0008BFEB12002F094FE002002F085FE1A2040
:1033E00002F082FEB62002F08BFE0A2002F07CFE84
:1033F000A22002F079FEF22002F082FE002002F00C
:1034000073FE262002F07CFE012002F06DFEE0201B
:1034100002F076FE0F2002F067FE2A2002F064FE22
:10342000282002F061FE082002F05EFE0E2002F06D
:103430005BFE082002F058FE542002F055FEA92041
:1034400002F052FE432002F04FFE0A2002F04CFE32
:103450000F2002F049FE002002F046FE002002F09C
:1034600043FE002002F040FE002002F03DFEE1207D
:1034700002F046FE002002F037FE152002F034FE76
:10348000172002F031FE072002F02EFE112002F07C
:103490002BFE062002F028FE2B2002F025FE5620EF
:1034A00002F022FE3C2002F01FFE052002F01CFE6E
:1034B000102002F019FE0F2002F016FE3F2002F04D
:1034C00013FE3F2002F010FE0F2002F00DFE2B2015
:1034D00002F016FE002002F007FE002002F004FEBB
:1034E000012002F001FE3F2002F0FEFD2A2002F042
:1034F00007FE002002F0F8FD002002F0F5FD00209C
:1035000002F0F2FDEF2002F0EFFD112002F0F8FDD5
:103510007820FDF797F8292002F0F2FD10BD10B5D4
:10352000ED2002F0EDFD012002F0DEFDFE2002F0B4
:10353000DBFDEE2002F0E4FDDE2002F0D5FD2120CF
:1035400002F0D2FDF12002F0DBFD012002F0CCFD03
:10355000DF2002F0D5FD102002F0C6FDC42002F0ED
:10356000CFFD8F2002F0C0FDC62002F0C9FD002073
:1035700002F0BAFDE22002F0B7FDE22002F0B4FD55
:10358000E22002F0B1FDBF2002F0BAFDAA2002F055
:10359000ABFDB02002F0B4FD0D2002F0A5FD00202F
:1035A00002F0A2FD0D2002F09FFD002002F09CFD24
:1035B000112002F099FD002002F096FD192002F082
:1035C00093FD002002F090FD212002F08DFD0020EF
:1035D00002F08AFD2D2002F087FD002002F084FD1C
:1035E0003D2002F081FD002002F07EFD5D2002F012
:1035F0007BFD002002F078FD5D2002F075FD0020CB
:1036000002F072FDB12002F07BFD802002F06CFD23
:10361000002002F069FD8B2002F066FD002002F020
:1036200063FD962002F060FD002002F05DFDB220F7
:1036300002F066FD002002F057FD002002F054FD6C
:10364000022002F051FD002002F04EFD032002F0A6
:103650004BFD002002F048FDB32002F051FD002098
:1036600002F042FD002002F03FFD002002F03CFD90
:10367000002002F039FD002002F036FD002002F0AB
:1036800033FD002002F030FD002002F02DFD00206F
:1036900002F02AFD002002F027FD002002F024FDA8
:1036A000002002F021FD002002F01EFD002002F0AB
:1036B0001BFD002002F018FD002002F015FD002087
:1036C00002F012FD002002F00FFD002002F00CFDC0
:1036D000002002F009FD002002F006FD002002F0AB
:1036E00003FD002002F000FD002002F0FDFCB420EC
:1036F00002F006FD8B2002F0F7FC002002F0F4FC43
:10370000962002F0F1FC002002F0EEFCA12002F075
:10371000EBFC002002F0E8FCB52002F0F1FC0220F6
:1037200002F0E2FC002002F0DFFC032002F0DCFCEF
:10373000002002F0D9FC042002F0D6FC002002F0A8
:10374000D3FCB62002F0DCFC002002F0CDFC00200F
:1037500002F0CAFCB72002F0D3FC002002F0C4FC47
:10376000002002F0C1FC3F2002F0BEFC002002F06D
:10377000BBFC5E2002F0B8FC002002F0B5FC642027
:1037800002F0B2FC002002F0AFFC8C2002F0ACFC96
:10379000002002F0A9FCAC2002F0A6FC002002F000
:1037A000A3FCDC2002F0A0FC002002F09DFC7020B5
:1037B00002F09AFC002002F097FC902002F094FCAA
:1037C000002002F091FCEB2002F08EFC002002F0C1
:1037D0008BFCDC2002F088FC002002F085FCB82085
:1037E00002F08EFC002002F07FFC002002F07CFC46
:1037F000002002F079FC002002F076FC002002F0AC
:1038000073FC002002F070FC002002F06DFC002030
:1038100002F06AFCBA2002F073FC242002F064FC7F
:10382000002002F061FC002002F05EFC002002F0AB
:103830005BFCC12002F064FC202002F055FC00205B
:1038400002F052FC542002F04FFC002002F04CFC2D
:10385000FF2002F049FC002002F046FCC22002F0EA
:103860004FFC0A2002F040FC002002F03DFC042046
:1038700002F03AFC002002F037FCC32002F040FCCA
:103880003C2002F031FC002002F02EFC3A2002F035
:103890002BFC002002F028FC392002F025FC00203F
:1038A00002F022FC372002F01FFC002002F01CFC7A
:1038B0003C2002F019FC002002F016FC362002F039
:1038C00013FC002002F010FC322002F00DFC00205E
:1038D00002F00AFC2F2002F007FC002002F004FC9A
:1038E0002C2002F001FC002002F0FEFB292002F057
:1038F000FBFB002002F0F8FB262002F0F5FB002085
:1039000002F0F2FB242002F0EFFB002002F0ECFBBF
:10391000242002F0E9FB002002F0E6FB232002F065
:10392000E3FB002002F0E0FB3C2002F0DDFB002086
:1039300002F0DAFB362002F0D7FB002002F0D4FBC5
:10394000322002F0D1FB002002F0CEFB2F2002F04B
:10395000CBFB002002F0C8FB2C2002F0C5FB0020AE
:1039600002F0C2FB292002F0BFFB002002F0BCFBEA
:10397000262002F0B9FB002002F0B6FB242002F062
:10398000B3FB002002F0B0FB242002F0ADFB0020CE
:1039900002F0AAFB232002F0A7FB002002F0A4FB08
:1039A000C42002F0ADFB622002F09EFB002002F07A
:1039B0009BFB052002F098FB002002F095FB842081
:1039C00002F092FB002002F08FFBF02002F08CFB53
:1039D000002002F089FB182002F086FB002002F094
:1039E00083FBA42002F080FB002002F07DFB182066
:1039F00002F07AFB002002F077FB502002F074FB0B
:103A0000002002F071FB0C2002F06EFB002002F09F
:103A10006BFB172002F068FB002002F065FB95208D
:103A200002F062FB002002F05FFBF32002F05CFB7F
:103A3000002002F059FBE62002F056FB002002F0C5
:103A400053FBC52002F05CFB322002F04DFB00204E
:103A500002F04AFB442002F047FB002002F044FB46
:103A6000652002F041FB002002F03EFB762002F0D0
:103A70003BFB002002F038FB882002F035FB0020E1
:103A800002F032FBC62002F03BFB202002F02CFBB0
:103A9000002002F029FB172002F026FB002002F094
:103AA00023FB012002F020FB002002F01DFBC720B9
:103AB00002F026FB002002F017FB002002F014FBAE
:103AC000002002F011FB002002F00EFBC82002F0E3
:103AD00017FB002002F008FB002002F005FB00208D
:103AE00002F002FB002002F0FFFAC92002F008FBFE
:103AF000002002F0F9FA002002F0F6FA002002F0AD
:103B0000F3FA002002F0F0FA002002F0EDFA0020B3
:103B100002F0EAFA002002F0E7FA002002F0E4FAEC
:103B2000002002F0E1FA002002F0DEFA002002F0AC
:103B3000DBFA002002F0D8FA002002F0D5FA0020CB
:103B400002F0D2FA002002F0CFFA002002F0CCFA04
:103B5000E02002F0D5FA162002F0C6FA002002F0AA
:103B6000C3FA1C2002F0C0FA002002F0BDFA2120A6
:103B700002F0BAFA002002F0B7FA362002F0B4FAE6
:103B8000002002F0B1FA462002F0AEFA002002F066
:103B9000ABFA522002F0A8FA002002F0A5FA642045
:103BA00002F0A2FA002002F09FFA7A2002F09CFABA
:103BB000002002F099FA8B2002F096FA002002F021
:103BC00093FA992002F090FA002002F08DFAA820D2
:103BD00002F08AFA002002F087FAB92002F084FA93
:103BE000002002F081FAC42002F07EFA002002F0E8
:103BF0007BFACA2002F078FA002002F075FAD2208F
:103C000002F072FA002002F06FFAD92002F06CFA8A
:103C1000002002F069FAE02002F066FA002002F0CB
:103C200063FAF32002F060FA002002F05DFAE1206E
:103C300002F066FA162002F057FA002002F054FA59
:103C40001C2002F051FA002002F04EFA222002F06D
:103C50004BFA002002F048FA362002F045FA002024
:103C600002F042FA452002F03FFA002002F03CFA4E
:103C7000522002F039FA002002F036FA642002F0F5
:103C800033FA002002F030FA7A2002F02DFA0020F8
:103C900002F02AFA8B2002F027FA002002F024FA20
:103CA000992002F021FA002002F01EFAA82002F06A
:103CB0001BFA002002F018FAB92002F015FA0020D1
:103CC00002F012FAC42002F00FFA002002F00CFAFF
:103CD000CA2002F009FA002002F006FAD22002F00F
:103CE00003FA002002F000FAD82002F0FDF90020CB
:103CF00002F0FAF9E02002F0F7F9002002F0F4F9FE
:103D0000F32002F0F1F9002002F0EEF9E22002F0D7
:103D1000F7F9052002F0E8F9002002F0E5F90B20A0
:103D200002F0E2F9002002F0DFF91B2002F0DCF9DA
:103D3000002002F0D9F9342002F0D6F9002002F078
:103D4000D3F9442002F0D0F9002002F0CDF94F2041
:103D500002F0CAF9002002F0C7F9612002F0C4F9AC
:103D6000002002F0C1F9792002F0BEF9002002F033
:103D7000BBF9882002F0B8F9002002F0B5F99720CD
:103D800002F0B2F9002002F0AFF9A62002F0ACF97F
:103D9000002002F0A9F9B72002F0A6F9002002F0F5
:103DA000A3F9C22002F0A0F9002002F09DF9C7207B
:103DB00002F09AF9002002F097F9D12002F094F96C
:103DC000002002F091F9D62002F08EF9002002F0D6
:103DD0008BF9DD2002F088F9002002F085F9F3204C
:103DE00002F082F9002002F07FF9E32002F088F966
:103DF000052002F079F9002002F076F90A2002F09D
:103E000073F9002002F070F91C2002F06DF9002017
:103E100002F06AF9332002F067F9002002F064F939
:103E2000442002F061F9002002F05EF9502002F017
:103E30005BF9002002F058F9622002F055F90020E9
:103E400002F052F9782002F04FF9002002F04CF90C
:103E5000882002F049F9002002F046F9972002F08C
:103E600043F9002002F040F9A62002F03DF90020BD
:103E700002F03AF9B72002F037F9002002F034F9E5
:103E8000C22002F031F9002002F02EF9C72002F022
:103E90002BF9002002F028F9D12002F025F90020AA
:103EA00002F022F9D52002F01FF9002002F01CF9DF
:103EB000DD2002F019F9002002F016F9F32002F0DB
:103EC00013F9002002F010F9E42002F019F90120A2
:103ED00002F00AF9002002F007F9012002F004F9CB
:103EE000002002F001F9022002F0FEF8002002F0AA
:103EF000FBF82A2002F0F8F8002002F0F5F83C2048
:103F000002F0F2F8002002F0EFF84B2002F0ECF89B
:103F1000002002F0E9F85D2002F0E6F8002002F04F
:103F2000E3F8742002F0E0F8002002F0DDF88420CD
:103F300002F0DAF8002002F0D7F8932002F0D4F86B
:103F4000002002F0D1F8A22002F0CEF8002002F00A
:103F5000CBF8B32002F0C8F8002002F0C5F8BE206C
:103F600002F0C2F8002002F0BFF8C42002F0BCF852
:103F7000002002F0B9F8CD2002F0B6F8002002F0DF
:103F8000B3F8D32002F0B0F8002002F0ADF8DD2045
:103F900002F0AAF8002002F0A7F8F32002F0A4F83B
:103FA000002002F0A1F8E52002F0AAF8002002F0BB
:103FB0009BF8002002F098F8002002F095F800200D
:103FC00002F092F8022002F08FF8002002F08CF844
:103FD000292002F089F8002002F086F83C2002F047
:103FE00083F8002002F080F84B2002F07DF80020DA
:103FF00002F07AF85D2002F077F8002002F074F801
:10400000742002F071F8002002F06EF8842002F0B3
:104010006BF8002002F068F8932002F065F80020A9
:1040200002F062F8A22002F05FF8002002F05CF8D3
:10403000B32002F059F8002002F056F8BE2002F03A
:1040400053F8002002F050F8C42002F04DF8002090
:1040500002F04AF8CD2002F047F8002002F044F8C0
:10406000D32002F041F8002002F03EF8DC2002F0FC
:104070003BF8002002F038F8F32002F035F8002079
:1040800002F032F8E62002F03BF8112002F02CF8A2
:10409000002002F029F8342002F026F8002002F077
:1040A00023F8562002F020F8002002F01DF87620B8
:1040B00002F01AF8002002F017F8772002F014F846
:1040C000002002F011F8662002F00EF8002002F045
:1040D0000BF8882002F008F8002002F005F899207B
:1040E00002F002F8002001F0FFFFBB2001F0FCFF0E
:1040F000002001F0F9FF992001F0F6FF002001F007
:10410000F3FF662001F0F0FF002001F0EDFF5520E5
:1041100001F0EAFF002001F0E7FF552001F0E4FF85
:10412000002001F0E1FF452001F0DEFF002001F05A
:10413000DBFF432001F0D8FF002001F0D5FF442031
:1041400001F0D2FF002001F0CFFFE72001F0D8FFFF
:10415000322001F0C9FF002001F0C6FF552001F018
:10416000C3FF002001F0C0FF762001F0BDFF00205A
:1041700001F0BAFF662001F0B7FF002001F0B4FFA4
:10418000672001F0B1FF002001F0AEFF672001F0D1
:10419000ABFF002001F0A8FF872001F0A5FF002061
:1041A00001F0A2FF992001F09FFF002001F09CFF89
:1041B000BB2001F099FF002001F096FF992001F04B
:1041C00093FF002001F090FF772001F08DFF002089
:1041D00001F08AFF442001F087FF002001F084FFF6
:1041E000562001F081FF002001F07EFF232001F026
:1041F0007BFF002001F078FF332001F075FF0020E5
:1042000001F072FF452001F06FFF002001F06CFF0C
:10421000E82001F075FF002001F066FF002001F0AA
:1042200063FF992001F060FF002001F05DFF87200F
:1042300001F05AFF002001F057FF882001F054FFE1
:10424000002001F051FF772001F04EFF002001F027
:104250004BFF662001F048FF002001F045FF882059
:1042600001F042FF002001F03FFFAA2001F03CFFD7
:10427000002001F039FFBB2001F036FF002001F0E3
:1042800033FF992001F030FF002001F02DFF662060
:1042900001F02AFF002001F027FF552001F024FF44
:1042A000002001F021FF552001F01EFF002001F049
:1042B0001BFF442001F018FF002001F015FF4420EF
:1042C00001F012FF002001F00FFF552001F00CFF5C
:1042D000002001F009FFE92001F012FFAA2001F0FF
:1042E00003FF002001F000FF002001F0FDFE002090
:1042F00001F0FAFE002001F003FFAA2001F0F4FE15
:10430000CF2001F0FDFE002001F0EEFE002001F0C4
:10431000EBFE002001F0E8FE002001F0E5FE0020A9
:1043200001F0E2FE002001F0DFFE002001F0DCFEE3
:10433000002001F0D9FE002001F0D6FE002001F09F
:10434000D3FE002001F0D0FE002001F0CDFE0020C1
:1043500001F0CAFE002001F0C7FE002001F0C4FEFB
:10436000002001F0C1FE002001F0BEFEF02001F0AF
:10437000C7FE002001F0B8FE502001F0B5FE00207D
:1043800001F0B2FE002001F0AFFE002001F0ACFE13
:10439000F32001F0B5FE002001F0A6FEF92001F0A7
:1043A000AFFE062001F0A0FE102001F09DFE2920A6
:1043B00001F09AFE002001F097FE3A2001F0A0FEE5
:1043C000552001F091FE112001F09AFE6420FCF7C7
:1043D00039F9292001F094FE352001F091FE0020EA
:1043E00001F082FE512001F08BFEFF2001F07CFEE7
:1043F000532001F085FE2C2001F076FE552001F0BF
:104400007FFE822001F070FE2C2001F079FE10BDAD
:1044100010B555214FF4704001F088FEAA214FF2EB
:10442000010001F083FE52214FF2020001F07EFEF6
:1044300008214FF2030001F079FE01214FF2040040
:1044400001F074FE0D214FF4304001F06FFE0D219C
:104450004BF2010001F06AFE0D214BF2020001F067
:1044600065FE34214FF4364001F060FE34214BF2FA
:10447000016001F05BFE34214BF2026001F056FE58
:104480000D214FF4314001F051FE0D214BF201108E
:1044900001F04CFE0D214BF2021001F047FE3421D9
:1044A0004FF4374001F042FE34214BF2017001F02D
:1044B0003DFE34214BF2027001F038FE00214FF432
:1044C000324001F033FE00214BF2012001F02EFEBC
:1044D00000214BF2022001F029FE24214FF4384044
:1044E00001F024FE24214BF6010001F01FFE2421DF
:1044F0004BF6020001F01AFE01214FF43F4001F09B
:1045000015FE0F214FF4334001F010FE0F214BF246
:10451000013001F00BFE0F214BF2023001F006FEDC
:1045200034214FF4394001F001FE34214BF60110E3
:1045300001F0FCFD34214BF6021001F0F7FD0821DB
:104540004FF4354001F0F2FD08214BF2015001F02B
:10455000EDFD08214BF2025001F0E8FD03214FF47C
:10456000424001F0E3FD24214FF43A4001F0DEFD2A
:1045700024214BF6012001F0D9FD24214BF6022025
:1045800001F0D4FD00214FF43C4001F0CFFD782133
:104590004BF6014001F0CAFD00214BF6024001F04C
:1045A000C5FD00214FF43D4001F0C0FD78214BF6E0
:1045B000015001F0BBFD00214BF6025001F0B6FDA9
:1045C00000214FF43E4001F0B1FD64214BF6016043
:1045D00001F0ACFD00214FF4514001F0A7FD332163
:1045E0004DF2011001F0A2FD00214DF2021001F088
:1045F0009DFD34214DF2031001F098FD00214DF294
:10460000041001F093FD3A214DF2051001F08EFDEA
:1046100000214DF2061001F089FD4A214DF20710EC
:1046200001F084FD00214DF2081001F07FFD5C21B6
:104630004DF2091001F07AFD00214DF20A1001F04F
:1046400075FD81214DF20B1001F070FD00214DF23E
:104650000C1001F06BFDA6214DF20D1001F066FD6E
:1046600000214DF20E1001F061FDE5214DF20F1019
:1046700001F05CFD01214DF2101001F057FD1321F6
:104680004DF2111001F052FD01214DF2121001F016
:104690004DFD54214DF2131001F048FD01214DF262
:1046A000141001F043FD82214DF2151001F03EFD82
:1046B00001214DF2161001F039FDCA214DF21710FB
:1046C00001F034FD02214DF2181001F02FFD002100
:1046D0004DF2191001F02AFD02214DF21A1001F0DD
:1046E00025FD01214DF21B1001F020FD02214DF2AC
:1046F0001C1001F01BFD34214DF21D1001F016FDC0
:1047000002214DF21E1001F011FD67214DF21F1024
:1047100001F00CFD02214DF2201001F007FD842173
:104720004DF2211001F002FD02214DF2221001F0A4
:10473000FDFCA4214DF2231001F0F8FC02214DF202
:10474000241001F0F3FCB7214DF2251001F0EEFC2E
:1047500002214DF2261001F0E9FCCF214DF2271085
:1047600001F0E4FC02214DF2281001F0DFFCDE2113
:104770004DF2291001F0DAFC02214DF22A1001F06D
:10478000D5FCF2214DF22B1001F0D0FC02214DF2AC
:104790002C1001F0CBFCFE214DF22D1001F0C6FCD7
:1047A00003214DF22E1001F0C1FC10214DF22F100B
:1047B00001F0BCFC03214DF2301001F0B7FC3321B5
:1047C0004DF2311001F0B2FC03214DF2321001F034
:1047D000ADFC6D214DF2331001F0A8FC00214FF427
:1047E000524001F0A3FC33214DF2012001F09EFC68
:1047F00000214DF2022001F099FC34214DF20320FA
:1048000001F094FC00214DF2042001F08FFC3A21CC
:104810004DF2052001F08AFC00214DF2062001F046
:1048200085FC4A214DF2072001F080FC00214DF269
:10483000082001F07BFC5C214DF2092001F076FCA0
:1048400000214DF20A2001F071FC81214DF20B2074
:1048500001F06CFC00214DF20C2001F067FCA62158
:104860004DF20D2001F062FC00214DF20E2001F00E
:104870005DFCE5214DF20F2001F058FC01214DF2C5
:10488000102001F053FC13214DF2112001F04EFCD9
:1048900001214DF2122001F049FC54214DF2132068
:1048A00001F044FC01214DF2142001F03FFC822173
:1048B0004DF2152001F03AFC01214DF2162001F0D5
:1048C00035FCCA214DF2172001F030FC02214DF2D7
:1048D000182001F02BFC00214DF2192001F026FCDC
:1048E00002214DF21A2001F021FC01214DF21B2082
:1048F00001F01CFC02214DF21C2001F017FC3421B8
:104900004DF21D2001F012FC02214DF21E2001F09B
:104910000DFC67214DF21F2001F008FC02214DF231
:10492000202001F003FC84214DF2212001F0FEFB48
:1049300002214DF2222001F0F9FBA4214DF22320A7
:1049400001F0F4FB02214DF2242001F0EFFBB7212E
:104950004DF2252001F0EAFB02214DF2262001F064
:10496000E5FBCF214DF2272001F0E0FB02214DF2C3
:10497000282001F0DBFBDE214DF2292001F0D6FBDF
:1049800002214DF22A2001F0D1FBF2214DF22B2021
:1049900001F0CCFB02214DF22C2001F0C7FBFE21DF
:1049A0004DF22D2001F0C2FB03214DF22E2001F02B
:1049B000BDFB10214DF22F2001F0B8FB03214DF279
:1049C000302001F0B3FB33214DF2312001F0AEFB7A
:1049D00003214DF2322001F0A9FB6D214DF233206D
:1049E00001F0A4FB00214FF4534001F09FFB332161
:1049F0004DF2013001F09AFB00214DF2023001F03E
:104A000095FB34214DF2033001F090FB00214DF273
:104A1000043001F08BFB3A214DF2053001F086FBAA
:104A200000214DF2063001F081FB4A214DF20730A2
:104A300001F07CFB00214DF2083001F077FB5C2196
:104A40004DF2093001F072FB00214DF20A3001F005
:104A50006DFB81214DF20B3001F068FB00214DF21E
:104A60000C3001F063FBA6214DF20D3001F05EFB2E
:104A700000214DF20E3001F059FBE5214DF20F30CF
:104A800001F054FB01214DF2103001F04FFB1321D6
:104A90004DF2113001F04AFB01214DF2123001F0CC
:104AA00045FB54214DF2133001F040FB01214DF242
:104AB000143001F03BFB82214DF2153001F036FB42
:104AC00001214DF2163001F031FBCA214DF21730B1
:104AD00001F02CFB02214DF2183001F027FB0021E0
:104AE0004DF2193001F022FB02214DF21A3001F093
:104AF0001DFB01214DF21B3001F018FB02214DF28C
:104B00001C3001F013FB34214DF21D3001F00EFB7F
:104B100002214DF21E3001F009FB67214DF21F30DA
:104B200001F004FB02214DF2203001F0FFFA842154
:104B30004DF2213001F0FAFA02214DF2223001F05B
:104B4000F5FAA4214DF2233001F0F0FA02214DF2E2
:104B5000243001F0EBFAB7214DF2253001F0E6FAEE
:104B600002214DF2263001F0E1FACF214DF227303B
:104B700001F0DCFA02214DF2283001F0D7FADE21F3
:104B80004DF2293001F0D2FA02214DF22A3001F023
:104B9000CDFAF2214DF22B3001F0C8FA02214DF28C
:104BA0002C3001F0C3FAFE214DF22D3001F0BEFA97
:104BB00003214DF22E3001F0B9FA10214DF22F30C1
:104BC00001F0B4FA03214DF2303001F0AFFA332195
:104BD0004DF2313001F0AAFA03214DF2323001F0EA
:104BE000A5FA6D214DF2333001F0A0FA00214FF407
:104BF000544001F09BFA33214DF2014001F096FA46
:104C000000214DF2024001F091FA34214DF20340AF
:104C100001F08CFA00214DF2044001F087FA3A21AC
:104C20004DF2054001F082FA00214DF2064001F0FC
:104C30007DFA4A214DF2074001F078FA00214DF249
:104C4000084001F073FA5C214DF2094001F06EFA60
:104C500000214DF20A4001F069FA81214DF20B402A
:104C600001F064FA00214DF20C4001F05FFAA62138
:104C70004DF20D4001F05AFA00214DF20E4001F0C4
:104C800055FAE5214DF20F4001F050FA01214DF2A5
:104C9000104001F04BFA13214DF2114001F046FA99
:104CA00001214DF2124001F041FA54214DF213401E
:104CB00001F03CFA01214DF2144001F037FA822153
:104CC0004DF2154001F032FA01214DF2164001F08B
:104CD0002DFACA214DF2174001F028FA02214DF2B7
:104CE000184001F023FA00214DF2194001F01EFA9C
:104CF00002214DF21A4001F019FA01214DF21B4038
:104D000001F014FA02214DF21C4001F00FFA342197
:104D10004DF21D4001F00AFA02214DF21E4001F051
:104D200005FA67214DF21F4001F000FA02214DF211
:104D3000204001F0FBF984214DF2214001F0F6F909
:104D400002214DF2224001F0F1F9A4214DF223405D
:104D500001F0ECF902214DF2244001F0E7F9B7210E
:104D60004DF2254001F0E2F902214DF2264001F01A
:104D7000DDF9CF214DF2274001F0D8F902214DF2A3
:104D8000284001F0D3F9DE214DF2294001F0CEF99F
:104D900002214DF22A4001F0C9F9F2214DF22B40D7
:104DA00001F0C4F902214DF22C4001F0BFF9FE21BF
:104DB0004DF22D4001F0BAF903214DF22E4001F0E1
:104DC000B5F910214DF22F4001F0B0F903214DF259
:104DD000304001F0ABF933214DF2314001F0A6F93A
:104DE00003214DF2324001F0A1F96D214DF2334023
:104DF00001F09CF900214FF4554001F097F933215F
:104E00004DF2015001F092F900214DF2025001F0F3
:104E10008DF934214DF2035001F088F900214DF253
:104E2000045001F083F93A214DF2055001F07EF96A
:104E300000214DF2065001F079F94A214DF2075058
:104E400001F074F900214DF2085001F06FF95C2176
:104E50004DF2095001F06AF900214DF20A5001F0BB
:104E600065F981214DF20B5001F060F900214DF2FE
:104E70000C5001F05BF9A6214DF20D5001F056F9EE
:104E800000214DF20E5001F051F9E5214DF20F5085
:104E900001F04CF901214DF2105001F047F91321B6
:104EA0004DF2115001F042F901214DF2125001F082
:104EB0003DF954214DF2135001F038F901214DF222
:104EC000145001F033F982214DF2155001F02EF902
:104ED00001214DF2165001F029F9CA214DF2175067
:104EE00001F024F902214DF2185001F01FF90021C0
:104EF0004DF2195001F01AF902214DF21A5001F049
:104F000015F901214DF21B5001F010F902214DF26B
:104F10001C5001F00BF934214DF21D5001F006F93F
:104F200002214DF21E5001F001F967214DF21F5090
:104F300001F0FCF802214DF2205001F0F7F8842135
:104F40004DF2215001F0F2F802214DF2225001F011
:104F5000EDF8A4214DF2235001F0E8F802214DF2C2
:104F6000245001F0E3F8B7214DF2255001F0DEF8AE
:104F700002214DF2265001F0D9F8CF214DF22750F1
:104F800001F0D4F802214DF2285001F0CFF8DE21D3
:104F90004DF2295001F0CAF802214DF22A5001F0D9
:104FA000C5F8F2214DF22B5001F0C0F802214DF26C
:104FB0002C5001F0BBF8FE214DF22D5001F0B6F857
:104FC00003214DF22E5001F0B1F810214DF22F5077
:104FD00001F0ACF803214DF2305001F0A7F8332175
:104FE0004DF2315001F0A2F803214DF2325001F0A0
:104FF0009DF86D214DF2335001F098F800214FF4E7
:10500000564001F093F833214DF2016001F08EF823
:1050100000214DF2026001F089F834214DF2036065
:1050200001F084F800214DF2046001F07FF83A218C
:105030004DF2056001F07AF800214DF2066001F0B2
:1050400075F84A214DF2076001F070F800214DF229
:10505000086001F06BF85C214DF2096001F066F820
:1050600000214DF20A6001F061F881214DF20B60E0
:1050700001F05CF800214DF20C6001F057F8A62118
:105080004DF20D6001F052F800214DF20E6001F07A
:105090004DF8E5214DF20F6001F048F801214DF285
:1050A000106001F043F813214DF2116001F03EF859
:1050B00001214DF2126001F039F854214DF21360D4
:1050C00001F034F801214DF2146001F02FF8822133
:1050D0004DF2156001F02AF801214DF2166001F041
:1050E00025F8CA214DF2176001F020F802214DF297
:1050F000186001F01BF800214DF2196001F016F85C
:1051000002214DF21A6001F011F801214DF21B60ED
:1051100001F00CF802214DF21C6001F007F8342177
:105120004DF21D6001F002F802214DF21E6000F008
:10513000FDFF67214DF21F6000F0F8FF02214DF2E4
:10514000206000F0F3FF84214DF2216000F0EEFFBB
:1051500002214DF2226000F0E9FFA4214DF223600C
:1051600000F0E4FF02214DF2246000F0DFFFB721E0
:105170004DF2256000F0DAFF02214DF2266000F0CA
:10518000D5FFCF214DF2276000F0D0FF02214DF274
:10519000286000F0CBFFDE214DF2296000F0C6FF51
:1051A00002214DF22A6000F0C1FFF2214DF22B6086
:1051B00000F0BCFF02214DF22C6000F0B7FFFE2191
:1051C0004DF22D6000F0B2FF03214DF22E6000F091
:1051D000ADFF10214DF22F6000F0A8FF03214DF22A
:1051E000306000F0A3FF33214DF2316000F09EFFEC
:1051F00003214DF2326000F099FF6D214DF23360D2
:1052000000F094FF55214FF4704000F08FFFAA2169
:105210004FF2010000F08AFF52214FF2020000F02D
:1052200085FF08214FF2030000F080FF00214FF2BC
:10523000040000F07BFFCC214FF4314000F076FFFA
:1052400000214BF2011000F071FF05214FF43640B0
:1052500000F06CFF70214FF4374000F067FF7021C1
:105260004BF2017000F062FF01214FF4384000F072
:105270005DFF03214BF6010000F058FF03214BF6C0
:10528000020000F053FF03214BF6030000F04EFF35
:1052900002214FF43C4000F049FF00214BF6014051
:1052A00000F044FF00214BF6024000F03FFFD02108
:1052B0004FF4494000F03AFF02214CF6011000F093
:1052C00035FF50214CF6021000F030FF50214CF613
:1052D000031000F02BFF50214CF6041000F026FFC5
:1052E00000214FF4545000F021FF55214FF4685035
:1052F00000F01CFF4FF4885000F002FF7820FBF70D
:10530000D3F94FF4245000F0FBFE10BD10B5E2209D
:1053100000F0F6FE1D2000F0E7FE022000F0E4FEA3
:10532000042000F0E1FE6420FBF7BEF9E02000F06D
:10533000E7FE012000F0D8FE0A20FBF783F9E02009
:1053400000F0DEFE032000F0CFFE0C20FBF77AF920
:10535000012000F0D5FE0A20FBF774F9E62000F0EA
:10536000CFFE2F2000F0C0FEFF2000F0BDFEFF208A
:1053700000F0BAFEB02000F0C3FE202000F0B4FE22
:10538000002000F0B1FE032000F0AEFE40F21F301E
:1053900000F0AAFE012000F0A7FE40F2DF1000F0AE
:1053A000A3FE002000F0A0FEB42000F0A9FE04201F
:1053B00000F09AFE40F21F4000F096FE002000F040
:1053C00093FE2E2000F090FE002000F08DFE0020C5
:1053D00000F08AFE002000F087FE002000F084FE2E
:1053E000B62000F08DFE022000F07EFE4FF4037028
:1053F00000F07AFE002000F077FE172000F074FE27
:10540000152000F071FE002000F06EFE002000F07C
:105410006BFEF02000F074FE032000F065FE2920F2
:1054200000F06EFED02000F06BFE002000F05CFE6D
:10543000BE2000F065FE052000F056FEFE2000F0C4
:1054400053FE012000F050FE002000F04DFE002031
:1054500000F04AFE002000F047FEB82000F050FEA9
:10546000032000F041FE012000F03EFEBA2000F0D3
:1054700047FE012000F038FE10BD10B5112000F0ED
:105480003FFE7820FBF7DEF8362000F039FE0020E2
:1054900000F02AFE3A2000F033FE052000F024FE42
:1054A000B22000F02DFE0C2000F01EFE0C2000F0BB
:1054B0001BFE002000F018FE332000F015FE332004
:1054C00000F012FEB72000F01BFE352000F00CFEAD
:1054D000BB2000F015FE322000F006FEC02000F0D8
:1054E0000FFE0C2000F000FEC22000F009FE01209B
:1054F00000F0FAFDC32000F003FE102000F0F4FDE0
:10550000C42000F0FDFD202000F0EEFDC62000F0DC
:10551000F7FD0F2000F0E8FDD02000F0F1FDA42001
:1055200000F0E2FDA12000F0DFFDE02000F0E8FD4A
:10553000D02000F0D9FD002000F0D6FD022000F0C0
:10554000D3FD072000F0D0FD0A2000F0CDFD28207B
:1055500000F0CAFD322000F0C7FD442000F0C4FD79
:10556000422000F0C1FD062000F0BEFD0E2000F03C
:10557000BBFD122000F0B8FD142000F0B5FD17208F
:1055800000F0B2FDE12000F0BBFDD02000F0ACFD4A
:10559000002000F0A9FD022000F0A6FD072000F089
:1055A000A3FD0A2000F0A0FD282000F09DFD312081
:1055B00000F09AFD542000F097FD472000F094FD84
:1055C0000E2000F091FD1C2000F08EFD172000F051
:1055D0008BFD1B2000F088FD1E2000F085FD2A2099
:1055E00000F08EFD002000F07FFD002000F07CFD2B
:1055F000002000F079FDEF2000F076FD2B2000F078
:105600007FFD002000F070FD002000F06DFD012006
:1056100000F06AFD3F2000F067FD292000F070FDDA
:1056200010BD00002DE9F04F05460E46174698467E
:10563000DDF824A04FF0000B781B401C1FFA80FB04
:10564000344613E02146284600F05EFB00F064FD7E
:105650004FF0000906E00749A1F800A009F1010098
:105660001FFA80F9D945F6DB601C84B24445E9DDB8
:10567000BDE8F08F0000106000B595B000BF00BF1E
:10568000FE48006840F00800FC49086008460068D1
:1056900000F00800019000BF00BF00BF00BF00BFC6
:1056A0000846006840F0080008600846006800F0FE
:1056B0000800019000BF00BF00BF00BF00BF084648
:1056C000006840F0080008600846006800F0080024
:1056D000019000BF00BF00BF00BF00BF08460068C8
:1056E00040F0100008600846006800F010000190CB
:1056F00000BF00BF00BF00BF00BF0846006840F009
:10570000020008600846006800F00200019000BF37
:1057100000BF00BF80201090022011900120129045
:10572000032013900C20149010A9D548FAF76CFFB1
:105730002020109010A9D248FAF766FF1020109090
:1057400010A9CF48FAF760FF0820109010A9CD48A3
:10575000FAF75AFF202010900120119010A9CA4892
:10576000FAF752FFC948CA490860CA484860002091
:1057700088600021C648C16001611021416100219B
:105780008161C16101624FF48051416200218162F7
:105790004FF48041C1620021016341634FF48011E5
:1057A00081631520099000200A9078200B9000203A
:1057B0000F901520029000200390152004900020E7
:1057C000089002AA09A9B248FBF734F83220FAF788
:1057D00039FFD32000F094FC00F074F9AE498880C2
:1057E00000F070F9AC49888000F06CF9AA49888013
:1057F000084680884FF6FF7101EA0020A64988809C
:1058000000F060F9A44989880843A34988800846C4
:10581000808849F2413188427DD0042000F070FC3C
:1058200000F050F99C49888000F04CF99A49888032
:1058300000F048F998498880084680884FF6FF7143
:1058400001EA00209449888000F03CF99249898857
:105850000843914988800846808848F2525188421E
:1058600003D147F289708C4988808B48808847F241
:1058700089718842D0D0D42000F042FC00F022F997
:105880008549888000F01EF98349888000F01AF964
:1058900081498880084680884FF6FF7101EA002020
:1058A0007D49888000F00EF97B49898808437A4950
:1058B00088800846808845F2103188425FD05521A3
:1058C0004FF4704000F032FCAA214FF2010000F0CA
:1058D0002DFC52214FF2020000F028FC08214FF26B
:1058E000030000F023FC01214FF2040000F01EFC35
:1058F0004FF4454000F004FC00F0E4F8664988806D
:10590000084680884FF6FF7101EA002062498880CE
:105910004CF2015000E032E000F0F2FB00F0D2F86F
:105920005D49898808435C4988800846808845F23B
:105930001051884223D0A12000F0E2FB00F0C2F811
:105940005549888000F0BEF8534988800846808811
:105950004FF6FF7101EA00204F49888000F0B2F84D
:105960004D49898808434C4988800846808845F21B
:105970006171884203D141F66310474988804648E7
:10598000818846A0FAF7ACFB4348808847F28971CA
:10599000884202D1FFF771FD25E03F48808849F237
:1059A0004131884202D1FDF7A4FC1CE03A488088CE
:1059B00045F21031884202D1FDF7B1FD13E03648BF
:1059C000808845F21051884202D1FEF721FD0AE09D
:1059D0003148808841F66311884204D1FFF796FC74
:1059E000642000F059FB2C48808847F28971884276
:1059F00009D10520029004902549CB6A8A6848683D
:105A000002A9FAF775FE2448808849F2413188429C
:105A100005D02148808841F66311884209D10320CE
:105A2000029004901A49CB6A8A68486802A9FAF77A
:105A30005FFE1948808845F21031884205D016482B
:105A4000808845F21051884209D1022002900490CA
:105A50000F49CB6A8A68486802A9FAF749FE002014
:105A6000FDF724FB00BF012220210748FAF7E5FDDE
:105A700000BF4FF6FF70FDF7FFFA15E0E044025853
:105A8000000C025800100258000402580040005256
:105A90006802002404410052B40200244C43442014
:105AA00049443A25780D0A0015B000BD10B50246EC
:105AB000012000E050430B1EA1F10104E1B2F9D135
:105AC00010BD000008B5034800880090BDF8000034
:105AD00008BD000000001060F0B505460024002756
:105AE00088488079012805D18648808841F663116D
:105AF000884208D183488079F0B98248808841F68D
:105B00006311884218D1082D15D2DFE805F004068C
:105B1000080A0C0E101206250DE007250BE00425DF
:105B200009E0052507E0012505E0002503E0032540
:105B300001E0022500BF00BF082D1CD2DFE805F000
:105B40000406090C0F12151800BF14E044F080047D
:105B500011E044F040040EE044F0C0040BE044F0D7
:105B6000200408E044F0600405E044F0A00402E0F2
:105B700044F0E00400BF00BF36276248808845F249
:105B80001051884200D13F025E48808849F241317D
:105B9000884205D05B48808847F28971884201D1EC
:105BA00044F008042146384600F0C0FA5548808881
:105BB00041F6631188421DD004F0200068B15148BD
:105BC000008850494988884214DA4E48068840883F
:105BD0004C490880084646800CE04A4800884949FC
:105BE0004988884206DD474806884088454908803C
:105BF000084646804348808845F21051884252D179
:105C00004049488900F07CFA002000F06DFA3D49D7
:105C10004989491C88B200F073FA002000F064FA48
:105C200038494989891C88B200F06AFA35490988DF
:105C3000491EC1F30F2000F057FA32494989C91CA7
:105C400088B200F05DFA2F490978491EC8B200F009
:105C50004BFA2C49888900F053FA002000F044FAEE
:105C600028498989491C88B200F04AFA002000F0CE
:105C70003BFA24498989891C88B200F041FA2149FC
:105C80004988491EC1F30F2000F02EFA1D49898969
:105C9000C91C88B200F034FA1A498978491EC8B282
:105CA00000F022FA2DE01749488900F029FA002077
:105CB00000F01AFA002000F017FA12490988491E6C
:105CC000C1F30F2000F010FA0E490978491EC8B23E
:105CD00000F00AFA0B49888900F012FA002000F05F
:105CE00003FA002000F000FA06494988491EC1F372
:105CF0000F2000F0F9F903498978491EC8B200F075
:105D0000F3F9F0BDB402002410B502460C46454834
:105D1000808841F66311884247D142488079A8B90A
:105D200040480088401E801A82B23E49488900F0EF
:105D3000E7F9002000F0D8F9002000F0D5F91012A2
:105D400000F0D2F9D0B200F0CFF916E03549488919
:105D500000F0D6F9101200F0C7F9D0B200F0C4F983
:105D600030490988491EC1F30F2000F0BDF92D49C3
:105D70000978491EC8B200F0B7F92A49888900F0AD
:105D8000BFF9201200F0B0F9E0B200F0ADF92549FA
:105D90004988491EC1F30F2000F0A6F921498978EE
:105DA000491EC8B200F0A0F93AE01E48808845F2CA
:105DB0001051884220D11B49488900F0A1F91012E6
:105DC00000F092F917494989491C88B200F098F906
:105DD000D0B200F089F91349888900F091F92012B6
:105DE00000F082F90F498989491C88B200F088F9CE
:105DF000E0B200F079F913E00A49488900F080F92F
:105E0000101200F071F9D0B200F06EF905498889DE
:105E100000F076F9201200F067F9E0B200F064F9C2
:105E200010BD0000B40200242DE9FC4F80460E4650
:105E300015461C46B3460020019000902046E3170B
:105E400004EB5373DB1021464FEAE47C04EB5C7CEB
:105E50004FEAEC0CA4EBCC0CBCF1000F02D04FF0DD
:105E6000010C01E04FF0000C6344224604EBD27CAD
:105E70004FEA6C0C03FB0CF3DBB20193A5F120009D
:105E8000C5B20C2C06D0102C0BD0182C0ED0202C08
:105E900018D112E005EB45002D4901EB8000009080
:105EA00012E02C4800EB051000900DE005EBC5005A
:105EB000294901EB8000009006E0284800EBC5105E
:105EC000009001E0BDE8FC8F00BF00273AE0009899
:105ED00010F807904FF0000A2EE009F0800028B17A
:105EE000314640460C9AFDF7CFF907E00B9828B9E8
:105EF0001B48314602684046FDF7C6F94FEA496043
:105F00004FEA1069701C86B216484088B04200DC27
:105F1000D8E7A6EB0B00A0420AD15E4608F10100CB
:105F20001FFA80F80F480088404500DCCAE706E009
:105F30000AF1010000F0FF0ABAF1080FCDDB00BF43
:105F4000781CC7B201988742C1DB00BFBAE70000E6
:105F5000DC8A0090508F0090409500909CA20090A9
:105F60004C000024B40200242DE9FC4F04460D46E9
:105F700090469946DDE90C7A0B9E04F0FF0B08EB86
:105F800004001FFA80F809EB05001FFA80F917E0FA
:105F9000444502DB5C46A81985B24D4500DB15E09F
:105FA0000020CDE9000A3A78334629462046FFF71B
:105FB0003BFF304606EBD07104EB61018CB27F1CD5
:105FC00038787E2802DC38782028E1DA00BFBDE886
:105FD000FC8F2DE9FF4F85B0064693461F46DDE94D
:105FE0001389129C00200490002550E0781B401E6D
:105FF000C1B20A20FFF75AFDBBFBF0F00A21B0FB4B
:10600000F1F201FB120A049860BB781EA84229DD58
:10601000BAF1000F24D108F0800080B108F001002F
:1060200004EBD471491001FB0561CDE9000903942B
:1060300088B2234630220699FFF7F6FE0FE008F0FB
:10604000010004EBD471491001FB0561CDE90009A1
:10605000039488B2234620220699FFF7E5FE14E058
:106060000120049008F0010004EBD471491001FBF9
:106070000561CDE90009039488B20AF13001CAB282
:1060800023460699FFF7D0FE00BF681CC5B2BD428B
:10609000ACDB09B0BDE8F08F00B50246BE2000F0D1
:1060A0002FF8052000F020F800EE102AB8EE400B83
:1060B0009FED0B1B20EE010BBCEEC00B10EE101A77
:1060C00088B200F011F8012000F00EF8FF2000F077
:1060D0000BF8002000F008F8002000F005F800BDE3
:1060E000666666666666044001B5BDF8000000900D
:1060F000BDF800000149088008BD000000001060E4
:1061000001B5BDF800000090BDF80000014908800D
:1061100008BD0000FEFF0F600248008902490880A8
:1061200070470000B4020024FEFF0F60024A108096
:10613000921C118070470000FEFF0F6000B587B011
:1061400000BF00BF2C48006840F002002A490860E8
:106150000846006800F00200019000BF00BF00BFC9
:1061600000BF00BF0846006840F010000860084605
:10617000006800F01000019000BF00BF00BF00BF2A
:1061800000BF0846006840F010000860084600683C
:1061900000F01000019000BF00BF00BF102002906F
:1061A000012003900490059002A91448FAF72CFAF4
:1061B0004020029002A91248FAF726FA2020029005
:1061C00002A90F48FAF720FA00BF012210210B485C
:1061D000FAF733FA00BF00BF012240210848FAF75E
:1061E0002CFA00BF00BF012220210548FAF725FA4A
:1061F00000BF07B000BD0000E04402580004025890
:10620000001002581FB5012000220323CDE9012010
:1062100000930390134602461021400700F04FF808
:10622000012000220323CDE90120009303901346AF
:1062300002221221480600F042F801200022032326
:10624000CDE9012000930390134603221221100789
:1062500000F035F8012000220323CDE9012000934E
:106260000390134604220F214FF0605000F027F8EE
:1062700000200323CDE900300290034605221921B6
:1062800003904FF0C04000F01AF8012000220323D1
:10629000CDE90120009303901346062219215007EF
:1062A00000F00DF800200323CDE900300290012317
:1062B00007221B210390C80700F001F81FBD2DE93C
:1062C000FF5F04460D4616461F46DDE910ABDDE9CB
:1062D0000E89FAF7EEF901208DF80000F0B28DF882
:1062E00001000194E8B28DF8080000208DF8090043
:1062F0008DF80A008DF80B808DF80C708DF80D90DC
:106300008DF80EA08DF80FB06846FAF7D7F9042083
:10631000FAF7D9F9002004B0BDE8F09F2DE9F0416B
:1063200004460E461548005D38B9144830380168F7
:10633000204688470120BDE8F081114850F824002C
:10634000B04219D90F4850F82400B6FBF0F10B48C1
:10635000143850F8240030F81120002508E00023FC
:106360000648143850F824004F1920F817306D1CD7
:106370009542F4DB0020DEE70220DCE78400002405
:1063800044D2009030D2009030B50446022508492E
:1063900051F8241001FB05F2064951F824000021B0
:1063A00000F07EF8012103481430015530BD000093
:1063B0001CD20090700000242DE9F04704460F46DF
:1063C0000025A9462348005D20B9224830380168DD
:1063D000204688471FB94FF0FF30BDE8F0871E48C0
:1063E00050F82400B7FBF0F61B4850F82400B7FB28
:1063F000F0F100FB117000B1761C184850F8240031
:10640000451E22E01348143850F8240030F81500D7
:1064100010B909F1010901E04FF00009B14513D1AC
:106420004FF0000809E00B48143850F8240005EB41
:10643000080220F8126008F10108B045F3D30648BD
:1064400050F824006843C8E76D1E002DDADA4FF0DB
:10645000FF30C2E78400002430D200901CD20090AC
:1064600010B501460023002207E00B4850F8210038
:1064700030F8120000B15B1C521C084850F8210093
:106480009042F2D84FF47A705843044C54F82140AB
:10649000B0FBF4F080B210BD700000241CD200905C
:1064A00030B5034601E003F8011B141EA2F10102FE
:1064B000F9D130BD70B505460C4604B970BD05482C
:1064C00050F82500261A31462846FFF727FF00BF5F
:1064D000F4E700005C00002470B504460E46314627
:1064E0002046FFF769FF0546681C08B9002070BD0B
:1064F000024850F824002844F9E700005C0000241A
:106500002DE9F04105460E46294807680020294933
:10651000096881F85D0027480068001D00F09AFFB7
:1065200050B92448006890F82C1001208840224976
:106530000968814320480160681CD8B9D6B11F4959
:1065400048681C49096888601A4982680968CA60F5
:1065500018490968091D8268516016490968091DB2
:106560008160164A134909684A6111460968491C45
:1065700011601AE07C190F4800684460BC4207D2E1
:106580000C480168091D0E48006800F0E3FF0CE0AC
:1065900008480168091D0B48006800F0DBFF0A4845
:1065A0000068844201D208480460BDE8F081000020
:1065B000A00000248C000024A400002450800724A4
:1065C0009400002490000024BC00002410B5044670
:1065D00000F0E6FF31480068401C30490860304850
:1065E000006840B92E4804600846006801280DD1B3
:1065F00000F018FA0AE02B48006838B9284800680B
:10660000C06AE16A884201D82548046026480068CB
:10661000401C2549086008460068606494F82C1006
:106620000120884021490968084320490860E16A3F
:1066300001EB81011E4A02EB81014868A06082687B
:10664000E260211D826851608160E16A01EB810195
:10665000174A02EB81026261E16A01EB8101144A8F
:1066600052F82110491CE26A02EB8202104B43F8F7
:10667000221000F0E5FF0B48006868B10848006888
:10668000C06AE16A884207D24FF080500949086029
:10669000BFF34F8FBFF36F8F10BD00009C0000242D
:1066A0008C000024A8000024B8000024A4000024CA
:1066B000807D072404ED00E010B500F071FF104864
:1066C0000068D0B90F4800F035FF0F4800F032FFE6
:1066D0000C480E4908600C480D4908600022102142
:1066E000052001F097FC064908600846006820B1C3
:1066F00008A10348006801F065F800F0A1FF10BD93
:10670000DC0000246480072478800724D40000245F
:10671000D8000024546D72510000000010B516E03E
:1067200000F03EFF0C48C068C468201D00F092FED7
:106730000A480068401E0949086009480068401E70
:106740000749086000F07CFF204600F05FF804482D
:1067500000680028E4D110BD3C8007249C00002480
:106760009800002470B504460D46206C70B1216C71
:10677000E0680144E160D4E90210884201D3216855
:10678000E1602846226CE168F9F7D3FD70BD2DE980
:10679000F04104460F4615464FF00008A66B206CEA
:1067A00048B9206800282CD1A06801F059FF804624
:1067B0000020A06025E07DB93946226C6068F9F7B9
:1067C000B8FD216C606808446060D4E9010188422A
:1067D00017D32068606014E03946226CE068F9F74E
:1067E000A8FD216CE068411AE1602168E0688842F8
:1067F00003D2216CA068411AE160022D01D106B1DB
:10680000761E701CA0634046BDE8F08110B50446BA
:10681000206B00F057FF204600F054FF10BD000031
:106820000146084A126812680AB9012200E00022F3
:106830000A600A6822B9034A1268D268106800E048
:1068400000207047D400002430B54FF4205317487F
:1068500000F007042CB1C01D20F00700134C041BEE
:106860001B1B0246124C22600024114D6C60D01894
:10687000083820F007000F4C206000240D4D2D68D3
:106880006C600C4D2D682C601146441A4C60094C0C
:1068900024680C60084D4C682C60084D4C682C60D6
:1068A0004FF00044064D2C6030BD00008C80072462
:1068B000E8000024F0000024F8000024F400002484
:1068C0000401002400BFFFF729FF064800680128E3
:1068D000F9D94FF0805004490860BFF34F8FBFF3E0
:1068E0006F8FF0E7807D072404ED00E02DE9F04193
:1068F00006460D4617469846069C0DB9246000E0F2
:106900002760E66325640121204601F0CBFB84F873
:1069100050800020A064BDE8F08100002DE9F05F08
:1069200082460F4690469B460A9E0C9C4FEA880181
:10693000A522206BF9F742FDA8F10100216B01EBC4
:10694000800929F0070909F0070008B9012000E0D3
:10695000002028B94FF4587225A12EA0F9F7C0FBEA
:1069600087B1002507E0795D04F134004155785D79
:1069700000B902E06D1C102DF5D300BF00214320AB
:10698000015502E0002084F83400202E01D20120BD
:1069900000E0002028B940F2973215A11DA0F9F7B8
:1069A0009FFB202E00D31F26E662E66400202065B0
:1069B000201D00F0CCFD04F1180000F0C8FD24619A
:1069C000C6F12000A061646200206065A06584F8C3
:1069D0005C0084F85D005A465146484600F054FC7D
:1069E00020600B9808B10B980460BDE8F09F000090
:1069F0002E2E5C2E2E5C4D6964646C657761726529
:106A0000735C4672656552544F535C7461736B736B
:106A10002E6300004572726F723A2025732C202578
:106A2000640D0A0010B5002407E004EB84010F4A4E
:106A300002EB810000F07EFD641C202CF5D30C4895
:106A400000F078FD0B4800F075FD0B4800F072FD7A
:106A50000A4800F06FFD0A4800F06CFD044809493F
:106A6000086004480849086010BD0000807D0724C4
:106A70000080072414800724288007243C800724F2
:106A800050800724900000249400002410B5014693
:106A9000164800E0006803688B42FBD30246436857
:106AA00013448B4204D143684C682344436001463D
:106AB0000A464B6813440468A34211D10C4C036886
:106AC0002468A34208D04B680468646823444B6080
:106AD00003681B680B6005E0054B1B680B6001E059
:106AE00003680B60884200D0016010BDE8000024FC
:106AF000F00000242DE9F04104460D4616461F46DD
:106B00004FF0000865602461B5420CD8F01BA16904
:106B1000884202D34FF0010811E0211D09480068A6
:106B200000F018FD0BE0BE4204D2BD4202D34FF08C
:106B3000010804E0211D0448006800F00BFD4046F8
:106B4000BDE8F081D8000024D400002470B50546CB
:106B500000F026FDA86B08B9012400E0002400F035
:106B60006FFD204670BD2DE9F04707460C46904664
:106B70000026206848B3204641684968416000F11A
:106B8000080142688A4202D141684968416041680F
:106B9000D1F80C9000BF204641684968416000F17F
:106BA000080142688A4202D14168496841604168EF
:106BB000CD6806EBC60007EB80014346012228465C
:106BC00000F040FF761C4D45E5D13046BDE8F0872A
:106BD000F1B50098846C00262CB940F6D53220A17E
:106BE00028A0F9F77DFAA06BE16B884201D2012061
:106BF00000E0002028B940F6D63219A121A0F9F70B
:106C00006FFAA06BE16B884227D294F945500022BD
:106C100069462046FFF7BBFD0646681C60B9606AFE
:106C200008B9012000E00020B0B904F1240001F00F
:106C30009FFD88B101260FE07F2D01D0012000E0EB
:106C4000002028B940F6F63205A10EA0F9F748FA5F
:106C5000681C40B284F8450000BF3046F8BD000013
:106C60002E2E5C2E2E5C4D6964646C6577617265B6
:106C7000735C4672656552544F535C7175657565FA
:106C80002E6300004572726F723A2025732C202506
:106C9000640D0A0070B505460E460E480068C068CF
:106CA000C468201D00F0D6FB94F8280000F0040012
:106CB00028B132462946204600F0FEF805E094F857
:106CC000280000F0FE0084F828002046216A88474A
:106CD00070BD0000D400002470B586B08AE0029830
:106CE00000280CDA03AE2EB940F2063247A150A0BC
:106CF000F9F7F6F9D6E90020B168904700BF02988D
:106D0000002877DB049C606908B9012000E00020BE
:106D100010B9201D00F09EFB01A800F0F9F805460F
:106D200002980A2864D2DFE800F06305072E365384
:106D300006082F3700BF00BF00BF94F8280040F0BE
:106D4000010084F828000398A269811803462A46A6
:106D50002046FFF7CFFEA8B194F8280000F0040009
:106D600038B10398A26981182A46204600F0A4F899
:106D700005E094F8280000F0FE0084F82800204682
:106D8000216A884735E000BF94F8280000F0FE0033
:106D900084F828002DE000BF94F8280040F001009E
:106DA00084F828000398A061A06908B1012000E0E0
:106DB000002028B940F2593214A11DA0F9F790F92A
:106DC000A06941192B462A462046FFF793FE10E0A2
:106DD00094F8280000F0020018B9204600F072FC78
:106DE00005E094F8280000F0FE0084F8280000E098
:106DF00000BF00BF002202A91148006801F0D0F9CD
:106E000000287FF46CAF06B070BD00002E2E5C2E03
:106E10002E5C4D6964646C6577617265735C467263
:106E2000656552544F535C74696D6572732E6300CF
:106E30004572726F723A2025732C2025640D0A006A
:106E4000DC000024F8B505460C4600F08FFF6846CC
:106E500000F05EF80646009820BB44B9B54206D85B
:106E600001F02CFD31462846FFF714FF1CE03CB131
:106E70000E480068006808B9012000E000200446C0
:106E8000A91B22460A48006800F0E2FC01F016FD4A
:106E900050B94FF0805007490860BFF34F8FBFF3E0
:106EA0006F8F01E001F00AFDF8BD0000D80000245A
:106EB000DC00002404ED00E070B504460D461646E3
:106EC00004E0A06905442046216A8847A069411969
:106ED0002B4632462046FFF70DFE0028F1D170BD4B
:106EE00009480068006808B9012000E0002020B1CE
:106EF0004FF0FF300549086005E003480068C068AE
:106F0000006802490860704790000024BC0000241B
:106F100070B5044601F0AAFA0546074800688542A4
:106F200004D200F00BF80120206001E00020206076
:106F300001480560284670BDE400002470B508E0F3
:106F40000D480068C06804684FF0FF312046FFF725
:106F5000A1FE09480068006808B9012000E000208F
:106F60000028EDD00448056804480068024908601C
:106F70000248056070BD0000D4000024D800002441
:106F80000246002101E0521C491C1078A528FAD0C5
:106F9000890888B2704700000C480068401C08B996
:106FA000012000E0002020B9E32209A118A0F9F790
:106FB00097F800BF502072B680F31188BFF34F8F4F
:106FC000BFF36F8F62B600BF00BFFEE70801002469
:106FD0002E2E5C2E2E5C4D6964646C657761726543
:106FE000735C4672656552544F535C706F72746186
:106FF000626C655C525644535C41524D5F434D3761
:107000005C723070315C706F72742E63000000002F
:107010004572726F723A2025732C2025640D0A0088
:1070200008B500BF6846FFF7FBFB04462046009901
:10703000FFF708FFFFF750FEF4E770B5044600F0D5
:10704000AFFA94F9455019E0A06C30B12046FFF733
:10705000BFFD88B100F0A6FD0EE0606A08B901200E
:1070600000E0002038B904F1240001F081FB18B1E0
:1070700000F098FD00E003E0681E45B2002DE3DC5F
:1070800000BFFF2084F8450000F0DAFA00F088FA2B
:1070900094F9445010E0206908B9012000E0002074
:1070A00048B904F1100001F063FB08B100F07AFD6B
:1070B000681E45B200E001E0002DECDC00BFFF20BF
:1070C00084F8440000F0BCFA70BD70B505460E4669
:1070D00031462846F9F7EAF82846F9F70BF904464D
:1070E00002E020202855641C0F2CFAD300202855DC
:1070F000281970BD2DE9F04104464FF0000800F05A
:1071000035FE4948006808B9FFF79EFB474800680C
:107110002040002875D1002C23D004F10800A042A3
:107120001FD9083404F0070000281BD004F0070022
:10713000C0F108002044A04211D904F00700C0F1BA
:107140000800044404F0070008B9012000E0002012
:1071500040B99C2236A144A0F8F7C2FF02E0002407
:1071600000E00024002C4CD043480068844248D8FA
:10717000424E3046056801E02E462D686868A04200
:1071800002D228680028F7D127480068854238D005
:10719000306800F10808286830606868001B102813
:1071A00013D92F1907F0070008B9012000E00020CB
:1071B00020B9CF221EA12CA0F8F792FF6868001B0F
:1071C00078606C603846FFF761FC2B496868096895
:1071D000081A294908600846006829490968884250
:1071E00003D2254800682649086010496868096884
:1071F000084368600020286022480068401C21493C
:10720000086001F05BFB08F0070008B9012000E00E
:10721000002028B94FF4887205A113A0F8F760FF89
:107220004046BDE8F0810000F00000240401002485
:107230002E2E5C2E2E5C4D6964646C6577617265E0
:10724000735C4672656552544F535C706F72746123
:10725000626C655C4D656D4D616E675C6865617003
:107260005F342E63000000004572726F723A202571
:10727000732C2025640D0A00F4000024E80000248B
:10728000F8000024FC000024001F4FF0807303600E
:10729000001F21F001030360001F054B0360143839
:1072A0000260001F6FF00203036020387047000087
:1072B000996F00901CB5044600F072F91248022143
:1072C00000238022CDE9001010A1124801F08EF8B1
:1072D0001148032100238022CDE900100FA111489D
:1072E00001F084F81048042100238022CDE9001029
:1072F0000EA1104801F07AF80F48006800F010FB6A
:1073000000F09EF91CBD00000C0000247461736B3A
:10731000310000003D730090100000247461736B15
:10732000320000008D730090140000247461736BB0
:1073300033000000E1730090080000240EB5002423
:1073400021E0601C04460B21B0FBF1F201FB1200AE
:107350000D4931F8105040F2391372228321062072
:107360000095FEF75FF91F20802110220323CDE94D
:107370000021029022466F214720FEF72AFE4FF49B
:107380007A7000F08BFADCE7180000240EB50024B8
:1073900023E0601C04460B21B0FBF1F201FB12005C
:1073A000C0F10B000D4931F8105040F23913E922B9
:1073B00083217E200095FEF735F91F2080211022C1
:1073C0000323CDE90021029022466F21BF20FEF762
:1073D00000FE4FF47A7000F061FADAE7180000243A
:1073E000002500241EE00020FBF7F6FD0546012DD8
:1073F00013D164210020FFF76FF80446204600F007
:1074000063FB09A0F8F76CFE214610A0F8F768FEB0
:1074100021460020FFF74EF800E000BF00BF0A2021
:1074200000F03CFADFE70000C8CECEF1C3FB09094B
:10743000D4CBD0D0CAB1BCE409D4CBD0D0CBF9D511
:10744000BCB0D9B7D6B1C80D0A00000025730D0A2B
:107450000000000001460A69D1E901309860D1E9D5
:10746000010358605068884201D18868506000204C
:1074700008611068401E1060106870472DE9F041E7
:107480000546884616460024202700F06FFC224857
:10749000006880453AD300BF7F1E07EB87021F4B71
:1074A00003EB820104EBC40205EB82000122FFF72B
:1074B0005AFB0444002FEFD104EBC40105EB81001B
:1074C000022217490968FFF74EFB044404EBC4018C
:1074D00005EB8100022213490968FFF744FB0444CD
:1074E00004EBC40105EB810004220F49FFF73BFBCD
:1074F000044404EBC40105EB810003220B49FFF7B0
:1075000032FB044416B10A480068306001F0D6F935
:107510002046BDE8F08100009C000024807D072407
:1075200090000024940000243C800724508007240D
:107530005000002400F1080141604FF0FF318160EC
:1075400000F10801C1600161002101607047002164
:107550000161704710B502460B685C1C0CB91069DC
:1075600007E002F1080000E04068446824689C429B
:10757000FAD944684C604C68A160886041600A6137
:107580001468641C146010BD42684A6093688B6084
:10759000936859609160086103685B1C03607047E1
:1075A00010B500BF502072B680F31188BFF34F8F23
:1075B000BFF36F8F62B600BF0B480068401C0A49DA
:1075C00008600846006801280DD108480068C0B26C
:1075D00008B9012000E0002028B94FF4D37204A1BB
:1075E00013A0F8F77DFD10BD0801002404ED00E0B4
:1075F0002E2E5C2E2E5C4D6964646C65776172651D
:10760000735C4672656552544F535C706F7274615F
:10761000626C655C525644535C41524D5F434D373A
:107620005C723070315C706F72742E630000000009
:107630004572726F723A2025732C2025640D0A0062
:1076400010B50B48006828B940F2AD1209A119A085
:10765000F8F746FD06480068401E054908600846E0
:10766000006820B9002080F3118800BF00BF10BD62
:10767000080100242E2E5C2E2E5C4D6964646C651E
:1076800077617265735C4672656552544F535C70E6
:107690006F727461626C655C525644535C41524D2A
:1076A0005F434D375C723070315C706F72742E6363
:1076B000000000004572726F723A2025732C20255D
:1076C000640D0A0070B506463546002E3AD0083DD6
:1076D0002C461D4960680968084008B1012000E097
:1076E000002028B94FF4927218A126A0F8F7F8FCF0
:1076F000206808B9012000E0002028B940F22512D6
:1077000012A120A0F8F7ECFC0F4960680968084056
:10771000C0B12068B0B90C496068096888436060EE
:1077200000F024FB1B496068096808441949086097
:107730002046FFF7ABF918480068401C164908605E
:1077400001F0BCF870BD0000040100242E2E5C2E58
:107750002E5C4D6964646C6577617265735C46721A
:10776000656552544F535C706F727461626C655CF6
:107770004D656D4D616E675C686561705F342E6349
:10778000000000004572726F723A2025732C20258C
:10779000640D0A00F40000240001002400204FF0D2
:1077A000E02108618861064800684FF47A71B0FBF7
:1077B000F1F0401E4FF0E02148610720086170475A
:1077C000000000242DE9F04106460F462EB940F690
:1077D000C82211A119A0F8F783FC0025BFB100242D
:1077E00012E01A4800EBC4004068B04203D11748C9
:1077F00000EBC4050AE035B9144850F8340010B95C
:10780000124800EBC405641C082CEAD300BF0DB17C
:107810002F606E60BDE8F0812E2E5C2E2E5C4D69CF
:1078200064646C6577617265735C46726565525419
:107830004F535C71756575652E6300004572726FFC
:10784000723A2025732C2025640D0A00407D072400
:107850002DE9F04105460E4617462C46FFF7A0FEDF
:1078600094F94400401C10B9002084F8440094F9B5
:107870004500401C10B9002084F84500FFF7E0FEE9
:10788000A06B28B93A46314604F1240000F0C2F951
:107890002046FFF7D2FBBDE8F081000070B504463A
:1078A0000025ACB10F48006808B9012000E00020B5
:1078B00028B940F249520CA114A0F8F711FC00F0CD
:1078C00055FA00212046FEF71BFE00F0F7FF0546A3
:1078D0003DB94FF0805011490860BFF34F8FBFF39F
:1078E0006F8F70BDC80000242E2E5C2E2E5C4D695B
:1078F00064646C6577617265735C46726565525449
:107900004F535C7461736B732E6300004572726F2A
:10791000723A2025732C2025640D0A0004ED00E046
:1079200070B50546FFF73CFE15B92F48006800E02A
:1079300028460446201DFFF78DFD78B9E06A00EB6C
:1079400080002A4951F8200040B994F82C100120F9
:10795000884027490968814325480160A06A18B119
:1079600004F11800FFF776FD22480068401C214909
:1079700008601D480068844209D1211D1E48FFF798
:1079800003FE1E480068401C1C49086006E01C48B5
:107990000068401E1A490860FFF7A2FAFFF750FE80
:1079A00011480068844202D02046FEF72FFF154898
:1079B0000068C0B10C480068844214D112480068C5
:1079C00008B9012000E0002028B940F2DC420FA1F4
:1079D00017A0F8F785FB4FF0805019490860BFF3F6
:1079E0004F8FBFF36F8F70BD8C000024807D072404
:1079F000A4000024B80000243C8007249800002440
:107A00009C000024A8000024C80000242E2E5C2E18
:107A10002E5C4D6964646C6577617265735C467257
:107A2000656552544F535C7461736B732E63000031
:107A30004572726F723A2025732C2025640D0A005E
:107A400004ED00E02DE9F04107460C4690461E4645
:107A500017B91C48006800E038460546256005F166
:107A600034006060E86A2061286BE061686CA060A7
:107A7000E86C6061686DA061052E12D01148006845
:107A8000854202D1002020730FE02673032E0CD113
:107A900000F06CF9A86A08B10220207300F00EFF14
:107AA00003E02846FBF742F92073B8F1000F04D039
:107AB000286BFFF765FA208401E000202084BDE8F0
:107AC000F08100008C0000242DE9F84306460020D8
:107AD00030702748D0F800800146096801EBC101E9
:107AE0008800FFF707FB0546002D3FD06A46414658
:107AF0002846FFF7C3FC804664210098B0FBF1F0F4
:107B00000090009800282ED000242AE004EBC40046
:107B100005EB800080690099B0FBF1F704EBC4002D
:107B200005EB800041683046FFF7CFFA064657B1B3
:107B300004EBC40005EB80003B460EA18269304691
:107B4000F8F7DAFA08E004EBC40005EB80000CA1BA
:107B500082693046F8F7D0FA3046F8F7CBFB064496
:107B6000641C4445D2D32846FFF7ACFDBDE8F8833A
:107B70009C0000240925750909257525250D0A0095
:107B800009257509093C3125250D0A0003490968B5
:107B9000016003490968416070470000B400002497
:107BA000A00000240120014908607047B0000024B3
:107BB00070B504460D462CB940F61C4207A110A032
:107BC000F8F78EFA1248016818312046FFF7C2FC18
:107BD00001212846FEF794FC70BD00002E2E5C2E7D
:107BE0002E5C4D6964646C6577617265735C467286
:107BF000656552544F535C7461736B732E63000060
:107C00004572726F723A2025732C2025640D0A008C
:107C10008C00002470B504460E4615462CB940F67B
:107C2000524211A119A0F8F75BFA60681B49096874
:107C3000C8611A49826809680A62184909681831D6
:107C400082685160154909681831816013490968D3
:107C50008C622168491C21600DB14FF0FF36294626
:107C60003046FEF74DFC70BD2E2E5C2E2E5C4D690D
:107C700064646C6577617265735C467265655254C5
:107C80004F535C7461736B732E6300004572726FA7
:107C9000723A2025732C2025640D0A008C000024E4
:107CA0001CB51D4800210B468022CDE900101BA108
:107CB0001C4800F09BFB0446012C02D100F0CEFED4
:107CC0000446012C19D100BF502072B680F31188F0
:107CD000BFF34F8FBFF36F8F62B600BF4FF0FF301F
:107CE000114908600120114908600020104908600E
:107CF000F8F7F0FC00F0BEF80BE0601C08B10120C2
:107D000000E0002028B94FF404620AA112A0F8F79D
:107D1000E7F9154800681CBDC000002449444C45E3
:107D200000000000C5680090BC000024A8000024EA
:107D3000A00000242E2E5C2E2E5C4D6964646C65C0
:107D400077617265735C4672656552544F535C741B
:107D500061736B732E6300004572726F723A202557
:107D6000732C2025640D0A00C4000024024800681A
:107D7000401C014908607047C800002410B528481D
:107D8000006818B101202749086047E00020254914
:107D900008602548006825490860084600682449AD
:107DA000096888420BD92349096801F15400496DDB
:107DB0001E4A12681E4B1B68D21A114401601B48F0
:107DC00000681B4908601C480068B0FA80F0C0F1E8
:107DD0001F0404EB8400194951F8200008B1012068
:107DE00000E0002028B940F6024215A11DA0F8F7D6
:107DF00077F904EB8401114A02EB8100416849687C
:107E0000416000F1080142688A4202D14168496834
:107E100041604168C968074A116000BF10BD000099
:107E2000C8000024B000002450000024D00000242A
:107E3000CC0000248C000024A4000024807D0724B2
:107E40002E2E5C2E2E5C4D6964646C6577617265C4
:107E5000735C4672656552544F535C7461736B7307
:107E60002E6300004572726F723A2025732C202514
:107E7000640D0A001CB53F4C204600780190FF209D
:107E8000214608700846007800909DF8000000F038
:107E9000F0009DF80010884201D1012000E0002090
:107EA00028B940F24D1234A143A0F8F719F99DF812
:107EB000000000F050004449087007204349086062
:107EC00009E042480068401E404908609DF80000F3
:107ED0004006000E00909DF8000000F08000802811
:107EE000EFD03A480068C0F10700042801D1012012
:107EF00000E0002028B940F261121FA12EA0F8F77F
:107F0000EFF832480068C0F10700042801D10120D1
:107F100000E0002028B94FF4B57217A126A0F8F7A9
:107F2000DFF82A48006800022849086008460088EF
:107F300000F4E06008600F49019808702448006868
:107F400040F47000224908600846006840F0704024
:107F50000860FFF723FC00201E490860F8F782F84C
:107F60001D48006840F040401B490860F8F766F87B
:107F700000201CBD00E400E02E2E5C2E2E5C4D691E
:107F800064646C6577617265735C467265655254B2
:107F90004F535C706F727461626C655C52564453EF
:107FA0005C41524D5F434D375C723070315C706F95
:107FB00072742E63000000004572726F723A2025C1
:107FC000732C2025640D0A000C01002410010024EC
:107FD00020ED00E00801002434EF00E010B500BF00
:107FE000502072B680F31188BFF34F8FBFF36F8FAD
:107FF00062B600BF00F040FA18B14FF0805004495B
:10800000086000BF002080F3118800BF10BD000091
:1080100004ED00E02DE9F84305460E46174600241E
:10802000E5B1601EB0FBF5F0B04217D305FB06F0DA
:1080300010F1550F12D805FB06F909F15400FFF7AE
:1080400059F804468CB1A04608F154083B46424614
:10805000314628460094FEF749FC06E02CB94FF45F
:10806000E37203A10BA0F8F73BF82046BDE8F883C4
:108070002E2E5C2E2E5C4D6964646C657761726592
:10808000735C4672656552544F535C7175657565D6
:108090002E6300004572726F723A2025732C2025E2
:1080A000640D0A002DE9F04105460E4601272C46D5
:1080B0002CB94FF488722CA134A0F8F711F8002CD9
:1080C00042D0E06B00283FD04FF0FF31E06BB1FBB6
:1080D000F0F0216C884237D3FFF762FAD4E90F122F
:1080E000206801FB0200A0600020A063206860609F
:1080F000E06B401E226C216800FB0211E160FF2052
:1081000084F8440084F845009EB9206908B901202C
:1081100000E00020A8B904F1100000F029FB80B1B4
:108120004FF080501D490860BFF34F8FBFF36F8F32
:1081300007E004F11000FFF7FDF904F12400FFF758
:10814000F9F9FFF77DFA00E000270FB1012000E008
:10815000002028B940F2451203A10CA0F7F7C0FF98
:108160003846BDE8F08100002E2E5C2E2E5C4D6955
:1081700064646C6577617265735C467265655254C0
:108180004F535C71756575652E6300004572726FA3
:10819000723A2025732C2025640D0A0004ED00E0BE
:1081A0002DE9F74183B005460E464FF000082C46F6
:1081B0002CB940F251524CA154A0F7F791FF0EB9DF
:1081C000206C08B9012000E0002028B940F2555287
:1081D00045A14EA0F7F784FF00F038F908B90598DB
:1081E00008B9012000E0002028B940F25A523EA10F
:1081F00046A0F7F775FF00BFFFF7D2F9A76BF7B1FD
:1082000031462046FEF7AEFA781EA063206908B911
:10821000012000E0002060B904F1100000F0A8FA8D
:1082200038B14FF080503D490860BFF34F8FBFF326
:108230006F8FFFF705FA012006B0BDE8F0810598C1
:1082400018B9FFF7FDF90020F6E7B8F1000F04D1E7
:1082500001A8FFF79BFC4FF00108FFF7F1F9FFF7CA
:1082600085FDFFF79DF994F94400401C10B90020EA
:1082700084F8440094F94500401C10B9002084F8AB
:108280004500FFF7DDF905A901A800F049F8F0B9AC
:108290002046FEF75BFCA0B104F124000599FFF72E
:1082A00087FC2046FEF7C9FE00F008FB0028A3D19A
:1082B0004FF0805019490860BFF34F8FBFF36F8FA5
:1082C0009AE72046FEF7B9FE00F0F8FA94E7204658
:1082D000FEF7B3FE00F0F2FA2046FEF737FC002866
:1082E0008AD00020A8E700002E2E5C2E2E5C4D695F
:1082F00064646C6577617265735C4672656552543F
:108300004F535C71756575652E6300004572726F21
:10831000723A2025732C2025640D0A0004ED00E03C
:1083200070B506460C462EB940F6FD421FA128A0A6
:10833000F7F7D6FE2CB940F6FE421CA124A0F7F7B1
:10834000CFFEFFF72DF9264802687068131A2548FA
:10835000006890F85D0030B100202249096881F87A
:108360005D0001251EE02068401C08B9002519E0C9
:108370001D4930680968884206D07068904203D869
:108380000125002020600DE02068984207D9206870
:10839000C01A20603046FFF7F9FB002502E00020FC
:1083A00020600125FFF74CF9284670BD2E2E5C2E6B
:1083B0002E5C4D6964646C6577617265735C4672AE
:1083C000656552544F535C7461736B732E63000088
:1083D0004572726F723A2025732C2025640D0A00B5
:1083E000A00000248C000024B40000242DE9FF4FDD
:1083F00085B0804689461746DDE912ABB800FEF726
:1084000079FE064656B16020FEF774FE04460CB1B4
:10841000266304E03046FFF755F900E000247CB104
:108420000020CDE900ABCDE902403A46494640463E
:10843000089BFEF773FA2046FEF7C8F8012501E015
:108440004FF0FF35284609B0BDE8F08F05490968AF
:1084500009B9012005E00449096809B9022000E0D2
:1084600000207047A8000024C800002401490868C3
:1084700070470000A00000242DE9F0414FF00008F3
:108480005F48006800287DD15E480068451C5D4853
:108490000560002D1DD15C480068006808B9012006
:1084A00000E0002028B940F6C72258A160A0F7F7E5
:1084B00017FE5548076862480068534908606048DD
:1084C000076060480068401C5E490860FEF708FDD0
:1084D00000BF5D480068854277D300BF4A48006806
:1084E000006808B9012000E0002020B14FF0FF3003
:1084F0005549086068E044480068C068C468666818
:10850000B54202D2504806605EE06069D4E90212CA
:108510008A60D4E902214A60211D42688A4201D161
:10852000E1684160002262610168491E0160A06A41
:1085300098B1A06AD4E907128A60D4E907214A6099
:1085400004F1180142688A4201D1216A4160002287
:10855000A2620168491E016000BF94F82C1001203E
:1085600088403A490968084338490860E16A01EBE4
:108570008101374A02EB81014868A0608268E260AD
:10858000211D00E033E0826851608160E16A01EB07
:1085900081012F4A02EB81026261E16A01EB8101F4
:1085A0002B4A52F82110491CE26A02EB8202284B46
:1085B00043F822102749E06A0968C96A88428DD3C6
:1085C0004FF001088AE700E000BF22480068C06A57
:1085D00000EB80001E4951F82000012801D94FF01E
:1085E00001081D48006808B14FF0010804E01B486D
:1085F0000068401C194908604046BDE8F081000051
:10860000C8000024A0000024900000242E2E5C2E20
:108610002E5C4D6964646C6577617265735C46724B
:10862000656552544F535C7461736B732E63000025
:108630004572726F723A2025732C2025640D0A0052
:1086400094000024B4000024BC000024A4000024F2
:10865000807D07248C000024B0000024AC0000249E
:1086600070B505462C460026002D5ED030480068C7
:10867000844201D1012000E0002028B941F24F02DC
:108680002CA135A0F7F72CFD206D28B941F250023E
:1086900028A131A0F7F724FD206D401E2065E16C74
:1086A000E06A884241D0206D00283ED1201DFEF7AF
:1086B000D1FE40B994F82C10012088402A4909685D
:1086C000814329480160E06CE062E06AC0F120006B
:1086D000A06194F82C1001208840234909680843C0
:1086E00021490860E16A01EB8101204A02EB810126
:1086F0004868A0608268E260211D826851608160E4
:10870000E16A01EB8101194A02EB81026261E16ACF
:1087100001EB8101154A52F82110491CE26A02EB73
:108720008202124B43F822100126304670BD000031
:108730008C0000242E2E5C2E2E5C4D6964646C65CA
:1087400077617265735C4672656552544F535C7411
:1087500061736B732E6300004572726F723A20254D
:10876000732C2025640D0A00A4000024807D0724BA
:1087700070B50646F068C4682CB940F682423CA148
:1087800044A0F7F7ADFCA06AD4E907128A60D4E9E7
:1087900007214A6004F1180142688A4201D1216A26
:1087A00041600022A2620168491E01603D480068E4
:1087B00000283DD16069D4E902128A60D4E902211F
:1087C0004A60211D42688A4201D1E168416000226D
:1087D00062610168491E016094F82C1001208840F4
:1087E00031490968084330490860E16A01EB8101B9
:1087F0002E4A02EB81014868A0608268E260211D78
:10880000826851608160E16A01EB8101274A02EBD5
:1088100081026261E16A01EB8101244A52F8211070
:10882000491CE26A02EB8202204B43F8221010E05E
:108830001F494868E0618268226204F11801826879
:10884000516081601A4AA26211460968491C116090
:1088500000BF1849E06A0968C96A884204D901253D
:1088600001201549086000E00025284670BD000081
:108870002E2E5C2E2E5C4D6964646C65776172658A
:10888000735C4672656552544F535C7461736B73CD
:108890002E6300004572726F723A2025732C2025DA
:1088A000640D0A00C8000024A4000024807D072471
:1088B000288007248C000024B000002470B5002418
:1088C00000265048006828B940F6B3024EA157A0D0
:1088D000F7F706FCFEF764FE4A480068401E494967
:1088E00008600846006800287ED1544800680028C7
:1088F0007AD05BE05248C068C468A06AD4E9071225
:108900008A60D4E907214A6004F1180142688A426A
:1089100001D1216A41600022A2620168491E016002
:108920006069D4E902128A60D4E902214A60211DFB
:1089300042688A4201D1E1684160002262610168B7
:10894000491E016094F82C10012088403D490968B7
:1089500008433C490860E16A01EB81013A4A02EBB5
:1089600081014868A0608268E260211D82685160D0
:108970008160E16A01EB8101334A02EB81026261AD
:10898000E16A01EB8101304A52F82110491CE26A88
:1089900002EB82022C4B43F822102C49E06A096852
:1089A000C96A884202D30120294908602448006826
:1089B00008B9012000E0002000289BD00CB1FEF790
:1089C0008FFA2448056865B100BFFFF755FD10B167
:1089D00001201F4908606D1E002DF6D100201D49A1
:1089E00008601B48006800E008E038B10126300745
:1089F00019490860BFF34F8FBFF36F8FFEF720FE5A
:108A0000304670BDC80000242E2E5C2E2E5C4D69B1
:108A100064646C6577617265735C46726565525417
:108A20004F535C7461736B732E6300004572726FF9
:108A3000723A2025732C2025640D0A009C00002426
:108A400028800724A4000024807D07248C000024B3
:108A5000B0000024AC00002404ED00E01CB50024AC
:108A6000FDF72AFE0B48006858B10B481F21002370
:108A70004FF48072CDE9001008A10A48FFF7B6FC58
:108A800004462CB940F2191207A110A0F7F728FBF1
:108A900020461CBDDC000024E0000024546D722040
:108AA00053766300217000902E2E5C2E2E5C4D6953
:108AB00064646C6577617265735C46726565525477
:108AC0004F535C74696D6572732E63004572726FEB
:108AD000723A2025732C2025640D0A000000000046
:108AE0000000000000000000000000003F40000007
:108AF0000000000000003000400030004000000096
:108B000009000BC03D000BC03D00090018C0244007
:108B10007FE0224031800000180024C01B000D803F
:108B20003240018003801C4027401C8007400040E9
:108B300010006000000000000000000000000000C5
:108B400000001F80204040200000402020401F8067
:108B500000000000090006001F8006000900000058
:108B6000040004003F8004000400000000100060C6
:108B700000000000000000000400040004000400E5
:108B800004000000000000400000000000000000A1
:108B9000002001C006003800400000001F80204077
:108BA000204020401F800000000010403FC00040D7
:108BB0000000000018C0214022402440184000005E
:108BC00010802040244024401B80000002000D0043
:108BD00011003FC0014000003C802440244024405C
:108BE000238000001F802440244034400380000084
:108BF0003000200027C03800200000001B802440E7
:108C0000244024401B8000001C0022C0224022403F
:108C10001F8000000000000008400000000000006D
:108C200000000000046000000000000000000400DC
:108C30000A001100208040400900090009000900D5
:108C40000900000000004040208011000A000400DC
:108C50001800200023402400180000001F8020403E
:108C6000274029401F400000004007C039000F0086
:108C700001C0004020403FC0244024401B80000031
:108C80001F802040204020403080000020403FC016
:108C9000204020401F80000020403FC024402E4044
:108CA00030C0000020403FC024402E0030000000B3
:108CB0000F001080204022403380020020403FC03F
:108CC000040004003FC02040204020403FC020401E
:108CD000204000000060202020203FC02000200015
:108CE00020403FC024400B0030C0204020403FC007
:108CF00020400040004000C03FC03C0003C03C009A
:108D00003FC0000020403FC00C4023003FC0200077
:108D10001F802040204020401F80000020403FC096
:108D200024402400180000001F802140214020E042
:108D30001FA0000020403FC02440260019C0004072
:108D400018C02440244022403180000030002040E0
:108D50003FC020403000000020003F800040004025
:108D60003F80200020003E0001C0070038002000A6
:108D7000380007C03C0007C038000000204039C060
:108D8000060039C0204000002000384007C03840AD
:108D900020000000304021C02640384020C00000A4
:108DA000000000007FE04020402000000000700034
:108DB0000C000380004000000000402040207FE0C5
:108DC0000000000000002000400020000000000023
:108DD0000010001000100010001000100000000033
:108DE0004000000000000000000002800540054037
:108DF00003C0004020003FC0044004400380000046
:108E0000000003800440044006400000000003808E
:108E1000044024403FC0004000000380054005405E
:108E200003400000000004401FC0244024402000F4
:108E3000000002E0055005500650042020403FC0CD
:108E40000440040003C000400000044027C000406C
:108E50000000000000100010041027E000000000D7
:108E600020403FC00140070004C004402040204093
:108E70003FC000400040000007C0040007C00400DD
:108E800003C00000044007C00440040003C00040C9
:108E9000000003800440044003800000041007F039
:108EA000045004400380000000000380044004508C
:108EB00007F00010044007C0024004000400000056
:108EC000000006400540054004C00000000004000A
:108ED0001F80044000400000040007800040044060
:108EE00007C000400400070004C001800600040021
:108EF000060001C0070001C006000000044006C0D3
:108F0000010006C0044000000410071004E00180C6
:108F1000060004000000044005C0064004400000B4
:108F20000000000004007BE0402000000000000082
:108F30000000FFF000000000000040207BE0040083
:108F400000000000400080004000200020004000A1
:108F50000000000000000000000000000000000011
:108F60000000000000001FCC000C0000000000000A
:108F700000000800300060000800300060000000C1
:108F8000022003FC1E20022003FC1E200220000001
:108F900000000E1811043FFF10840C780000000040
:108FA0000F0010840F3800C0077818840078000084
:108FB00000780F8410C411240E9800E40084000887
:108FC00008006800700000000000000000000000C1
:108FD00000000000000007E0181820044002000014
:108FE000000040022004181807E000000000000004
:108FF0000240024001800FF0018002400240000068
:109000000080008000800FF8008000800080000059
:109010000001000D000E0000000000000000000034
:1090200000000080008000800080008000800080C0
:109030000000000C000C0000000000000000000018
:1090400000000006001800600180060018002000E3
:10905000000007F0080810041004080807F00000DA
:109060000000080408041FFC0004000400000000C5
:1090700000000E0C10141024104411840E0C00007B
:1090800000000C1810041104110412880C70000068
:10909000000000E00320042408241FFC002400003A
:1090A00000001F9810841104110410881070000033
:1090B000000007F0088811041104188800700000EF
:1090C00000001C00100010FC13001C001000000029
:1090D00000000E3811441084108411440E38000032
:1090E00000000700088C10441044088807F00000B6
:1090F000000000000000030C030C00000000000052
:109100000000000000010106000000000000000057
:109110000000008001400220041008081004000034
:109120000220022002200220022002200220000051
:109130000000100408080410022001400080000014
:1091400000000E001200100C106C10800F000000C8
:1091500003E00C1813E4142417C4082807D00000F7
:109160000004003C03C41C40074000E4001C000451
:1091700010041FFC1104110411040E88007000007B
:1091800003E00C1810041004100410081C10000058
:1091900010041FFC100410041004080807F000005D
:1091A00010041FFC1104110417C410040818000057
:1091B00010041FFC1104110017C01000080000006B
:1091C00003E00C181004100410441C780040000048
:1091D00010041FFC10840080008010841FFC100409
:1091E0000000100410041FFC100410040000000014
:1091F00000030001100110011FFE1000100000000C
:1092000010041FFC110403801464181C10040000D7
:1092100010041FFC1004000400040004000C0000F3
:1092200010041FFC1F0000FC1F001FFC10040000A6
:1092300010041FFC0C04030000E010181FFC1000B9
:1092400007F00808100410041004080807F00000D4
:1092500010041FFC10841080108010800F0000008C
:1092600007F0081810241024101C080A07F2000048
:1092700010041FFC1104110011C011300E0C000469
:1092800000000E1C11041084108410441C380000CF
:109290001800100010041FFC10041000180000003B
:1092A00010001FF810040004000410041FF8100040
:1092B00010001E0011E0001C007013801C00100044
:1092C0001FC0103C00E01F0000E0103C1FC0000069
:1092D0001004180C163401C001C01634180C100408
:1092E00010001C00130400FC13041C0010000000FC
:1092F0000804101C1064108413041C0410180000CF
:109300000000000000007FFE40024002400200001A
:10931000000030000C0003800060001C000300000F
:1093200000004002400240027FFE000000000000FA
:10933000000000002000400040004000200000002D
:109340000001000100010001000100010001000115
:10935000000040004000200000000000000000006D
:1093600000000098012401440144014400FC000471
:1093700010001FFC00880104010400880070000038
:10938000000000700088010401040104008800004E
:109390000000007000880104010411081FFC000493
:1093A000000000F8014401440144014400C80000E9
:1093B0000000010401040FFC110411041100180045
:1093C000000000D601290129012901C90106000078
:1093D00010041FFC008401000100010400FC0004D3
:1093E00000000104190419FC00040004000000003E
:1093F0000000000300010101190119FE0000000036
:1094000010041FFC0024004001B4010C0104000002
:109410000000100410041FFC000400040000000001
:10942000010401FC0104010001FC0104010000FC35
:10943000010401FC008401000100010400FC00049F
:10944000000000F8010401040104010400F8000018
:10945000010101FF00850104010400880070000083
:1094600000000070008801040104010501FF0001F3
:109470000104010401FC00840104010001800000DA
:10948000000000CC012401240124012401980000E3
:1094900000000100010007F80104010400000000C1
:1094A000010001F8000400040004010801FC0004AC
:1094B000010001800170000C0010016001800100BA
:1094C00001F0010C003001C00030010C01F001007E
:1094D00000000104018C00740170018C0104000083
:1094E000010101810171000E00180160018001007D
:1094F00000000184010C013401440184010C0000CE
:10950000000000000000000001003EFC400240029C
:109510000000000000000000FFFF0000000000004D
:109520000000400240023EFC01000000000000007C
:10953000000060008000800040004000200020000B
:10954000000000000000000000000000000000001B
:10955000000000000000000000000000000000000B
:1095600000000000000000000000000000000000FB
:109570000000000F80380FFE380F80380000000018
:1095800000000000000000000000000000000100DA
:10959000000600000C00003800003100000600004A
:1095A0000C00003800003000000000000000000047
:1095B00061800067F807F9800061800061800061C8
:1095C000800061800067F807F9800061800000007A
:1095D00000000000000001C0E003E0F006300804D5
:1095E00018081FFFFE040E080787F00381E0000043
:1095F0000000000001F000060C00040408060C70D6
:1096000001F9C0000E00003BE000EC180708080458
:109610000C180003E00000000001E00007F003F870
:1096200018041C0804170807E1D003C0E00023B0A9
:10963000003C0800200800001000000000000001AD
:1096400000003100003200001C000000000000009B
:10965000000000000000000000000000000000000A
:1096600000000000000000000000000000000000FA
:109670007F0001FFC00780F00C00181000042000DC
:10968000020000000000002000021000040C00187E
:109690000780F001FFC0007F000000000000000014
:1096A0000000000000000000000000004200006612
:1096B00000006600003C0000180003FFC000180016
:1096C000003C000066000066000042000000000050
:1096D000080000080000080000080000080001FF62
:1096E000C000080000080000080000080000080092
:1096F00000000000000100003100003200001C00EA
:109700000000000000000000000000000000000059
:109710000000000000000000080000080000080031
:109720000008000008000008000008000008000011
:109730000800000800000000000000000000000019
:109740003800003800003800000000000000000071
:109750000000000000000000000000000000000009
:10976000000600001C000070000180000E000038A0
:109770000000C0000700001C0000300000000000D6
:10978000000000007F8001FFE003807006001804E5
:10979000000804000806001803807001FFE0007F45
:1097A0008000000000000000000001000801000827
:1097B00001000803FFF807FFF80000080000080098
:1097C000000800000000000000000001C03802C0D6
:1097D00058040098040118040218040418061C1800
:1097E00003F81801E0F8000000000000000000018C
:1097F000C0E003C0F00400080408080408080618C4
:109800000803F41801E7F00001E000000000000088
:10981000000000000300000D0000110000610000C6
:10982000810803010807FFF80FFFF8000108000195
:10983000080000000000000000E007FCD006080857
:10984000061008061008061008061838060FF0065D
:1098500007C0000000000000000000003F8001FF82
:10986000E0038430020818041008041008041008EB
:10987000071810030FF00007C000000000000000F0
:10988000000003C0000700000600000600F80607FD
:10989000F806180006E000070000060000000000BF
:1098A00000000001E1E003F7F0063410041808049A
:1098B0001808040C08040C0806161803F3F001C17C
:1098C000E000000000000000F80003FC3003063850
:1098D0000402080402080402080404100308F0014A
:1098E000FFC0007F0000000000000000000000003A
:1098F0000000000000000000703800703800703870
:109900000000000000000000000000000000000057
:10991000000000000000000000000000301A0030CD
:109920001C0000000000000000000000000000001B
:1099300000000000000000080000140000220000E9
:109940004100008080010040020020040010080057
:10995000080000000000000021000021000021009C
:109960000021000021000021000021000021000052
:10997000210000210000000000000000000008009D
:109980000804001002002001004000808000410017
:109990000022000014000008000000000000000386
:1099A000C00004C000040000080038080F38080890
:1099B000380810000C300007E00003C00000000071
:1099C000000000003F8000FFE0038070020F1006DF
:1099D000708804C088048308047F8802C090030153
:1099E0002000FE400000080000180001F8003E08BA
:1099F00001C20007020007E20000FE00001FC800CD
:109A000001F800003800000804000807FFF807FF0D
:109A1000F8040808040808040808040808061808D8
:109A200003F41801E7F00001E0000000000000006E
:109A30003F8001FFE003807002001804000804006A
:109A4000080400080400100600200780C000000081
:109A500004000807FFF807FFF804000804000804E2
:109A6000000804001802001003807001FFE0007F6E
:109A70008000000004000807FFF807FFF80408084A
:109A8000040808040808040808043E08040008063E
:109A9000001801006000000004000807FFF807FF3D
:109AA000F8040808040800040800040800043E0044
:109AB0000600000600000180000000000000000019
:109AC0003F8001FFE00380700600180400080402D4
:109AD000080402080203F00783F0000200000200FD
:109AE00004000807FFF807FFF80408080008000052
:109AF000080000080000080004080807FFF807FF36
:109B0000F804000800000000000004000804000839
:109B100004000807FFF807FFF80400080400080421
:109B20000008000000000000000000000006000027
:109B30000700000104000104000104000307FFFE08
:109B400007FFFC04000004000004000004000807F4
:109B5000FFF807FFF8040C08001800003E0004C7D7
:109B6000800503C80600F804003804001800000847
:109B700004000807FFF807FFF804000800000800C9
:109B8000000800000800000800000800001800009D
:109B90006000000004000807FFF807800807FC00C9
:109BA000007FC00003F80007C000780007800807A6
:109BB000FFF807FFF804000804000807FFF8070093
:109BC0000803C00000E000003800001E000007008D
:109BD0000001C00400F007FFF804000000000000CE
:109BE0007F8001FFE0038070060018040008040075
:109BF0000806001803003001FFE0007F800000002D
:109C000004000807FFF807FFF80404080404000430
:109C10000400040400040400060C0003F80001F032
:109C200000000000000000007F8001FFE003807062
:109C30000600880400880400C806003C03003E01BA
:109C4000FFE6007F8400000004000807FFF807FF1C
:109C5000F8040808040800040C00040F00040BC0FA
:109C60000610F003F03801E00800000800000001D1
:109C7000E0F803F030063010041808041808040C4B
:109C800008040C080206180207F00781E000000033
:109C90000180000600000400000400000400080722
:109CA000FFF807FFF80400080400000400000600A5
:109CB0000001800004000007FFE007FFF004001827
:109CC0000000080000080000080000080000080468
:109CD000001007FFE004000004000006000007E099
:109CE0000007FE00041FE00001F80000380001E05A
:109CF000043E0007C0000600000400000400000746
:109D0000E00007FFC0041FF80007C007F80007FFC6
:109D100080043FF80007C004F800070000040000BA
:109D200000000004000806001807C07805F1C8000C
:109D30003E00001F800463E80780F8060018040056
:109D40000800000004000006000007800007E0088B
:109D5000047C08001FF80007F800180804E0080752
:109D600000000600000400000000000100080600DA
:109D7000380400F80403E8040F08047C0805F00820
:109D800007C0080700180400600000000000000081
:109D900000000000000000000000003FFFFE200067
:109DA0000220000220000220000220000200000029
:109DB00000000000000008000007000000C00000D4
:109DC00038000006000001C000003000000E000056
:109DD000010000000000000000002000022000023E
:109DE0002000022000022000023FFFFE00000000D1
:109DF0000000000000000000000000000000000063
:109E000000080000100000300000200000300000BA
:109E10001000000800000000000000000000010029
:109E2000000100000100000100000100000100002D
:109E3000010000010000010000010000010000011C
:109E400000000000000000000020000020000010C2
:109E500000001000000000000000000000000000F2
:109E6000000000000000000000F00019F8001B18BE
:109E7000002208002608002408002410003FF800F3
:109E80001FF800000800001800000004000007FF91
:109E9000F80FFFF000181800100800200800200834
:109EA000003018001FF0000FC0000000000000008C
:109EB00007C0001FF0001830002008002008002014
:109EC00008003C08001C10000060000000000000BA
:109ED0000000000007C0001FF00038180020080034
:109EE000200800200804101007FFF80FFFF0000002
:109EF000100000000000000000000007C0001FF07C
:109F00000012300022180022080022080032080047
:109F10001E10000E200000000000000020000020A5
:109F20000800200801FFF803FFF8062008042008B5
:109F300004200807200003000000000000000000CB
:109F4000000E000E6E001FF30031B10020B10020A2
:109F5000B1003191001F13002E1E00200E003000B2
:109F600000000004000807FFF80FFFF800100800C9
:109F70002000002000002008003FF8001FF800002B
:109F80000800000000000000000000200800200879
:109F9000002008063FF8063FF8000008000008000F
:109FA00000080000000000000000000000000000A9
:109FB00003000003002001002001002003063FFEF3
:109FC000063FFC000000000000000000000000044C
:109FD000000807FFF80FFFF8000188000300002FBA
:109FE000C00038F8002038002008000008000000F9
:109FF0000000000000000400080400080400080736
:10A00000FFF80FFFF800000800000800000800003B
:10A0100000000000002008003FF8003FF800100892
:10A02000002000003FF8003FF8001008002000006A
:10A030003FF8003FF8000008000000002008003F43
:10A04000F8003FF800100800100000200000200871
:10A05000003FF8001FF800000800000000000000AA
:10A0600007C0000FF0001830003008002008002062
:10A0700008003008001830000FF00007C000000092
:10A08000000000002001003FFF003FFF0010110012
:10A090002009002008002008003038001FF0000FC1
:10A0A000C00000000000000007C0001FF0003818CA
:10A0B000002008002008002009001011001FFF00E8
:10A0C0003FFF0000010000000020080020080020E1
:10A0D00008003FF8003FF8000808001008002008BA
:10A0E00000200000300000300000000000000000F0
:10A0F0000000000C78001E1800330800230800211F
:10A10000080021880021980030F00038600000002D
:10A1100000000000200000200000200000FFF003ED
:10A12000FFF8002008002008002008000030000090
:10A1300000000000000000002000003FF0007FF859
:10A14000000018000008000008002010003FF80080
:10A150007FF0000010000000000000002000003030
:10A1600000003C00003F800023F0000078000070F9
:10A17000002380003C000030000020000020000090
:10A180003C00003FE00023F80000E0002700003E14
:10A1900000003FE00021F80001E0003E0000200048
:10A1A000000000002008002008003838003E680049
:10A1B00027800003C8002CF8003838002018002041
:10A1C00008000000000000002000003003003C01F7
:10A1D000003F830023EC000070002380003C00005F
:10A1E00020000020000000000000000000000038F7
:10A1F000080020380020F80023E8002F88003E08DF
:10A200000038080020180000700000000000000066
:10A210000000000000000000000000000800001422
:10A22000001FF7FC300006200002000000000000C4
:10A23000000000000000000000000000000000001E
:10A240000000FFFFFF000000000000000000000011
:10A2500000000000000000000000200002300006A6
:10A260001FF7FC00140000080000000000000000C0
:10A270000000000000000000000000180000600066
:10A280000040000040000020000010000008000016
:10A290000400000400000C0000100000000000009A
:10A2A00000000000000000000000000000000000AE
:10A2B000000000000000000000000000000000009E
:10A2C000000000000000000000000000000000008E
:10A2D000000000000000000000000000000000007E
:10A2E000000000000000000000000000000000006E
:10A2F000000000000000000000000000000000005E
:10A30000000000000000000000000000000000004D
:10A31000000000000000000000000000000000003D
:10A32000000000000000000000000000000000002D
:10A330000000000007F000C007FFE1E007F001E0C7
:10A34000000000C00000000000000000000000004D
:10A3500000000000000000000000000000000000FD
:10A3600000000000000000000000000000000000ED
:10A3700000000000000000000000000000000000DD
:10A3800000000000000000000000000000000000CD
:10A3900000000000000000000000000000000000BD
:10A3A000000000000020000001C000000780000045
:10A3B0001F0000001E0000001C20000001C0000063
:10A3C000078000001F0000001E0000001C000000AD
:10A3D000000000000000000000000000000000007D
:10A3E000000000000000000000000000000000006D
:10A3F000000000000000000000000000000000005D
:10A40000000000000000000000000000000000004C
:10A41000000000000000000000000000000000003C
:10A4200000180C0000180C0000180FE0001FFC00C2
:10A4300003F80C0000180C0000180C0000180C00A9
:10A4400000180C0000180FE0001FFC0003F80C00BF
:10A4500000180C0000180C000000000000000000B4
:10A4600000000000000000000000000000000000EC
:10A4700000000000000000000000000000000000DC
:10A4800000000000000000000000000000000000CC
:10A4900000000000000000000000000000000000BC
:10A4A0000000000000000780007807C000FC0640A4
:10A4B000010E002003070020020380200FFFFFFC95
:10A4C0000201C0200200E0600130704001F03F80D6
:10A4D00000F01F000000000000000000000000006D
:10A4E000000000000000000000000000000000006C
:10A4F000000000000000000000000000000000005C
:10A50000000000000000000000000000000000004B
:10A5100000000000000000000000000000FE00003D
:10A5200001FF00000301800002008060030181C080
:10A5300001FF070000FE18000000E0000003BF005C
:10A54000000CFFC00071806001C100200301806029
:10A550000000FFC000003F000000000000000000FD
:10A5600000000000000000000000000000000000EB
:10A5700000000000000000000000000000000000DB
:10A5800000000000000000000000000000000000CB
:10A5900000000000000000000000000000001F009C
:10A5A00000007FC000FCC0C001FF80600303E0200A
:10A5B0000202782002061E2003FC074001F00380FF
:10A5C000000103C000011C600001E0200001002028
:10A5D00000010040000001800000000000000000B9
:10A5E000000000000000000000000000000000006B
:10A5F000000000000000000000000000000000005B
:10A60000000000000000000000000000000000004A
:10A61000000000000000000000000000000000003A
:10A62000002000001C6000001C4000001F80000093
:10A630000F0000000000000000000000000000000B
:10A64000000000000000000000000000000000000A
:10A6500000000000000000000000000000000000FA
:10A6600000000000000000000000000000000000EA
:10A6700000000000000000000000000000000000DA
:10A6800000000000000000000000000000000000CA
:10A6900000000000000000000000000000000000BA
:10A6A00000000000000000000000000000000000AA
:10A6B00000000000000000000007F800003FFF005D
:10A6C000007807C001C000E003000030040000086B
:10A6D000080000041000000200000000000000005C
:10A6E000000000000000000000000000000000006A
:10A6F000000000000000000000000000000000005A
:10A700000000000000000000000000000000000049
:10A710000000000000000000000000000000000039
:10A7200010000002080000040400000803000030CC
:10A7300001C000E0007807C0003FFF000007F800FC
:10A740000000000000000000000000000000000009
:10A7500000000000000000000000000000000000F9
:10A7600000000000000000000000000000000000E9
:10A7700000000000000000000000000000000000D9
:10A7800000000000000000000000000000000000C9
:10A7900000000000000000000000000000000000B9
:10A7A00000000000000C1800000E3800000E3800F9
:10A7B00000063000000360000061438000FFFF805E
:10A7C000006143000003600000063000000E380006
:10A7D000000E3800000C180000000000000000000F
:10A7E0000000000000000000000000000000000069
:10A7F0000000000000000000000000000000000059
:10A800000000000000000000000000000000000048
:10A810000000000000000000000000000000000038
:10A8200000000000000080000000800000008000A8
:10A83000000080000000800000008000007FFF001A
:10A840000000800000008000000080000000800008
:10A8500000008000000080000000000000000000F8
:10A8600000000000000000000000000000000000E8
:10A8700000000000000000000000000000000000D8
:10A8800000000000000000000000000000000000C8
:10A8900000000000000000000000000000000000B8
:10A8A00000000001000000E3000000E2000000FCE6
:10A8B0000000007800000000000000000000000020
:10A8C0000000000000000000000000000000000088
:10A8D0000000000000000000000000000000000078
:10A8E0000000000000000000000000000000000068
:10A8F0000000000000000000000000000000000058
:10A900000000000000000000000000000000000047
:10A910000000000000000000000000000000000037
:10A920000000800000008000000080000000800027
:10A930000000800000008000000080000000800017
:10A940000000800000008000000080000000800007
:10A9500000008000000080000000000000000000F7
:10A9600000000000000000000000000000000000E7
:10A9700000000000000000000000000000000000D7
:10A9800000000000000000000000000000000000C7
:10A9900000000000000000000000000000000000B7
:10A9A00000000000000000C0000001E0000001E025
:10A9B000000000C0000000000000000000000000D7
:10A9C0000000000000000000000000000000000087
:10A9D0000000000000000000000000000000000077
:10A9E0000000000000000000000000000000000067
:10A9F0000000000000000000000000000000000057
:10AA00000000000000000000000000000000000046
:10AA10000000000000000000000000000000000036
:10AA20000000000C00000038000000E0000003807F
:10AA300000000E00000038000000E000000380006D
:10AA4000000E00000038000000E00000038000005D
:10AA50000E000000180000000000000000000000D0
:10AA600000000000000000000000000000000000E6
:10AA700000000000000000000000000000000000D6
:10AA800000000000000000000000000000000000C6
:10AA900000000000000000000000000000000000B6
:10AAA00000000000000FF800007FFF0000F00780AA
:10AAB000018000C0030000600200002002000020AE
:10AAC0000200002003000060018000C000E003805D
:10AAD000007FFF00000FF8000000000000000000F1
:10AAE0000000000000000000000000000000000066
:10AAF0000000000000000000000000000000000056
:10AB00000000000000000000000000000000000045
:10AB10000000000000000000000000000000000035
:10AB200000000000000000000080002000800020E5
:10AB3000008000200080006001FFFFE003FFFFE0D5
:10AB40000000006000000020000000200000002045
:10AB500000000000000000000000000000000000F5
:10AB600000000000000000000000000000000000E5
:10AB700000000000000000000000000000000000D5
:10AB800000000000000000000000000000000000C5
:10AB900000000000000000000000000000000000B5
:10ABA00000000000007800E00098016001000260F1
:10ABB00002000460020008600200106002002060D1
:10ABC00002004060030080600183006001FE00E03D
:10ABD000007C078000000000000000000000000072
:10ABE0000000000000000000000000000000000065
:10ABF0000000000000000000000000000000000055
:10AC00000000000000000000000000000000000044
:10AC10000000000000000000000000000000000034
:10AC20000000000000F0078001F007C001000040B4
:10AC30000200002002010020020100200201002089
:10AC4000030380200186804001FCC0C000787F8023
:10AC500000001E00000000000000000000000000D6
:10AC600000000000000000000000000000000000E4
:10AC700000000000000000000000000000000000D4
:10AC800000000000000000000000000000000000C4
:10AC900000000000000000000000000000000000B4
:10ACA0000000080000003800000048000001880093
:10ACB00000060800000C08100030081000400810C2
:10ACC00001FFFFF003FFFFF003FFFFF0000008109B
:10ACD0000000081000000810000000000000000044
:10ACE0000000000000000000000000000000000064
:10ACF0000000000000000000000000000000000054
:10AD00000000000000000000000000000000000043
:10AD10000000000000000000000000000000000033
:10AD20000000000000000780001F864003E10020B3
:10AD30000302002003040020030400200304002079
:10AD40000304002003060040030301C00301FF8049
:10AD500003007E0000000000000000000000000072
:10AD600000000000000000000000000000000000E3
:10AD700000000000000000000000000000000000D3
:10AD800000000000000000000000000000000000C3
:10AD900000000000000000000000000000000000B3
:10ADA000000000000007FC00003FFF000070C380AF
:10ADB000008180C001010060030200200202002027
:10ADC00002020020020200200203004001C180C0F4
:10ADD00000C0FF8000007E000000000000000000B6
:10ADE0000000000000000000000000000000000063
:10ADF0000000000000000000000000000000000053
:10AE00000000000000000000000000000000000042
:10AE10000000000000000000000000000000000032
:10AE20000000000000F0000003C0000003800000EC
:10AE300003000000030007E003003FE00301C0003F
:10AE400003060000031800000360000003800000F8
:10AE500003000000000000000000000000000000EF
:10AE600000000000000000000000000000000000E2
:10AE700000000000000000000000000000000000D2
:10AE800000000000000000000000000000000000C2
:10AE900000000000000000000000000000000000B2
:10AEA00000001F0000783F8000FC60C0018EC040A1
:10AEB000030780200203002002018020020180207D
:10AEC0000201C0200301E040018670C000FC3F8009
:10AED00000781F00000000000000000000000000DB
:10AEE0000000000000000000000000000000000062
:10AEF0000000000000000000000000000000000052
:10AF00000000000000000000000000000000000041
:10AF10000000000000000000000000000000000031
:10AF2000003F000000FF81C001C0C1C001006020DF
:10AF300002002020020020200200202002002060C9
:10AF4000020040C00100C18000C18F00007FFE00F0
:10AF5000001FF000000000000000000000000000E2
:10AF600000000000000000000000000000000000E1
:10AF700000000000000000000000000000000000D1
:10AF800000000000000000000000000000000000C1
:10AF900000000000000000000000000000000000B1
:10AFA00000000000000000000000000000000000A1
:10AFB00000000000000300C0000781E0000781E0FE
:10AFC000000300C0000000000000000000000000BE
:10AFD0000000000000000000000000000000000071
:10AFE0000000000000000000000000000000000061
:10AFF0000000000000000000000000000000000051
:10B000000000000000000000000000000000000040
:10B010000000000000000000000000000000000030
:10B020000000000000000000000000000000000020
:10B030000000000000060066000600780000000026
:10B040000000000000000000000000000000000000
:10B0500000000000000000000000000000000000F0
:10B0600000000000000000000000000000000000E0
:10B0700000000000000000000000000000000000D0
:10B0800000000000000000000000000000000000C0
:10B0900000000000000000000000000000000000B0
:10B0A00000000000000080000001C00000036000FC
:10B0B00000063000000C180000180C0000300600DC
:10B0C0000060030000C00180010000400200002079
:10B0D000040000100000000000000000000000005C
:10B0E0000000000000000000000000000000000060
:10B0F0000000000000000000000000000000000050
:10B10000000000000000000000000000000000003F
:10B11000000000000000000000000000000000002F
:10B1200000041000000410000004100000041000CF
:10B1300000041000000410000004100000041000BF
:10B1400000041000000410000004100000041000AF
:10B1500000041000000410000000000000000000C7
:10B1600000000000000000000000000000000000DF
:10B1700000000000000000000000000000000000CF
:10B1800000000000000000000000000000000000BF
:10B1900000000000000000000000000000000000AF
:10B1A0000000000004000010020000200100004028
:10B1B00000C00180006003000030060000180C0091
:10B1C000000C180000063000000360000001C00001
:10B1D00000008000000000000000000000000000EF
:10B1E000000000000000000000000000000000005F
:10B1F000000000000000000000000000000000004F
:10B20000000000000000000000000000000000003E
:10B21000000000000000000000000000000000002E
:10B22000000000000078000001F800000238000073
:10B2300002000000040000C0040079E0040081E086
:10B24000040100C004030000020200000306000025
:10B2500001FC000000F800000000000000000000F9
:10B2600000000000000000000000000000000000DE
:10B2700000000000000000000000000000000000CE
:10B2800000000000000000000000000000000000BE
:10B2900000000000000000000000000000000000AE
:10B2A000000FF800003FFE000070078000C000C0E3
:10B2B0000101F8400307FC20021E04200230082090
:10B2C00002203020023FFC20013F044001800CC0DE
:10B2D00000E03180001FC2000000000000000000FC
:10B2E000000000000000000000000000000000005E
:10B2F000000000000000000000000000000000004E
:10B30000000000000000000000000000000000003D
:10B31000000000000000000000000000000000200D
:10B3200000000060000003E000003E200003E02079
:10B33000003E200003E020000380200007FC2000E6
:10B34000003FE0000003FE2000003FE0000001E0BD
:10B3500000000020000000200000000000000000AD
:10B3600000000000000000000000000000000000DD
:10B3700000000000000000000000000000000000CD
:10B3800000000000000000000000000000000000BD
:10B3900000000000000000000000000000000000AD
:10B3A000020000200200002003FFFFE003FFFFE097
:10B3B0000201002002010020020100200201002001
:10B3C00002010020030300200186806001FCC0C050
:10B3D00000F87F8000001F00000000000000000057
:10B3E000000000000000000000000000000000005D
:10B3F000000000000000000000000000000000004D
:10B40000000000000000000000000000000000003C
:10B41000000000000000000000000000000000002C
:10B420000007F800003FFF000070078000C000C068
:10B430000100004003000020020000200200002064
:10B44000020000200200002001000040018000C036
:10B4500003C0018000300600000000000000000072
:10B4600000000000000000000000000000000000DC
:10B4700000000000000000000000000000000000CC
:10B4800000000000000000000000000000000000BC
:10B4900000000000000000000000000000000000AC
:10B4A000020000200200002003FFFFE003FFFFE096
:10B4B0000200002002000020020000200200002004
:10B4C0000300006001000040018000C000F0078020
:10B4D000007FFE00000FF8000000000000000000E8
:10B4E000000000000000000000000000000000005C
:10B4F000000000000000000000000000000000004C
:10B50000000000000000000000000000000000003B
:10B51000000000000000000000000000000000002B
:10B52000020000200200002003FFFFE003FFFFE015
:10B53000020100200201002002010020020100207F
:10B540000201002002038020020FE02003000060BF
:10B5500003C000E0006003000000000000000000E5
:10B5600000000000000000000000000000000000DB
:10B5700000000000000000000000000000000000CB
:10B5800000000000000000000000000000000000BB
:10B5900000000000000000000000000000000000AB
:10B5A000020000200200002003FFFFE003FFFFE095
:10B5B000020100200201002002010000020100003F
:10B5C000020100000201000002038000030FE000FE
:10B5D0000300000003C00000006000000000000045
:10B5E000000000000000000000000000000000005B
:10B5F000000000000000000000000000000000004B
:10B60000000000000000000000000000000000003A
:10B61000000000000000000000000000000000002A
:10B620000007F800003FFE000070078001C001C065
:10B630000100004003000020020000200200002062
:10B6400002000020010020200100204003C03F80B4
:10B6500000303F80000020000000200000000000BB
:10B6600000000000000000000000000000000000DA
:10B6700000000000000000000000000000000000CA
:10B6800000000000000000000000000000000000BA
:10B690000000000000000000000000000200002088
:10B6A0000200002003FFFFE003FFFFE00200802014
:10B6B0000200802000008000000080000000800068
:10B6C000020080200200802003FFFFE003FFFFE074
:10B6D0000200002002000020000000000000000026
:10B6E000000000000000000000000000000000005A
:10B6F000000000000000000000000000000000004A
:10B700000000000000000000000000000000000039
:10B710000000000000000000000000000000000029
:10B7200000000000000000000200002002000020D5
:10B73000020000200200002003FFFFE003FFFFE003
:10B740000200002002000020020000200200002071
:10B7500000000000000000000000000000000000E9
:10B7600000000000000000000000000000000000D9
:10B7700000000000000000000000000000000000C9
:10B7800000000000000000000000000000000000B9
:10B7900000000000000000000000000000000000A9
:10B7A0000000000E0000000F0000000F000000016C
:10B7B0000200000102000001020000030200000676
:10B7C00003FFFFFC03FFFFF802000000020000007F
:10B7D0000200000002000000000000000000000065
:10B7E0000000000000000000000000000000000059
:10B7F0000000000000000000000000000000000049
:10B800000000000000000000000000000000000038
:10B810000000000000000000000000000000000028
:10B82000020000200200002003FFFFE003FFFFE012
:10B830000200C0200201002000078000000FE0008D
:10B840000030F80002603E2003800F20030003E078
:10B85000020000E0020000200000002000000000C4
:10B8600000000000000000000000000000000000D8
:10B8700000000000000000000000000000000000C8
:10B8800000000000000000000000000000000000B8
:10B8900000000000000000000000000000000000A8
:10B8A000020000200200002003FFFFE003FFFFE092
:10B8B0000200002002000020000000200000002004
:10B8C00000000020000000200000002000000060B8
:10B8D000000000E000000300000000000000000085
:10B8E0000000000000000000000000000000000058
:10B8F0000000000000000000000000000000000048
:10B900000000000000000000000000000000000037
:10B910000000000000000000000000000200002005
:10B920000200002003FFFFE003E0002003FF0020EF
:10B93000001FF0000001FF8000000FE000001E006B
:10B940000003E000003E002003E0002003FFFFE0D2
:10B9500003FFFFE0020000200200002000000000C2
:10B9600000000000000000000000000000000000D7
:10B9700000000000000000000000000000000000C7
:10B9800000000000000000000000000000000000B7
:10B990000000000000000000000000000200002085
:10B9A0000200002003FFFFE00380002003F00020DE
:10B9B00000FC0000001F00000007C0000001F000B4
:10B9C00000007C0002001F80020007E003FFFFE090
:10B9D0000200000002000000000000000000000063
:10B9E0000000000000000000000000000000000057
:10B9F0000000000000000000000000000000000047
:10BA00000000000000000000000000000000000036
:10BA10000000000000000000000000000000000026
:10BA2000000FF800003FFE0000F00780018000C01A
:10BA3000010000400200002002000020020000205F
:10BA40000200002001000040018000C000F00380DF
:10BA5000003FFE00000FF8000000000000000000A2
:10BA600000000000000000000000000000000000D6
:10BA700000000000000000000000000000000000C6
:10BA800000000000000000000000000000000000B6
:10BA900000000000000000000000000000000000A6
:10BAA000020000200200002003FFFFE003FFFFE090
:10BAB000020080200200802002008000020080003E
:10BAC000020080000200800003018000018300006A
:10BAD00000FE0000007C00000000000000000000EC
:10BAE0000000000000000000000000000000000056
:10BAF0000000000000000000000000000000000046
:10BB00000000000000000000000000000000000035
:10BB10000000000000000000000000000000000025
:10BB2000000FF800007FFF0000F00380018001C0DB
:10BB3000010006400200042002000420020006204A
:10BB4000020003E0010000F80180005C00E0038CCB
:10BB5000003FFF0C000FFC18000000000000000078
:10BB600000000000000000000000000000000000D5
:10BB700000000000000000000000000000000000C5
:10BB800000000000000000000000000000000000B5
:10BB900000000000000000000000000000000000A5
:10BBA000020000200200002003FFFFE003FFFFE08F
:10BBB0000201002002010020020180000201E000D9
:10BBC0000201FC0003033F80018607E001FC00E066
:10BBD00000F800200000002000000000000000002D
:10BBE0000000000000000000000000000000000055
:10BBF0000000000000000000000000000000000045
:10BC00000000000000000000000000000000000034
:10BC10000000000000000000000000000000000024
:10BC2000000000000078060000FE01E0018600C070
:10BC30000303004002030020020180200201802053
:10BC40000201C0200200C0200100E060018070C03D
:10BC500003E03F8000001F00000000000000000023
:10BC600000000000000000000000000000000000D4
:10BC700000000000000000000000000000000000C4
:10BC800000000000000000000000000000000000B4
:10BC900000000000000000000000000000000000A4
:10BCA00000600000038000000300000002000000AC
:10BCB000020000200200002003FFFFE003FFFFE07E
:10BCC000020000200200002002000000020000002C
:10BCD0000380000000E00000000000000000000001
:10BCE0000000000000000000000000000000000054
:10BCF0000000000000000000000000000000000044
:10BD00000000000000000000000000000000000033
:10BD10000000000000000000000000000200000021
:10BD20000200000003FFFF0003FFFFC0020000400D
:10BD30000200006000000020000000200000002041
:10BD400000000020020000400200008003FFFF000E
:10BD500002000000020000000000000000000000DF
:10BD600000000000000000000000000000000000D3
:10BD700000000000000000000000000000000000C3
:10BD800000000000000000000000000000000000B3
:10BD900000000000000000000000000000000000A3
:10BDA000020000000200000003C0000003FC0000CD
:10BDB000023FC0000003F80000007F80000007E0A1
:10BDC00000000780000078000203C000023C000071
:10BDD00003C000000200000002000000000000009C
:10BDE0000000000000000000000000000000000053
:10BDF0000000000000000000000000000000000043
:10BE00000000000000000000000000000000000032
:10BE10000000000000000000000000000200000020
:10BE200003C0000003FF8000023FFE0002007FE02D
:10BE300000000F000200F00003EF000003FF80008D
:10BE4000020FFE0000003FE000001F000207E000BC
:10BE500003F80000030000000200000000000000E2
:10BE600000000000000000000000000000000000D2
:10BE700000000000000000000000000000000000C2
:10BE800000000000000000000000000000000000B2
:10BE900000000000000000000000000000000000A2
:10BEA0000200002002000020038000E003F00320D5
:10BEB00002FC0C20021F30000007C0000007F00049
:10BEC00002187C0002601F20038003E0020000E0F3
:10BED0000200002000000020000000000000000020
:10BEE0000000000000000000000000000000000052
:10BEF0000000000000000000000000000000000042
:10BF00000000000000000000000000000000000031
:10BF10000000000000000000000000000000000021
:10BF2000020000000300000003C0000003F800004E
:10BF3000023E0020020FC0200001FFE000007FE071
:10BF400000038020021C002002700000038000001B
:10BF500002000000020000000000000000000000DD
:10BF600000000000000000000000000000000000D1
:10BF700000000000000000000000000000000000C1
:10BF800000000000000000000000000000000000B1
:10BF900000000000000000000000000000000000A1
:10BFA00000000020006000E0038003E003000FA019
:10BFB00002003E200200F8200203E020020F802051
:10BFC000023E00200278002003E00060038000E0D1
:10BFD000020003000000000000000000000000005C
:10BFE0000000000000000000000000000000000051
:10BFF0000000000000000000000000000000000041
:10C000000000000000000000000000000000000030
:10C010000000000000000000000000000000000020
:10C020000000000000000000000000000000000010
:10C03000000000001FFFFFFC1000000410000004BF
:10C0400010000004100000041000000410000004A0
:10C0500010000004000000000000000000000000CC
:10C0600000000000000000000000000000000000D0
:10C0700000000000000000000000000000000000C0
:10C0800000000000000000000000000000000000B0
:10C0900000000000000000000000000000000000A0
:10C0A00000000000000000000700000003C00000C6
:10C0B00000780000001E00000003C0000000F00037
:10C0C00000001E0000000780000000F00000003C9F
:10C0D000000000060000000000000000000000005A
:10C0E0000000000000000000000000000000000050
:10C0F0000000000000000000000000000000000040
:10C10000000000000000000000000000000000002F
:10C11000000000000000000000000000000000001F
:10C1200000000000100000041000000410000004D3
:10C1300010000004100000041000000410000004AF
:10C140001FFFFFFC000000000000000000000000D6
:10C1500000000000000000000000000000000000DF
:10C1600000000000000000000000000000000000CF
:10C1700000000000000000000000000000000000BF
:10C1800000000000000000000000000000000000AF
:10C19000000000000000000000000000000000009F
:10C1A000000000000000000000000000020000008D
:10C1B000040000000800000018000000100000004B
:10C1C0001800000018000000040000000200000039
:10C1D000000000000000000000000000000000005F
:10C1E000000000000000000000000000000000004F
:10C1F000000000000000000000000000000000003F
:10C20000000000000000000000000000000000002E
:10C21000000000000000000000000000000000011D
:10C22000000000010000000100000001000000010A
:10C2300000000001000000010000000100000001FA
:10C2400000000001000000010000000100000001EA
:10C2500000000001000000010000000100000000DB
:10C2600000000000000000000000000000000000CE
:10C2700000000000000000000000000000000000BE
:10C2800000000000000000000000000000000000AE
:10C29000000000000000000000000000000000009E
:10C2A000000000000000000010000000100000006E
:10C2B000100000001800000008000000040000004A
:10C2C000000000000000000000000000000000006E
:10C2D000000000000000000000000000000000005E
:10C2E000000000000000000000000000000000004E
:10C2F000000000000000000000000000000000003E
:10C30000000000000000000000000000000000002D
:10C31000000000000000000000000000000000001D
:10C320000000038000018FC000038C60000618200D
:10C3300000041020000410200004202000042040ED
:10C34000000620400003FFC00001FFE000000020C5
:10C3500000000020000000C00000000000000000FD
:10C3600000000000000000000000000000000000CD
:10C3700000000000000000000000000000000000BD
:10C3800000000000000000000000000000000000AD
:10C39000000000000000000000000000000000009D
:10C3A000020000000200000003FFFFE007FFFFC0E3
:10C3B000000180C000020060000200200004002094
:10C3C000000400200004002000060040000300C01C
:10C3D0000001FF800000FE000000000000000000DF
:10C3E000000000000000000000000000000000004D
:10C3F000000000000000000000000000000000003D
:10C40000000000000000000000000000000000002C
:10C41000000000000000000000000000000000001C
:10C420000000000000007E000001FF80000381C0CA
:10C43000000200400006002000040020000400204C
:10C4400000040020000600200003C0400001C0805E
:10C4500000000300000000000000000000000000D9
:10C4600000000000000000000000000000000000CC
:10C4700000000000000000000000000000000000BC
:10C4800000000000000000000000000000000000AC
:10C49000000000000000000000000000000000009C
:10C4A0000000000000007E000001FF80000380C04B
:10C4B00000060060000400200004002000040020AA
:10C4C000020400400202008003FFFFE007FFFFC0FC
:10C4D00000000040000000400000000000000000DC
:10C4E000000000000000000000000000000000004C
:10C4F000000000000000000000000000000000003C
:10C50000000000000000000000000000000000002B
:10C51000000000000000000000000000000000001B
:10C520000000000000007E000001FF80000311C039
:10C5300000021040000410600004102000041020CD
:10C540000004102000061020000310400001F0C07D
:10C55000000071000000000000000000000000006A
:10C5600000000000000000000000000000000000CB
:10C5700000000000000000000000000000000000BB
:10C5800000000000000000000000000000000000AB
:10C59000000000000000000000000000000000009B
:10C5A000000000000004000000040020000400203F
:10C5B00000040020007FFFE001FFFFE001040020F5
:10C5C00003040020020400200204002002040000F2
:10C5D0000200000001C0000001C0000000000000D7
:10C5E000000000000000000000000000000000004B
:10C5F000000000000000000000000000000000003B
:10C60000000000000000000000000000000000002A
:10C61000000000000000000000000000000000001A
:10C62000000000000000001C0000E33E0003FFC209
:10C6300000020CC3000404C1000404C1000404C1CE
:10C64000000404C100060CC10003F8C30005F06239
:10C650000006007E0006003C000000000000000014
:10C6600000000000000000000000000000000000CA
:10C6700000000000000000000000000000000000BA
:10C6800000000000000000000000000000000000AA
:10C69000000000000000000000000000000000009A
:10C6A000020000200200002003FFFFE007FFFFE080
:10C6B000000100200002002000060000000400002D
:10C6C0000004000000040020000600200003FFE03A
:10C6D0000001FFE00000002000000020000000003A
:10C6E000000000000000000000000000000000004A
:10C6F000000000000000000000000000000000003A
:10C700000000000000000000000000000000000029
:10C710000000000000000000000000000000000019
:10C7200000000000000000000004002000040020C1
:10C7300000040020000400200387FFE0038FFFE0D7
:10C7400003800020000000200000002000000020E6
:10C7500000000000000000000000000000000000D9
:10C7600000000000000000000000000000000000C9
:10C7700000000000000000000000000000000000B9
:10C7800000000000000000000000000000000000A9
:10C790000000000000000000000000000000000099
:10C7A000000000000000000000000006000000077C
:10C7B000000000010000000100040001000400016D
:10C7C00000040003000400060387FFFC038FFFF84A
:10C7D00003800000000000000000000000000000D6
:10C7E0000000000000000000000000000000000049
:10C7F0000000000000000000000000000000000039
:10C800000000000000000000000000000000000028
:10C810000000000000000000000000000000000018
:10C82000020000200200002003FFFFE007FFFFE0FE
:10C830000000082000001020000030000000FC0074
:10C8400000058E00000707A0000601E0000400E0DC
:10C850000004002000000020000000000000000094
:10C8600000000000000000000000000000000000C8
:10C8700000000000000000000000000000000000B8
:10C8800000000000000000000000000000000000A8
:10C890000000000000000000000000000000000098
:10C8A0000000000000000000020000200200002044
:10C8B000020000200200002003FFFFE007FFFFE06E
:10C8C00000000020000000200000002000000020E8
:10C8D0000000000000000000000000000000000058
:10C8E0000000000000000000000000000000000048
:10C8F0000000000000000000000000000000000038
:10C900000000000000000000000000000000000027
:10C910000000000000000000000000000000000017
:10C92000000400200007FFE0000FFFE000020020ED
:10C9300000040000000400200007FFE00003FFE007
:10C940000002002000040000000400200007FFE0B7
:10C950000003FFE0000000200000000000000000D5
:10C9600000000000000000000000000000000000C7
:10C9700000000000000000000000000000000000B7
:10C9800000000000000000000000000000000000A7
:10C990000000000000000000000000000000000097
:10C9A00000040020000400200007FFE0000FFFE06B
:10C9B000000100200002002000020000000400002E
:10C9C0000004000000040020000600200003FFE037
:10C9D0000001FFE000000020000000200000000037
:10C9E0000000000000000000000000000000000047
:10C9F0000000000000000000000000000000000037
:10CA00000000000000000000000000000000000026
:10CA10000000000000000000000000000000000016
:10CA20000000000000007E000000FF80000381C0C5
:10CA30000002004000060020000400200004002046
:10CA4000000400200006002000020040000381C016
:10CA50000001FF8000007E000000000000000000D8
:10CA600000000000000000000000000000000000C6
:10CA700000000000000000000000000000000000B6
:10CA800000000000000000000000000000000000A6
:10CA90000000000000000000000000000000000096
:10CAA00000040001000400010007FFFF000FFFFF6A
:10CAB000000100C100020041000400200004002029
:10CAC000000400200004002000060040000301C014
:10CAD0000001FF8000007E00000000000000000058
:10CAE0000000000000000000000000000000000046
:10CAF0000000000000000000000000000000000036
:10CB00000000000000000000000000000000000025
:10CB10000000000000000000000000000000000015
:10CB20000000000000007E000001FF80000380C0C4
:10CB30000002006000040020000400200004002027
:10CB40000004002000020041000300C10003FFFFB9
:10CB50000007FFFF000000010000000100000000CE
:10CB600000000000000000000000000000000000C5
:10CB700000000000000000000000000000000000B5
:10CB800000000000000000000000000000000000A5
:10CB90000000000000000000000000000000000095
:10CBA00000040020000400200004002000040020F5
:10CBB000000FFFE0000FFFE00000C0200001002098
:10CBC0000002002000060020000400000004000015
:10CBD000000700000003000000000000000000004B
:10CBE0000000000000000000000000000000000045
:10CBF0000000000000000000000000000000000035
:10CC00000000000000000000000000000000000024
:10CC10000000000000000000000000000000000014
:10CC200000000000000003E00001C0E00003E0405D
:10CC300000063020000430200004182000041820D2
:10CC40000004182000040C2000020C60000307C040
:10CC500000078380000000000000000000000000CA
:10CC600000000000000000000000000000000000C4
:10CC700000000000000000000000000000000000B4
:10CC800000000000000000000000000000000000A4
:10CC90000000000000000000000000000000000094
:10CCA0000000000000040000000400000004000078
:10CCB000000C0000001FFF8000FFFFC000040060A8
:10CCC00000040020000400200004002000040040B4
:10CCD00000000180000000000000000000000000D3
:10CCE0000000000000000000000000000000000044
:10CCF0000000000000000000000000000000000034
:10CD00000000000000000000000000000000000023
:10CD10000000000000000000000000000000000013
:10CD200000040000000400000007FF80000FFFC0A7
:10CD30000000006000000020000000200000002033
:10CD40000000002000040040000400800007FFE015
:10CD5000000FFFC000000040000000400000000085
:10CD600000000000000000000000000000000000C3
:10CD700000000000000000000000000000000000B3
:10CD800000000000000000000000000000000000A3
:10CD90000000000000000000000000000000000093
:10CDA0000004000000040000000780000007F000FD
:10CDB0000004FE0000041FC0000003E00000038028
:10CDC00000001C0000046000000780000006000056
:10CDD000000400000000000000000000000000004F
:10CDE0000000000000000000000000000000000043
:10CDF0000000000000000000000000000000000033
:10CE00000000000000000000000000000000000022
:10CE1000000000000000000000000000000400000E
:10CE2000000600000007C0000007FC0000043F806F
:10CE3000000003E000040F800006F0000007F0008F
:10CE40000007FF8000040FE00000038000043C00A6
:10CE50000007C00000060000000400000000000001
:10CE600000000000000000000000000000000000C2
:10CE700000000000000000000000000000000000B2
:10CE800000000000000000000000000000000000A2
:10CE90000000000000000000000000000000000092
:10CEA000000000200004002000040060000700E0F3
:10CEB000000783200007E6000004F80000003C00A3
:10CEC00000045E20000587A0000601E00004006069
:10CED000000400200000002000000000000000000E
:10CEE0000000000000000000000000000000000042
:10CEF0000000000000000000000000000000000032
:10CF00000000000000000000000000000000000021
:10CF10000000000000000000000000000000000011
:10CF20000004000000040003000700030007E00104
:10CF30000004F80100041F02000007FC000000E0EC
:10CF400000000700000438000007C00000060000D1
:10CF500000040000000400000000000000000000C9
:10CF600000000000000000000000000000000000C1
:10CF700000000000000000000000000000000000B1
:10CF800000000000000000000000000000000000A1
:10CF90000000000000000000000000000000000091
:10CFA0000000000000078060000600E0000403E0CD
:10CFB000000407A000040E2000043C2000047020A0
:10CFC0000005E0200007802000070060000400E06A
:10CFD00000000380000000000000000000000000CE
:10CFE0000000000000000000000000000000000041
:10CFF0000000000000000000000000000000000031
:10D000000000000000000000000000000000000020
:10D010000000000000000000000000000000000010
:10D020000000000000000000000000000000000000
:10D0300000000000000000000000800000008000F0
:10D040000001400007FE3FF8080000041000000245
:10D0500010000002000000000000000000000000BE
:10D0600000000000000000000000000000000000C0
:10D0700000000000000000000000000000000000B0
:10D0800000000000000000000000000000000000A0
:10D090000000000000000000000000000000000090
:10D0A0000000000000000000000000000000000080
:10D0B000000000000000000000000000FFFFFFFF74
:10D0C0000000000000000000000000000000000060
:10D0D0000000000000000000000000000000000050
:10D0E0000000000000000000000000000000000040
:10D0F0000000000000000000000000000000000030
:10D10000000000000000000000000000000000001F
:10D11000000000000000000000000000000000000F
:10D1200000000000100000021000000208000004CF
:10D1300007FE3FF800014000000080000000800072
:10D1400000000000000000000000000000000000DF
:10D1500000000000000000000000000000000000CF
:10D1600000000000000000000000000000000000BF
:10D1700000000000000000000000000000000000AF
:10D18000000000000000000000000000000000009F
:10D19000000000000000000000000000000000008F
:10D1A00018000000300000004000000040000000B7
:10D1B00040000000200000003000000008000000D7
:10D1C0000400000002000000020000000200000055
:10D1D0000C0000001800000000000000000000002B
:10D1E000000000000000000000000000000000003F
:10D1F000000000000000000000000000000000002F
:10D20000000000000000000000000000000000001E
:10D21000000000000000000000000000001D0000F1
:10D22000800F0000E0030000C0070000E0030000E2
:10D2300040000000400000004000000040000000EE
:10D24000400000000040070000E0030000F800007C
:10D2500000F0010000F80000303132333435363749
:10D26000383941424344454640305800303132332A
:10D27000343536373839616263646566403078002A
:040000050800029954
:00000001FF
